Data,Cota
2005-01-01,483
2005-01-01,483
2005-01-01,480
2005-01-01,486
2005-01-02,494
2005-01-02,494
2005-01-02,490
2005-01-02,498
2005-01-03,508
2005-01-03,508
2005-01-03,506
2005-01-03,510
2005-01-04,515.5
2005-01-04,516
2005-01-04,514
2005-01-04,517
2005-01-05,516
2005-01-05,516
2005-01-05,520
2005-01-05,512
2005-01-06,500.5
2005-01-06,500
2005-01-06,502
2005-01-06,499
2005-01-07,494
2005-01-07,494
2005-01-07,496
2005-01-07,492
2005-01-08,500
2005-01-08,500
2005-01-08,498
2005-01-08,502
2005-01-09,508
2005-01-09,508
2005-01-09,506
2005-01-09,510
2005-01-10,513
2005-01-10,513
2005-01-10,518
2005-01-10,508
2005-01-11,503
2005-01-11,503
2005-01-11,504
2005-01-11,502
2005-01-12,493
2005-01-12,493
2005-01-12,496
2005-01-12,490
2005-01-13,500
2005-01-13,500
2005-01-13,490
2005-01-13,510
2005-01-14,531
2005-01-14,531
2005-01-14,524
2005-01-14,538
2005-01-15,548
2005-01-15,548
2005-01-15,546
2005-01-15,550
2005-01-16,555
2005-01-16,555
2005-01-16,554
2005-01-16,556
2005-01-17,557.5
2005-01-17,558
2005-01-17,557
2005-01-17,558
2005-01-18,576
2005-01-18,576
2005-01-18,570
2005-01-18,582
2005-01-19,599
2005-01-19,599
2005-01-19,590
2005-01-19,608
2005-01-20,626
2005-01-20,626
2005-01-20,622
2005-01-20,630
2005-01-21,636
2005-01-21,636
2005-01-21,636
2005-01-21,636
2005-01-22,639.5
2005-01-22,640
2005-01-22,639
2005-01-22,640
2005-01-23,644
2005-01-23,644
2005-01-23,643
2005-01-23,645
2005-01-24,646
2005-01-24,646
2005-01-24,646
2005-01-24,646
2005-01-25,656
2005-01-25,656
2005-01-25,652
2005-01-25,660
2005-01-26,670.5
2005-01-26,670
2005-01-26,668
2005-01-26,673
2005-01-27,681
2005-01-27,681
2005-01-27,678
2005-01-27,684
2005-01-28,692.5
2005-01-28,692
2005-01-28,690
2005-01-28,695
2005-01-29,716
2005-01-29,716
2005-01-29,712
2005-01-29,720
2005-01-30,727
2005-01-30,727
2005-01-30,726
2005-01-30,728
2005-01-31,735.5
2005-01-31,736
2005-01-31,735
2005-01-31,736
2005-02-01,738
2005-02-01,738
2005-02-01,736
2005-02-01,740
2005-02-02,744
2005-02-02,743.5
2005-02-02,742
2005-02-02,745
2005-02-03,750
2005-02-03,750
2005-02-03,746
2005-02-03,754
2005-02-04,770
2005-02-04,770
2005-02-04,764
2005-02-04,776
2005-02-05,791
2005-02-05,791
2005-02-05,787
2005-02-05,795
2005-02-06,815
2005-02-06,815
2005-02-06,810
2005-02-06,820
2005-02-07,838
2005-02-07,837.5
2005-02-07,835
2005-02-07,840
2005-02-08,858
2005-02-08,858
2005-02-08,850
2005-02-08,866
2005-02-09,866
2005-02-09,866
2005-02-09,866
2005-02-09,866
2005-02-10,867
2005-02-10,867
2005-02-10,866
2005-02-10,868
2005-02-11,858
2005-02-11,858
2005-02-11,866
2005-02-11,850
2005-02-12,856
2005-02-12,855.5
2005-02-12,856
2005-02-12,855
2005-02-13,847
2005-02-13,847
2005-02-13,849
2005-02-13,845
2005-02-14,841
2005-02-14,841.5
2005-02-14,843
2005-02-14,849
2005-02-15,840
2005-02-15,840
2005-02-15,840
2005-02-15,840
2005-02-16,862
2005-02-16,861.5
2005-02-16,858
2005-02-16,865
2005-02-17,880
2005-02-17,880.5
2005-02-17,876
2005-02-17,885
2005-02-18,902
2005-02-18,902
2005-02-18,897
2005-02-18,907
2005-02-19,931
2005-02-19,931
2005-02-19,924
2005-02-19,938
2005-02-20,954
2005-02-20,953.5
2005-02-20,950
2005-02-20,957
2005-02-21,985
2005-02-21,984.5
2005-02-21,977
2005-02-21,992
2005-02-22,1020
2005-02-22,1020
2005-02-22,1016
2005-02-22,1024
2005-02-23,1034
2005-02-23,1034
2005-02-23,1034
2005-02-23,1034
2005-02-24,1028
2005-02-24,1028
2005-02-24,1030
2005-02-24,1026
2005-02-25,1018
2005-02-25,1017.5
2005-02-25,1020
2005-02-25,1015
2005-02-26,1006
2005-02-26,1006.5
2005-02-26,1010
2005-02-26,1003
2005-02-27,996
2005-02-27,996.5
2005-02-27,1003
2005-02-27,990
2005-02-28,982
2005-02-28,982
2005-02-28,984
2005-02-28,980
2005-03-01,968
2005-03-01,967.5
2005-03-01,968
2005-03-01,967
2005-03-02,959
2005-03-02,959
2005-03-02,960
2005-03-02,958
2005-03-03,972
2005-03-03,972
2005-03-03,968
2005-03-03,976
2005-03-04,983
2005-03-04,983
2005-03-04,980
2005-03-04,986
2005-03-05,993
2005-03-05,992.5
2005-03-05,990
2005-03-05,995
2005-03-06,986
2005-03-06,985.5
2005-03-06,986
2005-03-06,985
2005-03-07,973
2005-03-07,973
2005-03-07,976
2005-03-07,970
2005-03-08,972
2005-03-08,971.5
2005-03-08,970
2005-03-08,973
2005-03-09,976
2005-03-09,975.5
2005-03-09,975
2005-03-09,976
2005-03-10,1012
2005-03-10,1011.5
2005-03-10,998
2005-03-10,1025
2005-03-11,1050
2005-03-11,1050
2005-03-11,1040
2005-03-11,1060
2005-03-12,1092
2005-03-12,1092.5
2005-03-12,1084
2005-03-12,1101
2005-03-13,1124
2005-03-13,1123.5
2005-03-13,1120
2005-03-13,1127
2005-03-14,1136
2005-03-14,1135.5
2005-03-14,1134
2005-03-14,1137
2005-03-15,1148
2005-03-15,1148.5
2005-03-15,1142
2005-03-15,1155
2005-03-16,1171
2005-03-16,1171
2005-03-16,1164
2005-03-16,1178
2005-03-17,1194
2005-03-17,1194
2005-03-17,1190
2005-03-17,1198
2005-03-18,1212
2005-03-18,1212
2005-03-18,1206
2005-03-18,1219
2005-03-19,1220
2005-03-19,1220
2005-03-19,1220
2005-03-19,1220
2005-03-20,1223
2005-03-20,1223
2005-03-20,1222
2005-03-20,1224
2005-03-21,1230
2005-03-21,1230
2005-03-21,1229
2005-03-21,1231
2005-03-22,1232
2005-03-22,1232
2005-03-22,1232
2005-03-22,1232
2005-03-23,1231
2005-03-23,1231
2005-03-23,1231
2005-03-23,1231
2005-03-24,1229
2005-03-24,1229
2005-03-24,1230
2005-03-24,1228
2005-03-25,1226
2005-03-25,1226
2005-03-25,1227
2005-03-25,1225
2005-03-26,1221
2005-03-26,1221
2005-03-26,1222
2005-03-26,1220
2005-03-27,1214
2005-03-27,1214.5
2005-03-27,1217
2005-03-27,1212
2005-03-28,1208
2005-03-28,1207.5
2005-03-28,1206
2005-03-28,1205
2005-03-29,1206
2005-03-29,1205.5
2005-03-29,1209
2005-03-29,1205
2005-03-30,1210
2005-03-30,1210.5
2005-03-30,1209
2005-03-30,1212
2005-03-31,1218
2005-03-31,1218.5
2005-03-31,1217
2005-03-31,1220
2005-04-01,1224
2005-04-01,1224
2005-04-01,1225
2005-04-01,1223
2005-04-02,1222
2005-04-02,1222.5
2005-04-02,1223
2005-04-02,1222
2005-04-03,1220
2005-04-03,1220
2005-04-03,1222
2005-04-03,1218
2005-04-04,1214
2005-04-04,1214.5
2005-04-04,1217
2005-04-04,1212
2005-04-05,1203
2005-04-05,1203
2005-04-05,1204
2005-04-05,1202
2005-04-06,1197
2005-04-06,1197
2005-04-06,1198
2005-04-06,1196
2005-04-07,1174
2005-04-07,1174.5
2005-04-07,1177
2005-04-07,1172
2005-04-08,1168
2005-04-08,1167.5
2005-04-08,1170
2005-04-08,1165
2005-04-09,1145
2005-04-09,1145
2005-04-09,1162
2005-04-09,1128
2005-04-10,1124
2005-04-10,1123.5
2005-04-10,1126
2005-04-10,1121
2005-04-11,1112
2005-04-11,1112
2005-04-11,1120
2005-04-11,1104
2005-04-12,1087
2005-04-12,1087
2005-04-12,1090
2005-04-12,1084
2005-04-13,1068
2005-04-13,1068
2005-04-13,1070
2005-04-13,1066
2005-04-14,1052
2005-04-14,1052
2005-04-14,1056
2005-04-14,1048
2005-04-15,1032
2005-04-15,1032.5
2005-04-15,1040
2005-04-15,1025
2005-04-16,1009
2005-04-16,1009
2005-04-16,1020
2005-04-16,998
2005-04-17,971
2005-04-17,971
2005-04-17,980
2005-04-17,962
2005-04-18,953
2005-04-18,953
2005-04-18,965
2005-04-18,950
2005-04-19,942
2005-04-19,942
2005-04-19,942
2005-04-19,942
2005-04-20,938
2005-04-20,938
2005-04-20,940
2005-04-20,936
2005-04-21,935
2005-04-21,935
2005-04-21,935
2005-04-21,935
2005-04-22,934
2005-04-22,934
2005-04-22,934
2005-04-22,934
2005-04-23,932
2005-04-23,932.5
2005-04-23,933
2005-04-23,932
2005-04-24,928
2005-04-24,928
2005-04-24,930
2005-04-24,926
2005-04-25,922
2005-04-25,922
2005-04-25,924
2005-04-25,920
2005-04-26,893
2005-04-26,893
2005-04-26,896
2005-04-26,890
2005-04-27,886
2005-04-27,886
2005-04-27,888
2005-04-27,884
2005-04-28,879
2005-04-28,879
2005-04-28,878
2005-04-28,880
2005-04-29,925
2005-04-29,925
2005-04-29,920
2005-04-29,930
2005-04-30,940
2005-04-30,940
2005-04-30,936
2005-04-30,944
2005-05-01,952.5
2005-05-01,952
2005-05-01,950
2005-05-01,955
2005-05-02,971
2005-05-02,971
2005-05-02,960
2005-05-02,982
2005-05-03,987
2005-05-03,987
2005-05-03,982
2005-05-03,992
2005-05-04,1008.5
2005-05-04,1009
2005-05-04,1007
2005-05-04,1010
2005-05-05,1014
2005-05-05,1014
2005-05-05,1012
2005-05-05,1016
2005-05-06,1011
2005-05-06,1011
2005-05-06,1012
2005-05-06,1010
2005-05-07,1007
2005-05-07,1007
2005-05-07,1007
2005-05-07,1007
2005-05-08,996.5
2005-05-08,996
2005-05-08,998
2005-05-08,995
2005-05-09,992
2005-05-09,992
2005-05-09,992
2005-05-09,992
2005-05-10,981
2005-05-10,981
2005-05-10,986
2005-05-10,976
2005-05-11,964
2005-05-11,964
2005-05-11,966
2005-05-11,962
2005-05-12,953
2005-05-12,953
2005-05-12,956
2005-05-12,950
2005-05-13,941
2005-05-13,941
2005-05-13,945
2005-05-13,937
2005-05-14,909.5
2005-05-14,910
2005-05-14,920
2005-05-14,899
2005-05-15,878.5
2005-05-15,878
2005-05-15,885
2005-05-15,872
2005-05-16,854.5
2005-05-16,854
2005-05-16,860
2005-05-16,849
2005-05-17,832
2005-05-17,832
2005-05-17,840
2005-05-17,824
2005-05-18,805
2005-05-18,805
2005-05-18,814
2005-05-18,796
2005-05-19,775.5
2005-05-19,776
2005-05-19,779
2005-05-19,772
2005-05-20,765
2005-05-20,765
2005-05-20,766
2005-05-20,764
2005-05-21,756.5
2005-05-21,756
2005-05-21,762
2005-05-21,751
2005-05-22,744
2005-05-22,744
2005-05-22,746
2005-05-22,742
2005-05-23,737.5
2005-05-23,738
2005-05-23,740
2005-05-23,735
2005-05-24,726
2005-05-24,726
2005-05-24,730
2005-05-24,722
2005-05-25,720
2005-05-25,720
2005-05-25,720
2005-05-25,720
2005-05-26,714
2005-05-26,714
2005-05-26,716
2005-05-26,712
2005-05-27,701
2005-05-27,701
2005-05-27,710
2005-05-27,692
2005-05-28,688
2005-05-28,688
2005-05-28,690
2005-05-28,686
2005-05-29,678
2005-05-29,678
2005-05-29,680
2005-05-29,676
2005-05-30,671
2005-05-30,671
2005-05-30,672
2005-05-30,670
2005-05-31,668
2005-05-31,668
2005-05-31,668
2005-05-31,668
2005-06-01,661
2005-06-01,661
2005-06-01,662
2005-06-01,660
2005-06-02,656
2005-06-02,656
2005-06-02,656
2005-06-02,656
2005-06-03,654
2005-06-03,654
2005-06-03,656
2005-06-03,650
2005-06-04,650
2005-06-04,650
2005-06-04,650
2005-06-04,648
2005-06-05,646
2005-06-05,646
2005-06-05,644
2005-06-05,645
2005-06-06,643.5
2005-06-06,644
2005-06-06,642
2005-06-06,639
2005-06-07,636.5
2005-06-07,636
2005-06-07,634
2005-06-07,630
2005-06-08,630
2005-06-08,630
2005-06-08,630
2005-06-08,632
2005-06-09,632
2005-06-09,632
2005-06-09,632
2005-06-09,632
2005-06-10,629.5
2005-06-10,630
2005-06-10,630
2005-06-10,629
2005-06-11,626
2005-06-11,626
2005-06-11,627
2005-06-11,625
2005-06-12,624
2005-06-12,624
2005-06-12,625
2005-06-12,623
2005-06-13,621.5
2005-06-13,622
2005-06-13,623
2005-06-13,620
2005-06-14,619
2005-06-14,619
2005-06-14,619
2005-06-14,619
2005-06-15,616
2005-06-15,616
2005-06-15,617
2005-06-15,615
2005-06-16,608
2005-06-16,615
2005-06-17,600
2005-06-18,592
2005-06-19,584
2005-06-20,576
2005-06-21,568
2005-06-22,560
2005-06-23,552
2005-06-24,544
2005-06-25,536
2005-06-26,528
2005-06-27,520
2005-06-28,512
2005-06-29,504
2005-06-30,496
2005-07-01,488
2005-07-02,480
2005-07-02,484
2005-07-03,581
2005-07-03,481
2005-07-03,482
2005-07-03,480
2005-07-04,580
2005-07-04,480
2005-07-04,480
2005-07-04,480
2005-07-05,579
2005-07-05,479
2005-07-05,480
2005-07-05,478
2005-07-06,575
2005-07-06,475
2005-07-06,476
2005-07-06,474
2005-07-07,572
2005-07-07,472
2005-07-07,474
2005-07-07,470
2005-07-08,571
2005-07-08,471
2005-07-08,471
2005-07-08,471
2005-07-09,568
2005-07-09,468
2005-07-09,468
2005-07-09,468
2005-07-10,564
2005-07-10,464
2005-07-10,466
2005-07-10,462
2005-07-11,560
2005-07-11,460
2005-07-11,460
2005-07-11,460
2005-07-12,558
2005-07-12,458
2005-07-12,460
2005-07-12,456
2005-07-13,553
2005-07-13,453
2005-07-13,454
2005-07-13,454
2005-07-14,552
2005-07-14,452
2005-07-14,454
2005-07-14,454
2005-07-15,547
2005-07-15,447
2005-07-15,448
2005-07-15,446
2005-07-16,545
2005-07-16,445
2005-07-16,446
2005-07-16,444
2005-07-17,540
2005-07-17,440
2005-07-17,440
2005-07-17,440
2005-07-18,536.5
2005-07-18,436
2005-07-18,438
2005-07-18,438
2005-07-19,530
2005-07-19,430
2005-07-19,432
2005-07-19,428
2005-07-20,526.5
2005-07-20,426
2005-07-20,428
2005-07-20,425
2005-07-21,520
2005-07-21,420
2005-07-21,420
2005-07-21,420
2005-07-22,517
2005-07-22,417
2005-07-22,418
2005-07-22,416
2005-07-23,511
2005-07-23,411
2005-07-23,412
2005-07-23,410
2005-07-24,510
2005-07-24,410
2005-07-24,410
2005-07-24,410
2005-07-25,509
2005-07-25,409
2005-07-25,410
2005-07-25,408
2005-07-26,507.5
2005-07-26,408
2005-07-26,408
2005-07-26,407
2005-07-27,505
2005-07-27,405
2005-07-27,405
2005-07-27,405
2005-07-28,504
2005-07-28,404
2005-07-28,405
2005-07-28,403
2005-07-29,502
2005-07-29,402
2005-07-29,402
2005-07-29,402
2005-07-30,502
2005-07-30,402
2005-07-30,402
2005-07-30,402
2005-07-31,503
2005-07-31,403
2005-07-31,403
2005-07-31,403
2005-08-01,399
2005-08-01,506
2005-08-01,405
2005-08-01,407
2005-08-02,394
2005-08-02,508.5
2005-08-02,407
2005-08-02,410
2005-08-03,390
2005-08-03,513
2005-08-03,411
2005-08-03,415
2005-08-04,386
2005-08-04,517
2005-08-04,416
2005-08-04,418
2005-08-05,381
2005-08-05,520
2005-08-05,419
2005-08-05,421
2005-08-06,377
2005-08-06,522
2005-08-06,421
2005-08-06,423
2005-08-07,373
2005-08-07,525.5
2005-08-07,425
2005-08-07,426
2005-08-08,369
2005-08-08,528
2005-08-08,428
2005-08-08,428
2005-08-09,364
2005-08-09,528.5
2005-08-09,428
2005-08-09,429
2005-08-10,360
2005-08-10,530
2005-08-10,430
2005-08-10,430
2005-08-11,356
2005-08-11,527.5
2005-08-11,429
2005-08-11,426
2005-08-12,351
2005-08-12,524
2005-08-12,425
2005-08-12,423
2005-08-13,347
2005-08-13,519
2005-08-13,420
2005-08-13,418
2005-08-14,343
2005-08-14,515
2005-08-14,416
2005-08-14,414
2005-08-15,338
2005-08-15,511
2005-08-15,412
2005-08-15,410
2005-08-16,334
2005-08-16,507.5
2005-08-16,408
2005-08-16,407
2005-08-17,330
2005-08-17,506
2005-08-17,407
2005-08-17,405
2005-08-18,326
2005-08-18,502.5
2005-08-18,403
2005-08-18,402
2005-08-19,321
2005-08-19,502
2005-08-19,402
2005-08-19,402
2005-08-20,317
2005-08-20,503.5
2005-08-20,403
2005-08-20,404
2005-08-21,313
2005-08-21,505.5
2005-08-21,405
2005-08-21,406
2005-08-22,308
2005-08-22,504
2005-08-22,405
2005-08-22,403
2005-08-23,304
2005-08-23,502
2005-08-23,402
2005-08-23,402
2005-08-24,300
2005-08-24,502.5
2005-08-24,402
2005-08-24,403
2005-08-25,295
2005-08-25,503.5
2005-08-25,403
2005-08-25,404
2005-08-26,291
2005-08-26,502.5
2005-08-26,403
2005-08-26,402
2005-08-27,287
2005-08-27,402
2005-08-28,283
2005-08-29,278
2005-08-30,274
2005-08-31,270
2005-09-01,265
2005-09-02,261
2005-09-03,257
2005-09-04,252
2005-09-05,248
2005-09-06,244
2005-09-07,240
2005-09-08,235
2005-09-09,231
2005-09-10,227
2005-09-11,226
2005-09-12,220
2005-09-13,218
2005-09-14,217
2005-09-15,213
2005-09-16,210
2005-09-17,205
2005-09-18,204
2005-09-19,203
2005-09-20,202
2005-09-21,198
2005-09-22,195
2005-09-23,195
2005-09-24,197
2005-09-25,198
2005-09-26,201
2005-09-27,204
2005-09-28,207
2005-09-29,212
2005-09-30,212
2005-10-01,212
2005-10-02,216
2005-10-03,219
2005-10-04,219
2005-10-05,219
2005-10-06,218
2005-10-07,218
2005-10-08,212
2005-10-09,210
2005-10-10,207
2005-10-11,206
2005-10-12,205
2005-10-13,211
2005-10-14,209
2005-10-15,207
2005-10-16,207
2005-10-17,212
2005-10-18,218
2005-10-19,221
2005-10-20,221
2005-10-21,220
2005-10-22,220
2005-10-23,215
2005-10-24,217
2005-10-25,221
2005-10-26,224
2005-10-27,226
2005-10-28,219
2005-10-29,213
2005-10-30,214
2005-10-31,216
2005-11-01,215
2005-11-02,219
2005-11-03,223
2005-11-04,227
2005-11-04,230
2005-11-05,232
2005-11-05,231.5
2005-11-05,232
2005-11-05,231
2005-11-06,234
2005-11-06,234
2005-11-06,234
2005-11-06,234
2005-11-07,240
2005-11-07,239.5
2005-11-07,238
2005-11-07,241
2005-11-08,248
2005-11-08,248
2005-11-08,246
2005-11-08,250
2005-11-09,274
2005-11-09,273.5
2005-11-09,272
2005-11-09,275
2005-11-10,276
2005-11-10,276.5
2005-11-10,277
2005-11-10,276
2005-11-11,275
2005-11-11,275
2005-11-11,276
2005-11-11,274
2005-11-12,262
2005-11-12,262
2005-11-12,260
2005-11-12,264
2005-11-13,251
2005-11-13,251
2005-11-13,252
2005-11-13,250
2005-11-14,246
2005-11-14,246
2005-11-14,250
2005-11-14,242
2005-11-15,245
2005-11-15,245
2005-11-15,244
2005-11-15,246
2005-11-16,241
2005-11-16,241
2005-11-16,240
2005-11-16,242
2005-11-17,247
2005-11-17,247
2005-11-17,244
2005-11-17,250
2005-11-18,260
2005-11-18,260
2005-11-18,258
2005-11-18,262
2005-11-19,283
2005-11-19,283
2005-11-19,280
2005-11-19,286
2005-11-20,294
2005-11-20,294
2005-11-20,292
2005-11-20,296
2005-11-21,311
2005-11-21,311
2005-11-21,310
2005-11-21,312
2005-11-22,318
2005-11-22,318.5
2005-11-22,317
2005-11-22,320
2005-11-23,327
2005-11-23,327
2005-11-23,326
2005-11-23,328
2005-11-24,330
2005-11-24,330
2005-11-24,330
2005-11-24,330
2005-11-25,337
2005-11-25,337
2005-11-25,335
2005-11-25,339
2005-11-26,341
2005-11-26,341
2005-11-26,340
2005-11-26,342
2005-11-27,344
2005-11-27,344.5
2005-11-27,342
2005-11-27,347
2005-11-28,356
2005-11-28,356.5
2005-11-28,353
2005-11-28,360
2005-11-29,362
2005-11-29,362
2005-11-29,362
2005-11-29,362
2005-11-30,368
2005-11-30,367.5
2005-11-30,366
2005-11-30,369
2005-12-01,372
2005-12-01,372.5
2005-12-01,370
2005-12-01,375
2005-12-02,380
2005-12-02,379.5
2005-12-02,378
2005-12-02,381
2005-12-03,389
2005-12-03,389
2005-12-03,388
2005-12-03,390
2005-12-04,400
2005-12-04,400.5
2005-12-04,396
2005-12-04,405
2005-12-05,416
2005-12-05,415.5
2005-12-05,413
2005-12-05,418
2005-12-06,430
2005-12-06,430
2005-12-06,428
2005-12-06,432
2005-12-07,439
2005-12-07,439
2005-12-07,436
2005-12-07,442
2005-12-08,443
2005-12-08,443.5
2005-12-08,440
2005-12-08,447
2005-12-09,454
2005-12-09,454
2005-12-09,450
2005-12-09,458
2005-12-10,473
2005-12-10,473
2005-12-10,469
2005-12-10,477
2005-12-11,488
2005-12-11,488
2005-12-11,482
2005-12-11,494
2005-12-12,512
2005-12-12,511.5
2005-12-12,507
2005-12-12,516
2005-12-13,532
2005-12-13,531.5
2005-12-13,528
2005-12-13,535
2005-12-14,539
2005-12-14,539
2005-12-14,538
2005-12-14,540
2005-12-15,546
2005-12-15,545.5
2005-12-15,543
2005-12-15,548
2005-12-16,562
2005-12-16,562
2005-12-16,556
2005-12-16,568
2005-12-17,584
2005-12-17,584.5
2005-12-17,580
2005-12-17,589
2005-12-18,600
2005-12-18,600.5
2005-12-18,597
2005-12-18,604
2005-12-19,610
2005-12-19,609.5
2005-12-19,608
2005-12-19,611
2005-12-20,616
2005-12-20,616
2005-12-20,612
2005-12-20,620
2005-12-21,629
2005-12-21,629
2005-12-21,628
2005-12-21,630
2005-12-22,632
2005-12-22,632
2005-12-22,632
2005-12-22,632
2005-12-23,638
2005-12-23,638.5
2005-12-23,636
2005-12-23,641
2005-12-24,647
2005-12-24,647
2005-12-24,644
2005-12-24,650
2005-12-25,657
2005-12-25,657
2005-12-25,655
2005-12-25,659
2005-12-26,662
2005-12-26,661.5
2005-12-26,660
2005-12-26,663
2005-12-27,669
2005-12-27,669
2005-12-27,666
2005-12-27,672
2005-12-28,676
2005-12-28,676.5
2005-12-28,675
2005-12-28,678
2005-12-29,683
2005-12-29,683
2005-12-29,682
2005-12-29,684
2005-12-30,690
2005-12-30,690.5
2005-12-30,689
2005-12-30,692
2005-12-31,695
2005-12-31,695
2005-12-31,694
2005-12-31,696
2006-01-01,698
2006-01-01,698
2006-01-01,698
2006-01-01,698
2006-01-02,712
2006-01-02,712
2006-01-02,710
2006-01-02,714
2006-01-03,716
2006-01-03,715.5
2006-01-03,711
2006-01-03,720
2006-01-04,725
2006-01-04,725
2006-01-04,724
2006-01-04,726
2006-01-05,729
2006-01-05,729
2006-01-05,728
2006-01-05,730
2006-01-06,736
2006-01-06,736
2006-01-06,735
2006-01-06,737
2006-01-07,743
2006-01-07,743
2006-01-07,740
2006-01-07,746
2006-01-08,754
2006-01-08,753.5
2006-01-08,752
2006-01-08,755
2006-01-09,762
2006-01-09,762
2006-01-09,760
2006-01-09,764
2006-01-10,772
2006-01-10,772
2006-01-10,768
2006-01-10,776
2006-01-11,783
2006-01-11,783
2006-01-11,780
2006-01-11,786
2006-01-12,788
2006-01-12,788
2006-01-12,788
2006-01-12,788
2006-01-13,791
2006-01-13,791
2006-01-13,790
2006-01-13,792
2006-01-14,786
2006-01-14,786
2006-01-14,792
2006-01-14,780
2006-01-15,781
2006-01-15,781
2006-01-15,784
2006-01-15,778
2006-01-16,772
2006-01-16,772
2006-01-16,774
2006-01-16,770
2006-01-17,758
2006-01-17,758
2006-01-17,760
2006-01-17,756
2006-01-18,752
2006-01-18,752
2006-01-18,754
2006-01-18,750
2006-01-19,746
2006-01-19,746
2006-01-19,746
2006-01-19,746
2006-01-20,741
2006-01-20,741
2006-01-20,742
2006-01-20,740
2006-01-21,738
2006-01-21,737.5
2006-01-21,738
2006-01-21,737
2006-01-22,732
2006-01-22,732
2006-01-22,732
2006-01-22,732
2006-01-23,728
2006-01-23,728
2006-01-23,730
2006-01-23,726
2006-01-24,721
2006-01-24,721
2006-01-24,722
2006-01-24,720
2006-01-25,718
2006-01-25,718
2006-01-25,718
2006-01-25,718
2006-01-26,720
2006-01-26,720
2006-01-26,718
2006-01-26,722
2006-01-27,728
2006-01-27,727.5
2006-01-27,725
2006-01-27,730
2006-01-28,735
2006-01-28,735
2006-01-28,732
2006-01-28,738
2006-01-29,745
2006-01-29,745
2006-01-29,743
2006-01-29,747
2006-01-30,750
2006-01-30,749.5
2006-01-30,749
2006-01-30,750
2006-01-31,751
2006-02-01,753
2006-02-01,753
2006-02-01,752
2006-02-01,754
2006-02-02,756
2006-02-02,756.5
2006-02-02,756
2006-02-02,757
2006-02-03,760
2006-02-03,759.5
2006-02-03,759
2006-02-03,760
2006-02-04,763
2006-02-04,763
2006-02-04,762
2006-02-04,764
2006-02-05,764
2006-02-05,764.5
2006-02-05,764
2006-02-05,765
2006-02-06,766
2006-02-06,766
2006-02-06,766
2006-02-06,766
2006-02-07,769
2006-02-07,769
2006-02-07,768
2006-02-07,770
2006-02-08,775
2006-02-08,775
2006-02-08,774
2006-02-08,776
2006-02-09,780
2006-02-09,780.5
2006-02-09,779
2006-02-09,782
2006-02-10,790
2006-02-10,790.5
2006-02-10,789
2006-02-10,792
2006-02-11,796
2006-02-11,796
2006-02-11,795
2006-02-11,797
2006-02-12,801
2006-02-12,800.5
2006-02-12,799
2006-02-12,802
2006-02-13,804
2006-02-13,804
2006-02-13,804
2006-02-13,804
2006-02-14,816
2006-02-14,816
2006-02-14,810
2006-02-14,822
2006-02-15,828
2006-02-15,828
2006-02-15,826
2006-02-15,830
2006-02-16,834
2006-02-16,834
2006-02-16,832
2006-02-16,836
2006-02-17,852
2006-02-17,851.5
2006-02-17,849
2006-02-17,854
2006-02-18,859
2006-02-18,859
2006-02-18,858
2006-02-18,860
2006-02-19,866
2006-02-19,866
2006-02-19,864
2006-02-19,868
2006-02-20,872
2006-02-20,872
2006-02-20,869
2006-02-20,875
2006-02-21,877
2006-02-21,877
2006-02-21,880
2006-02-21,874
2006-02-22,865
2006-02-22,865.5
2006-02-22,868
2006-02-22,863
2006-02-23,853
2006-02-23,853
2006-02-23,856
2006-02-23,850
2006-02-24,843
2006-02-24,843
2006-02-24,846
2006-02-24,840
2006-02-25,837
2006-02-25,837
2006-02-25,838
2006-02-25,836
2006-02-26,829
2006-02-26,829
2006-02-26,830
2006-02-26,828
2006-02-27,815
2006-02-27,815
2006-02-27,820
2006-02-27,810
2006-02-28,805
2006-02-28,805
2006-02-28,802
2006-02-28,808
2006-03-01,811
2006-03-01,811
2006-03-01,810
2006-03-01,812
2006-03-02,816
2006-03-02,816
2006-03-02,814
2006-03-02,818
2006-03-03,832
2006-03-03,832.5
2006-03-03,830
2006-03-03,835
2006-03-04,845
2006-03-04,845
2006-03-04,842
2006-03-04,848
2006-03-05,846
2006-03-05,846
2006-03-05,850
2006-03-05,842
2006-03-06,840
2006-03-06,839.5
2006-03-06,837
2006-03-06,842
2006-03-07,848
2006-03-07,848.5
2006-03-07,847
2006-03-07,850
2006-03-08,852
2006-03-08,852
2006-03-08,852
2006-03-08,852
2006-03-09,858
2006-03-09,858
2006-03-09,856
2006-03-09,860
2006-03-10,852
2006-03-10,851.5
2006-03-10,855
2006-03-10,848
2006-03-11,843
2006-03-11,843
2006-03-11,844
2006-03-11,842
2006-03-12,840
2006-03-12,839.5
2006-03-12,840
2006-03-12,839
2006-03-13,833
2006-03-13,833
2006-03-13,836
2006-03-13,830
2006-03-14,838
2006-03-14,837.5
2006-03-14,835
2006-03-14,840
2006-03-15,852
2006-03-15,852.5
2006-03-15,847
2006-03-15,858
2006-03-16,868
2006-03-16,867.5
2006-03-16,863
2006-03-16,872
2006-03-17,880
2006-03-17,880
2006-03-17,876
2006-03-17,884
2006-03-18,888
2006-03-18,888
2006-03-18,886
2006-03-18,890
2006-03-19,911
2006-03-19,911
2006-03-19,910
2006-03-19,912
2006-03-20,940
2006-03-20,940
2006-03-20,930
2006-03-20,950
2006-03-21,977
2006-03-21,977
2006-03-21,970
2006-03-21,984
2006-03-22,991
2006-03-22,991
2006-03-22,990
2006-03-22,992
2006-03-23,999
2006-03-23,999
2006-03-23,995
2006-03-23,1003
2006-03-24,1013
2006-03-24,1013
2006-03-24,1012
2006-03-24,1014
2006-03-25,995
2006-03-25,995
2006-03-25,995
2006-03-25,995
2006-03-26,980
2006-03-26,980.5
2006-03-26,986
2006-03-26,975
2006-03-27,982
2006-03-27,981.5
2006-03-27,980
2006-03-27,983
2006-03-28,974
2006-03-28,974.5
2006-03-28,977
2006-03-28,972
2006-03-29,960
2006-03-29,959.5
2006-03-29,960
2006-03-29,959
2006-03-30,968
2006-03-30,967.5
2006-03-30,965
2006-03-30,970
2006-03-31,986
2006-03-31,986
2006-03-31,980
2006-03-31,992
2006-04-01,1024
2006-04-01,1023.5
2006-04-01,1014
2006-04-01,1033
2006-04-02,1046
2006-04-02,1046
2006-04-02,1042
2006-04-02,1050
2006-04-03,1066
2006-04-03,1065.5
2006-04-03,1060
2006-04-03,1071
2006-04-04,1096
2006-04-04,1096
2006-04-04,1090
2006-04-04,1102
2006-04-05,1126
2006-04-05,1126
2006-04-05,1122
2006-04-05,1130
2006-04-06,1145
2006-04-06,1145
2006-04-06,1140
2006-04-06,1150
2006-04-07,1164
2006-04-07,1164
2006-04-07,1160
2006-04-07,1168
2006-04-08,1186
2006-04-08,1186
2006-04-08,1177
2006-04-08,1195
2006-04-09,1212
2006-04-09,1211.5
2006-04-09,1208
2006-04-09,1215
2006-04-10,1228
2006-04-10,1227.5
2006-04-10,1226
2006-04-10,1229
2006-04-11,1232
2006-04-11,1232
2006-04-11,1231
2006-04-11,1233
2006-04-12,1228
2006-04-12,1227.5
2006-04-12,1229
2006-04-12,1226
2006-04-13,1218
2006-04-13,1218.5
2006-04-13,1221
2006-04-13,1216
2006-04-14,1212
2006-04-14,1212
2006-04-14,1214
2006-04-14,1210
2006-04-15,1200
2006-04-15,1204
2006-04-16,1187
2006-04-16,1187
2006-04-16,1190
2006-04-16,1184
2006-04-17,1178
2006-04-17,1177.5
2006-04-17,1179
2006-04-17,1176
2006-04-18,1178
2006-04-18,1178
2006-04-18,1176
2006-04-18,1180
2006-04-19,1192
2006-04-19,1191.5
2006-04-19,1189
2006-04-19,1194
2006-04-20,1203
2006-04-20,1203
2006-04-20,1200
2006-04-20,1206
2006-04-21,1212
2006-04-21,1212.5
2006-04-21,1210
2006-04-21,1215
2006-04-22,1223
2006-04-22,1223
2006-04-22,1221
2006-04-22,1225
2006-04-23,1228
2006-04-23,1228.5
2006-04-23,1228
2006-04-23,1229
2006-04-24,1230
2006-04-24,1230
2006-04-24,1230
2006-04-24,1230
2006-04-25,1233
2006-04-25,1233
2006-04-25,1232
2006-04-25,1234
2006-04-26,1235
2006-04-26,1235
2006-04-26,1234
2006-04-26,1236
2006-04-27,1236
2006-04-27,1236
2006-04-27,1236
2006-04-27,1236
2006-04-28,1232
2006-04-28,1231.5
2006-04-28,1233
2006-04-28,1230
2006-04-29,1228
2006-04-29,1227.5
2006-04-29,1228
2006-04-29,1227
2006-04-30,1216
2006-04-30,1215.5
2006-04-30,1218
2006-04-30,1213
2006-05-01,1200
2006-05-01,1200
2006-05-01,1204
2006-05-01,1196
2006-05-02,1183
2006-05-02,1183
2006-05-02,1186
2006-05-02,1180
2006-05-03,1164
2006-05-03,1163.5
2006-05-03,1169
2006-05-03,1158
2006-05-04,1150
2006-05-04,1150
2006-05-04,1153
2006-05-04,1147
2006-05-05,1141
2006-05-05,1141
2006-05-05,1142
2006-05-05,1140
2006-05-06,1130
2006-05-06,1130.5
2006-05-06,1134
2006-05-06,1127
2006-05-07,1115
2006-05-07,1115
2006-05-07,1117
2006-05-07,1113
2006-05-08,1112
2006-05-08,1111.5
2006-05-08,1112
2006-05-08,1111
2006-05-09,1111
2006-05-09,1111
2006-05-09,1111
2006-05-09,1111
2006-05-10,1104
2006-05-10,1103.5
2006-05-10,1106
2006-05-10,1101
2006-05-11,1096
2006-05-11,1096
2006-05-11,1099
2006-05-11,1093
2006-05-12,1102
2006-05-12,1102
2006-05-12,1098
2006-05-12,1106
2006-05-13,1110
2006-05-13,1110.5
2006-05-13,1109
2006-05-13,1112
2006-05-14,1115
2006-05-14,1115
2006-05-14,1112
2006-05-14,1118
2006-05-15,1126
2006-05-15,1126
2006-05-15,1123
2006-05-15,1129
2006-05-16,1122
2006-05-16,1122
2006-05-16,1125
2006-05-16,1119
2006-05-17,1106
2006-05-17,1105.5
2006-05-17,1109
2006-05-17,1102
2006-05-18,1092
2006-05-18,1091.5
2006-05-18,1096
2006-05-18,1087
2006-05-19,1080
2006-05-19,1080
2006-05-19,1082
2006-05-19,1078
2006-05-20,1072
2006-05-20,1071.5
2006-05-20,1073
2006-05-20,1070
2006-05-21,1057
2006-05-21,1057
2006-05-21,1062
2006-05-21,1052
2006-05-22,1048
2006-05-22,1048
2006-05-22,1050
2006-05-22,1046
2006-05-23,1038
2006-05-23,1037.5
2006-05-23,1041
2006-05-23,1034
2006-05-24,1020
2006-05-24,1020.5
2006-05-24,1025
2006-05-24,1016
2006-05-25,1001
2006-05-25,1000.5
2006-05-25,1005
2006-05-25,996
2006-05-26,978
2006-05-26,978
2006-05-26,984
2006-05-26,972
2006-05-27,958
2006-05-27,958
2006-05-27,963
2006-05-27,953
2006-05-28,946
2006-05-28,946.5
2006-05-28,948
2006-05-28,945
2006-05-29,930
2006-05-29,930
2006-05-29,934
2006-05-29,926
2006-05-30,909
2006-05-30,909
2006-05-30,914
2006-05-30,904
2006-05-31,891
2006-05-31,891
2006-05-31,894
2006-05-31,888
2006-06-01,875
2006-06-01,875
2006-06-01,878
2006-06-01,872
2006-06-02,860
2006-06-02,860.5
2006-06-02,864
2006-06-02,857
2006-06-03,848
2006-06-03,847.5
2006-06-03,852
2006-06-03,843
2006-06-04,828
2006-06-04,828.5
2006-06-04,832
2006-06-04,825
2006-06-05,811
2006-06-05,811
2006-06-05,816
2006-06-05,806
2006-06-06,794
2006-06-06,793.5
2006-06-06,796
2006-06-06,791
2006-06-07,780
2006-06-07,780.5
2006-06-07,784
2006-06-07,777
2006-06-08,764
2006-06-08,764
2006-06-08,767
2006-06-08,761
2006-06-09,746
2006-06-09,746
2006-06-09,750
2006-06-09,742
2006-06-10,730
2006-06-10,730
2006-06-10,735
2006-06-10,725
2006-06-11,706
2006-06-11,705.5
2006-06-11,712
2006-06-11,699
2006-06-12,676
2006-06-12,675.5
2006-06-12,680
2006-06-12,671
2006-06-13,657
2006-06-13,657
2006-06-13,660
2006-06-13,654
2006-06-14,634
2006-06-14,634
2006-06-14,643
2006-06-14,625
2006-06-15,610
2006-06-15,610
2006-06-15,616
2006-06-15,604
2006-06-16,588
2006-06-16,588
2006-06-16,596
2006-06-16,580
2006-06-17,573
2006-06-17,573
2006-06-17,576
2006-06-17,570
2006-06-18,578
2006-06-18,578.5
2006-06-18,570
2006-06-18,587
2006-06-19,582
2006-06-19,582
2006-06-19,584
2006-06-19,580
2006-06-20,573
2006-06-20,573
2006-06-20,576
2006-06-20,570
2006-06-21,571
2006-06-21,571
2006-06-21,572
2006-06-21,570
2006-06-22,566
2006-06-22,565.5
2006-06-22,567
2006-06-22,564
2006-06-23,559
2006-06-23,559
2006-06-23,560
2006-06-23,558
2006-06-24,552
2006-06-24,552.5
2006-06-24,554
2006-06-24,551
2006-06-25,549
2006-06-25,549
2006-06-25,550
2006-06-25,548
2006-06-26,541
2006-06-26,541
2006-06-26,543
2006-06-26,539
2006-06-27,534
2006-06-27,534
2006-06-27,536
2006-06-27,532
2006-06-28,528
2006-06-28,528
2006-06-28,530
2006-06-28,526
2006-06-29,524
2006-06-29,524
2006-06-29,524
2006-06-29,524
2006-06-30,522
2006-06-30,522
2006-06-30,524
2006-06-30,520
2006-07-01,517
2006-07-01,517
2006-07-01,520
2006-07-01,514
2006-07-02,503
2006-07-02,502.5
2006-07-02,507
2006-07-02,498
2006-07-03,493
2006-07-03,493.5
2006-07-03,496
2006-07-03,491
2006-07-04,486
2006-07-04,486.5
2006-07-04,488
2006-07-04,485
2006-07-05,481
2006-07-05,481
2006-07-05,482
2006-07-05,480
2006-07-06,478
2006-07-06,478
2006-07-06,478
2006-07-06,478
2006-07-07,472
2006-07-07,472
2006-07-07,474
2006-07-07,470
2006-07-08,466
2006-07-08,465.5
2006-07-08,467
2006-07-08,464
2006-07-09,461
2006-07-09,461
2006-07-09,462
2006-07-09,460
2006-07-10,451
2006-07-10,451.5
2006-07-10,453
2006-07-10,450
2006-07-11,444
2006-07-11,444
2006-07-11,446
2006-07-11,442
2006-07-12,438
2006-07-12,438.5
2006-07-12,440
2006-07-12,437
2006-07-13,432
2006-07-13,432
2006-07-13,434
2006-07-13,430
2006-07-14,428
2006-07-14,428
2006-07-14,430
2006-07-14,426
2006-07-15,420
2006-07-15,420
2006-07-15,422
2006-07-15,418
2006-07-16,417
2006-07-16,417
2006-07-16,418
2006-07-16,416
2006-07-17,414
2006-07-17,414
2006-07-17,416
2006-07-17,412
2006-07-18,408
2006-07-18,408
2006-07-18,410
2006-07-18,406
2006-07-19,398
2006-07-19,397.5
2006-07-19,399
2006-07-19,396
2006-07-20,390
2006-07-20,390
2006-07-20,392
2006-07-20,388
2006-07-21,385
2006-07-21,385
2006-07-21,386
2006-07-21,384
2006-07-22,380
2006-07-22,380.5
2006-07-22,381
2006-07-22,380
2006-07-23,374
2006-07-23,374.5
2006-07-23,377
2006-07-23,372
2006-07-24,368
2006-07-24,368
2006-07-24,370
2006-07-24,366
2006-07-25,362
2006-07-25,362.5
2006-07-25,365
2006-07-25,360
2006-07-26,360
2006-07-26,360
2006-07-26,360
2006-07-26,360
2006-07-27,359
2006-07-27,359
2006-07-27,360
2006-07-27,358
2006-07-28,356
2006-07-28,356
2006-07-28,357
2006-07-28,355
2006-07-29,351
2006-07-29,351
2006-07-29,352
2006-07-29,350
2006-07-30,346
2006-07-30,346.5
2006-07-30,347
2006-07-30,346
2006-07-31,346
2006-07-31,345.5
2006-07-31,346
2006-07-31,345
2006-08-01,342
2006-08-01,341.5
2006-08-01,343
2006-08-01,340
2006-08-02,339
2006-08-02,339
2006-08-02,340
2006-08-02,338
2006-08-03,335
2006-08-03,335
2006-08-03,336
2006-08-03,334
2006-08-04,332
2006-08-04,332
2006-08-04,332
2006-08-04,332
2006-08-05,328
2006-08-05,328
2006-08-05,329
2006-08-05,327
2006-08-06,324
2006-08-06,323.5
2006-08-06,325
2006-08-06,322
2006-08-07,319
2006-08-07,319
2006-08-07,320
2006-08-07,318
2006-08-08,316
2006-08-08,316.5
2006-08-08,318
2006-08-08,315
2006-08-09,310
2006-08-09,310.5
2006-08-09,312
2006-08-09,309
2006-08-10,306
2006-08-10,306
2006-08-10,306
2006-08-10,306
2006-08-11,302
2006-08-11,301.5
2006-08-11,304
2006-08-11,299
2006-08-12,298
2006-08-12,298
2006-08-12,299
2006-08-12,297
2006-08-13,291
2006-08-13,291
2006-08-13,292
2006-08-13,290
2006-08-14,289
2006-08-14,289
2006-08-14,290
2006-08-14,288
2006-08-15,287
2006-08-15,287
2006-08-15,288
2006-08-15,286
2006-08-16,285
2006-08-16,285
2006-08-16,286
2006-08-16,284
2006-08-17,282
2006-08-17,282.5
2006-08-17,283
2006-08-17,282
2006-08-18,282
2006-08-18,282
2006-08-18,282
2006-08-18,282
2006-08-19,280
2006-08-19,280.5
2006-08-19,281
2006-08-19,280
2006-08-20,276
2006-08-20,276.5
2006-08-20,278
2006-08-20,275
2006-08-21,270
2006-08-21,270
2006-08-21,270
2006-08-21,270
2006-08-22,268
2006-08-22,268
2006-08-22,269
2006-08-22,267
2006-08-23,265
2006-08-23,265
2006-08-23,267
2006-08-23,263
2006-08-24,260
2006-08-24,260
2006-08-24,260
2006-08-24,260
2006-08-25,266
2006-08-25,266.5
2006-08-25,264
2006-08-25,269
2006-08-26,274
2006-08-26,274.5
2006-08-26,272
2006-08-26,277
2006-08-27,282
2006-08-27,281.5
2006-08-27,280
2006-08-27,283
2006-08-28,286
2006-08-28,286
2006-08-28,284
2006-08-28,288
2006-08-29,292
2006-08-29,292.5
2006-08-29,291
2006-08-29,294
2006-08-30,297
2006-08-30,297
2006-08-30,296
2006-08-30,298
2006-08-31,297
2006-09-01,296
2006-09-01,296
2006-09-01,298
2006-09-01,294
2006-09-02,283
2006-09-02,283
2006-09-02,286
2006-09-02,280
2006-09-03,274
2006-09-03,274.5
2006-09-03,277
2006-09-03,272
2006-09-04,266
2006-09-04,266.5
2006-09-04,268
2006-09-04,265
2006-09-05,258
2006-09-05,258
2006-09-05,260
2006-09-05,256
2006-09-06,252
2006-09-06,251.5
2006-09-06,253
2006-09-06,250
2006-09-07,246
2006-09-07,246
2006-09-07,248
2006-09-07,244
2006-09-08,242
2006-09-08,242.5
2006-09-08,243
2006-09-08,242
2006-09-09,241
2006-09-09,241
2006-09-09,242
2006-09-09,240
2006-09-10,248
2006-09-10,248
2006-09-10,246
2006-09-10,250
2006-09-11,258
2006-09-11,258.5
2006-09-11,257
2006-09-11,260
2006-09-12,263
2006-09-12,263
2006-09-12,262
2006-09-12,264
2006-09-13,267
2006-09-13,267
2006-09-13,266
2006-09-13,268
2006-09-14,268
2006-09-14,268
2006-09-14,268
2006-09-14,268
2006-09-15,268
2006-09-15,268.5
2006-09-15,268
2006-09-15,269
2006-09-16,269
2006-09-16,269
2006-09-16,269
2006-09-16,269
2006-09-17,272
2006-09-17,271.5
2006-09-17,271
2006-09-17,272
2006-09-18,275
2006-09-18,275
2006-09-18,274
2006-09-18,276
2006-09-19,278
2006-09-19,278
2006-09-19,278
2006-09-19,278
2006-09-20,279
2006-09-20,279
2006-09-20,278
2006-09-20,280
2006-09-21,283
2006-09-21,283
2006-09-21,282
2006-09-21,284
2006-09-22,278
2006-09-22,278.5
2006-09-22,280
2006-09-22,277
2006-09-23,270
2006-09-23,270.5
2006-09-23,273
2006-09-23,268
2006-09-24,265
2006-09-24,265
2006-09-24,265
2006-09-24,265
2006-09-25,272
2006-09-25,271.5
2006-09-25,269
2006-09-25,274
2006-09-26,278
2006-09-26,277.5
2006-09-26,277
2006-09-26,278
2006-09-27,280
2006-09-27,279.5
2006-09-27,279
2006-09-27,280
2006-09-28,282
2006-09-28,282
2006-09-28,282
2006-09-28,282
2006-09-29,286
2006-09-29,286.5
2006-09-29,285
2006-09-29,288
2006-09-30,282
2006-09-30,282
2006-09-30,284
2006-09-30,280
2006-10-01,272
2006-10-01,272
2006-10-01,274
2006-10-01,270
2006-10-02,268
2006-10-02,267.5
2006-10-02,268
2006-10-02,267
2006-10-03,266
2006-10-03,266
2006-10-03,266
2006-10-03,266
2006-10-04,262
2006-10-04,262
2006-10-04,264
2006-10-04,260
2006-10-05,256
2006-10-05,256
2006-10-05,257
2006-10-05,255
2006-10-06,251
2006-10-06,251
2006-10-06,252
2006-10-06,250
2006-10-07,256
2006-10-07,256
2006-10-07,254
2006-10-07,258
2006-10-08,261
2006-10-08,261
2006-10-08,260
2006-10-08,262
2006-10-09,265
2006-10-09,265
2006-10-09,264
2006-10-09,266
2006-10-10,265
2006-10-10,265
2006-10-10,266
2006-10-10,264
2006-10-11,262
2006-10-11,261.5
2006-10-11,263
2006-10-11,260
2006-10-12,258
2006-10-12,258
2006-10-12,258
2006-10-12,258
2006-10-13,264
2006-10-13,264.5
2006-10-13,262
2006-10-13,267
2006-10-14,271
2006-10-14,271
2006-10-14,270
2006-10-14,272
2006-10-15,275
2006-10-15,275
2006-10-15,274
2006-10-15,276
2006-10-16,268
2006-10-16,268
2006-10-16,277
2006-10-16,259
2006-10-17,257
2006-10-17,257
2006-10-17,260
2006-10-17,254
2006-10-18,248
2006-10-18,248
2006-10-18,250
2006-10-18,246
2006-10-19,258
2006-10-19,258
2006-10-19,254
2006-10-19,262
2006-10-20,277
2006-10-20,277
2006-10-20,274
2006-10-20,280
2006-10-21,290
2006-10-21,290.5
2006-10-21,287
2006-10-21,294
2006-10-22,316
2006-10-22,315.5
2006-10-22,310
2006-10-22,321
2006-10-23,338
2006-10-23,337.5
2006-10-23,333
2006-10-23,342
2006-10-24,354
2006-10-24,354
2006-10-24,352
2006-10-24,356
2006-10-25,361
2006-10-25,361
2006-10-25,360
2006-10-25,362
2006-10-26,367
2006-10-26,367
2006-10-26,366
2006-10-26,368
2006-10-27,366
2006-10-27,366
2006-10-27,368
2006-10-27,364
2006-10-28,358
2006-10-28,358
2006-10-28,360
2006-10-28,356
2006-10-29,365
2006-10-29,365
2006-10-29,364
2006-10-29,366
2006-10-30,368
2006-10-30,368
2006-10-30,367
2006-10-30,369
2006-10-31,370
2006-10-31,370
2006-10-31,370
2006-10-31,370
2006-11-01,373
2006-11-01,373
2006-11-01,372
2006-11-01,374
2006-11-02,376
2006-11-02,376
2006-11-02,375
2006-11-02,377
2006-11-03,379
2006-11-03,379
2006-11-03,378
2006-11-03,380
2006-11-04,383
2006-11-04,383
2006-11-04,382
2006-11-04,384
2006-11-05,387
2006-11-05,387
2006-11-05,386
2006-11-05,388
2006-11-06,391
2006-11-06,391
2006-11-06,390
2006-11-06,392
2006-11-07,395.5
2006-11-07,396
2006-11-07,394
2006-11-07,397
2006-11-08,400
2006-11-08,400
2006-11-08,398
2006-11-08,402
2006-11-09,402.5
2006-11-09,403
2006-11-09,402
2006-11-09,403
2006-11-10,407
2006-11-10,407
2006-11-10,407
2006-11-10,407
2006-11-11,416
2006-11-11,416
2006-11-11,412
2006-11-11,420
2006-11-12,430.5
2006-11-12,430
2006-11-12,428
2006-11-12,433
2006-11-13,440
2006-11-13,440
2006-11-13,439
2006-11-13,441
2006-11-14,446
2006-11-14,446
2006-11-14,445
2006-11-14,447
2006-11-15,450.5
2006-11-15,450
2006-11-15,449
2006-11-15,452
2006-11-16,457
2006-11-16,457
2006-11-16,455
2006-11-16,459
2006-11-17,466
2006-11-17,466
2006-11-17,462
2006-11-17,470
2006-11-18,477
2006-11-18,477
2006-11-18,474
2006-11-18,480
2006-11-19,486
2006-11-19,486
2006-11-19,486
2006-11-19,486
2006-11-20,480
2006-11-20,480
2006-11-20,482
2006-11-20,478
2006-11-21,465
2006-11-21,465
2006-11-21,468
2006-11-21,462
2006-11-22,454.5
2006-11-22,454
2006-11-22,457
2006-11-22,452
2006-11-23,443
2006-11-23,443
2006-11-23,444
2006-11-23,442
2006-11-24,439
2006-11-24,439
2006-11-24,440
2006-11-24,438
2006-11-25,436
2006-11-25,436
2006-11-25,436
2006-11-25,436
2006-11-26,433
2006-11-26,433
2006-11-26,434
2006-11-26,432
2006-11-27,430.5
2006-11-27,430
2006-11-27,431
2006-11-27,430
2006-11-28,431
2006-11-28,431
2006-11-28,430
2006-11-28,432
2006-11-29,436.5
2006-11-29,436
2006-11-29,435
2006-11-29,438
2006-11-30,441
2006-11-30,441
2006-11-30,438
2006-11-30,444
2006-12-01,445
2006-12-01,445
2006-12-01,448
2006-12-01,442
2006-12-02,440
2006-12-02,440
2006-12-02,440
2006-12-02,440
2006-12-03,438
2006-12-03,437.5
2006-12-03,438
2006-12-03,437
2006-12-04,434
2006-12-04,434
2006-12-04,436
2006-12-04,432
2006-12-05,436
2006-12-05,436.5
2006-12-05,435
2006-12-05,438
2006-12-06,443
2006-12-06,443.5
2006-12-06,441
2006-12-06,446
2006-12-07,449
2006-12-07,449
2006-12-07,448
2006-12-07,450
2006-12-08,451
2006-12-08,451.5
2006-12-08,450
2006-12-08,453
2006-12-09,456
2006-12-09,456
2006-12-09,455
2006-12-09,457
2006-12-10,460
2006-12-10,459.5
2006-12-10,459
2006-12-10,460
2006-12-11,463
2006-12-11,463
2006-12-11,462
2006-12-11,464
2006-12-12,465
2006-12-12,465
2006-12-12,465
2006-12-12,465
2006-12-13,467
2006-12-13,467
2006-12-13,465
2006-12-13,469
2006-12-14,471
2006-12-14,471
2006-12-14,470
2006-12-14,472
2006-12-15,474
2006-12-15,474.5
2006-12-15,474
2006-12-15,475
2006-12-16,478
2006-12-16,478
2006-12-16,477
2006-12-16,479
2006-12-17,482
2006-12-17,482.5
2006-12-17,481
2006-12-17,484
2006-12-18,494
2006-12-18,494
2006-12-18,490
2006-12-18,498
2006-12-19,520
2006-12-19,519.5
2006-12-19,512
2006-12-19,527
2006-12-20,536
2006-12-20,536.5
2006-12-20,533
2006-12-20,540
2006-12-21,527
2006-12-21,527
2006-12-21,530
2006-12-21,524
2006-12-22,518
2006-12-22,518
2006-12-22,520
2006-12-22,516
2006-12-23,514
2006-12-23,514
2006-12-23,514
2006-12-23,514
2006-12-24,508
2006-12-24,508
2006-12-24,510
2006-12-24,506
2006-12-25,512
2006-12-25,511.5
2006-12-25,510
2006-12-25,513
2006-12-26,520
2006-12-26,519.5
2006-12-26,518
2006-12-26,521
2006-12-27,527
2006-12-27,527
2006-12-27,525
2006-12-27,529
2006-12-28,534
2006-12-28,534
2006-12-28,534
2006-12-28,534
2006-12-29,538
2006-12-29,538
2006-12-29,537
2006-12-29,539
2006-12-30,542
2006-12-30,541.5
2006-12-30,539
2006-12-30,544
2006-12-31,556
2006-12-31,556
2006-12-31,552
2006-12-31,560
2007-01-01,554
2007-01-02,559
2007-01-03,562
2007-01-04,561
2007-01-05,559
2007-01-06,563
2007-01-07,574
2007-01-08,578
2007-01-09,568
2007-01-10,562
2007-01-11,569
2007-01-12,579
2007-01-13,584
2007-01-14,612
2007-01-15,651
2007-01-16,674
2007-01-17,676
2007-01-18,670
2007-01-19,665
2007-01-20,660
2007-01-21,656
2007-01-22,645
2007-01-23,638
2007-01-24,631
2007-01-25,619
2007-01-26,602
2007-01-27,593
2007-01-28,587
2007-01-29,585
2007-01-30,585
2007-01-31,589
2007-02-01,596
2007-02-02,612
2007-02-03,652
2007-02-04,691
2007-02-05,747
2007-02-06,788
2007-02-07,810
2007-02-08,819
2007-02-09,856
2007-02-10,864
2007-02-11,884
2007-02-12,928
2007-02-13,947
2007-02-14,940
2007-02-15,927
2007-02-16,929
2007-02-17,957
2007-02-18,1009
2007-02-19,1032
2007-02-20,1042
2007-02-21,1063
2007-02-22,1111
2007-02-23,1169
2007-02-24,1215
2007-02-25,1239
2007-02-26,1245
2007-02-27,1231
2007-02-28,1204
2007-03-01,1171
2007-03-02,1144
2007-03-03,1135
2007-03-04,1139
2007-03-05,1124
2007-03-06,1103
2007-03-07,1080
2007-03-08,1060
2007-03-09,1047
2007-03-10,1033
2007-03-11,1026
2007-03-12,1019
2007-03-13,1010
2007-03-14,999
2007-03-15,1001
2007-03-16,1022
2007-03-17,1028
2007-03-18,1030
2007-03-19,1033
2007-03-20,1039
2007-03-21,1045
2007-03-22,1052
2007-03-23,1057
2007-03-24,1065
2007-03-25,1067
2007-03-26,1067
2007-03-27,1064
2007-03-28,1052
2007-03-29,1037
2007-03-30,1019
2007-03-31,1003
2007-04-01,998
2007-04-02,993
2007-04-03,985
2007-04-04,973
2007-04-05,963
2007-04-06,958
2007-04-07,954
2007-04-08,945
2007-04-09,935
2007-04-10,925
2007-04-11,919
2007-04-12,916
2007-04-13,919
2007-04-14,928
2007-04-15,936
2007-04-16,953
2007-04-17,967
2007-04-18,979
2007-04-19,988
2007-04-20,981
2007-04-21,963
2007-04-22,949
2007-04-23,938
2007-04-24,925
2007-04-25,907
2007-04-26,884
2007-04-27,862
2007-04-28,842
2007-04-29,834
2007-04-30,833
2007-05-01,829
2007-05-02,817
2007-05-03,805
2007-05-04,792
2007-05-05,788
2007-05-06,787
2007-05-07,781
2007-05-08,764
2007-05-09,742
2007-05-10,721
2007-05-11,698
2007-05-12,683
2007-05-13,668
2007-05-14,650
2007-05-15,632
2007-05-16,620
2007-05-17,607
2007-05-18,585
2007-05-19,563
2007-05-20,548
2007-05-21,544
2007-05-22,537
2007-05-23,525
2007-05-24,507
2007-05-25,488
2007-05-26,472
2007-05-27,466
2007-05-28,458
2007-05-29,450
2007-05-30,446
2007-05-31,448
2007-06-01,449
2007-06-02,448
2007-06-03,439
2007-06-04,436
2007-06-05,433
2007-06-06,428
2007-06-07,420
2007-06-08,413
2007-06-09,408
2007-06-10,404
2007-06-11,402
2007-06-12,404
2007-06-13,405
2007-06-14,401
2007-06-15,391
2007-06-16,379
2007-06-17,367
2007-06-18,352
2007-06-19,344
2007-06-20,338
2007-06-21,334
2007-06-22,330
2007-06-23,326
2007-06-24,326
2007-06-25,325
2007-06-26,325
2007-06-27,324
2007-06-28,320
2007-06-29,317
2007-06-30,317
2007-07-01,313
2007-07-02,307
2007-07-03,304
2007-07-04,313
2007-07-05,313
2007-07-06,310
2007-07-07,307
2007-07-08,309
2007-07-09,311
2007-07-10,314
2007-07-11,312
2007-07-12,311
2007-07-13,308
2007-07-14,305
2007-07-15,306
2007-07-16,310
2007-07-17,311
2007-07-18,309
2007-07-19,300
2007-07-20,295
2007-07-21,296
2007-07-22,298
2007-07-23,292
2007-07-24,288
2007-07-25,289
2007-07-26,290
2007-07-27,285
2007-07-28,282
2007-07-29,286
2007-07-30,283
2007-07-31,282
2007-08-01,276
2007-08-02,273
2007-08-03,266
2007-08-04,260
2007-08-05,270
2007-08-06,274
2007-08-07,272
2007-08-08,267
2007-08-09,262
2007-08-10,256
2007-08-11,258
2007-08-12,257
2007-08-13,254
2007-08-14,252
2007-08-15,255
2007-08-16,251
2007-08-17,245
2007-08-18,244
2007-08-19,248
2007-08-20,245
2007-08-21,239
2007-08-22,238
2007-08-23,239
2007-08-24,239
2007-08-25,243
2007-08-26,242
2007-08-27,237
2007-08-28,234
2007-08-29,233
2007-08-30,232
2007-08-31,227
2007-09-01,222
2007-09-02,225
2007-09-03,232
2007-09-04,233
2007-09-05,235
2007-09-06,236
2007-09-07,232
2007-09-08,233
2007-09-09,236
2007-09-10,235
2007-09-11,232
2007-09-12,223
2007-09-13,218
2007-09-14,219
2007-09-15,223
2007-09-16,230
2007-09-17,241
2007-09-18,253
2007-09-19,262
2007-09-20,259
2007-09-21,247
2007-09-22,231
2007-09-23,224
2007-09-24,220
2007-09-25,217
2007-09-26,220
2007-09-27,223
2007-09-28,215
2007-09-29,209
2007-09-30,214
2007-10-01,224
2007-10-02,226
2007-10-03,229
2007-10-04,225
2007-10-05,215
2007-10-06,211
2007-10-07,214
2007-10-08,215
2007-10-09,215
2007-10-10,211
2007-10-11,207
2007-10-12,203
2007-10-13,208
2007-10-14,220
2007-10-15,227
2007-10-16,235
2007-10-17,233
2007-10-18,229
2007-10-19,227
2007-10-20,228
2007-10-21,258
2007-10-22,276
2007-10-23,268
2007-10-24,266
2007-10-25,282
2007-10-26,298
2007-10-27,299
2007-10-28,305
2007-10-29,315
2007-10-30,310
2007-10-31,298
2007-11-01,297
2007-11-02,284
2007-11-03,281
2007-11-04,284
2007-11-05,282
2007-11-06,274
2007-11-07,264
2007-11-08,258
2007-11-09,253
2007-11-10,261
2007-11-11,275
2007-11-12,273
2007-11-13,269
2007-11-14,277
2007-11-15,290
2007-11-16,286
2007-11-17,289
2007-11-18,291
2007-11-19,289
2007-11-20,283
2007-11-21,277
2007-11-22,274
2007-11-23,273
2007-11-24,274
2007-11-25,288
2007-11-26,300
2007-11-27,315
2007-11-28,325
2007-11-29,336
2007-11-30,346
2007-12-01,359
2007-12-02,374
2007-12-03,381
2007-12-04,393
2007-12-05,406
2007-12-06,407
2007-12-07,400
2007-12-08,410
2007-12-08,384
2007-12-09,381
2007-12-09,414
2007-12-09,380
2007-12-09,382
2007-12-10,385
2007-12-10,419
2007-12-10,384
2007-12-10,386
2007-12-11,389
2007-12-11,424
2007-12-11,388
2007-12-11,390
2007-12-12,392
2007-12-12,424
2007-12-12,392
2007-12-12,392
2007-12-13,393
2007-12-13,403
2007-12-13,393
2007-12-13,393
2007-12-14,380
2007-12-14,376
2007-12-14,380
2007-12-14,380
2007-12-15,367.5
2007-12-15,368
2007-12-15,371
2007-12-15,364
2007-12-16,359
2007-12-16,359
2007-12-16,360
2007-12-16,358
2007-12-17,355
2007-12-17,355
2007-12-17,356
2007-12-17,354
2007-12-18,346
2007-12-18,346
2007-12-18,348
2007-12-18,344
2007-12-19,339
2007-12-19,339
2007-12-19,340
2007-12-19,338
2007-12-20,339
2007-12-20,339
2007-12-20,338
2007-12-20,340
2007-12-21,342
2007-12-21,342
2007-12-21,342
2007-12-21,342
2007-12-22,341.5
2007-12-22,342
2007-12-22,343
2007-12-22,340
2007-12-23,347
2007-12-23,347
2007-12-23,346
2007-12-23,348
2007-12-24,353
2007-12-24,353
2007-12-24,352
2007-12-24,354
2007-12-25,351
2007-12-25,351
2007-12-25,352
2007-12-25,350
2007-12-26,354
2007-12-26,354
2007-12-26,352
2007-12-26,356
2007-12-27,364.5
2007-12-27,364
2007-12-27,362
2007-12-27,367
2007-12-28,378
2007-12-28,378
2007-12-28,374
2007-12-28,382
2007-12-29,401
2007-12-29,401
2007-12-29,398
2007-12-29,404
2007-12-30,418
2007-12-30,418
2007-12-30,416
2007-12-30,420
2007-12-31,421
2007-12-31,421
2007-12-31,422
2007-12-31,420
2008-01-01,418
2008-01-01,418
2008-01-01,418
2008-01-01,418
2008-01-02,420
2008-01-02,420
2008-01-02,420
2008-01-02,420
2008-01-03,421
2008-01-03,421
2008-01-03,421
2008-01-03,421
2008-01-04,421
2008-01-04,421
2008-01-04,420
2008-01-04,422
2008-01-05,427
2008-01-05,427
2008-01-05,426
2008-01-05,428
2008-01-06,430.5
2008-01-06,430
2008-01-06,432
2008-01-06,429
2008-01-07,422
2008-01-07,422
2008-01-07,424
2008-01-07,420
2008-01-08,421
2008-01-08,421
2008-01-08,422
2008-01-08,420
2008-01-09,417.5
2008-01-09,418
2008-01-09,419
2008-01-09,416
2008-01-10,426
2008-01-10,426
2008-01-10,424
2008-01-10,428
2008-01-11,431.5
2008-01-11,432
2008-01-11,431
2008-01-11,432
2008-01-12,436
2008-01-12,436
2008-01-12,435
2008-01-12,437
2008-01-13,438
2008-01-13,438
2008-01-13,438
2008-01-13,438
2008-01-14,438.5
2008-01-14,438
2008-01-14,438
2008-01-14,439
2008-01-15,445
2008-01-15,445
2008-01-15,444
2008-01-15,446
2008-01-16,459
2008-01-16,459
2008-01-16,456
2008-01-16,462
2008-01-17,475.5
2008-01-17,476
2008-01-17,471
2008-01-17,480
2008-01-18,484
2008-01-18,484
2008-01-18,483
2008-01-18,485
2008-01-19,483.5
2008-01-19,484
2008-01-19,483
2008-01-19,484
2008-01-20,488
2008-01-20,488
2008-01-20,484
2008-01-20,492
2008-01-21,500
2008-01-21,500
2008-01-21,498
2008-01-21,502
2008-01-22,504.5
2008-01-22,504
2008-01-22,504
2008-01-22,505
2008-01-23,508
2008-01-23,508
2008-01-23,508
2008-01-23,508
2008-01-24,507.5
2008-01-24,508
2008-01-24,510
2008-01-24,505
2008-01-25,546
2008-01-25,506
2008-01-25,590
2008-01-25,502
2008-01-26,491
2008-01-26,511
2008-01-26,492
2008-01-26,490
2008-01-27,510.5
2008-01-27,511
2008-01-27,509
2008-01-27,512
2008-01-28,518
2008-01-28,518
2008-01-28,516
2008-01-28,520
2008-01-29,526.5
2008-01-29,526
2008-01-29,528
2008-01-29,525
2008-01-30,526.5
2008-01-30,526
2008-01-30,525
2008-01-30,528
2008-01-31,550.5
2008-01-31,550
2008-01-31,547
2008-01-31,554
2008-02-01,564
2008-02-01,563.5
2008-02-01,562
2008-02-01,565
2008-02-02,587
2008-02-02,587
2008-02-02,580
2008-02-02,594
2008-02-03,624
2008-02-03,624.5
2008-02-03,615
2008-02-03,634
2008-02-04,666
2008-02-04,666.5
2008-02-04,659
2008-02-04,674
2008-02-05,707
2008-02-05,707
2008-02-05,698
2008-02-05,716
2008-02-06,742
2008-02-06,742
2008-02-06,736
2008-02-06,748
2008-02-07,762
2008-02-07,762.5
2008-02-07,760
2008-02-07,765
2008-02-08,768
2008-02-08,768.5
2008-02-08,770
2008-02-08,767
2008-02-09,757
2008-02-09,757
2008-02-09,760
2008-02-09,754
2008-02-10,736
2008-02-10,735.5
2008-02-10,740
2008-02-10,731
2008-02-11,722
2008-02-11,721.5
2008-02-11,723
2008-02-11,720
2008-02-12,722
2008-02-12,721.5
2008-02-12,723
2008-02-12,720
2008-02-13,712
2008-02-13,712
2008-02-13,712
2008-02-13,712
2008-02-14,710
2008-02-14,710.5
2008-02-14,710
2008-02-14,711
2008-02-15,712
2008-02-15,712
2008-02-15,712
2008-02-15,712
2008-02-16,736
2008-02-16,736
2008-02-16,729
2008-02-16,743
2008-02-17,770
2008-02-17,770
2008-02-17,764
2008-02-17,776
2008-02-18,786
2008-02-18,786
2008-02-18,784
2008-02-18,788
2008-02-19,789
2008-02-19,789
2008-02-19,790
2008-02-19,788
2008-02-20,786
2008-02-20,785.5
2008-02-20,784
2008-02-20,787
2008-02-21,783
2008-02-21,783
2008-02-21,784
2008-02-21,782
2008-02-22,778
2008-02-22,778.5
2008-02-22,781
2008-02-22,776
2008-02-23,774
2008-02-23,774
2008-02-23,776
2008-02-23,772
2008-02-24,768
2008-02-24,767.5
2008-02-24,770
2008-02-24,765
2008-02-25,758
2008-02-25,758.5
2008-02-25,760
2008-02-25,757
2008-02-26,748
2008-02-26,748.5
2008-02-26,750
2008-02-26,747
2008-02-27,731
2008-02-27,731
2008-02-27,734
2008-02-27,728
2008-02-28,714
2008-02-28,714
2008-02-28,718
2008-02-28,710
2008-02-29,698
2008-02-29,698
2008-02-29,702
2008-02-29,694
2008-03-01,689.5
2008-03-01,690
2008-03-01,689
2008-03-01,690
2008-03-02,741
2008-03-02,741
2008-03-02,730
2008-03-02,752
2008-03-03,784
2008-03-03,784
2008-03-03,776
2008-03-03,792
2008-03-04,811
2008-03-04,811
2008-03-04,810
2008-03-04,812
2008-03-05,833
2008-03-05,833
2008-03-05,830
2008-03-05,836
2008-03-06,844
2008-03-06,844
2008-03-06,843
2008-03-06,845
2008-03-07,847
2008-03-07,847
2008-03-07,847
2008-03-07,847
2008-03-08,852
2008-03-08,852
2008-03-08,852
2008-03-08,852
2008-03-09,862
2008-03-09,862
2008-03-09,860
2008-03-09,864
2008-03-10,871.5
2008-03-10,872
2008-03-10,870
2008-03-10,873
2008-03-11,886
2008-03-11,886
2008-03-11,882
2008-03-11,890
2008-03-12,901
2008-03-12,901
2008-03-12,898
2008-03-12,904
2008-03-13,903
2008-03-13,903
2008-03-13,904
2008-03-13,902
2008-03-14,899.5
2008-03-14,899
2008-03-14,902
2008-03-14,897
2008-03-15,909
2008-03-15,909
2008-03-15,907
2008-03-15,911
2008-03-16,928.5
2008-03-16,928
2008-03-16,920
2008-03-16,937
2008-03-17,954
2008-03-17,954
2008-03-17,952
2008-03-17,956
2008-03-18,960
2008-03-18,960
2008-03-18,959
2008-03-18,961
2008-03-19,971
2008-03-19,971
2008-03-19,965
2008-03-19,977
2008-03-20,982.5
2008-03-20,982
2008-03-20,983
2008-03-20,982
2008-03-21,1012
2008-03-21,1012
2008-03-21,1007
2008-03-21,1017
2008-03-22,1025.5
2008-03-22,1026
2008-03-22,1024
2008-03-22,1027
2008-03-23,1027.5
2008-03-23,1028
2008-03-23,1028
2008-03-23,1027
2008-03-24,1026.5
2008-03-24,1026
2008-03-24,1028
2008-03-24,1025
2008-03-25,1027
2008-03-25,1027
2008-03-25,1027
2008-03-25,1027
2008-03-26,1030
2008-03-26,1030
2008-03-26,1029
2008-03-26,1031
2008-03-27,1035.5
2008-03-27,1036
2008-03-27,1033
2008-03-27,1038
2008-03-28,1039.5
2008-03-28,1040
2008-03-28,1039
2008-03-28,1040
2008-03-29,1041
2008-03-29,1041
2008-03-29,1042
2008-03-29,1040
2008-03-30,1053
2008-03-30,1053
2008-03-30,1050
2008-03-30,1056
2008-03-31,1066
2008-03-31,1066
2008-03-31,1066
2008-03-31,1066
2008-04-01,1088
2008-04-01,1088.5
2008-04-01,1086
2008-04-01,1091
2008-04-02,1100
2008-04-02,1100
2008-04-02,1098
2008-04-02,1102
2008-04-03,1118
2008-04-03,1118
2008-04-03,1114
2008-04-03,1122
2008-04-04,1138
2008-04-04,1137.5
2008-04-04,1135
2008-04-04,1140
2008-04-05,1149
2008-04-05,1149
2008-04-05,1148
2008-04-05,1150
2008-04-06,1156
2008-04-06,1156.5
2008-04-06,1157
2008-04-06,1156
2008-04-07,1155
2008-04-07,1155
2008-04-07,1156
2008-04-07,1154
2008-04-08,1150
2008-04-08,1150
2008-04-08,1150
2008-04-08,1150
2008-04-09,1151
2008-04-09,1151
2008-04-09,1150
2008-04-09,1152
2008-04-10,1156
2008-04-10,1156.5
2008-04-10,1156
2008-04-10,1157
2008-04-11,1160
2008-04-11,1160
2008-04-11,1160
2008-04-11,1160
2008-04-12,1155
2008-04-12,1155
2008-04-12,1158
2008-04-12,1152
2008-04-13,1138
2008-04-13,1138.5
2008-04-13,1144
2008-04-13,1133
2008-04-14,1109
2008-04-14,1109
2008-04-14,1116
2008-04-14,1102
2008-04-15,1080
2008-04-15,1079.5
2008-04-15,1085
2008-04-15,1074
2008-04-16,1056
2008-04-16,1056
2008-04-16,1060
2008-04-16,1052
2008-04-17,1036
2008-04-17,1036.5
2008-04-17,1040
2008-04-17,1033
2008-04-18,1026
2008-04-18,1026
2008-04-18,1028
2008-04-18,1024
2008-04-19,1019
2008-04-19,1019
2008-04-19,1020
2008-04-19,1018
2008-04-20,1013
2008-04-20,1013
2008-04-20,1014
2008-04-20,1012
2008-04-21,1004
2008-04-21,1004.5
2008-04-21,1007
2008-04-21,1002
2008-04-22,997
2008-04-22,997
2008-04-22,999
2008-04-22,995
2008-04-23,991
2008-04-23,991
2008-04-23,990
2008-04-23,992
2008-04-24,988
2008-04-24,988
2008-04-24,990
2008-04-24,986
2008-04-25,986
2008-04-25,985.5
2008-04-25,985
2008-04-25,986
2008-04-26,999
2008-04-26,999.5
2008-04-26,998
2008-04-26,1001
2008-04-27,1012
2008-04-27,1012.5
2008-04-27,1011
2008-04-27,1014
2008-04-28,1018
2008-04-28,1018
2008-04-28,1019
2008-04-28,1017
2008-04-29,1008
2008-04-29,1008
2008-04-29,1011
2008-04-29,1005
2008-04-30,995
2008-04-30,995
2008-04-30,998
2008-04-30,992
2008-05-01,978
2008-05-01,978
2008-05-01,982
2008-05-01,974
2008-05-02,960
2008-05-02,960
2008-05-02,964
2008-05-02,956
2008-05-03,952.5
2008-05-03,952
2008-05-03,953
2008-05-03,952
2008-05-04,950.5
2008-05-04,951
2008-05-04,951
2008-05-04,950
2008-05-05,949
2008-05-05,949
2008-05-05,950
2008-05-05,948
2008-05-06,947
2008-05-06,947
2008-05-06,948
2008-05-06,946
2008-05-07,944.5
2008-05-07,944
2008-05-07,945
2008-05-07,944
2008-05-08,941.5
2008-05-08,941
2008-05-08,943
2008-05-08,940
2008-05-09,941.5
2008-05-09,941
2008-05-09,939
2008-05-09,944
2008-05-10,940
2008-05-10,940
2008-05-10,940
2008-05-10,940
2008-05-11,948
2008-05-11,948
2008-05-11,946
2008-05-11,950
2008-05-12,960.5
2008-05-12,960
2008-05-12,959
2008-05-12,962
2008-05-13,963.5
2008-05-13,964
2008-05-13,964
2008-05-13,963
2008-05-14,955
2008-05-14,955
2008-05-14,958
2008-05-14,952
2008-05-15,939.5
2008-05-15,940
2008-05-15,943
2008-05-15,936
2008-05-16,923.5
2008-05-16,924
2008-05-16,926
2008-05-16,921
2008-05-17,906.5
2008-05-17,906
2008-05-17,910
2008-05-17,903
2008-05-18,891
2008-05-18,891
2008-05-18,894
2008-05-18,888
2008-05-19,876.5
2008-05-19,876
2008-05-19,879
2008-05-19,874
2008-05-20,860
2008-05-20,860
2008-05-20,864
2008-05-20,856
2008-05-21,843.5
2008-05-21,844
2008-05-21,847
2008-05-21,840
2008-05-22,824
2008-05-22,824
2008-05-22,828
2008-05-22,820
2008-05-23,798.5
2008-05-23,798
2008-05-23,807
2008-05-23,790
2008-05-24,769
2008-05-24,769
2008-05-24,774
2008-05-24,764
2008-05-25,757.5
2008-05-25,758
2008-05-25,757
2008-05-25,758
2008-05-26,757
2008-05-26,757
2008-05-26,758
2008-05-26,756
2008-05-27,744.5
2008-05-27,744
2008-05-27,748
2008-05-27,741
2008-05-28,729
2008-05-28,729
2008-05-28,732
2008-05-28,726
2008-05-29,720
2008-05-29,720
2008-05-29,728
2008-05-29,712
2008-05-30,700.5
2008-05-30,700
2008-05-30,704
2008-05-30,797
2008-05-31,683.5
2008-05-31,684
2008-05-31,687
2008-05-31,680
2008-06-01,671
2008-06-01,671
2008-06-01,674
2008-06-01,668
2008-06-02,652.5
2008-06-02,652
2008-06-02,658
2008-06-02,647
2008-06-03,631
2008-06-03,631
2008-06-03,638
2008-06-03,624
2008-06-04,605.5
2008-06-04,606
2008-06-04,610
2008-06-04,601
2008-06-05,588.5
2008-06-05,588
2008-06-05,592
2008-06-05,585
2008-06-06,576
2008-06-06,576
2008-06-06,579
2008-06-06,573
2008-06-07,565.5
2008-06-07,566
2008-06-07,568
2008-06-07,563
2008-06-08,557
2008-06-08,557
2008-06-08,559
2008-06-08,555
2008-06-09,552
2008-06-09,552
2008-06-09,554
2008-06-09,550
2008-06-10,547
2008-06-10,547
2008-06-10,548
2008-06-10,546
2008-06-11,542
2008-06-11,542
2008-06-11,544
2008-06-11,540
2008-06-12,539
2008-06-12,539
2008-06-12,540
2008-06-12,538
2008-06-13,536.5
2008-06-13,536
2008-06-13,537
2008-06-13,536
2008-06-14,534.5
2008-06-14,534
2008-06-14,535
2008-06-14,534
2008-06-15,534.5
2008-06-15,534
2008-06-15,535
2008-06-15,534
2008-06-16,534.5
2008-06-16,534
2008-06-16,536
2008-06-16,533
2008-06-17,533
2008-06-17,533
2008-06-17,530
2008-06-17,536
2008-06-18,527.5
2008-06-18,528
2008-06-18,530
2008-06-18,525
2008-06-19,527.5
2008-06-19,528
2008-06-19,527
2008-06-19,528
2008-06-20,522
2008-06-20,522
2008-06-20,523
2008-06-20,521
2008-06-21,520.5
2008-06-21,520
2008-06-21,521
2008-06-21,520
2008-06-22,516
2008-06-22,516
2008-06-22,518
2008-06-22,514
2008-06-23,510
2008-06-23,510
2008-06-23,512
2008-06-23,508
2008-06-24,506.5
2008-06-24,507
2008-06-24,508
2008-06-24,505
2008-06-25,503
2008-06-25,503
2008-06-25,504
2008-06-25,502
2008-06-26,495.5
2008-06-26,496
2008-06-26,501
2008-06-26,490
2008-06-27,493.5
2008-06-27,493
2008-06-27,495
2008-06-27,492
2008-06-28,485
2008-06-28,485
2008-06-28,488
2008-06-28,482
2008-06-29,476
2008-06-29,476
2008-06-29,478
2008-06-29,474
2008-06-30,471
2008-06-30,471
2008-06-30,473
2008-06-30,469
2008-07-01,466.5
2008-07-01,466
2008-07-01,468
2008-07-01,465
2008-07-02,465.5
2008-07-02,466
2008-07-02,467
2008-07-02,464
2008-07-03,460
2008-07-03,460
2008-07-03,462
2008-07-03,458
2008-07-04,453.5
2008-07-04,454
2008-07-04,455
2008-07-04,452
2008-07-05,448.5
2008-07-05,449
2008-07-05,450
2008-07-05,447
2008-07-06,444
2008-07-06,444
2008-07-06,446
2008-07-06,442
2008-07-07,437
2008-07-07,437
2008-07-07,439
2008-07-07,435
2008-07-08,429
2008-07-08,429
2008-07-08,435
2008-07-08,423
2008-07-09,424
2008-07-09,424
2008-07-09,426
2008-07-09,422
2008-07-10,417.5
2008-07-10,418
2008-07-10,420
2008-07-10,415
2008-07-11,411
2008-07-11,411
2008-07-11,414
2008-07-11,408
2008-07-12,404
2008-07-12,404
2008-07-12,406
2008-07-12,402
2008-07-13,398
2008-07-13,398
2008-07-13,399
2008-07-13,397
2008-07-14,393
2008-07-14,393
2008-07-14,394
2008-07-14,392
2008-07-15,385
2008-07-15,385
2008-07-15,387
2008-07-15,383
2008-07-16,378.5
2008-07-16,378
2008-07-16,381
2008-07-16,376
2008-07-17,371
2008-07-17,371
2008-07-17,372
2008-07-17,370
2008-07-18,368.5
2008-07-18,368
2008-07-18,369
2008-07-18,368
2008-07-19,366.5
2008-07-19,366
2008-07-19,367
2008-07-19,366
2008-07-20,362
2008-07-20,362
2008-07-20,364
2008-07-20,360
2008-07-21,355
2008-07-21,355
2008-07-21,358
2008-07-21,352
2008-07-22,349.5
2008-07-22,350
2008-07-22,350
2008-07-22,349
2008-07-23,346.5
2008-07-23,346
2008-07-23,347
2008-07-23,346
2008-07-24,345.5
2008-07-24,346
2008-07-24,346
2008-07-24,345
2008-07-25,344
2008-07-25,344
2008-07-25,344
2008-07-25,344
2008-07-26,342.5
2008-07-26,342
2008-07-26,343
2008-07-26,342
2008-07-27,337
2008-07-27,337
2008-07-27,338
2008-07-27,336
2008-07-28,332
2008-07-28,332
2008-07-28,333
2008-07-28,331
2008-07-29,328
2008-07-29,328
2008-07-29,329
2008-07-29,327
2008-07-30,322
2008-07-30,322
2008-07-30,324
2008-07-30,320
2008-07-31,315
2008-07-31,315
2008-07-31,317
2008-07-31,313
2008-08-01,207.5
2008-08-01,308
2008-08-01,305
2008-08-01,306
2008-08-02,202
2008-08-02,302
2008-08-02,302
2008-08-02,302
2008-08-03,297
2008-08-03,297
2008-08-03,298
2008-08-03,296
2008-08-04,297.5
2008-08-04,298
2008-08-04,296
2008-08-04,299
2008-08-05,299
2008-08-05,299
2008-08-05,299
2008-08-05,299
2008-08-06,298
2008-08-06,298
2008-08-06,298
2008-08-06,298
2008-08-07,295
2008-08-07,295
2008-08-07,296
2008-08-07,294
2008-08-08,286.5
2008-08-08,286
2008-08-08,288
2008-08-08,285
2008-08-09,280
2008-08-09,280
2008-08-09,280
2008-08-09,280
2008-08-10,272.5
2008-08-10,272
2008-08-10,273
2008-08-10,272
2008-08-11,274
2008-08-11,274
2008-08-11,274
2008-08-11,274
2008-08-12,272
2008-08-12,272
2008-08-12,272
2008-08-12,272
2008-08-13,266
2008-08-13,266
2008-08-13,268
2008-08-13,264
2008-08-14,259
2008-08-14,259
2008-08-14,260
2008-08-14,258
2008-08-15,252.5
2008-08-15,252
2008-08-15,254
2008-08-15,251
2008-08-16,247.5
2008-08-16,248
2008-08-16,248
2008-08-16,247
2008-08-17,245.5
2008-08-17,246
2008-08-17,246
2008-08-17,245
2008-08-18,245.5
2008-08-18,246
2008-08-18,246
2008-08-18,245
2008-08-19,246.5
2008-08-19,246
2008-08-19,246
2008-08-19,247
2008-08-20,248.5
2008-08-20,248
2008-08-20,248
2008-08-20,249
2008-08-21,248.5
2008-08-21,248
2008-08-21,249
2008-08-21,248
2008-08-22,245
2008-08-22,245
2008-08-22,246
2008-08-22,244
2008-08-23,240
2008-08-23,240
2008-08-23,240
2008-08-23,240
2008-08-24,235.5
2008-08-24,236
2008-08-24,236
2008-08-24,235
2008-08-25,232.5
2008-08-25,233
2008-08-25,233
2008-08-25,232
2008-08-26,230.5
2008-08-26,231
2008-08-26,231
2008-08-26,230
2008-08-27,229
2008-08-27,229
2008-08-27,229
2008-08-27,229
2008-08-28,227
2008-08-28,227
2008-08-28,228
2008-08-28,226
2008-08-29,224.5
2008-08-29,224
2008-08-29,224
2008-08-29,225
2008-08-30,222
2008-08-30,222
2008-08-30,222
2008-08-30,222
2008-08-31,219.5
2008-08-31,219
2008-08-31,220
2008-08-31,219
2008-09-01,217
2008-09-01,217
2008-09-01,217
2008-09-01,217
2008-09-02,217
2008-09-02,217
2008-09-02,216
2008-09-02,218
2008-09-03,218.5
2008-09-03,218
2008-09-03,218
2008-09-03,219
2008-09-04,218.5
2008-09-04,218
2008-09-04,218
2008-09-04,219
2008-09-05,219.5
2008-09-05,219
2008-09-05,219
2008-09-05,220
2008-09-06,220.5
2008-09-06,220
2008-09-06,220
2008-09-06,221
2008-09-07,220
2008-09-07,220
2008-09-07,220
2008-09-07,220
2008-09-08,217
2008-09-08,217
2008-09-08,218
2008-09-08,216
2008-09-09,216
2008-09-09,216
2008-09-09,216
2008-09-09,216
2008-09-10,216.5
2008-09-10,216
2008-09-10,216
2008-09-10,217
2008-09-11,217
2008-09-11,217
2008-09-11,216
2008-09-11,218
2008-09-12,217.5
2008-09-12,217
2008-09-12,218
2008-09-12,217
2008-09-13,216
2008-09-13,216
2008-09-13,216
2008-09-13,216
2008-09-14,215
2008-09-14,215
2008-09-14,215
2008-09-14,215
2008-09-15,215.5
2008-09-15,215
2008-09-15,215
2008-09-15,216
2008-09-16,218.5
2008-09-16,218
2008-09-16,216
2008-09-16,221
2008-09-17,226.5
2008-09-17,226
2008-09-17,226
2008-09-17,227
2008-09-18,235.5
2008-09-18,236
2008-09-18,234
2008-09-18,237
2008-09-19,237.5
2008-09-19,238
2008-09-19,237
2008-09-19,238
2008-09-20,234.5
2008-09-20,235
2008-09-20,235
2008-09-20,234
2008-09-21,229
2008-09-21,229
2008-09-21,230
2008-09-21,228
2008-09-22,226
2008-09-22,226
2008-09-22,226
2008-09-22,226
2008-09-23,223.5
2008-09-23,224
2008-09-23,224
2008-09-23,223
2008-09-24,221
2008-09-24,221
2008-09-24,222
2008-09-24,220
2008-09-25,220
2008-09-25,220
2008-09-25,220
2008-09-25,220
2008-09-26,219
2008-09-26,219
2008-09-26,219
2008-09-26,219
2008-09-27,214
2008-09-27,214
2008-09-27,215
2008-09-27,213
2008-09-28,209.5
2008-09-28,210
2008-09-28,210
2008-09-28,209
2008-09-29,211
2008-09-29,211
2008-09-29,210
2008-09-29,212
2008-09-30,218.5
2008-09-30,218
2008-09-30,214
2008-09-30,223
2008-10-01,230
2008-10-01,229.5
2008-10-01,229
2008-10-01,230
2008-10-02,243
2008-10-02,243
2008-10-02,240
2008-10-02,246
2008-10-03,244
2008-10-03,244.5
2008-10-03,244
2008-10-03,245
2008-10-04,241
2008-10-04,241
2008-10-04,242
2008-10-04,240
2008-10-05,238
2008-10-05,237.5
2008-10-05,240
2008-10-05,235
2008-10-06,240
2008-10-06,239.5
2008-10-06,235
2008-10-06,244
2008-10-07,254
2008-10-07,253.5
2008-10-07,251
2008-10-07,256
2008-10-08,262
2008-10-08,261.5
2008-10-08,257
2008-10-08,266
2008-10-09,262
2008-10-09,262
2008-10-09,262
2008-10-09,262
2008-10-10,258
2008-10-10,257.5
2008-10-10,257
2008-10-10,258
2008-10-11,244
2008-10-11,244.5
2008-10-11,246
2008-10-11,243
2008-10-12,238
2008-10-12,238.5
2008-10-12,245
2008-10-12,232
2008-10-13,226
2008-10-13,226
2008-10-13,220
2008-10-13,232
2008-10-14,225
2008-10-14,225
2008-10-14,230
2008-10-14,220
2008-10-15,217
2008-10-15,217.5
2008-10-15,219
2008-10-15,216
2008-10-16,216
2008-10-16,216
2008-10-16,217
2008-10-16,215
2008-10-17,222
2008-10-17,222
2008-10-17,221
2008-10-17,223
2008-10-18,218
2008-10-18,218.5
2008-10-18,219
2008-10-18,218
2008-10-19,213
2008-10-19,213.5
2008-10-19,213
2008-10-19,214
2008-10-20,224
2008-10-20,223.5
2008-10-20,221
2008-10-20,226
2008-10-21,233
2008-10-21,232.5
2008-10-21,225
2008-10-21,240
2008-10-22,242
2008-10-22,241.5
2008-10-22,241
2008-10-22,242
2008-10-23,233
2008-10-23,232.5
2008-10-23,235
2008-10-23,230
2008-10-24,221
2008-10-24,221
2008-10-24,222
2008-10-24,220
2008-10-25,216
2008-10-25,216.5
2008-10-25,218
2008-10-25,215
2008-10-26,211
2008-10-26,211
2008-10-26,212
2008-10-26,210
2008-10-27,210
2008-10-27,210.5
2008-10-27,210
2008-10-27,211
2008-10-28,211
2008-10-28,211
2008-10-28,213
2008-10-28,209
2008-10-29,208
2008-10-29,208
2008-10-29,210
2008-10-29,206
2008-10-30,226
2008-10-30,226
2008-10-30,225
2008-10-30,227
2008-10-31,238
2008-10-31,238
2008-10-31,235
2008-10-31,241
2008-11-01,246
2008-11-01,246
2008-11-01,245
2008-11-01,247
2008-11-02,249
2008-11-02,249
2008-11-02,248
2008-11-02,250
2008-11-03,257
2008-11-03,257
2008-11-03,255
2008-11-03,259
2008-11-04,264
2008-11-04,264
2008-11-04,263
2008-11-04,265
2008-11-05,264
2008-11-05,264
2008-11-05,264
2008-11-05,264
2008-11-06,262
2008-11-06,262
2008-11-06,266
2008-11-06,258
2008-11-07,255
2008-11-07,255
2008-11-07,256
2008-11-07,254
2008-11-08,254
2008-11-08,254
2008-11-08,253
2008-11-08,255
2008-11-09,239
2008-11-09,239
2008-11-09,248
2008-11-09,230
2008-11-10,230
2008-11-10,230
2008-11-10,229
2008-11-10,231
2008-11-11,235
2008-11-11,235
2008-11-11,234
2008-11-11,236
2008-11-12,237
2008-11-12,237
2008-11-12,237
2008-11-12,237
2008-11-13,239
2008-11-13,239
2008-11-13,238
2008-11-13,240
2008-11-14,243.5
2008-11-14,244
2008-11-14,242
2008-11-14,245
2008-11-15,242
2008-11-15,242
2008-11-15,244
2008-11-15,240
2008-11-16,252.5
2008-11-16,252
2008-11-16,250
2008-11-16,255
2008-11-17,256.5
2008-11-17,256
2008-11-17,254
2008-11-17,259
2008-11-18,264
2008-11-18,264
2008-11-18,263
2008-11-18,265
2008-11-19,267
2008-11-19,267
2008-11-19,266
2008-11-19,268
2008-11-20,264.5
2008-11-20,264
2008-11-20,265
2008-11-20,264
2008-11-21,267.5
2008-11-21,268
2008-11-21,267
2008-11-21,268
2008-11-22,264
2008-11-22,264
2008-11-22,265
2008-11-22,263
2008-11-23,267.5
2008-11-23,268
2008-11-23,268
2008-11-23,267
2008-11-24,271
2008-11-24,271
2008-11-24,270
2008-11-24,272
2008-11-25,276
2008-11-25,276
2008-11-25,275
2008-11-25,277
2008-11-26,287
2008-11-26,287
2008-11-26,276
2008-11-26,298
2008-11-27,315.5
2008-11-27,316
2008-11-27,314
2008-11-27,317
2008-11-28,316
2008-11-28,316
2008-11-28,310
2008-11-28,322
2008-11-29,324
2008-11-29,324
2008-11-29,325
2008-11-29,323
2008-11-30,327.5
2008-11-30,328
2008-11-30,327
2008-11-30,328
2008-12-01,338.5
2008-12-01,338
2008-12-01,330
2008-12-01,347
2008-12-02,353
2008-12-02,353
2008-12-02,351
2008-12-02,355
2008-12-03,353
2008-12-03,353
2008-12-03,338
2008-12-03,368
2008-12-04,433.5
2008-12-04,434
2008-12-04,422
2008-12-04,445
2008-12-05,423.5
2008-12-05,424
2008-12-05,419
2008-12-05,428
2008-12-06,423.5
2008-12-06,424
2008-12-06,421
2008-12-06,426
2008-12-07,447
2008-12-07,447
2008-12-07,442
2008-12-07,452
2008-12-08,470
2008-12-08,470
2008-12-08,467
2008-12-08,473
2008-12-09,481
2008-12-09,481
2008-12-09,475
2008-12-09,487
2008-12-10,484.5
2008-12-10,484
2008-12-10,489
2008-12-10,480
2008-12-11,478
2008-12-11,478
2008-12-11,478
2008-12-11,478
2008-12-12,482
2008-12-12,482
2008-12-12,480
2008-12-12,484
2008-12-13,487
2008-12-13,487
2008-12-13,488
2008-12-13,486
2008-12-14,487.5
2008-12-14,488
2008-12-14,487
2008-12-14,488
2008-12-15,484
2008-12-15,484
2008-12-15,484
2008-12-15,484
2008-12-16,486
2008-12-16,486
2008-12-16,486
2008-12-16,486
2008-12-17,490.5
2008-12-17,490
2008-12-17,487
2008-12-17,494
2008-12-18,503.5
2008-12-18,504
2008-12-18,497
2008-12-18,510
2008-12-19,506
2008-12-19,506
2008-12-19,507
2008-12-19,505
2008-12-20,503.5
2008-12-20,504
2008-12-20,504
2008-12-20,503
2008-12-21,502
2008-12-21,502
2008-12-21,502
2008-12-21,502
2008-12-22,506
2008-12-22,506
2008-12-22,506
2008-12-22,506
2008-12-23,507
2008-12-23,507
2008-12-23,506
2008-12-23,508
2008-12-24,513
2008-12-24,513
2008-12-24,512
2008-12-24,514
2008-12-25,525
2008-12-25,525
2008-12-25,524
2008-12-25,526
2008-12-26,552.5
2008-12-26,552
2008-12-26,546
2008-12-26,559
2008-12-27,569.5
2008-12-27,570
2008-12-27,566
2008-12-27,573
2008-12-28,585
2008-12-28,585
2008-12-28,582
2008-12-28,588
2008-12-29,593.5
2008-12-29,594
2008-12-29,593
2008-12-29,594
2008-12-30,589
2008-12-30,589
2008-12-30,590
2008-12-30,588
2008-12-31,586
2008-12-31,586
2008-12-31,586
2008-12-31,586
2009-01-01,587
2009-01-01,587
2009-01-01,586
2009-01-01,588
2009-01-02,596
2009-01-02,596
2009-01-02,594
2009-01-02,598
2009-01-03,607.5
2009-01-03,608
2009-01-03,605
2009-01-03,610
2009-01-04,613.5
2009-01-04,614
2009-01-04,614
2009-01-04,613
2009-01-05,604.5
2009-01-05,604
2009-01-05,607
2009-01-05,602
2009-01-06,594.5
2009-01-06,594
2009-01-06,596
2009-01-06,593
2009-01-07,589.5
2009-01-07,590
2009-01-07,591
2009-01-07,588
2009-01-08,586
2009-01-08,586
2009-01-08,586
2009-01-08,586
2009-01-09,583
2009-01-09,583
2009-01-09,583
2009-01-09,583
2009-01-10,586
2009-01-10,586
2009-01-10,586
2009-01-10,586
2009-01-11,585
2009-01-11,585
2009-01-11,586
2009-01-11,584
2009-01-12,579
2009-01-12,579
2009-01-12,580
2009-01-12,578
2009-01-13,577
2009-01-13,577
2009-01-13,576
2009-01-13,578
2009-01-14,581.5
2009-01-14,582
2009-01-14,580
2009-01-14,583
2009-01-15,590
2009-01-15,590
2009-01-15,596
2009-01-15,584
2009-01-16,585
2009-01-16,585
2009-01-16,584
2009-01-16,586
2009-01-17,577.5
2009-01-17,578
2009-01-17,577
2009-01-17,578
2009-01-18,584
2009-01-18,584
2009-01-18,580
2009-01-18,588
2009-01-19,596
2009-01-19,596
2009-01-19,594
2009-01-19,598
2009-01-20,595.5
2009-01-20,596
2009-01-20,596
2009-01-20,595
2009-01-21,619.5
2009-01-21,620
2009-01-21,613
2009-01-21,626
2009-01-22,638.5
2009-01-22,638
2009-01-22,637
2009-01-22,640
2009-01-23,640.5
2009-01-23,640
2009-01-23,642
2009-01-23,639
2009-01-24,640
2009-01-24,640
2009-01-24,639
2009-01-24,641
2009-01-25,643.5
2009-01-25,644
2009-01-25,643
2009-01-25,644
2009-01-26,646.5
2009-01-26,646
2009-01-26,646
2009-01-26,647
2009-01-27,644.5
2009-01-27,644
2009-01-27,645
2009-01-27,644
2009-01-28,644
2009-01-28,644
2009-01-28,644
2009-01-28,644
2009-01-29,649.5
2009-01-29,650
2009-01-29,648
2009-01-29,651
2009-01-30,658
2009-01-30,658
2009-01-30,658
2009-01-30,658
2009-01-31,666
2009-01-31,666
2009-01-31,663
2009-01-31,669
2009-02-01,678
2009-02-01,678
2009-02-01,676
2009-02-01,680
2009-02-02,687
2009-02-02,687
2009-02-02,686
2009-02-02,688
2009-02-03,690
2009-02-03,690
2009-02-03,690
2009-02-03,690
2009-02-04,688
2009-02-04,688
2009-02-04,688
2009-02-04,688
2009-02-05,686.5
2009-02-05,686
2009-02-05,687
2009-02-05,686
2009-02-06,685.5
2009-02-06,686
2009-02-06,687
2009-02-06,684
2009-02-07,684.5
2009-02-07,684
2009-02-07,687
2009-02-07,682
2009-02-08,680
2009-02-08,680
2009-02-08,680
2009-02-08,680
2009-02-09,681
2009-02-09,681
2009-02-09,681
2009-02-09,681
2009-02-10,683.5
2009-02-10,684
2009-02-10,683
2009-02-10,684
2009-02-11,692
2009-02-11,692
2009-02-11,692
2009-02-11,692
2009-02-12,699.5
2009-02-12,700
2009-02-12,701
2009-02-12,698
2009-02-13,698.5
2009-02-13,698
2009-02-13,698
2009-02-13,699
2009-02-14,701
2009-02-14,701
2009-02-14,701
2009-02-14,701
2009-02-15,711
2009-02-15,711
2009-02-15,708
2009-02-15,714
2009-02-16,729.5
2009-02-16,730
2009-02-16,728
2009-02-16,731
2009-02-17,746.5
2009-02-17,746
2009-02-17,743
2009-02-17,750
2009-02-18,770
2009-02-18,770
2009-02-18,766
2009-02-18,774
2009-02-19,799.5
2009-02-19,800
2009-02-19,793
2009-02-19,806
2009-02-20,833
2009-02-20,833
2009-02-20,826
2009-02-20,840
2009-02-21,855
2009-02-21,855
2009-02-21,846
2009-02-21,864
2009-02-22,875
2009-02-22,875
2009-02-22,874
2009-02-22,876
2009-02-23,885.5
2009-02-23,886
2009-02-23,883
2009-02-23,888
2009-02-24,909
2009-02-24,909
2009-02-24,904
2009-02-24,914
2009-02-25,930.5
2009-02-25,930
2009-02-25,927
2009-02-25,934
2009-02-26,957
2009-02-26,957
2009-02-26,956
2009-02-26,958
2009-02-27,965
2009-02-27,965
2009-02-27,964
2009-02-27,966
2009-02-28,967
2009-02-28,967
2009-02-28,967
2009-02-28,967
2009-03-01,958
2009-03-01,958
2009-03-01,962
2009-03-01,954
2009-03-02,934.5
2009-03-02,935
2009-03-02,935
2009-03-02,934
2009-03-03,921
2009-03-03,921
2009-03-03,926
2009-03-03,916
2009-03-04,909
2009-03-04,909
2009-03-04,912
2009-03-04,906
2009-03-05,906
2009-03-05,906
2009-03-05,906
2009-03-05,906
2009-03-06,901.5
2009-03-06,902
2009-03-06,903
2009-03-06,900
2009-03-07,894
2009-03-07,894
2009-03-07,896
2009-03-07,892
2009-03-08,889.5
2009-03-08,890
2009-03-08,889
2009-03-08,890
2009-03-09,881
2009-03-09,881
2009-03-09,882
2009-03-09,880
2009-03-10,879
2009-03-10,879
2009-03-10,879
2009-03-10,879
2009-03-11,882
2009-03-11,882
2009-03-11,882
2009-03-11,882
2009-03-12,884
2009-03-12,884
2009-03-12,881
2009-03-12,887
2009-03-13,880
2009-03-13,880
2009-03-13,882
2009-03-13,878
2009-03-14,874
2009-03-14,874
2009-03-14,876
2009-03-14,872
2009-03-15,880.5
2009-03-15,880
2009-03-15,880
2009-03-15,881
2009-03-16,884.5
2009-03-16,885
2009-03-16,884
2009-03-16,885
2009-03-17,889
2009-03-17,889
2009-03-17,888
2009-03-17,890
2009-03-18,893.5
2009-03-18,894
2009-03-18,892
2009-03-18,895
2009-03-19,899
2009-03-19,899
2009-03-19,892
2009-03-19,906
2009-03-20,911.5
2009-03-20,912
2009-03-20,910
2009-03-20,913
2009-03-21,914
2009-03-21,914
2009-03-21,912
2009-03-21,916
2009-03-22,915
2009-03-22,915
2009-03-22,916
2009-03-22,914
2009-03-23,914
2009-03-23,914
2009-03-23,914
2009-03-23,914
2009-03-24,912
2009-03-24,912
2009-03-24,908
2009-03-24,916
2009-03-25,901
2009-03-25,901
2009-03-25,902
2009-03-25,900
2009-03-26,899
2009-03-26,899
2009-03-26,900
2009-03-26,898
2009-03-27,896.5
2009-03-27,896
2009-03-27,897
2009-03-27,896
2009-03-28,906
2009-03-28,906
2009-03-28,902
2009-03-28,910
2009-03-29,921
2009-03-29,921
2009-03-29,920
2009-03-29,922
2009-03-30,924
2009-03-30,924
2009-03-30,924
2009-03-30,924
2009-03-31,925
2009-03-31,925
2009-03-31,924
2009-03-31,926
2009-04-01,926
2009-04-01,926
2009-04-01,926
2009-04-01,926
2009-04-02,931
2009-04-02,931
2009-04-02,930
2009-04-02,932
2009-04-03,936
2009-04-03,936
2009-04-03,936
2009-04-03,936
2009-04-04,933.5
2009-04-04,934
2009-04-04,935
2009-04-04,932
2009-04-05,935
2009-04-05,935
2009-04-05,936
2009-04-05,934
2009-04-06,938
2009-04-06,938
2009-04-06,938
2009-04-06,938
2009-04-07,957
2009-04-07,957
2009-04-07,954
2009-04-07,960
2009-04-08,967
2009-04-08,967
2009-04-08,966
2009-04-08,968
2009-04-09,964.5
2009-04-09,964
2009-04-09,968
2009-04-09,961
2009-04-10,954
2009-04-10,954
2009-04-10,956
2009-04-10,952
2009-04-11,948
2009-04-11,948
2009-04-11,948
2009-04-11,948
2009-04-12,948
2009-04-12,948
2009-04-12,948
2009-04-12,948
2009-04-13,964.5
2009-04-13,964
2009-04-13,956
2009-04-13,973
2009-04-14,1004.5
2009-04-14,1004
2009-04-14,999
2009-04-14,1010
2009-04-15,1038
2009-04-15,1038
2009-04-15,1034
2009-04-15,1042
2009-04-16,1045.5
2009-04-16,1046
2009-04-16,1045
2009-04-16,1046
2009-04-17,1045
2009-04-17,1045
2009-04-17,1046
2009-04-17,1044
2009-04-18,1039
2009-04-18,1039
2009-04-18,1040
2009-04-18,1038
2009-04-19,1035
2009-04-19,1035
2009-04-19,1036
2009-04-19,1034
2009-04-20,1041
2009-04-20,1041
2009-04-20,1040
2009-04-20,1042
2009-04-21,1047
2009-04-21,1047
2009-04-21,1046
2009-04-21,1048
2009-04-22,1056
2009-04-22,1056
2009-04-22,1056
2009-04-22,1056
2009-04-23,1056.5
2009-04-23,1056
2009-04-23,1056
2009-04-23,1057
2009-04-24,1064.5
2009-04-24,1064
2009-04-24,1062
2009-04-24,1067
2009-04-25,1084.5
2009-04-25,1084
2009-04-25,1083
2009-04-25,1086
2009-04-26,1082
2009-04-26,1082
2009-04-26,1083
2009-04-26,1081
2009-04-27,1083.5
2009-04-27,1084
2009-04-27,1082
2009-04-27,1085
2009-04-28,1094.5
2009-04-28,1094
2009-04-28,1092
2009-04-28,1097
2009-04-29,1103
2009-04-29,1103
2009-04-29,1101
2009-04-29,1105
2009-04-30,1112
2009-04-30,1112
2009-04-30,1114
2009-04-30,1110
2009-05-01,1128
2009-05-01,1127.5
2009-05-01,1126
2009-05-01,1129
2009-05-02,1142
2009-05-02,1141.5
2009-05-02,1135
2009-05-02,1148
2009-05-03,1159
2009-05-03,1159
2009-05-03,1154
2009-05-03,1164
2009-05-04,1192
2009-05-04,1192.5
2009-05-04,1184
2009-05-04,1201
2009-05-05,1224
2009-05-05,1224
2009-05-05,1220
2009-05-05,1228
2009-05-06,1240
2009-05-06,1239.5
2009-05-06,1237
2009-05-06,1242
2009-05-07,1250
2009-05-07,1250
2009-05-07,1248
2009-05-07,1252
2009-05-08,1258
2009-05-08,1258
2009-05-08,1257
2009-05-08,1259
2009-05-09,1270
2009-05-09,1269.5
2009-05-09,1269
2009-05-09,1270
2009-05-10,1267
2009-05-10,1267
2009-05-10,1268
2009-05-10,1266
2009-05-11,1258
2009-05-11,1258
2009-05-11,1259
2009-05-11,1257
2009-05-12,1240
2009-05-12,1240.5
2009-05-12,1245
2009-05-12,1236
2009-05-13,1221
2009-05-13,1221
2009-05-13,1224
2009-05-13,1218
2009-05-14,1214
2009-05-14,1214
2009-05-14,1216
2009-05-14,1212
2009-05-15,1205
2009-05-15,1205
2009-05-15,1207
2009-05-15,1203
2009-05-16,1198
2009-05-16,1198
2009-05-16,1200
2009-05-16,1196
2009-05-17,1187
2009-05-17,1187
2009-05-17,1190
2009-05-17,1184
2009-05-18,1172
2009-05-18,1171.5
2009-05-18,1175
2009-05-18,1168
2009-05-19,1166
2009-05-19,1165.5
2009-05-19,1168
2009-05-19,1163
2009-05-20,1166
2009-05-20,1166.5
2009-05-20,1167
2009-05-20,1166
2009-05-21,1162
2009-05-21,1162
2009-05-21,1164
2009-05-21,1160
2009-05-22,1150
2009-05-22,1149.5
2009-05-22,1153
2009-05-22,1146
2009-05-23,1134
2009-05-23,1134
2009-05-23,1138
2009-05-23,1130
2009-05-24,1121
2009-05-24,1121
2009-05-24,1126
2009-05-24,1116
2009-05-25,1099
2009-05-25,1099
2009-05-25,1104
2009-05-25,1094
2009-05-26,1075
2009-05-26,1075
2009-05-26,1080
2009-05-26,1070
2009-05-27,1046
2009-05-27,1046
2009-05-27,1052
2009-05-27,1040
2009-05-28,1024
2009-05-28,1023.5
2009-05-28,1028
2009-05-28,1019
2009-05-29,1004
2009-05-29,1004
2009-05-29,1008
2009-05-29,1000
2009-05-30,985
2009-05-30,985
2009-05-30,988
2009-05-30,982
2009-05-31,975
2009-05-31,975
2009-05-31,976
2009-05-31,974
2009-06-01,970
2009-06-01,970.5
2009-06-01,973
2009-06-01,968
2009-06-02,954
2009-06-02,954
2009-06-02,960
2009-06-02,948
2009-06-03,934
2009-06-03,934
2009-06-03,944
2009-06-03,924
2009-06-04,908
2009-06-04,908
2009-06-04,912
2009-06-04,904
2009-06-05,889
2009-06-05,889
2009-06-05,894
2009-06-05,884
2009-06-06,872
2009-06-06,872
2009-06-06,876
2009-06-06,868
2009-06-07,857
2009-06-07,857
2009-06-07,860
2009-06-07,854
2009-06-08,843
2009-06-08,842.5
2009-06-08,848
2009-06-08,837
2009-06-09,826
2009-06-09,826
2009-06-09,830
2009-06-09,822
2009-06-10,811
2009-06-10,811
2009-06-10,816
2009-06-10,806
2009-06-11,790
2009-06-11,790.5
2009-06-11,796
2009-06-11,785
2009-06-12,778
2009-06-12,778.5
2009-06-12,783
2009-06-12,774
2009-06-13,759
2009-06-13,759
2009-06-13,764
2009-06-13,754
2009-06-14,742
2009-06-14,742
2009-06-14,746
2009-06-14,738
2009-06-15,724
2009-06-15,724
2009-06-15,728
2009-06-15,720
2009-06-16,706
2009-06-16,705.5
2009-06-16,708
2009-06-16,703
2009-06-17,690
2009-06-17,690
2009-06-17,694
2009-06-17,686
2009-06-18,675
2009-06-18,675
2009-06-18,680
2009-06-18,670
2009-06-19,658
2009-06-19,658
2009-06-19,662
2009-06-19,654
2009-06-20,644
2009-06-20,643.5
2009-06-20,646
2009-06-20,641
2009-06-21,632
2009-06-21,632
2009-06-21,634
2009-06-21,630
2009-06-22,624
2009-06-22,624
2009-06-22,626
2009-06-22,622
2009-06-23,614
2009-06-23,613.5
2009-06-23,616
2009-06-23,611
2009-06-24,604
2009-06-24,603.5
2009-06-24,606
2009-06-24,601
2009-06-25,592
2009-06-25,592.5
2009-06-25,594
2009-06-25,591
2009-06-26,584
2009-06-26,584.5
2009-06-26,587
2009-06-26,582
2009-06-27,573
2009-06-27,573
2009-06-27,576
2009-06-27,570
2009-06-28,565
2009-06-28,565
2009-06-28,566
2009-06-28,564
2009-06-29,556
2009-06-29,556.5
2009-06-29,562
2009-06-29,551
2009-06-30,554
2009-06-30,553.5
2009-06-30,555
2009-06-30,552
2009-07-01,548
2009-07-01,548.5
2009-07-01,550
2009-07-01,547
2009-07-02,544
2009-07-02,543.5
2009-07-02,545
2009-07-02,542
2009-07-03,538
2009-07-03,538.5
2009-07-03,540
2009-07-03,537
2009-07-04,528
2009-07-04,528.5
2009-07-04,530
2009-07-04,527
2009-07-05,522
2009-07-05,522
2009-07-05,522
2009-07-05,522
2009-07-06,516
2009-07-06,516
2009-07-06,518
2009-07-06,514
2009-07-07,508
2009-07-07,507.5
2009-07-07,509
2009-07-07,506
2009-07-08,503
2009-07-08,502.5
2009-07-08,504
2009-07-08,501
2009-07-09,491
2009-07-09,491
2009-07-09,494
2009-07-09,488
2009-07-10,478
2009-07-10,477.5
2009-07-10,485
2009-07-10,470
2009-07-11,478
2009-07-11,478.5
2009-07-11,479
2009-07-11,478
2009-07-12,475
2009-07-12,475
2009-07-12,476
2009-07-12,474
2009-07-13,472
2009-07-13,472
2009-07-13,474
2009-07-13,470
2009-07-14,468
2009-07-14,468
2009-07-14,470
2009-07-14,466
2009-07-15,457
2009-07-15,457
2009-07-15,460
2009-07-15,454
2009-07-16,448
2009-07-16,448
2009-07-16,450
2009-07-16,446
2009-07-17,440
2009-07-17,440
2009-07-17,442
2009-07-17,438
2009-07-18,431
2009-07-18,431
2009-07-18,434
2009-07-18,428
2009-07-19,424
2009-07-19,424
2009-07-19,426
2009-07-19,422
2009-07-20,419
2009-07-20,419
2009-07-20,420
2009-07-20,418
2009-07-21,416
2009-07-21,415.5
2009-07-21,416
2009-07-21,415
2009-07-22,412
2009-07-22,412
2009-07-22,413
2009-07-22,411
2009-07-23,410
2009-07-23,409.5
2009-07-23,410
2009-07-23,409
2009-07-24,403
2009-07-24,402.5
2009-07-24,407
2009-07-24,398
2009-07-25,391
2009-07-25,391
2009-07-25,393
2009-07-25,389
2009-07-26,387
2009-07-26,387
2009-07-26,388
2009-07-26,386
2009-07-27,366
2009-07-27,365.5
2009-07-27,366
2009-07-27,365
2009-07-28,363
2009-07-28,363
2009-07-28,364
2009-07-28,362
2009-07-29,374
2009-07-29,374.5
2009-07-29,372
2009-07-29,377
2009-07-30,372
2009-07-30,372.5
2009-07-30,374
2009-07-30,371
2009-07-31,364
2009-07-31,364
2009-07-31,366
2009-07-31,362
2009-08-01,353
2009-08-01,353
2009-08-01,355
2009-08-01,351
2009-08-02,344
2009-08-02,343.5
2009-08-02,345
2009-08-02,342
2009-08-03,340
2009-08-03,339.5
2009-08-03,340
2009-08-03,339
2009-08-04,332
2009-08-04,332.5
2009-08-04,334
2009-08-04,331
2009-08-05,326
2009-08-05,326
2009-08-05,327
2009-08-05,325
2009-08-06,319
2009-08-06,319
2009-08-06,320
2009-08-06,318
2009-08-07,313
2009-08-07,313
2009-08-07,314
2009-08-07,312
2009-08-08,314
2009-08-08,314
2009-08-08,310
2009-08-08,318
2009-08-09,303
2009-08-09,303
2009-08-09,303
2009-08-09,303
2009-08-10,302
2009-08-10,301.5
2009-08-10,302
2009-08-10,301
2009-08-11,298
2009-08-11,298
2009-08-11,299
2009-08-11,297
2009-08-12,295
2009-08-12,295
2009-08-12,296
2009-08-12,294
2009-08-13,290
2009-08-13,290.5
2009-08-13,293
2009-08-13,288
2009-08-14,286
2009-08-14,286
2009-08-14,287
2009-08-14,285
2009-08-15,282
2009-08-15,282
2009-08-15,283
2009-08-15,281
2009-08-16,277
2009-08-16,277
2009-08-16,278
2009-08-16,276
2009-08-17,274
2009-08-17,274.5
2009-08-17,274
2009-08-17,275
2009-08-18,276
2009-08-18,275.5
2009-08-18,275
2009-08-18,276
2009-08-19,274
2009-08-19,273.5
2009-08-19,274
2009-08-19,273
2009-08-20,270
2009-08-20,270
2009-08-20,272
2009-08-20,268
2009-08-21,266
2009-08-21,266.5
2009-08-21,267
2009-08-21,266
2009-08-22,263
2009-08-22,263
2009-08-22,264
2009-08-22,262
2009-08-23,260
2009-08-23,260
2009-08-23,260
2009-08-23,260
2009-08-24,260
2009-08-24,260.5
2009-08-24,259
2009-08-24,262
2009-08-25,264
2009-08-25,263.5
2009-08-25,263
2009-08-25,264
2009-08-26,264
2009-08-26,264.5
2009-08-26,265
2009-08-26,264
2009-08-27,263
2009-08-27,263
2009-08-27,263
2009-08-27,263
2009-08-28,262
2009-08-28,261.5
2009-08-28,262
2009-08-28,261
2009-08-29,258
2009-08-29,258.5
2009-08-29,259
2009-08-29,258
2009-08-30,256
2009-08-30,256.5
2009-08-30,257
2009-08-30,256
2009-08-31,258
2009-08-31,257.5
2009-08-31,258
2009-08-31,257
2009-09-01,256.5
2009-09-01,256
2009-09-01,257
2009-09-01,256
2009-09-02,254.5
2009-09-02,254
2009-09-02,255
2009-09-02,254
2009-09-03,252.5
2009-09-03,252
2009-09-03,255
2009-09-03,250
2009-09-04,247.5
2009-09-04,248
2009-09-04,249
2009-09-04,246
2009-09-05,244.5
2009-09-05,244
2009-09-05,245
2009-09-05,244
2009-09-06,243
2009-09-06,243
2009-09-06,244
2009-09-06,242
2009-09-07,239.5
2009-09-07,240
2009-09-07,240
2009-09-07,239
2009-09-08,237.5
2009-09-08,238
2009-09-08,238
2009-09-08,237
2009-09-09,235.5
2009-09-09,236
2009-09-09,236
2009-09-09,235
2009-09-10,237
2009-09-10,237
2009-09-10,236
2009-09-10,238
2009-09-11,233.5
2009-09-11,234
2009-09-11,238
2009-09-11,229
2009-09-12,230.5
2009-09-12,231
2009-09-12,230
2009-09-12,231
2009-09-13,241
2009-09-13,241
2009-09-13,240
2009-09-13,242
2009-09-14,243
2009-09-14,243
2009-09-14,242
2009-09-14,244
2009-09-15,245.5
2009-09-15,246
2009-09-15,245
2009-09-15,246
2009-09-16,247
2009-09-16,247
2009-09-16,247
2009-09-16,247
2009-09-17,248.5
2009-09-17,248
2009-09-17,248
2009-09-17,249
2009-09-18,249.5
2009-09-18,250
2009-09-18,249
2009-09-18,250
2009-09-19,251.5
2009-09-19,252
2009-09-19,251
2009-09-19,252
2009-09-20,244.5
2009-09-20,244
2009-09-20,245
2009-09-20,244
2009-09-21,243
2009-09-21,243
2009-09-21,243
2009-09-21,243
2009-09-22,237.5
2009-09-22,238
2009-09-22,242
2009-09-22,233
2009-09-23,231.5
2009-09-23,232
2009-09-23,232
2009-09-23,231
2009-09-24,228.5
2009-09-24,228
2009-09-24,229
2009-09-24,228
2009-09-25,226
2009-09-25,226
2009-09-25,227
2009-09-25,225
2009-09-26,226.5
2009-09-26,226
2009-09-26,227
2009-09-26,226
2009-09-27,224.5
2009-09-27,224
2009-09-27,225
2009-09-27,224
2009-09-28,227
2009-09-28,227
2009-09-28,226
2009-09-28,228
2009-09-29,228.5
2009-09-29,228
2009-09-29,228
2009-09-29,229
2009-09-30,231.5
2009-09-30,232
2009-09-30,231
2009-09-30,232
2009-10-01,234
2009-10-01,233.5
2009-10-01,233
2009-10-01,234
2009-10-02,234
2009-10-02,234
2009-10-02,234
2009-10-02,234
2009-10-03,233
2009-10-03,232.5
2009-10-03,233
2009-10-03,232
2009-10-04,234
2009-10-04,233.5
2009-10-04,232
2009-10-04,235
2009-10-05,237
2009-10-05,236.5
2009-10-05,236
2009-10-05,237
2009-10-06,234
2009-10-06,233.5
2009-10-06,238
2009-10-06,229
2009-10-07,226
2009-10-07,226.5
2009-10-07,227
2009-10-07,226
2009-10-08,224
2009-10-08,224.5
2009-10-08,225
2009-10-08,224
2009-10-09,222
2009-10-09,222.5
2009-10-09,223
2009-10-09,222
2009-10-10,221
2009-10-10,221
2009-10-10,221
2009-10-10,221
2009-10-11,220
2009-10-11,220.5
2009-10-11,219
2009-10-11,222
2009-10-12,224
2009-10-12,223.5
2009-10-12,223
2009-10-12,224
2009-10-13,238
2009-10-13,238.5
2009-10-13,239
2009-10-13,238
2009-10-14,238
2009-10-14,237.5
2009-10-14,238
2009-10-14,237
2009-10-15,256
2009-10-15,256.5
2009-10-15,256
2009-10-15,257
2009-10-16,262
2009-10-16,262
2009-10-16,258
2009-10-16,266
2009-10-17,269
2009-10-17,269
2009-10-17,268
2009-10-17,270
2009-10-18,273
2009-10-18,273
2009-10-18,272
2009-10-18,274
2009-10-19,274
2009-10-19,274
2009-10-19,273
2009-10-19,275
2009-10-20,274
2009-10-20,274.5
2009-10-20,277
2009-10-20,272
2009-10-21,284
2009-10-21,284
2009-10-21,279
2009-10-21,289
2009-10-22,293
2009-10-22,293
2009-10-22,292
2009-10-22,294
2009-10-23,298
2009-10-23,298
2009-10-23,297
2009-10-23,299
2009-10-24,282
2009-10-24,251.5
2009-10-24,301
2009-10-24,202
2009-10-25,286
2009-10-25,256.5
2009-10-25,305
2009-10-25,208
2009-10-26,292
2009-10-26,261.5
2009-10-26,262
2009-10-26,261
2009-10-27,288
2009-10-27,258
2009-10-27,259
2009-10-27,257
2009-10-28,301
2009-10-28,271
2009-10-28,256
2009-10-28,286
2009-10-29,302
2009-10-29,302
2009-10-29,301
2009-10-29,303
2009-10-30,304
2009-10-30,303.5
2009-10-30,306
2009-10-30,301
2009-10-31,300
2009-10-31,299.5
2009-10-31,301
2009-10-31,298
2009-11-01,306
2009-11-01,305.5
2009-11-01,304
2009-11-01,307
2009-11-02,310
2009-11-02,309.5
2009-11-02,308
2009-11-02,311
2009-11-03,326
2009-11-03,326
2009-11-03,324
2009-11-03,328
2009-11-04,334
2009-11-04,333.5
2009-11-04,332
2009-11-04,335
2009-11-05,338
2009-11-05,338.5
2009-11-05,338
2009-11-05,339
2009-11-06,345
2009-11-06,345
2009-11-06,344
2009-11-06,346
2009-11-07,355
2009-11-07,355
2009-11-07,348
2009-11-07,362
2009-11-08,366
2009-11-08,365.5
2009-11-08,364
2009-11-08,367
2009-11-09,373
2009-11-09,373
2009-11-09,372
2009-11-09,374
2009-11-10,392
2009-11-10,392.5
2009-11-10,376
2009-11-10,409
2009-11-11,412
2009-11-11,412
2009-11-11,411
2009-11-11,413
2009-11-12,428
2009-11-12,427.5
2009-11-12,415
2009-11-12,440
2009-11-13,444
2009-11-13,444.5
2009-11-13,443
2009-11-13,446
2009-11-14,446
2009-11-14,445.5
2009-11-14,448
2009-11-14,443
2009-11-15,422
2009-11-15,422.5
2009-11-15,424
2009-11-15,421
2009-11-16,426
2009-11-16,425.5
2009-11-16,418
2009-11-16,433
2009-11-17,442
2009-11-17,442.5
2009-11-17,440
2009-11-17,445
2009-11-18,463
2009-11-18,463
2009-11-18,462
2009-11-18,464
2009-11-19,464
2009-11-19,463.5
2009-11-19,467
2009-11-19,460
2009-11-20,461
2009-11-20,460.5
2009-11-20,460
2009-11-20,461
2009-11-21,463
2009-11-21,463
2009-11-21,462
2009-11-21,464
2009-11-22,468
2009-11-22,468
2009-11-22,468
2009-11-22,468
2009-11-23,474
2009-11-23,474.5
2009-11-23,471
2009-11-23,478
2009-11-24,482
2009-11-24,481.5
2009-11-24,480
2009-11-24,483
2009-11-25,484
2009-11-25,483.5
2009-11-25,483
2009-11-25,484
2009-11-26,486
2009-11-26,486
2009-11-26,485
2009-11-26,487
2009-11-27,462
2009-11-27,462
2009-11-27,466
2009-11-27,458
2009-11-28,450
2009-11-28,450
2009-11-28,450
2009-11-28,450
2009-11-29,456
2009-11-29,456
2009-11-29,456
2009-11-29,456
2009-11-30,464
2009-11-30,464.5
2009-11-30,462
2009-11-30,467
2009-12-01,470
2009-12-01,469.5
2009-12-01,473
2009-12-01,466
2009-12-02,464
2009-12-02,463.5
2009-12-02,464
2009-12-02,463
2009-12-03,457
2009-12-03,457
2009-12-03,458
2009-12-03,456
2009-12-04,454
2009-12-04,454
2009-12-04,454
2009-12-04,454
2009-12-05,458
2009-12-05,458.5
2009-12-05,458
2009-12-05,459
2009-12-06,464
2009-12-06,463.5
2009-12-06,462
2009-12-06,465
2009-12-07,476
2009-12-07,476
2009-12-07,472
2009-12-07,480
2009-12-08,493
2009-12-08,493.5
2009-12-08,491
2009-12-08,496
2009-12-09,505
2009-12-09,505
2009-12-09,502
2009-12-09,508
2009-12-10,512
2009-12-10,512
2009-12-10,512
2009-12-10,512
2009-12-11,516
2009-12-11,515.5
2009-12-11,515
2009-12-11,516
2009-12-12,530
2009-12-12,529.5
2009-12-12,524
2009-12-12,535
2009-12-13,552
2009-12-13,552
2009-12-13,536
2009-12-13,568
2009-12-14,592
2009-12-14,592
2009-12-14,588
2009-12-14,596
2009-12-15,605
2009-12-15,605
2009-12-15,604
2009-12-15,606
2009-12-16,612
2009-12-16,612
2009-12-16,614
2009-12-16,610
2009-12-17,606
2009-12-17,606.5
2009-12-17,608
2009-12-17,605
2009-12-18,599
2009-12-18,599
2009-12-18,601
2009-12-18,597
2009-12-19,591
2009-12-19,591
2009-12-19,592
2009-12-19,590
2009-12-20,589
2009-12-20,589
2009-12-20,589
2009-12-20,589
2009-12-21,590
2009-12-21,590.5
2009-12-21,591
2009-12-21,590
2009-12-22,587
2009-12-22,587
2009-12-22,586
2009-12-22,588
2009-12-23,586
2009-12-23,585.5
2009-12-23,586
2009-12-23,585
2009-12-24,587
2009-12-24,587
2009-12-24,586
2009-12-24,588
2009-12-25,587
2009-12-25,587
2009-12-25,588
2009-12-25,586
2009-12-26,586
2009-12-26,586
2009-12-26,586
2009-12-26,586
2009-12-27,590
2009-12-27,590
2009-12-27,590
2009-12-27,590
2009-12-28,598
2009-12-28,598
2009-12-28,598
2009-12-28,598
2009-12-29,594
2009-12-29,594.5
2009-12-29,596
2009-12-29,593
2009-12-30,588
2009-12-30,587.5
2009-12-30,588
2009-12-30,587
2009-12-31,587
2009-12-31,587
2009-12-31,587
2009-12-31,587
2010-01-01,612
2010-01-01,611.5
2010-01-01,605
2010-01-01,618
2010-01-02,669
2010-01-02,669
2010-01-02,650
2010-01-02,688
2010-01-03,740
2010-01-03,740
2010-01-03,730
2010-01-03,750
2010-01-04,772
2010-01-04,772
2010-01-04,768
2010-01-04,776
2010-01-05,790
2010-01-05,789.5
2010-01-05,784
2010-01-05,795
2010-01-06,814
2010-01-06,814
2010-01-06,808
2010-01-06,820
2010-01-07,840
2010-01-07,840
2010-01-07,840
2010-01-07,840
2010-01-08,866
2010-01-08,866
2010-01-08,862
2010-01-08,870
2010-01-09,874
2010-01-09,874.5
2010-01-09,874
2010-01-09,875
2010-01-10,867
2010-01-10,867
2010-01-10,870
2010-01-10,864
2010-01-11,849
2010-01-11,849.5
2010-01-11,854
2010-01-11,845
2010-01-12,829
2010-01-12,829
2010-01-12,833
2010-01-12,825
2010-01-13,819
2010-01-13,819
2010-01-13,822
2010-01-13,816
2010-01-14,814
2010-01-14,814.5
2010-01-14,815
2010-01-14,814
2010-01-15,820
2010-01-15,820.5
2010-01-15,819
2010-01-15,822
2010-01-16,825
2010-01-16,825
2010-01-16,828
2010-01-16,822
2010-01-17,836
2010-01-17,836
2010-01-17,834
2010-01-17,838
2010-01-18,845
2010-01-18,845
2010-01-18,842
2010-01-18,848
2010-01-19,838
2010-01-19,837.5
2010-01-19,843
2010-01-19,832
2010-01-20,826
2010-01-20,825.5
2010-01-20,829
2010-01-20,822
2010-01-21,810
2010-01-21,810.5
2010-01-21,814
2010-01-21,807
2010-01-22,772
2010-01-22,721.5
2010-01-22,722
2010-01-22,721
2010-01-23,777
2010-01-23,777
2010-01-23,780
2010-01-23,774
2010-01-24,766
2010-01-24,765.5
2010-01-24,767
2010-01-24,764
2010-01-25,752
2010-01-25,751.5
2010-01-25,743
2010-01-25,760
2010-01-26,759
2010-01-26,759
2010-01-26,758
2010-01-26,760
2010-01-27,768
2010-01-27,767.5
2010-01-27,764
2010-01-27,771
2010-01-28,796
2010-01-28,796.5
2010-01-28,788
2010-01-28,805
2010-01-29,830
2010-01-29,830.5
2010-01-29,824
2010-01-29,837
2010-01-30,857
2010-01-30,857.5
2010-01-30,853
2010-01-30,862
2010-01-31,869
2010-01-31,869
2010-01-31,868
2010-01-31,870
2010-02-01,873.5
2010-02-01,874
2010-02-01,873
2010-02-01,874
2010-02-02,876.5
2010-02-02,876
2010-02-02,875
2010-02-02,878
2010-02-03,888
2010-02-03,888
2010-02-03,884
2010-02-03,892
2010-02-04,812
2010-02-04,892
2010-02-04,822
2010-02-04,802
2010-02-05,895
2010-02-05,895
2010-02-05,898
2010-02-05,892
2010-02-06,876.5
2010-02-06,876
2010-02-06,882
2010-02-06,871
2010-02-07,858
2010-02-07,858
2010-02-07,862
2010-02-07,854
2010-02-08,847.5
2010-02-08,848
2010-02-08,847
2010-02-08,848
2010-02-09,849
2010-02-09,849
2010-02-09,848
2010-02-09,850
2010-02-10,863.5
2010-02-10,864
2010-02-10,859
2010-02-10,868
2010-02-11,886.5
2010-02-11,886
2010-02-11,881
2010-02-11,892
2010-02-12,898
2010-02-12,898
2010-02-12,897
2010-02-12,899
2010-02-13,898.5
2010-02-13,898
2010-02-13,899
2010-02-13,898
2010-02-14,850.5
2010-02-14,901
2010-02-14,800
2010-02-14,901
2010-02-15,903
2010-02-15,903
2010-02-15,904
2010-02-15,902
2010-02-16,902
2010-02-16,902
2010-02-16,902
2010-02-16,902
2010-02-17,894.5
2010-02-17,894
2010-02-17,897
2010-02-17,892
2010-02-18,883.5
2010-02-18,884
2010-02-18,887
2010-02-18,880
2010-02-19,875.5
2010-02-19,876
2010-02-19,876
2010-02-19,875
2010-02-20,875.5
2010-02-20,876
2010-02-20,876
2010-02-20,875
2010-02-21,876
2010-02-21,876
2010-02-21,874
2010-02-21,878
2010-02-22,883
2010-02-22,883
2010-02-22,882
2010-02-22,884
2010-02-23,891.5
2010-02-23,891
2010-02-23,890
2010-02-23,893
2010-02-24,893
2010-02-24,893
2010-02-24,893
2010-02-24,893
2010-02-25,889
2010-02-25,889
2010-02-25,890
2010-02-25,888
2010-02-26,883
2010-02-26,883
2010-02-26,884
2010-02-26,882
2010-02-27,884
2010-02-27,884
2010-02-27,880
2010-02-27,888
2010-02-28,891
2010-02-28,891
2010-02-28,892
2010-02-28,890
2010-03-01,888
2010-03-01,887.5
2010-03-01,889
2010-03-01,886
2010-03-02,884
2010-03-02,884
2010-03-02,885
2010-03-02,883
2010-03-03,880
2010-03-03,880
2010-03-03,882
2010-03-03,878
2010-03-04,873
2010-03-04,873
2010-03-04,874
2010-03-04,872
2010-03-05,872
2010-03-05,872
2010-03-05,871
2010-03-05,873
2010-03-06,881
2010-03-06,881
2010-03-06,880
2010-03-06,882
2010-03-07,886
2010-03-07,886.5
2010-03-07,886
2010-03-07,887
2010-03-08,882
2010-03-08,882.5
2010-03-08,884
2010-03-08,881
2010-03-09,877
2010-03-09,877
2010-03-09,878
2010-03-09,876
2010-03-10,874
2010-03-10,874.5
2010-03-10,875
2010-03-10,874
2010-03-11,878
2010-03-11,878.5
2010-03-11,877
2010-03-11,880
2010-03-12,881
2010-03-12,881
2010-03-12,880
2010-03-12,882
2010-03-13,883
2010-03-13,883
2010-03-13,882
2010-03-13,884
2010-03-14,887
2010-03-14,887
2010-03-14,886
2010-03-14,888
2010-03-15,889
2010-03-15,889
2010-03-15,889
2010-03-15,889
2010-03-16,886
2010-03-16,886.5
2010-03-16,888
2010-03-16,885
2010-03-17,887
2010-03-17,887
2010-03-17,886
2010-03-17,888
2010-03-18,888
2010-03-18,888
2010-03-18,888
2010-03-18,888
2010-03-19,893
2010-03-19,893
2010-03-19,890
2010-03-19,896
2010-03-20,904
2010-03-20,904
2010-03-20,904
2010-03-20,904
2010-03-21,903
2010-03-21,903
2010-03-21,904
2010-03-21,902
2010-03-22,916
2010-03-22,916
2010-03-22,906
2010-03-22,926
2010-03-23,928
2010-03-23,928
2010-03-23,927
2010-03-23,929
2010-03-24,936
2010-03-24,936
2010-03-24,935
2010-03-24,937
2010-03-25,942
2010-03-25,942
2010-03-25,940
2010-03-25,944
2010-03-26,948
2010-03-26,947.5
2010-03-26,948
2010-03-26,947
2010-03-27,945
2010-03-27,945
2010-03-27,946
2010-03-27,944
2010-03-28,942
2010-03-28,942
2010-03-28,942
2010-03-28,942
2010-03-29,940
2010-03-29,940.5
2010-03-29,940
2010-03-29,941
2010-03-30,948
2010-03-30,948
2010-03-30,946
2010-03-30,950
2010-03-31,952
2010-03-31,952
2010-03-31,952
2010-03-31,952
2010-04-01,952
2010-04-01,952
2010-04-01,952
2010-04-01,952
2010-04-02,951
2010-04-02,951
2010-04-02,951
2010-04-02,951
2010-04-03,957
2010-04-03,957
2010-04-03,958
2010-04-03,956
2010-04-04,960
2010-04-04,960
2010-04-04,959
2010-04-04,960
2010-04-05,970
2010-04-05,970
2010-04-05,967
2010-04-05,972
2010-04-06,989
2010-04-06,989
2010-04-06,984
2010-04-06,993
2010-04-07,1015
2010-04-07,1015
2010-04-07,1010
2010-04-07,1020
2010-04-08,1032
2010-04-08,1032
2010-04-08,1032
2010-04-08,1032
2010-04-09,1037
2010-04-09,1037
2010-04-09,1035
2010-04-09,1038
2010-04-10,1054
2010-04-10,1054
2010-04-10,1048
2010-04-10,1060
2010-04-11,1093
2010-04-11,1093
2010-04-11,1080
2010-04-11,1106
2010-04-12,1133
2010-04-12,1133
2010-04-12,1126
2010-04-12,1139
2010-04-13,1161
2010-04-13,1161
2010-04-13,1157
2010-04-13,1165
2010-04-14,1182
2010-04-14,1182
2010-04-14,1178
2010-04-14,1186
2010-04-15,1197
2010-04-15,1197
2010-04-15,1195
2010-04-15,1198
2010-04-16,1199
2010-04-16,1199
2010-04-16,1200
2010-04-16,1197
2010-04-17,1184
2010-04-17,1184
2010-04-17,1188
2010-04-17,1180
2010-04-18,1163
2010-04-18,1163
2010-04-18,1168
2010-04-18,1158
2010-04-19,1133
2010-04-19,1133
2010-04-19,1144
2010-04-19,1122
2010-04-20,1111
2010-04-20,1111
2010-04-20,1116
2010-04-20,1106
2010-04-21,1084
2010-04-21,1084
2010-04-21,1090
2010-04-21,1078
2010-04-22,1057
2010-04-22,1057
2010-04-22,1062
2010-04-22,1052
2010-04-23,1031
2010-04-23,1031
2010-04-23,1037
2010-04-23,1025
2010-04-24,1001
2010-04-24,1001
2010-04-24,1009
2010-04-24,992
2010-04-25,974
2010-04-25,974
2010-04-25,979
2010-04-25,968
2010-04-26,951
2010-04-26,951
2010-04-26,956
2010-04-26,946
2010-04-27,926
2010-04-27,926
2010-04-27,931
2010-04-27,920
2010-04-28,900
2010-04-28,900
2010-04-28,905
2010-04-28,894
2010-04-29,878
2010-04-29,878
2010-04-29,882
2010-04-29,874
2010-04-30,863
2010-04-30,863
2010-04-30,866
2010-04-30,859
2010-05-01,852.5
2010-05-01,852
2010-05-01,850
2010-05-01,855
2010-05-02,828
2010-05-02,828
2010-05-02,832
2010-05-02,824
2010-05-03,813.5
2010-05-03,814
2010-05-03,816
2010-05-03,811
2010-05-04,803.5
2010-05-04,804
2010-05-04,806
2010-05-04,801
2010-05-05,794.5
2010-05-05,794
2010-05-05,798
2010-05-05,791
2010-05-06,774.5
2010-05-06,774
2010-05-06,779
2010-05-06,770
2010-05-07,757
2010-05-07,757
2010-05-07,760
2010-05-07,754
2010-05-08,748
2010-05-08,748
2010-05-08,749
2010-05-08,747
2010-05-09,745
2010-05-09,745
2010-05-09,745
2010-05-09,745
2010-05-10,746
2010-05-10,746
2010-05-10,746
2010-05-10,746
2010-05-11,743.5
2010-05-11,744
2010-05-11,745
2010-05-11,742
2010-05-12,735.5
2010-05-12,736
2010-05-12,738
2010-05-12,733
2010-05-13,721
2010-05-13,721
2010-05-13,726
2010-05-13,716
2010-05-14,698.5
2010-05-14,698
2010-05-14,705
2010-05-14,692
2010-05-15,677
2010-05-15,677
2010-05-15,682
2010-05-15,672
2010-05-16,658
2010-05-16,658
2010-05-16,660
2010-05-16,656
2010-05-17,647
2010-05-17,647
2010-05-17,650
2010-05-17,644
2010-05-18,634
2010-05-18,634
2010-05-18,638
2010-05-18,630
2010-05-19,618.5
2010-05-19,618
2010-05-19,622
2010-05-19,615
2010-05-20,605.5
2010-05-20,606
2010-05-20,608
2010-05-20,603
2010-05-21,594
2010-05-21,594
2010-05-21,596
2010-05-21,592
2010-05-22,584.5
2010-05-22,584
2010-05-22,587
2010-05-22,582
2010-05-23,577
2010-05-23,577
2010-05-23,578
2010-05-23,576
2010-05-24,578
2010-05-24,578
2010-05-24,578
2010-05-24,578
2010-05-25,574.5
2010-05-25,574
2010-05-25,576
2010-05-25,573
2010-05-26,570
2010-05-26,570
2010-05-26,572
2010-05-26,568
2010-05-27,565
2010-05-27,565
2010-05-27,566
2010-05-27,564
2010-05-28,563.5
2010-05-28,564
2010-05-28,564
2010-05-28,563
2010-05-29,559
2010-05-29,559
2010-05-29,560
2010-05-29,558
2010-05-30,560
2010-05-30,560
2010-05-30,560
2010-05-30,560
2010-05-31,570
2010-05-31,570
2010-05-31,570
2010-05-31,570
2010-06-01,572
2010-06-01,572
2010-06-01,572
2010-06-01,572
2010-06-02,570
2010-06-02,569.5
2010-06-02,571
2010-06-02,568
2010-06-03,559
2010-06-03,559
2010-06-03,562
2010-06-03,556
2010-06-04,551
2010-06-04,551
2010-06-04,554
2010-06-04,548
2010-06-05,542
2010-06-05,541.5
2010-06-05,544
2010-06-05,539
2010-06-06,532
2010-06-06,532.5
2010-06-06,534
2010-06-06,531
2010-06-07,528
2010-06-07,528.5
2010-06-07,529
2010-06-07,528
2010-06-08,526
2010-06-08,525.5
2010-06-08,526
2010-06-08,525
2010-06-09,522
2010-06-09,522.5
2010-06-09,523
2010-06-09,522
2010-06-10,518
2010-06-10,518.5
2010-06-10,520
2010-06-10,517
2010-06-11,502
2010-06-11,502
2010-06-11,503
2010-06-11,501
2010-06-12,499
2010-06-12,498.5
2010-06-12,499
2010-06-12,498
2010-06-13,491
2010-06-13,491
2010-06-13,495
2010-06-13,487
2010-06-14,482
2010-06-14,482
2010-06-14,484
2010-06-14,480
2010-06-15,475
2010-06-15,475
2010-06-15,477
2010-06-15,473
2010-06-16,468
2010-06-16,468
2010-06-16,470
2010-06-16,466
2010-06-17,460
2010-06-17,460
2010-06-17,462
2010-06-17,458
2010-06-18,452
2010-06-18,452
2010-06-18,454
2010-06-18,450
2010-06-19,444
2010-06-19,444
2010-06-19,446
2010-06-19,442
2010-06-20,437
2010-06-20,437
2010-06-20,438
2010-06-20,436
2010-06-21,432
2010-06-21,432
2010-06-21,434
2010-06-21,430
2010-06-22,427
2010-06-22,427
2010-06-22,429
2010-06-22,425
2010-06-23,421
2010-06-23,421
2010-06-23,422
2010-06-23,420
2010-06-24,415
2010-06-24,415
2010-06-24,416
2010-06-24,414
2010-06-25,411
2010-06-25,410.5
2010-06-25,413
2010-06-25,408
2010-06-26,404
2010-06-26,404
2010-06-26,406
2010-06-26,402
2010-06-27,400
2010-06-27,400
2010-06-27,402
2010-06-27,398
2010-06-28,396
2010-06-28,396.5
2010-06-28,399
2010-06-28,394
2010-06-29,394
2010-06-29,394.5
2010-06-29,395
2010-06-29,394
2010-06-30,395
2010-06-30,395
2010-06-30,394
2010-06-30,396
2010-07-01,391
2010-07-01,391
2010-07-01,392
2010-07-01,390
2010-07-02,389
2010-07-02,389
2010-07-02,390
2010-07-02,388
2010-07-03,385
2010-07-03,385
2010-07-03,386
2010-07-03,384
2010-07-04,383
2010-07-04,383
2010-07-04,384
2010-07-04,382
2010-07-05,380
2010-07-05,379.5
2010-07-05,381
2010-07-05,378
2010-07-06,370
2010-07-06,370.5
2010-07-06,373
2010-07-06,368
2010-07-07,360
2010-07-07,360
2010-07-07,362
2010-07-07,358
2010-07-08,352
2010-07-08,352
2010-07-08,354
2010-07-08,350
2010-07-09,347
2010-07-09,347
2010-07-09,348
2010-07-09,346
2010-07-10,343
2010-07-10,343
2010-07-10,344
2010-07-10,342
2010-07-11,338
2010-07-11,338
2010-07-11,340
2010-07-11,336
2010-07-12,335
2010-07-12,335
2010-07-12,335
2010-07-12,335
2010-07-13,330
2010-07-13,330
2010-07-13,332
2010-07-13,328
2010-07-14,328
2010-07-14,328.5
2010-07-14,335
2010-07-14,322
2010-07-15,318
2010-07-15,318
2010-07-15,320
2010-07-15,316
2010-07-16,310
2010-07-16,310
2010-07-16,312
2010-07-16,308
2010-07-17,304
2010-07-17,304.5
2010-07-17,305
2010-07-17,304
2010-07-18,303
2010-07-18,303
2010-07-18,302
2010-07-18,304
2010-07-19,309
2010-07-19,309
2010-07-19,310
2010-07-19,308
2010-07-20,309
2010-07-20,309
2010-07-20,310
2010-07-20,308
2010-07-21,300
2010-07-21,300
2010-07-21,302
2010-07-21,298
2010-07-22,290
2010-07-22,290
2010-07-22,292
2010-07-22,288
2010-07-23,282
2010-07-23,282
2010-07-23,284
2010-07-23,280
2010-07-24,276
2010-07-24,276
2010-07-24,278
2010-07-24,274
2010-07-25,268
2010-07-25,267.5
2010-07-25,269
2010-07-25,266
2010-07-26,259
2010-07-26,259
2010-07-26,260
2010-07-26,258
2010-07-27,250
2010-07-27,249.5
2010-07-27,250
2010-07-27,249
2010-07-28,251
2010-07-28,251
2010-07-28,250
2010-07-28,252
2010-07-29,254
2010-07-29,254.5
2010-07-29,254
2010-07-29,255
2010-07-30,254
2010-07-30,254.5
2010-07-30,255
2010-07-30,254
2010-07-31,252
2010-07-31,252
2010-07-31,254
2010-07-31,250
2010-08-01,250
2010-08-01,250
2010-08-01,250
2010-08-01,250
2010-08-02,252
2010-08-02,252.5
2010-08-02,249
2010-08-02,256
2010-08-03,255
2010-08-03,255
2010-08-03,255
2010-08-03,255
2010-08-04,252
2010-08-04,252.5
2010-08-04,253
2010-08-04,252
2010-08-05,250
2010-08-05,250.5
2010-08-05,251
2010-08-05,250
2010-08-06,249
2010-08-06,249
2010-08-06,250
2010-08-06,248
2010-08-07,248
2010-08-07,247.5
2010-08-07,246
2010-08-07,249
2010-08-08,249
2010-08-08,249
2010-08-08,250
2010-08-08,248
2010-08-09,248
2010-08-09,247.5
2010-08-09,248
2010-08-09,247
2010-08-10,244
2010-08-10,244.5
2010-08-10,245
2010-08-10,244
2010-08-11,242
2010-08-11,242
2010-08-11,242
2010-08-11,242
2010-08-12,240
2010-08-12,239.5
2010-08-12,240
2010-08-12,239
2010-08-13,237
2010-08-13,236.5
2010-08-13,237
2010-08-13,236
2010-08-14,236
2010-08-14,236
2010-08-14,234
2010-08-14,238
2010-08-15,230
2010-08-15,229.5
2010-08-15,230
2010-08-15,229
2010-08-16,228
2010-08-16,228
2010-08-16,228
2010-08-16,228
2010-08-17,232
2010-08-17,231.5
2010-08-17,231
2010-08-17,232
2010-08-18,234
2010-08-18,234
2010-08-18,233
2010-08-18,235
2010-08-19,236
2010-08-19,236
2010-08-19,236
2010-08-19,236
2010-08-20,230
2010-08-20,229.5
2010-08-20,232
2010-08-20,227
2010-08-21,219
2010-08-21,219.5
2010-08-21,220
2010-08-21,219
2010-08-22,219
2010-08-22,219.5
2010-08-22,219
2010-08-22,220
2010-08-23,220
2010-08-23,220
2010-08-23,220
2010-08-23,220
2010-08-24,222
2010-08-24,222.5
2010-08-24,222
2010-08-24,223
2010-08-25,226
2010-08-25,225.5
2010-08-25,225
2010-08-25,226
2010-08-26,227
2010-08-26,227
2010-08-26,227
2010-08-26,227
2010-08-27,228
2010-08-27,228
2010-08-27,228
2010-08-27,228
2010-08-28,228
2010-08-28,228
2010-08-28,228
2010-08-28,228
2010-08-29,225
2010-08-29,225
2010-08-29,226
2010-08-29,224
2010-08-30,224
2010-08-30,224.5
2010-08-30,224
2010-08-30,225
2010-08-31,229
2010-08-31,229
2010-08-31,227
2010-08-31,231
2010-09-01,238
2010-09-01,238
2010-09-01,236
2010-09-01,240
2010-09-02,241.5
2010-09-02,242
2010-09-02,241
2010-09-02,242
2010-09-03,242
2010-09-03,242
2010-09-03,242
2010-09-03,242
2010-09-04,239
2010-09-04,239
2010-09-04,240
2010-09-04,238
2010-09-05,233
2010-09-05,233
2010-09-05,234
2010-09-05,232
2010-09-06,233.5
2010-09-06,234
2010-09-06,230
2010-09-06,237
2010-09-07,229.5
2010-09-07,230
2010-09-07,235
2010-09-07,224
2010-09-08,227
2010-09-08,227
2010-09-08,226
2010-09-08,228
2010-09-09,226.5
2010-09-09,226
2010-09-09,227
2010-09-09,226
2010-09-10,223
2010-09-10,223
2010-09-10,224
2010-09-10,222
2010-09-11,213.5
2010-09-11,213
2010-09-11,215
2010-09-11,212
2010-09-12,205
2010-09-12,205
2010-09-12,208
2010-09-12,202
2010-09-13,200.5
2010-09-13,200
2010-09-13,201
2010-09-13,200
2010-09-14,198.5
2010-09-14,198
2010-09-14,199
2010-09-14,198
2010-09-15,198.5
2010-09-15,198
2010-09-15,198
2010-09-15,199
2010-09-16,204.5
2010-09-16,204
2010-09-16,202
2010-09-16,207
2010-09-17,213.5
2010-09-17,213
2010-09-17,212
2010-09-17,215
2010-09-18,215.5
2010-09-18,215
2010-09-18,216
2010-09-18,215
2010-09-19,210
2010-09-19,210
2010-09-19,212
2010-09-19,208
2010-09-20,206
2010-09-20,206
2010-09-20,206
2010-09-20,206
2010-09-21,212
2010-09-21,212
2010-09-21,210
2010-09-21,214
2010-09-22,224.5
2010-09-22,224
2010-09-22,221
2010-09-22,228
2010-09-23,244.5
2010-09-23,244
2010-09-23,240
2010-09-23,249
2010-09-24,255.5
2010-09-24,256
2010-09-24,253
2010-09-24,258
2010-09-25,258
2010-09-25,258
2010-09-25,257
2010-09-25,259
2010-09-26,245
2010-09-26,245
2010-09-26,250
2010-09-26,240
2010-09-27,245
2010-09-27,245
2010-09-27,246
2010-09-27,244
2010-09-28,243
2010-09-28,243
2010-09-28,243
2010-09-28,243
2010-09-29,241.5
2010-09-29,242
2010-09-29,242
2010-09-29,241
2010-09-30,239.5
2010-09-30,240
2010-09-30,240
2010-09-30,239
2010-10-01,237.5
2010-10-01,238
2010-10-01,238
2010-10-01,237
2010-10-02,224.5
2010-10-02,224
2010-10-02,227
2010-10-02,222
2010-10-03,213
2010-10-03,213
2010-10-03,216
2010-10-03,210
2010-10-04,212.5
2010-10-04,212
2010-10-04,211
2010-10-04,214
2010-10-05,220
2010-10-05,220
2010-10-05,215
2010-10-05,225
2010-10-06,228
2010-10-06,228
2010-10-06,228
2010-10-06,228
2010-10-07,230
2010-10-07,230
2010-10-07,230
2010-10-07,230
2010-10-08,230
2010-10-08,230
2010-10-08,230
2010-10-08,230
2010-10-09,229
2010-10-09,229
2010-10-09,230
2010-10-09,228
2010-10-10,225.5
2010-10-10,226
2010-10-10,227
2010-10-10,224
2010-10-11,222
2010-10-11,222
2010-10-11,222
2010-10-11,222
2010-10-12,223
2010-10-12,223
2010-10-12,222
2010-10-12,224
2010-10-13,230
2010-10-13,230
2010-10-13,228
2010-10-13,232
2010-10-14,240.5
2010-10-14,240
2010-10-14,239
2010-10-14,242
2010-10-15,244
2010-10-15,244
2010-10-15,244
2010-10-15,244
2010-10-16,238.5
2010-10-16,238
2010-10-16,240
2010-10-16,237
2010-10-17,228
2010-10-17,228
2010-10-17,230
2010-10-17,226
2010-10-18,222
2010-10-18,222
2010-10-18,222
2010-10-18,222
2010-10-19,226
2010-10-19,226
2010-10-19,224
2010-10-19,228
2010-10-20,248
2010-10-20,248
2010-10-20,242
2010-10-20,254
2010-10-21,272
2010-10-21,272
2010-10-21,265
2010-10-21,279
2010-10-22,287
2010-10-22,287
2010-10-22,282
2010-10-22,292
2010-10-23,313.5
2010-10-23,314
2010-10-23,312
2010-10-23,315
2010-10-24,306
2010-10-24,306
2010-10-24,308
2010-10-24,304
2010-10-25,293.5
2010-10-25,294
2010-10-25,296
2010-10-25,291
2010-10-26,274.5
2010-10-26,274
2010-10-26,278
2010-10-26,271
2010-10-27,262.5
2010-10-27,262
2010-10-27,264
2010-10-27,261
2010-10-28,264.5
2010-10-28,264
2010-10-28,259
2010-10-28,270
2010-10-29,282.5
2010-10-29,282
2010-10-29,279
2010-10-29,286
2010-10-30,288.5
2010-10-30,288
2010-10-30,289
2010-10-30,288
2010-10-31,287
2010-10-31,287
2010-10-31,288
2010-10-31,286
2010-11-01,292
2010-11-01,292
2010-11-01,290
2010-11-01,294
2010-11-02,297
2010-11-02,297
2010-11-02,296
2010-11-02,298
2010-11-03,306
2010-11-03,306
2010-11-03,303
2010-11-03,309
2010-11-04,318
2010-11-04,318
2010-11-04,316
2010-11-04,320
2010-11-05,316
2010-11-05,316.5
2010-11-05,319
2010-11-05,314
2010-11-06,300
2010-11-06,300
2010-11-06,304
2010-11-06,296
2010-11-07,280
2010-11-07,280
2010-11-07,284
2010-11-07,276
2010-11-08,266
2010-11-08,266
2010-11-08,268
2010-11-08,264
2010-11-09,261
2010-11-09,261
2010-11-09,260
2010-11-09,262
2010-11-10,266
2010-11-10,266
2010-11-10,264
2010-11-10,268
2010-11-11,276
2010-11-11,276
2010-11-11,275
2010-11-11,277
2010-11-12,284
2010-11-12,283.5
2010-11-12,282
2010-11-12,285
2010-11-13,292
2010-11-13,292.5
2010-11-13,292
2010-11-13,293
2010-11-14,330
2010-11-14,329.5
2010-11-14,297
2010-11-14,362
2010-11-15,310
2010-11-15,309.5
2010-11-15,308
2010-11-15,311
2010-11-16,311
2010-11-16,311
2010-11-16,312
2010-11-16,310
2010-11-17,306
2010-11-17,306
2010-11-17,308
2010-11-17,304
2010-11-18,301
2010-11-18,301
2010-11-18,301
2010-11-18,301
2010-11-19,301
2010-11-19,301
2010-11-19,300
2010-11-19,302
2010-11-20,302
2010-11-20,301.5
2010-11-20,302
2010-11-20,301
2010-11-21,306
2010-11-21,306
2010-11-21,304
2010-11-21,308
2010-11-22,315
2010-11-22,315
2010-11-22,312
2010-11-22,318
2010-11-23,332
2010-11-23,332
2010-11-23,328
2010-11-23,336
2010-11-24,358
2010-11-24,358
2010-11-24,350
2010-11-24,366
2010-11-25,377
2010-11-25,377
2010-11-25,374
2010-11-25,380
2010-11-26,382
2010-11-26,382
2010-11-26,382
2010-11-26,382
2010-11-27,377
2010-11-27,377
2010-11-27,378
2010-11-27,376
2010-11-28,370
2010-11-28,370
2010-11-28,370
2010-11-28,370
2010-11-29,378
2010-11-29,378
2010-11-29,376
2010-11-29,380
2010-11-30,389
2010-11-30,389
2010-11-30,386
2010-11-30,392
2010-12-01,400
2010-12-01,400
2010-12-01,398
2010-12-01,402
2010-12-02,405
2010-12-02,405
2010-12-02,404
2010-12-02,406
2010-12-03,407.5
2010-12-03,408
2010-12-03,406
2010-12-03,409
2010-12-04,414
2010-12-04,414
2010-12-04,412
2010-12-04,416
2010-12-05,418.5
2010-12-05,418
2010-12-05,418
2010-12-05,419
2010-12-06,418
2010-12-06,418
2010-12-06,420
2010-12-06,416
2010-12-07,414
2010-12-07,414
2010-12-07,416
2010-12-07,412
2010-12-08,408
2010-12-08,408
2010-12-08,409
2010-12-08,407
2010-12-09,405
2010-12-09,405
2010-12-09,404
2010-12-09,406
2010-12-10,402.5
2010-12-10,403
2010-12-10,404
2010-12-10,401
2010-12-11,349
2010-12-11,399
2010-12-11,398
2010-12-11,300
2010-12-12,411
2010-12-12,411
2010-12-12,406
2010-12-12,416
2010-12-13,432.5
2010-12-13,432
2010-12-13,427
2010-12-13,438
2010-12-14,469.5
2010-12-14,470
2010-12-14,460
2010-12-14,479
2010-12-15,508
2010-12-15,508
2010-12-15,502
2010-12-15,514
2010-12-16,528
2010-12-16,528
2010-12-16,528
2010-12-16,528
2010-12-17,528.5
2010-12-17,528
2010-12-17,531
2010-12-17,526
2010-12-18,522.5
2010-12-18,522
2010-12-18,530
2010-12-18,515
2010-12-19,513.5
2010-12-19,514
2010-12-19,512
2010-12-19,515
2010-12-20,525
2010-12-20,525
2010-12-20,522
2010-12-20,528
2010-12-21,537
2010-12-21,537
2010-12-21,534
2010-12-21,540
2010-12-22,544
2010-12-22,544
2010-12-22,544
2010-12-22,544
2010-12-23,539
2010-12-23,539
2010-12-23,542
2010-12-23,536
2010-12-24,532
2010-12-24,532
2010-12-24,532
2010-12-24,532
2010-12-25,509
2010-12-25,509
2010-12-25,512
2010-12-25,506
2010-12-26,494.5
2010-12-26,494
2010-12-26,497
2010-12-26,492
2010-12-27,482.5
2010-12-27,482
2010-12-27,485
2010-12-27,480
2010-12-28,471
2010-12-28,471
2010-12-28,474
2010-12-28,468
2010-12-29,461.5
2010-12-29,462
2010-12-29,460
2010-12-29,463
2010-12-30,454
2010-12-30,454
2010-12-30,456
2010-12-30,452
2010-12-31,449.5
2010-12-31,450
2010-12-31,448
2010-12-31,451
2011-01-01,463
2011-01-01,463
2011-01-01,458
2011-01-01,468
2011-01-02,532
2011-01-02,532.5
2011-01-02,478
2011-01-02,587
2011-01-03,500
2011-01-03,500
2011-01-03,498
2011-01-03,502
2011-01-04,507
2011-01-04,506.5
2011-01-04,504
2011-01-04,509
2011-01-05,526
2011-01-05,526
2011-01-05,518
2011-01-05,534
2011-01-06,577
2011-01-06,577
2011-01-06,568
2011-01-06,586
2011-01-07,612
2011-01-07,612.5
2011-01-07,610
2011-01-07,615
2011-01-08,630
2011-01-08,630
2011-01-08,632
2011-01-08,628
2011-01-09,668
2011-01-09,668
2011-01-09,664
2011-01-09,672
2011-01-10,672
2011-01-10,672
2011-01-10,674
2011-01-10,670
2011-01-11,658
2011-01-11,658
2011-01-11,662
2011-01-11,654
2011-01-12,642
2011-01-12,642
2011-01-12,644
2011-01-12,640
2011-01-13,631
2011-01-13,631
2011-01-13,634
2011-01-13,628
2011-01-14,621
2011-01-14,621
2011-01-14,622
2011-01-14,620
2011-01-15,619
2011-01-15,619
2011-01-15,618
2011-01-15,620
2011-01-16,636
2011-01-16,636
2011-01-16,630
2011-01-16,642
2011-01-17,670
2011-01-17,670
2011-01-17,664
2011-01-17,676
2011-01-18,691
2011-01-18,691
2011-01-18,688
2011-01-18,694
2011-01-19,701
2011-01-19,651
2011-01-19,600
2011-01-19,702
2011-01-20,706
2011-01-20,705.5
2011-01-20,705
2011-01-20,706
2011-01-21,702
2011-01-21,702
2011-01-21,705
2011-01-21,699
2011-01-22,692
2011-01-22,692.5
2011-01-22,695
2011-01-22,690
2011-01-23,682
2011-01-23,682
2011-01-23,684
2011-01-23,680
2011-01-24,678
2011-01-24,678.5
2011-01-24,679
2011-01-24,678
2011-01-25,697
2011-01-25,647
2011-01-25,694
2011-01-25,600
2011-01-26,710
2011-01-26,710.5
2011-01-26,705
2011-01-26,716
2011-01-27,738
2011-01-27,738
2011-01-27,734
2011-01-27,742
2011-01-28,761
2011-01-28,761
2011-01-28,759
2011-01-28,763
2011-01-29,762
2011-01-29,762
2011-01-29,764
2011-01-29,760
2011-01-30,770
2011-01-30,770
2011-01-30,776
2011-01-30,764
2011-01-31,763
2011-01-31,763
2011-01-31,764
2011-01-31,762
2011-02-01,759.5
2011-02-01,760
2011-02-01,764
2011-02-01,755
2011-02-02,767.5
2011-02-02,768
2011-02-02,765
2011-02-02,770
2011-02-03,773.5
2011-02-03,774
2011-02-03,773
2011-02-03,774
2011-02-04,784.5
2011-02-04,784
2011-02-04,782
2011-02-04,787
2011-02-05,790.5
2011-02-05,790
2011-02-05,792
2011-02-05,789
2011-02-06,785
2011-02-06,785
2011-02-06,786
2011-02-06,784
2011-02-07,786
2011-02-07,786
2011-02-07,786
2011-02-07,786
2011-02-08,798
2011-02-08,798
2011-02-08,794
2011-02-08,802
2011-02-09,816
2011-02-09,816
2011-02-09,812
2011-02-09,820
2011-02-10,833
2011-02-10,833
2011-02-10,830
2011-02-10,836
2011-02-11,840
2011-02-11,840
2011-02-11,840
2011-02-11,840
2011-02-12,831.5
2011-02-12,832
2011-02-12,835
2011-02-12,828
2011-02-13,821.5
2011-02-13,822
2011-02-13,823
2011-02-13,820
2011-02-14,827
2011-02-14,827
2011-02-14,826
2011-02-14,828
2011-02-15,846
2011-02-15,846
2011-02-15,842
2011-02-15,850
2011-02-16,881
2011-02-16,881
2011-02-16,870
2011-02-16,892
2011-02-17,955
2011-02-17,955
2011-02-17,978
2011-02-17,932
2011-02-18,946
2011-02-18,946
2011-02-18,942
2011-02-18,950
2011-02-19,956
2011-02-19,956
2011-02-19,956
2011-02-19,956
2011-02-20,962
2011-02-20,962
2011-02-20,958
2011-02-20,966
2011-02-21,987
2011-02-21,987
2011-02-21,988
2011-02-21,986
2011-02-22,949
2011-02-22,999
2011-02-22,998
2011-02-22,900
2011-02-23,996.5
2011-02-23,996
2011-02-23,997
2011-02-23,996
2011-02-24,997
2011-02-24,997
2011-02-24,996
2011-02-24,998
2011-02-25,1010
2011-02-25,1010
2011-02-25,1006
2011-02-25,1014
2011-02-26,1029
2011-02-26,1029
2011-02-26,1026
2011-02-26,1032
2011-02-27,1050.5
2011-02-27,1050
2011-02-27,1041
2011-02-27,1060
2011-02-28,1088
2011-02-28,1088
2011-02-28,1080
2011-02-28,1096
2011-03-01,1124
2011-03-01,1124
2011-03-01,1118
2011-03-01,1130
2011-03-02,1143
2011-03-02,1143
2011-03-02,1140
2011-03-02,1146
2011-03-03,1160
2011-03-03,1160
2011-03-03,1156
2011-03-03,1164
2011-03-04,1178
2011-03-04,1178
2011-03-04,1174
2011-03-04,1182
2011-03-05,1195
2011-03-05,1195
2011-03-05,1192
2011-03-05,1198
2011-03-06,1209
2011-03-06,1209
2011-03-06,1206
2011-03-06,1212
2011-03-07,1221
2011-03-07,1221
2011-03-07,1220
2011-03-07,1222
2011-03-08,1219
2011-03-08,1219
2011-03-08,1220
2011-03-08,1218
2011-03-09,1211
2011-03-09,1211
2011-03-09,1216
2011-03-09,1206
2011-03-10,1193
2011-03-10,1193
2011-03-10,1198
2011-03-10,1188
2011-03-11,1166
2011-03-11,1165.5
2011-03-11,1176
2011-03-11,1155
2011-03-12,1159
2011-03-12,1159
2011-03-12,1154
2011-03-12,1164
2011-03-13,1159
2011-03-13,1159
2011-03-13,1160
2011-03-13,1158
2011-03-14,1162
2011-03-14,1162
2011-03-14,1160
2011-03-14,1164
2011-03-15,1162
2011-03-15,1162
2011-03-15,1162
2011-03-15,1162
2011-03-16,1154
2011-03-16,1153.5
2011-03-16,1156
2011-03-16,1151
2011-03-17,1143
2011-03-17,1143
2011-03-17,1142
2011-03-17,1144
2011-03-18,1137
2011-03-18,1137
2011-03-18,1138
2011-03-18,1136
2011-03-19,1136
2011-03-19,1136
2011-03-19,1136
2011-03-19,1136
2011-03-20,1135
2011-03-20,1135
2011-03-20,1136
2011-03-20,1134
2011-03-21,1125
2011-03-21,1125
2011-03-21,1128
2011-03-21,1122
2011-03-22,1124
2011-03-22,1153.5
2011-03-22,1108
2011-03-22,1199
2011-03-23,1088
2011-03-23,1088
2011-03-23,1090
2011-03-23,1086
2011-03-24,1079
2011-03-24,1079
2011-03-24,1082
2011-03-24,1076
2011-03-25,1069
2011-03-25,1069
2011-03-25,1070
2011-03-25,1068
2011-03-26,1071
2011-03-26,1071
2011-03-26,1070
2011-03-26,1072
2011-03-27,1080
2011-03-27,1080
2011-03-27,1078
2011-03-27,1082
2011-03-28,1096
2011-03-28,1096.5
2011-03-28,1092
2011-03-28,1101
2011-03-29,1110
2011-03-29,1109.5
2011-03-29,1108
2011-03-29,1111
2011-03-30,1112
2011-03-30,1112
2011-03-30,1112
2011-03-30,1112
2011-03-31,1119
2011-03-31,1119
2011-03-31,1116
2011-03-31,1122
2011-04-01,1131
2011-04-01,1131
2011-04-01,1130
2011-04-01,1132
2011-04-02,1130
2011-04-02,1130
2011-04-02,1132
2011-04-02,1128
2011-04-03,1122
2011-04-03,1122
2011-04-03,1124
2011-04-03,1120
2011-04-04,1122
2011-04-04,1122
2011-04-04,1122
2011-04-04,1122
2011-04-05,1126
2011-04-05,1126
2011-04-05,1126
2011-04-05,1126
2011-04-06,1132
2011-04-06,1132
2011-04-06,1130
2011-04-06,1134
2011-04-07,1136
2011-04-07,1136
2011-04-07,1136
2011-04-07,1136
2011-04-08,1132
2011-04-08,1132
2011-04-08,1130
2011-04-08,1134
2011-04-09,1117
2011-04-09,1117
2011-04-09,1118
2011-04-09,1116
2011-04-10,1117
2011-04-10,1117
2011-04-10,1116
2011-04-10,1118
2011-04-11,1120
2011-04-11,1119.5
2011-04-11,1119
2011-04-11,1120
2011-04-12,1126
2011-04-12,1126
2011-04-12,1124
2011-04-12,1128
2011-04-13,1134
2011-04-13,1134
2011-04-13,1134
2011-04-13,1134
2011-04-14,1142
2011-04-14,1142
2011-04-14,1140
2011-04-14,1144
2011-04-15,1149
2011-04-15,1149
2011-04-15,1148
2011-04-15,1150
2011-04-16,1151
2011-04-16,1151
2011-04-16,1152
2011-04-16,1150
2011-04-17,1132
2011-04-17,1132
2011-04-17,1136
2011-04-17,1128
2011-04-18,1118
2011-04-18,1118
2011-04-18,1120
2011-04-18,1116
2011-04-19,1106
2011-04-19,1106.5
2011-04-19,1110
2011-04-19,1103
2011-04-20,1092
2011-04-20,1092
2011-04-20,1094
2011-04-20,1090
2011-04-21,1094
2011-04-21,1094
2011-04-21,1090
2011-04-21,1098
2011-04-22,1097
2011-04-22,1097
2011-04-22,1097
2011-04-22,1097
2011-04-23,1100
2011-04-23,1100
2011-04-23,1098
2011-04-23,1102
2011-04-24,1103
2011-04-24,1103
2011-04-24,1104
2011-04-24,1102
2011-04-25,1101
2011-04-25,1101
2011-04-25,1101
2011-04-25,1101
2011-04-26,1102
2011-04-26,1102.5
2011-04-26,1102
2011-04-26,1103
2011-04-27,1108
2011-04-27,1108
2011-04-27,1106
2011-04-27,1110
2011-04-28,1113
2011-04-28,1113
2011-04-28,1112
2011-04-28,1114
2011-04-29,1122
2011-04-29,1121.5
2011-04-29,1119
2011-04-29,1124
2011-04-30,1129
2011-04-30,1129
2011-04-30,1130
2011-04-30,1128
2011-05-01,1127
2011-05-01,1127
2011-05-01,1128
2011-05-01,1126
2011-05-02,1117
2011-05-02,1117
2011-05-02,1122
2011-05-02,1112
2011-05-03,1092.5
2011-05-03,1092
2011-05-03,1098
2011-05-03,1087
2011-05-04,1071.5
2011-05-04,1072
2011-05-04,1075
2011-05-04,1068
2011-05-05,1060.5
2011-05-05,1060
2011-05-05,1062
2011-05-05,1059
2011-05-06,1059
2011-05-06,1059
2011-05-06,1060
2011-05-06,1058
2011-05-07,1048
2011-05-07,1048
2011-05-07,1052
2011-05-07,1044
2011-05-08,1040.5
2011-05-08,1040
2011-05-08,1039
2011-05-08,1042
2011-05-09,1048
2011-05-09,1048
2011-05-09,1048
2011-05-09,1048
2011-05-10,1040.5
2011-05-10,1040
2011-05-10,1044
2011-05-10,1037
2011-05-11,1022.5
2011-05-11,1022
2011-05-11,1026
2011-05-11,1019
2011-05-12,1003
2011-05-12,1003
2011-05-12,1008
2011-05-12,998
2011-05-13,984
2011-05-13,984
2011-05-13,986
2011-05-13,982
2011-05-14,993
2011-05-14,993
2011-05-14,990
2011-05-14,996
2011-05-15,990
2011-05-15,990
2011-05-15,986
2011-05-15,994
2011-05-16,981
2011-05-16,981
2011-05-16,986
2011-05-16,976
2011-05-17,948.5
2011-05-17,948
2011-05-17,957
2011-05-17,940
2011-05-18,915
2011-05-18,915
2011-05-18,920
2011-05-18,910
2011-05-19,903.5
2011-05-19,904
2011-05-19,905
2011-05-19,902
2011-05-20,901
2011-05-20,901
2011-05-20,901
2011-05-20,901
2011-05-21,901.5
2011-05-21,902
2011-05-21,901
2011-05-21,902
2011-05-22,904
2011-05-22,904
2011-05-22,904
2011-05-22,904
2011-05-23,900
2011-05-23,900
2011-05-23,900
2011-05-23,900
2011-05-24,885
2011-05-24,885
2011-05-24,890
2011-05-24,880
2011-05-25,864
2011-05-25,864
2011-05-25,868
2011-05-25,860
2011-05-26,837
2011-05-26,837
2011-05-26,844
2011-05-26,830
2011-05-27,811
2011-05-27,811
2011-05-27,814
2011-05-27,808
2011-05-28,800
2011-05-28,800
2011-05-28,802
2011-05-28,798
2011-05-29,780.5
2011-05-29,780
2011-05-29,785
2011-05-29,776
2011-05-30,755.5
2011-05-30,756
2011-05-30,761
2011-05-30,750
2011-05-31,727.5
2011-05-31,728
2011-05-31,734
2011-05-31,721
2011-06-01,695
2011-06-01,695
2011-06-01,702
2011-06-01,688
2011-06-02,668
2011-06-02,668.5
2011-06-02,674
2011-06-02,663
2011-06-03,644
2011-06-03,643.5
2011-06-03,649
2011-06-03,638
2011-06-04,626
2011-06-04,626
2011-06-04,628
2011-06-04,624
2011-06-05,624
2011-06-05,624
2011-06-05,624
2011-06-05,624
2011-06-06,616
2011-06-06,616.5
2011-06-06,620
2011-06-06,613
2011-06-07,608
2011-06-07,608
2011-06-07,610
2011-06-07,606
2011-06-08,599
2011-06-08,599
2011-06-08,602
2011-06-08,596
2011-06-09,585
2011-06-09,585
2011-06-09,588
2011-06-09,582
2011-06-10,572
2011-06-10,572.5
2011-06-10,574
2011-06-10,571
2011-06-11,574
2011-06-11,573.5
2011-06-11,573
2011-06-11,574
2011-06-12,574
2011-06-12,574
2011-06-12,574
2011-06-12,574
2011-06-13,575
2011-06-13,575
2011-06-13,576
2011-06-13,574
2011-06-14,568
2011-06-14,567.5
2011-06-14,570
2011-06-14,565
2011-06-15,552
2011-06-15,552.5
2011-06-15,556
2011-06-15,549
2011-06-16,538
2011-06-16,538.5
2011-06-16,541
2011-06-16,536
2011-06-17,528
2011-06-17,528
2011-06-17,530
2011-06-17,526
2011-06-18,521
2011-06-18,521
2011-06-18,524
2011-06-18,518
2011-06-19,514
2011-06-19,513.5
2011-06-19,514
2011-06-19,513
2011-06-20,501
2011-06-20,501
2011-06-20,508
2011-06-20,494
2011-06-21,489
2011-06-21,489.5
2011-06-21,490
2011-06-21,489
2011-06-22,476
2011-06-22,476
2011-06-22,478
2011-06-22,474
2011-06-23,473
2011-06-23,473
2011-06-23,474
2011-06-23,472
2011-06-24,472
2011-06-24,472
2011-06-24,472
2011-06-24,472
2011-06-25,466
2011-06-25,466
2011-06-25,472
2011-06-25,460
2011-06-26,463
2011-06-26,463
2011-06-26,466
2011-06-26,460
2011-06-27,455
2011-06-27,455
2011-06-27,456
2011-06-27,454
2011-06-28,465
2011-06-28,465
2011-06-28,468
2011-06-28,462
2011-06-29,466
2011-06-29,465.5
2011-06-29,468
2011-06-29,463
2011-06-30,454
2011-06-30,453.5
2011-06-30,456
2011-06-30,451
2011-07-01,451
2011-07-01,451
2011-07-01,452
2011-07-01,450
2011-07-02,451
2011-07-02,451
2011-07-02,450
2011-07-02,452
2011-07-03,449
2011-07-03,448.5
2011-07-03,450
2011-07-03,447
2011-07-04,443
2011-07-04,443.5
2011-07-04,444
2011-07-04,443
2011-07-05,443
2011-07-05,443.5
2011-07-05,442
2011-07-05,445
2011-07-06,443
2011-07-06,443
2011-07-06,444
2011-07-06,442
2011-07-07,441
2011-07-07,441
2011-07-07,442
2011-07-07,440
2011-07-08,438
2011-07-08,438
2011-07-08,438
2011-07-08,438
2011-07-09,437
2011-07-09,437
2011-07-09,438
2011-07-09,436
2011-07-10,438
2011-07-10,438.5
2011-07-10,439
2011-07-10,438
2011-07-11,439
2011-07-11,439.5
2011-07-11,439
2011-07-11,440
2011-07-12,439
2011-07-12,439
2011-07-12,440
2011-07-12,438
2011-07-13,437
2011-07-13,437
2011-07-13,437
2011-07-13,437
2011-07-14,430
2011-07-14,430
2011-07-14,430
2011-07-14,430
2011-07-15,427
2011-07-15,427
2011-07-15,428
2011-07-15,426
2011-07-16,423
2011-07-16,423
2011-07-16,424
2011-07-16,422
2011-07-17,418
2011-07-17,418
2011-07-17,420
2011-07-17,416
2011-07-18,418
2011-07-18,418
2011-07-18,419
2011-07-18,417
2011-07-19,414
2011-07-19,414
2011-07-19,414
2011-07-19,414
2011-07-20,412
2011-07-20,412.5
2011-07-20,412
2011-07-20,413
2011-07-21,411
2011-07-21,411
2011-07-21,412
2011-07-21,410
2011-07-22,406
2011-07-22,406
2011-07-22,408
2011-07-22,404
2011-07-23,401
2011-07-23,401
2011-07-23,401
2011-07-23,401
2011-07-24,396
2011-07-24,396.5
2011-07-24,397
2011-07-24,396
2011-07-25,394
2011-07-25,394
2011-07-25,396
2011-07-25,392
2011-07-26,390
2011-07-26,390
2011-07-26,392
2011-07-26,388
2011-07-27,384
2011-07-27,384.5
2011-07-27,387
2011-07-27,382
2011-07-28,375
2011-07-28,375
2011-07-28,378
2011-07-28,372
2011-07-29,366
2011-07-29,366
2011-07-29,368
2011-07-29,364
2011-07-30,362
2011-07-30,362
2011-07-30,364
2011-07-30,360
2011-07-31,357
2011-07-31,357
2011-07-31,358
2011-07-31,356
2011-08-01,356.5
2011-08-01,356
2011-08-01,357
2011-08-01,356
2011-08-02,354.5
2011-08-02,354
2011-08-02,355
2011-08-02,354
2011-08-03,351
2011-08-03,351
2011-08-03,352
2011-08-03,350
2011-08-04,344
2011-08-04,344
2011-08-04,346
2011-08-04,342
2011-08-05,342
2011-08-05,342
2011-08-05,342
2011-08-05,342
2011-08-06,335.5
2011-08-06,336
2011-08-06,337
2011-08-06,334
2011-08-07,330
2011-08-07,330
2011-08-07,331
2011-08-07,329
2011-08-08,327
2011-08-08,327
2011-08-08,328
2011-08-08,326
2011-08-09,323
2011-08-09,323
2011-08-09,324
2011-08-09,322
2011-08-10,319
2011-08-10,319
2011-08-10,320
2011-08-10,318
2011-08-11,315.5
2011-08-11,316
2011-08-11,317
2011-08-11,314
2011-08-12,308
2011-08-12,308
2011-08-12,310
2011-08-12,306
2011-08-13,251
2011-08-13,301
2011-08-13,302
2011-08-13,300
2011-08-14,297.5
2011-08-14,298
2011-08-14,299
2011-08-14,296
2011-08-15,294
2011-08-15,294
2011-08-15,294
2011-08-15,294
2011-08-16,286
2011-08-16,286
2011-08-16,290
2011-08-16,282
2011-08-17,256
2011-08-17,286
2011-08-17,281
2011-08-17,281
2011-08-18,282
2011-08-18,282
2011-08-18,280
2011-08-18,284
2011-08-19,282.5
2011-08-19,282
2011-08-19,284
2011-08-19,281
2011-08-20,271.5
2011-08-20,272
2011-08-20,273
2011-08-20,270
2011-08-21,268
2011-08-21,268
2011-08-21,268
2011-08-21,268
2011-08-22,268
2011-08-22,268
2011-08-22,268
2011-08-22,265
2011-08-23,260.5
2011-08-23,260
2011-08-23,262
2011-08-23,259
2011-08-24,253
2011-08-24,253
2011-08-24,254
2011-08-24,252
2011-08-25,249.5
2011-08-25,250
2011-08-25,250
2011-08-25,249
2011-08-26,253
2011-08-26,253
2011-08-26,253
2011-08-26,253
2011-08-27,255
2011-08-27,255
2011-08-27,255
2011-08-27,255
2011-08-28,258.5
2011-08-28,258
2011-08-28,257
2011-08-28,260
2011-08-29,271.5
2011-08-29,272
2011-08-29,269
2011-08-29,274
2011-08-30,276
2011-08-30,276
2011-08-30,276
2011-08-30,276
2011-08-31,273
2011-08-31,273
2011-08-31,270
2011-08-31,276
2011-09-01,254
2011-09-01,254
2011-09-01,258
2011-09-01,250
2011-09-02,237
2011-09-02,237
2011-09-02,240
2011-09-02,234
2011-09-03,227.5
2011-09-03,228
2011-09-03,229
2011-09-03,226
2011-09-04,229
2011-09-04,229
2011-09-04,228
2011-09-04,230
2011-09-05,244
2011-09-05,244
2011-09-05,240
2011-09-05,248
2011-09-06,262
2011-09-06,262
2011-09-06,258
2011-09-06,266
2011-09-07,273
2011-09-07,273
2011-09-07,272
2011-09-07,274
2011-09-08,267
2011-09-08,267
2011-09-08,270
2011-09-08,264
2011-09-09,258
2011-09-09,258
2011-09-09,262
2011-09-09,254
2011-09-10,242
2011-09-10,242
2011-09-10,240
2011-09-10,244
2011-09-11,258
2011-09-11,258
2011-09-11,254
2011-09-11,262
2011-09-12,262
2011-09-12,262
2011-09-12,264
2011-09-12,260
2011-09-13,266
2011-09-13,266
2011-09-13,264
2011-09-13,268
2011-09-14,260.5
2011-09-14,260
2011-09-14,261
2011-09-14,260
2011-09-15,275.5
2011-09-15,276
2011-09-15,274
2011-09-15,277
2011-09-16,260
2011-09-16,260
2011-09-16,262
2011-09-16,258
2011-09-17,257.5
2011-09-17,258
2011-09-17,249
2011-09-17,266
2011-09-18,245
2011-09-18,245
2011-09-18,246
2011-09-18,244
2011-09-19,244
2011-09-19,244
2011-09-19,244
2011-09-19,244
2011-09-20,243.5
2011-09-20,244
2011-09-20,243
2011-09-20,244
2011-09-21,246.5
2011-09-21,246
2011-09-21,243
2011-09-21,250
2011-09-22,250
2011-09-22,250
2011-09-22,251
2011-09-22,249
2011-09-23,240
2011-09-23,240
2011-09-23,241
2011-09-23,233
2011-09-24,219
2011-09-24,219
2011-09-24,222
2011-09-24,216
2011-09-25,214
2011-09-25,214
2011-09-25,212
2011-09-25,216
2011-09-26,214
2011-09-26,214
2011-09-26,229
2011-09-26,240
2011-09-27,234.5
2011-09-27,235
2011-09-27,246
2011-09-27,246
2011-09-28,246
2011-09-28,246
2011-09-28,246
2011-09-28,246
2011-09-29,247
2011-09-29,247
2011-09-29,248
2011-09-29,246
2011-09-30,240
2011-09-30,240
2011-09-30,240
2011-09-30,240
2011-10-01,221
2011-10-01,221
2011-10-01,222
2011-10-01,220
2011-10-02,228.5
2011-10-02,228
2011-10-02,225
2011-10-02,232
2011-10-03,235
2011-10-03,235
2011-10-03,232
2011-10-03,238
2011-10-04,251
2011-10-04,251
2011-10-04,250
2011-10-04,252
2011-10-05,251
2011-10-05,251
2011-10-05,252
2011-10-05,250
2011-10-06,246
2011-10-06,246
2011-10-06,252
2011-10-06,240
2011-10-07,229.5
2011-10-07,230
2011-10-07,237
2011-10-07,222
2011-10-08,211.5
2011-10-08,212
2011-10-08,213
2011-10-08,210
2011-10-09,226
2011-10-09,226
2011-10-09,220
2011-10-09,232
2011-10-10,256
2011-10-10,256
2011-10-10,252
2011-10-10,260
2011-10-11,276
2011-10-11,276
2011-10-11,272
2011-10-11,280
2011-10-12,280
2011-10-12,280
2011-10-12,282
2011-10-12,278
2011-10-13,262
2011-10-13,262
2011-10-13,266
2011-10-13,258
2011-10-14,248.5
2011-10-14,248
2011-10-14,250
2011-10-14,247
2011-10-15,242.5
2011-10-15,242
2011-10-15,243
2011-10-15,242
2011-10-16,245
2011-10-16,245
2011-10-16,244
2011-10-16,246
2011-10-17,265
2011-10-17,265
2011-10-17,260
2011-10-17,270
2011-10-18,288
2011-10-18,288
2011-10-18,282
2011-10-18,294
2011-10-19,296
2011-10-19,296
2011-10-19,298
2011-10-19,294
2011-10-20,284
2011-10-20,284
2011-10-20,286
2011-10-20,282
2011-10-21,279.5
2011-10-21,280
2011-10-21,279
2011-10-21,280
2011-10-22,301.5
2011-10-22,302
2011-10-22,294
2011-10-22,309
2011-10-23,324.5
2011-10-23,324
2011-10-23,322
2011-10-23,327
2011-10-24,340.5
2011-10-24,340
2011-10-24,337
2011-10-24,344
2011-10-25,352.5
2011-10-25,352
2011-10-25,351
2011-10-25,354
2011-10-26,353
2011-10-26,353
2011-10-26,354
2011-10-26,352
2011-10-27,347
2011-10-27,347
2011-10-27,346
2011-10-27,348
2011-10-28,321.5
2011-10-28,322
2011-10-28,326
2011-10-28,317
2011-10-29,315.5
2011-10-29,316
2011-10-29,315
2011-10-29,316
2011-10-30,333
2011-10-30,333
2011-10-30,324
2011-10-30,342
2011-10-31,362.5
2011-10-31,362
2011-10-31,358
2011-10-31,367
2011-11-01,366
2011-11-01,366.5
2011-11-01,368
2011-11-01,365
2011-11-02,380
2011-11-02,380.5
2011-11-02,385
2011-11-02,376
2011-11-03,368
2011-11-03,368
2011-11-03,368
2011-11-03,368
2011-11-04,368
2011-11-04,368
2011-11-04,366
2011-11-04,370
2011-11-05,387
2011-11-05,387
2011-11-05,382
2011-11-05,392
2011-11-06,399
2011-11-06,349
2011-11-06,300
2011-11-06,398
2011-11-07,399
2011-11-07,399
2011-11-07,399
2011-11-07,399
2011-11-08,398
2011-11-08,397.5
2011-11-08,399
2011-11-08,396
2011-11-09,386
2011-11-09,386.5
2011-11-09,391
2011-11-09,382
2011-11-10,372
2011-11-10,372.5
2011-11-10,377
2011-11-10,368
2011-11-11,354
2011-11-11,354
2011-11-11,356
2011-11-11,352
2011-11-12,365
2011-11-12,365
2011-11-12,356
2011-11-12,374
2011-11-13,409
2011-11-13,409
2011-11-13,400
2011-11-13,418
2011-11-14,434
2011-11-14,434
2011-11-14,432
2011-11-14,436
2011-11-15,439
2011-11-15,439
2011-11-15,438
2011-11-15,440
2011-11-16,446
2011-11-16,446
2011-11-16,444
2011-11-16,448
2011-11-17,447
2011-11-17,447.5
2011-11-17,448
2011-11-17,447
2011-11-18,443
2011-11-18,443.5
2011-11-18,444
2011-11-18,443
2011-11-19,437
2011-11-19,437
2011-11-19,438
2011-11-19,436
2011-11-20,423
2011-11-20,423
2011-11-20,424
2011-11-20,422
2011-11-21,430
2011-11-21,429.5
2011-11-21,424
2011-11-21,435
2011-11-22,440
2011-11-22,440.5
2011-11-22,437
2011-11-22,444
2011-11-23,440
2011-11-23,440
2011-11-23,442
2011-11-23,438
2011-11-24,434
2011-11-24,434.5
2011-11-24,435
2011-11-24,434
2011-11-25,438
2011-11-25,438.5
2011-11-25,437
2011-11-25,440
2011-11-26,453
2011-11-26,453
2011-11-26,450
2011-11-26,456
2011-11-27,467
2011-11-27,467
2011-11-27,458
2011-11-27,476
2011-11-28,493
2011-11-28,493.5
2011-11-28,489
2011-11-28,498
2011-11-29,507
2011-11-29,506.5
2011-11-29,505
2011-11-29,508
2011-11-30,501
2011-11-30,501
2011-11-30,504
2011-11-30,498
2011-12-01,497
2011-12-01,497
2011-12-01,496
2011-12-01,498
2011-12-02,505
2011-12-02,505
2011-12-02,502
2011-12-02,508
2011-12-03,522
2011-12-03,522.5
2011-12-03,520
2011-12-03,525
2011-12-04,542
2011-12-04,542
2011-12-04,538
2011-12-04,546
2011-12-05,566
2011-12-05,566
2011-12-05,560
2011-12-05,572
2011-12-06,592
2011-12-06,592
2011-12-06,588
2011-12-06,596
2011-12-07,595
2011-12-07,595
2011-12-07,596
2011-12-07,594
2011-12-08,586
2011-12-08,586
2011-12-08,587
2011-12-08,585
2011-12-09,584
2011-12-09,584.5
2011-12-09,584
2011-12-09,585
2011-12-10,579
2011-12-10,579
2011-12-10,580
2011-12-10,578
2011-12-11,572
2011-12-11,571.5
2011-12-11,573
2011-12-11,570
2011-12-12,566
2011-12-12,566
2011-12-12,566
2011-12-12,566
2011-12-13,560
2011-12-13,560.5
2011-12-13,563
2011-12-13,558
2011-12-14,549
2011-12-14,549
2011-12-14,550
2011-12-14,548
2011-12-15,558
2011-12-15,558
2011-12-15,556
2011-12-15,560
2011-12-16,567
2011-12-16,567
2011-12-16,564
2011-12-16,570
2011-12-17,580
2011-12-17,579.5
2011-12-17,577
2011-12-17,582
2011-12-18,598
2011-12-18,598
2011-12-18,592
2011-12-18,604
2011-12-19,624
2011-12-19,624
2011-12-19,620
2011-12-19,628
2011-12-20,635
2011-12-20,635
2011-12-20,634
2011-12-20,636
2011-12-21,636
2011-12-21,636
2011-12-21,636
2011-12-21,636
2011-12-22,638
2011-12-22,638
2011-12-22,637
2011-12-22,639
2011-12-23,631
2011-12-23,631
2011-12-23,633
2011-12-23,629
2011-12-24,623
2011-12-24,623
2011-12-24,624
2011-12-24,622
2011-12-25,636
2011-12-25,636
2011-12-25,632
2011-12-25,640
2011-12-26,646
2011-12-26,646
2011-12-26,646
2011-12-26,646
2011-12-27,650
2011-12-27,650.5
2011-12-27,649
2011-12-27,652
2011-12-28,658
2011-12-28,657.5
2011-12-28,656
2011-12-28,659
2011-12-29,664
2011-12-29,664.5
2011-12-29,667
2011-12-29,662
2011-12-30,663
2011-12-30,663
2011-12-30,664
2011-12-30,662
2011-12-31,656
2011-12-31,655.5
2011-12-31,657
2011-12-31,654
2012-01-01,656
2012-01-01,656
2012-01-01,656
2012-01-01,656
2012-01-02,666
2012-01-02,666
2012-01-02,662
2012-01-02,670
2012-01-03,683
2012-01-03,683
2012-01-03,680
2012-01-03,686
2012-01-04,688
2012-01-04,688.5
2012-01-04,690
2012-01-04,687
2012-01-05,678
2012-01-05,678
2012-01-05,680
2012-01-05,676
2012-01-06,684
2012-01-06,684
2012-01-06,678
2012-01-06,690
2012-01-07,728
2012-01-07,728.5
2012-01-07,720
2012-01-07,737
2012-01-08,772
2012-01-08,771.5
2012-01-08,763
2012-01-08,780
2012-01-09,831
2012-01-09,831
2012-01-09,810
2012-01-09,852
2012-01-10,915
2012-01-10,915.5
2012-01-10,904
2012-01-10,927
2012-01-11,940
2012-01-11,940
2012-01-11,942
2012-01-11,938
2012-01-12,918
2012-01-12,918.5
2012-01-12,923
2012-01-12,914
2012-01-13,911
2012-01-13,911
2012-01-13,910
2012-01-13,912
2012-01-14,918
2012-01-14,918
2012-01-14,916
2012-01-14,920
2012-01-15,929
2012-01-15,929
2012-01-15,926
2012-01-15,932
2012-01-16,955
2012-01-16,955
2012-01-16,950
2012-01-16,960
2012-01-17,978
2012-01-17,977.5
2012-01-17,975
2012-01-17,980
2012-01-18,977
2012-01-18,977
2012-01-18,980
2012-01-18,974
2012-01-19,960
2012-01-19,959.5
2012-01-19,964
2012-01-19,955
2012-01-20,938
2012-01-20,938.5
2012-01-20,942
2012-01-20,935
2012-01-21,933
2012-01-21,933
2012-01-21,934
2012-01-21,932
2012-01-22,926
2012-01-22,926
2012-01-22,926
2012-01-22,926
2012-01-23,951
2012-01-23,951
2012-01-23,944
2012-01-23,958
2012-01-24,984
2012-01-24,984
2012-01-24,980
2012-01-24,988
2012-01-25,998
2012-01-25,998
2012-01-25,996
2012-01-25,1000
2012-01-26,1020
2012-01-26,1020
2012-01-26,1016
2012-01-26,1024
2012-01-27,1038
2012-01-27,1037.5
2012-01-27,1036
2012-01-27,1039
2012-01-28,1040
2012-01-28,1039.5
2012-01-28,1039
2012-01-28,1040
2012-01-29,1042
2012-01-29,1042
2012-01-29,1042
2012-01-29,1042
2012-01-30,1052
2012-01-30,1052
2012-01-30,1050
2012-01-30,1054
2012-01-31,1057
2012-01-31,1057
2012-01-31,1056
2012-01-31,1058
2012-02-01,1056
2012-02-01,1056
2012-02-01,1058
2012-02-01,1054
2012-02-02,1048
2012-02-02,1048
2012-02-02,1050
2012-02-02,1046
2012-02-03,1044
2012-02-03,1044
2012-02-03,1044
2012-02-03,1044
2012-02-04,1045
2012-02-04,1045
2012-02-04,1044
2012-02-04,1046
2012-02-05,1048
2012-02-05,1048
2012-02-05,1048
2012-02-05,1048
2012-02-06,1046
2012-02-06,1046
2012-02-06,1048
2012-02-06,1044
2012-02-07,1041
2012-02-07,1041
2012-02-07,1042
2012-02-07,1040
2012-02-08,1036
2012-02-08,1035.5
2012-02-08,1038
2012-02-08,1033
2012-02-09,1025
2012-02-09,1025
2012-02-09,1024
2012-02-09,1026
2012-02-10,1004
2012-02-10,1003.5
2012-02-10,1007
2012-02-10,1000
2012-02-11,992
2012-02-11,992
2012-02-11,994
2012-02-11,990
2012-02-12,985
2012-02-12,985
2012-02-12,985
2012-02-12,985
2012-02-13,998
2012-02-13,998
2012-02-13,994
2012-02-13,1002
2012-02-14,1023
2012-02-14,1023
2012-02-14,1020
2012-02-14,1026
2012-02-15,1043
2012-02-15,1043
2012-02-15,1038
2012-02-15,1048
2012-02-16,1060
2012-02-16,1060.5
2012-02-16,1058
2012-02-16,1063
2012-02-17,1072
2012-02-17,1071.5
2012-02-17,1070
2012-02-17,1073
2012-02-18,1083
2012-02-18,1083
2012-02-18,1082
2012-02-18,1084
2012-02-19,1088
2012-02-19,1087.5
2012-02-19,1087
2012-02-19,1088
2012-02-20,1098
2012-02-20,1098
2012-02-20,1094
2012-02-20,1102
2012-02-21,1113
2012-02-21,1113
2012-02-21,1110
2012-02-21,1116
2012-02-22,1122
2012-02-22,1121.5
2012-02-22,1120
2012-02-22,1123
2012-02-23,1124
2012-02-23,1124
2012-02-23,1124
2012-02-23,1124
2012-02-24,1118
2012-02-24,1118
2012-02-24,1120
2012-02-24,1116
2012-02-25,1112
2012-02-25,1112.5
2012-02-25,1113
2012-02-25,1112
2012-02-26,1118
2012-02-26,1117.5
2012-02-26,1116
2012-02-26,1119
2012-02-27,1124
2012-02-27,1124
2012-02-27,1124
2012-02-27,1124
2012-02-28,1124
2012-02-28,1124
2012-02-28,1124
2012-02-28,1124
2012-02-29,1127
2012-02-29,1127
2012-02-29,1127
2012-02-29,1127
2012-03-01,1122
2012-03-01,1122
2012-03-01,1124
2012-03-01,1120
2012-03-02,1110
2012-03-02,1109.5
2012-03-02,1112
2012-03-02,1107
2012-03-03,1098
2012-03-03,1098
2012-03-03,1100
2012-03-03,1096
2012-03-04,1086
2012-03-04,1086
2012-03-04,1088
2012-03-04,1084
2012-03-05,1074
2012-03-05,1074
2012-03-05,1077
2012-03-05,1071
2012-03-06,1063
2012-03-06,1063
2012-03-06,1064
2012-03-06,1062
2012-03-07,1064
2012-03-07,1064
2012-03-07,1064
2012-03-07,1064
2012-03-08,1056
2012-03-08,1056
2012-03-08,1058
2012-03-08,1054
2012-03-09,1043
2012-03-09,1043
2012-03-09,1046
2012-03-09,1040
2012-03-10,1034
2012-03-10,1033.5
2012-03-10,1035
2012-03-10,1032
2012-03-11,1038
2012-03-11,1038
2012-03-11,1036
2012-03-11,1040
2012-03-12,1046
2012-03-12,1045.5
2012-03-12,1046
2012-03-12,1045
2012-03-13,1046
2012-03-13,1045.5
2012-03-13,1046
2012-03-13,1045
2012-03-14,1037
2012-03-14,1037
2012-03-14,1044
2012-03-14,1030
2012-03-15,1004
2012-03-15,1004.5
2012-03-15,1010
2012-03-15,999
2012-03-16,994
2012-03-16,993.5
2012-03-16,997
2012-03-16,990
2012-03-17,986
2012-03-17,986
2012-03-17,988
2012-03-17,984
2012-03-18,980
2012-03-18,980
2012-03-18,980
2012-03-18,980
2012-03-19,978
2012-03-19,978
2012-03-19,978
2012-03-19,978
2012-03-20,987
2012-03-20,987
2012-03-20,982
2012-03-20,992
2012-03-21,1006
2012-03-21,1005.5
2012-03-21,1004
2012-03-21,1007
2012-03-22,1035
2012-03-22,1035
2012-03-22,1030
2012-03-22,1040
2012-03-23,1050
2012-03-23,1049.5
2012-03-23,1047
2012-03-23,1052
2012-03-24,1058
2012-03-24,1058.5
2012-03-24,1057
2012-03-24,1060
2012-03-25,1066
2012-03-25,1066
2012-03-25,1064
2012-03-25,1068
2012-03-26,1059
2012-03-26,1059
2012-03-26,1060
2012-03-26,1058
2012-03-27,1057
2012-03-27,1057
2012-03-27,1058
2012-03-27,1056
2012-03-28,1058
2012-03-28,1058
2012-03-28,1056
2012-03-28,1060
2012-03-29,1060
2012-03-29,1060
2012-03-29,1060
2012-03-29,1060
2012-03-30,1057
2012-03-30,1057
2012-03-30,1060
2012-03-30,1054
2012-03-31,1046
2012-03-31,1045.5
2012-03-31,1048
2012-03-31,1043
2012-04-01,1035
2012-04-01,1035
2012-04-01,1036
2012-04-01,1034
2012-04-02,1017
2012-04-02,1017
2012-04-02,1018
2012-04-02,1016
2012-04-03,994
2012-04-03,994
2012-04-03,998
2012-04-03,990
2012-04-04,979
2012-04-04,979
2012-04-04,986
2012-04-04,972
2012-04-05,968
2012-04-05,968
2012-04-05,970
2012-04-05,966
2012-04-06,958.5
2012-04-06,959
2012-04-06,962
2012-04-06,955
2012-04-07,942.5
2012-04-07,943
2012-04-07,949
2012-04-07,936
2012-04-08,926
2012-04-08,926
2012-04-08,926
2012-04-08,926
2012-04-09,915
2012-04-09,915
2012-04-09,914
2012-04-09,916
2012-04-10,886
2012-04-10,886
2012-04-10,892
2012-04-10,880
2012-04-11,869
2012-04-11,869
2012-04-11,872
2012-04-11,866
2012-04-12,860
2012-04-12,860
2012-04-12,860
2012-04-12,860
2012-04-13,871
2012-04-13,871
2012-04-13,868
2012-04-13,874
2012-04-14,872
2012-04-14,872
2012-04-14,874
2012-04-14,870
2012-04-15,865
2012-04-15,865
2012-04-15,872
2012-04-15,858
2012-04-16,840.5
2012-04-16,840
2012-04-16,843
2012-04-16,838
2012-04-17,859
2012-04-17,859
2012-04-17,835
2012-04-17,883
2012-04-18,826.5
2012-04-18,826
2012-04-18,828
2012-04-18,825
2012-04-19,828
2012-04-19,828
2012-04-19,828
2012-04-19,828
2012-04-20,831
2012-04-20,831
2012-04-20,830
2012-04-20,832
2012-04-21,840
2012-04-21,840
2012-04-21,838
2012-04-21,842
2012-04-22,842
2012-04-22,842
2012-04-22,844
2012-04-22,840
2012-04-23,830.5
2012-04-23,830
2012-04-23,833
2012-04-23,828
2012-04-24,822
2012-04-24,822
2012-04-24,824
2012-04-24,820
2012-04-25,806.5
2012-04-25,806
2012-04-25,811
2012-04-25,802
2012-04-26,800.5
2012-04-26,801
2012-04-26,803
2012-04-26,798
2012-04-27,797.5
2012-04-27,798
2012-04-27,797
2012-04-27,798
2012-04-28,799
2012-04-28,799
2012-04-28,799
2012-04-28,799
2012-04-29,797.5
2012-04-29,798
2012-04-29,798
2012-04-29,797
2012-04-30,788.5
2012-04-30,788
2012-04-30,791
2012-04-30,786
2012-05-01,774
2012-05-01,774
2012-05-01,784
2012-05-01,764
2012-05-02,746
2012-05-02,746
2012-05-02,750
2012-05-02,742
2012-05-03,728
2012-05-03,728
2012-05-03,732
2012-05-03,724
2012-05-04,717
2012-05-04,717
2012-05-04,720
2012-05-04,714
2012-05-05,706
2012-05-05,706.5
2012-05-05,709
2012-05-05,704
2012-05-06,688
2012-05-06,688
2012-05-06,690
2012-05-06,686
2012-05-07,680
2012-05-07,679.5
2012-05-07,682
2012-05-07,677
2012-05-08,673
2012-05-08,673
2012-05-08,673
2012-05-08,673
2012-05-09,676
2012-05-09,675.5
2012-05-09,676
2012-05-09,675
2012-05-10,661
2012-05-10,661
2012-05-10,664
2012-05-10,658
2012-05-11,647
2012-05-11,647
2012-05-11,649
2012-05-11,645
2012-05-12,636
2012-05-12,635.5
2012-05-12,637
2012-05-12,634
2012-05-13,629
2012-05-13,629
2012-05-13,630
2012-05-13,628
2012-05-14,627
2012-05-14,627
2012-05-14,628
2012-05-14,626
2012-05-15,624
2012-05-15,623.5
2012-05-15,624
2012-05-15,623
2012-05-16,614
2012-05-16,614.5
2012-05-16,616
2012-05-16,613
2012-05-17,591
2012-05-17,591
2012-05-17,592
2012-05-17,590
2012-05-18,591
2012-05-18,591
2012-05-18,592
2012-05-18,590
2012-05-19,604
2012-05-19,604
2012-05-19,588
2012-05-19,620
2012-05-20,619
2012-05-20,619
2012-05-20,620
2012-05-20,618
2012-05-21,617
2012-05-21,617
2012-05-21,618
2012-05-21,616
2012-05-22,618
2012-05-22,618
2012-05-22,616
2012-05-22,620
2012-05-23,622
2012-05-23,622
2012-05-23,622
2012-05-23,622
2012-05-24,622
2012-05-24,622
2012-05-24,624
2012-05-24,620
2012-05-25,614
2012-05-25,614
2012-05-25,618
2012-05-25,610
2012-05-26,603
2012-05-26,603
2012-05-26,608
2012-05-26,598
2012-05-27,598
2012-05-27,598.5
2012-05-27,598
2012-05-27,599
2012-05-28,592
2012-05-28,592
2012-05-28,594
2012-05-28,590
2012-05-29,588
2012-05-29,588
2012-05-29,588
2012-05-29,588
2012-05-30,584
2012-05-30,584
2012-05-30,586
2012-05-30,582
2012-05-31,571
2012-05-31,571
2012-05-31,574
2012-05-31,568
2012-06-01,566.5
2012-06-01,566
2012-06-01,566
2012-06-01,567
2012-06-02,566
2012-06-02,566
2012-06-02,566
2012-06-02,566
2012-06-03,566.5
2012-06-03,566
2012-06-03,565
2012-06-03,568
2012-06-04,569
2012-06-04,569
2012-06-04,572
2012-06-04,566
2012-06-05,559
2012-06-05,559
2012-06-05,562
2012-06-05,556
2012-06-06,547
2012-06-06,547
2012-06-06,548
2012-06-06,546
2012-06-07,539
2012-06-07,539
2012-06-07,540
2012-06-07,538
2012-06-08,535
2012-06-08,535
2012-06-08,536
2012-06-08,534
2012-06-09,531
2012-06-09,531
2012-06-09,532
2012-06-09,530
2012-06-10,533
2012-06-10,533
2012-06-10,534
2012-06-10,532
2012-06-11,537
2012-06-11,537
2012-06-11,536
2012-06-11,538
2012-06-12,532
2012-06-12,532
2012-06-12,536
2012-06-12,528
2012-06-13,519
2012-06-13,519
2012-06-13,526
2012-06-13,512
2012-06-14,512
2012-06-14,512
2012-06-14,512
2012-06-14,512
2012-06-15,511
2012-06-15,511
2012-06-15,512
2012-06-15,510
2012-06-16,506
2012-06-16,506
2012-06-16,506
2012-06-16,506
2012-06-17,500
2012-06-17,500
2012-06-17,502
2012-06-17,498
2012-06-18,494
2012-06-18,494
2012-06-18,494
2012-06-18,494
2012-06-19,496
2012-06-19,496
2012-06-19,496
2012-06-19,496
2012-06-20,490
2012-06-20,490
2012-06-20,490
2012-06-20,490
2012-06-21,486
2012-06-21,486
2012-06-21,488
2012-06-21,484
2012-06-22,479
2012-06-22,479
2012-06-22,480
2012-06-22,478
2012-06-23,472
2012-06-23,472
2012-06-23,473
2012-06-23,471
2012-06-24,468.5
2012-06-24,468
2012-06-24,469
2012-06-24,468
2012-06-25,465
2012-06-25,465
2012-06-25,466
2012-06-25,464
2012-06-26,471.5
2012-06-26,472
2012-06-26,478
2012-06-26,465
2012-06-27,461
2012-06-27,461
2012-06-27,462
2012-06-27,460
2012-06-28,457.5
2012-06-28,458
2012-06-28,458
2012-06-28,457
2012-06-29,453.5
2012-06-29,454
2012-06-29,455
2012-06-29,452
2012-06-30,448
2012-06-30,448
2012-06-30,450
2012-06-30,446
2012-07-01,440
2012-07-01,440
2012-07-01,442
2012-07-01,438
2012-07-02,431.5
2012-07-02,432
2012-07-02,433
2012-07-02,430
2012-07-03,420
2012-07-03,420
2012-07-03,422
2012-07-03,418
2012-07-04,411.5
2012-07-04,412
2012-07-04,415
2012-07-04,408
2012-07-05,403
2012-07-05,403
2012-07-05,404
2012-07-05,402
2012-07-06,396.5
2012-07-06,396
2012-07-06,398
2012-07-06,395
2012-07-07,388
2012-07-07,388
2012-07-07,390
2012-07-07,386
2012-07-08,380.5
2012-07-08,380
2012-07-08,382
2012-07-08,379
2012-07-09,376.5
2012-07-09,376
2012-07-09,377
2012-07-09,376
2012-07-10,374
2012-07-10,374
2012-07-10,376
2012-07-10,372
2012-07-11,365.5
2012-07-11,366
2012-07-11,367
2012-07-11,364
2012-07-12,360
2012-07-12,360
2012-07-12,360
2012-07-12,360
2012-07-13,354
2012-07-13,354
2012-07-13,358
2012-07-13,350
2012-07-14,346.5
2012-07-14,346
2012-07-14,349
2012-07-14,344
2012-07-15,339
2012-07-15,339
2012-07-15,340
2012-07-15,338
2012-07-16,335
2012-07-16,335
2012-07-16,336
2012-07-16,334
2012-07-17,346
2012-07-17,346
2012-07-17,347
2012-07-17,345
2012-07-18,343.5
2012-07-18,344
2012-07-18,344
2012-07-18,343
2012-07-19,333.5
2012-07-19,334
2012-07-19,335
2012-07-19,332
2012-07-20,319.5
2012-07-20,320
2012-07-20,322
2012-07-20,317
2012-07-21,310.5
2012-07-21,310
2012-07-21,312
2012-07-21,309
2012-07-22,306.5
2012-07-22,306
2012-07-22,308
2012-07-22,305
2012-07-23,302
2012-07-23,302
2012-07-23,303
2012-07-23,301
2012-07-24,298
2012-07-24,298
2012-07-24,298
2012-07-24,298
2012-07-25,293.5
2012-07-25,294
2012-07-25,297
2012-07-25,290
2012-07-26,288.5
2012-07-26,288
2012-07-26,289
2012-07-26,288
2012-07-27,286.5
2012-07-27,286
2012-07-27,287
2012-07-27,286
2012-07-28,284
2012-07-28,284
2012-07-28,284
2012-07-28,284
2012-07-29,281
2012-07-29,281
2012-07-29,282
2012-07-29,280
2012-07-30,274
2012-07-30,274
2012-07-30,276
2012-07-30,272
2012-07-31,268.5
2012-07-31,268
2012-07-31,270
2012-07-31,267
2012-08-01,264
2012-08-01,263.5
2012-08-01,264
2012-08-01,263
2012-08-02,260
2012-08-02,260.5
2012-08-02,261
2012-08-02,260
2012-08-03,257
2012-08-03,257
2012-08-03,258
2012-08-03,256
2012-08-04,254
2012-08-04,254
2012-08-04,255
2012-08-04,253
2012-08-05,251
2012-08-05,251
2012-08-05,252
2012-08-05,250
2012-08-06,250
2012-08-06,249.5
2012-08-06,250
2012-08-06,249
2012-08-07,248
2012-08-07,248
2012-08-07,248
2012-08-07,248
2012-08-08,248
2012-08-08,247.5
2012-08-08,247
2012-08-08,248
2012-08-09,246
2012-08-09,245.5
2012-08-09,246
2012-08-09,245
2012-08-10,244
2012-08-10,243.5
2012-08-10,244
2012-08-10,243
2012-08-11,240
2012-08-11,240.5
2012-08-11,242
2012-08-11,239
2012-08-12,235
2012-08-12,235
2012-08-12,235
2012-08-12,235
2012-08-13,232
2012-08-13,231.5
2012-08-13,232
2012-08-13,231
2012-08-14,230
2012-08-14,229.5
2012-08-14,230
2012-08-14,229
2012-08-15,228
2012-08-15,228
2012-08-15,228
2012-08-15,228
2012-08-16,226
2012-08-16,226.5
2012-08-16,227
2012-08-16,226
2012-08-17,226
2012-08-17,225.5
2012-08-17,226
2012-08-17,225
2012-08-18,224
2012-08-18,224
2012-08-18,224
2012-08-18,224
2012-08-19,222
2012-08-19,222.5
2012-08-19,223
2012-08-19,222
2012-08-20,221
2012-08-20,221
2012-08-20,221
2012-08-20,221
2012-08-21,219
2012-08-21,219.5
2012-08-21,220
2012-08-21,219
2012-08-22,218
2012-08-22,218
2012-08-22,218
2012-08-22,218
2012-08-23,216
2012-08-23,216
2012-08-23,216
2012-08-23,216
2012-08-24,216
2012-08-24,216.5
2012-08-24,214
2012-08-24,219
2012-08-25,219
2012-08-25,219
2012-08-25,218
2012-08-25,220
2012-08-26,223
2012-08-26,223
2012-08-26,223
2012-08-26,223
2012-08-27,216
2012-08-27,216.5
2012-08-27,219
2012-08-27,214
2012-08-28,206
2012-08-28,206
2012-08-28,208
2012-08-28,204
2012-08-29,204
2012-08-29,204
2012-08-29,204
2012-08-29,204
2012-08-30,214
2012-08-30,214.5
2012-08-30,212
2012-08-30,217
2012-08-31,222
2012-08-31,222
2012-08-31,220
2012-08-31,224
2012-09-01,226.5
2012-09-01,226
2012-09-01,226
2012-09-01,227
2012-09-02,231.5
2012-09-02,232
2012-09-02,230
2012-09-02,233
2012-09-03,236.5
2012-09-03,237
2012-09-03,236
2012-09-03,237
2012-09-04,238.5
2012-09-04,238
2012-09-04,238
2012-09-04,239
2012-09-05,238
2012-09-05,238
2012-09-05,239
2012-09-05,237
2012-09-06,236.5
2012-09-06,237
2012-09-06,237
2012-09-06,236
2012-09-07,235
2012-09-07,235
2012-09-07,235
2012-09-07,235
2012-09-08,235
2012-09-08,235
2012-09-08,234
2012-09-08,236
2012-09-09,235
2012-09-09,235
2012-09-09,235
2012-09-09,235
2012-09-10,234.5
2012-09-10,235
2012-09-10,234
2012-09-10,235
2012-09-11,233.5
2012-09-11,234
2012-09-11,233
2012-09-11,234
2012-09-12,234
2012-09-12,234
2012-09-12,234
2012-09-12,234
2012-09-13,233
2012-09-13,233
2012-09-13,233
2012-09-13,233
2012-09-14,231.5
2012-09-14,232
2012-09-14,232
2012-09-14,231
2012-09-15,234.5
2012-09-15,235
2012-09-15,233
2012-09-15,236
2012-09-16,246.5
2012-09-16,246
2012-09-16,243
2012-09-16,250
2012-09-17,260
2012-09-17,260
2012-09-17,258
2012-09-17,262
2012-09-18,264.5
2012-09-18,264
2012-09-18,264
2012-09-18,265
2012-09-19,267.5
2012-09-19,268
2012-09-19,267
2012-09-19,268
2012-09-20,268.5
2012-09-20,268
2012-09-20,269
2012-09-20,268
2012-09-21,269
2012-09-21,269
2012-09-21,268
2012-09-21,270
2012-09-22,276
2012-09-22,276
2012-09-22,276
2012-09-22,276
2012-09-23,265
2012-09-23,265
2012-09-23,276
2012-09-23,254
2012-09-24,245
2012-09-24,245
2012-09-24,251
2012-09-24,239
2012-09-25,225.5
2012-09-25,226
2012-09-25,229
2012-09-25,222
2012-09-26,213
2012-09-26,213
2012-09-26,214
2012-09-26,212
2012-09-27,233
2012-09-27,233
2012-09-27,220
2012-09-27,246
2012-09-28,280
2012-09-28,280
2012-09-28,275
2012-09-28,285
2012-09-29,275.5
2012-09-29,276
2012-09-29,280
2012-09-29,271
2012-09-30,249.5
2012-09-30,250
2012-09-30,254
2012-09-30,245
2012-10-01,225
2012-10-01,225
2012-10-01,223
2012-10-01,227
2012-10-02,234
2012-10-02,234
2012-10-02,230
2012-10-02,238
2012-10-03,240
2012-10-03,240
2012-10-03,242
2012-10-03,238
2012-10-04,235
2012-10-04,235
2012-10-04,235
2012-10-04,235
2012-10-05,235
2012-10-05,235
2012-10-05,233
2012-10-05,237
2012-10-06,238
2012-10-06,238
2012-10-06,240
2012-10-06,236
2012-10-07,238
2012-10-07,237.5
2012-10-07,236
2012-10-07,239
2012-10-08,258
2012-10-08,258
2012-10-08,254
2012-10-08,262
2012-10-09,252
2012-10-09,251.5
2012-10-09,255
2012-10-09,248
2012-10-10,246
2012-10-10,245.5
2012-10-10,245
2012-10-10,246
2012-10-11,250
2012-10-11,250
2012-10-11,250
2012-10-11,250
2012-10-12,248
2012-10-12,248
2012-10-12,248
2012-10-12,248
2012-10-13,253
2012-10-13,253
2012-10-13,250
2012-10-13,256
2012-10-14,252
2012-10-14,252.5
2012-10-14,255
2012-10-14,250
2012-10-15,250
2012-10-15,250.5
2012-10-15,250
2012-10-15,251
2012-10-16,246
2012-10-16,246.5
2012-10-16,249
2012-10-16,244
2012-10-17,242
2012-10-17,241.5
2012-10-17,240
2012-10-17,243
2012-10-18,250
2012-10-18,250
2012-10-18,250
2012-10-18,250
2012-10-19,251
2012-10-19,251
2012-10-19,250
2012-10-19,252
2012-10-20,256
2012-10-20,255.5
2012-10-20,259
2012-10-20,252
2012-10-21,305
2012-10-21,305
2012-10-21,304
2012-10-21,306
2012-10-22,304
2012-10-22,304
2012-10-22,309
2012-10-22,299
2012-10-23,330
2012-10-23,330.5
2012-10-23,386
2012-10-23,275
2012-10-24,314
2012-10-24,313.5
2012-10-24,364
2012-10-24,263
2012-10-25,309
2012-10-25,309
2012-10-25,360
2012-10-25,258
2012-10-26,326
2012-10-26,325.5
2012-10-26,324
2012-10-26,327
2012-10-27,322
2012-10-27,322.5
2012-10-27,325
2012-10-27,320
2012-10-28,326
2012-10-28,325.5
2012-10-28,328
2012-10-28,323
2012-10-29,310
2012-10-29,310
2012-10-29,314
2012-10-29,306
2012-10-30,297
2012-10-30,297
2012-10-30,304
2012-10-30,290
2012-10-31,287
2012-10-31,287
2012-10-31,289
2012-10-31,285
2012-11-01,278
2012-11-01,278.5
2012-11-01,280
2012-11-01,277
2012-11-02,264
2012-11-02,264.5
2012-11-02,266
2012-11-02,263
2012-11-03,275
2012-11-03,275
2012-11-03,260
2012-11-03,290
2012-11-04,280
2012-11-04,279.5
2012-11-04,280
2012-11-04,279
2012-11-05,274
2012-11-05,274.5
2012-11-05,276
2012-11-05,273
2012-11-06,288
2012-11-06,237.5
2012-11-06,240
2012-11-06,235
2012-11-07,328
2012-11-07,327.5
2012-11-07,330
2012-11-07,325
2012-11-08,324
2012-11-08,324
2012-11-08,321
2012-11-08,327
2012-11-09,317
2012-11-09,317
2012-11-09,319
2012-11-09,315
2012-11-10,312
2012-11-10,311.5
2012-11-10,313
2012-11-10,310
2012-11-11,336
2012-11-11,336.5
2012-11-11,334
2012-11-11,339
2012-11-12,340
2012-11-12,339.5
2012-11-12,342
2012-11-12,337
2012-11-13,316
2012-11-13,316.5
2012-11-13,321
2012-11-13,312
2012-11-14,301
2012-11-14,301
2012-11-14,294
2012-11-14,308
2012-11-15,327
2012-11-15,327
2012-11-15,319
2012-11-15,335
2012-11-16,355
2012-11-16,355
2012-11-16,352
2012-11-16,358
2012-11-17,364
2012-11-17,364.5
2012-11-17,364
2012-11-17,365
2012-11-18,366
2012-11-18,366.5
2012-11-18,366
2012-11-18,367
2012-11-19,370
2012-11-19,370
2012-11-19,368
2012-11-19,372
2012-11-20,368
2012-11-20,368.5
2012-11-20,370
2012-11-20,367
2012-11-21,368
2012-11-21,368
2012-11-21,364
2012-11-21,372
2012-11-22,392
2012-11-22,392
2012-11-22,390
2012-11-22,394
2012-11-23,396
2012-11-23,395.5
2012-11-23,394
2012-11-23,397
2012-11-24,427
2012-11-24,427
2012-11-24,418
2012-11-24,436
2012-11-25,450
2012-11-25,450.5
2012-11-25,449
2012-11-25,452
2012-11-26,439
2012-11-26,439
2012-11-26,442
2012-11-26,436
2012-11-27,432
2012-11-27,432.5
2012-11-27,433
2012-11-27,432
2012-11-28,434
2012-11-28,434
2012-11-28,430
2012-11-28,438
2012-11-29,454
2012-11-29,454.5
2012-11-29,449
2012-11-29,460
2012-11-30,466
2012-11-30,466
2012-11-30,464
2012-11-30,468
2012-12-01,482
2012-12-01,482
2012-12-01,476
2012-12-01,488
2012-12-02,515
2012-12-02,515
2012-12-02,510
2012-12-02,520
2012-12-03,527
2012-12-03,527
2012-12-03,526
2012-12-03,528
2012-12-04,514
2012-12-04,513.5
2012-12-04,518
2012-12-04,509
2012-12-05,514
2012-12-05,514
2012-12-05,510
2012-12-05,518
2012-12-06,523
2012-12-06,523
2012-12-06,520
2012-12-06,526
2012-12-07,537
2012-12-07,537
2012-12-07,532
2012-12-07,542
2012-12-08,552
2012-12-08,552.5
2012-12-08,550
2012-12-08,555
2012-12-09,578
2012-12-09,578
2012-12-09,570
2012-12-09,586
2012-12-10,594
2012-12-10,594.5
2012-12-10,590
2012-12-10,599
2012-12-11,593
2012-12-11,593
2012-12-11,594
2012-12-11,592
2012-12-12,588
2012-12-12,587.5
2012-12-12,589
2012-12-12,586
2012-12-13,582
2012-12-13,581.5
2012-12-13,583
2012-12-13,580
2012-12-14,574
2012-12-14,574
2012-12-14,576
2012-12-14,572
2012-12-15,572
2012-12-15,572
2012-12-15,570
2012-12-15,574
2012-12-16,572
2012-12-16,571.5
2012-12-16,573
2012-12-16,570
2012-12-17,588
2012-12-17,588
2012-12-17,586
2012-12-17,590
2012-12-18,585
2012-12-18,585
2012-12-18,586
2012-12-18,584
2012-12-19,586
2012-12-19,586.5
2012-12-19,584
2012-12-19,589
2012-12-20,593
2012-12-20,593
2012-12-20,590
2012-12-20,596
2012-12-21,590
2012-12-21,590
2012-12-21,590
2012-12-21,590
2012-12-22,569
2012-12-22,569
2012-12-22,580
2012-12-22,558
2012-12-23,538
2012-12-23,538
2012-12-23,540
2012-12-23,536
2012-12-24,548
2012-12-24,548
2012-12-24,504
2012-12-24,592
2012-12-25,462
2012-12-25,462
2012-12-25,470
2012-12-25,454
2012-12-26,462
2012-12-26,428
2012-12-26,430
2012-12-26,426
2012-12-27,476
2012-12-27,476
2012-12-27,470
2012-12-27,482
2012-12-28,456
2012-12-28,456
2012-12-28,462
2012-12-28,450
2012-12-29,458
2012-12-29,458.5
2012-12-29,465
2012-12-29,452
2012-12-30,445
2012-12-30,445
2012-12-30,448
2012-12-30,442
2012-12-31,436
2012-12-31,436.5
2012-12-31,438
2012-12-31,435
2013-01-01,424
2013-01-01,424
2013-01-01,420
2013-01-01,428
2013-01-02,430
2013-01-02,430
2013-01-02,430
2013-01-02,430
2013-01-03,424
2013-01-03,424
2013-01-03,426
2013-01-03,422
2013-01-04,412
2013-01-04,412
2013-01-04,412
2013-01-04,412
2013-01-05,417.5
2013-01-05,418
2013-01-05,415
2013-01-05,420
2013-01-06,422
2013-01-06,422
2013-01-06,422
2013-01-06,422
2013-01-07,416
2013-01-07,416
2013-01-07,416
2013-01-07,416
2013-01-08,420
2013-01-08,420
2013-01-08,418
2013-01-08,422
2013-01-09,419
2013-01-09,419
2013-01-09,420
2013-01-09,418
2013-01-10,426
2013-01-10,426
2013-01-10,425
2013-01-10,427
2013-01-11,447
2013-01-11,447
2013-01-11,442
2013-01-11,452
2013-01-12,464
2013-01-12,464
2013-01-12,456
2013-01-12,472
2013-01-13,481
2013-01-13,481
2013-01-13,479
2013-01-13,483
2013-01-14,552
2013-01-14,552
2013-01-14,546
2013-01-14,558
2013-01-15,564.5
2013-01-15,564
2013-01-15,575
2013-01-15,554
2013-01-16,568
2013-01-16,568
2013-01-16,563
2013-01-16,573
2013-01-17,590.5
2013-01-17,590
2013-01-17,586
2013-01-17,595
2013-01-18,627.5
2013-01-18,628
2013-01-18,620
2013-01-18,635
2013-01-19,654
2013-01-19,654
2013-01-19,653
2013-01-19,655
2013-01-20,647
2013-01-20,647
2013-01-20,649
2013-01-20,645
2013-01-21,629
2013-01-21,629
2013-01-21,630
2013-01-21,628
2013-01-22,632.5
2013-01-22,632
2013-01-22,631
2013-01-22,634
2013-01-23,646
2013-01-23,646
2013-01-23,642
2013-01-23,650
2013-01-24,661
2013-01-24,661
2013-01-24,660
2013-01-24,662
2013-01-25,671.5
2013-01-25,672
2013-01-25,668
2013-01-25,675
2013-01-26,705.5
2013-01-26,706
2013-01-26,696
2013-01-26,715
2013-01-27,736
2013-01-27,736
2013-01-27,727
2013-01-27,745
2013-01-28,772
2013-01-28,772
2013-01-28,768
2013-01-28,776
2013-01-29,794.5
2013-01-29,794
2013-01-29,788
2013-01-29,801
2013-01-30,817
2013-01-30,817
2013-01-30,814
2013-01-30,820
2013-01-31,819
2013-01-31,819
2013-01-31,820
2013-01-31,818
2013-02-01,812.5
2013-02-01,812
2013-02-01,812
2013-02-01,813
2013-02-02,822
2013-02-02,822
2013-02-02,820
2013-02-02,824
2013-02-03,836.5
2013-02-03,836
2013-02-03,833
2013-02-03,840
2013-02-04,852.5
2013-02-04,852
2013-02-04,850
2013-02-04,855
2013-02-05,860.5
2013-02-05,860
2013-02-05,860
2013-02-05,861
2013-02-06,858.5
2013-02-06,859
2013-02-06,859
2013-02-06,858
2013-02-07,861
2013-02-07,861
2013-02-07,862
2013-02-07,860
2013-02-08,862
2013-02-08,862
2013-02-08,861
2013-02-08,863
2013-02-09,871
2013-02-09,871
2013-02-09,868
2013-02-09,874
2013-02-10,881
2013-02-10,881
2013-02-10,880
2013-02-10,882
2013-02-11,883.5
2013-02-11,884
2013-02-11,883
2013-02-11,884
2013-02-12,886.5
2013-02-12,886
2013-02-12,886
2013-02-12,887
2013-02-13,887
2013-02-13,887
2013-02-13,886
2013-02-13,888
2013-02-14,884.5
2013-02-14,885
2013-02-14,889
2013-02-14,880
2013-02-15,873.5
2013-02-15,874
2013-02-15,876
2013-02-15,871
2013-02-16,865.5
2013-02-16,865
2013-02-16,873
2013-02-16,858
2013-02-17,852
2013-02-17,852
2013-02-17,854
2013-02-17,850
2013-02-18,845.5
2013-02-18,846
2013-02-18,848
2013-02-18,843
2013-02-19,835
2013-02-19,835
2013-02-19,838
2013-02-19,832
2013-02-20,813.5
2013-02-20,814
2013-02-20,817
2013-02-20,810
2013-02-21,804.5
2013-02-21,804
2013-02-21,806
2013-02-21,803
2013-02-22,805
2013-02-22,805
2013-02-22,804
2013-02-22,806
2013-02-23,806.5
2013-02-23,806
2013-02-23,807
2013-02-23,806
2013-02-24,801
2013-02-24,801
2013-02-24,802
2013-02-24,800
2013-02-25,798.5
2013-02-25,798
2013-02-25,801
2013-02-25,796
2013-02-26,797.5
2013-02-26,798
2013-02-26,798
2013-02-26,797
2013-02-27,792
2013-02-27,792
2013-02-27,794
2013-02-27,790
2013-02-28,789
2013-02-28,789
2013-02-28,787
2013-02-28,791
2013-03-01,801
2013-03-01,800.5
2013-03-01,793
2013-03-01,808
2013-03-02,815
2013-03-02,815.5
2013-03-02,811
2013-03-02,820
2013-03-03,826
2013-03-03,825.5
2013-03-03,824
2013-03-03,827
2013-03-04,824
2013-03-04,824
2013-03-04,824
2013-03-04,824
2013-03-05,825
2013-03-05,825
2013-03-05,820
2013-03-05,830
2013-03-06,828
2013-03-06,828
2013-03-06,828
2013-03-06,828
2013-03-07,828
2013-03-07,828
2013-03-07,827
2013-03-07,829
2013-03-08,833
2013-03-08,833
2013-03-08,830
2013-03-08,836
2013-03-09,841
2013-03-09,841.5
2013-03-09,840
2013-03-09,843
2013-03-10,848
2013-03-10,848
2013-03-10,846
2013-03-10,850
2013-03-11,850
2013-03-11,850
2013-03-11,852
2013-03-11,848
2013-03-12,846
2013-03-12,845.5
2013-03-12,846
2013-03-12,845
2013-03-13,857
2013-03-13,857
2013-03-13,854
2013-03-13,860
2013-03-14,866
2013-03-14,866
2013-03-14,866
2013-03-14,866
2013-03-15,872
2013-03-15,872
2013-03-15,872
2013-03-15,872
2013-03-16,874
2013-03-16,873.5
2013-03-16,872
2013-03-16,875
2013-03-17,882
2013-03-17,882.5
2013-03-17,880
2013-03-17,885
2013-03-18,887
2013-03-18,887
2013-03-18,890
2013-03-18,884
2013-03-19,872
2013-03-19,872.5
2013-03-19,881
2013-03-19,864
2013-03-20,882
2013-03-20,882
2013-03-20,875
2013-03-20,889
2013-03-21,914
2013-03-21,913.5
2013-03-21,907
2013-03-21,920
2013-03-22,966
2013-03-22,966
2013-03-22,956
2013-03-22,976
2013-03-23,1007
2013-03-23,1007
2013-03-23,1004
2013-03-23,1010
2013-03-24,1038
2013-03-24,1037.5
2013-03-24,1030
2013-03-24,1045
2013-03-25,1050
2013-03-25,1050.5
2013-03-25,1050
2013-03-25,1051
2013-03-26,1046
2013-03-26,1045.5
2013-03-26,1046
2013-03-26,1045
2013-03-27,1045
2013-03-27,1045
2013-03-27,1046
2013-03-27,1044
2013-03-28,1042
2013-03-28,1041.5
2013-03-28,1040
2013-03-28,1043
2013-03-29,1048
2013-03-29,1048
2013-03-29,1047
2013-03-29,1049
2013-03-30,1052
2013-03-30,1052.5
2013-03-30,1050
2013-03-30,1055
2013-03-31,1084
2013-03-31,1084
2013-03-31,1080
2013-03-31,1088
2013-04-01,1107
2013-04-01,1107
2013-04-01,1104
2013-04-01,1110
2013-04-02,1113.5
2013-04-02,1114
2013-04-02,1112
2013-04-02,1115
2013-04-03,1106
2013-04-03,1106
2013-04-03,1110
2013-04-03,1102
2013-04-04,1092
2013-04-04,1092
2013-04-04,1098
2013-04-04,1086
2013-04-05,1068
2013-04-05,1068
2013-04-05,1072
2013-04-05,1064
2013-04-06,1051
2013-04-06,1051
2013-04-06,1054
2013-04-06,1048
2013-04-07,1034
2013-04-07,1034
2013-04-07,1038
2013-04-07,1030
2013-04-08,1012
2013-04-08,1012
2013-04-08,1016
2013-04-08,1008
2013-04-09,992.5
2013-04-09,993
2013-04-09,997
2013-04-09,988
2013-04-10,972
2013-04-10,972
2013-04-10,976
2013-04-10,968
2013-04-11,969
2013-04-11,969
2013-04-11,969
2013-04-11,969
2013-04-12,968.5
2013-04-12,968
2013-04-12,969
2013-04-12,968
2013-04-13,963
2013-04-13,963
2013-04-13,966
2013-04-13,960
2013-04-14,949.5
2013-04-14,949
2013-04-14,951
2013-04-14,948
2013-04-15,946.5
2013-04-15,946
2013-04-15,947
2013-04-15,946
2013-04-16,940
2013-04-16,940
2013-04-16,942
2013-04-16,938
2013-04-17,938
2013-04-17,938
2013-04-17,939
2013-04-17,937
2013-04-18,946.5
2013-04-18,946
2013-04-18,944
2013-04-18,949
2013-04-19,962.5
2013-04-19,962
2013-04-19,957
2013-04-19,968
2013-04-20,984.5
2013-04-20,985
2013-04-20,982
2013-04-20,987
2013-04-21,1002
2013-04-21,1002
2013-04-21,998
2013-04-21,1006
2013-04-22,1013
2013-04-22,1013
2013-04-22,1012
2013-04-22,1014
2013-04-23,1013
2013-04-23,1013
2013-04-23,1014
2013-04-23,1012
2013-04-24,1009
2013-04-24,1009
2013-04-24,1010
2013-04-24,1008
2013-04-25,1004.5
2013-04-25,1004
2013-04-25,1006
2013-04-25,1003
2013-04-26,1002.5
2013-04-26,1002
2013-04-26,1003
2013-04-26,1002
2013-04-27,979.5
2013-04-27,980
2013-04-27,989
2013-04-27,970
2013-04-28,957.5
2013-04-28,957
2013-04-28,959
2013-04-28,956
2013-04-29,932
2013-04-29,932
2013-04-29,939
2013-04-29,925
2013-04-30,913.5
2013-04-30,914
2013-04-30,918
2013-04-30,909
2013-05-01,913
2013-05-01,913
2013-05-01,905
2013-05-01,921
2013-05-02,942.5
2013-05-02,943
2013-05-02,936
2013-05-02,949
2013-05-03,968
2013-05-03,968
2013-05-03,966
2013-05-03,970
2013-05-04,977
2013-05-04,977
2013-05-04,975
2013-05-04,979
2013-05-05,988
2013-05-05,988
2013-05-05,988
2013-05-05,988
2013-05-06,971.5
2013-05-06,972
2013-05-06,980
2013-05-06,963
2013-05-07,913.5
2013-05-07,914
2013-05-07,926
2013-05-07,901
2013-05-08,878
2013-05-08,878
2013-05-08,880
2013-05-08,876
2013-05-09,898.5
2013-05-09,898
2013-05-09,878
2013-05-09,919
2013-05-10,887.5
2013-05-10,888
2013-05-10,890
2013-05-10,885
2013-05-11,901
2013-05-11,901
2013-05-11,896
2013-05-11,906
2013-05-12,903
2013-05-12,903
2013-05-12,904
2013-05-12,902
2013-05-13,898.5
2013-05-13,898
2013-05-13,900
2013-05-13,897
2013-05-14,891
2013-05-14,891
2013-05-14,893
2013-05-14,889
2013-05-15,886
2013-05-15,886
2013-05-15,887
2013-05-15,885
2013-05-16,886
2013-05-16,886
2013-05-16,886
2013-05-16,886
2013-05-17,882
2013-05-17,882
2013-05-17,884
2013-05-17,880
2013-05-18,877
2013-05-18,877
2013-05-18,878
2013-05-18,876
2013-05-19,863
2013-05-19,863
2013-05-19,869
2013-05-19,857
2013-05-20,842.5
2013-05-20,843
2013-05-20,845
2013-05-20,840
2013-05-21,836.5
2013-05-21,836
2013-05-21,838
2013-05-21,835
2013-05-22,785
2013-05-22,785
2013-05-22,791
2013-05-22,779
2013-05-23,770
2013-05-23,770
2013-05-23,772
2013-05-23,768
2013-05-24,755.5
2013-05-24,756
2013-05-24,760
2013-05-24,751
2013-05-25,737.5
2013-05-25,738
2013-05-25,740
2013-05-25,735
2013-05-26,715.5
2013-05-26,716
2013-05-26,720
2013-05-26,711
2013-05-27,700
2013-05-27,700
2013-05-27,702
2013-05-27,698
2013-05-28,690.5
2013-05-28,690
2013-05-28,693
2013-05-28,688
2013-05-29,673.5
2013-05-29,674
2013-05-29,682
2013-05-29,665
2013-05-30,630.5
2013-05-30,630
2013-05-30,641
2013-05-30,620
2013-05-31,611.5
2013-05-31,612
2013-05-31,615
2013-05-31,608
2013-06-01,596.5
2013-06-01,596
2013-06-01,605
2013-06-01,588
2013-06-02,566.5
2013-06-02,566
2013-06-02,571
2013-06-02,562
2013-06-03,567
2013-06-03,567
2013-06-03,565
2013-06-03,569
2013-06-04,570
2013-06-04,570
2013-06-04,570
2013-06-04,570
2013-06-05,573
2013-06-05,573
2013-06-05,573
2013-06-05,573
2013-06-06,562.5
2013-06-06,562
2013-06-06,565
2013-06-06,560
2013-06-07,555
2013-06-07,555
2013-06-07,555
2013-06-07,555
2013-06-08,550.5
2013-06-08,550
2013-06-08,552
2013-06-08,549
2013-06-09,516
2013-06-09,546
2013-06-09,518
2013-06-09,514
2013-06-10,552
2013-06-10,552
2013-06-10,539
2013-06-10,565
2013-06-11,581
2013-06-11,581
2013-06-11,582
2013-06-11,580
2013-06-12,576
2013-06-12,576
2013-06-12,580
2013-06-12,572
2013-06-13,559.5
2013-06-13,560
2013-06-13,565
2013-06-13,554
2013-06-14,530.5
2013-06-14,530
2013-06-14,540
2013-06-14,521
2013-06-15,510
2013-06-15,510
2013-06-15,512
2013-06-15,508
2013-06-16,512.5
2013-06-16,512
2013-06-16,510
2013-06-16,515
2013-06-17,523
2013-06-17,523
2013-06-17,520
2013-06-17,526
2013-06-18,529
2013-06-18,529
2013-06-18,528
2013-06-18,530
2013-06-19,533
2013-06-19,533
2013-06-19,533
2013-06-19,533
2013-06-20,527
2013-06-20,527
2013-06-20,526
2013-06-20,528
2013-06-21,533
2013-06-21,533
2013-06-21,531
2013-06-21,535
2013-06-22,539
2013-06-22,539
2013-06-22,538
2013-06-22,540
2013-06-23,528.5
2013-06-23,528
2013-06-23,532
2013-06-23,525
2013-06-24,530
2013-06-24,530
2013-06-24,530
2013-06-24,530
2013-06-25,524
2013-06-25,524
2013-06-25,526
2013-06-25,522
2013-06-26,520
2013-06-26,520
2013-06-26,520
2013-06-26,520
2013-06-27,516.5
2013-06-27,516
2013-06-27,517
2013-06-27,516
2013-06-28,511.5
2013-06-28,512
2013-06-28,513
2013-06-28,510
2013-06-29,509.5
2013-06-29,510
2013-06-29,510
2013-06-29,509
2013-06-30,507
2013-06-30,507
2013-06-30,507
2013-06-30,507
2013-07-01,506
2013-07-01,506
2013-07-01,505
2013-07-01,507
2013-07-02,508.5
2013-07-02,508
2013-07-02,507
2013-07-02,510
2013-07-03,511
2013-07-03,511
2013-07-03,513
2013-07-03,509
2013-07-04,505
2013-07-04,505
2013-07-04,505
2013-07-04,505
2013-07-05,508.5
2013-07-05,508
2013-07-05,508
2013-07-05,509
2013-07-06,514
2013-07-06,514
2013-07-06,513
2013-07-06,515
2013-07-07,519
2013-07-07,519
2013-07-07,518
2013-07-07,520
2013-07-08,519
2013-07-08,519
2013-07-08,523
2013-07-08,515
2013-07-09,507.5
2013-07-09,508
2013-07-09,510
2013-07-09,505
2013-07-10,502.5
2013-07-10,503
2013-07-10,505
2013-07-10,500
2013-07-11,496.5
2013-07-11,496
2013-07-11,498
2013-07-11,495
2013-07-12,490
2013-07-12,490
2013-07-12,490
2013-07-12,490
2013-07-13,486
2013-07-13,486
2013-07-13,487
2013-07-13,485
2013-07-14,481.5
2013-07-14,482
2013-07-14,483
2013-07-14,480
2013-07-15,479
2013-07-15,479
2013-07-15,480
2013-07-15,478
2013-07-16,475
2013-07-16,475
2013-07-16,476
2013-07-16,474
2013-07-17,473
2013-07-17,473
2013-07-17,474
2013-07-17,472
2013-07-18,469.5
2013-07-18,470
2013-07-18,470
2013-07-18,469
2013-07-19,468.5
2013-07-19,468
2013-07-19,469
2013-07-19,468
2013-07-20,466
2013-07-20,466
2013-07-20,467
2013-07-20,465
2013-07-21,468
2013-07-21,468
2013-07-21,468
2013-07-21,468
2013-07-22,464
2013-07-22,464
2013-07-22,464
2013-07-22,464
2013-07-23,461
2013-07-23,461
2013-07-23,462
2013-07-23,460
2013-07-24,465
2013-07-24,465
2013-07-24,465
2013-07-24,465
2013-07-25,460.5
2013-07-25,461
2013-07-25,461
2013-07-25,460
2013-07-26,456.5
2013-07-26,457
2013-07-26,458
2013-07-26,455
2013-07-27,447
2013-07-27,447
2013-07-27,453
2013-07-27,441
2013-07-28,426.5
2013-07-28,426
2013-07-28,433
2013-07-28,420
2013-07-29,405
2013-07-29,405
2013-07-29,411
2013-07-29,399
2013-07-30,398
2013-07-30,398
2013-07-30,399
2013-07-30,397
2013-07-31,395.5
2013-07-31,396
2013-07-31,397
2013-07-31,394
2013-08-01,393
2013-08-01,393
2013-08-01,394
2013-08-01,392
2013-08-02,389.5
2013-08-02,390
2013-08-02,390
2013-08-02,389
2013-08-03,379
2013-08-03,379
2013-08-03,383
2013-08-03,375
2013-08-04,368.5
2013-08-04,368
2013-08-04,370
2013-08-04,367
2013-08-05,362
2013-08-05,362
2013-08-05,364
2013-08-05,360
2013-08-06,361
2013-08-06,361
2013-08-06,360
2013-08-06,362
2013-08-07,356.5
2013-08-07,356
2013-08-07,358
2013-08-07,355
2013-08-08,351
2013-08-08,351
2013-08-08,352
2013-08-08,350
2013-08-09,346.5
2013-08-09,346
2013-08-09,348
2013-08-09,345
2013-08-10,336
2013-08-10,336
2013-08-10,342
2013-08-10,330
2013-08-11,334.5
2013-08-11,334
2013-08-11,333
2013-08-11,336
2013-08-12,328
2013-08-12,328
2013-08-12,329
2013-08-12,327
2013-08-13,325
2013-08-13,325
2013-08-13,325
2013-08-13,325
2013-08-14,321
2013-08-14,321
2013-08-14,322
2013-08-14,320
2013-08-15,316
2013-08-15,316
2013-08-15,317
2013-08-15,315
2013-08-16,308
2013-08-16,308
2013-08-16,310
2013-08-16,306
2013-08-17,301
2013-08-17,301
2013-08-17,300
2013-08-17,302
2013-08-18,303
2013-08-18,303
2013-08-18,305
2013-08-18,301
2013-08-19,300
2013-08-19,300
2013-08-19,301
2013-08-19,299
2013-08-20,296
2013-08-20,296
2013-08-20,297
2013-08-20,295
2013-08-21,293.5
2013-08-21,294
2013-08-21,295
2013-08-21,292
2013-08-22,290
2013-08-22,290
2013-08-22,290
2013-08-22,290
2013-08-23,288.5
2013-08-23,288
2013-08-23,289
2013-08-23,288
2013-08-24,284
2013-08-24,284
2013-08-24,285
2013-08-24,283
2013-08-25,282.5
2013-08-25,282
2013-08-25,283
2013-08-25,282
2013-08-26,278.5
2013-08-26,278
2013-08-26,280
2013-08-26,277
2013-08-27,275
2013-08-27,275
2013-08-27,276
2013-08-27,274
2013-08-28,272
2013-08-28,272
2013-08-28,273
2013-08-28,271
2013-08-29,266
2013-08-29,266
2013-08-29,267
2013-08-29,265
2013-08-30,267.5
2013-08-30,268
2013-08-30,268
2013-08-30,267
2013-08-31,266.5
2013-08-31,266
2013-08-31,267
2013-08-31,266
2013-09-01,265
2013-09-01,265
2013-09-01,265
2013-09-01,265
2013-09-02,268
2013-09-02,268
2013-09-02,267
2013-09-02,269
2013-09-03,281
2013-09-03,281
2013-09-03,282
2013-09-03,280
2013-09-04,276.5
2013-09-04,276
2013-09-04,277
2013-09-04,276
2013-09-05,275.5
2013-09-05,276
2013-09-05,276
2013-09-05,275
2013-09-06,272
2013-09-06,272
2013-09-06,273
2013-09-06,271
2013-09-07,270
2013-09-07,270
2013-09-07,270
2013-09-07,270
2013-09-08,268
2013-09-08,268
2013-09-08,269
2013-09-08,267
2013-09-09,264
2013-09-09,264
2013-09-09,265
2013-09-09,263
2013-09-10,261
2013-09-10,261
2013-09-10,262
2013-09-10,260
2013-09-11,257.5
2013-09-11,258
2013-09-11,258
2013-09-11,257
2013-09-12,253.5
2013-09-12,254
2013-09-12,254
2013-09-12,253
2013-09-13,249.5
2013-09-13,250
2013-09-13,250
2013-09-13,249
2013-09-14,246.5
2013-09-14,246
2013-09-14,247
2013-09-14,246
2013-09-15,243
2013-09-15,243
2013-09-15,244
2013-09-15,242
2013-09-16,242.5
2013-09-16,242
2013-09-16,244
2013-09-16,241
2013-09-17,239.5
2013-09-17,240
2013-09-17,240
2013-09-17,239
2013-09-18,234.5
2013-09-18,235
2013-09-18,235
2013-09-18,234
2013-09-19,232
2013-09-19,232
2013-09-19,232
2013-09-19,232
2013-09-20,239
2013-09-20,239
2013-09-20,235
2013-09-20,243
2013-09-21,254.5
2013-09-21,254
2013-09-21,250
2013-09-21,259
2013-09-22,263.5
2013-09-22,264
2013-09-22,262
2013-09-22,265
2013-09-23,278.5
2013-09-23,278
2013-09-23,275
2013-09-23,282
2013-09-24,273.5
2013-09-24,274
2013-09-24,276
2013-09-24,271
2013-09-25,256
2013-09-25,256
2013-09-25,257
2013-09-25,255
2013-09-26,245
2013-09-26,245
2013-09-26,250
2013-09-26,240
2013-09-27,266
2013-09-27,266
2013-09-27,265
2013-09-27,267
2013-09-28,272.5
2013-09-28,272
2013-09-28,270
2013-09-28,275
2013-09-29,255
2013-09-29,255
2013-09-29,258
2013-09-29,252
2013-09-30,242
2013-09-30,242
2013-09-30,244
2013-09-30,240
2013-10-01,233
2013-10-01,233
2013-10-01,234
2013-10-01,232
2013-10-02,229
2013-10-02,229
2013-10-02,230
2013-10-02,228
2013-10-03,226
2013-10-03,226.5
2013-10-03,228
2013-10-03,225
2013-10-04,225
2013-10-04,225
2013-10-04,226
2013-10-04,224
2013-10-05,224
2013-10-05,224
2013-10-05,224
2013-10-05,224
2013-10-06,224
2013-10-06,223.5
2013-10-06,224
2013-10-06,223
2013-10-07,220
2013-10-07,220
2013-10-07,220
2013-10-07,220
2013-10-08,221
2013-10-08,221
2013-10-08,222
2013-10-08,220
2013-10-09,224
2013-10-09,224
2013-10-09,223
2013-10-09,225
2013-10-10,224
2013-10-10,223.5
2013-10-10,224
2013-10-10,223
2013-10-11,222
2013-10-11,222.5
2013-10-11,223
2013-10-11,222
2013-10-12,222
2013-10-12,221.5
2013-10-12,222
2013-10-12,221
2013-10-13,223
2013-10-13,223
2013-10-13,222
2013-10-13,224
2013-10-14,226
2013-10-14,226
2013-10-14,226
2013-10-14,226
2013-10-15,230
2013-10-15,230
2013-10-15,228
2013-10-15,232
2013-10-16,239
2013-10-16,239
2013-10-16,238
2013-10-16,240
2013-10-17,243
2013-10-17,243
2013-10-17,242
2013-10-17,244
2013-10-18,252
2013-10-18,252
2013-10-18,250
2013-10-18,254
2013-10-19,259
2013-10-19,259
2013-10-19,258
2013-10-19,260
2013-10-20,259
2013-10-20,259
2013-10-20,260
2013-10-20,258
2013-10-21,245
2013-10-21,245
2013-10-21,256
2013-10-21,234
2013-10-22,228
2013-10-22,228
2013-10-22,230
2013-10-22,226
2013-10-23,220
2013-10-23,220
2013-10-23,220
2013-10-23,220
2013-10-24,224
2013-10-24,224
2013-10-24,223
2013-10-24,225
2013-10-25,255
2013-10-25,255
2013-10-25,258
2013-10-25,252
2013-10-26,248
2013-10-26,247.5
2013-10-26,246
2013-10-26,249
2013-10-27,244
2013-10-27,243.5
2013-10-27,245
2013-10-27,242
2013-10-28,239
2013-10-28,239
2013-10-28,240
2013-10-28,238
2013-10-29,242
2013-10-29,241.5
2013-10-29,240
2013-10-29,243
2013-10-30,247
2013-10-30,247
2013-10-30,245
2013-10-30,249
2013-10-31,248
2013-10-31,248.5
2013-10-31,253
2013-10-31,244
2013-11-01,241.5
2013-11-01,242
2013-11-01,239
2013-11-01,244
2013-11-02,247
2013-11-02,247
2013-11-02,246
2013-11-02,248
2013-11-03,250.5
2013-11-03,250
2013-11-03,248
2013-11-03,253
2013-11-04,253
2013-11-04,253
2013-11-04,252
2013-11-04,254
2013-11-05,274.5
2013-11-05,274
2013-11-05,272
2013-11-05,277
2013-11-06,297.5
2013-11-06,298
2013-11-06,296
2013-11-06,299
2013-11-07,297
2013-11-07,297
2013-11-07,295
2013-11-07,299
2013-11-08,308
2013-11-08,308
2013-11-08,306
2013-11-08,310
2013-11-09,314.5
2013-11-09,314
2013-11-09,313
2013-11-09,316
2013-11-10,337
2013-11-10,337
2013-11-10,335
2013-11-10,339
2013-11-11,349.5
2013-11-11,350
2013-11-11,352
2013-11-11,347
2013-11-12,345
2013-11-12,345
2013-11-12,346
2013-11-12,344
2013-11-13,333.5
2013-11-13,334
2013-11-13,337
2013-11-13,330
2013-11-14,326.5
2013-11-14,326
2013-11-14,327
2013-11-14,326
2013-11-15,317
2013-11-15,317
2013-11-15,319
2013-11-15,315
2013-11-16,315
2013-11-16,315
2013-11-16,314
2013-11-16,316
2013-11-17,339
2013-11-17,339
2013-11-17,334
2013-11-17,344
2013-11-18,337.5
2013-11-18,338
2013-11-18,340
2013-11-18,335
2013-11-19,321
2013-11-19,321
2013-11-19,322
2013-11-19,320
2013-11-20,317
2013-11-20,317
2013-11-20,319
2013-11-20,315
2013-11-21,314.5
2013-11-21,314
2013-11-21,316
2013-11-21,313
2013-11-22,332
2013-11-22,332
2013-11-22,329
2013-11-22,335
2013-11-23,348
2013-11-23,348
2013-11-23,340
2013-11-23,356
2013-11-24,366.5
2013-11-24,366
2013-11-24,365
2013-11-24,368
2013-11-25,372.5
2013-11-25,372
2013-11-25,370
2013-11-25,375
2013-11-26,383.5
2013-11-26,384
2013-11-26,380
2013-11-26,387
2013-11-27,381.5
2013-11-27,382
2013-11-27,387
2013-11-27,376
2013-11-28,365.5
2013-11-28,366
2013-11-28,366
2013-11-28,365
2013-11-29,362.5
2013-11-29,362
2013-11-29,365
2013-11-29,360
2013-11-30,361
2013-11-30,361
2013-11-30,362
2013-11-30,360
2013-12-01,348
2013-12-01,348
2013-12-01,352
2013-12-01,344
2013-12-02,344
2013-12-02,344
2013-12-02,340
2013-12-02,348
2013-12-03,396
2013-12-03,396
2013-12-03,388
2013-12-03,404
2013-12-04,423.5
2013-12-04,424
2013-12-04,422
2013-12-04,425
2013-12-05,411.5
2013-12-05,412
2013-12-05,413
2013-12-05,410
2013-12-06,402.5
2013-12-06,403
2013-12-06,406
2013-12-06,399
2013-12-07,378
2013-12-07,378
2013-12-07,382
2013-12-07,374
2013-12-08,379
2013-12-08,379
2013-12-08,374
2013-12-08,384
2013-12-09,394.5
2013-12-09,394
2013-12-09,392
2013-12-09,397
2013-12-10,396.5
2013-12-10,396
2013-12-10,396
2013-12-10,397
2013-12-11,397.5
2013-12-11,398
2013-12-11,396
2013-12-11,399
2013-12-12,394
2013-12-12,394
2013-12-12,395
2013-12-12,393
2013-12-13,391
2013-12-13,391
2013-12-13,392
2013-12-13,390
2013-12-14,386.5
2013-12-14,386
2013-12-14,388
2013-12-14,385
2013-12-15,384
2013-12-15,384
2013-12-15,383
2013-12-15,385
2013-12-16,393
2013-12-16,393
2013-12-16,392
2013-12-16,394
2013-12-17,397
2013-12-17,397
2013-12-17,396
2013-12-17,398
2013-12-18,401.5
2013-12-18,401
2013-12-18,400
2013-12-18,403
2013-12-19,420.5
2013-12-19,420
2013-12-19,415
2013-12-19,426
2013-12-20,450
2013-12-20,450
2013-12-20,432
2013-12-20,468
2013-12-21,502
2013-12-21,502
2013-12-21,493
2013-12-21,511
2013-12-22,550
2013-12-22,550
2013-12-22,544
2013-12-22,556
2013-12-23,572.5
2013-12-23,572
2013-12-23,568
2013-12-23,577
2013-12-24,631.5
2013-12-24,632
2013-12-24,611
2013-12-24,652
2013-12-25,717.5
2013-12-25,718
2013-12-25,700
2013-12-25,735
2013-12-26,762
2013-12-26,762
2013-12-26,752
2013-12-26,772
2013-12-27,804
2013-12-27,804
2013-12-27,798
2013-12-27,810
2013-12-28,825
2013-12-28,825
2013-12-28,822
2013-12-28,828
2013-12-29,836
2013-12-29,836
2013-12-29,832
2013-12-29,840
2013-12-30,834
2013-12-30,834
2013-12-30,834
2013-12-30,834
2013-12-31,830
2013-12-31,830
2013-12-31,832
2013-12-31,828
2014-01-01,832
2014-01-01,832
2014-01-01,828
2014-01-01,836
2014-01-02,845
2014-01-02,845
2014-01-02,842
2014-01-02,848
2014-01-03,859
2014-01-03,859
2014-01-03,858
2014-01-03,860
2014-01-04,850.5
2014-01-04,851
2014-01-04,855
2014-01-04,846
2014-01-05,838
2014-01-05,838
2014-01-05,838
2014-01-05,838
2014-01-06,823
2014-01-06,823
2014-01-06,834
2014-01-06,812
2014-01-07,788.5
2014-01-07,788
2014-01-07,795
2014-01-07,782
2014-01-08,753
2014-01-08,753
2014-01-08,765
2014-01-08,741
2014-01-09,727
2014-01-09,727
2014-01-09,727
2014-01-09,727
2014-01-10,717
2014-01-10,717
2014-01-10,720
2014-01-10,714
2014-01-11,710.5
2014-01-11,710
2014-01-11,709
2014-01-11,712
2014-01-12,712
2014-01-12,712
2014-01-12,714
2014-01-12,710
2014-01-13,703.5
2014-01-13,704
2014-01-13,706
2014-01-13,701
2014-01-14,695.5
2014-01-14,696
2014-01-14,698
2014-01-14,693
2014-01-15,691
2014-01-15,691
2014-01-15,688
2014-01-15,694
2014-01-16,707
2014-01-16,707
2014-01-16,699
2014-01-16,715
2014-01-17,743.5
2014-01-17,744
2014-01-17,737
2014-01-17,750
2014-01-18,754.5
2014-01-18,754
2014-01-18,753
2014-01-18,756
2014-01-19,757
2014-01-19,757
2014-01-19,756
2014-01-19,758
2014-01-20,738
2014-01-20,738
2014-01-20,744
2014-01-20,732
2014-01-21,718.5
2014-01-21,718
2014-01-21,721
2014-01-21,716
2014-01-22,726
2014-01-22,726
2014-01-22,722
2014-01-22,730
2014-01-23,743.5
2014-01-23,744
2014-01-23,739
2014-01-23,748
2014-01-24,743
2014-01-24,743
2014-01-24,744
2014-01-24,742
2014-01-25,747
2014-01-25,747
2014-01-25,746
2014-01-25,748
2014-01-26,760
2014-01-26,760
2014-01-26,756
2014-01-26,764
2014-01-27,772
2014-01-27,772
2014-01-27,772
2014-01-27,772
2014-01-28,781
2014-01-28,781
2014-01-28,778
2014-01-28,784
2014-01-29,791.5
2014-01-29,792
2014-01-29,789
2014-01-29,794
2014-01-30,807.5
2014-01-30,807
2014-01-30,805
2014-01-30,810
2014-01-31,830.5
2014-01-31,830
2014-01-31,826
2014-01-31,835
2014-02-01,844
2014-02-01,844
2014-02-01,841
2014-02-01,847
2014-02-02,852
2014-02-02,852
2014-02-02,854
2014-02-02,850
2014-02-03,844
2014-02-03,844
2014-02-03,848
2014-02-03,840
2014-02-04,830
2014-02-04,830
2014-02-04,832
2014-02-04,828
2014-02-05,826.5
2014-02-05,826
2014-02-05,826
2014-02-05,827
2014-02-06,845.5
2014-02-06,846
2014-02-06,839
2014-02-06,852
2014-02-07,870
2014-02-07,870
2014-02-07,866
2014-02-07,874
2014-02-08,877
2014-02-08,877
2014-02-08,878
2014-02-08,876
2014-02-09,859
2014-02-09,859
2014-02-09,864
2014-02-09,854
2014-02-10,826.5
2014-02-10,826
2014-02-10,832
2014-02-10,821
2014-02-11,798
2014-02-11,798
2014-02-11,804
2014-02-11,792
2014-02-12,799
2014-02-12,799
2014-02-12,794
2014-02-12,804
2014-02-13,841
2014-02-13,841
2014-02-13,832
2014-02-13,850
2014-02-14,852
2014-02-14,852
2014-02-14,852
2014-02-14,852
2014-02-15,858
2014-02-15,858
2014-02-15,858
2014-02-15,858
2014-02-16,902.5
2014-02-16,902
2014-02-16,901
2014-02-16,904
2014-02-17,942
2014-02-17,942
2014-02-17,925
2014-02-17,959
2014-02-18,989
2014-02-18,989
2014-02-18,978
2014-02-18,1000
2014-02-19,1037.5
2014-02-19,1038
2014-02-19,1030
2014-02-19,1045
2014-02-20,1057
2014-02-20,1057
2014-02-20,1055
2014-02-20,1059
2014-02-21,1069
2014-02-21,1069
2014-02-21,1062
2014-02-21,1076
2014-02-22,1085
2014-02-22,1085
2014-02-22,1084
2014-02-22,1086
2014-02-23,1079.5
2014-02-23,1080
2014-02-23,1082
2014-02-23,1077
2014-02-24,1072
2014-02-24,1072
2014-02-24,1074
2014-02-24,1070
2014-02-25,1071.5
2014-02-25,1072
2014-02-25,1070
2014-02-25,1073
2014-02-26,1069
2014-02-26,1069
2014-02-26,1068
2014-02-26,1070
2014-02-27,1060
2014-02-27,1060
2014-02-27,1062
2014-02-27,1058
2014-02-28,1053
2014-02-28,1053
2014-02-28,1054
2014-02-28,1052
2014-03-01,1049
2014-03-01,1049
2014-03-01,1050
2014-03-01,1048
2014-03-02,1055
2014-03-02,1055
2014-03-02,1054
2014-03-02,1056
2014-03-03,1070
2014-03-03,1070
2014-03-03,1064
2014-03-03,1076
2014-03-04,1088
2014-03-04,1088
2014-03-04,1086
2014-03-04,1090
2014-03-05,1101
2014-03-05,1101
2014-03-05,1095
2014-03-05,1107
2014-03-06,1124
2014-03-06,1124
2014-03-06,1116
2014-03-06,1132
2014-03-07,1160
2014-03-07,1160
2014-03-07,1152
2014-03-07,1168
2014-03-08,1176
2014-03-08,1176
2014-03-08,1172
2014-03-08,1180
2014-03-09,1176
2014-03-09,1176
2014-03-09,1178
2014-03-09,1174
2014-03-10,1158.5
2014-03-10,1158
2014-03-10,1164
2014-03-10,1153
2014-03-11,1141
2014-03-11,1141
2014-03-11,1147
2014-03-11,1135
2014-03-12,1142
2014-03-12,1142
2014-03-12,1136
2014-03-12,1148
2014-03-13,1170.5
2014-03-13,1170
2014-03-13,1166
2014-03-13,1175
2014-03-14,1194
2014-03-14,1194
2014-03-14,1188
2014-03-14,1200
2014-03-15,1209
2014-03-15,1209
2014-03-15,1208
2014-03-15,1210
2014-03-16,1210.5
2014-03-16,1210
2014-03-16,1212
2014-03-16,1209
2014-03-17,1200
2014-03-17,1200
2014-03-17,1204
2014-03-17,1196
2014-03-18,1179
2014-03-18,1179
2014-03-18,1188
2014-03-18,1170
2014-03-19,1153
2014-03-19,1153
2014-03-19,1158
2014-03-19,1148
2014-03-20,1128
2014-03-20,1128
2014-03-20,1134
2014-03-20,1122
2014-03-21,1106.5
2014-03-21,1106
2014-03-21,1117
2014-03-21,1096
2014-03-22,1083
2014-03-22,1083
2014-03-22,1086
2014-03-22,1080
2014-03-23,1072
2014-03-23,1072
2014-03-23,1074
2014-03-23,1070
2014-03-24,1066
2014-03-24,1066
2014-03-24,1068
2014-03-24,1064
2014-03-25,1054
2014-03-25,1054
2014-03-25,1056
2014-03-25,1052
2014-03-26,1041
2014-03-26,1041
2014-03-26,1047
2014-03-26,1035
2014-03-27,1034
2014-03-27,1034
2014-03-27,1031
2014-03-27,1037
2014-03-28,1036
2014-03-28,1036
2014-03-28,1036
2014-03-28,1036
2014-03-29,1045.5
2014-03-29,1046
2014-03-29,1041
2014-03-29,1050
2014-03-30,1055
2014-03-30,1055
2014-03-30,1054
2014-03-30,1056
2014-03-31,1059
2014-03-31,1059
2014-03-31,1058
2014-03-31,1060
2014-04-01,1061
2014-04-01,1061
2014-04-01,1060
2014-04-01,1062
2014-04-02,1070.5
2014-04-02,1070
2014-04-02,1068
2014-04-02,1073
2014-04-03,1079.5
2014-04-03,1080
2014-04-03,1077
2014-04-03,1082
2014-04-04,1083.5
2014-04-04,1084
2014-04-04,1082
2014-04-04,1085
2014-04-05,1081.5
2014-04-05,1082
2014-04-05,1082
2014-04-05,1081
2014-04-06,1076
2014-04-06,1076
2014-04-06,1080
2014-04-06,1072
2014-04-07,1059.5
2014-04-07,1060
2014-04-07,1060
2014-04-07,1059
2014-04-08,1057
2014-04-08,1057
2014-04-08,1057
2014-04-08,1057
2014-04-09,1055.5
2014-04-09,1056
2014-04-09,1055
2014-04-09,1056
2014-04-10,1068
2014-04-10,1068
2014-04-10,1068
2014-04-10,1068
2014-04-11,1067.5
2014-04-11,1068
2014-04-11,1066
2014-04-11,1069
2014-04-12,1059.5
2014-04-12,1060
2014-04-12,1069
2014-04-12,1050
2014-04-13,1053
2014-04-13,1053
2014-04-13,1053
2014-04-13,1053
2014-04-14,1051
2014-04-14,1051
2014-04-14,1052
2014-04-14,1050
2014-04-15,1053.5
2014-04-15,1054
2014-04-15,1052
2014-04-15,1055
2014-04-16,1058.5
2014-04-16,1058
2014-04-16,1057
2014-04-16,1060
2014-04-17,1059
2014-04-17,1059
2014-04-17,1058
2014-04-17,1060
2014-04-18,1055.5
2014-04-18,1056
2014-04-18,1056
2014-04-18,1055
2014-04-19,1051.5
2014-04-19,1052
2014-04-19,1053
2014-04-19,1050
2014-04-20,1046.5
2014-04-20,1046
2014-04-20,1048
2014-04-20,1045
2014-04-21,1044
2014-04-21,1044
2014-04-21,1045
2014-04-21,1043
2014-04-22,1038.5
2014-04-22,1038
2014-04-22,1040
2014-04-22,1037
2014-04-23,1032.5
2014-04-23,1032
2014-04-23,1034
2014-04-23,1031
2014-04-24,1050.5
2014-04-24,1050
2014-04-24,1049
2014-04-24,1052
2014-04-25,1069.5
2014-04-25,1070
2014-04-25,1065
2014-04-25,1074
2014-04-26,1068.5
2014-04-26,1068
2014-04-26,1072
2014-04-26,1065
2014-04-27,1041.5
2014-04-27,1042
2014-04-27,1043
2014-04-27,1040
2014-04-28,1033
2014-04-28,1033
2014-04-28,1036
2014-04-28,1030
2014-04-29,1017.5
2014-04-29,1018
2014-04-29,1021
2014-04-29,1014
2014-04-30,1032.5
2014-04-30,1032
2014-04-30,1028
2014-04-30,1037
2014-05-01,1044
2014-05-01,1044.5
2014-05-01,1044
2014-05-01,1045
2014-05-02,1040
2014-05-02,1040.5
2014-05-02,1050
2014-05-02,1031
2014-05-03,1004
2014-05-03,1004
2014-05-03,1008
2014-05-03,1000
2014-05-04,988
2014-05-04,987.5
2014-05-04,995
2014-05-04,980
2014-05-05,976
2014-05-05,975.5
2014-05-05,980
2014-05-05,971
2014-05-06,903
2014-05-06,903
2014-05-06,906
2014-05-06,900
2014-05-07,896
2014-05-07,896.5
2014-05-07,898
2014-05-07,895
2014-05-08,888
2014-05-08,888
2014-05-08,890
2014-05-08,886
2014-05-09,871
2014-05-09,871
2014-05-09,880
2014-05-09,862
2014-05-10,854
2014-05-10,854
2014-05-10,858
2014-05-10,850
2014-05-11,840
2014-05-11,839.5
2014-05-11,842
2014-05-11,837
2014-05-12,827
2014-05-12,827
2014-05-12,830
2014-05-12,824
2014-05-13,808
2014-05-13,808
2014-05-13,810
2014-05-13,806
2014-05-14,804
2014-05-14,804.5
2014-05-14,800
2014-05-14,809
2014-05-15,800
2014-05-15,799.5
2014-05-15,801
2014-05-15,798
2014-05-16,794
2014-05-16,793.5
2014-05-16,795
2014-05-16,792
2014-05-17,786
2014-05-17,786.5
2014-05-17,788
2014-05-17,785
2014-05-18,779
2014-05-18,779
2014-05-18,780
2014-05-18,778
2014-05-19,772
2014-05-19,772
2014-05-19,774
2014-05-19,770
2014-05-20,765
2014-05-20,765
2014-05-20,765
2014-05-20,765
2014-05-21,760
2014-05-21,760
2014-05-21,762
2014-05-21,758
2014-05-22,751
2014-05-22,751
2014-05-22,754
2014-05-22,748
2014-05-23,739
2014-05-23,739
2014-05-23,742
2014-05-23,736
2014-05-24,728
2014-05-24,728.5
2014-05-24,730
2014-05-24,727
2014-05-25,719
2014-05-25,719
2014-05-25,722
2014-05-25,716
2014-05-26,705
2014-05-26,705
2014-05-26,710
2014-05-26,700
2014-05-27,690
2014-05-27,690.5
2014-05-27,695
2014-05-27,686
2014-05-28,679
2014-05-28,679
2014-05-28,680
2014-05-28,678
2014-05-29,674
2014-05-29,674
2014-05-29,675
2014-05-29,673
2014-05-30,665
2014-05-30,665
2014-05-30,668
2014-05-30,662
2014-05-31,656
2014-05-31,656.5
2014-05-31,657
2014-05-31,656
2014-06-01,648.5
2014-06-01,648
2014-06-01,655
2014-06-01,642
2014-06-02,630.5
2014-06-02,630
2014-06-02,635
2014-06-02,626
2014-06-03,611.5
2014-06-03,612
2014-06-03,618
2014-06-03,605
2014-06-04,594
2014-06-04,594
2014-06-04,598
2014-06-04,590
2014-06-05,585.5
2014-06-05,586
2014-06-05,588
2014-06-05,583
2014-06-06,575
2014-06-06,575
2014-06-06,579
2014-06-06,571
2014-06-07,567
2014-06-07,567
2014-06-07,568
2014-06-07,566
2014-06-08,558
2014-06-08,558
2014-06-08,560
2014-06-08,556
2014-06-09,551
2014-06-09,551
2014-06-09,552
2014-06-09,550
2014-06-10,547.5
2014-06-10,548
2014-06-10,549
2014-06-10,546
2014-06-11,544
2014-06-11,544
2014-06-11,545
2014-06-11,543
2014-06-12,542.5
2014-06-12,542
2014-06-12,543
2014-06-12,542
2014-06-13,538.5
2014-06-13,538
2014-06-13,539
2014-06-13,538
2014-06-14,541
2014-06-14,541
2014-06-14,540
2014-06-14,542
2014-06-15,543
2014-06-15,543
2014-06-15,542
2014-06-15,544
2014-06-16,541
2014-06-16,541
2014-06-16,543
2014-06-16,539
2014-06-17,538
2014-06-17,538
2014-06-17,539
2014-06-17,537
2014-06-18,534.5
2014-06-18,534
2014-06-18,535
2014-06-18,534
2014-06-19,531.5
2014-06-19,532
2014-06-19,533
2014-06-19,530
2014-06-20,525.5
2014-06-20,526
2014-06-20,527
2014-06-20,524
2014-06-21,522
2014-06-21,522
2014-06-21,523
2014-06-21,521
2014-06-22,517
2014-06-22,517
2014-06-22,518
2014-06-22,516
2014-06-23,521
2014-06-23,521
2014-06-23,522
2014-06-23,520
2014-06-24,520
2014-06-24,520
2014-06-24,521
2014-06-24,519
2014-06-25,516
2014-06-25,516
2014-06-25,516
2014-06-25,516
2014-06-26,518
2014-06-26,518
2014-06-26,520
2014-06-26,516
2014-06-27,512
2014-06-27,512
2014-06-27,513
2014-06-27,511
2014-06-28,509
2014-06-28,509
2014-06-28,510
2014-06-28,508
2014-06-29,506
2014-06-29,506
2014-06-29,506
2014-06-29,506
2014-06-30,502
2014-06-30,502
2014-06-30,503
2014-06-30,501
2014-07-01,500.5
2014-07-01,500
2014-07-01,501
2014-07-01,500
2014-07-02,498
2014-07-02,498
2014-07-02,498
2014-07-02,498
2014-07-03,496
2014-07-03,496
2014-07-03,496
2014-07-03,496
2014-07-04,494
2014-07-04,494
2014-07-04,494
2014-07-04,494
2014-07-05,492.5
2014-07-05,492
2014-07-05,493
2014-07-05,492
2014-07-06,490
2014-07-06,490
2014-07-06,490
2014-07-06,490
2014-07-07,486.5
2014-07-07,486
2014-07-07,488
2014-07-07,485
2014-07-08,484
2014-07-08,484
2014-07-08,484
2014-07-08,484
2014-07-09,478.5
2014-07-09,478
2014-07-09,480
2014-07-09,477
2014-07-10,473
2014-07-10,473
2014-07-10,474
2014-07-10,472
2014-07-11,468.5
2014-07-11,468
2014-07-11,470
2014-07-11,467
2014-07-12,464
2014-07-12,464
2014-07-12,465
2014-07-12,463
2014-07-13,462.5
2014-07-13,462
2014-07-13,463
2014-07-13,462
2014-07-14,459
2014-07-14,459
2014-07-14,460
2014-07-14,458
2014-07-15,456.5
2014-07-15,457
2014-07-15,458
2014-07-15,455
2014-07-16,454.5
2014-07-16,454
2014-07-16,453
2014-07-16,456
2014-07-17,457.5
2014-07-17,458
2014-07-17,459
2014-07-17,456
2014-07-18,453
2014-07-18,453
2014-07-18,454
2014-07-18,452
2014-07-19,450
2014-07-19,450
2014-07-19,450
2014-07-19,450
2014-07-20,446
2014-07-20,446
2014-07-20,447
2014-07-20,445
2014-07-21,443
2014-07-21,443
2014-07-21,444
2014-07-21,442
2014-07-22,440.5
2014-07-22,440
2014-07-22,441
2014-07-22,440
2014-07-23,436
2014-07-23,436
2014-07-23,437
2014-07-23,435
2014-07-24,432
2014-07-24,432
2014-07-24,433
2014-07-24,431
2014-07-25,428.5
2014-07-25,428
2014-07-25,429
2014-07-25,428
2014-07-26,426
2014-07-26,426
2014-07-26,426
2014-07-26,426
2014-07-27,426
2014-07-27,426
2014-07-27,428
2014-07-27,424
2014-07-28,421
2014-07-28,421
2014-07-28,422
2014-07-28,420
2014-07-29,416
2014-07-29,416
2014-07-29,418
2014-07-29,414
2014-07-30,408.5
2014-07-30,408
2014-07-30,410
2014-07-30,407
2014-07-31,401.5
2014-07-31,401
2014-07-31,403
2014-07-31,400
2014-08-01,394.5
2014-08-01,394
2014-08-01,397
2014-08-01,392
2014-08-02,386.5
2014-08-02,386
2014-08-02,388
2014-08-02,385
2014-08-03,382
2014-08-03,382
2014-08-03,384
2014-08-03,380
2014-08-04,375
2014-08-04,375
2014-08-04,377
2014-08-04,373
2014-08-05,368
2014-08-05,368
2014-08-05,370
2014-08-05,366
2014-08-06,361.5
2014-08-06,362
2014-08-06,363
2014-08-06,360
2014-08-07,355.5
2014-08-07,356
2014-08-07,357
2014-08-07,354
2014-08-08,351
2014-08-08,351
2014-08-08,352
2014-08-08,350
2014-08-09,345
2014-08-09,345
2014-08-09,346
2014-08-09,344
2014-08-10,338.5
2014-08-10,338
2014-08-10,340
2014-08-10,337
2014-08-11,333
2014-08-11,333
2014-08-11,335
2014-08-11,331
2014-08-12,327.5
2014-08-12,328
2014-08-12,329
2014-08-12,326
2014-08-13,317
2014-08-13,317
2014-08-13,320
2014-08-13,314
2014-08-14,307.5
2014-08-14,308
2014-08-14,310
2014-08-14,305
2014-08-15,297
2014-08-15,297
2014-08-15,300
2014-08-15,294
2014-08-16,289
2014-08-16,289
2014-08-16,293
2014-08-16,285
2014-08-17,279
2014-08-17,279
2014-08-17,279
2014-08-17,279
2014-08-18,273.5
2014-08-18,274
2014-08-18,275
2014-08-18,272
2014-08-19,269.5
2014-08-19,270
2014-08-19,270
2014-08-19,269
2014-08-20,267.5
2014-08-20,268
2014-08-20,267
2014-08-20,268
2014-08-21,265.5
2014-08-21,266
2014-08-21,266
2014-08-21,265
2014-08-22,262
2014-08-22,262
2014-08-22,263
2014-08-22,261
2014-08-23,258
2014-08-23,258
2014-08-23,258
2014-08-23,258
2014-08-24,261
2014-08-24,261
2014-08-24,260
2014-08-24,262
2014-08-25,257
2014-08-25,257
2014-08-25,258
2014-08-25,256
2014-08-26,253.5
2014-08-26,254
2014-08-26,254
2014-08-26,253
2014-08-27,256.5
2014-08-27,256
2014-08-27,255
2014-08-27,258
2014-08-28,261.5
2014-08-28,262
2014-08-28,260
2014-08-28,263
2014-08-29,264
2014-08-29,264
2014-08-29,263
2014-08-29,265
2014-08-30,267.5
2014-08-30,268
2014-08-30,267
2014-08-30,268
2014-08-31,268
2014-08-31,268
2014-08-31,271
2014-08-31,265
2014-09-01,262
2014-09-01,262
2014-09-01,263
2014-09-01,261
2014-09-02,258.5
2014-09-02,258
2014-09-02,259
2014-09-02,258
2014-09-03,256
2014-09-03,256
2014-09-03,256
2014-09-03,256
2014-09-04,253
2014-09-04,253
2014-09-04,254
2014-09-04,252
2014-09-05,258
2014-09-05,258
2014-09-05,257
2014-09-05,259
2014-09-06,262
2014-09-06,262
2014-09-06,261
2014-09-06,263
2014-09-07,265.5
2014-09-07,266
2014-09-07,265
2014-09-07,266
2014-09-08,268.5
2014-09-08,268
2014-09-08,268
2014-09-08,269
2014-09-09,276
2014-09-09,276
2014-09-09,274
2014-09-09,278
2014-09-10,281
2014-09-10,281
2014-09-10,282
2014-09-10,280
2014-09-11,276
2014-09-11,276
2014-09-11,277
2014-09-11,275
2014-09-12,274.5
2014-09-12,274
2014-09-12,275
2014-09-12,274
2014-09-13,271.5
2014-09-13,272
2014-09-13,272
2014-09-13,271
2014-09-14,271.5
2014-09-14,272
2014-09-14,273
2014-09-14,270
2014-09-15,265.5
2014-09-15,266
2014-09-15,267
2014-09-15,264
2014-09-16,259.5
2014-09-16,260
2014-09-16,261
2014-09-16,258
2014-09-17,252.5
2014-09-17,252
2014-09-17,254
2014-09-17,251
2014-09-18,243
2014-09-18,243
2014-09-18,246
2014-09-18,240
2014-09-19,235
2014-09-19,235
2014-09-19,237
2014-09-19,233
2014-09-20,228.5
2014-09-20,228
2014-09-20,230
2014-09-20,227
2014-09-21,225
2014-09-21,225
2014-09-21,225
2014-09-21,225
2014-09-22,221
2014-09-22,221
2014-09-22,222
2014-09-22,220
2014-09-23,227
2014-09-23,227
2014-09-23,228
2014-09-23,226
2014-09-24,222.5
2014-09-24,222
2014-09-24,224
2014-09-24,221
2014-09-25,219.5
2014-09-25,219
2014-09-25,219
2014-09-25,220
2014-09-26,225.5
2014-09-26,226
2014-09-26,224
2014-09-26,227
2014-09-27,228
2014-09-27,228
2014-09-27,228
2014-09-27,228
2014-09-28,232.5
2014-09-28,233
2014-09-28,231
2014-09-28,234
2014-09-29,237
2014-09-29,237
2014-09-29,236
2014-09-29,238
2014-09-30,240
2014-09-30,240
2014-09-30,239
2014-09-30,241
2014-10-01,239
2014-10-01,239
2014-10-01,238
2014-10-01,240
2014-10-02,235.5
2014-10-02,236
2014-10-02,236
2014-10-02,235
2014-10-03,218
2014-10-03,218
2014-10-03,218
2014-10-03,218
2014-10-04,222.5
2014-10-04,222
2014-10-04,222
2014-10-04,223
2014-10-05,224
2014-10-05,224
2014-10-05,223
2014-10-05,225
2014-10-06,225
2014-10-06,225
2014-10-06,226
2014-10-06,224
2014-10-07,222
2014-10-07,222
2014-10-07,223
2014-10-07,221
2014-10-08,222
2014-10-08,222
2014-10-08,220
2014-10-08,224
2014-10-09,227.5
2014-10-09,228
2014-10-09,226
2014-10-09,229
2014-10-10,234
2014-10-10,234
2014-10-10,233
2014-10-10,235
2014-10-11,237.5
2014-10-11,238
2014-10-11,237
2014-10-11,238
2014-10-12,245
2014-10-12,245
2014-10-12,242
2014-10-12,248
2014-10-13,248.5
2014-10-13,248
2014-10-13,250
2014-10-13,247
2014-10-14,244
2014-10-14,244
2014-10-14,245
2014-10-14,243
2014-10-15,240.5
2014-10-15,240
2014-10-15,242
2014-10-15,239
2014-10-16,234.5
2014-10-16,235
2014-10-16,236
2014-10-16,233
2014-10-17,265
2014-10-17,265
2014-10-17,254
2014-10-17,276
2014-10-18,266.5
2014-10-18,266
2014-10-18,269
2014-10-18,264
2014-10-19,250.5
2014-10-19,250
2014-10-19,254
2014-10-19,247
2014-10-20,237.5
2014-10-20,238
2014-10-20,240
2014-10-20,235
2014-10-21,228
2014-10-21,228
2014-10-21,229
2014-10-21,227
2014-10-22,225
2014-10-22,225
2014-10-22,226
2014-10-22,224
2014-10-23,221.5
2014-10-23,222
2014-10-23,222
2014-10-23,221
2014-10-24,223
2014-10-24,223
2014-10-24,223
2014-10-24,223
2014-10-25,223
2014-10-25,223
2014-10-25,220
2014-10-25,226
2014-10-26,224
2014-10-26,224
2014-10-26,224
2014-10-26,224
2014-10-27,226.5
2014-10-27,226
2014-10-27,228
2014-10-27,225
2014-10-28,217.5
2014-10-28,217
2014-10-28,218
2014-10-28,217
2014-10-29,221.5
2014-10-29,222
2014-10-29,220
2014-10-29,223
2014-10-30,223
2014-10-30,223
2014-10-30,225
2014-10-30,221
2014-10-31,229.5
2014-10-31,230
2014-10-31,227
2014-10-31,232
2014-11-01,249
2014-11-01,249
2014-11-01,245
2014-11-01,253
2014-11-02,251.5
2014-11-02,252
2014-11-02,253
2014-11-02,250
2014-11-03,256.5
2014-11-03,256
2014-11-03,255
2014-11-03,258
2014-11-04,261.5
2014-11-04,262
2014-11-04,260
2014-11-04,263
2014-11-05,245.5
2014-11-05,246
2014-11-05,244
2014-11-05,247
2014-11-06,251
2014-11-06,251
2014-11-06,250
2014-11-06,252
2014-11-07,256.5
2014-11-07,256
2014-11-07,255
2014-11-07,258
2014-11-08,261.5
2014-11-08,262
2014-11-08,261
2014-11-08,262
2014-11-09,268
2014-11-09,268
2014-11-09,266
2014-11-09,270
2014-11-10,276.5
2014-11-10,276
2014-11-10,274
2014-11-10,279
2014-11-11,284.5
2014-11-11,284
2014-11-11,283
2014-11-11,286
2014-11-12,291.5
2014-11-12,292
2014-11-12,290
2014-11-12,293
2014-11-13,297
2014-11-13,297
2014-11-13,295
2014-11-13,299
2014-11-14,314
2014-11-14,314
2014-11-14,311
2014-11-14,317
2014-11-15,325.5
2014-11-15,326
2014-11-15,322
2014-11-15,329
2014-11-16,335.5
2014-11-16,336
2014-11-16,333
2014-11-16,338
2014-11-17,345.5
2014-11-17,346
2014-11-17,344
2014-11-17,347
2014-11-18,357
2014-11-18,357
2014-11-18,355
2014-11-18,359
2014-11-19,368.5
2014-11-19,368
2014-11-19,367
2014-11-19,370
2014-11-20,362
2014-11-20,362
2014-11-20,364
2014-11-20,360
2014-11-21,355
2014-11-21,355
2014-11-21,352
2014-11-21,358
2014-11-22,368.5
2014-11-22,368
2014-11-22,366
2014-11-22,371
2014-11-23,377
2014-11-23,377
2014-11-23,375
2014-11-23,379
2014-11-24,373.5
2014-11-24,374
2014-11-24,384
2014-11-24,363
2014-11-25,347
2014-11-25,347
2014-11-25,346
2014-11-25,348
2014-11-26,343
2014-11-26,343
2014-11-26,343
2014-11-26,343
2014-11-27,342.5
2014-11-27,342
2014-11-27,340
2014-11-27,345
2014-11-28,349.5
2014-11-28,350
2014-11-28,348
2014-11-28,351
2014-11-29,354
2014-11-29,354
2014-11-29,353
2014-11-29,355
2014-11-30,363.5
2014-11-30,364
2014-11-30,370
2014-11-30,357
2014-12-01,336.5
2014-12-01,336
2014-12-01,343
2014-12-01,330
2014-12-02,330
2014-12-02,330
2014-12-02,334
2014-12-02,326
2014-12-03,381.5
2014-12-03,382
2014-12-03,383
2014-12-03,380
2014-12-04,347
2014-12-04,347
2014-12-04,376
2014-12-04,318
2014-12-05,340.5
2014-12-05,340
2014-12-05,329
2014-12-05,352
2014-12-06,355.5
2014-12-06,356
2014-12-06,357
2014-12-06,354
2014-12-07,351.5
2014-12-07,352
2014-12-07,353
2014-12-07,350
2014-12-08,345
2014-12-08,345
2014-12-08,346
2014-12-08,344
2014-12-09,344
2014-12-09,344
2014-12-09,341
2014-12-09,347
2014-12-10,352.5
2014-12-10,352
2014-12-10,350
2014-12-10,355
2014-12-11,364
2014-12-11,364
2014-12-11,362
2014-12-11,366
2014-12-12,367.5
2014-12-12,368
2014-12-12,366
2014-12-12,369
2014-12-13,374
2014-12-13,374
2014-12-13,373
2014-12-13,375
2014-12-14,379
2014-12-14,379
2014-12-14,378
2014-12-14,380
2014-12-15,401
2014-12-15,401
2014-12-15,392
2014-12-15,410
2014-12-16,428.5
2014-12-16,428
2014-12-16,419
2014-12-16,438
2014-12-17,463
2014-12-17,463
2014-12-17,455
2014-12-17,471
2014-12-18,505
2014-12-18,505
2014-12-18,494
2014-12-18,516
2014-12-19,526.5
2014-12-19,526
2014-12-19,523
2014-12-19,530
2014-12-20,538.5
2014-12-20,538
2014-12-20,537
2014-12-20,540
2014-12-21,545
2014-12-21,545
2014-12-21,543
2014-12-21,547
2014-12-22,553.5
2014-12-22,554
2014-12-22,550
2014-12-22,557
2014-12-23,572
2014-12-23,572
2014-12-23,566
2014-12-23,578
2014-12-24,579
2014-12-24,579
2014-12-24,574
2014-12-24,584
2014-12-25,613
2014-12-25,613
2014-12-25,608
2014-12-25,618
2014-12-26,597
2014-12-26,597
2014-12-26,604
2014-12-26,590
2014-12-27,560
2014-12-27,560
2014-12-27,562
2014-12-27,558
2014-12-28,579.5
2014-12-28,580
2014-12-28,577
2014-12-28,582
2014-12-29,584
2014-12-29,584
2014-12-29,590
2014-12-29,578
2014-12-30,567.5
2014-12-30,568
2014-12-30,563
2014-12-30,572
2014-12-31,586.5
2014-12-31,586
2014-12-31,585
2014-12-31,588
2015-01-01,598
2015-01-01,598
2015-01-01,598
2015-01-02,591
2015-01-02,594
2015-01-02,588
2015-01-03,540
2015-01-03,557
2015-01-03,523
2015-01-04,528.5
2015-01-04,526
2015-01-04,531
2015-01-05,534
2015-01-05,538
2015-01-05,530
2015-01-06,526
2015-01-06,527
2015-01-06,525
2015-01-07,523
2015-01-07,523
2015-01-07,523
2015-01-08,514
2015-01-08,520
2015-01-08,508
2015-01-09,478
2015-01-09,487
2015-01-09,469
2015-01-10,460.5
2015-01-10,463
2015-01-10,458
2015-01-11,451
2015-01-11,452
2015-01-11,450
2015-01-12,445
2015-01-12,445
2015-01-12,445
2015-01-13,440.5
2015-01-13,443
2015-01-13,438
2015-01-14,444.5
2015-01-14,442
2015-01-14,447
2015-01-15,453.5
2015-01-15,451
2015-01-15,456
2015-01-16,463
2015-01-16,459
2015-01-16,467
2015-01-17,472
2015-01-17,469
2015-01-17,475
2015-01-18,480
2015-01-18,480
2015-01-18,480
2015-01-19,475
2015-01-19,477
2015-01-19,473
2015-01-20,472.5
2015-01-20,466
2015-01-20,479
2015-01-21,491.5
2015-01-21,488
2015-01-21,495
2015-01-22,516.5
2015-01-22,510
2015-01-22,523
2015-01-23,539.5
2015-01-23,534
2015-01-23,545
2015-01-24,557.5
2015-01-24,550
2015-01-24,565
2015-01-25,572
2015-01-25,570
2015-01-25,574
2015-01-26,583
2015-01-26,579
2015-01-26,587
2015-01-27,602.5
2015-01-27,599
2015-01-27,606
2015-01-28,614.5
2015-01-28,610
2015-01-28,619
2015-01-29,601
2015-01-29,607
2015-01-29,595
2015-01-30,597.5
2015-01-30,595
2015-01-30,600
2015-01-31,607
2015-01-31,604
2015-01-31,610
2015-02-01,614
2015-02-01,614
2015-02-01,614
2015-02-02,619
2015-02-02,618
2015-02-02,620
2015-02-03,624
2015-02-03,624
2015-02-03,624
2015-02-04,642.5
2015-02-04,623
2015-02-04,662
2015-02-05,659
2015-02-05,660
2015-02-05,658
2015-02-06,652
2015-02-06,650
2015-02-06,654
2015-02-07,657.5
2015-02-07,656
2015-02-07,659
2015-02-08,665
2015-02-08,663
2015-02-08,667
2015-02-09,668.5
2015-02-09,667
2015-02-09,670
2015-02-10,676
2015-02-10,675
2015-02-10,677
2015-02-11,684.5
2015-02-11,681
2015-02-11,688
2015-02-12,676
2015-02-12,680
2015-02-12,672
2015-02-13,647.5
2015-02-13,654
2015-02-13,641
2015-02-14,622
2015-02-14,628
2015-02-14,616
2015-02-15,604
2015-02-15,607
2015-02-15,601
2015-02-16,576.5
2015-02-16,583
2015-02-16,570
2015-02-17,551.5
2015-02-17,555
2015-02-17,548
2015-02-18,553
2015-02-18,550
2015-02-18,556
2015-02-19,565.5
2015-02-19,563
2015-02-19,568
2015-02-20,580.5
2015-02-20,577
2015-02-20,584
2015-02-21,594.5
2015-02-21,591
2015-02-21,598
2015-02-22,610.5
2015-02-22,606
2015-02-22,615
2015-02-23,628
2015-02-23,623
2015-02-23,633
2015-02-24,644
2015-02-24,640
2015-02-24,648
2015-02-25,659.5
2015-02-25,657
2015-02-25,662
2015-02-26,668
2015-02-26,666
2015-02-26,670
2015-02-27,674.5
2015-02-27,673
2015-02-27,676
2015-02-28,688
2015-02-28,679
2015-02-28,697
2015-03-01,707
2015-03-01,705
2015-03-01,709
2015-03-02,753.5
2015-03-02,715
2015-03-02,792
2015-03-03,773
2015-03-03,781
2015-03-03,765
2015-03-04,661
2015-03-04,674
2015-03-04,648
2015-03-05,652
2015-03-05,650
2015-03-05,654
2015-03-06,667
2015-03-06,664
2015-03-06,670
2015-03-07,689
2015-03-07,682
2015-03-07,696
2015-03-08,709.5
2015-03-08,706
2015-03-08,713
2015-03-09,733
2015-03-09,729
2015-03-09,737
2015-03-10,695.5
2015-03-10,710
2015-03-10,681
2015-03-11,672
2015-03-11,674
2015-03-11,670
2015-03-12,666.5
2015-03-12,670
2015-03-12,663
2015-03-13,657.5
2015-03-13,660
2015-03-13,655
2015-03-14,669.5
2015-03-14,651
2015-03-14,688
2015-03-15,701.5
2015-03-15,708
2015-03-15,695
2015-03-16,688
2015-03-16,690
2015-03-16,686
2015-03-17,680
2015-03-17,677
2015-03-17,683
2015-03-18,694
2015-03-18,690
2015-03-18,698
2015-03-19,707
2015-03-19,705
2015-03-19,709
2015-03-20,727
2015-03-20,714
2015-03-20,740
2015-03-21,786
2015-03-21,782
2015-03-21,790
2015-03-22,803
2015-03-22,794
2015-03-22,812
2015-03-23,823
2015-03-23,820
2015-03-23,826
2015-03-24,836
2015-03-24,836
2015-03-24,836
2015-03-25,839.5
2015-03-25,838
2015-03-25,841
2015-03-26,845
2015-03-26,843
2015-03-26,847
2015-03-27,845
2015-03-27,845
2015-03-27,845
2015-03-28,849.5
2015-03-28,848
2015-03-28,851
2015-03-29,856
2015-03-29,854
2015-03-29,858
2015-03-30,878.5
2015-03-30,863
2015-03-30,894
2015-03-31,913.5
2015-03-31,910
2015-03-31,917
2015-04-01,921.5
2015-04-01,925
2015-04-01,918
2015-04-02,919
2015-04-02,918
2015-04-02,920
2015-04-03,924.5
2015-04-03,923
2015-04-03,926
2015-04-04,932.5
2015-04-04,930
2015-04-04,935
2015-04-05,920.5
2015-04-05,927
2015-04-05,914
2015-04-06,899.5
2015-04-06,904
2015-04-06,895
2015-04-07,887
2015-04-07,890
2015-04-07,884
2015-04-08,882.5
2015-04-08,880
2015-04-08,885
2015-04-09,887
2015-04-09,885
2015-04-09,889
2015-04-10,913.5
2015-04-10,912
2015-04-10,915
2015-04-11,921.5
2015-04-11,919
2015-04-11,924
2015-04-12,926
2015-04-12,930
2015-04-12,922
2015-04-13,913.5
2015-04-13,917
2015-04-13,910
2015-04-14,901.5
2015-04-14,903
2015-04-14,900
2015-04-15,898
2015-04-15,899
2015-04-15,897
2015-04-16,893.5
2015-04-16,895
2015-04-16,892
2015-04-17,886.5
2015-04-17,889
2015-04-17,884
2015-04-18,880.5
2015-04-18,881
2015-04-18,880
2015-04-19,892.5
2015-04-19,887
2015-04-19,898
2015-04-20,910
2015-04-20,910
2015-04-20,910
2015-04-21,914.5
2015-04-21,913
2015-04-21,916
2015-04-22,917.5
2015-04-22,920
2015-04-22,915
2015-04-23,900
2015-04-23,904
2015-04-23,896
2015-04-24,881
2015-04-24,882
2015-04-24,880
2015-04-25,875.5
2015-04-25,877
2015-04-25,874
2015-04-26,869
2015-04-26,869
2015-04-26,869
2015-04-27,874
2015-04-27,872
2015-04-27,876
2015-04-28,880.5
2015-04-28,879
2015-04-28,882
2015-04-29,886
2015-04-29,884
2015-04-29,888
2015-04-30,890.5
2015-04-30,888
2015-04-30,893
2015-05-01,888.5
2015-05-01,890
2015-05-01,887
2015-05-02,886
2015-05-02,882
2015-05-02,890
2015-05-03,895
2015-05-03,887
2015-05-03,903
2015-05-04,915.5
2015-05-04,914
2015-05-04,917
2015-05-05,939
2015-05-05,938
2015-05-05,940
2015-05-06,947
2015-05-06,944
2015-05-06,950
2015-05-07,966
2015-05-07,964
2015-05-07,968
2015-05-08,969.5
2015-05-08,968
2015-05-08,971
2015-05-09,973
2015-05-09,975
2015-05-09,971
2015-05-10,966.5
2015-05-10,968
2015-05-10,965
2015-05-11,958.5
2015-05-11,960
2015-05-11,957
2015-05-12,966.5
2015-05-12,964
2015-05-12,969
2015-05-13,972
2015-05-13,970
2015-05-13,974
2015-05-14,970
2015-05-14,972
2015-05-14,968
2015-05-15,967
2015-05-15,969
2015-05-15,965
2015-05-16,959.5
2015-05-16,962
2015-05-16,957
2015-05-17,952
2015-05-17,954
2015-05-17,950
2015-05-18,918.5
2015-05-18,923
2015-05-18,914
2015-05-19,884.5
2015-05-19,908
2015-05-19,861
2015-05-20,827.5
2015-05-20,837
2015-05-20,818
2015-05-21,813.5
2015-05-21,816
2015-05-21,811
2015-05-22,808.5
2015-05-22,810
2015-05-22,807
2015-05-23,799
2015-05-23,802
2015-05-23,796
2015-05-24,788.5
2015-05-24,790
2015-05-24,787
2015-05-25,777.5
2015-05-25,781
2015-05-25,774
2015-05-26,769
2015-05-26,770
2015-05-26,768
2015-05-27,764
2015-05-27,765
2015-05-27,763
2015-05-28,753.5
2015-05-28,757
2015-05-28,750
2015-05-29,741
2015-05-29,742
2015-05-29,740
2015-05-30,734
2015-05-30,737
2015-05-30,731
2015-05-31,719
2015-05-31,724
2015-05-31,714
2015-06-01,696
2015-06-01,702
2015-06-01,690
2015-06-02,671.5
2015-06-02,673
2015-06-02,670
2015-06-03,664.5
2015-06-03,667
2015-06-03,662
2015-06-04,656.5
2015-06-04,658
2015-06-04,655
2015-06-05,650
2015-06-05,651
2015-06-05,649
2015-06-06,644
2015-06-06,644
2015-06-06,644
2015-06-07,634
2015-06-07,636
2015-06-07,632
2015-06-08,624.5
2015-06-08,627
2015-06-08,622
2015-06-09,614.5
2015-06-09,617
2015-06-09,612
2015-06-10,605.5
2015-06-10,608
2015-06-10,603
2015-06-11,597.5
2015-06-11,600
2015-06-11,595
2015-06-12,595
2015-06-12,597
2015-06-12,593
2015-06-13,588
2015-06-13,590
2015-06-13,586
2015-06-14,583
2015-06-14,584
2015-06-14,582
2015-06-15,578
2015-06-15,580
2015-06-15,576
2015-06-16,571
2015-06-16,572
2015-06-16,570
2015-06-17,565.5
2015-06-17,567
2015-06-17,564
2015-06-18,558
2015-06-18,560
2015-06-18,556
2015-06-19,542.5
2015-06-19,544
2015-06-19,541
2015-06-20,538
2015-06-20,540
2015-06-20,536
2015-06-21,531.5
2015-06-21,533
2015-06-21,530
2015-06-22,523.5
2015-06-22,525
2015-06-22,522
2015-06-23,519.5
2015-06-23,520
2015-06-23,519
2015-06-24,515.5
2015-06-24,517
2015-06-24,514
2015-06-25,513
2015-06-25,514
2015-06-25,512
2015-06-26,509.5
2015-06-26,510
2015-06-26,509
2015-06-27,506
2015-06-27,507
2015-06-27,505
2015-06-28,504.5
2015-06-28,505
2015-06-28,504
2015-06-29,505
2015-06-29,503
2015-06-29,507
2015-06-30,501
2015-06-30,502
2015-06-30,500
2015-07-01,496.5
2015-07-01,498
2015-07-01,495
2015-07-02,494.5
2015-07-02,493
2015-07-02,496
2015-07-03,496.5
2015-07-03,499
2015-07-03,494
2015-07-04,490.5
2015-07-04,491
2015-07-04,490
2015-07-05,489
2015-07-05,490
2015-07-05,488
2015-07-06,485
2015-07-06,486
2015-07-06,484
2015-07-07,483.5
2015-07-07,481
2015-07-07,486
2015-07-08,487.5
2015-07-08,487
2015-07-08,488
2015-07-09,488
2015-07-09,488
2015-07-09,488
2015-07-10,486.5
2015-07-10,487
2015-07-10,486
2015-07-11,481.5
2015-07-11,483
2015-07-11,480
2015-07-12,480.5
2015-07-12,481
2015-07-12,480
2015-07-13,475.5
2015-07-13,477
2015-07-13,474
2015-07-14,472
2015-07-14,474
2015-07-14,470
2015-07-15,466.5
2015-07-15,469
2015-07-15,464
2015-07-16,462.5
2015-07-16,464
2015-07-16,461
2015-07-17,461
2015-07-17,463
2015-07-17,459
2015-07-18,456
2015-07-18,461
2015-07-18,451
2015-07-19,453
2015-07-19,454
2015-07-19,452
2015-07-20,451
2015-07-20,453
2015-07-20,449
2015-07-21,447.5
2015-07-21,449
2015-07-21,446
2015-07-22,445
2015-07-22,446
2015-07-22,444
2015-07-23,441.5
2015-07-23,443
2015-07-23,440
2015-07-24,440
2015-07-24,440
2015-07-24,440
2015-07-25,436.5
2015-07-25,437
2015-07-25,436
2015-07-26,434
2015-07-26,436
2015-07-26,432
2015-07-27,430
2015-07-27,432
2015-07-27,428
2015-07-28,430
2015-07-28,430
2015-07-28,430
2015-07-29,426.5
2015-07-29,428
2015-07-29,425
2015-07-30,426.5
2015-07-30,427
2015-07-30,426
2015-07-31,422
2015-07-31,422
2015-07-31,422
2015-08-01,422
2015-08-01,422
2015-08-01,422
2015-08-02,415.5
2015-08-02,417
2015-08-02,414
2015-08-03,412.5
2015-08-03,414
2015-08-03,411
2015-08-04,410
2015-08-04,410
2015-08-04,410
2015-08-05,406.5
2015-08-05,408
2015-08-05,405
2015-08-06,401.5
2015-08-06,401
2015-08-06,402
2015-08-07,399.5
2015-08-07,401
2015-08-07,398
2015-08-08,393
2015-08-08,394
2015-08-08,392
2015-08-09,387
2015-08-09,388
2015-08-09,386
2015-08-10,381.5
2015-08-10,383
2015-08-10,380
2015-08-11,377.5
2015-08-11,379
2015-08-11,376
2015-08-12,372
2015-08-12,374
2015-08-12,370
2015-08-13,366
2015-08-13,368
2015-08-13,364
2015-08-14,359.5
2015-08-14,362
2015-08-14,357
2015-08-15,358
2015-08-15,356
2015-08-15,360
2015-08-16,350
2015-08-16,352
2015-08-16,348
2015-08-17,346.5
2015-08-17,348
2015-08-17,345
2015-08-18,343.5
2015-08-18,348
2015-08-18,339
2015-08-19,336
2015-08-19,338
2015-08-19,334
2015-08-20,332
2015-08-20,332
2015-08-20,332
2015-08-21,324.5
2015-08-21,326
2015-08-21,323
2015-08-22,316
2015-08-22,318
2015-08-22,314
2015-08-23,312
2015-08-23,312
2015-08-23,312
2015-08-24,310
2015-08-24,312
2015-08-24,308
2015-08-25,302
2015-08-25,306
2015-08-25,298
2015-08-26,294
2015-08-26,294
2015-08-26,294
2015-08-27,281.5
2015-08-27,284
2015-08-27,279
2015-08-28,273
2015-08-28,274
2015-08-28,272
2015-08-29,265
2015-08-29,268
2015-08-29,262
2015-08-30,260
2015-08-30,260
2015-08-30,260
2015-08-31,260
2015-08-31,260
2015-08-31,260
2015-09-01,250.5
2015-09-01,252
2015-09-01,249
2015-09-02,243
2015-09-02,244
2015-09-02,242
2015-09-03,235
2015-09-03,232
2015-09-03,238
2015-09-04,234
2015-09-04,234
2015-09-04,234
2015-09-05,229
2015-09-05,228
2015-09-05,230
2015-09-06,236.5
2015-09-06,235
2015-09-06,238
2015-09-07,232.5
2015-09-07,235
2015-09-07,230
2015-09-08,222
2015-09-08,224
2015-09-08,220
2015-09-09,215
2015-09-09,216
2015-09-09,214
2015-09-10,212
2015-09-10,212
2015-09-10,212
2015-09-11,209
2015-09-11,210
2015-09-11,208
2015-09-12,207.5
2015-09-12,207
2015-09-12,208
2015-09-13,205
2015-09-13,206
2015-09-13,204
2015-09-14,204
2015-09-14,204
2015-09-14,204
2015-09-15,203
2015-09-15,203
2015-09-15,203
2015-09-16,202
2015-09-16,202
2015-09-16,202
2015-09-17,197.5
2015-09-17,199
2015-09-17,196
2015-09-18,198
2015-09-18,198
2015-09-18,198
2015-09-19,198
2015-09-19,198
2015-09-19,198
2015-09-20,209
2015-09-20,206
2015-09-20,212
2015-09-21,207
2015-09-21,210
2015-09-21,204
2015-09-22,202
2015-09-22,202
2015-09-22,202
2015-09-23,198.5
2015-09-23,196
2015-09-23,201
2015-09-24,215
2015-09-24,210
2015-09-24,220
2015-09-25,233
2015-09-25,232
2015-09-25,234
2015-09-26,235
2015-09-26,236
2015-09-26,234
2015-09-27,221.5
2015-09-27,226
2015-09-27,217
2015-09-28,206
2015-09-28,208
2015-09-28,204
2015-09-29,200.5
2015-09-29,202
2015-09-29,199
2015-09-30,194
2015-09-30,195
2015-09-30,193
2015-10-01,190
2015-10-01,190
2015-10-01,190
2015-10-02,190
2015-10-02,190
2015-10-02,190
2015-10-03,204
2015-10-03,199
2015-10-03,209
2015-10-04,222
2015-10-04,220
2015-10-04,224
2015-10-05,231.5
2015-10-05,231
2015-10-05,232
2015-10-06,238
2015-10-06,240
2015-10-06,236
2015-10-07,221
2015-10-07,222
2015-10-07,220
2015-10-08,220
2015-10-08,218
2015-10-08,222
2015-10-09,230.5
2015-10-09,229
2015-10-09,232
2015-10-10,231
2015-10-10,232
2015-10-10,230
2015-10-11,230
2015-10-11,236
2015-10-11,224
2015-10-12,219.5
2015-10-12,219
2015-10-12,220
2015-10-13,207.5
2015-10-13,209
2015-10-13,206
2015-10-14,200
2015-10-14,202
2015-10-14,198
2015-10-15,192
2015-10-15,192
2015-10-15,192
2015-10-16,195
2015-10-16,194
2015-10-16,196
2015-10-17,208
2015-10-17,208
2015-10-17,208
2015-10-18,219
2015-10-18,218
2015-10-18,220
2015-10-19,215.5
2015-10-19,217
2015-10-19,214
2015-10-20,208
2015-10-20,208
2015-10-20,208
2015-10-21,196
2015-10-21,198
2015-10-21,194
2015-10-22,189
2015-10-22,190
2015-10-22,188
2015-10-23,192
2015-10-23,190
2015-10-23,194
2015-10-24,216
2015-10-24,210
2015-10-24,222
2015-10-25,247
2015-10-25,244
2015-10-25,250
2015-10-26,240.5
2015-10-26,242
2015-10-26,239
2015-10-27,211
2015-10-27,215
2015-10-27,207
2015-10-28,196
2015-10-28,198
2015-10-28,194
2015-10-29,189
2015-10-29,190
2015-10-29,188
2015-10-30,196
2015-10-30,194
2015-10-30,198
2015-10-31,204.5
2015-10-31,202
2015-10-31,207
2015-11-01,201
2015-11-01,203
2015-11-01,199
2015-11-02,200.5
2015-11-02,202
2015-11-02,199
2015-11-03,196
2015-11-03,201
2015-11-03,191
2015-11-04,189.5
2015-11-04,189
2015-11-04,190
2015-11-05,191
2015-11-05,192
2015-11-05,190
2015-11-06,188
2015-11-06,188
2015-11-06,188
2015-11-07,188.5
2015-11-07,188
2015-11-07,189
2015-11-08,229
2015-11-08,220
2015-11-08,238
2015-11-09,251.5
2015-11-09,251
2015-11-09,252
2015-11-10,235
2015-11-10,240
2015-11-10,230
2015-11-11,215
2015-11-11,218
2015-11-11,212
2015-11-12,218
2015-11-12,214
2015-11-12,222
2015-11-13,242.5
2015-11-13,239
2015-11-13,246
2015-11-14,252
2015-11-14,252
2015-11-14,252
2015-11-15,257.5
2015-11-15,257
2015-11-15,258
2015-11-16,259
2015-11-16,262
2015-11-16,256
2015-11-17,243
2015-11-17,246
2015-11-17,240
2015-11-18,226
2015-11-18,226
2015-11-18,226
2015-11-19,242
2015-11-19,242
2015-11-19,242
2015-11-20,259.5
2015-11-20,260
2015-11-20,259
2015-11-21,257
2015-11-21,252
2015-11-21,262
2015-11-22,273
2015-11-22,274
2015-11-22,272
2015-11-23,256
2015-11-23,262
2015-11-23,250
2015-11-24,232
2015-11-24,232
2015-11-24,232
2015-11-25,235.5
2015-11-25,232
2015-11-25,239
2015-11-26,263
2015-11-26,260
2015-11-26,266
2015-11-27,262.5
2015-11-27,266
2015-11-27,259
2015-11-28,236
2015-11-28,244
2015-11-28,228
2015-11-29,224
2015-11-29,224
2015-11-29,224
2015-11-30,211
2015-11-30,214
2015-11-30,208
2015-12-01,208
2015-12-01,208
2015-12-01,208
2015-12-02,203
2015-12-02,203
2015-12-02,203
2015-12-03,210
2015-12-03,210
2015-12-03,210
2015-12-04,213.5
2015-12-04,212
2015-12-04,215
2015-12-05,212
2015-12-05,212
2015-12-05,212
2015-12-06,217.5
2015-12-06,216
2015-12-06,219
2015-12-07,214
2015-12-07,216
2015-12-07,212
2015-12-08,208.5
2015-12-08,211
2015-12-08,206
2015-12-09,208
2015-12-09,208
2015-12-09,208
2015-12-10,208.5
2015-12-10,209
2015-12-10,208
2015-12-11,210
2015-12-11,209
2015-12-11,211
2015-12-12,222
2015-12-12,214
2015-12-12,230
2015-12-13,259.5
2015-12-13,259
2015-12-13,260
2015-12-14,294
2015-12-14,294
2015-12-14,294
2015-12-15,272
2015-12-15,269
2015-12-15,275
2015-12-16,235
2015-12-16,235
2015-12-16,235
2015-12-17,227.5
2015-12-17,224
2015-12-17,231
2015-12-18,261
2015-12-18,256
2015-12-18,266
2015-12-19,277
2015-12-19,276
2015-12-19,278
2015-12-20,280
2015-12-20,280
2015-12-20,280
2015-12-21,282
2015-12-21,285
2015-12-21,279
2015-12-22,266.5
2015-12-22,278
2015-12-22,255
2015-12-23,237
2015-12-23,244
2015-12-23,230
2015-12-24,232
2015-12-24,234
2015-12-24,230
2015-12-25,245.5
2015-12-25,245
2015-12-25,246
2015-12-26,238
2015-12-26,240
2015-12-26,236
2015-12-27,227.5
2015-12-27,229
2015-12-27,226
2015-12-28,220.5
2015-12-28,221
2015-12-28,220
2015-12-29,219
2015-12-29,220
2015-12-29,218
2015-12-30,216.5
2015-12-30,217
2015-12-30,216
2015-12-31,227
2015-12-31,228
2015-12-31,226
2016-01-01,229
2016-01-01,228
2016-01-01,230
2016-01-02,231
2016-01-02,232
2016-01-02,230
2016-01-03,230.5
2016-01-03,231
2016-01-03,230
2016-01-04,228.5
2016-01-04,229
2016-01-04,228
2016-01-05,228
2016-01-05,228
2016-01-05,228
2016-01-06,235
2016-01-06,234
2016-01-06,236
2016-01-07,250
2016-01-07,248
2016-01-07,252
2016-01-08,310
2016-01-08,296
2016-01-08,324
2016-01-09,349.5
2016-01-09,346
2016-01-09,353
2016-01-10,354.5
2016-01-10,355
2016-01-10,354
2016-01-11,336
2016-01-11,342
2016-01-11,330
2016-01-12,301.5
2016-01-12,309
2016-01-12,294
2016-01-13,287.5
2016-01-13,284
2016-01-13,291
2016-01-14,326
2016-01-14,325
2016-01-14,327
2016-01-15,426.5
2016-01-15,415
2016-01-15,438
2016-01-16,465
2016-01-16,460
2016-01-16,470
2016-01-17,496.5
2016-01-17,489
2016-01-17,504
2016-01-18,510
2016-01-18,510
2016-01-18,510
2016-01-19,500
2016-01-19,510
2016-01-19,490
2016-01-20,487.5
2016-01-20,491
2016-01-20,484
2016-01-21,499
2016-01-21,502
2016-01-21,496
2016-01-22,477
2016-01-22,479
2016-01-22,475
2016-01-23,473
2016-01-23,471
2016-01-23,475
2016-01-24,497
2016-01-24,482
2016-01-24,512
2016-01-25,553
2016-01-25,542
2016-01-25,564
2016-01-26,609.5
2016-01-26,597
2016-01-26,622
2016-01-27,677
2016-01-27,664
2016-01-27,690
2016-01-28,742.5
2016-01-28,731
2016-01-28,754
2016-01-29,775.5
2016-01-29,793
2016-01-29,758
2016-01-30,862
2016-01-30,854
2016-01-30,870
2016-01-31,892
2016-01-31,886
2016-01-31,898
2016-02-01,882.5
2016-02-01,885
2016-02-01,880
2016-02-02,873
2016-02-02,876
2016-02-02,870
2016-02-03,848.5
2016-02-03,857
2016-02-03,840
2016-02-04,789
2016-02-04,808
2016-02-04,770
2016-02-05,738.5
2016-02-05,747
2016-02-05,730
2016-02-06,718
2016-02-06,720
2016-02-06,716
2016-02-07,711
2016-02-07,712
2016-02-07,710
2016-02-08,687
2016-02-08,691
2016-02-08,683
2016-02-09,655
2016-02-09,662
2016-02-09,648
2016-02-10,635.5
2016-02-10,634
2016-02-10,637
2016-02-11,645.5
2016-02-11,643
2016-02-11,648
2016-02-12,663.5
2016-02-12,661
2016-02-12,666
2016-02-13,669.5
2016-02-13,669
2016-02-13,670
2016-02-14,670
2016-02-14,670
2016-02-14,670
2016-02-15,655
2016-02-15,660
2016-02-15,650
2016-02-16,627.5
2016-02-16,635
2016-02-16,620
2016-02-17,615
2016-02-17,614
2016-02-17,616
2016-02-18,625
2016-02-18,625
2016-02-18,625
2016-02-19,629
2016-02-19,627
2016-02-19,631
2016-02-20,648.5
2016-02-20,643
2016-02-20,654
2016-02-21,666
2016-02-21,666
2016-02-21,666
2016-02-22,651
2016-02-22,656
2016-02-22,646
2016-02-23,625
2016-02-23,630
2016-02-23,620
2016-02-24,627
2016-02-24,620
2016-02-24,634
2016-02-25,645
2016-02-25,644
2016-02-25,646
2016-02-26,645
2016-02-26,644
2016-02-26,646
2016-02-27,644
2016-02-27,646
2016-02-27,642
2016-02-28,642
2016-02-28,642
2016-02-28,642
2016-02-29,638
2016-02-29,642
2016-02-29,634
2016-03-01,624
2016-03-01,626
2016-03-01,622
2016-03-02,620
2016-03-02,620
2016-03-02,620
2016-03-03,622.5
2016-03-03,623
2016-03-03,622
2016-03-04,629
2016-03-04,628
2016-03-04,630
2016-03-05,620
2016-03-05,620
2016-03-05,620
2016-03-06,617
2016-03-06,615
2016-03-06,619
2016-03-07,613
2016-03-07,612
2016-03-07,614
2016-03-08,634
2016-03-08,634
2016-03-08,634
2016-03-09,639
2016-03-09,638
2016-03-09,640
2016-03-10,657
2016-03-10,654
2016-03-10,660
2016-03-11,675.5
2016-03-11,673
2016-03-11,678
2016-03-12,684
2016-03-12,684
2016-03-12,684
2016-03-13,695.5
2016-03-13,697
2016-03-13,694
2016-03-14,692
2016-03-14,696
2016-03-14,688
2016-03-15,677
2016-03-15,680
2016-03-15,674
2016-03-16,669
2016-03-16,669
2016-03-16,669
2016-03-17,669
2016-03-17,668
2016-03-17,670
2016-03-18,671
2016-03-18,672
2016-03-18,670
2016-03-19,674
2016-03-19,680
2016-03-19,668
2016-03-20,686
2016-03-20,684
2016-03-20,688
2016-03-21,678
2016-03-21,680
2016-03-21,676
2016-03-22,660
2016-03-22,665
2016-03-22,655
2016-03-23,653.5
2016-03-23,652
2016-03-23,655
2016-03-24,672
2016-03-24,668
2016-03-24,676
2016-03-25,707.5
2016-03-25,707
2016-03-25,708
2016-03-26,710
2016-03-26,710
2016-03-26,710
2016-03-27,699
2016-03-27,710
2016-03-27,688
2016-03-28,673.5
2016-03-28,676
2016-03-28,671
2016-03-29,675.5
2016-03-29,678
2016-03-29,673
2016-03-30,675
2016-03-30,670
2016-03-30,680
2016-03-31,697.5
2016-03-31,690
2016-03-31,705
2016-04-01,719
2016-04-01,718
2016-04-01,720
2016-04-02,754
2016-04-02,752
2016-04-02,756
2016-04-03,766
2016-04-03,760
2016-04-03,772
2016-04-04,759
2016-04-04,766
2016-04-04,752
2016-04-05,726.5
2016-04-05,733
2016-04-05,720
2016-04-06,713
2016-04-06,712
2016-04-06,714
2016-04-07,723
2016-04-07,720
2016-04-07,726
2016-04-08,706.5
2016-04-08,709
2016-04-08,704
2016-04-09,697
2016-04-09,699
2016-04-09,695
2016-04-10,690.5
2016-04-10,695
2016-04-10,686
2016-04-11,674
2016-04-11,680
2016-04-11,668
2016-04-12,659
2016-04-12,662
2016-04-12,656
2016-04-13,651.5
2016-04-13,650
2016-04-13,653
2016-04-14,664
2016-04-14,660
2016-04-14,668
2016-04-15,671
2016-04-15,670
2016-04-15,672
2016-04-16,680
2016-04-16,674
2016-04-16,686
2016-04-17,667
2016-04-17,664
2016-04-17,670
2016-04-18,670.5
2016-04-18,666
2016-04-18,675
2016-04-19,664.5
2016-04-19,683
2016-04-19,646
2016-04-20,618.5
2016-04-20,619
2016-04-20,618
2016-04-21,612
2016-04-21,606
2016-04-21,618
2016-04-22,617.5
2016-04-22,617
2016-04-22,618
2016-04-23,607
2016-04-23,612
2016-04-23,602
2016-04-24,566
2016-04-24,572
2016-04-24,560
2016-04-25,551
2016-04-25,548
2016-04-25,554
2016-04-26,532
2016-04-26,537
2016-04-26,527
2016-04-27,522
2016-04-27,520
2016-04-27,524
2016-04-28,528
2016-04-28,530
2016-04-28,526
2016-04-29,520
2016-04-29,522
2016-04-29,518
2016-04-30,512
2016-04-30,514
2016-04-30,510
2016-05-01,512
2016-05-01,510
2016-05-01,514
2016-05-02,506
2016-05-02,508
2016-05-02,504
2016-05-03,496.5
2016-05-03,499
2016-05-03,494
2016-05-04,497.5
2016-05-04,497
2016-05-04,498
2016-05-05,499
2016-05-05,500
2016-05-05,498
2016-05-06,496
2016-05-06,498
2016-05-06,494
2016-05-07,490
2016-05-07,490
2016-05-07,490
2016-05-08,485
2016-05-08,480
2016-05-08,490
2016-05-09,488
2016-05-09,490
2016-05-09,486
2016-05-10,479
2016-05-10,480
2016-05-10,478
2016-05-11,475
2016-05-11,475
2016-05-11,475
2016-05-12,469
2016-05-12,472
2016-05-12,466
2016-05-13,458.5
2016-05-13,461
2016-05-13,456
2016-05-14,456
2016-05-14,460
2016-05-14,452
2016-05-15,459.5
2016-05-15,465
2016-05-15,454
2016-05-16,455
2016-05-16,456
2016-05-16,454
2016-05-17,446.5
2016-05-17,449
2016-05-17,444
2016-05-18,432
2016-05-18,433
2016-05-18,431
2016-05-19,432.5
2016-05-19,433
2016-05-19,432
2016-05-20,430
2016-05-20,432
2016-05-20,428
2016-05-21,415.5
2016-05-21,421
2016-05-21,410
2016-05-22,403
2016-05-22,404
2016-05-22,402
2016-05-23,398.5
2016-05-23,401
2016-05-23,396
2016-05-24,386
2016-05-24,392
2016-05-24,380
2016-05-25,384
2016-05-25,385
2016-05-25,383
2016-05-26,384
2016-05-26,385
2016-05-26,383
2016-05-27,381.5
2016-05-27,383
2016-05-27,380
2016-05-28,378
2016-05-28,380
2016-05-28,376
2016-05-29,376
2016-05-29,378
2016-05-29,374
2016-05-30,373
2016-05-30,370
2016-05-30,376
2016-05-31,372.5
2016-05-31,373
2016-05-31,372
2016-06-01,368.5
2016-06-01,370
2016-06-01,367
2016-06-02,366
2016-06-02,366
2016-06-02,366
2016-06-03,364.5
2016-06-03,365
2016-06-03,364
2016-06-04,366
2016-06-04,366
2016-06-04,366
2016-06-05,368
2016-06-05,368
2016-06-05,368
2016-06-06,365
2016-06-06,368
2016-06-06,362
2016-06-07,361
2016-06-07,363
2016-06-07,359
2016-06-08,355
2016-06-08,353
2016-06-08,357
2016-06-09,357
2016-06-09,356
2016-06-09,358
2016-06-10,354.5
2016-06-10,353
2016-06-10,356
2016-06-11,355
2016-06-11,356
2016-06-11,354
2016-06-12,352
2016-06-12,354
2016-06-12,350
2016-06-13,350
2016-06-13,350
2016-06-13,350
2016-06-14,348.5
2016-06-14,349
2016-06-14,348
2016-06-15,348
2016-06-15,348
2016-06-15,348
2016-06-16,346
2016-06-16,347
2016-06-16,345
2016-06-17,348
2016-06-17,348
2016-06-17,348
2016-06-18,355
2016-06-18,355
2016-06-18,355
2016-06-19,355.5
2016-06-19,356
2016-06-19,355
2016-06-20,355
2016-06-20,356
2016-06-20,354
2016-06-21,355
2016-06-21,355
2016-06-21,355
2016-06-22,354
2016-06-22,354
2016-06-22,354
2016-06-23,353
2016-06-23,354
2016-06-23,352
2016-06-24,353.5
2016-06-24,355
2016-06-24,352
2016-06-25,353
2016-06-25,354
2016-06-25,352
2016-06-26,349
2016-06-26,350
2016-06-26,348
2016-06-27,347
2016-06-27,350
2016-06-27,344
2016-06-28,344
2016-06-28,346
2016-06-28,342
2016-06-29,339
2016-06-29,342
2016-06-29,336
2016-06-30,338
2016-06-30,340
2016-06-30,336
2016-07-01,335
2016-07-01,336
2016-07-01,334
2016-07-02,332
2016-07-02,334
2016-07-02,330
2016-07-03,331
2016-07-03,332
2016-07-03,330
2016-07-04,326.5
2016-07-04,329
2016-07-04,324
2016-07-05,324.5
2016-07-05,327
2016-07-05,322
2016-07-06,321
2016-07-06,322
2016-07-06,320
2016-07-07,320
2016-07-07,320
2016-07-07,320
2016-07-08,321
2016-07-08,322
2016-07-08,320
2016-07-09,320
2016-07-09,322
2016-07-09,318
2016-07-10,317
2016-07-10,318
2016-07-10,316
2016-07-11,315
2016-07-11,316
2016-07-11,314
2016-07-12,313
2016-07-12,314
2016-07-12,312
2016-07-13,310.5
2016-07-13,311
2016-07-13,310
2016-07-14,308.5
2016-07-14,309
2016-07-14,308
2016-07-15,307
2016-07-15,308
2016-07-15,306
2016-07-16,303
2016-07-16,304
2016-07-16,302
2016-07-17,302.5
2016-07-17,303
2016-07-17,302
2016-07-18,307
2016-07-18,310
2016-07-18,304
2016-07-19,300
2016-07-19,302
2016-07-19,298
2016-07-20,295
2016-07-20,296
2016-07-20,294
2016-07-21,291.5
2016-07-21,293
2016-07-21,290
2016-07-22,291
2016-07-22,292
2016-07-22,290
2016-07-23,288.5
2016-07-23,289
2016-07-23,288
2016-07-24,284.5
2016-07-24,286
2016-07-24,283
2016-07-25,283
2016-07-25,284
2016-07-25,282
2016-07-26,279.5
2016-07-26,281
2016-07-26,278
2016-07-27,278
2016-07-27,279
2016-07-27,277
2016-07-28,275
2016-07-28,276
2016-07-28,274
2016-07-29,271
2016-07-29,272
2016-07-29,270
2016-07-30,271
2016-07-30,272
2016-07-30,270
2016-07-31,267
2016-07-31,268
2016-07-31,266
2016-08-01,266
2016-08-01,266
2016-08-01,266
2016-08-02,265.5
2016-08-02,267
2016-08-02,264
2016-08-03,260.5
2016-08-03,261
2016-08-03,260
2016-08-04,258.5
2016-08-04,259
2016-08-04,258
2016-08-05,256
2016-08-05,257
2016-08-05,255
2016-08-06,251
2016-08-06,252
2016-08-06,250
2016-08-07,249.5
2016-08-07,250
2016-08-07,249
2016-08-08,248
2016-08-08,248
2016-08-08,248
2016-08-09,244.5
2016-08-09,245
2016-08-09,244
2016-08-10,245
2016-08-10,244
2016-08-10,246
2016-08-11,242
2016-08-11,242
2016-08-11,242
2016-08-12,241.5
2016-08-12,242
2016-08-12,241
2016-08-13,237.5
2016-08-13,239
2016-08-13,236
2016-08-14,234
2016-08-14,235
2016-08-14,233
2016-08-15,231
2016-08-15,232
2016-08-15,230
2016-08-16,228.5
2016-08-16,229
2016-08-16,228
2016-08-17,227.5
2016-08-17,228
2016-08-17,227
2016-08-18,225.5
2016-08-18,227
2016-08-18,224
2016-08-19,223
2016-08-19,224
2016-08-19,222
2016-08-20,219.5
2016-08-20,220
2016-08-20,219
2016-08-21,219
2016-08-21,220
2016-08-21,218
2016-08-22,213
2016-08-22,214
2016-08-22,212
2016-08-23,213
2016-08-23,214
2016-08-23,212
2016-08-24,207.5
2016-08-24,209
2016-08-24,206
2016-08-25,208
2016-08-25,208
2016-08-25,208
2016-08-26,206
2016-08-26,207
2016-08-26,205
2016-08-27,204
2016-08-27,204
2016-08-27,204
2016-08-28,202
2016-08-28,202
2016-08-28,202
2016-08-29,198
2016-08-29,198
2016-08-29,198
2016-08-30,195.5
2016-08-30,197
2016-08-30,194
2016-08-31,192
2016-08-31,194
2016-08-31,190
2016-09-01,190
2016-09-01,190
2016-09-01,190
2016-09-02,192
2016-09-02,194
2016-09-02,190
2016-09-03,196.5
2016-09-03,195
2016-09-03,198
2016-09-04,191
2016-09-04,192
2016-09-04,190
2016-09-05,188.5
2016-09-05,189
2016-09-05,188
2016-09-06,186
2016-09-06,187
2016-09-06,185
2016-09-07,184
2016-09-07,184
2016-09-07,184
2016-09-08,182.5
2016-09-08,183
2016-09-08,182
2016-09-09,182
2016-09-09,182
2016-09-09,182
2016-09-10,180
2016-09-10,180
2016-09-10,180
2016-09-11,179
2016-09-11,179
2016-09-11,179
2016-09-12,178
2016-09-12,178
2016-09-12,178
2016-09-13,177
2016-09-13,177
2016-09-13,177
2016-09-14,177
2016-09-14,177
2016-09-14,177
2016-09-15,176.5
2016-09-15,177
2016-09-15,176
2016-09-16,176
2016-09-16,176
2016-09-16,176
2016-09-17,173
2016-09-17,174
2016-09-17,172
2016-09-18,172
2016-09-18,172
2016-09-18,172
2016-09-19,169
2016-09-19,170
2016-09-19,168
2016-09-20,166.5
2016-09-20,167
2016-09-20,166
2016-09-21,165.5
2016-09-21,166
2016-09-21,165
2016-09-22,164
2016-09-22,164
2016-09-22,164
2016-09-23,164
2016-09-23,164
2016-09-23,164
2016-09-24,164
2016-09-24,164
2016-09-24,164
2016-09-25,163
2016-09-25,163
2016-09-25,163
2016-09-26,160.5
2016-09-26,161
2016-09-26,160
2016-09-27,158.5
2016-09-27,159
2016-09-27,158
2016-09-28,158
2016-09-28,158
2016-09-28,158
2016-09-29,152.5
2016-09-29,155
2016-09-29,150
2016-09-30,157.5
2016-09-30,155
2016-09-30,160
2016-10-01,153.5
2016-10-01,153
2016-10-01,154
2016-10-02,152.5
2016-10-02,153
2016-10-02,152
2016-10-03,150.5
2016-10-03,151
2016-10-03,150
2016-10-04,150
2016-10-04,150
2016-10-04,150
2016-10-05,150.5
2016-10-05,150
2016-10-05,151
2016-10-06,150.5
2016-10-06,151
2016-10-06,150
2016-10-07,147
2016-10-07,148
2016-10-07,146
2016-10-08,148
2016-10-08,148
2016-10-08,148
2016-10-09,150.5
2016-10-09,150
2016-10-09,151
2016-10-10,152.5
2016-10-10,153
2016-10-10,152
2016-10-11,152.5
2016-10-11,153
2016-10-11,152
2016-10-12,152
2016-10-12,152
2016-10-12,152
2016-10-13,151.5
2016-10-13,152
2016-10-13,151
2016-10-14,150.5
2016-10-14,151
2016-10-14,150
2016-10-15,149.5
2016-10-15,150
2016-10-15,149
2016-10-16,150.5
2016-10-16,150
2016-10-16,151
2016-10-17,152
2016-10-17,152
2016-10-17,152
2016-10-18,151
2016-10-18,152
2016-10-18,150
2016-10-19,150
2016-10-19,150
2016-10-19,150
2016-10-20,148.5
2016-10-20,149
2016-10-20,148
2016-10-21,146
2016-10-21,146
2016-10-21,146
2016-10-22,146
2016-10-22,146
2016-10-22,146
2016-10-23,144
2016-10-23,144
2016-10-23,144
2016-10-24,145.5
2016-10-24,145
2016-10-24,146
2016-10-25,148
2016-10-25,148
2016-10-25,148
2016-10-26,147.5
2016-10-26,147
2016-10-26,148
2016-10-27,149
2016-10-27,148
2016-10-27,150
2016-10-28,155.5
2016-10-28,154
2016-10-28,157
2016-10-29,161
2016-10-29,160
2016-10-29,162
2016-10-30,167
2016-10-30,166
2016-10-30,168
2016-10-31,170.5
2016-10-31,170
2016-10-31,171
2016-11-01,173.5
2016-11-01,172
2016-11-01,175
2016-11-02,173
2016-11-02,173
2016-11-02,173
2016-11-03,170.5
2016-11-03,171
2016-11-03,170
2016-11-04,168.5
2016-11-04,169
2016-11-04,168
2016-11-05,168
2016-11-05,168
2016-11-05,168
2016-11-06,167.5
2016-11-06,168
2016-11-06,167
2016-11-07,166.5
2016-11-07,167
2016-11-07,166
2016-11-08,163
2016-11-08,164
2016-11-08,162
2016-11-09,165
2016-11-09,164
2016-11-09,166
2016-11-10,166
2016-11-10,165
2016-11-10,167
2016-11-11,168
2016-11-11,167
2016-11-11,169
2016-11-12,171.5
2016-11-12,170
2016-11-12,173
2016-11-13,174
2016-11-13,174
2016-11-13,174
2016-11-14,176
2016-11-14,176
2016-11-14,176
2016-11-15,184
2016-11-15,182
2016-11-15,186
2016-11-16,198.5
2016-11-16,196
2016-11-16,201
2016-11-17,208
2016-11-17,206
2016-11-17,210
2016-11-18,212
2016-11-18,214
2016-11-18,210
2016-11-19,206
2016-11-19,206
2016-11-19,206
2016-11-20,207.5
2016-11-20,207
2016-11-20,208
2016-11-21,209.5
2016-11-21,209
2016-11-21,210
2016-11-22,215.5
2016-11-22,212
2016-11-22,219
2016-11-23,242
2016-11-23,234
2016-11-23,250
2016-11-24,270.5
2016-11-24,268
2016-11-24,273
2016-11-25,268
2016-11-25,270
2016-11-25,266
2016-11-26,264
2016-11-26,266
2016-11-26,262
2016-11-27,266
2016-11-27,264
2016-11-27,268
2016-11-28,274
2016-11-28,274
2016-11-28,274
2016-11-29,275
2016-11-29,276
2016-11-29,274
2016-11-30,267
2016-11-30,270
2016-11-30,264
2016-12-01,252
2016-12-01,252
2016-12-01,252
2016-12-02,255.5
2016-12-02,254
2016-12-02,257
2016-12-03,268
2016-12-03,266
2016-12-03,270
2016-12-04,279
2016-12-04,274
2016-12-04,284
2016-12-05,284.5
2016-12-05,286
2016-12-05,283
2016-12-06,274
2016-12-06,277
2016-12-06,271
2016-12-07,266
2016-12-07,268
2016-12-07,264
2016-12-08,268
2016-12-08,266
2016-12-08,270
2016-12-09,274.5
2016-12-09,274
2016-12-09,275
2016-12-10,275
2016-12-10,276
2016-12-10,274
2016-12-11,274.5
2016-12-11,275
2016-12-11,274
2016-12-12,278.5
2016-12-12,277
2016-12-12,280
2016-12-13,275
2016-12-13,276
2016-12-13,274
2016-12-14,277
2016-12-14,276
2016-12-14,278
2016-12-15,293.5
2016-12-15,286
2016-12-15,301
2016-12-16,327
2016-12-16,320
2016-12-16,334
2016-12-17,348
2016-12-17,346
2016-12-17,350
2016-12-18,359.5
2016-12-18,356
2016-12-18,363
2016-12-19,365
2016-12-19,367
2016-12-19,363
2016-12-20,355.5
2016-12-20,358
2016-12-20,353
2016-12-21,347
2016-12-21,344
2016-12-21,350
2016-12-22,365
2016-12-22,360
2016-12-22,370
2016-12-23,383
2016-12-23,382
2016-12-23,384
2016-12-24,379
2016-12-24,384
2016-12-24,374
2016-12-25,361.5
2016-12-25,365
2016-12-25,358
2016-12-26,349
2016-12-26,354
2016-12-26,344
2016-12-27,322
2016-12-27,328
2016-12-27,316
2016-12-28,304.5
2016-12-28,307
2016-12-28,302
2016-12-29,300.5
2016-12-29,299
2016-12-29,302
2016-12-30,306
2016-12-30,304
2016-12-30,308
2016-12-31,312.5
2016-12-31,311
2016-12-31,314
2017-01-01,319
2017-01-01,318
2017-01-01,320
2017-01-02,321
2017-01-02,321
2017-01-02,321
2017-01-03,321.5
2017-01-03,322
2017-01-03,321
2017-01-04,320
2017-01-04,320
2017-01-04,320
2017-01-05,325
2017-01-05,322
2017-01-05,328
2017-01-06,335.5
2017-01-06,335
2017-01-06,336
2017-01-07,335
2017-01-07,336
2017-01-07,334
2017-01-08,332
2017-01-08,336
2017-01-08,328
2017-01-09,326
2017-01-09,326
2017-01-09,326
2017-01-10,328
2017-01-10,328
2017-01-10,328
2017-01-11,327
2017-01-11,328
2017-01-11,326
2017-01-12,327
2017-01-12,328
2017-01-12,326
2017-01-13,326
2017-01-13,326
2017-01-13,326
2017-01-14,340
2017-01-14,338
2017-01-14,342
2017-01-15,348
2017-01-15,346
2017-01-15,350
2017-01-16,353.5
2017-01-16,353
2017-01-16,354
2017-01-17,352
2017-01-17,352
2017-01-17,352
2017-01-18,359.5
2017-01-18,359
2017-01-18,360
2017-01-19,375.5
2017-01-19,372
2017-01-19,379
2017-01-20,392
2017-01-20,390
2017-01-20,394
2017-01-21,391
2017-01-21,394
2017-01-21,388
2017-01-22,376.5
2017-01-22,379
2017-01-22,374
2017-01-23,377
2017-01-23,375
2017-01-23,379
2017-01-24,402.5
2017-01-24,401
2017-01-24,404
2017-01-25,431
2017-01-25,418
2017-01-25,444
2017-01-26,480
2017-01-26,474
2017-01-26,486
2017-01-27,491.5
2017-01-27,492
2017-01-27,491
2017-01-28,486.5
2017-01-28,487
2017-01-28,486
2017-01-29,481
2017-01-29,482
2017-01-29,480
2017-01-30,471.5
2017-01-30,475
2017-01-30,468
2017-01-31,445
2017-01-31,456
2017-01-31,434
2017-02-01,411.5
2017-02-01,415
2017-02-01,408
2017-02-02,430
2017-02-02,424
2017-02-02,436
2017-02-03,451
2017-02-03,446
2017-02-03,456
2017-02-04,452
2017-02-04,452
2017-02-04,452
2017-02-05,455
2017-02-05,454
2017-02-05,456
2017-02-06,456
2017-02-06,456
2017-02-06,456
2017-02-07,453.5
2017-02-07,455
2017-02-07,452
2017-02-08,459
2017-02-08,454
2017-02-08,464
2017-02-09,506
2017-02-09,492
2017-02-09,520
2017-02-10,590.5
2017-02-10,579
2017-02-10,602
2017-02-11,641
2017-02-11,632
2017-02-11,650
2017-02-12,691
2017-02-12,676
2017-02-12,706
2017-02-13,744
2017-02-13,738
2017-02-13,750
2017-02-14,761
2017-02-14,758
2017-02-14,764
2017-02-15,793
2017-02-15,788
2017-02-15,798
2017-02-16,815.5
2017-02-16,815
2017-02-16,816
2017-02-17,814
2017-02-17,814
2017-02-17,814
2017-02-18,807
2017-02-18,810
2017-02-18,804
2017-02-19,808
2017-02-19,808
2017-02-19,808
2017-02-20,819
2017-02-20,818
2017-02-20,820
2017-02-21,838
2017-02-21,834
2017-02-21,842
2017-02-22,875
2017-02-22,866
2017-02-22,884
2017-02-23,902
2017-02-23,902
2017-02-23,902
2017-02-24,873
2017-02-24,880
2017-02-24,866
2017-02-25,839
2017-02-25,846
2017-02-25,832
2017-02-26,837
2017-02-26,834
2017-02-26,840
2017-02-27,839
2017-02-27,846
2017-02-27,832
2017-02-28,827
2017-02-28,832
2017-02-28,822
2017-03-01,822
2017-03-01,822
2017-03-01,822
2017-03-02,829
2017-03-02,828
2017-03-02,830
2017-03-03,840
2017-03-03,836
2017-03-03,844
2017-03-04,867
2017-03-04,864
2017-03-04,870
2017-03-05,875
2017-03-05,876
2017-03-05,874
2017-03-06,862
2017-03-06,870
2017-03-06,854
2017-03-07,830
2017-03-07,838
2017-03-07,822
2017-03-08,810
2017-03-08,810
2017-03-08,810
2017-03-09,830
2017-03-09,826
2017-03-09,834
2017-03-10,847
2017-03-10,846
2017-03-10,848
2017-03-11,863
2017-03-11,858
2017-03-11,868
2017-03-12,879
2017-03-12,880
2017-03-12,878
2017-03-13,871
2017-03-13,876
2017-03-13,866
2017-03-14,850
2017-03-14,854
2017-03-14,846
2017-03-15,861
2017-03-15,852
2017-03-15,870
2017-03-16,889.5
2017-03-16,889
2017-03-16,890
2017-03-17,895
2017-03-17,894
2017-03-17,896
2017-03-18,909
2017-03-18,908
2017-03-18,910
2017-03-19,906
2017-03-19,908
2017-03-19,904
2017-03-20,910.5
2017-03-20,906
2017-03-20,915
2017-03-21,934
2017-03-21,930
2017-03-21,938
2017-03-22,930
2017-03-22,934
2017-03-22,926
2017-03-23,913
2017-03-23,916
2017-03-23,910
2017-03-24,905.5
2017-03-24,909
2017-03-24,902
2017-03-25,886
2017-03-25,890
2017-03-25,882
2017-03-26,870
2017-03-26,870
2017-03-26,870
2017-03-27,851
2017-03-27,858
2017-03-27,844
2017-03-28,831.5
2017-03-28,832
2017-03-28,831
2017-03-29,840
2017-03-29,836
2017-03-29,844
2017-03-30,845.5
2017-03-30,847
2017-03-30,844
2017-03-31,847
2017-03-31,850
2017-03-31,844
2017-04-01,840
2017-04-01,840
2017-04-01,840
2017-04-02,834
2017-04-02,830
2017-04-02,838
2017-04-03,848.5
2017-04-03,840
2017-04-03,857
2017-04-04,894
2017-04-04,886
2017-04-04,902
2017-04-05,917
2017-04-05,914
2017-04-05,920
2017-04-06,918
2017-04-06,921
2017-04-06,915
2017-04-07,913.5
2017-04-07,915
2017-04-07,912
2017-04-08,920.5
2017-04-08,920
2017-04-08,921
2017-04-09,926.5
2017-04-09,925
2017-04-09,928
2017-04-10,929.5
2017-04-10,939
2017-04-10,920
2017-04-11,916
2017-04-11,920
2017-04-11,912
2017-04-12,915.5
2017-04-12,915
2017-04-12,916
2017-04-13,905.5
2017-04-13,908
2017-04-13,903
2017-04-14,894.5
2017-04-14,899
2017-04-14,890
2017-04-15,879.5
2017-04-15,883
2017-04-15,876
2017-04-16,863
2017-04-16,866
2017-04-16,860
2017-04-17,840
2017-04-17,842
2017-04-17,838
2017-04-18,812
2017-04-18,814
2017-04-18,810
2017-04-19,794
2017-04-19,798
2017-04-19,790
2017-04-20,790
2017-04-20,790
2017-04-20,790
2017-04-21,778
2017-04-21,780
2017-04-21,776
2017-04-22,768
2017-04-22,770
2017-04-22,766
2017-04-23,753
2017-04-23,756
2017-04-23,750
2017-04-24,747.5
2017-04-24,750
2017-04-24,745
2017-04-25,747
2017-04-25,744
2017-04-25,750
2017-04-26,747
2017-04-26,752
2017-04-26,742
2017-04-27,749
2017-04-27,748
2017-04-27,750
2017-04-28,750
2017-04-28,752
2017-04-28,748
2017-04-29,745
2017-04-29,748
2017-04-29,742
2017-04-30,739
2017-04-30,740
2017-04-30,738
2017-05-01,738.5
2017-05-01,739
2017-05-01,738
2017-05-02,723
2017-05-02,728
2017-05-02,718
2017-05-03,711
2017-05-03,718
2017-05-03,704
2017-05-04,698.5
2017-05-04,701
2017-05-04,696
2017-05-05,695
2017-05-05,696
2017-05-05,694
2017-05-06,696.5
2017-05-06,698
2017-05-06,695
2017-05-07,691
2017-05-07,692
2017-05-07,690
2017-05-08,675.5
2017-05-08,683
2017-05-08,668
2017-05-09,647
2017-05-09,654
2017-05-09,640
2017-05-10,627
2017-05-10,630
2017-05-10,624
2017-05-11,623
2017-05-11,624
2017-05-11,622
2017-05-12,622
2017-05-12,624
2017-05-12,620
2017-05-13,614
2017-05-13,616
2017-05-13,612
2017-05-14,604
2017-05-14,606
2017-05-14,602
2017-05-15,600
2017-05-15,602
2017-05-15,598
2017-05-16,589
2017-05-16,590
2017-05-16,588
2017-05-17,583.5
2017-05-17,585
2017-05-17,582
2017-05-18,580
2017-05-18,580
2017-05-18,580
2017-05-19,581
2017-05-19,580
2017-05-19,582
2017-05-20,579
2017-05-20,580
2017-05-20,578
2017-05-21,575.5
2017-05-21,575
2017-05-21,576
2017-05-22,567
2017-05-22,570
2017-05-22,564
2017-05-23,554
2017-05-23,558
2017-05-23,550
2017-05-24,551
2017-05-24,558
2017-05-24,544
2017-05-25,537
2017-05-25,538
2017-05-25,536
2017-05-26,532
2017-05-26,534
2017-05-26,530
2017-05-27,536.5
2017-05-27,536
2017-05-27,537
2017-05-28,539.5
2017-05-28,539
2017-05-28,540
2017-05-29,539
2017-05-29,540
2017-05-29,538
2017-05-30,533
2017-05-30,530
2017-05-30,536
2017-05-31,526.5
2017-05-31,526
2017-05-31,527
2017-06-01,526.5
2017-06-01,527
2017-06-01,526
2017-06-02,525.5
2017-06-02,527
2017-06-02,524
2017-06-03,520
2017-06-03,520
2017-06-03,520
2017-06-04,510.5
2017-06-04,513
2017-06-04,508
2017-06-05,504
2017-06-05,506
2017-06-05,502
2017-06-06,496
2017-06-06,498
2017-06-06,494
2017-06-07,488
2017-06-07,490
2017-06-07,486
2017-06-08,485
2017-06-08,487
2017-06-08,483
2017-06-09,481
2017-06-09,480
2017-06-09,482
2017-06-10,480
2017-06-10,480
2017-06-10,480
2017-06-11,487.5
2017-06-11,487
2017-06-11,488
2017-06-12,490
2017-06-12,490
2017-06-12,490
2017-06-13,488.5
2017-06-13,489
2017-06-13,488
2017-06-14,485
2017-06-14,486
2017-06-14,484
2017-06-15,480
2017-06-15,480
2017-06-15,480
2017-06-16,482
2017-06-16,484
2017-06-16,480
2017-06-17,483
2017-06-17,484
2017-06-17,482
2017-06-18,483
2017-06-18,482
2017-06-18,484
2017-06-19,485
2017-06-19,486
2017-06-19,484
2017-06-20,480
2017-06-20,482
2017-06-20,478
2017-06-21,479
2017-06-21,478
2017-06-21,480
2017-06-22,475
2017-06-22,476
2017-06-22,474
2017-06-23,472.5
2017-06-23,475
2017-06-23,470
2017-06-24,474.5
2017-06-24,473
2017-06-24,476
2017-06-25,470
2017-06-25,470
2017-06-25,470
2017-06-26,467
2017-06-26,470
2017-06-26,464
2017-06-27,465
2017-06-27,468
2017-06-27,462
2017-06-28,465
2017-06-28,467
2017-06-28,463
2017-06-29,463.5
2017-06-29,465
2017-06-29,462
2017-06-30,464
2017-06-30,464
2017-06-30,464
2017-08-01,366
2017-08-01,368
2017-08-01,364
2017-08-02,363.5
2017-08-02,365
2017-08-02,362
2017-08-03,363
2017-08-03,364
2017-08-03,362
2017-08-04,360
2017-08-04,360
2017-08-04,360
2017-08-05,356
2017-08-05,356
2017-08-05,356
2017-08-06,353
2017-08-06,354
2017-08-06,352
2017-08-07,353
2017-08-07,354
2017-08-07,352
2017-08-08,348
2017-08-08,352
2017-08-08,344
2017-08-09,344
2017-08-09,346
2017-08-09,342
2017-08-10,338
2017-08-10,338
2017-08-10,338
2017-08-11,335
2017-08-11,336
2017-08-11,334
2017-08-12,327
2017-08-12,324
2017-08-12,330
2017-08-13,328
2017-08-13,330
2017-08-13,326
2017-08-14,324
2017-08-14,326
2017-08-14,322
2017-08-15,322
2017-08-15,324
2017-08-15,320
2017-08-16,315
2017-08-16,316
2017-08-16,314
2017-08-17,309
2017-08-17,310
2017-08-17,308
2017-08-18,305
2017-08-18,306
2017-08-18,304
2017-08-19,297
2017-08-19,298
2017-08-19,296
2017-08-20,299.5
2017-08-20,303
2017-08-20,296
2017-08-21,294
2017-08-21,296
2017-08-21,292
2017-08-22,289
2017-08-22,290
2017-08-22,288
2017-08-23,285
2017-08-23,286
2017-08-23,284
2017-08-24,282
2017-08-24,284
2017-08-24,280
2017-08-25,277
2017-08-25,278
2017-08-25,276
2017-08-26,273
2017-08-26,274
2017-08-26,272
2017-08-27,276
2017-08-27,274
2017-08-27,278
2017-08-28,277
2017-08-28,276
2017-08-28,278
2017-08-29,265
2017-08-29,270
2017-08-29,260
2017-08-30,261
2017-08-30,266
2017-08-30,256
2017-08-31,249
2017-08-31,250
2017-08-31,248
2017-09-01,242
2017-09-01,244
2017-09-01,240
2017-09-02,234
2017-09-02,236
2017-09-02,232
2017-09-03,227
2017-09-03,228
2017-09-03,226
2017-09-04,223.5
2017-09-04,224
2017-09-04,223
2017-09-05,215
2017-09-05,216
2017-09-05,214
2017-09-06,208
2017-09-06,210
2017-09-06,206
2017-09-07,203
2017-09-07,204
2017-09-07,202
2017-09-08,197
2017-09-08,200
2017-09-08,194
2017-09-09,189
2017-09-09,190
2017-09-09,188
2017-09-10,181.5
2017-09-10,184
2017-09-10,179
2017-09-11,175.5
2017-09-11,177
2017-09-11,174
2017-09-12,168
2017-09-12,170
2017-09-12,166
2017-09-13,161.5
2017-09-13,163
2017-09-13,160
2017-09-14,157
2017-09-14,158
2017-09-14,156
2017-09-15,152.5
2017-09-15,153
2017-09-15,152
2017-09-16,150
2017-09-16,151
2017-09-16,149
2017-09-17,148.5
2017-09-17,150
2017-09-17,147
2017-09-18,144.5
2017-09-18,145
2017-09-18,144
2017-09-19,142.5
2017-09-19,143
2017-09-19,142
2017-09-20,141
2017-09-20,142
2017-09-20,140
2017-09-21,142.5
2017-09-21,143
2017-09-21,142
2017-09-22,141
2017-09-22,142
2017-09-22,140
2017-09-23,140
2017-09-23,140
2017-09-23,140
2017-09-24,139.5
2017-09-24,140
2017-09-24,139
2017-09-25,138
2017-09-25,138
2017-09-25,138
2017-09-26,136
2017-09-26,136
2017-09-26,136
2017-09-27,136
2017-09-27,136
2017-09-27,136
2017-09-28,135
2017-09-28,136
2017-09-28,134
2017-09-29,134
2017-09-29,134
2017-09-29,134
2017-09-30,133
2017-09-30,134
2017-09-30,132
2017-10-01,132
2017-10-01,132
2017-10-01,132
2017-10-02,130.5
2017-10-02,131
2017-10-02,130
2017-10-03,130
2017-10-03,130
2017-10-03,130
2017-10-04,129.5
2017-10-04,130
2017-10-04,129
2017-10-05,129
2017-10-05,128
2017-10-05,130
2017-10-06,127.5
2017-10-06,127
2017-10-06,128
2017-10-07,126
2017-10-07,126
2017-10-07,126
2017-10-08,126
2017-10-08,126
2017-10-08,126
2017-10-09,128
2017-10-09,128
2017-10-09,128
2017-10-10,128
2017-10-10,128
2017-10-10,128
2017-10-11,126
2017-10-11,126
2017-10-11,126
2017-10-12,126
2017-10-12,126
2017-10-12,126
2017-10-13,125
2017-10-13,126
2017-10-13,124
2017-10-14,124
2017-10-14,124
2017-10-14,124
2017-10-15,124
2017-10-15,124
2017-10-15,124
2017-10-16,125
2017-10-16,124
2017-10-16,126
2017-10-17,126.5
2017-10-17,129
2017-10-17,124
2017-10-18,124.5
2017-10-18,125
2017-10-18,124
2017-10-19,125
2017-10-19,126
2017-10-19,124
2017-10-20,124
2017-10-20,124
2017-10-20,124
2017-10-21,124
2017-10-21,124
2017-10-21,124
2017-10-22,124
2017-10-22,124
2017-10-22,124
2017-10-23,124
2017-10-23,124
2017-10-23,124
2017-10-24,126
2017-10-24,126
2017-10-24,126
2017-10-25,124
2017-10-25,124
2017-10-25,124
2017-10-26,126
2017-10-26,126
2017-10-26,126
2017-10-27,128
2017-10-27,128
2017-10-27,128
2017-10-28,128
2017-10-28,128
2017-10-28,128
2017-10-29,129
2017-10-29,128
2017-10-29,130
2017-10-30,131.5
2017-10-30,131
2017-10-30,132
2017-10-31,133
2017-10-31,132
2017-10-31,134
2017-11-01,134.5
2017-11-01,135
2017-11-01,134
2017-11-02,140
2017-11-02,138
2017-11-02,142
2017-11-03,150.5
2017-11-03,143
2017-11-03,158
2017-11-04,162
2017-11-04,162
2017-11-04,162
2017-11-05,162
2017-11-05,162
2017-11-05,162
2017-11-06,160
2017-11-06,160
2017-11-06,160
2017-11-07,159
2017-11-07,159
2017-11-07,159
2017-11-08,166
2017-11-08,162
2017-11-08,170
2017-11-09,182
2017-11-09,184
2017-11-09,180
2017-11-10,180
2017-11-10,180
2017-11-10,180
2017-11-11,181
2017-11-11,180
2017-11-11,182
2017-11-12,183.5
2017-11-12,183
2017-11-12,184
2017-11-13,183.5
2017-11-13,185
2017-11-13,182
2017-11-14,183
2017-11-14,182
2017-11-14,184
2017-11-15,184
2017-11-15,184
2017-11-15,184
2017-11-16,188
2017-11-16,186
2017-11-16,190
2017-11-17,192
2017-11-17,192
2017-11-17,192
2017-11-18,187
2017-11-18,190
2017-11-18,184
2017-11-19,196
2017-11-19,190
2017-11-19,202
2017-11-20,219
2017-11-20,212
2017-11-20,226
2017-11-21,246
2017-11-21,246
2017-11-21,246
2017-11-22,244
2017-11-22,244
2017-11-22,244
2017-11-23,227
2017-11-23,224
2017-11-23,230
2017-11-24,231.5
2017-11-24,231
2017-11-24,232
2017-11-25,240
2017-11-25,240
2017-11-25,240
2017-11-26,240
2017-11-26,240
2017-11-26,240
2017-11-27,241
2017-11-27,240
2017-11-27,242
2017-11-28,235
2017-11-28,236
2017-11-28,234
2017-11-29,236
2017-11-29,236
2017-11-29,236
2017-11-30,237.5
2017-11-30,237
2017-11-30,238
2017-12-01,244.5
2017-12-01,243
2017-12-01,246
2017-12-02,251
2017-12-02,250
2017-12-02,252
2017-12-03,251
2017-12-03,252
2017-12-03,250
2017-12-04,251
2017-12-04,252
2017-12-04,250
2017-12-05,241
2017-12-05,243
2017-12-05,239
2017-12-06,339
2017-12-06,342
2017-12-06,336
2017-12-07,359
2017-12-07,348
2017-12-07,370
2017-12-08,363
2017-12-08,346
2017-12-08,380
2017-12-09,375.5
2017-12-09,379
2017-12-09,372
2017-12-10,375
2017-12-10,372
2017-12-10,378
2017-12-11,368
2017-12-11,376
2017-12-11,360
2017-12-12,339
2017-12-12,336
2017-12-12,342
2017-12-13,333
2017-12-13,330
2017-12-13,336
2017-12-14,334
2017-12-14,328
2017-12-14,340
2017-12-15,347
2017-12-15,346
2017-12-15,348
2017-12-16,365.5
2017-12-16,361
2017-12-16,370
2017-12-17,378
2017-12-17,376
2017-12-17,380
2017-12-18,446
2017-12-18,430
2017-12-18,462
2017-12-19,460
2017-12-19,466
2017-12-19,454
2017-12-20,445
2017-12-20,442
2017-12-20,448
2017-12-21,487
2017-12-21,478
2017-12-21,496
2017-12-22,517.5
2017-12-22,515
2017-12-22,520
2017-12-23,531
2017-12-23,528
2017-12-23,534
2017-12-24,526
2017-12-24,532
2017-12-24,520
2017-12-25,501
2017-12-25,510
2017-12-25,492
2017-12-26,472
2017-12-26,478
2017-12-26,466
2017-12-27,448
2017-12-27,452
2017-12-27,444
2017-12-28,462
2017-12-28,454
2017-12-28,470
2017-12-29,496
2017-12-29,490
2017-12-29,502
2017-12-30,523.5
2017-12-30,512
2017-12-30,535
2017-12-31,547
2017-12-31,544
2017-12-31,550
2018-01-01,534
2018-01-01,542
2018-01-01,526
2018-01-02,492
2018-01-02,502
2018-01-02,482
2018-01-03,480
2018-01-03,480
2018-01-03,480
2018-01-04,477.5
2018-01-04,483
2018-01-04,472
2018-01-05,476.5
2018-01-05,479
2018-01-05,474
2018-01-06,460
2018-01-06,462
2018-01-06,458
2018-01-07,455.5
2018-01-07,459
2018-01-07,452
2018-01-08,451.5
2018-01-08,453
2018-01-08,450
2018-01-09,453.5
2018-01-09,449
2018-01-09,458
2018-01-10,475
2018-01-10,476
2018-01-10,474
2018-01-11,510
2018-01-11,498
2018-01-11,522
2018-01-12,549
2018-01-12,540
2018-01-12,558
2018-01-13,573
2018-01-13,566
2018-01-13,580
2018-01-14,593
2018-01-14,592
2018-01-14,594
2018-01-15,567
2018-01-15,576
2018-01-15,558
2018-01-16,526.5
2018-01-16,533
2018-01-16,520
2018-01-17,499
2018-01-17,501
2018-01-17,497
2018-01-18,504
2018-01-18,500
2018-01-18,508
2018-01-19,521
2018-01-19,518
2018-01-19,524
2018-01-20,537
2018-01-20,526
2018-01-20,548
2018-01-21,561.5
2018-01-21,559
2018-01-21,564
2018-01-22,545
2018-01-22,548
2018-01-22,542
2018-01-23,526.5
2018-01-23,540
2018-01-23,513
2018-01-24,503.5
2018-01-24,503
2018-01-24,504
2018-01-25,516
2018-01-25,514
2018-01-25,518
2018-01-26,524.5
2018-01-26,521
2018-01-26,528
2018-01-27,557
2018-01-27,556
2018-01-27,558
2018-01-28,579
2018-01-28,578
2018-01-28,580
2018-01-29,574
2018-01-29,577
2018-01-29,571
2018-01-30,564
2018-01-30,564
2018-01-30,564
2018-01-31,595.5
2018-01-31,589
2018-01-31,602
2018-02-01,616
2018-02-01,612
2018-02-01,620
2018-02-02,622
2018-02-02,618
2018-02-02,626
2018-02-03,647.5
2018-02-03,643
2018-02-03,652
2018-02-04,675
2018-02-04,674
2018-02-04,676
2018-02-05,691.5
2018-02-05,689
2018-02-05,694
2018-02-06,677
2018-02-06,682
2018-02-06,672
2018-02-07,703.5
2018-02-07,689
2018-02-07,718
2018-02-08,799
2018-02-08,780
2018-02-08,818
2018-02-09,898
2018-02-09,880
2018-02-09,916
2018-02-10,974.5
2018-02-10,960
2018-02-10,989
2018-02-11,1018
2018-02-11,1012
2018-02-11,1024
2018-02-12,1047
2018-02-12,1044
2018-02-12,1050
2018-02-13,1069.5
2018-02-13,1064
2018-02-13,1075
2018-02-14,1094.5
2018-02-14,1090
2018-02-14,1099
2018-02-15,1111
2018-02-15,1111
2018-02-15,1111
2018-02-16,1104
2018-02-16,1106
2018-02-16,1102
2018-02-17,1092
2018-02-17,1094
2018-02-17,1090
2018-02-18,1067
2018-02-18,1074
2018-02-18,1060
2018-02-19,1042
2018-02-19,1046
2018-02-19,1038
2018-02-20,1030.5
2018-02-20,1034
2018-02-20,1027
2018-02-21,1009
2018-02-21,1014
2018-02-21,1004
2018-02-22,1004.5
2018-02-22,1005
2018-02-22,1004
2018-02-23,990
2018-02-23,993
2018-02-23,987
2018-02-24,986.5
2018-02-24,984
2018-02-24,989
2018-02-25,1001
2018-02-25,997
2018-02-25,1005
2018-02-26,1019
2018-02-26,1014
2018-02-26,1024
2018-02-27,1032
2018-02-27,1030
2018-02-27,1034
2018-02-28,1034
2018-02-28,1034
2018-02-28,1034
2018-03-01,1046.5
2018-03-01,1045
2018-03-01,1048
2018-03-02,1052
2018-03-02,1052
2018-03-02,1052
2018-03-03,1050
2018-03-03,1050
2018-03-03,1050
2018-03-04,1050
2018-03-04,1050
2018-03-04,1050
2018-03-05,1041
2018-03-05,1044
2018-03-05,1038
2018-03-06,1019
2018-03-06,1024
2018-03-06,1014
2018-03-07,1002.5
2018-03-07,1010
2018-03-07,995
2018-03-08,989.5
2018-03-08,991
2018-03-08,988
2018-03-09,1008
2018-03-09,998
2018-03-09,1018
2018-03-10,1004.5
2018-03-10,997
2018-03-10,1012
2018-03-11,1017
2018-03-11,1018
2018-03-11,1016
2018-03-12,997
2018-03-12,998
2018-03-12,996
2018-03-13,1012
2018-03-13,1012
2018-03-13,1012
2018-03-14,1012
2018-03-14,1014
2018-03-14,1010
2018-03-15,1010.5
2018-03-15,1012
2018-03-15,1009
2018-03-16,1018.5
2018-03-16,1017
2018-03-16,1020
2018-03-17,1025
2018-03-17,1027
2018-03-17,1023
2018-03-18,1048.5
2018-03-18,1047
2018-03-18,1050
2018-03-19,1049
2018-03-19,1050
2018-03-19,1048
2018-03-20,1047
2018-03-20,1048
2018-03-20,1046
2018-03-21,1044
2018-03-21,1044
2018-03-21,1044
2018-03-22,1041.5
2018-03-22,1043
2018-03-22,1040
2018-03-23,1034.5
2018-03-23,1034
2018-03-23,1035
2018-03-24,1055.5
2018-03-24,1048
2018-03-24,1063
2018-03-25,1096.5
2018-03-25,1089
2018-03-25,1104
2018-03-26,1135
2018-03-26,1130
2018-03-26,1140
2018-03-27,1155
2018-03-27,1152
2018-03-27,1158
2018-03-28,1162
2018-03-28,1162
2018-03-28,1162
2018-03-29,1163
2018-03-29,1163
2018-03-29,1163
2018-03-30,1166
2018-03-30,1166
2018-03-30,1166
2018-03-31,1166
2018-03-31,1166
2018-03-31,1166
2018-04-01,1155
2018-04-01,1157
2018-04-01,1153
2018-04-02,1151.5
2018-04-02,1154
2018-04-02,1149
2018-04-03,1142
2018-04-03,1144
2018-04-03,1140
2018-04-04,1127
2018-04-04,1131
2018-04-04,1123
2018-04-05,1119
2018-04-05,1123
2018-04-05,1115
2018-04-06,1112
2018-04-06,1113
2018-04-06,1111
2018-04-07,1117.5
2018-04-07,1116
2018-04-07,1119
2018-04-08,1128
2018-04-08,1125
2018-04-08,1131
2018-04-09,1142
2018-04-09,1141
2018-04-09,1143
2018-04-10,1143
2018-04-10,1143
2018-04-10,1143
2018-04-11,1153.5
2018-04-11,1150
2018-04-11,1157
2018-04-12,1167.5
2018-04-12,1162
2018-04-12,1173
2018-04-13,1188
2018-04-13,1185
2018-04-13,1191
2018-04-14,1191
2018-04-14,1191
2018-04-14,1191
2018-04-15,1180.5
2018-04-15,1183
2018-04-15,1178
2018-04-16,1166.5
2018-04-16,1170
2018-04-16,1163
2018-04-17,1144
2018-04-17,1151
2018-04-17,1137
2018-04-18,1116.5
2018-04-18,1122
2018-04-18,1111
2018-04-19,1089.5
2018-04-19,1098
2018-04-19,1081
2018-04-20,1072.5
2018-04-20,1086
2018-04-20,1059
2018-04-21,1050.5
2018-04-21,1066
2018-04-21,1035
2018-04-22,1028.5
2018-04-22,1044
2018-04-22,1013
2018-04-23,981
2018-04-23,988
2018-04-23,974
2018-04-24,940
2018-04-24,950
2018-04-24,930
2018-04-25,909
2018-04-25,914
2018-04-25,904
2018-04-26,889.5
2018-04-26,892
2018-04-26,887
2018-04-27,881
2018-04-27,882
2018-04-27,880
2018-04-28,872.5
2018-04-28,875
2018-04-28,870
2018-04-29,865.5
2018-04-29,866
2018-04-29,865
2018-04-30,854
2018-04-30,856
2018-04-30,852
2018-05-01,834.5
2018-05-01,840
2018-05-01,829
2018-05-02,814
2018-05-02,819
2018-05-02,809
2018-05-03,794.5
2018-05-03,799
2018-05-03,790
2018-05-04,783
2018-05-04,786
2018-05-04,780
2018-05-05,776
2018-05-05,778
2018-05-05,774
2018-05-06,761
2018-05-06,766
2018-05-06,756
2018-05-07,745.5
2018-05-07,747
2018-05-07,744
2018-05-08,734
2018-05-08,740
2018-05-08,728
2018-05-09,715.5
2018-05-09,718
2018-05-09,713
2018-05-10,715
2018-05-10,714
2018-05-10,716
2018-05-11,713
2018-05-11,714
2018-05-11,712
2018-05-12,713.5
2018-05-12,711
2018-05-12,716
2018-05-13,718.5
2018-05-13,720
2018-05-13,717
2018-05-14,712
2018-05-14,716
2018-05-14,708
2018-05-15,692
2018-05-15,698
2018-05-15,686
2018-05-16,672
2018-05-16,674
2018-05-16,670
2018-05-17,668
2018-05-17,668
2018-05-17,668
2018-05-18,663
2018-05-18,666
2018-05-18,660
2018-05-19,651.5
2018-05-19,653
2018-05-19,650
2018-05-20,648
2018-05-20,650
2018-05-20,646
2018-05-21,637
2018-05-21,642
2018-05-21,632
2018-05-22,626
2018-05-22,632
2018-05-22,620
2018-05-23,609.5
2018-05-23,611
2018-05-23,608
2018-05-24,608
2018-05-24,608
2018-05-24,608
2018-05-25,600
2018-05-25,604
2018-05-25,596
2018-05-26,587
2018-05-26,589
2018-05-26,585
2018-05-27,581
2018-05-27,582
2018-05-27,580
2018-05-28,577
2018-05-28,578
2018-05-28,576
2018-05-29,569
2018-05-29,570
2018-05-29,568
2018-05-30,563
2018-05-30,564
2018-05-30,562
2018-05-31,554.5
2018-05-31,557
2018-05-31,552
2018-06-01,539
2018-06-01,542
2018-06-01,536
2018-06-02,528
2018-06-02,530
2018-06-02,526
2018-06-03,519
2018-06-03,520
2018-06-03,518
2018-06-04,526
2018-06-04,526
2018-06-04,526
2018-06-05,524.5
2018-06-05,527
2018-06-05,522
2018-06-06,520.5
2018-06-06,519
2018-06-06,522
2018-06-07,520.5
2018-06-07,521
2018-06-07,520
2018-06-08,521.5
2018-06-08,517
2018-06-08,526
2018-06-09,523
2018-06-09,526
2018-06-09,520
2018-06-10,517
2018-06-10,518
2018-06-10,516
2018-06-11,511
2018-06-11,514
2018-06-11,508
2018-06-12,505
2018-06-12,508
2018-06-12,502
2018-06-13,501.5
2018-06-13,501
2018-06-13,502
2018-06-14,499.5
2018-06-14,501
2018-06-14,498
2018-06-15,495.5
2018-06-15,497
2018-06-15,494
2018-06-16,497
2018-06-16,497
2018-06-16,497
2018-06-17,500
2018-06-17,500
2018-06-17,500
2018-06-18,500.5
2018-06-18,503
2018-06-18,498
2018-06-19,502.5
2018-06-19,502
2018-06-19,503
2018-06-20,503
2018-06-20,508
2018-06-20,498
2018-06-21,499
2018-06-21,501
2018-06-21,497
2018-06-22,492
2018-06-22,494
2018-06-22,490
2018-06-23,488
2018-06-23,490
2018-06-23,486
2018-06-24,486
2018-06-24,486
2018-06-24,486
2018-06-25,484
2018-06-25,486
2018-06-25,482
2018-06-26,479
2018-06-26,482
2018-06-26,476
2018-06-27,475.5
2018-06-27,477
2018-06-27,474
2018-06-28,474
2018-06-28,476
2018-06-28,472
2018-06-29,477
2018-06-29,478
2018-06-29,476
2018-06-30,473
2018-06-30,474
2018-06-30,472
2018-07-01,474
2018-07-01,474
2018-07-01,474
2018-07-02,472
2018-07-02,472
2018-07-02,472
2018-07-03,472.5
2018-07-03,473
2018-07-03,472
2018-07-04,472
2018-07-04,472
2018-07-04,472
2018-07-05,472
2018-07-05,474
2018-07-05,470
2018-07-06,472
2018-07-06,472
2018-07-06,472
2018-07-07,471
2018-07-07,470
2018-07-07,472
2018-07-08,470
2018-07-08,470
2018-07-08,470
2018-07-09,465.5
2018-07-09,467
2018-07-09,464
2018-07-10,465.5
2018-07-10,466
2018-07-10,465
2018-07-11,465
2018-07-11,468
2018-07-11,462
2018-07-12,464.5
2018-07-12,465
2018-07-12,464
2018-07-13,464
2018-07-13,464
2018-07-13,464
2018-07-14,466
2018-07-14,466
2018-07-14,466
2018-07-15,464
2018-07-15,465
2018-07-15,463
2018-07-16,460
2018-07-16,461
2018-07-16,459
2018-07-17,459.5
2018-07-17,461
2018-07-17,458
2018-07-18,456
2018-07-18,458
2018-07-18,454
2018-07-19,452
2018-07-19,455
2018-07-19,449
2018-07-20,447
2018-07-20,450
2018-07-20,444
2018-07-21,440.5
2018-07-21,443
2018-07-21,438
2018-07-22,442
2018-07-22,444
2018-07-22,440
2018-07-23,435.5
2018-07-23,437
2018-07-23,434
2018-07-24,435
2018-07-24,436
2018-07-24,434
2018-07-25,427.5
2018-07-25,431
2018-07-25,424
2018-07-26,422
2018-07-26,424
2018-07-26,420
2018-07-27,416.5
2018-07-27,417
2018-07-27,416
2018-07-28,408
2018-07-28,410
2018-07-28,406
2018-07-29,405
2018-07-29,405
2018-07-29,405
2018-07-30,403
2018-07-30,405
2018-07-30,401
2018-07-31,401.5
2018-07-31,402
2018-07-31,401
2018-08-01,398
2018-08-01,399
2018-08-01,397
2018-08-02,396.5
2018-08-02,399
2018-08-02,394
2018-08-03,395
2018-08-03,396
2018-08-03,394
2018-08-04,385
2018-08-04,386
2018-08-04,384
2018-08-05,375.5
2018-08-05,377
2018-08-05,374
2018-08-06,370.5
2018-08-06,373
2018-08-06,368
2018-08-07,362.5
2018-08-07,363
2018-08-07,362
2018-08-08,356
2018-08-08,359
2018-08-08,353
2018-08-09,345
2018-08-09,350
2018-08-09,340
2018-08-10,332
2018-08-10,337
2018-08-10,327
2018-08-11,320
2018-08-11,323
2018-08-11,317
2018-08-12,308
2018-08-12,308
2018-08-12,308
2018-08-13,303
2018-08-13,304
2018-08-13,302
2018-08-14,294
2018-08-14,296
2018-08-14,292
2018-08-15,281.5
2018-08-15,283
2018-08-15,280
2018-08-16,275
2018-08-16,274
2018-08-16,276
2018-08-17,264.5
2018-08-17,266
2018-08-17,263
2018-08-18,258.5
2018-08-18,259
2018-08-18,258
2018-08-19,254
2018-08-19,254
2018-08-19,254
2018-08-20,252
2018-08-20,252
2018-08-20,252
2018-08-21,243.5
2018-08-21,245
2018-08-21,242
2018-08-22,238
2018-08-22,238
2018-08-22,238
2018-08-23,231
2018-08-23,232
2018-08-23,230
2018-08-24,223
2018-08-24,224
2018-08-24,222
2018-08-25,217
2018-08-25,218
2018-08-25,216
2018-08-26,213.5
2018-08-26,215
2018-08-26,212
2018-08-27,212
2018-08-27,212
2018-08-27,212
2018-08-28,210
2018-08-28,211
2018-08-28,209
2018-08-29,207.5
2018-08-29,208
2018-08-29,207
2018-08-30,207
2018-08-30,208
2018-08-30,206
2018-08-31,206.5
2018-08-31,205
2018-08-31,208
2018-09-01,214
2018-09-01,212
2018-09-01,216
2018-09-02,221
2018-09-02,221
2018-09-02,221
2018-09-03,219
2018-09-03,220
2018-09-03,218
2018-09-04,217.5
2018-09-04,220
2018-09-04,215
2018-09-05,205
2018-09-05,205
2018-09-05,205
2018-09-06,214
2018-09-06,210
2018-09-06,218
2018-09-07,229
2018-09-07,228
2018-09-07,230
2018-09-08,230
2018-09-08,228
2018-09-08,232
2018-09-09,228.5
2018-09-09,229
2018-09-09,228
2018-09-10,222
2018-09-10,220
2018-09-10,224
2018-09-11,202
2018-09-11,202
2018-09-11,202
2018-09-12,192
2018-09-12,192
2018-09-12,192
2018-09-13,194.5
2018-09-13,192
2018-09-13,197
2018-09-14,199
2018-09-14,196
2018-09-14,202
2018-09-15,206
2018-09-15,198
2018-09-15,214
2018-09-16,210
2018-09-16,212
2018-09-16,208
2018-09-17,203.5
2018-09-17,206
2018-09-17,201
2018-09-18,195.5
2018-09-18,201
2018-09-18,190
2018-09-19,180.5
2018-09-19,181
2018-09-19,180
2018-09-20,174
2018-09-20,173
2018-09-20,175
2018-09-21,168.5
2018-09-21,179
2018-09-21,158
2018-09-22,174.5
2018-09-22,175
2018-09-22,174
2018-09-23,171
2018-09-23,172
2018-09-23,170
2018-09-24,168
2018-09-24,168
2018-09-24,168
2018-09-25,166.5
2018-09-25,167
2018-09-25,166
2018-09-26,164
2018-09-26,164
2018-09-26,164
2018-09-27,162
2018-09-27,162
2018-09-27,162
2018-09-28,161
2018-09-28,160
2018-09-28,162
2018-09-29,160.5
2018-09-29,160
2018-09-29,161
2018-09-30,159.5
2018-09-30,159
2018-09-30,160
2018-10-01,160.5
2018-10-01,159
2018-10-01,162
2018-10-02,165
2018-10-02,165
2018-10-02,165
2018-10-03,160.5
2018-10-03,162
2018-10-03,159
2018-10-04,160
2018-10-04,158
2018-10-04,162
2018-10-05,171
2018-10-05,170
2018-10-05,172
2018-10-06,187.5
2018-10-06,188
2018-10-06,187
2018-10-07,199
2018-10-07,188
2018-10-07,210
2018-10-08,215
2018-10-08,215
2018-10-08,215
2018-10-09,203.5
2018-10-09,208
2018-10-09,199
2018-10-10,187.5
2018-10-10,190
2018-10-10,185
2018-10-11,187
2018-10-11,185
2018-10-11,189
2018-10-12,197
2018-10-12,195
2018-10-12,199
2018-10-13,202
2018-10-13,202
2018-10-13,202
2018-10-14,204
2018-10-14,204
2018-10-14,204
2018-10-15,200
2018-10-15,201
2018-10-15,199
2018-10-16,191.5
2018-10-16,191
2018-10-16,192
2018-10-17,194.5
2018-10-17,193
2018-10-17,196
2018-10-18,206.5
2018-10-18,202
2018-10-18,211
2018-10-19,225
2018-10-19,222
2018-10-19,228
2018-10-20,238.5
2018-10-20,235
2018-10-20,242
2018-10-21,285
2018-10-21,273
2018-10-21,297
2018-10-22,305
2018-10-22,304
2018-10-22,306
2018-10-23,281
2018-10-23,286
2018-10-23,276
2018-10-24,256.5
2018-10-24,263
2018-10-24,250
2018-10-25,237.5
2018-10-25,239
2018-10-25,236
2018-10-26,241
2018-10-26,238
2018-10-26,244
2018-10-27,240.5
2018-10-27,241
2018-10-27,240
2018-10-28,240.5
2018-10-28,240
2018-10-28,241
2018-10-29,242
2018-10-29,243
2018-10-29,241
2018-10-30,237.5
2018-10-30,240
2018-10-30,235
2018-10-31,227
2018-10-31,227
2018-10-31,227
2018-11-01,235.5
2018-11-01,232
2018-11-01,239
2018-11-02,243.5
2018-11-02,242
2018-11-02,245
2018-11-03,243.5
2018-11-03,245
2018-11-03,242
2018-11-04,240.5
2018-11-04,242
2018-11-04,239
2018-11-05,229.5
2018-11-05,232
2018-11-05,227
2018-11-06,219.5
2018-11-06,221
2018-11-06,218
2018-11-07,217.5
2018-11-07,216
2018-11-07,219
2018-11-08,215
2018-11-08,213
2018-11-08,217
2018-11-09,241.5
2018-11-09,232
2018-11-09,251
2018-11-10,290
2018-11-10,281
2018-11-10,299
2018-11-11,305
2018-11-11,306
2018-11-11,304
2018-11-12,291
2018-11-12,296
2018-11-12,286
2018-11-13,272
2018-11-13,284
2018-11-13,260
2018-11-14,244
2018-11-14,246
2018-11-14,242
2018-11-15,252
2018-11-15,247
2018-11-15,257
2018-11-16,271
2018-11-16,270
2018-11-16,272
2018-11-17,287
2018-11-17,292
2018-11-17,282
2018-11-18,286
2018-11-18,286
2018-11-18,286
2018-11-19,285.5
2018-11-19,288
2018-11-19,283
2018-11-20,287.5
2018-11-20,288
2018-11-20,287
2018-11-21,293.5
2018-11-21,286
2018-11-21,301
2018-11-22,338
2018-11-22,328
2018-11-22,348
2018-11-23,364
2018-11-23,362
2018-11-23,366
2018-11-24,362.5
2018-11-24,362
2018-11-24,363
2018-11-25,373.5
2018-11-25,373
2018-11-25,374
2018-11-26,381
2018-11-26,380
2018-11-26,382
2018-11-27,393.5
2018-11-27,388
2018-11-27,399
2018-11-28,420
2018-11-28,416
2018-11-28,424
2018-11-29,410
2018-11-29,416
2018-11-29,404
2018-11-30,399
2018-11-30,402
2018-11-30,396
2018-12-01,403
2018-12-01,402
2018-12-01,404
2018-12-02,401.5
2018-12-02,402
2018-12-02,401
2018-12-03,414
2018-12-03,408
2018-12-03,420
2018-12-04,429
2018-12-04,429
2018-12-04,429
2018-12-05,441.5
2018-12-05,432
2018-12-05,451
2018-12-06,478
2018-12-06,477
2018-12-06,479
2018-12-07,533
2018-12-07,517
2018-12-07,549
2018-12-08,605.5
2018-12-08,592
2018-12-08,619
2018-12-09,627
2018-12-09,632
2018-12-09,622
2018-12-10,621.5
2018-12-10,625
2018-12-10,618
2018-12-11,612
2018-12-11,610
2018-12-11,614
2018-12-12,638.5
2018-12-12,637
2018-12-12,640
2018-12-13,653
2018-12-13,652
2018-12-13,654
2018-12-14,642
2018-12-14,632
2018-12-14,652
2018-12-15,654
2018-12-15,652
2018-12-15,656
2018-12-16,647.5
2018-12-16,652
2018-12-16,643
2018-12-17,621
2018-12-17,628
2018-12-17,614
2018-12-18,581
2018-12-18,590
2018-12-18,572
2018-12-19,547.5
2018-12-19,551
2018-12-19,544
2018-12-20,540.5
2018-12-20,542
2018-12-20,539
2018-12-21,539
2018-12-21,538
2018-12-21,540
2018-12-22,533
2018-12-22,536
2018-12-22,530
2018-12-23,527.5
2018-12-23,526
2018-12-23,529
2018-12-24,535
2018-12-24,540
2018-12-24,530
2018-12-25,536
2018-12-25,542
2018-12-25,530
2018-12-26,508
2018-12-26,520
2018-12-26,496
2018-12-27,480.5
2018-12-27,487
2018-12-27,474
2018-12-28,464
2018-12-28,464
2018-12-28,464
2018-12-29,478.5
2018-12-29,475
2018-12-29,482
2018-12-30,488.5
2018-12-30,490
2018-12-30,487
2018-12-31,488
2018-12-31,487
2018-12-31,489
2019-01-01,482.5
2019-01-01,488
2019-01-01,477
2019-01-02,474.5
2019-01-02,476
2019-01-02,473
2019-01-03,468
2019-01-03,470
2019-01-03,466
2019-01-04,458
2019-01-04,460
2019-01-04,456
2019-01-05,457.5
2019-01-05,454
2019-01-05,461
2019-01-06,506.5
2019-01-06,497
2019-01-06,516
2019-01-07,529.5
2019-01-07,534
2019-01-07,525
2019-01-08,512.5
2019-01-08,515
2019-01-08,510
2019-01-09,491
2019-01-09,492
2019-01-09,490
2019-01-10,530
2019-01-10,530
2019-01-10,530
2019-01-11,536.5
2019-01-11,533
2019-01-11,540
2019-01-12,549.5
2019-01-12,548
2019-01-12,551
2019-01-13,540.5
2019-01-13,551
2019-01-13,530
2019-01-14,536
2019-01-14,534
2019-01-14,538
2019-01-15,521
2019-01-15,526
2019-01-15,516
2019-01-16,510
2019-01-16,510
2019-01-16,510
2019-01-17,524
2019-01-17,520
2019-01-17,528
2019-01-18,544.5
2019-01-18,542
2019-01-18,547
2019-01-19,545
2019-01-19,548
2019-01-19,542
2019-01-20,538.5
2019-01-20,538
2019-01-20,539
2019-01-21,532
2019-01-21,532
2019-01-21,532
2019-01-22,525.5
2019-01-22,530
2019-01-22,521
2019-01-23,511.5
2019-01-23,511
2019-01-23,512
2019-01-24,518.5
2019-01-24,512
2019-01-24,525
2019-01-25,522
2019-01-25,522
2019-01-25,522
2019-01-26,518
2019-01-26,518
2019-01-26,518
2019-01-27,529.5
2019-01-27,525
2019-01-27,534
2019-01-28,539.5
2019-01-28,541
2019-01-28,538
2019-01-29,534
2019-01-29,536
2019-01-29,532
2019-01-30,527
2019-01-30,526
2019-01-30,528
2019-01-31,518.5
2019-01-31,521
2019-01-31,516
2019-02-01,537
2019-02-01,534
2019-02-01,540
2019-02-02,559.5
2019-02-02,553
2019-02-02,566
2019-02-03,584.5
2019-02-03,584
2019-02-03,585
2019-02-04,577
2019-02-04,582
2019-02-04,572
2019-02-05,533
2019-02-05,538
2019-02-05,528
2019-02-06,496
2019-02-06,500
2019-02-06,492
2019-02-07,519
2019-02-07,508
2019-02-07,530
2019-02-08,583
2019-02-08,570
2019-02-08,596
2019-02-09,640.5
2019-02-09,633
2019-02-09,648
2019-02-10,667
2019-02-10,666
2019-02-10,668
2019-02-11,658
2019-02-11,664
2019-02-11,652
2019-02-12,624
2019-02-12,632
2019-02-12,616
2019-02-13,602
2019-02-13,614
2019-02-13,590
2019-02-14,586.5
2019-02-14,587
2019-02-14,586
2019-02-15,588.5
2019-02-15,587
2019-02-15,590
2019-02-16,621.5
2019-02-16,618
2019-02-16,625
2019-02-17,624
2019-02-17,628
2019-02-17,620
2019-02-18,618
2019-02-18,618
2019-02-18,618
2019-02-19,596.5
2019-02-19,605
2019-02-19,588
2019-02-20,577
2019-02-20,576
2019-02-20,578
2019-02-21,602
2019-02-21,592
2019-02-21,612
2019-02-22,626
2019-02-22,624
2019-02-22,628
2019-02-23,622
2019-02-23,624
2019-02-23,620
2019-02-24,588
2019-02-24,594
2019-02-24,582
2019-02-25,580.5
2019-02-25,587
2019-02-25,574
2019-02-26,571.5
2019-02-26,575
2019-02-26,568
2019-02-27,564.5
2019-02-27,549
2019-02-27,580
2019-02-28,623
2019-02-28,610
2019-02-28,636
2019-03-01,670.5
2019-03-01,663
2019-03-01,678
2019-03-02,695
2019-03-02,692
2019-03-02,698
2019-03-03,698
2019-03-03,696
2019-03-03,700
2019-03-04,711.5
2019-03-04,703
2019-03-04,702
2019-03-05,721
2019-03-05,712
2019-03-05,730
2019-03-06,793
2019-03-06,780
2019-03-06,806
2019-03-07,823
2019-03-07,816
2019-03-07,830
2019-03-08,862.5
2019-03-08,859
2019-03-08,866
2019-03-09,879
2019-03-09,874
2019-03-09,884
2019-03-10,894
2019-03-10,893
2019-03-10,895
2019-03-11,880.5
2019-03-11,880
2019-03-11,881
2019-03-12,887.5
2019-03-12,885
2019-03-12,890
2019-03-13,904
2019-03-13,902
2019-03-13,906
2019-03-14,918.5
2019-03-14,915
2019-03-14,922
2019-03-15,928
2019-03-15,928
2019-03-15,928
2019-03-16,912
2019-03-16,914
2019-03-16,910
2019-03-17,892
2019-03-17,896
2019-03-17,888
2019-03-18,885.5
2019-03-18,887
2019-03-18,884
2019-03-19,872
2019-03-19,877
2019-03-19,867
2019-03-20,842
2019-03-20,846
2019-03-20,838
2019-03-21,831.5
2019-03-21,835
2019-03-21,828
2019-03-22,817
2019-03-22,818
2019-03-22,816
2019-03-23,824.5
2019-03-23,823
2019-03-23,826
2019-03-24,823
2019-03-24,826
2019-03-24,820
2019-03-25,821
2019-03-25,818
2019-03-25,824
2019-03-26,869
2019-03-26,852
2019-03-26,886
2019-03-27,934
2019-03-27,920
2019-03-27,948
2019-03-28,976
2019-03-28,970
2019-03-28,982
2019-03-29,981.5
2019-03-29,986
2019-03-29,977
2019-03-30,976.5
2019-03-30,977
2019-03-30,976
2019-03-31,982.5
2019-03-31,980
2019-03-31,985
2019-04-01,992
2019-04-01,990
2019-04-01,994
2019-04-02,1003
2019-04-02,999
2019-04-02,1007
2019-04-03,1018.5
2019-04-03,1017
2019-04-03,1020
2019-04-04,1014
2019-04-04,1018
2019-04-04,1010
2019-04-05,1000
2019-04-05,1002
2019-04-05,998
2019-04-06,1000
2019-04-06,999
2019-04-06,1001
2019-04-07,1020
2019-04-07,1014
2019-04-07,1026
2019-04-08,1045
2019-04-08,1040
2019-04-08,1050
2019-04-09,1046
2019-04-09,1045
2019-04-09,1047
2019-04-10,1063.5
2019-04-10,1064
2019-04-10,1063
2019-04-11,1063
2019-04-11,1063
2019-04-11,1063
2019-04-12,1062
2019-04-12,1064
2019-04-12,1060
2019-04-13,1055
2019-04-13,1056
2019-04-13,1054
2019-04-14,1051
2019-04-14,1051
2019-04-14,1051
2019-04-15,1055
2019-04-15,1054
2019-04-15,1056
2019-04-16,1058
2019-04-16,1058
2019-04-16,1058
2019-04-17,1057
2019-04-17,1056
2019-04-17,1058
2019-04-18,1040
2019-04-18,1045
2019-04-18,1035
2019-04-19,1015.5
2019-04-19,1025
2019-04-19,1006
2019-04-20,1004.5
2019-04-20,1001
2019-04-20,1008
2019-04-21,972
2019-04-21,978
2019-04-21,966
2019-04-22,965.5
2019-04-22,966
2019-04-22,965
2019-04-23,945
2019-04-23,952
2019-04-23,938
2019-04-24,931
2019-04-24,934
2019-04-24,928
2019-04-25,916
2019-04-25,918
2019-04-25,914
2019-04-26,916
2019-04-26,916
2019-04-26,916
2019-04-27,912
2019-04-27,914
2019-04-27,910
2019-04-28,898.5
2019-04-28,901
2019-04-28,896
2019-04-29,877
2019-04-29,882
2019-04-29,872
2019-04-30,853.5
2019-04-30,858
2019-04-30,849
2019-05-01,836
2019-05-01,834
2019-05-01,838
2019-05-02,833.5
2019-05-02,837
2019-05-02,830
2019-05-03,810
2019-05-03,818
2019-05-03,802
2019-05-04,792
2019-05-04,794
2019-05-04,790
2019-05-05,774.5
2019-05-05,780
2019-05-05,769
2019-05-06,746
2019-05-06,752
2019-05-06,740
2019-05-07,730
2019-05-07,732
2019-05-07,728
2019-05-08,719.5
2019-05-08,722
2019-05-08,717
2019-05-09,719.5
2019-05-09,717
2019-05-09,722
2019-05-10,728
2019-05-10,727
2019-05-10,729
2019-05-11,718.5
2019-05-11,721
2019-05-11,716
2019-05-12,709
2019-05-12,710
2019-05-12,708
2019-05-13,704
2019-05-13,704
2019-05-13,704
2019-05-14,690
2019-05-14,694
2019-05-14,686
2019-05-15,683
2019-05-15,680
2019-05-15,686
2019-05-16,693
2019-05-16,696
2019-05-16,690
2019-05-17,715
2019-05-17,716
2019-05-17,714
2019-05-18,715
2019-05-18,718
2019-05-18,712
2019-05-19,707
2019-05-19,708
2019-05-19,706
2019-05-20,704
2019-05-20,704
2019-05-20,704
2019-05-21,702.5
2019-05-21,701
2019-05-21,704
2019-05-22,707
2019-05-22,704
2019-05-22,710
2019-05-23,706
2019-05-23,710
2019-05-23,702
2019-05-24,692
2019-05-24,696
2019-05-24,688
2019-05-25,681
2019-05-25,682
2019-05-25,680
2019-05-26,664
2019-05-26,668
2019-05-26,660
2019-05-27,646
2019-05-27,652
2019-05-27,640
2019-05-28,632.5
2019-05-28,637
2019-05-28,628
2019-05-29,624
2019-05-29,624
2019-05-29,624
2019-05-30,620.5
2019-05-30,621
2019-05-30,620
2019-05-31,622
2019-05-31,626
2019-05-31,618
2019-06-01,611
2019-06-01,612
2019-06-01,610
2019-06-02,589
2019-06-02,590
2019-06-02,588
2019-06-03,584
2019-06-03,588
2019-06-03,580
2019-06-04,574
2019-06-04,582
2019-06-04,566
2019-06-05,558
2019-06-05,558
2019-06-05,558
2019-06-06,559
2019-06-06,560
2019-06-06,558
2019-06-07,552
2019-06-07,552
2019-06-07,552
2019-06-08,550
2019-06-08,550
2019-06-08,550
2019-06-09,552
2019-06-09,550
2019-06-09,554
2019-06-10,551.5
2019-06-10,553
2019-06-10,550
2019-06-11,543
2019-06-11,546
2019-06-11,540
2019-06-12,530
2019-06-12,530
2019-06-12,530
2019-06-13,517
2019-06-13,519
2019-06-13,515
2019-06-14,511
2019-06-14,512
2019-06-14,510
2019-06-15,507
2019-06-15,508
2019-06-15,506
2019-06-16,506
2019-06-16,506
2019-06-16,506
2019-06-17,507
2019-06-17,506
2019-06-17,508
2019-06-18,508
2019-06-18,508
2019-06-18,508
2019-06-19,506
2019-06-19,506
2019-06-19,506
2019-06-20,503
2019-06-20,504
2019-06-20,502
2019-06-21,500.5
2019-06-21,502
2019-06-21,499
2019-06-22,491.5
2019-06-22,493
2019-06-22,490
2019-06-23,498
2019-06-23,498
2019-06-23,498
2019-06-24,501
2019-06-24,501
2019-06-24,501
2019-06-25,497
2019-06-25,498
2019-06-25,496
2019-06-26,492
2019-06-26,494
2019-06-26,490
2019-06-27,494
2019-06-27,498
2019-06-27,490
2019-06-28,489
2019-06-28,490
2019-06-28,488
2019-06-29,489.5
2019-06-29,491
2019-06-29,488
2019-06-30,489
2019-06-30,492
2019-06-30,486
2019-07-01,489.5
2019-07-01,489
2019-07-01,490
2019-07-02,490
2019-07-02,490
2019-07-02,490
2019-07-03,484.5
2019-07-03,487
2019-07-03,482
2019-07-04,481
2019-07-04,482
2019-07-04,480
2019-07-05,482
2019-07-05,484
2019-07-05,480
2019-07-06,480
2019-07-06,480
2019-07-06,480
2019-07-07,482
2019-07-07,480
2019-07-07,484
2019-07-08,482
2019-07-08,482
2019-07-08,482
2019-07-09,485
2019-07-09,484
2019-07-09,486
2019-07-10,482
2019-07-10,484
2019-07-10,480
2019-07-11,477
2019-07-11,479
2019-07-11,475
2019-07-12,476.5
2019-07-12,475
2019-07-12,478
2019-07-13,474
2019-07-13,476
2019-07-13,472
2019-07-14,471
2019-07-14,472
2019-07-14,470
2019-07-15,473.5
2019-07-15,474
2019-07-15,473
2019-07-16,472.5
2019-07-16,472
2019-07-16,473
2019-07-17,472
2019-07-17,474
2019-07-17,470
2019-07-18,470
2019-07-18,472
2019-07-18,468
2019-07-19,470
2019-07-19,470
2019-07-19,470
2019-07-20,470
2019-07-20,470
2019-07-20,470
2019-07-21,469
2019-07-21,468
2019-07-21,470
2019-07-22,465
2019-07-22,468
2019-07-22,462
2019-07-23,453.5
2019-07-23,455
2019-07-23,452
2019-07-24,452
2019-07-24,452
2019-07-24,452
2019-07-25,451
2019-07-25,454
2019-07-25,448
2019-07-26,450
2019-07-26,450
2019-07-26,450
2019-07-27,450
2019-07-27,450
2019-07-27,450
2019-07-28,445.5
2019-07-28,446
2019-07-28,445
2019-07-29,446.5
2019-07-29,446
2019-07-29,447
2019-07-30,444
2019-07-30,444
2019-07-30,444
2019-07-31,441.5
2019-07-31,443
2019-07-31,440
2019-08-01,440
2019-08-01,440
2019-08-01,440
2019-08-02,442
2019-08-02,442
2019-08-02,442
2019-08-03,442
2019-08-03,442
2019-08-03,442
2019-08-04,440
2019-08-04,442
2019-08-04,438
2019-08-05,435
2019-08-05,436
2019-08-05,434
2019-08-06,435
2019-08-06,435
2019-08-06,435
2019-08-07,434
2019-08-07,434
2019-08-07,434
2019-08-08,432
2019-08-08,432
2019-08-08,432
2019-08-09,431
2019-08-09,431
2019-08-09,431
2019-08-10,428
2019-08-10,430
2019-08-10,426
2019-08-11,427
2019-08-11,428
2019-08-11,426
2019-08-12,427
2019-08-12,428
2019-08-12,426
2019-08-13,422.5
2019-08-13,425
2019-08-13,420
2019-08-14,421
2019-08-14,422
2019-08-14,420
2019-08-15,413.5
2019-08-15,415
2019-08-15,412
2019-08-16,413
2019-08-16,413
2019-08-16,413
2019-08-17,412.5
2019-08-17,413
2019-08-17,412
2019-08-18,410
2019-08-18,410
2019-08-18,410
2019-08-19,407
2019-08-19,408
2019-08-19,406
2019-08-20,403.5
2019-08-20,404
2019-08-20,403
2019-08-21,395
2019-08-21,396
2019-08-21,394
2019-08-22,389
2019-08-22,390
2019-08-22,388
2019-08-23,380.5
2019-08-23,384
2019-08-23,377
2019-08-24,378
2019-08-24,380
2019-08-24,376
2019-08-25,361
2019-08-25,362
2019-08-25,360
2019-08-26,357
2019-08-26,358
2019-08-26,356
2019-08-27,347.5
2019-08-27,350
2019-08-27,345
2019-08-28,341
2019-08-28,342
2019-08-28,340
2019-08-29,336
2019-08-29,338
2019-08-29,334
2019-08-30,331
2019-08-30,332
2019-08-30,330
2019-08-31,325
2019-08-31,324
2019-08-31,326
2019-09-01,318.5
2019-09-01,320
2019-09-01,317
2019-09-02,313.5
2019-09-02,315
2019-09-02,312
2019-09-03,308.5
2019-09-03,308
2019-09-03,309
2019-09-04,298.5
2019-09-04,301
2019-09-04,296
2019-09-05,293
2019-09-05,294
2019-09-05,292
2019-09-06,287.5
2019-09-06,287
2019-09-06,288
2019-09-07,281.5
2019-09-07,284
2019-09-07,279
2019-09-08,282
2019-09-08,282
2019-09-08,282
2019-09-09,277.5
2019-09-09,277
2019-09-09,278
2019-09-10,265
2019-09-10,268
2019-09-10,262
2019-09-11,257.5
2019-09-11,260
2019-09-11,255
2019-09-12,252
2019-09-12,254
2019-09-12,250
2019-09-13,237
2019-09-13,239
2019-09-13,235
2019-09-14,231
2019-09-14,231
2019-09-14,231
2019-09-15,228
2019-09-15,228
2019-09-15,228
2019-09-16,228.5
2019-09-16,229
2019-09-16,228
2019-09-17,222
2019-09-17,222
2019-09-17,222
2019-09-18,211
2019-09-18,214
2019-09-18,208
2019-09-19,200
2019-09-19,202
2019-09-19,198
2019-09-20,195
2019-09-20,196
2019-09-20,194
2019-09-21,192
2019-09-21,192
2019-09-21,192
2019-09-22,195.5
2019-09-22,193
2019-09-22,198
2019-09-23,210
2019-09-23,210
2019-09-23,210
2019-09-24,210
2019-09-24,210
2019-09-24,210
2019-09-25,196
2019-09-25,202
2019-09-25,190
2019-09-26,184.5
2019-09-26,185
2019-09-26,184
2019-09-27,183
2019-09-27,184
2019-09-27,182
2019-09-28,183
2019-09-28,180
2019-09-28,186
2019-09-29,191
2019-09-29,186
2019-09-29,196
2019-09-30,212
2019-09-30,212
2019-09-30,212
2019-10-01,210
2019-10-01,213
2019-10-01,207
2019-10-02,189
2019-10-02,192
2019-10-02,186
2019-10-03,198
2019-10-03,194
2019-10-03,202
2019-10-04,201
2019-10-04,204
2019-10-04,198
2019-10-05,189
2019-10-05,190
2019-10-05,188
2019-10-06,182.5
2019-10-06,183
2019-10-06,182
2019-10-07,180.5
2019-10-07,181
2019-10-07,180
2019-10-08,176.5
2019-10-08,177
2019-10-08,176
2019-10-09,166
2019-10-09,168
2019-10-09,164
2019-10-10,163
2019-10-10,164
2019-10-10,162
2019-10-11,168.5
2019-10-11,167
2019-10-11,170
2019-10-12,170
2019-10-12,170
2019-10-12,170
2019-10-13,171
2019-10-13,171
2019-10-13,171
2019-10-14,171
2019-10-14,172
2019-10-14,170
2019-10-15,167
2019-10-15,168
2019-10-15,166
2019-10-16,162
2019-10-16,162
2019-10-16,162
2019-10-17,161
2019-10-17,160
2019-10-17,162
2019-10-18,166
2019-10-18,166
2019-10-18,166
2019-10-19,164
2019-10-19,164
2019-10-19,164
2019-10-20,166
2019-10-20,166
2019-10-20,166
2019-10-21,170
2019-10-21,170
2019-10-21,170
2019-10-22,178
2019-10-22,177
2019-10-22,179
2019-10-23,184.5
2019-10-23,183
2019-10-23,186
2019-10-24,185.5
2019-10-24,187
2019-10-24,184
2019-10-25,258.5
2019-10-25,234
2019-10-25,283
2019-10-26,292
2019-10-26,288
2019-10-26,296
2019-10-27,245
2019-10-27,243
2019-10-27,247
2019-10-28,242.5
2019-10-28,245
2019-10-28,240
2019-10-29,235
2019-10-29,235
2019-10-29,235
2019-10-30,209
2019-10-30,212
2019-10-30,206
2019-10-31,212
2019-10-31,208
2019-10-31,216
2019-11-01,236
2019-11-01,229
2019-11-01,243
2019-11-02,252
2019-11-02,247
2019-11-02,257
2019-11-03,254
2019-11-03,254
2019-11-03,254
2019-11-04,250
2019-11-04,252
2019-11-04,248
2019-11-05,235
2019-11-05,240
2019-11-05,230
2019-11-06,218.5
2019-11-06,218
2019-11-06,219
2019-11-07,226
2019-11-07,224
2019-11-07,228
2019-11-08,235
2019-11-08,232
2019-11-08,238
2019-11-09,233
2019-11-09,234
2019-11-09,232
2019-11-10,228
2019-11-10,228
2019-11-10,228
2019-11-11,224
2019-11-11,224
2019-11-11,224
2019-11-12,220
2019-11-12,222
2019-11-12,218
2019-11-13,212
2019-11-13,214
2019-11-13,210
2019-11-14,211.5
2019-11-14,209
2019-11-14,214
2019-11-15,231
2019-11-15,224
2019-11-15,238
2019-11-16,252
2019-11-16,252
2019-11-16,252
2019-11-17,278
2019-11-17,278
2019-11-17,278
2019-11-18,271
2019-11-18,278
2019-11-18,264
2019-11-19,267
2019-11-19,262
2019-11-19,272
2019-11-20,261.5
2019-11-20,260
2019-11-20,263
2019-11-21,274
2019-11-21,270
2019-11-21,278
2019-11-22,275.5
2019-11-22,278
2019-11-22,273
2019-11-23,254.5
2019-11-23,259
2019-11-23,250
2019-11-24,257
2019-11-24,250
2019-11-24,264
2019-11-25,282.5
2019-11-25,280
2019-11-25,285
2019-11-26,276
2019-11-26,282
2019-11-26,270
2019-11-27,276
2019-11-27,278
2019-11-27,274
2019-11-28,278
2019-11-28,276
2019-11-28,280
2019-11-29,295
2019-11-29,291
2019-11-29,299
2019-11-30,295
2019-11-30,294
2019-11-30,296
2019-12-01,296
2019-12-01,296
2019-12-01,296
2019-12-02,292
2019-12-02,294
2019-12-02,290
2019-12-03,290
2019-12-03,292
2019-12-03,288
2019-12-04,283
2019-12-04,286
2019-12-04,280
2019-12-05,300.5
2019-12-05,299
2019-12-05,302
2019-12-06,303
2019-12-06,307
2019-12-06,299
2019-12-07,285.5
2019-12-07,285
2019-12-07,286
2019-12-08,307
2019-12-08,298
2019-12-08,316
2019-12-09,326
2019-12-09,328
2019-12-09,324
2019-12-10,317.5
2019-12-10,313
2019-12-10,322
2019-12-11,317.5
2019-12-11,313
2019-12-11,322
2019-12-12,337.5
2019-12-12,335
2019-12-12,340
2019-12-13,343.5
2019-12-13,350
2019-12-13,337
2019-12-14,322.5
2019-12-14,327
2019-12-14,318
2019-12-15,316
2019-12-15,318
2019-12-15,314
2019-12-16,313.5
2019-12-16,315
2019-12-16,312
2019-12-17,295.5
2019-12-17,297
2019-12-17,294
2019-12-18,278.5
2019-12-18,288
2019-12-18,269
2019-12-19,279
2019-12-19,274
2019-12-19,284
2019-12-20,293.5
2019-12-20,291
2019-12-20,296
2019-12-21,289.5
2019-12-21,292
2019-12-21,287
2019-12-22,280
2019-12-22,280
2019-12-22,280
2019-12-23,282
2019-12-23,282
2019-12-23,282
2019-12-24,276
2019-12-24,274
2019-12-24,278
2019-12-25,282
2019-12-25,284
2019-12-25,280
2019-12-26,284.5
2019-12-26,284
2019-12-26,285
2019-12-27,284.5
2019-12-27,285
2019-12-27,284
2019-12-28,282.5
2019-12-28,283
2019-12-28,282
2019-12-29,293.5
2019-12-29,290
2019-12-29,297
2019-12-30,292
2019-12-30,294
2019-12-30,290
2019-12-31,294.5
2019-12-31,293
2019-12-31,296
2020-01-01,293
2020-01-01,294
2020-01-01,292
2020-01-02,298.5
2020-01-02,296
2020-01-02,301
2020-01-03,316
2020-01-03,312
2020-01-03,320
2020-01-04,320.5
2020-01-04,320
2020-01-04,321
2020-01-05,334
2020-01-05,330
2020-01-05,338
2020-01-06,358.5
2020-01-06,355
2020-01-06,362
2020-01-07,364.5
2020-01-07,364
2020-01-07,365
2020-01-08,368
2020-01-08,366
2020-01-08,370
2020-01-09,381.5
2020-01-09,377
2020-01-09,386
2020-01-10,407.5
2020-01-10,401
2020-01-10,414
2020-01-11,442
2020-01-11,434
2020-01-11,450
2020-01-12,471
2020-01-12,466
2020-01-12,476
2020-01-13,476.5
2020-01-13,478
2020-01-13,475
2020-01-14,473.5
2020-01-14,477
2020-01-14,470
2020-01-15,465
2020-01-15,464
2020-01-15,466
2020-01-16,483
2020-01-16,476
2020-01-16,490
2020-01-17,491.5
2020-01-17,493
2020-01-17,490
2020-01-18,472.5
2020-01-18,476
2020-01-18,469
2020-01-19,447
2020-01-19,452
2020-01-19,442
2020-01-20,422
2020-01-20,428
2020-01-20,416
2020-01-21,411
2020-01-21,416
2020-01-21,406
2020-01-22,397.5
2020-01-22,399
2020-01-22,396
2020-01-23,397.5
2020-01-23,394
2020-01-23,401
2020-01-24,432.5
2020-01-24,426
2020-01-24,439
2020-01-25,464
2020-01-25,462
2020-01-25,466
2020-01-26,463
2020-01-26,466
2020-01-26,460
2020-01-27,460
2020-01-27,460
2020-01-27,460
2020-01-28,468.5
2020-01-28,467
2020-01-28,470
2020-01-29,499
2020-01-29,486
2020-01-29,512
2020-01-30,557.5
2020-01-30,540
2020-01-30,575
2020-01-31,621
2020-01-31,616
2020-01-31,626
2020-02-01,631
2020-02-01,632
2020-02-01,630
2020-02-02,626.5
2020-02-02,620
2020-02-02,633
2020-02-03,639
2020-02-03,638
2020-02-03,640
2020-02-04,622.5
2020-02-04,628
2020-02-04,617
2020-02-05,630
2020-02-05,624
2020-02-05,636
2020-02-06,665.5
2020-02-06,656
2020-02-06,675
2020-02-07,706.5
2020-02-07,701
2020-02-07,712
2020-02-08,709
2020-02-08,710
2020-02-08,708
2020-02-09,716.5
2020-02-09,710
2020-02-09,723
2020-02-10,760
2020-02-10,752
2020-02-10,768
2020-02-11,784
2020-02-11,782
2020-02-11,786
2020-02-12,781
2020-02-12,784
2020-02-12,778
2020-02-13,764
2020-02-13,768
2020-02-13,760
2020-02-14,747
2020-02-14,748
2020-02-14,746
2020-02-15,749
2020-02-15,748
2020-02-15,750
2020-02-16,755.5
2020-02-16,751
2020-02-16,760
2020-02-17,768
2020-02-17,768
2020-02-17,768
2020-02-18,768
2020-02-18,770
2020-02-18,766
2020-02-19,762
2020-02-19,764
2020-02-19,760
2020-02-20,766.5
2020-02-20,762
2020-02-20,770
2020-02-21,785
2020-02-21,784
2020-02-21,786
2020-02-22,791.5
2020-02-22,791
2020-02-22,792
2020-02-23,785.5
2020-02-23,791
2020-02-23,780
2020-02-24,765
2020-02-24,768
2020-02-24,762
2020-02-25,729.5
2020-02-25,733
2020-02-25,726
2020-02-26,726.5
2020-02-26,726
2020-02-26,727
2020-02-27,756
2020-02-27,744
2020-02-27,768
2020-02-28,792
2020-02-28,785
2020-02-28,799
2020-02-29,812.5
2020-02-29,815
2020-02-29,810
2020-03-01,779
2020-03-01,788
2020-03-01,770
2020-03-02,750
2020-03-02,752
2020-03-02,748
2020-03-03,760
2020-03-03,754
2020-03-03,766
2020-03-04,803
2020-03-04,790
2020-03-04,816
2020-03-05,863.5
2020-03-05,852
2020-03-05,875
2020-03-06,893
2020-03-06,892
2020-03-06,894
2020-03-07,900
2020-03-07,898
2020-03-07,902
2020-03-08,910
2020-03-08,910
2020-03-08,910
2020-03-09,927
2020-03-09,916
2020-03-09,938
2020-03-10,964.5
2020-03-10,952
2020-03-10,977
2020-03-11,993.5
2020-03-11,986
2020-03-11,1001
2020-03-12,1014
2020-03-12,1010
2020-03-12,1018
2020-03-13,1026
2020-03-13,1024
2020-03-13,1028
2020-03-14,1042
2020-03-14,1038
2020-03-14,1046
2020-03-15,1070
2020-03-15,1065
2020-03-15,1075
2020-03-16,1117
2020-03-16,1104
2020-03-16,1130
2020-03-17,1181.5
2020-03-17,1164
2020-03-17,1199
2020-03-18,1232.5
2020-03-18,1225
2020-03-18,1240
2020-03-19,1254.5
2020-03-19,1254
2020-03-19,1255
2020-03-20,1266
2020-03-20,1266
2020-03-20,1266
2020-03-21,1267
2020-03-21,1268
2020-03-21,1266
2020-03-22,1254.5
2020-03-22,1257
2020-03-22,1252
2020-03-23,1240
2020-03-23,1244
2020-03-23,1236
2020-03-24,1221
2020-03-24,1224
2020-03-24,1218
2020-03-25,1202
2020-03-25,1206
2020-03-25,1198
2020-03-26,1181
2020-03-26,1185
2020-03-26,1177
2020-03-27,1172
2020-03-27,1172
2020-03-27,1172
2020-03-28,1160.5
2020-03-28,1165
2020-03-28,1156
2020-03-29,1144.5
2020-03-29,1147
2020-03-29,1142
2020-03-30,1138
2020-03-30,1138
2020-03-30,1138
2020-03-31,1126
2020-03-31,1128
2020-03-31,1124
2020-04-01,1117.5
2020-04-01,1119
2020-04-01,1116
2020-04-02,1106
2020-04-02,1110
2020-04-02,1102
2020-04-03,1083
2020-04-03,1090
2020-04-03,1076
2020-04-04,1055
2020-04-04,1066
2020-04-04,1044
2020-04-05,1019
2020-04-05,1024
2020-04-05,1014
2020-04-06,998.5
2020-04-06,1001
2020-04-06,996
2020-04-07,977
2020-04-07,982
2020-04-07,972
2020-04-08,953.5
2020-04-08,958
2020-04-08,949
2020-04-09,941
2020-04-09,944
2020-04-09,938
2020-04-10,930
2020-04-10,930
2020-04-10,930
2020-04-11,934
2020-04-11,934
2020-04-11,934
2020-04-12,953
2020-04-12,944
2020-04-12,962
2020-04-13,978
2020-04-13,974
2020-04-13,982
2020-04-14,1011.5
2020-04-14,1001
2020-04-14,1022
2020-04-15,1066
2020-04-15,1052
2020-04-15,1080
2020-04-16,1120
2020-04-16,1110
2020-04-16,1130
2020-04-17,1150
2020-04-17,1146
2020-04-17,1154
2020-04-18,1148.5
2020-04-18,1150
2020-04-18,1147
2020-04-19,1146.5
2020-04-19,1145
2020-04-19,1148
2020-04-20,1161.5
2020-04-20,1158
2020-04-20,1165
2020-04-21,1182
2020-04-21,1178
2020-04-21,1186
2020-04-22,1193.5
2020-04-22,1192
2020-04-22,1195
2020-04-23,1204.5
2020-04-23,1202
2020-04-23,1210
2020-04-24,1209
2020-04-24,1208
2020-04-24,1210
2020-04-25,1210
2020-04-25,1210
2020-04-25,1210
2020-04-26,1209
2020-04-26,1210
2020-04-26,1208
2020-04-27,1193
2020-04-27,1199
2020-04-27,1187
2020-04-28,1167.5
2020-04-28,1175
2020-04-28,1160
2020-04-29,1131
2020-04-29,1142
2020-04-29,1120
2020-04-30,1088
2020-04-30,1098
2020-04-30,1078
2020-05-01,1037
2020-05-01,1052
2020-05-01,1022
2020-05-02,981.5
2020-05-02,999
2020-05-02,964
2020-05-03,929
2020-05-03,938
2020-05-03,920
2020-05-04,902
2020-05-04,906
2020-05-04,898
2020-05-05,894
2020-05-05,898
2020-05-05,890
2020-05-06,877
2020-05-06,882
2020-05-06,872
2020-05-07,860
2020-05-07,864
2020-05-07,856
2020-05-08,853
2020-05-08,856
2020-05-08,850
2020-05-09,843.5
2020-05-09,847
2020-05-09,840
2020-05-10,832.5
2020-05-10,835
2020-05-10,830
2020-05-11,823
2020-05-11,826
2020-05-11,820
2020-05-12,802
2020-05-12,809
2020-05-12,795
2020-05-13,790
2020-05-13,788
2020-05-13,792
2020-05-14,794
2020-05-14,794
2020-05-14,794
2020-05-15,793
2020-05-15,792
2020-05-15,794
2020-05-16,798
2020-05-16,798
2020-05-16,798
2020-05-17,797.5
2020-05-17,798
2020-05-17,797
2020-05-18,785
2020-05-18,788
2020-05-18,782
2020-05-19,768
2020-05-19,770
2020-05-19,766
2020-05-20,765
2020-05-20,764
2020-05-20,766
2020-05-21,766
2020-05-21,764
2020-05-21,768
2020-05-22,767
2020-05-22,766
2020-05-22,768
2020-05-23,757.5
2020-05-23,759
2020-05-23,756
2020-05-24,755
2020-05-24,754
2020-05-24,756
2020-05-25,728
2020-05-25,734
2020-05-25,722
2020-05-26,700
2020-05-26,706
2020-05-26,694
2020-05-27,700
2020-05-27,698
2020-05-27,702
2020-05-28,707
2020-05-28,707
2020-05-28,707
2020-05-29,706
2020-05-29,708
2020-05-29,704
2020-05-30,707
2020-05-30,708
2020-05-30,706
2020-05-31,708
2020-05-31,710
2020-05-31,706
2020-06-01,705.5
2020-06-01,710
2020-06-01,701
2020-06-02,685
2020-06-02,692
2020-06-02,678
2020-06-03,664.5
2020-06-03,667
2020-06-03,662
2020-06-04,660
2020-06-04,660
2020-06-04,660
2020-06-05,641
2020-06-05,644
2020-06-05,638
2020-06-06,629
2020-06-06,630
2020-06-06,628
2020-06-07,626
2020-06-07,628
2020-06-07,624
2020-06-08,616
2020-06-08,620
2020-06-08,612
2020-06-09,594.5
2020-06-09,601
2020-06-09,588
2020-06-10,572.5
2020-06-10,576
2020-06-10,569
2020-06-11,565
2020-06-11,565
2020-06-11,565
2020-06-12,573
2020-06-12,572
2020-06-12,574
2020-06-13,571.5
2020-06-13,575
2020-06-13,568
2020-06-14,563.5
2020-06-14,565
2020-06-14,562
2020-06-15,553
2020-06-15,550
2020-06-15,556
2020-06-16,547
2020-06-16,552
2020-06-16,542
2020-06-17,534.5
2020-06-17,538
2020-06-17,531
2020-06-18,529
2020-06-18,530
2020-06-18,528
2020-06-19,526
2020-06-19,526
2020-06-19,526
2020-06-20,523
2020-06-20,525
2020-06-20,521
2020-06-21,520
2020-06-21,520
2020-06-21,520
2020-06-22,515.5
2020-06-22,519
2020-06-22,512
2020-06-23,510
2020-06-23,512
2020-06-23,508
2020-06-24,505
2020-06-24,508
2020-06-24,502
2020-06-25,498
2020-06-25,502
2020-06-25,494
2020-06-26,491.5
2020-06-26,493
2020-06-26,490
2020-06-27,490
2020-06-27,490
2020-06-27,490
2020-06-28,483
2020-06-28,480
2020-06-28,486
2020-06-29,486.5
2020-06-29,488
2020-06-29,485
2020-06-30,485.5
2020-06-30,486
2020-06-30,485
2020-07-01,483
2020-07-01,482
2020-07-01,484
2020-07-02,483.5
2020-07-02,484
2020-07-02,483
2020-07-03,481
2020-07-03,483
2020-07-03,479
2020-07-04,476
2020-07-04,478
2020-07-04,474
2020-07-05,472
2020-07-05,472
2020-07-05,472
2020-07-06,474
2020-07-06,475
2020-07-06,473
2020-07-07,474.5
2020-07-07,475
2020-07-07,474
2020-07-08,473
2020-07-08,476
2020-07-08,470
2020-07-09,469.5
2020-07-09,471
2020-07-09,468
2020-07-10,468.5
2020-07-10,467
2020-07-10,470
2020-07-11,471.5
2020-07-11,473
2020-07-11,470
2020-07-12,470.5
2020-07-12,471
2020-07-12,470
2020-07-13,469
2020-07-13,470
2020-07-13,468
2020-07-14,468.5
2020-07-14,470
2020-07-14,467
2020-07-15,467
2020-07-15,468
2020-07-15,466
2020-07-16,465
2020-07-16,466
2020-07-16,464
2020-07-17,463.5
2020-07-17,466
2020-07-17,461
2020-07-18,462
2020-07-18,464
2020-07-18,460
2020-07-19,460
2020-07-19,462
2020-07-19,458
2020-07-20,459.5
2020-07-20,462
2020-07-20,457
2020-07-21,456
2020-07-21,458
2020-07-21,454
2020-07-22,452
2020-07-22,454
2020-07-22,450
2020-07-23,448.5
2020-07-23,450
2020-07-23,447
2020-07-24,445.5
2020-07-24,447
2020-07-24,444
2020-07-25,440.5
2020-07-25,443
2020-07-25,438
2020-07-26,435
2020-07-26,434
2020-07-26,436
2020-07-27,432.5
2020-07-27,435
2020-07-27,430
2020-07-28,428
2020-07-28,432
2020-07-28,424
2020-07-29,422.5
2020-07-29,425
2020-07-29,420
2020-07-30,415
2020-07-30,418
2020-07-30,412
2020-07-31,410
2020-07-31,414
2020-07-31,406
2020-08-01,404
2020-08-01,405
2020-08-01,403
2020-08-02,402.5
2020-08-02,402
2020-08-02,403
2020-08-03,401.5
2020-08-03,402
2020-08-03,401
2020-08-04,398.5
2020-08-04,399
2020-08-04,398
2020-08-05,394.5
2020-08-05,397
2020-08-05,392
2020-08-06,388.5
2020-08-06,391
2020-08-06,386
2020-08-07,382.5
2020-08-07,385
2020-08-07,380
2020-08-08,376
2020-08-08,379
2020-08-08,373
2020-08-09,372.5
2020-08-09,375
2020-08-09,370
2020-08-10,367.5
2020-08-10,369
2020-08-10,366
2020-08-11,358
2020-08-11,360
2020-08-11,356
2020-08-12,351
2020-08-12,354
2020-08-12,348
2020-08-13,341.5
2020-08-13,344
2020-08-13,339
2020-08-14,331.5
2020-08-14,335
2020-08-14,328
2020-08-15,325.5
2020-08-15,326
2020-08-15,325
2020-08-16,314.5
2020-08-16,316
2020-08-16,313
2020-08-17,315
2020-08-17,314
2020-08-17,316
2020-08-18,308.5
2020-08-18,311
2020-08-18,306
2020-08-19,301
2020-08-19,301
2020-08-19,301
2020-08-20,295.5
2020-08-20,298
2020-08-20,293
2020-08-21,287
2020-08-21,290
2020-08-21,284
2020-08-22,280.5
2020-08-22,281
2020-08-22,280
2020-08-23,273.5
2020-08-23,274
2020-08-23,273
2020-08-24,270.5
2020-08-24,271
2020-08-24,270
2020-08-25,267
2020-08-25,268
2020-08-25,266
2020-08-26,261
2020-08-26,262
2020-08-26,260
2020-08-27,257.5
2020-08-27,258
2020-08-27,257
2020-08-28,252.5
2020-08-28,253
2020-08-28,252
2020-08-29,248.5
2020-08-29,249
2020-08-29,248
2020-08-30,245
2020-08-30,246
2020-08-30,244
2020-08-31,240.5
2020-08-31,242
2020-08-31,239
2020-09-01,236
2020-09-01,237
2020-09-01,235
2020-09-02,230.5
2020-09-02,232
2020-09-02,229
2020-09-03,226.5
2020-09-03,227
2020-09-03,226
2020-09-04,222
2020-09-04,223
2020-09-04,221
2020-09-05,219
2020-09-05,220
2020-09-05,218
2020-09-06,213.5
2020-09-06,215
2020-09-06,212
2020-09-07,209
2020-09-07,210
2020-09-07,208
2020-09-08,206.5
2020-09-08,207
2020-09-08,206
2020-09-09,203.5
2020-09-09,205
2020-09-09,202
2020-09-10,201.5
2020-09-10,201
2020-09-10,202
2020-09-11,195.5
2020-09-11,197
2020-09-11,194
2020-09-12,194.5
2020-09-12,195
2020-09-12,194
2020-09-13,192.5
2020-09-13,193
2020-09-13,192
2020-09-14,189.5
2020-09-14,189
2020-09-14,190
2020-09-15,191
2020-09-15,188
2020-09-15,194
2020-09-16,180
2020-09-16,182
2020-09-16,178
2020-09-17,176
2020-09-17,176
2020-09-17,176
2020-09-18,174
2020-09-18,174
2020-09-18,174
2020-09-19,172.5
2020-09-19,174
2020-09-19,171
2020-09-20,171
2020-09-20,172
2020-09-20,170
2020-09-21,171
2020-09-21,170
2020-09-21,172
2020-09-22,175
2020-09-22,172
2020-09-22,178
2020-09-23,184
2020-09-23,186
2020-09-23,182
2020-09-24,187.5
2020-09-24,187
2020-09-24,188
2020-09-25,194
2020-09-25,195
2020-09-25,193
2020-09-26,193.5
2020-09-26,193
2020-09-26,194
2020-09-27,208
2020-09-27,204
2020-09-27,212
2020-09-28,221.5
2020-09-28,219
2020-09-28,224
2020-09-29,218
2020-09-29,220
2020-09-29,216
2020-09-30,206
2020-09-30,206
2020-09-30,206
2020-10-01,219
2020-10-01,214
2020-10-01,224
2020-10-02,229
2020-10-02,228
2020-10-02,230
2020-10-03,224
2020-10-03,226
2020-10-03,222
2020-10-04,221
2020-10-04,221
2020-10-04,221
2020-10-05,221
2020-10-05,220
2020-10-05,222
2020-10-06,219
2020-10-06,222
2020-10-06,216
2020-10-07,212
2020-10-07,214
2020-10-07,210
2020-10-08,208
2020-10-08,208
2020-10-08,208
2020-10-09,208
2020-10-09,208
2020-10-09,208
2020-10-10,206
2020-10-10,206
2020-10-10,206
2020-10-11,210
2020-10-11,209
2020-10-11,211
2020-10-12,212
2020-10-12,211
2020-10-12,213
2020-10-13,206.5
2020-10-13,209
2020-10-13,204
2020-10-14,195
2020-10-14,194
2020-10-14,196
2020-10-15,187
2020-10-15,187
2020-10-15,187
2020-10-16,193.5
2020-10-16,190
2020-10-16,197
2020-10-17,203
2020-10-17,202
2020-10-17,204
2020-10-18,206.5
2020-10-18,206
2020-10-18,207
2020-10-19,206
2020-10-19,206
2020-10-19,206
2020-10-20,193
2020-10-20,196
2020-10-20,190
2020-10-21,184
2020-10-21,185
2020-10-21,183
2020-10-22,178.5
2020-10-22,177
2020-10-22,180
2020-10-23,187
2020-10-23,184
2020-10-23,190
2020-10-24,197.5
2020-10-24,194
2020-10-24,201
2020-10-25,193.5
2020-10-25,197
2020-10-25,190
2020-10-26,193.5
2020-10-26,199
2020-10-26,188
2020-10-27,187
2020-10-27,184
2020-10-27,190
2020-10-28,187
2020-10-28,190
2020-10-28,184
2020-10-29,187.5
2020-10-29,185
2020-10-29,190
2020-10-30,212
2020-10-30,207
2020-10-30,217
2020-10-31,228.5
2020-10-31,225
2020-10-31,232
2020-11-01,232.5
2020-11-01,231
2020-11-01,234
2020-11-02,220
2020-11-02,224
2020-11-02,216
2020-11-03,230
2020-11-03,224
2020-11-03,236
2020-11-04,249
2020-11-04,242
2020-11-04,256
2020-11-05,282
2020-11-05,276
2020-11-05,288
2020-11-06,312.5
2020-11-06,306
2020-11-06,319
2020-11-07,327
2020-11-07,327
2020-11-07,327
2020-11-08,325
2020-11-08,323
2020-11-08,327
2020-11-09,329.5
2020-11-09,325
2020-11-09,334
2020-11-10,366
2020-11-10,344
2020-11-10,388
2020-11-11,336
2020-11-11,348
2020-11-11,324
2020-11-12,314.5
2020-11-12,314
2020-11-12,315
2020-11-13,300.5
2020-11-13,302
2020-11-13,299
2020-11-14,292.5
2020-11-14,290
2020-11-14,295
2020-11-15,291.5
2020-11-15,293
2020-11-15,290
2020-11-16,282
2020-11-16,286
2020-11-16,278
2020-11-17,271
2020-11-17,270
2020-11-17,272
2020-11-18,250
2020-11-18,250
2020-11-18,250
2020-11-19,289
2020-11-19,270
2020-11-19,308
2020-11-20,332.5
2020-11-20,327
2020-11-20,338
2020-11-21,350
2020-11-21,348
2020-11-21,352
2020-11-22,376
2020-11-22,363
2020-11-22,389
2020-11-23,426.5
2020-11-23,416
2020-11-23,437
2020-11-24,444
2020-11-24,450
2020-11-24,438
2020-11-25,418
2020-11-25,422
2020-11-25,414
2020-11-26,411.5
2020-11-26,412
2020-11-26,411
2020-11-27,398.5
2020-11-27,404
2020-11-27,393
2020-11-28,371
2020-11-28,378
2020-11-28,364
2020-11-29,343
2020-11-29,350
2020-11-29,336
2020-11-30,312
2020-11-30,320
2020-11-30,304
2020-12-01,278.5
2020-12-01,287
2020-12-01,270
2020-12-02,256
2020-12-02,258
2020-12-02,254
2020-12-03,266.5
2020-12-03,260
2020-12-03,273
2020-12-04,281.5
2020-12-04,283
2020-12-04,280
2020-12-05,272
2020-12-05,274
2020-12-05,270
2020-12-06,275.5
2020-12-06,274
2020-12-06,277
2020-12-07,274
2020-12-07,276
2020-12-07,272
2020-12-08,263
2020-12-08,266
2020-12-08,260
2020-12-09,256.5
2020-12-09,257
2020-12-09,256
2020-12-10,268.5
2020-12-10,262
2020-12-10,275
2020-12-11,312
2020-12-11,299
2020-12-11,325
2020-12-12,338
2020-12-12,338
2020-12-12,338
2020-12-13,338.5
2020-12-13,339
2020-12-13,338
2020-12-14,324
2020-12-14,328
2020-12-14,320
2020-12-15,316
2020-12-15,316
2020-12-15,316
2020-12-16,322.5
2020-12-16,320
2020-12-16,325
2020-12-17,344.5
2020-12-17,339
2020-12-17,350
2020-12-18,366.5
2020-12-18,360
2020-12-18,373
2020-12-19,377.5
2020-12-19,377
2020-12-19,378
2020-12-20,355
2020-12-20,360
2020-12-20,350
2020-12-21,339.5
2020-12-21,342
2020-12-21,337
2020-12-22,334
2020-12-22,335
2020-12-22,333
2020-12-23,337
2020-12-23,336
2020-12-23,338
2020-12-24,362
2020-12-24,350
2020-12-24,374
2020-12-25,389.5
2020-12-25,386
2020-12-25,393
2020-12-26,393
2020-12-26,390
2020-12-26,396
2020-12-27,404
2020-12-27,402
2020-12-27,406
2020-12-28,439
2020-12-28,425
2020-12-28,453
2020-12-29,448.5
2020-12-29,453
2020-12-29,444
2020-12-30,429.5
2020-12-30,431
2020-12-30,428
2020-12-31,426.5
2020-12-31,427
2020-12-31,426
2021-01-01,427
2021-01-01,427
2021-01-01,427
2021-01-02,402
2021-01-02,412
2021-01-02,392
2021-01-03,367
2021-01-03,378
2021-01-03,356
2021-01-04,358
2021-01-04,351
2021-01-04,365
2021-01-05,403
2021-01-05,396
2021-01-05,410
2021-01-06,417.5
2021-01-06,417
2021-01-06,418
2021-01-07,416.5
2021-01-07,415
2021-01-07,418
2021-01-08,413
2021-01-08,416
2021-01-08,410
2021-01-09,394.5
2021-01-09,399
2021-01-09,390
2021-01-10,381.5
2021-01-10,388
2021-01-10,375
2021-01-11,379.5
2021-01-11,379
2021-01-11,380
2021-01-12,396
2021-01-12,393
2021-01-12,399
2021-01-13,394
2021-01-13,395
2021-01-13,393
2021-01-14,382.5
2021-01-14,385
2021-01-14,380
2021-01-15,374.5
2021-01-15,377
2021-01-15,372
2021-01-16,373
2021-01-16,370
2021-01-16,376
2021-01-17,390
2021-01-17,386
2021-01-17,394
2021-01-18,405.5
2021-01-18,399
2021-01-18,412
2021-01-19,431.5
2021-01-19,427
2021-01-19,436
2021-01-20,452
2021-01-20,447
2021-01-20,457
2021-01-21,466
2021-01-21,464
2021-01-21,468
2021-01-22,470
2021-01-22,470
2021-01-22,470
2021-01-23,473
2021-01-23,474
2021-01-23,472
2021-01-24,464.5
2021-01-24,469
2021-01-24,460
2021-01-25,460
2021-01-25,458
2021-01-25,462
2021-01-26,468
2021-01-26,468
2021-01-26,468
2021-01-27,466.5
2021-01-27,475
2021-01-27,458
2021-01-28,453
2021-01-28,454
2021-01-28,452
2021-01-29,460
2021-01-29,455
2021-01-29,465
2021-01-30,467.5
2021-01-30,465
2021-01-30,470
2021-01-31,476
2021-01-31,477
2021-01-31,475
2021-02-01,458.5
2021-02-01,466
2021-02-01,451
2021-02-02,430
2021-02-02,436
2021-02-02,424
2021-02-03,415
2021-02-03,414
2021-02-03,416
2021-02-04,441
2021-02-04,434
2021-02-04,448
2021-02-05,441
2021-02-05,432
2021-02-05,450
2021-02-06,438
2021-02-06,448
2021-02-06,428
2021-02-07,421
2021-02-07,422
2021-02-07,420
2021-02-08,409
2021-02-08,414
2021-02-08,404
2021-02-09,421
2021-02-09,417
2021-02-09,425
2021-02-10,449
2021-02-10,436
2021-02-10,462
2021-02-11,498.5
2021-02-11,483
2021-02-11,514
2021-02-12,523.5
2021-02-12,522
2021-02-12,525
2021-02-13,552
2021-02-13,534
2021-02-13,570
2021-02-14,625
2021-02-14,610
2021-02-14,640
2021-02-15,706.5
2021-02-15,698
2021-02-15,715
2021-02-16,731
2021-02-16,730
2021-02-16,732
2021-02-17,711
2021-02-17,716
2021-02-17,706
2021-02-18,716
2021-02-18,712
2021-02-18,720
2021-02-19,737.5
2021-02-19,729
2021-02-19,746
2021-02-20,784
2021-02-20,774
2021-02-20,794
2021-02-21,815
2021-02-21,810
2021-02-21,820
2021-02-22,820
2021-02-22,820
2021-02-22,820
2021-02-23,836
2021-02-23,827
2021-02-23,845
2021-02-24,889.5
2021-02-24,880
2021-02-24,899
2021-02-25,940
2021-02-25,950
2021-02-25,930
2021-02-26,942.5
2021-02-26,940
2021-02-26,945
2021-02-27,959
2021-02-27,949
2021-02-27,969
2021-02-28,985
2021-02-28,982
2021-02-28,988
2021-03-01,1013
2021-03-01,1010
2021-03-01,1016
2021-03-02,1027.5
2021-03-02,1024
2021-03-02,1031
2021-03-03,1049.5
2021-03-03,1045
2021-03-03,1054
2021-03-04,1063.5
2021-03-04,1064
2021-03-04,1063
2021-03-05,1058
2021-03-05,1062
2021-03-05,1054
2021-03-06,1047
2021-03-06,1046
2021-03-06,1048
2021-03-07,1027
2021-03-07,1040
2021-03-07,1014
2021-03-08,990.5
2021-03-08,999
2021-03-08,982
2021-03-09,976.5
2021-03-09,985
2021-03-09,968
2021-03-10,958.5
2021-03-10,963
2021-03-10,954
2021-03-11,944
2021-03-11,948
2021-03-11,940
2021-03-12,931
2021-03-12,928
2021-03-12,934
2021-03-13,914.5
2021-03-13,917
2021-03-13,912
2021-03-14,919
2021-03-14,916
2021-03-14,922
2021-03-15,940.5
2021-03-15,933
2021-03-15,948
2021-03-16,948.5
2021-03-16,950
2021-03-16,947
2021-03-17,944
2021-03-17,944
2021-03-17,944
2021-03-18,943
2021-03-18,942
2021-03-18,944
2021-03-19,963.5
2021-03-19,960
2021-03-19,967
2021-03-20,989
2021-03-20,986
2021-03-20,992
2021-03-21,1019.5
2021-03-21,999
2021-03-21,1040
2021-03-22,1082
2021-03-22,1074
2021-03-22,1090
2021-03-23,1100.5
2021-03-23,1102
2021-03-23,1099
2021-03-24,1105
2021-03-24,1105
2021-03-24,1105
2021-03-25,1100.5
2021-03-25,1105
2021-03-25,1096
2021-03-26,1074
2021-03-26,1080
2021-03-26,1068
2021-03-27,1052.5
2021-03-27,1057
2021-03-27,1048
2021-03-28,1049
2021-03-28,1051
2021-03-28,1047
2021-03-29,1036.5
2021-03-29,1043
2021-03-29,1030
2021-03-30,1008.5
2021-03-30,1013
2021-03-30,1004
2021-03-31,986
2021-03-31,990
2021-03-31,982
2021-04-01,971.5
2021-04-01,977
2021-04-01,966
2021-04-02,961
2021-04-02,964
2021-04-02,958
2021-04-03,939
2021-04-03,944
2021-04-03,934
2021-04-04,924
2021-04-04,926
2021-04-04,922
2021-04-05,916
2021-04-05,918
2021-04-05,914
2021-04-06,903.5
2021-04-06,906
2021-04-06,901
2021-04-07,895
2021-04-07,896
2021-04-07,894
2021-04-08,895
2021-04-08,896
2021-04-08,894
2021-04-09,878.5
2021-04-09,885
2021-04-09,872
2021-04-10,850.5
2021-04-10,859
2021-04-10,842
2021-04-11,823.5
2021-04-11,827
2021-04-11,820
2021-04-12,815
2021-04-12,816
2021-04-12,814
2021-04-13,810
2021-04-13,812
2021-04-13,808
2021-04-14,812
2021-04-14,810
2021-04-14,814
2021-04-15,828
2021-04-15,822
2021-04-15,834
2021-04-16,833.5
2021-04-16,837
2021-04-16,830
2021-04-17,824
2021-04-17,830
2021-04-17,818
2021-04-18,818.5
2021-04-18,819
2021-04-18,818
2021-04-19,819.5
2021-04-19,821
2021-04-19,818
2021-04-20,823
2021-04-20,820
2021-04-20,826
2021-04-21,852
2021-04-21,844
2021-04-21,860
2021-04-22,869.5
2021-04-22,869
2021-04-22,870
2021-04-23,856
2021-04-23,860
2021-04-23,852
2021-04-24,862.5
2021-04-24,857
2021-04-24,868
2021-04-25,878
2021-04-25,876
2021-04-25,880
2021-04-26,865
2021-04-26,870
2021-04-26,860
2021-04-27,848
2021-04-27,848
2021-04-27,848
2021-04-28,849
2021-04-28,850
2021-04-28,848
2021-04-29,849
2021-04-29,846
2021-04-29,852
2021-04-30,864
2021-04-30,860
2021-04-30,868
2021-05-01,863.5
2021-05-01,867
2021-05-01,860
2021-05-02,849
2021-05-02,850
2021-05-02,848
2021-05-03,838.5
2021-05-03,843
2021-05-03,834
2021-05-04,812
2021-05-04,820
2021-05-04,804
2021-05-05,785
2021-05-05,792
2021-05-05,778
2021-05-06,749
2021-05-06,754
2021-05-06,744
2021-05-07,740.5
2021-05-07,737
2021-05-07,744
2021-05-08,745.5
2021-05-08,747
2021-05-08,744
2021-05-09,741
2021-05-09,744
2021-05-09,738
2021-05-10,736.5
2021-05-10,737
2021-05-10,736
2021-05-11,729
2021-05-11,730
2021-05-11,728
2021-05-12,714
2021-05-12,720
2021-05-12,708
2021-05-13,693
2021-05-13,698
2021-05-13,688
2021-05-14,677
2021-05-14,680
2021-05-14,674
2021-05-15,669
2021-05-15,670
2021-05-15,668
2021-05-16,654.5
2021-05-16,659
2021-05-16,650
2021-05-17,645
2021-05-17,648
2021-05-17,642
2021-05-18,631.5
2021-05-18,636
2021-05-18,627
2021-05-19,612
2021-05-19,614
2021-05-19,610
2021-05-20,604
2021-05-20,606
2021-05-20,602
2021-05-21,596.5
2021-05-21,598
2021-05-21,595
2021-05-22,592
2021-05-22,594
2021-05-22,590
2021-05-23,582.5
2021-05-23,584
2021-05-23,581
2021-05-24,577
2021-05-24,580
2021-05-24,574
2021-05-25,561
2021-05-25,570
2021-05-25,552
2021-05-26,556
2021-05-26,558
2021-05-26,554
2021-05-27,551
2021-05-27,554
2021-05-27,548
2021-05-28,540
2021-05-28,543
2021-05-28,537
2021-05-29,536.5
2021-05-29,537
2021-05-29,536
2021-05-30,534
2021-05-30,534
2021-05-30,534
2021-05-31,533
2021-05-31,536
2021-05-31,530
2021-06-01,524
2021-06-01,526
2021-06-01,522
2021-06-02,516
2021-06-02,517
2021-06-02,515
2021-06-03,518.5
2021-06-03,516
2021-06-03,521
2021-06-04,520
2021-06-04,520
2021-06-04,520
2021-06-05,513.5
2021-06-05,515
2021-06-05,512
2021-06-06,508
2021-06-06,512
2021-06-06,504
2021-06-07,505
2021-06-07,504
2021-06-07,506
2021-06-08,504
2021-06-08,504
2021-06-08,504
2021-06-09,500.5
2021-06-09,502
2021-06-09,499
2021-06-10,500
2021-06-10,501
2021-06-10,499
2021-06-11,506
2021-06-11,506
2021-06-11,506
2021-06-12,503.5
2021-06-12,499
2021-06-12,508
2021-06-13,509
2021-06-13,510
2021-06-13,508
2021-06-14,510
2021-06-14,512
2021-06-14,508
2021-06-15,506.5
2021-06-15,508
2021-06-15,505
2021-06-16,500.5
2021-06-16,499
2021-06-16,502
2021-06-17,499
2021-06-17,499
2021-06-17,499
2021-06-18,497.5
2021-06-18,498
2021-06-18,497
2021-06-19,489.5
2021-06-19,489
2021-06-19,490
2021-06-20,492
2021-06-20,494
2021-06-20,490
2021-06-21,490.5
2021-06-21,492
2021-06-21,489
2021-06-22,486.5
2021-06-22,489
2021-06-22,484
2021-06-23,487
2021-06-23,486
2021-06-23,488
2021-06-24,485
2021-06-24,486
2021-06-24,484
2021-06-25,482
2021-06-25,482
2021-06-25,482
2021-06-26,484
2021-06-26,484
2021-06-26,484
2021-06-27,482
2021-06-27,482
2021-06-27,482
2021-06-28,483
2021-06-28,485
2021-06-28,481
2021-06-29,481
2021-06-29,482
2021-06-29,480
2021-06-30,480
2021-06-30,480
2021-06-30,480
2021-07-01,481
2021-07-01,480
2021-07-01,482
2021-07-02,483.5
2021-07-02,483
2021-07-02,484
2021-07-03,484.5
2021-07-03,485
2021-07-03,484
2021-07-04,488
2021-07-04,488
2021-07-04,488
2021-07-05,488.5
2021-07-05,489
2021-07-05,488
2021-07-06,486
2021-07-06,488
2021-07-06,484
2021-07-07,483
2021-07-07,482
2021-07-07,484
2021-07-08,481.5
2021-07-08,483
2021-07-08,480
2021-07-09,476
2021-07-09,479
2021-07-09,473
2021-07-10,473
2021-07-10,475
2021-07-10,471
2021-07-11,474.5
2021-07-11,475
2021-07-11,474
2021-07-12,473.5
2021-07-12,474
2021-07-12,473
2021-07-13,471
2021-07-13,473
2021-07-13,469
2021-07-14,468
2021-07-14,469
2021-07-14,467
2021-07-15,466
2021-07-15,467
2021-07-15,465
2021-07-16,462.5
2021-07-16,464
2021-07-16,461
2021-07-17,458
2021-07-17,460
2021-07-17,456
2021-07-18,454
2021-07-18,454
2021-07-18,454
2021-07-19,450
2021-07-19,450
2021-07-19,450
2021-07-20,452.5
2021-07-20,453
2021-07-20,452
2021-07-21,451
2021-07-21,452
2021-07-21,450
2021-07-22,449
2021-07-22,451
2021-07-22,447
2021-07-23,445
2021-07-23,448
2021-07-23,442
2021-07-24,441
2021-07-24,442
2021-07-24,440
2021-07-25,440
2021-07-25,440
2021-07-25,440
2021-07-26,441
2021-07-26,442
2021-07-26,440
2021-07-27,441
2021-07-27,442
2021-07-27,440
2021-07-28,437.5
2021-07-28,439
2021-07-28,436
2021-07-29,433
2021-07-29,434
2021-07-29,432
2021-07-30,432
2021-07-30,432
2021-07-30,432
2021-07-31,430
2021-07-31,430
2021-07-31,430
2021-08-01,428
2021-08-01,430
2021-08-01,426
2021-08-02,425.5
2021-08-02,426
2021-08-02,425
2021-08-03,423.5
2021-08-03,426
2021-08-03,421
2021-08-04,422
2021-08-04,424
2021-08-04,420
2021-08-05,419
2021-08-05,420
2021-08-05,418
2021-08-06,416
2021-08-06,416
2021-08-06,416
2021-08-07,414
2021-08-07,416
2021-08-07,412
2021-08-08,412
2021-08-08,413
2021-08-08,411
2021-08-09,411.5
2021-08-09,413
2021-08-09,410
2021-08-10,409
2021-08-10,410
2021-08-10,408
2021-08-11,408.5
2021-08-11,408
2021-08-11,409
2021-08-12,404.5
2021-08-12,405
2021-08-12,404
2021-08-13,402
2021-08-13,406
2021-08-13,398
2021-08-14,396.5
2021-08-14,397
2021-08-14,396
2021-08-15,391
2021-08-15,392
2021-08-15,390
2021-08-16,387
2021-08-16,388
2021-08-16,386
2021-08-17,383.5
2021-08-17,386
2021-08-17,381
2021-08-18,380
2021-08-18,381
2021-08-18,379
2021-08-19,374.5
2021-08-19,376
2021-08-19,373
2021-08-20,368
2021-08-20,368
2021-08-20,368
2021-08-21,365
2021-08-21,368
2021-08-21,362
2021-08-22,364.5
2021-08-22,366
2021-08-22,363
2021-08-23,360
2021-08-23,362
2021-08-23,358
2021-08-24,357
2021-08-24,358
2021-08-24,356
2021-08-25,349
2021-08-25,352
2021-08-25,346
2021-08-26,342.5
2021-08-26,345
2021-08-26,340
2021-08-27,337
2021-08-27,338
2021-08-27,336
2021-08-28,335
2021-08-28,336
2021-08-28,334
2021-08-29,333
2021-08-29,334
2021-08-29,332
2021-08-30,335
2021-08-30,336
2021-08-30,334
2021-08-31,330
2021-08-31,330
2021-08-31,330
2021-09-01,330.5
2021-09-01,332
2021-09-01,329
2021-09-02,327.5
2021-09-02,329
2021-09-02,326
2021-09-03,327.5
2021-09-03,330
2021-09-03,325
2021-09-04,322.5
2021-09-04,325
2021-09-04,320
2021-09-05,322
2021-09-05,320
2021-09-05,324
2021-09-06,325.5
2021-09-06,323
2021-09-06,328
2021-09-07,329.5
2021-09-07,335
2021-09-07,324
2021-09-08,320
2021-09-08,322
2021-09-08,318
2021-09-09,316.5
2021-09-09,318
2021-09-09,315
2021-09-10,313
2021-09-10,316
2021-09-10,310
2021-09-11,305
2021-09-11,306
2021-09-11,304
2021-09-12,299
2021-09-12,299
2021-09-12,299
2021-09-13,298.5
2021-09-13,299
2021-09-13,298
2021-09-14,291.5
2021-09-14,294
2021-09-14,289
2021-09-15,282
2021-09-15,285
2021-09-15,279
2021-09-16,282.5
2021-09-16,280
2021-09-16,285
2021-09-17,293
2021-09-17,293
2021-09-17,293
2021-09-18,290.5
2021-09-18,293
2021-09-18,288
2021-09-19,285.5
2021-09-19,287
2021-09-19,284
2021-09-20,282
2021-09-20,283
2021-09-20,281
2021-09-21,278.5
2021-09-21,279
2021-09-21,278
2021-09-22,270
2021-09-22,272
2021-09-22,268
2021-09-23,261
2021-09-23,262
2021-09-23,260
2021-09-24,256.5
2021-09-24,257
2021-09-24,256
2021-09-25,249
2021-09-25,250
2021-09-25,248
2021-09-26,245.5
2021-09-26,247
2021-09-26,244
2021-09-27,240.5
2021-09-27,242
2021-09-27,239
2021-09-28,237.5
2021-09-28,237
2021-09-28,238
2021-09-29,236.5
2021-09-29,237
2021-09-29,236
2021-09-30,238.5
2021-09-30,239
2021-09-30,238
2021-10-01,243.5
2021-10-01,243
2021-10-01,244
2021-10-02,243
2021-10-02,244
2021-10-02,242
2021-10-03,236.5
2021-10-03,240
2021-10-03,233
2021-10-04,225
2021-10-04,227
2021-10-04,223
2021-10-05,217
2021-10-05,220
2021-10-05,214
2021-10-06,208.5
2021-10-06,209
2021-10-06,208
2021-10-07,200
2021-10-07,203
2021-10-07,197
2021-10-08,191
2021-10-08,193
2021-10-08,189
2021-10-09,186
2021-10-09,186
2021-10-09,186
2021-10-10,187
2021-10-10,186
2021-10-10,188
2021-10-11,183.5
2021-10-11,186
2021-10-11,181
2021-10-12,177
2021-10-12,179
2021-10-12,175
2021-10-13,171.5
2021-10-13,173
2021-10-13,170
2021-10-14,170
2021-10-14,169
2021-10-14,171
2021-10-15,180
2021-10-15,178
2021-10-15,182
2021-10-16,188
2021-10-16,187
2021-10-16,189
2021-10-17,192
2021-10-17,192
2021-10-17,192
2021-10-18,191.5
2021-10-18,193
2021-10-18,190
2021-10-19,192
2021-10-19,193
2021-10-19,191
2021-10-20,187
2021-10-20,187
2021-10-20,187
2021-10-21,187.5
2021-10-21,184
2021-10-21,191
2021-10-22,223.5
2021-10-22,219
2021-10-22,228
2021-10-23,244.5
2021-10-23,240
2021-10-23,249
2021-10-24,260.5
2021-10-24,258
2021-10-24,263
2021-10-25,257.5
2021-10-25,262
2021-10-25,253
2021-10-26,237.5
2021-10-26,242
2021-10-26,233
2021-10-27,218
2021-10-27,221
2021-10-27,215
2021-10-28,208.5
2021-10-28,209
2021-10-28,208
2021-10-29,215.5
2021-10-29,211
2021-10-29,220
2021-10-30,230
2021-10-30,222
2021-10-30,238
2021-10-31,241
2021-10-31,240
2021-10-31,242
2021-11-01,247
2021-11-01,246
2021-11-01,248
2021-11-02,252
2021-11-02,255
2021-11-02,249
2021-11-03,236
2021-11-03,238
2021-11-03,234
2021-11-04,253
2021-11-04,245
2021-11-04,261
2021-11-05,285.5
2021-11-05,279
2021-11-05,292
2021-11-06,313.5
2021-11-06,308
2021-11-06,319
2021-11-07,326.5
2021-11-07,326
2021-11-07,327
2021-11-08,321
2021-11-08,324
2021-11-08,318
2021-11-09,314.5
2021-11-09,315
2021-11-09,314
2021-11-10,319
2021-11-10,316
2021-11-10,322
2021-11-11,333
2021-11-11,330
2021-11-11,336
2021-11-12,347
2021-11-12,344
2021-11-12,350
2021-11-13,354.5
2021-11-13,353
2021-11-13,356
2021-11-14,363.5
2021-11-14,361
2021-11-14,366
2021-11-15,382
2021-11-15,380
2021-11-15,384
2021-11-16,379
2021-11-16,383
2021-11-16,375
2021-11-17,382
2021-11-17,376
2021-11-17,388
2021-11-18,401.5
2021-11-18,398
2021-11-18,405
2021-11-19,411.5
2021-11-19,405
2021-11-19,418
2021-11-20,447
2021-11-20,440
2021-11-20,454
2021-11-21,466.5
2021-11-21,465
2021-11-21,468
2021-11-22,465
2021-11-22,466
2021-11-22,464
2021-11-23,458
2021-11-23,468
2021-11-23,448
2021-11-24,443.5
2021-11-24,440
2021-11-24,447
2021-11-25,465.5
2021-11-25,461
2021-11-25,470
2021-11-26,491.5
2021-11-26,488
2021-11-26,495
2021-11-27,481
2021-11-27,485
2021-11-27,477
2021-11-28,450.5
2021-11-28,451
2021-11-28,450
2021-11-29,442.5
2021-11-29,447
2021-11-29,438
2021-11-30,453
2021-11-30,448
2021-11-30,458
2021-12-01,485
2021-12-01,478
2021-12-01,492
2021-12-02,517.5
2021-12-02,510
2021-12-02,525
2021-12-03,527
2021-12-03,526
2021-12-03,528
2021-12-04,521.5
2021-12-04,522
2021-12-04,521
2021-12-05,524
2021-12-05,524
2021-12-05,524
2021-12-06,495.5
2021-12-06,509
2021-12-06,482
2021-12-07,461.5
2021-12-07,486
2021-12-07,437
2021-12-08,433.5
2021-12-08,423
2021-12-08,444
2021-12-09,477.5
2021-12-09,460
2021-12-09,495
2021-12-10,545.5
2021-12-10,531
2021-12-10,560
2021-12-11,580.5
2021-12-11,576
2021-12-11,585
2021-12-12,585
2021-12-12,586
2021-12-12,584
2021-12-13,580
2021-12-13,582
2021-12-13,578
2021-12-14,564.5
2021-12-14,569
2021-12-14,560
2021-12-15,576.5
2021-12-15,563
2021-12-15,590
2021-12-16,624
2021-12-16,614
2021-12-16,634
2021-12-17,661.5
2021-12-17,653
2021-12-17,670
2021-12-18,690
2021-12-18,684
2021-12-18,696
2021-12-19,705
2021-12-19,702
2021-12-19,708
2021-12-20,709
2021-12-20,708
2021-12-20,710
2021-12-21,713.5
2021-12-21,714
2021-12-21,713
2021-12-22,709.5
2021-12-22,710
2021-12-22,709
2021-12-23,707
2021-12-23,708
2021-12-23,706
2021-12-24,708
2021-12-24,709
2021-12-24,707
2021-12-25,730
2021-12-25,720
2021-12-25,740
2021-12-26,786.5
2021-12-26,770
2021-12-26,803
2021-12-27,854
2021-12-27,840
2021-12-27,868
2021-12-28,900
2021-12-28,894
2021-12-28,906
2021-12-29,931
2021-12-29,923
2021-12-29,939
2021-12-30,962.5
2021-12-30,957
2021-12-30,968
2021-12-31,1006.5
2021-12-31,995
2021-12-31,1018
2022-01-01,1043
2022-01-01,1036
2022-01-01,1050
2022-01-02,1071.5
2022-01-02,1067
2022-01-02,1076
2022-01-03,1103
2022-01-03,1088
2022-01-03,1118
2022-01-04,1146
2022-01-04,1140
2022-01-04,1152
2022-01-05,1163.5
2022-01-05,1161
2022-01-05,1166
2022-01-06,1168
2022-01-06,1168
2022-01-06,1168
2022-01-07,1168.5
2022-01-07,1169
2022-01-07,1168
2022-01-08,1170
2022-01-08,1170
2022-01-08,1170
2022-01-09,1174.5
2022-01-09,1174
2022-01-09,1175
2022-01-10,1185.5
2022-01-10,1181
2022-01-10,1190
2022-01-11,1201
2022-01-11,1198
2022-01-11,1204
2022-01-12,1221
2022-01-12,1215
2022-01-12,1227
2022-01-13,1243
2022-01-13,1238
2022-01-13,1248
2022-01-14,1261.5
2022-01-14,1257
2022-01-14,1266
2022-01-15,1277.5
2022-01-15,1275
2022-01-15,1280
2022-01-16,1290
2022-01-16,1288
2022-01-16,1292
2022-01-17,1299.5
2022-01-17,1298
2022-01-17,1301
2022-01-18,1304.5
2022-01-18,1304
2022-01-18,1305
2022-01-19,1308.5
2022-01-19,1308
2022-01-19,1309
2022-01-20,1305
2022-01-20,1307
2022-01-20,1303
2022-01-21,1289.5
2022-01-21,1294
2022-01-21,1285
2022-01-22,1261.5
2022-01-22,1269
2022-01-22,1254
2022-01-23,1222.5
2022-01-23,1233
2022-01-23,1212
2022-01-24,1181
2022-01-24,1191
2022-01-24,1171
2022-01-25,1139
2022-01-25,1148
2022-01-25,1130
2022-01-26,1099.5
2022-01-26,1107
2022-01-26,1092
2022-01-27,1074
2022-01-27,1077
2022-01-27,1071
2022-01-28,1070.5
2022-01-28,1071
2022-01-28,1070
2022-01-29,1067.5
2022-01-29,1069
2022-01-29,1066
2022-01-30,1058
2022-01-30,1060
2022-01-30,1056
2022-01-31,1054
2022-01-31,1054
2022-01-31,1054
2022-02-01,1051
2022-02-01,1052
2022-02-01,1050
2022-02-02,1048.5
2022-02-02,1049
2022-02-02,1048
2022-02-03,1048
2022-02-03,1048
2022-02-03,1048
2022-02-04,1048
2022-02-04,1048
2022-02-04,1048
2022-02-05,1047
2022-02-05,1049
2022-02-05,1045
2022-02-06,1018
2022-02-06,1023
2022-02-06,1013
2022-02-07,1014
2022-02-07,1014
2022-02-07,1014
2022-02-08,1013.5
2022-02-08,1014
2022-02-08,1013
2022-02-09,1005.5
2022-02-09,1009
2022-02-09,1002
2022-02-10,989
2022-02-10,993
2022-02-10,985
2022-02-11,980
2022-02-11,980
2022-02-11,980
2022-02-12,990.5
2022-02-12,991
2022-02-12,990
2022-02-13,997.5
2022-02-13,997
2022-02-13,998
2022-02-14,1017
2022-02-14,1014
2022-02-14,1020
2022-02-15,1028
2022-02-15,1026
2022-02-15,1030
2022-02-16,1053
2022-02-16,1046
2022-02-16,1060
2022-02-17,1089
2022-02-17,1080
2022-02-17,1098
2022-02-18,1133.5
2022-02-18,1125
2022-02-18,1142
2022-02-19,1157.5
2022-02-19,1155
2022-02-19,1160
2022-02-20,1175.5
2022-02-20,1174
2022-02-20,1177
2022-02-21,1186
2022-02-21,1184
2022-02-21,1188
2022-02-22,1196.5
2022-02-22,1195
2022-02-22,1198
2022-02-23,1204.5
2022-02-23,1204
2022-02-23,1205
2022-02-24,1206.5
2022-02-24,1207
2022-02-24,1206
2022-02-25,1209
2022-02-25,1210
2022-02-25,1208
2022-02-26,1201
2022-02-26,1204
2022-02-26,1198
2022-02-27,1191
2022-02-27,1193
2022-02-27,1189
2022-02-28,1181
2022-02-28,1184
2022-02-28,1178
2022-03-01,1166.5
2022-03-01,1170
2022-03-01,1163
2022-03-02,1447
2022-03-02,1152
2022-03-02,1742
2022-03-03,1122
2022-03-03,1128
2022-03-03,1116
2022-03-04,1099
2022-03-04,1102
2022-03-04,1096
2022-03-05,1082.5
2022-03-05,1085
2022-03-05,1080
2022-03-06,1076.5
2022-03-06,1080
2022-03-06,1073
2022-03-07,1068
2022-03-07,1069
2022-03-07,1067
2022-03-08,1069.5
2022-03-08,1070
2022-03-08,1069
2022-03-09,1077.5
2022-03-09,1076
2022-03-09,1079
2022-03-10,1088.5
2022-03-10,1086
2022-03-10,1091
2022-03-11,1107
2022-03-11,1096
2022-03-11,1118
2022-03-12,1122
2022-03-12,1122
2022-03-12,1122
2022-03-13,1123
2022-03-13,1123
2022-03-13,1123
2022-03-14,1124
2022-03-14,1126
2022-03-14,1122
2022-03-15,1126
2022-03-15,1126
2022-03-15,1126
2022-03-16,1121.5
2022-03-16,1123
2022-03-16,1120
2022-03-17,1121.5
2022-03-17,1120
2022-03-17,1123
2022-03-18,1130.5
2022-03-18,1128
2022-03-18,1133
2022-03-19,1144
2022-03-19,1142
2022-03-19,1146
2022-03-20,1146
2022-03-20,1148
2022-03-20,1144
2022-03-21,1143
2022-03-21,1144
2022-03-21,1142
2022-03-22,1139
2022-03-22,1140
2022-03-22,1138
2022-03-23,1133.5
2022-03-23,1135
2022-03-23,1132
2022-03-24,1130.5
2022-03-24,1131
2022-03-24,1130
2022-03-25,1129.5
2022-03-25,1129
2022-03-25,1130
2022-03-26,1112.5
2022-03-26,1117
2022-03-26,1108
2022-03-27,1100
2022-03-27,1102
2022-03-27,1098
2022-03-28,1099
2022-03-28,1099
2022-03-28,1099
2022-03-29,1129
2022-03-29,1122
2022-03-29,1136
2022-03-30,1163.5
2022-03-30,1157
2022-03-30,1170
2022-03-31,1186.5
2022-03-31,1185
2022-03-31,1188
2022-04-01,1187
2022-04-01,1188
2022-04-01,1186
2022-04-02,1178.5
2022-04-02,1181
2022-04-02,1176
2022-04-03,1164.5
2022-04-03,1168
2022-04-03,1161
2022-04-04,1150
2022-04-04,1153
2022-04-04,1147
2022-04-05,1142.5
2022-04-05,1145
2022-04-05,1140
2022-04-06,1124.5
2022-04-06,1130
2022-04-06,1119
2022-04-07,1105.5
2022-04-07,1109
2022-04-07,1102
2022-04-08,1091
2022-04-08,1096
2022-04-08,1086
2022-04-09,1071
2022-04-09,1074
2022-04-09,1068
2022-04-10,1057.5
2022-04-10,1062
2022-04-10,1053
2022-04-11,1032.5
2022-04-11,1038
2022-04-11,1027
2022-04-12,1012
2022-04-12,1018
2022-04-12,1006
2022-04-13,983
2022-04-13,988
2022-04-13,978
2022-04-14,970
2022-04-14,972
2022-04-14,968
2022-04-15,967
2022-04-15,968
2022-04-15,966
2022-04-16,965
2022-04-16,966
2022-04-16,964
2022-04-17,952
2022-04-17,958
2022-04-17,946
2022-04-18,941.5
2022-04-18,943
2022-04-18,940
2022-04-19,932
2022-04-19,934
2022-04-19,930
2022-04-20,941
2022-04-20,938
2022-04-20,944
2022-04-21,939.5
2022-04-21,940
2022-04-21,939
2022-04-22,948.5
2022-04-22,946
2022-04-22,951
2022-04-23,948.5
2022-04-23,950
2022-04-23,947
2022-04-24,940
2022-04-24,940
2022-04-24,940
2022-04-25,949.5
2022-04-25,948
2022-04-25,951
2022-04-26,951.5
2022-04-26,951
2022-04-26,952
2022-04-27,942.5
2022-04-27,946
2022-04-27,939
2022-04-28,920.5
2022-04-28,925
2022-04-28,916
2022-04-29,905
2022-04-29,906
2022-04-29,904
2022-04-30,885.5
2022-04-30,891
2022-04-30,880
2022-05-01,855
2022-05-01,860
2022-05-01,850
2022-05-02,827.5
2022-05-02,833
2022-05-02,822
2022-05-03,805
2022-05-03,808
2022-05-03,802
2022-05-04,818.5
2022-05-04,816
2022-05-04,821
2022-05-05,816.5
2022-05-05,819
2022-05-05,814
2022-05-06,798
2022-05-06,802
2022-05-06,794
2022-05-07,774
2022-05-07,782
2022-05-07,766
2022-05-08,742.5
2022-05-08,748
2022-05-08,737
2022-05-09,712.5
2022-05-09,719
2022-05-09,706
2022-05-10,688
2022-05-10,693
2022-05-10,683
2022-05-11,678.5
2022-05-11,678
2022-05-11,679
2022-05-12,684
2022-05-12,684
2022-05-12,684
2022-05-13,680.5
2022-05-13,685
2022-05-13,676
2022-05-14,667.5
2022-05-14,669
2022-05-14,666
2022-05-15,663.5
2022-05-15,665
2022-05-15,662
2022-05-16,651.5
2022-05-16,658
2022-05-16,645
2022-05-17,632.5
2022-05-17,634
2022-05-17,631
2022-05-18,636
2022-05-18,637
2022-05-18,635
2022-05-19,631
2022-05-19,633
2022-05-19,629
2022-05-20,617.5
2022-05-20,622
2022-05-20,613
2022-05-21,603.5
2022-05-21,606
2022-05-21,601
2022-05-22,595.5
2022-05-22,597
2022-05-22,594
2022-05-23,586
2022-05-23,589
2022-05-23,583
2022-05-24,580.5
2022-05-24,587
2022-05-24,574
2022-05-25,583
2022-05-25,578
2022-05-25,588
2022-05-26,588
2022-05-26,592
2022-05-26,584
2022-05-27,574
2022-05-27,580
2022-05-27,568
2022-05-28,562
2022-05-28,561
2022-05-28,563
2022-05-29,546.5
2022-05-29,547
2022-05-29,546
2022-05-30,545
2022-05-30,545
2022-05-30,545
2022-05-31,543
2022-05-31,546
2022-05-31,540
2022-06-01,539.5
2022-06-01,539
2022-06-01,540
2022-06-02,539
2022-06-02,540
2022-06-02,538
2022-06-03,533
2022-06-03,536
2022-06-03,530
2022-06-04,528.5
2022-06-04,525
2022-06-04,532
2022-06-05,538
2022-06-05,535
2022-06-05,541
2022-06-06,541
2022-06-06,541
2022-06-06,541
2022-06-07,533
2022-06-07,536
2022-06-07,530
2022-06-08,523.5
2022-06-08,524
2022-06-08,523
2022-06-09,527.5
2022-06-09,522
2022-06-09,533
2022-06-10,527.5
2022-06-10,530
2022-06-10,525
2022-06-11,519.5
2022-06-11,520
2022-06-11,519
2022-06-12,506.5
2022-06-12,508
2022-06-12,505
2022-06-13,503.5
2022-06-13,505
2022-06-13,502
2022-06-14,504.5
2022-06-14,504
2022-06-14,505
2022-06-15,503.5
2022-06-15,504
2022-06-15,503
2022-06-16,500.5
2022-06-16,499
2022-06-16,502
2022-06-17,500
2022-06-17,501
2022-06-17,499
2022-06-18,499.5
2022-06-18,501
2022-06-18,498
2022-06-19,501
2022-06-19,497
2022-06-19,505
2022-06-20,508
2022-06-20,509
2022-06-20,507
2022-06-21,503
2022-06-21,504
2022-06-21,502
2022-06-22,497.5
2022-06-22,499
2022-06-22,496
2022-06-23,490.5
2022-06-23,493
2022-06-23,488
2022-06-24,483
2022-06-24,485
2022-06-24,481
2022-06-25,478
2022-06-25,480
2022-06-25,476
2022-06-26,475
2022-06-26,475
2022-06-26,475
2022-06-27,470.5
2022-06-27,473
2022-06-27,468
2022-06-28,466
2022-06-28,468
2022-06-28,464
2022-06-29,458
2022-06-29,460
2022-06-29,456
2022-06-30,449.5
2022-06-30,451
2022-06-30,448
2022-07-01,443.5
2022-07-01,447
2022-07-01,440
2022-07-02,436.5
2022-07-02,437
2022-07-02,436
2022-07-03,432.5
2022-07-03,435
2022-07-03,430
2022-07-04,432
2022-07-04,433
2022-07-04,431
2022-07-05,428
2022-07-05,431
2022-07-05,425
2022-07-06,423
2022-07-06,424
2022-07-06,422
2022-07-07,416
2022-07-07,418
2022-07-07,414
2022-07-08,408.5
2022-07-08,411
2022-07-08,406
2022-07-09,403.5
2022-07-09,405
2022-07-09,402
2022-07-10,450
2022-07-10,402
2022-07-10,498
2022-07-11,397.5
2022-07-11,399
2022-07-11,396
2022-07-12,392
2022-07-12,394
2022-07-12,390
2022-07-13,385
2022-07-13,387
2022-07-13,383
2022-07-14,380
2022-07-14,382
2022-07-14,378
2022-07-15,373.5
2022-07-15,375
2022-07-15,372
2022-07-16,367
2022-07-16,370
2022-07-16,364
2022-07-17,359
2022-07-17,360
2022-07-17,358
2022-07-18,355.5
2022-07-18,357
2022-07-18,354
2022-07-19,350.5
2022-07-19,352
2022-07-19,349
2022-07-20,345.5
2022-07-20,345
2022-07-20,346
2022-07-21,343.5
2022-07-21,345
2022-07-21,342
2022-07-22,336
2022-07-22,338
2022-07-22,334
2022-07-23,329.5
2022-07-23,331
2022-07-23,328
2022-07-24,327
2022-07-24,328
2022-07-24,326
2022-07-25,323.5
2022-07-25,324
2022-07-25,323
2022-07-26,321.5
2022-07-26,323
2022-07-26,320
2022-07-27,317
2022-07-27,318
2022-07-27,316
2022-07-28,313
2022-07-28,314
2022-07-28,312
2022-07-29,311
2022-07-29,312
2022-07-29,310
2022-07-30,311.5
2022-07-30,311
2022-07-30,312
2022-07-31,309
2022-07-31,311
2022-07-31,307
2022-08-01,309.5
2022-08-01,310
2022-08-01,309
2022-08-02,309
2022-08-02,310
2022-08-02,308
2022-08-03,306
2022-08-03,307
2022-08-03,305
2022-08-04,302.5
2022-08-04,304
2022-08-04,301
2022-08-05,302
2022-08-05,301
2022-08-05,303
2022-08-06,298.5
2022-08-06,299
2022-08-06,298
2022-08-07,295.5
2022-08-07,297
2022-08-07,294
2022-08-08,292.5
2022-08-08,292
2022-08-08,293
2022-08-09,292
2022-08-09,293
2022-08-09,291
2022-08-10,290
2022-08-10,290
2022-08-10,290
2022-08-11,286.5
2022-08-11,287
2022-08-11,286
2022-08-12,284.5
2022-08-12,285
2022-08-12,284
2022-08-13,281.5
2022-08-13,283
2022-08-13,280
2022-08-14,279
2022-08-14,280
2022-08-14,278
2022-08-15,276
2022-08-15,277
2022-08-15,275
2022-08-16,272.5
2022-08-16,272
2022-08-16,273
2022-08-17,273
2022-08-17,273
2022-08-17,273
2022-08-18,271.5
2022-08-18,273
2022-08-18,270
2022-08-19,268.5
2022-08-19,269
2022-08-19,268
2022-08-20,267.5
2022-08-20,268
2022-08-20,267
2022-08-21,263.5
2022-08-21,265
2022-08-21,262
2022-08-22,260.5
2022-08-22,261
2022-08-22,260
2022-08-23,259
2022-08-23,260
2022-08-23,258
2022-08-24,258
2022-08-24,259
2022-08-24,257
2022-08-25,256.5
2022-08-25,257
2022-08-25,256
2022-08-26,254
2022-08-26,254
2022-08-26,254
2022-08-27,253
2022-08-27,254
2022-08-27,252
2022-08-28,249.5
2022-08-28,250
2022-08-28,249
2022-08-29,248.5
2022-08-29,249
2022-08-29,248
2022-08-30,246
2022-08-30,247
2022-08-30,245
2022-08-31,243
2022-08-31,244
2022-08-31,242
2022-09-01,241
2022-09-01,242
2022-09-01,240
2022-09-02,238.5
2022-09-02,239
2022-09-02,238
2022-09-03,236
2022-09-03,236
2022-09-03,236
2022-09-04,234.5
2022-09-04,236
2022-09-04,233
2022-09-05,232.5
2022-09-05,233
2022-09-05,232
2022-09-06,231
2022-09-06,232
2022-09-06,230
2022-09-07,229.5
2022-09-07,230
2022-09-07,229
2022-09-08,228.5
2022-09-08,228
2022-09-08,229
2022-09-09,227
2022-09-09,228
2022-09-09,226
2022-09-10,224.5
2022-09-10,225
2022-09-10,224
2022-09-11,224
2022-09-11,224
2022-09-11,224
2022-09-12,223
2022-09-12,223
2022-09-12,223
2022-09-13,218.5
2022-09-13,219
2022-09-13,218
2022-09-14,215
2022-09-14,216
2022-09-14,214
2022-09-15,209.5
2022-09-15,210
2022-09-15,209
2022-09-16,231
2022-09-16,221
2022-09-16,241
2022-09-17,252
2022-09-17,252
2022-09-17,252
2022-09-18,242
2022-09-18,246
2022-09-18,238
2022-09-19,230.5
2022-09-19,232
2022-09-19,229
2022-09-20,217.5
2022-09-20,221
2022-09-20,214
2022-09-21,199
2022-09-21,202
2022-09-21,196
2022-09-22,196.5
2022-09-22,194
2022-09-22,199
2022-09-23,212
2022-09-23,208
2022-09-23,216
2022-09-24,227.5
2022-09-24,225
2022-09-24,230
2022-09-25,234.5
2022-09-25,234
2022-09-25,235
2022-09-26,244
2022-09-26,240
2022-09-26,248
2022-09-27,243.5
2022-09-27,247
2022-09-27,240
2022-09-28,225
2022-09-28,230
2022-09-28,220
2022-09-29,228.5
2022-09-29,223
2022-09-29,234
2022-09-30,270
2022-09-30,264
2022-09-30,276
2022-10-01,268
2022-10-01,272
2022-10-01,264
2022-10-02,244
2022-10-02,250
2022-10-02,238
2022-10-03,225.5
2022-10-03,230
2022-10-03,221
2022-10-04,208.5
2022-10-04,212
2022-10-04,205
2022-10-05,195.5
2022-10-05,198
2022-10-05,193
2022-10-06,194.5
2022-10-06,196
2022-10-06,193
2022-10-07,199
2022-10-07,195
2022-10-07,203
2022-10-08,199.5
2022-10-08,202
2022-10-08,197
2022-10-09,208.5
2022-10-09,204
2022-10-09,213
2022-10-10,221
2022-10-10,220
2022-10-10,222
2022-10-11,207.5
2022-10-11,213
2022-10-11,202
2022-10-12,189
2022-10-12,188
2022-10-12,190
2022-10-13,183
2022-10-13,184
2022-10-13,182
2022-10-14,189
2022-10-14,182
2022-10-14,196
2022-10-15,203.5
2022-10-15,204
2022-10-15,203
2022-10-16,208.5
2022-10-16,208
2022-10-16,209
2022-10-17,199.5
2022-10-17,204
2022-10-17,195
2022-10-18,182
2022-10-18,185
2022-10-18,179
2022-10-19,173
2022-10-19,174
2022-10-19,172
2022-10-20,177
2022-10-20,174
2022-10-20,180
2022-10-21,188
2022-10-21,186
2022-10-21,190
2022-10-22,193.5
2022-10-22,193
2022-10-22,194
2022-10-23,212
2022-10-23,206
2022-10-23,218
2022-10-24,218.5
2022-10-24,221
2022-10-24,216
2022-10-25,201
2022-10-25,207
2022-10-25,195
2022-10-26,182.5
2022-10-26,187
2022-10-26,178
2022-10-27,181
2022-10-27,178
2022-10-27,184
2022-10-28,198.5
2022-10-28,193
2022-10-28,204
2022-10-29,223.5
2022-10-29,218
2022-10-29,229
2022-10-30,232.5
2022-10-30,233
2022-10-30,232
2022-10-31,233.5
2022-10-31,233
2022-10-31,234
2022-11-01,223
2022-11-01,228
2022-11-01,218
2022-11-02,199.5
2022-11-02,204
2022-11-02,195
2022-11-03,208
2022-11-03,202
2022-11-03,214
2022-11-04,218
2022-11-04,218
2022-11-04,218
2022-11-05,220
2022-11-05,222
2022-11-05,218
2022-11-06,225.5
2022-11-06,223
2022-11-06,228
2022-11-07,259
2022-11-07,250
2022-11-07,268
2022-11-08,273.5
2022-11-08,275
2022-11-08,272
2022-11-09,259
2022-11-09,260
2022-11-09,258
2022-11-10,268.5
2022-11-10,264
2022-11-10,273
2022-11-11,285
2022-11-11,282
2022-11-11,288
2022-11-12,300
2022-11-12,297
2022-11-12,303
2022-11-13,318
2022-11-13,316
2022-11-13,320
2022-11-14,322
2022-11-14,324
2022-11-14,320
2022-11-15,299.5
2022-11-15,304
2022-11-15,295
2022-11-16,274.5
2022-11-16,274
2022-11-16,275
2022-11-17,286
2022-11-17,282
2022-11-17,290
2022-11-18,289
2022-11-18,290
2022-11-18,288
2022-11-19,288.5
2022-11-19,287
2022-11-19,290
2022-11-20,314
2022-11-20,304
2022-11-20,324
2022-11-21,340.5
2022-11-21,338
2022-11-21,343
2022-11-22,329
2022-11-22,334
2022-11-22,324
2022-11-23,323
2022-11-23,322
2022-11-23,324
2022-11-24,320
2022-11-24,324
2022-11-24,316
2022-11-25,292
2022-11-25,299
2022-11-25,285
2022-11-26,270.5
2022-11-26,274
2022-11-26,267
2022-11-27,269.5
2022-11-27,264
2022-11-27,275
2022-11-28,331
2022-11-28,314
2022-11-28,348
2022-11-29,387.5
2022-11-29,382
2022-11-29,393
2022-11-30,389
2022-11-30,392
2022-11-30,386
2022-12-01,395.5
2022-12-01,383
2022-12-01,408
2022-12-02,492.5
2022-12-02,469
2022-12-02,516
2022-12-03,621.5
2022-12-03,559
2022-12-03,684
2022-12-04,613
2022-12-04,606
2022-12-04,620
2022-12-05,629.5
2022-12-05,630
2022-12-05,629
2022-12-06,590.5
2022-12-06,605
2022-12-06,576
2022-12-07,568.5
2022-12-07,565
2022-12-07,572
2022-12-08,595.5
2022-12-08,587
2022-12-08,604
2022-12-09,625.5
2022-12-09,621
2022-12-09,630
2022-12-10,628.5
2022-12-10,631
2022-12-10,626
2022-12-11,601
2022-12-11,609
2022-12-11,593
2022-12-12,560
2022-12-12,573
2022-12-12,547
2022-12-13,484.5
2022-12-13,501
2022-12-13,468
2022-12-14,454
2022-12-14,454
2022-12-14,454
2022-12-15,450
2022-12-15,450
2022-12-15,450
2022-12-16,467.5
2022-12-16,462
2022-12-16,473
2022-12-17,477.5
2022-12-17,475
2022-12-17,480
2022-12-18,481
2022-12-18,482
2022-12-18,480
2022-12-19,468.5
2022-12-19,471
2022-12-19,466
2022-12-20,478.5
2022-12-20,477
2022-12-20,480
2022-12-21,488.5
2022-12-21,480
2022-12-21,497
2022-12-22,529.5
2022-12-22,524
2022-12-22,535
2022-12-23,553
2022-12-23,550
2022-12-23,556
2022-12-24,572
2022-12-24,569
2022-12-24,575
2022-12-25,583.5
2022-12-25,580
2022-12-25,587
2022-12-26,594
2022-12-26,594
2022-12-26,594
2022-12-27,575.5
2022-12-27,581
2022-12-27,570
2022-12-28,596.5
2022-12-28,586
2022-12-28,607
2022-12-29,640.5
2022-12-29,634
2022-12-29,647
2022-12-30,677.5
2022-12-30,662
2022-12-30,693
2022-12-31,730
2022-12-31,719
2022-12-31,741
2023-01-01,779
2023-01-01,772
2023-01-01,786
2023-01-02,806
2023-01-02,802
2023-01-02,810
2023-01-03,811
2023-01-03,812
2023-01-03,810
2023-01-04,798
2023-01-04,804
2023-01-04,792
2023-01-05,774.5
2023-01-05,781
2023-01-05,768
2023-01-06,755
2023-01-06,758
2023-01-06,752
2023-01-07,755.5
2023-01-07,753
2023-01-07,758
2023-01-08,768
2023-01-08,766
2023-01-08,770
2023-01-09,776.5
2023-01-09,775
2023-01-09,778
2023-01-10,775.5
2023-01-10,776
2023-01-10,775
2023-01-11,778.5
2023-01-11,778
2023-01-11,779
2023-01-12,785
2023-01-12,784
2023-01-12,786
2023-01-13,788
2023-01-13,786
2023-01-13,790
2023-01-14,789
2023-01-14,790
2023-01-14,788
2023-01-15,786
2023-01-15,786
2023-01-15,786
2023-01-16,791
2023-01-16,792
2023-01-16,790
2023-01-17,801
2023-01-17,797
2023-01-17,805
2023-01-18,812.5
2023-01-18,811
2023-01-18,814
2023-01-19,815
2023-01-19,818
2023-01-19,812
2023-01-20,795
2023-01-20,805
2023-01-20,785
2023-01-21,770.5
2023-01-21,769
2023-01-21,772
2023-01-22,790
2023-01-22,788
2023-01-22,792
2023-01-23,804
2023-01-23,803
2023-01-23,805
2023-01-24,799
2023-01-24,801
2023-01-24,797
2023-01-25,794
2023-01-25,793
2023-01-25,795
2023-01-26,793
2023-01-26,794
2023-01-26,792
2023-01-27,795
2023-01-27,794
2023-01-27,796
2023-01-28,804
2023-01-28,803
2023-01-28,805
2023-01-29,807.5
2023-01-29,807
2023-01-29,808
2023-01-30,809
2023-01-30,810
2023-01-30,808
2023-01-31,806
2023-01-31,806
2023-01-31,806
2023-02-01,816
2023-02-01,813
2023-02-01,819
2023-02-02,833.5
2023-02-02,830
2023-02-02,837
2023-02-03,846.5
2023-02-03,845
2023-02-03,848
2023-02-04,850.5
2023-02-04,851
2023-02-04,850
2023-02-05,849
2023-02-05,850
2023-02-05,848
2023-02-06,841
2023-02-06,842
2023-02-06,840
2023-02-07,837.5
2023-02-07,840
2023-02-07,835
2023-02-08,831.5
2023-02-08,831
2023-02-08,832
2023-02-09,830.5
2023-02-09,834
2023-02-09,827
2023-02-10,820.5
2023-02-10,822
2023-02-10,819
2023-02-11,820.5
2023-02-11,819
2023-02-11,822
2023-02-12,828
2023-02-12,826
2023-02-12,830
2023-02-13,835
2023-02-13,834
2023-02-13,836
2023-02-14,826.5
2023-02-14,831
2023-02-14,822
2023-02-15,805.5
2023-02-15,810
2023-02-15,801
2023-02-16,788
2023-02-16,791
2023-02-16,785
2023-02-17,779
2023-02-17,781
2023-02-17,777
2023-02-18,782.5
2023-02-18,780
2023-02-18,785
2023-02-19,794.5
2023-02-19,792
2023-02-19,797
2023-02-20,796
2023-02-20,797
2023-02-20,795
2023-02-21,813.5
2023-02-21,808
2023-02-21,819
2023-02-22,849
2023-02-22,841
2023-02-22,857
2023-02-23,869.5
2023-02-23,868
2023-02-23,871
2023-02-24,866.5
2023-02-24,869
2023-02-24,864
2023-02-25,872
2023-02-25,870
2023-02-25,874
2023-02-26,875
2023-02-26,876
2023-02-26,874
2023-02-27,882
2023-02-27,880
2023-02-27,884
2023-02-28,881.5
2023-02-28,884
2023-02-28,879
2023-03-01,870
2023-03-01,870
2023-03-01,870
2023-03-02,863
2023-03-02,866
2023-03-02,860
2023-03-03,864
2023-03-03,863
2023-03-03,865
2023-03-04,874
2023-03-04,868
2023-03-04,880
2023-03-05,870.5
2023-03-05,871
2023-03-05,870
2023-03-06,870
2023-03-06,869
2023-03-06,871
2023-03-07,873.5
2023-03-07,876
2023-03-07,871
2023-03-08,858.5
2023-03-08,863
2023-03-08,854
2023-03-09,845.5
2023-03-09,847
2023-03-09,844
2023-03-10,866.5
2023-03-10,865
2023-03-10,868
2023-03-11,869
2023-03-11,868
2023-03-11,870
2023-03-12,881
2023-03-12,878
2023-03-12,884
2023-03-13,896
2023-03-13,896
2023-03-13,896
2023-03-14,888
2023-03-14,888
2023-03-14,888
2023-03-15,934
2023-03-15,926
2023-03-15,942
2023-03-16,966.5
2023-03-16,960
2023-03-16,973
2023-03-17,995.5
2023-03-17,989
2023-03-17,1002
2023-03-18,1035
2023-03-18,1028
2023-03-18,1042
2023-03-19,1071
2023-03-19,1064
2023-03-19,1078
2023-03-20,1100
2023-03-20,1095
2023-03-20,1105
2023-03-21,1128
2023-03-21,1124
2023-03-21,1132
2023-03-22,1152
2023-03-22,1148
2023-03-22,1156
2023-03-23,1169
2023-03-23,1165
2023-03-23,1173
2023-03-24,1189
2023-03-24,1186
2023-03-24,1192
2023-03-25,1194.5
2023-03-25,1195
2023-03-25,1194
2023-03-26,1191.5
2023-03-26,1193
2023-03-26,1190
2023-03-27,1181
2023-03-27,1184
2023-03-27,1178
2023-03-28,1171
2023-03-28,1178
2023-03-28,1164
2023-03-29,1158
2023-03-29,1168
2023-03-29,1148
2023-03-30,1132.5
2023-03-30,1137
2023-03-30,1128
2023-03-31,1114
2023-03-31,1118
2023-03-31,1110
2023-04-01,1097.5
2023-04-01,1102
2023-04-01,1093
2023-04-02,1083
2023-04-02,1086
2023-04-02,1080
2023-04-03,1066
2023-04-03,1070
2023-04-03,1062
2023-04-04,1050
2023-04-04,1050
2023-04-04,1050
2023-04-05,1038
2023-04-05,1039
2023-04-05,1037
2023-04-06,1037
2023-04-06,1038
2023-04-06,1036
2023-04-07,1043.5
2023-04-07,1043
2023-04-07,1044
2023-04-08,1048
2023-04-08,1047
2023-04-08,1049
2023-04-09,1048
2023-04-09,1048
2023-04-09,1048
2023-04-10,1047
2023-04-10,1047
2023-04-10,1047
2023-04-11,1048.5
2023-04-11,1050
2023-04-11,1047
2023-04-12,1044.5
2023-04-12,1043
2023-04-12,1046
2023-04-13,1051
2023-04-13,1051
2023-04-13,1051
2023-04-14,1043.5
2023-04-14,1047
2023-04-14,1040
2023-04-15,1032
2023-04-15,1035
2023-04-15,1029
2023-04-16,1023
2023-04-16,1026
2023-04-16,1020
2023-04-17,1006.5
2023-04-17,1009
2023-04-17,1004
2023-04-18,1001
2023-04-18,1001
2023-04-18,1001
2023-04-19,996
2023-04-19,998
2023-04-19,994
2023-04-20,983
2023-04-20,988
2023-04-20,978
2023-04-21,965.5
2023-04-21,969
2023-04-21,962
2023-04-22,961.5
2023-04-22,960
2023-04-22,963
2023-04-23,974.5
2023-04-23,973
2023-04-23,976
2023-04-24,970.5
2023-04-24,972
2023-04-24,969
2023-04-25,954.5
2023-04-25,967
2023-04-25,942
2023-04-26,917
2023-04-26,922
2023-04-26,912
2023-04-27,904.5
2023-04-27,906
2023-04-27,903
2023-04-28,901.5
2023-04-28,902
2023-04-28,901
2023-04-29,908.5
2023-04-29,909
2023-04-29,908
2023-04-30,899
2023-04-30,902
2023-04-30,896
2023-05-01,884.5
2023-05-01,890
2023-05-01,879
2023-05-02,864
2023-05-02,867
2023-05-02,861
2023-05-03,858.5
2023-05-03,858
2023-05-03,859
2023-05-04,872
2023-05-04,868
2023-05-04,876
2023-05-05,882.5
2023-05-05,883
2023-05-05,882
2023-05-06,892.5
2023-05-06,891
2023-05-06,894
2023-05-07,898
2023-05-07,894
2023-05-07,902
2023-05-08,895
2023-05-08,901
2023-05-08,889
2023-05-09,857
2023-05-09,867
2023-05-09,847
2023-05-10,830
2023-05-10,831
2023-05-10,829
2023-05-11,819.5
2023-05-11,822
2023-05-11,817
2023-05-12,808
2023-05-12,813
2023-05-12,803
2023-05-13,793.5
2023-05-13,795
2023-05-13,792
2023-05-14,788.5
2023-05-14,791
2023-05-14,786
2023-05-15,786.5
2023-05-15,783
2023-05-15,790
2023-05-16,784.5
2023-05-16,790
2023-05-16,779
2023-05-17,761.5
2023-05-17,762
2023-05-17,761
2023-05-18,769.5
2023-05-18,768
2023-05-18,771
2023-05-19,768
2023-05-19,772
2023-05-19,764
2023-05-20,750.5
2023-05-20,755
2023-05-20,746
2023-05-21,733
2023-05-21,737
2023-05-21,729
2023-05-22,720.5
2023-05-22,723
2023-05-22,718
2023-05-23,703
2023-05-23,708
2023-05-23,698
2023-05-24,682.5
2023-05-24,688
2023-05-24,677
2023-05-25,667
2023-05-25,670
2023-05-25,664
2023-05-26,660
2023-05-26,662
2023-05-26,658
2023-05-27,655
2023-05-27,656
2023-05-27,654
2023-05-28,640
2023-05-28,645
2023-05-28,635
2023-05-29,619
2023-05-29,624
2023-05-29,614
2023-05-30,602
2023-05-30,606
2023-05-30,598
2023-05-31,583.5
2023-05-31,589
2023-05-31,578
2023-06-01,565.5
2023-06-01,569
2023-06-01,562
2023-06-02,551
2023-06-02,553
2023-06-02,549
2023-06-03,547.5
2023-06-03,548
2023-06-03,547
2023-06-04,546.5
2023-06-04,548
2023-06-04,545
2023-06-05,541
2023-06-05,543
2023-06-05,539
2023-06-06,534.5
2023-06-06,536
2023-06-06,533
2023-06-07,532
2023-06-07,532
2023-06-07,532
2023-06-08,537.5
2023-06-08,538
2023-06-08,537
2023-06-09,535.5
2023-06-09,536
2023-06-09,535
2023-06-10,537.5
2023-06-10,538
2023-06-10,537
2023-06-11,532
2023-06-11,534
2023-06-11,530
2023-06-12,521
2023-06-12,523
2023-06-12,519
2023-06-13,516.5
2023-06-13,518
2023-06-13,515
2023-06-14,518.5
2023-06-14,518
2023-06-14,519
2023-06-15,515
2023-06-15,517
2023-06-15,513
2023-06-16,514
2023-06-16,514
2023-06-16,514
2023-06-17,510.5
2023-06-17,512
2023-06-17,509
2023-06-18,510
2023-06-18,510
2023-06-18,510
2023-06-19,511
2023-06-19,511
2023-06-19,511
2023-06-20,512
2023-06-20,512
2023-06-20,512
2023-06-21,509
2023-06-21,511
2023-06-21,507
2023-06-22,503.5
2023-06-22,506
2023-06-22,501
2023-06-23,501
2023-06-23,501
2023-06-23,501
2023-06-24,498.5
2023-06-24,501
2023-06-24,496
2023-06-25,497
2023-06-25,498
2023-06-25,496
2023-06-26,491
2023-06-26,492
2023-06-26,490
2023-06-27,484.5
2023-06-27,486
2023-06-27,483
2023-06-28,480.5
2023-06-28,481
2023-06-28,480
2023-06-29,477.5
2023-06-29,478
2023-06-29,477
2023-06-30,474.5
2023-06-30,476
2023-06-30,473
2023-07-01,471.5
2023-07-01,473
2023-07-01,470
2023-07-02,462.5
2023-07-02,465
2023-07-02,460
2023-07-03,457.5
2023-07-03,458
2023-07-03,457
2023-07-04,454
2023-07-04,454
2023-07-04,454
2023-07-05,450
2023-07-05,452
2023-07-05,448
2023-07-06,447.5
2023-07-06,449
2023-07-06,446
2023-07-07,442.5
2023-07-07,445
2023-07-07,440
2023-07-08,437.5
2023-07-08,439
2023-07-08,436
2023-07-09,435
2023-07-09,435
2023-07-09,435
2023-07-10,432
2023-07-10,433
2023-07-10,431
2023-07-11,423
2023-07-11,420
2023-07-11,426
2023-07-12,425
2023-07-12,426
2023-07-12,424
2023-07-13,420
2023-07-13,422
2023-07-13,418
2023-07-14,414.5
2023-07-14,415
2023-07-14,414
2023-07-15,411
2023-07-15,412
2023-07-15,410
2023-07-16,408
2023-07-16,409
2023-07-16,407
2023-07-17,404.5
2023-07-17,406
2023-07-17,403
2023-07-18,400
2023-07-18,401
2023-07-18,399
2023-07-19,398.5
2023-07-19,399
2023-07-19,398
2023-07-20,397.5
2023-07-20,399
2023-07-20,396
2023-07-21,395.5
2023-07-21,398
2023-07-21,393
2023-07-22,394
2023-07-22,395
2023-07-22,393
2023-07-23,389.5
2023-07-23,392
2023-07-23,387
2023-07-24,387.5
2023-07-24,389
2023-07-24,386
2023-07-25,384.5
2023-07-25,385
2023-07-25,384
2023-07-26,381
2023-07-26,382
2023-07-26,380
2023-07-27,376.5
2023-07-27,378
2023-07-27,375
2023-07-28,370
2023-07-28,372
2023-07-28,368
2023-07-29,365.5
2023-07-29,366
2023-07-29,365
2023-07-30,362.5
2023-07-30,365
2023-07-30,360
2023-07-31,356
2023-07-31,358
2023-07-31,354
2023-08-01,350
2023-08-01,352
2023-08-01,348
2023-08-02,343.5
2023-08-02,344
2023-08-02,343
2023-08-03,340
2023-08-03,340
2023-08-03,340
2023-08-04,336
2023-08-04,337
2023-08-04,335
2023-08-05,332.5
2023-08-05,335
2023-08-05,330
2023-08-06,328
2023-08-06,328
2023-08-06,328
2023-08-07,326
2023-08-07,327
2023-08-07,325
2023-08-08,322
2023-08-08,322
2023-08-08,322
2023-08-09,316
2023-08-09,318
2023-08-09,314
2023-08-10,309.5
2023-08-10,312
2023-08-10,307
2023-08-11,303
2023-08-11,304
2023-08-11,302
2023-08-12,298
2023-08-12,299
2023-08-12,297
2023-08-13,294.5
2023-08-13,295
2023-08-13,294
2023-08-14,293
2023-08-14,293
2023-08-14,293
2023-08-15,289
2023-08-15,290
2023-08-15,288
2023-08-16,284
2023-08-16,287
2023-08-16,281
2023-08-17,278
2023-08-17,280
2023-08-17,276
2023-08-18,273
2023-08-18,274
2023-08-18,272
2023-08-19,266
2023-08-19,268
2023-08-19,264
2023-08-20,259
2023-08-20,261
2023-08-20,257
2023-08-21,256.5
2023-08-21,256
2023-08-21,257
2023-08-22,249.5
2023-08-22,251
2023-08-22,248
2023-08-23,245.5
2023-08-23,246
2023-08-23,245
2023-08-24,238
2023-08-24,240
2023-08-24,236
2023-08-25,234
2023-08-25,235
2023-08-25,233
2023-08-26,231.5
2023-08-26,232
2023-08-26,231
2023-08-27,229
2023-08-27,230
2023-08-27,228
2023-08-28,228
2023-08-28,228
2023-08-28,228
2023-08-29,225.5
2023-08-29,227
2023-08-29,224
2023-08-30,223.5
2023-08-30,224
2023-08-30,223
2023-08-31,223
2023-08-31,223
2023-08-31,223
2023-09-01,224
2023-09-01,223
2023-09-01,225
2023-09-02,224.5
2023-09-02,225
2023-09-02,224
2023-09-03,225
2023-09-03,224
2023-09-03,226
2023-09-04,224.5
2023-09-04,225
2023-09-04,224
2023-09-05,225
2023-09-05,224
2023-09-05,226
2023-09-06,229.5
2023-09-06,229
2023-09-06,230
2023-09-07,231.5
2023-09-07,232
2023-09-07,231
2023-09-08,230
2023-09-08,230
2023-09-08,230
2023-09-09,1379
2023-09-09,2530
2023-09-09,228
2023-09-10,225.5
2023-09-10,228
2023-09-10,223
2023-09-11,218.5
2023-09-11,220
2023-09-11,217
2023-09-12,214
2023-09-12,215
2023-09-12,213
2023-09-13,210.5
2023-09-13,213
2023-09-13,208
2023-09-14,217.5
2023-09-14,212
2023-09-14,223
2023-09-15,242
2023-09-15,238
2023-09-15,246
2023-09-16,253.5
2023-09-16,255
2023-09-16,252
2023-09-17,250.5
2023-09-17,253
2023-09-17,248
2023-09-18,238
2023-09-18,246
2023-09-18,230
2023-09-19,219
2023-09-19,222
2023-09-19,216
2023-09-20,214
2023-09-20,213
2023-09-20,215
2023-09-21,224
2023-09-21,220
2023-09-21,228
2023-09-22,238
2023-09-22,236
2023-09-22,240
2023-09-23,240
2023-09-23,241
2023-09-23,239
2023-09-24,229.5
2023-09-24,233
2023-09-24,226
2023-09-25,220
2023-09-25,221
2023-09-25,219
2023-09-26,215
2023-09-26,216
2023-09-26,214
2023-09-27,204.5
2023-09-27,208
2023-09-27,201
2023-09-28,214.5
2023-09-28,210
2023-09-28,219
2023-09-29,226
2023-09-29,220
2023-09-29,232
2023-09-30,233.5
2023-09-30,226
2023-09-30,241
2023-10-01,237.5
2023-10-01,243
2023-10-01,238
2023-10-02,227
2023-10-02,233
2023-10-02,227
2023-10-03,232
2023-10-03,232
2023-10-03,238
2023-10-04,237.5
2023-10-04,242
2023-10-04,239
2023-10-05,236
2023-10-05,237
2023-10-05,241
2023-10-06,245
2023-10-06,247
2023-10-06,249
2023-10-07,239
2023-10-07,247
2023-10-07,237
2023-10-08,255.5
2023-10-08,233
2023-10-08,224
2023-10-09,223
2023-10-09,227
2023-10-09,225
2023-10-10,234
2023-10-10,249
2023-10-10,225
2023-10-11,219.5
2023-10-11,222
2023-10-11,223
2023-10-12,223.5
2023-10-12,226
2023-10-12,227
2023-10-13,225.5
2023-10-13,223
2023-10-13,234
2023-10-14,231
2023-10-14,235
2023-10-14,233
2023-10-15,216.5
2023-10-15,225
2023-10-15,214
2023-10-16,197
2023-10-16,204
2023-10-16,203
2023-10-17,186
2023-10-17,199
2023-10-17,193
2023-10-18,179.5
2023-10-18,191
2023-10-18,188
2023-10-19,181
2023-10-19,186
2023-10-19,196
2023-10-20,201
2023-10-20,208
2023-10-20,207
2023-10-21,208
2023-10-21,211
2023-10-21,211
2023-10-22,205.5
2023-10-22,210
2023-10-22,207
2023-10-23,201.5
2023-10-23,207
2023-10-23,209
2023-10-24,200
2023-10-24,204
2023-10-24,209
2023-10-25,193.5
2023-10-25,205
2023-10-25,202
2023-10-26,191.5
2023-10-26,201
2023-10-26,202
2023-10-27,205
2023-10-27,204
2023-10-27,216
2023-10-28,227.5
2023-10-28,227
2023-10-28,228
2023-10-29,228
2023-10-29,228
2023-10-29,228
2023-10-30,213.5
2023-10-30,215
2023-10-30,212
2023-10-31,204
2023-10-31,206
2023-10-31,202
2023-11-01,196.5
2023-11-01,195
2023-11-01,198
2023-11-02,215
2023-11-02,210
2023-11-02,220
2023-11-03,221
2023-11-03,222
2023-11-03,220
2023-11-04,214.5
2023-11-04,214
2023-11-04,215
2023-11-05,198
2023-11-05,201
2023-11-05,195
2023-11-06,193
2023-11-06,192
2023-11-06,194
2023-11-07,200.5
2023-11-07,198
2023-11-07,203
2023-11-08,206
2023-11-08,206
2023-11-08,206
2023-11-09,204
2023-11-09,204
2023-11-09,204
2023-11-10,208.5
2023-11-10,207
2023-11-10,210
2023-11-11,224
2023-11-11,219
2023-11-11,229
2023-11-12,255
2023-11-12,244
2023-11-12,266
2023-11-13,278
2023-11-13,280
2023-11-13,276
2023-11-14,250
2023-11-14,258
2023-11-14,242
2023-11-15,221.5
2023-11-15,225
2023-11-15,218
2023-11-16,232
2023-11-16,226
2023-11-16,238
2023-11-17,223
2023-11-17,230
2023-11-17,216
2023-11-18,198.5
2023-11-18,199
2023-11-18,198
2023-11-19,214
2023-11-19,210
2023-11-19,218
2023-11-20,223
2023-11-20,222
2023-11-20,224
2023-11-21,219
2023-11-21,222
2023-11-21,216
2023-11-22,213
2023-11-22,214
2023-11-22,212
2023-11-23,209.5
2023-11-23,209
2023-11-23,210
2023-11-24,228
2023-11-24,222
2023-11-24,234
2023-11-25,242.5
2023-11-25,236
2023-11-25,249
2023-11-26,259
2023-11-26,258
2023-11-26,260
2023-11-27,260.5
2023-11-27,261
2023-11-27,260
2023-11-28,243
2023-11-28,251
2023-11-28,235
2023-11-29,212.5
2023-11-29,217
2023-11-29,208
2023-11-30,231.5
2023-11-30,220
2023-11-30,243
2023-12-01,267
2023-12-01,267
2023-12-01,267
2023-12-02,250
2023-12-02,260
2023-12-02,240
2023-12-03,223.5
2023-12-03,225
2023-12-03,222
2023-12-04,248
2023-12-04,240
2023-12-04,256
2023-12-05,272
2023-12-05,268
2023-12-05,276
2023-12-06,285
2023-12-06,280
2023-12-06,290
2023-12-07,318.5
2023-12-07,313
2023-12-07,324
2023-12-08,320.5
2023-12-08,324
2023-12-08,317
2023-12-09,297
2023-12-09,304
2023-12-09,290
2023-12-10,267
2023-12-10,272
2023-12-10,262
2023-12-11,247
2023-12-11,251
2023-12-11,243
2023-12-12,229.5
2023-12-12,234
2023-12-12,225
2023-12-13,220
2023-12-13,221
2023-12-13,219
2023-12-14,240
2023-12-14,234
2023-12-14,246
2023-12-15,254
2023-12-15,253
2023-12-15,255
2023-12-16,264
2023-12-16,262
2023-12-16,266
2023-12-17,271.5
2023-12-17,265
2023-12-17,278
2023-12-18,283
2023-12-18,280
2023-12-18,286
2023-12-19,273
2023-12-19,278
2023-12-19,268
2023-12-20,259.5
2023-12-20,259
2023-12-20,260
2023-12-21,260
2023-12-21,256
2023-12-21,264
2023-12-22,274
2023-12-22,272
2023-12-22,276
2023-12-23,267.5
2023-12-23,275
2023-12-23,260
2023-12-24,247.5
2023-12-24,248
2023-12-24,247
2023-12-25,243.5
2023-12-25,249
2023-12-25,238
2023-12-26,240.5
2023-12-26,239
2023-12-26,242
2023-12-27,240.5
2023-12-27,243
2023-12-27,238
2023-12-28,233.5
2023-12-28,233
2023-12-28,234
2023-12-29,247
2023-12-29,242
2023-12-29,252
2023-12-30,262.5
2023-12-30,262
2023-12-30,263
2023-12-31,262.5
2023-12-31,263
2023-12-31,262
2024-01-01,260.5
2024-01-01,262
2024-01-01,259
2024-01-02,259
2024-01-02,264
2024-01-02,254
2024-01-03,252.5
2024-01-03,252
2024-01-03,253
2024-01-04,264.5
2024-01-04,260
2024-01-04,269
2024-01-05,298
2024-01-05,289
2024-01-05,307
2024-01-06,330
2024-01-06,326
2024-01-06,334
2024-01-07,349
2024-01-07,346
2024-01-07,352
2024-01-08,344.5
2024-01-08,350
2024-01-08,339
2024-01-09,323.5
2024-01-09,327
2024-01-09,320
2024-01-10,325.5
2024-01-10,319
2024-01-10,332
2024-01-11,358
2024-01-11,350
2024-01-11,366
2024-01-12,365.5
2024-01-12,365
2024-01-12,366
2024-01-13,381.5
2024-01-13,378
2024-01-13,385
2024-01-14,385
2024-01-14,385
2024-01-14,385
2024-01-15,378.5
2024-01-15,379
2024-01-15,378
2024-01-16,380
2024-01-16,380
2024-01-16,380
2024-01-17,400.5
2024-01-17,397
2024-01-17,404
2024-01-18,399.5
2024-01-18,404
2024-01-18,395
2024-01-19,387
2024-01-19,394
2024-01-19,380
2024-01-20,386.5
2024-01-20,384
2024-01-20,389
2024-01-21,401
2024-01-21,394
2024-01-21,408
2024-01-22,413.5
2024-01-22,414
2024-01-22,413
2024-01-23,399.5
2024-01-23,406
2024-01-23,393
2024-01-24,405.5
2024-01-24,398
2024-01-24,413
2024-01-25,434
2024-01-25,428
2024-01-25,440
2024-01-26,443.5
2024-01-26,445
2024-01-26,442
2024-01-27,441
2024-01-27,438
2024-01-27,444
2024-01-28,488.5
2024-01-28,479
2024-01-28,498
2024-01-29,519
2024-01-29,519
2024-01-29,519
2024-01-30,512
2024-01-30,514
2024-01-30,510
2024-01-31,539
2024-01-31,526
2024-01-31,552
2024-02-01,624
2024-02-01,610
2024-02-01,638
2024-02-02,682.5
2024-02-02,675
2024-02-02,690
2024-02-03,707
2024-02-03,704
2024-02-03,710
2024-02-04,712
2024-02-04,714
2024-02-04,710
2024-02-05,698
2024-02-05,698
2024-02-05,698
2024-02-06,677.5
2024-02-06,680
2024-02-06,675
2024-02-07,659.5
2024-02-07,665
2024-02-07,654
2024-02-08,624.5
2024-02-08,633
2024-02-08,616
2024-02-09,598
2024-02-09,599
2024-02-09,597
2024-02-10,634
2024-02-10,624
2024-02-10,644
2024-02-11,663.5
2024-02-11,665
2024-02-11,662
2024-02-12,634
2024-02-12,644
2024-02-12,624
2024-02-13,604
2024-02-13,604
2024-02-13,604
2024-02-14,641
2024-02-14,630
2024-02-14,652
2024-02-15,682
2024-02-15,674
2024-02-15,690
2024-02-16,723
2024-02-16,716
2024-02-16,730
2024-02-17,732
2024-02-17,735
2024-02-17,729
2024-02-18,691.5
2024-02-18,704
2024-02-18,679
2024-02-19,680
2024-02-19,680
2024-02-19,680
2024-02-20,702.5
2024-02-20,697
2024-02-20,708
2024-02-21,726
2024-02-21,722
2024-02-21,730
2024-02-22,756
2024-02-22,752
2024-02-22,760
2024-02-23,755
2024-02-23,754
2024-02-23,756
2024-02-24,784.5
2024-02-24,773
2024-02-24,796
2024-02-25,830.5
2024-02-25,821
2024-02-25,840
2024-02-26,877.5
2024-02-26,870
2024-02-26,885
2024-02-27,914
2024-02-27,906
2024-02-27,922
2024-02-28,938
2024-02-28,936
2024-02-28,940
2024-02-29,933
2024-02-29,938
2024-02-29,928
2024-03-01,908
2024-03-01,914
2024-03-01,902
2024-03-02,875
2024-03-02,882
2024-03-02,868
2024-03-03,845
2024-03-03,852
2024-03-03,838
2024-03-04,820
2024-03-04,816
2024-03-04,824
2024-03-05,810.5
2024-03-05,814
2024-03-05,807
2024-03-06,817
2024-03-06,812
2024-03-06,822
2024-03-07,826
2024-03-07,826
2024-03-07,826
2024-03-08,813
2024-03-08,816
2024-03-08,810
2024-03-09,806
2024-03-09,806
2024-03-09,806
2024-03-10,794.5
2024-03-10,797
2024-03-10,792
2024-03-11,793
2024-03-11,793
2024-03-11,793
2024-03-12,787
2024-03-12,788
2024-03-12,786
2024-03-13,809.5
2024-03-13,806
2024-03-13,813
2024-03-14,811
2024-03-14,816
2024-03-14,806
2024-03-15,762.5
2024-03-15,775
2024-03-15,750
2024-03-16,733.5
2024-03-16,734
2024-03-16,733
2024-03-17,753
2024-03-17,746
2024-03-17,760
2024-03-18,774
2024-03-18,770
2024-03-18,778
2024-03-19,791
2024-03-19,788
2024-03-19,794
2024-03-20,809
2024-03-20,806
2024-03-20,812
2024-03-21,827.5
2024-03-21,824
2024-03-21,831
2024-03-22,847
2024-03-22,841
2024-03-22,853
2024-03-23,877.5
2024-03-23,871
2024-03-23,884
2024-03-24,898.5
2024-03-24,895
2024-03-24,902
2024-03-25,909
2024-03-25,909
2024-03-25,909
2024-03-26,898
2024-03-26,901
2024-03-26,895
2024-03-27,898.5
2024-03-27,896
2024-03-27,901
2024-03-28,909
2024-03-28,908
2024-03-28,910
2024-03-29,913
2024-03-29,912
2024-03-29,914
2024-03-30,911
2024-03-30,916
2024-03-30,906
2024-03-31,888.5
2024-03-31,891
2024-03-31,886
2024-04-01,895.5
2024-04-01,893
2024-04-01,898
2024-04-02,895
2024-04-02,904
2024-04-02,886
2024-04-03,891
2024-04-03,888
2024-04-03,894
2024-04-04,902
2024-04-04,899
2024-04-04,905
2024-04-05,910.5
2024-04-05,909
2024-04-05,912
2024-04-06,924
2024-04-06,923
2024-04-06,925
2024-04-07,917
2024-04-07,919
2024-04-07,915
2024-04-08,917
2024-04-08,916
2024-04-08,918
2024-04-09,910
2024-04-09,911
2024-04-09,909
2024-04-10,914.5
2024-04-10,908
2024-04-10,921
2024-04-11,949
2024-04-11,944
2024-04-11,954
2024-04-12,968
2024-04-12,966
2024-04-12,970
2024-04-13,983
2024-04-13,979
2024-04-13,987
2024-04-14,996
2024-04-14,994
2024-04-14,998
2024-04-15,997.5
2024-04-15,999
2024-04-15,996
2024-04-16,989.5
2024-04-16,991
2024-04-16,988
2024-04-17,990.5
2024-04-17,988
2024-04-17,993
2024-04-18,1000.5
2024-04-18,999
2024-04-18,1002
2024-04-19,1002
2024-04-19,1003
2024-04-19,1001
2024-04-20,995
2024-04-20,998
2024-04-20,992
2024-04-21,975
2024-04-21,978
2024-04-21,972
2024-04-22,953.5
2024-04-22,958
2024-04-22,949
2024-04-23,944
2024-04-23,945
2024-04-23,943
2024-04-24,942
2024-04-24,943
2024-04-24,941
2024-04-25,939
2024-04-25,940
2024-04-25,938
2024-04-26,924.5
2024-04-26,930
2024-04-26,919
2024-04-27,897.5
2024-04-27,903
2024-04-27,892
2024-04-28,873
2024-04-28,880
2024-04-28,866
2024-04-29,868
2024-04-29,866
2024-04-29,870
2024-04-30,865.5
2024-04-30,867
2024-04-30,864
2024-05-01,858.5
2024-05-01,860
2024-05-01,857
2024-05-02,863
2024-05-02,860
2024-05-02,866
2024-05-03,868.5
2024-05-03,870
2024-05-03,867
2024-05-04,823.5
2024-05-04,848
2024-05-04,799
2024-05-05,786.5
2024-05-05,787
2024-05-05,786
2024-05-06,786.5
2024-05-06,787
2024-05-06,786
2024-05-07,776
2024-05-07,782
2024-05-07,770
2024-05-08,752.5
2024-05-08,755
2024-05-08,750
2024-05-09,746
2024-05-09,748
2024-05-09,744
2024-05-10,734
2024-05-10,734
2024-05-10,734
2024-05-11,724
2024-05-11,728
2024-05-11,720
2024-05-12,713
2024-05-12,714
2024-05-12,712
2024-05-13,716
2024-05-13,715
2024-05-13,717
2024-05-14,702.5
2024-05-14,712
2024-05-14,693
2024-05-15,668.5
2024-05-15,673
2024-05-15,664
2024-05-16,672.5
2024-05-16,670
2024-05-16,675
2024-05-17,670.5
2024-05-17,677
2024-05-17,664
2024-05-18,638
2024-05-18,646
2024-05-18,630
2024-05-19,618.5
2024-05-19,619
2024-05-19,618
2024-05-20,628
2024-05-20,626
2024-05-20,630
2024-05-21,628.5
2024-05-21,632
2024-05-21,625
2024-05-22,609.5
2024-05-22,616
2024-05-22,603
2024-05-23,589
2024-05-23,593
2024-05-23,585
2024-05-24,579
2024-05-24,582
2024-05-24,576
2024-05-25,572.5
2024-05-25,575
2024-05-25,570
2024-05-26,566.5
2024-05-26,568
2024-05-26,565
2024-05-27,567
2024-05-27,570
2024-05-27,564
2024-05-28,555.5
2024-05-28,558
2024-05-28,553
2024-05-29,543
2024-05-29,546
2024-05-29,540
2024-05-30,532
2024-05-30,533
2024-05-30,531
2024-05-31,530
2024-05-31,530
2024-05-31,530
2024-06-01,531
2024-06-01,533
2024-06-01,529
2024-06-02,521
2024-06-02,524
2024-06-02,518
2024-06-03,513
2024-06-03,516
2024-06-03,510
2024-06-04,508.5
2024-06-04,509
2024-06-04,508
2024-06-05,497.5
2024-06-05,499
2024-06-05,496
2024-06-06,500
2024-06-06,498
2024-06-06,502
2024-06-07,504.5
2024-06-07,506
2024-06-07,503
2024-06-08,500
2024-06-08,502
2024-06-08,498
2024-06-09,489.5
2024-06-09,493
2024-06-09,486
2024-06-10,489.5
2024-06-10,490
2024-06-10,489
2024-06-11,489.5
2024-06-11,491
2024-06-11,488
2024-06-12,487
2024-06-12,488
2024-06-12,486
2024-06-13,484
2024-06-13,486
2024-06-13,482
2024-06-14,484
2024-06-14,486
2024-06-14,482
2024-06-15,477.5
2024-06-15,480
2024-06-15,475
2024-06-16,467
2024-06-16,469
2024-06-16,465
2024-06-17,451
2024-06-17,458
2024-06-17,444
2024-06-18,447
2024-06-18,448
2024-06-18,446
2024-06-19,442.5
2024-06-19,443
2024-06-19,442
2024-06-20,442.5
2024-06-20,443
2024-06-20,442
2024-06-21,442
2024-06-21,444
2024-06-21,440
2024-06-22,436
2024-06-22,438
2024-06-22,434
2024-06-23,426.5
2024-06-23,429
2024-06-23,424
2024-06-24,419
2024-06-24,421
2024-06-24,417
2024-06-25,418
2024-06-25,420
2024-06-25,416
2024-06-26,414.5
2024-06-26,414
2024-06-26,415
2024-06-27,418.5
2024-06-27,417
2024-06-27,420
2024-06-28,415.5
2024-06-28,417
2024-06-28,414
2024-06-29,405
2024-06-29,406
2024-06-29,404
2024-06-30,395.5
2024-06-30,399
2024-06-30,392
2024-07-01,389
2024-07-01,390
2024-07-01,388
2024-07-02,383
2024-07-02,384
2024-07-02,382
2024-07-03,387
2024-07-03,386
2024-07-03,388
2024-07-04,386.5
2024-07-04,388
2024-07-04,385
2024-07-05,380
2024-07-05,382
2024-07-05,378
2024-07-06,374.5
2024-07-06,376
2024-07-06,373
2024-07-07,370
2024-07-07,370
2024-07-07,370
2024-07-08,366
2024-07-08,367
2024-07-08,365
2024-07-09,360.5
2024-07-09,362
2024-07-09,359
2024-07-10,354
2024-07-10,356
2024-07-10,352
2024-07-11,349
2024-07-11,350
2024-07-11,348
2024-07-12,343.5
2024-07-12,345
2024-07-12,342
2024-07-13,340
2024-07-13,340
2024-07-13,340
2024-07-14,312
2024-07-14,310
2024-07-14,314
2024-07-15,307
2024-07-15,310
2024-07-15,304
2024-07-16,301.5
2024-07-16,304
2024-07-16,299
2024-07-17,297.5
2024-07-17,299
2024-07-17,296
2024-07-18,295
2024-07-18,296
2024-07-18,294
2024-07-19,290.5
2024-07-19,292
2024-07-19,289
2024-07-20,287.5
2024-07-20,288
2024-07-20,287
2024-07-21,282.5
2024-07-21,284
2024-07-21,281
2024-07-22,281
2024-07-22,282
2024-07-22,280
2024-07-23,278
2024-07-23,279
2024-07-23,277
2024-07-24,274.5
2024-07-24,276
2024-07-24,273
2024-07-25,270
2024-07-25,271
2024-07-25,269
2024-07-26,266
2024-07-26,267
2024-07-26,265
2024-07-27,264
2024-07-27,265
2024-07-27,263
2024-07-28,261
2024-07-28,261
2024-07-28,261
2024-07-29,256
2024-07-29,258
2024-07-29,254
2024-07-30,249.5
2024-07-30,251
2024-07-30,248
2024-07-31,246
2024-07-31,247
2024-07-31,245
2024-08-01,242
2024-08-01,243
2024-08-01,241
2024-08-02,238
2024-08-02,239
2024-08-02,237
2024-08-03,246
2024-08-03,236
2024-08-03,256
2024-08-04,254
2024-08-04,256
2024-08-04,252
2024-08-05,252
2024-08-05,253
2024-08-05,251
2024-08-06,250
2024-08-06,251
2024-08-06,249
2024-08-07,246.5
2024-08-07,247
2024-08-07,246
2024-08-08,243
2024-08-08,244
2024-08-08,242
2024-08-09,240
2024-08-09,240
2024-08-09,240
2024-08-10,236.5
2024-08-10,238
2024-08-10,235
2024-08-11,234
2024-08-11,234
2024-08-11,234
2024-08-12,234
2024-08-12,234
2024-08-12,234
2024-08-13,233.5
2024-08-13,235
2024-08-13,232
2024-08-14,232
2024-08-14,232
2024-08-14,232
2024-08-15,232
2024-08-15,232
2024-08-15,232
2024-08-16,231.5
2024-08-16,232
2024-08-16,231
2024-08-17,230.5
2024-08-17,231
2024-08-17,230
2024-08-18,228.5
2024-08-18,229
2024-08-18,228
2024-08-19,226.5
2024-08-19,227
2024-08-19,226
2024-08-20,225.5
2024-08-20,226
2024-08-20,225
2024-08-21,225
2024-08-21,225
2024-08-21,225
2024-08-22,223.5
2024-08-22,224
2024-08-22,223
2024-08-23,222.5
2024-08-23,223
2024-08-23,222
2024-08-24,220.5
2024-08-24,221
2024-08-24,220
2024-08-25,218
2024-08-25,218
2024-08-25,218
2024-08-26,217
2024-08-26,217
2024-08-26,217
2024-08-27,217
2024-08-27,217
2024-08-27,217
2024-08-28,215
2024-08-28,216
2024-08-28,214
2024-08-29,213
2024-08-29,213
2024-08-29,213
2024-08-30,212
2024-08-30,214
2024-08-30,210
2024-08-31,209
2024-08-31,210
2024-08-31,208
2024-09-01,207.5
2024-09-01,208
2024-09-01,207
2024-09-02,206.5
2024-09-02,207
2024-09-02,206
2024-09-03,205
2024-09-03,206
2024-09-03,204
2024-09-04,204
2024-09-04,204
2024-09-04,204
2024-09-05,202.5
2024-09-05,203
2024-09-05,202
2024-09-06,201.5
2024-09-06,202
2024-09-06,201
2024-09-07,200
2024-09-07,201
2024-09-07,199
2024-09-08,198
2024-09-08,198
2024-09-08,198
2024-09-09,197
2024-09-09,198
2024-09-09,196
2024-09-10,194.5
2024-09-10,195
2024-09-10,194
2024-09-11,193
2024-09-11,193
2024-09-11,193
2024-09-12,210
2024-09-12,202
2024-09-12,218
2024-09-13,250.5
2024-09-13,245
2024-09-13,256
2024-09-14,260.5
2024-09-14,259
2024-09-14,262
2024-09-15,270.5
2024-09-15,271
2024-09-15,270
2024-09-16,252.5
2024-09-16,259
2024-09-16,246
2024-09-17,225
2024-09-17,230
2024-09-17,220
2024-09-18,202
2024-09-18,208
2024-09-18,196
2024-09-19,188.5
2024-09-19,197
2024-09-19,180
2024-09-20,181
2024-09-20,179
2024-09-20,183
2024-09-21,200
2024-09-21,190
2024-09-21,210
2024-09-22,227
2024-09-22,224
2024-09-22,230
2024-09-23,242.5
2024-09-23,240
2024-09-23,245
2024-09-24,224
2024-09-24,234
2024-09-24,214
2024-09-25,184
2024-09-25,194
2024-09-25,174
2024-09-26,165
2024-09-26,164
2024-09-26,166
2024-09-27,169
2024-09-27,170
2024-09-27,168
2024-09-28,174
2024-09-28,172
2024-09-28,176
2024-09-29,184
2024-09-29,182
2024-09-29,186
2024-09-30,183
2024-09-30,186
2024-09-30,180
2024-10-01,179
2024-10-01,180
2024-10-01,178
2024-10-02,172
2024-10-02,174
2024-10-02,170
2024-10-03,171.5
2024-10-03,169
2024-10-03,174
2024-10-04,187
2024-10-04,184
2024-10-04,190
2024-10-05,197
2024-10-05,198
2024-10-05,196
2024-10-06,193
2024-10-06,194
2024-10-06,192
2024-10-07,181
2024-10-07,186
2024-10-07,176
2024-10-08,166.5
2024-10-08,169
2024-10-08,164
2024-10-09,164
2024-10-09,164
2024-10-09,164
2024-10-10,163
2024-10-10,162
2024-10-10,164
2024-10-11,163.5
2024-10-11,163
2024-10-11,164
2024-10-12,165.5
2024-10-12,164
2024-10-12,167
2024-10-13,169.5
2024-10-13,169
2024-10-13,170
2024-10-14,174
2024-10-14,171
2024-10-14,177
2024-10-15,183
2024-10-15,184
2024-10-15,182
2024-10-16,171
2024-10-16,174
2024-10-16,168
2024-10-17,166.5
2024-10-17,166
2024-10-17,167
2024-10-18,181
2024-10-18,175
2024-10-18,187
2024-10-19,200.5
2024-10-19,191
2024-10-19,210
2024-10-20,236
2024-10-20,226
2024-10-20,246
2024-10-21,247.5
2024-10-21,246
2024-10-21,249
2024-10-22,236
2024-10-22,243
2024-10-22,229
2024-10-23,212
2024-10-23,216
2024-10-23,208
2024-10-24,201
2024-10-24,203
2024-10-24,199
2024-10-25,194
2024-10-25,196
2024-10-25,192
2024-10-26,194.5
2024-10-26,191
2024-10-26,198
2024-10-27,209
2024-10-27,208
2024-10-27,210
2024-10-28,228.5
2024-10-28,224
2024-10-28,233
2024-10-29,225
2024-10-29,230
2024-10-29,220
2024-10-30,202
2024-10-30,206
2024-10-30,198
2024-10-31,222
2024-10-31,212
2024-10-31,232
2024-11-01,255.5
2024-11-01,252
2024-11-01,259
2024-11-02,259
2024-11-02,262
2024-11-02,256
2024-11-03,232
2024-11-03,239
2024-11-03,225
2024-11-04,204.5
2024-11-04,211
2024-11-04,198
2024-11-05,178.5
2024-11-05,185
2024-11-05,172
2024-11-06,159
2024-11-06,160
2024-11-06,158
2024-11-07,175
2024-11-07,166
2024-11-07,184
2024-11-08,224.5
2024-11-08,215
2024-11-08,234
2024-11-09,251
2024-11-09,248
2024-11-09,254
2024-11-10,253.5
2024-11-10,253
2024-11-10,254
2024-11-11,268.5
2024-11-11,269
2024-11-11,268
2024-11-12,265
2024-11-12,268
2024-11-12,262
2024-11-13,252
2024-11-13,254
2024-11-13,250
2024-11-14,278.5
2024-11-14,267
2024-11-14,290
2024-11-15,323
2024-11-15,316
2024-11-15,330
2024-11-16,319
2024-11-16,326
2024-11-16,312
2024-11-17,282
2024-11-17,284
2024-11-17,280
2024-11-18,291.5
2024-11-18,285
2024-11-18,298
2024-11-19,315
2024-11-19,312
2024-11-19,318
2024-11-20,320
2024-11-20,320
2024-11-20,320
2024-11-21,326.5
2024-11-21,324
2024-11-21,329
2024-11-22,334.5
2024-11-22,336
2024-11-22,333
2024-11-23,333.5
2024-11-23,333
2024-11-23,334
2024-11-24,334.5
2024-11-24,336
2024-11-24,333
2024-11-25,331.5
2024-11-25,338
2024-11-25,325
2024-11-26,341.5
2024-11-26,338
2024-11-26,345
2024-11-27,346
2024-11-27,345
2024-11-27,347
2024-11-28,376.5
2024-11-28,364
2024-11-28,389
2024-11-29,410
2024-11-29,406
2024-11-29,414
2024-11-30,414
2024-11-30,414
2024-11-30,414
2024-12-01,391.5
2024-12-01,396
2024-12-01,387
2024-12-02,371.5
2024-12-02,377
2024-12-02,366
2024-12-03,366.5
2024-12-03,366
2024-12-03,367
2024-12-04,377.5
2024-12-04,373
2024-12-04,382
2024-12-05,381
2024-12-05,384
2024-12-05,378
2024-12-06,365
2024-12-06,369
2024-12-06,361
2024-12-07,362
2024-12-07,362
2024-12-07,362
2024-12-08,368
2024-12-08,362
2024-12-08,374
2024-12-09,384
2024-12-09,384
2024-12-09,384
2024-12-10,389
2024-12-10,390
2024-12-10,388
2024-12-11,379.5
2024-12-11,382
2024-12-11,377
2024-12-12,378
2024-12-12,380
2024-12-12,376
2024-12-13,378.5
2024-12-13,375
2024-12-13,382
2024-12-14,389.5
2024-12-14,385
2024-12-14,394
2024-12-15,383.5
2024-12-15,382
2024-12-15,385
2024-12-16,398
2024-12-16,397
2024-12-16,399
2024-12-17,409.5
2024-12-17,409
2024-12-17,410
2024-12-18,408.5
2024-12-18,410
2024-12-18,407
2024-12-19,405
2024-12-19,406
2024-12-19,404
2024-12-20,407.5
2024-12-20,404
2024-12-20,411
2024-12-21,434
2024-12-21,426
2024-12-21,442
2024-12-22,448
2024-12-22,449
2024-12-22,447
2024-12-23,449
2024-12-23,454
2024-12-23,444
2024-12-24,440.5
2024-12-24,442
2024-12-24,439
2024-12-25,415
2024-12-25,420
2024-12-25,410
2024-12-26,397
2024-12-26,395
2024-12-26,399
2024-12-27,424
2024-12-27,414
2024-12-27,434
2024-12-28,447
2024-12-28,446
2024-12-28,448
2024-12-29,442
2024-12-29,444
2024-12-29,440
2024-12-30,438.5
2024-12-30,440
2024-12-30,437
2024-12-31,436
2024-12-31,436
2024-12-31,436
2025-01-01,434
2025-01-01,434
2025-01-01,434
2025-01-02,445.5
2025-01-02,441
2025-01-02,450
2025-01-03,461
2025-01-03,459
2025-01-03,463
2025-01-04,485.5
2025-01-04,473
2025-01-04,498
2025-01-05,513
2025-01-05,516
2025-01-05,510
2025-01-06,500
2025-01-06,502
2025-01-06,498
2025-01-07,510
2025-01-07,505
2025-01-07,515
2025-01-08,529.5
2025-01-08,526
2025-01-08,533
2025-01-09,542.5
2025-01-09,542
2025-01-09,543
2025-01-10,562.5
2025-01-10,565
2025-01-10,560
2025-01-11,565.5
2025-01-11,564
2025-01-11,567
2025-01-12,601.5
2025-01-12,587
2025-01-12,616
2025-01-13,667.5
2025-01-13,653
2025-01-13,682
2025-01-14,721.5
2025-01-14,713
2025-01-14,730
2025-01-15,749.5
2025-01-15,744
2025-01-15,755
2025-01-16,768
2025-01-16,768
2025-01-16,768
2025-01-17,778
2025-01-17,775
2025-01-17,781
2025-01-18,801.5
2025-01-18,801
2025-01-18,802
2025-01-19,815.5
2025-01-19,812
2025-01-19,819
2025-01-20,832.5
2025-01-20,828
2025-01-20,837
2025-01-21,849
2025-01-21,846
2025-01-21,852
2025-01-22,861
2025-01-22,860
2025-01-22,862
2025-01-23,862
2025-01-23,862
2025-01-23,862
2025-01-24,856.5
2025-01-24,861
2025-01-24,852
2025-01-25,834
2025-01-25,840
2025-01-25,828
2025-01-26,814.5
2025-01-26,819
2025-01-26,810
2025-01-27,807
2025-01-27,808
2025-01-27,806
2025-01-28,810
2025-01-28,809
2025-01-28,811
2025-01-29,809
2025-01-29,808
2025-01-29,810
2025-01-30,815
2025-01-30,812
2025-01-30,818
2025-01-31,798.5
2025-01-31,807
2025-01-31,790
2025-02-01,761.5
2025-02-01,767
2025-02-01,756
2025-02-02,761
2025-02-02,760
2025-02-02,762
2025-02-03,770
2025-02-03,768
2025-02-03,772
2025-02-04,788.5
2025-02-04,785
2025-02-04,792
2025-02-05,799
2025-02-05,796
2025-02-05,802
2025-02-06,815
2025-02-06,810
2025-02-06,820
2025-02-07,848
2025-02-07,840
2025-02-07,856
2025-02-08,877.5
2025-02-08,870
2025-02-08,885
2025-02-09,906
2025-02-09,902
2025-02-09,910
2025-02-10,919.5
2025-02-10,917
2025-02-10,922
2025-02-11,926
2025-02-11,924
2025-02-11,928
2025-02-12,932
2025-02-12,931
2025-02-12,933
2025-02-13,922.5
2025-02-13,925
2025-02-13,920
2025-02-14,900
2025-02-14,905
2025-02-14,895
2025-02-15,892
2025-02-15,892
2025-02-15,892
2025-02-16,907.5
2025-02-16,903
2025-02-16,912
2025-02-17,927
2025-02-17,926
2025-02-17,928
2025-02-18,940
2025-02-18,936
2025-02-18,944
2025-02-19,952
2025-02-19,950
2025-02-19,954
2025-02-20,952
2025-02-20,952
2025-02-20,952
2025-02-21,953
2025-02-21,954
2025-02-21,952
2025-02-22,941.5
2025-02-22,947
2025-02-22,936
2025-02-23,927
2025-02-23,928
2025-02-23,926
2025-02-24,934
2025-02-24,932
2025-02-24,936
2025-02-25,943
2025-02-25,940
2025-02-25,946
2025-02-26,966.5
2025-02-26,962
2025-02-26,971
2025-02-27,986
2025-02-27,984
2025-02-27,988
2025-02-28,992.5
2025-02-28,992
2025-02-28,993
2025-03-01,995.5
2025-03-01,995
2025-03-01,996
2025-03-02,1001
2025-03-02,1001
2025-03-02,1001
2025-03-03,1005.5
2025-03-03,1008
2025-03-03,1003
2025-03-04,993.5
2025-03-04,997
2025-03-04,990
2025-03-05,993
2025-03-05,993
2025-03-05,993
2025-03-06,1005.5
2025-03-06,1002
2025-03-06,1009
2025-03-07,1017.5
2025-03-07,1015
2025-03-07,1020
2025-03-08,1020
2025-03-08,1022
2025-03-08,1018
2025-03-09,1020
2025-03-09,1022
2025-03-09,1018
2025-03-10,1009
2025-03-10,1010
2025-03-10,1008
2025-03-11,1000
2025-03-11,1001
2025-03-11,999
2025-03-12,979.5
2025-03-12,985
2025-03-12,974
2025-03-13,947.5
2025-03-13,955
2025-03-13,940
2025-03-14,932
2025-03-14,936
2025-03-14,928
2025-03-15,923
2025-03-15,924
2025-03-15,922
2025-03-16,922
2025-03-16,924
2025-03-16,920
2025-03-17,916.5
2025-03-17,922
2025-03-17,911
2025-03-18,907.5
2025-03-18,908
2025-03-18,907
2025-03-19,910.5
2025-03-19,909
2025-03-19,912
2025-03-20,921.5
2025-03-20,919
2025-03-20,924
2025-03-21,939
2025-03-21,940
2025-03-21,938
2025-03-22,944
2025-03-22,942
2025-03-22,946
2025-03-23,972.5
2025-03-23,965
2025-03-23,980
2025-03-24,997.5
2025-03-24,994
2025-03-24,1001
2025-03-25,1001.5
2025-03-25,1002
2025-03-25,1001
2025-03-26,987.5
2025-03-26,995
2025-03-26,980
2025-03-27,940.5
2025-03-27,952
2025-03-27,929
2025-03-28,912
2025-03-28,913
2025-03-28,911
2025-03-29,911
2025-03-29,911
2025-03-29,911
2025-03-30,907.5
2025-03-30,908
2025-03-30,907
2025-03-31,908.5
2025-03-31,907
2025-03-31,910
2025-04-01,919
2025-04-01,918
2025-04-01,920
2025-04-02,916.5
2025-04-02,920
2025-04-02,913
2025-04-03,896.5
2025-04-03,902
2025-04-03,891
2025-04-04,877.5
2025-04-04,880
2025-04-04,875
2025-04-05,863.5
2025-04-05,867
2025-04-05,860
2025-04-06,845.5
2025-04-06,851
2025-04-06,840
2025-04-07,827.5
2025-04-07,833
2025-04-07,822
2025-04-08,810
2025-04-08,814
2025-04-08,806
2025-04-09,791.5
2025-04-09,797
2025-04-09,786
2025-04-10,782.5
2025-04-10,784
2025-04-10,781
2025-04-11,781
2025-04-11,779
2025-04-11,783
2025-04-12,781.5
2025-04-12,781
2025-04-12,782
2025-04-13,788.5
2025-04-13,787
2025-04-13,790
2025-04-14,783
2025-04-14,787
2025-04-14,779
2025-04-15,771
2025-04-15,775
2025-04-15,767
2025-04-16,752.5
2025-04-16,752
2025-04-16,753
2025-04-17,776
2025-04-17,769
2025-04-17,783
2025-04-18,774
2025-04-18,776
2025-04-18,772
2025-04-19,774
2025-04-19,775
2025-04-19,773
2025-04-20,774
2025-04-20,776
2025-04-20,772
2025-04-21,774
2025-04-21,775
2025-04-21,773
2025-04-22,765
2025-04-22,770
2025-04-22,760
2025-04-23,751
2025-04-23,754
2025-04-23,748
2025-04-24,739.5
2025-04-24,742
2025-04-24,737
2025-04-25,739
2025-04-25,746
2025-04-25,732
2025-04-26,727.5
2025-04-26,727
2025-04-26,728
2025-04-27,733.5
2025-04-27,732
2025-04-27,735
2025-04-28,738
2025-04-28,739
2025-04-28,737
2025-04-29,732.5
2025-04-29,735
2025-04-29,730
2025-04-30,731.5
2025-04-30,729
2025-04-30,734
2025-05-01,744
2025-05-01,744
2025-05-01,744
2025-05-02,739
2025-05-02,739
2025-05-02,739
2025-05-03,711.5
2025-05-03,715
2025-05-03,708
2025-05-04,705
2025-05-04,706
2025-05-04,704
2025-05-05,700
2025-05-05,702
2025-05-05,698
2025-05-06,692.5
2025-05-06,695
2025-05-06,690
2025-05-07,690.5
2025-05-07,689
2025-05-07,692
2025-05-08,697
2025-05-08,697
2025-05-08,697
2025-05-09,693.5
2025-05-09,695
2025-05-09,692
2025-05-10,677
2025-05-10,683
2025-05-10,671
2025-05-11,664
2025-05-11,666
2025-05-11,662
2025-05-12,661.5
2025-05-12,660
2025-05-12,663
2025-05-13,670.5
2025-05-13,671
2025-05-13,670
2025-05-14,654
2025-05-14,660
2025-05-14,648
2025-05-15,637
2025-05-15,639
2025-05-15,635
2025-05-16,633
2025-05-16,634
2025-05-16,632
2025-05-17,627
2025-05-17,630
2025-05-17,624
2025-05-18,620
2025-05-18,622
2025-05-18,618
2025-05-19,613.5
2025-05-19,616
2025-05-19,611
2025-05-20,601.5
2025-05-20,606
2025-05-20,597
2025-05-21,593.5
2025-05-21,593
2025-05-21,594
2025-05-22,613
2025-05-22,610
2025-05-22,616
2025-05-23,604
2025-05-23,609
2025-05-23,599
2025-05-24,587
2025-05-24,590
2025-05-24,584
2025-05-25,574.5
2025-05-25,577
2025-05-25,572
2025-05-26,568.5
2025-05-26,569
2025-05-26,568
2025-05-27,571
2025-05-27,572
2025-05-27,570
2025-05-28,556.5
2025-05-28,562
2025-05-28,551
2025-05-29,544
2025-05-29,548
2025-05-29,540
2025-05-30,540
2025-05-30,540
2025-05-30,540
2025-05-31,544
2025-05-31,545
2025-05-31,543
2025-06-01,540.5
2025-06-01,541
2025-06-01,540
2025-06-02,543.5
2025-06-02,544
2025-06-02,543
2025-06-03,536.5
2025-06-03,538
2025-06-03,535
2025-06-04,527.5
2025-06-04,530
2025-06-04,525
2025-06-05,520.5
2025-06-05,522
2025-06-05,519
2025-06-06,513.5
2025-06-06,515
2025-06-06,512
2025-06-07,516
2025-06-07,516
2025-06-07,516
2025-06-08,520
2025-06-08,520
2025-06-08,520
2025-06-09,513.5
2025-06-09,516
2025-06-09,511
2025-06-10,504
2025-06-10,506
2025-06-10,502
2025-06-11,498.5
2025-06-11,499
2025-06-11,498
2025-06-12,500
2025-06-12,501
2025-06-12,499
2025-06-13,497
2025-06-13,498
2025-06-13,496
2025-06-14,495
2025-06-14,498
2025-06-14,492
2025-06-15,492
2025-06-15,492
2025-06-15,492
2025-06-16,481.5
2025-06-16,485
2025-06-16,478
2025-06-17,478
2025-06-17,480
2025-06-17,476
2025-06-18,474
2025-06-18,477
2025-06-18,471
2025-06-19,474
2025-06-19,474
2025-06-19,474
2025-06-20,470
2025-06-20,472
2025-06-20,468
2025-06-21,466.5
2025-06-21,468
2025-06-21,465
2025-06-22,465.5
2025-06-22,466
2025-06-22,465
2025-06-23,466
2025-06-23,466
2025-06-23,466
2025-06-24,466.5
2025-06-24,467
2025-06-24,466
2025-06-25,467
2025-06-25,466
2025-06-25,468
2025-06-26,466.5
2025-06-26,468
2025-06-26,465
2025-06-27,462
2025-06-27,464
2025-06-27,460
2025-06-28,456
2025-06-28,459
2025-06-28,453
2025-06-29,451
2025-06-29,452
2025-06-29,450
2025-06-30,450
2025-06-30,450
2025-06-30,450
2025-07-01,447
2025-07-01,448
2025-07-01,446
2025-07-02,445
2025-07-02,445
2025-07-02,445
2025-07-03,445
2025-07-03,446
2025-07-03,444
2025-07-04,446
2025-07-04,449
2025-07-04,443
2025-07-05,441
2025-07-05,441
2025-07-05,441
2025-07-06,438
2025-07-06,438
2025-07-06,438
2025-07-07,436.5
2025-07-07,438
2025-07-07,435
2025-07-08,435
2025-07-08,436
2025-07-08,434
2025-07-09,431.5
2025-07-09,434
2025-07-09,429
2025-07-10,429
2025-07-10,431
2025-07-10,427
2025-07-11,427
2025-07-11,427
2025-07-11,427
2025-07-12,424.5
2025-07-12,426
2025-07-12,423
2025-07-13,420.5
2025-07-13,419
2025-07-13,422
2025-07-14,422.5
2025-07-14,424
2025-07-14,421
2025-07-15,421
2025-07-15,422
2025-07-15,420
2025-07-16,418.5
2025-07-16,420
2025-07-16,417
2025-07-17,417
2025-07-17,418
2025-07-17,416
2025-07-18,413
2025-07-18,414
2025-07-18,412
2025-07-19,409.5
2025-07-19,411
2025-07-19,408
2025-07-20,406.5
2025-07-20,409
2025-07-20,404
2025-07-21,406
2025-07-21,406
2025-07-21,406
2025-07-22,400
2025-07-22,401
2025-07-22,399
2025-07-23,387
2025-07-23,387
2025-07-23,387
2025-07-24,384.5
2025-07-24,383
2025-07-24,386
2025-07-25,379.5
2025-07-25,380
2025-07-25,379
2025-07-26,374.5
2025-07-26,379
2025-07-26,370
2025-07-27,368.5
2025-07-27,369
2025-07-27,368
2025-07-28,363.5
2025-07-28,365
2025-07-28,362
2025-07-29,359.5
2025-07-29,365
2025-07-29,354
2025-07-30,350
2025-07-30,350
2025-07-30,350
2025-07-31,348.5
2025-07-31,349
2025-07-31,348
2025-08-01,344.5
2025-08-01,346
2025-08-01,343
2025-08-02,341.5
2025-08-02,343
2025-08-02,340
2025-08-03,338
2025-08-03,340
2025-08-03,336
2025-08-04,333
2025-08-04,333
2025-08-04,333
2025-08-05,330.5
2025-08-05,332
2025-08-05,329
2025-08-06,327
2025-08-06,328
2025-08-06,326
2025-08-07,325
2025-08-07,326
2025-08-07,324
2025-08-08,326
2025-08-08,324
2025-08-08,328
2025-08-09,323
2025-08-09,325
2025-08-09,321
2025-08-10,318.5
2025-08-10,317
2025-08-10,320
2025-08-11,316.5
2025-08-11,318
2025-08-11,315
2025-08-12,311
2025-08-12,312
2025-08-12,310
2025-08-13,306
2025-08-13,309
2025-08-13,303
2025-08-14,301.5
2025-08-14,301
2025-08-14,302
2025-08-15,299.5
2025-08-15,300
2025-08-15,299
2025-08-16,294.5
2025-08-16,296
2025-08-16,293
2025-08-17,293
2025-08-17,292
2025-08-17,294
2025-08-18,296.5
2025-08-18,297
2025-08-18,296
2025-08-19,291
2025-08-19,292
2025-08-19,290
2025-08-20,289
2025-08-20,290
2025-08-20,288
2025-08-21,283.5
2025-08-21,285
2025-08-21,282
2025-08-22,283
2025-08-22,284
2025-08-22,282
2025-08-23,281
2025-08-23,282
2025-08-23,280
2025-08-24,279
2025-08-24,280
2025-08-24,278
2025-08-25,277.5
2025-08-25,279
2025-08-25,276
2025-08-26,278
2025-08-26,278
2025-08-26,278
2025-08-27,275.5
2025-08-27,276
2025-08-27,275
2025-08-28,273.5
2025-08-28,274
2025-08-28,273
2025-08-29,272.5
2025-08-29,273
2025-08-29,272
2025-08-30,272
2025-08-30,274
2025-08-30,270
2025-08-31,267.5
2025-08-31,269
2025-08-31,266
2025-09-01,264.5
2025-09-01,266
2025-09-01,263
2025-09-02,261
2025-09-02,262
2025-09-02,260
2025-09-03,258.5
2025-09-03,259
2025-09-03,258
2025-09-04,256
2025-09-04,256
2025-09-04,256
2025-09-05,251
2025-09-05,252
2025-09-05,250
2025-09-06,248
2025-09-06,249
2025-09-06,247
2025-09-07,246.5
2025-09-07,247
2025-09-07,246
2025-09-08,243.5
2025-09-08,244
2025-09-08,243
2025-09-09,240.5
2025-09-09,242
2025-09-09,239
2025-09-10,238
2025-09-10,238
2025-09-10,238
2025-09-11,235.5
2025-09-11,237
2025-09-11,234
2025-09-12,231.5
2025-09-12,231
2025-09-12,232
2025-09-13,230
2025-09-13,232
2025-09-13,228
2025-09-14,226
2025-09-14,226
2025-09-14,226
2025-09-15,224.5
2025-09-15,226
2025-09-15,223
2025-09-16,221.5
2025-09-16,222
2025-09-16,221
2025-09-17,219.5
2025-09-17,219
2025-09-17,220
2025-09-18,215
2025-09-18,216
2025-09-18,214
2025-09-19,214.5
2025-09-19,215
2025-09-19,214
2025-09-20,215.5
2025-09-20,216
2025-09-20,215
2025-09-21,216
2025-09-21,216
2025-09-21,216
2025-09-22,216.5
2025-09-22,217
2025-09-22,216
2025-09-23,213
2025-09-23,215
2025-09-23,211
2025-09-24,203
2025-09-24,205
2025-09-24,201
2025-09-25,195.5
2025-09-25,196
2025-09-25,195
2025-09-26,191
2025-09-26,190
2025-09-26,192
2025-09-27,196
2025-09-27,194
2025-09-27,198
2025-09-28,197.5
2025-09-28,197
2025-09-28,198
2025-09-29,197.5
2025-09-29,198
2025-09-29,197
2025-09-30,196
2025-09-30,196
2025-09-30,196
2025-10-01,199
2025-10-01,199
2025-10-01,199
2025-10-02,201
2025-10-02,198
2025-10-02,204
2025-10-03,207
2025-10-03,207
2025-10-03,207
2025-10-04,199.5
2025-10-04,203
2025-10-04,196
2025-10-05,192.5
2025-10-05,198
2025-10-05,187
2025-10-06,183.5
2025-10-06,185
2025-10-06,182
2025-10-07,180.5
2025-10-07,182
2025-10-07,179
2025-10-08,178
2025-10-08,178
2025-10-08,178
2025-10-09,176
2025-10-09,178
2025-10-09,174
2025-10-10,173.5
2025-10-10,172
2025-10-10,175
2025-10-11,174.5
2025-10-11,175
2025-10-11,174
2025-10-12,177
2025-10-12,175
2025-10-12,179
2025-10-13,179
2025-10-13,179
2025-10-13,179
2025-10-14,175.5
2025-10-14,177
2025-10-14,174
2025-10-15,174
2025-10-15,177
2025-10-15,171
2025-10-16,169
2025-10-16,169
2025-10-16,169
2025-10-17,169.5
2025-10-17,169
2025-10-17,170
2025-10-18,168.5
2025-10-18,169
2025-10-18,168
2025-10-19,167
2025-10-19,168
2025-10-19,166
2025-10-20,167
2025-10-20,166
2025-10-20,168
2025-10-21,173.5
2025-10-21,173
2025-10-21,174
2025-10-22,169.5
2025-10-22,170
2025-10-22,169
2025-10-23,166.5
2025-10-23,167
2025-10-23,166
2025-10-24,167
2025-10-24,167
2025-10-24,167
2025-10-25,175
2025-10-25,173
2025-10-25,177
2025-10-26,176
2025-10-26,174
2025-10-26,178
2025-10-27,176.5
2025-10-27,177
2025-10-27,176
2025-10-28,174
2025-10-28,174
2025-10-28,174
2025-10-29,172.5
2025-10-29,174
2025-10-29,171
2025-10-30,170
2025-10-30,170
2025-10-30,170
2025-10-31,166.5
2025-10-31,168
2025-10-31,165
2025-11-01,159
2025-11-01,161
2025-11-01,157
2025-11-02,154
2025-11-02,154
2025-11-02,154
2025-11-03,155
2025-11-03,154
2025-11-03,154
2025-11-04,156.5
2025-11-04,156
2025-11-04,157
2025-11-05,157.5
2025-11-05,158
2025-11-05,157
2025-11-06,166
2025-11-06,168
2025-11-06,164
2025-11-07,169
2025-11-07,169
2025-11-07,169
2025-11-08,166.5
2025-11-08,167
2025-11-08,166
2025-11-09,165.5
2025-11-09,165
2025-11-09,166
2025-11-10,174
2025-11-10,174
2025-11-10,174
2025-11-11,171.5
2025-11-11,172
2025-11-11,171
2025-11-12,171.5
2025-11-12,172
2025-11-12,171
2025-11-13,172
2025-11-13,172
2025-11-13,172
2025-11-14,174
2025-11-14,174
2025-11-14,174
2025-11-15,175
2025-11-15,175
2025-11-15,175
2025-11-16,175.5
2025-11-16,176
2025-11-16,176
2025-11-17,179
2025-11-17,180
2025-11-17,178
2025-11-18,179.5
2025-11-18,179
2025-11-18,180
2025-11-19,182
2025-11-19,181
2025-11-19,183
2025-11-20,185.5
2025-11-20,185
2025-11-20,186
2025-11-21,183
2025-11-21,186
2025-11-21,180
2025-11-22,175
2025-11-22,176
2025-11-22,174
2025-11-23,174
2025-11-23,174
2025-11-23,174
2025-11-24,173.5
2025-11-24,174
2025-11-24,173
2025-11-25,173
2025-11-25,173
2025-11-25,173
2025-11-26,172.5
2025-11-26,173
2025-11-26,172
2025-11-27,172.5
2025-11-27,170
2025-11-27,175
2025-11-28,184
2025-11-28,181
2025-11-28,187
2025-11-29,198.5
2025-11-29,194
2025-11-29,203
2025-11-30,217
2025-11-30,216
2025-11-30,218
2025-12-01,225
2025-12-01,220
2025-12-01,230
2025-12-02,237.5
2025-12-02,235
2025-12-02,240
2025-12-03,253
2025-12-03,250
2025-12-03,256
2025-12-04,269.5
2025-12-04,266
2025-12-04,273
2025-12-05,287
2025-12-05,284
2025-12-05,290
2025-12-06,309.5
2025-12-06,311
2025-12-06,308
2025-12-07,322
2025-12-07,318
2025-12-07,326
2025-12-08,345.5
2025-12-08,338
2025-12-08,353
2025-12-09,396.5
2025-12-09,385
2025-12-09,408
2025-12-10,411
2025-12-10,412
2025-12-10,410
2025-12-11,402.5
2025-12-11,404
2025-12-11,401
2025-12-12,393.5
2025-12-12,396
2025-12-12,391
2025-12-13,391
2025-12-13,390
2025-12-13,392
2025-12-14,368
2025-12-14,372
2025-12-14,364
2025-12-15,348
2025-12-15,360
2025-12-15,336
2025-12-16,318.5
2025-12-16,324
2025-12-16,313
2025-12-17,302
2025-12-17,305
2025-12-17,299
2025-12-18,311
2025-12-18,307
2025-12-18,315
2025-12-19,328.5
2025-12-19,327
2025-12-19,330
2025-12-20,327
2025-12-20,329
2025-12-20,325
2025-12-21,332.5
2025-12-21,331
2025-12-21,334
2025-12-22,347.5
2025-12-22,343
2025-12-22,352
2025-12-23,343.5
2025-12-23,343
2025-12-23,344
2025-12-24,378.5
2025-12-24,363
2025-12-24,394
2025-12-25,456
2025-12-25,443
2025-12-25,469
2025-12-26,477.5
2025-12-26,480
2025-12-26,475
2025-12-27,472
2025-12-27,456
2025-12-27,488
2025-12-28,512
2025-12-28,507
2025-12-28,517
2025-12-29,507
2025-12-29,513
2025-12-29,501
2025-12-30,484
2025-12-30,490
2025-12-30,478
2025-12-31,471.5
2025-12-31,474
2025-12-31,469
2026-01-01,462.5
2026-01-01,468
2026-01-01,457
2026-01-02,452.5
2026-01-02,454
2026-01-02,451
2026-01-03,447.5
2026-01-03,452
2026-01-03,443
2026-01-04,445
2026-01-04,448
2026-01-04,442
2026-01-05,421
2026-01-05,430
2026-01-05,412
2026-01-06,373.5
2026-01-06,383
2026-01-06,364
2026-01-07,378
2026-01-07,368
2026-01-07,388
2026-01-08,419.5
2026-01-08,410
2026-01-08,429
2026-01-09,481.5
2026-01-09,468
2026-01-09,495
2026-01-10,497
2026-01-10,496
2026-01-10,498
2026-01-11,474.5
2026-01-11,479
2026-01-11,470
2026-01-12,461
2026-01-12,468
2026-01-12,454
2026-01-13,451
2026-01-13,452
2026-01-13,450
2026-01-14,443.5
2026-01-14,445
2026-01-14,442
2026-01-15,445
2026-01-15,442
2026-01-15,448
2026-01-16,470
2026-01-16,460
2026-01-16,480
2026-01-17,497.5
2026-01-17,484
2026-01-17,511
2026-01-18,532
2026-01-18,534
2026-01-18,530
2026-01-19,534
2026-01-19,538
2026-01-19,530
2026-01-20,498.5
2026-01-20,509
2026-01-20,488
2026-01-21,488
2026-01-21,486
2026-01-21,490
2026-01-22,492.5
2026-01-22,493
2026-01-22,492
2026-01-23,476
2026-01-23,459
2026-01-23,493
2026-01-24,471
2026-01-24,478
2026-01-24,464
2026-01-25,459
2026-01-25,456
2026-01-25,462
2026-01-26,468.5
2026-01-26,471
2026-01-26,466
2026-01-27,462.5
2026-01-27,461
2026-01-27,464
2026-01-28,482.5
2026-01-28,477
2026-01-28,488
2026-01-29,495.5
2026-01-29,492
2026-01-29,499
2026-01-30,505.5
2026-01-30,507
2026-01-30,504
2026-01-31,486
2026-01-31,494
2026-01-31,478
2026-02-01,459
2026-02-01,462
2026-02-01,456
2026-02-02,464.5
2026-02-02,465
2026-02-02,464
2026-02-03,447
2026-02-03,452
2026-02-03,442
2026-02-04,441.5
2026-02-04,438
2026-02-04,445
2026-02-05,467
2026-02-05,463
2026-02-05,471
2026-02-06,486.5
2026-02-06,483
2026-02-06,490
2026-02-07,506.5
2026-02-07,504
2026-02-07,509
2026-02-08,511.5
2026-02-08,514
2026-02-08,509
2026-02-09,494.5
2026-02-09,499
2026-02-09,490
2026-02-10,479.5
2026-02-10,481
2026-02-10,478
2026-02-11,486.5
2026-02-11,483
2026-02-11,490
2026-02-12,498
2026-02-12,495
2026-02-12,501
2026-02-13,529.5
2026-02-13,521
2026-02-13,538
2026-02-14,556
2026-02-14,554
2026-02-14,558
2026-02-15,581
2026-02-15,574
2026-02-15,588
2026-02-16,605.5
2026-02-16,608
2026-02-16,603
2026-02-17,611.5
2026-02-17,612
2026-02-17,611
2026-02-18,636.5
2026-02-18,630
2026-02-18,643
2026-02-19,652.5
2026-02-19,652
2026-02-19,653
2026-02-20,655
2026-02-20,652
2026-02-20,658
2026-02-21,661
2026-02-21,660
2026-02-21,662
2026-02-22,662.5
2026-02-22,662
2026-02-22,663
2026-02-23,660
2026-02-23,662
2026-02-23,658
2026-02-24,648.5
2026-02-24,653
2026-02-24,644
2026-02-25,643
2026-02-25,640
2026-02-25,646
2026-02-26,656.5
2026-02-26,656
2026-02-26,657
2026-02-27,670.5
2026-02-27,666
2026-02-27,675
2026-02-28,715
2026-02-28,706
2026-02-28,724
2026-03-01,752.58
2026-03-02,769.27
2026-03-03,798.93
2026-03-04,840.76
2026-03-05,890.8
2026-03-06,936.34
2026-03-07,967.59
2026-03-08,997.66
2026-03-09,1024.09
2026-03-10,1036.17
2026-03-11,1035.1
2026-03-12,1027.21
2026-03-13,1021.53
2026-03-14,1017.4
2026-03-15,1014.99
2026-03-16,998.32
2026-03-17,969.46
2026-03-18,955.49
2026-03-19,951.29
2026-03-20,943.91
2026-03-21,931.03
2026-03-22,931.61
2026-03-23,955.19
2026-03-24,967.74
2026-03-25,966.22
2026-03-26,968.79
2026-03-27,974.24
2026-03-28,968.61
2026-03-29,974.96
2026-03-30,977.81
2026-03-31,975.43
2026-04-01,965.55
2026-04-02,971.07
2026-04-03,979.76
2026-04-04,977.16
2026-04-05,980.79
2026-04-06,983.84
2026-04-07,984.02
2026-04-08,976.62
2026-04-09,967.25
2026-04-10,954.3
2026-04-11,926.15
2026-04-12,903.5
2026-04-13,882.05
2026-04-14,857.99
2026-04-15,863.2
2026-04-16,888.78
2026-04-17,893.32
2026-04-18,885.99
2026-04-19,868.76
2026-04-20,874.11
2026-04-21,900.45
2026-04-22,926.15
2026-04-23,967.85
2026-04-24,995.41
2026-04-25,1007.97
2026-04-26,1008.67
2026-04-27,987.92
2026-04-28,960.91
2026-04-29,945.34
2026-04-30,928.85
2026-05-01,907.01
2026-05-02,895.31
2026-05-03,879.04
2026-05-04,859.32
2026-05-05,833.7
2026-05-06,814.32
2026-05-07,797.65
2026-05-08,772.99
2026-05-09,759.32
2026-05-10,746.17
2026-05-11,740.71
2026-05-12,740.23
2026-05-13,736.8
2026-05-14,726.58
2026-05-15,715.5
2026-05-16,702.3
2026-05-17,692.32
2026-05-18,682.62
2026-05-19,666.89
2026-05-20,645.02
2026-05-21,625.25
2026-05-22,604.12
2026-05-23,593.06
2026-05-24,586.93
2026-05-25,572.96
2026-05-26,561.82
2026-05-27,550.06
2026-05-28,538.23
2026-05-29,527.22
2026-05-30,518.65
2026-05-31,513.58
2026-06-01,509.29
2026-06-02,509.1
2026-06-03,502.56
2026-06-04,498.96
2026-06-05,500.46
2026-06-06,497.42
2026-06-07,495.98
2026-06-08,494.68
2026-06-09,493.36
2026-06-10,490.04
2026-06-11,487.32
2026-06-12,484.92
2026-06-13,480.58
2026-06-14,476.04
2026-06-15,481.0
2026-06-16,468.47
2026-06-17,453.35
2026-06-18,447.52
2026-06-19,446.14
2026-06-20,443.53
2026-06-21,439.32
2026-06-22,435.02
2026-06-23,431.11
2026-06-24,427.45
2026-06-25,424.05
2026-06-26,419.88
2026-06-27,414.42
2026-06-28,410.14
2026-06-29,408.5
2026-06-30,405.9
2026-07-01,402.31
2026-07-02,397.28
2026-07-03,394.01
2026-07-04,390.72
2026-07-05,388.27
2026-07-06,386.44
2026-07-07,382.28
2026-07-08,380.29
2026-07-09,377.4
2026-07-10,373.91
2026-07-11,369.31
2026-07-12,365.98
2026-07-13,360.24
2026-07-14,350.02
2026-07-15,344.5
2026-07-16,341.67
2026-07-17,342.42
2026-07-18,342.17
2026-07-19,341.39
2026-07-20,340.41
2026-07-21,339.44
2026-07-22,339.9
2026-07-23,335.81
2026-07-24,332.85
2026-07-25,326.88
2026-07-26,324.58
2026-07-27,323.75
2026-07-28,321.6
2026-07-29,318.43
2026-07-30,316.16
2026-07-31,311.97
2026-08-01,309.17
2026-08-02,306.18
2026-08-03,303.56
2026-08-04,300.22
2026-08-05,298.36
2026-08-06,295.29
2026-08-07,291.84
2026-08-08,288.77
2026-08-09,284.12
2026-08-10,280.94
2026-08-11,277.47
2026-08-12,272.62
2026-08-13,268.98
2026-08-14,262.44
2026-08-15,259.6
2026-08-16,256.13
2026-08-17,254.17
2026-08-18,250.49
2026-08-19,247.32
2026-08-20,243.91
2026-08-21,242.9
2026-08-22,239.76
2026-08-23,236.76
2026-08-24,234.68
2026-08-25,234.04
2026-08-26,232.17
2026-08-27,228.7
2026-08-28,225.17
2026-08-29,221.7
2026-08-30,219.42
2026-08-31,217.88
2026-09-01,215.76
2026-09-02,211.73
2026-09-03,209.46
2026-09-04,207.02
2026-09-05,204.42
2026-09-06,203.49
2026-09-07,202.39
2026-09-08,201.62
2026-09-09,201.08
2026-09-10,199.58
2026-09-11,198.43
2026-09-12,197.99
2026-09-13,197.73
2026-09-14,199.53
2026-09-15,199.61
2026-09-16,198.92
2026-09-17,197.61
2026-09-18,197.81
2026-09-19,209.23
2026-09-20,215.03
2026-09-21,206.96
2026-09-22,194.29
2026-09-23,183.19
2026-09-24,175.63
2026-09-25,205.05
2026-09-26,219.42
2026-09-27,217.31
2026-09-28,217.94
