Data,Cota
2016-11-22,89
2016-11-23,92
2016-11-24,92
2016-11-25,92
2016-11-26,95
2016-11-27,100
2016-11-28,104
2016-11-29,104
2016-11-30,107
2016-12-01,106
2016-12-02,105
2016-12-03,103
2016-12-04,99
2016-12-05,98
2016-12-06,91
2016-12-07,87
2016-12-08,90
2016-12-09,93
2016-12-10,101
2016-12-11,105
2016-12-12,109
2016-12-13,114
2016-12-14,119
2016-12-15,124
2016-12-16,127
2016-12-17,122
2016-12-18,114
2016-12-19,109
2016-12-20,102
2016-12-21,93
2016-12-22,96
2016-12-23,91
2016-12-24,90
2016-12-25,89
2016-12-26,94
2016-12-27,103
2016-12-28,118
2016-12-29,127
2016-12-30,142
2016-12-31,147
2017-01-01,150
2017-01-02,153
2017-01-03,150
2017-01-04,150
2017-01-05,151
2017-01-06,147
2017-01-07,148
2017-01-08,159
2017-01-09,162
2017-01-10,164
2017-01-11,168
2017-01-12,175
2017-01-13,182
2017-01-14,183
2017-01-15,180
2017-01-16,187
2017-01-17,186
2017-01-18,188
2017-01-19,182
2017-01-20,173
2017-01-21,168
2017-01-22,167
2017-01-23,176
2017-01-24,183
2017-01-25,185
2017-01-26,191
2017-01-27,199
2017-01-28,209
2017-01-29,222
2017-01-30,234
2017-01-31,240
2017-02-01,249
2017-02-02,251
2017-02-03,250
2017-02-04,247
2017-02-05,243
2017-02-06,242
2017-02-07,244
2017-02-08,251
2017-02-09,264
2017-02-10,269
2017-02-11,275
2017-02-12,281
2017-02-13,288
2017-02-14,297
2017-02-15,302
2017-02-16,303
2017-02-17,308
2017-02-18,310
2017-02-19,309
2017-02-20,312
2017-02-21,324
2017-02-22,331
2017-02-23,334
2017-02-24,343
2017-02-25,356
2017-02-26,366
2017-02-27,377
2017-02-28,391
2017-03-01,397
2017-03-02,392
2017-03-03,397
2017-03-04,398
2017-03-05,399
2017-03-06,399
2017-03-07,397
2017-03-08,396
2017-03-09,395
2017-03-10,389
2017-03-11,388
2017-03-12,389
2017-03-13,359
2017-03-14,353
2017-03-15,345
2017-03-16,344
2017-03-17,345
2017-03-18,338
2017-03-19,324
2017-03-20,328
2017-03-21,332
2017-03-22,325
2017-03-23,314
2017-03-24,307
2017-03-25,314
2017-03-26,318
2017-03-27,324
2017-03-28,328
2017-03-29,327
2017-03-30,329
2017-03-31,330
2017-04-01,333
2017-04-02,334
2017-04-03,330
2017-04-04,327
2017-04-05,325
2017-04-06,319
2017-04-07,314
2017-04-08,309
2017-04-09,307
2017-04-10,304
2017-04-11,305
2017-04-12,308
2017-04-13,311
2017-04-14,307
2017-04-15,305
2017-04-16,305
2017-04-17,302
2017-04-18,303
2017-04-19,300
2017-04-20,289
2017-04-21,273
2017-04-22,278
2017-04-23,275
2017-04-24,274
2017-04-25,275
2017-04-26,274
2017-04-27,274
2017-04-28,277
2017-04-29,276
2017-04-30,275
2017-05-01,262
2017-05-02,258
2017-05-03,260
2017-05-04,249
2017-05-05,243
2017-05-06,243
2017-05-07,243
2017-05-08,243
2017-05-09,241
2017-05-10,238
2017-05-11,218
2017-05-12,202
2017-05-13,203
2017-05-14,200
2017-05-15,196
2017-05-16,184
2017-05-17,176
2017-05-18,165
2017-05-19,169
2017-05-20,172
2017-05-21,167
2017-05-22,172
2017-05-23,180
2017-05-24,182
2017-05-25,176
2017-05-26,174
2017-05-27,175
2017-05-28,173
2017-05-29,170
2017-05-30,169
2017-05-31,170
2017-06-01,164
2017-06-02,155
2017-06-03,149
2017-06-04,141
2017-06-05,120
2017-07-17,230
2017-07-18,228
2017-07-19,228
2017-07-20,230
2017-07-21,235
2017-07-22,239
2017-07-23,246
2017-07-24,251
2017-07-25,252
2017-07-26,251
2017-07-27,248
2017-07-28,240
2017-07-29,233
2017-07-30,228
2017-07-31,218
2017-08-01,210
2017-08-02,205
2017-08-03,203
2017-08-04,206
2017-08-05,209
2017-08-06,209
2017-08-07,208
2017-08-08,214
2017-08-09,218
2017-08-10,220
2017-08-11,218
2017-08-12,214
2017-08-13,212
2017-08-14,206
2017-08-15,196
2017-08-16,193
2017-08-17,191
2017-08-18,187
2017-08-19,187
2017-08-20,190
2017-08-21,199
2017-08-22,198
2017-08-23,194
2017-08-24,194
2017-08-25,193
2017-08-26,188
2017-08-27,181
2017-08-28,174
2017-08-29,164
2017-08-30,151
2017-08-31,141
2017-09-01,137
2017-09-02,135
2017-09-03,136
2017-09-04,135
2017-09-05,139
2017-09-06,144
2017-09-07,151
2017-09-08,150
2017-09-09,147
2017-09-10,146
2017-09-11,142
2017-09-12,134
2017-09-13,125
2017-09-14,113
2017-09-15,105
2017-09-16,96
2017-09-17,102
2017-09-18,110
2017-09-19,110
2017-09-20,110
2017-09-21,109
2017-09-22,109
2017-09-23,107
2017-09-24,95
2017-09-25,84
2017-09-26,72
2017-09-27,60
2017-09-28,52
2017-09-29,49
2017-09-30,43
2017-10-01,35
2017-10-02,36
2017-10-03,44
2017-10-04,47
2017-10-05,56
2017-10-06,63
2017-10-07,70
2017-10-08,71
2017-10-09,67
2017-10-10,65
2017-10-11,57
2017-10-12,48
2017-10-13,44
2017-10-14,39
2017-10-15,37
2017-10-16,39
2017-10-17,40
2017-10-18,45
2017-10-19,52
2017-10-20,55
2017-10-21,55
2017-10-22,55
2017-10-23,47
2017-10-24,36
2017-10-25,30
2017-10-26,26
2017-10-27,21
2017-10-28,15
2017-10-29,11
2017-10-30,8
2017-10-31,10
2017-11-01,10
2017-11-02,17
2017-11-03,31
2017-11-04,42
2017-11-05,51
2017-11-06,57
2017-11-07,55
2017-11-08,51
2017-11-09,45
2017-11-10,42
2017-11-11,40
2017-11-12,34
2017-11-13,32
2017-11-14,32
2017-11-15,38
2017-11-16,43
2017-11-17,46
2017-11-18,49
2017-11-19,50
2017-11-20,48
2017-11-21,47
2017-11-22,44
2017-11-23,43
2017-11-24,41
2017-11-25,37
2017-11-26,31
2017-11-27,26
2017-11-28,30
2017-11-29,38
2017-11-30,43
2017-12-01,51
2017-12-02,58
2017-12-03,76
2018-12-06,126
2018-12-07,136
2018-12-08,146
2018-12-09,151
2018-12-10,153
2018-12-11,150
2018-12-12,150
2018-12-13,144
2018-12-14,152
2018-12-15,155
2018-12-16,155
2018-12-17,170
2018-12-18,181
2018-12-19,184
2018-12-20,191
2018-12-21,196
2018-12-22,203
2018-12-23,204
2018-12-24,203
2018-12-25,200
2018-12-26,202
2018-12-27,202
2018-12-28,200
2018-12-29,199
2018-12-30,187
2018-12-31,175
2019-01-01,168
2019-01-02,171
2019-01-03,178
2019-01-04,184
2019-01-05,188
2019-01-06,191
2019-01-07,190
2019-01-08,191
2019-01-09,191
2019-01-10,195
2019-01-11,200
2019-01-12,195
2019-01-13,182
2019-01-14,175
2019-01-15,169
2019-01-16,174
2019-01-17,187
2019-01-18,200
2019-01-19,212
2019-01-20,221
2019-01-21,233
2019-01-22,246
2019-01-23,255
2019-01-24,265
2019-01-25,264
2019-01-26,255
2019-01-27,243
2019-01-28,239
2019-01-29,236
2019-01-30,230
2019-01-31,226
2019-02-01,224
2019-02-02,221
2019-02-03,219
2019-02-04,224
2019-02-05,229
2019-02-06,233
2019-02-07,237
2019-02-08,246
2019-02-09,251
2019-02-10,248
2019-02-11,245
2019-02-12,246
2019-02-13,246
2019-02-14,247
2019-02-15,249
2019-02-16,252
2019-02-17,251
2019-02-18,254
2019-02-19,261
2019-02-20,269
2019-02-21,276
2019-02-22,282
2019-02-23,288
2019-02-24,295
2019-02-25,297
2019-02-26,301
2019-02-27,300
2019-02-28,294
2019-03-01,287
2019-03-02,289
2019-03-03,298
2019-03-04,307
2019-03-05,307
2019-03-06,308
2019-03-07,316
2019-03-08,319
2019-03-09,321
2019-03-10,323
2019-03-11,331
2019-03-12,340
2019-03-13,346
2019-03-14,345
2019-03-15,341
2019-03-16,347
2019-03-17,351
2019-03-18,351
2019-03-19,355
2019-03-20,355
2019-03-21,358
2019-03-22,365
2019-03-23,366
2019-03-24,362
2019-03-25,370
2019-03-26,376
2019-03-27,369
2019-03-28,356
2019-03-29,346
2019-03-30,345
2019-03-31,349
2019-04-01,354
2019-04-02,358
2019-04-03,362
2019-04-04,368
2019-04-05,370
2019-04-06,364
2019-04-07,362
2019-04-08,372
2019-04-09,385
2019-04-10,396
2019-04-11,390
2019-04-12,388
2019-04-13,383
2019-04-14,377
2019-04-15,389
2019-04-16,404
2019-04-17,408
2019-04-18,408
2019-04-19,406
2019-04-20,410
2019-04-21,418
2019-04-22,426
2019-04-23,426
2019-04-24,419
2019-04-25,410
2019-04-26,403
2019-04-27,393
2019-04-28,385
2019-04-29,391
2019-04-30,392
2019-05-01,386
2019-05-02,387
2019-05-03,384
2019-05-04,378
2019-05-05,376
2019-05-06,382
2019-05-07,387
2019-05-08,381
2019-05-09,368
2019-05-10,361
2019-05-11,362
2019-05-12,360
2019-05-13,358
2019-05-14,356
2019-05-15,354
2019-05-16,354
2019-05-17,351
2019-05-18,345
2019-05-19,342
2019-05-20,354
2019-05-21,381
2019-05-22,400
2019-05-23,376
2019-05-24,364
2019-05-25,362
2019-05-26,359
2019-05-27,367
2019-05-28,355
2019-05-29,349
2019-05-30,358
2019-05-31,357
2019-06-01,360
2019-06-02,356
2019-06-03,356
2019-06-04,367
2019-06-05,357
2019-06-06,359
2019-06-07,362
2019-06-08,351
2019-06-09,345
2019-06-10,354
2019-06-11,351
2019-06-12,353
2019-06-13,357
2019-06-14,346
2019-06-15,348
2019-06-16,350
2019-06-17,349
2019-06-18,350
2019-06-19,342
2019-06-20,337
2019-06-21,338
2019-06-22,332
2019-06-23,336
2019-06-24,331
2019-06-25,324
2019-06-26,321
2019-06-27,317
2019-06-28,311
2019-06-29,317
2019-06-30,310
2019-07-01,304
2019-07-02,277
2019-07-03,282
2019-07-04,284
2019-07-05,286
2019-07-06,284
2019-07-07,283
2019-07-08,279
2019-07-09,274
2019-07-10,270
2019-07-11,268
2019-07-12,266
2019-07-13,264
2019-07-14,264
2019-07-15,265
2019-07-16,266
2019-07-17,266
2019-07-18,269
2019-07-19,262
2019-07-20,259
2019-07-21,258
2019-07-22,257
2019-07-23,250
2019-07-24,246
2019-07-25,241
2019-07-26,234
2019-07-27,230
2019-07-28,231
2019-07-29,231
2019-07-30,233
2019-07-31,237
2019-08-01,246
2019-08-02,249
2019-08-03,252
2019-08-04,255
2019-08-05,257
2019-08-06,253
2019-08-07,248
2019-08-08,239
2019-08-09,234
2019-08-10,224
2019-08-11,223
2019-08-12,224
2019-08-13,223
2019-08-14,227
2019-08-15,229
2019-08-16,231
2019-08-17,231
2019-08-18,226
2020-12-07,97
2020-12-08,94
2020-12-09,90
2020-12-09,70
2020-12-10,81.5
2020-12-10,92
2020-12-10,84
2020-12-10,79
2020-12-11,76
2020-12-11,99
2020-12-11,70
2020-12-11,82
2020-12-12,87
2020-12-12,107
2020-12-12,76
2020-12-12,98
2020-12-13,91
2020-12-13,112
2020-12-13,84
2020-12-13,98
2020-12-14,97.5
2020-12-14,120
2020-12-14,96
2020-12-14,99
2020-12-15,97.5
2020-12-15,125
2020-12-15,97
2020-12-15,98
2020-12-16,113.5
2020-12-16,131
2020-12-16,102
2020-12-16,125
2020-12-17,141
2020-12-17,130
2020-12-17,126
2020-12-17,156
2020-12-18,149.5
2020-12-18,136
2020-12-18,136
2020-12-18,163
2020-12-19,153
2020-12-19,136
2020-12-19,146
2020-12-19,160
2020-12-20,150
2020-12-20,128
2020-12-20,147
2020-12-20,153
2020-12-21,158.5
2020-12-21,119
2020-12-21,150
2020-12-21,167
2020-12-22,118
2020-12-22,111
2020-12-22,114
2020-12-22,122
2020-12-23,121.5
2020-12-23,106
2020-12-23,117
2020-12-23,126
2020-12-24,121
2020-12-24,107
2020-12-24,118
2020-12-24,124
2020-12-25,126
2020-12-25,114
2020-12-25,127
2020-12-25,125
2020-12-26,126
2020-12-26,118
2020-12-26,129
2020-12-26,123
2020-12-27,115.5
2020-12-27,117
2020-12-27,114
2020-12-27,117
2020-12-28,128.5
2020-12-28,128
2020-12-28,130
2020-12-28,127
2020-12-29,131.5
2020-12-29,140
2020-12-29,131
2020-12-29,132
2020-12-30,183
2020-12-30,145
2020-12-30,182
2020-12-30,184
2020-12-31,189.5
2020-12-31,153
2020-12-31,196
2020-12-31,183
2021-01-01,166
2021-01-01,158
2021-01-01,160
2021-01-01,156
2021-01-02,172
2021-01-02,149.5
2021-01-02,136
2021-01-02,163
2021-01-03,178
2021-01-03,173
2021-01-03,170
2021-01-03,176
2021-01-04,188
2021-01-04,182
2021-01-04,174
2021-01-04,190
2021-01-05,188
2021-01-05,185.5
2021-01-05,191
2021-01-05,180
2021-01-06,186
2021-01-06,180.5
2021-01-06,182
2021-01-06,179
2021-01-07,186
2021-01-07,181
2021-01-07,180
2021-01-07,182
2021-01-08,184
2021-01-08,175
2021-01-08,172
2021-01-08,178
2021-01-09,188
2021-01-09,182.5
2021-01-09,181
2021-01-09,184
2021-01-10,199
2021-01-10,187
2021-01-10,188
2021-01-10,186
2021-01-11,206
2021-01-11,191
2021-01-11,190
2021-01-11,192
2021-01-12,210
2021-01-12,177
2021-01-12,184
2021-01-12,170
2021-01-13,214
2021-01-13,185.5
2021-01-13,189
2021-01-13,182
2021-01-14,217
2021-01-14,182.5
2021-01-14,179
2021-01-14,186
2021-01-15,219
2021-01-15,188.5
2021-01-15,190
2021-01-15,187
2021-01-16,217
2021-01-16,193.5
2021-01-16,196
2021-01-16,191
2021-01-17,212
2021-01-17,199.5
2021-01-17,199
2021-01-17,200
2021-01-18,209
2021-01-18,203.5
2021-01-18,202
2021-01-18,205
2021-01-19,208
2021-01-19,205
2021-01-19,204
2021-01-19,206
2021-01-20,215
2021-01-20,207.5
2021-01-20,206
2021-01-20,209
2021-01-21,200
2021-01-21,210.5
2021-01-21,208
2021-01-21,213
2021-01-22,197
2021-01-22,214
2021-01-22,211
2021-01-22,217
2021-01-23,198
2021-01-23,216.5
2021-01-23,214
2021-01-23,219
2021-01-24,200
2021-01-24,219.5
2021-01-24,218
2021-01-24,221
2021-01-25,211
2021-01-25,224
2021-01-25,223
2021-01-25,225
2021-01-26,220
2021-01-26,223.5
2021-01-26,220
2021-01-26,227
2021-01-27,225
2021-01-27,227
2021-01-27,226
2021-01-27,228
2021-01-28,236
2021-01-28,231
2021-01-28,230
2021-01-28,232
2021-01-29,243
2021-01-29,237
2021-01-29,236
2021-01-29,238
2021-01-30,249
2021-01-30,241
2021-01-30,240
2021-01-30,242
2021-01-31,250
2021-01-31,242
2021-01-31,241
2021-01-31,243
2021-02-01,239.5
2021-02-01,255
2021-02-01,240
2021-02-01,239
2021-02-02,238.5
2021-02-02,258
2021-02-02,237
2021-02-02,240
2021-02-03,233.5
2021-02-03,259
2021-02-03,232
2021-02-03,235
2021-02-04,236.5
2021-02-04,264
2021-02-04,236
2021-02-04,237
2021-02-05,232.5
2021-02-05,263
2021-02-05,233
2021-02-05,232
2021-02-06,232.5
2021-02-06,254
2021-02-06,234
2021-02-06,231
2021-02-07,231
2021-02-07,253
2021-02-07,230
2021-02-07,232
2021-02-08,239
2021-02-08,254
2021-02-08,242
2021-02-08,236
2021-02-09,241
2021-02-09,255
2021-02-09,243
2021-02-09,239
2021-02-10,242.5
2021-02-10,258
2021-02-10,244
2021-02-10,241
2021-02-11,245.5
2021-02-11,258
2021-02-11,246
2021-02-11,245
2021-02-12,248.5
2021-02-12,263
2021-02-12,248
2021-02-12,249
2021-02-13,249
2021-02-13,268
2021-02-13,247
2021-02-13,251
2021-02-14,253.5
2021-02-14,274
2021-02-14,253
2021-02-14,254
2021-02-15,258.5
2021-02-15,282
2021-02-15,260
2021-02-15,257
2021-02-16,261
2021-02-16,282
2021-02-16,263
2021-02-16,259
2021-02-17,263.5
2021-02-17,280
2021-02-17,264
2021-02-17,263
2021-02-18,263.5
2021-02-18,275
2021-02-18,267
2021-02-18,260
2021-02-19,267.5
2021-02-19,278
2021-02-19,270
2021-02-19,265
2021-02-20,269
2021-02-20,281
2021-02-20,271
2021-02-20,267
2021-02-21,271.5
2021-02-21,280
2021-02-21,274
2021-02-21,269
2021-02-22,274
2021-02-22,281
2021-02-22,276
2021-02-22,272
2021-02-23,275
2021-02-23,290
2021-02-23,276
2021-02-23,274
2021-02-24,281
2021-02-24,301
2021-02-24,282
2021-02-24,280
2021-02-25,283
2021-02-25,316
2021-02-25,284
2021-02-25,282
2021-02-26,286
2021-02-26,332
2021-02-26,287
2021-02-26,285
2021-02-27,291.5
2021-02-27,343
2021-02-27,290
2021-02-27,293
2021-02-28,296.5
2021-02-28,341
2021-02-28,296
2021-02-28,297
2021-03-01,298.5
2021-03-01,354
2021-03-01,299
2021-03-01,298
2021-03-02,307
2021-03-02,366
2021-03-02,306
2021-03-02,308
2021-03-03,311.5
2021-03-03,375
2021-03-03,312
2021-03-03,311
2021-03-04,313.5
2021-03-04,380
2021-03-04,313
2021-03-04,314
2021-03-05,315.5
2021-03-05,381
2021-03-05,315
2021-03-05,316
2021-03-06,319
2021-03-06,383
2021-03-06,320
2021-03-06,318
2021-03-07,322
2021-03-07,377
2021-03-07,323
2021-03-07,321
2021-03-08,327.5
2021-03-08,374
2021-03-08,330
2021-03-08,325
2021-03-09,337
2021-03-09,378
2021-03-09,339
2021-03-09,335
2021-03-10,343
2021-03-10,384
2021-03-10,345
2021-03-10,341
2021-03-11,349.5
2021-03-11,392
2021-03-11,351
2021-03-11,348
2021-03-12,357
2021-03-12,399
2021-03-12,359
2021-03-12,355
2021-03-13,357.5
2021-03-13,399
2021-03-13,359
2021-03-13,356
2021-03-14,363.5
2021-03-14,393
2021-03-14,362
2021-03-14,365
2021-03-15,367.5
2021-03-15,388
2021-03-15,366
2021-03-15,369
2021-03-16,371
2021-03-16,382
2021-03-16,370
2021-03-16,372
2021-03-17,375.5
2021-03-17,376
2021-03-17,375
2021-03-17,376
2021-03-18,377.5
2021-03-18,378
2021-03-18,375
2021-03-18,380
2021-03-19,380
2021-03-19,380
2021-03-19,378
2021-03-19,382
2021-03-20,382.5
2021-03-20,382
2021-03-20,381
2021-03-20,384
2021-03-21,385
2021-03-21,385
2021-03-21,386
2021-03-21,384
2021-03-22,387
2021-03-22,387
2021-03-22,386
2021-03-22,388
2021-03-23,390.5
2021-03-23,390
2021-03-23,389
2021-03-23,392
2021-03-24,395.5
2021-03-24,396
2021-03-24,395
2021-03-24,396
2021-03-25,397.5
2021-03-25,398
2021-03-25,398
2021-03-25,397
2021-03-26,403
2021-03-26,403
2021-03-26,402
2021-03-26,404
2021-03-27,405.5
2021-03-27,406
2021-03-27,405
2021-03-27,406
2021-03-28,408.5
2021-03-28,408
2021-03-28,408
2021-03-28,409
2021-03-29,409
2021-03-29,409
2021-03-29,408
2021-03-29,410
2021-03-30,412.5
2021-03-30,412
2021-03-30,412
2021-03-30,413
2021-03-31,415
2021-03-31,415
2021-03-31,414
2021-03-31,416
2021-04-01,418.5
2021-04-01,418
2021-04-01,418
2021-04-01,419
2021-04-02,419.5
2021-04-02,420
2021-04-02,419
2021-04-02,420
2021-04-03,422.5
2021-04-03,422
2021-04-03,422
2021-04-03,423
2021-04-04,425.5
2021-04-04,426
2021-04-04,425
2021-04-04,426
2021-04-05,429
2021-04-05,429
2021-04-05,428
2021-04-05,430
2021-04-06,435
2021-04-06,435
2021-04-06,438
2021-04-06,432
2021-04-07,435
2021-04-07,435
2021-04-07,438
2021-04-07,432
2021-04-08,439.5
2021-04-08,440
2021-04-08,439
2021-04-08,440
2021-04-09,443
2021-04-09,443
2021-04-09,442
2021-04-09,444
2021-04-10,446
2021-04-10,446
2021-04-10,445
2021-04-10,447
2021-04-11,449.5
2021-04-11,450
2021-04-11,449
2021-04-11,450
2021-04-12,452.5
2021-04-12,452
2021-04-12,452
2021-04-12,453
2021-04-13,455.5
2021-04-13,456
2021-04-13,456
2021-04-13,455
2021-04-14,453.5
2021-04-14,454
2021-04-14,454
2021-04-14,453
2021-04-15,450
2021-04-15,450
2021-04-15,451
2021-04-15,449
2021-04-16,445
2021-04-16,445
2021-04-16,446
2021-04-16,444
2021-04-17,436
2021-04-17,436
2021-04-17,442
2021-04-17,430
2021-04-18,433
2021-04-18,433
2021-04-18,432
2021-04-18,434
2021-04-19,429.5
2021-04-19,430
2021-04-19,430
2021-04-19,429
2021-04-20,426
2021-04-20,426
2021-04-20,427
2021-04-20,425
2021-04-21,421.5
2021-04-21,422
2021-04-21,423
2021-04-21,420
2021-04-22,419.5
2021-04-22,420
2021-04-22,420
2021-04-22,419
2021-04-23,416.5
2021-04-23,416
2021-04-23,417
2021-04-23,416
2021-04-24,413.5
2021-04-24,414
2021-04-24,415
2021-04-24,412
2021-04-25,410.5
2021-04-25,410
2021-04-25,411
2021-04-25,410
2021-04-26,408.5
2021-04-26,408
2021-04-26,409
2021-04-26,408
2021-04-27,406.5
2021-04-27,406
2021-04-27,407
2021-04-27,406
2021-04-28,403
2021-04-28,403
2021-04-28,402
2021-04-28,404
2021-04-29,391.5
2021-04-29,392
2021-04-29,390
2021-04-29,393
2021-04-30,398.5
2021-04-30,398
2021-04-30,399
2021-04-30,398
2021-05-01,398
2021-05-01,398.5
2021-05-01,399
2021-05-01,398
2021-05-02,396
2021-05-02,396.5
2021-05-02,397
2021-05-02,396
2021-05-03,394
2021-05-03,393.5
2021-05-03,394
2021-05-03,393
2021-05-04,392
2021-05-04,391.5
2021-05-04,392
2021-05-04,391
2021-05-05,390
2021-05-05,389.5
2021-05-05,390
2021-05-05,389
2021-05-06,387
2021-05-06,387
2021-05-06,388
2021-05-06,386
2021-05-07,386
2021-05-07,385.5
2021-05-07,387
2021-05-07,384
2021-05-08,382
2021-05-08,382.5
2021-05-08,382
2021-05-08,383
2021-05-09,380
2021-05-09,379.5
2021-05-09,380
2021-05-09,379
2021-05-10,378
2021-05-10,377.5
2021-05-10,378
2021-05-10,377
2021-05-11,376
2021-05-11,375.5
2021-05-11,376
2021-05-11,375
2021-05-12,371
2021-05-12,371
2021-05-12,370
2021-05-12,372
2021-05-13,374
2021-05-13,373.5
2021-05-13,373
2021-05-13,374
2021-05-14,376
2021-05-14,375.5
2021-05-14,375
2021-05-14,376
2021-05-15,378
2021-05-15,378.5
2021-05-15,378
2021-05-15,379
2021-05-16,381
2021-05-16,381
2021-05-16,380
2021-05-16,382
2021-05-17,382
2021-05-17,382
2021-05-17,381
2021-05-17,383
2021-05-18,381
2021-05-18,381
2021-05-18,382
2021-05-18,380
2021-05-19,381
2021-05-19,381
2021-05-19,382
2021-05-19,380
2021-05-20,377
2021-05-20,377
2021-05-20,378
2021-05-20,376
2021-05-21,374
2021-05-21,373.5
2021-05-21,374
2021-05-21,373
2021-05-22,371
2021-05-22,371
2021-05-22,372
2021-05-22,370
2021-05-23,367
2021-05-23,367
2021-05-23,368
2021-05-23,366
2021-05-24,366
2021-05-24,366
2021-05-24,367
2021-05-24,365
2021-05-25,363
2021-05-25,363
2021-05-25,364
2021-05-25,362
2021-05-26,362
2021-05-26,362.5
2021-05-26,363
2021-05-26,362
2021-05-27,360
2021-05-27,359.5
2021-05-27,361
2021-05-27,358
2021-05-28,358
2021-05-28,357.5
2021-05-28,359
2021-05-28,356
2021-05-29,356
2021-05-29,355.5
2021-05-29,357
2021-05-29,354
2021-05-30,354
2021-05-30,353.5
2021-05-30,355
2021-05-30,352
2021-05-31,352
2021-05-31,352.5
2021-05-31,353
2021-05-31,352
2021-06-01,348
2021-06-01,347.5
2021-06-01,349
2021-06-01,346
2021-06-02,346
2021-06-02,346
2021-06-02,347
2021-06-02,345
2021-06-03,343
2021-06-03,343
2021-06-03,344
2021-06-03,342
2021-06-04,339
2021-06-04,339
2021-06-04,340
2021-06-04,338
2021-06-05,335
2021-06-05,335
2021-06-05,336
2021-06-05,334
2021-06-06,334
2021-06-06,333.5
2021-06-06,335
2021-06-06,332
2021-06-07,329
2021-06-07,329
2021-06-07,330
2021-06-07,328
2021-06-08,329
2021-06-08,329
2021-06-08,330
2021-06-08,328
2021-06-09,325
2021-06-09,325
2021-06-09,321
2021-06-09,329
2021-06-10,324
2021-06-10,324
2021-06-10,320
2021-06-10,328
2021-06-11,324
2021-06-11,324.5
2021-06-11,321
2021-06-11,328
2021-06-12,326
2021-06-12,326
2021-06-12,323
2021-06-12,329
2021-06-13,319
2021-06-13,319
2021-06-13,320
2021-06-13,318
2021-06-14,307
2021-06-14,307
2021-06-14,304
2021-06-14,310
2021-06-15,312
2021-06-15,312.5
2021-06-15,307
2021-06-15,318
2021-06-16,319
2021-06-16,319
2021-06-16,322
2021-06-16,316
2021-06-17,317
2021-06-17,317
2021-06-17,322
2021-06-17,312
2021-06-18,310
2021-06-18,310
2021-06-18,318
2021-06-18,302
2021-06-19,310
2021-06-19,309.5
2021-06-19,317
2021-06-19,302
2021-06-20,312
2021-06-20,312
2021-06-20,302
2021-06-20,322
2021-06-21,315
2021-06-21,315
2021-06-21,318
2021-06-21,312
2021-06-22,313
2021-06-22,313
2021-06-22,306
2021-06-22,320
2021-06-23,312
2021-06-23,312
2021-06-23,304
2021-06-23,320
2021-06-24,319
2021-06-24,319
2021-06-24,314
2021-06-24,324
2021-06-25,325
2021-06-25,325
2021-06-25,322
2021-06-25,328
2021-06-26,325
2021-06-26,325
2021-06-26,324
2021-06-26,326
2021-06-27,322
2021-06-27,321.5
2021-06-27,323
2021-06-27,320
2021-06-28,323
2021-06-28,323
2021-06-28,322
2021-06-28,324
2021-06-29,318
2021-06-29,317.5
2021-06-29,321
2021-06-29,314
2021-06-30,308
2021-06-30,308
2021-06-30,318
2021-06-30,298
2021-07-01,299
2021-07-01,299
2021-07-01,306
2021-07-01,292
2021-07-02,293.5
2021-07-02,294
2021-07-02,299
2021-07-02,288
2021-07-03,292
2021-07-03,292
2021-07-03,298
2021-07-03,286
2021-07-04,290
2021-07-04,290
2021-07-04,296
2021-07-04,284
2021-07-05,283
2021-07-05,283
2021-07-05,283
2021-07-05,283
2021-07-06,282.5
2021-07-06,282
2021-07-06,280
2021-07-06,285
2021-07-07,281
2021-07-07,281
2021-07-07,280
2021-07-07,282
2021-07-08,281
2021-07-08,281
2021-07-08,276
2021-07-08,286
2021-07-09,289
2021-07-09,289
2021-07-09,284
2021-07-09,294
2021-07-10,293.5
2021-07-10,294
2021-07-10,288
2021-07-10,299
2021-07-11,299
2021-07-11,299
2021-07-11,294
2021-07-11,304
2021-07-12,298.5
2021-07-12,298
2021-07-12,302
2021-07-12,295
2021-07-13,293.5
2021-07-13,294
2021-07-13,303
2021-07-13,284
2021-07-14,286.5
2021-07-14,286
2021-07-14,293
2021-07-14,280
2021-07-15,277
2021-07-15,277
2021-07-15,282
2021-07-15,272
2021-07-16,272
2021-07-16,272
2021-07-16,274
2021-07-16,270
2021-07-17,275
2021-07-17,275
2021-07-17,276
2021-07-17,274
2021-07-18,281.5
2021-07-18,282
2021-07-18,280
2021-07-18,283
2021-07-19,271
2021-07-19,271
2021-07-19,270
2021-07-19,272
2021-07-20,275.5
2021-07-20,276
2021-07-20,277
2021-07-20,274
2021-07-21,268.5
2021-07-21,268
2021-07-21,270
2021-07-21,267
2021-07-22,278
2021-07-22,278
2021-07-22,276
2021-07-22,280
2021-07-23,289
2021-07-23,289
2021-07-23,282
2021-07-23,296
2021-07-24,294.5
2021-07-24,294
2021-07-24,295
2021-07-24,294
2021-07-25,294
2021-07-25,294
2021-07-25,290
2021-07-25,298
2021-07-26,295
2021-07-26,295
2021-07-26,296
2021-07-26,294
2021-07-27,294
2021-07-27,294
2021-07-27,292
2021-07-27,296
2021-07-28,287
2021-07-28,287
2021-07-28,292
2021-07-28,282
2021-07-29,282
2021-07-29,282
2021-07-29,288
2021-07-29,276
2021-07-30,278
2021-07-30,278
2021-07-30,282
2021-07-30,274
2021-07-31,271.5
2021-07-31,272
2021-07-31,274
2021-07-31,269
2021-08-01,267.5
2021-08-01,268
2021-08-01,267
2021-08-01,268
2021-08-02,254
2021-08-02,254
2021-08-02,264
2021-08-02,244
2021-08-03,238
2021-08-03,238
2021-08-03,236
2021-08-03,240
2021-08-04,234.5
2021-08-04,234
2021-08-04,231
2021-08-04,238
2021-08-05,232
2021-08-05,232
2021-08-05,226
2021-08-05,238
2021-08-06,228.5
2021-08-06,228
2021-08-06,231
2021-08-06,226
2021-08-07,252
2021-08-07,252
2021-08-07,264
2021-08-07,240
2021-08-08,238
2021-08-08,238
2021-08-08,238
2021-08-08,238
2021-08-09,241
2021-08-09,241
2021-08-09,240
2021-08-09,242
2021-08-10,275
2021-08-10,275
2021-08-10,276
2021-08-10,274
2021-08-11,272
2021-08-11,272
2021-08-11,266
2021-08-11,278
2021-08-12,274.5
2021-08-12,274
2021-08-12,271
2021-08-12,278
2021-08-13,263.5
2021-08-13,264
2021-08-13,261
2021-08-13,266
2021-08-14,269.5
2021-08-14,270
2021-08-14,271
2021-08-14,268
2021-08-15,271
2021-08-15,271
2021-08-15,272
2021-08-15,270
2021-08-16,240
2021-08-16,240
2021-08-16,242
2021-08-16,238
2021-08-17,229
2021-08-17,229
2021-08-17,230
2021-08-17,228
2021-08-18,225
2021-08-18,225
2021-08-18,226
2021-08-18,224
2021-08-19,228.5
2021-08-19,228
2021-08-19,223
2021-08-19,234
2021-08-20,232
2021-08-20,232
2021-08-20,226
2021-08-20,238
2021-08-21,237.5
2021-08-21,238
2021-08-21,236
2021-08-21,239
2021-08-22,244
2021-08-22,244
2021-08-22,242
2021-08-22,246
2021-08-23,247
2021-08-23,247
2021-08-23,245
2021-08-23,249
2021-08-24,259
2021-08-24,259
2021-08-24,248
2021-08-24,270
2021-08-25,213
2021-08-25,263
2021-08-25,214
2021-08-25,212
2021-08-26,267
2021-08-26,267
2021-08-26,268
2021-08-26,266
2021-08-27,252
2021-08-27,252
2021-08-27,250
2021-08-27,254
2021-08-28,247
2021-08-28,247
2021-08-28,254
2021-08-28,240
2021-08-29,243
2021-08-29,243
2021-08-29,248
2021-08-29,238
2021-08-30,210
2021-08-30,210
2021-08-30,210
2021-08-30,210
2021-08-31,216
2021-08-31,216
2021-08-31,224
2021-08-31,208
2021-09-01,203
2021-09-01,203
2021-09-01,210
2021-09-01,196
2021-09-02,188
2021-09-02,188
2021-09-02,186
2021-09-02,190
2021-09-03,190
2021-09-03,190
2021-09-03,184
2021-09-03,196
2021-09-04,208
2021-09-04,158
2021-09-04,186
2021-09-04,130
2021-09-05,210
2021-09-05,210
2021-09-05,188
2021-09-05,232
2021-09-06,216
2021-09-06,216
2021-09-06,202
2021-09-06,230
2021-09-07,230
2021-09-07,230
2021-09-07,222
2021-09-07,238
2021-09-08,233
2021-09-08,233
2021-09-08,224
2021-09-08,242
2021-09-09,239
2021-09-09,239
2021-09-09,228
2021-09-09,250
2021-09-10,236
2021-09-10,236
2021-09-10,220
2021-09-10,252
2021-09-11,237
2021-09-11,237
2021-09-11,234
2021-09-11,240
2021-09-12,233
2021-09-12,233
2021-09-12,220
2021-09-12,246
2021-09-13,221
2021-09-13,221
2021-09-13,218
2021-09-13,224
2021-09-14,208
2021-09-14,208
2021-09-14,214
2021-09-14,202
2021-09-15,197
2021-09-15,197
2021-09-15,212
2021-09-15,182
2021-09-16,178
2021-09-16,178
2021-09-16,176
2021-09-16,180
2021-09-17,176
2021-09-17,175.5
2021-09-17,169
2021-09-17,182
2021-09-18,172
2021-09-18,172.5
2021-09-18,165
2021-09-18,180
2021-09-19,213
2021-09-19,213
2021-09-19,216
2021-09-19,210
2021-09-20,209
2021-09-20,209
2021-09-20,198
2021-09-20,220
2021-09-21,214
2021-09-21,213.5
2021-09-21,209
2021-09-21,218
2021-09-22,221
2021-09-22,221
2021-09-22,212
2021-09-22,230
2021-09-23,224
2021-09-23,224
2021-09-23,218
2021-09-23,230
2021-09-24,220
2021-09-24,220
2021-09-24,215
2021-09-24,225
2021-09-25,207
2021-09-25,207
2021-09-25,208
2021-09-25,206
2021-09-26,202
2021-09-26,202.5
2021-09-26,202
2021-09-26,203
2021-09-27,195
2021-09-27,195
2021-09-27,196
2021-09-27,194
2021-09-28,184
2021-09-28,184
2021-09-28,180
2021-09-28,188
2021-09-29,175
2021-09-29,175
2021-09-29,182
2021-09-29,168
2021-09-30,152
2021-09-30,152
2021-09-30,158
2021-09-30,146
2021-10-01,138
2021-10-02,143
2021-10-03,153
2021-10-04,166
2021-10-05,179
2021-10-06,183
2021-10-07,187
2021-10-08,191
2021-10-09,189
2021-10-10,184
2021-10-11,179
2021-10-12,168
2021-10-13,149
2021-10-14,138
2021-10-15,130
2021-10-16,124
2021-10-17,130
2021-10-18,138
2021-10-19,137
2021-10-20,137
2021-10-21,142
2021-10-22,144
2021-10-23,137
2021-10-24,130
2021-10-25,126
2021-10-26,118
2021-10-27,112
2021-10-28,99
2021-10-29,85
2021-10-30,78
2021-10-31,85
2021-11-01,128
2021-11-01,99
2021-11-01,128
2021-11-01,128
2021-11-02,121.5
2021-11-02,113
2021-11-02,123
2021-11-02,120
2021-11-03,118
2021-11-03,118
2021-11-03,119
2021-11-03,117
2021-11-04,121
2021-11-04,121
2021-11-04,130
2021-11-04,112
2021-11-05,149
2021-11-05,149
2021-11-05,168
2021-11-05,130
2021-11-06,182
2021-11-06,182
2021-11-06,166
2021-11-06,198
2021-11-07,133
2021-11-07,133
2021-11-07,164
2021-11-07,102
2021-11-08,141
2021-11-08,141
2021-11-08,172
2021-11-08,110
2021-11-09,185
2021-11-09,185
2021-11-09,188
2021-11-09,182
2021-11-10,187.5
2021-11-10,188
2021-11-10,192
2021-11-10,183
2021-11-11,191
2021-11-11,191
2021-11-11,186
2021-11-11,196
2021-11-12,171
2021-11-12,171
2021-11-12,166
2021-11-12,176
2021-11-13,149
2021-11-13,149
2021-11-13,164
2021-11-13,134
2021-11-14,130
2021-11-14,130
2021-11-14,140
2021-11-14,120
2021-11-15,118
2021-11-15,118
2021-11-15,112
2021-11-15,124
2021-11-16,115
2021-11-16,115
2021-11-16,110
2021-11-16,120
2021-11-17,122.5
2021-11-17,122
2021-11-17,122
2021-11-17,123
2021-11-18,132.5
2021-11-18,132
2021-11-18,119
2021-11-18,146
2021-11-19,134.5
2021-11-19,134
2021-11-19,130
2021-11-19,139
2021-11-20,147
2021-11-20,147
2021-11-20,132
2021-11-20,162
2021-11-21,151.5
2021-11-21,152
2021-11-21,133
2021-11-21,170
2021-11-22,161
2021-11-22,161
2021-11-22,148
2021-11-22,174
2021-11-23,156
2021-11-23,156
2021-11-23,150
2021-11-23,162
2021-11-24,153.5
2021-11-24,154
2021-11-24,147
2021-11-24,160
2021-11-25,150
2021-11-25,150
2021-11-25,150
2021-11-25,150
2021-11-26,140
2021-11-26,140
2021-11-26,138
2021-11-26,142
2021-11-27,136
2021-11-27,136
2021-11-27,138
2021-11-27,134
2021-11-28,117
2021-11-28,117
2021-11-28,118
2021-11-28,116
2021-11-29,109.5
2021-11-29,110
2021-11-29,110
2021-11-29,109
2021-11-30,103.5
2021-11-30,104
2021-11-30,104
2021-11-30,103
2021-12-01,144
2021-12-01,144
2021-12-01,139
2021-12-01,149
2021-12-02,163.5
2021-12-02,164
2021-12-02,162
2021-12-02,165
2021-12-03,173
2021-12-03,173
2021-12-03,172
2021-12-03,174
2021-12-04,178
2021-12-04,178
2021-12-04,184
2021-12-04,172
2021-12-05,176
2021-12-05,176
2021-12-05,170
2021-12-05,182
2021-12-06,189
2021-12-06,189
2021-12-06,190
2021-12-06,188
2021-12-07,183
2021-12-07,183
2021-12-07,187
2021-12-07,179
2021-12-08,145
2021-12-08,145
2021-12-08,180
2021-12-08,110
2021-12-09,151
2021-12-09,151
2021-12-09,196
2021-12-09,106
2021-12-10,183.5
2021-12-10,184
2021-12-10,195
2021-12-10,172
2021-12-11,189
2021-12-11,189
2021-12-11,190
2021-12-11,188
2021-12-12,184
2021-12-12,184
2021-12-12,186
2021-12-12,182
2021-12-13,189.5
2021-12-13,190
2021-12-13,190
2021-12-13,189
2021-12-14,184.5
2021-12-14,184
2021-12-14,182
2021-12-14,187
2021-12-15,193
2021-12-15,193
2021-12-15,190
2021-12-15,196
2021-12-16,202
2021-12-16,202
2021-12-16,198
2021-12-16,206
2021-12-17,211
2021-12-17,211
2021-12-17,202
2021-12-17,220
2021-12-18,216.5
2021-12-18,216
2021-12-18,209
2021-12-18,224
2021-12-19,216.5
2021-12-19,216
2021-12-19,211
2021-12-19,222
2021-12-20,214
2021-12-20,214
2021-12-20,213
2021-12-20,215
2021-12-21,229.5
2021-12-21,230
2021-12-21,229
2021-12-21,230
2021-12-22,238
2021-12-22,238
2021-12-22,238
2021-12-22,238
2021-12-23,241
2021-12-23,241
2021-12-23,242
2021-12-23,240
2021-12-24,249
2021-12-24,249
2021-12-24,248
2021-12-24,250
2021-12-25,253.5
2021-12-25,254
2021-12-25,252
2021-12-25,255
2021-12-26,263
2021-12-26,263
2021-12-26,260
2021-12-26,266
2021-12-27,250
2021-12-27,250
2021-12-27,240
2021-12-27,260
2021-12-28,252
2021-12-28,252
2021-12-28,242
2021-12-28,262
2021-12-29,262.5
2021-12-29,262
2021-12-29,265
2021-12-29,260
2021-12-30,267
2021-12-30,267
2021-12-30,268
2021-12-30,266
2021-12-31,263.5
2021-12-31,264
2021-12-31,259
2021-12-31,268
2022-01-01,274
2022-01-01,274
2022-01-01,273
2022-01-01,275
2022-01-02,279
2022-01-02,279
2022-01-02,278
2022-01-02,280
2022-01-03,306
2022-01-03,256.5
2022-01-03,277
2022-01-03,236
2022-01-04,312
2022-01-04,212
2022-01-04,210
2022-01-04,214
2022-01-05,322
2022-01-05,222
2022-01-05,224
2022-01-05,220
2022-01-06,320
2022-01-06,220.5
2022-01-06,219
2022-01-06,222
2022-01-07,324
2022-01-07,224.5
2022-01-07,225
2022-01-07,224
2022-01-08,328
2022-01-08,228.5
2022-01-08,230
2022-01-08,227
2022-01-09,333
2022-01-09,233
2022-01-09,232
2022-01-09,234
2022-01-10,335
2022-01-10,235
2022-01-10,230
2022-01-10,240
2022-01-11,340
2022-01-11,240.5
2022-01-11,239
2022-01-11,242
2022-01-12,338
2022-01-12,238.5
2022-01-12,238
2022-01-12,239
2022-01-13,339
2022-01-13,239
2022-01-13,238
2022-01-13,240
2022-01-14,340
2022-01-14,240.5
2022-01-14,240
2022-01-14,241
2022-01-15,344
2022-01-15,243.5
2022-01-15,242
2022-01-15,245
2022-01-16,351
2022-01-16,251
2022-01-16,248
2022-01-16,254
2022-01-17,356
2022-01-17,256.5
2022-01-17,255
2022-01-17,258
2022-01-18,358
2022-01-18,258.5
2022-01-18,258
2022-01-18,259
2022-01-19,356
2022-01-19,256
2022-01-19,261
2022-01-19,251
2022-01-20,360
2022-01-20,260.5
2022-01-20,260
2022-01-20,261
2022-01-21,361
2022-01-21,261
2022-01-21,259
2022-01-21,263
2022-01-22,363
2022-01-22,263
2022-01-22,264
2022-01-22,262
2022-01-23,360
2022-01-23,259.5
2022-01-23,255
2022-01-23,264
2022-01-24,366
2022-01-24,266
2022-01-24,265
2022-01-24,267
2022-01-25,367
2022-01-25,267
2022-01-25,266
2022-01-25,268
2022-01-26,366
2022-01-26,266.5
2022-01-26,264
2022-01-26,269
2022-01-27,372
2022-01-27,271.5
2022-01-27,270
2022-01-27,273
2022-01-28,374
2022-01-28,274
2022-01-28,272
2022-01-28,276
2022-01-29,372
2022-01-29,272
2022-01-29,271
2022-01-29,273
2022-01-30,368
2022-01-30,268
2022-01-30,269
2022-01-30,267
2022-01-31,371
2022-01-31,271
2022-01-31,270
2022-01-31,272
2022-02-01,369
2022-02-01,369
2022-02-01,370
2022-02-01,368
2022-02-02,364.5
2022-02-02,364
2022-02-02,366
2022-02-02,363
2022-02-03,379
2022-02-03,379
2022-02-03,378
2022-02-03,380
2022-02-04,376
2022-02-04,376
2022-02-04,377
2022-02-04,375
2022-02-05,374
2022-02-05,374
2022-02-05,372
2022-02-05,376
2022-02-06,356.5
2022-02-06,356
2022-02-06,358
2022-02-06,355
2022-02-07,358
2022-02-07,358
2022-02-07,360
2022-02-07,356
2022-02-08,355.5
2022-02-08,356
2022-02-08,357
2022-02-08,354
2022-02-09,346
2022-02-09,346
2022-02-09,350
2022-02-09,342
2022-02-10,343
2022-02-10,343
2022-02-10,346
2022-02-10,340
2022-02-11,341.5
2022-02-11,342
2022-02-11,342
2022-02-11,341
2022-02-12,337
2022-02-12,337
2022-02-12,338
2022-02-12,336
2022-02-13,332.5
2022-02-13,332
2022-02-13,335
2022-02-13,330
2022-02-14,330.5
2022-02-14,330
2022-02-14,329
2022-02-14,332
2022-02-15,338
2022-02-15,338
2022-02-15,332
2022-02-15,344
2022-02-16,343
2022-02-16,343
2022-02-16,340
2022-02-16,346
2022-02-17,349
2022-02-17,349
2022-02-17,348
2022-02-17,350
2022-02-18,353.5
2022-02-18,354
2022-02-18,355
2022-02-18,352
2022-02-19,357.5
2022-02-19,358
2022-02-19,360
2022-02-19,355
2022-02-20,364
2022-02-20,364
2022-02-20,362
2022-02-20,366
2022-02-21,371
2022-02-21,371
2022-02-21,370
2022-02-21,372
2022-02-22,377
2022-02-22,377
2022-02-22,376
2022-02-22,378
2022-02-23,381.5
2022-02-23,382
2022-02-23,380
2022-02-23,383
2022-02-24,383.5
2022-02-24,384
2022-02-24,384
2022-02-24,383
2022-02-25,383.5
2022-02-25,384
2022-02-25,383
2022-02-25,384
2022-02-26,387
2022-02-26,387
2022-02-26,386
2022-02-26,388
2022-02-27,391.5
2022-02-27,392
2022-02-27,390
2022-02-27,393
2022-02-28,383
2022-02-28,383
2022-02-28,381
2022-02-28,385
2022-03-01,386.5
2022-03-01,386
2022-03-01,390
2022-03-01,383
2022-03-02,391.5
2022-03-02,392
2022-03-02,390
2022-03-02,393
2022-03-03,397
2022-03-03,397
2022-03-03,398
2022-03-03,396
2022-03-04,367
2022-03-04,404
2022-03-04,360
2022-03-04,374
2022-03-05,410
2022-03-05,410
2022-03-05,410
2022-03-05,410
2022-03-06,405
2022-03-06,405
2022-03-06,404
2022-03-06,406
2022-03-07,403
2022-03-07,403
2022-03-07,402
2022-03-07,404
2022-03-08,407.5
2022-03-08,408
2022-03-08,409
2022-03-08,406
2022-03-09,408.5
2022-03-09,408
2022-03-09,410
2022-03-09,407
2022-03-10,411
2022-03-10,411
2022-03-10,414
2022-03-10,408
2022-03-11,409.5
2022-03-11,410
2022-03-11,410
2022-03-11,409
2022-03-12,410.5
2022-03-12,410
2022-03-12,410
2022-03-12,411
2022-03-13,413.5
2022-03-13,414
2022-03-13,412
2022-03-13,415
2022-03-14,417.5
2022-03-14,418
2022-03-14,417
2022-03-14,418
2022-03-15,415.5
2022-03-15,416
2022-03-15,409
2022-03-15,422
2022-03-16,423.5
2022-03-16,424
2022-03-16,419
2022-03-16,428
2022-03-17,424
2022-03-17,424
2022-03-17,422
2022-03-17,426
2022-03-18,427
2022-03-18,427
2022-03-18,425
2022-03-18,429
2022-03-19,431.5
2022-03-19,432
2022-03-19,430
2022-03-19,433
2022-03-20,436
2022-03-20,436
2022-03-20,435
2022-03-20,437
2022-03-21,436.5
2022-03-21,436
2022-03-21,433
2022-03-21,440
2022-03-22,443.5
2022-03-22,444
2022-03-22,440
2022-03-22,447
2022-03-23,448
2022-03-23,448
2022-03-23,446
2022-03-23,450
2022-03-24,452
2022-03-24,452
2022-03-24,450
2022-03-24,454
2022-03-25,452
2022-03-25,452
2022-03-25,454
2022-03-25,450
2022-03-26,445
2022-03-26,445
2022-03-26,450
2022-03-26,440
2022-03-27,452.5
2022-03-27,452
2022-03-27,456
2022-03-27,449
2022-03-28,443.5
2022-03-28,444
2022-03-28,445
2022-03-28,442
2022-03-29,441
2022-03-29,441
2022-03-29,440
2022-03-29,442
2022-03-30,448.5
2022-03-30,448
2022-03-30,443
2022-03-30,454
2022-03-31,448.5
2022-03-31,448
2022-03-31,447
2022-03-31,450
2022-04-01,455.5
2022-04-01,456
2022-04-01,456
2022-04-01,455
2022-04-02,454
2022-04-02,454
2022-04-02,458
2022-04-02,450
2022-04-03,461.5
2022-04-03,462
2022-04-03,460
2022-04-03,463
2022-04-04,465.5
2022-04-04,466
2022-04-04,465
2022-04-04,466
2022-04-05,469.5
2022-04-05,470
2022-04-05,469
2022-04-05,470
2022-04-06,469
2022-04-06,469
2022-04-06,474
2022-04-06,464
2022-04-07,467
2022-04-07,467
2022-04-07,472
2022-04-07,462
2022-04-08,458
2022-04-08,458
2022-04-08,462
2022-04-08,454
2022-04-09,444
2022-04-09,444
2022-04-09,446
2022-04-09,442
2022-04-10,446
2022-04-10,446
2022-04-10,447
2022-04-10,445
2022-04-11,458
2022-04-11,458
2022-04-11,458
2022-04-11,458
2022-04-12,461
2022-04-12,461
2022-04-12,460
2022-04-12,462
2022-04-13,461
2022-04-13,461
2022-04-13,460
2022-04-13,462
2022-04-14,459
2022-04-14,459
2022-04-14,460
2022-04-14,458
2022-04-15,444
2022-04-15,444
2022-04-15,440
2022-04-15,448
2022-04-16,454
2022-04-16,454
2022-04-16,450
2022-04-16,458
2022-04-17,452
2022-04-17,452
2022-04-17,448
2022-04-17,456
2022-04-18,446
2022-04-18,446
2022-04-18,442
2022-04-18,450
2022-04-19,442
2022-04-19,442
2022-04-19,444
2022-04-19,440
2022-04-20,442.5
2022-04-20,442
2022-04-20,443
2022-04-20,442
2022-04-21,441.5
2022-04-21,442
2022-04-21,441
2022-04-21,442
2022-04-22,441.5
2022-04-22,442
2022-04-22,440
2022-04-22,443
2022-04-23,435
2022-04-23,435
2022-04-23,444
2022-04-23,426
2022-04-24,435.5
2022-04-24,436
2022-04-24,439
2022-04-24,432
2022-04-25,412
2022-04-25,412
2022-04-25,420
2022-04-25,404
2022-04-26,410
2022-04-26,410
2022-04-26,410
2022-04-26,410
2022-04-27,424.5
2022-04-27,424
2022-04-27,425
2022-04-27,424
2022-04-28,426
2022-04-28,426
2022-04-28,420
2022-04-28,432
2022-04-29,434
2022-04-29,434
2022-04-29,434
2022-04-29,434
2022-04-30,431
2022-04-30,431
2022-04-30,432
2022-04-30,430
2022-05-01,431
2022-05-01,431
2022-05-01,432
2022-05-01,430
2022-05-02,432.5
2022-05-02,432
2022-05-02,428
2022-05-02,437
2022-05-03,436
2022-05-03,436
2022-05-03,434
2022-05-03,438
2022-05-04,439
2022-05-04,439
2022-05-04,440
2022-05-04,438
2022-05-05,429
2022-05-05,429
2022-05-05,422
2022-05-05,436
2022-05-06,426
2022-05-06,426
2022-05-06,440
2022-05-06,412
2022-05-07,401.5
2022-05-07,402
2022-05-07,410
2022-05-07,393
2022-05-08,390.5
2022-05-08,390
2022-05-08,392
2022-05-08,389
2022-05-09,379.5
2022-05-09,380
2022-05-09,390
2022-05-09,369
2022-05-10,350
2022-05-10,386
2022-05-10,396
2022-05-10,304
2022-05-11,391
2022-05-11,391
2022-05-11,386
2022-05-11,396
2022-05-12,388
2022-05-12,388
2022-05-12,384
2022-05-12,392
2022-05-13,388
2022-05-13,388
2022-05-13,382
2022-05-13,394
2022-05-14,387.5
2022-05-14,388
2022-05-14,386
2022-05-14,389
2022-05-15,383
2022-05-15,383
2022-05-15,384
2022-05-15,382
2022-05-16,383.5
2022-05-16,384
2022-05-16,382
2022-05-16,385
2022-05-17,383
2022-05-17,383
2022-05-17,380
2022-05-17,386
2022-05-18,386
2022-05-18,386
2022-05-18,388
2022-05-18,384
2022-05-19,384
2022-05-19,384
2022-05-19,386
2022-05-19,382
2022-05-20,382
2022-05-20,382
2022-05-20,384
2022-05-20,380
2022-05-21,382
2022-05-21,382
2022-05-21,380
2022-05-21,384
2022-05-22,384
2022-05-22,384
2022-05-22,386
2022-05-22,382
2022-05-23,372
2022-05-23,372
2022-05-23,370
2022-05-23,374
2022-05-24,375.5
2022-05-24,376
2022-05-24,375
2022-05-24,376
2022-05-25,362
2022-05-25,362
2022-05-25,360
2022-05-25,364
2022-05-26,356
2022-05-26,356
2022-05-26,362
2022-05-26,350
2022-05-27,346.5
2022-05-27,345
2022-05-27,346
2022-05-27,347
2022-05-28,342
2022-05-28,343
2022-05-28,342
2022-05-28,342
2022-05-29,337
2022-05-29,337
2022-05-29,336
2022-05-29,338
2022-05-30,341
2022-05-30,338
2022-05-30,340
2022-05-30,342
2022-05-31,341.5
2022-05-31,339
2022-05-31,340
2022-05-31,343
2022-06-01,341
2022-06-01,338
2022-06-01,340
2022-06-01,342
2022-06-02,336
2022-06-02,334
2022-06-02,336
2022-06-02,336
2022-06-03,340
2022-06-03,328
2022-06-03,340
2022-06-03,340
2022-06-04,323.5
2022-06-04,319
2022-06-04,328
2022-06-04,319
2022-06-05,319.5
2022-06-05,314
2022-06-05,327
2022-06-05,312
2022-06-06,320
2022-06-06,319
2022-06-06,320
2022-06-06,320
2022-06-07,321
2022-06-07,323
2022-06-07,322
2022-06-07,320
2022-06-08,320
2022-06-08,323
2022-06-08,320
2022-06-08,320
2022-06-09,317
2022-06-09,320
2022-06-09,319
2022-06-09,315
2022-06-10,310.5
2022-06-10,316
2022-06-10,310
2022-06-10,311
2022-06-11,309.5
2022-06-11,312
2022-06-11,311
2022-06-11,308
2022-06-12,305
2022-06-12,310
2022-06-12,302
2022-06-12,308
2022-06-13,317
2022-06-13,320
2022-06-13,308
2022-06-13,326
2022-06-14,332
2022-06-14,331
2022-06-14,326
2022-06-14,338
2022-06-15,337
2022-06-15,336
2022-06-15,334
2022-06-15,340
2022-06-16,338
2022-06-16,334
2022-06-16,336
2022-06-16,340
2022-06-17,337
2022-06-17,334
2022-06-17,336
2022-06-17,338
2022-06-18,332
2022-06-18,329
2022-06-18,334
2022-06-18,330
2022-06-19,331
2022-06-19,323
2022-06-19,334
2022-06-19,328
2022-06-20,325
2022-06-20,322
2022-06-20,332
2022-06-20,318
2022-06-21,319.5
2022-06-21,322
2022-06-21,323
2022-06-21,316
2022-06-22,313
2022-06-22,317
2022-06-22,320
2022-06-22,306
2022-06-23,304
2022-06-23,309
2022-06-23,302
2022-06-23,306
2022-06-24,304
2022-06-24,305
2022-06-24,302
2022-06-24,306
2022-06-25,295
2022-06-25,300
2022-06-25,294
2022-06-25,296
2022-06-26,294
2022-06-26,296
2022-06-26,290
2022-06-26,298
2022-06-27,293
2022-06-27,294
2022-06-27,292
2022-06-27,294
2022-06-28,295
2022-06-28,291
2022-06-28,294
2022-06-28,296
2022-06-29,246
2022-06-29,294
2022-06-29,290
2022-06-29,202
2022-06-30,296.5
2022-06-30,295
2022-06-30,295
2022-06-30,298
2022-07-01,298
2022-07-01,293
2022-07-01,298
2022-07-01,298
2022-07-02,298
2022-07-02,296
2022-07-02,298
2022-07-02,298
2022-07-03,298
2022-07-03,295
2022-07-03,298
2022-07-03,298
2022-07-04,303
2022-07-04,296
2022-07-04,308
2022-07-04,298
2022-07-05,292.5
2022-07-05,290
2022-07-05,308
2022-07-05,277
2022-07-06,284
2022-07-06,283
2022-07-06,292
2022-07-06,276
2022-07-07,280
2022-07-07,281
2022-07-07,290
2022-07-07,270
2022-07-08,278
2022-07-08,279
2022-07-08,288
2022-07-08,268
2022-07-09,272.5
2022-07-09,279
2022-07-09,275
2022-07-09,270
2022-07-10,276
2022-07-11,269
2022-07-11,274
2022-07-11,264
2022-07-11,274
2022-07-12,273
2022-07-12,276
2022-07-12,266
2022-07-12,280
2022-07-13,283
2022-07-13,281
2022-07-13,270
2022-07-13,296
2022-07-14,288
2022-07-14,285
2022-07-14,280
2022-07-14,296
2022-07-15,247
2022-07-15,290
2022-07-15,290
2022-07-15,204
2022-07-16,206
2022-07-16,293
2022-07-16,208
2022-07-16,204
2022-07-17,290
2022-07-18,286
2022-07-18,208
2022-07-19,291
2022-07-19,284
2022-07-19,294
2022-07-19,288
2022-07-20,280
2022-07-21,265
2022-07-21,273
2022-07-21,272
2022-07-21,258
2022-07-22,257
2022-07-22,262
2022-07-22,264
2022-07-22,250
2022-07-23,216
2022-07-23,254
2022-07-23,216
2022-07-23,216
2022-07-24,252
2022-07-25,222
2022-07-25,251
2022-07-25,240
2022-07-25,204
2022-07-26,246
2022-07-26,251
2022-07-26,240
2022-07-26,252
2022-07-27,249
2022-07-27,249
2022-07-27,246
2022-07-27,252
2022-07-28,239
2022-07-28,250
2022-07-28,216
2022-07-28,262
2022-07-29,252.5
2022-07-29,252
2022-07-29,252
2022-07-29,253
2022-07-30,257
2022-07-30,254
2022-07-30,258
2022-07-30,256
2022-07-31,253
2022-08-01,261
2022-08-01,257
2022-08-01,260
2022-08-01,262
2022-08-02,265
2022-08-02,258
2022-08-02,270
2022-08-02,260
2022-08-03,269
2022-08-03,259
2022-08-03,274
2022-08-03,264
2022-08-04,264
2022-08-04,257
2022-08-04,272
2022-08-04,256
2022-08-05,249.5
2022-08-05,251
2022-08-05,260
2022-08-05,239
2022-08-06,240.5
2022-08-06,254
2022-08-06,250
2022-08-06,231
2022-08-07,229
2022-08-07,255
2022-08-07,228
2022-08-07,230
2022-08-08,232
2022-08-08,238
2022-08-08,230
2022-08-08,234
2022-08-09,236
2022-08-09,233
2022-08-09,232
2022-08-09,240
2022-08-10,246
2022-08-10,235
2022-08-10,240
2022-08-10,252
2022-08-11,238
2022-08-11,240
2022-08-11,216
2022-08-11,260
2022-08-12,243
2022-08-12,245
2022-08-12,216
2022-08-12,270
2022-08-13,272
2022-08-13,253
2022-08-13,272
2022-08-13,272
2022-08-14,257
2022-08-15,257
2022-08-16,272
2022-08-16,253
2022-08-16,272
2022-08-16,272
2022-08-17,257
2022-08-17,257
2022-08-17,264
2022-08-17,250
2022-08-18,235
2022-08-18,248
2022-08-18,254
2022-08-18,216
2022-08-19,221
2022-08-19,236
2022-08-19,216
2022-08-19,226
2022-08-20,220
2022-08-20,228
2022-08-20,230
2022-08-20,210
2022-08-21,217
2022-08-22,202
2022-08-22,205
2022-08-22,202
2022-08-22,202
2022-08-23,199
2022-08-23,200
2022-08-23,196
2022-08-23,202
2022-08-24,207
2022-08-24,203
2022-08-24,202
2022-08-24,212
2022-08-25,215
2022-08-25,207
2022-08-25,206
2022-08-25,224
2022-08-26,221
2022-08-26,215
2022-08-26,214
2022-08-26,228
2022-08-27,227
2022-08-27,220
2022-08-27,220
2022-08-27,234
2022-08-28,233
2022-08-28,222
2022-08-28,228
2022-08-28,238
2022-08-29,224
2022-08-30,239
2022-08-30,226
2022-08-30,234
2022-08-30,244
2022-08-31,240
2022-08-31,225
2022-08-31,240
2022-08-31,240
2022-09-01,222
2022-09-01,237.5
2022-09-01,241
2022-09-01,234
2022-09-02,221
2022-09-02,232.5
2022-09-02,240
2022-09-02,225
2022-09-03,219
2022-09-03,225
2022-09-03,234
2022-09-03,216
2022-09-04,208
2022-09-05,212
2022-09-05,198
2022-09-05,206
2022-09-05,190
2022-09-06,206
2022-09-06,193
2022-09-06,196
2022-09-06,190
2022-09-07,204
2022-09-07,193
2022-09-07,190
2022-09-07,196
2022-09-08,205
2022-09-08,205
2022-09-08,198
2022-09-08,212
2022-09-09,210
2022-09-09,216
2022-09-09,208
2022-09-09,224
2022-09-10,213
2022-09-10,221
2022-09-10,208
2022-09-10,234
2022-09-11,213
2022-09-12,219
2022-09-12,235
2022-09-12,230
2022-09-12,240
2022-09-13,229
2022-09-13,238
2022-09-13,234
2022-09-13,242
2022-09-14,223
2022-09-14,235
2022-09-14,236
2022-09-14,234
2022-09-15,220
2022-09-15,226
2022-09-15,232
2022-09-15,220
2022-09-16,211
2022-09-16,211.5
2022-09-16,220
2022-09-16,203
2022-09-17,202
2022-09-17,193
2022-09-17,200
2022-09-17,186
2022-09-18,182
2022-09-18,190
2022-09-19,170
2022-09-19,150.5
2022-09-19,169
2022-09-19,132
2022-09-20,161
2022-09-20,150
2022-09-20,148
2022-09-20,152
2022-09-21,164
2022-09-21,154
2022-09-21,148
2022-09-21,160
2022-09-22,169
2022-09-22,163
2022-09-22,156
2022-09-22,170
2022-09-23,169
2022-09-23,170
2022-09-23,170
2022-09-23,170
2022-09-24,168
2022-09-24,176
2022-09-25,174
2022-09-26,180
2022-09-26,187
2022-09-26,176
2022-09-26,198
2022-09-27,188
2022-09-27,147
2022-09-27,192
2022-09-27,102
2022-09-28,187
2022-09-28,149
2022-09-28,196
2022-09-28,102
2022-09-29,186
2022-09-29,102
2022-09-29,102
2022-09-29,102
2022-09-30,183
2022-09-30,137.5
2022-09-30,103
2022-09-30,172
2022-10-01,174
2022-10-01,162
2022-10-02,165
2022-10-03,152
2022-10-04,141
2022-10-04,142
2022-10-04,162
2022-10-04,120
2022-10-05,119.5
2022-10-05,137
2022-10-05,115
2022-10-05,124
2022-10-06,125
2022-10-06,141
2022-10-06,118
2022-10-06,132
2022-10-07,136
2022-10-07,148
2022-10-07,132
2022-10-07,140
2022-10-08,145
2022-10-08,151
2022-10-08,134
2022-10-08,156
2022-10-09,152
2022-10-10,162
2022-10-10,156
2022-10-10,150
2022-10-10,174
2022-10-11,168
2022-10-11,158
2022-10-11,158
2022-10-11,178
2022-10-12,168
2022-10-12,152
2022-10-12,160
2022-10-12,176
2022-10-13,163
2022-10-13,147
2022-10-13,160
2022-10-13,166
2022-10-14,160
2022-10-14,142
2022-10-14,160
2022-10-14,160
2022-10-15,145
2022-10-15,132
2022-10-15,150
2022-10-15,140
2022-10-16,116
2022-10-17,106
2022-10-17,103
2022-10-17,106
2022-10-17,106
2022-10-18,244
2022-10-18,93
2022-10-18,204
2022-10-18,284
2022-10-19,286
2022-10-19,92
2022-10-19,282
2022-10-19,290
2022-10-20,287
2022-10-20,92
2022-10-20,284
2022-10-20,290
2022-10-21,288
2022-10-21,90
2022-10-21,282
2022-10-21,294
2022-10-22,295
2022-10-22,91
2022-10-22,292
2022-10-22,298
2022-10-23,98
2022-10-24,150
2022-10-24,108
2022-10-24,198
2022-10-24,102
2022-10-25,222
2022-10-25,110
2022-10-25,220
2022-10-25,224
2022-10-26,220
2022-10-26,116
2022-10-26,210
2022-10-26,230
2022-10-27,219
2022-10-27,115
2022-10-27,212
2022-10-27,226
2022-10-28,232
2022-10-28,120
2022-10-28,224
2022-10-28,240
2022-10-29,227
2022-10-29,114
2022-10-29,226
2022-10-29,228
2022-10-30,105
2022-10-31,209
2022-10-31,100
2022-10-31,210
2022-10-31,208
2022-11-01,196
2022-11-01,94
2022-11-01,210
2022-11-01,182
2022-11-02,185
2022-11-02,88
2022-11-02,192
2022-11-02,178
2022-11-03,173
2022-11-03,79
2022-11-03,172
2022-11-03,174
2022-11-04,172
2022-11-04,81
2022-11-04,172
2022-11-04,172
2022-11-05,180
2022-11-05,82
2022-11-05,174
2022-11-05,186
2022-11-06,185
2022-11-06,87
2022-11-06,185
2022-11-06,185
2022-11-07,190
2022-11-07,92
2022-11-07,184
2022-11-07,196
2022-11-08,152
2022-11-08,98
2022-11-08,194
2022-11-08,110
2022-11-09,104.5
2022-11-09,99
2022-11-09,98
2022-11-09,111
2022-11-10,116
2022-11-10,106
2022-11-10,106
2022-11-10,126
2022-11-11,122
2022-11-11,110
2022-11-11,118
2022-11-11,126
2022-11-12,119
2022-11-12,108
2022-11-12,118
2022-11-12,120
2022-11-13,113
2022-11-13,104
2022-11-13,115
2022-11-13,111
2022-11-14,108
2022-11-14,101
2022-11-14,106
2022-11-14,110
2022-11-15,106
2022-11-15,101
2022-11-15,108
2022-11-15,104
2022-11-16,87
2022-11-16,92
2022-11-16,98
2022-11-16,76
2022-11-17,68
2022-11-17,80
2022-11-17,68
2022-11-17,68
2022-11-18,68
2022-11-18,81
2022-11-18,64
2022-11-18,72
2022-11-19,79
2022-11-19,87
2022-11-19,76
2022-11-19,82
2022-11-20,88
2022-11-20,91
2022-11-20,86
2022-11-20,90
2022-11-21,96
2022-11-21,98
2022-11-21,94
2022-11-21,98
2022-11-22,103
2022-11-22,108
2022-11-22,92
2022-11-22,114
2022-11-23,117
2022-11-23,117
2022-11-23,106
2022-11-23,128
2022-11-24,124
2022-11-24,123
2022-11-24,108
2022-11-24,140
2022-11-25,147.5
2022-11-25,127
2022-11-25,145
2022-11-25,150
2022-11-26,139
2022-11-26,126
2022-11-26,134
2022-11-26,144
2022-11-27,141
2022-11-27,121
2022-11-27,142
2022-11-27,140
2022-11-28,137
2022-11-28,118
2022-11-28,138
2022-11-28,136
2022-11-29,130
2022-11-29,119
2022-11-29,130
2022-11-29,130
2022-11-30,112.5
2022-11-30,117
2022-11-30,130
2022-11-30,95
2022-12-01,100
2022-12-01,112
2022-12-01,110
2022-12-01,90
2022-12-02,103.5
2022-12-02,117
2022-12-02,106
2022-12-02,101
2022-12-03,101
2022-12-03,114
2022-12-03,96
2022-12-03,106
2022-12-04,106
2022-12-04,107
2022-12-04,106
2022-12-04,106
2022-12-05,111.5
2022-12-05,116
2022-12-05,105
2022-12-05,118
2022-12-06,114
2022-12-06,119
2022-12-06,104
2022-12-06,124
2022-12-07,130
2022-12-07,133
2022-12-07,120
2022-12-07,140
2022-12-08,133
2022-12-08,133
2022-12-08,126
2022-12-08,140
2022-12-09,137
2022-12-09,133
2022-12-09,130
2022-12-09,144
2022-12-10,140
2022-12-10,132
2022-12-10,134
2022-12-10,146
2022-12-11,143
2022-12-11,134
2022-12-11,144
2022-12-11,142
2022-12-12,148
2022-12-12,136
2022-12-12,140
2022-12-12,156
2022-12-13,150
2022-12-13,139
2022-12-13,146
2022-12-13,154
2022-12-14,139
2022-12-14,131
2022-12-14,140
2022-12-14,138
2022-12-15,121.5
2022-12-15,117
2022-12-15,130
2022-12-15,113
2022-12-16,114
2022-12-16,116
2022-12-16,124
2022-12-16,104
2022-12-17,108.5
2022-12-17,116
2022-12-17,114
2022-12-17,103
2022-12-18,97.5
2022-12-18,114
2022-12-18,99
2022-12-18,96
2022-12-19,105
2022-12-19,118
2022-12-19,92
2022-12-19,118
2022-12-20,121
2022-12-20,127
2022-12-20,110
2022-12-20,132
2022-12-21,134.5
2022-12-21,136
2022-12-21,129
2022-12-21,140
2022-12-22,134
2022-12-22,139
2022-12-22,120
2022-12-22,148
2022-12-23,147
2022-12-23,152
2022-12-23,140
2022-12-23,154
2022-12-24,160
2022-12-24,152
2022-12-24,170
2022-12-24,150
2022-12-25,148
2022-12-25,148
2022-12-25,149
2022-12-25,147
2022-12-26,148
2022-12-26,160
2022-12-26,146
2022-12-26,150
2022-12-27,168.5
2022-12-27,167
2022-12-27,147
2022-12-27,190
2022-12-28,180
2022-12-28,162
2022-12-28,170
2022-12-28,190
2022-12-29,175
2022-12-29,161
2022-12-29,170
2022-12-29,180
2022-12-30,157
2022-12-30,160
2022-12-30,170
2022-12-30,144
2022-12-31,144
2022-12-31,150
2022-12-31,160
2022-12-31,128
2023-01-01,134
2023-01-01,144
2023-01-01,132
2023-01-01,136
2023-01-02,155
2023-01-02,160
2023-01-02,140
2023-01-02,170
2023-01-03,185
2023-01-03,185
2023-01-03,180
2023-01-03,190
2023-01-04,190
2023-01-04,190
2023-01-04,190
2023-01-04,190
2023-01-05,193
2023-01-05,194
2023-01-05,184
2023-01-05,202
2023-01-06,188.5
2023-01-06,203
2023-01-06,169
2023-01-06,208
2023-01-07,156
2023-01-07,189
2023-01-07,164
2023-01-07,148
2023-01-08,181
2023-01-08,173
2023-01-08,170
2023-01-08,192
2023-01-09,169
2023-01-09,211
2023-01-09,214
2023-01-09,124
2023-01-10,126
2023-01-10,215
2023-01-10,122
2023-01-10,130
2023-01-11,135
2023-01-11,225
2023-01-11,140
2023-01-11,130
2023-01-12,124.5
2023-01-12,227
2023-01-12,129
2023-01-12,120
2023-01-13,152
2023-01-13,227
2023-01-13,124
2023-01-13,180
2023-01-14,189
2023-01-14,203
2023-01-14,186
2023-01-14,192
2023-01-15,194
2023-01-15,188
2023-01-15,198
2023-01-15,190
2023-01-16,206
2023-01-16,196
2023-01-16,214
2023-01-16,198
2023-01-17,208
2023-01-17,207
2023-01-17,208
2023-01-17,208
2023-01-18,215
2023-01-18,210
2023-01-18,210
2023-01-18,220
2023-01-19,231
2023-01-19,215
2023-01-19,230
2023-01-19,232
2023-01-20,230
2023-01-20,228
2023-01-20,240
2023-01-20,220
2023-01-21,234
2023-01-21,226
2023-01-21,229
2023-01-21,239
2023-01-22,256
2023-01-22,219
2023-01-22,248
2023-01-22,264
2023-01-23,278
2023-01-23,250
2023-01-23,272
2023-01-23,284
2023-01-24,284
2023-01-24,271
2023-01-24,284
2023-01-24,284
2023-01-25,270
2023-01-25,275
2023-01-25,274
2023-01-25,266
2023-01-26,263.5
2023-01-26,263
2023-01-26,266
2023-01-26,261
2023-01-27,240
2023-01-27,257
2023-01-27,256
2023-01-27,224
2023-01-28,230
2023-01-28,240
2023-01-28,228
2023-01-28,232
2023-01-29,238
2023-01-29,210
2023-01-29,236
2023-01-29,240
2023-01-30,272.5
2023-01-30,231
2023-01-30,280
2023-01-30,265
2023-01-31,245
2023-01-31,248
2023-01-31,250
2023-01-31,240
2023-02-01,244
2023-02-01,242
2023-02-01,243
2023-02-01,245
2023-02-02,249
2023-02-02,247
2023-02-02,248
2023-02-02,250
2023-02-03,254
2023-02-03,254
2023-02-03,254
2023-02-03,254
2023-02-04,248
2023-02-04,247
2023-02-04,256
2023-02-04,240
2023-02-05,246
2023-02-05,231
2023-02-05,244
2023-02-05,248
2023-02-06,262
2023-02-06,256
2023-02-06,252
2023-02-06,272
2023-02-07,281
2023-02-07,276
2023-02-07,278
2023-02-07,284
2023-02-08,262
2023-02-08,281
2023-02-08,234
2023-02-08,290
2023-02-09,289
2023-02-09,283
2023-02-09,284
2023-02-09,294
2023-02-10,291
2023-02-10,285
2023-02-10,294
2023-02-10,288
2023-02-11,269
2023-02-11,265
2023-02-11,280
2023-02-11,258
2023-02-12,261
2023-02-12,247
2023-02-12,260
2023-02-12,262
2023-02-13,264
2023-02-13,259
2023-02-13,264
2023-02-13,264
2023-02-14,269
2023-02-14,270
2023-02-14,272
2023-02-14,266
2023-02-15,289.5
2023-02-15,280
2023-02-15,292
2023-02-15,287
2023-02-16,290
2023-02-16,289
2023-02-16,290
2023-02-16,290
2023-02-17,280
2023-02-17,289
2023-02-17,290
2023-02-17,270
2023-02-18,281
2023-02-18,280
2023-02-18,288
2023-02-18,274
2023-02-19,273
2023-02-19,272
2023-02-19,273
2023-02-19,273
2023-02-20,272
2023-02-20,278
2023-02-20,270
2023-02-20,274
2023-02-21,277
2023-02-21,276
2023-02-21,274
2023-02-21,280
2023-02-22,256.5
2023-02-22,298
2023-02-22,233
2023-02-22,280
2023-02-23,223
2023-02-23,314
2023-02-23,220
2023-02-23,226
2023-02-24,220
2023-02-24,315
2023-02-24,220
2023-02-24,220
2023-02-25,215.5
2023-02-25,296
2023-02-25,210
2023-02-25,221
2023-02-26,239
2023-02-26,276
2023-02-26,233
2023-02-26,245
2023-02-27,262.5
2023-02-27,284
2023-02-27,257
2023-02-27,268
2023-02-28,281
2023-02-28,281
2023-02-28,280
2023-02-28,282
2023-03-01,275
2023-03-01,277
2023-03-01,280
2023-03-01,270
2023-03-02,290
2023-03-02,288
2023-03-02,290
2023-03-02,290
2023-03-03,298
2023-03-03,296
2023-03-03,294
2023-03-03,302
2023-03-04,307
2023-03-04,304
2023-03-04,310
2023-03-04,304
2023-03-05,309
2023-03-05,306
2023-03-05,307
2023-03-05,311
2023-03-06,322
2023-03-06,316
2023-03-06,314
2023-03-06,330
2023-03-07,327
2023-03-07,324
2023-03-07,330
2023-03-07,324
2023-03-08,335
2023-03-08,329
2023-03-08,336
2023-03-08,334
2023-03-09,335
2023-03-09,329
2023-03-09,334
2023-03-09,336
2023-03-10,340
2023-03-10,332
2023-03-10,340
2023-03-10,340
2023-03-11,332
2023-03-11,326
2023-03-11,336
2023-03-11,328
2023-03-12,330
2023-03-12,319
2023-03-12,329
2023-03-12,331
2023-03-13,333.5
2023-03-13,327
2023-03-13,332
2023-03-13,335
2023-03-14,340
2023-03-14,333
2023-03-14,340
2023-03-14,340
2023-03-15,340
2023-03-15,337
2023-03-15,340
2023-03-15,340
2023-03-16,341
2023-03-16,341
2023-03-16,342
2023-03-16,340
2023-03-17,343.5
2023-03-17,343
2023-03-17,340
2023-03-17,347
2023-03-18,341
2023-03-18,341
2023-03-18,340
2023-03-18,342
2023-03-19,345
2023-03-19,338
2023-03-19,344
2023-03-19,346
2023-03-20,358.5
2023-03-20,354
2023-03-20,348
2023-03-20,369
2023-03-21,382
2023-03-21,375
2023-03-21,384
2023-03-21,380
2023-03-22,386
2023-03-22,382
2023-03-22,384
2023-03-22,388
2023-03-23,390
2023-03-23,381
2023-03-23,384
2023-03-23,396
2023-03-24,392
2023-03-24,386
2023-03-24,390
2023-03-24,394
2023-03-25,392
2023-03-25,388
2023-03-25,394
2023-03-25,390
2023-03-26,390
2023-03-26,379
2023-03-26,390
2023-03-26,390
2023-03-27,392
2023-03-27,387
2023-03-27,390
2023-03-27,394
2023-03-28,390
2023-03-28,395
2023-03-28,382
2023-03-28,398
2023-03-29,392
2023-03-29,396
2023-03-29,395
2023-03-29,389
2023-03-30,408
2023-03-30,407
2023-03-30,410
2023-03-30,406
2023-03-31,410
2023-03-31,408
2023-03-31,410
2023-03-31,410
2023-04-01,400.5
2023-04-01,398
2023-04-01,408
2023-04-01,393
2023-04-02,416.5
2023-04-02,394
2023-04-02,410
2023-04-02,423
2023-04-03,427.5
2023-04-03,412
2023-04-03,425
2023-04-03,430
2023-04-04,430
2023-04-04,427
2023-04-04,430
2023-04-04,430
2023-04-05,431
2023-04-05,428
2023-04-05,436
2023-04-05,426
2023-04-06,428
2023-04-06,424
2023-04-06,427
2023-04-06,429
2023-04-07,421
2023-04-07,418
2023-04-07,430
2023-04-07,412
2023-04-08,422
2023-04-08,421
2023-04-08,424
2023-04-08,420
2023-04-09,429.5
2023-04-09,427
2023-04-09,426
2023-04-09,433
2023-04-10,439.5
2023-04-10,438
2023-04-10,439
2023-04-10,440
2023-04-11,440
2023-04-11,439
2023-04-11,440
2023-04-11,440
2023-04-12,435
2023-04-12,435
2023-04-12,440
2023-04-12,430
2023-04-13,426
2023-04-13,422
2023-04-13,434
2023-04-13,418
2023-04-14,422
2023-04-14,423
2023-04-14,422
2023-04-14,422
2023-04-15,418
2023-04-15,418
2023-04-15,420
2023-04-15,416
2023-04-16,418
2023-04-16,414
2023-04-16,417
2023-04-16,419
2023-04-17,421
2023-04-17,422
2023-04-17,420
2023-04-17,422
2023-04-18,437
2023-04-18,435
2023-04-18,434
2023-04-18,440
2023-04-19,439
2023-04-19,439
2023-04-19,440
2023-04-19,438
2023-04-20,439
2023-04-20,440
2023-04-20,439
2023-04-20,439
2023-04-21,428
2023-04-21,430
2023-04-21,440
2023-04-21,416
2023-04-22,409
2023-04-22,409
2023-04-22,410
2023-04-22,408
2023-04-23,413
2023-04-23,416
2023-04-23,411
2023-04-23,415
2023-04-24,419
2023-04-24,422
2023-04-24,418
2023-04-24,420
2023-04-25,415
2023-04-25,417
2023-04-25,420
2023-04-25,410
2023-04-26,407
2023-04-26,410
2023-04-26,410
2023-04-26,404
2023-04-27,408
2023-04-27,410
2023-04-27,410
2023-04-27,406
2023-04-28,410
2023-04-28,413
2023-04-28,414
2023-04-28,406
2023-04-29,406.5
2023-04-29,401
2023-04-29,404
2023-04-29,409
2023-04-30,413
2023-04-30,382
2023-04-30,412
2023-04-30,414
2023-05-01,378
2023-05-01,412
2023-05-01,417
2023-05-01,407
2023-05-02,392
2023-05-02,400
2023-05-02,406
2023-05-02,394
2023-05-03,400
2023-05-03,400
2023-05-03,398
2023-05-03,402
2023-05-04,401
2023-05-04,402
2023-05-04,402
2023-05-04,402
2023-05-05,400
2023-05-05,401.5
2023-05-05,401
2023-05-05,402
2023-05-06,388
2023-05-06,396
2023-05-06,394
2023-05-06,398
2023-05-07,374
2023-05-07,391.5
2023-05-07,394
2023-05-07,389
2023-05-08,378
2023-05-08,382.5
2023-05-08,385
2023-05-08,380
2023-05-09,385
2023-05-09,384
2023-05-09,386
2023-05-09,382
2023-05-10,383
2023-05-10,383
2023-05-10,386
2023-05-10,380
2023-05-11,382
2023-05-11,379
2023-05-11,384
2023-05-11,374
2023-05-12,384
2023-05-12,380.5
2023-05-12,384
2023-05-12,377
2023-05-13,362
2023-05-13,356
2023-05-13,370
2023-05-13,342
2023-05-14,339
2023-05-14,339
2023-05-14,340
2023-05-14,338
2023-05-15,343
2023-05-15,337
2023-05-15,336
2023-05-15,338
2023-05-16,347
2023-05-16,343
2023-05-16,340
2023-05-16,346
2023-05-17,351
2023-05-17,347.5
2023-05-17,350
2023-05-17,345
2023-05-18,348
2023-05-18,343.5
2023-05-18,341
2023-05-18,346
2023-05-19,346
2023-05-19,345.5
2023-05-19,343
2023-05-19,348
2023-05-20,350
2023-05-20,350
2023-05-20,350
2023-05-20,350
2023-05-21,345
2023-05-21,349
2023-05-21,349
2023-05-21,349
2023-05-22,350
2023-05-22,350
2023-05-22,348
2023-05-22,352
2023-05-23,348
2023-05-23,347
2023-05-23,344
2023-05-23,350
2023-05-24,344
2023-05-24,342
2023-05-24,344
2023-05-24,340
2023-05-25,340
2023-05-25,337
2023-05-25,340
2023-05-25,334
2023-05-26,334
2023-05-26,329
2023-05-26,336
2023-05-26,322
2023-05-27,333
2023-05-27,330
2023-05-27,338
2023-05-27,322
2023-05-28,320
2023-05-28,316
2023-05-28,318
2023-05-28,314
2023-05-29,320
2023-05-29,310
2023-05-29,310
2023-05-29,310
2023-05-30,317
2023-05-30,310
2023-05-30,310
2023-05-30,310
2023-05-31,309
2023-05-31,302
2023-05-31,302
2023-05-31,302
2023-06-01,303
2023-06-01,306
2023-06-01,302
2023-06-01,304
2023-06-02,302
2023-06-02,303
2023-06-02,302
2023-06-02,302
2023-06-03,295
2023-06-03,300
2023-06-03,292
2023-06-03,298
2023-06-04,298
2023-06-04,298
2023-06-04,298
2023-06-04,298
2023-06-05,304
2023-06-05,303
2023-06-05,298
2023-06-05,310
2023-06-06,317
2023-06-06,310
2023-06-06,315
2023-06-06,319
2023-06-07,309.5
2023-06-07,310
2023-06-07,309
2023-06-07,310
2023-06-08,308
2023-06-08,307
2023-06-08,310
2023-06-08,306
2023-06-09,306
2023-06-09,304
2023-06-09,310
2023-06-09,302
2023-06-10,296
2023-06-10,299
2023-06-10,306
2023-06-10,286
2023-06-11,278.5
2023-06-11,294
2023-06-11,281
2023-06-11,276
2023-06-12,268.5
2023-06-12,293
2023-06-12,271
2023-06-12,266
2023-06-13,264
2023-06-13,290
2023-06-13,262
2023-06-13,266
2023-06-14,273
2023-06-14,289
2023-06-14,280
2023-06-14,266
2023-06-15,284
2023-06-15,290
2023-06-15,278
2023-06-15,290
2023-06-16,285
2023-06-16,291
2023-06-16,278
2023-06-16,292
2023-06-17,280
2023-06-17,287
2023-06-17,270
2023-06-17,290
2023-06-18,283
2023-06-18,282
2023-06-18,285
2023-06-18,281
2023-06-19,270.5
2023-06-19,280
2023-06-19,276
2023-06-19,265
2023-06-20,255
2023-06-20,277
2023-06-20,228
2023-06-20,282
2023-06-21,232
2023-06-21,273
2023-06-21,260
2023-06-21,204
2023-06-22,242
2023-06-22,272
2023-06-22,280
2023-06-22,204
2023-06-23,278
2023-06-23,274
2023-06-23,280
2023-06-23,276
2023-06-24,267
2023-06-24,267
2023-06-24,274
2023-06-24,260
2023-06-25,260
2023-06-25,261
2023-06-25,260
2023-06-25,260
2023-06-26,237.5
2023-06-26,258
2023-06-26,260
2023-06-26,215
2023-06-27,235.5
2023-06-27,259
2023-06-27,256
2023-06-27,215
2023-06-28,238.5
2023-06-28,259
2023-06-28,231
2023-06-28,246
2023-06-29,245
2023-06-29,255
2023-06-29,244
2023-06-29,246
2023-06-30,269
2023-06-30,248
2023-06-30,298
2023-06-30,240
2023-07-01,245
2023-07-01,252
2023-07-01,240
2023-07-01,250
2023-07-02,250.5
2023-07-02,254
2023-07-02,250
2023-07-02,251
2023-07-03,261
2023-07-03,262
2023-07-03,252
2023-07-03,270
2023-07-04,268.5
2023-07-04,267
2023-07-04,264
2023-07-04,273
2023-07-05,273
2023-07-05,268
2023-07-05,266
2023-07-05,280
2023-07-06,276.5
2023-07-06,269
2023-07-06,276
2023-07-06,277
2023-07-07,272.5
2023-07-07,270
2023-07-07,272
2023-07-07,273
2023-07-08,275
2023-07-08,274
2023-07-08,277
2023-07-08,273
2023-07-09,270
2023-07-09,267
2023-07-09,271
2023-07-09,269
2023-07-10,256
2023-07-10,262
2023-07-10,268
2023-07-10,244
2023-07-11,253.5
2023-07-11,261
2023-07-11,260
2023-07-11,247
2023-07-12,244.5
2023-07-12,256
2023-07-12,246
2023-07-12,243
2023-07-13,236.5
2023-07-13,247
2023-07-13,233
2023-07-13,240
2023-07-14,235.5
2023-07-14,245
2023-07-14,228
2023-07-14,243
2023-07-15,239.5
2023-07-15,243
2023-07-15,239
2023-07-15,240
2023-07-16,238.5
2023-07-16,240
2023-07-16,239
2023-07-16,238
2023-07-17,243.5
2023-07-17,243
2023-07-17,237
2023-07-17,250
2023-07-18,252
2023-07-18,245
2023-07-18,246
2023-07-18,258
2023-07-19,251.5
2023-07-19,244
2023-07-19,246
2023-07-19,257
2023-07-20,250
2023-07-20,242
2023-07-20,249
2023-07-20,251
2023-07-21,247.5
2023-07-21,238
2023-07-21,250
2023-07-21,245
2023-07-22,242.5
2023-07-22,236
2023-07-22,247
2023-07-22,238
2023-07-23,235
2023-07-23,230
2023-07-23,236
2023-07-23,234
2023-07-24,228
2023-07-24,226
2023-07-24,232
2023-07-24,224
2023-07-25,227
2023-07-25,223
2023-07-25,227
2023-07-25,227
2023-07-26,213
2023-07-26,218
2023-07-26,220
2023-07-26,206
2023-07-27,202.5
2023-07-27,214
2023-07-27,202
2023-07-27,203
2023-07-28,197.5
2023-07-28,213
2023-07-28,198
2023-07-28,197
2023-07-29,203
2023-07-29,215
2023-07-29,202
2023-07-29,204
2023-07-30,207
2023-07-30,216
2023-07-30,206
2023-07-30,208
2023-07-31,217
2023-07-31,221
2023-07-31,210
2023-07-31,224
2023-08-01,226.5
2023-08-01,226
2023-08-01,218
2023-08-01,235
2023-08-02,236
2023-08-02,232
2023-08-02,228
2023-08-02,244
2023-08-03,243.5
2023-08-03,236
2023-08-03,237
2023-08-03,250
2023-08-04,249.5
2023-08-04,240
2023-08-04,246
2023-08-04,253
2023-08-05,249.5
2023-08-05,240
2023-08-05,255
2023-08-05,244
2023-08-06,245.5
2023-08-06,238
2023-08-06,245
2023-08-06,246
2023-08-07,238.5
2023-08-07,235
2023-08-07,247
2023-08-07,230
2023-08-08,251
2023-08-08,228
2023-08-08,283
2023-08-08,219
2023-08-09,214
2023-08-09,220
2023-08-09,224
2023-08-09,204
2023-08-10,198.5
2023-08-10,213
2023-08-10,204
2023-08-10,193
2023-08-11,190
2023-08-11,203
2023-08-11,192
2023-08-11,188
2023-08-12,186.5
2023-08-12,196
2023-08-12,183
2023-08-12,190
2023-08-13,185
2023-08-13,196
2023-08-13,187
2023-08-13,183
2023-08-14,187.5
2023-08-14,194
2023-08-14,180
2023-08-14,195
2023-08-15,199
2023-08-15,195
2023-08-15,188
2023-08-15,210
2023-08-16,203.5
2023-08-16,203
2023-08-16,193
2023-08-16,214
2023-08-17,201.5
2023-08-17,207
2023-08-17,180
2023-08-17,223
2023-08-18,216.5
2023-08-18,206
2023-08-18,212
2023-08-18,221
2023-08-19,222
2023-08-19,207
2023-08-19,217
2023-08-19,227
2023-08-20,224
2023-08-20,210
2023-08-20,225
2023-08-20,223
2023-08-21,215
2023-08-21,206
2023-08-21,220
2023-08-21,210
2023-08-22,216.5
2023-08-22,205
2023-08-22,227
2023-08-22,206
2023-08-23,208
2023-08-23,203
2023-08-23,218
2023-08-23,198
2023-08-24,192
2023-08-24,194
2023-08-24,202
2023-08-24,182
2023-08-25,172
2023-08-25,180
2023-08-25,184
2023-08-25,160
2023-08-26,160
2023-08-26,172
2023-08-26,164
2023-08-26,156
2023-08-27,153
2023-08-27,168
2023-08-27,154
2023-08-27,152
2023-08-28,157
2023-08-28,169
2023-08-28,150
2023-08-28,164
2023-08-29,163
2023-08-29,177
2023-08-29,150
2023-08-29,176
2023-08-30,182
2023-08-30,186
2023-08-30,174
2023-08-30,190
2023-08-31,183
2023-08-31,191
2023-08-31,182
2023-08-31,184
2023-09-01,200
2023-09-01,205.5
2023-09-01,198
2023-09-01,213
2023-09-02,207
2023-09-02,219
2023-09-02,214
2023-09-02,224
2023-09-03,208
2023-09-03,223.5
2023-09-03,224
2023-09-03,223
2023-09-04,204
2023-09-04,215.5
2023-09-04,223
2023-09-04,208
2023-09-05,196
2023-09-05,204
2023-09-05,210
2023-09-05,198
2023-09-06,183
2023-09-06,184.5
2023-09-06,195
2023-09-06,174
2023-09-07,170
2023-09-07,162
2023-09-07,178
2023-09-07,146
2023-09-08,159
2023-09-08,151
2023-09-08,166
2023-09-08,136
2023-09-09,148
2023-09-09,132
2023-09-09,132
2023-09-09,132
2023-09-10,139
2023-09-10,129
2023-09-10,130
2023-09-10,128
2023-09-11,142
2023-09-11,134
2023-09-11,126
2023-09-11,142
2023-09-12,148
2023-09-12,141.5
2023-09-12,131
2023-09-12,152
2023-09-13,149
2023-09-13,145
2023-09-13,134
2023-09-13,156
2023-09-14,149
2023-09-14,166
2023-09-14,162
2023-09-14,170
2023-09-15,149
2023-09-15,154
2023-09-15,148
2023-09-15,160
2023-09-16,152
2023-09-16,163
2023-09-16,156
2023-09-16,170
2023-09-17,156
2023-09-17,165
2023-09-17,167
2023-09-17,163
2023-09-18,151
2023-09-18,163
2023-09-18,160
2023-09-18,166
2023-09-19,142
2023-09-19,154.5
2023-09-19,157
2023-09-19,152
2023-09-20,134
2023-09-20,147
2023-09-20,150
2023-09-20,144
2023-09-21,126
2023-09-21,135.5
2023-09-21,137
2023-09-21,134
2023-09-22,119
2023-09-22,124
2023-09-22,128
2023-09-22,120
2023-09-23,112
2023-09-23,105
2023-09-23,114
2023-09-23,96
2023-09-24,100
2023-09-24,85.5
2023-09-24,89
2023-09-24,82
2023-09-25,96
2023-09-25,79
2023-09-25,76
2023-09-25,82
2023-09-26,99
2023-09-26,85
2023-09-26,80
2023-09-26,90
2023-09-27,106
2023-09-27,96
2023-09-27,88
2023-09-27,104
2023-09-28,113
2023-09-28,108
2023-09-28,98
2023-09-28,118
2023-09-29,123
2023-09-29,123
2023-09-29,112
2023-09-29,134
2023-09-30,129
2023-09-30,135
2023-09-30,126
2023-09-30,144
2023-10-01,135
2023-10-01,129
2023-10-01,137
2023-10-01,133
2023-10-02,135
2023-10-02,126
2023-10-02,130
2023-10-02,140
2023-10-03,132
2023-10-03,121
2023-10-03,136
2023-10-03,128
2023-10-04,124
2023-10-04,110
2023-10-04,128
2023-10-04,120
2023-10-05,102.5
2023-10-05,97
2023-10-05,107
2023-10-05,98
2023-10-06,76
2023-10-06,82
2023-10-06,88
2023-10-06,64
2023-10-07,62
2023-10-07,71
2023-10-07,64
2023-10-07,60
2023-10-08,57
2023-10-08,65
2023-10-08,58
2023-10-08,56
2023-10-09,56
2023-10-09,65
2023-10-09,54
2023-10-09,58
2023-10-10,59
2023-10-10,65
2023-10-10,58
2023-10-10,60
2023-10-11,64.5
2023-10-11,66
2023-10-11,63
2023-10-11,66
2023-10-12,68
2023-10-12,71
2023-10-12,64
2023-10-12,72
2023-10-13,70
2023-10-13,72
2023-10-13,64
2023-10-13,76
2023-10-14,75
2023-10-14,75
2023-10-14,70
2023-10-14,80
2023-10-15,79.5
2023-10-15,78
2023-10-15,80
2023-10-15,79
2023-10-16,83.5
2023-10-16,80
2023-10-16,79
2023-10-16,88
2023-10-17,84
2023-10-17,78
2023-10-17,80
2023-10-17,88
2023-10-18,78
2023-10-18,73
2023-10-18,76
2023-10-18,80
2023-10-19,78.5
2023-10-19,72
2023-10-19,79
2023-10-19,78
2023-10-20,73
2023-10-20,69
2023-10-20,74
2023-10-20,72
2023-10-21,68
2023-10-21,63
2023-10-21,69
2023-10-21,67
2023-10-22,57
2023-10-22,59
2023-10-22,60
2023-10-22,54
2023-10-23,55
2023-10-23,59
2023-10-23,50
2023-10-23,60
2023-10-24,49
2023-10-24,58
2023-10-24,48
2023-10-24,50
2023-10-25,45
2023-10-25,57
2023-10-25,40
2023-10-25,50
2023-10-26,54
2023-10-26,61
2023-10-26,50
2023-10-26,58
2023-10-27,61
2023-10-27,66
2023-10-27,54
2023-10-27,68
2023-10-28,68
2023-10-28,71
2023-10-28,60
2023-10-28,76
2023-10-29,77.5
2023-10-29,76
2023-10-29,77
2023-10-29,78
2023-10-30,87
2023-10-30,82
2023-10-30,80
2023-10-30,94
2023-10-31,87
2023-10-31,79
2023-10-31,84
2023-10-31,90
2023-11-01,83
2023-11-01,74
2023-11-01,80
2023-11-01,86
2023-11-02,78.5
2023-11-02,71
2023-11-02,78
2023-11-02,79
2023-11-03,67
2023-11-03,66
2023-11-03,70
2023-11-03,64
2023-11-04,50.5
2023-11-04,60
2023-11-04,55
2023-11-04,46
2023-11-05,44.5
2023-11-05,54
2023-11-05,45
2023-11-05,44
2023-11-06,44
2023-11-06,52
2023-11-06,44
2023-11-06,44
2023-11-07,47
2023-11-07,54
2023-11-07,46
2023-11-07,48
2023-11-08,51
2023-11-08,57
2023-11-08,50
2023-11-08,52
2023-11-09,52
2023-11-09,58
2023-11-09,52
2023-11-09,52
2023-11-10,51
2023-11-10,56
2023-11-10,48
2023-11-10,54
2023-11-11,62.5
2023-11-11,61
2023-11-11,61
2023-11-11,64
2023-11-12,62
2023-11-12,67
2023-11-12,63
2023-11-12,61
2023-11-13,68
2023-11-13,68
2023-11-13,60
2023-11-13,76
2023-11-14,68
2023-11-14,65
2023-11-14,62
2023-11-14,74
2023-11-15,68
2023-11-15,66
2023-11-15,60
2023-11-15,76
2023-11-16,70
2023-11-16,66
2023-11-16,71
2023-11-16,69
2023-11-17,70
2023-11-17,64
2023-11-17,70
2023-11-17,70
2023-11-18,62
2023-11-18,59
2023-11-18,64
2023-11-18,60
2023-11-19,57
2023-11-19,58
2023-11-19,58
2023-11-19,56
2023-11-20,48
2023-11-20,56
2023-11-20,54
2023-11-20,42
2023-11-21,44.5
2023-11-21,56
2023-11-21,49
2023-11-21,40
2023-11-22,41
2023-11-22,54
2023-11-22,40
2023-11-22,42
2023-11-23,43
2023-11-23,54
2023-11-23,40
2023-11-23,46
2023-11-24,48
2023-11-24,57
2023-11-24,42
2023-11-24,54
2023-11-25,50
2023-11-25,60
2023-11-25,40
2023-11-25,60
2023-11-26,58.5
2023-11-26,65
2023-11-26,59
2023-11-26,58
2023-11-27,68
2023-11-27,70
2023-11-27,58
2023-11-27,78
2023-11-28,70.5
2023-11-28,74
2023-11-28,69
2023-11-28,72
2023-11-29,82
2023-11-29,74
2023-11-29,74
2023-11-29,90
2023-11-30,82
2023-11-30,75
2023-11-30,80
2023-11-30,84
2023-12-01,79
2023-12-01,71
2023-12-01,76
2023-12-01,82
2023-12-02,75
2023-12-02,68
2023-12-02,72
2023-12-02,78
2023-12-03,64.5
2023-12-03,64
2023-12-03,71
2023-12-03,58
2023-12-04,51
2023-12-04,58
2023-12-04,58
2023-12-04,44
2023-12-05,51
2023-12-05,52
2023-12-05,59
2023-12-05,43
2023-12-06,41
2023-12-06,48
2023-12-06,40
2023-12-06,42
2023-12-07,46.5
2023-12-07,55
2023-12-07,43
2023-12-07,50
2023-12-08,48
2023-12-08,56
2023-12-08,44
2023-12-08,52
2023-12-09,49
2023-12-09,56
2023-12-09,40
2023-12-09,58
2023-12-10,58
2023-12-10,57
2023-12-10,51
2023-12-10,65
2023-12-11,61.5
2023-12-11,63
2023-12-11,52
2023-12-11,71
2023-12-12,72.5
2023-12-12,71
2023-12-12,62
2023-12-12,83
2023-12-13,80
2023-12-13,76
2023-12-13,68
2023-12-13,92
2023-12-14,92.5
2023-12-14,82
2023-12-14,81
2023-12-14,104
2023-12-15,97
2023-12-15,83
2023-12-15,90
2023-12-15,104
2023-12-16,99
2023-12-16,86
2023-12-16,94
2023-12-16,104
2023-12-17,102.5
2023-12-17,88
2023-12-17,103
2023-12-17,102
2023-12-18,95.5
2023-12-18,86
2023-12-18,96
2023-12-18,95
2023-12-19,94
2023-12-19,81
2023-12-19,92
2023-12-19,96
2023-12-20,63.5
2023-12-20,84
2023-12-20,64
2023-12-20,63
2023-12-21,76.5
2023-12-21,87
2023-12-21,85
2023-12-21,68
2023-12-22,67
2023-12-22,85
2023-12-22,61
2023-12-22,73
2023-12-23,72.5
2023-12-23,87
2023-12-23,63
2023-12-23,82
2023-12-24,83.5
2023-12-24,86
2023-12-24,73
2023-12-24,94
2023-12-25,80.5
2023-12-25,90
2023-12-25,72
2023-12-25,89
2023-12-26,92
2023-12-26,94
2023-12-26,82
2023-12-26,102
2023-12-27,107
2023-12-27,95
2023-12-27,96
2023-12-27,118
2023-12-28,100
2023-12-28,99
2023-12-28,78
2023-12-28,122
2023-12-29,170.5
2023-12-29,103
2023-12-29,112
2023-12-29,229
2023-12-30,166
2023-12-30,105
2023-12-30,110
2023-12-30,222
2023-12-31,110.5
2023-12-31,105
2023-12-31,118
2023-12-31,103
2024-01-01,109.5
2024-01-01,107
2024-01-01,112
2024-01-02,106.5
2024-01-02,110
2024-01-02,103
2024-01-03,112.5
2024-01-03,117
2024-01-03,108
2024-01-04,122.5
2024-01-04,120
2024-01-04,125
2024-01-05,106
2024-01-05,110
2024-01-05,102
2024-01-06,110.5
2024-01-06,113
2024-01-06,108
2024-01-07,90.5
2024-01-07,85
2024-01-07,96
2024-01-08,143
2024-01-08,188
2024-01-08,98
2024-01-09,105.5
2024-01-09,91
2024-01-09,120
2024-01-10,125.5
2024-01-10,111
2024-01-10,140
2024-01-11,138
2024-01-11,120
2024-01-11,156
2024-01-12,153
2024-01-12,136
2024-01-12,170
2024-01-13,164
2024-01-13,150
2024-01-13,178
2024-01-14,172
2024-01-14,171
2024-01-14,173
2024-01-15,176
2024-01-15,172
2024-01-15,180
2024-01-16,183
2024-01-16,181
2024-01-16,185
2024-01-17,173
2024-01-17,176
2024-01-17,170
2024-01-18,162
2024-01-18,178
2024-01-18,146
2024-01-19,177
2024-01-19,174
2024-01-19,180
2024-01-20,163.5
2024-01-20,159
2024-01-20,168
2024-01-21,134.5
2024-01-21,135
2024-01-21,134
2024-01-22,138
2024-01-22,132
2024-01-22,144
2024-01-23,148.5
2024-01-23,138
2024-01-23,159
2024-01-24,155
2024-01-24,144
2024-01-24,166
2024-01-25,165
2024-01-25,150
2024-01-25,180
2024-01-26,171
2024-01-26,158
2024-01-26,184
2024-01-27,180
2024-01-27,164
2024-01-27,196
2024-01-28,184.5
2024-01-28,182
2024-01-28,187
2024-01-29,174
2024-01-29,170
2024-01-29,178
2024-01-30,174
2024-01-30,168
2024-01-30,180
2024-01-31,162.5
2024-01-31,167
2024-01-31,158
2024-02-01,169.5
2024-02-01,165
2024-02-01,174
2024-02-02,166
2024-02-02,176
2024-02-02,156
2024-02-03,150.5
2024-02-03,165
2024-02-03,136
2024-02-04,141.5
2024-02-04,154
2024-02-04,129
2024-02-05,155.5
2024-02-05,154
2024-02-05,157
2024-02-06,172
2024-02-06,164
2024-02-06,180
2024-02-07,196
2024-02-07,194
2024-02-07,198
2024-02-08,196
2024-02-08,196
2024-02-08,196
2024-02-09,204
2024-02-09,198
2024-02-09,210
2024-02-10,233.5
2024-02-10,244
2024-02-10,223
2024-02-11,228.5
2024-02-11,230
2024-02-11,227
2024-02-12,246
2024-02-12,247
2024-02-12,245
2024-02-13,252
2024-02-13,250
2024-02-13,254
2024-02-14,250
2024-02-14,256
2024-02-14,244
2024-02-15,252
2024-02-15,258
2024-02-15,246
2024-02-16,236
2024-02-16,248
2024-02-16,224
2024-02-17,214
2024-02-17,230
2024-02-17,198
2024-02-18,194
2024-02-18,199
2024-02-18,189
2024-02-19,217
2024-02-19,204
2024-02-19,230
2024-02-20,240
2024-02-20,244
2024-02-20,236
2024-02-21,235.5
2024-02-21,235
2024-02-21,236
2024-02-22,231
2024-02-22,236
2024-02-22,226
2024-02-23,213.5
2024-02-23,215
2024-02-23,212
2024-02-24,213
2024-02-24,214
2024-02-24,212
2024-02-25,219
2024-02-25,224
2024-02-25,214
2024-02-26,235
2024-02-26,224
2024-02-26,246
2024-02-27,256.5
2024-02-27,251
2024-02-27,262
2024-02-28,251
2024-02-28,248
2024-02-28,254
2024-02-29,245
2024-02-29,250
2024-02-29,240
2024-03-01,241
2024-03-01,246
2024-03-01,236
2024-03-02,229.5
2024-03-02,247
2024-03-02,212
2024-03-03,208
2024-03-03,225
2024-03-03,191
2024-03-04,210.5
2024-03-04,211
2024-03-04,210
2024-03-05,226
2024-03-05,230
2024-03-05,222
2024-03-06,219
2024-03-06,218
2024-03-06,220
2024-03-07,219
2024-03-07,216
2024-03-07,222
2024-03-08,234
2024-03-08,230
2024-03-08,238
2024-03-09,249
2024-03-09,248
2024-03-09,250
2024-03-10,247
2024-03-10,246
2024-03-10,248
2024-03-11,268.5
2024-03-11,257
2024-03-11,280
2024-03-12,285
2024-03-12,280
2024-03-12,290
2024-03-13,288
2024-03-13,286
2024-03-13,290
2024-03-14,288
2024-03-14,290
2024-03-14,286
2024-03-15,280.5
2024-03-15,290
2024-03-15,271
2024-03-16,276
2024-03-16,278
2024-03-16,274
2024-03-17,246
2024-03-17,262
2024-03-17,230
2024-03-18,243.5
2024-03-18,244
2024-03-18,243
2024-03-19,248
2024-03-19,250
2024-03-19,246
2024-03-20,243.5
2024-03-20,244
2024-03-20,243
2024-03-21,254
2024-03-21,258
2024-03-21,250
2024-03-22,256
2024-03-22,258
2024-03-22,254
2024-03-23,252
2024-03-23,251
2024-03-23,253
2024-03-24,251.5
2024-03-24,241
2024-03-24,262
2024-03-25,266.5
2024-03-25,259
2024-03-25,274
2024-03-26,294.5
2024-03-26,283
2024-03-26,306
2024-03-27,304
2024-03-27,310
2024-03-27,298
2024-03-28,294
2024-03-28,302
2024-03-28,286
2024-03-29,277.5
2024-03-29,286
2024-03-29,269
2024-03-30,282
2024-03-30,294
2024-03-30,270
2024-03-31,296
2024-03-31,322
2024-03-31,270
2024-04-01,280.5
2024-04-01,289
2024-04-01,272
2024-04-02,276
2024-04-02,280
2024-04-02,272
2024-04-03,279
2024-04-03,280
2024-04-03,278
2024-04-04,278
2024-04-04,284
2024-04-04,272
2024-04-05,272
2024-04-05,270
2024-04-05,274
2024-04-06,273.5
2024-04-06,274
2024-04-06,273
2024-04-07,279.5
2024-04-07,273
2024-04-07,286
2024-04-08,306
2024-04-08,296
2024-04-08,316
2024-04-09,333
2024-04-09,330
2024-04-09,336
2024-04-10,319
2024-04-10,330
2024-04-10,308
2024-04-11,311
2024-04-11,310
2024-04-11,312
2024-04-12,325
2024-04-12,322
2024-04-12,328
2024-04-13,317
2024-04-13,322
2024-04-13,312
2024-04-14,312.5
2024-04-14,321
2024-04-14,304
2024-04-15,318
2024-04-15,318
2024-04-15,318
2024-04-16,334
2024-04-16,340
2024-04-16,328
2024-04-17,322
2024-04-17,330
2024-04-17,314
2024-04-18,325.5
2024-04-18,324
2024-04-18,327
2024-04-19,317
2024-04-19,324
2024-04-19,310
2024-04-20,309
2024-04-20,316
2024-04-20,302
2024-04-21,315
2024-04-21,324
2024-04-21,306
2024-04-22,328.5
2024-04-22,322
2024-04-22,335
2024-04-23,362
2024-04-23,364
2024-04-23,360
2024-04-24,368.5
2024-04-24,373
2024-04-24,364
2024-04-25,370
2024-04-25,374
2024-04-25,366
2024-04-26,363
2024-04-26,364
2024-04-26,362
2024-04-27,339
2024-04-27,354
2024-04-27,324
2024-04-28,330.5
2024-04-28,342
2024-04-28,319
2024-04-29,345
2024-04-29,342
2024-04-29,348
2024-04-30,360
2024-04-30,362
2024-04-30,358
2024-05-01,327.5
2024-05-01,349
2024-05-01,306
2024-05-02,351
2024-05-02,350
2024-05-02,352
2024-05-03,357
2024-05-03,356
2024-05-03,358
2024-05-04,333
2024-05-04,346
2024-05-04,320
2024-05-05,309
2024-05-05,320
2024-05-05,298
2024-05-06,334
2024-05-06,333
2024-05-06,335
2024-05-07,353.5
2024-05-07,353
2024-05-07,354
2024-05-08,358
2024-05-08,362
2024-05-08,354
2024-05-09,346
2024-05-09,336
2024-05-09,356
2024-05-10,345
2024-05-10,350
2024-05-10,340
2024-05-11,321
2024-05-11,330
2024-05-11,312
2024-05-12,304
2024-05-12,312
2024-05-12,296
2024-05-13,318
2024-05-13,316
2024-05-13,320
2024-05-14,316.5
2024-05-14,323
2024-05-14,310
2024-05-15,350
2024-05-15,312
2024-05-15,388
2024-05-16,284
2024-05-16,294
2024-05-16,274
2024-05-17,278
2024-05-17,280
2024-05-17,276
2024-05-18,269.5
2024-05-18,279
2024-05-18,260
2024-05-19,251.5
2024-05-19,252
2024-05-19,251
2024-05-20,266
2024-05-20,260
2024-05-20,272
2024-05-21,272
2024-05-21,270
2024-05-21,274
2024-05-22,278
2024-05-22,276
2024-05-22,280
2024-05-23,286
2024-05-23,282
2024-05-23,290
2024-05-24,285
2024-05-24,285
2024-05-24,285
2024-05-25,274.5
2024-05-25,275
2024-05-25,274
2024-05-26,267
2024-05-26,270
2024-05-26,264
2024-05-27,277.5
2024-05-27,270
2024-05-27,285
2024-05-28,273
2024-05-28,276
2024-05-28,270
2024-05-29,268
2024-05-29,270
2024-05-29,266
2024-05-30,264
2024-05-30,276
2024-05-30,252
2024-05-31,258
2024-05-31,268
2024-05-31,248
2024-06-01,243
2024-06-01,244
2024-06-01,242
2024-06-02,246
2024-06-02,249
2024-06-02,243
2024-06-03,247
2024-06-03,242
2024-06-03,252
2024-06-04,253
2024-06-04,246
2024-06-04,260
2024-06-05,256
2024-06-05,250
2024-06-05,262
2024-06-06,260
2024-06-06,254
2024-06-06,266
2024-06-07,277
2024-06-07,280
2024-06-07,274
2024-06-08,277
2024-06-08,282
2024-06-08,272
2024-06-09,262
2024-06-09,266
2024-06-09,258
2024-06-10,278
2024-06-10,288
2024-06-10,268
2024-06-11,258
2024-06-11,262
2024-06-11,254
2024-06-12,248
2024-06-12,256
2024-06-12,240
2024-06-13,212
2024-06-13,202
2024-06-13,222
2024-06-14,229
2024-06-14,236
2024-06-14,222
2024-06-15,242
2024-06-15,232
2024-06-15,252
2024-06-16,218
2024-06-16,222
2024-06-16,214
2024-06-17,214
2024-06-17,212
2024-06-17,216
2024-06-18,215
2024-06-18,210
2024-06-18,220
2024-06-19,214
2024-06-19,214
2024-06-19,214
2024-06-20,217.5
2024-06-20,216
2024-06-20,219
2024-06-21,229
2024-06-21,220
2024-06-21,238
2024-06-22,235
2024-06-22,230
2024-06-22,240
2024-06-23,237.5
2024-06-23,236
2024-06-23,239
2024-06-24,233
2024-06-24,233
2024-06-24,233
2024-06-25,241
2024-06-25,238
2024-06-25,244
2024-06-26,245
2024-06-26,250
2024-06-26,240
2024-06-27,241.5
2024-06-27,248
2024-06-27,235
2024-06-28,229.5
2024-06-28,243
2024-06-28,216
2024-06-29,223.5
2024-06-29,237
2024-06-29,210
2024-06-30,212
2024-06-30,216
2024-06-30,208
2024-07-01,206
2024-07-01,208
2024-07-01,204
2024-07-02,206
2024-07-02,202
2024-07-02,210
2024-07-03,209.5
2024-07-03,207
2024-07-03,212
2024-07-04,215
2024-07-04,210
2024-07-04,220
2024-07-05,219
2024-07-05,212
2024-07-05,226
2024-07-06,223
2024-07-06,216
2024-07-06,230
2024-07-07,226
2024-07-07,225
2024-07-07,227
2024-07-08,226
2024-07-08,226
2024-07-08,226
2024-07-09,221
2024-07-09,222
2024-07-09,220
2024-07-10,220
2024-07-10,226
2024-07-10,214
2024-07-11,222
2024-07-11,228
2024-07-11,216
2024-07-12,213
2024-07-12,222
2024-07-12,204
2024-07-13,200
2024-07-13,210
2024-07-13,190
2024-07-14,183.5
2024-07-14,192
2024-07-14,175
2024-07-15,173
2024-07-15,180
2024-07-15,166
2024-07-16,167
2024-07-16,170
2024-07-16,164
2024-07-17,165
2024-07-17,162
2024-07-17,168
2024-07-18,170.5
2024-07-18,167
2024-07-18,174
2024-07-19,165.5
2024-07-19,149
2024-07-19,182
2024-07-20,182
2024-07-20,176
2024-07-20,188
2024-07-21,191.5
2024-07-21,185
2024-07-21,198
2024-07-22,202
2024-07-22,196
2024-07-22,208
2024-07-23,213
2024-07-23,204
2024-07-23,222
2024-07-24,214
2024-07-24,224
2024-07-24,204
2024-07-25,224.5
2024-07-25,229
2024-07-25,220
2024-07-26,221
2024-07-26,228
2024-07-26,214
2024-07-27,214
2024-07-27,224
2024-07-27,204
2024-07-28,194.5
2024-07-28,201
2024-07-28,188
2024-07-29,180.5
2024-07-29,189
2024-07-29,172
2024-07-30,176.5
2024-07-30,185
2024-07-30,168
2024-07-31,167
2024-07-31,168
2024-07-31,166
2024-08-01,168
2024-08-01,164
2024-08-01,172
2024-08-02,173
2024-08-02,166
2024-08-02,180
2024-08-03,179
2024-08-03,172
2024-08-03,186
2024-08-04,182.5
2024-08-04,177
2024-08-04,188
2024-08-05,191
2024-08-05,186
2024-08-05,196
2024-08-06,193
2024-08-06,184
2024-08-06,202
2024-08-07,193
2024-08-07,188
2024-08-07,198
2024-08-08,188.5
2024-08-08,198
2024-08-08,179
2024-08-09,191.5
2024-08-09,191
2024-08-09,192
2024-08-10,189
2024-08-10,196
2024-08-10,182
2024-08-11,174
2024-08-11,180
2024-08-11,168
2024-08-12,164
2024-08-12,174
2024-08-12,154
2024-08-13,152
2024-08-13,162
2024-08-13,142
2024-08-14,143
2024-08-14,148
2024-08-14,138
2024-08-15,132
2024-08-15,132
2024-08-15,132
2024-08-16,133.5
2024-08-16,128
2024-08-16,139
2024-08-17,141
2024-08-17,132
2024-08-17,150
2024-08-18,156
2024-08-18,152
2024-08-18,160
2024-08-19,161.5
2024-08-19,150
2024-08-19,173
2024-08-20,173.5
2024-08-20,163
2024-08-20,184
2024-08-21,188
2024-08-21,178
2024-08-21,198
2024-08-22,191
2024-08-22,190
2024-08-22,192
2024-08-23,200.5
2024-08-23,199
2024-08-23,202
2024-08-24,197
2024-08-24,202
2024-08-24,192
2024-08-25,174.5
2024-08-25,183
2024-08-25,166
2024-08-26,157
2024-08-26,170
2024-08-26,144
2024-08-27,128
2024-08-27,144
2024-08-27,112
2024-08-28,114.5
2024-08-28,119
2024-08-28,110
2024-08-29,109
2024-08-29,104
2024-08-29,114
2024-08-30,117
2024-08-30,110
2024-08-30,124
2024-08-31,113.5
2024-08-31,101
2024-08-31,126
2024-09-01,125
2024-09-01,120
2024-09-01,130
2024-09-02,129.5
2024-09-02,120
2024-09-02,139
2024-09-03,139
2024-09-03,130
2024-09-03,148
2024-09-04,148.5
2024-09-04,150
2024-09-04,147
2024-09-05,142
2024-09-05,134
2024-09-05,150
2024-09-06,143
2024-09-06,140
2024-09-06,146
2024-09-07,143
2024-09-07,148
2024-09-07,138
2024-09-08,127
2024-09-08,131
2024-09-08,123
2024-09-09,127
2024-09-09,130
2024-09-09,124
2024-09-10,112
2024-09-10,118
2024-09-10,106
2024-09-11,91.5
2024-09-11,103
2024-09-11,80
2024-09-12,77
2024-09-12,82
2024-09-12,72
2024-09-13,61.5
2024-09-13,60
2024-09-13,63
2024-09-14,66
2024-09-14,58
2024-09-14,74
2024-09-15,75.5
2024-09-15,70
2024-09-15,81
2024-09-16,48
2024-09-16,76
2024-09-16,20
2024-09-17,102
2024-09-17,86
2024-09-17,118
2024-09-18,118
2024-09-18,108
2024-09-18,128
2024-09-19,117
2024-09-19,111
2024-09-19,123
2024-09-20,125.5
2024-09-20,117
2024-09-20,134
2024-09-21,126.5
2024-09-21,123
2024-09-21,130
2024-09-22,112.5
2024-09-22,118
2024-09-22,107
2024-09-23,99
2024-09-23,110
2024-09-23,88
2024-09-24,83
2024-09-24,94
2024-09-24,72
2024-09-25,59
2024-09-25,70
2024-09-25,48
2024-09-26,47
2024-09-26,48
2024-09-26,46
2024-09-27,46
2024-09-27,44
2024-09-27,48
2024-09-28,46
2024-09-28,42
2024-09-28,50
2024-09-29,55
2024-09-29,51
2024-09-29,59
2024-09-30,56
2024-09-30,60
2024-09-30,52
2024-10-01,59
2024-10-01,54
2024-10-01,64
2024-10-02,63
2024-10-02,56
2024-10-02,70
2024-10-03,63
2024-10-03,54
2024-10-03,72
2024-10-04,68.5
2024-10-04,64
2024-10-04,73
2024-10-05,67.5
2024-10-05,65
2024-10-05,70
2024-10-06,63
2024-10-06,62
2024-10-06,64
2024-10-07,57.5
2024-10-07,58
2024-10-07,57
2024-10-08,53
2024-10-08,52
2024-10-08,54
2024-10-09,50.5
2024-10-09,51
2024-10-09,50
2024-10-10,43
2024-10-10,48
2024-10-10,38
2024-10-11,35
2024-10-11,36
2024-10-11,34
2024-10-12,32
2024-10-12,32
2024-10-12,32
2024-10-13,39.5
2024-10-13,37
2024-10-13,42
2024-10-14,40
2024-10-14,38
2024-10-14,42
2024-10-15,45
2024-10-15,40
2024-10-15,50
2024-10-16,50
2024-10-16,42
2024-10-16,58
2024-10-17,59
2024-10-17,52
2024-10-17,66
2024-10-18,71.5
2024-10-18,64
2024-10-18,79
2024-10-19,80
2024-10-19,76
2024-10-19,84
2024-10-20,74.5
2024-10-20,71
2024-10-20,78
2024-10-21,82
2024-10-21,80
2024-10-21,84
2024-10-22,78
2024-10-22,80
2024-10-22,76
2024-10-23,60
2024-10-23,66
2024-10-23,54
2024-10-24,41
2024-10-24,46
2024-10-24,36
2024-10-25,34
2024-10-25,34
2024-10-25,34
2024-10-26,33
2024-10-26,32
2024-10-26,34
2024-10-27,38.5
2024-10-27,37
2024-10-27,40
2024-10-28,38.5
2024-10-28,39
2024-10-28,38
2024-10-29,39
2024-10-29,36
2024-10-29,42
2024-10-30,40
2024-10-30,38
2024-10-30,42
2024-10-31,43
2024-10-31,38
2024-10-31,48
2024-11-01,46
2024-11-01,42
2024-11-01,50
2024-11-02,49
2024-11-02,48
2024-11-02,50
2024-11-03,50
2024-11-03,47
2024-11-03,53
2024-11-04,44
2024-11-04,50
2024-11-04,38
2024-11-05,54
2024-11-05,54
2024-11-05,54
2024-11-06,44
2024-11-06,44
2024-11-06,44
2024-11-07,39
2024-11-07,40
2024-11-07,38
2024-11-08,29
2024-11-08,30
2024-11-08,28
2024-11-09,28
2024-11-09,28
2024-11-09,28
2024-11-10,33.5
2024-11-10,33
2024-11-10,34
2024-11-11,29
2024-11-11,28
2024-11-11,30
2024-11-12,31
2024-11-12,28
2024-11-12,34
2024-11-13,39
2024-11-13,38
2024-11-13,40
2024-11-14,47
2024-11-14,38
2024-11-14,56
2024-11-15,59
2024-11-15,48
2024-11-15,70
2024-11-16,71
2024-11-16,60
2024-11-16,82
2024-11-17,77.5
2024-11-17,71
2024-11-17,84
2024-11-18,85
2024-11-18,80
2024-11-18,90
2024-11-19,81
2024-11-19,78
2024-11-19,84
2024-11-20,78
2024-11-20,80
2024-11-20,76
2024-11-21,67
2024-11-21,72
2024-11-21,62
2024-11-22,43
2024-11-22,42
2024-11-22,44
2024-11-23,42
2024-11-23,46
2024-11-23,38
2024-11-24,39.5
2024-11-24,37
2024-11-24,42
2024-11-25,35
2024-11-25,32
2024-11-25,38
2024-11-26,40
2024-11-26,36
2024-11-26,44
2024-11-27,45
2024-11-27,40
2024-11-27,50
2024-11-28,54
2024-11-28,50
2024-11-28,58
2024-11-29,57
2024-11-29,50
2024-11-29,64
2024-11-30,65.5
2024-11-30,59
2024-11-30,72
2024-12-01,72
2024-12-01,66
2024-12-01,78
2024-12-02,74
2024-12-02,64
2024-12-02,84
2024-12-03,80
2024-12-03,72
2024-12-03,88
2024-12-04,85
2024-12-04,80
2024-12-04,90
2024-12-05,86
2024-12-05,86
2024-12-05,86
2024-12-06,88
2024-12-06,86
2024-12-06,90
2024-12-07,74
2024-12-07,78
2024-12-07,70
2024-12-08,61.5
2024-12-08,72
2024-12-08,51
2024-12-09,56
2024-12-09,68
2024-12-09,44
2024-12-10,54
2024-12-10,52
2024-12-10,56
2024-12-11,78
2024-12-11,74
2024-12-11,82
2024-12-12,64
2024-12-12,60
2024-12-12,68
2024-12-13,61
2024-12-13,58
2024-12-13,64
2024-12-14,73
2024-12-14,64
2024-12-14,82
2024-12-15,92
2024-12-15,84
2024-12-15,100
2024-12-16,101
2024-12-16,86
2024-12-16,116
2024-12-17,119
2024-12-17,102
2024-12-17,136
2024-12-18,122
2024-12-18,108
2024-12-18,136
2024-12-19,118
2024-12-19,110
2024-12-19,126
2024-12-20,109
2024-12-20,102
2024-12-20,116
2024-12-21,94
2024-12-21,102
2024-12-21,86
2024-12-22,83
2024-12-22,97
2024-12-22,69
2024-12-23,84
2024-12-23,102
2024-12-23,66
2024-12-24,79
2024-12-24,90
2024-12-24,68
2024-12-25,84
2024-12-25,84
2024-12-25,84
2024-12-26,75
2024-12-26,68
2024-12-26,82
2024-12-27,77
2024-12-27,72
2024-12-27,82
2024-12-28,86
2024-12-28,76
2024-12-28,96
2024-12-29,102
2024-12-29,97
2024-12-29,107
2024-12-30,109
2024-12-30,98
2024-12-30,120
2024-12-31,119
2024-12-31,116
2024-12-31,122
2025-01-01,121
2025-01-01,110
2025-01-01,132
2025-01-02,135
2025-01-02,120
2025-01-02,150
2025-01-03,161
2025-01-03,162
2025-01-03,160
2025-01-04,162
2025-01-04,172
2025-01-04,152
2025-01-06,155
2025-01-06,164
2025-01-06,146
2025-01-07,169
2025-01-07,188
2025-01-07,150
2025-01-08,165
2025-01-08,180
2025-01-08,150
2025-01-09,160
2025-01-09,162
2025-01-09,158
2025-01-10,153
2025-01-10,156
2025-01-10,150
2025-01-11,156
2025-01-11,168
2025-01-11,144
2025-01-12,155.5
2025-01-12,159
2025-01-12,152
2025-01-13,194
2025-01-13,186
2025-01-13,202
2025-01-14,217
2025-01-14,220
2025-01-14,214
2025-01-15,218
2025-01-15,218
2025-01-15,218
2025-01-16,225
2025-01-16,232
2025-01-16,218
2025-01-17,222
2025-01-17,228
2025-01-17,216
2025-01-18,183
2025-01-18,228
2025-01-18,138
2025-01-19,188
2025-01-19,202
2025-01-19,174
2025-01-20,221
2025-01-20,232
2025-01-20,210
2025-01-21,268
2025-01-21,240
2025-01-21,296
2025-01-22,219
2025-01-22,236
2025-01-22,202
2025-01-23,248
2025-01-23,204
2025-01-23,292
2025-01-24,250
2025-01-24,202
2025-01-24,298
2025-01-25,193
2025-01-25,206
2025-01-25,180
2025-01-26,199.5
2025-01-26,209
2025-01-26,190
2025-01-27,227
2025-01-27,234
2025-01-27,220
2025-01-28,251
2025-01-28,262
2025-01-28,240
2025-01-29,261
2025-01-29,260
2025-01-29,262
2025-01-30,271
2025-01-30,272
2025-01-30,270
2025-01-31,262
2025-01-31,246
2025-01-31,278
2025-02-01,270.5
2025-02-01,275
2025-02-01,266
2025-02-02,260
2025-02-02,269
2025-02-02,251
2025-02-03,273.5
2025-02-03,280
2025-02-03,267
2025-02-04,279
2025-02-04,284
2025-02-04,274
2025-02-05,280
2025-02-05,280
2025-02-05,280
2025-02-06,274.5
2025-02-06,288
2025-02-06,261
2025-02-07,272
2025-02-07,280
2025-02-07,264
2025-02-08,265
2025-02-08,280
2025-02-08,250
2025-02-09,270.5
2025-02-09,273
2025-02-09,268
2025-02-10,296
2025-02-10,294
2025-02-10,298
2025-02-11,288
2025-02-11,292
2025-02-11,284
2025-02-12,307
2025-02-12,310
2025-02-12,304
2025-02-13,328
2025-02-13,336
2025-02-13,320
2025-02-14,336
2025-02-14,336
2025-02-14,336
2025-02-15,332
2025-02-15,344
2025-02-15,320
2025-02-16,323.5
2025-02-16,337
2025-02-16,310
2025-02-17,338
2025-02-17,340
2025-02-17,336
2025-02-18,360
2025-02-18,340
2025-02-18,380
2025-02-19,349.5
2025-02-19,357
2025-02-19,342
2025-02-20,349.5
2025-02-20,350
2025-02-20,349
2025-02-21,353
2025-02-21,354
2025-02-21,352
2025-02-22,352.5
2025-02-22,355
2025-02-22,350
2025-02-23,314.5
2025-02-23,328
2025-02-23,301
2025-02-24,335
2025-02-24,330
2025-02-24,340
2025-02-25,348
2025-02-25,348
2025-02-25,348
2025-02-26,353
2025-02-26,356
2025-02-26,350
2025-02-27,368
2025-02-27,370
2025-02-27,366
2025-02-28,372
2025-02-28,372
2025-02-28,372
2025-03-01,366
2025-03-01,380
2025-03-01,352
2025-03-02,353.5
2025-03-02,364
2025-03-02,343
2025-03-03,356.5
2025-03-03,353
2025-03-03,360
2025-03-04,368
2025-03-04,376
2025-03-04,360
2025-03-05,382
2025-03-05,394
2025-03-05,370
2025-03-06,385
2025-03-06,396
2025-03-06,374
2025-03-07,394
2025-03-07,404
2025-03-07,384
2025-03-08,397.5
2025-03-08,402
2025-03-08,393
2025-03-09,380.5
2025-03-09,393
2025-03-09,368
2025-03-10,403
2025-03-10,402
2025-03-10,404
2025-03-11,406
2025-03-11,410
2025-03-11,402
2025-03-12,406
2025-03-12,410
2025-03-12,402
2025-03-13,408
2025-03-13,412
2025-03-13,404
2025-03-14,415
2025-03-14,420
2025-03-14,410
2025-03-15,411
2025-03-15,428
2025-03-15,394
2025-03-16,418
2025-03-16,426
2025-03-16,410
2025-03-17,418
2025-03-17,420
2025-03-17,416
2025-03-18,416
2025-03-18,422
2025-03-18,410
2025-03-19,415
2025-03-19,426
2025-03-19,404
2025-03-20,412
2025-03-20,422
2025-03-20,402
2025-03-21,411
2025-03-21,420
2025-03-21,402
2025-03-22,402
2025-03-22,420
2025-03-22,384
2025-03-23,404
2025-03-23,422
2025-03-23,386
2025-03-24,399
2025-03-24,402
2025-03-24,396
2025-03-25,406
2025-03-25,414
2025-03-25,398
2025-03-26,404.5
2025-03-26,415
2025-03-26,394
2025-03-27,404
2025-03-27,410
2025-03-27,398
2025-03-28,404
2025-03-28,412
2025-03-28,396
2025-03-29,403.5
2025-03-29,417
2025-03-29,390
2025-03-30,387
2025-03-30,386
2025-03-30,388
2025-03-31,401
2025-03-31,404
2025-03-31,398
2025-04-01,412
2025-04-01,418
2025-04-01,406
2025-04-02,422
2025-04-02,422
2025-04-02,422
2025-04-03,416
2025-04-03,422
2025-04-03,410
2025-04-04,409
2025-04-04,416
2025-04-04,402
2025-04-05,373
2025-04-05,364
2025-04-05,382
2025-04-06,387
2025-04-06,394
2025-04-06,380
2025-04-07,379
2025-04-07,382
2025-04-07,376
2025-04-08,389
2025-04-08,396
2025-04-08,382
2025-04-09,386
2025-04-09,390
2025-04-09,382
2025-04-10,405
2025-04-10,406
2025-04-10,404
2025-04-11,413
2025-04-11,424
2025-04-11,402
2025-04-12,405
2025-04-12,418
2025-04-12,392
2025-04-13,391
2025-04-13,394
2025-04-13,388
2025-04-14,400
2025-04-14,398
2025-04-14,402
2025-04-15,414
2025-04-15,422
2025-04-15,406
2025-04-16,406
2025-04-16,418
2025-04-16,394
2025-04-17,399
2025-04-17,410
2025-04-17,388
2025-04-18,405
2025-04-18,404
2025-04-18,406
2025-04-19,378.5
2025-04-19,395
2025-04-19,362
2025-04-20,371
2025-04-20,384
2025-04-20,358
2025-04-21,380
2025-04-21,398
2025-04-21,362
2025-04-22,376
2025-04-22,392
2025-04-22,360
2025-04-23,376
2025-04-23,386
2025-04-23,366
2025-04-24,384.5
2025-04-24,407
2025-04-24,362
2025-04-25,378
2025-04-25,382
2025-04-25,374
2025-04-26,385
2025-04-26,396
2025-04-26,374
2025-04-27,385
2025-04-27,394
2025-04-27,376
2025-04-28,393
2025-04-28,392
2025-04-28,394
2025-04-29,400
2025-04-29,410
2025-04-29,390
2025-04-30,400
2025-04-30,410
2025-04-30,390
2025-05-01,389
2025-05-01,404
2025-05-01,374
2025-05-02,383.5
2025-05-02,397
2025-05-02,370
2025-05-03,374
2025-05-03,398
2025-05-03,350
2025-05-04,381
2025-05-04,396
2025-05-04,366
2025-05-05,374
2025-05-05,394
2025-05-05,354
2025-05-06,353
2025-05-06,360
2025-05-06,346
2025-05-07,331
2025-05-07,320
2025-05-07,342
2025-05-08,352
2025-05-08,366
2025-05-08,338
2025-05-09,339
2025-05-09,344
2025-05-09,334
2025-05-10,336
2025-05-10,332
2025-05-10,340
2025-05-11,330
2025-05-11,330
2025-05-11,330
2025-05-12,336
2025-05-12,340
2025-05-12,332
2025-05-13,342
2025-05-13,346
2025-05-13,338
2025-05-14,343
2025-05-14,346
2025-05-14,340
2025-05-15,347
2025-05-15,350
2025-05-15,344
2025-05-16,346
2025-05-16,360
2025-05-16,332
2025-05-17,325
2025-05-17,334
2025-05-17,316
2025-05-18,320
2025-05-18,330
2025-05-18,310
2025-05-19,314.5
2025-05-19,320
2025-05-19,309
2025-05-20,325
2025-05-20,330
2025-05-20,320
2025-05-21,315
2025-05-21,324
2025-05-21,306
2025-05-22,311
2025-05-22,312
2025-05-22,310
2025-05-23,308
2025-05-23,310
2025-05-23,306
2025-05-24,306
2025-05-24,310
2025-05-24,302
2025-05-25,313
2025-05-25,312
2025-05-25,314
2025-05-26,324
2025-05-26,326
2025-05-26,322
2025-05-27,323
2025-05-27,320
2025-05-27,326
2025-05-28,321
2025-05-28,322
2025-05-28,320
2025-05-29,321.5
2025-05-29,328
2025-05-29,315
2025-05-30,315
2025-05-30,322
2025-05-30,308
2025-05-31,314
2025-05-31,318
2025-05-31,310
2025-06-01,350
2025-06-01,310
2025-06-01,390
2025-06-02,301
2025-06-02,312
2025-06-02,290
2025-06-03,292
2025-06-03,302
2025-06-03,282
2025-06-04,289
2025-06-04,296
2025-06-04,282
2025-06-05,289
2025-06-05,294
2025-06-05,284
2025-06-06,287
2025-06-06,288
2025-06-06,286
2025-06-07,285
2025-06-07,282
2025-06-07,288
2025-06-08,285
2025-06-08,284
2025-06-08,286
2025-06-09,286
2025-06-09,282
2025-06-09,290
2025-06-10,291
2025-06-10,292
2025-06-10,290
2025-06-11,292
2025-06-11,288
2025-06-11,296
2025-06-12,293
2025-06-12,292
2025-06-12,294
2025-06-13,295
2025-06-13,294
2025-06-13,296
2025-06-14,291
2025-06-14,290
2025-06-14,292
2025-06-15,291
2025-06-15,292
2025-06-15,290
2025-06-16,288.5
2025-06-16,290
2025-06-16,287
2025-06-17,291.5
2025-06-17,297
2025-06-17,286
2025-06-18,284
2025-06-18,298
2025-06-18,270
2025-06-19,273
2025-06-19,282
2025-06-19,264
2025-06-20,275
2025-06-20,280
2025-06-20,270
2025-06-21,272
2025-06-21,270
2025-06-21,274
2025-06-22,280
2025-06-22,284
2025-06-22,276
2025-06-23,277
2025-06-23,274
2025-06-23,280
2025-06-24,277
2025-06-24,272
2025-06-24,282
2025-06-25,287
2025-06-25,282
2025-06-25,292
2025-06-26,292
2025-06-26,290
2025-06-26,294
2025-06-27,298
2025-06-27,294
2025-06-27,302
2025-06-28,255
2025-06-28,218
2025-06-28,292
2025-06-29,293
2025-06-29,294
2025-06-29,292
2025-06-30,288
2025-06-30,296
2025-06-30,280
2025-07-01,283
2025-07-01,296
2025-07-01,270
2025-07-02,273
2025-07-02,282
2025-07-02,264
2025-07-03,263
2025-07-03,272
2025-07-03,254
2025-07-04,262
2025-07-04,274
2025-07-04,250
2025-07-05,251
2025-07-05,252
2025-07-05,250
2025-07-06,254
2025-07-06,250
2025-07-06,258
2025-07-07,249
2025-07-07,242
2025-07-07,256
2025-07-08,249
2025-07-08,244
2025-07-08,254
2025-07-09,255
2025-07-09,250
2025-07-09,260
2025-07-10,261
2025-07-10,252
2025-07-10,270
2025-07-11,277
2025-07-11,276
2025-07-11,278
2025-07-12,278
2025-07-12,272
2025-07-12,284
2025-07-13,276
2025-07-13,270
2025-07-13,282
2025-07-14,275
2025-07-14,270
2025-07-14,280
2025-07-15,278
2025-07-15,282
2025-07-15,274
2025-07-16,276
2025-07-16,284
2025-07-16,268
2025-07-17,270
2025-07-17,278
2025-07-17,262
2025-07-18,260
2025-07-18,266
2025-07-18,254
2025-07-19,257
2025-07-19,260
2025-07-19,254
2025-07-20,252
2025-07-20,254
2025-07-20,250
2025-07-21,249
2025-07-21,246
2025-07-21,252
2025-07-22,252
2025-07-22,246
2025-07-22,258
2025-07-23,258
2025-07-23,254
2025-07-23,262
2025-07-24,265
2025-07-24,260
2025-07-24,270
2025-07-25,271
2025-07-25,266
2025-07-25,276
2025-07-26,279
2025-07-26,274
2025-07-26,284
2025-07-27,279
2025-07-27,284
2025-07-27,274
2025-07-28,277
2025-07-28,282
2025-07-28,272
2025-07-29,284
2025-07-29,280
2025-07-29,288
2025-07-30,263
2025-07-30,272
2025-07-30,254
2025-07-31,253.5
2025-07-31,261
2025-07-31,246
2025-08-01,256
2025-08-01,262
2025-08-01,250
2025-08-02,244
2025-08-02,250
2025-08-02,238
2025-08-03,238
2025-08-03,244
2025-08-03,232
2025-08-04,241.5
2025-08-04,240
2025-08-04,243
2025-08-05,235.5
2025-08-05,234
2025-08-05,237
2025-08-06,218
2025-08-06,216
2025-08-06,220
2025-08-07,225
2025-08-07,216
2025-08-07,234
2025-08-08,227
2025-08-08,220
2025-08-08,234
2025-08-09,233
2025-08-09,222
2025-08-09,244
2025-08-10,248
2025-08-10,242
2025-08-10,254
2025-08-11,261
2025-08-11,258
2025-08-11,264
2025-08-12,259
2025-08-12,256
2025-08-12,262
2025-08-13,260.5
2025-08-13,264
2025-08-13,257
2025-08-14,262
2025-08-14,270
2025-08-14,254
2025-08-15,257
2025-08-15,264
2025-08-15,250
2025-08-16,232
2025-08-16,224
2025-08-16,240
2025-08-17,234
2025-08-17,242
2025-08-17,226
2025-08-18,234
2025-08-18,228
2025-08-18,240
2025-08-19,218
2025-08-19,216
2025-08-19,220
2025-08-20,219
2025-08-20,216
2025-08-20,222
2025-08-21,227
2025-08-21,218
2025-08-21,236
2025-08-22,237
2025-08-22,230
2025-08-22,244
2025-08-23,244
2025-08-23,240
2025-08-23,248
2025-08-24,259
2025-08-24,256
2025-08-24,262
2025-08-25,257
2025-08-25,254
2025-08-25,260
2025-08-26,262
2025-08-26,268
2025-08-26,256
2025-08-27,254
2025-08-27,256
2025-08-27,252
2025-08-28,247
2025-08-28,254
2025-08-28,240
2025-08-29,233
2025-08-29,238
2025-08-29,228
2025-08-30,228
2025-08-30,232
2025-08-30,224
2025-08-31,223
2025-08-31,224
2025-08-31,222
2025-09-01,204
2025-09-01,210
2025-09-01,198
2025-09-02,192.5
2025-09-02,190
2025-09-02,195
2025-09-03,187
2025-09-03,188
2025-09-03,186
2025-09-04,191
2025-09-04,186
2025-09-04,196
2025-09-05,200
2025-09-05,194
2025-09-05,206
2025-09-06,208
2025-09-06,202
2025-09-06,214
2025-09-07,209
2025-09-07,208
2025-09-07,210
2025-09-08,227.5
2025-09-08,219
2025-09-08,236
2025-09-09,235
2025-09-09,230
2025-09-09,240
2025-09-10,241
2025-09-10,238
2025-09-10,244
2025-09-11,241
2025-09-11,240
2025-09-11,242
2025-09-12,237
2025-09-12,244
2025-09-12,230
2025-09-13,231
2025-09-13,240
2025-09-13,222
2025-09-14,200
2025-09-14,198
2025-09-14,202
2025-09-15,190
2025-09-15,196
2025-09-15,184
2025-09-16,182
2025-09-16,190
2025-09-16,174
2025-09-17,174
2025-09-17,172
2025-09-17,176
2025-09-18,184
2025-09-18,176
2025-09-18,192
2025-09-19,189
2025-09-19,180
2025-09-19,198
2025-09-20,194
2025-09-20,186
2025-09-20,202
2025-09-21,191.5
2025-09-21,193
2025-09-21,190
2025-09-22,209
2025-09-22,204
2025-09-22,214
2025-09-23,214
2025-09-23,208
2025-09-23,220
2025-09-24,215
2025-09-24,214
2025-09-24,216
2025-09-25,205
2025-09-25,206
2025-09-25,204
2025-09-26,193
2025-09-26,202
2025-09-26,184
2025-09-27,183
2025-09-27,182
2025-09-27,184
2025-09-28,171
2025-09-28,170
2025-09-28,172
2025-09-29,165.5
2025-09-29,173
2025-09-29,158
2025-09-30,142.5
2025-09-30,153
2025-09-30,132
2025-10-01,131.5
2025-10-01,138
2025-10-01,125
2025-10-02,126
2025-10-02,130
2025-10-02,122
2025-10-03,124
2025-10-03,116
2025-10-03,132
2025-10-04,137
2025-10-04,128
2025-10-04,146
2025-10-05,130.5
2025-10-05,132
2025-10-05,129
2025-10-06,168.5
2025-10-06,157
2025-10-06,180
2025-10-07,176
2025-10-07,164
2025-10-07,188
2025-10-08,188.5
2025-10-08,176
2025-10-08,201
2025-10-09,196
2025-10-09,190
2025-10-09,202
2025-10-10,196
2025-10-10,190
2025-10-10,202
2025-10-11,188
2025-10-11,190
2025-10-11,186
2025-10-12,161
2025-10-12,170
2025-10-12,152
2025-10-13,159
2025-10-13,168
2025-10-13,150
2025-10-14,137
2025-10-14,144
2025-10-14,130
2025-10-15,115
2025-10-15,120
2025-10-15,110
2025-10-16,110
2025-10-16,108
2025-10-16,112
2025-10-17,115
2025-10-17,108
2025-10-17,122
2025-10-18,124
2025-10-18,112
2025-10-18,136
2025-10-19,114.5
2025-10-19,110
2025-10-19,119
2025-10-20,131
2025-10-20,122
2025-10-20,140
2025-10-21,136
2025-10-21,124
2025-10-21,148
2025-10-22,139
2025-10-22,130
2025-10-22,148
2025-10-23,146
2025-10-23,144
2025-10-23,148
2025-10-24,146
2025-10-24,140
2025-10-24,152
2025-10-25,140
2025-10-25,140
2025-10-25,140
2025-10-26,136
2025-10-26,139
2025-10-26,133
2025-10-27,129.5
2025-10-27,135
2025-10-27,124
2025-10-28,122
2025-10-28,122
2025-10-28,122
2025-10-29,121.5
2025-10-29,141
2025-10-29,102
2025-10-30,89
2025-10-30,102
2025-10-30,76
2025-10-31,78
2025-10-31,78
2025-10-31,78
2025-11-01,74
2025-11-01,66
2025-11-01,82
2025-11-02,72.5
2025-11-02,65
2025-11-02,80
2025-11-03,99
2025-11-03,82
2025-11-03,116
2025-11-04,109
2025-11-04,98
2025-11-04,120
2025-11-05,116
2025-11-05,102
2025-11-05,130
2025-11-06,134
2025-11-06,120
2025-11-06,148
2025-11-07,143
2025-11-07,132
2025-11-07,154
2025-11-08,147
2025-11-08,140
2025-11-08,154
2025-11-09,140
2025-11-09,138
2025-11-09,142
2025-11-10,137
2025-11-10,140
2025-11-10,134
2025-11-11,125
2025-11-11,138
2025-11-11,112
2025-11-12,98
2025-11-12,116
2025-11-12,80
2025-11-13,85
2025-11-13,94
2025-11-13,76
2025-11-14,80
2025-11-14,78
2025-11-14,82
2025-11-15,91
2025-11-15,88
2025-11-15,94
2025-11-16,91
2025-11-16,86
2025-11-16,96
2025-11-17,100
2025-11-17,90
2025-11-17,110
2025-11-18,105
2025-11-18,94
2025-11-18,116
2025-11-19,109
2025-11-19,98
2025-11-19,120
2025-11-20,118
2025-11-20,102
2025-11-20,134
2025-11-21,126.5
2025-11-21,115
2025-11-21,138
2025-11-22,119
2025-11-22,110
2025-11-22,128
2025-11-23,113.5
2025-11-23,112
2025-11-23,115
2025-11-24,132.5
2025-11-24,128
2025-11-24,137
2025-11-25,127
2025-11-25,130
2025-11-25,124
2025-11-26,118
2025-11-26,116
2025-11-26,120
2025-11-27,98
2025-11-27,102
2025-11-27,94
2025-11-28,87
2025-11-28,98
2025-11-28,76
2025-11-29,91
2025-11-29,98
2025-11-29,84
2025-11-30,91
2025-11-30,96
2025-11-30,86
2025-12-01,89
2025-12-01,82
2025-12-01,96
2025-12-02,96
2025-12-02,86
2025-12-02,106
2025-12-03,115
2025-12-03,102
2025-12-03,128
2025-12-04,131
2025-12-04,114
2025-12-04,148
2025-12-05,136
2025-12-05,120
2025-12-05,152
2025-12-06,146
2025-12-06,134
2025-12-06,158
2025-12-07,160
2025-12-07,156
2025-12-07,164
2025-12-08,157
2025-12-08,154
2025-12-08,160
2025-12-09,159
2025-12-09,158
2025-12-09,160
2025-12-10,150
2025-12-10,150
2025-12-10,150
2025-12-11,137
2025-12-11,154
2025-12-11,120
2025-12-12,121
2025-12-12,138
2025-12-12,104
2025-12-13,118
2025-12-13,130
2025-12-13,106
2025-12-14,126
2025-12-14,128
2025-12-14,124
2025-12-15,116
2025-12-15,110
2025-12-15,122
2025-12-16,120
2025-12-16,116
2025-12-16,124
2025-12-17,121.5
2025-12-17,112
2025-12-17,131
2025-12-18,133
2025-12-18,116
2025-12-18,150
2025-12-19,151
2025-12-19,132
2025-12-19,170
2025-12-20,157
2025-12-20,144
2025-12-20,170
2025-12-21,170.5
2025-12-21,161
2025-12-21,180
2025-12-22,161.5
2025-12-22,157
2025-12-22,166
2025-12-23,162
2025-12-23,160
2025-12-23,164
2025-12-24,157
2025-12-24,158
2025-12-24,156
2025-12-25,150
2025-12-25,152
2025-12-25,148
2025-12-26,148
2025-12-26,150
2025-12-26,146
2025-12-27,144
2025-12-27,150
2025-12-27,138
2025-12-28,142.5
2025-12-28,160
2025-12-28,125
2025-12-29,147
2025-12-29,160
2025-12-29,134
2025-12-30,151
2025-12-30,158
2025-12-30,144
2025-12-31,158
2025-12-31,158
2025-12-31,158
2026-01-01,176
2026-01-01,180
2026-01-01,172
2026-01-02,178.5
2026-01-02,176
2026-01-02,181
2026-01-03,187
2026-01-03,178
2026-01-03,196
2026-01-04,191
2026-01-04,180
2026-01-04,202
2026-01-05,200.5
2026-01-05,196
2026-01-05,205
2026-01-06,202.5
2026-01-06,204
2026-01-06,201
2026-01-07,198.5
2026-01-07,205
2026-01-07,192
2026-01-08,197
2026-01-08,204
2026-01-08,190
2026-01-09,186
2026-01-09,201
2026-01-09,171
2026-01-10,176
2026-01-10,197
2026-01-10,155
2026-01-11,161.5
2026-01-11,176
2026-01-11,147
2026-01-12,153
2026-01-12,155
2026-01-12,151
2026-01-13,167.5
2026-01-13,177
2026-01-13,158
2026-01-14,167
2026-01-14,176
2026-01-14,158
2026-01-15,173.5
2026-01-15,180
2026-01-15,167
2026-01-16,180.5
2026-01-16,184
2026-01-16,177
2026-01-17,181.5
2026-01-17,183
2026-01-17,180
2026-01-18,188
2026-01-18,186
2026-01-18,190
2026-01-19,206
2026-01-19,198
2026-01-19,214
2026-01-20,215.5
2026-01-20,215
2026-01-20,216
2026-01-21,212
2026-01-21,213
2026-01-21,211
2026-01-22,211
2026-01-22,217
2026-01-22,205
2026-01-23,212
2026-01-23,220
2026-01-23,204
2026-01-24,201
2026-01-24,212
2026-01-24,190
2026-01-25,187
2026-01-25,204
2026-01-25,170
2026-01-26,190.5
2026-01-26,207
2026-01-26,174
2026-01-27,192.5
2026-01-27,207
2026-01-27,178
2026-01-28,195.5
2026-01-28,209
2026-01-28,182
2026-01-29,193
2026-01-29,204
2026-01-29,182
2026-01-30,190
2026-01-30,201
2026-01-30,179
2026-01-31,202.5
2026-01-31,206
2026-01-31,199
2026-02-01,216.5
2026-02-01,218
2026-02-01,215
2026-02-02,230
2026-02-02,230
2026-02-02,230
2026-02-03,248
2026-02-03,246
2026-02-03,250
2026-02-04,246.5
2026-02-04,252
2026-02-04,241
2026-02-05,230.5
2026-02-05,238
2026-02-05,223
2026-02-06,239.5
2026-02-06,253
2026-02-06,226
2026-02-07,234.5
2026-02-07,255
2026-02-07,214
2026-02-08,219.5
2026-02-08,244
2026-02-08,195
2026-02-09,211
2026-02-09,235
2026-02-09,187
2026-02-10,214
2026-02-10,231
2026-02-10,197
2026-02-11,196
2026-02-11,209
2026-02-11,183
2026-02-12,202
2026-02-12,218
2026-02-12,186
2026-02-13,205.5
2026-02-13,214
2026-02-13,197
2026-02-14,207
2026-02-14,220
2026-02-14,194
2026-02-15,208.5
2026-02-15,215
2026-02-15,202
2026-02-16,229
2026-02-16,236
2026-02-16,222
2026-02-17,244
2026-02-17,250
2026-02-17,238
2026-02-18,258
2026-02-18,258
2026-02-18,258
2026-02-19,272
2026-02-19,274
2026-02-19,270
2026-02-20,279
2026-02-20,280
2026-02-20,278
2026-02-21,273
2026-02-21,288
2026-02-21,258
2026-02-22,263.5
2026-02-22,274
2026-02-22,253
2026-02-23,273
2026-02-23,280
2026-02-23,266
2026-02-24,278
2026-02-24,296
2026-02-24,260
2026-02-25,274
2026-02-25,290
2026-02-25,258
2026-02-26,261
2026-02-26,270
2026-02-26,252
2026-02-27,262.5
2026-02-27,273
2026-02-27,252
2026-02-28,261
2026-02-28,270
2026-02-28,252
2026-03-01,264.7
2026-03-02,279.09
2026-03-03,290.64
2026-03-04,297.64
2026-03-05,302.35
2026-03-06,305.31
2026-03-07,305.26
2026-03-08,301.6
2026-03-09,307.51
2026-03-10,308.92
2026-03-11,307.67
2026-03-12,307.42
2026-03-13,308.8
2026-03-14,307.03
2026-03-15,303.61
2026-03-16,316.07
2026-03-17,330.66
2026-03-18,339.74
2026-03-19,346.83
2026-03-20,356.44
2026-03-21,359.0
2026-03-22,351.11
2026-03-23,355.04
2026-03-24,364.77
2026-03-25,369.56
2026-03-26,367.6
2026-03-27,360.6
2026-03-28,355.63
2026-03-29,349.75
2026-03-30,360.79
2026-03-31,369.57
2026-04-01,374.12
2026-04-02,371.96
2026-04-03,367.2
2026-04-04,357.12
2026-04-05,358.19
2026-04-06,366.68
2026-04-07,367.22
2026-04-08,363.76
2026-04-09,363.09
2026-04-10,362.26
2026-04-11,354.02
2026-04-12,336.65
2026-04-13,344.33
2026-04-14,354.23
2026-04-15,352.6
2026-04-16,357.88
2026-04-17,360.25
2026-04-18,350.71
2026-04-19,349.15
2026-04-20,358.17
2026-04-21,353.46
2026-04-22,354.56
2026-04-23,354.68
2026-04-24,352.36
2026-04-25,333.64
2026-04-26,327.97
2026-04-27,339.92
2026-04-28,348.69
2026-04-29,348.58
2026-04-30,351.29
2026-05-01,350.39
2026-05-02,347.36
2026-05-03,343.12
2026-05-04,350.62
2026-05-05,353.77
2026-05-06,355.55
2026-05-07,352.62
2026-05-08,345.94
2026-05-09,328.86
2026-05-10,313.84
2026-05-11,316.48
2026-05-12,317.73
2026-05-13,325.75
2026-05-14,327.14
2026-05-15,325.43
2026-05-16,325.39
2026-05-17,324.11
2026-05-18,331.32
2026-05-19,335.36
2026-05-20,335.62
2026-05-21,335.98
2026-05-22,327.65
2026-05-23,317.15
2026-05-24,309.82
2026-05-25,307.36
2026-05-26,303.05
2026-05-27,300.95
2026-05-28,297.49
2026-05-29,295.89
2026-05-30,291.17
2026-05-31,292.0
2026-06-01,288.29
2026-06-02,287.42
2026-06-03,283.34
2026-06-04,282.5
2026-06-05,280.42
2026-06-06,277.16
2026-06-07,273.54
2026-06-08,271.22
2026-06-09,272.55
2026-06-10,271.93
2026-06-11,276.11
2026-06-12,277.27
2026-06-13,279.72
2026-06-14,282.35
2026-06-15,287.54
2026-06-16,292.02
2026-06-17,294.75
2026-06-18,294.31
2026-06-19,288.39
2026-06-20,284.09
2026-06-21,276.17
2026-06-22,273.26
2026-06-23,271.66
2026-06-24,267.15
2026-06-25,258.5
2026-06-26,254.09
2026-06-27,254.95
2026-06-28,257.23
2026-06-29,258.28
2026-06-30,259.99
2026-07-01,259.74
2026-07-02,260.04
2026-07-03,261.57
2026-07-04,257.65
2026-07-05,255.18
2026-07-06,255.94
2026-07-07,252.21
2026-07-08,249.56
2026-07-09,247.51
2026-07-10,246.11
2026-07-11,250.81
2026-07-12,251.3
2026-07-13,256.17
2026-07-14,262.15
2026-07-15,261.33
2026-07-16,262.55
2026-07-17,265.05
2026-07-18,265.96
2026-07-19,260.85
2026-07-20,258.18
2026-07-21,251.24
2026-07-22,246.33
2026-07-23,237.84
2026-07-24,231.77
2026-07-25,228.68
2026-07-26,223.0
2026-07-27,222.99
2026-07-28,228.58
2026-07-29,231.05
2026-07-30,233.45
2026-07-31,239.25
2026-08-01,241.05
2026-08-02,235.7
2026-08-03,235.53
2026-08-04,233.99
2026-08-05,229.79
2026-08-06,225.59
2026-08-07,220.42
2026-08-08,214.93
2026-08-09,213.33
2026-08-10,214.25
2026-08-11,217.56
2026-08-12,220.74
2026-08-13,222.83
2026-08-14,225.11
2026-08-15,229.77
2026-08-16,228.74
2026-08-17,226.4
2026-08-18,223.42
2026-08-19,211.65
2026-08-20,199.45
2026-08-21,189.05
2026-08-22,182.57
2026-08-23,177.32
2026-08-24,173.05
2026-08-25,172.54
2026-08-26,180.6
2026-08-27,190.32
2026-08-28,193.74
2026-08-29,196.89
2026-08-30,200.22
2026-08-31,200.48
2026-09-01,198.42
2026-09-02,192.35
2026-09-03,185.7
2026-09-04,178.56
2026-09-05,169.4
2026-09-06,158.9
2026-09-07,159.09
2026-09-08,161.99
2026-09-09,167.01
2026-09-10,176.53
2026-09-11,183.77
2026-09-12,186.71
2026-09-13,187.33
2026-09-14,182.94
2026-09-15,175.49
2026-09-16,164.55
2026-09-17,157.02
2026-09-18,143.61
2026-09-19,132.95
2026-09-20,125.78
2026-09-21,113.92
2026-09-22,109.66
2026-09-23,111.74
2026-09-24,120.51
2026-09-25,127.33
2026-09-26,132.76
2026-09-27,136.75
2026-09-28,144.16
