Data,Cota
2005-01-01,404
2005-01-01,404
2005-01-01,402
2005-01-01,406
2005-01-02,411.5
2005-01-02,412
2005-01-02,410
2005-01-02,413
2005-01-03,419
2005-01-03,419
2005-01-03,417
2005-01-03,421
2005-01-04,427
2005-01-04,427
2005-01-04,425
2005-01-04,429
2005-01-05,432.5
2005-01-05,432
2005-01-05,432
2005-01-05,433
2005-01-06,433.5
2005-01-06,434
2005-01-06,433
2005-01-06,434
2005-01-07,435.5
2005-01-07,436
2005-01-07,435
2005-01-07,436
2005-01-08,437
2005-01-08,437
2005-01-08,436
2005-01-08,438
2005-01-09,438
2005-01-09,438
2005-01-09,439
2005-01-09,437
2005-01-10,437
2005-01-10,437
2005-01-10,437
2005-01-10,437
2005-01-11,435.5
2005-01-11,436
2005-01-11,436
2005-01-11,435
2005-01-12,433.5
2005-01-12,434
2005-01-12,434
2005-01-12,433
2005-01-13,432
2005-01-13,432
2005-01-13,432
2005-01-13,432
2005-01-14,430
2005-01-14,430
2005-01-14,430
2005-01-14,430
2005-01-15,427.5
2005-01-15,428
2005-01-15,428
2005-01-15,427
2005-01-16,426.5
2005-01-16,426
2005-01-16,427
2005-01-16,426
2005-01-17,425
2005-01-17,425
2005-01-17,425
2005-01-17,425
2005-01-18,430
2005-01-18,430
2005-01-18,428
2005-01-18,432
2005-01-19,432
2005-01-19,432
2005-01-19,432
2005-01-19,432
2005-01-20,433
2005-01-20,433
2005-01-20,433
2005-01-20,433
2005-01-21,437.5
2005-01-21,438
2005-01-21,437
2005-01-21,438
2005-01-22,443
2005-01-22,443
2005-01-22,442
2005-01-22,444
2005-01-23,450.5
2005-01-23,450
2005-01-23,448
2005-01-23,453
2005-01-24,460
2005-01-24,460
2005-01-24,458
2005-01-24,462
2005-01-25,468.5
2005-01-25,468
2005-01-25,467
2005-01-25,470
2005-01-26,476
2005-01-26,476
2005-01-26,474
2005-01-26,478
2005-01-27,485
2005-01-27,485
2005-01-27,483
2005-01-27,487
2005-01-28,492
2005-01-28,492
2005-01-28,491
2005-01-28,493
2005-01-29,494.5
2005-01-29,494
2005-01-29,494
2005-01-29,495
2005-01-30,497.5
2005-01-30,497
2005-01-30,497
2005-01-30,498
2005-01-31,498.5
2005-01-31,499
2005-01-31,498
2005-01-31,499
2005-02-01,499.5
2005-02-01,500
2005-02-01,499
2005-02-01,500
2005-02-02,501.5
2005-02-02,501
2005-02-02,501
2005-02-02,502
2005-02-03,503.5
2005-02-03,504
2005-02-03,502
2005-02-03,505
2005-02-04,509.5
2005-02-04,510
2005-02-04,508
2005-02-04,511
2005-02-05,514.5
2005-02-05,514
2005-02-05,514
2005-02-05,515
2005-02-06,517.5
2005-02-06,518
2005-02-06,517
2005-02-06,518
2005-02-07,522.5
2005-02-07,522
2005-02-07,521
2005-02-07,524
2005-02-08,528.5
2005-02-08,528
2005-02-08,528
2005-02-08,529
2005-02-09,535
2005-02-09,535
2005-02-09,534
2005-02-09,536
2005-02-10,539
2005-02-10,539
2005-02-10,538
2005-02-10,540
2005-02-11,543
2005-02-11,543
2005-02-11,542
2005-02-11,544
2005-02-12,547
2005-02-12,547
2005-02-12,547
2005-02-12,547
2005-02-13,549.5
2005-02-13,550
2005-02-13,548
2005-02-13,551
2005-02-14,551
2005-02-14,551
2005-02-14,551
2005-02-14,551
2005-02-15,550
2005-02-15,550
2005-02-15,550
2005-02-15,550
2005-02-16,553.5
2005-02-16,554
2005-02-16,552
2005-02-16,555
2005-02-17,559
2005-02-17,559
2005-02-17,557
2005-02-17,561
2005-02-18,570.5
2005-02-18,570
2005-02-18,570
2005-02-18,571
2005-02-19,569.5
2005-02-19,570
2005-02-19,570
2005-02-19,569
2005-02-20,573
2005-02-20,573
2005-02-20,570
2005-02-20,576
2005-02-21,588
2005-02-21,588
2005-02-21,586
2005-02-21,590
2005-02-22,603
2005-02-22,603
2005-02-22,601
2005-02-22,605
2005-02-23,606.5
2005-02-23,606
2005-02-23,606
2005-02-23,607
2005-02-24,611.5
2005-02-24,612
2005-02-24,610
2005-02-24,613
2005-02-25,620
2005-02-25,620
2005-02-25,619
2005-02-25,621
2005-02-26,624
2005-02-26,624
2005-02-26,623
2005-02-26,625
2005-02-27,629
2005-02-27,629
2005-02-27,628
2005-02-27,630
2005-02-28,632.5
2005-02-28,632
2005-02-28,632
2005-02-28,633
2005-03-01,636
2005-03-01,636
2005-03-01,636
2005-03-01,636
2005-03-02,639
2005-03-02,639
2005-03-02,638
2005-03-02,640
2005-03-03,645
2005-03-03,645
2005-03-03,644
2005-03-03,646
2005-03-04,648
2005-03-04,648
2005-03-04,647
2005-03-04,649
2005-03-05,653
2005-03-05,653
2005-03-05,652
2005-03-05,654
2005-03-06,656
2005-03-06,656
2005-03-06,656
2005-03-06,656
2005-03-07,657
2005-03-07,657
2005-03-07,657
2005-03-07,657
2005-03-08,659
2005-03-08,659
2005-03-08,659
2005-03-08,659
2005-03-09,660
2005-03-09,660
2005-03-09,659
2005-03-09,661
2005-03-10,662.5
2005-03-10,662
2005-03-10,662
2005-03-10,663
2005-03-11,666
2005-03-11,666
2005-03-11,665
2005-03-11,667
2005-03-12,669.5
2005-03-12,670
2005-03-12,669
2005-03-12,670
2005-03-13,673.5
2005-03-13,674
2005-03-13,672
2005-03-13,675
2005-03-14,679.5
2005-03-14,680
2005-03-14,678
2005-03-14,681
2005-03-15,686
2005-03-15,686
2005-03-15,684
2005-03-15,688
2005-03-16,698.5
2005-03-16,698
2005-03-16,696
2005-03-16,701
2005-03-17,706
2005-03-17,706
2005-03-17,704
2005-03-17,708
2005-03-18,713
2005-03-18,713
2005-03-18,712
2005-03-18,714
2005-03-19,721
2005-03-19,721
2005-03-19,718
2005-03-19,724
2005-03-20,730.5
2005-03-20,730
2005-03-20,728
2005-03-20,733
2005-03-21,737.5
2005-03-21,738
2005-03-21,736
2005-03-21,739
2005-03-22,743.5
2005-03-22,744
2005-03-22,742
2005-03-22,745
2005-03-23,751
2005-03-23,751
2005-03-23,749
2005-03-23,753
2005-03-24,761
2005-03-24,761
2005-03-24,759
2005-03-24,763
2005-03-25,762
2005-03-25,762
2005-03-25,762
2005-03-25,762
2005-03-26,761
2005-03-26,761
2005-03-26,761
2005-03-26,761
2005-03-27,762
2005-03-27,762
2005-03-27,762
2005-03-27,762
2005-03-28,762
2005-03-28,762
2005-03-28,762
2005-03-28,762
2005-03-29,766
2005-03-29,766
2005-03-29,765
2005-03-29,767
2005-03-30,771
2005-03-30,771
2005-03-30,770
2005-03-30,772
2005-03-31,776.5
2005-03-31,776
2005-03-31,776
2005-03-31,777
2005-04-01,787.5
2005-04-01,788
2005-04-01,787
2005-04-01,788
2005-04-02,787.5
2005-04-02,788
2005-04-02,788
2005-04-02,787
2005-04-03,785
2005-04-03,785
2005-04-03,786
2005-04-03,784
2005-04-04,782.5
2005-04-04,782
2005-04-04,783
2005-04-04,782
2005-04-05,781
2005-04-05,781
2005-04-05,781
2005-04-05,781
2005-04-06,781.5
2005-04-06,782
2005-04-06,781
2005-04-06,782
2005-04-07,782
2005-04-07,782
2005-04-07,782
2005-04-07,782
2005-04-08,782
2005-04-08,782
2005-04-08,782
2005-04-08,782
2005-04-09,782
2005-04-09,782
2005-04-09,782
2005-04-09,782
2005-04-10,781
2005-04-10,781
2005-04-10,782
2005-04-10,780
2005-04-11,777.5
2005-04-11,778
2005-04-11,778
2005-04-11,777
2005-04-12,774
2005-04-12,774
2005-04-12,774
2005-04-12,774
2005-04-13,772.5
2005-04-13,772
2005-04-13,773
2005-04-13,772
2005-04-14,768
2005-04-14,768
2005-04-14,769
2005-04-14,767
2005-04-15,764
2005-04-15,764
2005-04-15,765
2005-04-15,763
2005-04-16,759
2005-04-16,759
2005-04-16,760
2005-04-16,758
2005-04-17,753.5
2005-04-17,754
2005-04-17,755
2005-04-17,752
2005-04-18,746.5
2005-04-18,746
2005-04-18,748
2005-04-18,745
2005-04-19,740
2005-04-19,740
2005-04-19,742
2005-04-19,738
2005-04-20,730
2005-04-20,730
2005-04-20,732
2005-04-20,728
2005-04-21,720
2005-04-21,720
2005-04-21,723
2005-04-21,717
2005-04-22,708
2005-04-22,708
2005-04-22,711
2005-04-22,705
2005-04-23,698
2005-04-23,698
2005-04-23,699
2005-04-23,697
2005-04-24,692.5
2005-04-24,692
2005-04-24,693
2005-04-24,692
2005-04-25,686
2005-04-25,686
2005-04-25,689
2005-04-25,683
2005-04-26,673.5
2005-04-26,674
2005-04-26,676
2005-04-26,671
2005-04-27,662
2005-04-27,662
2005-04-27,664
2005-04-27,660
2005-04-28,660.5
2005-04-28,660
2005-04-28,660
2005-04-28,661
2005-04-29,655
2005-04-29,655
2005-04-29,658
2005-04-29,652
2005-04-30,645
2005-04-30,645
2005-04-30,647
2005-04-30,643
2005-05-01,637.5
2005-05-01,638
2005-05-01,639
2005-05-01,636
2005-05-02,634.5
2005-05-02,634
2005-05-02,636
2005-05-02,633
2005-05-03,628
2005-05-03,628
2005-05-03,629
2005-05-03,627
2005-05-04,626
2005-05-04,626
2005-05-04,626
2005-05-04,626
2005-05-05,626
2005-05-05,626
2005-05-05,626
2005-05-05,626
2005-05-06,629.5
2005-05-06,630
2005-05-06,628
2005-05-06,631
2005-05-07,637.5
2005-05-07,638
2005-05-07,636
2005-05-07,639
2005-05-08,640.5
2005-05-08,640
2005-05-08,640
2005-05-08,641
2005-05-09,642
2005-05-09,642
2005-05-09,641
2005-05-09,643
2005-05-10,644.5
2005-05-10,644
2005-05-10,644
2005-05-10,645
2005-05-11,645
2005-05-11,645
2005-05-11,645
2005-05-11,645
2005-05-12,645
2005-05-12,645
2005-05-12,645
2005-05-12,645
2005-05-13,644
2005-05-13,644
2005-05-13,645
2005-05-13,643
2005-05-14,639.5
2005-05-14,640
2005-05-14,641
2005-05-14,638
2005-05-15,634
2005-05-15,634
2005-05-15,635
2005-05-15,633
2005-05-16,628
2005-05-16,628
2005-05-16,630
2005-05-16,626
2005-05-17,619.5
2005-05-17,620
2005-05-17,622
2005-05-17,617
2005-05-18,610.5
2005-05-18,610
2005-05-18,612
2005-05-18,609
2005-05-19,601
2005-05-19,601
2005-05-19,604
2005-05-19,598
2005-05-20,591
2005-05-20,591
2005-05-20,593
2005-05-20,589
2005-05-21,581
2005-05-21,581
2005-05-21,583
2005-05-21,579
2005-05-22,573.5
2005-05-22,574
2005-05-22,575
2005-05-22,572
2005-05-23,564.5
2005-05-23,564
2005-05-23,567
2005-05-23,562
2005-05-24,557
2005-05-24,557
2005-05-24,558
2005-05-24,556
2005-05-25,549.5
2005-05-25,550
2005-05-25,552
2005-05-25,547
2005-05-26,540
2005-05-26,540
2005-05-26,541
2005-05-26,539
2005-05-27,536
2005-05-27,536
2005-05-27,537
2005-05-27,535
2005-05-28,528
2005-05-28,528
2005-05-28,531
2005-05-28,525
2005-05-29,517.5
2005-05-29,518
2005-05-29,520
2005-05-29,515
2005-05-30,509
2005-05-30,509
2005-05-30,510
2005-05-30,508
2005-05-31,504
2005-05-31,504
2005-05-31,505
2005-05-31,503
2005-06-01,496.5
2005-06-01,496
2005-06-01,498
2005-06-01,495
2005-06-02,490.5
2005-06-02,490
2005-06-02,492
2005-06-02,489
2005-06-03,485
2005-06-03,485
2005-06-03,486
2005-06-03,484
2005-06-04,480
2005-06-04,480
2005-06-04,481
2005-06-04,479
2005-06-05,472.5
2005-06-05,472
2005-06-05,474
2005-06-05,471
2005-06-06,466.5
2005-06-06,466
2005-06-06,468
2005-06-06,465
2005-06-07,460
2005-06-07,460
2005-06-07,461
2005-06-07,459
2005-06-08,453.5
2005-06-08,454
2005-06-08,455
2005-06-08,452
2005-06-09,446.5
2005-06-09,446
2005-06-09,448
2005-06-09,445
2005-06-10,440
2005-06-10,440
2005-06-10,442
2005-06-10,438
2005-06-11,434
2005-06-11,434
2005-06-11,435
2005-06-11,433
2005-06-12,429.5
2005-06-12,430
2005-06-12,431
2005-06-12,428
2005-06-13,425
2005-06-13,425
2005-06-13,426
2005-06-13,424
2005-06-14,420.5
2005-06-14,420
2005-06-14,421
2005-06-14,420
2005-06-15,416.5
2005-06-15,416
2005-06-15,418
2005-06-15,415
2005-06-16,411
2005-06-16,411
2005-06-16,412
2005-06-16,410
2005-06-17,407
2005-06-17,407
2005-06-17,408
2005-06-17,406
2005-06-18,403.5
2005-06-18,404
2005-06-18,404
2005-06-18,403
2005-06-19,400.5
2005-06-19,400
2005-06-19,402
2005-06-19,399
2005-06-20,397.5
2005-06-20,398
2005-06-20,398
2005-06-20,397
2005-06-21,393.5
2005-06-21,394
2005-06-21,395
2005-06-21,392
2005-06-22,389
2005-06-22,389
2005-06-22,390
2005-06-22,388
2005-06-23,386.5
2005-06-23,386
2005-06-23,387
2005-06-23,386
2005-06-24,384
2005-06-24,384
2005-06-24,385
2005-06-24,383
2005-06-25,380.5
2005-06-25,380
2005-06-25,381
2005-06-25,380
2005-06-26,377.5
2005-06-26,378
2005-06-26,378
2005-06-26,377
2005-06-27,375.5
2005-06-27,376
2005-06-27,376
2005-06-27,375
2005-06-28,372.5
2005-06-28,372
2005-06-28,373
2005-06-28,372
2005-06-29,370.5
2005-06-29,370
2005-06-29,371
2005-06-29,370
2005-06-30,367.5
2005-06-30,368
2005-06-30,368
2005-06-30,367
2005-07-01,365.5
2005-07-01,366
2005-07-01,366
2005-07-01,365
2005-07-02,363.5
2005-07-02,364
2005-07-02,364
2005-07-02,363
2005-07-03,361.5
2005-07-03,362
2005-07-03,362
2005-07-03,361
2005-07-04,359.5
2005-07-04,360
2005-07-04,360
2005-07-04,359
2005-07-05,357.5
2005-07-05,358
2005-07-05,358
2005-07-05,357
2005-07-06,355.5
2005-07-06,356
2005-07-06,356
2005-07-06,355
2005-07-07,352.5
2005-07-07,352
2005-07-07,353
2005-07-07,352
2005-07-08,350.5
2005-07-08,350
2005-07-08,351
2005-07-08,350
2005-07-09,349.5
2005-07-09,350
2005-07-09,350
2005-07-09,349
2005-07-10,347
2005-07-10,347
2005-07-10,348
2005-07-10,346
2005-07-11,344.5
2005-07-11,344
2005-07-11,345
2005-07-11,344
2005-07-12,341.5
2005-07-12,342
2005-07-12,342
2005-07-12,341
2005-07-13,338.5
2005-07-13,338
2005-07-13,339
2005-07-13,338
2005-07-14,335.5
2005-07-14,336
2005-07-14,336
2005-07-14,335
2005-07-15,333
2005-07-15,333
2005-07-15,334
2005-07-15,332
2005-07-16,329.5
2005-07-16,330
2005-07-16,330
2005-07-16,329
2005-07-17,327.5
2005-07-17,328
2005-07-17,328
2005-07-17,327
2005-07-18,324.5
2005-07-18,324
2005-07-18,325
2005-07-18,324
2005-07-19,321.5
2005-07-19,322
2005-07-19,322
2005-07-19,321
2005-07-20,319.5
2005-07-20,320
2005-07-20,320
2005-07-20,319
2005-07-21,317.5
2005-07-21,318
2005-07-21,318
2005-07-21,317
2005-07-22,314.5
2005-07-22,314
2005-07-22,315
2005-07-22,314
2005-07-23,313
2005-07-23,313
2005-07-23,313
2005-07-23,313
2005-07-24,312
2005-07-24,312
2005-07-24,312
2005-07-24,312
2005-07-25,309.5
2005-07-25,310
2005-07-25,310
2005-07-25,309
2005-07-26,308
2005-07-26,308
2005-07-26,308
2005-07-26,308
2005-07-27,305.5
2005-07-27,306
2005-07-27,306
2005-07-27,305
2005-07-28,303.5
2005-07-28,304
2005-07-28,304
2005-07-28,303
2005-07-29,301.5
2005-07-29,302
2005-07-29,302
2005-07-29,301
2005-07-30,298
2005-07-30,298
2005-07-30,299
2005-07-30,297
2005-07-31,295.5
2005-07-31,296
2005-07-31,296
2005-07-31,295
2005-08-01,294
2005-08-01,294
2005-08-01,294
2005-08-01,294
2005-08-02,292.5
2005-08-02,292
2005-08-02,293
2005-08-02,292
2005-08-03,290.5
2005-08-03,290
2005-08-03,291
2005-08-03,290
2005-08-04,289
2005-08-04,289
2005-08-04,289
2005-08-04,289
2005-08-05,287.5
2005-08-05,288
2005-08-05,288
2005-08-05,287
2005-08-06,286
2005-08-06,286
2005-08-06,286
2005-08-06,286
2005-08-07,285.5
2005-08-07,286
2005-08-07,286
2005-08-07,285
2005-08-08,284.5
2005-08-08,284
2005-08-08,285
2005-08-08,284
2005-08-09,283.5
2005-08-09,284
2005-08-09,284
2005-08-09,283
2005-08-10,282
2005-08-10,282
2005-08-10,282
2005-08-10,282
2005-08-11,281
2005-08-11,281
2005-08-11,281
2005-08-11,281
2005-08-12,280
2005-08-12,280
2005-08-12,280
2005-08-12,280
2005-08-13,279
2005-08-13,279
2005-08-13,279
2005-08-13,279
2005-08-14,279
2005-08-14,279
2005-08-14,279
2005-08-14,279
2005-08-15,278
2005-08-15,278
2005-08-15,278
2005-08-15,278
2005-08-16,277.5
2005-08-16,278
2005-08-16,278
2005-08-16,277
2005-08-17,275.5
2005-08-17,276
2005-08-17,276
2005-08-17,275
2005-08-18,273.5
2005-08-18,274
2005-08-18,274
2005-08-18,273
2005-08-19,272
2005-08-19,272
2005-08-19,272
2005-08-19,272
2005-08-20,271
2005-08-20,271
2005-08-20,271
2005-08-20,271
2005-08-21,270
2005-08-21,270
2005-08-21,270
2005-08-21,270
2005-08-22,269.5
2005-08-22,270
2005-08-22,270
2005-08-22,269
2005-08-23,267.5
2005-08-23,268
2005-08-23,268
2005-08-23,267
2005-08-24,266.5
2005-08-24,266
2005-08-24,267
2005-08-24,266
2005-08-25,265
2005-08-25,265
2005-08-25,265
2005-08-25,265
2005-08-26,264.5
2005-08-26,264
2005-08-26,265
2005-08-26,264
2005-08-27,264
2005-08-27,264
2005-08-27,264
2005-08-27,264
2005-08-28,263
2005-08-28,263
2005-08-28,263
2005-08-28,263
2005-08-29,262
2005-08-29,262
2005-08-29,262
2005-08-29,262
2005-08-30,260.5
2005-08-30,260
2005-08-30,261
2005-08-30,260
2005-08-31,259
2005-08-31,259
2005-08-31,259
2005-08-31,259
2005-09-01,259
2005-09-01,259
2005-09-01,259
2005-09-01,259
2005-09-02,258
2005-09-02,258
2005-09-02,258
2005-09-02,258
2005-09-03,257.5
2005-09-03,258
2005-09-03,258
2005-09-03,257
2005-09-04,257
2005-09-04,257
2005-09-04,257
2005-09-04,257
2005-09-05,256
2005-09-05,256
2005-09-05,256
2005-09-05,256
2005-09-06,255
2005-09-06,255
2005-09-06,255
2005-09-06,255
2005-09-07,255
2005-09-07,255
2005-09-07,255
2005-09-07,255
2005-09-08,254.5
2005-09-08,254
2005-09-08,255
2005-09-08,254
2005-09-09,254
2005-09-09,254
2005-09-09,254
2005-09-09,254
2005-09-10,254.5
2005-09-10,254
2005-09-10,254
2005-09-10,255
2005-09-11,255
2005-09-11,255
2005-09-11,255
2005-09-11,255
2005-09-12,255
2005-09-12,255
2005-09-12,255
2005-09-12,255
2005-09-13,255
2005-09-13,255
2005-09-13,255
2005-09-13,255
2005-09-14,255
2005-09-14,255
2005-09-14,255
2005-09-14,255
2005-09-15,254
2005-09-15,254
2005-09-15,254
2005-09-15,254
2005-09-16,253.5
2005-09-16,254
2005-09-16,254
2005-09-16,253
2005-09-17,252
2005-09-17,252
2005-09-17,252
2005-09-17,252
2005-09-18,251.5
2005-09-18,252
2005-09-18,252
2005-09-18,251
2005-09-19,251.5
2005-09-19,252
2005-09-19,252
2005-09-19,251
2005-09-20,251
2005-09-20,251
2005-09-20,251
2005-09-20,251
2005-09-21,250
2005-09-21,250
2005-09-21,250
2005-09-21,250
2005-09-22,249
2005-09-22,249
2005-09-22,249
2005-09-22,249
2005-09-23,248
2005-09-23,248
2005-09-23,248
2005-09-23,248
2005-09-24,248
2005-09-24,248
2005-09-24,248
2005-09-24,248
2005-09-25,248
2005-09-25,248
2005-09-25,248
2005-09-25,248
2005-09-26,248
2005-09-26,248
2005-09-26,248
2005-09-26,248
2005-09-27,248
2005-09-27,248
2005-09-27,248
2005-09-27,248
2005-09-28,248
2005-09-28,248
2005-09-28,248
2005-09-28,248
2005-09-29,248
2005-09-29,248
2005-09-29,248
2005-09-29,248
2005-09-30,248
2005-09-30,248
2005-09-30,248
2005-09-30,248
2005-10-01,248.5
2005-10-01,248
2005-10-01,248
2005-10-01,249
2005-10-02,250
2005-10-02,250
2005-10-02,250
2005-10-02,250
2005-10-03,250
2005-10-03,250
2005-10-03,250
2005-10-03,250
2005-10-04,250
2005-10-04,250
2005-10-04,250
2005-10-04,250
2005-10-05,250
2005-10-05,250
2005-10-05,250
2005-10-05,250
2005-10-06,250
2005-10-06,250
2005-10-06,250
2005-10-06,250
2005-10-07,250
2005-10-07,250
2005-10-07,250
2005-10-07,250
2005-10-08,249
2005-10-08,249
2005-10-08,249
2005-10-08,249
2005-10-09,248.5
2005-10-09,248
2005-10-09,249
2005-10-09,248
2005-10-10,248
2005-10-10,248
2005-10-10,248
2005-10-10,248
2005-10-11,249.5
2005-10-11,250
2005-10-11,248
2005-10-11,251
2005-10-12,252.5
2005-10-12,252
2005-10-12,252
2005-10-12,253
2005-10-13,254.5
2005-10-13,254
2005-10-13,254
2005-10-13,255
2005-10-14,256
2005-10-14,256
2005-10-14,256
2005-10-14,256
2005-10-15,257.5
2005-10-15,258
2005-10-15,257
2005-10-15,258
2005-10-16,258
2005-10-16,258
2005-10-16,258
2005-10-16,258
2005-10-17,258
2005-10-17,258
2005-10-17,258
2005-10-17,258
2005-10-18,259.5
2005-10-18,260
2005-10-18,259
2005-10-18,260
2005-10-19,260.5
2005-10-19,260
2005-10-19,260
2005-10-19,261
2005-10-20,261.5
2005-10-20,262
2005-10-20,261
2005-10-20,262
2005-10-21,262.5
2005-10-21,262
2005-10-21,262
2005-10-21,263
2005-10-22,264
2005-10-22,264
2005-10-22,264
2005-10-22,264
2005-10-23,265.5
2005-10-23,266
2005-10-23,265
2005-10-23,266
2005-10-24,266
2005-10-24,266
2005-10-24,266
2005-10-24,266
2005-10-25,266
2005-10-25,266
2005-10-25,266
2005-10-25,266
2005-10-26,266.5
2005-10-26,266
2005-10-26,266
2005-10-26,267
2005-10-27,267
2005-10-27,267
2005-10-27,267
2005-10-27,267
2005-10-28,268
2005-10-28,268
2005-10-28,268
2005-10-28,268
2005-10-29,269
2005-10-29,269
2005-10-29,269
2005-10-29,269
2005-10-30,269.5
2005-10-30,270
2005-10-30,269
2005-10-30,270
2005-10-31,270
2005-10-31,270
2005-10-31,270
2005-10-31,270
2005-11-01,270.5
2005-11-01,270
2005-11-01,270
2005-11-01,271
2005-11-02,271
2005-11-02,271
2005-11-02,271
2005-11-02,271
2005-11-03,271
2005-11-03,271
2005-11-03,271
2005-11-03,271
2005-11-04,271
2005-11-04,271
2005-11-04,271
2005-11-04,271
2005-11-05,271
2005-11-05,271
2005-11-05,271
2005-11-05,271
2005-11-06,270.5
2005-11-06,270
2005-11-06,271
2005-11-06,270
2005-11-07,270
2005-11-07,270
2005-11-07,270
2005-11-07,270
2005-11-08,270
2005-11-08,270
2005-11-08,270
2005-11-08,270
2005-11-09,270
2005-11-09,270
2005-11-09,270
2005-11-09,270
2005-11-10,269.5
2005-11-10,270
2005-11-10,270
2005-11-10,269
2005-11-11,268.5
2005-11-11,268
2005-11-11,269
2005-11-11,268
2005-11-12,267
2005-11-12,267
2005-11-12,267
2005-11-12,267
2005-11-13,267
2005-11-13,267
2005-11-13,267
2005-11-13,267
2005-11-14,267
2005-11-14,267
2005-11-14,267
2005-11-14,267
2005-11-15,267.5
2005-11-15,268
2005-11-15,267
2005-11-15,268
2005-11-16,269
2005-11-16,269
2005-11-16,269
2005-11-16,269
2005-11-17,270
2005-11-17,270
2005-11-17,270
2005-11-17,270
2005-11-18,271
2005-11-18,271
2005-11-18,271
2005-11-18,271
2005-11-19,273
2005-11-19,273
2005-11-19,272
2005-11-19,274
2005-11-20,275
2005-11-20,275
2005-11-20,275
2005-11-20,275
2005-11-21,275
2005-11-21,275
2005-11-21,275
2005-11-21,275
2005-11-22,275
2005-11-22,275
2005-11-22,275
2005-11-22,275
2005-11-23,275
2005-11-23,275
2005-11-23,275
2005-11-23,275
2005-11-24,275.5
2005-11-24,276
2005-11-24,275
2005-11-24,276
2005-11-25,278.5
2005-11-25,278
2005-11-25,277
2005-11-25,280
2005-11-26,284.5
2005-11-26,284
2005-11-26,283
2005-11-26,286
2005-11-27,290
2005-11-27,290
2005-11-27,289
2005-11-27,291
2005-11-28,294
2005-11-28,294
2005-11-28,293
2005-11-28,295
2005-11-29,298
2005-11-29,298
2005-11-29,297
2005-11-29,299
2005-11-30,302.5
2005-11-30,302
2005-11-30,302
2005-11-30,303
2005-12-01,306.5
2005-12-01,306
2005-12-01,305
2005-12-01,308
2005-12-02,313
2005-12-02,313
2005-12-02,312
2005-12-02,314
2005-12-03,316.5
2005-12-03,316
2005-12-03,316
2005-12-03,317
2005-12-04,320
2005-12-04,320
2005-12-04,319
2005-12-04,321
2005-12-05,324
2005-12-05,324
2005-12-05,323
2005-12-05,325
2005-12-06,328
2005-12-06,328
2005-12-06,327
2005-12-06,329
2005-12-07,332.5
2005-12-07,332
2005-12-07,331
2005-12-07,334
2005-12-08,338.5
2005-12-08,338
2005-12-08,337
2005-12-08,340
2005-12-09,339.5
2005-12-09,340
2005-12-09,340
2005-12-09,339
2005-12-10,338
2005-12-10,338
2005-12-10,338
2005-12-10,338
2005-12-11,337
2005-12-11,337
2005-12-11,337
2005-12-11,337
2005-12-12,339.5
2005-12-12,340
2005-12-12,339
2005-12-12,340
2005-12-13,343
2005-12-13,343
2005-12-13,342
2005-12-13,344
2005-12-14,345
2005-12-14,345
2005-12-14,344
2005-12-14,346
2005-12-15,353.5
2005-12-15,354
2005-12-15,352
2005-12-15,355
2005-12-16,359
2005-12-16,359
2005-12-16,358
2005-12-16,360
2005-12-17,364.5
2005-12-17,364
2005-12-17,363
2005-12-17,366
2005-12-18,374
2005-12-18,374
2005-12-18,372
2005-12-18,376
2005-12-19,380.5
2005-12-19,380
2005-12-19,379
2005-12-19,382
2005-12-20,386
2005-12-20,386
2005-12-20,384
2005-12-20,388
2005-12-21,394
2005-12-21,394
2005-12-21,392
2005-12-21,396
2005-12-22,401
2005-12-22,401
2005-12-22,399
2005-12-22,403
2005-12-23,410.5
2005-12-23,411
2005-12-23,409
2005-12-23,412
2005-12-24,417.5
2005-12-24,418
2005-12-24,415
2005-12-24,420
2005-12-25,423
2005-12-25,423
2005-12-25,422
2005-12-25,424
2005-12-26,427
2005-12-26,427
2005-12-26,426
2005-12-26,428
2005-12-27,440.5
2005-12-27,440
2005-12-27,439
2005-12-27,442
2005-12-28,444
2005-12-28,444
2005-12-28,444
2005-12-28,444
2005-12-29,470
2005-12-29,470
2005-12-29,470
2005-12-29,470
2005-12-30,471
2005-12-30,471
2005-12-30,470
2005-12-30,472
2005-12-31,472
2005-12-31,472
2005-12-31,472
2005-12-31,472
2006-01-01,474.5
2006-01-01,474
2006-01-01,474
2006-01-01,475
2006-01-02,477
2006-01-02,477
2006-01-02,477
2006-01-02,477
2006-01-03,482
2006-01-03,482
2006-01-03,482
2006-01-03,482
2006-01-04,485
2006-01-04,485
2006-01-04,484
2006-01-04,486
2006-01-05,491.5
2006-01-05,492
2006-01-05,490
2006-01-05,493
2006-01-06,499
2006-01-06,499
2006-01-06,498
2006-01-06,500
2006-01-07,505.5
2006-01-07,506
2006-01-07,504
2006-01-07,507
2006-01-08,510.5
2006-01-08,511
2006-01-08,509
2006-01-08,512
2006-01-09,518.5
2006-01-09,518
2006-01-09,518
2006-01-09,519
2006-01-10,523
2006-01-10,523
2006-01-10,522
2006-01-10,524
2006-01-11,528
2006-01-11,528
2006-01-11,528
2006-01-11,528
2006-01-12,533
2006-01-12,533
2006-01-12,532
2006-01-12,534
2006-01-13,539
2006-01-13,539
2006-01-13,539
2006-01-13,539
2006-01-14,543
2006-01-14,543
2006-01-14,542
2006-01-14,544
2006-01-15,549
2006-01-15,549
2006-01-15,548
2006-01-15,550
2006-01-16,552
2006-01-16,552
2006-01-16,552
2006-01-16,552
2006-01-17,561.5
2006-01-17,562
2006-01-17,560
2006-01-17,563
2006-01-18,566
2006-01-18,566
2006-01-18,565
2006-01-18,567
2006-01-19,568
2006-01-19,568
2006-01-19,568
2006-01-19,568
2006-01-20,569.5
2006-01-20,570
2006-01-20,569
2006-01-20,570
2006-01-21,570.5
2006-01-21,570
2006-01-21,570
2006-01-21,571
2006-01-22,572
2006-01-22,572
2006-01-22,572
2006-01-22,572
2006-01-23,572
2006-01-23,572
2006-01-23,572
2006-01-23,572
2006-01-24,568
2006-01-24,568
2006-01-24,571
2006-01-24,565
2006-01-25,562.5
2006-01-25,562
2006-01-25,563
2006-01-25,562
2006-01-26,559.5
2006-01-26,560
2006-01-26,560
2006-01-26,559
2006-01-27,556
2006-01-27,556
2006-01-27,557
2006-01-27,555
2006-01-28,552
2006-01-28,552
2006-01-28,553
2006-01-28,551
2006-01-29,547.5
2006-01-29,548
2006-01-29,548
2006-01-29,547
2006-01-30,542
2006-01-30,542
2006-01-30,543
2006-01-30,541
2006-01-31,538
2006-01-31,538
2006-01-31,539
2006-01-31,537
2006-02-01,534
2006-02-01,534
2006-02-01,534
2006-02-01,534
2006-02-02,531
2006-02-02,531
2006-02-02,532
2006-02-02,530
2006-02-03,529
2006-02-03,529
2006-02-03,529
2006-02-03,529
2006-02-04,527
2006-02-04,527
2006-02-04,527
2006-02-04,527
2006-02-05,527
2006-02-05,527
2006-02-05,527
2006-02-05,527
2006-02-06,524.5
2006-02-06,524
2006-02-06,525
2006-02-06,524
2006-02-07,527
2006-02-07,527
2006-02-07,526
2006-02-07,528
2006-02-08,531.5
2006-02-08,532
2006-02-08,530
2006-02-08,533
2006-02-09,537
2006-02-09,537
2006-02-09,536
2006-02-09,538
2006-02-10,541
2006-02-10,541
2006-02-10,540
2006-02-10,542
2006-02-11,545
2006-02-11,545
2006-02-11,544
2006-02-11,546
2006-02-12,549
2006-02-12,549
2006-02-12,548
2006-02-12,550
2006-02-13,555
2006-02-13,555
2006-02-13,554
2006-02-13,556
2006-02-14,562
2006-02-14,562
2006-02-14,560
2006-02-14,564
2006-02-15,568
2006-02-15,568
2006-02-15,566
2006-02-15,570
2006-02-16,574
2006-02-16,574
2006-02-16,573
2006-02-16,575
2006-02-17,584.5
2006-02-17,584
2006-02-17,580
2006-02-17,589
2006-02-18,596
2006-02-18,596
2006-02-18,594
2006-02-18,598
2006-02-19,603
2006-02-19,603
2006-02-19,602
2006-02-19,604
2006-02-20,607
2006-02-20,607
2006-02-20,606
2006-02-20,608
2006-02-21,617
2006-02-21,617
2006-02-21,614
2006-02-21,620
2006-02-22,625
2006-02-22,625
2006-02-22,624
2006-02-22,626
2006-02-23,629
2006-02-23,629
2006-02-23,628
2006-02-23,630
2006-02-24,632.5
2006-02-24,632
2006-02-24,632
2006-02-24,633
2006-02-25,636
2006-02-25,636
2006-02-25,635
2006-02-25,637
2006-02-26,643
2006-02-26,643
2006-02-26,642
2006-02-26,644
2006-02-27,646.5
2006-02-27,646
2006-02-27,646
2006-02-27,647
2006-02-28,650
2006-02-28,650
2006-02-28,649
2006-02-28,651
2006-03-01,657
2006-03-01,657
2006-03-01,655
2006-03-01,659
2006-03-02,665
2006-03-02,665
2006-03-02,664
2006-03-02,666
2006-03-03,668.5
2006-03-03,668
2006-03-03,668
2006-03-03,669
2006-03-04,671.5
2006-03-04,672
2006-03-04,671
2006-03-04,672
2006-03-05,673.5
2006-03-05,674
2006-03-05,673
2006-03-05,674
2006-03-06,675
2006-03-06,675
2006-03-06,675
2006-03-06,675
2006-03-07,675
2006-03-07,675
2006-03-07,675
2006-03-07,675
2006-03-08,675
2006-03-08,675
2006-03-08,675
2006-03-08,675
2006-03-09,675
2006-03-09,675
2006-03-09,675
2006-03-09,675
2006-03-10,674.5
2006-03-10,674
2006-03-10,675
2006-03-10,674
2006-03-11,672.5
2006-03-11,672
2006-03-11,673
2006-03-11,672
2006-03-12,671
2006-03-12,671
2006-03-12,671
2006-03-12,671
2006-03-13,670
2006-03-13,670
2006-03-13,670
2006-03-13,670
2006-03-14,670
2006-03-14,670
2006-03-14,670
2006-03-14,670
2006-03-15,671
2006-03-15,671
2006-03-15,671
2006-03-15,671
2006-03-16,671.5
2006-03-16,672
2006-03-16,671
2006-03-16,672
2006-03-17,672
2006-03-17,672
2006-03-17,672
2006-03-17,672
2006-03-18,683.5
2006-03-18,684
2006-03-18,681
2006-03-18,686
2006-03-19,692
2006-03-19,692
2006-03-19,691
2006-03-19,693
2006-03-20,694.5
2006-03-20,694
2006-03-20,694
2006-03-20,695
2006-03-21,698.5
2006-03-21,698
2006-03-21,698
2006-03-21,699
2006-03-22,702.5
2006-03-22,702
2006-03-22,702
2006-03-22,703
2006-03-23,704.5
2006-03-23,704
2006-03-23,704
2006-03-23,705
2006-03-24,705.5
2006-03-24,706
2006-03-24,705
2006-03-24,706
2006-03-25,706
2006-03-25,706
2006-03-25,706
2006-03-25,706
2006-03-26,706
2006-03-26,706
2006-03-26,706
2006-03-26,706
2006-03-27,706
2006-03-27,706
2006-03-27,706
2006-03-27,706
2006-03-28,707
2006-03-28,707
2006-03-28,706
2006-03-28,708
2006-03-29,718.5
2006-03-29,718
2006-03-29,714
2006-03-29,723
2006-03-30,726
2006-03-30,726
2006-03-30,724
2006-03-30,728
2006-03-31,730
2006-03-31,730
2006-03-31,730
2006-03-31,730
2006-04-01,727
2006-04-01,727
2006-04-01,728
2006-04-01,726
2006-04-02,723.5
2006-04-02,724
2006-04-02,724
2006-04-02,723
2006-04-03,726.5
2006-04-03,726
2006-04-03,725
2006-04-03,728
2006-04-04,732
2006-04-04,732
2006-04-04,732
2006-04-04,732
2006-04-05,735
2006-04-05,735
2006-04-05,735
2006-04-05,735
2006-04-06,737
2006-04-06,737
2006-04-06,737
2006-04-06,737
2006-04-07,738
2006-04-07,738
2006-04-07,737
2006-04-07,739
2006-04-08,745.5
2006-04-08,746
2006-04-08,745
2006-04-08,746
2006-04-09,748.5
2006-04-09,748
2006-04-09,748
2006-04-09,749
2006-04-10,753
2006-04-10,753
2006-04-10,752
2006-04-10,754
2006-04-11,764
2006-04-11,764
2006-04-11,760
2006-04-11,768
2006-04-12,771
2006-04-12,771
2006-04-12,770
2006-04-12,772
2006-04-13,775
2006-04-13,775
2006-04-13,774
2006-04-13,776
2006-04-14,780
2006-04-14,780
2006-04-14,779
2006-04-14,781
2006-04-15,785
2006-04-15,785
2006-04-15,784
2006-04-15,786
2006-04-16,789
2006-04-16,789
2006-04-16,788
2006-04-16,790
2006-04-17,797
2006-04-17,797
2006-04-17,796
2006-04-17,798
2006-04-18,801.5
2006-04-18,802
2006-04-18,801
2006-04-18,802
2006-04-19,804
2006-04-19,804
2006-04-19,804
2006-04-19,804
2006-04-20,810
2006-04-20,810
2006-04-20,810
2006-04-20,810
2006-04-21,812
2006-04-21,812
2006-04-21,812
2006-04-21,812
2006-04-22,812
2006-04-22,812
2006-04-22,812
2006-04-22,812
2006-04-23,811.5
2006-04-23,812
2006-04-23,811
2006-04-23,812
2006-04-24,805.5
2006-04-24,806
2006-04-24,807
2006-04-24,804
2006-04-25,803
2006-04-25,803
2006-04-25,803
2006-04-25,803
2006-04-26,806
2006-04-26,806
2006-04-26,806
2006-04-26,806
2006-04-27,805.5
2006-04-27,806
2006-04-27,806
2006-04-27,805
2006-04-28,803.5
2006-04-28,804
2006-04-28,804
2006-04-28,803
2006-04-29,798.5
2006-04-29,798
2006-04-29,799
2006-04-29,798
2006-04-30,797
2006-04-30,797
2006-04-30,798
2006-04-30,796
2006-05-01,793
2006-05-01,793
2006-05-01,793
2006-05-01,793
2006-05-02,790
2006-05-02,790
2006-05-02,790
2006-05-02,790
2006-05-03,790
2006-05-03,790
2006-05-03,790
2006-05-03,790
2006-05-04,788
2006-05-04,788
2006-05-04,788
2006-05-04,788
2006-05-05,787.5
2006-05-05,788
2006-05-05,788
2006-05-05,787
2006-05-06,785
2006-05-06,785
2006-05-06,785
2006-05-06,785
2006-05-07,794.5
2006-05-07,794
2006-05-07,794
2006-05-07,795
2006-05-08,795
2006-05-08,795
2006-05-08,796
2006-05-08,794
2006-05-09,791.5
2006-05-09,792
2006-05-09,792
2006-05-09,791
2006-05-10,789.5
2006-05-10,790
2006-05-10,789
2006-05-10,790
2006-05-11,790.5
2006-05-11,790
2006-05-11,791
2006-05-11,790
2006-05-12,788
2006-05-12,788
2006-05-12,789
2006-05-12,787
2006-05-13,784
2006-05-13,784
2006-05-13,785
2006-05-13,783
2006-05-14,784.5
2006-05-14,784
2006-05-14,784
2006-05-14,785
2006-05-15,786
2006-05-15,786
2006-05-15,786
2006-05-15,786
2006-05-16,785.5
2006-05-16,786
2006-05-16,786
2006-05-16,785
2006-05-17,782.5
2006-05-17,782
2006-05-17,785
2006-05-17,780
2006-05-18,773
2006-05-18,773
2006-05-18,774
2006-05-18,772
2006-05-19,768.5
2006-05-19,768
2006-05-19,770
2006-05-19,767
2006-05-20,762.5
2006-05-20,762
2006-05-20,764
2006-05-20,761
2006-05-21,758
2006-05-21,758
2006-05-21,759
2006-05-21,757
2006-05-22,753.5
2006-05-22,754
2006-05-22,754
2006-05-22,753
2006-05-23,750
2006-05-23,750
2006-05-23,750
2006-05-23,750
2006-05-24,748
2006-05-24,748
2006-05-24,748
2006-05-24,748
2006-05-25,746
2006-05-25,746
2006-05-25,746
2006-05-25,746
2006-05-26,743.5
2006-05-26,744
2006-05-26,745
2006-05-26,742
2006-05-27,738
2006-05-27,738
2006-05-27,739
2006-05-27,737
2006-05-28,730.5
2006-05-28,730
2006-05-28,732
2006-05-28,729
2006-05-29,723
2006-05-29,723
2006-05-29,725
2006-05-29,721
2006-05-30,714
2006-05-30,714
2006-05-30,716
2006-05-30,712
2006-05-31,702
2006-05-31,702
2006-05-31,706
2006-05-31,698
2006-06-01,693
2006-06-01,693
2006-06-01,696
2006-06-01,690
2006-06-02,680.5
2006-06-02,680
2006-06-02,683
2006-06-02,678
2006-06-03,667.5
2006-06-03,668
2006-06-03,670
2006-06-03,665
2006-06-04,658.5
2006-06-04,658
2006-06-04,660
2006-06-04,657
2006-06-05,647.5
2006-06-05,648
2006-06-05,650
2006-06-05,645
2006-06-06,637
2006-06-06,637
2006-06-06,639
2006-06-06,635
2006-06-07,628
2006-06-07,628
2006-06-07,630
2006-06-07,626
2006-06-08,617.5
2006-06-08,618
2006-06-08,620
2006-06-08,615
2006-06-09,608
2006-06-09,608
2006-06-09,610
2006-06-09,606
2006-06-10,596
2006-06-10,596
2006-06-10,598
2006-06-10,594
2006-06-11,587.5
2006-06-11,588
2006-06-11,590
2006-06-11,585
2006-06-12,577
2006-06-12,577
2006-06-12,580
2006-06-12,574
2006-06-13,563.5
2006-06-13,564
2006-06-13,567
2006-06-13,560
2006-06-14,551.5
2006-06-14,552
2006-06-14,555
2006-06-14,548
2006-06-15,538
2006-06-15,538
2006-06-15,540
2006-06-15,536
2006-06-16,527.5
2006-06-16,528
2006-06-16,530
2006-06-16,525
2006-06-17,516.5
2006-06-17,516
2006-06-17,519
2006-06-17,514
2006-06-18,508.5
2006-06-18,508
2006-06-18,510
2006-06-18,507
2006-06-19,500.5
2006-06-19,500
2006-06-19,502
2006-06-19,499
2006-06-20,493
2006-06-20,493
2006-06-20,495
2006-06-20,491
2006-06-21,485
2006-06-21,485
2006-06-21,487
2006-06-21,483
2006-06-22,476.5
2006-06-22,476
2006-06-22,478
2006-06-22,475
2006-06-23,470.5
2006-06-23,470
2006-06-23,472
2006-06-23,469
2006-06-24,463.5
2006-06-24,464
2006-06-24,465
2006-06-24,462
2006-06-25,457.5
2006-06-25,458
2006-06-25,459
2006-06-25,456
2006-06-26,452
2006-06-26,452
2006-06-26,453
2006-06-26,451
2006-06-27,446
2006-06-27,446
2006-06-27,448
2006-06-27,444
2006-06-28,441
2006-06-28,441
2006-06-28,442
2006-06-28,440
2006-06-29,438
2006-06-29,438
2006-06-29,439
2006-06-29,437
2006-06-30,433.5
2006-06-30,434
2006-06-30,435
2006-06-30,432
2006-07-01,428.5
2006-07-01,428
2006-07-01,429
2006-07-01,428
2006-07-02,423.5
2006-07-02,424
2006-07-02,425
2006-07-02,422
2006-07-03,418
2006-07-03,418
2006-07-03,419
2006-07-03,417
2006-07-04,414.5
2006-07-04,414
2006-07-04,415
2006-07-04,414
2006-07-05,411.5
2006-07-05,412
2006-07-05,412
2006-07-05,411
2006-07-06,407.5
2006-07-06,408
2006-07-06,408
2006-07-06,407
2006-07-07,402.5
2006-07-07,403
2006-07-07,404
2006-07-07,401
2006-07-08,400
2006-07-08,400
2006-07-08,401
2006-07-08,399
2006-07-09,396.5
2006-07-09,396
2006-07-09,397
2006-07-09,396
2006-07-10,393
2006-07-10,393
2006-07-10,394
2006-07-10,392
2006-07-11,389.5
2006-07-11,390
2006-07-11,390
2006-07-11,389
2006-07-12,385.5
2006-07-12,386
2006-07-12,386
2006-07-12,385
2006-07-13,383
2006-07-13,383
2006-07-13,384
2006-07-13,382
2006-07-14,379.5
2006-07-14,380
2006-07-14,380
2006-07-14,379
2006-07-15,377
2006-07-15,377
2006-07-15,378
2006-07-15,376
2006-07-16,373
2006-07-16,373
2006-07-16,374
2006-07-16,372
2006-07-17,369.5
2006-07-17,370
2006-07-17,370
2006-07-17,369
2006-07-18,367.5
2006-07-18,368
2006-07-18,368
2006-07-18,367
2006-07-19,364.5
2006-07-19,364
2006-07-19,365
2006-07-19,364
2006-07-20,361.5
2006-07-20,362
2006-07-20,362
2006-07-20,361
2006-07-21,358.5
2006-07-21,358
2006-07-21,359
2006-07-21,358
2006-07-22,355.5
2006-07-22,356
2006-07-22,356
2006-07-22,355
2006-07-23,353
2006-07-23,353
2006-07-23,354
2006-07-23,352
2006-07-24,350.5
2006-07-24,350
2006-07-24,351
2006-07-24,350
2006-07-25,348
2006-07-25,348
2006-07-25,348
2006-07-25,348
2006-07-26,345.5
2006-07-26,346
2006-07-26,346
2006-07-26,345
2006-07-27,342.5
2006-07-27,342
2006-07-27,343
2006-07-27,342
2006-07-28,341
2006-07-28,341
2006-07-28,341
2006-07-28,341
2006-07-29,339
2006-07-29,339
2006-07-29,340
2006-07-29,338
2006-07-30,336
2006-07-30,336
2006-07-30,336
2006-07-30,336
2006-07-31,334
2006-07-31,334
2006-07-31,334
2006-07-31,334
2006-08-01,332
2006-08-01,332
2006-08-01,332
2006-08-01,332
2006-08-02,331.5
2006-08-02,332
2006-08-02,332
2006-08-02,331
2006-08-03,329
2006-08-03,329
2006-08-03,329
2006-08-03,329
2006-08-04,328
2006-08-04,328
2006-08-04,328
2006-08-04,328
2006-08-05,326
2006-08-05,326
2006-08-05,326
2006-08-05,326
2006-08-06,325
2006-08-06,325
2006-08-06,325
2006-08-06,325
2006-08-07,323
2006-08-07,323
2006-08-07,323
2006-08-07,323
2006-08-08,320.5
2006-08-08,320
2006-08-08,321
2006-08-08,320
2006-08-09,319
2006-08-09,319
2006-08-09,319
2006-08-09,319
2006-08-10,318
2006-08-10,318
2006-08-10,318
2006-08-10,318
2006-08-11,316.5
2006-08-11,316
2006-08-11,317
2006-08-11,316
2006-08-12,314.5
2006-08-12,314
2006-08-12,315
2006-08-12,314
2006-08-13,313
2006-08-13,313
2006-08-13,313
2006-08-13,313
2006-08-14,311.5
2006-08-14,312
2006-08-14,312
2006-08-14,311
2006-08-15,309.5
2006-08-15,310
2006-08-15,310
2006-08-15,309
2006-08-16,307.5
2006-08-16,308
2006-08-16,308
2006-08-16,307
2006-08-17,305.5
2006-08-17,306
2006-08-17,306
2006-08-17,305
2006-08-18,303
2006-08-18,303
2006-08-18,304
2006-08-18,302
2006-08-19,301
2006-08-19,301
2006-08-19,301
2006-08-19,301
2006-08-20,298.5
2006-08-20,298
2006-08-20,299
2006-08-20,298
2006-08-21,295.5
2006-08-21,296
2006-08-21,296
2006-08-21,295
2006-08-22,293.5
2006-08-22,294
2006-08-22,294
2006-08-22,293
2006-08-23,290.5
2006-08-23,290
2006-08-23,291
2006-08-23,290
2006-08-24,288
2006-08-24,288
2006-08-24,288
2006-08-24,288
2006-08-25,286.5
2006-08-25,286
2006-08-25,287
2006-08-25,286
2006-08-26,285
2006-08-26,285
2006-08-26,285
2006-08-26,285
2006-08-27,284
2006-08-27,284
2006-08-27,284
2006-08-27,284
2006-08-28,282
2006-08-28,282
2006-08-28,282
2006-08-28,282
2006-08-29,281
2006-08-29,281
2006-08-29,281
2006-08-29,281
2006-08-30,280
2006-08-30,280
2006-08-30,280
2006-08-30,280
2006-08-31,278.5
2006-08-31,278
2006-08-31,279
2006-08-31,278
2006-09-01,276.5
2006-09-01,276
2006-09-01,277
2006-09-01,276
2006-09-02,274.5
2006-09-02,274
2006-09-02,275
2006-09-02,274
2006-09-03,274
2006-09-03,274
2006-09-03,274
2006-09-03,274
2006-09-04,273
2006-09-04,273
2006-09-04,273
2006-09-04,273
2006-09-05,272
2006-09-05,272
2006-09-05,272
2006-09-05,272
2006-09-06,271
2006-09-06,271
2006-09-06,271
2006-09-06,271
2006-09-07,270
2006-09-07,270
2006-09-07,270
2006-09-07,270
2006-09-08,270
2006-09-08,270
2006-09-08,270
2006-09-08,270
2006-09-09,269
2006-09-09,269
2006-09-09,269
2006-09-09,269
2006-09-10,268.5
2006-09-10,268
2006-09-10,269
2006-09-10,268
2006-09-11,268
2006-09-11,268
2006-09-11,268
2006-09-11,268
2006-09-12,267
2006-09-12,267
2006-09-12,267
2006-09-12,267
2006-09-13,266
2006-09-13,266
2006-09-13,266
2006-09-13,266
2006-09-14,265
2006-09-14,265
2006-09-14,265
2006-09-14,265
2006-09-15,263.5
2006-09-15,264
2006-09-15,264
2006-09-15,263
2006-09-16,262
2006-09-16,262
2006-09-16,262
2006-09-16,262
2006-09-17,260.5
2006-09-17,260
2006-09-17,261
2006-09-17,260
2006-09-18,259
2006-09-18,259
2006-09-18,259
2006-09-18,259
2006-09-19,257.5
2006-09-19,258
2006-09-19,258
2006-09-19,257
2006-09-20,256
2006-09-20,256
2006-09-20,256
2006-09-20,256
2006-09-21,256
2006-09-21,256
2006-09-21,256
2006-09-21,256
2006-09-22,255
2006-09-22,255
2006-09-22,255
2006-09-22,255
2006-09-23,254
2006-09-23,254
2006-09-23,254
2006-09-23,254
2006-09-24,253.5
2006-09-24,254
2006-09-24,254
2006-09-24,253
2006-09-25,253
2006-09-25,253
2006-09-25,253
2006-09-25,253
2006-09-26,252
2006-09-26,252
2006-09-26,252
2006-09-26,252
2006-09-27,251
2006-09-27,251
2006-09-27,251
2006-09-27,251
2006-09-28,250
2006-09-28,250
2006-09-28,250
2006-09-28,250
2006-09-29,249
2006-09-29,249
2006-09-29,249
2006-09-29,249
2006-09-30,248
2006-09-30,248
2006-09-30,248
2006-09-30,248
2006-10-01,248.5
2006-10-01,248
2006-10-01,248
2006-10-01,249
2006-10-02,252
2006-10-02,252
2006-10-02,251
2006-10-02,253
2006-10-03,255.5
2006-10-03,256
2006-10-03,255
2006-10-03,256
2006-10-04,257.5
2006-10-04,258
2006-10-04,257
2006-10-04,258
2006-10-05,258
2006-10-05,258
2006-10-05,258
2006-10-05,258
2006-10-06,258
2006-10-06,258
2006-10-06,258
2006-10-06,258
2006-10-07,258
2006-10-07,258
2006-10-07,258
2006-10-07,258
2006-10-08,258
2006-10-08,258
2006-10-08,258
2006-10-08,258
2006-10-09,258
2006-10-09,258
2006-10-09,258
2006-10-09,258
2006-10-10,258.5
2006-10-10,258
2006-10-10,258
2006-10-10,259
2006-10-11,259
2006-10-11,259
2006-10-11,259
2006-10-11,259
2006-10-12,259
2006-10-12,259
2006-10-12,259
2006-10-12,259
2006-10-13,260
2006-10-13,260
2006-10-13,260
2006-10-13,260
2006-10-14,260
2006-10-14,260
2006-10-14,260
2006-10-14,260
2006-10-15,261.5
2006-10-15,262
2006-10-15,261
2006-10-15,262
2006-10-16,263
2006-10-16,263
2006-10-16,263
2006-10-16,263
2006-10-17,264.5
2006-10-17,264
2006-10-17,264
2006-10-17,265
2006-10-18,266
2006-10-18,266
2006-10-18,266
2006-10-18,266
2006-10-19,267
2006-10-19,267
2006-10-19,267
2006-10-19,267
2006-10-20,268
2006-10-20,268
2006-10-20,268
2006-10-20,268
2006-10-21,268
2006-10-21,268
2006-10-21,268
2006-10-21,268
2006-10-22,270
2006-10-22,270
2006-10-22,270
2006-10-22,270
2006-10-23,271.5
2006-10-23,272
2006-10-23,271
2006-10-23,272
2006-10-24,272
2006-10-24,272
2006-10-24,272
2006-10-24,272
2006-10-25,273.5
2006-10-25,274
2006-10-25,273
2006-10-25,274
2006-10-26,276.5
2006-10-26,276
2006-10-26,276
2006-10-26,277
2006-10-27,279.5
2006-10-27,280
2006-10-27,279
2006-10-27,280
2006-10-28,282.5
2006-10-28,282
2006-10-28,282
2006-10-28,283
2006-10-29,284.5
2006-10-29,284
2006-10-29,284
2006-10-29,285
2006-10-30,286.5
2006-10-30,286
2006-10-30,286
2006-10-30,287
2006-10-31,289
2006-10-31,289
2006-10-31,289
2006-10-31,289
2006-11-01,290
2006-11-01,290
2006-11-01,290
2006-11-01,290
2006-11-02,291.5
2006-11-02,292
2006-11-02,291
2006-11-02,292
2006-11-03,295
2006-11-03,295
2006-11-03,295
2006-11-03,295
2006-11-04,297.5
2006-11-04,298
2006-11-04,297
2006-11-04,298
2006-11-05,299.5
2006-11-05,300
2006-11-05,299
2006-11-05,300
2006-11-06,301.5
2006-11-06,302
2006-11-06,301
2006-11-06,302
2006-11-07,304.5
2006-11-07,304
2006-11-07,304
2006-11-07,305
2006-11-08,307
2006-11-08,307
2006-11-08,306
2006-11-08,308
2006-11-09,310.5
2006-11-09,310
2006-11-09,310
2006-11-09,311
2006-11-10,314.5
2006-11-10,314
2006-11-10,314
2006-11-10,315
2006-11-11,317.5
2006-11-11,318
2006-11-11,317
2006-11-11,318
2006-11-12,321
2006-11-12,321
2006-11-12,320
2006-11-12,322
2006-11-13,324.5
2006-11-13,324
2006-11-13,324
2006-11-13,325
2006-11-14,328
2006-11-14,328
2006-11-14,326
2006-11-14,330
2006-11-15,332
2006-11-15,332
2006-11-15,332
2006-11-15,332
2006-11-16,331
2006-11-16,331
2006-11-16,331
2006-11-16,331
2006-11-17,331.5
2006-11-17,332
2006-11-17,331
2006-11-17,332
2006-11-18,333
2006-11-18,333
2006-11-18,332
2006-11-18,334
2006-11-19,334
2006-11-19,334
2006-11-19,334
2006-11-19,334
2006-11-20,335.5
2006-11-20,336
2006-11-20,335
2006-11-20,336
2006-11-21,338.5
2006-11-21,338
2006-11-21,338
2006-11-21,339
2006-11-22,345
2006-11-22,345
2006-11-22,342
2006-11-22,348
2006-11-23,351
2006-11-23,351
2006-11-23,350
2006-11-23,352
2006-11-24,356
2006-11-24,356
2006-11-24,355
2006-11-24,357
2006-11-25,360.5
2006-11-25,360
2006-11-25,360
2006-11-25,361
2006-11-26,363
2006-11-26,363
2006-11-26,362
2006-11-26,364
2006-11-27,365
2006-11-27,365
2006-11-27,365
2006-11-27,365
2006-11-28,365
2006-11-28,365
2006-11-28,365
2006-11-28,365
2006-11-29,364.5
2006-11-29,364
2006-11-29,365
2006-11-29,364
2006-11-30,361.5
2006-11-30,362
2006-11-30,362
2006-11-30,361
2006-12-01,359.5
2006-12-01,360
2006-12-01,360
2006-12-01,359
2006-12-02,358
2006-12-02,358
2006-12-02,358
2006-12-02,358
2006-12-03,357
2006-12-03,357
2006-12-03,357
2006-12-03,357
2006-12-04,355.5
2006-12-04,356
2006-12-04,356
2006-12-04,355
2006-12-05,354
2006-12-05,354
2006-12-05,354
2006-12-05,354
2006-12-06,353
2006-12-06,353
2006-12-06,353
2006-12-06,353
2006-12-07,352
2006-12-07,352
2006-12-07,352
2006-12-07,352
2006-12-08,352
2006-12-08,352
2006-12-08,352
2006-12-08,352
2006-12-09,351
2006-12-09,351
2006-12-09,351
2006-12-09,351
2006-12-10,351.5
2006-12-10,352
2006-12-10,351
2006-12-10,352
2006-12-11,353
2006-12-11,353
2006-12-11,353
2006-12-11,353
2006-12-12,355
2006-12-12,355
2006-12-12,354
2006-12-12,356
2006-12-13,359
2006-12-13,359
2006-12-13,358
2006-12-13,360
2006-12-14,362
2006-12-14,362
2006-12-14,362
2006-12-14,362
2006-12-15,362
2006-12-15,362
2006-12-15,362
2006-12-15,362
2006-12-16,364
2006-12-16,364
2006-12-16,364
2006-12-16,364
2006-12-17,364
2006-12-17,364
2006-12-17,364
2006-12-17,364
2006-12-18,366
2006-12-18,366
2006-12-18,366
2006-12-18,366
2006-12-19,369.5
2006-12-19,370
2006-12-19,369
2006-12-19,370
2006-12-20,371.5
2006-12-20,372
2006-12-20,371
2006-12-20,372
2006-12-21,373.5
2006-12-21,374
2006-12-21,373
2006-12-21,374
2006-12-22,377
2006-12-22,377
2006-12-22,376
2006-12-22,378
2006-12-23,381
2006-12-23,381
2006-12-23,380
2006-12-23,382
2006-12-24,384.5
2006-12-24,384
2006-12-24,384
2006-12-24,385
2006-12-25,388
2006-12-25,388
2006-12-25,387
2006-12-25,389
2006-12-26,392
2006-12-26,392
2006-12-26,391
2006-12-26,393
2006-12-27,394.5
2006-12-27,394
2006-12-27,394
2006-12-27,395
2006-12-28,398
2006-12-28,398
2006-12-28,397
2006-12-28,399
2006-12-29,403.5
2006-12-29,404
2006-12-29,403
2006-12-29,404
2006-12-30,405.5
2006-12-30,406
2006-12-30,405
2006-12-30,406
2006-12-31,409
2006-12-31,409
2006-12-31,408
2006-12-31,410
2007-01-01,411
2007-01-01,411
2007-01-01,411
2007-01-01,411
2007-01-02,412.5
2007-01-02,412
2007-01-02,412
2007-01-02,413
2007-01-03,414
2007-01-03,414
2007-01-03,414
2007-01-03,414
2007-01-04,414
2007-01-04,414
2007-01-04,414
2007-01-04,414
2007-01-05,415
2007-01-05,415
2007-01-05,415
2007-01-05,415
2007-01-06,415
2007-01-06,415
2007-01-06,415
2007-01-06,415
2007-01-07,415
2007-01-07,415
2007-01-07,415
2007-01-07,415
2007-01-08,415
2007-01-08,415
2007-01-08,415
2007-01-08,415
2007-01-09,415
2007-01-09,415
2007-01-09,415
2007-01-09,415
2007-01-10,416.5
2007-01-10,416
2007-01-10,416
2007-01-10,417
2007-01-11,419
2007-01-11,419
2007-01-11,419
2007-01-11,419
2007-01-12,420
2007-01-12,420
2007-01-12,420
2007-01-12,420
2007-01-13,421.5
2007-01-13,422
2007-01-13,421
2007-01-13,422
2007-01-14,422.5
2007-01-14,422
2007-01-14,423
2007-01-14,422
2007-01-15,422.5
2007-01-15,422
2007-01-15,423
2007-01-15,422
2007-01-16,422
2007-01-16,422
2007-01-16,422
2007-01-16,422
2007-01-17,423.5
2007-01-17,424
2007-01-17,423
2007-01-17,424
2007-01-18,428
2007-01-18,428
2007-01-18,428
2007-01-18,428
2007-01-19,429.5
2007-01-19,430
2007-01-19,429
2007-01-19,430
2007-01-20,432.5
2007-01-20,432
2007-01-20,430
2007-01-20,435
2007-01-21,437.5
2007-01-21,438
2007-01-21,437
2007-01-21,438
2007-01-22,439.5
2007-01-22,439
2007-01-22,439
2007-01-22,440
2007-01-23,441.5
2007-01-23,442
2007-01-23,441
2007-01-23,442
2007-01-24,443
2007-01-24,443
2007-01-24,443
2007-01-24,443
2007-01-25,444
2007-01-25,444
2007-01-25,444
2007-01-25,444
2007-01-26,445
2007-01-26,445
2007-01-26,445
2007-01-26,445
2007-01-27,446
2007-01-27,446
2007-01-27,446
2007-01-27,446
2007-01-28,446
2007-01-28,446
2007-01-28,446
2007-01-28,446
2007-01-29,444
2007-01-29,444
2007-01-29,444
2007-01-29,444
2007-01-30,443.5
2007-01-30,443
2007-01-30,444
2007-01-30,443
2007-01-31,441
2007-01-31,441
2007-01-31,441
2007-01-31,441
2007-02-01,442.5
2007-02-01,442
2007-02-01,442
2007-02-01,443
2007-02-02,440.5
2007-02-02,440
2007-02-02,440
2007-02-02,441
2007-02-03,442
2007-02-03,442
2007-02-03,442
2007-02-03,442
2007-02-04,443.5
2007-02-04,443
2007-02-04,443
2007-02-04,444
2007-02-05,449.5
2007-02-05,450
2007-02-05,447
2007-02-05,452
2007-02-06,456.5
2007-02-06,457
2007-02-06,454
2007-02-06,459
2007-02-07,470
2007-02-07,470
2007-02-07,467
2007-02-07,473
2007-02-08,483.5
2007-02-08,484
2007-02-08,480
2007-02-08,487
2007-02-09,500.5
2007-02-09,500
2007-02-09,496
2007-02-09,505
2007-02-10,516.5
2007-02-10,516
2007-02-10,513
2007-02-10,520
2007-02-11,533
2007-02-11,533
2007-02-11,530
2007-02-11,536
2007-02-12,550.5
2007-02-12,550
2007-02-12,545
2007-02-12,556
2007-02-13,566
2007-02-13,566
2007-02-13,562
2007-02-13,570
2007-02-14,582.5
2007-02-14,582
2007-02-14,579
2007-02-14,586
2007-02-15,598
2007-02-15,598
2007-02-15,594
2007-02-15,602
2007-02-16,611.5
2007-02-16,612
2007-02-16,609
2007-02-16,614
2007-02-17,619
2007-02-17,619
2007-02-17,618
2007-02-17,620
2007-02-18,626
2007-02-18,626
2007-02-18,624
2007-02-18,628
2007-02-19,635.5
2007-02-19,636
2007-02-19,633
2007-02-19,638
2007-02-20,649
2007-02-20,649
2007-02-20,645
2007-02-20,653
2007-02-21,661.5
2007-02-21,662
2007-02-21,661
2007-02-21,662
2007-02-22,665
2007-02-22,665
2007-02-22,664
2007-02-22,666
2007-02-23,668
2007-02-23,668
2007-02-23,667
2007-02-23,669
2007-02-24,671.5
2007-02-24,672
2007-02-24,671
2007-02-24,672
2007-02-25,677
2007-02-25,677
2007-02-25,676
2007-02-25,678
2007-02-26,681.5
2007-02-26,682
2007-02-26,680
2007-02-26,683
2007-02-27,690.5
2007-02-27,690
2007-02-27,690
2007-02-27,691
2007-02-28,694.5
2007-02-28,694
2007-02-28,693
2007-02-28,696
2007-03-01,699.5
2007-03-01,700
2007-03-01,698
2007-03-01,701
2007-03-02,705
2007-03-02,705
2007-03-02,704
2007-03-02,706
2007-03-03,710
2007-03-03,710
2007-03-03,709
2007-03-03,711
2007-03-04,713.5
2007-03-04,714
2007-03-04,713
2007-03-04,714
2007-03-05,715
2007-03-05,715
2007-03-05,715
2007-03-05,715
2007-03-06,716
2007-03-06,716
2007-03-06,716
2007-03-06,716
2007-03-07,717
2007-03-07,717
2007-03-07,717
2007-03-07,717
2007-03-08,718.5
2007-03-08,718
2007-03-08,718
2007-03-08,719
2007-03-09,716.5
2007-03-09,716
2007-03-09,717
2007-03-09,716
2007-03-10,713
2007-03-10,713
2007-03-10,714
2007-03-10,712
2007-03-11,710
2007-03-11,710
2007-03-11,711
2007-03-11,709
2007-03-12,706
2007-03-12,706
2007-03-12,707
2007-03-12,705
2007-03-13,702.5
2007-03-13,702
2007-03-13,703
2007-03-13,702
2007-03-14,701
2007-03-14,701
2007-03-14,701
2007-03-14,701
2007-03-15,702
2007-03-15,702
2007-03-15,702
2007-03-15,702
2007-03-16,703.5
2007-03-16,704
2007-03-16,704
2007-03-16,703
2007-03-17,702
2007-03-17,702
2007-03-17,702
2007-03-17,702
2007-03-18,698.5
2007-03-18,698
2007-03-18,699
2007-03-18,698
2007-03-19,697
2007-03-19,697
2007-03-19,697
2007-03-19,697
2007-03-20,700
2007-03-20,700
2007-03-20,701
2007-03-20,699
2007-03-21,698
2007-03-21,698
2007-03-21,698
2007-03-21,698
2007-03-22,700.5
2007-03-22,700
2007-03-22,698
2007-03-22,703
2007-03-23,708
2007-03-23,708
2007-03-23,707
2007-03-23,709
2007-03-24,711
2007-03-24,711
2007-03-24,711
2007-03-24,711
2007-03-25,713
2007-03-25,713
2007-03-25,714
2007-03-25,712
2007-03-26,713
2007-03-26,713
2007-03-26,713
2007-03-26,713
2007-03-27,711.5
2007-03-27,712
2007-03-27,712
2007-03-27,711
2007-03-28,711
2007-03-28,711
2007-03-28,711
2007-03-28,711
2007-03-29,711
2007-03-29,711
2007-03-29,711
2007-03-29,711
2007-03-30,711
2007-03-30,711
2007-03-30,711
2007-03-30,711
2007-03-31,710
2007-03-31,710
2007-03-31,710
2007-03-31,710
2007-04-01,708.5
2007-04-01,708
2007-04-01,709
2007-04-01,708
2007-04-02,704.5
2007-04-02,704
2007-04-02,705
2007-04-02,704
2007-04-03,703
2007-04-03,703
2007-04-03,704
2007-04-03,702
2007-04-04,700.5
2007-04-04,700
2007-04-04,702
2007-04-04,699
2007-04-05,697
2007-04-05,697
2007-04-05,698
2007-04-05,696
2007-04-06,690.5
2007-04-06,690
2007-04-06,693
2007-04-06,688
2007-04-07,683
2007-04-07,683
2007-04-07,684
2007-04-07,682
2007-04-08,675.5
2007-04-08,676
2007-04-08,678
2007-04-08,673
2007-04-09,664.5
2007-04-09,664
2007-04-09,667
2007-04-09,662
2007-04-10,657
2007-04-10,657
2007-04-10,658
2007-04-10,656
2007-04-11,658
2007-04-11,658
2007-04-11,656
2007-04-11,660
2007-04-12,654.5
2007-04-12,654
2007-04-12,655
2007-04-12,654
2007-04-13,648.5
2007-04-13,648
2007-04-13,650
2007-04-13,647
2007-04-14,641.5
2007-04-14,642
2007-04-14,643
2007-04-14,640
2007-04-15,638.5
2007-04-15,638
2007-04-15,639
2007-04-15,638
2007-04-16,637
2007-04-16,637
2007-04-16,638
2007-04-16,636
2007-04-17,635
2007-04-17,635
2007-04-17,636
2007-04-17,634
2007-04-18,631.5
2007-04-18,632
2007-04-18,632
2007-04-18,631
2007-04-19,628.5
2007-04-19,628
2007-04-19,629
2007-04-19,628
2007-04-20,625.5
2007-04-20,626
2007-04-20,626
2007-04-20,625
2007-04-21,626
2007-04-21,626
2007-04-21,626
2007-04-21,626
2007-04-22,631
2007-04-22,631
2007-04-22,630
2007-04-22,632
2007-04-23,630
2007-04-23,630
2007-04-23,630
2007-04-23,630
2007-04-24,627
2007-04-24,627
2007-04-24,628
2007-04-24,626
2007-04-25,622
2007-04-25,622
2007-04-25,624
2007-04-25,620
2007-04-26,619
2007-04-26,619
2007-04-26,620
2007-04-26,618
2007-04-27,614.5
2007-04-27,614
2007-04-27,616
2007-04-27,613
2007-04-28,608.5
2007-04-28,608
2007-04-28,610
2007-04-28,607
2007-04-29,602.5
2007-04-29,602
2007-04-29,604
2007-04-29,601
2007-04-30,594.5
2007-04-30,594
2007-04-30,596
2007-04-30,593
2007-05-01,589
2007-05-01,589
2007-05-01,590
2007-05-01,588
2007-05-02,581
2007-05-02,581
2007-05-02,583
2007-05-02,579
2007-05-03,572.5
2007-05-03,572
2007-05-03,574
2007-05-03,571
2007-05-04,565.5
2007-05-04,566
2007-05-04,567
2007-05-04,564
2007-05-05,559
2007-05-05,559
2007-05-05,560
2007-05-05,558
2007-05-06,555
2007-05-06,555
2007-05-06,556
2007-05-06,554
2007-05-07,551
2007-05-07,551
2007-05-07,552
2007-05-07,550
2007-05-08,548.5
2007-05-08,548
2007-05-08,549
2007-05-08,548
2007-05-09,545.5
2007-05-09,546
2007-05-09,546
2007-05-09,545
2007-05-10,543
2007-05-10,543
2007-05-10,544
2007-05-10,542
2007-05-11,539
2007-05-11,539
2007-05-11,540
2007-05-11,538
2007-05-12,535
2007-05-12,535
2007-05-12,536
2007-05-12,534
2007-05-13,531
2007-05-13,531
2007-05-13,532
2007-05-13,530
2007-05-14,526
2007-05-14,526
2007-05-14,527
2007-05-14,525
2007-05-15,523
2007-05-15,523
2007-05-15,524
2007-05-15,522
2007-05-16,517
2007-05-16,517
2007-05-16,518
2007-05-16,516
2007-05-17,512
2007-05-17,512
2007-05-17,513
2007-05-17,511
2007-05-18,506.5
2007-05-18,507
2007-05-18,508
2007-05-18,505
2007-05-19,500
2007-05-19,500
2007-05-19,502
2007-05-19,498
2007-05-20,494.5
2007-05-20,494
2007-05-20,496
2007-05-20,493
2007-05-21,488.5
2007-05-21,488
2007-05-21,490
2007-05-21,487
2007-05-22,481.5
2007-05-22,482
2007-05-22,483
2007-05-22,480
2007-05-23,475.5
2007-05-23,476
2007-05-23,477
2007-05-23,474
2007-05-24,469
2007-05-24,469
2007-05-24,470
2007-05-24,468
2007-05-25,464
2007-05-25,464
2007-05-25,465
2007-05-25,463
2007-05-26,460.5
2007-05-26,461
2007-05-26,461
2007-05-26,460
2007-05-27,457
2007-05-27,457
2007-05-27,458
2007-05-27,456
2007-05-28,451.5
2007-05-28,451
2007-05-28,453
2007-05-28,450
2007-05-29,446.5
2007-05-29,446
2007-05-29,447
2007-05-29,446
2007-05-30,443.5
2007-05-30,443
2007-05-30,444
2007-05-30,443
2007-05-31,441
2007-05-31,441
2007-05-31,442
2007-05-31,440
2007-06-01,437.5
2007-06-01,438
2007-06-01,438
2007-06-01,437
2007-06-02,434.5
2007-06-02,434
2007-06-02,435
2007-06-02,434
2007-06-03,432.5
2007-06-03,432
2007-06-03,433
2007-06-03,432
2007-06-04,429.5
2007-06-04,430
2007-06-04,430
2007-06-04,429
2007-06-05,428
2007-06-05,428
2007-06-05,428
2007-06-05,428
2007-06-06,428
2007-06-06,428
2007-06-06,428
2007-06-06,428
2007-06-07,427
2007-06-07,427
2007-06-07,427
2007-06-07,427
2007-06-08,426
2007-06-08,426
2007-06-08,426
2007-06-08,426
2007-06-09,425
2007-06-09,425
2007-06-09,425
2007-06-09,425
2007-06-10,423
2007-06-10,423
2007-06-10,423
2007-06-10,423
2007-06-11,421.5
2007-06-11,422
2007-06-11,422
2007-06-11,421
2007-06-12,419
2007-06-12,419
2007-06-12,420
2007-06-12,418
2007-06-13,415
2007-06-13,415
2007-06-13,416
2007-06-13,414
2007-06-14,411
2007-06-14,411
2007-06-14,412
2007-06-14,410
2007-06-15,407
2007-06-15,407
2007-06-15,408
2007-06-15,406
2007-06-16,400.5
2007-06-16,400
2007-06-16,402
2007-06-16,399
2007-06-17,394.5
2007-06-17,394
2007-06-17,396
2007-06-17,393
2007-06-18,388.5
2007-06-18,388
2007-06-18,390
2007-06-18,387
2007-06-19,383
2007-06-19,383
2007-06-19,384
2007-06-19,382
2007-06-20,379.5
2007-06-20,380
2007-06-20,380
2007-06-20,379
2007-06-21,376.5
2007-06-21,376
2007-06-21,377
2007-06-21,376
2007-06-22,373
2007-06-22,373
2007-06-22,374
2007-06-22,372
2007-06-23,369
2007-06-23,369
2007-06-23,370
2007-06-23,368
2007-06-24,365
2007-06-24,365
2007-06-24,366
2007-06-24,364
2007-06-25,361
2007-06-25,361
2007-06-25,362
2007-06-25,360
2007-06-26,357.5
2007-06-26,358
2007-06-26,358
2007-06-26,357
2007-06-27,355.5
2007-06-27,356
2007-06-27,356
2007-06-27,355
2007-06-28,352.5
2007-06-28,352
2007-06-28,353
2007-06-28,352
2007-06-29,349
2007-06-29,349
2007-06-29,350
2007-06-29,348
2007-06-30,345.5
2007-06-30,346
2007-06-30,346
2007-06-30,345
2007-07-01,343.5
2007-07-01,344
2007-07-01,344
2007-07-01,343
2007-07-02,340.5
2007-07-02,340
2007-07-02,341
2007-07-02,340
2007-07-03,337.5
2007-07-03,338
2007-07-03,338
2007-07-03,337
2007-07-04,335
2007-07-04,335
2007-07-04,336
2007-07-04,334
2007-07-05,332
2007-07-05,332
2007-07-05,332
2007-07-05,332
2007-07-06,331.5
2007-07-06,332
2007-07-06,332
2007-07-06,331
2007-07-07,329.5
2007-07-07,330
2007-07-07,330
2007-07-07,329
2007-07-08,327.5
2007-07-08,328
2007-07-08,328
2007-07-08,327
2007-07-09,324.5
2007-07-09,324
2007-07-09,325
2007-07-09,324
2007-07-10,322
2007-07-10,322
2007-07-10,322
2007-07-10,322
2007-07-11,320
2007-07-11,320
2007-07-11,320
2007-07-11,320
2007-07-12,318
2007-07-12,318
2007-07-12,318
2007-07-12,318
2007-07-13,316
2007-07-13,316
2007-07-13,316
2007-07-13,316
2007-07-14,314.5
2007-07-14,314
2007-07-14,315
2007-07-14,314
2007-07-15,312.5
2007-07-15,312
2007-07-15,313
2007-07-15,312
2007-07-16,310.5
2007-07-16,310
2007-07-16,311
2007-07-16,310
2007-07-17,308.5
2007-07-17,308
2007-07-17,309
2007-07-17,308
2007-07-18,307
2007-07-18,307
2007-07-18,307
2007-07-18,307
2007-07-19,306
2007-07-19,306
2007-07-19,306
2007-07-19,306
2007-07-20,305
2007-07-20,305
2007-07-20,305
2007-07-20,305
2007-07-21,304
2007-07-21,304
2007-07-21,304
2007-07-21,304
2007-07-22,303
2007-07-22,303
2007-07-22,303
2007-07-22,303
2007-07-23,302
2007-07-23,302
2007-07-23,302
2007-07-23,302
2007-07-24,302
2007-07-24,302
2007-07-24,302
2007-07-24,302
2007-07-25,304.5
2007-07-25,304
2007-07-25,304
2007-07-25,305
2007-07-26,305.5
2007-07-26,306
2007-07-26,305
2007-07-26,306
2007-07-27,306
2007-07-27,306
2007-07-27,306
2007-07-27,306
2007-07-28,304.5
2007-07-28,304
2007-07-28,305
2007-07-28,304
2007-07-29,303
2007-07-29,303
2007-07-29,303
2007-07-29,303
2007-07-30,303
2007-07-30,303
2007-07-30,303
2007-07-30,303
2007-07-31,303
2007-07-31,303
2007-07-31,303
2007-07-31,303
2007-08-01,302
2007-08-01,302
2007-08-01,302
2007-08-01,302
2007-08-02,301
2007-08-02,301
2007-08-02,301
2007-08-02,301
2007-08-03,298.5
2007-08-03,298
2007-08-03,299
2007-08-03,298
2007-08-04,297
2007-08-04,297
2007-08-04,297
2007-08-04,297
2007-08-05,296
2007-08-05,296
2007-08-05,296
2007-08-05,296
2007-08-06,295.5
2007-08-06,296
2007-08-06,296
2007-08-06,295
2007-08-07,292.5
2007-08-07,292
2007-08-07,293
2007-08-07,292
2007-08-08,290
2007-08-08,290
2007-08-08,290
2007-08-08,290
2007-08-09,287.5
2007-08-09,288
2007-08-09,288
2007-08-09,287
2007-08-10,285.5
2007-08-10,286
2007-08-10,286
2007-08-10,285
2007-08-11,283
2007-08-11,283
2007-08-11,284
2007-08-11,282
2007-08-12,280
2007-08-12,280
2007-08-12,280
2007-08-12,280
2007-08-13,279
2007-08-13,279
2007-08-13,279
2007-08-13,279
2007-08-14,278
2007-08-14,278
2007-08-14,278
2007-08-14,278
2007-08-15,277
2007-08-15,277
2007-08-15,277
2007-08-15,277
2007-08-16,276
2007-08-16,276
2007-08-16,276
2007-08-16,276
2007-08-17,274.5
2007-08-17,274
2007-08-17,275
2007-08-17,274
2007-08-18,272.5
2007-08-18,272
2007-08-18,273
2007-08-18,272
2007-08-19,271
2007-08-19,271
2007-08-19,271
2007-08-19,271
2007-08-20,269.5
2007-08-20,270
2007-08-20,270
2007-08-20,269
2007-08-21,268
2007-08-21,268
2007-08-21,268
2007-08-21,268
2007-08-22,267
2007-08-22,267
2007-08-22,267
2007-08-22,267
2007-08-23,266
2007-08-23,266
2007-08-23,266
2007-08-23,266
2007-08-24,265.5
2007-08-24,266
2007-08-24,266
2007-08-24,265
2007-08-25,264
2007-08-25,264
2007-08-25,264
2007-08-25,264
2007-08-26,263
2007-08-26,263
2007-08-26,263
2007-08-26,263
2007-08-27,262
2007-08-27,262
2007-08-27,262
2007-08-27,262
2007-08-28,261
2007-08-28,261
2007-08-28,261
2007-08-28,261
2007-08-29,260
2007-08-29,260
2007-08-29,260
2007-08-29,260
2007-08-30,259
2007-08-30,259
2007-08-30,259
2007-08-30,259
2007-08-31,259
2007-08-31,259
2007-08-31,259
2007-08-31,259
2007-09-01,258
2007-09-01,258
2007-09-01,258
2007-09-01,258
2007-09-02,257
2007-09-02,257
2007-09-02,257
2007-09-02,257
2007-09-03,256
2007-09-03,256
2007-09-03,256
2007-09-03,256
2007-09-04,256
2007-09-04,256
2007-09-04,256
2007-09-04,256
2007-09-05,256
2007-09-05,256
2007-09-05,256
2007-09-05,256
2007-09-06,255
2007-09-06,255
2007-09-06,255
2007-09-06,255
2007-09-07,255
2007-09-07,255
2007-09-07,255
2007-09-07,255
2007-09-08,254
2007-09-08,254
2007-09-08,254
2007-09-08,254
2007-09-09,254
2007-09-09,254
2007-09-09,254
2007-09-09,254
2007-09-10,254
2007-09-10,254
2007-09-10,254
2007-09-10,254
2007-09-11,253
2007-09-11,253
2007-09-11,253
2007-09-11,253
2007-09-12,251.5
2007-09-12,252
2007-09-12,252
2007-09-12,251
2007-09-13,249.5
2007-09-13,250
2007-09-13,250
2007-09-13,249
2007-09-14,248
2007-09-14,248
2007-09-14,248
2007-09-14,248
2007-09-15,248
2007-09-15,248
2007-09-15,248
2007-09-15,248
2007-09-16,247
2007-09-16,247
2007-09-16,247
2007-09-16,247
2007-09-17,246
2007-09-17,246
2007-09-17,246
2007-09-17,246
2007-09-18,246
2007-09-18,246
2007-09-18,246
2007-09-18,246
2007-09-19,246
2007-09-19,246
2007-09-19,246
2007-09-19,246
2007-09-20,245
2007-09-20,245
2007-09-20,245
2007-09-20,245
2007-09-21,245
2007-09-21,245
2007-09-21,245
2007-09-21,245
2007-09-22,244
2007-09-22,244
2007-09-22,244
2007-09-22,244
2007-09-23,244
2007-09-23,244
2007-09-23,244
2007-09-23,244
2007-09-24,243.5
2007-09-24,244
2007-09-24,244
2007-09-24,243
2007-09-25,243
2007-09-25,243
2007-09-25,243
2007-09-25,243
2007-09-26,243
2007-09-26,243
2007-09-26,243
2007-09-26,243
2007-09-27,243
2007-09-27,243
2007-09-27,243
2007-09-27,243
2007-09-28,243
2007-09-28,243
2007-09-28,243
2007-09-28,243
2007-09-29,242
2007-09-29,242
2007-09-29,242
2007-09-29,242
2007-09-30,242
2007-09-30,242
2007-09-30,242
2007-09-30,242
2007-10-01,242
2007-10-01,242
2007-10-01,242
2007-10-01,242
2007-10-02,242
2007-10-02,242
2007-10-02,242
2007-10-02,242
2007-10-03,241
2007-10-03,241
2007-10-03,241
2007-10-03,241
2007-10-04,244
2007-10-04,244
2007-10-04,243
2007-10-04,245
2007-10-05,245.5
2007-10-05,246
2007-10-05,245
2007-10-05,246
2007-10-06,246
2007-10-06,246
2007-10-06,246
2007-10-06,246
2007-10-07,245
2007-10-07,245
2007-10-07,245
2007-10-07,245
2007-10-08,244
2007-10-08,244
2007-10-08,244
2007-10-08,244
2007-10-09,243
2007-10-09,243
2007-10-09,243
2007-10-09,243
2007-10-10,243
2007-10-10,243
2007-10-10,243
2007-10-10,243
2007-10-11,243
2007-10-11,243
2007-10-11,243
2007-10-11,243
2007-10-12,243
2007-10-12,243
2007-10-12,243
2007-10-12,243
2007-10-13,243
2007-10-13,243
2007-10-13,243
2007-10-13,243
2007-10-14,243
2007-10-14,243
2007-10-14,243
2007-10-14,243
2007-10-15,242
2007-10-15,242
2007-10-15,242
2007-10-15,242
2007-10-16,242
2007-10-16,242
2007-10-16,242
2007-10-16,242
2007-10-17,242
2007-10-17,242
2007-10-17,242
2007-10-17,242
2007-10-18,242
2007-10-18,242
2007-10-18,242
2007-10-18,242
2007-10-19,242
2007-10-19,242
2007-10-19,242
2007-10-19,242
2007-10-20,242
2007-10-20,242
2007-10-20,242
2007-10-20,242
2007-10-21,242
2007-10-21,242
2007-10-21,242
2007-10-21,242
2007-10-22,247.5
2007-10-22,248
2007-10-22,248
2007-10-22,247
2007-10-23,246
2007-10-23,246
2007-10-23,246
2007-10-23,246
2007-10-24,245
2007-10-24,245
2007-10-24,245
2007-10-24,245
2007-10-25,244
2007-10-25,244
2007-10-25,244
2007-10-25,244
2007-10-26,243
2007-10-26,243
2007-10-26,243
2007-10-26,243
2007-10-27,242
2007-10-27,242
2007-10-27,242
2007-10-27,242
2007-10-28,242
2007-10-28,242
2007-10-28,242
2007-10-28,242
2007-10-29,242
2007-10-29,242
2007-10-29,242
2007-10-29,242
2007-10-30,242
2007-10-30,242
2007-10-30,242
2007-10-30,242
2007-10-31,244
2007-10-31,244
2007-10-31,244
2007-10-31,244
2007-11-01,244
2007-11-01,244
2007-11-01,244
2007-11-01,244
2007-11-02,246
2007-11-02,246
2007-11-02,246
2007-11-02,246
2007-11-03,246
2007-11-03,246
2007-11-03,246
2007-11-03,246
2007-11-04,247
2007-11-04,247
2007-11-04,247
2007-11-04,247
2007-11-05,248
2007-11-05,248
2007-11-05,248
2007-11-05,248
2007-11-06,248
2007-11-06,248
2007-11-06,248
2007-11-06,248
2007-11-07,248
2007-11-07,248
2007-11-07,248
2007-11-07,248
2007-11-08,248
2007-11-08,248
2007-11-08,248
2007-11-08,248
2007-11-09,248
2007-11-09,248
2007-11-09,248
2007-11-09,248
2007-11-10,252
2007-11-10,252
2007-11-10,252
2007-11-10,252
2007-11-11,252
2007-11-11,252
2007-11-11,252
2007-11-11,252
2007-11-12,252
2007-11-12,252
2007-11-12,252
2007-11-12,252
2007-11-13,253
2007-11-13,253
2007-11-13,253
2007-11-13,253
2007-11-14,254
2007-11-14,254
2007-11-14,254
2007-11-14,254
2007-11-15,254.5
2007-11-15,254
2007-11-15,254
2007-11-15,255
2007-11-16,255
2007-11-16,255
2007-11-16,255
2007-11-16,255
2007-11-17,256
2007-11-17,256
2007-11-17,256
2007-11-17,256
2007-11-18,256
2007-11-18,256
2007-11-18,256
2007-11-18,256
2007-11-19,256
2007-11-19,256
2007-11-19,256
2007-11-19,256
2007-11-20,256
2007-11-20,256
2007-11-20,256
2007-11-20,256
2007-11-21,258
2007-11-21,258
2007-11-21,258
2007-11-21,258
2007-11-22,258
2007-11-22,258
2007-11-22,258
2007-11-22,258
2007-11-23,259
2007-11-23,259
2007-11-23,259
2007-11-23,259
2007-11-24,260
2007-11-24,260
2007-11-24,260
2007-11-24,260
2007-11-25,260.5
2007-11-25,260
2007-11-25,260
2007-11-25,261
2007-11-26,263.5
2007-11-26,264
2007-11-26,263
2007-11-26,264
2007-11-27,266
2007-11-27,266
2007-11-27,266
2007-11-27,266
2007-11-28,268
2007-11-28,268
2007-11-28,268
2007-11-28,268
2007-11-29,268
2007-11-29,268
2007-11-29,268
2007-11-29,268
2007-11-30,269
2007-11-30,269
2007-11-30,269
2007-11-30,269
2007-12-01,270
2007-12-01,270
2007-12-01,270
2007-12-01,270
2007-12-02,280
2007-12-02,280
2007-12-02,276
2007-12-02,284
2007-12-03,286.5
2007-12-03,286
2007-12-03,287
2007-12-03,286
2007-12-04,286
2007-12-04,286
2007-12-04,286
2007-12-04,286
2007-12-05,286
2007-12-05,286
2007-12-05,286
2007-12-05,286
2007-12-06,286.5
2007-12-06,286
2007-12-06,286
2007-12-06,287
2007-12-07,289.5
2007-12-07,290
2007-12-07,289
2007-12-07,290
2007-12-08,293
2007-12-08,293
2007-12-08,292
2007-12-08,294
2007-12-09,297.5
2007-12-09,298
2007-12-09,297
2007-12-09,298
2007-12-10,301.5
2007-12-10,302
2007-12-10,301
2007-12-10,302
2007-12-11,304
2007-12-11,304
2007-12-11,304
2007-12-11,304
2007-12-12,305
2007-12-12,305
2007-12-12,305
2007-12-12,305
2007-12-13,307.5
2007-12-13,308
2007-12-13,307
2007-12-13,308
2007-12-14,309.5
2007-12-14,310
2007-12-14,309
2007-12-14,310
2007-12-15,313
2007-12-15,313
2007-12-15,312
2007-12-15,314
2007-12-16,317
2007-12-16,317
2007-12-16,316
2007-12-16,318
2007-12-17,320.5
2007-12-17,320
2007-12-17,320
2007-12-17,321
2007-12-18,323.5
2007-12-18,324
2007-12-18,323
2007-12-18,324
2007-12-19,327
2007-12-19,327
2007-12-19,326
2007-12-19,328
2007-12-20,330
2007-12-20,330
2007-12-20,330
2007-12-20,330
2007-12-21,330
2007-12-21,330
2007-12-21,330
2007-12-21,330
2007-12-22,331
2007-12-22,331
2007-12-22,331
2007-12-22,331
2007-12-23,332.5
2007-12-23,332
2007-12-23,332
2007-12-23,333
2007-12-24,336.5
2007-12-24,336
2007-12-24,336
2007-12-24,337
2007-12-25,340
2007-12-25,340
2007-12-25,340
2007-12-25,340
2007-12-26,338
2007-12-26,338
2007-12-26,338
2007-12-26,338
2007-12-27,338
2007-12-27,338
2007-12-27,338
2007-12-27,338
2007-12-28,339
2007-12-28,339
2007-12-28,339
2007-12-28,339
2007-12-29,339
2007-12-29,339
2007-12-29,339
2007-12-29,339
2007-12-30,340
2007-12-30,340
2007-12-30,340
2007-12-30,340
2007-12-31,342
2007-12-31,342
2007-12-31,342
2007-12-31,342
2008-01-01,343
2008-01-01,343
2008-01-01,343
2008-01-01,343
2008-01-02,345
2008-01-02,345
2008-01-02,345
2008-01-02,345
2008-01-03,353
2008-01-03,353
2008-01-03,352
2008-01-03,354
2008-01-04,356.5
2008-01-04,356
2008-01-04,356
2008-01-04,357
2008-01-05,359.5
2008-01-05,360
2008-01-05,359
2008-01-05,360
2008-01-06,363
2008-01-06,363
2008-01-06,362
2008-01-06,364
2008-01-07,364.5
2008-01-07,364
2008-01-07,364
2008-01-07,365
2008-01-08,368.5
2008-01-08,368
2008-01-08,368
2008-01-08,369
2008-01-09,370
2008-01-09,370
2008-01-09,370
2008-01-09,370
2008-01-10,371.5
2008-01-10,372
2008-01-10,371
2008-01-10,372
2008-01-11,381
2008-01-11,381
2008-01-11,380
2008-01-11,382
2008-01-12,384
2008-01-12,384
2008-01-12,384
2008-01-12,384
2008-01-13,384
2008-01-13,384
2008-01-13,384
2008-01-13,384
2008-01-14,391
2008-01-14,391
2008-01-14,390
2008-01-14,392
2008-01-15,392
2008-01-15,392
2008-01-15,392
2008-01-15,392
2008-01-16,393
2008-01-16,393
2008-01-16,393
2008-01-16,393
2008-01-17,395.5
2008-01-17,396
2008-01-17,395
2008-01-17,396
2008-01-18,404
2008-01-18,404
2008-01-18,402
2008-01-18,406
2008-01-19,410.5
2008-01-19,411
2008-01-19,410
2008-01-19,411
2008-01-20,412
2008-01-20,412
2008-01-20,412
2008-01-20,412
2008-01-21,414
2008-01-21,414
2008-01-21,414
2008-01-21,414
2008-01-22,416.5
2008-01-22,416
2008-01-22,416
2008-01-22,417
2008-01-23,419.5
2008-01-23,420
2008-01-23,419
2008-01-23,420
2008-01-24,423.5
2008-01-24,424
2008-01-24,423
2008-01-24,424
2008-01-25,426
2008-01-25,426
2008-01-25,426
2008-01-25,426
2008-01-26,428
2008-01-26,428
2008-01-26,427
2008-01-26,429
2008-01-27,430
2008-01-27,430
2008-01-27,430
2008-01-27,430
2008-01-28,432
2008-01-28,432
2008-01-28,432
2008-01-28,432
2008-01-29,434
2008-01-29,434
2008-01-29,434
2008-01-29,434
2008-01-30,435.5
2008-01-30,436
2008-01-30,435
2008-01-30,436
2008-01-31,440
2008-01-31,440
2008-01-31,438
2008-01-31,442
2008-02-01,451
2008-02-01,451
2008-02-01,450
2008-02-01,452
2008-02-02,455
2008-02-02,455
2008-02-02,454
2008-02-02,456
2008-02-03,462
2008-02-03,462
2008-02-03,460
2008-02-03,464
2008-02-04,467.5
2008-02-04,468
2008-02-04,466
2008-02-04,469
2008-02-05,475.5
2008-02-05,476
2008-02-05,474
2008-02-05,477
2008-02-06,483
2008-02-06,483
2008-02-06,482
2008-02-06,484
2008-02-07,492
2008-02-07,492
2008-02-07,490
2008-02-07,494
2008-02-08,504
2008-02-08,504
2008-02-08,502
2008-02-08,506
2008-02-09,515
2008-02-09,515
2008-02-09,513
2008-02-09,517
2008-02-10,524.5
2008-02-10,524
2008-02-10,523
2008-02-10,526
2008-02-11,532
2008-02-11,532
2008-02-11,530
2008-02-11,534
2008-02-12,540.5
2008-02-12,540
2008-02-12,540
2008-02-12,541
2008-02-13,543.5
2008-02-13,544
2008-02-13,543
2008-02-13,544
2008-02-14,546
2008-02-14,546
2008-02-14,546
2008-02-14,546
2008-02-15,551
2008-02-15,551
2008-02-15,548
2008-02-15,554
2008-02-16,555.5
2008-02-16,556
2008-02-16,555
2008-02-16,556
2008-02-17,556
2008-02-17,556
2008-02-17,556
2008-02-17,556
2008-02-18,556
2008-02-18,556
2008-02-18,556
2008-02-18,556
2008-02-19,557
2008-02-19,557
2008-02-19,557
2008-02-19,557
2008-02-20,567
2008-02-20,567
2008-02-20,566
2008-02-20,568
2008-02-21,573.5
2008-02-21,574
2008-02-21,572
2008-02-21,575
2008-02-22,578
2008-02-22,578
2008-02-22,577
2008-02-22,579
2008-02-23,588
2008-02-23,588
2008-02-23,586
2008-02-23,590
2008-02-24,592.5
2008-02-24,592
2008-02-24,592
2008-02-24,593
2008-02-25,597.5
2008-02-25,598
2008-02-25,596
2008-02-25,599
2008-02-26,612.5
2008-02-26,612
2008-02-26,610
2008-02-26,615
2008-02-27,618
2008-02-27,618
2008-02-27,617
2008-02-27,619
2008-02-28,619
2008-02-28,619
2008-02-28,619
2008-02-28,619
2008-02-29,619
2008-02-29,619
2008-02-29,619
2008-02-29,619
2008-03-01,621
2008-03-01,621
2008-03-01,620
2008-03-01,622
2008-03-02,625
2008-03-02,625
2008-03-02,624
2008-03-02,626
2008-03-03,629
2008-03-03,629
2008-03-03,629
2008-03-03,629
2008-03-04,629
2008-03-04,629
2008-03-04,629
2008-03-04,629
2008-03-05,631
2008-03-05,631
2008-03-05,630
2008-03-05,632
2008-03-06,636
2008-03-06,636
2008-03-06,634
2008-03-06,638
2008-03-07,648
2008-03-07,648
2008-03-07,646
2008-03-07,650
2008-03-08,658
2008-03-08,658
2008-03-08,656
2008-03-08,660
2008-03-09,666
2008-03-09,666
2008-03-09,665
2008-03-09,667
2008-03-10,670
2008-03-10,670
2008-03-10,670
2008-03-10,670
2008-03-11,674
2008-03-11,674
2008-03-11,673
2008-03-11,675
2008-03-12,678.5
2008-03-12,678
2008-03-12,678
2008-03-12,679
2008-03-13,680.5
2008-03-13,680
2008-03-13,680
2008-03-13,681
2008-03-14,684.5
2008-03-14,684
2008-03-14,683
2008-03-14,686
2008-03-15,688
2008-03-15,688
2008-03-15,687
2008-03-15,689
2008-03-16,697.5
2008-03-16,698
2008-03-16,696
2008-03-16,699
2008-03-17,702
2008-03-17,702
2008-03-17,702
2008-03-17,702
2008-03-18,703
2008-03-18,703
2008-03-18,702
2008-03-18,704
2008-03-19,707
2008-03-19,707
2008-03-19,706
2008-03-19,708
2008-03-20,708.5
2008-03-20,708
2008-03-20,709
2008-03-20,708
2008-03-21,707
2008-03-21,707
2008-03-21,707
2008-03-21,707
2008-03-22,705.5
2008-03-22,706
2008-03-22,706
2008-03-22,705
2008-03-23,708
2008-03-23,708
2008-03-23,708
2008-03-23,708
2008-03-24,715
2008-03-24,715
2008-03-24,714
2008-03-24,716
2008-03-25,718
2008-03-25,718
2008-03-25,718
2008-03-25,718
2008-03-26,721
2008-03-26,721
2008-03-26,720
2008-03-26,722
2008-03-27,731.5
2008-03-27,732
2008-03-27,730
2008-03-27,733
2008-03-28,738
2008-03-28,738
2008-03-28,738
2008-03-28,738
2008-03-29,741
2008-03-29,741
2008-03-29,740
2008-03-29,742
2008-03-30,751
2008-03-30,751
2008-03-30,751
2008-03-30,751
2008-03-31,755
2008-03-31,755
2008-03-31,754
2008-03-31,756
2008-04-01,760.5
2008-04-01,760
2008-04-01,759
2008-04-01,762
2008-04-02,764
2008-04-02,764
2008-04-02,764
2008-04-02,764
2008-04-03,767
2008-04-03,767
2008-04-03,766
2008-04-03,768
2008-04-04,770
2008-04-04,770
2008-04-04,770
2008-04-04,770
2008-04-05,774
2008-04-05,774
2008-04-05,772
2008-04-05,776
2008-04-06,782
2008-04-06,782
2008-04-06,780
2008-04-06,784
2008-04-07,786.5
2008-04-07,786
2008-04-07,786
2008-04-07,787
2008-04-08,793
2008-04-08,793
2008-04-08,793
2008-04-08,793
2008-04-09,793
2008-04-09,793
2008-04-09,793
2008-04-09,793
2008-04-10,796
2008-04-10,796
2008-04-10,796
2008-04-10,796
2008-04-11,797
2008-04-11,797
2008-04-11,798
2008-04-11,796
2008-04-12,794.5
2008-04-12,794
2008-04-12,795
2008-04-12,794
2008-04-13,791.5
2008-04-13,792
2008-04-13,792
2008-04-13,791
2008-04-14,789.5
2008-04-14,790
2008-04-14,790
2008-04-14,789
2008-04-15,785.5
2008-04-15,786
2008-04-15,786
2008-04-15,785
2008-04-16,782.5
2008-04-16,782
2008-04-16,783
2008-04-16,782
2008-04-17,777.5
2008-04-17,778
2008-04-17,778
2008-04-17,777
2008-04-18,771.5
2008-04-18,772
2008-04-18,773
2008-04-18,770
2008-04-19,765.5
2008-04-19,766
2008-04-19,767
2008-04-19,764
2008-04-20,757
2008-04-20,757
2008-04-20,758
2008-04-20,756
2008-04-21,751
2008-04-21,751
2008-04-21,752
2008-04-21,750
2008-04-22,745
2008-04-22,745
2008-04-22,746
2008-04-22,744
2008-04-23,738.5
2008-04-23,738
2008-04-23,739
2008-04-23,738
2008-04-24,734.5
2008-04-24,734
2008-04-24,736
2008-04-24,733
2008-04-25,727
2008-04-25,727
2008-04-25,728
2008-04-25,726
2008-04-26,720.5
2008-04-26,720
2008-04-26,722
2008-04-26,719
2008-04-27,712
2008-04-27,712
2008-04-27,714
2008-04-27,710
2008-04-28,704.5
2008-04-28,704
2008-04-28,706
2008-04-28,703
2008-04-29,696.5
2008-04-29,696
2008-04-29,698
2008-04-29,695
2008-04-30,689
2008-04-30,689
2008-04-30,691
2008-04-30,687
2008-05-01,680.5
2008-05-01,680
2008-05-01,682
2008-05-01,679
2008-05-02,675
2008-05-02,675
2008-05-02,676
2008-05-02,674
2008-05-03,672
2008-05-03,672
2008-05-03,672
2008-05-03,672
2008-05-04,669
2008-05-04,669
2008-05-04,670
2008-05-04,668
2008-05-05,667
2008-05-05,667
2008-05-05,668
2008-05-05,666
2008-05-06,664
2008-05-06,664
2008-05-06,664
2008-05-06,664
2008-05-07,663
2008-05-07,663
2008-05-07,663
2008-05-07,663
2008-05-08,661
2008-05-08,661
2008-05-08,662
2008-05-08,660
2008-05-09,658.5
2008-05-09,658
2008-05-09,658
2008-05-09,659
2008-05-10,662
2008-05-10,662
2008-05-10,662
2008-05-10,662
2008-05-11,660
2008-05-11,660
2008-05-11,660
2008-05-11,660
2008-05-12,659
2008-05-12,659
2008-05-12,659
2008-05-12,659
2008-05-13,659
2008-05-13,659
2008-05-13,658
2008-05-13,660
2008-05-14,660.5
2008-05-14,660
2008-05-14,661
2008-05-14,660
2008-05-15,659
2008-05-15,659
2008-05-15,659
2008-05-15,659
2008-05-16,656.5
2008-05-16,656
2008-05-16,657
2008-05-16,656
2008-05-17,653
2008-05-17,653
2008-05-17,654
2008-05-17,652
2008-05-18,647
2008-05-18,647
2008-05-18,648
2008-05-18,646
2008-05-19,641
2008-05-19,641
2008-05-19,642
2008-05-19,640
2008-05-20,634
2008-05-20,634
2008-05-20,636
2008-05-20,632
2008-05-21,626.5
2008-05-21,626
2008-05-21,628
2008-05-21,625
2008-05-22,620
2008-05-22,620
2008-05-22,620
2008-05-22,620
2008-05-23,618
2008-05-23,618
2008-05-23,618
2008-05-23,618
2008-05-24,601.5
2008-05-24,602
2008-05-24,604
2008-05-24,599
2008-05-25,591
2008-05-25,591
2008-05-25,592
2008-05-25,590
2008-05-26,585.5
2008-05-26,586
2008-05-26,587
2008-05-26,584
2008-05-27,576
2008-05-27,576
2008-05-27,578
2008-05-27,574
2008-05-28,565
2008-05-28,565
2008-05-28,567
2008-05-28,563
2008-05-29,556
2008-05-29,556
2008-05-29,558
2008-05-29,554
2008-05-30,548.5
2008-05-30,548
2008-05-30,550
2008-05-30,547
2008-05-31,541.5
2008-05-31,542
2008-05-31,543
2008-05-31,540
2008-06-01,536.5
2008-06-01,536
2008-06-01,538
2008-06-01,535
2008-06-02,528.5
2008-06-02,528
2008-06-02,530
2008-06-02,527
2008-06-03,520.5
2008-06-03,520
2008-06-03,522
2008-06-03,519
2008-06-04,512
2008-06-04,512
2008-06-04,514
2008-06-04,510
2008-06-05,503
2008-06-05,503
2008-06-05,504
2008-06-05,502
2008-06-06,496.5
2008-06-06,496
2008-06-06,498
2008-06-06,495
2008-06-07,489.5
2008-06-07,489
2008-06-07,491
2008-06-07,488
2008-06-08,483
2008-06-08,483
2008-06-08,485
2008-06-08,481
2008-06-09,474
2008-06-09,474
2008-06-09,476
2008-06-09,472
2008-06-10,466.5
2008-06-10,466
2008-06-10,468
2008-06-10,465
2008-06-11,458.5
2008-06-11,458
2008-06-11,460
2008-06-11,457
2008-06-12,452
2008-06-12,452
2008-06-12,453
2008-06-12,451
2008-06-13,447
2008-06-13,447
2008-06-13,448
2008-06-13,446
2008-06-14,443
2008-06-14,443
2008-06-14,444
2008-06-14,442
2008-06-15,439
2008-06-15,439
2008-06-15,440
2008-06-15,438
2008-06-16,435.5
2008-06-16,436
2008-06-16,436
2008-06-16,435
2008-06-17,432
2008-06-17,432
2008-06-17,433
2008-06-17,431
2008-06-18,428.5
2008-06-18,428
2008-06-18,429
2008-06-18,428
2008-06-19,425
2008-06-19,425
2008-06-19,426
2008-06-19,424
2008-06-20,421
2008-06-20,421
2008-06-20,422
2008-06-20,420
2008-06-21,417
2008-06-21,417
2008-06-21,418
2008-06-21,416
2008-06-22,412
2008-06-22,412
2008-06-22,413
2008-06-22,411
2008-06-23,407
2008-06-23,407
2008-06-23,408
2008-06-23,406
2008-06-24,400.5
2008-06-24,400
2008-06-24,402
2008-06-24,399
2008-06-25,396
2008-06-25,396
2008-06-25,397
2008-06-25,395
2008-06-26,392
2008-06-26,392
2008-06-26,393
2008-06-26,391
2008-06-27,387
2008-06-27,387
2008-06-27,388
2008-06-27,386
2008-06-28,383
2008-06-28,383
2008-06-28,384
2008-06-28,382
2008-06-29,378
2008-06-29,378
2008-06-29,379
2008-06-29,377
2008-06-30,374.5
2008-06-30,374
2008-06-30,375
2008-06-30,374
2008-07-01,371.5
2008-07-01,372
2008-07-01,372
2008-07-01,371
2008-07-02,369.5
2008-07-02,370
2008-07-02,370
2008-07-02,369
2008-07-03,366.5
2008-07-03,366
2008-07-03,367
2008-07-03,366
2008-07-04,363.5
2008-07-04,364
2008-07-04,364
2008-07-04,363
2008-07-05,360.5
2008-07-05,360
2008-07-05,361
2008-07-05,360
2008-07-06,357.5
2008-07-06,358
2008-07-06,358
2008-07-06,357
2008-07-07,354.5
2008-07-07,354
2008-07-07,355
2008-07-07,354
2008-07-08,351.5
2008-07-08,352
2008-07-08,352
2008-07-08,351
2008-07-09,348.5
2008-07-09,348
2008-07-09,349
2008-07-09,348
2008-07-10,345.5
2008-07-10,346
2008-07-10,346
2008-07-10,345
2008-07-11,343.5
2008-07-11,344
2008-07-11,344
2008-07-11,343
2008-07-12,340.5
2008-07-12,340
2008-07-12,341
2008-07-12,340
2008-07-13,338.5
2008-07-13,338
2008-07-13,339
2008-07-13,338
2008-07-14,335.5
2008-07-14,336
2008-07-14,336
2008-07-14,335
2008-07-15,333.5
2008-07-15,334
2008-07-15,334
2008-07-15,333
2008-07-16,331.5
2008-07-16,332
2008-07-16,332
2008-07-16,331
2008-07-17,328.5
2008-07-17,328
2008-07-17,329
2008-07-17,328
2008-07-18,326.5
2008-07-18,326
2008-07-18,327
2008-07-18,326
2008-07-19,324.5
2008-07-19,324
2008-07-19,325
2008-07-19,324
2008-07-20,322.5
2008-07-20,322
2008-07-20,323
2008-07-20,322
2008-07-21,320
2008-07-21,320
2008-07-21,320
2008-07-21,320
2008-07-22,318.5
2008-07-22,318
2008-07-22,319
2008-07-22,318
2008-07-23,316.5
2008-07-23,316
2008-07-23,317
2008-07-23,316
2008-07-24,314
2008-07-24,314
2008-07-24,314
2008-07-24,314
2008-07-25,312
2008-07-25,312
2008-07-25,312
2008-07-25,312
2008-07-26,311
2008-07-26,311
2008-07-26,311
2008-07-26,311
2008-07-27,309.5
2008-07-27,310
2008-07-27,310
2008-07-27,309
2008-07-28,307.5
2008-07-28,308
2008-07-28,308
2008-07-28,307
2008-07-29,305.5
2008-07-29,306
2008-07-29,306
2008-07-29,305
2008-07-30,303.5
2008-07-30,304
2008-07-30,304
2008-07-30,303
2008-07-31,301.5
2008-07-31,302
2008-07-31,302
2008-07-31,301
2008-08-01,299
2008-08-01,299
2008-08-01,299
2008-08-01,299
2008-08-02,298
2008-08-02,298
2008-08-02,298
2008-08-02,298
2008-08-03,297
2008-08-03,297
2008-08-03,297
2008-08-03,297
2008-08-04,296
2008-08-04,296
2008-08-04,296
2008-08-04,296
2008-08-05,295
2008-08-05,295
2008-08-05,295
2008-08-05,295
2008-08-06,293.5
2008-08-06,294
2008-08-06,294
2008-08-06,293
2008-08-07,292
2008-08-07,292
2008-08-07,292
2008-08-07,292
2008-08-08,291
2008-08-08,291
2008-08-08,291
2008-08-08,291
2008-08-09,289.5
2008-08-09,290
2008-08-09,290
2008-08-09,289
2008-08-10,287.5
2008-08-10,288
2008-08-10,288
2008-08-10,287
2008-08-11,286
2008-08-11,286
2008-08-11,286
2008-08-11,286
2008-08-12,285
2008-08-12,285
2008-08-12,285
2008-08-12,285
2008-08-13,283.5
2008-08-13,284
2008-08-13,284
2008-08-13,283
2008-08-14,281.5
2008-08-14,282
2008-08-14,282
2008-08-14,281
2008-08-15,280
2008-08-15,280
2008-08-15,280
2008-08-15,280
2008-08-16,280
2008-08-16,280
2008-08-16,280
2008-08-16,280
2008-08-17,279
2008-08-17,279
2008-08-17,279
2008-08-17,279
2008-08-18,278
2008-08-18,278
2008-08-18,278
2008-08-18,278
2008-08-19,277
2008-08-19,277
2008-08-19,277
2008-08-19,277
2008-08-20,276
2008-08-20,276
2008-08-20,276
2008-08-20,276
2008-08-21,275
2008-08-21,275
2008-08-21,275
2008-08-21,275
2008-08-22,274
2008-08-22,274
2008-08-22,274
2008-08-22,274
2008-08-23,273
2008-08-23,273
2008-08-23,273
2008-08-23,273
2008-08-24,272
2008-08-24,272
2008-08-24,272
2008-08-24,272
2008-08-25,271
2008-08-25,271
2008-08-25,271
2008-08-25,271
2008-08-26,269.5
2008-08-26,270
2008-08-26,270
2008-08-26,269
2008-08-27,267.5
2008-08-27,268
2008-08-27,268
2008-08-27,267
2008-08-28,266
2008-08-28,266
2008-08-28,266
2008-08-28,266
2008-08-29,266
2008-08-29,266
2008-08-29,266
2008-08-29,266
2008-08-30,266
2008-08-30,266
2008-08-30,266
2008-08-30,266
2008-08-31,264.5
2008-08-31,264
2008-08-31,265
2008-08-31,264
2008-09-01,264
2008-09-01,264
2008-09-01,264
2008-09-01,264
2008-09-02,264
2008-09-02,264
2008-09-02,264
2008-09-02,264
2008-09-03,263
2008-09-03,263
2008-09-03,263
2008-09-03,263
2008-09-04,263
2008-09-04,263
2008-09-04,263
2008-09-04,263
2008-09-05,263
2008-09-05,263
2008-09-05,263
2008-09-05,263
2008-09-06,263
2008-09-06,263
2008-09-06,263
2008-09-06,263
2008-09-07,262
2008-09-07,262
2008-09-07,262
2008-09-07,262
2008-09-08,262
2008-09-08,262
2008-09-08,262
2008-09-08,262
2008-09-09,262
2008-09-09,262
2008-09-09,262
2008-09-09,262
2008-09-10,262
2008-09-10,262
2008-09-10,262
2008-09-10,262
2008-09-11,261.5
2008-09-11,262
2008-09-11,262
2008-09-11,261
2008-09-12,258.5
2008-09-12,258
2008-09-12,259
2008-09-12,258
2008-09-13,257
2008-09-13,257
2008-09-13,257
2008-09-13,257
2008-09-14,256
2008-09-14,256
2008-09-14,256
2008-09-14,256
2008-09-15,255
2008-09-15,255
2008-09-15,255
2008-09-15,255
2008-09-16,254
2008-09-16,254
2008-09-16,254
2008-09-16,254
2008-09-17,253
2008-09-17,253
2008-09-17,253
2008-09-17,253
2008-09-18,252
2008-09-18,252
2008-09-18,252
2008-09-18,252
2008-09-19,252
2008-09-19,252
2008-09-19,252
2008-09-19,252
2008-09-20,252
2008-09-20,252
2008-09-20,252
2008-09-20,252
2008-09-21,251
2008-09-21,251
2008-09-21,251
2008-09-21,251
2008-09-22,251
2008-09-22,251
2008-09-22,251
2008-09-22,251
2008-09-23,251
2008-09-23,251
2008-09-23,251
2008-09-23,251
2008-09-24,251
2008-09-24,251
2008-09-24,251
2008-09-24,251
2008-09-25,251
2008-09-25,251
2008-09-25,251
2008-09-25,251
2008-09-26,251
2008-09-26,251
2008-09-26,251
2008-09-26,251
2008-09-27,250
2008-09-27,250
2008-09-27,250
2008-09-27,250
2008-09-28,250
2008-09-28,250
2008-09-28,250
2008-09-28,250
2008-09-29,250
2008-09-29,250
2008-09-29,250
2008-09-29,250
2008-09-30,250
2008-09-30,249
2008-09-30,250
2008-09-30,250
2008-10-01,250
2008-10-01,248
2008-10-01,250
2008-10-01,250
2008-10-02,253
2008-10-02,248
2008-10-02,252
2008-10-02,253
2008-10-03,254
2008-10-03,254
2008-10-04,253
2008-10-05,252
2008-10-06,251
2008-10-07,251
2008-10-08,251
2008-10-09,252
2008-10-10,252
2008-10-11,252
2008-10-12,252
2008-10-13,253
2008-10-14,252
2008-10-15,252
2008-10-16,252
2008-10-17,252
2008-10-18,252
2008-10-19,252
2008-10-20,253
2008-10-21,254
2008-10-22,256
2008-10-23,256
2008-10-24,256
2008-10-25,256
2008-10-26,256
2008-10-27,257
2008-10-28,254
2008-10-29,254
2008-10-30,254
2008-10-31,254
2008-11-01,254
2008-11-01,255
2008-11-01,254
2008-11-01,254
2008-11-02,254
2008-11-02,253
2008-11-02,254
2008-11-02,254
2008-11-03,254
2008-11-03,254
2008-11-03,254
2008-11-03,254
2008-11-04,256
2008-11-04,256
2008-11-04,256
2008-11-04,256
2008-11-05,258
2008-11-05,258
2008-11-05,258
2008-11-05,258
2008-11-06,259
2008-11-06,259
2008-11-06,259
2008-11-06,259
2008-11-07,259
2008-11-07,259
2008-11-07,259
2008-11-07,259
2008-11-08,258
2008-11-08,258
2008-11-08,258
2008-11-08,258
2008-11-09,256
2008-11-09,256
2008-11-09,256
2008-11-09,256
2008-11-10,254
2008-11-10,254
2008-11-10,254
2008-11-10,254
2008-11-11,255
2008-11-11,255
2008-11-11,255
2008-11-11,255
2008-11-12,257.5
2008-11-12,258
2008-11-12,257
2008-11-12,258
2008-11-13,259.5
2008-11-13,260
2008-11-13,259
2008-11-13,260
2008-11-14,262
2008-11-14,262
2008-11-14,262
2008-11-14,262
2008-11-15,262
2008-11-15,262
2008-11-15,262
2008-11-15,262
2008-11-16,263
2008-11-16,263
2008-11-16,263
2008-11-16,263
2008-11-17,264.5
2008-11-17,264
2008-11-17,264
2008-11-17,265
2008-11-18,267.5
2008-11-18,268
2008-11-18,267
2008-11-18,268
2008-11-19,270
2008-11-19,270
2008-11-19,270
2008-11-19,270
2008-11-20,270
2008-11-20,270
2008-11-20,270
2008-11-20,270
2008-11-21,270
2008-11-21,270
2008-11-21,270
2008-11-21,270
2008-11-22,271
2008-11-22,271
2008-11-22,271
2008-11-22,271
2008-11-23,271
2008-11-23,271
2008-11-23,271
2008-11-23,271
2008-11-24,272
2008-11-24,272
2008-11-24,272
2008-11-24,272
2008-11-25,274
2008-11-25,274
2008-11-25,274
2008-11-25,274
2008-11-26,276
2008-11-26,276
2008-11-26,276
2008-11-26,276
2008-11-27,278
2008-11-27,278
2008-11-27,278
2008-11-27,278
2008-11-28,280
2008-11-28,280
2008-11-28,279
2008-11-28,281
2008-11-29,290
2008-11-29,290
2008-11-29,288
2008-11-29,292
2008-11-30,301.5
2008-11-30,302
2008-11-30,299
2008-11-30,304
2008-12-01,314
2008-12-01,314
2008-12-01,311
2008-12-01,317
2008-12-02,324
2008-12-02,324
2008-12-02,322
2008-12-02,326
2008-12-03,334.5
2008-12-03,334
2008-12-03,332
2008-12-03,337
2008-12-04,340
2008-12-04,340
2008-12-04,340
2008-12-04,340
2008-12-05,344.5
2008-12-05,344
2008-12-05,340
2008-12-05,349
2008-12-06,352.5
2008-12-06,352
2008-12-06,352
2008-12-06,353
2008-12-07,354
2008-12-07,354
2008-12-07,353
2008-12-07,355
2008-12-08,361
2008-12-08,361
2008-12-08,359
2008-12-08,363
2008-12-09,370
2008-12-09,370
2008-12-09,368
2008-12-09,372
2008-12-10,379.5
2008-12-10,380
2008-12-10,378
2008-12-10,381
2008-12-11,387
2008-12-11,387
2008-12-11,386
2008-12-11,388
2008-12-12,390
2008-12-12,390
2008-12-12,390
2008-12-12,390
2008-12-13,391
2008-12-13,391
2008-12-13,391
2008-12-13,391
2008-12-14,392
2008-12-14,392
2008-12-14,392
2008-12-14,392
2008-12-15,392
2008-12-15,392
2008-12-15,392
2008-12-15,392
2008-12-16,395
2008-12-16,395
2008-12-16,394
2008-12-16,396
2008-12-17,402
2008-12-17,402
2008-12-17,401
2008-12-17,403
2008-12-18,397.5
2008-12-18,398
2008-12-18,399
2008-12-18,396
2008-12-19,395
2008-12-19,395
2008-12-19,395
2008-12-19,395
2008-12-20,395
2008-12-20,395
2008-12-20,395
2008-12-20,395
2008-12-21,397.5
2008-12-21,398
2008-12-21,397
2008-12-21,398
2008-12-22,403
2008-12-22,403
2008-12-22,402
2008-12-22,404
2008-12-23,410
2008-12-23,410
2008-12-23,408
2008-12-23,412
2008-12-24,421
2008-12-24,421
2008-12-24,420
2008-12-24,422
2008-12-25,425.5
2008-12-25,426
2008-12-25,425
2008-12-25,426
2008-12-26,431.5
2008-12-26,432
2008-12-26,431
2008-12-26,432
2008-12-27,434
2008-12-27,434
2008-12-27,434
2008-12-27,434
2008-12-28,436
2008-12-28,436
2008-12-28,436
2008-12-28,436
2008-12-29,438
2008-12-29,438
2008-12-29,438
2008-12-29,438
2008-12-30,438
2008-12-30,438
2008-12-30,438
2008-12-30,438
2008-12-31,439
2008-12-31,439
2008-12-31,438
2008-12-31,440
2009-01-01,445
2009-01-01,445
2009-01-01,444
2009-01-01,446
2009-01-02,451.5
2009-01-02,451
2009-01-02,451
2009-01-02,452
2009-01-03,458.5
2009-01-03,458
2009-01-03,456
2009-01-03,461
2009-01-04,466.5
2009-01-04,466
2009-01-04,466
2009-01-04,467
2009-01-05,469.5
2009-01-05,470
2009-01-05,469
2009-01-05,470
2009-01-06,472
2009-01-06,472
2009-01-06,472
2009-01-06,472
2009-01-07,472
2009-01-07,472
2009-01-07,472
2009-01-07,472
2009-01-08,474
2009-01-08,474
2009-01-08,474
2009-01-08,474
2009-01-09,474
2009-01-09,474
2009-01-09,474
2009-01-09,474
2009-01-10,472.5
2009-01-10,472
2009-01-10,473
2009-01-10,472
2009-01-11,471
2009-01-11,471
2009-01-11,471
2009-01-11,471
2009-01-12,472
2009-01-12,472
2009-01-12,472
2009-01-12,472
2009-01-13,473.5
2009-01-13,474
2009-01-13,473
2009-01-13,474
2009-01-14,477
2009-01-14,477
2009-01-14,476
2009-01-14,478
2009-01-15,479.5
2009-01-15,480
2009-01-15,479
2009-01-15,480
2009-01-16,481.5
2009-01-16,482
2009-01-16,481
2009-01-16,482
2009-01-17,484
2009-01-17,484
2009-01-17,484
2009-01-17,484
2009-01-18,483.5
2009-01-18,484
2009-01-18,484
2009-01-18,483
2009-01-19,483
2009-01-19,483
2009-01-19,483
2009-01-19,483
2009-01-20,482.5
2009-01-20,482
2009-01-20,483
2009-01-20,482
2009-01-21,480
2009-01-21,480
2009-01-21,480
2009-01-21,480
2009-01-22,482
2009-01-22,482
2009-01-22,482
2009-01-22,482
2009-01-23,481
2009-01-23,481
2009-01-23,481
2009-01-23,481
2009-01-24,482.5
2009-01-24,482
2009-01-24,482
2009-01-24,483
2009-01-25,487
2009-01-25,487
2009-01-25,485
2009-01-25,489
2009-01-26,491.5
2009-01-26,492
2009-01-26,491
2009-01-26,492
2009-01-27,500
2009-01-27,500
2009-01-27,495
2009-01-27,505
2009-01-28,509
2009-01-28,509
2009-01-28,508
2009-01-28,510
2009-01-29,511
2009-01-29,511
2009-01-29,510
2009-01-29,512
2009-01-30,516
2009-01-30,516
2009-01-30,514
2009-01-30,518
2009-01-31,524
2009-01-31,524
2009-01-31,522
2009-01-31,526
2009-02-01,530.5
2009-02-01,530
2009-02-01,529
2009-02-01,532
2009-02-02,536
2009-02-02,536
2009-02-02,535
2009-02-02,537
2009-02-03,541.5
2009-02-03,542
2009-02-03,540
2009-02-03,543
2009-02-04,546.5
2009-02-04,546
2009-02-04,545
2009-02-04,548
2009-02-05,550
2009-02-05,550
2009-02-05,550
2009-02-05,550
2009-02-06,552
2009-02-06,552
2009-02-06,552
2009-02-06,552
2009-02-07,554.5
2009-02-07,554
2009-02-07,554
2009-02-07,555
2009-02-08,558
2009-02-08,558
2009-02-08,558
2009-02-08,558
2009-02-09,558
2009-02-09,558
2009-02-09,558
2009-02-09,558
2009-02-10,558
2009-02-10,558
2009-02-10,558
2009-02-10,558
2009-02-11,560.5
2009-02-11,560
2009-02-11,561
2009-02-11,560
2009-02-12,558
2009-02-12,562
2009-02-12,558
2009-02-12,558
2009-02-13,558
2009-02-13,564
2009-02-13,558
2009-02-13,558
2009-02-14,558.5
2009-02-14,566
2009-02-14,559
2009-02-14,558
2009-02-15,557.5
2009-02-15,567
2009-02-15,557
2009-02-15,558
2009-02-16,561.5
2009-02-16,569
2009-02-16,561
2009-02-16,562
2009-02-17,565
2009-02-17,571
2009-02-17,564
2009-02-17,566
2009-02-18,573
2009-02-18,573
2009-02-18,571
2009-02-18,575
2009-02-19,581
2009-02-19,581
2009-02-19,580
2009-02-19,582
2009-02-20,586
2009-02-20,586
2009-02-20,585
2009-02-20,587
2009-02-21,589.5
2009-02-21,590
2009-02-21,589
2009-02-21,590
2009-02-22,594
2009-02-22,594
2009-02-22,593
2009-02-22,595
2009-02-23,597
2009-02-23,597
2009-02-23,597
2009-02-23,597
2009-02-24,611.5
2009-02-24,612
2009-02-24,609
2009-02-24,614
2009-02-25,620
2009-02-25,620
2009-02-25,617
2009-02-25,623
2009-02-26,630.5
2009-02-26,630
2009-02-26,627
2009-02-26,634
2009-02-27,642.5
2009-02-27,642
2009-02-27,640
2009-02-27,645
2009-02-28,648.5
2009-02-28,648
2009-02-28,648
2009-02-28,649
2009-03-01,652
2009-03-01,652
2009-03-01,652
2009-03-01,652
2009-03-02,661
2009-03-02,661
2009-03-02,654
2009-03-02,668
2009-03-03,672
2009-03-03,672
2009-03-03,672
2009-03-03,672
2009-03-04,672.5
2009-03-04,672
2009-03-04,672
2009-03-04,673
2009-03-05,676.5
2009-03-05,676
2009-03-05,676
2009-03-05,677
2009-03-06,680.5
2009-03-06,680
2009-03-06,680
2009-03-06,681
2009-03-07,681
2009-03-07,681
2009-03-07,681
2009-03-07,681
2009-03-08,679.5
2009-03-08,680
2009-03-08,680
2009-03-08,679
2009-03-09,681
2009-03-09,681
2009-03-09,681
2009-03-09,681
2009-03-10,682.5
2009-03-10,682
2009-03-10,682
2009-03-10,683
2009-03-11,683
2009-03-11,683
2009-03-11,683
2009-03-11,683
2009-03-12,684
2009-03-12,684
2009-03-12,684
2009-03-12,684
2009-03-13,684
2009-03-13,684
2009-03-13,684
2009-03-13,684
2009-03-14,687.5
2009-03-14,688
2009-03-14,687
2009-03-14,688
2009-03-15,690
2009-03-15,690
2009-03-15,689
2009-03-15,691
2009-03-16,691
2009-03-16,691
2009-03-16,691
2009-03-16,691
2009-03-17,691
2009-03-17,691
2009-03-17,691
2009-03-17,691
2009-03-18,692
2009-03-18,692
2009-03-18,691
2009-03-18,693
2009-03-19,692.5
2009-03-19,692
2009-03-19,693
2009-03-19,692
2009-03-20,691.5
2009-03-20,692
2009-03-20,692
2009-03-20,691
2009-03-21,689
2009-03-21,689
2009-03-21,689
2009-03-21,689
2009-03-22,688
2009-03-22,688
2009-03-22,688
2009-03-22,688
2009-03-23,687.5
2009-03-23,688
2009-03-23,688
2009-03-23,687
2009-03-24,685.5
2009-03-24,686
2009-03-24,686
2009-03-24,685
2009-03-25,681.5
2009-03-25,682
2009-03-25,682
2009-03-25,681
2009-03-26,679
2009-03-26,679
2009-03-26,680
2009-03-26,678
2009-03-27,676
2009-03-27,676
2009-03-27,676
2009-03-27,676
2009-03-28,676
2009-03-28,676
2009-03-28,676
2009-03-28,676
2009-03-29,674
2009-03-29,674
2009-03-29,674
2009-03-29,674
2009-03-30,673
2009-03-30,673
2009-03-30,673
2009-03-30,673
2009-03-31,673.5
2009-03-31,674
2009-03-31,674
2009-03-31,673
2009-04-01,669
2009-04-01,669
2009-04-01,669
2009-04-01,669
2009-04-02,667.5
2009-04-02,668
2009-04-02,668
2009-04-02,667
2009-04-03,665.5
2009-04-03,666
2009-04-03,666
2009-04-03,665
2009-04-04,666.5
2009-04-04,666
2009-04-04,668
2009-04-04,665
2009-04-05,665
2009-04-05,665
2009-04-05,665
2009-04-05,665
2009-04-06,666
2009-04-06,666
2009-04-06,666
2009-04-06,666
2009-04-07,665.5
2009-04-07,666
2009-04-07,666
2009-04-07,665
2009-04-08,664
2009-04-08,664
2009-04-08,664
2009-04-08,664
2009-04-09,664
2009-04-09,664
2009-04-09,664
2009-04-09,664
2009-04-10,664
2009-04-10,664
2009-04-10,664
2009-04-10,664
2009-04-11,664
2009-04-11,664
2009-04-11,664
2009-04-11,664
2009-04-12,678
2009-04-12,678
2009-04-12,677
2009-04-12,679
2009-04-13,677.5
2009-04-13,678
2009-04-13,679
2009-04-13,676
2009-04-14,673.5
2009-04-14,674
2009-04-14,674
2009-04-14,673
2009-04-15,672
2009-04-15,672
2009-04-15,672
2009-04-15,672
2009-04-16,677
2009-04-16,677
2009-04-16,677
2009-04-16,677
2009-04-17,679.5
2009-04-17,680
2009-04-17,679
2009-04-17,680
2009-04-18,682.5
2009-04-18,682
2009-04-18,682
2009-04-18,683
2009-04-19,687
2009-04-19,687
2009-04-19,687
2009-04-19,687
2009-04-20,687.5
2009-04-20,688
2009-04-20,687
2009-04-20,688
2009-04-21,689.5
2009-04-21,690
2009-04-21,690
2009-04-21,689
2009-04-22,685
2009-04-22,685
2009-04-22,685
2009-04-22,685
2009-04-23,687
2009-04-23,687
2009-04-23,687
2009-04-23,687
2009-04-24,686
2009-04-24,686
2009-04-24,686
2009-04-24,686
2009-04-25,688.5
2009-04-25,688
2009-04-25,687
2009-04-25,690
2009-04-26,692.5
2009-04-26,692
2009-04-26,692
2009-04-26,693
2009-04-27,697
2009-04-27,697
2009-04-27,696
2009-04-27,698
2009-04-28,696.5
2009-04-28,696
2009-04-28,696
2009-04-28,697
2009-04-29,699.5
2009-04-29,700
2009-04-29,698
2009-04-29,701
2009-04-30,702.5
2009-04-30,702
2009-04-30,702
2009-04-30,703
2009-05-01,706
2009-05-01,706
2009-05-01,705
2009-05-01,707
2009-05-02,713.5
2009-05-02,714
2009-05-02,712
2009-05-02,715
2009-05-03,719.5
2009-05-03,720
2009-05-03,719
2009-05-03,720
2009-05-04,727.5
2009-05-04,728
2009-05-04,726
2009-05-04,729
2009-05-05,736.5
2009-05-05,736
2009-05-05,734
2009-05-05,739
2009-05-06,748
2009-05-06,748
2009-05-06,746
2009-05-06,750
2009-05-07,754
2009-05-07,754
2009-05-07,754
2009-05-07,754
2009-05-08,754.5
2009-05-08,754
2009-05-08,754
2009-05-08,755
2009-05-09,756
2009-05-09,756
2009-05-09,755
2009-05-09,757
2009-05-10,758
2009-05-10,758
2009-05-10,758
2009-05-10,758
2009-05-11,761
2009-05-11,761
2009-05-11,760
2009-05-11,762
2009-05-12,764.5
2009-05-12,764
2009-05-12,764
2009-05-12,765
2009-05-13,767
2009-05-13,767
2009-05-13,767
2009-05-13,767
2009-05-14,768.5
2009-05-14,768
2009-05-14,768
2009-05-14,769
2009-05-15,770.5
2009-05-15,770
2009-05-15,770
2009-05-15,771
2009-05-16,771
2009-05-16,771
2009-05-16,771
2009-05-16,771
2009-05-17,770
2009-05-17,770
2009-05-17,770
2009-05-17,770
2009-05-18,768.5
2009-05-18,768
2009-05-18,769
2009-05-18,768
2009-05-19,767
2009-05-19,767
2009-05-19,766
2009-05-19,768
2009-05-20,766
2009-05-20,766
2009-05-20,767
2009-05-20,765
2009-05-21,761
2009-05-21,761
2009-05-21,762
2009-05-21,760
2009-05-22,756
2009-05-22,756
2009-05-22,757
2009-05-22,755
2009-05-23,751
2009-05-23,751
2009-05-23,753
2009-05-23,749
2009-05-24,748
2009-05-24,748
2009-05-24,749
2009-05-24,747
2009-05-25,750
2009-05-25,750
2009-05-25,751
2009-05-25,749
2009-05-26,742.5
2009-05-26,742
2009-05-26,744
2009-05-26,741
2009-05-27,735
2009-05-27,735
2009-05-27,736
2009-05-27,734
2009-05-28,729
2009-05-28,729
2009-05-28,730
2009-05-28,728
2009-05-29,726
2009-05-29,726
2009-05-29,727
2009-05-29,725
2009-05-30,721
2009-05-30,721
2009-05-30,722
2009-05-30,720
2009-05-31,713
2009-05-31,713
2009-05-31,714
2009-05-31,712
2009-06-01,708
2009-06-01,708
2009-06-01,709
2009-06-01,707
2009-06-02,700.5
2009-06-02,700
2009-06-02,702
2009-06-02,699
2009-06-03,694.5
2009-06-03,694
2009-06-03,696
2009-06-03,693
2009-06-04,686.5
2009-06-04,686
2009-06-04,688
2009-06-04,685
2009-06-05,678
2009-06-05,678
2009-06-05,680
2009-06-05,676
2009-06-06,668
2009-06-06,668
2009-06-06,670
2009-06-06,666
2009-06-07,659
2009-06-07,659
2009-06-07,660
2009-06-07,658
2009-06-08,649
2009-06-08,649
2009-06-08,650
2009-06-08,648
2009-06-09,640
2009-06-09,640
2009-06-09,642
2009-06-09,638
2009-06-10,632
2009-06-10,632
2009-06-10,634
2009-06-10,630
2009-06-11,624
2009-06-11,624
2009-06-11,626
2009-06-11,622
2009-06-12,618
2009-06-12,618
2009-06-12,620
2009-06-12,616
2009-06-13,607.5
2009-06-13,608
2009-06-13,610
2009-06-13,605
2009-06-14,596
2009-06-14,596
2009-06-14,599
2009-06-14,593
2009-06-15,583.5
2009-06-15,584
2009-06-15,585
2009-06-15,582
2009-06-16,572
2009-06-16,572
2009-06-16,574
2009-06-16,570
2009-06-17,560
2009-06-17,560
2009-06-17,562
2009-06-17,558
2009-06-18,550
2009-06-18,550
2009-06-18,552
2009-06-18,548
2009-06-19,540
2009-06-19,540
2009-06-19,542
2009-06-19,538
2009-06-20,529
2009-06-20,529
2009-06-20,531
2009-06-20,527
2009-06-21,520.5
2009-06-21,520
2009-06-21,522
2009-06-21,519
2009-06-22,513.5
2009-06-22,514
2009-06-22,515
2009-06-22,512
2009-06-23,506
2009-06-23,506
2009-06-23,508
2009-06-23,504
2009-06-24,496.5
2009-06-24,496
2009-06-24,498
2009-06-24,495
2009-06-25,491
2009-06-25,491
2009-06-25,492
2009-06-25,490
2009-06-26,485
2009-06-26,485
2009-06-26,486
2009-06-26,484
2009-06-27,479
2009-06-27,479
2009-06-27,480
2009-06-27,478
2009-06-28,472
2009-06-28,472
2009-06-28,474
2009-06-28,470
2009-06-29,465.5
2009-06-29,466
2009-06-29,467
2009-06-29,464
2009-06-30,459
2009-06-30,459
2009-06-30,460
2009-06-30,458
2009-07-01,455
2009-07-01,455
2009-07-01,456
2009-07-01,454
2009-07-02,449
2009-07-02,449
2009-07-02,450
2009-07-02,448
2009-07-03,443.5
2009-07-03,443
2009-07-03,445
2009-07-03,442
2009-07-04,437
2009-07-04,437
2009-07-04,438
2009-07-04,436
2009-07-05,432
2009-07-05,432
2009-07-05,433
2009-07-05,431
2009-07-06,427
2009-07-06,427
2009-07-06,428
2009-07-06,426
2009-07-07,422
2009-07-07,422
2009-07-07,423
2009-07-07,421
2009-07-08,417
2009-07-08,417
2009-07-08,418
2009-07-08,416
2009-07-09,413
2009-07-09,413
2009-07-09,414
2009-07-09,412
2009-07-10,409.5
2009-07-10,410
2009-07-10,410
2009-07-10,409
2009-07-11,406.5
2009-07-11,407
2009-07-11,407
2009-07-11,406
2009-07-12,404
2009-07-12,404
2009-07-12,404
2009-07-12,404
2009-07-13,401.5
2009-07-13,401
2009-07-13,402
2009-07-13,401
2009-07-14,398.5
2009-07-14,398
2009-07-14,399
2009-07-14,398
2009-07-15,394.5
2009-07-15,394
2009-07-15,395
2009-07-15,394
2009-07-16,391.5
2009-07-16,392
2009-07-16,392
2009-07-16,391
2009-07-17,388.5
2009-07-17,388
2009-07-17,389
2009-07-17,388
2009-07-18,385
2009-07-18,385
2009-07-18,386
2009-07-18,384
2009-07-19,381
2009-07-19,381
2009-07-19,382
2009-07-19,380
2009-07-20,377.5
2009-07-20,378
2009-07-20,378
2009-07-20,377
2009-07-21,374.5
2009-07-21,374
2009-07-21,375
2009-07-21,374
2009-07-22,371.5
2009-07-22,372
2009-07-22,372
2009-07-22,371
2009-07-23,369.5
2009-07-23,370
2009-07-23,370
2009-07-23,369
2009-07-24,366.5
2009-07-24,366
2009-07-24,367
2009-07-24,366
2009-07-25,363.5
2009-07-25,364
2009-07-25,364
2009-07-25,363
2009-07-26,361.5
2009-07-26,362
2009-07-26,362
2009-07-26,361
2009-07-27,358.5
2009-07-27,358
2009-07-27,359
2009-07-27,358
2009-07-28,355.5
2009-07-28,356
2009-07-28,356
2009-07-28,355
2009-07-29,352.5
2009-07-29,352
2009-07-29,353
2009-07-29,352
2009-07-30,350
2009-07-30,350
2009-07-30,350
2009-07-30,350
2009-07-31,347.5
2009-07-31,348
2009-07-31,348
2009-07-31,347
2009-08-01,345.5
2009-08-01,346
2009-08-01,346
2009-08-01,345
2009-08-02,343.5
2009-08-02,344
2009-08-02,344
2009-08-02,343
2009-08-03,341.5
2009-08-03,342
2009-08-03,342
2009-08-03,341
2009-08-04,339.5
2009-08-04,340
2009-08-04,340
2009-08-04,339
2009-08-05,336.5
2009-08-05,336
2009-08-05,337
2009-08-05,336
2009-08-06,333.5
2009-08-06,334
2009-08-06,334
2009-08-06,333
2009-08-07,331.5
2009-08-07,332
2009-08-07,332
2009-08-07,331
2009-08-08,329.5
2009-08-08,330
2009-08-08,330
2009-08-08,329
2009-08-09,327.5
2009-08-09,328
2009-08-09,328
2009-08-09,327
2009-08-10,325.5
2009-08-10,326
2009-08-10,326
2009-08-10,325
2009-08-11,323.5
2009-08-11,324
2009-08-11,324
2009-08-11,323
2009-08-12,321.5
2009-08-12,322
2009-08-12,322
2009-08-12,321
2009-08-13,319.5
2009-08-13,320
2009-08-13,320
2009-08-13,319
2009-08-14,316.5
2009-08-14,316
2009-08-14,316
2009-08-14,317
2009-08-15,314.5
2009-08-15,314
2009-08-15,315
2009-08-15,314
2009-08-16,311
2009-08-16,311
2009-08-16,312
2009-08-16,310
2009-08-17,307.5
2009-08-17,308
2009-08-17,308
2009-08-17,307
2009-08-18,304.5
2009-08-18,304
2009-08-18,305
2009-08-18,304
2009-08-19,302
2009-08-19,302
2009-08-19,302
2009-08-19,302
2009-08-20,300
2009-08-20,300
2009-08-20,301
2009-08-20,299
2009-08-21,297.5
2009-08-21,298
2009-08-21,298
2009-08-21,297
2009-08-22,295.5
2009-08-22,296
2009-08-22,296
2009-08-22,295
2009-08-23,293.5
2009-08-23,294
2009-08-23,294
2009-08-23,293
2009-08-24,291.5
2009-08-24,292
2009-08-24,292
2009-08-24,291
2009-08-25,289.5
2009-08-25,290
2009-08-25,290
2009-08-25,289
2009-08-26,288
2009-08-26,288
2009-08-26,288
2009-08-26,288
2009-08-27,287
2009-08-27,287
2009-08-27,287
2009-08-27,287
2009-08-28,286
2009-08-28,286
2009-08-28,286
2009-08-28,286
2009-08-29,286
2009-08-29,286
2009-08-29,286
2009-08-29,286
2009-08-30,287
2009-08-30,287
2009-08-30,287
2009-08-30,287
2009-08-31,287
2009-08-31,287
2009-08-31,287
2009-08-31,287
2009-09-01,288
2009-09-01,288
2009-09-01,288
2009-09-01,288
2009-09-02,288
2009-09-02,288
2009-09-02,288
2009-09-02,288
2009-09-03,288
2009-09-03,288
2009-09-03,288
2009-09-03,288
2009-09-04,288
2009-09-04,288
2009-09-04,288
2009-09-04,288
2009-09-05,288
2009-09-05,288
2009-09-05,288
2009-09-05,288
2009-09-06,287
2009-09-06,287
2009-09-06,287
2009-09-06,287
2009-09-07,286
2009-09-07,286
2009-09-07,286
2009-09-07,286
2009-09-08,285
2009-09-08,285
2009-09-08,285
2009-09-08,285
2009-09-09,284
2009-09-09,284
2009-09-09,284
2009-09-09,284
2009-09-10,284
2009-09-10,284
2009-09-10,284
2009-09-10,284
2009-09-11,284
2009-09-11,284
2009-09-11,284
2009-09-11,284
2009-09-12,283
2009-09-12,283
2009-09-12,283
2009-09-12,283
2009-09-13,281
2009-09-13,281
2009-09-13,281
2009-09-13,281
2009-09-14,280
2009-09-14,280
2009-09-14,280
2009-09-14,280
2009-09-15,280
2009-09-15,280
2009-09-15,280
2009-09-15,280
2009-09-16,277.5
2009-09-16,278
2009-09-16,278
2009-09-16,277
2009-09-17,276
2009-09-17,276
2009-09-17,276
2009-09-17,276
2009-09-18,277
2009-09-18,277
2009-09-18,277
2009-09-18,277
2009-09-19,278
2009-09-19,278
2009-09-19,278
2009-09-19,278
2009-09-20,278
2009-09-20,278
2009-09-20,278
2009-09-20,278
2009-09-21,278
2009-09-21,278
2009-09-21,278
2009-09-21,278
2009-09-22,278
2009-09-22,278
2009-09-22,278
2009-09-22,278
2009-09-23,278
2009-09-23,278
2009-09-23,278
2009-09-23,278
2009-09-24,278
2009-09-24,278
2009-09-24,278
2009-09-24,278
2009-09-25,277
2009-09-25,277
2009-09-25,277
2009-09-25,277
2009-09-26,276
2009-09-26,276
2009-09-26,276
2009-09-26,276
2009-09-27,276
2009-09-27,276
2009-09-27,276
2009-09-27,276
2009-09-28,276
2009-09-28,276
2009-09-28,276
2009-09-28,276
2009-09-29,276
2009-09-29,276
2009-09-29,276
2009-09-29,276
2009-09-30,276
2009-09-30,276
2009-09-30,276
2009-09-30,276
2009-10-01,276
2009-10-01,276
2009-10-01,276
2009-10-01,276
2009-10-02,276
2009-10-02,276
2009-10-02,276
2009-10-02,276
2009-10-03,276
2009-10-03,276
2009-10-03,276
2009-10-03,276
2009-10-04,276
2009-10-04,276
2009-10-04,276
2009-10-04,276
2009-10-05,276
2009-10-05,276
2009-10-05,276
2009-10-05,276
2009-10-06,276
2009-10-06,276
2009-10-06,276
2009-10-06,276
2009-10-07,276
2009-10-07,276
2009-10-07,276
2009-10-07,276
2009-10-08,276
2009-10-08,276
2009-10-08,276
2009-10-08,276
2009-10-09,276
2009-10-09,276
2009-10-09,276
2009-10-09,276
2009-10-10,276
2009-10-10,276
2009-10-10,276
2009-10-10,276
2009-10-11,276
2009-10-11,276
2009-10-11,276
2009-10-11,276
2009-10-12,276
2009-10-12,276
2009-10-12,276
2009-10-12,276
2009-10-13,277
2009-10-13,277
2009-10-13,277
2009-10-13,277
2009-10-14,277
2009-10-14,277
2009-10-14,277
2009-10-14,277
2009-10-15,277
2009-10-15,277
2009-10-15,277
2009-10-15,277
2009-10-16,277
2009-10-16,277
2009-10-16,277
2009-10-16,277
2009-10-17,278
2009-10-17,278
2009-10-17,278
2009-10-17,278
2009-10-18,279
2009-10-18,279
2009-10-18,279
2009-10-18,279
2009-10-19,280
2009-10-19,280
2009-10-19,280
2009-10-19,280
2009-10-20,281
2009-10-20,281
2009-10-20,281
2009-10-20,281
2009-10-21,283
2009-10-21,283
2009-10-21,283
2009-10-21,283
2009-10-22,286
2009-10-22,286
2009-10-22,285
2009-10-22,286
2009-10-23,288
2009-10-23,288
2009-10-23,288
2009-10-23,288
2009-10-24,290
2009-10-24,290
2009-10-24,290
2009-10-24,290
2009-10-25,291
2009-10-25,291
2009-10-25,291
2009-10-25,291
2009-10-26,293
2009-10-26,293
2009-10-26,292
2009-10-26,293
2009-10-27,296
2009-10-27,296
2009-10-27,295
2009-10-27,296
2009-10-28,298
2009-10-28,298
2009-10-28,298
2009-10-28,298
2009-10-29,300
2009-10-29,300
2009-10-29,299
2009-10-29,301
2009-10-30,302
2009-10-30,302
2009-10-30,302
2009-10-30,302
2009-10-31,303
2009-10-31,303
2009-10-31,303
2009-11-01,303
2009-11-01,303
2009-11-01,303
2009-11-01,303
2009-11-02,303
2009-11-02,303
2009-11-02,303
2009-11-02,303
2009-11-03,304
2009-11-03,304
2009-11-03,304
2009-11-03,304
2009-11-04,305
2009-11-04,305
2009-11-04,305
2009-11-04,305
2009-11-05,306
2009-11-05,306
2009-11-05,306
2009-11-05,306
2009-11-06,307
2009-11-06,307
2009-11-06,307
2009-11-06,307
2009-11-07,308
2009-11-07,308
2009-11-07,308
2009-11-07,308
2009-11-08,308
2009-11-08,308
2009-11-08,308
2009-11-08,308
2009-11-09,308
2009-11-09,308
2009-11-09,308
2009-11-09,308
2009-11-10,308
2009-11-10,308
2009-11-10,308
2009-11-10,308
2009-11-11,309.5
2009-11-11,310
2009-11-11,309
2009-11-11,310
2009-11-12,310
2009-11-12,310
2009-11-12,310
2009-11-12,310
2009-11-13,311
2009-11-13,311
2009-11-13,310
2009-11-13,312
2009-11-14,315
2009-11-14,315
2009-11-14,314
2009-11-14,316
2009-11-15,319
2009-11-15,319
2009-11-15,318
2009-11-15,320
2009-11-16,324.5
2009-11-16,324
2009-11-16,324
2009-11-16,325
2009-11-17,327.5
2009-11-17,328
2009-11-17,327
2009-11-17,328
2009-11-18,330
2009-11-18,330
2009-11-18,330
2009-11-18,330
2009-11-19,332.5
2009-11-19,332
2009-11-19,332
2009-11-19,333
2009-11-20,335.5
2009-11-20,336
2009-11-20,335
2009-11-20,336
2009-11-21,338.5
2009-11-21,338
2009-11-21,338
2009-11-21,339
2009-11-22,341.5
2009-11-22,342
2009-11-22,341
2009-11-22,342
2009-11-23,342
2009-11-23,342
2009-11-23,342
2009-11-23,342
2009-11-24,343
2009-11-24,343
2009-11-24,343
2009-11-24,343
2009-11-25,343
2009-11-25,343
2009-11-25,343
2009-11-25,343
2009-11-26,343.5
2009-11-26,344
2009-11-26,343
2009-11-26,344
2009-11-27,345
2009-11-27,345
2009-11-27,345
2009-11-27,345
2009-11-28,346
2009-11-28,346
2009-11-28,346
2009-11-28,346
2009-11-29,348
2009-11-29,348
2009-11-29,348
2009-11-29,348
2009-11-30,348.5
2009-11-30,348
2009-11-30,348
2009-11-30,349
2009-12-01,353
2009-12-01,353
2009-12-01,353
2009-12-01,353
2009-12-02,350.5
2009-12-02,350
2009-12-02,351
2009-12-02,350
2009-12-03,347.5
2009-12-03,348
2009-12-03,348
2009-12-03,347
2009-12-04,345
2009-12-04,345
2009-12-04,345
2009-12-04,345
2009-12-05,344
2009-12-05,344
2009-12-05,344
2009-12-05,344
2009-12-06,344
2009-12-06,344
2009-12-06,344
2009-12-06,344
2009-12-07,350
2009-12-07,350
2009-12-07,350
2009-12-07,350
2009-12-08,352
2009-12-08,352
2009-12-08,352
2009-12-08,352
2009-12-09,352.5
2009-12-09,352
2009-12-09,352
2009-12-09,353
2009-12-10,354.5
2009-12-10,354
2009-12-10,354
2009-12-10,355
2009-12-11,357.5
2009-12-11,358
2009-12-11,357
2009-12-11,358
2009-12-12,362
2009-12-12,362
2009-12-12,360
2009-12-12,364
2009-12-13,372
2009-12-13,372
2009-12-13,370
2009-12-13,374
2009-12-14,379.5
2009-12-14,380
2009-12-14,378
2009-12-14,381
2009-12-15,387.5
2009-12-15,388
2009-12-15,386
2009-12-15,389
2009-12-16,399.5
2009-12-16,400
2009-12-16,397
2009-12-16,402
2009-12-17,406.5
2009-12-17,407
2009-12-17,405
2009-12-17,408
2009-12-18,414
2009-12-18,414
2009-12-18,413
2009-12-18,415
2009-12-19,421
2009-12-19,421
2009-12-19,420
2009-12-19,422
2009-12-20,427.5
2009-12-20,428
2009-12-20,426
2009-12-20,429
2009-12-21,434.5
2009-12-21,434
2009-12-21,434
2009-12-21,435
2009-12-22,439.5
2009-12-22,439
2009-12-22,439
2009-12-22,440
2009-12-23,442.5
2009-12-23,442
2009-12-23,442
2009-12-23,443
2009-12-24,446
2009-12-24,446
2009-12-24,445
2009-12-24,447
2009-12-25,448
2009-12-25,448
2009-12-25,447
2009-12-25,449
2009-12-26,445.5
2009-12-26,446
2009-12-26,447
2009-12-26,444
2009-12-27,444
2009-12-27,444
2009-12-27,444
2009-12-27,444
2009-12-28,442
2009-12-28,442
2009-12-28,442
2009-12-28,442
2009-12-29,440.5
2009-12-29,440
2009-12-29,441
2009-12-29,440
2009-12-30,440
2009-12-30,440
2009-12-30,440
2009-12-30,440
2009-12-31,440
2009-12-31,440
2009-12-31,440
2009-12-31,440
2010-01-01,440
2010-01-01,440
2010-01-01,440
2010-01-01,440
2010-01-02,451
2010-01-02,451
2010-01-02,450
2010-01-02,452
2010-01-03,454.5
2010-01-03,454
2010-01-03,455
2010-01-03,454
2010-01-04,450
2010-01-04,450
2010-01-04,450
2010-01-04,450
2010-01-05,452
2010-01-05,452
2010-01-05,452
2010-01-05,452
2010-01-06,455
2010-01-06,455
2010-01-06,455
2010-01-06,455
2010-01-07,458
2010-01-07,458
2010-01-07,457
2010-01-07,459
2010-01-08,467.5
2010-01-08,468
2010-01-08,466
2010-01-08,469
2010-01-09,474.5
2010-01-09,474
2010-01-09,473
2010-01-09,476
2010-01-10,481.5
2010-01-10,482
2010-01-10,480
2010-01-10,483
2010-01-11,490
2010-01-11,490
2010-01-11,490
2010-01-11,490
2010-01-12,493
2010-01-12,493
2010-01-12,492
2010-01-12,494
2010-01-13,497
2010-01-13,497
2010-01-13,496
2010-01-13,498
2010-01-14,500
2010-01-14,500
2010-01-14,499
2010-01-14,501
2010-01-15,505
2010-01-15,505
2010-01-15,504
2010-01-15,506
2010-01-16,508
2010-01-16,508
2010-01-16,508
2010-01-16,508
2010-01-17,508
2010-01-17,508
2010-01-17,508
2010-01-17,508
2010-01-18,511
2010-01-18,511
2010-01-18,510
2010-01-18,512
2010-01-19,515
2010-01-19,515
2010-01-19,515
2010-01-19,515
2010-01-20,517
2010-01-20,517
2010-01-20,516
2010-01-20,518
2010-01-21,521
2010-01-21,521
2010-01-21,520
2010-01-21,522
2010-01-22,525
2010-01-22,525
2010-01-22,524
2010-01-22,526
2010-01-23,528
2010-01-23,528
2010-01-23,528
2010-01-23,528
2010-01-24,532
2010-01-24,532
2010-01-24,532
2010-01-24,532
2010-01-25,530
2010-01-25,530
2010-01-25,530
2010-01-25,530
2010-01-26,528
2010-01-26,528
2010-01-26,528
2010-01-26,528
2010-01-27,526
2010-01-27,526
2010-01-27,526
2010-01-27,526
2010-01-28,526.5
2010-01-28,526
2010-01-28,526
2010-01-28,527
2010-01-29,527.5
2010-01-29,528
2010-01-29,527
2010-01-29,528
2010-01-30,532.5
2010-01-30,532
2010-01-30,532
2010-01-30,533
2010-01-31,535.5
2010-01-31,536
2010-01-31,535
2010-01-31,536
2010-02-01,541.5
2010-02-01,542
2010-02-01,541
2010-02-01,542
2010-02-02,547
2010-02-02,547
2010-02-02,546
2010-02-02,548
2010-02-03,550.5
2010-02-03,550
2010-02-03,550
2010-02-03,551
2010-02-04,552.5
2010-02-04,552
2010-02-04,552
2010-02-04,553
2010-02-05,555
2010-02-05,555
2010-02-05,555
2010-02-05,555
2010-02-06,556
2010-02-06,556
2010-02-06,556
2010-02-06,556
2010-02-07,559
2010-02-07,559
2010-02-07,558
2010-02-07,560
2010-02-08,562.5
2010-02-08,562
2010-02-08,562
2010-02-08,563
2010-02-09,564
2010-02-09,564
2010-02-09,563
2010-02-09,565
2010-02-10,570.5
2010-02-10,570
2010-02-10,570
2010-02-10,571
2010-02-11,570
2010-02-11,570
2010-02-11,570
2010-02-11,570
2010-02-12,572
2010-02-12,572
2010-02-12,572
2010-02-12,572
2010-02-13,573
2010-02-13,573
2010-02-13,573
2010-02-13,573
2010-02-14,581
2010-02-14,581
2010-02-14,578
2010-02-14,584
2010-02-15,584
2010-02-15,584
2010-02-15,584
2010-02-15,584
2010-02-16,587
2010-02-16,587
2010-02-16,587
2010-02-16,587
2010-02-17,587
2010-02-17,587
2010-02-17,587
2010-02-17,587
2010-02-18,586
2010-02-18,586
2010-02-18,586
2010-02-18,586
2010-02-19,586
2010-02-19,586
2010-02-19,586
2010-02-19,586
2010-02-20,585
2010-02-20,585
2010-02-20,585
2010-02-20,585
2010-02-21,585
2010-02-21,585
2010-02-21,585
2010-02-21,585
2010-02-22,588
2010-02-22,588
2010-02-22,588
2010-02-22,588
2010-02-23,588.5
2010-02-23,588
2010-02-23,588
2010-02-23,589
2010-02-24,590
2010-02-24,590
2010-02-24,590
2010-02-24,590
2010-02-25,592.5
2010-02-25,592
2010-02-25,592
2010-02-25,593
2010-02-26,595.5
2010-02-26,596
2010-02-26,595
2010-02-26,596
2010-02-27,599
2010-02-27,599
2010-02-27,599
2010-02-27,599
2010-02-28,602.5
2010-02-28,602
2010-02-28,602
2010-02-28,603
2010-03-01,607
2010-03-01,607
2010-03-01,606
2010-03-01,608
2010-03-02,607
2010-03-02,607
2010-03-02,608
2010-03-02,606
2010-03-03,604
2010-03-03,604
2010-03-03,604
2010-03-03,604
2010-03-04,604
2010-03-04,604
2010-03-04,604
2010-03-04,604
2010-03-05,602
2010-03-05,602
2010-03-05,602
2010-03-05,602
2010-03-06,601.5
2010-03-06,602
2010-03-06,602
2010-03-06,601
2010-03-07,598
2010-03-07,598
2010-03-07,598
2010-03-07,598
2010-03-08,593.5
2010-03-08,594
2010-03-08,594
2010-03-08,593
2010-03-09,589.5
2010-03-09,590
2010-03-09,590
2010-03-09,589
2010-03-10,586
2010-03-10,586
2010-03-10,587
2010-03-10,585
2010-03-11,583
2010-03-11,583
2010-03-11,584
2010-03-11,582
2010-03-12,579
2010-03-12,579
2010-03-12,580
2010-03-12,578
2010-03-13,576.5
2010-03-13,576
2010-03-13,577
2010-03-13,576
2010-03-14,574.5
2010-03-14,574
2010-03-14,575
2010-03-14,574
2010-03-15,578
2010-03-15,578
2010-03-15,576
2010-03-15,580
2010-03-16,576.5
2010-03-16,576
2010-03-16,576
2010-03-16,577
2010-03-17,580.5
2010-03-17,580
2010-03-17,580
2010-03-17,581
2010-03-18,582.5
2010-03-18,582
2010-03-18,582
2010-03-18,583
2010-03-19,585
2010-03-19,585
2010-03-19,585
2010-03-19,585
2010-03-20,587.5
2010-03-20,588
2010-03-20,587
2010-03-20,588
2010-03-21,590.5
2010-03-21,590
2010-03-21,590
2010-03-21,591
2010-03-22,596
2010-03-22,596
2010-03-22,594
2010-03-22,598
2010-03-23,598.5
2010-03-23,598
2010-03-23,598
2010-03-23,599
2010-03-24,602
2010-03-24,602
2010-03-24,602
2010-03-24,602
2010-03-25,602
2010-03-25,602
2010-03-25,602
2010-03-25,602
2010-03-26,605.5
2010-03-26,606
2010-03-26,604
2010-03-26,607
2010-03-27,605
2010-03-27,605
2010-03-27,606
2010-03-27,604
2010-03-28,602
2010-03-28,602
2010-03-28,602
2010-03-28,602
2010-03-29,599
2010-03-29,599
2010-03-29,601
2010-03-29,597
2010-03-30,597.5
2010-03-30,598
2010-03-30,598
2010-03-30,597
2010-03-31,596
2010-03-31,596
2010-03-31,596
2010-03-31,596
2010-04-01,598
2010-04-01,598
2010-04-01,598
2010-04-01,598
2010-04-02,604
2010-04-02,604
2010-04-02,604
2010-04-02,604
2010-04-03,610
2010-04-03,610
2010-04-03,610
2010-04-03,610
2010-04-04,612
2010-04-04,612
2010-04-04,612
2010-04-04,612
2010-04-05,614.5
2010-04-05,614
2010-04-05,614
2010-04-05,615
2010-04-06,620
2010-04-06,620
2010-04-06,620
2010-04-06,620
2010-04-07,625
2010-04-07,625
2010-04-07,624
2010-04-07,626
2010-04-08,632
2010-04-08,632
2010-04-08,631
2010-04-08,633
2010-04-09,635.5
2010-04-09,636
2010-04-09,634
2010-04-09,637
2010-04-10,641
2010-04-10,641
2010-04-10,640
2010-04-10,642
2010-04-11,645.5
2010-04-11,646
2010-04-11,645
2010-04-11,646
2010-04-12,648.5
2010-04-12,648
2010-04-12,647
2010-04-12,650
2010-04-13,653
2010-04-13,653
2010-04-13,652
2010-04-13,654
2010-04-14,658
2010-04-14,658
2010-04-14,658
2010-04-14,658
2010-04-15,661.5
2010-04-15,662
2010-04-15,661
2010-04-15,662
2010-04-16,669.5
2010-04-16,670
2010-04-16,668
2010-04-16,671
2010-04-17,678.5
2010-04-17,678
2010-04-17,677
2010-04-17,680
2010-04-18,690
2010-04-18,690
2010-04-18,688
2010-04-18,692
2010-04-19,694.5
2010-04-19,694
2010-04-19,694
2010-04-19,695
2010-04-20,696
2010-04-20,696
2010-04-20,696
2010-04-20,696
2010-04-21,697.5
2010-04-21,698
2010-04-21,697
2010-04-21,698
2010-04-22,702
2010-04-22,702
2010-04-22,702
2010-04-22,702
2010-04-23,702.5
2010-04-23,702
2010-04-23,702
2010-04-23,703
2010-04-24,694
2010-04-24,694
2010-04-24,695
2010-04-24,693
2010-04-25,688
2010-04-25,688
2010-04-25,689
2010-04-25,687
2010-04-26,679
2010-04-26,679
2010-04-26,680
2010-04-26,678
2010-04-27,670.5
2010-04-27,670
2010-04-27,672
2010-04-27,669
2010-04-28,659.5
2010-04-28,660
2010-04-28,662
2010-04-28,657
2010-04-29,648.5
2010-04-29,648
2010-04-29,650
2010-04-29,647
2010-04-30,636.5
2010-04-30,636
2010-04-30,638
2010-04-30,635
2010-05-01,623
2010-05-01,623
2010-05-01,625
2010-05-01,621
2010-05-02,613
2010-05-02,613
2010-05-02,615
2010-05-02,611
2010-05-03,604
2010-05-03,604
2010-05-03,606
2010-05-03,602
2010-05-04,593
2010-05-04,593
2010-05-04,596
2010-05-04,590
2010-05-05,583
2010-05-05,583
2010-05-05,585
2010-05-05,581
2010-05-06,575
2010-05-06,575
2010-05-06,576
2010-05-06,574
2010-05-07,570
2010-05-07,570
2010-05-07,570
2010-05-07,570
2010-05-08,566
2010-05-08,566
2010-05-08,567
2010-05-08,565
2010-05-09,560
2010-05-09,560
2010-05-09,561
2010-05-09,558
2010-05-10,553
2010-05-10,553
2010-05-10,554
2010-05-10,551
2010-05-11,546
2010-05-11,546
2010-05-11,547
2010-05-11,544
2010-05-12,540
2010-05-12,540
2010-05-12,540
2010-05-12,540
2010-05-13,537
2010-05-13,537
2010-05-13,538
2010-05-13,536
2010-05-14,531
2010-05-14,531
2010-05-14,532
2010-05-14,530
2010-05-15,524
2010-05-15,524
2010-05-15,525
2010-05-15,522
2010-05-16,517
2010-05-16,517
2010-05-16,518
2010-05-16,515
2010-05-17,511
2010-05-17,511
2010-05-17,512
2010-05-17,510
2010-05-18,507
2010-05-18,507
2010-05-18,508
2010-05-18,506
2010-05-19,501
2010-05-19,501
2010-05-19,502
2010-05-19,499
2010-05-20,495
2010-05-20,495
2010-05-20,496
2010-05-20,494
2010-05-21,490
2010-05-21,490
2010-05-21,491
2010-05-21,488
2010-05-22,480
2010-05-22,480
2010-05-22,482
2010-05-22,478
2010-05-23,475
2010-05-23,475
2010-05-23,476
2010-05-23,474
2010-05-24,471
2010-05-24,471
2010-05-24,472
2010-05-24,470
2010-05-25,467
2010-05-25,467
2010-05-25,468
2010-05-25,466
2010-05-26,463
2010-05-26,463
2010-05-26,464
2010-05-26,462
2010-05-27,459
2010-05-27,459
2010-05-27,460
2010-05-27,458
2010-05-28,455
2010-05-28,455
2010-05-28,456
2010-05-28,454
2010-05-29,455
2010-05-29,455
2010-05-29,454
2010-05-29,455
2010-05-30,457
2010-05-30,457
2010-05-30,457
2010-05-30,457
2010-05-31,458
2010-05-31,458
2010-05-31,459
2010-06-01,458
2010-06-01,458
2010-06-01,458
2010-06-01,458
2010-06-02,454.5
2010-06-02,454
2010-06-02,456
2010-06-02,453
2010-06-03,446.5
2010-06-03,446
2010-06-03,448
2010-06-03,445
2010-06-04,439
2010-06-04,439
2010-06-04,440
2010-06-04,438
2010-06-05,433.5
2010-06-05,434
2010-06-05,434
2010-06-05,433
2010-06-06,429
2010-06-06,429
2010-06-06,430
2010-06-06,428
2010-06-07,425
2010-06-07,425
2010-06-07,426
2010-06-07,424
2010-06-08,421.5
2010-06-08,422
2010-06-08,422
2010-06-08,421
2010-06-09,419.5
2010-06-09,420
2010-06-09,420
2010-06-09,419
2010-06-10,416.5
2010-06-10,416
2010-06-10,417
2010-06-10,416
2010-06-11,414
2010-06-11,414
2010-06-11,414
2010-06-11,414
2010-06-12,413
2010-06-12,413
2010-06-12,413
2010-06-12,413
2010-06-13,412.5
2010-06-13,412
2010-06-13,413
2010-06-13,412
2010-06-14,408
2010-06-14,408
2010-06-14,410
2010-06-14,406
2010-06-15,403.5
2010-06-15,404
2010-06-15,404
2010-06-15,403
2010-06-16,398.5
2010-06-16,398
2010-06-16,399
2010-06-16,398
2010-06-17,395.5
2010-06-17,396
2010-06-17,396
2010-06-17,395
2010-06-18,391
2010-06-18,391
2010-06-18,392
2010-06-18,390
2010-06-19,387
2010-06-19,387
2010-06-19,388
2010-06-19,386
2010-06-20,383
2010-06-20,383
2010-06-20,384
2010-06-20,382
2010-06-21,379
2010-06-21,379
2010-06-21,380
2010-06-21,378
2010-06-22,375
2010-06-22,375
2010-06-22,376
2010-06-22,374
2010-06-23,371
2010-06-23,371
2010-06-23,372
2010-06-23,370
2010-06-24,368
2010-06-24,368
2010-06-24,368
2010-06-24,368
2010-06-25,366.5
2010-06-25,366
2010-06-25,367
2010-06-25,366
2010-06-26,364.5
2010-06-26,364
2010-06-26,365
2010-06-26,364
2010-06-27,361
2010-06-27,361
2010-06-27,362
2010-06-27,360
2010-06-28,357.5
2010-06-28,358
2010-06-28,358
2010-06-28,357
2010-06-29,354.5
2010-06-29,354
2010-06-29,355
2010-06-29,354
2010-06-30,351
2010-06-30,351
2010-06-30,352
2010-06-30,350
2010-07-01,347.5
2010-07-01,348
2010-07-01,348
2010-07-01,347
2010-07-02,344.5
2010-07-02,344
2010-07-02,345
2010-07-02,344
2010-07-03,341.5
2010-07-03,342
2010-07-03,342
2010-07-03,341
2010-07-04,338.5
2010-07-04,338
2010-07-04,339
2010-07-04,338
2010-07-05,335.5
2010-07-05,336
2010-07-05,336
2010-07-05,335
2010-07-06,332.5
2010-07-06,332
2010-07-06,333
2010-07-06,332
2010-07-07,330.5
2010-07-07,330
2010-07-07,331
2010-07-07,330
2010-07-08,327.5
2010-07-08,328
2010-07-08,328
2010-07-08,327
2010-07-09,324
2010-07-09,324
2010-07-09,325
2010-07-09,323
2010-07-10,321.5
2010-07-10,322
2010-07-10,322
2010-07-10,321
2010-07-11,319.5
2010-07-11,320
2010-07-11,320
2010-07-11,319
2010-07-12,317.5
2010-07-12,318
2010-07-12,318
2010-07-12,317
2010-07-13,315.5
2010-07-13,316
2010-07-13,316
2010-07-13,315
2010-07-14,313.5
2010-07-14,314
2010-07-14,314
2010-07-14,313
2010-07-15,311.5
2010-07-15,312
2010-07-15,312
2010-07-15,311
2010-07-16,311
2010-07-16,311
2010-07-16,311
2010-07-16,311
2010-07-17,310
2010-07-17,310
2010-07-17,310
2010-07-17,310
2010-07-18,309
2010-07-18,309
2010-07-18,309
2010-07-18,309
2010-07-19,308
2010-07-19,308
2010-07-19,308
2010-07-19,308
2010-07-20,306
2010-07-20,306
2010-07-20,306
2010-07-20,306
2010-07-21,305.5
2010-07-21,306
2010-07-21,306
2010-07-21,305
2010-07-22,304
2010-07-22,304
2010-07-22,304
2010-07-22,304
2010-07-23,303
2010-07-23,303
2010-07-23,303
2010-07-23,303
2010-07-24,302
2010-07-24,302
2010-07-24,302
2010-07-24,302
2010-07-25,301
2010-07-25,301
2010-07-25,301
2010-07-25,301
2010-07-26,301
2010-07-26,301
2010-07-26,301
2010-07-26,301
2010-07-27,299
2010-07-27,299
2010-07-27,299
2010-07-27,299
2010-07-28,299
2010-07-28,299
2010-07-28,299
2010-07-28,299
2010-07-29,299
2010-07-29,299
2010-07-29,299
2010-07-29,299
2010-07-30,298
2010-07-30,298
2010-07-30,298
2010-07-30,298
2010-07-31,297
2010-07-31,297
2010-07-31,297
2010-07-31,297
2010-08-01,295
2010-08-01,295
2010-08-01,295
2010-08-01,295
2010-08-02,293
2010-08-02,293
2010-08-02,293
2010-08-02,293
2010-08-03,291
2010-08-03,291
2010-08-03,291
2010-08-03,291
2010-08-04,290
2010-08-04,290
2010-08-04,290
2010-08-04,290
2010-08-05,288.5
2010-08-05,288
2010-08-05,289
2010-08-05,288
2010-08-06,286.5
2010-08-06,286
2010-08-06,287
2010-08-06,286
2010-08-07,283.5
2010-08-07,284
2010-08-07,284
2010-08-07,283
2010-08-08,281.5
2010-08-08,282
2010-08-08,282
2010-08-08,281
2010-08-09,280
2010-08-09,280
2010-08-09,280
2010-08-09,280
2010-08-10,278
2010-08-10,278
2010-08-10,278
2010-08-10,278
2010-08-11,276
2010-08-11,276
2010-08-11,276
2010-08-11,276
2010-08-12,274.5
2010-08-12,274
2010-08-12,275
2010-08-12,274
2010-08-13,273
2010-08-13,273
2010-08-13,273
2010-08-13,273
2010-08-14,272
2010-08-14,272
2010-08-14,272
2010-08-14,272
2010-08-15,269.5
2010-08-15,270
2010-08-15,270
2010-08-15,269
2010-08-16,269
2010-08-16,269
2010-08-16,269
2010-08-16,269
2010-08-17,269
2010-08-17,269
2010-08-17,269
2010-08-17,269
2010-08-18,268
2010-08-18,268
2010-08-18,268
2010-08-18,268
2010-08-19,268
2010-08-19,268
2010-08-19,268
2010-08-19,268
2010-08-20,268
2010-08-20,268
2010-08-20,268
2010-08-20,268
2010-08-21,267
2010-08-21,267
2010-08-21,267
2010-08-21,267
2010-08-22,265
2010-08-22,265
2010-08-22,265
2010-08-22,265
2010-08-23,263
2010-08-23,263
2010-08-23,263
2010-08-23,263
2010-08-24,262
2010-08-24,262
2010-08-24,262
2010-08-24,262
2010-08-25,262
2010-08-25,262
2010-08-25,262
2010-08-25,262
2010-08-26,259.5
2010-08-26,260
2010-08-26,260
2010-08-26,259
2010-08-27,258
2010-08-27,258
2010-08-27,258
2010-08-27,258
2010-08-28,258
2010-08-28,258
2010-08-28,258
2010-08-28,258
2010-08-29,258
2010-08-29,258
2010-08-29,258
2010-08-29,258
2010-08-30,257
2010-08-30,257
2010-08-30,257
2010-08-30,257
2010-08-31,257
2010-08-31,257
2010-08-31,257
2010-08-31,257
2010-09-01,255.5
2010-09-01,256
2010-09-01,256
2010-09-01,255
2010-09-02,254
2010-09-02,254
2010-09-02,254
2010-09-02,254
2010-09-03,253
2010-09-03,253
2010-09-03,253
2010-09-03,253
2010-09-04,252
2010-09-04,252
2010-09-04,252
2010-09-04,252
2010-09-05,251
2010-09-05,251
2010-09-05,251
2010-09-05,251
2010-09-06,251
2010-09-06,251
2010-09-06,251
2010-09-06,251
2010-09-07,250
2010-09-07,250
2010-09-07,250
2010-09-07,250
2010-09-08,250
2010-09-08,250
2010-09-08,250
2010-09-08,250
2010-09-09,249
2010-09-09,249
2010-09-09,249
2010-09-09,249
2010-09-10,248
2010-09-10,248
2010-09-10,248
2010-09-10,248
2010-09-11,248
2010-09-11,248
2010-09-11,248
2010-09-11,248
2010-09-12,248
2010-09-12,248
2010-09-12,248
2010-09-12,248
2010-09-13,247
2010-09-13,247
2010-09-13,247
2010-09-13,247
2010-09-14,246
2010-09-14,246
2010-09-14,246
2010-09-14,246
2010-09-15,246
2010-09-15,246
2010-09-15,246
2010-09-15,246
2010-09-16,246
2010-09-16,246
2010-09-16,246
2010-09-16,246
2010-09-17,246
2010-09-17,246
2010-09-17,246
2010-09-17,246
2010-09-18,245
2010-09-18,245
2010-09-18,245
2010-09-18,245
2010-09-19,245
2010-09-19,245
2010-09-19,245
2010-09-19,245
2010-09-20,244
2010-09-20,244
2010-09-20,244
2010-09-20,244
2010-09-21,243
2010-09-21,243
2010-09-21,243
2010-09-21,243
2010-09-22,242
2010-09-22,242
2010-09-22,242
2010-09-22,242
2010-09-23,242
2010-09-23,242
2010-09-23,242
2010-09-23,242
2010-09-24,242
2010-09-24,242
2010-09-24,242
2010-09-24,242
2010-09-25,241
2010-09-25,241
2010-09-25,241
2010-09-25,241
2010-09-26,241
2010-09-26,241
2010-09-26,241
2010-09-26,241
2010-09-27,240
2010-09-27,240
2010-09-27,240
2010-09-27,240
2010-09-28,240
2010-09-28,240
2010-09-28,240
2010-09-28,240
2010-09-29,239
2010-09-29,239
2010-09-29,239
2010-09-29,239
2010-09-30,238
2010-09-30,238
2010-09-30,238
2010-09-30,238
2010-10-01,238
2010-10-01,238
2010-10-01,238
2010-10-01,238
2010-10-02,237
2010-10-02,237
2010-10-02,237
2010-10-02,237
2010-10-03,237
2010-10-03,237
2010-10-03,237
2010-10-03,237
2010-10-04,236
2010-10-04,236
2010-10-04,236
2010-10-04,236
2010-10-05,235
2010-10-05,235
2010-10-05,235
2010-10-05,235
2010-10-06,235
2010-10-06,235
2010-10-06,235
2010-10-06,235
2010-10-07,235
2010-10-07,235
2010-10-07,235
2010-10-07,235
2010-10-08,234
2010-10-08,234
2010-10-08,234
2010-10-08,234
2010-10-09,234
2010-10-09,234
2010-10-09,234
2010-10-09,234
2010-10-10,234
2010-10-10,234
2010-10-10,234
2010-10-10,234
2010-10-11,234
2010-10-11,234
2010-10-11,234
2010-10-11,234
2010-10-12,233
2010-10-12,233
2010-10-12,233
2010-10-12,233
2010-10-13,233
2010-10-13,233
2010-10-13,233
2010-10-13,233
2010-10-14,233
2010-10-14,233
2010-10-14,233
2010-10-14,233
2010-10-15,233
2010-10-15,233
2010-10-15,233
2010-10-15,233
2010-10-16,233
2010-10-16,233
2010-10-16,233
2010-10-16,233
2010-10-17,233
2010-10-17,233
2010-10-17,233
2010-10-17,233
2010-10-18,233
2010-10-18,233
2010-10-18,233
2010-10-18,233
2010-10-19,235
2010-10-19,235
2010-10-19,235
2010-10-19,235
2010-10-20,237.5
2010-10-20,238
2010-10-20,237
2010-10-20,238
2010-10-21,241.5
2010-10-21,242
2010-10-21,242
2010-10-21,241
2010-10-22,240
2010-10-22,240
2010-10-22,240
2010-10-22,240
2010-10-23,238
2010-10-23,238
2010-10-23,238
2010-10-23,238
2010-10-24,238
2010-10-24,238
2010-10-24,238
2010-10-24,238
2010-10-25,239.5
2010-10-25,240
2010-10-25,239
2010-10-25,240
2010-10-26,240.5
2010-10-26,240
2010-10-26,240
2010-10-26,241
2010-10-27,242.5
2010-10-27,242
2010-10-27,242
2010-10-27,243
2010-10-28,245
2010-10-28,245
2010-10-28,245
2010-10-28,245
2010-10-29,246
2010-10-29,246
2010-10-29,246
2010-10-29,246
2010-10-30,246
2010-10-30,246
2010-10-30,246
2010-10-30,246
2010-10-31,245
2010-10-31,245
2010-10-31,245
2010-10-31,245
2010-11-01,245
2010-11-01,245
2010-11-01,245
2010-11-01,245
2010-11-02,245
2010-11-02,245
2010-11-02,245
2010-11-02,245
2010-11-03,245
2010-11-03,245
2010-11-03,245
2010-11-03,245
2010-11-04,246.5
2010-11-04,246
2010-11-04,246
2010-11-04,247
2010-11-05,248.5
2010-11-05,248
2010-11-05,248
2010-11-05,249
2010-11-06,250
2010-11-06,250
2010-11-06,250
2010-11-06,250
2010-11-07,251.5
2010-11-07,252
2010-11-07,251
2010-11-07,252
2010-11-08,254
2010-11-08,254
2010-11-08,254
2010-11-08,254
2010-11-09,255.5
2010-11-09,256
2010-11-09,254
2010-11-09,257
2010-11-10,258
2010-11-10,258
2010-11-10,257
2010-11-10,259
2010-11-11,259.5
2010-11-11,260
2010-11-11,259
2010-11-11,260
2010-11-12,261
2010-11-12,261
2010-11-12,261
2010-11-12,261
2010-11-13,262.5
2010-11-13,262
2010-11-13,262
2010-11-13,263
2010-11-14,265.5
2010-11-14,266
2010-11-14,265
2010-11-14,266
2010-11-15,267
2010-11-15,267
2010-11-15,267
2010-11-15,267
2010-11-16,267
2010-11-16,267
2010-11-16,267
2010-11-16,267
2010-11-17,267.5
2010-11-17,268
2010-11-17,267
2010-11-17,268
2010-11-18,275
2010-11-18,275
2010-11-18,275
2010-11-18,275
2010-11-19,276.5
2010-11-19,276
2010-11-19,276
2010-11-19,277
2010-11-20,279.5
2010-11-20,280
2010-11-20,279
2010-11-20,280
2010-11-21,282
2010-11-21,282
2010-11-21,282
2010-11-21,282
2010-11-22,282
2010-11-22,282
2010-11-22,282
2010-11-22,282
2010-11-23,284.5
2010-11-23,284
2010-11-23,284
2010-11-23,285
2010-11-24,287.5
2010-11-24,288
2010-11-24,287
2010-11-24,288
2010-11-25,292.5
2010-11-25,292
2010-11-25,291
2010-11-25,294
2010-11-26,299.5
2010-11-26,300
2010-11-26,298
2010-11-26,301
2010-11-27,304.5
2010-11-27,304
2010-11-27,304
2010-11-27,305
2010-11-28,308.5
2010-11-28,308
2010-11-28,308
2010-11-28,309
2010-11-29,311
2010-11-29,311
2010-11-29,311
2010-11-29,311
2010-11-30,311
2010-11-30,311
2010-11-30,311
2010-11-30,311
2010-12-01,312
2010-12-01,312
2010-12-01,312
2010-12-01,312
2010-12-02,312.5
2010-12-02,312
2010-12-02,312
2010-12-02,313
2010-12-03,314.5
2010-12-03,314
2010-12-03,314
2010-12-03,315
2010-12-04,317
2010-12-04,317
2010-12-04,317
2010-12-04,317
2010-12-05,317
2010-12-05,317
2010-12-05,317
2010-12-05,317
2010-12-06,319
2010-12-06,319
2010-12-06,319
2010-12-06,319
2010-12-07,322.5
2010-12-07,322
2010-12-07,320
2010-12-07,325
2010-12-08,326
2010-12-08,326
2010-12-08,326
2010-12-08,326
2010-12-09,327
2010-12-09,327
2010-12-09,327
2010-12-09,327
2010-12-10,327
2010-12-10,327
2010-12-10,327
2010-12-10,327
2010-12-11,328
2010-12-11,328
2010-12-11,328
2010-12-11,328
2010-12-12,328
2010-12-12,328
2010-12-12,328
2010-12-12,328
2010-12-13,329
2010-12-13,329
2010-12-13,329
2010-12-13,329
2010-12-14,328
2010-12-14,328
2010-12-14,328
2010-12-14,328
2010-12-15,326.5
2010-12-15,326
2010-12-15,327
2010-12-15,326
2010-12-16,327.5
2010-12-16,328
2010-12-16,327
2010-12-16,328
2010-12-17,329.5
2010-12-17,330
2010-12-17,329
2010-12-17,330
2010-12-18,331.5
2010-12-18,332
2010-12-18,331
2010-12-18,332
2010-12-19,333.5
2010-12-19,334
2010-12-19,333
2010-12-19,334
2010-12-20,337
2010-12-20,337
2010-12-20,337
2010-12-20,337
2010-12-21,339.5
2010-12-21,340
2010-12-21,338
2010-12-21,341
2010-12-22,350.5
2010-12-22,350
2010-12-22,350
2010-12-22,351
2010-12-23,354
2010-12-23,354
2010-12-23,353
2010-12-23,355
2010-12-24,364.5
2010-12-24,364
2010-12-24,362
2010-12-24,367
2010-12-25,373
2010-12-25,373
2010-12-25,372
2010-12-25,374
2010-12-26,381
2010-12-26,381
2010-12-26,380
2010-12-26,382
2010-12-27,386
2010-12-27,386
2010-12-27,385
2010-12-27,387
2010-12-28,389.5
2010-12-28,390
2010-12-28,389
2010-12-28,390
2010-12-29,392
2010-12-29,392
2010-12-29,392
2010-12-29,392
2010-12-30,394
2010-12-30,394
2010-12-30,394
2010-12-30,394
2010-12-31,394
2010-12-31,394
2010-12-31,394
2010-12-31,394
2011-01-01,395
2011-01-01,395
2011-01-01,395
2011-01-01,395
2011-01-02,395
2011-01-02,395
2011-01-02,395
2011-01-02,395
2011-01-03,400
2011-01-03,400
2011-01-03,399
2011-01-03,401
2011-01-04,404.5
2011-01-04,404
2011-01-04,404
2011-01-04,405
2011-01-05,411
2011-01-05,411
2011-01-05,410
2011-01-05,412
2011-01-06,419
2011-01-06,419
2011-01-06,416
2011-01-06,422
2011-01-07,432.5
2011-01-07,432
2011-01-07,430
2011-01-07,435
2011-01-08,447.5
2011-01-08,447
2011-01-08,445
2011-01-08,450
2011-01-09,461
2011-01-09,461
2011-01-09,460
2011-01-09,462
2011-01-10,467
2011-01-10,467
2011-01-10,465
2011-01-10,469
2011-01-11,473
2011-01-11,473
2011-01-11,472
2011-01-11,474
2011-01-12,476.5
2011-01-12,476
2011-01-12,476
2011-01-12,477
2011-01-13,477
2011-01-13,477
2011-01-13,477
2011-01-13,477
2011-01-14,477.5
2011-01-14,478
2011-01-14,478
2011-01-14,477
2011-01-15,475
2011-01-15,475
2011-01-15,475
2011-01-15,475
2011-01-16,474
2011-01-16,474
2011-01-16,474
2011-01-16,474
2011-01-17,471
2011-01-17,471
2011-01-17,472
2011-01-17,470
2011-01-18,465.5
2011-01-18,466
2011-01-18,466
2011-01-18,465
2011-01-19,466.5
2011-01-19,466
2011-01-19,464
2011-01-19,469
2011-01-20,469.5
2011-01-20,470
2011-01-20,469
2011-01-20,470
2011-01-21,465
2011-01-21,465
2011-01-21,465
2011-01-21,465
2011-01-22,465.5
2011-01-22,466
2011-01-22,465
2011-01-22,466
2011-01-23,467
2011-01-23,467
2011-01-23,467
2011-01-23,467
2011-01-24,471
2011-01-24,471
2011-01-24,470
2011-01-24,472
2011-01-25,475.5
2011-01-25,476
2011-01-25,474
2011-01-25,477
2011-01-26,482
2011-01-26,482
2011-01-26,480
2011-01-26,484
2011-01-27,493
2011-01-27,493
2011-01-27,491
2011-01-27,495
2011-01-28,501.5
2011-01-28,501
2011-01-28,500
2011-01-28,503
2011-01-29,515
2011-01-29,515
2011-01-29,512
2011-01-29,518
2011-01-30,525
2011-01-30,525
2011-01-30,523
2011-01-30,527
2011-01-31,535
2011-01-31,535
2011-01-31,532
2011-01-31,538
2011-02-01,552
2011-02-01,552
2011-02-01,550
2011-02-01,554
2011-02-02,560
2011-02-02,560
2011-02-02,558
2011-02-02,562
2011-02-03,565
2011-02-03,565
2011-02-03,564
2011-02-03,566
2011-02-04,570
2011-02-04,570
2011-02-04,569
2011-02-04,571
2011-02-05,574
2011-02-05,574
2011-02-05,574
2011-02-05,574
2011-02-06,574
2011-02-06,574
2011-02-06,574
2011-02-06,574
2011-02-07,574
2011-02-07,574
2011-02-07,574
2011-02-07,574
2011-02-08,573
2011-02-08,573
2011-02-08,573
2011-02-08,573
2011-02-09,572
2011-02-09,572
2011-02-09,572
2011-02-09,572
2011-02-10,571.5
2011-02-10,572
2011-02-10,572
2011-02-10,571
2011-02-11,570
2011-02-11,570
2011-02-11,570
2011-02-11,570
2011-02-12,571
2011-02-12,571
2011-02-12,570
2011-02-12,572
2011-02-13,574
2011-02-13,574
2011-02-13,573
2011-02-13,575
2011-02-14,575
2011-02-14,575
2011-02-14,575
2011-02-14,575
2011-02-15,577
2011-02-15,577
2011-02-15,575
2011-02-15,579
2011-02-16,579
2011-02-16,579
2011-02-16,579
2011-02-16,579
2011-02-17,579.5
2011-02-17,580
2011-02-17,579
2011-02-17,580
2011-02-18,586.5
2011-02-18,586
2011-02-18,586
2011-02-18,587
2011-02-19,592.5
2011-02-19,592
2011-02-19,591
2011-02-19,594
2011-02-20,595.5
2011-02-20,596
2011-02-20,595
2011-02-20,596
2011-02-21,603.5
2011-02-21,604
2011-02-21,602
2011-02-21,605
2011-02-22,614
2011-02-22,614
2011-02-22,612
2011-02-22,616
2011-02-23,626.5
2011-02-23,626
2011-02-23,624
2011-02-23,629
2011-02-24,642
2011-02-24,642
2011-02-24,638
2011-02-24,646
2011-02-25,655.5
2011-02-25,656
2011-02-25,653
2011-02-25,658
2011-02-26,667
2011-02-26,667
2011-02-26,665
2011-02-26,669
2011-02-27,676.5
2011-02-27,676
2011-02-27,675
2011-02-27,678
2011-02-28,681.5
2011-02-28,682
2011-02-28,680
2011-02-28,683
2011-03-01,689
2011-03-01,689
2011-03-01,689
2011-03-01,694
2011-03-02,696
2011-03-02,696
2011-03-02,696
2011-03-02,699
2011-03-03,700
2011-03-03,700
2011-03-03,700
2011-03-03,700
2011-03-04,702
2011-03-04,702
2011-03-04,702
2011-03-04,702
2011-03-05,704
2011-03-05,704
2011-03-05,704
2011-03-05,705
2011-03-06,706
2011-03-06,706
2011-03-06,706
2011-03-06,706
2011-03-07,705
2011-03-07,705
2011-03-07,705
2011-03-07,705
2011-03-08,705
2011-03-08,705
2011-03-08,705
2011-03-08,705
2011-03-09,705
2011-03-09,705
2011-03-09,705
2011-03-09,705
2011-03-10,706
2011-03-10,706
2011-03-10,706
2011-03-10,707
2011-03-11,709
2011-03-11,709
2011-03-11,709
2011-03-11,710
2011-03-12,713
2011-03-12,713
2011-03-12,713
2011-03-12,715
2011-03-13,717
2011-03-13,717
2011-03-13,717
2011-03-13,719
2011-03-14,723
2011-03-14,723
2011-03-14,723
2011-03-14,728
2011-03-15,733
2011-03-15,733
2011-03-15,733
2011-03-15,738
2011-03-16,740
2011-03-16,740
2011-03-16,740
2011-03-16,745
2011-03-17,747
2011-03-17,747
2011-03-17,747
2011-03-17,751
2011-03-18,751
2011-03-18,751
2011-03-18,751
2011-03-18,751
2011-03-19,752
2011-03-19,752
2011-03-19,752
2011-03-19,753
2011-03-20,754
2011-03-20,754
2011-03-20,754
2011-03-20,754
2011-03-21,752
2011-03-21,752
2011-03-21,752
2011-03-21,751
2011-03-22,749
2011-03-22,749
2011-03-22,749
2011-03-22,748
2011-03-23,747
2011-03-23,747
2011-03-23,747
2011-03-23,747
2011-03-24,745
2011-03-24,745
2011-03-24,745
2011-03-24,745
2011-03-25,743
2011-03-25,743
2011-03-25,743
2011-03-25,741
2011-03-26,739
2011-03-26,739
2011-03-26,739
2011-03-26,737
2011-03-27,735
2011-03-27,735
2011-03-27,735
2011-03-27,735
2011-03-28,732
2011-03-28,732
2011-03-28,732
2011-03-28,730
2011-03-29,727
2011-03-29,727
2011-03-29,727
2011-03-29,725
2011-03-30,722
2011-03-30,722
2011-03-30,722
2011-03-30,721
2011-03-31,718
2011-03-31,718
2011-03-31,718
2011-03-31,713
2011-04-01,708
2011-04-01,708
2011-04-01,709
2011-04-01,707
2011-04-02,705.5
2011-04-02,706
2011-04-02,706
2011-04-02,705
2011-04-03,704
2011-04-03,704
2011-04-03,704
2011-04-03,704
2011-04-04,702
2011-04-04,702
2011-04-04,702
2011-04-04,702
2011-04-05,701
2011-04-05,701
2011-04-05,701
2011-04-05,701
2011-04-06,701
2011-04-06,701
2011-04-06,701
2011-04-06,701
2011-04-07,701
2011-04-07,701
2011-04-07,701
2011-04-07,701
2011-04-08,703
2011-04-08,703
2011-04-08,702
2011-04-08,704
2011-04-09,705.5
2011-04-09,706
2011-04-09,705
2011-04-09,706
2011-04-10,707.5
2011-04-10,708
2011-04-10,707
2011-04-10,708
2011-04-11,710
2011-04-11,710
2011-04-11,710
2011-04-11,710
2011-04-12,710.5
2011-04-12,710
2011-04-12,710
2011-04-12,711
2011-04-13,710
2011-04-13,710
2011-04-13,710
2011-04-13,710
2011-04-14,710.5
2011-04-14,710
2011-04-14,711
2011-04-14,710
2011-04-15,708.5
2011-04-15,708
2011-04-15,709
2011-04-15,708
2011-04-16,706.5
2011-04-16,706
2011-04-16,707
2011-04-16,706
2011-04-17,703
2011-04-17,703
2011-04-17,703
2011-04-17,703
2011-04-18,701.5
2011-04-18,702
2011-04-18,702
2011-04-18,701
2011-04-19,701
2011-04-19,701
2011-04-19,701
2011-04-19,701
2011-04-20,701
2011-04-20,701
2011-04-20,701
2011-04-20,701
2011-04-21,700
2011-04-21,700
2011-04-21,700
2011-04-21,700
2011-04-22,699
2011-04-22,699
2011-04-22,699
2011-04-22,699
2011-04-23,698
2011-04-23,698
2011-04-23,698
2011-04-23,698
2011-04-24,698
2011-04-24,698
2011-04-24,698
2011-04-24,698
2011-04-25,697.5
2011-04-25,698
2011-04-25,698
2011-04-25,697
2011-04-26,694.5
2011-04-26,694
2011-04-26,695
2011-04-26,694
2011-04-27,693
2011-04-27,693
2011-04-27,693
2011-04-27,693
2011-04-28,693
2011-04-28,693
2011-04-28,693
2011-04-28,693
2011-04-29,693
2011-04-29,693
2011-04-29,693
2011-04-29,693
2011-04-30,692
2011-04-30,692
2011-04-30,692
2011-04-30,692
2011-05-01,691
2011-05-01,691
2011-05-01,691
2011-05-01,691
2011-05-02,690
2011-05-02,690
2011-05-02,690
2011-05-02,690
2011-05-03,689.5
2011-05-03,690
2011-05-03,690
2011-05-03,689
2011-05-04,689
2011-05-04,689
2011-05-04,689
2011-05-04,689
2011-05-05,689
2011-05-05,689
2011-05-05,689
2011-05-05,689
2011-05-06,688
2011-05-06,688
2011-05-06,688
2011-05-06,688
2011-05-07,686.5
2011-05-07,686
2011-05-07,687
2011-05-07,686
2011-05-08,684
2011-05-08,684
2011-05-08,685
2011-05-08,683
2011-05-09,680.5
2011-05-09,680
2011-05-09,681
2011-05-09,680
2011-05-10,676.5
2011-05-10,676
2011-05-10,677
2011-05-10,676
2011-05-11,674
2011-05-11,674
2011-05-11,675
2011-05-11,673
2011-05-12,670
2011-05-12,672
2011-05-12,670
2011-05-12,670
2011-05-13,674.5
2011-05-13,669
2011-05-13,675
2011-05-13,674
2011-05-14,669
2011-05-14,667
2011-05-14,670
2011-05-14,668
2011-05-15,665
2011-05-15,665
2011-05-15,666
2011-05-15,664
2011-05-16,659
2011-05-16,659
2011-05-16,660
2011-05-16,658
2011-05-17,654
2011-05-17,654
2011-05-17,656
2011-05-17,652
2011-05-18,636
2011-05-18,636
2011-05-18,639
2011-05-18,633
2011-05-19,627
2011-05-19,627
2011-05-19,627
2011-05-19,627
2011-05-20,624
2011-05-20,624
2011-05-20,625
2011-05-20,623
2011-05-21,615.5
2011-05-21,616
2011-05-21,618
2011-05-21,613
2011-05-22,613
2011-05-22,613
2011-05-22,614
2011-05-22,612
2011-05-23,608
2011-05-23,608
2011-05-23,609
2011-05-23,607
2011-05-24,601.5
2011-05-24,602
2011-05-24,603
2011-05-24,600
2011-05-25,597.5
2011-05-25,598
2011-05-25,598
2011-05-25,597
2011-05-26,594.5
2011-05-26,594
2011-05-26,595
2011-05-26,594
2011-05-27,590
2011-05-27,590
2011-05-27,591
2011-05-27,589
2011-05-28,585
2011-05-28,585
2011-05-28,586
2011-05-28,584
2011-05-29,579.5
2011-05-29,580
2011-05-29,581
2011-05-29,578
2011-05-30,572
2011-05-30,572
2011-05-30,574
2011-05-30,570
2011-05-31,562
2011-05-31,562
2011-05-31,564
2011-05-31,560
2011-06-01,551
2011-06-01,551
2011-06-01,553
2011-06-01,548
2011-06-02,540
2011-06-02,540
2011-06-02,542
2011-06-02,538
2011-06-03,529
2011-06-03,529
2011-06-03,531
2011-06-03,527
2011-06-04,519
2011-06-04,519
2011-06-04,520
2011-06-04,517
2011-06-05,508
2011-06-05,508
2011-06-05,510
2011-06-05,506
2011-06-06,500
2011-06-06,500
2011-06-06,497
2011-06-07,491
2011-06-07,491
2011-06-07,492
2011-06-07,489
2011-06-08,481
2011-06-08,481
2011-06-08,483
2011-06-08,478
2011-06-09,472
2011-06-09,472
2011-06-09,472
2011-06-09,471
2011-06-10,469
2011-06-10,469
2011-06-10,469
2011-06-10,468
2011-06-11,463
2011-06-11,463
2011-06-11,466
2011-06-11,460
2011-06-12,454
2011-06-12,454
2011-06-12,455
2011-06-12,452
2011-06-13,448
2011-06-13,448
2011-06-13,449
2011-06-13,447
2011-06-14,444
2011-06-14,444
2011-06-14,445
2011-06-14,443
2011-06-15,439
2011-06-15,439
2011-06-15,441
2011-06-15,437
2011-06-16,432
2011-06-16,432
2011-06-16,433
2011-06-16,431
2011-06-17,428
2011-06-17,428
2011-06-17,428
2011-06-17,427
2011-06-18,423
2011-06-18,423
2011-06-18,424
2011-06-18,422
2011-06-19,418
2011-06-19,418
2011-06-19,419
2011-06-19,416
2011-06-20,413
2011-06-20,413
2011-06-20,412
2011-06-20,413
2011-06-21,409
2011-06-21,409
2011-06-21,409
2011-06-21,408
2011-06-22,406
2011-06-22,406
2011-06-22,406
2011-06-22,405
2011-06-23,403
2011-06-23,403
2011-06-23,403
2011-06-23,402
2011-06-24,397
2011-06-24,397
2011-06-24,397
2011-06-24,396
2011-06-25,393
2011-06-25,393
2011-06-25,393
2011-06-25,392
2011-06-26,391
2011-06-26,391
2011-06-26,391
2011-06-26,390
2011-06-27,389
2011-06-27,389
2011-06-27,389
2011-06-27,388
2011-06-28,388
2011-06-28,388
2011-06-28,388
2011-06-28,387
2011-06-29,387
2011-06-29,387
2011-06-29,387
2011-06-29,386
2011-06-30,384
2011-06-30,384
2011-06-30,384
2011-06-30,384
2011-07-01,383
2011-07-01,383
2011-07-01,383
2011-07-01,383
2011-07-02,381
2011-07-02,381
2011-07-02,381
2011-07-02,381
2011-07-03,379.5
2011-07-03,380
2011-07-03,380
2011-07-03,379
2011-07-04,376.5
2011-07-04,376
2011-07-04,377
2011-07-04,376
2011-07-05,374.5
2011-07-05,374
2011-07-05,375
2011-07-05,374
2011-07-06,372.5
2011-07-06,372
2011-07-06,373
2011-07-06,372
2011-07-07,370.5
2011-07-07,370
2011-07-07,371
2011-07-07,370
2011-07-08,367.5
2011-07-08,368
2011-07-08,368
2011-07-08,367
2011-07-09,365.5
2011-07-09,366
2011-07-09,366
2011-07-09,365
2011-07-10,363.5
2011-07-10,364
2011-07-10,364
2011-07-10,363
2011-07-11,361.5
2011-07-11,362
2011-07-11,362
2011-07-11,361
2011-07-12,359
2011-07-12,359
2011-07-12,360
2011-07-12,358
2011-07-13,355.5
2011-07-13,356
2011-07-13,356
2011-07-13,355
2011-07-14,353.5
2011-07-14,354
2011-07-14,354
2011-07-14,353
2011-07-15,352
2011-07-15,352
2011-07-15,352
2011-07-15,352
2011-07-16,350.5
2011-07-16,350
2011-07-16,351
2011-07-16,350
2011-07-17,347
2011-07-17,347
2011-07-17,348
2011-07-17,346
2011-07-18,342
2011-07-18,342
2011-07-18,343
2011-07-18,341
2011-07-19,338.5
2011-07-19,338
2011-07-19,339
2011-07-19,338
2011-07-20,335.5
2011-07-20,336
2011-07-20,336
2011-07-20,335
2011-07-21,332.5
2011-07-21,332
2011-07-21,333
2011-07-21,332
2011-07-22,329.5
2011-07-22,330
2011-07-22,330
2011-07-22,329
2011-07-23,325.5
2011-07-23,326
2011-07-23,326
2011-07-23,325
2011-07-24,323.5
2011-07-24,324
2011-07-24,324
2011-07-24,323
2011-07-25,321.5
2011-07-25,322
2011-07-25,322
2011-07-25,321
2011-07-26,319.5
2011-07-26,320
2011-07-26,320
2011-07-26,319
2011-07-27,317.5
2011-07-27,318
2011-07-27,318
2011-07-27,317
2011-07-28,315
2011-07-28,315
2011-07-28,316
2011-07-28,314
2011-07-29,311.5
2011-07-29,312
2011-07-29,312
2011-07-29,311
2011-07-30,309.5
2011-07-30,310
2011-07-30,310
2011-07-30,309
2011-07-31,307.5
2011-07-31,308
2011-07-31,308
2011-07-31,307
2011-08-01,383
2011-08-01,305
2011-08-01,383
2011-08-01,383
2011-08-02,381
2011-08-02,303
2011-08-02,381
2011-08-02,381
2011-08-03,379.5
2011-08-03,301
2011-08-03,380
2011-08-03,379
2011-08-04,376.5
2011-08-04,299
2011-08-04,377
2011-08-04,376
2011-08-05,374.5
2011-08-05,298
2011-08-05,375
2011-08-05,374
2011-08-06,372.5
2011-08-06,296
2011-08-06,373
2011-08-06,372
2011-08-07,370.5
2011-08-07,294
2011-08-07,371
2011-08-07,370
2011-08-08,367.5
2011-08-08,293
2011-08-08,368
2011-08-08,367
2011-08-09,365.5
2011-08-09,292
2011-08-09,366
2011-08-09,365
2011-08-10,363.5
2011-08-10,291
2011-08-10,364
2011-08-10,363
2011-08-11,361.5
2011-08-11,291
2011-08-11,362
2011-08-11,361
2011-08-12,359
2011-08-12,289
2011-08-12,360
2011-08-12,358
2011-08-13,355.5
2011-08-13,288
2011-08-13,356
2011-08-13,355
2011-08-14,353.5
2011-08-14,286
2011-08-14,354
2011-08-14,353
2011-08-15,352
2011-08-15,288
2011-08-15,352
2011-08-15,352
2011-08-16,350.5
2011-08-16,287
2011-08-16,351
2011-08-16,350
2011-08-17,347
2011-08-17,286
2011-08-17,348
2011-08-17,346
2011-08-18,342
2011-08-18,284
2011-08-18,343
2011-08-18,341
2011-08-19,338.5
2011-08-19,282
2011-08-19,339
2011-08-19,338
2011-08-20,335.5
2011-08-20,281
2011-08-20,336
2011-08-20,335
2011-08-21,332.5
2011-08-21,280
2011-08-21,333
2011-08-21,332
2011-08-22,329.5
2011-08-22,278
2011-08-22,330
2011-08-22,329
2011-08-23,325.5
2011-08-23,277
2011-08-23,326
2011-08-23,325
2011-08-24,323.5
2011-08-24,276
2011-08-24,324
2011-08-24,323
2011-08-25,321.5
2011-08-25,274
2011-08-25,322
2011-08-25,321
2011-08-26,319.5
2011-08-26,273
2011-08-26,320
2011-08-26,319
2011-08-27,317.5
2011-08-27,272
2011-08-27,318
2011-08-27,317
2011-08-28,315
2011-08-28,269
2011-08-28,316
2011-08-28,314
2011-08-29,311.5
2011-08-29,265
2011-08-29,312
2011-08-29,311
2011-08-30,309.5
2011-08-30,264
2011-08-30,310
2011-08-30,309
2011-08-31,307.5
2011-08-31,264
2011-08-31,308
2011-08-31,307
2011-09-01,263
2011-09-01,263
2011-09-01,263
2011-09-01,263
2011-09-02,262
2011-09-02,262
2011-09-02,262
2011-09-02,262
2011-09-03,260
2011-09-03,260
2011-09-03,260
2011-09-03,259
2011-09-04,260
2011-09-04,260
2011-09-04,258
2011-09-05,260
2011-09-05,260
2011-09-05,260
2011-09-05,260
2011-09-06,259
2011-09-06,259
2011-09-06,259
2011-09-06,259
2011-09-07,258
2011-09-07,258
2011-09-07,258
2011-09-07,258
2011-09-08,257
2011-09-08,257
2011-09-08,257
2011-09-08,256
2011-09-09,256
2011-09-09,256
2011-09-09,256
2011-09-09,256
2011-09-10,258
2011-09-10,258
2011-09-10,255
2011-09-10,260
2011-09-11,258
2011-09-11,258
2011-09-11,258
2011-09-11,258
2011-09-12,256
2011-09-12,256
2011-09-12,256
2011-09-12,256
2011-09-13,256
2011-09-13,256
2011-09-13,256
2011-09-13,256
2011-09-14,255
2011-09-14,255
2011-09-14,255
2011-09-14,255
2011-09-15,254
2011-09-15,254
2011-09-15,254
2011-09-15,254
2011-09-16,254
2011-09-16,254
2011-09-16,254
2011-09-16,254
2011-09-17,253
2011-09-17,253
2011-09-17,253
2011-09-17,253
2011-09-18,253
2011-09-18,253
2011-09-18,253
2011-09-18,253
2011-09-19,252
2011-09-19,252
2011-09-19,252
2011-09-19,252
2011-09-20,251
2011-09-20,251
2011-09-20,251
2011-09-20,251
2011-09-21,250
2011-09-21,250
2011-09-21,250
2011-09-21,250
2011-09-22,250
2011-09-22,250
2011-09-22,250
2011-09-22,250
2011-09-23,249
2011-09-23,249
2011-09-23,249
2011-09-23,249
2011-09-24,248
2011-09-24,248
2011-09-24,248
2011-09-24,248
2011-09-25,247
2011-09-25,247
2011-09-25,247
2011-09-25,247
2011-09-26,246
2011-09-26,246
2011-09-26,246
2011-09-26,246
2011-09-27,245
2011-09-27,245
2011-09-27,245
2011-09-27,245
2011-09-28,244
2011-09-28,244
2011-09-28,244
2011-09-28,244
2011-09-29,243
2011-09-29,243
2011-09-29,243
2011-09-29,243
2011-09-30,243
2011-09-30,243
2011-09-30,243
2011-09-30,243
2011-10-01,242
2011-10-01,242
2011-10-01,242
2011-10-01,242
2011-10-02,242
2011-10-02,242
2011-10-02,242
2011-10-02,242
2011-10-03,241
2011-10-03,241
2011-10-03,241
2011-10-03,241
2011-10-04,241
2011-10-04,241
2011-10-04,241
2011-10-04,241
2011-10-05,241
2011-10-05,241
2011-10-05,241
2011-10-05,241
2011-10-06,242.5
2011-10-06,242
2011-10-06,242
2011-10-06,243
2011-10-07,245
2011-10-07,245
2011-10-07,245
2011-10-07,245
2011-10-08,247
2011-10-08,247
2011-10-08,247
2011-10-08,247
2011-10-09,248
2011-10-09,248
2011-10-09,248
2011-10-09,248
2011-10-10,249
2011-10-10,249
2011-10-10,249
2011-10-10,249
2011-10-11,250
2011-10-11,250
2011-10-11,250
2011-10-11,250
2011-10-12,248
2011-10-12,248
2011-10-12,248
2011-10-12,248
2011-10-13,247
2011-10-13,247
2011-10-13,247
2011-10-13,247
2011-10-14,246
2011-10-14,246
2011-10-14,246
2011-10-14,246
2011-10-15,246
2011-10-15,246
2011-10-15,246
2011-10-15,246
2011-10-16,245
2011-10-16,245
2011-10-16,245
2011-10-16,245
2011-10-17,244
2011-10-17,244
2011-10-17,244
2011-10-17,244
2011-10-18,244
2011-10-18,244
2011-10-18,244
2011-10-18,244
2011-10-19,244
2011-10-19,244
2011-10-19,244
2011-10-19,244
2011-10-20,244
2011-10-20,244
2011-10-20,244
2011-10-20,244
2011-10-21,244
2011-10-21,244
2011-10-21,244
2011-10-21,244
2011-10-22,248.5
2011-10-22,248
2011-10-22,248
2011-10-22,249
2011-10-23,252
2011-10-23,252
2011-10-23,251
2011-10-23,253
2011-10-24,256
2011-10-24,256
2011-10-24,255
2011-10-24,257
2011-10-25,259.5
2011-10-25,260
2011-10-25,259
2011-10-25,260
2011-10-26,262
2011-10-26,262
2011-10-26,261
2011-10-26,263
2011-10-27,267
2011-10-27,267
2011-10-27,265
2011-10-27,269
2011-10-28,271.5
2011-10-28,272
2011-10-28,270
2011-10-28,273
2011-10-29,276.5
2011-10-29,276
2011-10-29,276
2011-10-29,277
2011-10-30,280
2011-10-30,280
2011-10-30,279
2011-10-30,281
2011-10-31,284.5
2011-10-31,284
2011-10-31,284
2011-10-31,285
2011-11-01,287
2011-11-01,287
2011-11-01,286
2011-11-01,288
2011-11-02,291
2011-11-02,291
2011-11-02,291
2011-11-02,291
2011-11-03,290.5
2011-11-03,290
2011-11-03,291
2011-11-03,290
2011-11-04,290
2011-11-04,290
2011-11-04,290
2011-11-04,290
2011-11-05,291
2011-11-05,291
2011-11-05,291
2011-11-05,291
2011-11-06,292
2011-11-06,292
2011-11-06,291
2011-11-06,293
2011-11-07,296
2011-11-07,296
2011-11-07,295
2011-11-07,297
2011-11-08,299
2011-11-08,299
2011-11-08,299
2011-11-08,299
2011-11-09,303
2011-11-09,303
2011-11-09,302
2011-11-09,304
2011-11-10,307
2011-11-10,307
2011-11-10,306
2011-11-10,308
2011-11-11,312.5
2011-11-11,312
2011-11-11,311
2011-11-11,314
2011-11-12,316.5
2011-11-12,316
2011-11-12,316
2011-11-12,317
2011-11-13,325
2011-11-13,325
2011-11-13,323
2011-11-13,327
2011-11-14,340
2011-11-14,340
2011-11-14,338
2011-11-14,342
2011-11-15,344
2011-11-15,344
2011-11-15,343
2011-11-15,345
2011-11-16,351
2011-11-16,351
2011-11-16,349
2011-11-16,353
2011-11-17,363.5
2011-11-17,364
2011-11-17,360
2011-11-17,367
2011-11-18,377.5
2011-11-18,378
2011-11-18,375
2011-11-18,380
2011-11-19,386.5
2011-11-19,386
2011-11-19,385
2011-11-19,388
2011-11-20,392
2011-11-20,392
2011-11-20,391
2011-11-20,393
2011-11-21,396
2011-11-21,396
2011-11-21,395
2011-11-21,397
2011-11-22,401
2011-11-22,401
2011-11-22,400
2011-11-22,402
2011-11-23,405
2011-11-23,405
2011-11-23,404
2011-11-23,406
2011-11-24,407.5
2011-11-24,408
2011-11-24,407
2011-11-24,408
2011-11-25,407
2011-11-25,407
2011-11-25,407
2011-11-25,407
2011-11-26,406
2011-11-26,406
2011-11-26,407
2011-11-26,405
2011-11-27,401.5
2011-11-27,401
2011-11-27,402
2011-11-27,401
2011-11-28,399.5
2011-11-28,400
2011-11-28,400
2011-11-28,399
2011-11-29,398
2011-11-29,398
2011-11-29,398
2011-11-29,398
2011-11-30,398
2011-11-30,398
2011-11-30,398
2011-11-30,398
2011-12-01,399
2011-12-01,399
2011-12-01,398
2011-12-01,400
2011-12-02,401
2011-12-02,401
2011-12-02,401
2011-12-02,401
2011-12-03,401
2011-12-03,401
2011-12-03,401
2011-12-03,401
2011-12-04,403
2011-12-04,403
2011-12-04,402
2011-12-04,404
2011-12-05,404.5
2011-12-05,404
2011-12-05,404
2011-12-05,405
2011-12-06,405
2011-12-06,405
2011-12-06,405
2011-12-06,405
2011-12-07,407.5
2011-12-07,408
2011-12-07,406
2011-12-07,409
2011-12-08,416.5
2011-12-08,416
2011-12-08,413
2011-12-08,420
2011-12-09,427
2011-12-09,427
2011-12-09,425
2011-12-09,429
2011-12-10,436.5
2011-12-10,436
2011-12-10,435
2011-12-10,438
2011-12-11,442.5
2011-12-11,442
2011-12-11,441
2011-12-11,444
2011-12-12,447
2011-12-12,447
2011-12-12,446
2011-12-12,448
2011-12-13,449.5
2011-12-13,450
2011-12-13,449
2011-12-13,450
2011-12-14,452
2011-12-14,452
2011-12-14,452
2011-12-14,452
2011-12-15,451
2011-12-15,451
2011-12-15,452
2011-12-15,450
2011-12-16,448
2011-12-16,448
2011-12-16,448
2011-12-16,448
2011-12-17,442.5
2011-12-17,442
2011-12-17,444
2011-12-17,441
2011-12-18,438
2011-12-18,438
2011-12-18,439
2011-12-18,437
2011-12-19,432.5
2011-12-19,432
2011-12-19,433
2011-12-19,432
2011-12-20,427
2011-12-20,427
2011-12-20,428
2011-12-20,426
2011-12-21,422.5
2011-12-21,422
2011-12-21,423
2011-12-21,422
2011-12-22,420
2011-12-22,420
2011-12-22,420
2011-12-22,420
2011-12-23,418
2011-12-23,418
2011-12-23,418
2011-12-23,418
2011-12-24,419
2011-12-24,419
2011-12-24,418
2011-12-24,420
2011-12-25,421
2011-12-25,421
2011-12-25,420
2011-12-25,422
2011-12-26,424
2011-12-26,424
2011-12-26,422
2011-12-26,426
2011-12-27,429
2011-12-27,429
2011-12-27,428
2011-12-27,430
2011-12-28,433.5
2011-12-28,434
2011-12-28,432
2011-12-28,435
2011-12-29,438
2011-12-29,438
2011-12-29,437
2011-12-29,439
2011-12-30,442.5
2011-12-30,442
2011-12-30,441
2011-12-30,444
2011-12-31,446.5
2011-12-31,446
2011-12-31,446
2011-12-31,447
2012-01-01,449.5
2012-01-01,450
2012-01-01,448
2012-01-01,451
2012-01-02,452
2012-01-02,452
2012-01-02,451
2012-01-02,453
2012-01-03,453.5
2012-01-03,454
2012-01-03,453
2012-01-03,454
2012-01-04,455
2012-01-04,455
2012-01-04,454
2012-01-04,456
2012-01-05,457
2012-01-05,457
2012-01-05,457
2012-01-05,457
2012-01-06,457.5
2012-01-06,458
2012-01-06,457
2012-01-06,458
2012-01-07,460
2012-01-07,460
2012-01-07,460
2012-01-07,460
2012-01-08,462
2012-01-08,462
2012-01-08,461
2012-01-08,463
2012-01-09,467
2012-01-09,467
2012-01-09,465
2012-01-09,469
2012-01-10,479
2012-01-10,479
2012-01-10,477
2012-01-10,481
2012-01-11,491
2012-01-11,491
2012-01-11,488
2012-01-11,494
2012-01-12,510
2012-01-12,510
2012-01-12,506
2012-01-12,514
2012-01-13,520
2012-01-13,520
2012-01-13,519
2012-01-13,521
2012-01-14,534
2012-01-14,534
2012-01-14,532
2012-01-14,536
2012-01-15,545
2012-01-15,545
2012-01-15,542
2012-01-15,548
2012-01-16,557.5
2012-01-16,558
2012-01-16,554
2012-01-16,561
2012-01-17,569
2012-01-17,569
2012-01-17,567
2012-01-17,571
2012-01-18,576.5
2012-01-18,576
2012-01-18,575
2012-01-18,578
2012-01-19,587.5
2012-01-19,588
2012-01-19,584
2012-01-19,591
2012-01-20,596.5
2012-01-20,596
2012-01-20,595
2012-01-20,598
2012-01-21,605
2012-01-21,605
2012-01-21,602
2012-01-21,608
2012-01-22,614
2012-01-22,614
2012-01-22,612
2012-01-22,616
2012-01-23,623.5
2012-01-23,624
2012-01-23,620
2012-01-23,627
2012-01-24,632
2012-01-24,632
2012-01-24,630
2012-01-24,634
2012-01-25,642.5
2012-01-25,642
2012-01-25,640
2012-01-25,645
2012-01-26,652.5
2012-01-26,652
2012-01-26,650
2012-01-26,655
2012-01-27,661
2012-01-27,661
2012-01-27,659
2012-01-27,663
2012-01-28,670
2012-01-28,670
2012-01-28,668
2012-01-28,672
2012-01-29,679
2012-01-29,679
2012-01-29,677
2012-01-29,681
2012-01-30,688
2012-01-30,688
2012-01-30,686
2012-01-30,690
2012-01-31,696.5
2012-01-31,696
2012-01-31,695
2012-01-31,698
2012-02-01,702.5
2012-02-01,702
2012-02-01,701
2012-02-01,704
2012-02-02,709
2012-02-02,709
2012-02-02,707
2012-02-02,711
2012-02-03,714
2012-02-03,714
2012-02-03,713
2012-02-03,715
2012-02-04,719.5
2012-02-04,720
2012-02-04,719
2012-02-04,720
2012-02-05,723.5
2012-02-05,724
2012-02-05,722
2012-02-05,725
2012-02-06,727
2012-02-06,727
2012-02-06,726
2012-02-06,728
2012-02-07,730
2012-02-07,730
2012-02-07,730
2012-02-07,730
2012-02-08,730
2012-02-08,730
2012-02-08,730
2012-02-08,730
2012-02-09,727.5
2012-02-09,728
2012-02-09,728
2012-02-09,727
2012-02-10,726
2012-02-10,726
2012-02-10,726
2012-02-10,726
2012-02-11,725.5
2012-02-11,726
2012-02-11,726
2012-02-11,725
2012-02-12,723
2012-02-12,723
2012-02-12,724
2012-02-12,722
2012-02-13,721.5
2012-02-13,722
2012-02-13,722
2012-02-13,721
2012-02-14,720
2012-02-14,720
2012-02-14,720
2012-02-14,720
2012-02-15,718.5
2012-02-15,718
2012-02-15,719
2012-02-15,718
2012-02-16,715
2012-02-16,715
2012-02-16,716
2012-02-16,714
2012-02-17,714
2012-02-17,714
2012-02-17,714
2012-02-17,714
2012-02-18,712.5
2012-02-18,699
2012-02-18,713
2012-02-18,712
2012-02-19,711
2012-02-19,693
2012-02-19,712
2012-02-19,710
2012-02-20,707.5
2012-02-20,693
2012-02-20,708
2012-02-20,707
2012-02-21,705.5
2012-02-21,691
2012-02-21,706
2012-02-21,705
2012-02-22,702.5
2012-02-22,689
2012-02-22,703
2012-02-22,702
2012-02-23,702
2012-02-23,687
2012-02-23,702
2012-02-23,702
2012-02-24,701
2012-02-24,686
2012-02-24,702
2012-02-24,700
2012-02-25,697.5
2012-02-25,685
2012-02-25,698
2012-02-25,697
2012-02-26,697
2012-02-26,686
2012-02-26,697
2012-02-26,697
2012-02-27,697
2012-02-27,686
2012-02-27,697
2012-02-27,697
2012-02-28,696
2012-02-28,688
2012-02-28,696
2012-02-28,696
2012-02-29,698.5
2012-02-29,690
2012-02-29,698
2012-02-29,699
2012-03-01,585
2012-03-01,689
2012-03-01,586
2012-03-01,584
2012-03-02,581
2012-03-02,690
2012-03-02,582
2012-03-02,580
2012-03-03,576.5
2012-03-03,690
2012-03-03,577
2012-03-03,576
2012-03-04,576
2012-03-04,693
2012-03-04,577
2012-03-04,575
2012-03-05,570.5
2012-03-05,695
2012-03-05,571
2012-03-05,570
2012-03-06,566
2012-03-06,697
2012-03-06,567
2012-03-06,565
2012-03-07,561.5
2012-03-07,699
2012-03-07,563
2012-03-07,560
2012-03-08,558
2012-03-08,700
2012-03-08,559
2012-03-08,557
2012-03-09,554.5
2012-03-09,700
2012-03-09,555
2012-03-09,554
2012-03-10,552.5
2012-03-10,701
2012-03-10,553
2012-03-10,552
2012-03-11,549
2012-03-11,701
2012-03-11,550
2012-03-11,548
2012-03-12,545
2012-03-12,702
2012-03-12,546
2012-03-12,544
2012-03-13,539
2012-03-13,702
2012-03-13,540
2012-03-13,538
2012-03-14,533.5
2012-03-14,703
2012-03-14,535
2012-03-14,532
2012-03-15,525.5
2012-03-15,704
2012-03-15,527
2012-03-15,524
2012-03-16,517.5
2012-03-16,703
2012-03-16,519
2012-03-16,516
2012-03-17,510
2012-03-17,703
2012-03-17,512
2012-03-17,508
2012-03-18,500.5
2012-03-18,701
2012-03-18,502
2012-03-18,499
2012-03-19,494.5
2012-03-19,699
2012-03-19,496
2012-03-19,493
2012-03-20,488.5
2012-03-20,696
2012-03-20,489
2012-03-20,488
2012-03-21,483
2012-03-21,695
2012-03-21,484
2012-03-21,482
2012-03-22,480.5
2012-03-22,695
2012-03-22,481
2012-03-22,480
2012-03-23,479
2012-03-23,696
2012-03-23,479
2012-03-23,479
2012-03-24,478
2012-03-24,698
2012-03-24,478
2012-03-24,478
2012-03-25,477
2012-03-25,699
2012-03-25,477
2012-03-25,477
2012-03-26,476
2012-03-26,701
2012-03-26,476
2012-03-26,476
2012-03-27,475
2012-03-27,705
2012-03-27,475
2012-03-27,475
2012-03-28,475
2012-03-28,706
2012-03-28,475
2012-03-28,475
2012-03-29,474.5
2012-03-29,709
2012-03-29,475
2012-03-29,474
2012-03-30,473
2012-03-30,711
2012-03-30,474
2012-03-30,472
2012-03-31,468.5
2012-03-31,712
2012-03-31,469
2012-03-31,468
2012-04-01,735
2012-04-01,712
2012-04-01,735
2012-04-01,735
2012-04-02,735
2012-04-02,711
2012-04-02,735
2012-04-02,735
2012-04-03,736.5
2012-04-03,708
2012-04-03,736
2012-04-03,737
2012-04-04,737
2012-04-04,705
2012-04-04,737
2012-04-04,737
2012-04-05,736
2012-04-05,701
2012-04-05,736
2012-04-05,736
2012-04-06,734.5
2012-04-06,696
2012-04-06,735
2012-04-06,734
2012-04-07,728
2012-04-07,690
2012-04-07,728
2012-04-07,728
2012-04-08,722.5
2012-04-08,684
2012-04-08,724
2012-04-08,721
2012-04-09,718.5
2012-04-09,678
2012-04-09,719
2012-04-09,718
2012-04-10,711
2012-04-10,672
2012-04-10,713
2012-04-10,709
2012-04-11,704
2012-04-11,664
2012-04-11,705
2012-04-11,703
2012-04-12,695
2012-04-12,656
2012-04-12,696
2012-04-12,694
2012-04-13,684
2012-04-13,647
2012-04-13,688
2012-04-13,680
2012-04-14,673
2012-04-14,640
2012-04-14,675
2012-04-14,671
2012-04-15,662.5
2012-04-15,636
2012-04-15,665
2012-04-15,660
2012-04-16,652.5
2012-04-16,632
2012-04-16,654
2012-04-16,651
2012-04-17,647
2012-04-17,630
2012-04-17,648
2012-04-17,646
2012-04-18,642
2012-04-18,628
2012-04-18,643
2012-04-18,641
2012-04-19,638
2012-04-19,625
2012-04-19,639
2012-04-19,637
2012-04-20,631
2012-04-20,619
2012-04-20,632
2012-04-20,630
2012-04-21,624
2012-04-21,615
2012-04-21,625
2012-04-21,623
2012-04-22,619.5
2012-04-22,612
2012-04-22,620
2012-04-22,619
2012-04-23,616
2012-04-23,609
2012-04-23,616
2012-04-23,616
2012-04-24,615
2012-04-24,605
2012-04-24,615
2012-04-24,615
2012-04-25,612.5
2012-04-25,602
2012-04-25,613
2012-04-25,612
2012-04-26,609.5
2012-04-26,595
2012-04-26,610
2012-04-26,609
2012-04-27,606
2012-04-27,590
2012-04-27,607
2012-04-27,605
2012-04-28,601
2012-04-28,586
2012-04-28,601
2012-04-28,601
2012-04-29,598.5
2012-04-29,583
2012-04-29,599
2012-04-29,598
2012-04-30,591
2012-04-30,579
2012-04-30,592
2012-04-30,590
2012-05-01,585
2012-05-01,575
2012-05-01,586
2012-05-01,584
2012-05-02,581
2012-05-02,572
2012-05-02,582
2012-05-02,580
2012-05-03,576.5
2012-05-03,570
2012-05-03,577
2012-05-03,576
2012-05-04,576
2012-05-04,563
2012-05-04,577
2012-05-04,575
2012-05-05,570.5
2012-05-05,561
2012-05-05,571
2012-05-05,570
2012-05-06,566
2012-05-06,559
2012-05-06,567
2012-05-06,565
2012-05-07,561.5
2012-05-07,558
2012-05-07,563
2012-05-07,560
2012-05-08,558
2012-05-08,555
2012-05-08,559
2012-05-08,557
2012-05-09,554.5
2012-05-09,554
2012-05-09,555
2012-05-09,554
2012-05-10,552.5
2012-05-10,552
2012-05-10,553
2012-05-10,552
2012-05-11,549
2012-05-11,549
2012-05-11,550
2012-05-11,548
2012-05-12,545
2012-05-12,545
2012-05-12,546
2012-05-12,544
2012-05-13,539
2012-05-13,539
2012-05-13,540
2012-05-13,538
2012-05-14,533.5
2012-05-14,534
2012-05-14,535
2012-05-14,532
2012-05-15,525.5
2012-05-15,526
2012-05-15,527
2012-05-15,524
2012-05-16,517.5
2012-05-16,518
2012-05-16,519
2012-05-16,516
2012-05-17,510
2012-05-17,510
2012-05-17,512
2012-05-17,508
2012-05-18,500.5
2012-05-18,500
2012-05-18,502
2012-05-18,499
2012-05-19,494.5
2012-05-19,494
2012-05-19,496
2012-05-19,493
2012-05-20,488.5
2012-05-20,488
2012-05-20,489
2012-05-20,488
2012-05-21,483
2012-05-21,483
2012-05-21,484
2012-05-21,482
2012-05-22,480.5
2012-05-22,480
2012-05-22,481
2012-05-22,480
2012-05-23,479
2012-05-23,479
2012-05-23,479
2012-05-23,479
2012-05-24,478
2012-05-24,478
2012-05-24,478
2012-05-24,478
2012-05-25,477
2012-05-25,477
2012-05-25,477
2012-05-25,477
2012-05-26,476
2012-05-26,476
2012-05-26,476
2012-05-26,476
2012-05-27,475
2012-05-27,475
2012-05-27,475
2012-05-27,475
2012-05-28,475
2012-05-28,475
2012-05-28,475
2012-05-28,475
2012-05-29,475
2012-05-29,475
2012-05-29,475
2012-05-29,475
2012-05-30,473
2012-05-30,473
2012-05-30,474
2012-05-30,472
2012-05-31,468.5
2012-05-31,468
2012-05-31,469
2012-05-31,468
2012-06-01,464
2012-06-01,464
2012-06-01,464
2012-06-01,464
2012-06-02,461
2012-06-02,461
2012-06-02,461
2012-06-02,461
2012-06-03,457.5
2012-06-03,458
2012-06-03,458
2012-06-03,457
2012-06-04,455.5
2012-06-04,456
2012-06-04,456
2012-06-04,455
2012-06-05,451.5
2012-06-05,451
2012-06-05,453
2012-06-05,450
2012-06-06,448.5
2012-06-06,449
2012-06-06,449
2012-06-06,448
2012-06-07,446
2012-06-07,446
2012-06-07,446
2012-06-07,446
2012-06-08,443
2012-06-08,443
2012-06-08,443
2012-06-08,443
2012-06-09,440.5
2012-06-09,440
2012-06-09,441
2012-06-09,440
2012-06-10,437.5
2012-06-10,438
2012-06-10,438
2012-06-10,437
2012-06-11,434.5
2012-06-11,434
2012-06-11,435
2012-06-11,434
2012-06-12,430.5
2012-06-12,430
2012-06-12,431
2012-06-12,430
2012-06-13,427.5
2012-06-13,428
2012-06-13,428
2012-06-13,427
2012-06-14,422.5
2012-06-14,422
2012-06-14,423
2012-06-14,422
2012-06-15,419.5
2012-06-15,420
2012-06-15,420
2012-06-15,419
2012-06-16,415.5
2012-06-16,416
2012-06-16,416
2012-06-16,415
2012-06-17,411
2012-06-17,411
2012-06-17,411
2012-06-17,411
2012-06-18,407.5
2012-06-18,408
2012-06-18,408
2012-06-18,407
2012-06-19,404
2012-06-19,404
2012-06-19,404
2012-06-19,404
2012-06-20,401
2012-06-20,401
2012-06-20,402
2012-06-20,400
2012-06-21,498
2012-06-21,398
2012-06-21,499
2012-06-21,497
2012-06-22,394.5
2012-06-22,394
2012-06-22,395
2012-06-22,394
2012-06-23,391.5
2012-06-23,392
2012-06-23,392
2012-06-23,391
2012-06-24,389.5
2012-06-24,390
2012-06-24,390
2012-06-24,389
2012-06-25,387
2012-06-25,387
2012-06-25,387
2012-06-25,387
2012-06-26,385
2012-06-26,385
2012-06-26,385
2012-06-26,385
2012-06-27,383
2012-06-27,383
2012-06-27,384
2012-06-27,382
2012-06-28,381
2012-06-28,381
2012-06-28,381
2012-06-28,381
2012-06-29,380
2012-06-29,380
2012-06-29,380
2012-06-29,380
2012-06-30,379
2012-06-30,379
2012-06-30,379
2012-06-30,379
2012-07-01,377
2012-07-01,377
2012-07-01,378
2012-07-01,376
2012-07-02,375
2012-07-02,375
2012-07-02,375
2012-07-02,375
2012-07-03,374
2012-07-03,374
2012-07-03,374
2012-07-03,374
2012-07-04,372
2012-07-04,372
2012-07-04,372
2012-07-04,372
2012-07-05,369.5
2012-07-05,370
2012-07-05,370
2012-07-05,369
2012-07-06,367.5
2012-07-06,368
2012-07-06,368
2012-07-06,367
2012-07-07,365
2012-07-07,365
2012-07-07,366
2012-07-07,364
2012-07-08,361
2012-07-08,361
2012-07-08,362
2012-07-08,360
2012-07-09,357
2012-07-09,357
2012-07-09,358
2012-07-09,356
2012-07-10,353.5
2012-07-10,354
2012-07-10,354
2012-07-10,353
2012-07-11,351
2012-07-11,351
2012-07-11,351
2012-07-11,351
2012-07-12,349.5
2012-07-12,350
2012-07-12,350
2012-07-12,349
2012-07-13,345.5
2012-07-13,346
2012-07-13,346
2012-07-13,345
2012-07-14,343.5
2012-07-14,344
2012-07-14,344
2012-07-14,343
2012-07-15,341.5
2012-07-15,342
2012-07-15,342
2012-07-15,341
2012-07-16,340
2012-07-16,340
2012-07-16,340
2012-07-16,340
2012-07-17,337.5
2012-07-17,338
2012-07-17,338
2012-07-17,337
2012-07-18,335.5
2012-07-18,336
2012-07-18,336
2012-07-18,335
2012-07-19,334
2012-07-19,334
2012-07-19,334
2012-07-19,334
2012-07-20,332.5
2012-07-20,332
2012-07-20,333
2012-07-20,332
2012-07-21,330
2012-07-21,330
2012-07-21,330
2012-07-21,330
2012-07-22,329
2012-07-22,329
2012-07-22,329
2012-07-22,329
2012-07-23,327
2012-07-23,327
2012-07-23,327
2012-07-23,327
2012-07-24,325
2012-07-24,325
2012-07-24,325
2012-07-24,325
2012-07-25,323
2012-07-25,323
2012-07-25,323
2012-07-25,323
2012-07-26,322
2012-07-26,322
2012-07-26,322
2012-07-26,322
2012-07-27,319.5
2012-07-27,320
2012-07-27,320
2012-07-27,319
2012-07-28,317.5
2012-07-28,318
2012-07-28,318
2012-07-28,317
2012-07-29,315.5
2012-07-29,316
2012-07-29,316
2012-07-29,315
2012-07-30,313.5
2012-07-30,314
2012-07-30,314
2012-07-30,313
2012-07-31,311.5
2012-07-31,312
2012-07-31,312
2012-07-31,311
2012-08-01,309.5
2012-08-01,310
2012-08-01,310
2012-08-01,309
2012-08-02,307.5
2012-08-02,308
2012-08-02,308
2012-08-02,307
2012-08-03,305.5
2012-08-03,306
2012-08-03,306
2012-08-03,305
2012-08-04,303.5
2012-08-04,304
2012-08-04,304
2012-08-04,303
2012-08-05,301.5
2012-08-05,302
2012-08-05,302
2012-08-05,301
2012-08-06,301
2012-08-06,301
2012-08-06,301
2012-08-06,301
2012-08-07,299
2012-08-07,299
2012-08-07,299
2012-08-07,299
2012-08-08,298
2012-08-08,298
2012-08-08,298
2012-08-08,298
2012-08-09,296.5
2012-08-09,296
2012-08-09,297
2012-08-09,296
2012-08-10,295
2012-08-10,295
2012-08-10,295
2012-08-10,295
2012-08-11,293.5
2012-08-11,294
2012-08-11,294
2012-08-11,293
2012-08-12,291.5
2012-08-12,292
2012-08-12,292
2012-08-12,291
2012-08-13,289.5
2012-08-13,290
2012-08-13,290
2012-08-13,289
2012-08-14,287.5
2012-08-14,288
2012-08-14,288
2012-08-14,287
2012-08-15,286.5
2012-08-15,286
2012-08-15,287
2012-08-15,286
2012-08-16,285
2012-08-16,285
2012-08-16,285
2012-08-16,285
2012-08-17,284
2012-08-17,284
2012-08-17,284
2012-08-17,284
2012-08-18,283
2012-08-18,283
2012-08-18,283
2012-08-18,283
2012-08-19,281.5
2012-08-19,282
2012-08-19,282
2012-08-19,281
2012-08-20,280
2012-08-20,280
2012-08-20,280
2012-08-20,280
2012-08-21,278.5
2012-08-21,278
2012-08-21,279
2012-08-21,278
2012-08-22,276.5
2012-08-22,276
2012-08-22,277
2012-08-22,276
2012-08-23,275
2012-08-23,275
2012-08-23,275
2012-08-23,275
2012-08-24,274
2012-08-24,274
2012-08-24,274
2012-08-24,274
2012-08-25,272
2012-08-25,272
2012-08-25,272
2012-08-25,272
2012-08-26,271
2012-08-26,271
2012-08-26,271
2012-08-26,271
2012-08-27,270
2012-08-27,270
2012-08-27,270
2012-08-27,270
2012-08-28,269
2012-08-28,269
2012-08-28,269
2012-08-28,269
2012-08-29,268
2012-08-29,268
2012-08-29,268
2012-08-29,268
2012-08-30,266.5
2012-08-30,266
2012-08-30,267
2012-08-30,266
2012-08-31,265
2012-08-31,265
2012-08-31,265
2012-08-31,265
2012-09-01,264.5
2012-09-01,264
2012-09-01,265
2012-09-01,264
2012-09-02,263.5
2012-09-02,264
2012-09-02,264
2012-09-02,263
2012-09-03,263
2012-09-03,263
2012-09-03,263
2012-09-03,263
2012-09-04,262
2012-09-04,262
2012-09-04,262
2012-09-04,262
2012-09-05,262
2012-09-05,262
2012-09-05,262
2012-09-05,262
2012-09-06,261
2012-09-06,261
2012-09-06,261
2012-09-06,261
2012-09-07,260
2012-09-07,260
2012-09-07,260
2012-09-07,260
2012-09-08,260
2012-09-08,260
2012-09-08,260
2012-09-08,260
2012-09-09,259.5
2012-09-09,260
2012-09-09,260
2012-09-09,259
2012-09-10,259
2012-09-10,259
2012-09-10,259
2012-09-10,259
2012-09-11,259
2012-09-11,259
2012-09-11,259
2012-09-11,259
2012-09-12,258.5
2012-09-12,258
2012-09-12,259
2012-09-12,258
2012-09-13,257
2012-09-13,257
2012-09-13,257
2012-09-13,257
2012-09-14,256
2012-09-14,256
2012-09-14,256
2012-09-14,256
2012-09-15,255
2012-09-15,255
2012-09-15,255
2012-09-15,255
2012-09-16,254
2012-09-16,254
2012-09-16,254
2012-09-16,254
2012-09-17,253
2012-09-17,253
2012-09-17,253
2012-09-17,253
2012-09-18,253
2012-09-18,253
2012-09-18,253
2012-09-18,253
2012-09-19,252
2012-09-19,252
2012-09-19,252
2012-09-19,252
2012-09-20,252
2012-09-20,252
2012-09-20,252
2012-09-20,252
2012-09-21,249
2012-09-21,249
2012-09-21,249
2012-09-21,249
2012-09-22,248
2012-09-22,248
2012-09-22,248
2012-09-22,248
2012-09-23,248
2012-09-23,248
2012-09-23,248
2012-09-23,248
2012-09-24,247
2012-09-24,247
2012-09-24,247
2012-09-24,247
2012-09-25,247
2012-09-25,247
2012-09-25,247
2012-09-25,247
2012-09-26,247
2012-09-26,247
2012-09-26,247
2012-09-26,247
2012-09-27,246
2012-09-27,246
2012-09-27,246
2012-09-27,246
2012-09-28,246
2012-09-28,246
2012-09-28,246
2012-09-28,246
2012-09-29,247
2012-09-29,247
2012-09-29,247
2012-09-29,247
2012-09-30,247
2012-09-30,247
2012-09-30,247
2012-09-30,247
2012-10-01,247
2012-10-01,247
2012-10-01,247
2012-10-01,247
2012-10-02,246
2012-10-02,246
2012-10-02,246
2012-10-02,246
2012-10-03,246
2012-10-03,246
2012-10-03,246
2012-10-03,246
2012-10-04,246
2012-10-04,246
2012-10-04,246
2012-10-04,246
2012-10-05,245
2012-10-05,245
2012-10-05,245
2012-10-05,245
2012-10-06,245
2012-10-06,245
2012-10-06,245
2012-10-06,245
2012-10-07,245
2012-10-07,245
2012-10-07,245
2012-10-07,245
2012-10-08,245
2012-10-08,245
2012-10-08,245
2012-10-08,245
2012-10-09,245
2012-10-09,245
2012-10-09,245
2012-10-09,245
2012-10-10,246
2012-10-10,246
2012-10-10,246
2012-10-10,246
2012-10-11,254
2012-10-11,254
2012-10-11,255
2012-10-11,253
2012-10-12,256.5
2012-10-12,256
2012-10-12,256
2012-10-12,257
2012-10-13,256.5
2012-10-13,256
2012-10-13,257
2012-10-13,256
2012-10-14,255
2012-10-14,255
2012-10-14,255
2012-10-14,255
2012-10-15,255
2012-10-15,255
2012-10-15,255
2012-10-15,255
2012-10-16,254
2012-10-16,254
2012-10-16,254
2012-10-16,254
2012-10-17,253
2012-10-17,253
2012-10-17,253
2012-10-17,253
2012-10-18,253
2012-10-18,253
2012-10-18,253
2012-10-18,253
2012-10-19,253
2012-10-19,253
2012-10-19,253
2012-10-19,253
2012-10-20,253
2012-10-20,253
2012-10-20,253
2012-10-20,253
2012-10-21,253
2012-10-21,253
2012-10-21,253
2012-10-21,253
2012-10-22,255
2012-10-22,255
2012-10-22,255
2012-10-22,255
2012-10-23,256
2012-10-23,256
2012-10-23,256
2012-10-23,256
2012-10-24,257.5
2012-10-24,258
2012-10-24,257
2012-10-24,258
2012-10-25,258
2012-10-25,258
2012-10-25,258
2012-10-25,258
2012-10-26,258
2012-10-26,258
2012-10-26,258
2012-10-26,258
2012-10-27,258.5
2012-10-27,258
2012-10-27,258
2012-10-27,259
2012-10-28,259.5
2012-10-28,260
2012-10-28,259
2012-10-28,260
2012-10-29,262
2012-10-29,262
2012-10-29,261
2012-10-29,263
2012-10-30,266
2012-10-30,266
2012-10-30,265
2012-10-30,267
2012-10-31,267.5
2012-10-31,268
2012-10-31,267
2012-10-31,268
2012-11-01,268
2012-11-01,268
2012-11-01,268
2012-11-01,268
2012-11-02,269
2012-11-02,269
2012-11-02,269
2012-11-02,269
2012-11-03,270.5
2012-11-03,270
2012-11-03,270
2012-11-03,271
2012-11-04,273.5
2012-11-04,274
2012-11-04,273
2012-11-04,274
2012-11-05,276.5
2012-11-05,276
2012-11-05,276
2012-11-05,277
2012-11-06,278
2012-11-06,278
2012-11-06,278
2012-11-06,278
2012-11-07,278
2012-11-07,278
2012-11-07,278
2012-11-07,278
2012-11-08,279
2012-11-08,279
2012-11-08,279
2012-11-08,279
2012-11-09,279
2012-11-09,279
2012-11-09,279
2012-11-09,279
2012-11-10,279
2012-11-10,279
2012-11-10,279
2012-11-10,279
2012-11-11,279
2012-11-11,279
2012-11-11,279
2012-11-11,279
2012-11-12,280
2012-11-12,280
2012-11-12,280
2012-11-12,280
2012-11-13,280
2012-11-13,280
2012-11-13,280
2012-11-13,280
2012-11-14,279
2012-11-14,279
2012-11-14,279
2012-11-14,279
2012-11-15,279
2012-11-15,279
2012-11-15,279
2012-11-15,279
2012-11-16,280
2012-11-16,280
2012-11-16,280
2012-11-16,280
2012-11-17,281
2012-11-17,281
2012-11-17,281
2012-11-17,281
2012-11-18,281
2012-11-18,281
2012-11-18,281
2012-11-18,281
2012-11-19,281
2012-11-19,281
2012-11-19,281
2012-11-19,281
2012-11-20,282
2012-11-20,282
2012-11-20,281
2012-11-20,283
2012-11-21,285
2012-11-21,285
2012-11-21,284
2012-11-21,286
2012-11-22,288
2012-11-22,288
2012-11-22,287
2012-11-22,289
2012-11-23,291
2012-11-23,291
2012-11-23,290
2012-11-23,292
2012-11-24,293.5
2012-11-24,294
2012-11-24,293
2012-11-24,294
2012-11-25,296
2012-11-25,296
2012-11-25,295
2012-11-25,297
2012-11-26,299
2012-11-26,299
2012-11-26,298
2012-11-26,300
2012-11-27,303
2012-11-27,303
2012-11-27,302
2012-11-27,304
2012-11-28,307
2012-11-28,307
2012-11-28,306
2012-11-28,308
2012-11-29,312
2012-11-29,312
2012-11-29,311
2012-11-29,313
2012-11-30,319
2012-11-30,319
2012-11-30,318
2012-11-30,320
2012-12-01,325
2012-12-01,325
2012-12-01,324
2012-12-01,326
2012-12-02,331
2012-12-02,331
2012-12-02,330
2012-12-02,332
2012-12-03,337
2012-12-03,337
2012-12-03,336
2012-12-03,338
2012-12-04,342
2012-12-04,342
2012-12-04,341
2012-12-04,343
2012-12-05,344.5
2012-12-05,344
2012-12-05,344
2012-12-05,345
2012-12-06,347.5
2012-12-06,348
2012-12-06,347
2012-12-06,348
2012-12-07,352.5
2012-12-07,352
2012-12-07,351
2012-12-07,354
2012-12-08,360.5
2012-12-08,360
2012-12-08,359
2012-12-08,362
2012-12-09,369.5
2012-12-09,370
2012-12-09,367
2012-12-09,372
2012-12-10,378
2012-12-10,378
2012-12-10,377
2012-12-10,379
2012-12-11,383
2012-12-11,383
2012-12-11,383
2012-12-11,383
2012-12-12,383
2012-12-12,383
2012-12-12,383
2012-12-12,383
2012-12-13,385
2012-12-13,385
2012-12-13,385
2012-12-13,385
2012-12-14,388
2012-12-14,388
2012-12-14,387
2012-12-14,389
2012-12-15,391.5
2012-12-15,392
2012-12-15,391
2012-12-15,392
2012-12-16,395.5
2012-12-16,396
2012-12-16,395
2012-12-16,396
2012-12-17,393
2012-12-17,393
2012-12-17,393
2012-12-17,393
2012-12-18,393
2012-12-18,393
2012-12-18,393
2012-12-18,393
2012-12-19,392
2012-12-19,392
2012-12-19,392
2012-12-19,392
2012-12-20,392.5
2012-12-20,392
2012-12-20,393
2012-12-20,392
2012-12-21,392
2012-12-21,392
2012-12-21,392
2012-12-21,392
2012-12-22,391
2012-12-22,391
2012-12-22,391
2012-12-22,391
2012-12-23,392
2012-12-23,392
2012-12-23,392
2012-12-23,392
2012-12-24,392
2012-12-24,392
2012-12-24,392
2012-12-24,392
2012-12-25,391
2012-12-25,391
2012-12-25,391
2012-12-25,391
2012-12-26,391
2012-12-26,391
2012-12-26,391
2012-12-26,391
2012-12-27,391
2012-12-27,391
2012-12-27,391
2012-12-27,391
2012-12-28,389
2012-12-28,389
2012-12-28,389
2012-12-28,389
2012-12-29,389
2012-12-29,389
2012-12-29,389
2012-12-29,389
2012-12-30,388
2012-12-30,388
2012-12-30,388
2012-12-30,388
2012-12-31,385
2012-12-31,385
2012-12-31,385
2012-12-31,385
2013-01-01,385
2013-01-01,385
2013-01-01,385
2013-01-01,385
2013-01-02,384
2013-01-02,384
2013-01-02,384
2013-01-02,384
2013-01-03,381.5
2013-01-03,382
2013-01-03,382
2013-01-03,381
2013-01-04,379
2013-01-04,379
2013-01-04,379
2013-01-04,379
2013-01-05,379
2013-01-05,379
2013-01-05,379
2013-01-05,379
2013-01-06,380
2013-01-06,380
2013-01-06,380
2013-01-06,380
2013-01-07,379
2013-01-07,379
2013-01-07,379
2013-01-07,379
2013-01-08,379
2013-01-08,379
2013-01-08,379
2013-01-08,379
2013-01-09,379
2013-01-09,379
2013-01-09,379
2013-01-09,379
2013-01-10,381
2013-01-10,381
2013-01-10,381
2013-01-10,381
2013-01-11,382
2013-01-11,382
2013-01-11,382
2013-01-11,382
2013-01-12,382
2013-01-12,382
2013-01-12,382
2013-01-12,382
2013-01-13,382
2013-01-13,382
2013-01-13,382
2013-01-13,382
2013-01-14,383
2013-01-14,383
2013-01-14,383
2013-01-14,383
2013-01-15,384.5
2013-01-15,384
2013-01-15,383
2013-01-15,386
2013-01-16,393
2013-01-16,393
2013-01-16,390
2013-01-16,396
2013-01-17,397.5
2013-01-17,398
2013-01-17,397
2013-01-17,398
2013-01-18,402.5
2013-01-18,403
2013-01-18,401
2013-01-18,404
2013-01-19,412
2013-01-19,412
2013-01-19,410
2013-01-19,414
2013-01-20,422
2013-01-20,422
2013-01-20,420
2013-01-20,424
2013-01-21,433
2013-01-21,433
2013-01-21,430
2013-01-21,436
2013-01-22,445.5
2013-01-22,446
2013-01-22,443
2013-01-22,448
2013-01-23,455.5
2013-01-23,456
2013-01-23,453
2013-01-23,458
2013-01-24,465
2013-01-24,465
2013-01-24,464
2013-01-24,466
2013-01-25,469.5
2013-01-25,470
2013-01-25,471
2013-01-25,468
2013-01-26,468.5
2013-01-26,468
2013-01-26,471
2013-01-26,466
2013-01-27,465
2013-01-27,465
2013-01-27,464
2013-01-27,466
2013-01-28,464
2013-01-28,464
2013-01-28,466
2013-01-28,462
2013-01-29,466.5
2013-01-29,466
2013-01-29,465
2013-01-29,468
2013-01-30,520
2013-01-30,467
2013-01-30,516
2013-01-30,524
2013-01-31,532.5
2013-01-31,479
2013-01-31,529
2013-01-31,536
2013-02-01,544
2013-02-01,495
2013-02-01,542
2013-02-01,546
2013-02-02,554.5
2013-02-02,510
2013-02-02,552
2013-02-02,557
2013-02-03,563.5
2013-02-03,522
2013-02-03,562
2013-02-03,565
2013-02-04,569
2013-02-04,529
2013-02-04,568
2013-02-04,570
2013-02-05,574.5
2013-02-05,533
2013-02-05,573
2013-02-05,576
2013-02-06,579.5
2013-02-06,538
2013-02-06,579
2013-02-06,580
2013-02-07,587.5
2013-02-07,545
2013-02-07,586
2013-02-07,589
2013-02-08,587
2013-02-08,550
2013-02-08,580
2013-02-08,594
2013-02-09,599.5
2013-02-09,555
2013-02-09,598
2013-02-09,601
2013-02-10,609.5
2013-02-10,560
2013-02-10,608
2013-02-10,611
2013-02-11,620.5
2013-02-11,564
2013-02-11,619
2013-02-11,622
2013-02-12,629
2013-02-12,566
2013-02-12,628
2013-02-12,630
2013-02-13,636.5
2013-02-13,567
2013-02-13,636
2013-02-13,637
2013-02-14,642
2013-02-14,568
2013-02-14,640
2013-02-14,644
2013-02-15,646.5
2013-02-15,569
2013-02-15,646
2013-02-15,647
2013-02-16,649.5
2013-02-16,571
2013-02-16,649
2013-02-16,650
2013-02-17,651.5
2013-02-17,574
2013-02-17,651
2013-02-17,652
2013-02-18,652.5
2013-02-18,578
2013-02-18,652
2013-02-18,653
2013-02-19,653
2013-02-19,582
2013-02-19,653
2013-02-19,653
2013-02-20,654
2013-02-20,585
2013-02-20,653
2013-02-20,655
2013-02-21,654
2013-02-21,588
2013-02-21,654
2013-02-21,654
2013-02-22,655.5
2013-02-22,590
2013-02-22,655
2013-02-22,656
2013-02-23,656
2013-02-23,591
2013-02-23,656
2013-02-23,656
2013-02-24,657
2013-02-24,592
2013-02-24,657
2013-02-24,657
2013-02-25,659
2013-02-25,592
2013-02-25,658
2013-02-25,660
2013-02-26,660.5
2013-02-26,591
2013-02-26,660
2013-02-26,661
2013-02-27,662
2013-02-27,590
2013-02-27,662
2013-02-27,662
2013-02-28,663
2013-02-28,589
2013-02-28,663
2013-02-28,663
2013-03-01,660.5
2013-03-01,587
2013-03-01,661
2013-03-01,660
2013-03-02,659
2013-03-02,586
2013-03-02,659
2013-03-02,659
2013-03-03,658
2013-03-03,585
2013-03-03,658
2013-03-03,658
2013-03-04,656.5
2013-03-04,585
2013-03-04,657
2013-03-04,656
2013-03-05,654.5
2013-03-05,584
2013-03-05,655
2013-03-05,654
2013-03-06,651
2013-03-06,583
2013-03-06,651
2013-03-06,651
2013-03-07,651
2013-03-07,582
2013-03-07,651
2013-03-07,651
2013-03-08,650
2013-03-08,582
2013-03-08,650
2013-03-08,650
2013-03-09,649
2013-03-09,583
2013-03-09,649
2013-03-09,649
2013-03-10,646
2013-03-10,585
2013-03-10,647
2013-03-10,645
2013-03-11,644.5
2013-03-11,587
2013-03-11,645
2013-03-11,644
2013-03-12,642.5
2013-03-12,588
2013-03-12,643
2013-03-12,642
2013-03-13,642
2013-03-13,588
2013-03-13,642
2013-03-13,642
2013-03-14,640
2013-03-14,588
2013-03-14,640
2013-03-14,640
2013-03-15,640
2013-03-15,588
2013-03-15,640
2013-03-15,640
2013-03-16,638
2013-03-16,587
2013-03-16,638
2013-03-16,638
2013-03-17,638
2013-03-17,585
2013-03-17,638
2013-03-17,638
2013-03-18,642.5
2013-03-18,583
2013-03-18,642
2013-03-18,643
2013-03-19,646
2013-03-19,581
2013-03-19,644
2013-03-19,648
2013-03-20,652
2013-03-20,578
2013-03-20,652
2013-03-20,652
2013-03-21,648
2013-03-21,578
2013-03-21,649
2013-03-21,647
2013-03-22,643.5
2013-03-22,580
2013-03-22,644
2013-03-22,643
2013-03-23,643.5
2013-03-23,583
2013-03-23,643
2013-03-23,644
2013-03-24,645
2013-03-24,582
2013-03-24,644
2013-03-24,646
2013-03-25,654
2013-03-25,589
2013-03-25,652
2013-03-25,656
2013-03-26,664
2013-03-26,591
2013-03-26,662
2013-03-26,666
2013-03-27,667
2013-03-27,593
2013-03-27,667
2013-03-27,667
2013-03-28,666
2013-03-28,597
2013-03-28,666
2013-03-28,666
2013-03-29,671.5
2013-03-29,603
2013-03-29,670
2013-03-29,673
2013-03-30,678.5
2013-03-30,608
2013-03-30,677
2013-03-30,680
2013-03-31,686
2013-03-31,611
2013-03-31,685
2013-03-31,687
2013-04-01,688
2013-04-01,614
2013-04-01,688
2013-04-01,688
2013-04-02,690
2013-04-02,616
2013-04-02,689
2013-04-02,691
2013-04-03,689
2013-04-03,617
2013-04-03,689
2013-04-03,689
2013-04-04,688
2013-04-04,618
2013-04-04,688
2013-04-04,688
2013-04-05,687
2013-04-05,619
2013-04-05,687
2013-04-05,687
2013-04-06,685.5
2013-04-06,620
2013-04-06,686
2013-04-06,685
2013-04-07,684
2013-04-07,621
2013-04-07,684
2013-04-07,684
2013-04-08,683
2013-04-08,622
2013-04-08,683
2013-04-08,683
2013-04-09,680.5
2013-04-09,623
2013-04-09,681
2013-04-09,680
2013-04-10,680.5
2013-04-10,624
2013-04-10,681
2013-04-10,680
2013-04-11,682.5
2013-04-11,625
2013-04-11,680
2013-04-11,685
2013-04-12,684.5
2013-04-12,626
2013-04-12,685
2013-04-12,684
2013-04-13,678.5
2013-04-13,627
2013-04-13,679
2013-04-13,678
2013-04-14,672.5
2013-04-14,628
2013-04-14,674
2013-04-14,671
2013-04-15,665.5
2013-04-15,629
2013-04-15,667
2013-04-15,664
2013-04-16,657.5
2013-04-16,630
2013-04-16,659
2013-04-16,656
2013-04-17,649.5
2013-04-17,630
2013-04-17,651
2013-04-17,648
2013-04-18,644
2013-04-18,631
2013-04-18,644
2013-04-18,644
2013-04-19,638.5
2013-04-19,632
2013-04-19,640
2013-04-19,637
2013-04-20,630
2013-04-20,633
2013-04-20,631
2013-04-20,629
2013-04-21,632
2013-04-21,634
2013-04-21,634
2013-04-21,630
2013-04-22,625.5
2013-04-22,635
2013-04-22,626
2013-04-22,625
2013-04-23,625
2013-04-23,636
2013-04-23,625
2013-04-23,625
2013-04-24,626.5
2013-04-24,637
2013-04-24,626
2013-04-24,627
2013-04-25,627.5
2013-04-25,638
2013-04-25,627
2013-04-25,628
2013-04-26,632.5
2013-04-26,639
2013-04-26,632
2013-04-26,633
2013-04-27,637
2013-04-27,640
2013-04-27,637
2013-04-27,637
2013-04-28,636
2013-04-28,641
2013-04-28,636
2013-04-28,636
2013-04-29,636.5
2013-04-29,642
2013-04-29,636
2013-04-29,637
2013-04-30,638.5
2013-04-30,643
2013-04-30,639
2013-04-30,638
2013-05-01,643.5
2013-05-01,644
2013-05-01,643
2013-05-01,644
2013-05-02,648
2013-05-02,648
2013-05-02,648
2013-05-02,648
2013-05-03,648
2013-05-03,648
2013-05-03,648
2013-05-03,648
2013-05-04,651
2013-05-04,651
2013-05-04,651
2013-05-04,651
2013-05-05,653.5
2013-05-05,654
2013-05-05,653
2013-05-05,654
2013-05-06,654
2013-05-06,654
2013-05-06,654
2013-05-06,654
2013-05-07,654
2013-05-07,654
2013-05-07,654
2013-05-07,654
2013-05-08,655
2013-05-08,655
2013-05-08,654
2013-05-08,656
2013-05-09,655
2013-05-09,655
2013-05-09,655
2013-05-09,655
2013-05-10,656.5
2013-05-10,656
2013-05-10,658
2013-05-10,655
2013-05-11,653.5
2013-05-11,654
2013-05-11,654
2013-05-11,653
2013-05-12,651.5
2013-05-12,652
2013-05-12,652
2013-05-12,651
2013-05-13,650
2013-05-13,650
2013-05-13,650
2013-05-13,650
2013-05-14,650
2013-05-14,650
2013-05-14,650
2013-05-14,650
2013-05-15,649
2013-05-15,649
2013-05-15,649
2013-05-15,649
2013-05-16,647.5
2013-05-16,648
2013-05-16,648
2013-05-16,647
2013-05-17,644
2013-05-17,644
2013-05-17,645
2013-05-17,643
2013-05-18,641
2013-05-18,641
2013-05-18,642
2013-05-18,640
2013-05-19,635.5
2013-05-19,636
2013-05-19,637
2013-05-19,634
2013-05-20,629
2013-05-20,629
2013-05-20,630
2013-05-20,628
2013-05-21,622
2013-05-21,622
2013-05-21,624
2013-05-21,620
2013-05-22,612
2013-05-22,612
2013-05-22,614
2013-05-22,610
2013-05-23,600.5
2013-05-23,600
2013-05-23,602
2013-05-23,599
2013-05-24,593
2013-05-24,593
2013-05-24,595
2013-05-24,591
2013-05-25,582.5
2013-05-25,582
2013-05-25,585
2013-05-25,580
2013-05-26,570.5
2013-05-26,570
2013-05-26,573
2013-05-26,568
2013-05-27,560.5
2013-05-27,560
2013-05-27,562
2013-05-27,559
2013-05-28,552.5
2013-05-28,552
2013-05-28,554
2013-05-28,551
2013-05-29,545
2013-05-29,545
2013-05-29,547
2013-05-29,543
2013-05-30,538
2013-05-30,538
2013-05-30,539
2013-05-30,537
2013-05-31,532
2013-05-31,532
2013-05-31,534
2013-05-31,530
2013-06-01,525
2013-06-01,525
2013-06-01,526
2013-06-01,524
2013-06-02,519
2013-06-02,519
2013-06-02,520
2013-06-02,518
2013-06-03,514.5
2013-06-03,514
2013-06-03,516
2013-06-03,513
2013-06-04,509
2013-06-04,509
2013-06-04,510
2013-06-04,508
2013-06-05,503
2013-06-05,503
2013-06-05,504
2013-06-05,502
2013-06-06,496.5
2013-06-06,496
2013-06-06,498
2013-06-06,495
2013-06-07,491
2013-06-07,491
2013-06-07,492
2013-06-07,490
2013-06-08,484.5
2013-06-08,484
2013-06-08,486
2013-06-08,483
2013-06-09,479
2013-06-09,479
2013-06-09,480
2013-06-09,478
2013-06-10,476
2013-06-10,476
2013-06-10,476
2013-06-10,476
2013-06-11,473
2013-06-11,473
2013-06-11,474
2013-06-11,472
2013-06-12,469
2013-06-12,469
2013-06-12,470
2013-06-12,468
2013-06-13,466
2013-06-13,466
2013-06-13,467
2013-06-13,465
2013-06-14,462
2013-06-14,462
2013-06-14,463
2013-06-14,461
2013-06-15,457
2013-06-15,457
2013-06-15,458
2013-06-15,456
2013-06-16,453
2013-06-16,453
2013-06-16,454
2013-06-16,452
2013-06-17,449
2013-06-17,449
2013-06-17,450
2013-06-17,448
2013-06-18,445.5
2013-06-18,446
2013-06-18,446
2013-06-18,445
2013-06-19,438
2013-06-19,438
2013-06-19,440
2013-06-19,436
2013-06-20,433.5
2013-06-20,434
2013-06-20,434
2013-06-20,433
2013-06-21,429
2013-06-21,429
2013-06-21,430
2013-06-21,428
2013-06-22,425.5
2013-06-22,426
2013-06-22,426
2013-06-22,425
2013-06-23,421
2013-06-23,421
2013-06-23,422
2013-06-23,420
2013-06-24,418
2013-06-24,418
2013-06-24,419
2013-06-24,417
2013-06-25,414.5
2013-06-25,414
2013-06-25,415
2013-06-25,414
2013-06-26,410.5
2013-06-26,411
2013-06-26,411
2013-06-26,410
2013-06-27,405
2013-06-27,405
2013-06-27,407
2013-06-27,403
2013-06-28,403.5
2013-06-28,404
2013-06-28,404
2013-06-28,403
2013-06-29,401
2013-06-29,401
2013-06-29,401
2013-06-29,401
2013-06-30,399
2013-06-30,399
2013-06-30,399
2013-06-30,399
2013-07-01,396.5
2013-07-01,396
2013-07-01,397
2013-07-01,396
2013-07-02,394
2013-07-02,394
2013-07-02,394
2013-07-02,394
2013-07-03,393
2013-07-03,393
2013-07-03,393
2013-07-03,393
2013-07-04,389.5
2013-07-04,390
2013-07-04,390
2013-07-04,389
2013-07-05,387
2013-07-05,387
2013-07-05,387
2013-07-05,387
2013-07-06,384.5
2013-07-06,384
2013-07-06,385
2013-07-06,384
2013-07-07,382.5
2013-07-07,382
2013-07-07,383
2013-07-07,382
2013-07-08,379.5
2013-07-08,380
2013-07-08,380
2013-07-08,379
2013-07-09,377.5
2013-07-09,378
2013-07-09,378
2013-07-09,377
2013-07-10,375.5
2013-07-10,376
2013-07-10,376
2013-07-10,375
2013-07-11,373.5
2013-07-11,374
2013-07-11,374
2013-07-11,373
2013-07-12,370
2013-07-12,370
2013-07-12,370
2013-07-12,370
2013-07-13,368
2013-07-13,368
2013-07-13,369
2013-07-13,367
2013-07-14,364
2013-07-14,364
2013-07-14,365
2013-07-14,363
2013-07-15,360
2013-07-15,360
2013-07-15,361
2013-07-15,359
2013-07-16,357.5
2013-07-16,358
2013-07-16,358
2013-07-16,357
2013-07-17,354.5
2013-07-17,354
2013-07-17,355
2013-07-17,354
2013-07-18,352.5
2013-07-18,352
2013-07-18,353
2013-07-18,352
2013-07-19,350.5
2013-07-19,350
2013-07-19,351
2013-07-19,350
2013-07-20,349
2013-07-20,349
2013-07-20,349
2013-07-20,349
2013-07-21,347.5
2013-07-21,348
2013-07-21,348
2013-07-21,347
2013-07-22,345
2013-07-22,345
2013-07-22,345
2013-07-22,345
2013-07-23,344
2013-07-23,344
2013-07-23,345
2013-07-23,343
2013-07-24,340.5
2013-07-24,340
2013-07-24,341
2013-07-24,340
2013-07-25,337
2013-07-25,337
2013-07-25,337
2013-07-25,337
2013-07-26,335.5
2013-07-26,336
2013-07-26,336
2013-07-26,335
2013-07-27,333.5
2013-07-27,334
2013-07-27,334
2013-07-27,333
2013-07-28,331.5
2013-07-28,332
2013-07-28,332
2013-07-28,331
2013-07-29,333
2013-07-29,333
2013-07-29,330
2013-07-29,336
2013-07-30,335
2013-07-30,335
2013-07-30,335
2013-07-30,335
2013-07-31,334
2013-07-31,334
2013-07-31,334
2013-07-31,334
2013-08-01,333
2013-08-01,333
2013-08-01,333
2013-08-01,333
2013-08-02,331.5
2013-08-02,332
2013-08-02,332
2013-08-02,331
2013-08-03,328.5
2013-08-03,328
2013-08-03,329
2013-08-03,328
2013-08-04,327.5
2013-08-04,328
2013-08-04,328
2013-08-04,327
2013-08-05,325.5
2013-08-05,326
2013-08-05,326
2013-08-05,325
2013-08-06,323
2013-08-06,323
2013-08-06,323
2013-08-06,323
2013-08-07,321
2013-08-07,321
2013-08-07,321
2013-08-07,321
2013-08-08,319
2013-08-08,319
2013-08-08,319
2013-08-08,319
2013-08-09,317
2013-08-09,317
2013-08-09,317
2013-08-09,317
2013-08-10,315
2013-08-10,315
2013-08-10,315
2013-08-10,315
2013-08-11,312
2013-08-11,312
2013-08-11,313
2013-08-11,311
2013-08-12,309
2013-08-12,309
2013-08-12,310
2013-08-12,308
2013-08-13,306
2013-08-13,306
2013-08-13,306
2013-08-13,306
2013-08-14,304.5
2013-08-14,304
2013-08-14,305
2013-08-14,304
2013-08-15,302.5
2013-08-15,302
2013-08-15,303
2013-08-15,302
2013-08-16,301
2013-08-16,301
2013-08-16,301
2013-08-16,301
2013-08-17,300
2013-08-17,300
2013-08-17,300
2013-08-17,300
2013-08-18,299.5
2013-08-18,300
2013-08-18,300
2013-08-18,299
2013-08-19,299
2013-08-19,299
2013-08-19,299
2013-08-19,299
2013-08-20,298
2013-08-20,298
2013-08-20,298
2013-08-20,298
2013-08-21,296
2013-08-21,296
2013-08-21,296
2013-08-21,296
2013-08-22,295
2013-08-22,295
2013-08-22,295
2013-08-22,295
2013-08-23,293.5
2013-08-23,294
2013-08-23,294
2013-08-23,293
2013-08-24,291.5
2013-08-24,292
2013-08-24,292
2013-08-24,291
2013-08-25,289.5
2013-08-25,290
2013-08-25,290
2013-08-25,289
2013-08-26,288
2013-08-26,288
2013-08-26,288
2013-08-26,288
2013-08-27,288
2013-08-27,288
2013-08-27,288
2013-08-27,288
2013-08-28,286
2013-08-28,286
2013-08-28,286
2013-08-28,286
2013-08-29,285
2013-08-29,285
2013-08-29,285
2013-08-29,285
2013-08-30,284
2013-08-30,284
2013-08-30,284
2013-08-30,284
2013-08-31,283
2013-08-31,283
2013-08-31,283
2013-08-31,283
2013-09-01,281.5
2013-09-01,282
2013-09-01,282
2013-09-01,281
2013-09-02,280
2013-09-02,280
2013-09-02,280
2013-09-02,280
2013-09-03,279
2013-09-03,279
2013-09-03,279
2013-09-03,279
2013-09-04,278
2013-09-04,278
2013-09-04,278
2013-09-04,278
2013-09-05,278.5
2013-09-05,278
2013-09-05,279
2013-09-05,278
2013-09-06,277
2013-09-06,277
2013-09-06,277
2013-09-06,277
2013-09-07,275
2013-09-07,275
2013-09-07,275
2013-09-07,275
2013-09-08,274
2013-09-08,274
2013-09-08,274
2013-09-08,274
2013-09-09,272
2013-09-09,272
2013-09-09,272
2013-09-09,272
2013-09-10,272
2013-09-10,272
2013-09-10,272
2013-09-10,272
2013-09-11,271.5
2013-09-11,272
2013-09-11,272
2013-09-11,271
2013-09-12,274.5
2013-09-12,274
2013-09-12,275
2013-09-12,274
2013-09-13,272
2013-09-13,272
2013-09-13,272
2013-09-13,272
2013-09-14,272
2013-09-14,272
2013-09-14,272
2013-09-14,272
2013-09-15,272
2013-09-15,272
2013-09-15,272
2013-09-15,272
2013-09-16,273.5
2013-09-16,274
2013-09-16,274
2013-09-16,273
2013-09-17,272.5
2013-09-17,272
2013-09-17,273
2013-09-17,272
2013-09-18,272
2013-09-18,272
2013-09-18,272
2013-09-18,272
2013-09-19,272
2013-09-19,272
2013-09-19,272
2013-09-19,272
2013-09-20,270
2013-09-20,270
2013-09-20,270
2013-09-20,270
2013-09-21,270
2013-09-21,270
2013-09-21,270
2013-09-21,270
2013-09-22,268.5
2013-09-22,268
2013-09-22,269
2013-09-22,268
2013-09-23,266.5
2013-09-23,266
2013-09-23,267
2013-09-23,266
2013-09-24,266
2013-09-24,266
2013-09-24,266
2013-09-24,266
2013-09-25,264
2013-09-25,264
2013-09-25,264
2013-09-25,264
2013-09-26,264
2013-09-26,264
2013-09-26,264
2013-09-26,264
2013-09-27,264
2013-09-27,264
2013-09-27,264
2013-09-27,264
2013-09-28,263
2013-09-28,263
2013-09-28,263
2013-09-28,263
2013-09-29,263
2013-09-29,263
2013-09-29,263
2013-09-29,263
2013-09-30,262
2013-09-30,262
2013-09-30,262
2013-09-30,262
2013-10-01,262
2013-10-01,262
2013-10-01,262
2013-10-01,262
2013-10-02,262.5
2013-10-02,262
2013-10-02,262
2013-10-02,263
2013-10-03,264
2013-10-03,264
2013-10-03,264
2013-10-03,264
2013-10-04,264
2013-10-04,264
2013-10-04,264
2013-10-04,264
2013-10-05,264
2013-10-05,264
2013-10-05,264
2013-10-05,264
2013-10-06,263
2013-10-06,263
2013-10-06,263
2013-10-06,263
2013-10-07,262
2013-10-07,262
2013-10-07,262
2013-10-07,262
2013-10-08,262
2013-10-08,262
2013-10-08,262
2013-10-08,262
2013-10-09,262
2013-10-09,262
2013-10-09,262
2013-10-09,262
2013-10-10,261
2013-10-10,261
2013-10-10,261
2013-10-10,261
2013-10-11,261
2013-10-11,261
2013-10-11,261
2013-10-11,261
2013-10-12,260
2013-10-12,260
2013-10-12,260
2013-10-12,260
2013-10-13,260
2013-10-13,260
2013-10-13,260
2013-10-13,260
2013-10-14,262
2013-10-14,262
2013-10-14,260
2013-10-14,264
2013-10-15,264
2013-10-15,264
2013-10-15,264
2013-10-15,264
2013-10-16,264
2013-10-16,264
2013-10-16,264
2013-10-16,264
2013-10-17,264
2013-10-17,264
2013-10-17,264
2013-10-17,264
2013-10-18,263
2013-10-18,263
2013-10-18,263
2013-10-18,263
2013-10-19,262
2013-10-19,262
2013-10-19,262
2013-10-19,262
2013-10-20,262
2013-10-20,262
2013-10-20,262
2013-10-20,262
2013-10-21,262
2013-10-21,262
2013-10-21,262
2013-10-21,262
2013-10-22,261.5
2013-10-22,262
2013-10-22,261
2013-10-22,262
2013-10-23,261
2013-10-23,261
2013-10-23,261
2013-10-23,261
2013-10-24,261
2013-10-24,261
2013-10-24,261
2013-10-24,261
2013-10-25,264.5
2013-10-25,264
2013-10-25,264
2013-10-25,265
2013-10-26,266
2013-10-26,266
2013-10-26,266
2013-10-26,266
2013-10-27,267
2013-10-27,267
2013-10-27,267
2013-10-27,267
2013-10-28,268
2013-10-28,268
2013-10-28,268
2013-10-28,268
2013-10-29,270.5
2013-10-29,270
2013-10-29,270
2013-10-29,271
2013-10-30,273.5
2013-10-30,274
2013-10-30,273
2013-10-30,274
2013-10-31,277.5
2013-10-31,278
2013-10-31,277
2013-10-31,278
2013-11-01,280
2013-11-01,280
2013-11-01,280
2013-11-01,280
2013-11-02,280
2013-11-02,280
2013-11-02,280
2013-11-02,280
2013-11-03,280
2013-11-03,280
2013-11-03,280
2013-11-03,280
2013-11-04,283.5
2013-11-04,284
2013-11-04,282
2013-11-04,285
2013-11-05,289
2013-11-05,289
2013-11-05,289
2013-11-05,289
2013-11-06,291
2013-11-06,291
2013-11-06,291
2013-11-06,291
2013-11-07,291.5
2013-11-07,292
2013-11-07,291
2013-11-07,292
2013-11-08,294.5
2013-11-08,294
2013-11-08,294
2013-11-08,295
2013-11-09,298
2013-11-09,298
2013-11-09,298
2013-11-09,298
2013-11-10,300
2013-11-10,300
2013-11-10,299
2013-11-10,301
2013-11-11,303.5
2013-11-11,304
2013-11-11,303
2013-11-11,304
2013-11-12,307
2013-11-12,307
2013-11-12,306
2013-11-12,308
2013-11-13,314
2013-11-13,314
2013-11-13,312
2013-11-13,316
2013-11-14,319
2013-11-14,319
2013-11-14,318
2013-11-14,320
2013-11-15,322.5
2013-11-15,322
2013-11-15,322
2013-11-15,323
2013-11-16,325.5
2013-11-16,326
2013-11-16,325
2013-11-16,326
2013-11-17,329
2013-11-17,329
2013-11-17,328
2013-11-17,330
2013-11-18,332.5
2013-11-18,332
2013-11-18,332
2013-11-18,333
2013-11-19,336
2013-11-19,336
2013-11-19,335
2013-11-19,337
2013-11-20,341.5
2013-11-20,342
2013-11-20,339
2013-11-20,344
2013-11-21,347
2013-11-21,347
2013-11-21,346
2013-11-21,348
2013-11-22,352.5
2013-11-22,352
2013-11-22,352
2013-11-22,353
2013-11-23,357
2013-11-23,357
2013-11-23,355
2013-11-23,359
2013-11-24,367.5
2013-11-24,368
2013-11-24,366
2013-11-24,369
2013-11-25,374
2013-11-25,374
2013-11-25,373
2013-11-25,375
2013-11-26,379
2013-11-26,379
2013-11-26,378
2013-11-26,380
2013-11-27,383
2013-11-27,383
2013-11-27,382
2013-11-27,384
2013-11-28,387.5
2013-11-28,388
2013-11-28,387
2013-11-28,388
2013-11-29,389
2013-11-29,389
2013-11-29,389
2013-11-29,389
2013-11-30,389
2013-11-30,389
2013-11-30,389
2013-11-30,389
2013-12-01,389
2013-12-01,389
2013-12-01,389
2013-12-01,389
2013-12-02,390
2013-12-02,390
2013-12-02,390
2013-12-02,390
2013-12-03,388
2013-12-03,388
2013-12-03,388
2013-12-03,388
2013-12-04,386.5
2013-12-04,386
2013-12-04,387
2013-12-04,386
2013-12-05,386.5
2013-12-05,386
2013-12-05,386
2013-12-05,387
2013-12-06,388.5
2013-12-06,388
2013-12-06,387
2013-12-06,390
2013-12-07,390.5
2013-12-07,390
2013-12-07,390
2013-12-07,391
2013-12-08,393
2013-12-08,393
2013-12-08,393
2013-12-08,393
2013-12-09,395.5
2013-12-09,396
2013-12-09,395
2013-12-09,396
2013-12-10,397
2013-12-10,397
2013-12-10,397
2013-12-10,397
2013-12-11,397
2013-12-11,397
2013-12-11,397
2013-12-11,397
2013-12-12,394.5
2013-12-12,394
2013-12-12,395
2013-12-12,394
2013-12-13,393
2013-12-13,393
2013-12-13,393
2013-12-13,393
2013-12-14,392
2013-12-14,392
2013-12-14,392
2013-12-14,392
2013-12-15,391
2013-12-15,391
2013-12-15,391
2013-12-15,391
2013-12-16,393
2013-12-16,393
2013-12-16,393
2013-12-16,393
2013-12-17,394
2013-12-17,394
2013-12-17,394
2013-12-17,394
2013-12-18,394
2013-12-18,394
2013-12-18,394
2013-12-18,394
2013-12-19,393
2013-12-19,393
2013-12-19,393
2013-12-19,393
2013-12-20,394
2013-12-20,394
2013-12-20,394
2013-12-20,394
2013-12-21,395
2013-12-21,395
2013-12-21,395
2013-12-21,395
2013-12-22,397.5
2013-12-22,398
2013-12-22,397
2013-12-22,398
2013-12-23,402
2013-12-23,402
2013-12-23,401
2013-12-23,403
2013-12-24,409
2013-12-24,409
2013-12-24,408
2013-12-24,410
2013-12-25,415
2013-12-25,415
2013-12-25,414
2013-12-25,416
2013-12-26,424.5
2013-12-26,424
2013-12-26,423
2013-12-26,426
2013-12-27,433
2013-12-27,433
2013-12-27,431
2013-12-27,435
2013-12-28,440
2013-12-28,440
2013-12-28,439
2013-12-28,441
2013-12-29,447
2013-12-29,447
2013-12-29,445
2013-12-29,449
2013-12-30,456.5
2013-12-30,457
2013-12-30,455
2013-12-30,458
2013-12-31,465
2013-12-31,465
2013-12-31,463
2013-12-31,467
2014-01-01,474.5
2014-01-01,474
2014-01-01,472
2014-01-01,477
2014-01-02,483.5
2014-01-02,484
2014-01-02,482
2014-01-02,485
2014-01-03,490
2014-01-03,490
2014-01-03,489
2014-01-03,491
2014-01-04,496.5
2014-01-04,496
2014-01-04,495
2014-01-04,498
2014-01-05,500.5
2014-01-05,500
2014-01-05,500
2014-01-05,501
2014-01-06,502.5
2014-01-06,503
2014-01-06,502
2014-01-06,503
2014-01-07,504.5
2014-01-07,504
2014-01-07,504
2014-01-07,505
2014-01-08,508.5
2014-01-08,508
2014-01-08,508
2014-01-08,509
2014-01-09,513
2014-01-09,513
2014-01-09,514
2014-01-09,512
2014-01-10,512
2014-01-10,512
2014-01-10,512
2014-01-10,512
2014-01-11,512
2014-01-11,512
2014-01-11,512
2014-01-11,512
2014-01-12,515
2014-01-12,515
2014-01-12,514
2014-01-12,516
2014-01-13,515.5
2014-01-13,516
2014-01-13,515
2014-01-13,516
2014-01-14,511
2014-01-14,511
2014-01-14,512
2014-01-14,510
2014-01-15,508
2014-01-15,508
2014-01-15,508
2014-01-15,508
2014-01-16,508
2014-01-16,508
2014-01-16,508
2014-01-16,508
2014-01-17,507
2014-01-17,507
2014-01-17,507
2014-01-17,507
2014-01-18,506
2014-01-18,506
2014-01-18,507
2014-01-18,505
2014-01-19,504.5
2014-01-19,504
2014-01-19,505
2014-01-19,504
2014-01-20,504
2014-01-20,504
2014-01-20,504
2014-01-20,504
2014-01-21,504
2014-01-21,504
2014-01-21,504
2014-01-21,504
2014-01-22,504
2014-01-22,504
2014-01-22,504
2014-01-22,504
2014-01-23,503
2014-01-23,503
2014-01-23,503
2014-01-23,503
2014-01-24,503
2014-01-24,503
2014-01-24,503
2014-01-24,503
2014-01-25,504.5
2014-01-25,504
2014-01-25,504
2014-01-25,505
2014-01-26,505.5
2014-01-26,506
2014-01-26,505
2014-01-26,506
2014-01-27,507.5
2014-01-27,508
2014-01-27,507
2014-01-27,508
2014-01-28,509
2014-01-28,509
2014-01-28,508
2014-01-28,510
2014-01-29,514
2014-01-29,514
2014-01-29,512
2014-01-29,516
2014-01-30,521
2014-01-30,521
2014-01-30,520
2014-01-30,522
2014-01-31,529
2014-01-31,529
2014-01-31,528
2014-01-31,530
2014-02-01,534
2014-02-01,534
2014-02-01,533
2014-02-01,535
2014-02-02,540.5
2014-02-02,540
2014-02-02,539
2014-02-02,542
2014-02-03,547
2014-02-03,547
2014-02-03,546
2014-02-03,548
2014-02-04,553
2014-02-04,553
2014-02-04,552
2014-02-04,554
2014-02-05,560
2014-02-05,560
2014-02-05,560
2014-02-05,560
2014-02-06,568.5
2014-02-06,568
2014-02-06,568
2014-02-06,569
2014-02-07,573.5
2014-02-07,574
2014-02-07,572
2014-02-07,575
2014-02-08,580.5
2014-02-08,580
2014-02-08,579
2014-02-08,582
2014-02-09,586
2014-02-09,586
2014-02-09,586
2014-02-09,586
2014-02-10,589
2014-02-10,589
2014-02-10,588
2014-02-10,590
2014-02-11,597
2014-02-11,597
2014-02-11,595
2014-02-11,599
2014-02-12,605.5
2014-02-12,606
2014-02-12,604
2014-02-12,607
2014-02-13,609
2014-02-13,609
2014-02-13,609
2014-02-13,609
2014-02-14,609
2014-02-14,609
2014-02-14,609
2014-02-14,609
2014-02-15,615.5
2014-02-15,616
2014-02-15,613
2014-02-15,618
2014-02-16,625
2014-02-16,625
2014-02-16,624
2014-02-16,626
2014-02-17,632
2014-02-17,632
2014-02-17,630
2014-02-17,634
2014-02-18,637
2014-02-18,637
2014-02-18,635
2014-02-18,639
2014-02-19,647
2014-02-19,647
2014-02-19,646
2014-02-19,648
2014-02-20,651
2014-02-20,651
2014-02-20,650
2014-02-20,652
2014-02-21,655
2014-02-21,655
2014-02-21,654
2014-02-21,656
2014-02-22,663
2014-02-22,663
2014-02-22,661
2014-02-22,665
2014-02-23,672
2014-02-23,672
2014-02-23,671
2014-02-23,673
2014-02-24,676.5
2014-02-24,676
2014-02-24,675
2014-02-24,678
2014-02-25,681.5
2014-02-25,682
2014-02-25,680
2014-02-25,683
2014-02-26,691.5
2014-02-26,692
2014-02-26,690
2014-02-26,693
2014-02-27,697.5
2014-02-27,698
2014-02-27,697
2014-02-27,698
2014-02-28,702.5
2014-02-28,702
2014-02-28,702
2014-02-28,703
2014-03-01,705.5
2014-03-01,706
2014-03-01,704
2014-03-01,707
2014-03-02,715.5
2014-03-02,716
2014-03-02,713
2014-03-02,718
2014-03-03,736
2014-03-03,736
2014-03-03,730
2014-03-03,742
2014-03-04,752
2014-03-04,752
2014-03-04,751
2014-03-04,753
2014-03-05,750.5
2014-03-05,750
2014-03-05,752
2014-03-05,749
2014-03-06,748
2014-03-06,748
2014-03-06,748
2014-03-06,748
2014-03-07,751.5
2014-03-07,752
2014-03-07,751
2014-03-07,752
2014-03-08,758
2014-03-08,758
2014-03-08,755
2014-03-08,761
2014-03-09,768
2014-03-09,768
2014-03-09,768
2014-03-09,768
2014-03-10,776
2014-03-10,776
2014-03-10,772
2014-03-10,780
2014-03-11,790.5
2014-03-11,790
2014-03-11,788
2014-03-11,793
2014-03-12,805.5
2014-03-12,806
2014-03-12,802
2014-03-12,809
2014-03-13,812.5
2014-03-13,812
2014-03-13,812
2014-03-13,813
2014-03-14,813
2014-03-14,813
2014-03-14,813
2014-03-14,813
2014-03-15,817.5
2014-03-15,818
2014-03-15,816
2014-03-15,819
2014-03-16,823
2014-03-16,823
2014-03-16,823
2014-03-16,823
2014-03-17,822.5
2014-03-17,822
2014-03-17,823
2014-03-17,822
2014-03-18,818
2014-03-18,818
2014-03-18,819
2014-03-18,817
2014-03-19,813.5
2014-03-19,814
2014-03-19,814
2014-03-19,813
2014-03-20,813
2014-03-20,813
2014-03-20,813
2014-03-20,813
2014-03-21,813
2014-03-21,813
2014-03-21,813
2014-03-21,813
2014-03-22,810.5
2014-03-22,810
2014-03-22,811
2014-03-22,810
2014-03-23,806.5
2014-03-23,806
2014-03-23,808
2014-03-23,805
2014-03-24,799.5
2014-03-24,800
2014-03-24,801
2014-03-24,798
2014-03-25,797.5
2014-03-25,798
2014-03-25,798
2014-03-25,797
2014-03-26,791.5
2014-03-26,792
2014-03-26,792
2014-03-26,791
2014-03-27,787
2014-03-27,787
2014-03-27,788
2014-03-27,786
2014-03-28,781
2014-03-28,781
2014-03-28,783
2014-03-28,779
2014-03-29,775.5
2014-03-29,776
2014-03-29,776
2014-03-29,775
2014-03-30,774
2014-03-30,774
2014-03-30,774
2014-03-30,774
2014-03-31,772
2014-03-31,772
2014-03-31,773
2014-03-31,771
2014-04-01,767.5
2014-04-01,768
2014-04-01,768
2014-04-01,767
2014-04-02,762
2014-04-02,762
2014-04-02,762
2014-04-02,762
2014-04-03,761
2014-04-03,761
2014-04-03,762
2014-04-03,760
2014-04-04,760
2014-04-04,760
2014-04-04,760
2014-04-04,760
2014-04-05,757.5
2014-04-05,758
2014-04-05,758
2014-04-05,757
2014-04-06,754.5
2014-04-06,754
2014-04-06,755
2014-04-06,754
2014-04-07,752
2014-04-07,752
2014-04-07,752
2014-04-07,752
2014-04-08,751.5
2014-04-08,752
2014-04-08,752
2014-04-08,751
2014-04-09,750
2014-04-09,750
2014-04-09,750
2014-04-09,750
2014-04-10,749
2014-04-10,749
2014-04-10,749
2014-04-10,749
2014-04-11,747.5
2014-04-11,748
2014-04-11,748
2014-04-11,747
2014-04-12,744.5
2014-04-12,744
2014-04-12,745
2014-04-12,744
2014-04-13,742
2014-04-13,742
2014-04-13,742
2014-04-13,742
2014-04-14,739
2014-04-14,739
2014-04-14,740
2014-04-14,738
2014-04-15,735.5
2014-04-15,736
2014-04-15,737
2014-04-15,734
2014-04-16,731
2014-04-16,731
2014-04-16,731
2014-04-16,731
2014-04-17,730
2014-04-17,730
2014-04-17,731
2014-04-17,729
2014-04-18,724
2014-04-18,724
2014-04-18,725
2014-04-18,723
2014-04-19,719
2014-04-19,719
2014-04-19,720
2014-04-19,718
2014-04-20,714.5
2014-04-20,714
2014-04-20,715
2014-04-20,714
2014-04-21,710
2014-04-21,710
2014-04-21,711
2014-04-21,709
2014-04-22,703.5
2014-04-22,704
2014-04-22,705
2014-04-22,702
2014-04-23,697.5
2014-04-23,698
2014-04-23,698
2014-04-23,697
2014-04-24,696
2014-04-24,696
2014-04-24,696
2014-04-24,696
2014-04-25,692
2014-04-25,692
2014-04-25,693
2014-04-25,691
2014-04-26,687.5
2014-04-26,688
2014-04-26,689
2014-04-26,686
2014-04-27,683
2014-04-27,683
2014-04-27,683
2014-04-27,683
2014-04-28,684.5
2014-04-28,684
2014-04-28,685
2014-04-28,684
2014-04-29,679.5
2014-04-29,680
2014-04-29,680
2014-04-29,679
2014-04-30,673
2014-04-30,673
2014-04-30,674
2014-04-30,672
2014-05-01,668.5
2014-05-01,668
2014-05-01,669
2014-05-01,668
2014-05-02,664.5
2014-05-02,664
2014-05-02,665
2014-05-02,664
2014-05-03,659.5
2014-05-03,660
2014-05-03,661
2014-05-03,658
2014-05-04,658
2014-05-04,658
2014-05-04,658
2014-05-04,658
2014-05-05,654.5
2014-05-05,654
2014-05-05,655
2014-05-05,654
2014-05-06,652
2014-05-06,652
2014-05-06,652
2014-05-06,652
2014-05-07,648
2014-05-07,648
2014-05-07,648
2014-05-07,648
2014-05-08,647.5
2014-05-08,648
2014-05-08,648
2014-05-08,647
2014-05-09,646
2014-05-09,646
2014-05-09,647
2014-05-09,645
2014-05-10,640.5
2014-05-10,640
2014-05-10,642
2014-05-10,639
2014-05-11,636.5
2014-05-11,636
2014-05-11,637
2014-05-11,636
2014-05-12,633
2014-05-12,633
2014-05-12,634
2014-05-12,632
2014-05-13,628.5
2014-05-13,628
2014-05-13,629
2014-05-13,628
2014-05-14,623.5
2014-05-14,624
2014-05-14,624
2014-05-14,623
2014-05-15,619
2014-05-15,619
2014-05-15,620
2014-05-15,618
2014-05-16,613
2014-05-16,613
2014-05-16,614
2014-05-16,612
2014-05-17,608
2014-05-17,608
2014-05-17,609
2014-05-17,607
2014-05-18,603
2014-05-18,603
2014-05-18,604
2014-05-18,602
2014-05-19,600
2014-05-19,600
2014-05-19,601
2014-05-19,599
2014-05-20,597
2014-05-20,597
2014-05-20,598
2014-05-20,596
2014-05-21,591
2014-05-21,591
2014-05-21,592
2014-05-21,590
2014-05-22,586.5
2014-05-22,586
2014-05-22,587
2014-05-22,586
2014-05-23,583.5
2014-05-23,584
2014-05-23,584
2014-05-23,583
2014-05-24,580.5
2014-05-24,580
2014-05-24,581
2014-05-24,580
2014-05-25,576
2014-05-25,576
2014-05-25,577
2014-05-25,575
2014-05-26,571
2014-05-26,571
2014-05-26,572
2014-05-26,570
2014-05-27,564
2014-05-27,564
2014-05-27,566
2014-05-27,562
2014-05-28,559
2014-05-28,559
2014-05-28,560
2014-05-28,558
2014-05-29,552.5
2014-05-29,552
2014-05-29,554
2014-05-29,551
2014-05-30,547.5
2014-05-30,548
2014-05-30,548
2014-05-30,547
2014-05-31,543.5
2014-05-31,544
2014-05-31,544
2014-05-31,543
2014-06-01,541
2014-06-01,541
2014-06-01,542
2014-06-01,540
2014-06-02,537
2014-06-02,537
2014-06-02,538
2014-06-02,536
2014-06-03,532.5
2014-06-03,532
2014-06-03,534
2014-06-03,531
2014-06-04,527
2014-06-04,527
2014-06-04,528
2014-06-04,526
2014-06-05,520.5
2014-06-05,520
2014-06-05,522
2014-06-05,519
2014-06-06,515.5
2014-06-06,516
2014-06-06,517
2014-06-06,514
2014-06-07,508.5
2014-06-07,508
2014-06-07,510
2014-06-07,507
2014-06-08,502
2014-06-08,502
2014-06-08,503
2014-06-08,501
2014-06-09,495
2014-06-09,495
2014-06-09,496
2014-06-09,494
2014-06-10,488.5
2014-06-10,488
2014-06-10,490
2014-06-10,487
2014-06-11,481
2014-06-11,481
2014-06-11,482
2014-06-11,480
2014-06-12,475
2014-06-12,475
2014-06-12,476
2014-06-12,474
2014-06-13,470
2014-06-13,470
2014-06-13,471
2014-06-13,469
2014-06-14,464
2014-06-14,464
2014-06-14,465
2014-06-14,463
2014-06-15,458.5
2014-06-15,458
2014-06-15,460
2014-06-15,457
2014-06-16,452
2014-06-16,452
2014-06-16,453
2014-06-16,451
2014-06-17,445.5
2014-06-17,446
2014-06-17,448
2014-06-17,443
2014-06-18,441
2014-06-18,441
2014-06-18,443
2014-06-18,439
2014-06-19,435.5
2014-06-19,436
2014-06-19,436
2014-06-19,435
2014-06-20,432.5
2014-06-20,432
2014-06-20,433
2014-06-20,432
2014-06-21,428.5
2014-06-21,428
2014-06-21,430
2014-06-21,427
2014-06-22,424.5
2014-06-22,424
2014-06-22,425
2014-06-22,424
2014-06-23,421.5
2014-06-23,422
2014-06-23,422
2014-06-23,421
2014-06-24,417.5
2014-06-24,418
2014-06-24,418
2014-06-24,417
2014-06-25,414
2014-06-25,414
2014-06-25,415
2014-06-25,413
2014-06-26,410.5
2014-06-26,411
2014-06-26,411
2014-06-26,410
2014-06-27,408
2014-06-27,408
2014-06-27,408
2014-06-27,408
2014-06-28,405.5
2014-06-28,406
2014-06-28,406
2014-06-28,405
2014-06-29,403
2014-06-29,403
2014-06-29,403
2014-06-29,403
2014-06-30,401.5
2014-06-30,401
2014-06-30,402
2014-06-30,401
2014-07-01,398
2014-07-01,398
2014-07-01,399
2014-07-01,397
2014-07-02,395
2014-07-02,395
2014-07-02,396
2014-07-02,394
2014-07-03,392
2014-07-03,392
2014-07-03,392
2014-07-03,392
2014-07-04,390
2014-07-04,389.5
2014-07-04,390
2014-07-04,389
2014-07-05,387
2014-07-05,387
2014-07-05,387
2014-07-05,387
2014-07-06,386
2014-07-06,385.5
2014-07-06,386
2014-07-06,385
2014-07-07,382
2014-07-07,382
2014-07-07,382
2014-07-07,382
2014-07-08,380
2014-07-08,379.5
2014-07-08,380
2014-07-08,379
2014-07-09,376
2014-07-09,376
2014-07-09,376
2014-07-09,376
2014-07-10,373
2014-07-10,373
2014-07-10,374
2014-07-10,372
2014-07-11,370
2014-07-11,370
2014-07-11,370
2014-07-11,370
2014-07-12,368
2014-07-12,367.5
2014-07-12,368
2014-07-12,367
2014-07-13,364
2014-07-13,364.5
2014-07-13,365
2014-07-13,364
2014-07-14,362
2014-07-14,362
2014-07-14,362
2014-07-14,362
2014-07-15,359
2014-07-15,359
2014-07-15,360
2014-07-15,358
2014-07-16,356
2014-07-16,356
2014-07-16,356
2014-07-16,356
2014-07-17,354
2014-07-17,353.5
2014-07-17,354
2014-07-17,353
2014-07-18,350
2014-07-18,350.5
2014-07-18,351
2014-07-18,350
2014-07-19,348
2014-07-19,347.5
2014-07-19,348
2014-07-19,347
2014-07-20,345
2014-07-20,345
2014-07-20,345
2014-07-20,345
2014-07-21,344
2014-07-21,343.5
2014-07-21,344
2014-07-21,343
2014-07-22,340
2014-07-22,340.5
2014-07-22,341
2014-07-22,340
2014-07-23,340
2014-07-23,339.5
2014-07-23,340
2014-07-23,339
2014-07-24,337
2014-07-24,337
2014-07-24,337
2014-07-24,337
2014-07-25,336
2014-07-25,335.5
2014-07-25,336
2014-07-25,335
2014-07-26,333
2014-07-26,333
2014-07-26,334
2014-07-26,332
2014-07-27,328
2014-07-27,328.5
2014-07-27,328
2014-07-27,329
2014-07-28,329
2014-07-28,329
2014-07-28,330
2014-07-28,328
2014-07-29,328
2014-07-29,328.5
2014-07-29,329
2014-07-29,328
2014-07-30,326
2014-07-30,326.5
2014-07-30,328
2014-07-30,325
2014-07-31,326
2014-07-31,326
2014-07-31,326
2014-07-31,326
2014-08-01,324
2014-08-01,324
2014-08-01,324
2014-08-01,324
2014-08-02,322
2014-08-02,322
2014-08-02,322
2014-08-02,322
2014-08-03,320
2014-08-03,320
2014-08-03,320
2014-08-03,320
2014-08-04,317.5
2014-08-04,318
2014-08-04,318
2014-08-04,317
2014-08-05,315.5
2014-08-05,316
2014-08-05,316
2014-08-05,315
2014-08-06,313.5
2014-08-06,314
2014-08-06,314
2014-08-06,313
2014-08-07,311.5
2014-08-07,312
2014-08-07,312
2014-08-07,311
2014-08-08,310
2014-08-08,310
2014-08-08,310
2014-08-08,310
2014-08-09,309
2014-08-09,309
2014-08-09,309
2014-08-09,309
2014-08-10,308
2014-08-10,308
2014-08-10,308
2014-08-10,308
2014-08-11,308
2014-08-11,308
2014-08-11,308
2014-08-11,308
2014-08-12,305
2014-08-12,305
2014-08-12,306
2014-08-12,304
2014-08-13,301.5
2014-08-13,302
2014-08-13,303
2014-08-13,300
2014-08-14,298
2014-08-14,298
2014-08-14,298
2014-08-14,298
2014-08-15,297
2014-08-15,297
2014-08-15,297
2014-08-15,297
2014-08-16,296
2014-08-16,296
2014-08-16,296
2014-08-16,296
2014-08-17,295
2014-08-17,295
2014-08-17,295
2014-08-17,295
2014-08-18,294
2014-08-18,294
2014-08-18,294
2014-08-18,294
2014-08-19,294
2014-08-19,294
2014-08-19,294
2014-08-19,294
2014-08-20,292
2014-08-20,292
2014-08-20,292
2014-08-20,292
2014-08-21,290
2014-08-21,290
2014-08-21,290
2014-08-21,290
2014-08-22,290
2014-08-22,290
2014-08-22,290
2014-08-22,290
2014-08-23,289
2014-08-23,289
2014-08-23,289
2014-08-23,289
2014-08-24,287
2014-08-24,287
2014-08-24,287
2014-08-24,287
2014-08-25,286
2014-08-25,286
2014-08-25,286
2014-08-25,286
2014-08-26,284
2014-08-26,284
2014-08-26,284
2014-08-26,284
2014-08-27,283
2014-08-27,283
2014-08-27,283
2014-08-27,283
2014-08-28,282
2014-08-28,282
2014-08-28,282
2014-08-28,282
2014-08-29,280
2014-08-29,280
2014-08-29,280
2014-08-29,280
2014-08-30,280
2014-08-30,280
2014-08-30,280
2014-08-30,280
2014-08-31,279
2014-08-31,279
2014-08-31,279
2014-08-31,279
2014-09-01,278
2014-09-01,278
2014-09-01,278
2014-09-01,278
2014-09-02,277
2014-09-02,277
2014-09-02,277
2014-09-02,277
2014-09-03,276
2014-09-03,276
2014-09-03,276
2014-09-03,276
2014-09-04,275
2014-09-04,275
2014-09-04,275
2014-09-04,275
2014-09-05,274
2014-09-05,274
2014-09-05,274
2014-09-05,274
2014-09-06,274
2014-09-06,274
2014-09-06,274
2014-09-06,274
2014-09-07,275
2014-09-07,275
2014-09-07,275
2014-09-07,275
2014-09-08,276
2014-09-08,276
2014-09-08,276
2014-09-08,276
2014-09-09,275
2014-09-09,275
2014-09-09,276
2014-09-09,274
2014-09-10,271
2014-09-10,271
2014-09-10,271
2014-09-10,271
2014-09-11,270
2014-09-11,270
2014-09-11,270
2014-09-11,270
2014-09-12,272
2014-09-12,272
2014-09-12,272
2014-09-12,272
2014-09-13,271
2014-09-13,271
2014-09-13,271
2014-09-13,271
2014-09-14,270
2014-09-14,270
2014-09-14,270
2014-09-14,270
2014-09-15,269
2014-09-15,269
2014-09-15,269
2014-09-15,269
2014-09-16,269
2014-09-16,269
2014-09-16,269
2014-09-16,269
2014-09-17,268
2014-09-17,268
2014-09-17,268
2014-09-17,268
2014-09-18,268
2014-09-18,268
2014-09-18,268
2014-09-18,268
2014-09-19,268
2014-09-19,268
2014-09-19,268
2014-09-19,268
2014-09-20,268
2014-09-20,268
2014-09-20,268
2014-09-20,268
2014-09-21,268
2014-09-21,268
2014-09-21,268
2014-09-21,268
2014-09-22,268
2014-09-22,268
2014-09-22,268
2014-09-22,268
2014-09-23,268
2014-09-23,268
2014-09-23,268
2014-09-23,268
2014-09-24,267
2014-09-24,267
2014-09-24,267
2014-09-24,267
2014-09-25,267
2014-09-25,267
2014-09-25,267
2014-09-25,267
2014-09-26,267
2014-09-26,267
2014-09-26,267
2014-09-26,267
2014-09-27,266
2014-09-27,266
2014-09-27,266
2014-09-27,266
2014-09-28,266
2014-09-28,266
2014-09-28,266
2014-09-28,266
2014-09-29,266
2014-09-29,266
2014-09-29,266
2014-09-29,266
2014-09-30,266
2014-09-30,268
2014-09-30,266
2014-09-30,266
2014-10-01,267
2014-10-02,267
2014-10-03,267
2014-10-04,266
2014-10-05,267
2014-10-06,267
2014-10-07,266
2014-10-08,266
2014-10-09,267
2014-10-10,267
2014-10-11,267
2014-10-12,268
2014-10-13,268
2014-10-14,268
2014-10-15,264.5
2014-10-15,268
2014-10-15,264
2014-10-15,265
2014-10-16,268
2014-10-17,268
2014-10-18,268
2014-10-19,268
2014-10-20,268
2014-10-21,267
2014-10-22,266
2014-10-23,265
2014-10-24,266
2014-10-25,266
2014-10-26,266
2014-10-27,266
2014-10-28,266
2014-10-29,266
2014-10-30,266
2014-10-31,266
2014-11-01,270
2014-11-01,267
2014-11-01,270
2014-11-01,270
2014-11-02,270
2014-11-02,270
2014-11-02,270
2014-11-02,270
2014-11-03,270
2014-11-03,270
2014-11-03,270
2014-11-03,270
2014-11-04,271
2014-11-04,271
2014-11-04,271
2014-11-04,271
2014-11-05,271
2014-11-05,271
2014-11-05,271
2014-11-05,271
2014-11-06,271
2014-11-06,271
2014-11-06,271
2014-11-06,271
2014-11-07,273
2014-11-07,273
2014-11-07,273
2014-11-07,273
2014-11-08,274
2014-11-08,274
2014-11-08,274
2014-11-08,274
2014-11-09,276.5
2014-11-09,276
2014-11-09,276
2014-11-09,277
2014-11-10,279.5
2014-11-10,280
2014-11-10,279
2014-11-10,280
2014-11-11,285
2014-11-11,285
2014-11-11,284
2014-11-11,286
2014-11-12,289
2014-11-12,289
2014-11-12,288
2014-11-12,290
2014-11-13,293
2014-11-13,293
2014-11-13,292
2014-11-13,294
2014-11-14,297
2014-11-14,297
2014-11-14,297
2014-11-14,297
2014-11-15,297
2014-11-15,297
2014-11-15,297
2014-11-15,297
2014-11-16,298
2014-11-16,298
2014-11-16,298
2014-11-16,298
2014-11-17,298
2014-11-17,298
2014-11-17,298
2014-11-17,298
2014-11-18,299
2014-11-18,299
2014-11-18,299
2014-11-18,299
2014-11-19,299
2014-11-19,299
2014-11-19,299
2014-11-19,299
2014-11-20,304.5
2014-11-20,304
2014-11-20,304
2014-11-20,305
2014-11-21,307.5
2014-11-21,308
2014-11-21,307
2014-11-21,308
2014-11-22,311
2014-11-22,311
2014-11-22,311
2014-11-22,311
2014-11-23,311
2014-11-23,311
2014-11-23,311
2014-11-23,311
2014-11-24,312
2014-11-24,312
2014-11-24,312
2014-11-24,312
2014-11-25,312
2014-11-25,312
2014-11-25,312
2014-11-25,312
2014-11-26,313.5
2014-11-26,314
2014-11-26,313
2014-11-26,314
2014-11-27,316
2014-11-27,316
2014-11-27,316
2014-11-27,316
2014-11-28,317
2014-11-28,317
2014-11-28,317
2014-11-28,317
2014-11-29,318
2014-11-29,318
2014-11-29,318
2014-11-29,318
2014-11-30,320
2014-11-30,320
2014-11-30,320
2014-11-30,320
2014-12-01,322
2014-12-01,322
2014-12-01,322
2014-12-01,322
2014-12-02,323
2014-12-02,323
2014-12-02,323
2014-12-02,323
2014-12-03,325
2014-12-03,325
2014-12-03,324
2014-12-03,326
2014-12-04,327.5
2014-12-04,328
2014-12-04,327
2014-12-04,328
2014-12-05,328
2014-12-05,328
2014-12-05,328
2014-12-05,328
2014-12-06,329
2014-12-06,329
2014-12-06,329
2014-12-06,329
2014-12-07,330.5
2014-12-07,330
2014-12-07,330
2014-12-07,331
2014-12-08,334
2014-12-08,334
2014-12-08,334
2014-12-08,334
2014-12-09,336.5
2014-12-09,336
2014-12-09,336
2014-12-09,337
2014-12-10,340
2014-12-10,340
2014-12-10,340
2014-12-10,340
2014-12-11,342.5
2014-12-11,342
2014-12-11,342
2014-12-11,343
2014-12-12,346
2014-12-12,346
2014-12-12,346
2014-12-12,346
2014-12-13,348.5
2014-12-13,348
2014-12-13,348
2014-12-13,349
2014-12-14,352
2014-12-14,352
2014-12-14,352
2014-12-14,352
2014-12-15,354
2014-12-15,354
2014-12-15,354
2014-12-15,354
2014-12-16,354
2014-12-16,354
2014-12-16,354
2014-12-16,354
2014-12-17,364
2014-12-17,364
2014-12-17,363
2014-12-17,365
2014-12-18,370.5
2014-12-18,370
2014-12-18,370
2014-12-18,371
2014-12-19,375
2014-12-19,375
2014-12-19,374
2014-12-19,376
2014-12-20,382
2014-12-20,382
2014-12-20,381
2014-12-20,383
2014-12-21,390
2014-12-21,390
2014-12-21,390
2014-12-21,390
2014-12-22,392.5
2014-12-22,392
2014-12-22,392
2014-12-22,393
2014-12-23,397
2014-12-23,397
2014-12-23,396
2014-12-23,398
2014-12-24,402.5
2014-12-24,403
2014-12-24,402
2014-12-24,403
2014-12-25,408.5
2014-12-25,408
2014-12-25,407
2014-12-25,410
2014-12-26,413.5
2014-12-26,414
2014-12-26,413
2014-12-26,414
2014-12-27,421
2014-12-27,421
2014-12-27,420
2014-12-27,422
2014-12-28,427
2014-12-28,427
2014-12-28,426
2014-12-28,428
2014-12-29,435.5
2014-12-29,436
2014-12-29,434
2014-12-29,437
2014-12-30,442.5
2014-12-30,442
2014-12-30,442
2014-12-30,443
2014-12-31,445.5
2014-12-31,446
2014-12-31,447
2014-12-31,444
2015-01-01,450.5
2015-01-01,449
2015-01-01,452
2015-01-02,455
2015-01-02,456
2015-01-02,454
2015-01-03,451
2015-01-03,451
2015-01-03,451
2015-01-04,447.5
2015-01-04,448
2015-01-04,447
2015-01-05,443.5
2015-01-05,444
2015-01-05,443
2015-01-06,439
2015-01-06,440
2015-01-06,438
2015-01-07,433
2015-01-07,434
2015-01-07,432
2015-01-08,428.5
2015-01-08,429
2015-01-08,428
2015-01-09,424.5
2015-01-09,425
2015-01-09,424
2015-01-10,422
2015-01-10,422
2015-01-10,422
2015-01-11,421.5
2015-01-11,422
2015-01-11,421
2015-01-12,417.5
2015-01-12,418
2015-01-12,417
2015-01-13,415
2015-01-13,415
2015-01-13,415
2015-01-14,414
2015-01-14,414
2015-01-14,414
2015-01-15,416
2015-01-15,416
2015-01-15,416
2015-01-16,414
2015-01-16,414
2015-01-16,414
2015-01-17,414.5
2015-01-17,414
2015-01-17,415
2015-01-18,417
2015-01-18,417
2015-01-18,417
2015-01-19,420
2015-01-19,419
2015-01-19,421
2015-01-20,428
2015-01-20,428
2015-01-20,428
2015-01-21,431
2015-01-21,430
2015-01-21,432
2015-01-22,437
2015-01-22,436
2015-01-22,438
2015-01-23,443.5
2015-01-23,442
2015-01-23,445
2015-01-24,453.5
2015-01-24,451
2015-01-24,456
2015-01-25,459.5
2015-01-25,459
2015-01-25,460
2015-01-26,462.5
2015-01-26,462
2015-01-26,463
2015-01-27,467.5
2015-01-27,467
2015-01-27,468
2015-01-28,471
2015-01-28,471
2015-01-28,471
2015-01-29,473
2015-01-29,473
2015-01-29,473
2015-01-30,467
2015-01-30,470
2015-01-30,464
2015-01-31,464
2015-01-31,464
2015-01-31,464
2015-02-01,464
2015-02-01,464
2015-02-01,464
2015-02-02,468.5
2015-02-02,468
2015-02-02,469
2015-02-03,472
2015-02-03,472
2015-02-03,472
2015-02-04,469.5
2015-02-04,470
2015-02-04,469
2015-02-05,478
2015-02-05,478
2015-02-05,478
2015-02-06,478
2015-02-06,478
2015-02-06,478
2015-02-07,476
2015-02-07,476
2015-02-07,476
2015-02-08,475
2015-02-08,475
2015-02-08,475
2015-02-09,476
2015-02-09,476
2015-02-09,476
2015-02-10,478
2015-02-10,478
2015-02-10,478
2015-02-11,477
2015-02-11,477
2015-02-11,477
2015-02-12,476
2015-02-12,476
2015-02-12,476
2015-02-13,477
2015-02-13,477
2015-02-13,477
2015-02-14,478
2015-06-01,515
2015-06-01,516
2015-06-01,514
2015-06-02,509
2015-06-02,510
2015-06-02,508
2015-06-03,503
2015-06-03,504
2015-06-03,502
2015-06-04,497
2015-06-04,498
2015-06-04,496
2015-06-05,491
2015-06-05,492
2015-06-05,490
2015-06-06,486
2015-06-06,487
2015-06-06,485
2015-06-07,482
2015-06-07,483
2015-06-07,481
2015-06-08,477
2015-06-08,478
2015-06-08,476
2015-06-09,472
2015-06-09,473
2015-06-09,471
2015-06-10,466.5
2015-06-10,467
2015-06-10,466
2015-06-11,461.5
2015-06-11,462
2015-06-11,461
2015-06-12,457
2015-06-12,458
2015-06-12,456
2015-06-13,453
2015-06-13,454
2015-06-13,452
2015-06-14,449.5
2015-06-14,450
2015-06-14,449
2015-06-15,446
2015-06-15,447
2015-06-15,445
2015-06-16,441.5
2015-06-16,442
2015-06-16,441
2015-06-17,436
2015-06-17,437
2015-06-17,435
2015-06-18,430.5
2015-06-18,431
2015-06-18,430
2015-06-19,426
2015-06-19,427
2015-06-19,425
2015-06-20,421
2015-06-20,422
2015-06-20,420
2015-06-21,416.5
2015-06-21,417
2015-06-21,416
2015-06-22,413.5
2015-06-22,414
2015-06-22,413
2015-06-23,409.5
2015-06-23,410
2015-06-23,409
2015-06-24,405
2015-06-24,406
2015-06-24,404
2015-06-25,401.5
2015-06-25,402
2015-06-25,401
2015-06-26,398.5
2015-06-26,399
2015-06-26,398
2015-06-27,395.5
2015-06-27,396
2015-06-27,395
2015-06-28,391.5
2015-06-28,392
2015-06-28,391
2015-06-29,387.5
2015-06-29,388
2015-06-29,387
2015-06-30,383
2015-06-30,384
2015-06-30,382
2015-07-01,379
2015-07-01,380
2015-07-01,378
2015-07-02,375
2015-07-02,376
2015-07-02,374
2015-07-03,371.5
2015-07-03,372
2015-07-03,371
2015-07-04,368.5
2015-07-04,369
2015-07-04,368
2015-07-05,365.5
2015-07-05,366
2015-07-05,365
2015-07-06,363.5
2015-07-06,364
2015-07-06,363
2015-07-07,360.5
2015-07-07,361
2015-07-07,360
2015-07-08,358.5
2015-07-08,359
2015-07-08,358
2015-07-09,356.5
2015-07-09,357
2015-07-09,356
2015-07-10,353.5
2015-07-10,354
2015-07-10,353
2015-07-11,352
2015-07-11,352
2015-07-11,352
2015-07-12,351
2015-07-12,351
2015-07-12,351
2015-07-13,349
2015-07-13,349
2015-07-13,349
2015-07-14,347.5
2015-07-14,348
2015-07-14,347
2015-07-15,345.5
2015-07-15,346
2015-07-15,345
2015-07-16,344
2015-07-16,344
2015-07-16,344
2015-07-17,343
2015-07-17,343
2015-07-17,343
2015-07-18,341.5
2015-07-18,342
2015-07-18,341
2015-07-19,338
2015-07-19,339
2015-07-19,337
2015-07-20,336
2015-07-20,336
2015-07-20,336
2015-07-21,334.5
2015-07-21,335
2015-07-21,334
2015-07-22,331.5
2015-07-22,331
2015-07-22,332
2015-07-23,330
2015-07-23,330
2015-07-23,330
2015-07-24,330
2015-07-24,330
2015-07-24,330
2015-07-25,328.5
2015-07-25,329
2015-07-25,328
2015-07-26,326
2015-07-26,326
2015-07-26,326
2015-07-27,323.5
2015-07-27,324
2015-07-27,323
2015-07-28,320.5
2015-07-28,321
2015-07-28,320
2015-07-29,317.5
2015-07-29,318
2015-07-29,317
2015-07-30,315.5
2015-07-30,316
2015-07-30,315
2015-07-31,313.5
2015-07-31,314
2015-07-31,313
2015-08-01,311.5
2015-08-01,312
2015-08-01,311
2015-08-02,309.5
2015-08-02,310
2015-08-02,309
2015-08-03,307.5
2015-08-03,308
2015-08-03,307
2015-08-04,306
2015-08-04,306
2015-08-04,306
2015-08-05,304.5
2015-08-05,305
2015-08-05,304
2015-08-06,303
2015-08-06,303
2015-08-06,303
2015-08-07,302
2015-08-07,302
2015-08-07,302
2015-08-08,300
2015-08-08,300
2015-08-08,300
2015-08-09,298.5
2015-08-09,299
2015-08-09,298
2015-08-10,295.5
2015-08-10,296
2015-08-10,295
2015-08-11,294
2015-08-11,294
2015-08-11,294
2015-08-12,292.5
2015-08-12,293
2015-08-12,292
2015-08-13,290.5
2015-08-13,291
2015-08-13,290
2015-08-14,288
2015-08-14,288
2015-08-14,288
2015-08-15,287
2015-08-15,287
2015-08-15,287
2015-08-16,286
2015-08-16,286
2015-08-16,286
2015-08-17,284
2015-08-17,284
2015-08-17,284
2015-08-18,283.5
2015-08-18,284
2015-08-18,283
2015-08-19,281.5
2015-08-19,282
2015-08-19,281
2015-08-20,280
2015-08-20,280
2015-08-20,280
2015-08-21,277.5
2015-08-21,278
2015-08-21,277
2015-08-22,275.5
2015-08-22,276
2015-08-22,275
2015-08-23,274
2015-08-23,274
2015-08-23,274
2015-08-24,273
2015-08-24,273
2015-08-24,273
2015-08-25,272
2015-08-25,272
2015-08-25,272
2015-08-26,271.5
2015-08-26,272
2015-08-26,271
2015-08-27,270
2015-08-27,270
2015-08-27,270
2015-08-28,269
2015-08-28,269
2015-08-28,269
2015-08-29,269
2015-08-29,269
2015-08-29,269
2015-08-30,268
2015-08-30,268
2015-08-30,268
2015-09-01,268
2015-09-01,268
2015-09-01,268
2015-09-02,267
2015-09-02,267
2015-09-02,267
2015-09-03,266
2015-09-03,266
2015-09-03,266
2015-09-04,264
2015-09-04,264
2015-09-04,264
2015-09-05,263
2015-09-05,263
2015-09-05,263
2015-09-06,263
2015-09-06,263
2015-09-06,263
2015-09-07,262
2015-09-07,262
2015-09-07,262
2015-09-08,262
2015-09-08,262
2015-09-08,262
2015-09-09,261
2015-09-09,261
2015-09-09,261
2015-09-10,260
2015-09-10,260
2015-09-10,260
2015-09-11,259
2015-09-11,259
2015-09-11,259
2015-09-12,258
2015-09-12,258
2015-09-12,258
2015-09-13,257
2015-09-13,257
2015-09-13,257
2015-09-14,256
2015-09-14,256
2015-09-14,256
2015-09-15,256
2015-09-15,256
2015-09-15,256
2015-09-16,256
2015-09-16,256
2015-09-16,256
2015-09-17,255
2015-09-17,255
2015-09-17,255
2015-09-18,254
2015-09-18,254
2015-09-18,254
2015-09-19,254
2015-09-19,254
2015-09-19,254
2015-09-20,253
2015-09-20,253
2015-09-20,253
2015-09-21,252
2015-09-21,252
2015-09-21,252
2015-09-22,251
2015-09-22,251
2015-09-22,251
2015-09-23,251
2015-09-23,251
2015-09-23,251
2015-09-24,251
2015-09-24,251
2015-09-24,251
2015-09-25,250
2015-09-25,250
2015-09-25,250
2015-09-26,249
2015-09-26,249
2015-09-26,249
2015-09-27,249
2015-09-27,249
2015-09-27,249
2015-09-28,248
2015-09-28,248
2015-09-28,248
2015-09-29,247
2015-09-29,247
2015-09-29,247
2015-09-30,247
2015-09-30,247
2015-09-30,247
2015-10-01,246
2015-10-01,246
2015-10-01,246
2015-10-02,246
2015-10-02,246
2015-10-02,246
2015-10-03,245
2015-10-03,245
2015-10-03,245
2015-10-04,245
2015-10-04,245
2015-10-04,245
2015-10-05,244
2015-10-05,244
2015-10-05,244
2015-10-06,244
2015-10-06,244
2015-10-06,244
2015-10-07,244
2015-10-07,244
2015-10-07,244
2015-10-08,244
2015-10-08,244
2015-10-08,244
2015-10-09,246
2015-10-09,246
2015-10-09,246
2015-10-10,246
2015-10-10,246
2015-10-10,246
2015-10-11,245
2015-10-11,245
2015-10-11,245
2015-10-12,244
2015-10-12,244
2015-10-12,244
2015-10-13,244
2015-10-13,244
2015-10-13,244
2015-10-14,243
2015-10-14,243
2015-10-14,243
2015-10-15,243
2015-10-15,243
2015-10-15,243
2015-10-16,243
2015-10-16,243
2015-10-16,243
2015-10-17,243
2015-10-17,243
2015-10-17,243
2015-10-18,243
2015-10-18,243
2015-10-18,243
2015-10-19,244
2015-10-19,244
2015-10-19,244
2015-10-20,244
2015-10-20,244
2015-10-20,244
2015-10-21,244
2015-10-21,244
2015-10-21,244
2015-10-22,242
2015-10-22,242
2015-10-22,242
2015-10-23,242
2015-10-23,242
2015-10-23,242
2015-10-24,243
2015-10-24,243
2015-10-24,243
2015-10-25,244
2015-10-25,244
2015-10-25,244
2015-10-26,244
2015-10-26,244
2015-10-26,244
2015-10-27,244
2015-10-27,244
2015-10-27,244
2015-10-28,244
2015-10-28,244
2015-10-28,244
2015-10-29,244
2015-10-29,244
2015-10-29,244
2015-10-30,244
2015-10-30,244
2015-10-30,244
2015-10-31,244
2015-10-31,244
2015-10-31,244
2015-11-01,244
2015-11-01,244
2015-11-01,244
2015-11-02,244.5
2015-11-02,244
2015-11-02,245
2015-11-03,246
2015-11-03,246
2015-11-03,246
2015-11-04,248
2015-11-04,248
2015-11-04,248
2015-11-05,250
2015-11-05,250
2015-11-05,250
2015-11-06,248
2015-11-06,248
2015-11-06,248
2015-11-07,248
2015-11-07,248
2015-11-07,248
2015-11-08,246
2015-11-08,246
2015-11-08,246
2015-11-09,246
2015-11-09,246
2015-11-09,246
2015-11-10,246
2015-11-10,246
2015-11-10,246
2015-11-11,248
2015-11-11,248
2015-11-11,248
2015-11-12,248
2015-11-12,248
2015-11-12,248
2015-11-13,249
2015-11-13,249
2015-11-13,249
2015-11-14,249
2015-11-14,249
2015-11-14,249
2015-11-15,250
2015-11-15,250
2015-11-15,250
2015-11-16,250
2015-11-16,250
2015-11-16,250
2015-11-17,250
2015-11-17,250
2015-11-17,250
2015-11-18,252
2015-11-18,252
2015-11-18,252
2015-11-19,254
2015-11-19,254
2015-11-19,254
2015-11-20,256
2015-11-20,256
2015-11-20,256
2015-11-21,258
2015-11-21,258
2015-11-21,258
2015-11-22,259
2015-11-22,259
2015-11-22,259
2015-11-23,260
2015-11-23,260
2015-11-23,260
2015-11-24,262
2015-11-24,262
2015-11-24,262
2015-11-25,263
2015-11-25,263
2015-11-25,263
2015-11-26,264
2015-11-26,264
2015-11-26,264
2015-11-27,264
2015-11-27,264
2015-11-27,264
2015-11-28,265
2015-11-28,265
2015-11-28,265
2015-11-29,265
2015-11-29,265
2015-11-29,265
2015-11-30,265
2015-11-30,265
2015-11-30,265
2015-12-01,266
2015-12-01,266
2015-12-01,266
2015-12-02,267
2015-12-02,267
2015-12-02,267
2015-12-03,268.5
2015-12-03,268
2015-12-03,269
2015-12-04,270
2015-12-04,270
2015-12-04,270
2015-12-05,270
2015-12-05,270
2015-12-05,270
2015-12-06,270
2015-12-06,270
2015-12-06,270
2015-12-07,271
2015-12-07,271
2015-12-07,271
2015-12-08,271
2015-12-08,271
2015-12-08,271
2015-12-09,272
2015-12-09,272
2015-12-09,272
2015-12-10,272
2015-12-10,272
2015-12-10,272
2015-12-11,272
2015-12-11,272
2015-12-11,272
2015-12-12,273
2015-12-12,273
2015-12-12,273
2015-12-13,274
2015-12-13,274
2015-12-13,274
2015-12-14,275
2015-12-14,275
2015-12-14,275
2015-12-15,276
2015-12-15,276
2015-12-15,276
2015-12-16,278.5
2015-12-16,278
2015-12-16,279
2015-12-17,282
2015-12-17,281
2015-12-17,283
2015-12-18,285.5
2015-12-18,285
2015-12-18,286
2015-12-19,291
2015-12-19,288
2015-12-19,294
2015-12-20,298.5
2015-12-20,298
2015-12-20,299
2015-12-21,303.5
2015-12-21,302
2015-12-21,305
2015-12-22,314
2015-12-22,312
2015-12-22,316
2015-12-23,322.5
2015-12-23,321
2015-12-23,324
2015-12-24,330.5
2015-12-24,329
2015-12-24,332
2015-12-25,338
2015-12-25,336
2015-12-25,340
2015-12-26,346
2015-12-26,344
2015-12-26,348
2015-12-27,354
2015-12-27,352
2015-12-27,356
2015-12-28,361.5
2015-12-28,360
2015-12-28,363
2015-12-29,364
2015-12-29,363
2015-12-29,365
2015-12-30,366
2015-12-30,366
2015-12-30,366
2015-12-31,360
2015-12-31,360
2015-12-31,360
2016-01-01,364.5
2016-01-01,364
2016-01-01,365
2016-01-02,367
2016-01-02,366
2016-01-02,368
2016-01-03,371
2016-01-03,370
2016-01-03,372
2016-01-04,375
2016-01-04,374
2016-01-04,376
2016-01-05,379
2016-01-05,378
2016-01-05,380
2016-01-06,386.5
2016-01-06,385
2016-01-06,388
2016-01-07,392.5
2016-01-07,391
2016-01-07,394
2016-01-08,398
2016-01-08,398
2016-01-08,398
2016-01-09,403
2016-01-09,402
2016-01-09,404
2016-01-10,409
2016-01-10,408
2016-01-10,410
2016-01-11,415.5
2016-01-11,414
2016-01-11,417
2016-01-12,421.5
2016-01-12,420
2016-01-12,423
2016-01-13,434.5
2016-01-13,433
2016-01-13,436
2016-01-14,441
2016-01-14,439
2016-01-14,443
2016-01-15,441
2016-01-15,439
2016-01-15,443
2016-01-16,443
2016-01-16,443
2016-01-16,443
2016-01-17,445.5
2016-01-17,445
2016-01-17,446
2016-01-18,448
2016-01-18,447
2016-01-18,449
2016-01-19,460
2016-01-19,456
2016-01-19,464
2016-01-20,475.5
2016-01-20,471
2016-01-20,480
2016-01-21,495.5
2016-01-21,490
2016-01-21,501
2016-01-22,519
2016-01-22,514
2016-01-22,524
2016-01-23,544
2016-01-23,538
2016-01-23,550
2016-01-24,573.5
2016-01-24,564
2016-01-24,583
2016-01-25,607
2016-01-25,601
2016-01-25,613
2016-01-26,612
2016-01-26,610
2016-01-26,614
2016-01-27,617
2016-01-27,615
2016-01-27,619
2016-01-28,625.5
2016-01-28,623
2016-01-28,628
2016-01-29,642.5
2016-01-29,638
2016-01-29,647
2016-01-30,652
2016-01-30,652
2016-01-30,652
2016-01-31,652
2016-01-31,652
2016-01-31,652
2016-02-01,663
2016-02-01,660
2016-02-01,666
2016-02-02,670
2016-02-02,670
2016-02-02,670
2016-02-03,670
2016-02-03,670
2016-02-03,670
2016-02-04,674
2016-02-04,674
2016-02-04,674
2016-02-05,674.5
2016-02-05,675
2016-02-05,674
2016-02-06,672.5
2016-02-06,672
2016-02-06,673
2016-02-07,676.5
2016-02-07,675
2016-02-07,678
2016-02-08,678.5
2016-02-08,678
2016-02-08,679
2016-02-09,680.5
2016-02-09,680
2016-02-09,681
2016-02-10,681
2016-02-10,682
2016-02-10,680
2016-02-11,677
2016-02-11,677
2016-02-11,677
2016-02-12,678
2016-02-12,677
2016-02-12,679
2016-02-13,676.5
2016-02-13,677
2016-02-13,676
2016-02-14,675
2016-02-14,675
2016-02-14,675
2016-02-15,676
2016-02-15,676
2016-02-15,676
2016-02-16,675.5
2016-02-16,676
2016-02-16,675
2016-02-17,671.5
2016-02-17,673
2016-02-17,670
2016-02-18,669.5
2016-02-18,670
2016-02-18,669
2016-02-19,669
2016-02-19,669
2016-02-19,669
2016-02-20,666.5
2016-02-20,668
2016-02-20,665
2016-02-21,666.5
2016-02-21,666
2016-02-21,667
2016-02-22,669.5
2016-02-22,669
2016-02-22,670
2016-02-23,670
2016-02-23,670
2016-02-23,670
2016-02-24,670.5
2016-02-24,672
2016-02-24,669
2016-02-25,663
2016-02-25,665
2016-02-25,661
2016-02-26,658
2016-02-26,658
2016-02-26,658
2016-02-27,661
2016-02-27,661
2016-02-27,661
2016-02-28,662
2016-02-28,662
2016-02-28,662
2016-02-29,662
2016-02-29,662
2016-02-29,662
2016-03-01,661
2016-03-01,661
2016-03-01,661
2016-03-02,669.5
2016-03-02,668
2016-03-02,671
2016-03-03,665.5
2016-03-03,668
2016-03-03,663
2016-03-04,659.5
2016-03-04,660
2016-03-04,659
2016-03-05,663.5
2016-03-05,661
2016-03-05,666
2016-03-06,667
2016-03-06,667
2016-03-06,667
2016-03-07,668
2016-03-07,666
2016-03-07,670
2016-03-08,669
2016-03-08,670
2016-03-08,668
2016-03-09,667
2016-03-09,669
2016-03-09,665
2016-03-10,667
2016-03-10,665
2016-03-10,669
2016-03-11,679
2016-03-11,678
2016-03-11,680
2016-03-12,678.5
2016-03-12,678
2016-03-12,679
2016-03-13,680
2016-03-13,680
2016-03-13,680
2016-03-14,684
2016-03-14,681
2016-03-14,687
2016-03-15,690
2016-03-15,688
2016-03-15,692
2016-03-16,691
2016-03-16,690
2016-03-16,692
2016-03-17,692.5
2016-03-17,691
2016-03-17,694
2016-03-18,697
2016-03-18,696
2016-03-18,698
2016-03-19,699
2016-03-19,699
2016-03-19,699
2016-03-20,700.5
2016-03-20,700
2016-03-20,701
2016-03-21,703
2016-03-21,703
2016-03-21,703
2016-03-22,703.5
2016-03-22,703
2016-03-22,704
2016-03-23,707
2016-03-23,706
2016-03-23,708
2016-03-24,713
2016-03-24,712
2016-03-24,714
2016-03-25,712.5
2016-03-25,714
2016-03-25,711
2016-03-26,710
2016-03-26,710
2016-03-26,710
2016-03-27,710
2016-03-27,710
2016-03-27,710
2016-03-28,716
2016-03-28,715
2016-03-28,717
2016-03-29,723
2016-03-29,721
2016-03-29,725
2016-03-30,724.5
2016-03-30,725
2016-03-30,724
2016-03-31,717
2016-03-31,718
2016-03-31,716
2016-04-01,715.5
2016-04-01,715
2016-04-01,716
2016-04-02,721
2016-04-02,720
2016-04-02,722
2016-04-03,730
2016-04-03,729
2016-04-03,731
2016-04-04,729
2016-04-04,730
2016-04-04,728
2016-04-05,724.5
2016-04-05,725
2016-04-05,724
2016-04-06,725.5
2016-04-06,726
2016-04-06,725
2016-04-07,724
2016-04-07,724
2016-04-07,724
2016-04-08,721
2016-04-08,721
2016-04-08,721
2016-04-09,719
2016-04-09,720
2016-04-09,718
2016-04-10,714
2016-04-10,714
2016-04-10,714
2016-04-11,717
2016-04-11,716
2016-04-11,718
2016-04-12,719
2016-04-12,720
2016-04-12,718
2016-04-13,714.5
2016-04-13,717
2016-04-13,712
2016-04-14,711.5
2016-04-14,712
2016-04-14,711
2016-04-15,709
2016-04-15,709
2016-04-15,709
2016-04-16,709
2016-04-16,709
2016-04-16,709
2016-04-17,708
2016-04-17,708
2016-04-17,708
2016-04-18,707.5
2016-04-18,707
2016-04-18,708
2016-04-19,709
2016-04-19,710
2016-04-19,708
2016-04-20,707
2016-04-20,707
2016-04-20,707
2016-04-21,707
2016-04-21,707
2016-04-21,707
2016-04-22,705.5
2016-04-22,706
2016-04-22,705
2016-04-23,705.5
2016-04-23,707
2016-04-23,704
2016-04-24,701.5
2016-04-24,702
2016-04-24,701
2016-04-25,696.5
2016-04-25,698
2016-04-25,695
2016-04-26,688.5
2016-04-26,690
2016-04-26,687
2016-04-27,685
2016-04-27,684
2016-04-27,686
2016-04-28,686
2016-04-28,686
2016-04-28,686
2016-04-29,686
2016-04-29,686
2016-04-29,686
2016-04-30,684.5
2016-04-30,686
2016-04-30,683
2016-05-01,678.5
2016-05-01,680
2016-05-01,677
2016-05-02,673
2016-05-02,673
2016-05-02,673
2016-05-03,674
2016-05-03,674
2016-05-03,674
2016-05-04,676
2016-05-04,676
2016-05-04,676
2016-05-05,678
2016-05-05,678
2016-05-05,678
2016-05-06,680
2016-05-06,680
2016-05-06,680
2016-05-07,684
2016-05-07,682
2016-05-07,686
2016-05-08,686
2016-05-08,686
2016-05-08,686
2016-05-09,685
2016-05-09,685
2016-05-09,685
2016-05-10,685
2016-05-10,685
2016-05-10,685
2016-05-11,684.5
2016-05-11,685
2016-05-11,684
2016-05-12,680
2016-05-12,680
2016-05-12,680
2016-05-13,684
2016-05-13,682
2016-05-13,686
2016-05-14,688
2016-05-14,688
2016-05-14,688
2016-05-15,684.5
2016-05-15,686
2016-05-15,683
2016-05-16,668
2016-05-16,670
2016-05-16,666
2016-05-17,660
2016-05-17,660
2016-05-17,660
2016-05-18,660.5
2016-05-18,660
2016-05-18,661
2016-05-19,665
2016-05-19,664
2016-05-19,666
2016-05-20,667
2016-05-20,666
2016-05-20,668
2016-05-21,669
2016-05-21,670
2016-05-21,668
2016-05-22,664.5
2016-05-22,664
2016-05-22,665
2016-05-23,667
2016-05-23,667
2016-05-23,667
2016-05-24,667
2016-05-24,667
2016-05-24,667
2016-05-25,664.5
2016-05-25,665
2016-05-25,664
2016-05-26,661
2016-05-26,662
2016-05-26,660
2016-05-27,659
2016-05-27,658
2016-05-27,660
2016-05-28,664
2016-05-28,664
2016-05-28,664
2016-05-29,664
2016-05-29,664
2016-05-29,664
2016-05-30,665
2016-05-30,665
2016-05-30,665
2016-05-31,667
2016-05-31,665
2016-05-31,669
2016-06-01,664
2016-06-01,669
2016-06-01,659
2016-06-02,658
2016-06-02,658
2016-06-02,658
2016-06-03,659.5
2016-06-03,659
2016-06-03,660
2016-06-04,657.5
2016-06-04,658
2016-06-04,657
2016-06-05,659
2016-06-05,659
2016-06-05,659
2016-06-06,659
2016-06-06,659
2016-06-06,659
2016-06-07,658
2016-06-07,658
2016-06-07,658
2016-06-08,657
2016-06-08,658
2016-06-08,656
2016-06-09,654
2016-06-09,654
2016-06-09,654
2016-06-10,654.5
2016-06-10,654
2016-06-10,655
2016-06-11,658
2016-06-11,658
2016-06-11,658
2016-06-12,658
2016-06-12,658
2016-06-12,658
2016-06-13,658
2016-06-13,658
2016-06-13,658
2016-06-14,659
2016-06-14,659
2016-06-14,659
2016-06-15,659
2016-06-15,659
2016-06-15,659
2016-06-16,658
2016-06-16,658
2016-06-16,658
2016-06-17,658
2016-06-17,658
2016-06-17,658
2016-06-18,656
2016-06-18,656
2016-06-18,656
2016-06-19,654
2016-06-19,654
2016-06-19,654
2016-06-20,654.5
2016-06-20,654
2016-06-20,655
2016-06-21,656
2016-06-21,656
2016-06-21,656
2016-06-22,655.5
2016-06-22,655
2016-06-22,656
2016-06-23,656
2016-06-23,656
2016-06-23,656
2016-06-24,656
2016-06-24,656
2016-06-24,656
2016-06-25,656
2016-06-25,656
2016-06-25,656
2016-06-26,657
2016-06-26,657
2016-06-26,657
2016-06-27,659
2016-06-27,659
2016-06-27,659
2016-06-28,660.5
2016-06-28,662
2016-06-28,659
2016-06-29,656
2016-06-29,656
2016-06-29,656
2016-06-30,653
2016-06-30,654
2016-06-30,652
2016-07-01,650
2016-07-01,650
2016-07-01,650
2016-07-02,650
2016-07-02,650
2016-07-02,650
2016-07-03,650
2016-07-03,650
2016-07-03,650
2016-07-04,650
2016-07-04,650
2016-07-04,650
2016-07-05,647.5
2016-07-05,648
2016-07-05,647
2016-07-06,654
2016-07-06,654
2016-07-06,654
2016-07-07,655
2016-07-07,655
2016-07-07,655
2016-07-08,657
2016-07-08,656
2016-07-08,658
2016-07-09,658
2016-07-09,658
2016-07-09,658
2016-07-10,657
2016-07-10,657
2016-07-10,657
2016-07-11,655
2016-07-11,656
2016-07-11,654
2016-07-12,650
2016-07-12,650
2016-07-12,650
2016-07-13,652
2016-07-13,652
2016-07-13,652
2016-07-14,650
2016-07-14,650
2016-07-14,650
2016-07-15,648
2016-07-15,648
2016-07-15,648
2016-07-16,647
2016-07-16,647
2016-07-16,647
2016-07-17,644.5
2016-07-17,645
2016-07-17,644
2016-07-18,639
2016-07-18,640
2016-07-18,638
2016-07-19,634
2016-07-19,635
2016-07-19,633
2016-07-20,624
2016-07-20,626
2016-07-20,622
2016-07-21,618
2016-07-21,619
2016-07-21,617
2016-07-22,614.5
2016-07-22,615
2016-07-22,614
2016-07-23,611.5
2016-07-23,612
2016-07-23,611
2016-07-24,609
2016-07-24,610
2016-07-24,608
2016-07-25,602.5
2016-07-25,604
2016-07-25,601
2016-07-26,595
2016-07-26,596
2016-07-26,594
2016-07-27,588
2016-07-27,590
2016-07-27,586
2016-07-28,578
2016-07-28,580
2016-07-28,576
2016-07-29,568
2016-07-29,570
2016-07-29,566
2016-07-30,560.5
2016-07-30,562
2016-07-30,559
2016-07-31,553
2016-07-31,554
2016-07-31,552
2016-08-01,547
2016-08-01,549
2016-08-01,545
2016-08-02,541.5
2016-08-02,543
2016-08-02,540
2016-08-03,537
2016-08-03,538
2016-08-03,536
2016-08-04,533
2016-08-04,534
2016-08-04,532
2016-08-05,527.5
2016-08-05,529
2016-08-05,526
2016-08-06,520.5
2016-08-06,523
2016-08-06,518
2016-08-07,515
2016-08-07,516
2016-08-07,514
2016-08-08,511
2016-08-08,512
2016-08-08,510
2016-08-09,502
2016-08-09,505
2016-08-09,499
2016-08-10,492
2016-08-10,493
2016-08-10,491
2016-08-11,487
2016-08-11,488
2016-08-11,486
2016-08-12,481.5
2016-08-12,483
2016-08-12,480
2016-08-13,475.5
2016-08-13,477
2016-08-13,474
2016-08-14,468
2016-08-14,470
2016-08-14,466
2016-08-15,459
2016-08-15,461
2016-08-15,457
2016-08-16,452
2016-08-16,454
2016-08-16,450
2016-08-17,443.5
2016-08-17,445
2016-08-17,442
2016-08-18,436.5
2016-08-18,438
2016-08-18,435
2016-08-19,429.5
2016-08-19,430
2016-08-19,429
2016-08-20,427.5
2016-08-20,428
2016-08-20,427
2016-08-21,425.5
2016-08-21,426
2016-08-21,425
2016-08-22,423.5
2016-08-22,424
2016-08-22,423
2016-08-23,422
2016-08-23,422
2016-08-23,422
2016-08-24,423
2016-08-24,423
2016-08-24,423
2016-08-25,424
2016-08-25,424
2016-08-25,424
2016-08-26,425
2016-08-26,425
2016-08-26,425
2016-08-27,425
2016-08-27,425
2016-08-27,425
2016-08-28,425
2016-08-28,425
2016-08-28,425
2016-08-29,424
2016-08-29,424
2016-08-29,424
2016-08-30,424
2016-08-30,424
2016-08-30,424
2016-08-31,423
2016-08-31,423
2016-08-31,423
2016-10-01,449
2016-10-01,449
2016-10-01,449
2016-10-02,449
2016-10-02,449
2016-10-02,449
2016-10-03,452.5
2016-10-03,452
2016-10-03,453
2016-10-04,454
2016-10-04,454
2016-10-04,454
2016-10-05,454
2016-10-05,454
2016-10-05,454
2016-10-06,455
2016-10-06,455
2016-10-06,455
2016-10-07,456
2016-10-07,456
2016-10-07,456
2016-10-08,458
2016-10-08,458
2016-10-08,458
2016-10-09,460
2016-10-09,460
2016-10-09,460
2016-10-10,462.5
2016-10-10,462
2016-10-10,463
2016-10-11,464
2016-10-11,464
2016-10-11,464
2016-10-12,466
2016-10-12,466
2016-10-12,466
2016-10-13,468.5
2016-10-13,468
2016-10-13,469
2016-10-14,472
2016-10-14,472
2016-10-14,472
2016-10-15,474.5
2016-10-15,474
2016-10-15,475
2016-10-16,476
2016-10-16,476
2016-10-16,476
2016-10-17,478
2016-10-17,478
2016-10-17,478
2016-10-18,480
2016-10-18,480
2016-10-18,480
2016-10-19,482.5
2016-10-19,482
2016-10-19,483
2016-10-20,485.5
2016-10-20,485
2016-10-20,486
2016-10-21,488
2016-10-21,488
2016-10-21,488
2016-10-22,490
2016-10-22,490
2016-10-22,490
2016-10-23,492.5
2016-10-23,492
2016-10-23,493
2016-10-24,500
2016-10-24,499
2016-10-24,501
2016-10-25,505.5
2016-10-25,504
2016-10-25,507
2016-10-26,511
2016-10-26,510
2016-10-26,512
2016-10-27,518.5
2016-10-27,517
2016-10-27,520
2016-10-28,525.5
2016-10-28,524
2016-10-28,527
2016-10-29,534
2016-10-29,532
2016-10-29,536
2016-10-30,542
2016-10-30,540
2016-10-30,544
2016-10-31,550.5
2016-10-31,549
2016-10-31,552
2016-11-01,558.5
2016-11-01,557
2016-11-01,560
2016-11-02,565
2016-11-02,564
2016-11-02,566
2016-11-03,571.5
2016-11-03,570
2016-11-03,573
2016-11-04,576
2016-11-04,575
2016-11-04,577
2016-11-05,581.5
2016-11-05,580
2016-11-05,583
2016-11-06,587
2016-11-06,586
2016-11-06,588
2016-11-07,591
2016-11-07,590
2016-11-07,592
2016-11-08,594.5
2016-11-08,594
2016-11-08,595
2016-11-09,598
2016-11-09,597
2016-11-09,599
2016-11-10,601.5
2016-11-10,601
2016-11-10,602
2016-11-11,604.5
2016-11-11,604
2016-11-11,605
2016-11-12,607.5
2016-11-12,607
2016-11-12,608
2016-11-13,610.5
2016-11-13,610
2016-11-13,611
2016-11-14,612.5
2016-11-14,612
2016-11-14,613
2016-11-15,615.5
2016-11-15,615
2016-11-15,616
2016-11-16,618.5
2016-11-16,618
2016-11-16,619
2016-11-17,621
2016-11-17,620
2016-11-17,622
2016-11-18,625.5
2016-11-18,625
2016-11-18,626
2016-11-19,629.5
2016-11-19,629
2016-11-19,630
2016-11-20,633.5
2016-11-20,633
2016-11-20,634
2016-11-21,638
2016-11-21,637
2016-11-21,639
2016-11-22,643
2016-11-22,642
2016-11-22,644
2016-11-23,648
2016-11-23,647
2016-11-23,649
2016-11-24,653
2016-11-24,654
2016-11-24,652
2016-11-25,650.5
2016-11-25,651
2016-11-25,650
2016-11-26,651.5
2016-11-26,651
2016-11-26,652
2016-11-27,654.5
2016-11-27,654
2016-11-27,655
2016-11-28,657
2016-11-28,657
2016-11-28,657
2016-11-29,657
2016-11-29,657
2016-11-29,657
2016-11-30,657
2016-11-30,657
2016-11-30,657
2016-12-01,656.5
2016-12-01,657
2016-12-01,656
2016-12-02,653.5
2016-12-02,654
2016-12-02,653
2016-12-03,652
2016-12-03,651
2016-12-03,653
2016-12-04,658
2016-12-04,657
2016-12-04,659
2016-12-05,663.5
2016-12-05,663
2016-12-05,664
2016-12-06,662
2016-12-06,662
2016-12-06,662
2016-12-07,659.5
2016-12-07,660
2016-12-07,659
2016-12-08,657
2016-12-08,657
2016-12-08,657
2016-12-09,656
2016-12-09,656
2016-12-09,656
2016-12-10,654
2016-12-10,654
2016-12-10,654
2016-12-11,654
2016-12-11,654
2016-12-11,654
2016-12-12,655
2016-12-12,655
2016-12-12,655
2016-12-13,656
2016-12-13,656
2016-12-13,656
2016-12-14,656
2016-12-14,656
2016-12-14,656
2016-12-15,659
2016-12-15,659
2016-12-15,659
2016-12-16,660
2016-12-16,660
2016-12-16,660
2016-12-17,663
2016-12-17,662
2016-12-17,664
2016-12-18,666.5
2016-12-18,666
2016-12-18,667
2016-12-19,670
2016-12-19,670
2016-12-19,670
2016-12-20,666.5
2016-12-20,668
2016-12-20,665
2016-12-21,665
2016-12-21,666
2016-12-21,664
2016-12-22,661
2016-12-22,662
2016-12-22,660
2016-12-23,656.5
2016-12-23,656
2016-12-23,657
2016-12-24,659
2016-12-24,659
2016-12-24,659
2016-12-25,660
2016-12-25,660
2016-12-25,660
2016-12-26,663
2016-12-26,662
2016-12-26,664
2016-12-27,667
2016-12-27,666
2016-12-27,668
2016-12-28,672
2016-12-28,670
2016-12-28,674
2016-12-29,684
2016-12-29,683
2016-12-29,685
2016-12-30,681
2016-12-30,682
2016-12-30,680
2016-12-31,675
2016-12-31,676
2016-12-31,674
2017-01-01,671
2017-01-01,672
2017-01-01,670
2017-01-02,667
2017-01-02,668
2017-01-02,666
2017-01-03,663
2017-01-03,663
2017-01-03,663
2017-01-04,663
2017-01-04,663
2017-01-04,663
2017-01-05,662
2017-01-05,662
2017-01-05,662
2017-01-06,662.5
2017-01-06,661
2017-01-06,664
2017-01-07,672
2017-01-07,672
2017-01-07,672
2017-01-08,673
2017-01-08,673
2017-01-08,673
2017-01-09,674.5
2017-01-09,674
2017-01-09,675
2017-01-10,676
2017-01-10,676
2017-01-10,676
2017-01-11,678
2017-01-11,678
2017-01-11,678
2017-01-12,680
2017-01-12,680
2017-01-12,680
2017-01-13,678.5
2017-01-13,678
2017-01-13,679
2017-01-14,684.5
2017-01-14,685
2017-01-14,684
2017-01-15,681
2017-01-15,682
2017-01-15,680
2017-01-16,677
2017-01-16,678
2017-01-16,676
2017-01-17,676
2017-01-17,676
2017-01-17,676
2017-01-18,678
2017-01-18,678
2017-01-18,678
2017-01-19,679
2017-01-19,679
2017-01-19,679
2017-01-20,679
2017-01-20,679
2017-01-20,679
2017-01-21,680
2017-01-21,680
2017-01-21,680
2017-01-22,681
2017-01-22,681
2017-01-22,681
2017-01-23,682
2017-01-23,682
2017-01-23,682
2017-01-24,682
2017-01-24,682
2017-01-24,682
2017-01-25,683.5
2017-01-25,683
2017-01-25,684
2017-01-26,689.5
2017-01-26,688
2017-01-26,691
2017-01-27,695.5
2017-01-27,695
2017-01-27,696
2017-01-28,698.5
2017-01-28,700
2017-01-28,697
2017-01-29,695
2017-01-29,695
2017-01-29,695
2017-01-30,694.5
2017-01-30,694
2017-01-30,695
2017-01-31,698
2017-01-31,698
2017-01-31,698
2017-02-01,700
2017-02-01,700
2017-02-01,700
2017-02-02,697
2017-02-02,698
2017-02-02,696
2017-02-03,692
2017-02-03,692
2017-02-03,692
2017-02-04,696
2017-02-04,695
2017-02-04,697
2017-02-05,699.5
2017-02-05,699
2017-02-05,700
2017-02-06,703
2017-02-06,702
2017-02-06,704
2017-02-07,707.5
2017-02-07,707
2017-02-07,708
2017-02-08,712
2017-02-08,711
2017-02-08,713
2017-02-09,718
2017-02-09,717
2017-02-09,719
2017-02-10,724.5
2017-02-10,723
2017-02-10,726
2017-02-11,734.5
2017-02-11,733
2017-02-11,736
2017-02-12,736.5
2017-02-12,736
2017-02-12,737
2017-02-13,738
2017-02-13,738
2017-02-13,738
2017-02-14,750
2017-02-14,750
2017-02-14,750
2017-02-15,751
2017-02-15,750
2017-02-15,752
2017-02-16,761
2017-02-16,760
2017-02-16,762
2017-02-17,767.5
2017-02-17,766
2017-02-17,769
2017-02-18,774
2017-02-18,773
2017-02-18,775
2017-02-19,781.5
2017-02-19,778
2017-02-19,785
2017-02-20,790.5
2017-02-20,789
2017-02-20,792
2017-02-21,795.5
2017-02-21,795
2017-02-21,796
2017-02-22,805.5
2017-02-22,803
2017-02-22,808
2017-02-23,814.5
2017-02-23,814
2017-02-23,815
2017-02-24,816.5
2017-02-24,816
2017-02-24,817
2017-02-25,822.5
2017-02-25,820
2017-02-25,825
2017-02-26,846
2017-02-26,844
2017-02-26,848
2017-02-27,843.5
2017-02-27,845
2017-02-27,842
2017-02-28,839
2017-02-28,839
2017-02-28,839
2017-03-01,839.5
2017-03-01,839
2017-03-01,840
2017-03-02,846.5
2017-03-02,845
2017-03-02,848
2017-03-03,848
2017-03-03,848
2017-03-03,848
2017-03-04,848
2017-03-04,848
2017-03-04,848
2017-03-05,848
2017-03-05,848
2017-03-05,848
2017-03-06,848
2017-03-06,848
2017-03-06,848
2017-03-07,847
2017-03-07,846
2017-03-07,848
2017-03-08,846
2017-03-08,846
2017-03-08,846
2017-03-09,846.5
2017-03-09,846
2017-03-09,847
2017-03-10,849.5
2017-03-10,848
2017-03-10,851
2017-03-11,849
2017-03-11,850
2017-03-11,848
2017-03-12,844.5
2017-03-12,845
2017-03-12,844
2017-03-13,843
2017-03-13,843
2017-03-13,843
2017-03-14,844
2017-03-14,844
2017-03-14,844
2017-03-15,845
2017-03-15,845
2017-03-15,845
2017-03-16,846
2017-03-16,846
2017-03-16,846
2017-03-17,831.5
2017-03-17,832
2017-03-17,831
2017-03-18,828
2017-03-18,828
2017-03-18,828
2017-03-19,828.5
2017-03-19,827
2017-03-19,830
2017-03-20,824
2017-03-20,828
2017-03-20,820
2017-03-21,819
2017-03-21,819
2017-03-21,819
2017-03-22,819
2017-03-22,819
2017-03-22,819
2017-03-23,818
2017-03-23,818
2017-03-23,818
2017-03-24,818
2017-03-24,818
2017-03-24,818
2017-03-25,819.5
2017-03-25,819
2017-03-25,820
2017-03-26,818.5
2017-03-26,819
2017-03-26,818
2017-03-27,814
2017-03-27,815
2017-03-27,813
2017-03-28,809.5
2017-03-28,810
2017-03-28,809
2017-03-29,809
2017-03-29,809
2017-03-29,809
2017-03-30,810
2017-03-30,810
2017-03-30,810
2017-03-31,809
2017-03-31,809
2017-03-31,809
2017-04-01,809.5
2017-04-01,809
2017-04-01,810
2017-04-02,813
2017-04-02,813
2017-04-02,813
2017-04-03,813
2017-04-03,813
2017-04-03,813
2017-04-04,806.5
2017-04-04,808
2017-04-04,805
2017-04-05,794.5
2017-04-05,801
2017-04-05,788
2017-04-06,788
2017-04-06,788
2017-04-06,788
2017-04-07,788
2017-04-07,788
2017-04-07,788
2017-04-08,788
2017-04-08,788
2017-04-08,788
2017-04-09,788
2017-04-09,788
2017-04-09,788
2017-04-10,799
2017-04-10,799
2017-04-10,799
2017-04-11,799
2017-04-11,799
2017-04-11,799
2017-04-12,797.5
2017-04-12,798
2017-04-12,797
2017-04-13,796
2017-04-13,796
2017-04-13,796
2017-04-14,799
2017-04-14,799
2017-04-14,799
2017-04-15,802
2017-04-15,802
2017-04-15,802
2017-04-16,804
2017-04-16,804
2017-04-16,804
2017-04-17,805.5
2017-04-17,806
2017-04-17,805
2017-04-18,801
2017-04-18,802
2017-04-18,800
2017-04-19,796
2017-04-19,796
2017-04-19,796
2017-04-20,796.5
2017-04-20,797
2017-04-20,796
2017-04-21,791
2017-04-21,792
2017-04-21,790
2017-04-22,793
2017-04-22,796
2017-04-22,790
2017-04-23,777.5
2017-04-23,779
2017-04-23,776
2017-04-24,769.5
2017-04-24,770
2017-04-24,769
2017-04-25,773
2017-04-25,773
2017-04-25,773
2017-04-26,767.5
2017-04-26,768
2017-04-26,767
2017-04-27,764
2017-04-27,765
2017-04-27,763
2017-04-28,763
2017-04-28,763
2017-04-28,763
2017-04-29,761
2017-04-29,761
2017-04-29,761
2017-04-30,760
2017-04-30,760
2017-04-30,760
2017-05-01,757.5
2017-05-01,758
2017-05-01,757
2017-05-02,752
2017-05-02,753
2017-05-02,751
2017-05-03,748
2017-05-03,748
2017-05-03,748
2017-05-04,746
2017-05-04,746
2017-05-04,746
2017-05-05,755
2017-05-05,755
2017-05-05,755
2017-05-06,753.5
2017-05-06,755
2017-05-06,752
2017-05-07,738.5
2017-05-07,741
2017-05-07,736
2017-05-08,726.5
2017-05-08,728
2017-05-08,725
2017-05-09,720
2017-05-09,721
2017-05-09,719
2017-05-10,715.5
2017-05-10,715
2017-05-10,716
2017-05-11,709
2017-05-11,710
2017-05-11,708
2017-05-12,724.5
2017-05-12,725
2017-05-12,724
2017-05-13,712
2017-05-13,714
2017-05-13,710
2017-05-14,703.5
2017-05-14,706
2017-05-14,701
2017-05-17,703.5
2017-05-17,702
2017-05-17,705
2017-05-18,707.5
2017-05-18,708
2017-05-18,707
2017-05-19,703.5
2017-05-19,704
2017-05-19,703
2017-05-20,703
2017-05-20,703
2017-05-20,703
2017-05-21,702
2017-05-21,702
2017-05-21,702
2017-05-22,701
2017-06-14,683
2017-06-15,679.5
2017-06-15,681
2017-06-15,678
2017-06-16,671.5
2017-06-16,673
2017-06-16,670
2017-06-17,658
2017-06-17,660
2017-06-17,656
2017-06-18,647.5
2017-06-18,649
2017-06-18,646
2017-06-19,639.5
2017-06-19,641
2017-06-19,638
2017-06-20,634.5
2017-06-20,635
2017-06-20,634
2017-06-21,646
2017-06-21,643
2017-06-21,649
2017-06-22,662.5
2017-06-22,660
2017-06-22,665
2017-06-23,673
2017-06-23,673
2017-06-23,673
2017-06-24,673
2017-06-24,673
2017-06-24,673
2017-06-25,675
2017-06-25,674
2017-06-25,676
2017-06-26,679
2017-06-26,679
2017-06-26,679
2017-06-27,677
2017-06-27,677
2017-06-27,677
2017-06-28,665.5
2017-06-28,668
2017-06-28,663
2017-06-29,659
2017-06-29,660
2017-06-29,658
2017-06-30,651.5
2017-06-30,653
2017-06-30,650
2017-07-01,645.5
2017-07-01,645
2017-07-01,646
2017-07-02,657
2017-07-02,655
2017-07-02,659
2017-07-03,661.5
2017-07-03,660
2017-07-03,663
2017-07-04,666
2017-07-04,666
2017-07-04,666
2017-07-05,668.5
2017-07-05,668
2017-07-05,669
2017-07-06,667.5
2017-07-06,668
2017-07-06,667
2017-07-07,662.5
2017-07-07,663
2017-07-07,662
2017-07-08,661.5
2017-07-08,661
2017-07-08,662
2017-07-09,668.5
2017-07-09,667
2017-07-09,670
2017-07-10,664
2017-07-10,664
2017-07-10,664
2017-07-11,659
2017-07-11,660
2017-07-11,658
2017-07-12,654.5
2017-07-12,655
2017-07-12,654
2017-07-13,648.5
2017-07-13,649
2017-07-13,648
2017-07-14,648.5
2017-07-14,648
2017-07-14,649
2017-07-15,651
2017-07-15,650
2017-07-15,652
2017-07-16,655.5
2017-07-16,655
2017-07-16,656
2017-07-17,670.5
2017-07-17,668
2017-07-17,673
2017-07-18,682.5
2017-07-18,680
2017-07-18,685
2017-07-19,686.5
2017-07-19,688
2017-07-19,685
2017-07-20,685
2017-07-20,685
2017-07-20,685
2017-07-21,685
2017-07-21,685
2017-07-21,685
2017-07-22,685
2017-07-22,685
2017-07-22,685
2017-07-23,685
2017-07-23,685
2017-07-23,685
2017-07-24,684.5
2017-07-24,685
2017-07-24,684
2017-07-25,678.5
2017-07-25,680
2017-07-25,677
2017-07-26,673
2017-07-26,674
2017-07-26,672
2017-07-27,670
2017-07-27,670
2017-07-27,670
2017-07-28,668
2017-07-28,668
2017-07-28,668
2017-07-29,669.5
2017-07-29,669
2017-07-29,670
2017-07-30,673.5
2017-07-30,672
2017-07-30,675
2017-07-31,676
2017-07-31,676
2017-07-31,676
2017-08-01,676
2017-08-01,676
2017-08-01,676
2017-08-02,678.5
2017-08-02,678
2017-08-02,679
2017-08-03,679.5
2017-08-03,679
2017-08-03,680
2017-08-04,680
2017-08-04,680
2017-08-04,680
2017-08-05,680
2017-08-05,680
2017-08-05,680
2017-08-06,681
2017-08-06,681
2017-08-06,681
2017-08-07,680
2017-08-07,680
2017-08-07,680
2017-08-08,680
2017-08-08,680
2017-08-08,680
2017-08-09,680
2017-08-09,680
2017-08-09,680
2017-08-10,681
2017-08-10,681
2017-08-10,681
2017-08-11,681
2017-08-11,681
2017-08-11,681
2017-08-12,680
2017-08-12,680
2017-08-12,680
2017-08-13,681
2017-08-13,681
2017-08-13,681
2017-08-14,682
2017-08-14,682
2017-08-14,682
2017-08-15,683
2017-08-15,683
2017-08-15,683
2017-08-16,683
2017-08-16,683
2017-08-16,683
2017-08-17,681.5
2017-08-17,683
2017-08-17,680
2017-08-18,678.5
2017-08-18,679
2017-08-18,678
2017-08-19,676
2017-08-19,677
2017-08-19,675
2017-08-20,671
2017-08-20,672
2017-08-20,670
2017-08-21,667.5
2017-08-21,668
2017-08-21,667
2017-08-22,662.5
2017-08-22,664
2017-08-22,661
2017-08-23,663.5
2017-08-23,664
2017-08-23,663
2017-08-24,660
2017-08-24,661
2017-08-24,659
2017-08-25,655.5
2017-08-25,657
2017-08-25,654
2017-08-26,652.5
2017-08-26,653
2017-08-26,652
2017-08-27,648.5
2017-08-27,650
2017-08-27,647
2017-08-28,644
2017-08-28,645
2017-08-28,643
2017-08-29,640
2017-08-29,640
2017-08-29,640
2017-08-30,636
2017-08-30,637
2017-08-30,635
2017-08-31,630
2017-08-31,632
2017-08-31,628
2017-09-01,625
2017-09-01,627
2017-09-01,623
2017-09-02,619
2017-09-02,620
2017-09-02,618
2017-09-03,612.5
2017-09-03,614
2017-09-03,611
2017-09-04,606
2017-09-04,607
2017-09-04,605
2017-09-05,601.5
2017-09-05,603
2017-09-05,600
2017-09-13,557.5
2017-09-13,559
2017-09-13,556
2017-09-14,552.5
2017-09-14,554
2017-09-14,551
2017-09-15,545.5
2017-09-15,547
2017-09-15,544
2017-09-16,542
2017-09-16,543
2017-09-16,541
2017-09-17,536.5
2017-09-17,537
2017-09-17,536
2017-09-18,533.5
2017-09-18,535
2017-09-18,532
2017-09-19,525
2017-09-19,526
2017-09-19,524
2017-09-20,517
2017-09-20,519
2017-09-20,515
2017-09-21,512
2017-09-21,512
2017-09-21,512
2017-09-22,512
2017-09-22,512
2017-09-22,512
2017-09-23,512
2017-09-23,512
2017-09-23,512
2017-09-24,514
2017-09-24,514
2017-09-24,514
2017-09-25,514
2017-09-25,514
2017-09-25,514
2017-09-26,516
2017-09-26,516
2017-09-26,516
2017-09-27,514
2017-09-27,514
2017-09-27,514
2017-09-28,514
2017-09-28,514
2017-09-28,514
2017-09-29,512
2017-09-29,512
2017-09-29,512
2017-09-30,510
2017-09-30,510
2017-09-30,510
2017-10-01,510
2017-10-01,510
2017-10-01,510
2017-10-02,511
2017-10-02,511
2017-10-02,511
2017-10-03,512.5
2017-10-03,512
2017-10-03,513
2017-10-04,514.5
2017-10-04,514
2017-10-04,515
2017-10-05,514
2017-10-05,514
2017-10-05,514
2017-10-06,513
2017-10-06,513
2017-10-06,513
2017-10-07,511
2017-10-07,511
2017-10-07,511
2017-10-08,511
2017-10-08,511
2017-10-08,511
2017-10-09,510
2017-10-09,510
2017-10-09,510
2017-10-10,510
2017-10-10,510
2017-10-10,510
2017-10-11,509
2017-10-11,509
2017-10-11,509
2017-10-12,510
2017-10-12,510
2017-10-12,510
2017-10-13,510
2017-10-13,510
2017-10-13,510
2017-10-14,510
2017-10-14,510
2017-10-14,510
2017-10-15,510
2017-10-15,510
2017-10-15,510
2017-10-16,511
2017-10-16,511
2017-10-16,511
2017-10-17,510.5
2017-10-17,511
2017-10-17,510
2017-10-18,508
2017-10-18,508
2017-10-18,508
2017-10-19,507
2017-10-19,507
2017-10-19,507
2017-10-20,509
2017-10-20,509
2017-10-20,509
2017-10-21,510
2017-10-21,510
2017-10-21,510
2017-10-22,511
2017-10-22,511
2017-10-22,511
2017-10-23,511
2017-10-23,511
2017-10-23,511
2017-10-24,510
2017-10-24,510
2017-10-24,510
2017-10-25,510
2017-10-25,510
2017-10-25,510
2017-10-26,509
2017-10-26,509
2017-10-26,509
2017-10-27,509
2017-10-27,509
2017-10-27,509
2017-10-28,507
2017-10-28,507
2017-10-28,507
2017-10-29,506
2017-10-29,506
2017-10-29,506
2017-10-30,506
2017-10-30,506
2017-10-30,506
2017-10-31,507
2017-10-31,507
2017-10-31,507
2017-11-01,463.5
2017-11-01,463
2017-11-01,464
2017-11-02,464
2017-11-02,464
2017-11-02,464
2017-11-03,465
2017-11-03,465
2017-11-03,465
2017-11-04,466
2017-11-04,466
2017-11-04,466
2017-11-05,467
2017-11-05,467
2017-11-05,467
2017-11-06,467
2017-11-06,467
2017-11-06,467
2017-11-07,466
2017-11-07,466
2017-11-07,466
2017-11-08,465
2017-11-08,465
2017-11-08,465
2017-11-09,463
2017-11-09,463
2017-11-09,463
2017-11-10,461
2017-11-10,461
2017-11-10,461
2017-11-11,461
2017-11-11,461
2017-11-11,461
2017-11-12,461
2017-11-12,461
2017-11-12,461
2017-11-13,461.5
2017-11-13,462
2017-11-13,461
2017-11-14,459
2017-11-14,459
2017-11-14,459
2017-11-15,459
2017-11-15,459
2017-11-15,459
2017-11-16,459
2017-11-16,458
2017-11-16,460
2017-11-17,463
2017-11-17,463
2017-11-17,463
2017-11-18,466
2017-11-18,466
2017-11-18,466
2017-11-19,467
2017-11-19,467
2017-11-19,467
2017-11-20,468
2017-11-20,468
2017-11-20,468
2017-11-21,468
2017-11-21,468
2017-11-21,468
2017-11-22,474
2017-11-22,474
2017-11-22,474
2017-11-23,472
2017-11-23,472
2017-11-23,472
2017-11-24,469
2017-11-24,469
2017-11-24,469
2017-11-25,471.5
2017-11-25,471
2017-11-25,472
2017-11-26,475.5
2017-11-26,475
2017-11-26,476
2017-11-27,479.5
2017-11-27,479
2017-11-27,480
2017-11-28,482.5
2017-11-28,482
2017-11-28,483
2017-11-29,488
2017-11-29,487
2017-11-29,489
2017-11-30,495.5
2017-11-30,494
2017-11-30,497
2017-12-01,502
2017-12-01,502
2017-12-01,502
2017-12-02,504
2017-12-02,504
2017-12-02,504
2017-12-03,506.5
2017-12-03,502
2017-12-03,511
2017-12-04,516
2017-12-04,515
2017-12-04,517
2017-12-05,523
2017-12-05,521
2017-12-05,525
2017-12-06,530
2017-12-06,531
2017-12-06,529
2017-12-07,530
2017-12-07,530
2017-12-07,530
2017-12-08,531
2017-12-08,530
2017-12-08,532
2017-12-09,537
2017-12-09,536
2017-12-09,538
2017-12-10,542.5
2017-12-10,542
2017-12-10,543
2017-12-11,547.5
2017-12-11,547
2017-12-11,548
2017-12-12,552
2017-12-12,551
2017-12-12,553
2017-12-13,559.5
2017-12-13,558
2017-12-13,561
2017-12-14,574.5
2017-12-14,573
2017-12-14,576
2017-12-15,588
2017-12-15,587
2017-12-15,589
2017-12-16,594.5
2017-12-16,593
2017-12-16,596
2017-12-17,602
2017-12-17,602
2017-12-17,602
2017-12-18,625
2017-12-18,645
2017-12-18,605
2017-12-19,604
2017-12-19,604
2017-12-19,604
2017-12-20,601
2017-12-20,600
2017-12-20,602
2017-12-21,610
2017-12-21,607
2017-12-21,613
2017-12-22,626
2017-12-22,621
2017-12-22,631
2017-12-23,640
2017-12-23,637
2017-12-23,643
2017-12-24,649
2017-12-24,648
2017-12-24,650
2017-12-25,651
2017-12-25,652
2017-12-25,650
2017-12-26,647
2017-12-26,648
2017-12-26,646
2017-12-27,642
2017-12-27,644
2017-12-27,640
2017-12-28,636
2017-12-28,636
2017-12-28,636
2017-12-29,637.5
2017-12-29,636
2017-12-29,639
2017-12-30,646.5
2017-12-30,645
2017-12-30,648
2017-12-31,651.5
2017-12-31,651
2017-12-31,652
2018-01-01,654
2018-01-01,654
2018-01-01,654
2018-01-02,651
2018-01-02,652
2018-01-02,650
2018-01-03,647
2018-01-03,648
2018-01-03,646
2018-01-04,645
2018-01-04,645
2018-01-04,645
2018-01-05,643
2018-01-05,644
2018-01-05,642
2018-01-06,638
2018-01-06,638
2018-01-06,638
2018-01-07,638
2018-01-07,638
2018-01-07,638
2018-01-08,637.5
2018-01-08,636
2018-01-08,639
2018-01-09,647
2018-01-09,646
2018-01-09,648
2018-01-10,653
2018-01-10,652
2018-01-10,654
2018-01-11,659
2018-01-11,658
2018-01-11,660
2018-01-12,664
2018-01-12,664
2018-01-12,664
2018-01-13,667
2018-01-13,665
2018-01-13,669
2018-01-14,675
2018-01-14,674
2018-01-14,676
2018-01-15,657.5
2018-01-15,666
2018-01-15,649
2018-01-16,625.5
2018-01-16,630
2018-01-16,621
2018-01-17,620.5
2018-01-17,611
2018-01-17,630
2018-01-18,625
2018-01-18,625
2018-01-18,625
2018-01-19,637
2018-01-19,636
2018-01-19,638
2018-01-20,643
2018-01-20,643
2018-01-20,643
2018-01-21,645.5
2018-01-21,645
2018-01-21,646
2018-01-22,648
2018-01-22,648
2018-01-22,648
2018-01-23,650
2018-01-23,650
2018-01-23,650
2018-01-24,650.5
2018-01-24,651
2018-01-24,650
2018-01-25,646
2018-01-25,648
2018-01-25,644
2018-01-26,638.5
2018-01-26,640
2018-01-26,637
2018-01-27,632
2018-01-27,633
2018-01-27,631
2018-01-28,633.5
2018-01-28,629
2018-01-28,638
2018-01-29,629
2018-01-29,626
2018-01-29,632
2018-01-30,646.5
2018-01-30,648
2018-01-30,645
2018-01-31,656
2018-01-31,653
2018-01-31,659
2018-02-01,670.5
2018-02-01,669
2018-02-01,672
2018-02-02,686
2018-02-02,682
2018-02-02,690
2018-02-03,694.5
2018-02-03,695
2018-02-03,694
2018-02-04,684
2018-02-04,685
2018-02-04,683
2018-02-05,676.5
2018-02-05,680
2018-02-05,673
2018-02-06,669.5
2018-02-06,671
2018-02-06,668
2018-02-07,665
2018-02-07,665
2018-02-07,665
2018-02-08,682
2018-02-08,676
2018-02-08,688
2018-02-09,712.5
2018-02-09,705
2018-02-09,720
2018-02-10,732.5
2018-02-10,732
2018-02-10,733
2018-02-11,735
2018-02-11,736
2018-02-11,734
2018-02-12,729
2018-02-12,730
2018-02-12,728
2018-02-13,717.5
2018-02-13,717
2018-02-13,718
2018-02-14,719
2018-02-14,720
2018-02-14,718
2018-02-15,713
2018-02-15,712
2018-02-15,714
2018-02-16,717
2018-02-16,714
2018-02-16,720
2018-02-17,723
2018-02-17,722
2018-02-17,724
2018-02-18,735
2018-02-18,734
2018-02-18,736
2018-02-19,731.5
2018-02-19,733
2018-02-19,730
2018-02-20,724
2018-02-20,724
2018-02-20,724
2018-02-21,728.5
2018-02-21,725
2018-02-21,732
2018-02-22,735
2018-02-22,734
2018-02-22,736
2018-02-23,741.5
2018-02-23,738
2018-02-23,745
2018-02-24,746
2018-02-24,745
2018-02-24,747
2018-02-25,753
2018-02-25,751
2018-02-25,755
2018-02-26,751
2018-02-26,752
2018-02-26,750
2018-02-27,748
2018-02-27,748
2018-02-27,748
2018-02-28,747
2018-02-28,747
2018-02-28,747
2018-03-01,748
2018-03-01,748
2018-03-01,748
2018-03-02,751
2018-03-02,750
2018-03-02,752
2018-03-03,755
2018-03-03,754
2018-03-03,756
2018-03-04,757
2018-03-04,757
2018-03-04,757
2018-03-05,757
2018-03-05,759
2018-03-05,755
2018-03-06,748.5
2018-03-06,750
2018-03-06,747
2018-03-07,750
2018-03-07,750
2018-03-07,750
2018-03-08,753
2018-03-08,753
2018-03-08,753
2018-03-09,755.5
2018-03-09,755
2018-03-09,756
2018-03-10,758.5
2018-03-10,758
2018-03-10,759
2018-03-11,764.5
2018-03-11,763
2018-03-11,766
2018-03-12,757
2018-03-12,760
2018-03-12,754
2018-03-13,740
2018-03-13,746
2018-03-13,734
2018-03-14,732
2018-03-14,732
2018-03-14,732
2018-03-15,729.5
2018-03-15,730
2018-03-15,729
2018-03-16,730
2018-03-16,730
2018-03-16,730
2018-03-17,732.5
2018-03-17,733
2018-03-17,732
2018-03-18,735
2018-03-18,735
2018-03-18,735
2018-03-19,729.5
2018-03-19,730
2018-03-19,729
2018-03-20,726.5
2018-03-20,727
2018-03-20,726
2018-03-21,708.5
2018-03-21,710
2018-03-21,707
2018-03-22,711
2018-03-22,710
2018-03-22,712
2018-03-23,720.5
2018-03-23,719
2018-03-23,722
2018-03-24,735.5
2018-03-24,734
2018-03-24,737
2018-03-25,754
2018-03-25,749
2018-03-25,759
2018-03-26,763.5
2018-03-26,765
2018-03-26,762
2018-03-27,758
2018-03-27,760
2018-03-27,756
2018-03-28,753
2018-03-28,754
2018-03-28,752
2018-03-29,750
2018-03-29,750
2018-03-29,750
2018-03-30,749
2018-03-30,748
2018-03-30,750
2018-03-31,758.5
2018-03-31,758
2018-03-31,759
2018-04-01,760
2018-04-01,760
2018-04-01,760
2018-04-02,763
2018-04-02,762
2018-04-02,764
2018-04-03,769
2018-04-03,768
2018-04-03,770
2018-04-04,769.5
2018-04-04,770
2018-04-04,769
2018-04-05,766
2018-04-05,767
2018-04-05,765
2018-04-06,759
2018-04-06,758
2018-04-06,760
2018-04-07,763.5
2018-04-07,762
2018-04-07,765
2018-04-08,776
2018-04-08,774
2018-04-08,778
2018-04-09,788.5
2018-04-09,790
2018-04-09,787
2018-04-10,772.5
2018-04-10,780
2018-04-10,765
2018-04-11,762.5
2018-04-11,762
2018-04-11,763
2018-04-12,768
2018-04-12,760
2018-04-12,776
2018-04-13,775
2018-04-13,774
2018-04-13,776
2018-04-14,784
2018-04-14,782
2018-04-14,786
2018-04-15,794
2018-04-15,794
2018-04-15,794
2018-04-16,794
2018-04-16,794
2018-04-16,794
2018-04-17,792.5
2018-04-17,793
2018-04-17,792
2018-04-18,794
2018-04-18,794
2018-04-18,794
2018-04-19,795.5
2018-04-19,794
2018-04-19,797
2018-04-20,800.5
2018-04-20,800
2018-04-20,801
2018-04-21,802.5
2018-04-21,801
2018-04-21,804
2018-04-22,813
2018-04-22,813
2018-04-22,813
2018-04-23,816.5
2018-04-23,816
2018-04-23,817
2018-04-24,812
2018-04-24,813
2018-04-24,811
2018-04-25,804.5
2018-04-25,806
2018-04-25,803
2018-04-26,792.5
2018-04-26,795
2018-04-26,790
2018-04-27,783
2018-04-27,784
2018-04-27,782
2018-04-28,780
2018-04-28,780
2018-04-28,780
2018-04-29,780
2018-04-29,780
2018-04-29,780
2018-04-30,781
2018-04-30,782
2018-04-30,780
2018-05-01,775
2018-05-01,775
2018-05-01,775
2018-05-02,770.5
2018-05-02,773
2018-05-02,768
2018-05-03,757
2018-05-03,758
2018-05-03,756
2018-05-04,747
2018-05-04,750
2018-05-04,744
2018-05-05,747.5
2018-05-05,746
2018-05-05,749
2018-05-06,753.5
2018-05-06,753
2018-05-06,754
2018-05-07,756.5
2018-05-07,758
2018-05-07,755
2018-05-08,745.5
2018-05-08,748
2018-05-08,743
2018-05-09,737
2018-05-09,738
2018-05-09,736
2018-05-10,729
2018-05-10,733
2018-05-10,725
2018-05-11,715
2018-05-11,715
2018-05-11,715
2018-05-12,713.5
2018-05-12,714
2018-05-12,713
2018-05-13,713
2018-05-13,713
2018-05-13,713
2018-05-14,712.5
2018-05-14,713
2018-05-14,712
2018-05-15,709.5
2018-05-15,711
2018-05-15,708
2018-05-16,697.5
2018-05-16,700
2018-05-16,695
2018-05-17,686
2018-05-17,688
2018-05-17,684
2018-05-18,676.5
2018-05-18,678
2018-05-18,675
2018-05-19,667.5
2018-05-19,666
2018-05-19,669
2018-05-20,629
2018-05-20,635
2018-05-20,623
2018-05-21,712
2018-05-21,716
2018-05-21,708
2018-05-22,698
2018-05-22,700
2018-05-22,696
2018-05-23,689
2018-05-23,690
2018-05-23,688
2018-05-24,682
2018-05-24,684
2018-05-24,680
2018-05-25,674.5
2018-05-25,674
2018-05-25,675
2018-05-26,679
2018-05-26,678
2018-05-26,680
2018-05-27,692.5
2018-05-27,690
2018-05-27,695
2018-05-28,706
2018-05-28,702
2018-05-28,710
2018-05-29,702
2018-05-29,705
2018-05-29,699
2018-05-30,687
2018-05-30,691
2018-05-30,683
2018-05-31,668.5
2018-05-31,671
2018-05-31,666
2018-06-01,655
2018-06-01,656
2018-06-01,654
2018-06-02,648
2018-06-02,650
2018-06-02,646
2018-06-03,628
2018-06-03,630
2018-06-03,626
2018-06-04,616.5
2018-06-04,617
2018-06-04,616
2018-06-05,613
2018-06-05,613
2018-06-05,613
2018-06-06,613
2018-06-06,614
2018-06-06,612
2018-06-07,608
2018-06-07,607
2018-06-07,609
2018-06-08,608.5
2018-06-08,607
2018-06-08,610
2018-06-09,641.5
2018-06-09,636
2018-06-09,647
2018-06-10,669
2018-06-10,660
2018-06-10,678
2018-06-11,679.5
2018-06-11,681
2018-06-11,678
2018-06-12,670
2018-06-12,671
2018-06-12,669
2018-06-13,663
2018-06-13,664
2018-06-13,662
2018-06-14,656.5
2018-06-14,657
2018-06-14,656
2018-06-15,657
2018-06-15,654
2018-06-15,660
2018-06-16,668
2018-06-16,667
2018-06-16,669
2018-06-17,672
2018-06-17,672
2018-06-17,672
2018-06-18,663.5
2018-06-18,666
2018-06-18,661
2018-06-19,651.5
2018-06-19,653
2018-06-19,650
2018-06-20,645
2018-06-20,645
2018-06-20,645
2018-06-21,646
2018-06-21,647
2018-06-21,645
2018-06-22,638.5
2018-06-22,638
2018-06-22,639
2018-06-23,637.5
2018-06-23,637
2018-06-23,638
2018-06-24,641
2018-06-24,640
2018-06-24,642
2018-06-25,644
2018-06-25,644
2018-06-25,644
2018-06-26,644
2018-06-26,644
2018-06-26,644
2018-06-27,644.5
2018-06-27,644
2018-06-27,645
2018-06-28,649
2018-06-28,648
2018-06-28,650
2018-06-29,652.5
2018-06-29,652
2018-06-29,653
2018-06-30,656
2018-06-30,656
2018-06-30,656
2018-07-01,656.5
2018-07-01,656
2018-07-01,657
2018-07-02,659
2018-07-02,660
2018-07-02,658
2018-07-03,656.5
2018-07-03,657
2018-07-03,656
2018-07-04,651.5
2018-07-04,654
2018-07-04,649
2018-07-05,644
2018-07-05,645
2018-07-05,643
2018-07-06,639.5
2018-07-06,640
2018-07-06,639
2018-07-07,638
2018-07-07,636
2018-07-07,640
2018-07-08,647.5
2018-07-08,647
2018-07-08,648
2018-07-09,652
2018-07-09,652
2018-07-09,652
2018-07-10,658
2018-07-10,657
2018-07-10,659
2018-07-11,656.5
2018-07-11,657
2018-07-11,656
2018-07-12,649
2018-07-12,653
2018-07-12,645
2018-07-13,643
2018-07-13,643
2018-07-13,643
2018-07-14,643
2018-07-14,643
2018-07-14,643
2018-07-15,645
2018-07-15,645
2018-07-15,645
2018-07-16,644
2018-07-16,644
2018-07-16,644
2018-07-17,646
2018-07-17,645
2018-07-17,647
2018-07-18,647
2018-07-18,647
2018-07-18,647
2018-07-19,641
2018-07-19,642
2018-07-19,640
2018-07-20,636.5
2018-07-20,637
2018-07-20,636
2018-07-21,632
2018-07-21,634
2018-07-21,630
2018-07-22,628
2018-07-22,628
2018-07-22,628
2018-07-23,630.5
2018-07-23,630
2018-07-23,631
2018-07-24,632
2018-07-24,632
2018-07-24,632
2018-07-25,630.5
2018-07-25,631
2018-07-25,630
2018-07-26,632.5
2018-07-26,632
2018-07-26,633
2018-07-27,637
2018-07-27,636
2018-07-27,638
2018-07-28,642
2018-07-28,641
2018-07-28,643
2018-07-29,648.5
2018-07-29,647
2018-07-29,650
2018-07-30,646.5
2018-07-30,647
2018-07-30,646
2018-07-31,642.5
2018-07-31,643
2018-07-31,642
2018-08-01,643
2018-08-01,643
2018-08-01,643
2018-08-02,646
2018-08-02,645
2018-08-02,647
2018-08-03,647.5
2018-08-03,648
2018-08-03,647
2018-08-04,649.5
2018-08-04,650
2018-08-04,649
2018-08-05,653
2018-08-05,652
2018-08-05,654
2018-08-06,657
2018-08-06,658
2018-08-06,656
2018-08-07,657.5
2018-08-07,658
2018-08-07,657
2018-08-08,657
2018-08-08,657
2018-08-08,657
2018-08-09,649.5
2018-08-09,650
2018-08-09,649
2018-08-10,648
2018-08-10,648
2018-08-10,648
2018-08-11,648
2018-08-11,648
2018-08-11,648
2018-08-12,650.5
2018-08-12,650
2018-08-12,651
2018-08-13,647.5
2018-08-13,648
2018-08-13,647
2018-08-14,646.5
2018-08-14,647
2018-08-14,646
2018-08-15,645
2018-08-15,645
2018-08-15,645
2018-08-16,636.5
2018-08-16,638
2018-08-16,635
2018-08-17,626.5
2018-08-17,628
2018-08-17,625
2018-08-18,620
2018-08-18,620
2018-08-18,620
2018-08-19,618
2018-08-19,618
2018-08-19,618
2018-08-20,616
2018-08-20,616
2018-08-20,616
2018-08-21,616
2018-08-21,616
2018-08-21,616
2018-08-22,617
2018-08-22,617
2018-08-22,617
2018-08-23,618
2018-08-23,618
2018-08-23,618
2018-08-24,618
2018-08-24,618
2018-08-24,618
2018-08-25,619
2018-08-25,619
2018-08-25,619
2018-08-26,618
2018-08-26,617
2018-08-26,619
2018-08-27,624
2018-08-27,624
2018-08-27,624
2018-08-28,623
2018-08-28,623
2018-08-28,623
2018-08-29,623
2018-08-29,623
2018-08-29,623
2018-08-30,624
2018-08-30,624
2018-08-30,624
2018-08-31,626
2018-08-31,626
2018-08-31,626
2018-09-01,628
2018-09-01,628
2018-09-01,628
2018-09-02,630
2018-09-02,630
2018-09-02,630
2018-09-03,631
2018-09-03,631
2018-09-03,631
2018-09-04,630
2018-09-04,630
2018-09-04,630
2018-09-05,632
2018-09-05,632
2018-09-05,632
2018-09-06,633
2018-09-06,633
2018-09-06,633
2018-09-07,637
2018-09-07,636
2018-09-07,638
2018-09-08,646
2018-09-08,645
2018-09-08,647
2018-09-09,650
2018-09-09,650
2018-09-09,650
2018-09-10,652
2018-09-10,651
2018-09-10,653
2018-09-11,655.5
2018-09-11,655
2018-09-11,656
2018-09-12,658
2018-09-12,658
2018-09-12,658
2018-09-13,660
2018-09-13,660
2018-09-13,660
2018-09-14,660.5
2018-09-14,660
2018-09-14,661
2018-09-15,662.5
2018-09-15,662
2018-09-15,663
2018-09-16,665.5
2018-09-16,665
2018-09-16,666
2018-09-17,666.5
2018-09-17,666
2018-09-17,667
2018-09-18,668
2018-09-18,668
2018-09-18,668
2018-09-19,666.5
2018-09-19,667
2018-09-19,666
2018-09-20,665
2018-09-20,665
2018-09-20,665
2018-09-21,662
2018-09-21,663
2018-09-21,661
2018-09-22,656
2018-09-22,657
2018-09-22,655
2018-09-23,649.5
2018-09-23,650
2018-09-23,649
2018-09-24,646.5
2018-09-24,647
2018-09-24,646
2018-09-25,641
2018-09-25,642
2018-09-25,640
2018-09-26,636.5
2018-09-26,637
2018-09-26,636
2018-09-27,632
2018-09-27,632
2018-09-27,632
2018-09-28,629.5
2018-09-28,630
2018-09-28,629
2018-09-29,623
2018-09-29,625
2018-09-29,621
2018-09-30,613.5
2018-09-30,615
2018-09-30,612
2018-10-01,608
2018-10-01,608
2018-10-01,608
2018-10-02,606
2018-10-02,606
2018-10-02,606
2018-10-03,603
2018-10-03,605
2018-10-03,601
2018-10-04,597
2018-10-04,599
2018-10-04,595
2018-10-05,592
2018-10-05,593
2018-10-05,591
2018-10-06,587.5
2018-10-06,588
2018-10-06,587
2018-10-07,585
2018-10-07,586
2018-10-07,584
2018-10-08,582.5
2018-10-08,583
2018-10-08,582
2018-10-09,579
2018-10-09,580
2018-10-09,578
2018-10-10,571
2018-10-10,574
2018-10-10,568
2018-10-11,562
2018-10-11,563
2018-10-11,561
2018-10-12,557
2018-10-12,558
2018-10-12,556
2018-10-13,554
2018-10-13,554
2018-10-13,554
2018-10-14,556.5
2018-10-14,556
2018-10-14,557
2018-10-15,557
2018-10-15,559
2018-10-15,555
2018-10-16,552
2018-10-16,553
2018-10-16,551
2018-10-17,549.5
2018-10-17,550
2018-10-17,549
2018-10-18,547.5
2018-10-18,548
2018-10-18,547
2018-10-19,546
2018-10-19,546
2018-10-19,546
2018-10-20,548.5
2018-10-20,548
2018-10-20,549
2018-10-21,551.5
2018-10-21,551
2018-10-21,552
2018-10-22,553
2018-10-22,554
2018-10-22,552
2018-10-23,550
2018-10-23,550
2018-10-23,550
2018-10-24,550
2018-10-24,550
2018-10-24,550
2018-10-25,552.5
2018-10-25,552
2018-10-25,553
2018-10-26,555.5
2018-10-26,555
2018-10-26,556
2018-10-27,556
2018-10-27,556
2018-10-27,556
2018-10-28,556
2018-10-28,556
2018-10-28,556
2018-10-29,557
2018-10-29,557
2018-10-29,557
2018-10-30,555.5
2018-10-30,558
2018-10-30,553
2018-10-31,554.5
2018-10-31,556
2018-10-31,553
2018-11-01,554.5
2018-11-01,555
2018-11-01,554
2018-11-02,556.5
2018-11-02,556
2018-11-02,557
2018-11-03,560
2018-11-03,560
2018-11-03,560
2018-11-04,562.5
2018-11-04,562
2018-11-04,563
2018-11-05,565.5
2018-11-05,565
2018-11-05,566
2018-11-06,568
2018-11-06,568
2018-11-06,568
2018-11-07,570
2018-11-07,570
2018-11-07,570
2018-11-08,571
2018-11-08,571
2018-11-08,571
2018-11-09,576
2018-11-09,577
2018-11-09,575
2018-11-10,580
2018-11-10,577
2018-11-10,583
2018-11-11,590.5
2018-11-11,590
2018-11-11,591
2018-11-12,595.5
2018-11-12,595
2018-11-12,596
2018-11-13,593.5
2018-11-13,594
2018-11-13,593
2018-11-14,589
2018-11-14,590
2018-11-14,588
2018-11-15,577
2018-11-15,580
2018-11-15,574
2018-11-16,561
2018-11-16,563
2018-11-16,559
2018-11-17,545
2018-11-17,548
2018-11-17,542
2018-11-18,530.5
2018-11-18,533
2018-11-18,528
2018-11-19,519
2018-11-19,521
2018-11-19,517
2018-11-20,509.5
2018-11-20,512
2018-11-20,507
2018-11-21,499
2018-11-21,501
2018-11-21,497
2018-11-22,489.5
2018-11-22,491
2018-11-22,488
2018-11-23,478.5
2018-11-23,480
2018-11-23,477
2018-11-24,471.5
2018-11-24,473
2018-11-24,470
2018-11-25,464
2018-11-25,464
2018-11-25,464
2018-11-26,461
2018-11-26,462
2018-11-26,460
2018-11-27,475
2018-11-27,475
2018-11-27,475
2018-11-28,483
2018-11-28,481
2018-11-28,485
2018-11-29,497
2018-11-29,495
2018-11-29,499
2018-11-30,511
2018-11-30,509
2018-11-30,513
2018-12-01,514.5
2018-12-01,514
2018-12-01,515
2018-12-02,521
2018-12-02,520
2018-12-02,522
2018-12-03,528
2018-12-03,526
2018-12-03,530
2018-12-04,539
2018-12-04,538
2018-12-04,540
2018-12-05,551
2018-12-05,548
2018-12-05,554
2018-12-06,568.5
2018-12-06,565
2018-12-06,572
2018-12-07,584
2018-12-07,583
2018-12-07,585
2018-12-08,593.5
2018-12-08,590
2018-12-08,597
2018-12-09,614.5
2018-12-09,610
2018-12-09,619
2018-12-10,636.5
2018-12-10,634
2018-12-10,639
2018-12-11,658
2018-12-11,653
2018-12-11,663
2018-12-12,678.5
2018-12-12,674
2018-12-12,683
2018-12-13,692
2018-12-13,690
2018-12-13,694
2018-12-14,698.5
2018-12-14,698
2018-12-14,699
2018-12-15,697
2018-12-15,700
2018-12-15,694
2018-12-16,688
2018-12-16,690
2018-12-16,686
2018-12-17,673.5
2018-12-17,680
2018-12-17,667
2018-12-18,646.5
2018-12-18,650
2018-12-18,643
2018-12-19,629
2018-12-19,632
2018-12-19,626
2018-12-20,617.5
2018-12-20,620
2018-12-20,615
2018-12-21,603.5
2018-12-21,604
2018-12-21,603
2018-12-22,597.5
2018-12-22,600
2018-12-22,595
2018-12-23,582.5
2018-12-23,585
2018-12-23,580
2018-12-24,570.5
2018-12-24,571
2018-12-24,570
2018-12-25,578
2018-12-25,576
2018-12-25,580
2018-12-26,583
2018-12-26,584
2018-12-26,582
2018-12-27,573.5
2018-12-27,574
2018-12-27,573
2018-12-28,569
2018-12-28,569
2018-12-28,569
2018-12-29,570.5
2018-12-29,569
2018-12-29,572
2018-12-30,586
2018-12-30,583
2018-12-30,589
2018-12-31,597
2018-12-31,596
2018-12-31,598
2019-01-01,609
2019-01-01,607
2019-01-01,611
2019-01-02,622
2019-01-02,620
2019-01-02,624
2019-01-03,631
2019-01-03,630
2019-01-03,632
2019-01-04,642.5
2019-01-04,640
2019-01-04,645
2019-01-05,645.5
2019-01-05,645
2019-01-05,646
2019-01-06,648
2019-01-06,648
2019-01-06,648
2019-01-07,651.5
2019-01-07,651
2019-01-07,652
2019-01-08,656
2019-01-08,652
2019-01-08,660
2019-01-09,653.5
2019-01-09,654
2019-01-09,653
2019-01-10,648.5
2019-01-10,649
2019-01-10,648
2019-01-11,645
2019-01-11,647
2019-01-11,643
2019-01-12,634
2019-01-12,636
2019-01-12,632
2019-01-13,645
2019-01-13,642
2019-01-13,648
2019-01-14,667
2019-01-14,661
2019-01-14,673
2019-01-15,689
2019-01-15,688
2019-01-15,690
2019-01-16,697.5
2019-01-16,698
2019-01-16,697
2019-01-17,687.5
2019-01-17,689
2019-01-17,686
2019-01-18,683
2019-01-18,683
2019-01-18,683
2019-01-19,692
2019-01-19,691
2019-01-19,693
2019-01-20,702.5
2019-01-20,701
2019-01-20,704
2019-01-21,717.5
2019-01-21,719
2019-01-21,716
2019-01-22,708
2019-01-22,710
2019-01-22,706
2019-01-23,702
2019-01-23,704
2019-01-23,700
2019-01-24,689.5
2019-01-24,693
2019-01-24,686
2019-01-25,678
2019-01-25,679
2019-01-25,677
2019-01-26,676.5
2019-01-26,676
2019-01-26,677
2019-01-27,679
2019-01-27,678
2019-01-27,680
2019-01-28,683
2019-01-28,683
2019-01-28,683
2019-01-29,678.5
2019-01-29,681
2019-01-29,676
2019-01-30,670.5
2019-01-30,671
2019-01-30,670
2019-01-31,671
2019-01-31,670
2019-01-31,672
2019-02-01,673.5
2019-02-01,673
2019-02-01,674
2019-02-02,673.5
2019-02-02,674
2019-02-02,673
2019-02-03,675.5
2019-02-03,675
2019-02-03,676
2019-02-04,677.5
2019-02-04,680
2019-02-04,675
2019-02-05,671.5
2019-02-05,673
2019-02-05,670
2019-02-06,671.5
2019-02-06,671
2019-02-06,672
2019-02-07,677.5
2019-02-07,675
2019-02-07,680
2019-02-08,687.5
2019-02-08,687
2019-02-08,688
2019-02-09,693
2019-02-09,692
2019-02-09,694
2019-02-10,699
2019-02-10,698
2019-02-10,700
2019-02-11,708
2019-02-11,706
2019-02-11,710
2019-02-12,696.5
2019-02-12,701
2019-02-12,692
2019-02-13,680.5
2019-02-13,682
2019-02-13,679
2019-02-14,669.5
2019-02-14,671
2019-02-14,668
2019-02-15,662.5
2019-02-15,665
2019-02-15,660
2019-02-16,654
2019-02-16,654
2019-02-16,654
2019-02-17,659
2019-02-17,658
2019-02-17,660
2019-02-18,664
2019-02-18,663
2019-02-18,665
2019-02-19,670
2019-02-19,669
2019-02-19,671
2019-02-20,674
2019-02-20,673
2019-02-20,675
2019-02-21,675
2019-02-21,675
2019-02-21,675
2019-02-22,674
2019-02-22,674
2019-02-22,674
2019-02-23,676.5
2019-02-23,673
2019-02-23,680
2019-02-24,680
2019-02-24,680
2019-02-24,680
2019-02-25,680.5
2019-02-25,680
2019-02-25,681
2019-02-26,688
2019-02-26,685
2019-02-26,691
2019-02-27,701
2019-02-27,698
2019-02-27,704
2019-02-28,708.5
2019-02-28,708
2019-02-28,709
2019-03-01,716
2019-03-01,715
2019-03-01,717
2019-03-02,717
2019-03-02,717
2019-03-02,717
2019-03-03,710
2019-03-03,711
2019-03-03,709
2019-03-04,705
2019-03-04,706
2019-03-04,704
2019-03-05,703.5
2019-03-05,702
2019-03-05,705
2019-03-06,711.5
2019-03-06,710
2019-03-06,713
2019-03-07,718.5
2019-03-07,717
2019-03-07,720
2019-03-08,721.5
2019-03-08,720
2019-03-08,723
2019-03-09,734.5
2019-03-09,733
2019-03-09,736
2019-03-10,748
2019-03-10,747
2019-03-10,749
2019-03-11,750
2019-03-11,750
2019-03-11,750
2019-03-12,748.5
2019-03-12,747
2019-03-12,750
2019-03-13,753.5
2019-03-13,753
2019-03-13,754
2019-03-14,757
2019-03-14,757
2019-03-14,757
2019-03-15,755
2019-03-15,756
2019-03-15,754
2019-03-16,751.5
2019-03-16,752
2019-03-16,751
2019-03-17,747
2019-03-17,748
2019-03-17,746
2019-03-18,741.5
2019-03-18,742
2019-03-18,741
2019-03-19,745.5
2019-03-19,744
2019-03-19,747
2019-03-20,753
2019-03-20,751
2019-03-20,755
2019-03-21,755
2019-03-21,755
2019-03-21,755
2019-03-22,752.5
2019-03-22,753
2019-03-22,752
2019-03-23,751
2019-03-23,750
2019-03-23,752
2019-03-24,760
2019-03-24,760
2019-03-24,760
2019-03-25,761.5
2019-03-25,764
2019-03-25,759
2019-03-26,746.5
2019-03-26,748
2019-03-26,745
2019-03-27,747
2019-03-27,745
2019-03-27,749
2019-03-28,756
2019-03-28,753
2019-03-28,759
2019-03-29,763
2019-03-29,763
2019-03-29,763
2019-03-30,760.5
2019-03-30,760
2019-03-30,761
2019-03-31,763.5
2019-03-31,763
2019-03-31,764
2019-04-01,770.5
2019-04-01,771
2019-04-01,770
2019-04-02,763
2019-04-02,764
2019-04-02,762
2019-04-03,759
2019-04-03,759
2019-04-03,759
2019-04-04,764
2019-04-04,762
2019-04-04,766
2019-04-05,771
2019-04-05,770
2019-04-05,772
2019-04-06,768.5
2019-04-06,767
2019-04-06,770
2019-04-07,779
2019-04-07,778
2019-04-07,780
2019-04-08,788.5
2019-04-08,791
2019-04-08,786
2019-04-09,769.5
2019-04-09,771
2019-04-09,768
2019-04-10,773
2019-04-10,773
2019-04-10,773
2019-04-11,774.5
2019-04-11,774
2019-04-11,775
2019-04-12,778.5
2019-04-12,777
2019-04-12,780
2019-04-13,783.5
2019-04-13,780
2019-04-13,787
2019-04-14,803.5
2019-04-14,800
2019-04-14,807
2019-04-15,805
2019-04-15,806
2019-04-15,804
2019-04-16,801
2019-04-16,801
2019-04-16,801
2019-04-17,796
2019-04-17,796
2019-04-17,796
2019-04-18,798
2019-04-18,798
2019-04-18,798
2019-04-19,802.5
2019-04-19,799
2019-04-19,806
2019-04-20,810
2019-04-20,810
2019-04-20,810
2019-04-21,806.5
2019-04-21,807
2019-04-21,806
2019-04-22,802.5
2019-04-22,804
2019-04-22,801
2019-04-23,790.5
2019-04-23,792
2019-04-23,789
2019-04-24,789
2019-04-24,789
2019-04-24,789
2019-04-25,783.5
2019-04-25,785
2019-04-25,782
2019-04-26,780
2019-04-26,780
2019-04-26,780
2019-04-27,780
2019-04-27,780
2019-04-27,780
2019-04-28,780
2019-04-28,780
2019-04-28,780
2019-04-29,774.5
2019-04-29,778
2019-04-29,771
2019-04-30,759.5
2019-04-30,761
2019-04-30,758
2019-05-01,749.5
2019-05-01,750
2019-05-01,749
2019-05-02,747.5
2019-05-02,746
2019-05-02,749
2019-05-03,751
2019-05-03,751
2019-05-03,751
2019-05-04,747
2019-05-04,747
2019-05-04,747
2019-05-05,747.5
2019-05-05,748
2019-05-05,747
2019-05-06,741.5
2019-05-06,744
2019-05-06,739
2019-05-07,725.5
2019-05-07,727
2019-05-07,724
2019-05-08,716.5
2019-05-08,717
2019-05-08,716
2019-05-09,719
2019-05-09,717
2019-05-09,721
2019-05-10,731.5
2019-05-10,731
2019-05-10,732
2019-05-11,736
2019-05-11,736
2019-05-11,736
2019-05-12,726
2019-05-12,727
2019-05-12,725
2019-05-13,713.5
2019-05-13,719
2019-05-13,708
2019-05-14,691
2019-05-14,694
2019-05-14,688
2019-05-15,679.5
2019-05-15,680
2019-05-15,679
2019-05-16,683
2019-05-16,682
2019-05-16,684
2019-05-17,681.5
2019-05-17,682
2019-05-17,681
2019-05-18,686
2019-05-18,681
2019-05-18,691
2019-05-19,709
2019-05-19,704
2019-05-19,714
2019-05-20,714
2019-05-20,715
2019-05-20,713
2019-05-21,716.5
2019-05-21,714
2019-05-21,719
2019-05-22,719
2019-05-22,719
2019-05-22,719
2019-05-23,710
2019-05-23,711
2019-05-23,709
2019-05-24,708
2019-05-24,706
2019-05-24,710
2019-05-25,713.5
2019-05-25,711
2019-05-25,716
2019-05-26,719
2019-05-26,717
2019-05-26,721
2019-05-27,717
2019-05-27,718
2019-05-27,716
2019-05-28,698.5
2019-05-28,701
2019-05-28,696
2019-05-29,683.5
2019-05-29,687
2019-05-29,680
2019-05-30,672
2019-05-30,674
2019-05-30,670
2019-05-31,669
2019-05-31,668
2019-05-31,670
2019-06-01,672.5
2019-06-01,670
2019-06-01,675
2019-06-02,678.5
2019-06-02,677
2019-06-02,680
2019-06-03,694
2019-06-03,693
2019-06-03,695
2019-06-04,686
2019-06-04,689
2019-06-04,683
2019-06-05,679.5
2019-06-05,678
2019-06-05,681
2019-06-06,682.5
2019-06-06,680
2019-06-06,685
2019-06-07,690
2019-06-07,688
2019-06-07,692
2019-06-08,686.5
2019-06-08,688
2019-06-08,685
2019-06-09,680
2019-06-09,679
2019-06-09,681
2019-06-10,666.5
2019-06-10,671
2019-06-10,662
2019-06-11,655
2019-06-11,657
2019-06-11,653
2019-06-12,637
2019-06-12,642
2019-06-12,632
2019-06-13,613.5
2019-06-13,617
2019-06-13,610
2019-06-14,605
2019-06-14,606
2019-06-14,604
2019-06-15,602
2019-06-15,600
2019-06-15,604
2019-06-16,625.5
2019-06-16,621
2019-06-16,630
2019-06-17,661.5
2019-06-17,658
2019-06-17,665
2019-06-18,663
2019-06-18,665
2019-06-18,661
2019-06-19,660
2019-06-19,655
2019-06-19,665
2019-06-20,660
2019-06-20,658
2019-06-20,662
2019-06-21,664
2019-06-21,664
2019-06-21,664
2019-06-22,661
2019-06-22,660
2019-06-22,662
2019-06-23,664
2019-06-23,664
2019-06-23,664
2019-06-24,664.5
2019-06-24,665
2019-06-24,664
2019-06-25,660.5
2019-06-25,660
2019-06-25,661
2019-06-26,662.5
2019-06-26,662
2019-06-26,663
2019-06-27,662.5
2019-06-27,663
2019-06-27,662
2019-06-28,659.5
2019-06-28,661
2019-06-28,658
2019-06-29,657
2019-06-29,658
2019-06-29,656
2019-06-30,654
2019-06-30,654
2019-06-30,654
2019-07-01,654
2019-07-01,654
2019-07-01,654
2019-07-02,656
2019-07-02,656
2019-07-02,656
2019-07-03,654.5
2019-07-03,655
2019-07-03,654
2019-07-04,656
2019-07-04,656
2019-07-04,656
2019-07-05,658.5
2019-07-05,658
2019-07-05,659
2019-07-06,653.5
2019-07-06,653
2019-07-06,654
2019-07-07,654
2019-07-07,654
2019-07-07,654
2019-07-08,655.5
2019-07-08,656
2019-07-08,655
2019-07-09,659.5
2019-07-09,659
2019-07-09,660
2019-07-10,660
2019-07-10,660
2019-07-10,660
2019-07-11,661
2019-07-11,661
2019-07-11,661
2019-07-12,660
2019-07-12,660
2019-07-12,660
2019-07-13,662
2019-07-13,662
2019-07-13,662
2019-07-14,659.5
2019-07-14,660
2019-07-14,659
2019-07-15,659
2019-07-15,659
2019-07-15,659
2019-07-16,657
2019-07-16,657
2019-07-16,657
2019-07-17,656
2019-07-17,656
2019-07-17,656
2019-07-18,656
2019-07-18,656
2019-07-18,656
2019-07-19,654
2019-07-19,654
2019-07-19,654
2019-07-20,653
2019-07-20,653
2019-07-20,653
2019-07-21,650
2019-07-21,650
2019-07-21,650
2019-07-22,650
2019-07-22,650
2019-07-22,650
2019-07-23,648
2019-07-23,648
2019-07-23,648
2019-07-24,649
2019-07-24,649
2019-07-24,649
2019-07-25,650
2019-07-25,650
2019-07-25,650
2019-07-26,652.5
2019-07-26,652
2019-07-26,653
2019-07-27,655
2019-07-27,655
2019-07-27,655
2019-07-28,658.5
2019-07-28,658
2019-07-28,659
2019-07-29,662
2019-07-29,662
2019-07-29,662
2019-07-30,660
2019-07-30,660
2019-07-30,660
2019-07-31,660
2019-07-31,660
2019-07-31,660
2019-08-01,657.5
2019-08-01,658
2019-08-01,657
2019-08-02,658
2019-08-02,658
2019-08-02,658
2019-08-03,657
2019-08-03,657
2019-08-03,657
2019-08-04,655
2019-08-04,655
2019-08-04,655
2019-08-05,654.5
2019-08-05,654
2019-08-05,655
2019-08-06,650
2019-08-06,650
2019-08-06,650
2019-08-07,653.5
2019-08-07,653
2019-08-07,654
2019-08-08,657
2019-08-08,658
2019-08-08,656
2019-08-09,654.5
2019-08-09,654
2019-08-09,655
2019-08-10,656
2019-08-10,656
2019-08-10,656
2019-08-11,655.5
2019-08-11,656
2019-08-11,655
2019-08-12,655
2019-08-12,656
2019-08-12,654
2019-08-13,654
2019-08-13,654
2019-08-13,654
2019-08-14,650.5
2019-08-14,651
2019-08-14,650
2019-08-15,650
2019-08-15,650
2019-08-15,650
2019-08-16,648
2019-08-16,648
2019-08-16,648
2019-08-17,651.5
2019-08-17,651
2019-08-17,652
2019-08-18,654.5
2019-08-18,654
2019-08-18,655
2019-08-19,659
2019-08-19,659
2019-08-19,659
2019-08-20,655.5
2019-08-20,656
2019-08-20,655
2019-08-21,653.5
2019-08-21,654
2019-08-21,653
2019-08-22,650
2019-08-22,650
2019-08-22,650
2019-08-23,648.5
2019-08-23,649
2019-08-23,648
2019-08-24,651
2019-08-24,650
2019-08-24,652
2019-08-25,654.5
2019-08-25,654
2019-08-25,655
2019-08-26,656.5
2019-08-26,657
2019-08-26,656
2019-08-27,654
2019-08-27,654
2019-08-27,654
2019-08-28,652
2019-08-28,652
2019-08-28,652
2019-08-29,649.5
2019-08-29,650
2019-08-29,649
2019-08-30,647
2019-08-30,647
2019-08-30,647
2019-08-31,646
2019-08-31,646
2019-08-31,646
2019-10-01,524
2019-10-01,525
2019-10-01,523
2019-10-02,519
2019-10-02,520
2019-10-02,518
2019-10-03,512.5
2019-10-03,514
2019-10-03,511
2019-10-04,508
2019-10-04,509
2019-10-04,507
2019-10-05,502.5
2019-10-05,503
2019-10-05,502
2019-10-06,498.5
2019-10-06,499
2019-10-06,498
2019-10-07,494.5
2019-10-07,496
2019-10-07,493
2019-10-08,488
2019-10-08,489
2019-10-08,487
2019-10-09,482.5
2019-10-09,484
2019-10-09,481
2019-10-10,477
2019-10-10,478
2019-10-10,476
2019-10-11,473
2019-10-11,473
2019-10-11,473
2019-10-12,474
2019-10-12,474
2019-10-12,474
2019-10-13,473
2019-10-13,473
2019-10-13,473
2019-10-14,474
2019-10-14,473
2019-10-14,475
2019-10-15,475
2019-10-15,475
2019-10-15,475
2019-10-16,475
2019-10-16,475
2019-10-16,475
2019-10-17,474.5
2019-10-17,476
2019-10-17,473
2019-10-18,475.5
2019-10-18,476
2019-10-18,475
2019-10-19,477
2019-10-19,479
2019-10-19,475
2019-10-20,475
2019-10-20,476
2019-10-20,474
2019-10-21,477
2019-10-21,478
2019-10-21,476
2019-10-22,480
2019-10-22,480
2019-10-22,480
2019-10-23,480
2019-10-23,482
2019-10-23,478
2019-10-24,480
2019-10-24,482
2019-10-24,478
2019-10-25,480.5
2019-10-25,481
2019-10-25,480
2019-10-26,482
2019-10-26,482
2019-10-26,482
2019-10-27,484.5
2019-10-27,484
2019-10-27,485
2019-10-28,489
2019-10-28,489
2019-10-28,489
2019-10-29,489
2019-10-29,490
2019-10-29,488
2019-10-30,494
2019-10-30,493
2019-10-30,495
2019-10-31,496
2019-10-31,496
2019-10-31,496
2019-11-01,497
2019-11-01,498
2019-11-01,496
2019-11-02,499.5
2019-11-02,501
2019-11-02,498
2019-11-03,504
2019-11-03,503
2019-11-03,505
2019-11-04,508
2019-11-04,510
2019-11-04,506
2019-11-05,511
2019-11-05,510
2019-11-05,512
2019-11-06,509.5
2019-11-06,510
2019-11-06,509
2019-11-07,514.5
2019-11-07,515
2019-11-07,514
2019-11-08,513.5
2019-11-08,516
2019-11-08,511
2019-11-09,510
2019-11-09,510
2019-11-09,510
2019-11-10,509
2019-11-10,509
2019-11-10,509
2019-11-11,509.5
2019-11-11,510
2019-11-11,509
2019-11-12,507
2019-11-12,506
2019-11-12,508
2019-11-13,512
2019-11-13,511
2019-11-13,513
2019-11-14,518
2019-11-14,517
2019-11-14,519
2019-11-15,524
2019-11-15,523
2019-11-15,525
2019-11-16,530
2019-11-16,529
2019-11-16,531
2019-11-17,536.5
2019-11-17,535
2019-11-17,538
2019-11-18,542.5
2019-11-18,542
2019-11-18,543
2019-11-19,550.5
2019-11-19,549
2019-11-19,552
2019-11-20,567
2019-11-20,566
2019-11-20,568
2019-11-21,580
2019-11-21,578
2019-11-21,582
2019-11-22,592.5
2019-11-22,592
2019-11-22,593
2019-11-23,606
2019-11-23,604
2019-11-23,608
2019-11-24,617.5
2019-11-24,616
2019-11-24,619
2019-11-25,621
2019-11-25,619
2019-11-25,623
2019-11-26,634.5
2019-11-26,633
2019-11-26,636
2019-11-27,636.5
2019-11-27,638
2019-11-27,635
2019-11-28,627
2019-11-28,628
2019-11-28,626
2019-11-29,628
2019-11-29,628
2019-11-29,628
2019-11-30,628
2019-11-30,628
2019-11-30,628
2019-12-01,633.5
2019-12-01,633
2019-12-01,634
2019-12-02,639.5
2019-12-02,639
2019-12-02,640
2019-12-03,636.5
2019-12-03,639
2019-12-03,634
2019-12-04,637.5
2019-12-04,638
2019-12-04,637
2019-12-05,641
2019-12-05,640
2019-12-05,642
2019-12-06,644
2019-12-06,646
2019-12-06,642
2019-12-07,630
2019-12-07,634
2019-12-07,626
2019-12-08,643
2019-12-08,636
2019-12-08,650
2019-12-09,644
2019-12-09,645
2019-12-09,643
2019-12-10,637.5
2019-12-10,638
2019-12-10,637
2019-12-11,635
2019-12-11,636
2019-12-11,634
2019-12-12,629
2019-12-12,630
2019-12-12,628
2019-12-13,627
2019-12-13,628
2019-12-13,626
2019-12-14,629
2019-12-14,628
2019-12-14,630
2019-12-15,635
2019-12-15,634
2019-12-15,636
2019-12-16,635
2019-12-16,636
2019-12-16,634
2019-12-17,635
2019-12-17,636
2019-12-17,634
2019-12-18,631
2019-12-18,632
2019-12-18,630
2019-12-19,627
2019-12-19,628
2019-12-19,626
2019-12-20,627
2019-12-20,627
2019-12-20,627
2019-12-21,627
2019-12-21,627
2019-12-21,627
2019-12-22,628
2019-12-22,628
2019-12-22,628
2019-12-23,630
2019-12-23,630
2019-12-23,630
2019-12-24,633
2019-12-24,632
2019-12-24,634
2019-12-25,637
2019-12-25,636
2019-12-25,638
2019-12-26,641
2019-12-26,641
2019-12-26,641
2019-12-27,640
2019-12-27,640
2019-12-27,640
2019-12-28,641
2019-12-28,641
2019-12-28,641
2019-12-29,641
2019-12-29,641
2019-12-29,641
2019-12-30,635
2019-12-30,636
2019-12-30,634
2019-12-31,632
2019-12-31,632
2019-12-31,632
2020-01-01,628
2020-01-01,628
2020-01-01,628
2020-01-02,630
2020-01-02,630
2020-01-02,630
2020-01-03,632.5
2020-01-03,632
2020-01-03,633
2020-01-04,638
2020-01-04,636
2020-01-04,640
2020-01-05,651.5
2020-01-05,649
2020-01-05,654
2020-01-06,663.5
2020-01-06,663
2020-01-06,664
2020-01-07,658.5
2020-01-07,659
2020-01-07,658
2020-01-08,655
2020-01-08,656
2020-01-08,654
2020-01-09,651
2020-01-09,652
2020-01-09,650
2020-01-10,644.5
2020-01-10,645
2020-01-10,644
2020-01-11,648.5
2020-01-11,647
2020-01-11,650
2020-01-12,655
2020-01-12,654
2020-01-12,656
2020-01-13,662.5
2020-01-13,661
2020-01-13,664
2020-01-14,667
2020-01-14,667
2020-01-14,667
2020-01-15,661.5
2020-01-15,663
2020-01-15,660
2020-01-16,653
2020-01-16,655
2020-01-16,651
2020-01-17,644
2020-01-17,643
2020-01-17,645
2020-01-18,646.5
2020-01-18,645
2020-01-18,648
2020-01-19,664
2020-01-19,662
2020-01-19,666
2020-01-20,670
2020-01-20,671
2020-01-20,669
2020-01-21,661.5
2020-01-21,663
2020-01-21,660
2020-01-22,647.5
2020-01-22,649
2020-01-22,646
2020-01-23,639.5
2020-01-23,640
2020-01-23,639
2020-01-24,642
2020-01-24,642
2020-01-24,642
2020-01-25,640.5
2020-01-25,640
2020-01-25,641
2020-01-26,647
2020-01-26,644
2020-01-26,650
2020-01-27,660
2020-01-27,660
2020-01-27,660
2020-01-28,663
2020-01-28,663
2020-01-28,663
2020-01-29,660
2020-01-29,660
2020-01-29,660
2020-01-30,654
2020-01-30,656
2020-01-30,652
2020-01-31,648.5
2020-01-31,650
2020-01-31,647
2020-02-01,637.5
2020-02-01,639
2020-02-01,636
2020-02-02,628.5
2020-02-02,627
2020-02-02,630
2020-02-03,628.5
2020-02-03,629
2020-02-03,628
2020-02-04,636.5
2020-02-04,636
2020-02-04,637
2020-02-05,638
2020-02-05,637
2020-02-05,639
2020-02-06,635.5
2020-02-06,636
2020-02-06,635
2020-02-07,629.5
2020-02-07,631
2020-02-07,628
2020-02-08,632
2020-02-08,630
2020-02-08,634
2020-02-09,642
2020-02-09,640
2020-02-09,644
2020-02-10,659
2020-02-10,658
2020-02-10,660
2020-02-11,670
2020-02-11,669
2020-02-11,671
2020-02-12,676
2020-02-12,675
2020-02-12,677
2020-02-13,685
2020-02-13,684
2020-02-13,686
2020-02-14,682.5
2020-02-14,684
2020-02-14,681
2020-02-15,677.5
2020-02-15,678
2020-02-15,677
2020-02-16,678
2020-02-16,676
2020-02-16,680
2020-02-17,684.5
2020-02-17,685
2020-02-17,684
2020-02-18,688.5
2020-02-18,688
2020-02-18,689
2020-02-19,689
2020-02-19,689
2020-02-19,689
2020-02-20,684.5
2020-02-20,686
2020-02-20,683
2020-02-21,679.5
2020-02-21,681
2020-02-21,678
2020-02-22,669
2020-02-22,671
2020-02-22,667
2020-02-23,665
2020-02-23,661
2020-02-23,669
2020-02-24,694
2020-02-24,693
2020-02-24,695
2020-02-25,702.5
2020-02-25,702
2020-02-25,703
2020-02-26,708
2020-02-26,708
2020-02-26,708
2020-02-27,691
2020-02-27,695
2020-02-27,687
2020-02-28,672.5
2020-02-28,674
2020-02-28,671
2020-02-29,668.5
2020-02-29,666
2020-02-29,671
2020-03-01,685.5
2020-03-01,682
2020-03-01,689
2020-03-02,703
2020-03-02,701
2020-03-02,705
2020-03-03,715
2020-03-03,712
2020-03-03,718
2020-03-04,720
2020-03-04,720
2020-03-04,720
2020-03-05,710.5
2020-03-05,712
2020-03-05,709
2020-03-06,699
2020-03-06,701
2020-03-06,697
2020-03-07,692.5
2020-03-07,694
2020-03-07,691
2020-03-08,691.5
2020-03-08,689
2020-03-08,694
2020-03-09,727.5
2020-03-09,723
2020-03-09,732
2020-03-10,745
2020-03-10,744
2020-03-10,746
2020-03-11,738
2020-03-11,741
2020-03-11,735
2020-03-12,734.5
2020-03-12,733
2020-03-12,736
2020-03-13,739
2020-03-13,738
2020-03-13,740
2020-03-14,746
2020-03-14,745
2020-03-14,747
2020-03-15,758.5
2020-03-15,759
2020-03-15,758
2020-03-16,754
2020-03-16,754
2020-03-16,754
2020-03-17,759
2020-03-17,759
2020-03-17,759
2020-03-18,762
2020-03-18,760
2020-03-18,764
2020-03-19,769
2020-03-19,768
2020-03-19,770
2020-03-20,805.5
2020-03-20,803
2020-03-20,808
2020-03-21,805
2020-03-21,807
2020-03-21,803
2020-03-22,798
2020-03-22,798
2020-03-22,798
2020-03-23,796
2020-03-23,796
2020-03-23,796
2020-03-24,806
2020-03-24,802
2020-03-24,810
2020-03-25,817
2020-03-25,816
2020-03-25,818
2020-03-26,812
2020-03-26,812
2020-03-26,812
2020-03-27,812
2020-03-27,810
2020-03-27,814
2020-03-28,816
2020-03-28,816
2020-03-28,816
2020-03-29,815
2020-03-29,815
2020-03-29,815
2020-03-30,815.5
2020-03-30,814
2020-03-30,817
2020-03-31,814.5
2020-03-31,816
2020-03-31,813
2020-04-01,818
2020-04-01,817
2020-04-01,819
2020-04-02,821.5
2020-04-02,821
2020-04-02,822
2020-04-03,817.5
2020-04-03,817
2020-04-03,818
2020-04-04,814.5
2020-04-04,815
2020-04-04,814
2020-04-05,809.5
2020-04-05,809
2020-04-05,810
2020-04-06,814.5
2020-04-06,814
2020-04-06,815
2020-04-07,808
2020-04-07,810
2020-04-07,806
2020-04-08,807
2020-04-08,807
2020-04-08,807
2020-04-09,806.5
2020-04-09,806
2020-04-09,807
2020-04-10,804
2020-04-10,805
2020-04-10,803
2020-04-11,796.5
2020-04-11,797
2020-04-11,796
2020-04-12,788.5
2020-04-12,790
2020-04-12,787
2020-04-13,781
2020-04-13,782
2020-04-13,780
2020-04-14,779.5
2020-04-14,779
2020-04-14,780
2020-04-15,786
2020-04-15,784
2020-04-15,788
2020-04-16,794.5
2020-04-16,793
2020-04-16,796
2020-04-17,801.5
2020-04-17,799
2020-04-17,804
2020-04-18,804
2020-04-18,803
2020-04-18,805
2020-04-19,807.5
2020-04-19,804
2020-04-19,811
2020-04-20,816.5
2020-04-20,815
2020-04-20,818
2020-04-21,818
2020-04-21,817
2020-04-21,819
2020-04-22,820
2020-04-22,820
2020-04-22,820
2020-04-23,821
2020-04-23,818
2020-04-23,824
2020-04-24,832.5
2020-04-24,830
2020-04-24,835
2020-04-25,838
2020-04-25,838
2020-04-25,838
2020-04-26,837.5
2020-04-26,836
2020-04-26,839
2020-04-27,839
2020-04-27,839
2020-04-27,839
2020-04-28,837.5
2020-04-28,837
2020-04-28,838
2020-04-29,840
2020-04-29,841
2020-04-29,839
2020-04-30,838.5
2020-04-30,838
2020-04-30,839
2020-05-01,835.5
2020-05-01,834
2020-05-01,837
2020-05-02,836.5
2020-05-02,837
2020-05-02,836
2020-05-03,833
2020-05-03,833
2020-05-03,833
2020-05-04,826.5
2020-05-04,828
2020-05-04,825
2020-05-05,821
2020-05-05,821
2020-05-05,821
2020-05-06,818.5
2020-05-06,819
2020-05-06,818
2020-05-07,814.5
2020-05-07,815
2020-05-07,814
2020-05-08,804.5
2020-05-08,805
2020-05-08,804
2020-05-09,797
2020-05-09,797
2020-05-09,797
2020-05-10,794
2020-05-10,794
2020-05-10,794
2020-05-11,784
2020-05-11,784
2020-05-11,784
2020-05-12,776.5
2020-05-12,777
2020-05-12,776
2020-05-13,772
2020-05-13,773
2020-05-13,771
2020-05-14,765.5
2020-05-14,767
2020-05-14,764
2020-05-15,755
2020-05-15,756
2020-05-15,754
2020-05-16,755.5
2020-05-16,754
2020-05-16,757
2020-05-17,754
2020-05-17,754
2020-05-17,754
2020-05-18,749.5
2020-05-18,751
2020-05-18,748
2020-05-19,743
2020-05-19,743
2020-05-19,743
2020-05-20,741.5
2020-05-20,742
2020-05-20,741
2020-05-21,737.5
2020-05-21,738
2020-05-21,737
2020-05-22,736
2020-05-22,736
2020-05-22,736
2020-05-23,726.5
2020-05-23,730
2020-05-23,723
2020-05-24,720
2020-05-24,720
2020-05-24,720
2020-05-25,718.5
2020-05-25,720
2020-05-25,717
2020-05-26,710
2020-05-26,710
2020-05-26,710
2020-05-27,715.5
2020-05-27,713
2020-05-27,718
2020-05-28,717.5
2020-05-28,717
2020-05-28,718
2020-05-29,722.5
2020-05-29,723
2020-05-29,722
2020-05-30,715
2020-05-30,715
2020-05-30,715
2020-05-31,711
2020-05-31,708
2020-05-31,714
2020-06-01,710
2020-06-01,712
2020-06-01,708
2020-06-02,700
2020-06-02,702
2020-06-02,698
2020-06-03,693
2020-06-03,694
2020-06-03,692
2020-06-04,690.5
2020-06-04,691
2020-06-04,690
2020-06-05,688
2020-06-05,688
2020-06-05,688
2020-06-06,688
2020-06-06,688
2020-06-06,688
2020-06-07,686
2020-06-07,687
2020-06-07,685
2020-06-08,684
2020-06-08,684
2020-06-08,684
2020-06-09,672.5
2020-06-09,675
2020-06-09,670
2020-06-10,662
2020-06-10,662
2020-06-10,662
2020-06-11,667.5
2020-06-11,665
2020-06-11,670
2020-06-12,680.5
2020-06-12,676
2020-06-12,685
2020-06-13,679.5
2020-06-13,680
2020-06-13,679
2020-06-14,670
2020-06-14,668
2020-06-14,672
2020-06-15,665.5
2020-06-15,668
2020-06-15,663
2020-06-16,651
2020-06-16,651
2020-06-16,651
2020-06-17,649
2020-06-17,649
2020-06-17,649
2020-06-18,655.5
2020-06-18,655
2020-06-18,656
2020-06-19,646.5
2020-06-19,649
2020-06-19,644
2020-06-20,634
2020-06-20,633
2020-06-20,635
2020-06-21,649.5
2020-06-21,647
2020-06-21,652
2020-06-22,649
2020-06-22,651
2020-06-22,647
2020-06-23,640
2020-06-23,640
2020-06-23,640
2020-06-24,641
2020-06-24,641
2020-06-24,641
2020-06-25,643.5
2020-06-25,645
2020-06-25,642
2020-06-26,642
2020-06-26,642
2020-06-26,642
2020-06-27,638
2020-06-27,641
2020-06-27,635
2020-06-28,649
2020-06-28,649
2020-06-28,649
2020-06-29,645.5
2020-06-29,647
2020-06-29,644
2020-06-30,641.5
2020-06-30,642
2020-06-30,641
2020-07-01,639.5
2020-07-01,638
2020-07-01,641
2020-07-02,649.5
2020-07-02,648
2020-07-02,651
2020-07-03,650
2020-07-03,651
2020-07-03,649
2020-07-04,647
2020-07-04,646
2020-07-04,648
2020-07-05,653.5
2020-07-05,651
2020-07-05,656
2020-07-06,652
2020-07-06,652
2020-07-06,652
2020-07-07,652
2020-07-07,652
2020-07-07,652
2020-07-08,651
2020-07-08,651
2020-07-08,651
2020-07-09,650
2020-07-09,650
2020-07-09,650
2020-07-10,647.5
2020-07-10,648
2020-07-10,647
2020-07-11,645.5
2020-07-11,646
2020-07-11,645
2020-07-12,649
2020-07-12,648
2020-07-12,650
2020-07-13,650
2020-07-13,652
2020-07-13,648
2020-07-14,651.5
2020-07-14,652
2020-07-14,651
2020-07-15,646.5
2020-07-15,647
2020-07-15,646
2020-07-16,645
2020-07-16,645
2020-07-16,645
2020-07-17,645
2020-07-17,645
2020-07-17,645
2020-07-18,646.5
2020-07-18,646
2020-07-18,647
2020-07-19,650
2020-07-19,650
2020-07-19,650
2020-07-20,648
2020-07-20,648
2020-07-20,648
2020-07-21,644.5
2020-07-21,644
2020-07-21,645
2020-07-22,634
2020-07-22,637
2020-07-22,631
2020-07-23,619
2020-07-23,622
2020-07-23,616
2020-07-24,602.5
2020-07-24,607
2020-07-24,598
2020-07-25,593.5
2020-07-25,594
2020-07-25,593
2020-07-26,592
2020-07-26,592
2020-07-26,592
2020-07-27,593.5
2020-07-27,593
2020-07-27,594
2020-07-28,598
2020-07-28,598
2020-07-28,598
2020-07-29,602
2020-07-29,602
2020-07-29,602
2020-07-30,609
2020-07-30,608
2020-07-30,610
2020-07-31,616.5
2020-07-31,615
2020-07-31,618
2020-08-01,626
2020-08-01,624
2020-08-01,628
2020-08-02,633.5
2020-08-02,633
2020-08-02,634
2020-08-03,635.5
2020-08-03,637
2020-08-03,634
2020-08-04,642.5
2020-08-04,642
2020-08-04,643
2020-08-05,647.5
2020-08-05,647
2020-08-05,648
2020-08-06,649.5
2020-08-06,649
2020-08-06,650
2020-08-07,651
2020-08-07,651
2020-08-07,651
2020-08-08,650
2020-08-08,650
2020-08-08,650
2020-08-09,648
2020-08-09,648
2020-08-09,648
2020-08-10,648
2020-08-10,648
2020-08-10,648
2020-08-11,648
2020-08-11,648
2020-08-11,648
2020-08-12,648
2020-08-12,648
2020-08-12,648
2020-08-13,651
2020-08-13,651
2020-08-13,651
2020-08-14,652
2020-08-14,653
2020-08-14,651
2020-08-15,653
2020-08-15,653
2020-08-15,653
2020-08-16,650
2020-08-16,650
2020-08-16,650
2020-08-17,649
2020-08-17,649
2020-08-17,649
2020-08-18,650
2020-08-18,650
2020-08-18,650
2020-08-19,650
2020-08-19,650
2020-08-19,650
2020-08-20,650
2020-08-20,650
2020-08-20,650
2020-08-21,650
2020-08-21,650
2020-08-21,650
2020-08-22,652
2020-08-22,652
2020-08-22,652
2020-08-23,654
2020-08-23,654
2020-08-23,654
2020-08-24,655.5
2020-08-24,653
2020-08-24,658
2020-08-25,658
2020-08-25,660
2020-08-25,656
2020-08-26,656.5
2020-08-26,657
2020-08-26,656
2020-08-27,655.5
2020-08-27,657
2020-08-27,654
2020-08-28,655.5
2020-08-28,655
2020-08-28,656
2020-08-29,655.5
2020-08-29,656
2020-08-29,655
2020-08-30,657
2020-09-18,595.5
2020-09-18,596
2020-09-18,595
2020-09-19,592
2020-09-19,593
2020-09-19,591
2020-09-20,586.5
2020-09-20,587
2020-09-20,586
2020-09-21,579.5
2020-09-21,583
2020-09-21,576
2020-09-22,575.5
2020-09-22,576
2020-09-22,575
2020-09-23,569.5
2020-09-23,571
2020-09-23,568
2020-09-24,552
2020-09-24,553
2020-09-24,551
2020-09-25,549.5
2020-09-25,549
2020-09-25,550
2020-09-26,552
2020-09-26,552
2020-09-26,552
2020-09-27,545.5
2020-09-27,546
2020-09-27,545
2020-09-28,544
2020-09-28,543
2020-09-28,545
2020-09-29,534
2020-09-29,536
2020-09-29,532
2020-09-30,528.5
2020-09-30,530
2020-09-30,527
2020-10-01,523
2020-10-01,523
2020-10-01,523
2020-10-02,516.5
2020-10-02,516
2020-10-02,517
2020-10-03,512.5
2020-10-03,512
2020-10-03,513
2020-10-04,506.5
2020-10-04,506
2020-10-04,507
2020-10-05,500
2020-10-05,502
2020-10-05,498
2020-10-06,492
2020-10-06,493
2020-10-06,491
2020-10-07,487
2020-10-07,487
2020-10-07,487
2020-10-08,478.5
2020-10-08,480
2020-10-08,477
2020-10-09,469.5
2020-10-09,472
2020-10-09,467
2020-10-10,461.5
2020-10-10,463
2020-10-10,460
2020-10-11,455
2020-10-11,455
2020-10-11,455
2020-10-12,446
2020-10-12,447
2020-10-12,445
2020-10-13,438
2020-10-13,440
2020-10-13,436
2020-10-14,429.5
2020-10-14,430
2020-10-14,429
2020-10-15,419
2020-10-15,422
2020-10-15,416
2020-10-16,410.5
2020-10-16,411
2020-10-16,410
2020-10-17,400.5
2020-10-17,403
2020-10-17,398
2020-10-18,393.5
2020-10-18,394
2020-10-18,393
2020-10-19,385.5
2020-10-19,387
2020-10-19,384
2020-10-20,377
2020-10-20,379
2020-10-20,375
2020-10-21,362.5
2020-10-21,369
2020-10-21,356
2020-10-22,359.5
2020-10-22,360
2020-10-22,359
2020-10-23,351
2020-10-23,351
2020-10-23,351
2020-10-24,341
2020-10-24,342
2020-10-24,340
2020-10-25,332
2020-10-25,332
2020-10-25,332
2020-10-26,324.5
2020-10-26,328
2020-10-26,321
2020-10-27,311
2020-10-27,314
2020-10-27,308
2020-10-28,300
2020-10-28,303
2020-10-28,297
2020-10-29,290.5
2020-10-29,293
2020-10-29,288
2020-10-30,282
2020-10-30,282
2020-10-30,282
2020-10-31,275
2020-10-31,276
2020-10-31,274
2020-11-01,269
2020-11-01,270
2020-11-01,268
2020-11-02,263.5
2020-11-02,265
2020-11-02,262
2020-11-03,270.5
2020-11-03,270
2020-11-03,271
2020-11-04,268.5
2020-11-04,269
2020-11-04,268
2020-11-05,270
2020-11-05,269
2020-11-05,271
2020-11-06,271.5
2020-11-06,271
2020-11-06,272
2020-11-07,271
2020-11-07,271
2020-11-07,271
2020-11-08,270
2020-11-08,270
2020-11-08,270
2020-11-09,270
2020-11-09,270
2020-11-09,270
2020-11-10,269.5
2020-11-10,270
2020-11-10,269
2020-11-11,270
2020-11-11,270
2020-11-11,270
2020-11-12,268.5
2020-11-12,269
2020-11-12,268
2020-11-13,268
2020-11-13,268
2020-11-13,268
2020-11-14,267
2020-11-14,267
2020-11-14,267
2020-11-15,266
2020-11-15,266
2020-11-15,266
2020-11-16,268
2020-11-16,268
2020-11-16,268
2020-11-17,270.5
2020-11-17,270
2020-11-17,271
2020-11-18,274
2020-11-18,273
2020-11-18,275
2020-11-19,278
2020-11-19,278
2020-11-19,278
2020-11-20,280
2020-11-20,280
2020-11-20,280
2020-11-21,282.5
2020-11-21,282
2020-11-21,283
2020-11-22,294
2020-11-22,293
2020-11-22,295
2020-11-23,295
2020-11-23,295
2020-11-23,295
2020-11-24,297.5
2020-11-24,297
2020-11-24,298
2020-11-25,298
2020-11-25,298
2020-11-25,298
2020-11-26,305
2020-11-26,305
2020-11-26,305
2020-11-27,307.5
2020-11-27,307
2020-11-27,308
2020-11-28,310
2020-11-28,310
2020-11-28,310
2020-11-29,312.5
2020-11-29,311
2020-11-29,314
2020-11-30,316.5
2020-11-30,316
2020-11-30,317
2020-12-01,321.5
2020-12-01,321
2020-12-01,322
2020-12-02,326.5
2020-12-02,326
2020-12-02,327
2020-12-03,335.5
2020-12-03,334
2020-12-03,337
2020-12-04,345.5
2020-12-04,344
2020-12-04,347
2020-12-05,358
2020-12-05,356
2020-12-05,360
2020-12-06,371.5
2020-12-06,368
2020-12-06,375
2020-12-07,391
2020-12-07,388
2020-12-07,394
2020-12-08,413
2020-12-08,410
2020-12-08,416
2020-12-09,436
2020-12-09,432
2020-12-09,440
2020-12-10,456.5
2020-12-10,455
2020-12-10,458
2020-12-11,473.5
2020-12-11,471
2020-12-11,476
2020-12-12,493
2020-12-12,491
2020-12-12,495
2020-12-13,510.5
2020-12-13,507
2020-12-13,514
2020-12-14,523
2020-12-14,521
2020-12-14,525
2020-12-15,531
2020-12-15,530
2020-12-15,532
2020-12-16,541.5
2020-12-16,541
2020-12-16,542
2020-12-17,544.5
2020-12-17,545
2020-12-17,544
2020-12-18,545
2020-12-18,545
2020-12-18,545
2020-12-19,545
2020-12-19,545
2020-12-19,545
2020-12-20,548.5
2020-12-20,548
2020-12-20,549
2020-12-21,551
2020-12-21,551
2020-12-21,551
2020-12-22,552
2020-12-22,552
2020-12-22,552
2020-12-23,555.5
2020-12-23,555
2020-12-23,556
2020-12-24,560
2020-12-24,558
2020-12-24,562
2020-12-25,568
2020-12-25,567
2020-12-25,569
2020-12-26,572
2020-12-26,571
2020-12-26,573
2020-12-27,580.5
2020-12-27,579
2020-12-27,582
2020-12-28,589.5
2020-12-28,589
2020-12-28,590
2020-12-29,601
2020-12-29,599
2020-12-29,603
2020-12-30,605.5
2020-12-30,605
2020-12-30,606
2020-12-31,611
2020-12-31,610
2020-12-31,612
2021-01-01,612
2021-01-01,612
2021-01-01,612
2021-01-02,611
2021-01-02,612
2021-01-02,610
2021-01-03,612.5
2021-01-03,612
2021-01-03,613
2021-01-04,619
2021-01-04,619
2021-01-04,619
2021-01-05,623
2021-01-05,623
2021-01-05,623
2021-01-06,625
2021-01-06,624
2021-01-06,626
2021-01-07,628
2021-01-07,628
2021-01-07,628
2021-01-08,635
2021-01-08,635
2021-01-08,635
2021-01-09,648
2021-01-09,645
2021-01-09,651
2021-01-10,655.5
2021-01-10,660
2021-01-10,651
2021-01-11,650
2021-01-11,650
2021-01-11,650
2021-01-12,649.5
2021-01-12,650
2021-01-12,649
2021-01-13,644.5
2021-01-13,645
2021-01-13,644
2021-01-14,642
2021-01-14,642
2021-01-14,642
2021-01-15,644.5
2021-01-15,644
2021-01-15,645
2021-01-16,649.5
2021-01-16,649
2021-01-16,650
2021-01-17,660
2021-01-17,659
2021-01-17,661
2021-01-18,670
2021-01-18,670
2021-01-18,670
2021-01-19,672
2021-01-19,673
2021-01-19,671
2021-01-20,670
2021-01-20,670
2021-01-20,670
2021-01-21,662.5
2021-01-21,665
2021-01-21,660
2021-01-22,643
2021-01-22,649
2021-01-22,637
2021-01-23,622
2021-01-23,624
2021-01-23,620
2021-01-24,602
2021-01-24,605
2021-01-24,599
2021-01-25,575
2021-01-25,579
2021-01-25,571
2021-01-26,564.5
2021-01-26,566
2021-01-26,563
2021-01-27,558
2021-01-27,558
2021-01-27,558
2021-01-28,565
2021-01-28,565
2021-01-28,565
2021-01-29,565
2021-01-29,565
2021-01-29,565
2021-01-30,573.5
2021-01-30,570
2021-01-30,577
2021-01-31,592
2021-01-31,588
2021-01-31,596
2021-02-01,617
2021-02-01,618
2021-02-01,616
2021-02-02,625
2021-02-02,624
2021-02-02,626
2021-02-03,621
2021-02-03,624
2021-02-03,618
2021-02-04,604
2021-02-04,607
2021-02-04,601
2021-02-05,592
2021-02-05,595
2021-02-05,589
2021-02-06,570
2021-02-06,576
2021-02-06,564
2021-02-07,538
2021-02-07,543
2021-02-07,533
2021-02-08,510
2021-02-08,513
2021-02-08,507
2021-02-09,509.5
2021-02-09,508
2021-02-09,511
2021-02-10,520
2021-02-10,517
2021-02-10,523
2021-02-11,533.5
2021-02-11,532
2021-02-11,535
2021-02-12,541
2021-02-12,540
2021-02-12,542
2021-02-13,545
2021-02-13,545
2021-02-13,545
2021-02-14,552.5
2021-02-14,549
2021-02-14,556
2021-02-15,566
2021-02-15,562
2021-02-15,570
2021-02-16,585
2021-02-16,581
2021-02-16,589
2021-02-17,606.5
2021-02-17,601
2021-02-17,612
2021-02-18,642.5
2021-02-18,636
2021-02-18,649
2021-02-19,661.5
2021-02-19,659
2021-02-19,664
2021-02-20,669.5
2021-02-20,667
2021-02-20,672
2021-02-21,682.5
2021-02-21,678
2021-02-21,687
2021-02-22,705
2021-02-22,699
2021-02-22,711
2021-02-23,727.5
2021-02-23,725
2021-02-23,730
2021-02-24,734
2021-02-24,733
2021-02-24,735
2021-02-25,736
2021-02-25,735
2021-02-25,737
2021-02-26,745
2021-02-26,742
2021-02-26,748
2021-02-27,746
2021-02-27,747
2021-02-27,745
2021-02-28,743.5
2021-02-28,741
2021-02-28,746
2021-03-01,766
2021-03-01,762
2021-03-01,770
2021-03-02,778.5
2021-03-02,779
2021-03-02,778
2021-03-03,767
2021-03-03,768
2021-03-03,766
2021-03-04,756.5
2021-03-04,757
2021-03-04,756
2021-03-05,748.5
2021-03-05,749
2021-03-05,748
2021-03-06,753
2021-03-06,752
2021-03-06,754
2021-03-07,758.5
2021-03-07,757
2021-03-07,760
2021-03-08,765
2021-03-08,763
2021-03-08,767
2021-03-09,773
2021-03-09,773
2021-03-09,773
2021-03-10,770.5
2021-03-10,771
2021-03-10,770
2021-03-11,762.5
2021-03-11,764
2021-03-11,761
2021-03-12,759
2021-03-12,759
2021-03-12,759
2021-03-13,762
2021-03-13,760
2021-03-13,764
2021-03-14,778
2021-03-14,775
2021-03-14,781
2021-03-15,797.5
2021-03-15,797
2021-03-15,798
2021-03-16,788.5
2021-03-16,791
2021-03-16,786
2021-03-17,770.5
2021-03-17,772
2021-03-17,769
2021-03-18,768
2021-03-18,768
2021-03-18,768
2021-03-19,780.5
2021-03-19,777
2021-03-19,784
2021-03-20,796
2021-03-20,794
2021-03-20,798
2021-03-21,800
2021-03-21,799
2021-03-21,801
2021-03-22,796.5
2021-03-22,799
2021-03-22,794
2021-03-23,783.5
2021-03-23,786
2021-03-23,781
2021-03-24,776.5
2021-03-24,777
2021-03-24,776
2021-03-25,783
2021-03-25,780
2021-03-25,786
2021-03-26,791.5
2021-03-26,790
2021-03-26,793
2021-03-27,798
2021-03-27,797
2021-03-27,799
2021-03-28,805.5
2021-03-28,803
2021-03-28,808
2021-03-29,817
2021-03-29,815
2021-03-29,819
2021-03-30,819
2021-03-30,819
2021-03-30,819
2021-03-31,817
2021-03-31,818
2021-03-31,816
2021-04-01,817
2021-04-01,816
2021-04-01,818
2021-04-02,821.5
2021-04-02,822
2021-04-02,821
2021-04-03,817
2021-04-03,818
2021-04-03,816
2021-04-04,811
2021-04-04,811
2021-04-04,811
2021-04-05,815.5
2021-04-05,815
2021-04-05,816
2021-04-06,811
2021-04-06,813
2021-04-06,809
2021-04-07,798
2021-04-07,799
2021-04-07,797
2021-04-08,792
2021-04-08,792
2021-04-08,792
2021-04-09,791
2021-04-09,791
2021-04-09,791
2021-04-10,784
2021-04-10,785
2021-04-10,783
2021-04-11,777
2021-04-11,777
2021-04-11,777
2021-04-12,774.5
2021-04-12,784
2021-04-12,765
2021-04-13,745.5
2021-04-13,750
2021-04-13,741
2021-04-14,736
2021-04-14,735
2021-04-14,737
2021-04-15,740.5
2021-04-15,739
2021-04-15,742
2021-04-16,748
2021-04-16,746
2021-04-16,750
2021-04-17,752.5
2021-04-17,754
2021-04-17,751
2021-04-18,745
2021-04-18,744
2021-04-18,746
2021-04-19,750.5
2021-04-19,752
2021-04-19,749
2021-04-20,741.5
2021-04-20,742
2021-04-20,741
2021-04-21,734.5
2021-04-21,735
2021-04-21,734
2021-04-22,733
2021-04-22,732
2021-04-22,734
2021-04-23,734
2021-04-23,734
2021-04-23,734
2021-04-24,735
2021-04-24,733
2021-04-24,737
2021-04-25,749
2021-04-25,742
2021-04-25,756
2021-04-26,769.5
2021-04-26,770
2021-04-26,769
2021-04-27,751
2021-04-27,756
2021-04-27,746
2021-04-28,732
2021-04-28,736
2021-04-28,728
2021-04-29,721.5
2021-04-29,722
2021-04-29,721
2021-04-30,722.5
2021-04-30,721
2021-04-30,724
2021-05-01,727
2021-05-01,724
2021-05-01,730
2021-05-02,745.5
2021-05-02,743
2021-05-02,748
2021-05-03,758
2021-05-03,759
2021-05-03,757
2021-05-04,747.5
2021-05-04,749
2021-05-04,746
2021-05-05,736
2021-05-05,737
2021-05-05,735
2021-05-06,739
2021-05-06,737
2021-05-06,741
2021-05-07,747
2021-05-07,748
2021-05-07,746
2021-05-08,730.5
2021-05-08,732
2021-05-08,729
2021-05-09,739
2021-05-09,733
2021-05-09,745
2021-05-10,759.5
2021-05-10,757
2021-05-10,762
2021-05-11,756.5
2021-05-11,757
2021-05-11,756
2021-05-12,738.5
2021-05-12,744
2021-05-12,733
2021-05-13,724.5
2021-05-13,728
2021-05-13,721
2021-05-14,711
2021-05-14,713
2021-05-14,709
2021-05-15,700.5
2021-05-15,699
2021-05-15,702
2021-05-16,704
2021-05-16,702
2021-05-16,706
2021-05-17,711.5
2021-05-17,708
2021-05-17,715
2021-05-18,707
2021-05-18,708
2021-05-18,706
2021-05-19,695.5
2021-05-19,702
2021-05-19,689
2021-05-20,685
2021-05-20,686
2021-05-20,684
2021-05-21,683
2021-05-21,683
2021-05-21,683
2021-05-22,682
2021-05-22,679
2021-05-22,685
2021-05-23,704.5
2021-05-23,697
2021-05-23,712
2021-05-24,724
2021-05-24,724
2021-05-24,724
2021-05-25,716
2021-05-25,717
2021-05-25,715
2021-05-26,703
2021-05-26,703
2021-05-26,703
2021-05-27,694
2021-05-27,695
2021-05-27,693
2021-05-28,673
2021-05-28,677
2021-05-28,669
2021-05-29,648.5
2021-05-29,652
2021-05-29,645
2021-05-30,637.5
2021-05-30,635
2021-05-30,640
2021-05-31,646.5
2021-05-31,643
2021-05-31,650
2021-06-01,661.5
2021-06-01,658
2021-06-01,665
2021-06-02,672
2021-06-02,671
2021-06-02,673
2021-06-03,672.5
2021-06-03,672
2021-06-03,673
2021-06-04,676
2021-06-04,676
2021-06-04,676
2021-06-05,677.5
2021-06-05,677
2021-06-05,678
2021-06-06,672
2021-06-06,671
2021-06-06,673
2021-06-07,669.5
2021-06-07,668
2021-06-07,671
2021-06-08,669
2021-06-08,669
2021-06-08,669
2021-06-09,667.5
2021-06-09,669
2021-06-09,666
2021-06-10,667.5
2021-06-10,669
2021-06-10,666
2021-06-11,684
2021-06-11,684
2021-06-11,684
2021-06-12,682.5
2021-06-12,683
2021-06-12,682
2021-06-13,683
2021-06-13,682
2021-06-13,684
2021-06-14,688
2021-06-14,688
2021-06-14,688
2021-06-15,689
2021-06-15,688
2021-06-15,690
2021-06-16,683.5
2021-06-16,687
2021-06-16,680
2021-06-17,676.5
2021-06-17,677
2021-06-17,676
2021-06-18,677.5
2021-06-18,677
2021-06-18,678
2021-06-19,678.5
2021-06-19,678
2021-06-19,679
2021-06-20,677
2021-06-20,677
2021-06-20,677
2021-06-21,677.5
2021-06-21,678
2021-06-21,677
2021-06-22,673.5
2021-06-22,674
2021-06-22,673
2021-06-23,672
2021-06-23,672
2021-06-23,672
2021-06-24,673
2021-06-24,673
2021-06-24,673
2021-06-25,675
2021-06-25,675
2021-06-25,675
2021-06-26,680
2021-06-26,679
2021-06-26,681
2021-06-27,682.5
2021-06-27,682
2021-06-27,683
2021-06-28,681
2021-06-28,682
2021-06-28,680
2021-06-29,680
2021-06-29,681
2021-06-29,679
2021-06-30,677
2021-06-30,678
2021-06-30,676
2021-07-01,675
2021-07-01,674
2021-07-01,676
2021-07-02,680.5
2021-07-02,680
2021-07-02,681
2021-07-03,687.5
2021-07-03,686
2021-07-03,689
2021-07-04,690
2021-07-04,691
2021-07-04,689
2021-07-05,684
2021-07-05,685
2021-07-05,683
2021-07-06,677
2021-07-06,677
2021-07-06,677
2021-07-07,678.5
2021-07-07,678
2021-07-07,679
2021-07-08,679.5
2021-07-08,679
2021-07-08,680
2021-07-09,680
2021-07-09,680
2021-07-09,680
2021-07-10,681
2021-07-10,681
2021-07-10,681
2021-07-11,681
2021-07-11,681
2021-07-11,681
2021-07-12,680
2021-07-12,680
2021-07-12,680
2021-07-13,681.5
2021-07-13,682
2021-07-13,681
2021-07-14,677.5
2021-07-14,680
2021-07-14,675
2021-07-15,676.5
2021-07-15,676
2021-07-15,677
2021-07-16,677.5
2021-07-16,677
2021-07-16,678
2021-07-17,680.5
2021-07-17,680
2021-07-17,681
2021-07-18,683
2021-07-18,682
2021-07-18,684
2021-07-19,684
2021-07-19,684
2021-07-19,684
2021-07-20,687
2021-07-20,686
2021-07-20,688
2021-07-21,688.5
2021-07-21,689
2021-07-21,688
2021-07-22,688.5
2021-07-22,689
2021-07-22,688
2021-07-23,688
2021-07-23,688
2021-07-23,688
2021-07-24,686
2021-07-24,686
2021-07-24,686
2021-07-25,685
2021-07-25,685
2021-07-25,685
2021-07-26,683
2021-07-26,685
2021-07-26,681
2021-07-27,684
2021-07-27,683
2021-07-27,685
2021-07-28,689
2021-07-28,689
2021-07-28,689
2021-07-29,689.5
2021-07-29,690
2021-07-29,689
2021-07-30,693
2021-07-30,694
2021-07-30,692
2021-07-31,697
2021-07-31,698
2021-07-31,696
2021-08-01,693
2021-08-01,694
2021-08-01,692
2021-08-02,689.5
2021-08-02,691
2021-08-02,688
2021-08-03,685
2021-08-03,686
2021-08-03,684
2021-08-04,684
2021-08-04,684
2021-08-04,684
2021-08-05,686
2021-08-05,686
2021-08-05,686
2021-08-06,688.5
2021-08-06,688
2021-08-06,689
2021-08-07,691
2021-08-07,691
2021-08-07,691
2021-08-08,690
2021-08-08,690
2021-08-08,690
2021-08-09,691
2021-08-09,691
2021-08-09,691
2021-08-10,690
2021-08-10,690
2021-08-10,690
2021-08-11,689.5
2021-08-11,690
2021-08-11,689
2021-08-12,688
2021-08-12,688
2021-08-12,688
2021-08-13,687.5
2021-08-13,689
2021-08-13,686
2021-08-14,685
2021-08-14,686
2021-08-14,684
2021-08-15,682
2021-08-15,682
2021-08-15,682
2021-08-16,682
2021-08-16,683
2021-08-16,681
2021-08-17,678.5
2021-08-17,680
2021-08-17,677
2021-08-18,673
2021-08-18,673
2021-08-18,673
2021-08-19,671.5
2021-08-19,673
2021-08-19,670
2021-08-20,667
2021-08-20,667
2021-08-20,667
2021-08-21,659
2021-08-21,660
2021-08-21,658
2021-08-22,659
2021-08-22,660
2021-08-22,658
2021-08-23,656
2021-08-23,658
2021-08-23,654
2021-08-24,651.5
2021-08-24,654
2021-08-24,649
2021-08-25,644.5
2021-08-25,645
2021-08-25,644
2021-08-26,640
2021-08-26,642
2021-08-26,638
2021-08-27,636.5
2021-08-27,637
2021-08-27,636
2021-08-28,630
2021-08-28,632
2021-08-28,628
2021-08-29,623
2021-08-29,624
2021-08-29,622
2021-08-30,617
2021-08-30,618
2021-08-30,616
2021-08-31,611.5
2021-08-31,613
2021-08-31,610
2021-09-01,604
2021-09-01,606
2021-09-01,602
2021-09-02,602.5
2021-09-02,604
2021-09-02,601
2021-09-03,600
2021-09-03,601
2021-09-03,599
2021-09-04,598
2021-09-04,598
2021-09-04,598
2021-09-05,597
2021-09-05,597
2021-09-05,597
2021-09-06,594.5
2021-09-06,595
2021-09-06,594
2021-09-07,593
2021-09-07,593
2021-09-07,593
2021-09-08,591.5
2021-09-08,592
2021-09-08,591
2021-09-09,588
2021-09-09,589
2021-09-09,587
2021-09-10,583.5
2021-09-10,584
2021-09-10,583
2021-09-11,579.5
2021-09-11,580
2021-09-11,579
2021-09-12,576
2021-09-12,578
2021-09-12,574
2021-09-13,574.5
2021-09-13,575
2021-09-13,574
2021-09-14,568
2021-09-14,570
2021-09-14,566
2021-09-15,563
2021-09-15,565
2021-09-15,561
2021-09-16,559
2021-09-16,561
2021-09-16,557
2021-09-17,552
2021-09-17,553
2021-09-17,551
2021-09-18,548
2021-09-18,550
2021-09-18,546
2021-09-19,542.5
2021-09-19,544
2021-09-19,541
2021-09-20,538
2021-09-20,540
2021-09-20,536
2021-09-21,533.5
2021-09-21,534
2021-09-21,533
2021-09-22,527
2021-09-22,528
2021-09-22,526
2021-09-23,521.5
2021-09-23,524
2021-09-23,519
2021-09-24,515
2021-09-24,517
2021-09-24,513
2021-09-25,510
2021-09-25,512
2021-09-25,508
2021-09-26,503.5
2021-09-26,505
2021-09-26,502
2021-09-27,497
2021-09-27,499
2021-09-27,495
2021-09-28,493
2021-09-28,494
2021-09-28,492
2021-09-29,487.5
2021-09-29,491
2021-09-29,484
2021-09-30,486
2021-09-30,488
2021-09-30,484
2021-10-01,480
2021-10-01,481
2021-10-01,479
2021-10-02,478
2021-10-02,479
2021-10-02,477
2021-10-03,470
2021-10-03,472
2021-10-03,468
2021-10-04,465
2021-10-04,468
2021-10-04,462
2021-10-05,459.5
2021-10-05,460
2021-10-05,459
2021-10-06,452.5
2021-10-06,454
2021-10-06,451
2021-10-07,448
2021-10-07,449
2021-10-07,447
2021-10-08,442
2021-10-08,444
2021-10-08,440
2021-10-09,438
2021-10-09,439
2021-10-09,437
2021-10-10,434
2021-10-10,435
2021-10-10,433
2021-10-11,429.5
2021-10-11,430
2021-10-11,429
2021-10-12,427.5
2021-10-12,428
2021-10-12,427
2021-10-13,424
2021-10-13,426
2021-10-13,422
2021-10-14,419.5
2021-10-14,421
2021-10-14,418
2021-10-15,414.5
2021-10-15,416
2021-10-15,413
2021-10-16,412.5
2021-10-16,411
2021-10-16,414
2021-10-17,403
2021-10-17,405
2021-10-17,401
2021-10-18,404.5
2021-10-18,406
2021-10-18,403
2021-10-19,401
2021-10-19,402
2021-10-19,400
2021-10-20,400
2021-10-20,401
2021-10-20,399
2021-10-21,400.5
2021-10-21,401
2021-10-21,400
2021-10-22,402
2021-10-22,402
2021-10-22,402
2021-10-23,400.5
2021-10-23,400
2021-10-23,401
2021-10-24,403.5
2021-10-24,403
2021-10-24,404
2021-10-25,406
2021-10-25,406
2021-10-25,406
2021-10-26,408.5
2021-10-26,408
2021-10-26,409
2021-10-27,410
2021-10-27,410
2021-10-27,410
2021-10-28,412.5
2021-10-28,413
2021-10-28,412
2021-10-29,414
2021-10-29,414
2021-10-29,414
2021-10-30,415
2021-10-30,415
2021-10-30,415
2021-10-31,414
2021-10-31,414
2021-10-31,414
2021-11-01,416
2021-11-01,416
2021-11-01,416
2021-11-02,419.5
2021-11-02,418
2021-11-02,421
2021-11-03,421
2021-11-03,421
2021-11-03,421
2021-11-04,422.5
2021-11-04,422
2021-11-04,423
2021-11-05,428
2021-11-05,427
2021-11-05,429
2021-11-06,435
2021-11-06,433
2021-11-06,437
2021-11-07,444
2021-11-07,442
2021-11-07,446
2021-11-08,451
2021-11-08,450
2021-11-08,452
2021-11-09,461
2021-11-09,453
2021-11-09,469
2021-11-10,475
2021-11-10,473
2021-11-10,477
2021-11-11,477.5
2021-11-11,480
2021-11-11,475
2021-11-12,472.5
2021-11-12,474
2021-11-12,471
2021-11-13,469
2021-11-13,469
2021-11-13,469
2021-11-14,474.5
2021-11-14,473
2021-11-14,476
2021-11-15,481.5
2021-11-15,481
2021-11-15,482
2021-11-16,493.5
2021-11-16,493
2021-11-16,494
2021-11-17,497.5
2021-11-17,497
2021-11-17,498
2021-11-18,500.5
2021-11-18,499
2021-11-18,502
2021-11-19,504
2021-11-19,504
2021-11-19,504
2021-11-20,507.5
2021-11-20,505
2021-11-20,510
2021-11-21,520
2021-11-21,516
2021-11-21,524
2021-11-22,536.5
2021-11-22,534
2021-11-22,539
2021-11-23,548.5
2021-11-23,545
2021-11-23,552
2021-11-24,558.5
2021-11-24,557
2021-11-24,560
2021-11-25,557
2021-11-25,559
2021-11-25,555
2021-11-26,548
2021-11-26,548
2021-11-26,548
2021-11-27,547
2021-11-27,545
2021-11-27,549
2021-11-28,555.5
2021-11-28,553
2021-11-28,558
2021-11-29,559
2021-11-29,560
2021-11-29,558
2021-11-30,551.5
2021-11-30,554
2021-11-30,549
2021-12-01,546.5
2021-12-01,545
2021-12-01,548
2021-12-02,554.5
2021-12-02,553
2021-12-02,556
2021-12-03,561.5
2021-12-03,560
2021-12-03,563
2021-12-04,569
2021-12-04,567
2021-12-04,571
2021-12-05,576
2021-12-05,574
2021-12-05,578
2021-12-06,576
2021-12-06,577
2021-12-06,575
2021-12-07,574
2021-12-07,579
2021-12-07,569
2021-12-08,569.5
2021-12-08,568
2021-12-08,571
2021-12-09,572
2021-12-09,572
2021-12-09,572
2021-12-10,570.5
2021-12-10,569
2021-12-10,572
2021-12-11,580
2021-12-11,577
2021-12-11,583
2021-12-12,597.5
2021-12-12,593
2021-12-12,602
2021-12-13,625
2021-12-13,618
2021-12-13,632
2021-12-14,625
2021-12-14,625
2021-12-14,625
2021-12-15,610.5
2021-12-15,615
2021-12-15,606
2021-12-16,582.5
2021-12-16,586
2021-12-16,579
2021-12-17,566.5
2021-12-17,568
2021-12-17,565
2021-12-18,564
2021-12-18,562
2021-12-18,566
2021-12-19,580.5
2021-12-19,575
2021-12-19,586
2021-12-20,600.5
2021-12-20,598
2021-12-20,603
2021-12-21,600.5
2021-12-21,602
2021-12-21,599
2021-12-22,586.5
2021-12-22,589
2021-12-22,584
2021-12-23,576
2021-12-23,577
2021-12-23,575
2021-12-24,570
2021-12-24,567
2021-12-24,573
2021-12-25,587.5
2021-12-25,573
2021-12-25,602
2021-12-26,631.5
2021-12-26,623
2021-12-26,640
2021-12-27,658
2021-12-27,653
2021-12-27,663
2021-12-28,666.5
2021-12-28,666
2021-12-28,667
2021-12-29,666.5
2021-12-29,666
2021-12-29,667
2021-12-30,664.5
2021-12-30,665
2021-12-30,664
2021-12-31,654.5
2021-12-31,655
2021-12-31,654
2022-01-01,673.5
2022-01-01,664
2022-01-01,683
2022-01-02,731
2022-01-02,723
2022-01-02,739
2022-01-03,754.5
2022-01-03,757
2022-01-03,752
2022-01-04,743
2022-01-04,745
2022-01-04,741
2022-01-05,737.5
2022-01-05,739
2022-01-05,736
2022-01-06,735
2022-01-06,735
2022-01-06,735
2022-01-07,732.5
2022-01-07,733
2022-01-07,732
2022-01-08,742.5
2022-01-08,739
2022-01-08,746
2022-01-09,767
2022-01-09,762
2022-01-09,772
2022-01-10,787.5
2022-01-10,786
2022-01-10,789
2022-01-11,785.5
2022-01-11,787
2022-01-11,784
2022-01-12,785
2022-01-12,785
2022-01-12,785
2022-01-13,783.5
2022-01-13,784
2022-01-13,783
2022-01-14,779
2022-01-14,780
2022-01-14,778
2022-01-15,777.5
2022-01-15,778
2022-01-15,777
2022-01-16,775.5
2022-01-16,775
2022-01-16,776
2022-01-17,780
2022-01-17,779
2022-01-17,781
2022-01-18,798.5
2022-01-18,796
2022-01-18,801
2022-01-19,803
2022-01-19,804
2022-01-19,802
2022-01-20,796
2022-01-20,798
2022-01-20,794
2022-01-21,788
2022-01-21,796
2022-01-21,780
2022-01-22,771.5
2022-01-22,773
2022-01-22,770
2022-01-23,769
2022-01-23,768
2022-01-23,770
2022-01-24,775.5
2022-01-24,775
2022-01-24,776
2022-01-25,776
2022-01-25,776
2022-01-25,776
2022-01-26,777.5
2022-01-26,776
2022-01-26,779
2022-01-27,786
2022-01-27,784
2022-01-27,788
2022-01-28,785.5
2022-01-28,787
2022-01-28,784
2022-01-29,777
2022-01-29,778
2022-01-29,776
2022-01-30,774
2022-01-30,773
2022-01-30,775
2022-01-31,780
2022-01-31,779
2022-01-31,781
2022-02-01,779
2022-02-01,780
2022-02-01,778
2022-02-02,771.5
2022-02-02,774
2022-02-02,769
2022-02-03,756
2022-02-03,759
2022-02-03,753
2022-02-04,754
2022-02-04,754
2022-02-04,754
2022-02-05,751.5
2022-02-05,751
2022-02-05,752
2022-02-06,749
2022-02-06,749
2022-02-06,749
2022-02-07,749.5
2022-02-07,750
2022-02-07,749
2022-02-08,743
2022-02-08,745
2022-02-08,741
2022-02-09,739
2022-02-09,739
2022-02-09,739
2022-02-10,736
2022-02-10,736
2022-02-10,736
2022-02-11,735.5
2022-02-11,735
2022-02-11,736
2022-02-12,741.5
2022-02-12,739
2022-02-12,744
2022-02-13,751.5
2022-02-13,749
2022-02-13,754
2022-02-14,770.5
2022-02-14,767
2022-02-14,774
2022-02-15,784
2022-02-15,781
2022-02-15,787
2022-02-16,800.5
2022-02-16,799
2022-02-16,802
2022-02-17,799
2022-02-17,800
2022-02-17,798
2022-02-18,790.5
2022-02-18,791
2022-02-18,790
2022-02-19,789.5
2022-02-19,788
2022-02-19,791
2022-02-20,798
2022-02-20,795
2022-02-20,801
2022-02-21,812
2022-02-21,811
2022-02-21,813
2022-02-22,818.5
2022-02-22,817
2022-02-22,820
2022-02-23,813.5
2022-02-23,815
2022-02-23,812
2022-02-24,806
2022-02-24,807
2022-02-24,805
2022-02-25,802.5
2022-02-25,802
2022-02-25,803
2022-02-26,800
2022-02-26,800
2022-02-26,800
2022-02-27,801.5
2022-02-27,800
2022-02-27,803
2022-02-28,808.5
2022-02-28,809
2022-02-28,808
2022-03-01,806.5
2022-03-01,808
2022-03-01,805
2022-03-02,802.5
2022-03-02,804
2022-03-02,801
2022-03-03,797
2022-03-03,797
2022-03-03,797
2022-03-04,796.5
2022-03-04,797
2022-03-04,796
2022-03-05,796.5
2022-03-05,796
2022-03-05,797
2022-03-06,816.5
2022-03-06,812
2022-03-06,821
2022-03-07,834.5
2022-03-07,834
2022-03-07,835
2022-03-08,823.5
2022-03-08,826
2022-03-08,821
2022-03-09,813.5
2022-03-09,815
2022-03-09,812
2022-03-10,819.5
2022-03-10,819
2022-03-10,820
2022-03-11,822.5
2022-03-11,822
2022-03-11,823
2022-03-12,816.5
2022-03-12,819
2022-03-12,814
2022-03-13,807
2022-03-13,809
2022-03-13,805
2022-03-14,806.5
2022-03-14,806
2022-03-14,807
2022-03-15,821.5
2022-03-15,817
2022-03-15,826
2022-03-16,828
2022-03-16,828
2022-03-16,828
2022-03-17,828
2022-03-17,828
2022-03-17,828
2022-03-18,827.5
2022-03-18,827
2022-03-18,828
2022-03-19,831
2022-03-19,830
2022-03-19,832
2022-03-20,833.5
2022-03-20,832
2022-03-20,835
2022-03-21,845
2022-03-21,843
2022-03-21,847
2022-03-22,847
2022-03-22,846
2022-03-22,848
2022-03-23,840
2022-03-23,841
2022-03-23,839
2022-03-24,837.5
2022-03-24,838
2022-03-24,837
2022-03-25,830
2022-03-25,831
2022-03-25,829
2022-03-26,825.5
2022-03-26,826
2022-03-26,825
2022-03-27,822
2022-03-27,822
2022-03-27,822
2022-03-28,831
2022-03-28,828
2022-03-28,834
2022-03-29,836
2022-03-29,835
2022-03-29,837
2022-03-30,835.5
2022-03-30,834
2022-03-30,837
2022-03-31,840
2022-03-31,839
2022-03-31,841
2022-04-01,837
2022-04-01,838
2022-04-01,836
2022-04-02,828.5
2022-04-02,829
2022-04-02,828
2022-04-03,830
2022-04-03,828
2022-04-03,832
2022-04-04,836
2022-04-04,836
2022-04-04,836
2022-04-05,831.5
2022-04-05,833
2022-04-05,830
2022-04-06,819.5
2022-04-06,821
2022-04-06,818
2022-04-07,809
2022-04-07,810
2022-04-07,808
2022-04-08,806.5
2022-04-08,806
2022-04-08,807
2022-04-09,817
2022-04-09,816
2022-04-09,818
2022-04-10,824
2022-04-10,824
2022-04-10,824
2022-04-11,824
2022-04-11,825
2022-04-11,823
2022-04-12,814.5
2022-04-12,817
2022-04-12,812
2022-04-13,805.5
2022-04-13,806
2022-04-13,805
2022-04-14,799.5
2022-04-14,801
2022-04-14,798
2022-04-15,802
2022-04-15,799
2022-04-15,805
2022-04-16,805.5
2022-04-16,806
2022-04-16,805
2022-04-17,797
2022-04-17,797
2022-04-17,797
2022-04-18,793
2022-04-18,795
2022-04-18,791
2022-04-19,778
2022-04-19,779
2022-04-19,777
2022-04-20,772
2022-04-20,770
2022-04-20,774
2022-04-21,777
2022-04-21,776
2022-04-21,778
2022-04-22,775.5
2022-04-22,777
2022-04-22,774
2022-04-23,765
2022-04-23,765
2022-04-23,765
2022-04-24,773.5
2022-04-24,769
2022-04-24,778
2022-04-25,791.5
2022-04-25,790
2022-04-25,793
2022-04-26,792
2022-04-26,790
2022-04-26,794
2022-04-27,796.5
2022-04-27,797
2022-04-27,796
2022-04-28,786
2022-04-28,787
2022-04-28,785
2022-04-29,774.5
2022-04-29,777
2022-04-29,772
2022-04-30,767.5
2022-04-30,768
2022-04-30,767
2022-05-01,775.5
2022-05-01,770
2022-05-01,781
2022-05-02,791.5
2022-05-02,791
2022-05-02,792
2022-05-03,781.5
2022-05-03,783
2022-05-03,780
2022-05-04,769
2022-05-04,771
2022-05-04,767
2022-05-05,754
2022-05-05,757
2022-05-05,751
2022-05-06,748
2022-05-06,747
2022-05-06,749
2022-05-07,750
2022-05-07,749
2022-05-07,751
2022-05-08,753.5
2022-05-08,749
2022-05-08,758
2022-05-09,767
2022-05-09,770
2022-05-09,764
2022-05-10,744.5
2022-05-10,752
2022-05-10,737
2022-05-11,711.5
2022-05-11,720
2022-05-11,703
2022-05-12,669.5
2022-05-12,676
2022-05-12,663
2022-05-13,646.5
2022-05-13,648
2022-05-13,645
2022-05-14,648
2022-05-14,643
2022-05-14,653
2022-05-15,686
2022-05-15,678
2022-05-15,694
2022-05-16,714.5
2022-05-16,715
2022-05-16,714
2022-05-17,703.5
2022-05-17,710
2022-05-17,697
2022-05-18,667.5
2022-05-18,675
2022-05-18,660
2022-05-19,631.5
2022-05-19,635
2022-05-19,628
2022-05-20,616
2022-05-20,616
2022-05-20,616
2022-05-21,623.5
2022-05-21,619
2022-05-21,628
2022-05-22,650
2022-05-22,641
2022-05-22,659
2022-05-23,674
2022-05-23,672
2022-05-23,676
2022-05-24,676.5
2022-05-24,677
2022-05-24,676
2022-05-25,654.5
2022-05-25,658
2022-05-25,651
2022-05-26,634.5
2022-05-26,637
2022-05-26,632
2022-05-27,612.5
2022-05-27,617
2022-05-27,608
2022-05-28,591.5
2022-05-28,591
2022-05-28,592
2022-05-29,602
2022-05-29,596
2022-05-29,608
2022-05-30,620.5
2022-05-30,620
2022-05-30,621
2022-05-31,613
2022-05-31,615
2022-05-31,611
2022-06-01,608
2022-06-01,608
2022-06-01,608
2022-06-02,605
2022-06-02,604
2022-06-02,606
2022-06-03,603.5
2022-06-03,601
2022-06-03,606
2022-06-04,622
2022-06-04,612
2022-06-04,632
2022-06-05,646.5
2022-06-05,661
2022-06-05,632
2022-06-06,705
2022-06-06,706
2022-06-06,704
2022-06-07,692
2022-06-07,703
2022-06-07,681
2022-06-08,648
2022-06-08,663
2022-06-08,633
2022-06-09,611.5
2022-06-09,615
2022-06-09,608
2022-06-10,607
2022-06-10,606
2022-06-10,608
2022-06-11,623.5
2022-06-11,618
2022-06-11,629
2022-06-12,658
2022-06-12,648
2022-06-12,668
2022-06-13,694.5
2022-06-13,698
2022-06-13,691
2022-06-14,674.5
2022-06-14,677
2022-06-14,672
2022-06-15,644.5
2022-06-15,649
2022-06-15,640
2022-06-16,629
2022-06-16,624
2022-06-16,634
2022-06-17,626
2022-06-17,625
2022-06-17,627
2022-06-18,623
2022-06-18,619
2022-06-18,627
2022-06-19,649.5
2022-06-19,639
2022-06-19,660
2022-06-20,675.5
2022-06-20,677
2022-06-20,674
2022-06-21,667
2022-06-21,669
2022-06-21,665
2022-06-22,646
2022-06-22,646
2022-06-22,646
2022-06-23,649
2022-06-23,648
2022-06-23,650
2022-06-24,642
2022-06-24,642
2022-06-24,642
2022-06-25,648
2022-06-25,643
2022-06-25,653
2022-06-26,664
2022-06-26,657
2022-06-26,671
2022-06-27,675.5
2022-06-27,676
2022-06-27,675
2022-06-28,677
2022-06-28,676
2022-06-28,678
2022-06-29,685
2022-06-29,680
2022-06-29,690
2022-06-30,690
2022-06-30,688
2022-06-30,692
2022-07-01,687.5
2022-07-01,688
2022-07-01,687
2022-07-02,666.5
2022-07-02,667
2022-07-02,666
2022-07-03,666.5
2022-07-03,663
2022-07-03,670
2022-07-04,671
2022-07-04,668
2022-07-04,674
2022-07-05,668.5
2022-07-05,668
2022-07-05,669
2022-07-06,660.5
2022-07-06,662
2022-07-06,659
2022-07-07,656
2022-07-07,655
2022-07-07,657
2022-07-08,657.5
2022-07-08,656
2022-07-08,659
2022-07-09,656
2022-07-09,655
2022-07-09,657
2022-07-10,648.5
2022-07-10,648
2022-07-10,649
2022-07-11,652.5
2022-07-11,652
2022-07-11,653
2022-07-12,657.5
2022-07-12,657
2022-07-12,658
2022-07-13,661
2022-07-13,661
2022-07-13,661
2022-07-14,666
2022-07-14,665
2022-07-14,667
2022-07-15,667.5
2022-07-15,668
2022-07-15,667
2022-07-16,671
2022-07-16,669
2022-07-16,673
2022-07-17,677.5
2022-07-17,675
2022-07-17,680
2022-07-18,686
2022-07-18,684
2022-07-18,688
2022-07-19,695
2022-07-19,694
2022-07-19,696
2022-07-20,694.5
2022-07-20,696
2022-07-20,693
2022-07-21,687.5
2022-07-21,686
2022-07-21,689
2022-07-22,686.5
2022-07-22,685
2022-07-22,688
2022-07-23,690.5
2022-07-23,689
2022-07-23,692
2022-07-24,696
2022-07-24,696
2022-07-24,696
2022-07-25,695.5
2022-07-25,696
2022-07-25,695
2022-07-26,693.5
2022-07-26,692
2022-07-26,695
2022-07-27,691.5
2022-07-27,690
2022-07-27,693
2022-07-28,693
2022-07-28,691
2022-07-28,695
2022-07-29,693
2022-07-29,693
2022-07-29,693
2022-07-30,690.5
2022-07-30,690
2022-07-30,691
2022-07-31,695
2022-07-31,694
2022-07-31,696
2022-08-01,701
2022-08-01,701
2022-08-01,701
2022-08-02,688.5
2022-08-02,687
2022-08-02,690
2022-08-03,684
2022-08-03,685
2022-08-03,683
2022-08-04,681.5
2022-08-04,681
2022-08-04,682
2022-08-05,682.5
2022-08-05,682
2022-08-05,683
2022-08-06,686.5
2022-08-06,685
2022-08-06,688
2022-08-07,682.5
2022-08-07,683
2022-08-07,682
2022-08-08,690.5
2022-08-08,691
2022-08-08,690
2022-08-09,682
2022-08-09,683
2022-08-09,681
2022-08-10,678
2022-08-10,678
2022-08-10,678
2022-08-11,675.5
2022-08-11,677
2022-08-11,674
2022-08-12,671.5
2022-08-12,672
2022-08-12,671
2022-08-13,672
2022-08-13,670
2022-08-13,674
2022-08-14,674
2022-08-14,674
2022-08-14,674
2022-08-15,667
2022-08-15,667
2022-08-15,667
2022-08-16,664
2022-08-16,664
2022-08-16,664
2022-08-17,655.5
2022-08-17,653
2022-08-17,658
2022-08-18,653.5
2022-08-18,653
2022-08-18,654
2022-08-19,655.5
2022-08-19,654
2022-08-19,657
2022-08-20,656
2022-08-20,656
2022-08-20,656
2022-08-21,658.5
2022-08-21,656
2022-08-21,661
2022-08-22,656
2022-08-22,656
2022-08-22,656
2022-08-23,660
2022-08-23,659
2022-08-23,661
2022-08-24,661
2022-08-24,660
2022-08-24,662
2022-08-25,660.5
2022-08-25,661
2022-08-25,660
2022-08-26,661
2022-08-26,660
2022-08-26,662
2022-08-27,661.5
2022-08-27,663
2022-08-27,660
2022-08-28,663
2022-08-28,662
2022-08-28,664
2022-08-29,662
2022-08-29,660
2022-08-29,664
2022-08-30,662.5
2022-08-30,663
2022-08-30,662
2022-08-31,654
2022-08-31,652
2022-08-31,656
2022-09-01,653
2022-09-01,652
2022-09-01,654
2022-09-02,650
2022-09-02,651
2022-09-02,649
2022-09-03,653.5
2022-09-03,656
2022-09-03,651
2022-09-04,651
2022-09-04,653
2022-09-04,649
2022-09-05,647
2022-09-05,646
2022-09-05,648
2022-09-06,645
2022-09-06,644
2022-09-06,646
2022-09-07,641.5
2022-09-07,640
2022-09-07,643
2022-09-08,639
2022-09-08,638
2022-09-08,640
2022-09-09,636.5
2022-09-09,636
2022-09-09,637
2022-09-10,630.5
2022-09-10,631
2022-09-10,630
2022-09-11,629
2022-09-11,629
2022-09-11,629
2022-09-12,624
2022-09-12,623
2022-09-12,625
2022-09-13,620
2022-09-13,620
2022-09-13,620
2022-09-14,616
2022-09-14,616
2022-09-14,616
2022-09-15,610
2022-09-15,610
2022-09-15,610
2022-09-16,605
2022-09-16,605
2022-09-16,605
2022-09-17,601
2022-09-17,601
2022-09-17,601
2022-09-18,596
2022-09-18,596
2022-09-18,596
2022-09-19,590
2022-09-19,590
2022-09-19,590
2022-09-20,584
2022-09-20,584
2022-09-20,584
2022-09-21,578.5
2022-09-21,577
2022-09-21,580
2022-09-22,574.5
2022-09-22,575
2022-09-22,574
2022-09-23,570
2022-09-23,569
2022-09-23,571
2022-09-24,565
2022-09-24,564
2022-09-24,566
2022-09-25,560
2022-09-25,560
2022-09-25,560
2022-09-26,558
2022-09-26,558
2022-09-26,558
2022-09-27,552.5
2022-09-27,552
2022-09-27,553
2022-09-28,547
2022-09-28,547
2022-09-28,547
2022-09-29,542.5
2022-09-29,543
2022-09-29,542
2022-09-30,537.5
2022-09-30,539
2022-09-30,536
2022-10-01,530
2022-10-01,530
2022-10-01,530
2022-10-02,536.5
2022-10-02,537
2022-10-02,536
2022-10-03,519
2022-10-03,519
2022-10-03,519
2022-10-04,513
2022-10-04,514
2022-10-04,512
2022-10-05,508.5
2022-10-05,508
2022-10-05,509
2022-10-06,504
2022-10-06,504
2022-10-06,504
2022-10-07,498.5
2022-10-07,498
2022-10-07,499
2022-10-08,493
2022-10-08,494
2022-10-08,492
2022-10-09,488
2022-10-09,488
2022-10-09,488
2022-10-10,481
2022-10-10,481
2022-10-10,481
2022-10-11,477
2022-10-11,478
2022-10-11,476
2022-10-12,474.5
2022-10-12,474
2022-10-12,475
2022-10-13,471
2022-10-13,471
2022-10-13,471
2022-10-14,465
2022-10-14,467
2022-10-14,463
2022-10-15,459
2022-10-15,460
2022-10-15,458
2022-10-16,453.5
2022-10-16,455
2022-10-16,452
2022-10-17,449
2022-10-17,450
2022-10-17,448
2022-10-18,444
2022-10-18,444
2022-10-18,444
2022-10-19,441
2022-10-19,442
2022-10-19,440
2022-10-20,434.5
2022-10-20,435
2022-10-20,434
2022-10-21,430.5
2022-10-21,431
2022-10-21,430
2022-10-22,428
2022-10-22,428
2022-10-22,428
2022-10-23,426
2022-10-23,424
2022-10-23,428
2022-10-24,420
2022-10-24,421
2022-10-24,419
2022-10-25,417
2022-10-25,418
2022-10-25,416
2022-10-26,420.5
2022-10-26,421
2022-10-26,420
2022-10-27,419
2022-10-27,419
2022-10-27,419
2022-10-28,416.5
2022-10-28,417
2022-10-28,416
2022-10-29,416
2022-10-29,416
2022-10-29,416
2022-10-30,416.5
2022-10-30,416
2022-10-30,417
2022-10-31,414
2022-10-31,416
2022-10-31,412
2022-11-01,412.5
2022-11-01,413
2022-11-01,412
2022-11-02,415.5
2022-11-02,414
2022-11-02,417
2022-11-03,415
2022-11-03,415
2022-11-03,415
2022-11-04,416.5
2022-11-04,415
2022-11-04,418
2022-11-05,420.5
2022-11-05,418
2022-11-05,423
2022-11-06,423
2022-11-06,423
2022-11-06,423
2022-11-07,429.5
2022-11-07,425
2022-11-07,434
2022-11-08,442
2022-11-08,437
2022-11-08,447
2022-11-09,456.5
2022-11-09,455
2022-11-09,458
2022-11-10,480
2022-11-10,474
2022-11-10,486
2022-11-11,486
2022-11-11,488
2022-11-11,484
2022-11-12,480
2022-11-12,480
2022-11-12,480
2022-11-13,474.5
2022-11-13,475
2022-11-13,474
2022-11-14,475
2022-11-14,475
2022-11-14,475
2022-11-15,472.5
2022-11-15,470
2022-11-15,475
2022-11-16,474
2022-11-16,473
2022-11-16,475
2022-11-17,477
2022-11-17,477
2022-11-17,477
2022-11-18,480
2022-11-18,480
2022-11-18,480
2022-11-19,485
2022-11-19,484
2022-11-19,486
2022-11-20,490.5
2022-11-20,487
2022-11-20,494
2022-11-21,493.5
2022-11-21,494
2022-11-21,493
2022-11-22,491
2022-11-22,491
2022-11-22,491
2022-11-23,490.5
2022-11-23,490
2022-11-23,491
2022-11-24,504
2022-11-24,501
2022-11-24,507
2022-11-25,513.5
2022-11-25,511
2022-11-25,516
2022-11-26,507.5
2022-11-26,510
2022-11-26,505
2022-11-27,501
2022-11-27,499
2022-11-27,503
2022-11-28,506
2022-11-28,506
2022-11-28,506
2022-11-29,506
2022-11-29,506
2022-11-29,506
2022-11-30,509.5
2022-11-30,508
2022-11-30,511
2022-12-01,505.5
2022-12-01,506
2022-12-01,505
2022-12-02,511.5
2022-12-02,507
2022-12-02,516
2022-12-03,522
2022-12-03,518
2022-12-03,526
2022-12-04,545
2022-12-04,532
2022-12-04,558
2022-12-05,576
2022-12-05,572
2022-12-05,580
2022-12-06,573
2022-12-06,570
2022-12-06,576
2022-12-07,579.5
2022-12-07,581
2022-12-07,578
2022-12-08,568.5
2022-12-08,567
2022-12-08,570
2022-12-09,570
2022-12-09,571
2022-12-09,569
2022-12-10,572.5
2022-12-10,570
2022-12-10,575
2022-12-11,573.5
2022-12-11,571
2022-12-11,576
2022-12-12,570
2022-12-12,564
2022-12-12,576
2022-12-13,564
2022-12-13,568
2022-12-13,560
2022-12-14,546.5
2022-12-14,547
2022-12-14,546
2022-12-15,561
2022-12-15,562
2022-12-15,560
2022-12-16,557
2022-12-16,557
2022-12-16,557
2022-12-17,549.5
2022-12-17,548
2022-12-17,551
2022-12-18,546.5
2022-12-18,542
2022-12-18,551
2022-12-19,558.5
2022-12-19,557
2022-12-19,560
2022-12-20,556.5
2022-12-20,556
2022-12-20,557
2022-12-21,543
2022-12-21,546
2022-12-21,540
2022-12-22,532
2022-12-22,529
2022-12-22,535
2022-12-23,524.5
2022-12-23,523
2022-12-23,526
2022-12-24,518
2022-12-24,516
2022-12-24,520
2022-12-25,544.5
2022-12-25,538
2022-12-25,551
2022-12-26,565
2022-12-26,564
2022-12-26,566
2022-12-27,557.5
2022-12-27,558
2022-12-27,557
2022-12-28,558.5
2022-12-28,556
2022-12-28,561
2022-12-29,566
2022-12-29,562
2022-12-29,570
2022-12-30,561.5
2022-12-30,561
2022-12-30,562
2022-12-31,578.5
2022-12-31,567
2022-12-31,590
2023-01-01,630
2023-01-01,612
2023-01-01,648
2023-01-02,674.5
2023-01-02,670
2023-01-02,679
2023-01-03,672.5
2023-01-03,681
2023-01-03,664
2023-01-04,654.5
2023-01-04,654
2023-01-04,655
2023-01-05,657.5
2023-01-05,655
2023-01-05,660
2023-01-06,651
2023-01-06,652
2023-01-06,650
2023-01-07,647.5
2023-01-07,639
2023-01-07,656
2023-01-08,696
2023-01-08,682
2023-01-08,710
2023-01-09,704
2023-01-09,712
2023-01-09,696
2023-01-10,677.5
2023-01-10,679
2023-01-10,676
2023-01-11,659
2023-01-11,662
2023-01-11,656
2023-01-12,635
2023-01-12,636
2023-01-12,634
2023-01-13,619
2023-01-13,620
2023-01-13,618
2023-01-14,625.5
2023-01-14,614
2023-01-14,637
2023-01-15,674
2023-01-15,666
2023-01-15,682
2023-01-16,696.5
2023-01-16,697
2023-01-16,696
2023-01-17,684
2023-01-17,684
2023-01-17,684
2023-01-18,682.5
2023-01-18,682
2023-01-18,683
2023-01-19,687.5
2023-01-19,688
2023-01-19,687
2023-01-20,666.5
2023-01-20,673
2023-01-20,660
2023-01-21,645.5
2023-01-21,643
2023-01-21,648
2023-01-22,669
2023-01-22,660
2023-01-22,678
2023-01-23,689.5
2023-01-23,692
2023-01-23,687
2023-01-24,672.5
2023-01-24,675
2023-01-24,670
2023-01-25,649
2023-01-25,651
2023-01-25,647
2023-01-26,639.5
2023-01-26,643
2023-01-26,636
2023-01-27,641.5
2023-01-27,641
2023-01-27,642
2023-01-28,643.5
2023-01-28,641
2023-01-28,646
2023-01-29,689.5
2023-01-29,670
2023-01-29,709
2023-01-30,732
2023-01-30,734
2023-01-30,730
2023-01-31,705.5
2023-01-31,710
2023-01-31,701
2023-02-01,690
2023-02-01,692
2023-02-01,688
2023-02-02,678.5
2023-02-02,682
2023-02-02,675
2023-02-03,657.5
2023-02-03,660
2023-02-03,655
2023-02-04,646.5
2023-02-04,645
2023-02-04,648
2023-02-05,680.5
2023-02-05,668
2023-02-05,693
2023-02-06,716
2023-02-06,718
2023-02-06,714
2023-02-07,703
2023-02-07,707
2023-02-07,699
2023-02-08,684.5
2023-02-08,688
2023-02-08,681
2023-02-09,665
2023-02-09,669
2023-02-09,661
2023-02-10,645.5
2023-02-10,648
2023-02-10,643
2023-02-11,647.5
2023-02-11,642
2023-02-11,653
2023-02-12,691.5
2023-02-12,680
2023-02-12,703
2023-02-13,726
2023-02-13,725
2023-02-13,727
2023-02-14,719.5
2023-02-14,720
2023-02-14,719
2023-02-15,694
2023-02-15,708
2023-02-15,680
2023-02-16,672
2023-02-16,679
2023-02-16,665
2023-02-17,637.5
2023-02-17,642
2023-02-17,633
2023-02-18,618
2023-02-18,620
2023-02-18,616
2023-02-19,625
2023-02-19,620
2023-02-19,630
2023-02-20,650
2023-02-20,646
2023-02-20,654
2023-02-21,672
2023-02-21,665
2023-02-21,679
2023-02-22,695
2023-02-22,695
2023-02-22,695
2023-02-23,675.5
2023-02-23,683
2023-02-23,668
2023-02-24,644.5
2023-02-24,649
2023-02-24,640
2023-02-25,633.5
2023-02-25,631
2023-02-25,636
2023-02-26,660
2023-02-26,650
2023-02-26,670
2023-02-27,693
2023-02-27,692
2023-02-27,694
2023-02-28,704.5
2023-02-28,702
2023-02-28,707
2023-03-01,729
2023-03-01,724
2023-03-01,734
2023-03-02,739
2023-03-02,738
2023-03-02,740
2023-03-03,737.5
2023-03-03,739
2023-03-03,736
2023-03-04,734
2023-03-04,734
2023-03-04,734
2023-03-05,733.5
2023-03-05,733
2023-03-05,734
2023-03-06,739
2023-03-06,740
2023-03-06,738
2023-03-07,729
2023-03-07,728
2023-03-07,730
2023-03-08,731
2023-03-08,730
2023-03-08,732
2023-03-09,726
2023-03-09,727
2023-03-09,725
2023-03-10,711
2023-03-10,717
2023-03-10,705
2023-03-11,691.5
2023-03-11,694
2023-03-11,689
2023-03-12,704
2023-03-12,697
2023-03-12,711
2023-03-13,729.5
2023-03-13,729
2023-03-13,730
2023-03-14,726.5
2023-03-14,729
2023-03-14,724
2023-03-15,723.5
2023-03-15,724
2023-03-15,723
2023-03-16,715
2023-03-16,718
2023-03-16,712
2023-03-17,714.5
2023-03-17,712
2023-03-17,717
2023-03-18,726.5
2023-03-18,723
2023-03-18,730
2023-03-19,745.5
2023-03-19,740
2023-03-19,751
2023-03-20,766
2023-03-20,766
2023-03-20,766
2023-03-21,757
2023-03-21,759
2023-03-21,755
2023-03-22,747.5
2023-03-22,748
2023-03-22,747
2023-03-23,745
2023-03-23,744
2023-03-23,746
2023-03-24,765.5
2023-03-24,764
2023-03-24,767
2023-03-25,761
2023-03-25,761
2023-03-25,761
2023-03-26,763
2023-03-26,760
2023-03-26,766
2023-03-27,784.5
2023-03-27,783
2023-03-27,786
2023-03-28,784
2023-03-28,785
2023-03-28,783
2023-03-29,779.5
2023-03-29,779
2023-03-29,780
2023-03-30,773.5
2023-03-30,775
2023-03-30,772
2023-03-31,765.5
2023-03-31,766
2023-03-31,765
2023-04-01,766.5
2023-04-01,765
2023-04-01,768
2023-04-02,789
2023-04-02,784
2023-04-02,794
2023-04-03,805.5
2023-04-03,805
2023-04-03,806
2023-04-04,804.5
2023-04-04,805
2023-04-04,804
2023-04-05,803.5
2023-04-05,802
2023-04-05,805
2023-04-06,804.5
2023-04-06,803
2023-04-06,806
2023-04-07,813.5
2023-04-07,811
2023-04-07,816
2023-04-08,829
2023-04-08,827
2023-04-08,831
2023-04-09,829
2023-04-09,828
2023-04-09,830
2023-04-10,824
2023-04-10,826
2023-04-10,822
2023-04-11,815.5
2023-04-11,815
2023-04-11,816
2023-04-12,819
2023-04-12,817
2023-04-12,821
2023-04-13,827.5
2023-04-13,826
2023-04-13,829
2023-04-14,821.5
2023-04-14,824
2023-04-14,819
2023-04-15,813.5
2023-04-15,814
2023-04-15,813
2023-04-16,813
2023-04-16,812
2023-04-16,814
2023-04-17,812.5
2023-04-17,814
2023-04-17,811
2023-04-18,798
2023-04-18,799
2023-04-18,797
2023-04-19,789
2023-04-19,791
2023-04-19,787
2023-04-20,777.5
2023-04-20,780
2023-04-20,775
2023-04-21,769.5
2023-04-21,769
2023-04-21,770
2023-04-22,780.5
2023-04-22,777
2023-04-22,784
2023-04-23,798.5
2023-04-23,795
2023-04-23,802
2023-04-24,804
2023-04-24,802
2023-04-24,806
2023-04-25,801.5
2023-04-25,801
2023-04-25,802
2023-04-26,801
2023-04-26,801
2023-04-26,801
2023-04-27,795.5
2023-04-27,798
2023-04-27,793
2023-04-28,772
2023-04-28,779
2023-04-28,765
2023-04-29,746
2023-04-29,750
2023-04-29,742
2023-04-30,732
2023-04-30,734
2023-04-30,730
2023-05-01,745
2023-05-01,739
2023-05-01,751
2023-05-02,750.5
2023-05-02,754
2023-05-02,747
2023-05-03,730.5
2023-05-03,736
2023-05-03,725
2023-05-04,711.5
2023-05-04,714
2023-05-04,709
2023-05-05,702
2023-05-05,703
2023-05-05,701
2023-05-06,700
2023-05-06,697
2023-05-06,703
2023-05-07,722.5
2023-05-07,714
2023-05-07,731
2023-05-08,747
2023-05-08,746
2023-05-08,748
2023-05-09,737
2023-05-09,743
2023-05-09,731
2023-05-10,711.5
2023-05-10,716
2023-05-10,707
2023-05-11,687.5
2023-05-11,692
2023-05-11,683
2023-05-12,654.5
2023-05-12,661
2023-05-12,648
2023-05-13,638
2023-05-13,639
2023-05-13,637
2023-05-14,664
2023-05-14,652
2023-05-14,676
2023-05-15,694.5
2023-05-15,693
2023-05-15,696
2023-05-16,706
2023-05-16,705
2023-05-16,707
2023-05-17,701
2023-05-17,702
2023-05-17,700
2023-05-18,702.5
2023-05-18,701
2023-05-18,704
2023-05-19,712
2023-05-19,709
2023-05-19,715
2023-05-20,714.5
2023-05-20,714
2023-05-20,715
2023-05-21,713
2023-05-21,709
2023-05-21,717
2023-05-22,709.5
2023-05-22,711
2023-05-22,708
2023-05-23,705.5
2023-05-23,706
2023-05-23,705
2023-05-24,695.5
2023-05-24,695
2023-05-24,696
2023-05-25,680.5
2023-05-25,682
2023-05-25,679
2023-05-26,668.5
2023-05-26,672
2023-05-26,665
2023-05-27,654
2023-05-27,652
2023-05-27,656
2023-05-28,652.5
2023-05-28,647
2023-05-28,658
2023-05-29,649.5
2023-05-29,653
2023-05-29,646
2023-05-30,625.5
2023-05-30,632
2023-05-30,619
2023-05-31,614.5
2023-05-31,613
2023-05-31,616
2023-06-01,612.5
2023-06-01,612
2023-06-01,613
2023-06-02,612.5
2023-06-02,612
2023-06-02,613
2023-06-03,623.5
2023-06-03,615
2023-06-03,632
2023-06-04,654.5
2023-06-04,641
2023-06-04,668
2023-06-05,668
2023-06-05,675
2023-06-05,661
2023-06-06,672.5
2023-06-06,673
2023-06-06,672
2023-06-07,665
2023-06-07,665
2023-06-07,665
2023-06-08,656.5
2023-06-08,653
2023-06-08,660
2023-06-09,648.5
2023-06-09,647
2023-06-09,650
2023-06-10,641
2023-06-10,636
2023-06-10,646
2023-06-11,652
2023-06-11,648
2023-06-11,656
2023-06-12,647.5
2023-06-12,650
2023-06-12,645
2023-06-13,641
2023-06-13,642
2023-06-13,640
2023-06-14,639
2023-06-14,640
2023-06-14,638
2023-06-15,628
2023-06-15,630
2023-06-15,626
2023-06-16,603.5
2023-06-16,615
2023-06-16,592
2023-06-17,578.5
2023-06-17,565
2023-06-17,592
2023-06-18,590.5
2023-06-18,597
2023-06-18,584
2023-06-19,624
2023-06-19,623
2023-06-19,625
2023-06-20,634
2023-06-20,628
2023-06-20,640
2023-06-21,643.5
2023-06-21,640
2023-06-21,647
2023-06-22,651.5
2023-06-22,648
2023-06-22,655
2023-06-23,652.5
2023-06-23,652
2023-06-23,653
2023-06-24,656.5
2023-06-24,653
2023-06-24,660
2023-06-25,662
2023-06-25,654
2023-06-25,670
2023-06-26,671.5
2023-06-26,669
2023-06-26,674
2023-06-27,646.5
2023-06-27,649
2023-06-27,644
2023-06-28,617.5
2023-06-28,617
2023-06-28,618
2023-06-29,595
2023-06-29,594
2023-06-29,596
2023-06-30,607.5
2023-06-30,602
2023-06-30,613
2023-07-01,619
2023-07-01,618
2023-07-01,620
2023-07-02,621
2023-07-02,620
2023-07-02,622
2023-07-03,633
2023-07-03,628
2023-07-03,638
2023-07-04,627.5
2023-07-04,626
2023-07-04,629
2023-07-05,637
2023-07-05,632
2023-07-05,642
2023-07-06,646.5
2023-07-06,642
2023-07-06,651
2023-07-07,655
2023-07-07,654
2023-07-07,656
2023-07-08,654.5
2023-07-08,650
2023-07-08,659
2023-07-09,657.5
2023-07-09,657
2023-07-09,658
2023-07-10,662
2023-07-10,658
2023-07-10,666
2023-07-11,657
2023-07-11,660
2023-07-11,654
2023-07-12,646
2023-07-12,649
2023-07-12,643
2023-07-13,640.5
2023-07-13,641
2023-07-13,640
2023-07-14,628
2023-07-14,636
2023-07-14,620
2023-07-15,615.5
2023-07-15,617
2023-07-15,614
2023-07-16,625
2023-07-16,620
2023-07-16,630
2023-07-17,634.5
2023-07-17,635
2023-07-17,634
2023-07-18,639
2023-07-18,631
2023-07-18,647
2023-07-19,646.5
2023-07-19,644
2023-07-19,649
2023-07-20,644.5
2023-07-20,643
2023-07-20,646
2023-07-21,646.5
2023-07-21,643
2023-07-21,650
2023-07-22,644
2023-07-22,641
2023-07-22,647
2023-07-23,646.5
2023-07-23,644
2023-07-23,649
2023-07-24,647
2023-07-24,646
2023-07-24,648
2023-07-25,640
2023-07-25,640
2023-07-25,640
2023-07-26,638.5
2023-07-26,637
2023-07-26,640
2023-07-27,637
2023-07-27,638
2023-07-27,636
2023-07-28,637
2023-07-28,635
2023-07-28,639
2023-07-29,633.5
2023-07-29,630
2023-07-29,637
2023-07-30,640
2023-07-30,640
2023-07-30,640
2023-07-31,635.5
2023-07-31,635
2023-07-31,636
2023-08-01,639
2023-08-01,640
2023-08-01,638
2023-08-02,635.5
2023-08-02,634
2023-08-02,637
2023-08-03,637.5
2023-08-03,641
2023-08-03,634
2023-08-04,631.5
2023-08-04,630
2023-08-04,633
2023-08-05,630
2023-08-05,628
2023-08-05,632
2023-08-06,628.5
2023-08-06,626
2023-08-06,631
2023-08-07,628
2023-08-07,626
2023-08-07,630
2023-08-08,629
2023-08-08,626
2023-08-08,632
2023-08-09,633
2023-08-09,631
2023-08-09,635
2023-08-10,635.5
2023-08-10,633
2023-08-10,638
2023-08-11,641
2023-08-11,640
2023-08-11,642
2023-08-12,644.5
2023-08-12,642
2023-08-12,647
2023-08-13,646.5
2023-08-13,644
2023-08-13,649
2023-08-14,646
2023-08-14,647
2023-08-14,645
2023-08-15,648
2023-08-15,646
2023-08-15,650
2023-08-16,646.5
2023-08-16,644
2023-08-16,649
2023-08-17,645.5
2023-08-17,643
2023-08-17,648
2023-08-18,646
2023-08-18,644
2023-08-18,648
2023-08-19,646
2023-08-19,644
2023-08-19,648
2023-08-20,644.5
2023-08-20,643
2023-08-20,646
2023-08-21,645.5
2023-08-21,644
2023-08-21,647
2023-08-22,644.5
2023-08-22,643
2023-08-22,646
2023-08-23,642
2023-08-23,640
2023-08-23,644
2023-08-24,641
2023-08-24,640
2023-08-24,642
2023-08-25,639
2023-08-25,638
2023-08-25,640
2023-08-26,638.5
2023-08-26,636
2023-08-26,641
2023-08-27,636
2023-08-27,636
2023-08-27,636
2023-08-28,633
2023-08-28,632
2023-08-28,634
2023-08-29,630.5
2023-08-29,631
2023-08-29,630
2023-08-30,628
2023-08-30,627
2023-08-30,629
2023-08-31,626.5
2023-08-31,625
2023-08-31,628
2023-09-01,623.5
2023-09-01,622
2023-09-01,625
2023-09-02,620
2023-09-02,619
2023-09-02,621
2023-09-03,618.5
2023-09-03,617
2023-09-03,620
2023-09-04,616
2023-09-04,615
2023-09-04,617
2023-09-05,615
2023-09-05,614
2023-09-05,616
2023-09-06,612.5
2023-09-06,612
2023-09-06,613
2023-09-07,610.5
2023-09-07,609
2023-09-07,612
2023-09-08,609.5
2023-09-08,608
2023-09-08,611
2023-09-09,607.5
2023-09-09,605
2023-09-09,610
2023-09-10,606
2023-09-10,607
2023-09-10,605
2023-09-11,603.5
2023-09-11,602
2023-09-11,605
2023-09-12,603
2023-09-12,602
2023-09-12,604
2023-09-13,600.5
2023-09-13,600
2023-09-13,601
2023-09-14,597.5
2023-09-14,596
2023-09-14,599
2023-09-15,595.5
2023-09-15,594
2023-09-15,597
2023-09-16,593
2023-09-16,591
2023-09-16,595
2023-09-17,591
2023-09-17,590
2023-09-17,592
2023-09-18,587.5
2023-09-18,586
2023-09-18,589
2023-09-19,585.5
2023-09-19,584
2023-09-19,587
2023-09-20,583
2023-09-20,583
2023-09-20,583
2023-09-21,581.5
2023-09-21,581
2023-09-21,582
2023-09-22,578.5
2023-09-22,579
2023-09-22,578
2023-09-23,576
2023-09-23,576
2023-09-23,576
2023-09-24,573
2023-09-24,573
2023-09-24,573
2023-09-25,570
2023-09-25,569
2023-09-25,571
2023-09-26,566.5
2023-09-26,565
2023-09-26,568
2023-09-27,564.5
2023-09-27,563
2023-09-27,566
2023-09-28,561.5
2023-09-28,560
2023-09-28,563
2023-09-29,557
2023-09-29,557
2023-09-29,557
2023-09-30,555
2023-09-30,556
2023-09-30,554
2023-10-01,554.5
2023-10-01,555
2023-10-01,554
2023-10-02,549.5
2023-10-02,549
2023-10-02,550
2023-10-03,546.5
2023-10-03,546
2023-10-03,547
2023-10-04,543.5
2023-10-04,542
2023-10-04,545
2023-10-05,538
2023-10-05,538
2023-10-05,538
2023-10-06,533.5
2023-10-06,534
2023-10-06,533
2023-10-07,531
2023-10-07,531
2023-10-07,531
2023-10-08,524
2023-10-08,525
2023-10-08,523
2023-10-09,523
2023-10-09,520
2023-10-09,526
2023-10-10,517
2023-10-10,517
2023-10-10,517
2023-10-11,512
2023-10-11,512
2023-10-11,512
2023-10-12,507
2023-10-12,506
2023-10-12,508
2023-10-13,504
2023-10-13,503
2023-10-13,505
2023-10-14,497
2023-10-14,496
2023-10-14,498
2023-10-15,494.5
2023-10-15,494
2023-10-15,495
2023-10-16,488
2023-10-16,488
2023-10-16,488
2023-10-17,486
2023-10-17,487
2023-10-17,485
2023-10-18,480.5
2023-10-18,480
2023-10-18,481
2023-10-19,475.5
2023-10-19,475
2023-10-19,476
2023-10-20,470.5
2023-10-20,470
2023-10-20,471
2023-10-21,463.5
2023-10-21,466
2023-10-21,461
2023-10-22,454
2023-10-22,457
2023-10-22,451
2023-10-23,447
2023-10-23,453
2023-10-23,441
2023-10-24,445.5
2023-10-24,446
2023-10-24,445
2023-10-25,436.5
2023-10-25,437
2023-10-25,436
2023-10-26,431.5
2023-10-26,432
2023-10-26,431
2023-10-27,423.5
2023-10-27,425
2023-10-27,422
2023-10-28,417.5
2023-10-28,416
2023-10-28,419
2023-10-29,412
2023-10-29,412
2023-10-29,412
2023-10-30,405.5
2023-10-30,406
2023-10-30,405
2023-10-31,400.5
2023-10-31,401
2023-10-31,400
2023-11-01,396
2023-11-01,396
2023-11-01,396
2023-11-02,390.5
2023-11-02,390
2023-11-02,391
2023-11-03,386.5
2023-11-03,387
2023-11-03,386
2023-11-04,380.5
2023-11-04,380
2023-11-04,381
2023-11-05,377.5
2023-11-05,377
2023-11-05,378
2023-11-06,372
2023-11-06,371
2023-11-06,373
2023-11-07,370
2023-11-07,370
2023-11-07,370
2023-11-08,366.5
2023-11-08,368
2023-11-08,365
2023-11-09,359.5
2023-11-09,359
2023-11-09,360
2023-11-10,353.5
2023-11-10,354
2023-11-10,353
2023-11-11,348
2023-11-11,348
2023-11-11,348
2023-11-12,341
2023-11-12,340
2023-11-12,342
2023-11-13,329.5
2023-11-13,330
2023-11-13,329
2023-11-14,322
2023-11-14,322
2023-11-14,322
2023-11-15,316
2023-11-15,316
2023-11-15,316
2023-11-16,307
2023-11-16,308
2023-11-16,306
2023-11-17,298
2023-11-17,300
2023-11-17,296
2023-11-18,291
2023-11-18,291
2023-11-18,291
2023-11-19,283
2023-11-19,284
2023-11-19,282
2023-11-20,276.5
2023-11-20,277
2023-11-20,276
2023-11-21,270.5
2023-11-21,271
2023-11-21,270
2023-11-22,265.5
2023-11-22,266
2023-11-22,265
2023-11-23,262
2023-11-23,263
2023-11-23,261
2023-11-24,260
2023-11-24,260
2023-11-24,260
2023-11-25,259
2023-11-25,259
2023-11-25,259
2023-11-26,259
2023-11-26,259
2023-11-26,259
2023-11-27,259
2023-11-27,259
2023-11-27,259
2023-11-28,257.5
2023-11-28,258
2023-11-28,257
2023-11-29,255.5
2023-11-29,255
2023-11-29,256
2023-11-30,255
2023-11-30,255
2023-11-30,255
2023-12-01,255.5
2023-12-01,256
2023-12-01,255
2023-12-02,255
2023-12-02,255
2023-12-02,255
2023-12-03,257
2023-12-03,257
2023-12-03,257
2023-12-04,258
2023-12-04,258
2023-12-04,258
2023-12-05,258
2023-12-05,258
2023-12-05,258
2023-12-06,258
2023-12-06,258
2023-12-06,258
2023-12-07,260
2023-12-07,260
2023-12-07,260
2023-12-08,260
2023-12-08,260
2023-12-08,260
2023-12-09,260
2023-12-09,260
2023-12-09,260
2023-12-10,259
2023-12-10,259
2023-12-10,259
2023-12-11,259
2023-12-11,259
2023-12-11,259
2023-12-12,259
2023-12-12,259
2023-12-12,259
2023-12-13,258
2023-12-13,258
2023-12-13,258
2023-12-14,258
2023-12-14,258
2023-12-14,258
2023-12-15,259
2023-12-15,258
2023-12-15,260
2023-12-16,264
2023-12-16,262
2023-12-16,266
2023-12-17,268
2023-12-17,267
2023-12-17,269
2023-12-18,271.5
2023-12-18,271
2023-12-18,272
2023-12-19,273.5
2023-12-19,273
2023-12-19,274
2023-12-20,276
2023-12-20,275
2023-12-20,277
2023-12-21,278.5
2023-12-21,278
2023-12-21,279
2023-12-22,279.5
2023-12-22,279
2023-12-22,280
2023-12-23,281
2023-12-23,281
2023-12-23,281
2023-12-24,281
2023-12-24,281
2023-12-24,281
2023-12-25,282
2023-12-25,282
2023-12-25,282
2023-12-26,282
2023-12-26,282
2023-12-26,282
2023-12-27,282
2023-12-27,282
2023-12-27,282
2023-12-28,283
2023-12-28,283
2023-12-28,283
2023-12-29,286
2023-12-29,286
2023-12-29,286
2023-12-30,286
2023-12-30,286
2023-12-30,286
2023-12-31,288
2023-12-31,287
2023-12-31,289
2024-01-01,292
2024-01-01,291
2024-01-01,293
2024-01-02,296
2024-01-02,294
2024-01-02,298
2024-01-03,301
2024-01-03,300
2024-01-03,302
2024-01-04,306
2024-01-04,304
2024-01-04,308
2024-01-05,310.5
2024-01-05,309
2024-01-05,312
2024-01-06,319
2024-01-06,317
2024-01-06,321
2024-01-07,330
2024-01-07,327
2024-01-07,333
2024-01-08,345.5
2024-01-08,341
2024-01-08,350
2024-01-09,363
2024-01-09,358
2024-01-09,368
2024-01-10,382
2024-01-10,376
2024-01-10,388
2024-01-11,401
2024-01-11,396
2024-01-11,406
2024-01-12,423
2024-01-12,419
2024-01-12,427
2024-01-13,429.5
2024-01-13,422
2024-01-13,437
2024-01-14,440.5
2024-01-14,434
2024-01-14,447
2024-01-15,459.5
2024-01-15,455
2024-01-15,464
2024-01-16,479.5
2024-01-16,476
2024-01-16,483
2024-01-17,486
2024-01-17,480
2024-01-17,492
2024-01-18,495.5
2024-01-18,490
2024-01-18,501
2024-01-19,494.5
2024-01-19,490
2024-01-19,499
2024-01-20,491.5
2024-01-20,487
2024-01-20,496
2024-01-21,498.5
2024-01-21,490
2024-01-21,507
2024-01-22,521
2024-01-22,515
2024-01-22,527
2024-01-23,527.5
2024-01-23,523
2024-01-23,532
2024-01-24,522.5
2024-01-24,518
2024-01-24,527
2024-01-25,522
2024-01-25,519
2024-01-25,525
2024-01-26,514
2024-01-26,509
2024-01-26,519
2024-01-27,528
2024-01-27,525
2024-01-27,531
2024-01-28,526.5
2024-01-28,520
2024-01-28,533
2024-01-29,522
2024-01-29,520
2024-01-29,524
2024-01-30,530
2024-01-30,520
2024-01-30,540
2024-01-31,528
2024-01-31,520
2024-01-31,536
2024-02-01,541.5
2024-02-01,533
2024-02-01,550
2024-02-02,576
2024-02-02,569
2024-02-02,583
2024-02-03,594
2024-02-03,586
2024-02-03,602
2024-02-04,619.5
2024-02-04,600
2024-02-04,639
2024-02-05,643.5
2024-02-05,639
2024-02-05,648
2024-02-06,636
2024-02-06,636
2024-02-06,636
2024-02-07,607
2024-02-07,613
2024-02-07,601
2024-02-08,581.5
2024-02-08,580
2024-02-08,583
2024-02-09,588
2024-02-09,581
2024-02-09,595
2024-02-10,575.5
2024-02-10,579
2024-02-10,572
2024-02-11,577
2024-02-11,574
2024-02-11,580
2024-02-12,585.5
2024-02-12,582
2024-02-12,589
2024-02-13,584
2024-02-13,583
2024-02-13,585
2024-02-14,587
2024-02-14,584
2024-02-14,590
2024-02-15,588
2024-02-15,587
2024-02-15,589
2024-02-16,582.5
2024-02-16,582
2024-02-16,583
2024-02-17,590.5
2024-02-17,582
2024-02-17,599
2024-02-18,626.5
2024-02-18,610
2024-02-18,643
2024-02-19,670
2024-02-19,664
2024-02-19,676
2024-02-20,639
2024-02-20,646
2024-02-20,632
2024-02-21,602.5
2024-02-21,607
2024-02-21,598
2024-02-22,581
2024-02-22,579
2024-02-22,583
2024-02-23,581.5
2024-02-23,577
2024-02-23,586
2024-02-24,593.5
2024-02-24,585
2024-02-24,602
2024-02-25,632
2024-02-25,619
2024-02-25,645
2024-02-26,680.5
2024-02-26,677
2024-02-26,684
2024-02-27,647
2024-02-27,657
2024-02-27,637
2024-02-28,601.5
2024-02-28,604
2024-02-28,599
2024-02-29,587
2024-02-29,586
2024-02-29,588
2024-03-01,592
2024-03-01,590
2024-03-01,594
2024-03-02,589
2024-03-02,584
2024-03-02,594
2024-03-03,623.5
2024-03-03,607
2024-03-03,640
2024-03-04,662
2024-03-04,656
2024-03-04,668
2024-03-05,647.5
2024-03-05,654
2024-03-05,641
2024-03-06,622.5
2024-03-06,624
2024-03-06,621
2024-03-07,610
2024-03-07,609
2024-03-07,611
2024-03-08,610
2024-03-08,607
2024-03-08,613
2024-03-09,611
2024-03-09,605
2024-03-09,617
2024-03-10,636
2024-03-10,619
2024-03-10,653
2024-03-11,683
2024-03-11,680
2024-03-11,686
2024-03-12,667.5
2024-03-12,669
2024-03-12,666
2024-03-13,638.5
2024-03-13,642
2024-03-13,635
2024-03-14,613.5
2024-03-14,614
2024-03-14,613
2024-03-15,605
2024-03-15,600
2024-03-15,610
2024-03-16,610.5
2024-03-16,604
2024-03-16,617
2024-03-17,627.5
2024-03-17,615
2024-03-17,640
2024-03-18,657.5
2024-03-18,654
2024-03-18,661
2024-03-19,645
2024-03-19,645
2024-03-19,645
2024-03-20,628.5
2024-03-20,631
2024-03-20,626
2024-03-21,608
2024-03-21,612
2024-03-21,604
2024-03-22,594
2024-03-22,593
2024-03-22,595
2024-03-23,588
2024-03-23,583
2024-03-23,593
2024-03-24,619
2024-03-24,605
2024-03-24,633
2024-03-25,676.5
2024-03-25,663
2024-03-25,690
2024-03-26,665
2024-03-26,662
2024-03-26,668
2024-03-27,642
2024-03-27,645
2024-03-27,639
2024-03-28,612.5
2024-03-28,622
2024-03-28,603
2024-03-29,646.5
2024-03-29,639
2024-03-29,654
2024-03-30,680.5
2024-03-30,671
2024-03-30,690
2024-03-31,666
2024-03-31,663
2024-03-31,669
2024-04-01,661.5
2024-04-01,657
2024-04-01,666
2024-04-02,661.5
2024-04-02,657
2024-04-02,666
2024-04-03,651
2024-04-03,648
2024-04-03,654
2024-04-04,637
2024-04-04,636
2024-04-04,638
2024-04-05,632
2024-04-05,627
2024-04-05,637
2024-04-06,653.5
2024-04-06,640
2024-04-06,667
2024-04-07,690
2024-04-07,676
2024-04-07,704
2024-04-08,703
2024-04-08,700
2024-04-08,706
2024-04-09,671.5
2024-04-09,677
2024-04-09,666
2024-04-10,640.5
2024-04-10,637
2024-04-10,644
2024-04-11,647.5
2024-04-11,638
2024-04-11,657
2024-04-12,652
2024-04-12,646
2024-04-12,658
2024-04-13,660.5
2024-04-13,651
2024-04-13,670
2024-04-14,688.5
2024-04-14,674
2024-04-14,703
2024-04-15,712.5
2024-04-15,712
2024-04-15,713
2024-04-16,693
2024-04-16,693
2024-04-16,693
2024-04-17,679
2024-04-17,678
2024-04-17,680
2024-04-18,674
2024-04-18,672
2024-04-18,676
2024-04-19,672.5
2024-04-19,670
2024-04-19,675
2024-04-20,678
2024-04-20,672
2024-04-20,684
2024-04-21,708.5
2024-04-21,694
2024-04-21,723
2024-04-22,755.5
2024-04-22,751
2024-04-22,760
2024-04-23,745
2024-04-23,750
2024-04-23,740
2024-04-24,719
2024-04-24,724
2024-04-24,714
2024-04-25,694
2024-04-25,700
2024-04-25,688
2024-04-26,679.5
2024-04-26,681
2024-04-26,678
2024-04-27,676.5
2024-04-27,672
2024-04-27,681
2024-04-28,719
2024-04-28,706
2024-04-28,732
2024-04-29,753
2024-04-29,753
2024-04-29,753
2024-04-30,730
2024-04-30,737
2024-04-30,723
2024-05-01,710
2024-05-01,705
2024-05-01,715
2024-05-02,715.5
2024-05-02,720
2024-05-02,711
2024-05-03,689.5
2024-05-03,695
2024-05-03,684
2024-05-04,668.5
2024-05-04,668
2024-05-04,669
2024-05-05,692
2024-05-05,678
2024-05-05,706
2024-05-06,726
2024-05-06,725
2024-05-06,727
2024-05-07,711.5
2024-05-07,717
2024-05-07,706
2024-05-08,681.5
2024-05-08,688
2024-05-08,675
2024-05-09,651.5
2024-05-09,656
2024-05-09,647
2024-05-10,633.5
2024-05-10,635
2024-05-10,632
2024-05-11,620.5
2024-05-11,617
2024-05-11,624
2024-05-12,652.5
2024-05-12,637
2024-05-12,668
2024-05-13,679.5
2024-05-13,681
2024-05-13,678
2024-05-14,650.5
2024-05-14,656
2024-05-14,645
2024-05-15,619
2024-05-15,622
2024-05-15,616
2024-05-16,604
2024-05-16,604
2024-05-16,604
2024-05-17,596
2024-05-17,594
2024-05-17,598
2024-05-18,584.5
2024-05-18,580
2024-05-18,589
2024-05-19,626.5
2024-05-19,601
2024-05-19,652
2024-05-20,671
2024-05-20,666
2024-05-20,676
2024-05-21,649.5
2024-05-21,652
2024-05-21,647
2024-05-22,638.5
2024-05-22,632
2024-05-22,645
2024-05-23,624.5
2024-05-23,623
2024-05-23,626
2024-05-24,600
2024-05-24,599
2024-05-24,601
2024-05-25,580.5
2024-05-25,569
2024-05-25,592
2024-05-26,631
2024-05-26,616
2024-05-26,646
2024-05-27,664.5
2024-05-27,661
2024-05-27,668
2024-05-28,638
2024-05-28,635
2024-05-28,641
2024-05-29,626.5
2024-05-29,626
2024-05-29,627
2024-05-30,601
2024-05-30,599
2024-05-30,603
2024-05-31,576.5
2024-05-31,577
2024-05-31,576
2024-06-01,573
2024-06-01,566
2024-06-01,580
2024-06-02,584.5
2024-06-02,574
2024-06-02,595
2024-06-03,605.5
2024-06-03,597
2024-06-03,614
2024-06-04,614
2024-06-04,605
2024-06-04,623
2024-06-05,622.5
2024-06-05,615
2024-06-05,630
2024-06-06,634
2024-06-06,626
2024-06-06,642
2024-06-07,623.5
2024-06-07,622
2024-06-07,625
2024-06-08,611.5
2024-06-08,602
2024-06-08,621
2024-06-09,637.5
2024-06-09,629
2024-06-09,646
2024-06-10,647
2024-06-10,640
2024-06-10,654
2024-06-11,648
2024-06-11,644
2024-06-11,652
2024-06-12,639.5
2024-06-12,635
2024-06-12,644
2024-06-13,648
2024-06-13,644
2024-06-13,652
2024-06-14,642.5
2024-06-14,639
2024-06-14,646
2024-06-15,635.5
2024-06-15,631
2024-06-15,640
2024-06-16,635.5
2024-06-16,631
2024-06-16,640
2024-06-17,643
2024-06-17,644
2024-06-17,642
2024-06-18,636
2024-06-18,634
2024-06-18,638
2024-06-19,636
2024-06-19,633
2024-06-19,639
2024-06-20,644
2024-06-20,642
2024-06-20,646
2024-06-21,636.5
2024-06-21,634
2024-06-21,639
2024-06-22,640.5
2024-06-22,636
2024-06-22,645
2024-06-23,639
2024-06-23,636
2024-06-23,642
2024-06-24,650
2024-06-24,646
2024-06-24,654
2024-06-25,647
2024-06-25,647
2024-06-25,647
2024-06-26,633
2024-06-26,634
2024-06-26,632
2024-06-27,625
2024-06-27,624
2024-06-27,626
2024-06-28,614
2024-06-28,614
2024-06-28,614
2024-06-29,603
2024-06-29,602
2024-06-29,604
2024-06-30,598.5
2024-06-30,598
2024-06-30,599
2024-07-01,603.5
2024-07-01,601
2024-07-01,606
2024-07-02,606
2024-07-02,603
2024-07-02,609
2024-07-03,607.5
2024-07-03,605
2024-07-03,610
2024-07-04,608.5
2024-07-04,606
2024-07-04,611
2024-07-05,612
2024-07-05,610
2024-07-05,614
2024-07-06,611.5
2024-07-06,609
2024-07-06,614
2024-07-07,615
2024-07-07,613
2024-07-07,617
2024-07-08,617.5
2024-07-08,615
2024-07-08,620
2024-07-09,621
2024-07-09,618
2024-07-09,624
2024-07-10,624.5
2024-07-10,622
2024-07-10,627
2024-07-11,629
2024-07-11,627
2024-07-11,631
2024-07-12,632.5
2024-07-12,630
2024-07-12,635
2024-07-13,636
2024-07-13,634
2024-07-13,638
2024-07-14,640
2024-07-14,639
2024-07-14,641
2024-07-15,643
2024-07-15,642
2024-07-15,644
2024-07-16,642.75
2024-07-16,642
2024-07-16,642
2024-07-17,644
2024-07-17,642
2024-07-17,646
2024-07-18,645.5
2024-07-18,644
2024-07-18,647
2024-07-19,646.5
2024-07-19,646
2024-07-19,647
2024-07-20,646.5
2024-07-20,645
2024-07-20,648
2024-07-21,645
2024-07-21,643
2024-07-21,647
2024-07-22,644.5
2024-07-22,643
2024-07-22,646
2024-07-23,642
2024-07-23,640
2024-07-23,644
2024-07-24,640
2024-07-24,640
2024-07-24,640
2024-07-25,638.5
2024-07-25,638
2024-07-25,639
2024-07-26,637.75
2024-07-26,637
2024-07-26,638
2024-07-27,634.5
2024-07-27,631
2024-07-27,638
2024-07-28,634
2024-07-28,637
2024-07-28,631
2024-07-29,628.5
2024-07-29,628
2024-07-29,629
2024-07-30,625
2024-07-30,624
2024-07-30,626
2024-07-31,621.5
2024-07-31,621
2024-07-31,622
2024-08-01,618.5
2024-08-01,618
2024-08-01,619
2024-08-02,615
2024-08-02,614
2024-08-02,616
2024-08-03,611
2024-08-03,610
2024-08-03,612
2024-08-04,606
2024-08-04,606
2024-08-04,606
2024-08-05,602
2024-08-05,602
2024-08-05,602
2024-08-06,598.5
2024-08-06,598
2024-08-06,599
2024-08-07,593.5
2024-08-07,593
2024-08-07,594
2024-08-08,587
2024-08-08,586
2024-08-08,588
2024-08-09,582
2024-08-09,582
2024-08-09,582
2024-08-10,576
2024-08-10,576
2024-08-10,576
2024-08-11,570
2024-08-11,570
2024-08-11,570
2024-08-12,566
2024-08-12,566
2024-08-12,566
2024-08-13,559
2024-08-13,559
2024-08-13,559
2024-08-14,555
2024-08-14,555
2024-08-14,555
2024-08-15,550
2024-08-15,549
2024-08-15,551
2024-08-16,543.5
2024-08-16,543
2024-08-16,544
2024-08-17,538
2024-08-17,537
2024-08-17,539
2024-08-18,531
2024-08-18,530
2024-08-18,532
2024-08-19,525
2024-08-19,525
2024-08-19,525
2024-08-20,517.5
2024-08-20,517
2024-08-20,518
2024-08-21,510.5
2024-08-21,511
2024-08-21,510
2024-08-22,504
2024-08-22,504
2024-08-22,504
2024-08-23,498.5
2024-08-23,498
2024-08-23,499
2024-08-24,491
2024-08-24,491
2024-08-24,491
2024-08-25,487.5
2024-08-25,488
2024-08-25,487
2024-08-26,483.5
2024-08-26,484
2024-08-26,483
2024-08-27,480
2024-08-27,481
2024-08-27,479
2024-08-28,477
2024-08-28,477
2024-08-28,477
2024-08-29,475.5
2024-08-29,475
2024-08-29,476
2024-08-30,466.5
2024-08-30,467
2024-08-30,466
2024-08-31,458.5
2024-08-31,458
2024-08-31,459
2024-09-01,450.5
2024-09-01,450
2024-09-01,451
2024-09-02,443
2024-09-02,443
2024-09-02,443
2024-09-03,435
2024-09-03,435
2024-09-03,435
2024-09-04,427
2024-09-04,427
2024-09-04,427
2024-09-05,420.5
2024-09-05,421
2024-09-05,420
2024-09-06,413
2024-09-06,413
2024-09-06,413
2024-09-07,405.5
2024-09-07,405
2024-09-07,406
2024-09-08,397
2024-09-08,397
2024-09-08,397
2024-09-09,390
2024-09-09,390
2024-09-09,390
2024-09-10,383
2024-09-10,383
2024-09-10,383
2024-09-11,376.5
2024-09-11,378
2024-09-11,375
2024-09-12,368.5
2024-09-12,368
2024-09-12,369
2024-09-13,359
2024-09-13,359
2024-09-13,359
2024-09-14,351
2024-09-14,351
2024-09-14,351
2024-09-15,343
2024-09-15,343
2024-09-15,343
2024-09-16,335
2024-09-16,335
2024-09-16,335
2024-09-17,328.5
2024-09-17,329
2024-09-17,328
2024-09-18,320
2024-09-18,320
2024-09-18,320
2024-09-19,311
2024-09-19,311
2024-09-19,311
2024-09-20,302
2024-09-20,302
2024-09-20,302
2024-09-21,293
2024-09-21,293
2024-09-21,293
2024-09-22,289
2024-09-22,289
2024-09-22,289
2024-09-23,286.5
2024-09-23,287
2024-09-23,286
2024-09-24,282.5
2024-09-24,283
2024-09-24,282
2024-09-25,279.5
2024-09-25,280
2024-09-25,279
2024-09-26,277
2024-09-26,278
2024-09-26,276
2024-09-27,272.5
2024-09-27,273
2024-09-27,272
2024-09-28,270
2024-09-28,270
2024-09-28,270
2024-09-29,268
2024-09-29,268
2024-09-29,268
2024-09-30,264
2024-09-30,265
2024-09-30,263
2024-10-01,260.5
2024-10-01,261
2024-10-01,260
2024-10-02,260.5
2024-10-02,260
2024-10-02,261
2024-10-03,259.5
2024-10-03,260
2024-10-03,259
2024-10-04,259
2024-10-04,259
2024-10-04,259
2024-10-05,259
2024-10-05,259
2024-10-05,259
2024-10-06,259
2024-10-06,259
2024-10-06,259
2024-10-07,258
2024-10-07,258
2024-10-07,258
2024-10-08,256.5
2024-10-08,257
2024-10-08,256
2024-10-09,253.5
2024-10-09,254
2024-10-09,253
2024-10-10,249.5
2024-10-10,250
2024-10-10,249
2024-10-11,246.5
2024-10-11,247
2024-10-11,246
2024-10-12,243
2024-10-12,244
2024-10-12,242
2024-10-13,240
2024-10-13,240
2024-10-13,240
2024-10-14,236.5
2024-10-14,237
2024-10-14,236
2024-10-15,234.5
2024-10-15,235
2024-10-15,234
2024-10-16,231.5
2024-10-16,232
2024-10-16,231
2024-10-17,229.5
2024-10-17,230
2024-10-17,229
2024-10-18,227
2024-10-18,227
2024-10-18,227
2024-10-19,225
2024-10-19,225
2024-10-19,225
2024-10-20,223.5
2024-10-20,224
2024-10-20,223
2024-10-21,222
2024-10-21,222
2024-10-21,222
2024-10-22,225.5
2024-10-22,226
2024-10-22,225
2024-10-23,222.5
2024-10-23,223
2024-10-23,222
2024-10-24,221.5
2024-10-24,222
2024-10-24,221
2024-10-25,221
2024-10-25,221
2024-10-25,221
2024-10-26,221.5
2024-10-26,221
2024-10-26,222
2024-10-27,222.5
2024-10-27,222
2024-10-27,223
2024-10-28,223
2024-10-28,223
2024-10-28,223
2024-10-29,223
2024-10-29,223
2024-10-29,223
2024-10-30,223
2024-10-30,223
2024-10-30,223
2024-10-31,223.5
2024-10-31,223
2024-10-31,224
2024-11-01,224
2024-11-01,224
2024-11-01,224
2024-11-02,223
2024-11-02,223
2024-11-02,223
2024-11-03,224
2024-11-03,224
2024-11-03,224
2024-11-04,224.5
2024-11-04,224
2024-11-04,225
2024-11-05,225.5
2024-11-05,225
2024-11-05,226
2024-11-06,226
2024-11-06,226
2024-11-06,226
2024-11-07,227
2024-11-07,226
2024-11-07,228
2024-11-08,230
2024-11-08,229
2024-11-08,231
2024-11-09,235.5
2024-11-09,234
2024-11-09,237
2024-11-10,239.5
2024-11-10,239
2024-11-10,240
2024-11-11,243
2024-11-11,242
2024-11-11,244
2024-11-12,245
2024-11-12,245
2024-11-12,245
2024-11-13,246.5
2024-11-13,246
2024-11-13,247
2024-11-14,249.5
2024-11-14,249
2024-11-14,250
2024-11-15,254
2024-11-15,253
2024-11-15,255
2024-11-16,258
2024-11-16,257
2024-11-16,259
2024-11-17,262.5
2024-11-17,262
2024-11-17,263
2024-11-18,265.5
2024-11-18,265
2024-11-18,266
2024-11-19,267.5
2024-11-19,267
2024-11-19,268
2024-11-20,270
2024-11-20,269
2024-11-20,271
2024-11-21,273.5
2024-11-21,273
2024-11-21,274
2024-11-22,277
2024-11-22,276
2024-11-22,278
2024-11-23,282
2024-11-23,281
2024-11-23,283
2024-11-24,287
2024-11-24,286
2024-11-24,288
2024-11-25,293
2024-11-25,292
2024-11-25,294
2024-11-26,301
2024-11-26,298
2024-11-26,304
2024-11-27,309.5
2024-11-27,308
2024-11-27,311
2024-11-28,320
2024-11-28,317
2024-11-28,323
2024-11-29,334.5
2024-11-29,330
2024-11-29,339
2024-11-30,353.5
2024-11-30,349
2024-11-30,358
2024-12-01,373.5
2024-12-01,368
2024-12-01,379
2024-12-02,394
2024-12-02,389
2024-12-02,399
2024-12-03,416
2024-12-03,410
2024-12-03,422
2024-12-04,440
2024-12-04,435
2024-12-04,445
2024-12-05,472
2024-12-05,465
2024-12-05,479
2024-12-06,500
2024-12-06,493
2024-12-06,507
2024-12-07,515.5
2024-12-07,509
2024-12-07,522
2024-12-08,533
2024-12-08,527
2024-12-08,539
2024-12-09,554.5
2024-12-09,548
2024-12-09,561
2024-12-10,570
2024-12-10,567
2024-12-10,573
2024-12-11,532.5
2024-12-11,542
2024-12-11,523
2024-12-12,508.5
2024-12-12,499
2024-12-12,518
2024-12-13,537.5
2024-12-13,530
2024-12-13,545
2024-12-14,549.5
2024-12-14,542
2024-12-14,557
2024-12-15,585
2024-12-15,576
2024-12-15,594
2024-12-16,615
2024-12-16,609
2024-12-16,621
2024-12-17,594.5
2024-12-17,594
2024-12-17,595
2024-12-18,558.5
2024-12-18,557
2024-12-18,560
2024-12-19,524.5
2024-12-19,519
2024-12-19,530
2024-12-20,510.5
2024-12-20,501
2024-12-20,520
2024-12-21,500.5
2024-12-21,490
2024-12-21,511
2024-12-22,509.5
2024-12-22,499
2024-12-22,520
2024-12-23,519
2024-12-23,514
2024-12-23,524
2024-12-24,504.5
2024-12-24,494
2024-12-24,515
2024-12-25,502.5
2024-12-25,492
2024-12-25,513
2024-12-26,525
2024-12-26,514
2024-12-26,536
2024-12-27,519.5
2024-12-27,508
2024-12-27,531
2024-12-28,523
2024-12-28,511
2024-12-28,535
2024-12-29,524
2024-12-29,512
2024-12-29,536
2024-12-30,524
2024-12-30,516
2024-12-30,532
2024-12-31,519
2024-12-31,508
2024-12-31,530
2025-01-01,544.5
2025-01-01,532
2025-01-01,557
2025-01-02,569.5
2025-01-02,555
2025-01-02,584
2025-01-03,557.5
2025-01-03,552
2025-01-03,563
2025-01-04,538.5
2025-01-04,533
2025-01-04,544
2025-01-05,567.5
2025-01-05,553
2025-01-05,582
2025-01-06,605
2025-01-06,591
2025-01-06,619
2025-01-07,595
2025-01-07,599
2025-01-07,591
2025-01-08,577
2025-01-08,578
2025-01-08,576
2025-01-09,566
2025-01-09,564
2025-01-09,568
2025-01-10,564
2025-01-10,561
2025-01-10,567
2025-01-11,559
2025-01-11,551
2025-01-11,567
2025-01-12,609.5
2025-01-12,591
2025-01-12,628
2025-01-13,646.5
2025-01-13,648
2025-01-13,645
2025-01-14,623
2025-01-14,625
2025-01-14,621
2025-01-15,606.5
2025-01-15,608
2025-01-15,605
2025-01-16,586
2025-01-16,591
2025-01-16,581
2025-01-17,576
2025-01-17,576
2025-01-17,576
2025-01-18,591.5
2025-01-18,584
2025-01-18,599
2025-01-19,637
2025-01-19,618
2025-01-19,656
2025-01-20,664.5
2025-01-20,669
2025-01-20,660
2025-01-21,643
2025-01-21,645
2025-01-21,641
2025-01-22,643
2025-01-22,644
2025-01-22,642
2025-01-23,660
2025-01-23,653
2025-01-23,667
2025-01-24,683
2025-01-24,681
2025-01-24,685
2025-01-25,679
2025-01-25,687
2025-01-25,671
2025-01-26,673.5
2025-01-26,667
2025-01-26,680
2025-01-27,693.5
2025-01-27,693
2025-01-27,694
2025-01-28,683
2025-01-28,686
2025-01-28,680
2025-01-29,671
2025-01-29,673
2025-01-29,669
2025-01-30,658.5
2025-01-30,662
2025-01-30,655
2025-01-31,644.5
2025-01-31,648
2025-01-31,641
2025-02-01,643
2025-02-01,642
2025-02-01,644
2025-02-02,678.5
2025-02-02,667
2025-02-02,690
2025-02-03,717.5
2025-02-03,716
2025-02-03,719
2025-02-04,713
2025-02-04,714
2025-02-04,712
2025-02-05,703
2025-02-05,706
2025-02-05,700
2025-02-06,691
2025-02-06,691
2025-02-06,691
2025-02-07,696.5
2025-02-07,695
2025-02-07,698
2025-02-08,708.5
2025-02-08,705
2025-02-08,712
2025-02-09,731
2025-02-09,728
2025-02-09,734
2025-02-10,746
2025-02-10,747
2025-02-10,745
2025-02-11,748.5
2025-02-11,745
2025-02-11,752
2025-02-12,749
2025-02-12,749
2025-02-12,749
2025-02-13,743.5
2025-02-13,745
2025-02-13,742
2025-02-14,729.5
2025-02-14,733
2025-02-14,726
2025-02-15,716.5
2025-02-15,716
2025-02-15,717
2025-02-16,745
2025-02-16,740
2025-02-16,750
2025-02-17,768.5
2025-02-17,768
2025-02-17,769
2025-02-18,761.5
2025-02-18,764
2025-02-18,759
2025-02-19,750
2025-02-19,753
2025-02-19,747
2025-02-20,740
2025-02-20,742
2025-02-20,738
2025-02-21,734
2025-02-21,735
2025-02-21,733
2025-02-22,736.5
2025-02-22,734
2025-02-22,739
2025-02-23,752
2025-02-23,747
2025-02-23,757
2025-02-24,780
2025-02-24,779
2025-02-24,781
2025-02-25,770.5
2025-02-25,772
2025-02-25,769
2025-02-26,758.5
2025-02-26,761
2025-02-26,756
2025-02-27,749
2025-02-27,751
2025-02-27,747
2025-02-28,732.5
2025-02-28,736
2025-02-28,729
2025-03-01,717.5
2025-03-01,719
2025-03-01,716
2025-03-02,718.5
2025-03-02,717
2025-03-02,720
2025-03-03,725
2025-03-03,722
2025-03-03,728
2025-03-04,748.5
2025-03-04,735
2025-03-04,762
2025-03-05,788
2025-03-05,783
2025-03-05,793
2025-03-06,800
2025-03-06,799
2025-03-06,801
2025-03-07,796
2025-03-07,798
2025-03-07,794
2025-03-08,785.5
2025-03-08,787
2025-03-08,784
2025-03-09,789.5
2025-03-09,788
2025-03-09,791
2025-03-10,797.5
2025-03-10,800
2025-03-10,795
2025-03-11,785.5
2025-03-11,787
2025-03-11,784
2025-03-12,784
2025-03-12,784
2025-03-12,784
2025-03-13,788.5
2025-03-13,788
2025-03-13,789
2025-03-14,788
2025-03-14,789
2025-03-14,787
2025-03-15,778
2025-03-15,780
2025-03-15,776
2025-03-16,773.5
2025-03-16,773
2025-03-16,774
2025-03-17,778
2025-03-17,779
2025-03-17,777
2025-03-18,775
2025-03-18,775
2025-03-18,775
2025-03-19,776
2025-03-19,776
2025-03-19,776
2025-03-20,777
2025-03-20,778
2025-03-20,776
2025-03-21,774
2025-03-21,775
2025-03-21,773
2025-03-22,765.5
2025-03-22,767
2025-03-22,764
2025-03-23,765.5
2025-03-23,764
2025-03-23,767
2025-03-24,769
2025-03-24,770
2025-03-24,768
2025-03-25,759
2025-03-25,762
2025-03-25,756
2025-03-26,749.5
2025-03-26,751
2025-03-26,748
2025-03-27,744.5
2025-03-27,746
2025-03-27,743
2025-03-28,741.5
2025-03-28,741
2025-03-28,742
2025-03-29,742.5
2025-03-29,743
2025-03-29,742
2025-03-30,747.5
2025-03-30,746
2025-03-30,749
2025-03-31,766
2025-03-31,763
2025-03-31,769
2025-04-01,768.5
2025-04-01,769
2025-04-01,768
2025-04-02,766.5
2025-04-02,767
2025-04-02,766
2025-04-03,758.5
2025-04-03,760
2025-04-03,757
2025-04-04,753
2025-04-04,752
2025-04-04,754
2025-04-05,749
2025-04-05,749
2025-04-05,749
2025-04-06,756
2025-04-06,754
2025-04-06,758
2025-04-07,776.5
2025-04-07,773
2025-04-07,780
2025-04-08,780.5
2025-04-08,781
2025-04-08,780
2025-04-09,777
2025-04-09,777
2025-04-09,777
2025-04-10,765.5
2025-04-10,770
2025-04-10,761
2025-04-11,743
2025-04-11,749
2025-04-11,737
2025-04-12,728.5
2025-04-12,730
2025-04-12,727
2025-04-13,726
2025-04-13,726
2025-04-13,726
2025-04-14,735
2025-04-14,734
2025-04-14,736
2025-04-15,735.5
2025-04-15,737
2025-04-15,734
2025-04-16,725.5
2025-04-16,728
2025-04-16,723
2025-04-17,716
2025-04-17,718
2025-04-17,714
2025-04-18,713.5
2025-04-18,710
2025-04-18,717
2025-04-19,714.5
2025-04-19,714
2025-04-19,715
2025-04-20,722.5
2025-04-20,719
2025-04-20,726
2025-04-21,728
2025-04-21,730
2025-04-21,726
2025-04-22,727.5
2025-04-22,726
2025-04-22,729
2025-04-23,730
2025-04-23,730
2025-04-23,730
2025-04-24,729
2025-04-24,728
2025-04-24,730
2025-04-25,726
2025-04-25,727
2025-04-25,725
2025-04-26,718
2025-04-26,718
2025-04-26,718
2025-04-27,726.5
2025-04-27,723
2025-04-27,730
2025-04-28,743
2025-04-28,743
2025-04-28,743
2025-04-29,728
2025-04-29,733
2025-04-29,723
2025-04-30,704.5
2025-04-30,710
2025-04-30,699
2025-05-01,680
2025-05-01,682
2025-05-01,678
2025-05-02,671.5
2025-05-02,672
2025-05-02,671
2025-05-03,666
2025-05-03,668
2025-05-03,664
2025-05-04,656.5
2025-05-04,657
2025-05-04,656
2025-05-05,654.5
2025-05-05,654
2025-05-05,655
2025-05-06,643
2025-05-06,646
2025-05-06,640
2025-05-07,628.5
2025-05-07,630
2025-05-07,627
2025-05-08,620
2025-05-08,620
2025-05-08,620
2025-05-09,624.5
2025-05-09,619
2025-05-09,630
2025-05-10,635
2025-05-10,631
2025-05-10,639
2025-05-11,667.5
2025-05-11,650
2025-05-11,685
2025-05-12,688.5
2025-05-12,692
2025-05-12,685
2025-05-13,682.5
2025-05-13,685
2025-05-13,680
2025-05-14,666
2025-05-14,668
2025-05-14,664
2025-05-15,648
2025-05-15,651
2025-05-15,645
2025-05-16,625.5
2025-05-16,629
2025-05-16,622
2025-05-17,610
2025-05-17,606
2025-05-17,614
2025-05-18,624
2025-05-18,614
2025-05-18,634
2025-05-19,658
2025-05-19,651
2025-05-19,665
2025-05-20,646.5
2025-05-20,646
2025-05-20,647
2025-05-21,616
2025-05-21,618
2025-05-21,614
2025-05-22,607.5
2025-05-22,602
2025-05-22,613
2025-05-23,608
2025-05-23,601
2025-05-23,615
2025-05-24,613.5
2025-05-24,604
2025-05-24,623
2025-05-25,629
2025-05-25,618
2025-05-25,640
2025-05-26,643
2025-05-26,635
2025-05-26,651
2025-05-27,620.5
2025-05-27,619
2025-05-27,622
2025-05-28,613
2025-05-28,608
2025-05-28,618
2025-05-29,604
2025-05-29,599
2025-05-29,609
2025-05-30,592.5
2025-05-30,589
2025-05-30,596
2025-05-31,592.5
2025-05-31,589
2025-05-31,596
2025-06-01,616
2025-06-01,613
2025-06-01,619
2025-06-02,624
2025-06-02,619
2025-06-02,629
2025-06-03,628
2025-06-03,620
2025-06-03,636
2025-06-04,633.5
2025-06-04,627
2025-06-04,640
2025-06-05,633.5
2025-06-05,627
2025-06-05,640
2025-06-06,632.5
2025-06-06,627
2025-06-06,638
2025-06-07,615
2025-06-07,605
2025-06-07,625
2025-06-08,622
2025-06-08,605
2025-06-08,639
2025-06-09,634
2025-06-09,627
2025-06-09,641
2025-06-10,606.5
2025-06-10,603
2025-06-10,610
2025-06-11,590
2025-06-11,581
2025-06-11,599
2025-06-12,584.5
2025-06-12,578
2025-06-12,591
2025-06-13,582
2025-06-13,577
2025-06-13,587
2025-06-14,593.5
2025-06-14,586
2025-06-14,601
2025-06-15,607
2025-06-15,599
2025-06-15,615
2025-06-16,629.5
2025-06-16,625
2025-06-16,634
2025-06-17,634.5
2025-06-17,629
2025-06-17,640
2025-06-18,634
2025-06-18,628
2025-06-18,640
2025-06-19,639
2025-06-19,633
2025-06-19,645
2025-06-20,646
2025-06-20,640
2025-06-20,652
2025-06-21,654
2025-06-21,649
2025-06-21,659
2025-06-22,658
2025-06-22,653
2025-06-22,663
2025-06-23,662.5
2025-06-23,660
2025-06-23,665
2025-06-24,657.5
2025-06-24,655
2025-06-24,660
2025-06-25,656.5
2025-06-25,653
2025-06-25,660
2025-06-26,657
2025-06-26,653
2025-06-26,661
2025-06-27,654
2025-06-27,651
2025-06-27,657
2025-06-28,652.5
2025-06-28,649
2025-06-28,656
2025-06-29,653
2025-06-29,650
2025-06-29,656
2025-06-30,660
2025-06-30,657
2025-06-30,663
2025-07-01,658
2025-07-01,654
2025-07-01,662
2025-07-02,655.5
2025-07-02,654
2025-07-02,657
2025-07-03,653.5
2025-07-03,651
2025-07-03,656
2025-07-04,655.5
2025-07-04,651
2025-07-04,660
2025-07-05,661
2025-07-05,657
2025-07-05,665
2025-07-06,663
2025-07-06,660
2025-07-06,666
2025-07-07,667.5
2025-07-07,665
2025-07-07,670
2025-07-08,661.5
2025-07-08,658
2025-07-08,665
2025-07-09,662
2025-07-09,659
2025-07-09,665
2025-07-10,662
2025-07-10,658
2025-07-10,666
2025-07-11,664
2025-07-11,660
2025-07-11,668
2025-07-12,663
2025-07-12,660
2025-07-12,666
2025-07-13,663
2025-07-13,660
2025-07-13,666
2025-07-14,662.5
2025-07-14,660
2025-07-14,665
2025-07-15,660
2025-07-15,657
2025-07-15,663
2025-07-16,659.5
2025-07-16,657
2025-07-16,662
2025-07-17,659
2025-07-17,656
2025-07-17,662
2025-07-18,662.5
2025-07-18,660
2025-07-18,665
2025-07-19,660.5
2025-07-19,658
2025-07-19,663
2025-07-20,661.5
2025-07-20,660
2025-07-20,663
2025-07-21,661.5
2025-07-21,659
2025-07-21,664
2025-07-22,658.5
2025-07-22,656
2025-07-22,661
2025-07-23,655
2025-07-23,653
2025-07-23,657
2025-07-24,656
2025-07-24,653
2025-07-24,659
2025-07-25,656
2025-07-25,653
2025-07-25,659
2025-07-26,656
2025-07-26,653
2025-07-26,659
2025-07-27,655
2025-07-27,653
2025-07-27,657
2025-07-28,654.5
2025-07-28,652
2025-07-28,657
2025-07-29,650.5
2025-07-29,649
2025-07-29,652
2025-07-30,647.5
2025-07-30,645
2025-07-30,650
2025-07-31,651.5
2025-07-31,650
2025-07-31,653
2025-08-01,655.5
2025-08-01,653
2025-08-01,658
2025-08-02,658.5
2025-08-02,657
2025-08-02,660
2025-08-03,661.5
2025-08-03,660
2025-08-03,663
2025-08-04,665.5
2025-08-04,664
2025-08-04,667
2025-08-05,666.5
2025-08-05,665
2025-08-05,668
2025-08-06,666.5
2025-08-06,665
2025-08-06,668
2025-08-07,666.5
2025-08-07,665
2025-08-07,668
2025-08-08,667.5
2025-08-08,666
2025-08-08,669
2025-08-09,665
2025-08-09,664
2025-08-09,666
2025-08-10,663.5
2025-08-10,663
2025-08-10,664
2025-08-11,662
2025-08-11,660
2025-08-11,664
2025-08-12,662
2025-08-12,660
2025-08-12,664
2025-08-13,662.5
2025-08-13,661
2025-08-13,664
2025-08-14,661.5
2025-08-14,660
2025-08-14,663
2025-08-15,662
2025-08-15,660
2025-08-15,664
2025-08-16,662
2025-08-16,661
2025-08-16,663
2025-08-17,663.5
2025-08-17,662
2025-08-17,665
2025-08-18,664
2025-08-18,663
2025-08-18,665
2025-08-19,664
2025-08-19,663
2025-08-19,665
2025-08-20,664.5
2025-08-20,663
2025-08-20,666
2025-08-21,663.5
2025-08-21,662
2025-08-21,665
2025-08-22,661
2025-08-22,660
2025-08-22,662
2025-08-23,661.5
2025-08-23,660
2025-08-23,663
2025-08-24,659.5
2025-08-24,659
2025-08-24,660
2025-08-25,658
2025-08-25,657
2025-08-25,659
2025-08-26,658
2025-08-26,657
2025-08-26,659
2025-08-27,653.5
2025-08-27,654
2025-08-27,653
2025-08-28,653.5
2025-08-28,653
2025-08-28,654
2025-08-29,650.5
2025-08-29,649
2025-08-29,652
2025-08-30,646
2025-08-30,646
2025-08-30,646
2025-08-31,644.5
2025-08-31,645
2025-08-31,644
2025-09-01,644.5
2025-09-01,645
2025-09-01,644
2025-09-02,640
2025-09-02,639
2025-09-02,641
2025-09-03,637.5
2025-09-03,636
2025-09-03,639
2025-09-04,634.5
2025-09-04,634
2025-09-04,635
2025-09-05,633
2025-09-05,634
2025-09-05,632
2025-09-06,629.5
2025-09-06,630
2025-09-06,629
2025-09-07,623
2025-09-07,622
2025-09-07,624
2025-09-08,619
2025-09-08,619
2025-09-08,619
2025-09-09,614.5
2025-09-09,614
2025-09-09,615
2025-09-10,609
2025-09-10,609
2025-09-10,609
2025-09-11,605.5
2025-09-11,605
2025-09-11,606
2025-09-12,602
2025-09-12,601
2025-09-12,603
2025-09-13,598
2025-09-13,599
2025-09-13,597
2025-09-14,594
2025-09-14,595
2025-09-14,593
2025-09-15,585
2025-09-15,583
2025-09-15,587
2025-09-16,576.5
2025-09-16,580
2025-09-16,573
2025-09-17,572
2025-09-17,568
2025-09-17,576
2025-09-18,570
2025-09-18,570
2025-09-18,570
2025-09-19,562
2025-09-19,560
2025-09-19,564
2025-09-20,557.5
2025-09-20,557
2025-09-20,558
2025-09-21,551.5
2025-09-21,551
2025-09-21,552
2025-09-22,545
2025-09-22,545
2025-09-22,545
2025-09-23,539.5
2025-09-23,539
2025-09-23,540
2025-09-24,532
2025-09-24,532
2025-09-24,532
2025-09-25,526.5
2025-09-25,526
2025-09-25,527
2025-09-26,519.5
2025-09-26,520
2025-09-26,519
2025-09-27,512.5
2025-09-27,512
2025-09-27,513
2025-09-28,507.5
2025-09-28,507
2025-09-28,508
2025-09-29,500.5
2025-09-29,500
2025-09-29,501
2025-09-30,495
2025-09-30,494
2025-09-30,496
2025-10-01,491
2025-10-01,490
2025-10-01,492
2025-10-02,486.5
2025-10-02,486
2025-10-02,487
2025-10-03,480.5
2025-10-03,480
2025-10-03,481
2025-10-04,476.5
2025-10-04,476
2025-10-04,477
2025-10-05,471.5
2025-10-05,470
2025-10-05,473
2025-10-06,465.5
2025-10-06,465
2025-10-06,466
2025-10-07,462
2025-10-07,461
2025-10-07,463
2025-10-08,455.5
2025-10-08,455
2025-10-08,456
2025-10-09,450
2025-10-09,451
2025-10-09,449
2025-10-10,447.5
2025-10-10,447
2025-10-10,448
2025-10-11,440
2025-10-11,440
2025-10-11,440
2025-10-12,435
2025-10-12,435
2025-10-12,435
2025-10-13,430
2025-10-13,430
2025-10-13,430
2025-10-14,424.5
2025-10-14,425
2025-10-14,424
2025-10-15,419
2025-10-15,419
2025-10-15,419
2025-10-16,413
2025-10-16,413
2025-10-16,413
2025-10-17,408.5
2025-10-17,409
2025-10-17,408
2025-10-18,403.5
2025-10-18,403
2025-10-18,404
2025-10-19,397.5
2025-10-19,397
2025-10-19,398
2025-10-20,393.5
2025-10-20,393
2025-10-20,394
2025-10-21,389
2025-10-21,389
2025-10-21,389
2025-10-22,387.5
2025-10-22,387
2025-10-22,388
2025-10-23,382.5
2025-10-23,381
2025-10-23,384
2025-10-24,378.5
2025-10-24,378
2025-10-24,379
2025-10-25,374.5
2025-10-25,374
2025-10-25,375
2025-10-26,370
2025-10-26,370
2025-10-26,370
2025-10-27,368.5
2025-10-27,368
2025-10-27,369
2025-10-28,362.5
2025-10-28,362
2025-10-28,363
2025-10-29,360
2025-10-29,360
2025-10-29,360
2025-10-30,357.5
2025-10-30,357
2025-10-30,358
2025-10-31,354
2025-10-31,353
2025-10-31,355
2025-11-01,352
2025-11-01,352
2025-11-01,352
2025-11-02,350
2025-11-02,349
2025-11-02,351
2025-11-03,347.5
2025-11-03,346
2025-11-03,349
2025-11-04,347
2025-11-04,346
2025-11-04,348
2025-11-05,347
2025-11-05,346
2025-11-05,348
2025-11-06,347
2025-11-06,344
2025-11-06,350
2025-11-07,348.5
2025-11-07,348
2025-11-07,349
2025-11-08,349
2025-11-08,348
2025-11-08,350
2025-11-09,350.5
2025-11-09,349
2025-11-09,352
2025-11-10,353
2025-11-10,352
2025-11-10,354
2025-11-11,355.5
2025-11-11,354
2025-11-11,357
2025-11-12,357.5
2025-11-12,355
2025-11-12,360
2025-11-13,359
2025-11-13,358
2025-11-13,360
2025-11-14,358.5
2025-11-14,357
2025-11-14,360
2025-11-15,356.5
2025-11-15,355
2025-11-15,358
2025-11-16,355
2025-11-16,353
2025-11-16,357
2025-11-17,354
2025-11-17,353
2025-11-17,355
2025-11-18,351
2025-11-18,351
2025-11-18,351
2025-11-19,351
2025-11-19,351
2025-11-19,351
2025-11-20,350
2025-11-20,350
2025-11-20,350
2025-11-21,353
2025-11-21,351
2025-11-21,355
2025-11-22,354
2025-11-22,352
2025-11-22,356
2025-11-23,358.5
2025-11-23,357
2025-11-23,360
2025-11-24,360.5
2025-11-24,359
2025-11-24,362
2025-11-25,366
2025-11-25,364
2025-11-25,368
2025-11-26,369.5
2025-11-26,368
2025-11-26,371
2025-11-27,371
2025-11-27,371
2025-11-27,371
2025-11-28,377
2025-11-28,374
2025-11-28,380
2025-11-29,383
2025-11-29,379
2025-11-29,387
2025-11-30,388.5
2025-11-30,386
2025-11-30,391
2025-12-01,395
2025-12-01,393
2025-12-01,397
2025-12-02,400.5
2025-12-02,399
2025-12-02,402
2025-12-03,406
2025-12-03,404
2025-12-03,408
2025-12-04,411
2025-12-04,409
2025-12-04,413
2025-12-05,419
2025-12-05,417
2025-12-05,421
2025-12-06,427
2025-12-06,424
2025-12-06,430
2025-12-07,437
2025-12-07,434
2025-12-07,440
2025-12-08,450
2025-12-08,447
2025-12-08,453
2025-12-09,464.5
2025-12-09,460
2025-12-09,469
2025-12-10,479
2025-12-10,475
2025-12-10,483
2025-12-11,498
2025-12-11,495
2025-12-11,501
2025-12-12,514
2025-12-12,510
2025-12-12,518
2025-12-13,510.5
2025-12-13,503
2025-12-13,518
2025-12-14,509.5
2025-12-14,503
2025-12-14,516
2025-12-15,514.5
2025-12-15,509
2025-12-15,520
2025-12-16,510
2025-12-16,503
2025-12-16,517
2025-12-17,500
2025-12-17,497
2025-12-17,503
2025-12-18,514.5
2025-12-18,507
2025-12-18,522
2025-12-19,520.5
2025-12-19,514
2025-12-19,527
2025-12-20,502
2025-12-20,492
2025-12-20,512
2025-12-21,492.5
2025-12-21,483
2025-12-21,502
2025-12-22,499.5
2025-12-22,488
2025-12-22,511
2025-12-23,495
2025-12-23,486
2025-12-23,504
2025-12-24,489
2025-12-24,480
2025-12-24,498
2025-12-25,500.5
2025-12-25,489
2025-12-25,512
2025-12-26,504.5
2025-12-26,494
2025-12-26,515
2025-12-27,512.5
2025-12-27,502
2025-12-27,523
2025-12-28,507
2025-12-28,494
2025-12-28,520
2025-12-29,515
2025-12-29,504
2025-12-29,526
2025-12-30,517.5
2025-12-30,506
2025-12-30,529
2025-12-31,514
2025-12-31,509
2025-12-31,519
2026-01-01,489.5
2026-01-01,480
2026-01-01,499
2026-01-02,510.5
2026-01-02,499
2026-01-02,522
2026-01-03,525
2026-01-03,520
2026-01-03,530
2026-01-04,542
2026-01-04,527
2026-01-04,557
2026-01-05,554
2026-01-05,544
2026-01-05,564
2026-01-06,551
2026-01-06,535
2026-01-06,567
2026-01-07,566.5
2026-01-07,553
2026-01-07,580
2026-01-08,587.5
2026-01-08,577
2026-01-08,598
2026-01-09,594
2026-01-09,584
2026-01-09,604
2026-01-10,592.5
2026-01-10,584
2026-01-10,601
2026-01-11,607.5
2026-01-11,597
2026-01-11,618
2026-01-12,634
2026-01-12,625
2026-01-12,643
2026-01-13,618
2026-01-13,613
2026-01-13,623
2026-01-14,600
2026-01-14,593
2026-01-14,607
2026-01-15,585.5
2026-01-15,581
2026-01-15,590
2026-01-16,577
2026-01-16,572
2026-01-16,582
2026-01-17,578
2026-01-17,569
2026-01-17,587
2026-01-18,605.5
2026-01-18,595
2026-01-18,616
2026-01-19,610
2026-01-19,616
2026-01-19,604
2026-01-20,565.5
2026-01-20,568
2026-01-20,563
2026-01-21,557.5
2026-01-21,550
2026-01-21,565
2026-01-22,569
2026-01-22,559
2026-01-22,579
2026-01-23,572
2026-01-23,566
2026-01-23,578
2026-01-24,593.5
2026-01-24,577
2026-01-24,610
2026-01-25,618.5
2026-01-25,612
2026-01-25,625
2026-01-26,646.5
2026-01-26,638
2026-01-26,655
2026-01-27,645
2026-01-27,643
2026-01-27,647
2026-01-28,615
2026-01-28,621
2026-01-28,609
2026-01-29,581.5
2026-01-29,585
2026-01-29,578
2026-01-30,566
2026-01-30,561
2026-01-30,571
2026-01-31,573.5
2026-01-31,564
2026-01-31,583
2026-02-01,603.5
2026-02-01,593
2026-02-01,614
2026-02-02,635
2026-02-02,631
2026-02-02,639
2026-02-03,621.5
2026-02-03,630
2026-02-03,613
2026-02-04,579
2026-02-04,586
2026-02-04,572
2026-02-05,561.5
2026-02-05,553
2026-02-05,570
2026-02-06,569
2026-02-06,568
2026-02-06,570
2026-02-07,565
2026-02-07,560
2026-02-07,570
2026-02-08,565
2026-02-08,567
2026-02-08,563
2026-02-09,579
2026-02-09,577
2026-02-09,581
2026-02-10,573
2026-02-10,573
2026-02-10,573
2026-02-11,574.5
2026-02-11,567
2026-02-11,582
2026-02-12,569.5
2026-02-12,571
2026-02-12,568
2026-02-13,569
2026-02-13,564
2026-02-13,574
2026-02-14,578
2026-02-14,574
2026-02-14,582
2026-02-15,596.5
2026-02-15,592
2026-02-15,601
2026-02-16,614
2026-02-16,610
2026-02-16,618
2026-02-17,642
2026-02-17,630
2026-02-17,654
2026-02-18,664.5
2026-02-18,662
2026-02-18,667
2026-02-19,649.5
2026-02-19,654
2026-02-19,645
2026-02-20,624
2026-02-20,630
2026-02-20,618
2026-02-21,598.5
2026-02-21,601
2026-02-21,596
2026-02-22,606
2026-02-22,596
2026-02-22,616
2026-02-23,620
2026-02-23,617
2026-02-23,623
2026-02-24,608.5
2026-02-24,613
2026-02-24,604
2026-02-25,596
2026-02-25,595
2026-02-25,597
2026-02-26,597
2026-02-26,594
2026-02-26,600
2026-02-27,604
2026-02-27,603
2026-02-27,605
2026-02-28,617
2026-02-28,613
2026-02-28,621
2026-03-01,636.99
2026-03-02,656.68
2026-03-03,661.09
2026-03-04,657.81
2026-03-05,661.18
2026-03-06,662.99
2026-03-07,665.2
2026-03-08,678.96
2026-03-09,702.05
2026-03-10,701.21
2026-03-11,696.31
2026-03-12,694.11
2026-03-13,699.88
2026-03-14,703.59
2026-03-15,716.59
2026-03-16,735.39
2026-03-17,740.03
2026-03-18,738.07
2026-03-19,736.81
2026-03-20,739.11
2026-03-21,740.62
2026-03-22,748.89
2026-03-23,767.89
2026-03-24,773.76
2026-03-25,762.59
2026-03-26,752.02
2026-03-27,746.8
2026-03-28,743.98
2026-03-29,749.22
2026-04-14,698.73
2026-04-15,689.42
2026-04-16,678.63
2026-04-17,661.0
2026-04-18,673.0
2026-04-19,686.5
2026-04-20,688.0
2026-04-21,688.5
2026-04-22,686.0
2026-04-23,675.5
2026-04-24,666.0
2026-04-25,665.5
2026-04-26,681.0
2026-04-27,690.5
2026-04-28,684.0
2026-06-28,641.49
2026-06-29,658.23
2026-06-30,648.6
2026-07-01,636.91
2026-07-02,634.02
2026-07-03,624.92
2026-07-04,622.34
2026-07-05,631.74
2026-07-06,640.49
2026-07-07,637.07
2026-07-08,631.66
2026-07-09,628.17
2026-07-10,637.33
2026-07-11,639.96
2026-07-12,648.0
2026-07-13,649.23
2026-07-14,617.2
2026-07-15,616.64
2026-07-16,624.89
2026-07-17,624.49
2026-07-18,629.12
2026-07-19,634.01
2026-07-20,643.03
2026-07-21,648.52
2026-07-22,648.15
2026-07-23,645.08
2026-07-24,639.1
2026-07-25,636.27
2026-07-26,642.88
2026-07-27,648.38
2026-07-28,648.92
2026-07-29,650.11
2026-07-30,650.47
2026-07-31,651.25
2026-08-01,651.25
2026-08-02,653.65
2026-08-03,657.4
2026-08-04,657.73
2026-08-05,656.52
2026-08-06,653.57
2026-08-07,651.11
2026-08-08,645.59
2026-08-09,645.74
2026-08-10,647.88
2026-08-11,649.84
2026-08-12,652.34
2026-08-13,655.02
2026-08-14,657.02
2026-08-15,658.18
2026-08-16,659.88
2026-08-17,661.68
2026-08-18,662.58
2026-08-19,663.29
2026-08-20,663.75
2026-08-21,664.08
2026-08-22,664.0
2026-08-23,663.14
2026-08-24,663.17
2026-08-25,662.76
2026-08-26,662.27
2026-08-27,660.72
2026-08-28,659.66
2026-08-29,657.9
2026-08-30,655.99
2026-08-31,654.93
2026-09-01,653.45
2026-09-02,652.26
2026-09-03,650.22
2026-09-04,648.81
2026-09-05,646.61
2026-09-06,644.86
2026-09-07,643.74
2026-09-08,642.2
2026-09-09,641.08
2026-09-10,640.16
2026-09-11,639.34
2026-09-12,638.19
2026-09-13,636.91
2026-09-14,635.42
2026-09-15,634.49
2026-09-16,633.41
2026-09-17,632.01
2026-09-18,630.89
2026-09-19,629.73
2026-09-20,627.35
2026-09-21,626.1
2026-09-22,624.75
2026-09-23,623.58
2026-09-24,622.24
2026-09-25,620.68
2026-09-26,618.81
2026-09-27,617.14
2026-09-28,615.92
