Data,Cota
2005-01-01,295.5
2005-01-01,296
2005-01-01,295
2005-01-01,296
2005-01-02,300.5
2005-01-02,300
2005-01-02,300
2005-01-02,301
2005-01-03,304
2005-01-03,304
2005-01-03,304
2005-01-03,304
2005-01-04,306
2005-01-04,306
2005-01-04,306
2005-01-04,306
2005-01-05,309
2005-01-05,309
2005-01-05,309
2005-01-05,309
2005-01-06,313
2005-01-06,313
2005-01-06,313
2005-01-06,313
2005-01-07,317
2005-01-07,317
2005-01-07,317
2005-01-07,317
2005-01-08,321.5
2005-01-08,322
2005-01-08,321
2005-01-08,322
2005-01-09,327
2005-01-09,327
2005-01-09,326
2005-01-09,328
2005-01-10,330.5
2005-01-10,330
2005-01-10,330
2005-01-10,331
2005-01-11,335
2005-01-11,335
2005-01-11,334
2005-01-11,336
2005-01-12,340
2005-01-12,340
2005-01-12,339
2005-01-12,341
2005-01-13,344.5
2005-01-13,344
2005-01-13,344
2005-01-13,345
2005-01-14,347.5
2005-01-14,348
2005-01-14,347
2005-01-14,348
2005-01-15,350
2005-01-15,350
2005-01-15,350
2005-01-15,350
2005-01-16,353.5
2005-01-16,354
2005-01-16,354
2005-01-16,353
2005-01-17,354
2005-01-17,354
2005-01-17,354
2005-01-17,354
2005-01-18,361
2005-01-18,361
2005-01-18,361
2005-01-18,361
2005-01-19,359
2005-01-19,359
2005-01-19,359
2005-01-19,359
2005-01-20,358.5
2005-01-20,358
2005-01-20,359
2005-01-20,358
2005-01-21,360
2005-01-21,360
2005-01-21,360
2005-01-21,360
2005-01-22,360
2005-01-22,360
2005-01-22,360
2005-01-22,360
2005-01-23,360
2005-01-23,360
2005-01-23,360
2005-01-23,360
2005-01-24,361
2005-01-24,361
2005-01-24,361
2005-01-24,361
2005-01-25,362
2005-01-25,362
2005-01-25,362
2005-01-25,362
2005-01-26,364
2005-01-26,364
2005-01-26,364
2005-01-26,364
2005-01-27,368.5
2005-01-27,368
2005-01-27,368
2005-01-27,369
2005-01-28,370
2005-01-28,370
2005-01-28,370
2005-01-28,370
2005-01-29,374
2005-01-29,374
2005-01-29,374
2005-01-29,374
2005-01-30,377.5
2005-01-30,378
2005-01-30,377
2005-01-30,378
2005-01-31,383
2005-01-31,383
2005-01-31,382
2005-01-31,384
2005-02-01,387
2005-02-01,387
2005-02-01,386
2005-02-01,388
2005-02-02,389.5
2005-02-02,390
2005-02-02,389
2005-02-02,390
2005-02-03,396.5
2005-02-03,396
2005-02-03,394
2005-02-03,399
2005-02-04,400
2005-02-04,400
2005-02-04,400
2005-02-04,400
2005-02-05,401
2005-02-05,401
2005-02-05,401
2005-02-05,401
2005-02-06,403
2005-02-06,403
2005-02-06,403
2005-02-06,403
2005-02-07,404
2005-02-07,404
2005-02-07,404
2005-02-07,404
2005-02-08,407
2005-02-08,407
2005-02-08,407
2005-02-08,407
2005-02-09,411
2005-02-09,411
2005-02-09,410
2005-02-09,412
2005-02-10,414.5
2005-02-10,414
2005-02-10,414
2005-02-10,415
2005-02-11,418.5
2005-02-11,418
2005-02-11,418
2005-02-11,419
2005-02-12,422.5
2005-02-12,422
2005-02-12,422
2005-02-12,423
2005-02-13,428
2005-02-13,428
2005-02-13,428
2005-02-13,428
2005-02-14,433.5
2005-02-14,434
2005-02-14,433
2005-02-14,434
2005-02-15,436
2005-02-15,436
2005-02-15,436
2005-02-15,436
2005-02-16,437.5
2005-02-16,438
2005-02-16,437
2005-02-16,438
2005-02-17,441
2005-02-17,441
2005-02-17,440
2005-02-17,442
2005-02-18,440.5
2005-02-18,440
2005-02-18,441
2005-02-18,440
2005-02-19,441
2005-02-19,441
2005-02-19,441
2005-02-19,441
2005-02-20,441
2005-02-20,441
2005-02-20,441
2005-02-20,441
2005-02-21,444
2005-02-21,444
2005-02-21,443
2005-02-21,445
2005-02-22,454
2005-02-22,454
2005-02-22,454
2005-02-22,454
2005-02-23,454.5
2005-02-23,454
2005-02-23,454
2005-02-23,455
2005-02-24,460
2005-02-24,460
2005-02-24,459
2005-02-24,461
2005-02-25,469
2005-02-25,469
2005-02-25,468
2005-02-25,470
2005-02-26,478
2005-02-26,478
2005-02-26,477
2005-02-26,479
2005-02-27,487
2005-02-27,487
2005-02-27,486
2005-02-27,488
2005-02-28,492.5
2005-02-28,492
2005-02-28,491
2005-02-28,494
2005-03-01,504
2005-03-01,504
2005-03-01,503
2005-03-01,505
2005-03-02,511
2005-03-02,510.5
2005-03-02,509
2005-03-02,512
2005-03-03,518
2005-03-03,517.5
2005-03-03,516
2005-03-03,519
2005-03-04,527
2005-03-04,527
2005-03-04,526
2005-03-04,528
2005-03-05,534
2005-03-05,534.5
2005-03-05,533
2005-03-05,536
2005-03-06,542
2005-03-06,542
2005-03-06,541
2005-03-06,543
2005-03-07,547
2005-03-07,547
2005-03-07,546
2005-03-07,548
2005-03-08,554
2005-03-08,554
2005-03-08,553
2005-03-08,555
2005-03-09,560
2005-03-09,560
2005-03-09,559
2005-03-09,561
2005-03-10,569
2005-03-10,569
2005-03-10,568
2005-03-10,570
2005-03-11,574
2005-03-11,574
2005-03-11,573
2005-03-11,575
2005-03-12,583
2005-03-12,583
2005-03-12,581
2005-03-12,585
2005-03-13,592
2005-03-13,592
2005-03-13,590
2005-03-13,594
2005-03-14,604
2005-03-14,604.5
2005-03-14,603
2005-03-14,606
2005-03-15,615
2005-03-15,615
2005-03-15,614
2005-03-15,616
2005-03-16,624
2005-03-16,623.5
2005-03-16,622
2005-03-16,625
2005-03-17,630
2005-03-17,630.5
2005-03-17,629
2005-03-17,632
2005-03-18,638
2005-03-18,638
2005-03-18,637
2005-03-18,639
2005-03-19,641
2005-03-19,641
2005-03-19,640
2005-03-19,642
2005-03-20,646
2005-03-20,645.5
2005-03-20,645
2005-03-20,646
2005-03-21,646
2005-03-21,646
2005-03-21,646
2005-03-21,646
2005-03-22,648
2005-03-22,648
2005-03-22,647
2005-03-22,649
2005-03-23,654
2005-03-23,654.5
2005-03-23,654
2005-03-23,655
2005-03-24,661
2005-03-24,661
2005-03-24,660
2005-03-24,662
2005-03-25,666
2005-03-25,665.5
2005-03-25,665
2005-03-25,666
2005-03-26,669
2005-03-26,669
2005-03-26,668
2005-03-26,670
2005-03-27,674
2005-03-27,674.5
2005-03-27,674
2005-03-27,675
2005-03-28,678
2005-03-28,677.5
2005-03-28,677
2005-03-28,678
2005-03-29,681
2005-03-29,681
2005-03-29,680
2005-03-29,682
2005-03-30,685
2005-03-30,685
2005-03-30,684
2005-03-30,686
2005-03-31,697
2005-03-31,697
2005-03-31,696
2005-03-31,698
2005-04-01,700
2005-04-01,700
2005-04-01,700
2005-04-01,700
2005-04-02,703
2005-04-02,703
2005-04-02,703
2005-04-02,703
2005-04-03,704
2005-04-03,704
2005-04-03,704
2005-04-03,704
2005-04-04,706
2005-04-04,706
2005-04-04,706
2005-04-04,706
2005-04-05,708
2005-04-05,708
2005-04-05,708
2005-04-05,708
2005-04-06,710
2005-04-06,710
2005-04-06,710
2005-04-06,710
2005-04-07,715.5
2005-04-07,716
2005-04-07,715
2005-04-07,716
2005-04-08,719.5
2005-04-08,720
2005-04-08,719
2005-04-08,720
2005-04-09,724
2005-04-09,724
2005-04-09,723
2005-04-09,725
2005-04-10,729.5
2005-04-10,730
2005-04-10,729
2005-04-10,730
2005-04-11,734
2005-04-11,734
2005-04-11,733
2005-04-11,735
2005-04-12,738
2005-04-12,738
2005-04-12,737
2005-04-12,739
2005-04-13,741.5
2005-04-13,742
2005-04-13,741
2005-04-13,742
2005-04-14,745.5
2005-04-14,746
2005-04-14,745
2005-04-14,746
2005-04-15,748.5
2005-04-15,748
2005-04-15,748
2005-04-15,749
2005-04-16,751
2005-04-16,751
2005-04-16,751
2005-04-16,751
2005-04-17,753.5
2005-04-17,754
2005-04-17,753
2005-04-17,754
2005-04-18,755.5
2005-04-18,756
2005-04-18,755
2005-04-18,756
2005-04-19,757
2005-04-19,757
2005-04-19,757
2005-04-19,757
2005-04-20,758
2005-04-20,758
2005-04-20,758
2005-04-20,758
2005-04-21,758
2005-04-21,758
2005-04-21,758
2005-04-21,758
2005-04-22,758.5
2005-04-22,758
2005-04-22,758
2005-04-22,759
2005-04-23,760.5
2005-04-23,760
2005-04-23,760
2005-04-23,761
2005-04-24,763.5
2005-04-24,764
2005-04-24,763
2005-04-24,764
2005-04-25,765.5
2005-04-25,766
2005-04-25,765
2005-04-25,766
2005-04-26,767
2005-04-26,767
2005-04-26,767
2005-04-26,767
2005-04-27,768.5
2005-04-27,768
2005-04-27,768
2005-04-27,769
2005-04-28,770.5
2005-04-28,770
2005-04-28,770
2005-04-28,771
2005-04-29,772.5
2005-04-29,772
2005-04-29,772
2005-04-29,773
2005-04-30,776
2005-04-30,776
2005-04-30,774
2005-04-30,778
2005-05-01,778
2005-05-01,778
2005-05-01,777
2005-05-01,779
2005-05-02,781
2005-05-02,781
2005-05-02,780
2005-05-02,782
2005-05-03,783.5
2005-05-03,784
2005-05-03,783
2005-05-03,784
2005-05-04,786
2005-05-04,786
2005-05-04,785
2005-05-04,787
2005-05-05,792
2005-05-05,792
2005-05-05,791
2005-05-05,793
2005-05-06,795
2005-05-06,795
2005-05-06,795
2005-05-06,795
2005-05-07,800
2005-05-07,800
2005-05-07,800
2005-05-07,800
2005-05-08,803
2005-05-08,803
2005-05-08,802
2005-05-08,804
2005-05-09,807
2005-05-09,807
2005-05-09,806
2005-05-09,808
2005-05-10,809.5
2005-05-10,810
2005-05-10,809
2005-05-10,810
2005-05-11,812.5
2005-05-11,812
2005-05-11,812
2005-05-11,813
2005-05-12,814.5
2005-05-12,814
2005-05-12,814
2005-05-12,815
2005-05-13,815
2005-05-13,815
2005-05-13,815
2005-05-13,815
2005-05-14,815.5
2005-05-14,815
2005-05-14,815
2005-05-14,816
2005-05-15,816
2005-05-15,816
2005-05-15,816
2005-05-15,816
2005-05-16,817
2005-05-16,817
2005-05-16,817
2005-05-16,817
2005-05-17,817
2005-05-17,817
2005-05-17,817
2005-05-17,817
2005-05-18,817
2005-05-18,817
2005-05-18,817
2005-05-18,817
2005-05-19,817
2005-05-19,817
2005-05-19,818
2005-05-19,816
2005-05-20,817
2005-05-20,817
2005-05-20,817
2005-05-20,817
2005-05-21,816
2005-05-21,816
2005-05-21,816
2005-05-21,816
2005-05-22,814.5
2005-05-22,814
2005-05-22,815
2005-05-22,814
2005-05-23,812.5
2005-05-23,812
2005-05-23,813
2005-05-23,812
2005-05-24,811.5
2005-05-24,812
2005-05-24,812
2005-05-24,811
2005-05-25,810
2005-05-25,810
2005-05-25,810
2005-05-25,810
2005-05-26,810
2005-05-26,810
2005-05-26,810
2005-05-26,810
2005-05-27,809
2005-05-27,809
2005-05-27,809
2005-05-27,809
2005-05-28,808.5
2005-05-28,809
2005-05-28,809
2005-05-28,808
2005-05-29,808.5
2005-05-29,809
2005-05-29,808
2005-05-29,809
2005-05-30,809
2005-05-30,809
2005-05-30,809
2005-05-30,809
2005-05-31,806.5
2005-05-31,806
2005-05-31,807
2005-05-31,806
2005-06-01,806
2005-06-01,805.5
2005-06-02,804
2005-06-02,803.5
2005-06-03,802
2005-06-03,801.5
2005-06-04,800
2005-06-04,799.5
2005-06-05,798
2005-06-05,797.5
2005-06-06,796
2005-06-06,795.5
2005-06-07,793
2005-06-07,793
2005-06-08,790
2005-06-08,790.5
2005-06-09,788
2005-06-09,787.5
2005-06-10,786
2005-06-10,785.5
2005-06-11,784
2005-06-11,784
2005-06-12,783
2005-06-12,783
2005-06-13,775
2005-06-13,775
2005-06-14,771
2005-06-14,771
2005-06-15,768
2005-06-15,768.5
2005-06-16,764
2005-06-16,764.5
2005-06-17,760
2005-06-17,760
2005-06-18,760
2005-06-18,759.5
2005-06-19,754
2005-06-19,754
2005-06-20,750
2005-06-20,750
2005-06-21,744
2005-06-21,744.5
2005-06-22,742
2005-06-22,742.5
2005-06-23,740
2005-06-23,739.5
2005-06-24,736
2005-06-24,736.5
2005-06-25,734
2005-06-25,733.5
2005-06-26,732
2005-06-26,732.5
2005-06-27,732
2005-06-27,731.5
2005-06-28,729
2005-06-28,729
2005-06-29,726
2005-06-29,725.5
2005-06-30,723
2005-06-30,723
2005-07-01,719.5
2005-07-01,720
2005-07-02,717
2005-07-02,717
2005-07-03,714.5
2005-07-03,714
2005-07-04,712.5
2005-07-04,712
2005-07-05,710
2005-07-05,710
2005-07-06,706
2005-07-06,706
2005-07-07,698.5
2005-07-07,698
2005-07-08,695.5
2005-07-08,696
2005-07-09,694
2005-07-09,694
2005-07-10,694
2005-07-10,694
2005-07-11,693
2005-07-11,693
2005-07-12,691
2005-07-12,691
2005-07-13,689
2005-07-13,689
2005-07-14,683.5
2005-07-14,684
2005-07-15,682
2005-07-15,682
2005-07-16,677.5
2005-07-16,678
2005-07-17,674.5
2005-07-17,674
2005-07-18,670
2005-07-18,670
2005-07-19,666.5
2005-07-19,666
2005-07-20,661
2005-07-20,661
2005-07-21,655
2005-07-21,655
2005-07-22,651
2005-07-22,651
2005-07-23,647
2005-07-23,647
2005-07-24,643
2005-07-24,643
2005-07-25,636
2005-07-25,636
2005-07-26,630
2005-07-26,630
2005-07-27,625.5
2005-07-27,626
2005-07-28,619.5
2005-07-28,620
2005-07-29,615
2005-07-29,615
2005-07-30,609
2005-07-30,609
2005-07-31,603.5
2005-07-31,604
2005-08-01,598
2005-08-01,597.5
2005-08-02,592
2005-08-02,591.5
2005-08-03,584
2005-08-03,584.5
2005-08-04,577
2005-08-04,577
2005-08-05,570
2005-08-05,570
2005-08-06,564
2005-08-06,564
2005-08-07,556
2005-08-07,556
2005-08-08,550
2005-08-08,550
2005-08-09,544
2005-08-09,543.5
2005-08-10,537
2005-08-10,537
2005-08-11,531
2005-08-11,531
2005-08-12,528
2005-08-12,528.5
2005-08-13,522
2005-08-13,522
2005-08-14,514
2005-08-14,514
2005-08-15,504
2005-08-15,503.5
2005-08-16,494
2005-08-16,494
2005-08-17,487
2005-08-17,487
2005-08-18,480
2005-08-18,480
2005-08-19,471
2005-08-19,471
2005-08-20,462
2005-08-20,462
2005-08-21,454
2005-08-21,453.5
2005-08-22,444
2005-08-22,444.5
2005-08-23,438
2005-08-23,438.5
2005-08-24,431
2005-08-24,431
2005-08-25,422
2005-08-25,421.5
2005-08-26,411
2005-08-26,411
2005-08-27,395
2005-08-27,395
2005-08-28,380
2005-08-28,380.5
2005-08-29,368
2005-08-29,368
2005-08-30,356
2005-08-30,355.5
2005-08-31,343
2005-08-31,343
2005-09-01,330
2005-09-01,330
2005-09-02,319.5
2005-09-02,320
2005-09-03,308.5
2005-09-03,308
2005-09-04,299.5
2005-09-04,300
2005-09-05,291
2005-09-05,291
2005-09-06,282
2005-09-06,282
2005-09-07,273.5
2005-09-07,274
2005-09-08,263
2005-09-08,263
2005-09-09,256
2005-09-09,256
2005-09-10,246.5
2005-09-10,246
2005-09-11,235
2005-09-11,235
2005-09-12,227
2005-09-12,227
2005-09-13,214
2005-09-13,214
2005-09-14,204
2005-09-14,204
2005-09-15,197.5
2005-09-15,198
2005-09-16,188
2005-09-16,188
2005-09-17,182
2005-09-17,182
2005-09-18,175
2005-09-18,175
2005-09-19,171
2005-09-19,171
2005-09-20,166.5
2005-09-20,166
2005-09-21,160.5
2005-09-21,160
2005-09-22,155
2005-09-22,155
2005-09-23,145
2005-09-23,145
2005-09-24,133.5
2005-09-24,134
2005-09-25,120.5
2005-09-25,120
2005-09-26,111
2005-09-26,111
2005-09-27,95.5
2005-09-27,96
2005-09-28,88
2005-09-28,88
2005-09-29,77
2005-09-29,77
2005-09-30,72
2005-09-30,72
2005-10-01,67
2005-10-01,67
2005-10-02,61
2005-10-02,61
2005-10-03,61
2005-10-03,61
2005-10-04,62
2005-10-04,61.5
2005-10-05,62
2005-10-05,61.5
2005-10-06,61
2005-10-06,61
2005-10-07,53
2005-10-07,53
2005-10-08,50
2005-10-08,50.5
2005-10-09,42
2005-10-09,42.5
2005-10-10,32
2005-10-10,32.5
2005-10-11,24
2005-10-11,24.5
2005-10-12,14
2005-10-12,14
2005-10-13,7
2005-10-13,7
2005-10-14,6
2005-10-14,6
2005-10-15,10
2005-10-15,9.5
2005-10-16,16
2005-10-16,16
2005-10-17,21
2005-10-17,21
2005-10-18,22
2005-10-18,22.5
2005-10-19,22
2005-10-19,22
2005-10-20,16
2005-10-20,16.5
2005-10-21,10
2005-10-21,9.5
2005-10-22,4
2005-10-22,4.5
2005-10-23,6
2005-10-23,6
2005-10-24,15
2005-10-24,15
2005-10-25,22
2005-10-25,22.5
2005-10-26,31
2005-10-26,31
2005-10-27,34
2005-10-27,34.5
2005-10-28,33
2005-10-28,33
2005-10-29,30
2005-10-29,30
2005-10-30,21
2005-10-30,21
2005-10-31,14
2005-10-31,13.5
2005-11-01,8.5
2005-11-01,8
2005-11-02,1
2005-11-02,1
2005-11-03,9
2005-11-03,9
2005-11-04,12
2005-11-04,12
2005-11-05,17.5
2005-11-05,18
2005-11-06,23
2005-11-06,23
2005-11-07,28
2005-11-07,28
2005-11-08,28.5
2005-11-08,28
2005-11-09,29.5
2005-11-09,30
2005-11-10,36
2005-11-10,36
2005-11-11,42.5
2005-11-11,42
2005-11-12,49.5
2005-11-12,50
2005-11-13,58.5
2005-11-13,58
2005-11-14,67
2005-11-14,67
2005-11-15,76
2005-11-15,76
2005-11-16,85.5
2005-11-16,86
2005-11-17,92.5
2005-11-17,92
2005-11-18,96
2005-11-18,96
2005-11-19,101.5
2005-11-19,101
2005-11-20,102.5
2005-11-20,102
2005-11-21,106.5
2005-11-21,106
2005-11-22,108.5
2005-11-22,108
2005-11-23,108
2005-11-23,108
2005-11-24,109.5
2005-11-24,110
2005-11-25,111.5
2005-11-25,112
2005-11-26,115.5
2005-11-26,116
2005-11-27,120.5
2005-11-27,120
2005-11-28,126
2005-11-28,126
2005-11-29,133
2005-11-29,133
2005-11-30,144
2005-11-30,144
2005-12-01,151
2005-12-01,151
2005-12-02,158
2005-12-02,157.5
2005-12-03,164
2005-12-03,164
2005-12-04,172
2005-12-04,172
2005-12-05,176
2005-12-05,176
2005-12-06,180
2005-12-06,180.5
2005-12-07,186
2005-12-07,186.5
2005-12-08,191
2005-12-08,191
2005-12-09,194
2005-12-09,194.5
2005-12-10,198
2005-12-10,197.5
2005-12-11,202
2005-12-11,202
2005-12-12,208
2005-12-12,208
2005-12-13,214
2005-12-13,214.5
2005-12-14,217
2005-12-14,217.5
2005-12-15,223
2005-12-15,223
2005-12-16,231
2005-12-16,230.5
2005-12-17,235
2005-12-17,235
2005-12-18,240
2005-12-18,240
2005-12-19,243
2005-12-19,243
2005-12-20,250
2005-12-20,250
2005-12-21,256
2005-12-21,255.5
2005-12-22,261
2005-12-22,261
2005-12-23,264
2005-12-23,264.5
2005-12-24,272
2005-12-24,272.5
2005-12-25,276
2005-12-25,275.5
2005-12-26,280
2005-12-26,280
2005-12-27,283
2005-12-27,283
2005-12-28,288
2005-12-28,288.5
2005-12-29,298
2005-12-29,298
2005-12-30,304
2005-12-30,304
2005-12-31,308
2005-12-31,308
2006-01-01,313.5
2006-01-01,314
2006-01-02,319.5
2006-01-02,320
2006-01-03,330
2006-01-03,330
2006-01-04,341
2006-01-04,341
2006-01-05,350.5
2006-01-05,350
2006-01-06,355.5
2006-01-06,356
2006-01-07,361
2006-01-07,361
2006-01-08,373.5
2006-01-08,374
2006-01-09,380.5
2006-01-09,380
2006-01-10,387.5
2006-01-10,388
2006-01-11,393
2006-01-11,393
2006-01-12,403
2006-01-12,403
2006-01-13,412
2006-01-13,412
2006-01-14,419.5
2006-01-14,420
2006-01-15,425.5
2006-01-15,426
2006-01-16,429
2006-01-16,429
2006-01-17,435
2006-01-17,435
2006-01-18,437.5
2006-01-18,438
2006-01-19,442.5
2006-01-19,442
2006-01-20,449
2006-01-20,449
2006-01-21,452
2006-01-21,452
2006-01-22,456
2006-01-22,456
2006-01-23,457.5
2006-01-23,458
2006-01-24,460.5
2006-01-24,461
2006-01-25,464.5
2006-01-25,464
2006-01-26,469.5
2006-01-26,470
2006-01-27,475
2006-01-27,475
2006-01-28,481
2006-01-28,481
2006-01-29,484.5
2006-01-29,484
2006-01-30,487.5
2006-01-30,488
2006-01-31,492.5
2006-01-31,492
2006-02-01,497
2006-02-01,497.5
2006-02-02,505
2006-02-02,505
2006-02-03,512
2006-02-03,512
2006-02-04,522
2006-02-04,522.5
2006-02-05,532
2006-02-05,532
2006-02-06,535
2006-02-06,535
2006-02-07,539
2006-02-07,539
2006-02-08,542
2006-02-08,541.5
2006-02-09,545
2006-02-09,545
2006-02-10,546
2006-02-10,546.5
2006-02-11,554
2006-02-11,554.5
2006-02-12,560
2006-02-12,559.5
2006-02-13,566
2006-02-13,566
2006-02-14,572
2006-02-14,571.5
2006-02-15,574
2006-02-15,573.5
2006-02-16,579
2006-02-16,579
2006-02-17,588
2006-02-17,588.5
2006-02-18,596
2006-02-18,596
2006-02-19,600
2006-02-19,600
2006-02-20,603
2006-02-20,603
2006-02-21,608
2006-02-21,608
2006-02-22,617
2006-02-22,617
2006-02-23,622
2006-02-23,621.5
2006-02-24,622
2006-02-24,622.5
2006-02-25,626
2006-02-25,625.5
2006-02-26,629
2006-02-26,629
2006-02-27,634
2006-02-27,633.5
2006-02-28,641
2006-02-28,641
2006-03-01,645
2006-03-01,645
2006-03-02,649
2006-03-02,649
2006-03-03,656
2006-03-03,656
2006-03-04,662.5
2006-03-04,662
2006-03-05,666.5
2006-03-05,666
2006-03-06,670.5
2006-03-06,670
2006-03-07,675
2006-03-07,675
2006-03-08,678.5
2006-03-08,678
2006-03-09,682
2006-03-09,682
2006-03-10,684
2006-03-10,684
2006-03-11,688
2006-03-11,688
2006-03-12,691
2006-03-12,691
2006-03-13,695
2006-03-13,695
2006-03-14,699
2006-03-14,699
2006-03-15,702
2006-03-15,702
2006-03-16,703.5
2006-03-16,704
2006-03-17,707.5
2006-03-17,708
2006-03-18,713.5
2006-03-18,714
2006-03-19,717
2006-03-19,717
2006-03-20,718.5
2006-03-20,718
2006-03-21,720.5
2006-03-21,720
2006-03-22,724
2006-03-22,724
2006-03-23,728
2006-03-23,728
2006-03-24,731.5
2006-03-24,732
2006-03-25,736
2006-03-25,736
2006-03-26,740
2006-03-26,740
2006-03-27,742.5
2006-03-27,742
2006-03-28,744.5
2006-03-28,744
2006-03-29,747.5
2006-03-29,748
2006-03-30,750
2006-03-30,750
2006-03-31,752.5
2006-03-31,752
2006-04-01,754
2006-04-01,754
2006-04-02,757
2006-04-02,757
2006-04-03,760
2006-04-03,759.5
2006-04-04,760
2006-04-04,760.5
2006-04-05,762
2006-04-05,761.5
2006-04-06,761
2006-04-06,761
2006-04-07,760
2006-04-07,760.5
2006-04-08,762
2006-04-08,761.5
2006-04-09,762
2006-04-09,761.5
2006-04-10,764
2006-04-10,764
2006-04-11,765
2006-04-11,765
2006-04-12,766
2006-04-12,765.5
2006-04-13,766
2006-04-13,766.5
2006-04-14,768
2006-04-14,768.5
2006-04-15,774
2006-04-15,773.5
2006-04-16,778
2006-04-16,778.5
2006-04-17,782
2006-04-17,781.5
2006-04-18,784
2006-04-18,784
2006-04-19,788
2006-04-19,787.5
2006-04-20,792
2006-04-20,791.5
2006-04-21,795
2006-04-21,795
2006-04-22,798
2006-04-22,797.5
2006-04-23,799
2006-04-23,799
2006-04-24,802
2006-04-24,801.5
2006-04-25,806
2006-04-25,806
2006-04-26,809
2006-04-26,808.5
2006-04-27,810
2006-04-27,810
2006-04-28,812
2006-04-28,812
2006-04-29,820
2006-04-29,820
2006-04-30,824
2006-04-30,824.5
2006-05-01,827.5
2006-05-01,828
2006-05-02,829.5
2006-05-02,830
2006-05-03,833
2006-05-03,833
2006-05-04,835.5
2006-05-04,836
2006-05-05,839
2006-05-05,839
2006-05-06,843
2006-05-06,843
2006-05-07,845.5
2006-05-07,846
2006-05-08,849.5
2006-05-08,849
2006-05-09,854
2006-05-09,854
2006-05-10,857
2006-05-10,857
2006-05-11,860
2006-05-11,860
2006-05-12,864
2006-05-12,864
2006-05-13,868
2006-05-13,868
2006-05-14,872
2006-05-14,872
2006-05-15,875
2006-05-15,875
2006-05-16,878
2006-05-16,878
2006-05-17,881
2006-05-17,881
2006-05-18,885
2006-05-18,885
2006-05-19,887.5
2006-05-19,888
2006-05-20,889.5
2006-05-20,890
2006-05-21,891
2006-05-21,891
2006-05-22,890.5
2006-05-22,890
2006-05-23,891.5
2006-05-23,891
2006-05-24,890.5
2006-05-24,890
2006-05-25,889
2006-05-25,889
2006-05-26,888.5
2006-05-26,888
2006-05-27,889
2006-05-27,889
2006-05-28,888.5
2006-05-28,888
2006-05-29,889
2006-05-29,889
2006-05-30,889
2006-05-30,889
2006-05-31,888.5
2006-05-31,888
2006-06-01,887
2006-06-01,887
2006-06-02,888
2006-06-02,887.5
2006-06-03,886
2006-06-03,886
2006-06-04,885
2006-06-04,884.5
2006-06-05,884
2006-06-05,884
2006-06-06,883
2006-06-06,883
2006-06-07,882
2006-06-07,881.5
2006-06-08,879
2006-06-08,879
2006-06-09,876
2006-06-09,876.5
2006-06-10,874
2006-06-10,874.5
2006-06-11,874
2006-06-11,874.5
2006-06-12,872
2006-06-12,872.5
2006-06-13,870
2006-06-13,870.5
2006-06-14,868
2006-06-14,868.5
2006-06-15,866
2006-06-15,866.5
2006-06-16,865
2006-06-16,865
2006-06-17,865
2006-06-17,865.5
2006-06-18,866
2006-06-18,866
2006-06-19,865
2006-06-19,865.5
2006-06-20,865
2006-06-20,865.5
2006-06-21,864
2006-06-21,863.5
2006-06-22,861
2006-06-22,861
2006-06-23,859
2006-06-23,858.5
2006-06-24,856
2006-06-24,856.5
2006-06-25,854
2006-06-25,854.5
2006-06-26,858
2006-06-26,858
2006-06-27,846
2006-06-27,846.5
2006-06-28,846
2006-06-28,846
2006-06-29,843
2006-06-29,842.5
2006-06-30,840
2006-06-30,839.5
2006-07-01,835
2006-07-01,835
2006-07-01,836
2006-07-01,834
2006-07-02,831
2006-07-02,831
2006-07-02,832
2006-07-02,830
2006-07-03,829
2006-07-03,829
2006-07-03,829
2006-07-03,829
2006-07-04,827
2006-07-04,827
2006-07-04,828
2006-07-04,826
2006-07-05,822
2006-07-05,821.5
2006-07-05,822
2006-07-05,821
2006-07-06,817
2006-07-06,817
2006-07-06,818
2006-07-06,816
2006-07-07,812
2006-07-07,812
2006-07-07,813
2006-07-07,811
2006-07-08,807
2006-07-08,807
2006-07-08,808
2006-07-08,806
2006-07-09,802
2006-07-09,802.5
2006-07-09,803
2006-07-09,802
2006-07-10,800
2006-07-10,800
2006-07-10,801
2006-07-10,799
2006-07-11,796
2006-07-11,796.5
2006-07-11,797
2006-07-11,796
2006-07-12,792
2006-07-12,792.5
2006-07-12,793
2006-07-12,792
2006-07-13,788
2006-07-13,788
2006-07-13,789
2006-07-13,787
2006-07-14,784
2006-07-14,784.5
2006-07-14,786
2006-07-14,783
2006-07-15,782
2006-07-15,781.5
2006-07-15,782
2006-07-15,781
2006-07-16,778
2006-07-16,778.5
2006-07-16,779
2006-07-16,778
2006-07-17,775
2006-07-17,775
2006-07-17,775
2006-07-17,775
2006-07-18,770
2006-07-18,770
2006-07-18,772
2006-07-18,768
2006-07-19,764
2006-07-19,763.5
2006-07-19,764
2006-07-19,763
2006-07-20,760
2006-07-20,760
2006-07-20,761
2006-07-20,759
2006-07-21,757
2006-07-21,757
2006-07-21,759
2006-07-21,755
2006-07-22,753
2006-07-22,753
2006-07-22,754
2006-07-22,752
2006-07-23,748
2006-07-23,748
2006-07-23,749
2006-07-23,747
2006-07-24,744
2006-07-24,743.5
2006-07-24,745
2006-07-24,742
2006-07-25,738
2006-07-25,738.5
2006-07-25,739
2006-07-25,738
2006-07-26,735
2006-07-26,735
2006-07-26,736
2006-07-26,734
2006-07-27,730
2006-07-27,730.5
2006-07-27,731
2006-07-27,730
2006-07-28,727
2006-07-28,727
2006-07-28,728
2006-07-28,726
2006-07-29,719
2006-07-29,719
2006-07-29,720
2006-07-29,718
2006-07-30,712
2006-07-30,712
2006-07-30,712
2006-07-30,712
2006-07-31,710
2006-07-31,709.5
2006-07-31,710
2006-07-31,709
2006-08-01,705
2006-08-01,705
2006-08-01,707
2006-08-01,703
2006-08-02,697
2006-08-02,697
2006-08-02,699
2006-08-02,695
2006-08-03,690
2006-08-03,690.5
2006-08-03,692
2006-08-03,689
2006-08-04,682
2006-08-04,682.5
2006-08-04,685
2006-08-04,680
2006-08-05,676
2006-08-05,676.5
2006-08-05,678
2006-08-05,675
2006-08-06,670
2006-08-06,670.5
2006-08-06,673
2006-08-06,668
2006-08-07,664
2006-08-07,664
2006-08-07,666
2006-08-07,662
2006-08-08,658
2006-08-08,658
2006-08-08,660
2006-08-08,656
2006-08-09,652
2006-08-09,652.5
2006-08-09,654
2006-08-09,651
2006-08-10,647
2006-08-10,647
2006-08-10,649
2006-08-10,645
2006-08-11,642
2006-08-11,641.5
2006-08-11,643
2006-08-11,640
2006-08-12,636
2006-08-12,635.5
2006-08-12,637
2006-08-12,634
2006-08-13,630
2006-08-13,630.5
2006-08-13,632
2006-08-13,629
2006-08-14,626
2006-08-14,626
2006-08-14,627
2006-08-14,625
2006-08-15,622
2006-08-15,622
2006-08-15,623
2006-08-15,621
2006-08-16,616
2006-08-16,616
2006-08-16,618
2006-08-16,614
2006-08-17,610
2006-08-17,610.5
2006-08-17,612
2006-08-17,609
2006-08-18,604
2006-08-18,603.5
2006-08-18,606
2006-08-18,601
2006-08-19,596
2006-08-19,595.5
2006-08-19,597
2006-08-19,594
2006-08-20,586
2006-08-20,586
2006-08-20,588
2006-08-20,584
2006-08-21,580
2006-08-21,580
2006-08-21,582
2006-08-21,578
2006-08-22,574
2006-08-22,573.5
2006-08-22,575
2006-08-22,572
2006-08-23,567
2006-08-23,567
2006-08-23,569
2006-08-23,565
2006-08-24,558
2006-08-24,558
2006-08-24,560
2006-08-24,556
2006-08-25,551
2006-08-25,551
2006-08-25,552
2006-08-25,550
2006-08-26,544
2006-08-26,543.5
2006-08-26,545
2006-08-26,542
2006-08-27,538
2006-08-27,537.5
2006-08-27,540
2006-08-27,535
2006-08-28,530
2006-08-28,529.5
2006-08-28,531
2006-08-28,528
2006-08-29,521
2006-08-29,521
2006-08-29,523
2006-08-29,519
2006-08-30,513
2006-08-30,513
2006-08-30,515
2006-08-30,511
2006-08-31,504
2006-08-31,503.5
2006-08-31,506
2006-08-31,501
2006-09-01,492
2006-09-01,492
2006-09-01,494
2006-09-01,490
2006-09-02,482
2006-09-02,481.5
2006-09-02,484
2006-09-02,479
2006-09-03,470
2006-09-03,470.5
2006-09-03,473
2006-09-03,468
2006-09-04,457
2006-09-04,457
2006-09-04,461
2006-09-04,453
2006-09-05,446
2006-09-05,446
2006-09-05,448
2006-09-05,444
2006-09-06,440
2006-09-06,440
2006-09-06,442
2006-09-06,438
2006-09-07,434
2006-09-07,434
2006-09-07,436
2006-09-07,432
2006-09-08,426
2006-09-08,426.5
2006-09-08,428
2006-09-08,425
2006-09-09,421
2006-09-09,421
2006-09-09,422
2006-09-09,420
2006-09-10,414
2006-09-10,414
2006-09-10,416
2006-09-10,412
2006-09-11,407
2006-09-11,406.5
2006-09-11,409
2006-09-11,404
2006-09-12,398
2006-09-12,397.5
2006-09-12,399
2006-09-12,396
2006-09-13,390
2006-09-13,389.5
2006-09-13,392
2006-09-13,387
2006-09-14,380
2006-09-14,380.5
2006-09-14,382
2006-09-14,379
2006-09-15,372
2006-09-15,372.5
2006-09-15,375
2006-09-15,370
2006-09-16,364
2006-09-16,364
2006-09-16,366
2006-09-16,362
2006-09-17,354
2006-09-17,354
2006-09-17,357
2006-09-17,351
2006-09-18,342
2006-09-18,341.5
2006-09-18,344
2006-09-18,339
2006-09-19,332
2006-09-19,332.5
2006-09-19,335
2006-09-19,330
2006-09-20,323
2006-09-20,323
2006-09-20,326
2006-09-20,320
2006-09-21,313
2006-09-21,313
2006-09-21,315
2006-09-21,311
2006-09-22,304
2006-09-22,304.5
2006-09-22,307
2006-09-22,302
2006-09-23,294
2006-09-23,294.5
2006-09-23,297
2006-09-23,292
2006-09-24,284
2006-09-24,284.5
2006-09-24,287
2006-09-24,282
2006-09-25,277
2006-09-25,277
2006-09-25,280
2006-09-25,274
2006-09-26,266
2006-09-26,266
2006-09-26,268
2006-09-26,264
2006-09-27,257
2006-09-27,257
2006-09-27,260
2006-09-27,254
2006-09-28,248
2006-09-28,247.5
2006-09-28,250
2006-09-28,245
2006-09-29,240
2006-09-29,240
2006-09-29,242
2006-09-29,238
2006-09-30,231
2006-09-30,231
2006-09-30,236
2006-09-30,226
2006-10-01,218
2006-10-01,218.5
2006-10-01,220
2006-10-01,217
2006-10-02,208
2006-10-02,208.5
2006-10-02,211
2006-10-02,206
2006-10-03,198
2006-10-03,198.5
2006-10-03,200
2006-10-03,197
2006-10-04,192
2006-10-04,192
2006-10-04,194
2006-10-04,190
2006-10-05,185
2006-10-05,185
2006-10-05,186
2006-10-05,184
2006-10-06,183
2006-10-06,183
2006-10-06,183
2006-10-06,183
2006-10-07,180
2006-10-07,180
2006-10-07,182
2006-10-07,178
2006-10-08,174
2006-10-08,174
2006-10-08,176
2006-10-08,172
2006-10-09,174
2006-10-09,174.5
2006-10-09,175
2006-10-09,174
2006-10-10,166
2006-10-10,166
2006-10-10,168
2006-10-10,164
2006-10-11,160
2006-10-11,160
2006-10-11,162
2006-10-11,158
2006-10-12,152
2006-10-12,152.5
2006-10-12,155
2006-10-12,150
2006-10-13,146
2006-10-13,146
2006-10-13,150
2006-10-13,142
2006-10-14,136
2006-10-14,135.5
2006-10-14,138
2006-10-14,133
2006-10-15,126
2006-10-15,126
2006-10-15,128
2006-10-15,124
2006-10-16,119
2006-10-16,119
2006-10-16,120
2006-10-16,118
2006-10-17,115
2006-10-17,115
2006-10-17,116
2006-10-17,114
2006-10-18,111
2006-10-18,111
2006-10-18,112
2006-10-18,110
2006-10-19,106
2006-10-19,106.5
2006-10-19,108
2006-10-19,105
2006-10-20,105
2006-10-20,105
2006-10-20,105
2006-10-20,105
2006-10-21,104
2006-10-21,104
2006-10-21,104
2006-10-21,104
2006-10-22,102
2006-10-22,102.5
2006-10-22,103
2006-10-22,102
2006-10-23,101
2006-10-23,101.5
2006-10-23,102
2006-10-23,101
2006-10-24,98
2006-10-24,98.5
2006-10-24,99
2006-10-24,98
2006-10-25,98
2006-10-25,98
2006-10-25,98
2006-10-25,98
2006-10-26,95
2006-10-26,95
2006-10-26,96
2006-10-26,94
2006-10-27,91
2006-10-27,91
2006-10-27,92
2006-10-27,90
2006-10-28,88
2006-10-28,88
2006-10-28,90
2006-10-28,86
2006-10-29,82
2006-10-29,82
2006-10-29,84
2006-10-29,80
2006-10-30,80
2006-10-30,80.5
2006-10-30,82
2006-10-30,79
2006-10-31,80
2006-10-31,80.5
2006-10-31,80
2006-10-31,81
2006-11-01,80
2006-11-01,80.5
2006-11-01,80
2006-11-01,81
2006-11-02,90
2006-11-02,90.5
2006-11-02,88
2006-11-02,93
2006-11-03,97
2006-11-03,97
2006-11-03,94
2006-11-03,100
2006-11-04,101
2006-11-04,101.5
2006-11-04,100
2006-11-04,103
2006-11-05,106
2006-11-05,106.5
2006-11-05,105
2006-11-05,108
2006-11-06,108
2006-11-06,107.5
2006-11-06,111
2006-11-06,104
2006-11-07,116
2006-11-07,116
2006-11-07,116
2006-11-07,116
2006-11-08,119
2006-11-08,119
2006-11-08,120
2006-11-08,118
2006-11-09,120
2006-11-09,120.5
2006-11-09,121
2006-11-09,120
2006-11-10,118
2006-11-10,117.5
2006-11-10,119
2006-11-10,116
2006-11-11,115
2006-11-11,115
2006-11-11,116
2006-11-11,114
2006-11-12,111
2006-11-12,111
2006-11-12,112
2006-11-12,110
2006-11-13,107
2006-11-13,107
2006-11-13,107
2006-11-13,107
2006-11-14,108
2006-11-14,107.5
2006-11-14,107
2006-11-14,108
2006-11-15,108
2006-11-15,107.5
2006-11-15,107
2006-11-15,108
2006-11-16,108
2006-11-16,108
2006-11-16,108
2006-11-16,108
2006-11-17,112
2006-11-17,111.5
2006-11-17,110
2006-11-17,113
2006-11-18,118
2006-11-18,118
2006-11-18,117
2006-11-18,119
2006-11-19,124
2006-11-19,124
2006-11-19,123
2006-11-19,125
2006-11-20,130
2006-11-20,130
2006-11-20,128
2006-11-20,132
2006-11-21,138
2006-11-21,137.5
2006-11-21,136
2006-11-21,139
2006-11-22,142
2006-11-22,142.5
2006-11-22,141
2006-11-22,144
2006-11-23,150
2006-11-23,149.5
2006-11-23,150
2006-11-23,149
2006-11-24,154
2006-11-24,153.5
2006-11-24,154
2006-11-24,153
2006-11-25,161
2006-11-25,161
2006-11-25,160
2006-11-25,162
2006-11-26,165
2006-11-26,165
2006-11-26,164
2006-11-26,166
2006-11-27,169
2006-11-27,169
2006-11-27,168
2006-11-27,170
2006-11-28,174
2006-11-28,173.5
2006-11-28,173
2006-11-28,174
2006-11-29,177
2006-11-29,177
2006-11-29,176
2006-11-29,178
2006-11-30,182
2006-11-30,182
2006-11-30,180
2006-11-30,184
2006-12-01,187
2006-12-01,187
2006-12-01,186
2006-12-01,188
2006-12-02,194
2006-12-02,194.5
2006-12-02,193
2006-12-02,196
2006-12-03,199
2006-12-03,199
2006-12-03,198
2006-12-03,200
2006-12-04,203
2006-12-04,203
2006-12-04,202
2006-12-04,204
2006-12-05,212
2006-12-05,211.5
2006-12-05,210
2006-12-05,213
2006-12-06,217
2006-12-06,217.5
2006-12-06,216
2006-12-06,219
2006-12-07,221
2006-12-07,221
2006-12-07,220
2006-12-07,222
2006-12-08,226
2006-12-08,225.5
2006-12-08,224
2006-12-08,227
2006-12-09,231
2006-12-09,231
2006-12-09,230
2006-12-09,232
2006-12-10,234
2006-12-10,233.5
2006-12-10,233
2006-12-10,234
2006-12-11,236
2006-12-11,235.5
2006-12-11,235
2006-12-11,236
2006-12-12,237
2006-12-12,237
2006-12-12,236
2006-12-12,238
2006-12-13,241
2006-12-13,241
2006-12-13,240
2006-12-13,242
2006-12-14,245
2006-12-14,245
2006-12-14,244
2006-12-14,246
2006-12-15,247
2006-12-15,247
2006-12-15,246
2006-12-15,248
2006-12-16,251
2006-12-16,251
2006-12-16,250
2006-12-16,252
2006-12-17,256
2006-12-17,256
2006-12-17,255
2006-12-17,257
2006-12-18,261
2006-12-18,261
2006-12-18,260
2006-12-18,262
2006-12-19,267
2006-12-19,267
2006-12-19,265
2006-12-19,269
2006-12-20,275
2006-12-20,275
2006-12-20,273
2006-12-20,277
2006-12-21,282
2006-12-21,282.5
2006-12-21,280
2006-12-21,285
2006-12-22,292
2006-12-22,292.5
2006-12-22,291
2006-12-22,294
2006-12-23,300
2006-12-23,299.5
2006-12-23,298
2006-12-23,301
2006-12-24,307
2006-12-24,307
2006-12-24,306
2006-12-24,308
2006-12-25,311
2006-12-25,311
2006-12-25,310
2006-12-25,312
2006-12-26,317
2006-12-26,317
2006-12-26,315
2006-12-26,319
2006-12-27,320
2006-12-27,320.5
2006-12-27,320
2006-12-27,321
2006-12-28,323
2006-12-28,323
2006-12-28,322
2006-12-28,324
2006-12-29,328
2006-12-29,328.5
2006-12-29,327
2006-12-29,330
2006-12-30,330
2006-12-30,330.5
2006-12-30,330
2006-12-30,331
2006-12-31,333
2006-12-31,333
2006-12-31,333
2006-12-31,333
2007-01-01,336
2007-01-01,336
2007-01-01,336
2007-01-01,336
2007-01-02,339.5
2007-01-02,340
2007-01-02,339
2007-01-02,340
2007-01-03,345
2007-01-03,345
2007-01-03,344
2007-01-03,346
2007-01-04,347.5
2007-01-04,348
2007-01-04,347
2007-01-04,348
2007-01-05,358
2007-01-05,358
2007-01-05,351
2007-01-05,365
2007-01-06,356.5
2007-01-06,356
2007-01-06,355
2007-01-06,358
2007-01-07,361
2007-01-07,361
2007-01-07,360
2007-01-07,362
2007-01-08,363
2007-01-08,363
2007-01-08,365
2007-01-08,361
2007-01-09,369.5
2007-01-09,370
2007-01-09,369
2007-01-09,370
2007-01-10,375
2007-01-10,375
2007-01-10,373
2007-01-10,377
2007-01-11,379.5
2007-01-11,380
2007-01-11,379
2007-01-11,380
2007-01-12,384
2007-01-12,384
2007-01-12,383
2007-01-12,385
2007-01-13,381
2007-01-13,381
2007-01-13,381
2007-01-13,381
2007-01-14,392
2007-01-14,392
2007-01-14,391
2007-01-14,393
2007-01-15,396.5
2007-01-15,396
2007-01-15,395
2007-01-15,398
2007-01-16,403.5
2007-01-16,404
2007-01-16,402
2007-01-16,405
2007-01-17,411.5
2007-01-17,412
2007-01-17,410
2007-01-17,413
2007-01-18,417.5
2007-01-18,418
2007-01-18,416
2007-01-18,419
2007-01-19,421
2007-01-19,421
2007-01-19,420
2007-01-19,422
2007-01-20,422.5
2007-01-20,422
2007-01-20,422
2007-01-20,423
2007-01-21,428
2007-01-21,428
2007-01-21,427
2007-01-21,429
2007-01-22,433
2007-01-22,433
2007-01-22,432
2007-01-22,434
2007-01-23,438.5
2007-01-23,438
2007-01-23,438
2007-01-23,439
2007-01-24,443
2007-01-24,443
2007-01-24,442
2007-01-24,444
2007-01-25,448
2007-01-25,448
2007-01-25,447
2007-01-25,449
2007-01-26,452.5
2007-01-26,453
2007-01-26,452
2007-01-26,453
2007-01-27,456.5
2007-01-27,457
2007-01-27,456
2007-01-27,457
2007-01-28,459.5
2007-01-28,460
2007-01-28,459
2007-01-28,460
2007-01-29,461.5
2007-01-29,462
2007-01-29,461
2007-01-29,462
2007-01-30,463.5
2007-01-30,464
2007-01-30,463
2007-01-30,464
2007-01-31,465
2007-01-31,465
2007-01-31,465
2007-01-31,465
2007-02-01,468
2007-02-01,468
2007-02-01,467
2007-02-01,469
2007-02-02,472
2007-02-02,472
2007-02-02,471
2007-02-02,473
2007-02-03,475.5
2007-02-03,476
2007-02-03,475
2007-02-03,476
2007-02-04,479.5
2007-02-04,480
2007-02-04,479
2007-02-04,480
2007-02-05,483
2007-02-05,483
2007-02-05,482
2007-02-05,484
2007-02-06,485.5
2007-02-06,486
2007-02-06,485
2007-02-06,486
2007-02-07,490
2007-02-07,490
2007-02-07,489
2007-02-07,491
2007-02-08,494
2007-02-08,494
2007-02-08,493
2007-02-08,495
2007-02-09,497
2007-02-09,497
2007-02-09,497
2007-02-09,497
2007-02-10,500
2007-02-10,500
2007-02-10,498
2007-02-10,502
2007-02-11,504.5
2007-02-11,504
2007-02-11,504
2007-02-11,505
2007-02-12,505.5
2007-02-12,506
2007-02-12,505
2007-02-12,506
2007-02-13,507.5
2007-02-13,508
2007-02-13,507
2007-02-13,508
2007-02-14,509.5
2007-02-14,510
2007-02-14,509
2007-02-14,510
2007-02-15,512.5
2007-02-15,512
2007-02-15,512
2007-02-15,513
2007-02-16,514.5
2007-02-16,514
2007-02-16,514
2007-02-16,515
2007-02-17,517.5
2007-02-17,518
2007-02-17,517
2007-02-17,518
2007-02-18,519.5
2007-02-18,520
2007-02-18,519
2007-02-18,520
2007-02-19,522.5
2007-02-19,522
2007-02-19,522
2007-02-19,523
2007-02-20,525.5
2007-02-20,526
2007-02-20,525
2007-02-20,526
2007-02-21,527.5
2007-02-21,528
2007-02-21,527
2007-02-21,528
2007-02-22,529.5
2007-02-22,530
2007-02-22,529
2007-02-22,530
2007-02-23,532.5
2007-02-23,532
2007-02-23,532
2007-02-23,533
2007-02-24,535.5
2007-02-24,536
2007-02-24,535
2007-02-24,536
2007-02-25,537.5
2007-02-25,538
2007-02-25,537
2007-02-25,538
2007-02-26,538.5
2007-02-26,538
2007-02-26,538
2007-02-26,539
2007-02-27,541
2007-02-27,541
2007-02-27,540
2007-02-27,542
2007-02-28,544.5
2007-02-28,544
2007-02-28,544
2007-02-28,545
2007-03-01,546.5
2007-03-01,546
2007-03-01,546
2007-03-01,547
2007-03-02,548.5
2007-03-02,548
2007-03-02,548
2007-03-02,549
2007-03-03,551.5
2007-03-03,552
2007-03-03,551
2007-03-03,552
2007-03-04,555
2007-03-04,555
2007-03-04,554
2007-03-04,556
2007-03-05,558.5
2007-03-05,558
2007-03-05,558
2007-03-05,559
2007-03-06,561
2007-03-06,561
2007-03-06,560
2007-03-06,562
2007-03-07,565
2007-03-07,565
2007-03-07,564
2007-03-07,566
2007-03-08,567.5
2007-03-08,568
2007-03-08,567
2007-03-08,568
2007-03-09,571
2007-03-09,571
2007-03-09,570
2007-03-09,572
2007-03-10,575.5
2007-03-10,576
2007-03-10,575
2007-03-10,576
2007-03-11,577.5
2007-03-11,578
2007-03-11,577
2007-03-11,578
2007-03-12,578.5
2007-03-12,578
2007-03-12,578
2007-03-12,579
2007-03-13,580.5
2007-03-13,580
2007-03-13,580
2007-03-13,581
2007-03-14,581.5
2007-03-14,582
2007-03-14,581
2007-03-14,582
2007-03-15,582.5
2007-03-15,582
2007-03-15,582
2007-03-15,583
2007-03-16,584
2007-03-16,584
2007-03-16,584
2007-03-16,584
2007-03-17,584.5
2007-03-17,584
2007-03-17,584
2007-03-17,585
2007-03-18,588
2007-03-18,588
2007-03-18,587
2007-03-18,589
2007-03-19,592.5
2007-03-19,592
2007-03-19,590
2007-03-19,595
2007-03-20,595.5
2007-03-20,596
2007-03-20,595
2007-03-20,596
2007-03-21,597
2007-03-21,597
2007-03-21,597
2007-03-21,597
2007-03-22,598
2007-03-22,598
2007-03-22,598
2007-03-22,598
2007-03-23,599
2007-03-23,599
2007-03-23,599
2007-03-23,599
2007-03-24,599
2007-03-24,599
2007-03-24,599
2007-03-24,599
2007-03-25,600.5
2007-03-25,600
2007-03-25,600
2007-03-25,601
2007-03-26,601.5
2007-03-26,602
2007-03-26,601
2007-03-26,602
2007-03-27,603.5
2007-03-27,604
2007-03-27,603
2007-03-27,604
2007-03-28,604
2007-03-28,604
2007-03-28,604
2007-03-28,604
2007-03-29,607.5
2007-03-29,608
2007-03-29,606
2007-03-29,609
2007-03-30,610.5
2007-03-30,610
2007-03-30,610
2007-03-30,611
2007-03-31,612.5
2007-03-31,612
2007-03-31,612
2007-03-31,613
2007-04-01,617
2007-04-01,617
2007-04-01,616
2007-04-01,618
2007-04-02,621
2007-04-02,621
2007-04-02,620
2007-04-02,622
2007-04-03,625
2007-04-03,625
2007-04-03,624
2007-04-03,626
2007-04-04,629.5
2007-04-04,630
2007-04-04,628
2007-04-04,631
2007-04-05,634
2007-04-05,634
2007-04-05,633
2007-04-05,635
2007-04-06,636.5
2007-04-06,636
2007-04-06,636
2007-04-06,637
2007-04-07,639.5
2007-04-07,640
2007-04-07,639
2007-04-07,640
2007-04-08,642.5
2007-04-08,642
2007-04-08,642
2007-04-08,643
2007-04-09,646
2007-04-09,646
2007-04-09,645
2007-04-09,647
2007-04-10,652
2007-04-10,652
2007-04-10,651
2007-04-10,653
2007-04-11,656
2007-04-11,656
2007-04-11,655
2007-04-11,657
2007-04-12,659
2007-04-12,659
2007-04-12,658
2007-04-12,660
2007-04-13,663
2007-04-13,663
2007-04-13,663
2007-04-13,663
2007-04-14,662.5
2007-04-14,662
2007-04-14,663
2007-04-14,662
2007-04-15,662
2007-04-15,662
2007-04-15,662
2007-04-15,662
2007-04-16,661.5
2007-04-16,662
2007-04-16,661
2007-04-16,662
2007-04-17,664.5
2007-04-17,664
2007-04-17,663
2007-04-17,666
2007-04-18,667.5
2007-04-18,668
2007-04-18,667
2007-04-18,668
2007-04-19,668.5
2007-04-19,668
2007-04-19,668
2007-04-19,669
2007-04-20,674.5
2007-04-20,674
2007-04-20,673
2007-04-20,676
2007-04-21,678
2007-04-21,678
2007-04-21,678
2007-04-21,678
2007-04-22,687.5
2007-04-22,688
2007-04-22,685
2007-04-22,690
2007-04-23,696
2007-04-23,696
2007-04-23,694
2007-04-23,698
2007-04-24,699.5
2007-04-24,700
2007-04-24,699
2007-04-24,700
2007-04-25,705
2007-04-25,705
2007-04-25,704
2007-04-25,706
2007-04-26,709.5
2007-04-26,710
2007-04-26,708
2007-04-26,711
2007-04-27,718
2007-04-27,718
2007-04-27,716
2007-04-27,720
2007-04-28,723.5
2007-04-28,724
2007-04-28,722
2007-04-28,725
2007-04-29,726.5
2007-04-29,726
2007-04-29,726
2007-04-29,727
2007-04-30,730
2007-04-30,730
2007-04-30,729
2007-04-30,731
2007-05-01,733
2007-05-01,733
2007-05-01,732
2007-05-01,734
2007-05-02,735.5
2007-05-02,736
2007-05-02,735
2007-05-02,736
2007-05-03,738.5
2007-05-03,738
2007-05-03,738
2007-05-03,739
2007-05-04,740.5
2007-05-04,740
2007-05-04,740
2007-05-04,741
2007-05-05,742
2007-05-05,742
2007-05-05,742
2007-05-05,742
2007-05-06,744.5
2007-05-06,744
2007-05-06,744
2007-05-06,745
2007-05-07,747
2007-05-07,747
2007-05-07,746
2007-05-07,748
2007-05-08,751
2007-05-08,751
2007-05-08,750
2007-05-08,752
2007-05-09,753.5
2007-05-09,754
2007-05-09,753
2007-05-09,754
2007-05-10,758.5
2007-05-10,758
2007-05-10,757
2007-05-10,760
2007-05-11,764
2007-05-11,764
2007-05-11,763
2007-05-11,765
2007-05-12,768.5
2007-05-12,768
2007-05-12,768
2007-05-12,769
2007-05-13,771
2007-05-13,771
2007-05-13,770
2007-05-13,772
2007-05-14,774
2007-05-14,774
2007-05-14,773
2007-05-14,775
2007-05-15,777.5
2007-05-15,778
2007-05-15,777
2007-05-15,778
2007-05-16,781.5
2007-05-16,782
2007-05-16,781
2007-05-16,782
2007-05-17,784.5
2007-05-17,784
2007-05-17,784
2007-05-17,785
2007-05-18,787.5
2007-05-18,788
2007-05-18,787
2007-05-18,788
2007-05-19,789.5
2007-05-19,790
2007-05-19,789
2007-05-19,790
2007-05-20,792.5
2007-05-20,792
2007-05-20,792
2007-05-20,793
2007-05-21,794.5
2007-05-21,794
2007-05-21,794
2007-05-21,795
2007-05-22,795
2007-05-22,795
2007-05-22,795
2007-05-22,795
2007-05-23,795
2007-05-23,795
2007-05-23,795
2007-05-23,795
2007-05-24,796
2007-05-24,796
2007-05-24,796
2007-05-24,796
2007-05-25,797.5
2007-05-25,798
2007-05-25,797
2007-05-25,798
2007-05-26,801.5
2007-05-26,802
2007-05-26,800
2007-05-26,803
2007-05-27,803.5
2007-05-27,804
2007-05-27,803
2007-05-27,804
2007-05-28,805.5
2007-05-28,806
2007-05-28,805
2007-05-28,806
2007-05-29,807.5
2007-05-29,807
2007-05-29,807
2007-05-29,808
2007-05-30,810.5
2007-05-30,810
2007-05-30,810
2007-05-30,811
2007-05-31,811
2007-05-31,811
2007-05-31,811
2007-05-31,811
2007-06-01,812
2007-06-01,812
2007-06-01,812
2007-06-01,812
2007-06-02,813
2007-06-02,813
2007-06-02,813
2007-06-02,813
2007-06-03,813
2007-06-03,813
2007-06-03,813
2007-06-03,813
2007-06-04,814
2007-06-04,814
2007-06-04,814
2007-06-04,814
2007-06-05,813.5
2007-06-05,814
2007-06-05,814
2007-06-05,813
2007-06-06,813
2007-06-06,813
2007-06-06,813
2007-06-06,813
2007-06-07,813
2007-06-07,813
2007-06-07,813
2007-06-07,813
2007-06-08,813
2007-06-08,813
2007-06-08,813
2007-06-08,813
2007-06-09,813
2007-06-09,813
2007-06-09,813
2007-06-09,813
2007-06-10,812
2007-06-10,812
2007-06-10,812
2007-06-10,812
2007-06-11,811.5
2007-06-11,812
2007-06-11,811
2007-06-11,812
2007-06-12,810
2007-06-12,810
2007-06-12,811
2007-06-12,809
2007-06-13,809.5
2007-06-13,810
2007-06-13,810
2007-06-13,809
2007-06-14,808
2007-06-14,808
2007-06-14,808
2007-06-14,808
2007-06-15,807
2007-06-15,807
2007-06-15,807
2007-06-15,807
2007-06-16,806
2007-06-16,806
2007-06-16,806
2007-06-16,806
2007-06-17,804.5
2007-06-17,804
2007-06-17,805
2007-06-17,804
2007-06-18,804
2007-06-18,804
2007-06-18,804
2007-06-18,804
2007-06-19,803.5
2007-06-19,804
2007-06-19,803
2007-06-19,804
2007-06-20,803
2007-06-20,803
2007-06-20,803
2007-06-20,803
2007-06-21,801.5
2007-06-21,802
2007-06-21,802
2007-06-21,801
2007-06-22,802.5
2007-06-22,802
2007-06-22,806
2007-06-22,799
2007-06-23,796.5
2007-06-23,796
2007-06-23,797
2007-06-23,796
2007-06-24,794.5
2007-06-24,794
2007-06-24,795
2007-06-24,794
2007-06-25,792.5
2007-06-25,792
2007-06-25,793
2007-06-25,792
2007-06-26,789
2007-06-26,789
2007-06-26,790
2007-06-26,788
2007-06-27,786
2007-06-27,786
2007-06-27,787
2007-06-27,785
2007-06-28,782.5
2007-06-28,782
2007-06-28,783
2007-06-28,782
2007-06-29,780
2007-06-29,780
2007-06-29,780
2007-06-29,780
2007-06-30,777.5
2007-06-30,778
2007-06-30,778
2007-06-30,777
2007-07-01,775.5
2007-07-01,776
2007-07-01,776
2007-07-01,775
2007-07-02,773.5
2007-07-02,774
2007-07-02,774
2007-07-02,773
2007-07-03,771.5
2007-07-03,772
2007-07-03,772
2007-07-03,771
2007-07-04,769.5
2007-07-04,770
2007-07-04,770
2007-07-04,769
2007-07-05,766.5
2007-07-05,766
2007-07-05,767
2007-07-05,766
2007-07-06,764.5
2007-07-06,764
2007-07-06,765
2007-07-06,764
2007-07-07,761
2007-07-07,761
2007-07-07,762
2007-07-07,760
2007-07-08,757.5
2007-07-08,758
2007-07-08,758
2007-07-08,757
2007-07-09,755
2007-07-09,755
2007-07-09,756
2007-07-09,754
2007-07-10,754
2007-07-10,754
2007-07-10,754
2007-07-10,754
2007-07-11,752.5
2007-07-11,752
2007-07-11,753
2007-07-11,752
2007-07-12,749.5
2007-07-12,750
2007-07-12,750
2007-07-12,749
2007-07-13,746.5
2007-07-13,746
2007-07-13,747
2007-07-13,746
2007-07-14,744
2007-07-14,744
2007-07-14,745
2007-07-14,743
2007-07-15,741
2007-07-15,741
2007-07-15,742
2007-07-15,740
2007-07-16,739
2007-07-16,739
2007-07-16,739
2007-07-16,739
2007-07-17,736.5
2007-07-17,736
2007-07-17,737
2007-07-17,736
2007-07-18,734.5
2007-07-18,734
2007-07-18,735
2007-07-18,734
2007-07-19,731
2007-07-19,731
2007-07-19,732
2007-07-19,730
2007-07-20,728.5
2007-07-20,728
2007-07-20,729
2007-07-20,728
2007-07-21,725
2007-07-21,725
2007-07-21,726
2007-07-21,724
2007-07-22,722.5
2007-07-22,722
2007-07-22,723
2007-07-22,722
2007-07-23,719
2007-07-23,719
2007-07-23,720
2007-07-23,718
2007-07-24,715
2007-07-24,715
2007-07-24,716
2007-07-24,714
2007-07-25,711
2007-07-25,711
2007-07-25,712
2007-07-25,710
2007-07-26,707
2007-07-26,707
2007-07-26,708
2007-07-26,706
2007-07-27,703
2007-07-27,703
2007-07-27,704
2007-07-27,702
2007-07-28,699
2007-07-28,699
2007-07-28,700
2007-07-28,698
2007-07-29,695
2007-07-29,695
2007-07-29,696
2007-07-29,694
2007-07-30,691
2007-07-30,691
2007-07-30,692
2007-07-30,690
2007-07-31,688.5
2007-07-31,688
2007-07-31,689
2007-07-31,688
2007-08-01,685
2007-08-01,685
2007-08-01,686
2007-08-01,684
2007-08-02,681
2007-08-02,681
2007-08-02,682
2007-08-02,680
2007-08-03,679
2007-08-03,679
2007-08-03,679
2007-08-03,678
2007-08-04,677
2007-08-04,677
2007-08-04,677
2007-08-04,676
2007-08-05,676
2007-08-05,676
2007-08-05,676
2007-08-05,675
2007-08-06,673
2007-08-06,673
2007-08-06,673
2007-08-06,672
2007-08-07,669
2007-08-07,669
2007-08-07,670
2007-08-07,668
2007-08-08,665
2007-08-08,665
2007-08-08,666
2007-08-08,664
2007-08-09,663
2007-08-09,663
2007-08-09,663
2007-08-09,662
2007-08-10,657
2007-08-10,657
2007-08-10,658
2007-08-10,656
2007-08-11,654
2007-08-11,654
2007-08-11,654
2007-08-11,653
2007-08-12,650
2007-08-12,650
2007-08-12,651
2007-08-12,648
2007-08-13,647
2007-08-13,647
2007-08-13,647
2007-08-13,646
2007-08-14,645
2007-08-14,645
2007-08-14,645
2007-08-14,644
2007-08-15,641
2007-08-15,641
2007-08-15,642
2007-08-15,640
2007-08-16,639
2007-08-16,639
2007-08-16,639
2007-08-16,638
2007-08-17,630
2007-08-17,630
2007-08-17,630
2007-08-17,630
2007-08-18,626
2007-08-18,626
2007-08-18,628
2007-08-18,624
2007-08-19,619
2007-08-19,619
2007-08-19,620
2007-08-19,618
2007-08-20,616
2007-08-20,616
2007-08-20,616
2007-08-20,615
2007-08-21,609
2007-08-21,609
2007-08-21,610
2007-08-21,607
2007-08-22,603
2007-08-22,603
2007-08-22,605
2007-08-22,600
2007-08-23,597
2007-08-23,597
2007-08-23,598
2007-08-23,595
2007-08-24,592
2007-08-24,592
2007-08-24,593
2007-08-24,590
2007-08-25,586
2007-08-25,586
2007-08-25,587
2007-08-25,585
2007-08-26,581
2007-08-26,581
2007-08-26,582
2007-08-26,580
2007-08-27,576
2007-08-27,576
2007-08-27,578
2007-08-27,574
2007-08-28,569
2007-08-28,569
2007-08-28,570
2007-08-28,568
2007-08-29,563
2007-08-29,563
2007-08-29,565
2007-08-29,560
2007-08-30,558
2007-08-30,558
2007-08-30,559
2007-08-30,557
2007-08-31,551
2007-08-31,551
2007-08-31,552
2007-08-31,550
2007-09-01,543.5
2007-09-01,544
2007-09-01,546
2007-09-01,541
2007-09-02,535.5
2007-09-02,536
2007-09-02,537
2007-09-02,534
2007-09-03,528
2007-09-03,528
2007-09-03,530
2007-09-03,526
2007-09-04,519.5
2007-09-04,520
2007-09-04,522
2007-09-04,517
2007-09-05,509.5
2007-09-05,510
2007-09-05,512
2007-09-05,507
2007-09-06,500.5
2007-09-06,500
2007-09-06,503
2007-09-06,498
2007-09-07,491
2007-09-07,491
2007-09-07,493
2007-09-07,489
2007-09-08,481
2007-09-08,481
2007-09-08,484
2007-09-08,478
2007-09-09,471
2007-09-09,471
2007-09-09,473
2007-09-09,469
2007-09-10,461
2007-09-10,461
2007-09-10,464
2007-09-10,458
2007-09-11,451
2007-09-11,451
2007-09-11,453
2007-09-11,449
2007-09-12,442
2007-09-12,442
2007-09-12,445
2007-09-12,439
2007-09-13,432
2007-09-13,432
2007-09-13,435
2007-09-13,429
2007-09-14,421.5
2007-09-14,422
2007-09-14,424
2007-09-14,419
2007-09-15,412
2007-09-15,412
2007-09-15,415
2007-09-15,409
2007-09-16,402
2007-09-16,402
2007-09-16,404
2007-09-16,400
2007-09-17,390
2007-09-17,390
2007-09-17,394
2007-09-17,386
2007-09-18,379.5
2007-09-18,380
2007-09-18,382
2007-09-18,377
2007-09-19,367
2007-09-19,367
2007-09-19,370
2007-09-19,364
2007-09-20,355
2007-09-20,355
2007-09-20,358
2007-09-20,352
2007-09-21,342
2007-09-21,342
2007-09-21,345
2007-09-21,339
2007-09-22,330
2007-09-22,330
2007-09-22,332
2007-09-22,328
2007-09-23,317.5
2007-09-23,318
2007-09-23,320
2007-09-23,315
2007-09-24,307
2007-09-24,307
2007-09-24,310
2007-09-24,304
2007-09-25,297.5
2007-09-25,298
2007-09-25,300
2007-09-25,295
2007-09-26,290
2007-09-26,290
2007-09-26,292
2007-09-26,288
2007-09-27,284
2007-09-27,284
2007-09-27,286
2007-09-27,282
2007-09-28,277.5
2007-09-28,278
2007-09-28,279
2007-09-28,276
2007-09-29,271.5
2007-09-29,272
2007-09-29,273
2007-09-29,270
2007-09-30,266.5
2007-09-30,266
2007-09-30,268
2007-09-30,265
2007-10-01,258.5
2007-10-01,258
2007-10-01,261
2007-10-01,256
2007-10-02,251
2007-10-02,251
2007-10-02,253
2007-10-02,249
2007-10-03,242
2007-10-03,242
2007-10-03,244
2007-10-03,240
2007-10-04,232
2007-10-04,232
2007-10-04,234
2007-10-04,230
2007-10-05,222.5
2007-10-05,222
2007-10-05,223
2007-10-05,222
2007-10-06,212
2007-10-06,212
2007-10-06,214
2007-10-06,210
2007-10-07,202.5
2007-10-07,202
2007-10-07,204
2007-10-07,201
2007-10-08,196.5
2007-10-08,196
2007-10-08,197
2007-10-08,196
2007-10-09,192
2007-10-09,192
2007-10-09,193
2007-10-09,191
2007-10-10,188
2007-10-10,188
2007-10-10,189
2007-10-10,187
2007-10-11,184
2007-10-11,184
2007-10-11,185
2007-10-11,183
2007-10-12,181
2007-10-12,181
2007-10-12,181
2007-10-12,181
2007-10-13,176.5
2007-10-13,176
2007-10-13,179
2007-10-13,174
2007-10-14,170
2007-10-14,170
2007-10-14,172
2007-10-14,168
2007-10-15,164
2007-10-15,164
2007-10-15,165
2007-10-15,163
2007-10-16,159.5
2007-10-16,160
2007-10-16,163
2007-10-16,156
2007-10-17,154
2007-10-17,154
2007-10-17,156
2007-10-17,152
2007-10-18,146.5
2007-10-18,146
2007-10-18,149
2007-10-18,144
2007-10-19,140.5
2007-10-19,140
2007-10-19,142
2007-10-19,139
2007-10-20,133.5
2007-10-20,134
2007-10-20,135
2007-10-20,132
2007-10-21,126
2007-10-21,126
2007-10-21,128
2007-10-21,124
2007-10-22,123
2007-10-22,123
2007-10-22,124
2007-10-22,122
2007-10-23,122.5
2007-10-23,123
2007-10-23,122
2007-10-23,123
2007-10-24,121.5
2007-10-24,122
2007-10-24,121
2007-10-24,122
2007-10-25,123
2007-10-25,123
2007-10-25,123
2007-10-25,123
2007-10-26,125.5
2007-10-26,125
2007-10-26,124
2007-10-26,127
2007-10-27,129
2007-10-27,129
2007-10-27,128
2007-10-27,130
2007-10-28,132.5
2007-10-28,132
2007-10-28,132
2007-10-28,133
2007-10-29,133.5
2007-10-29,134
2007-10-29,133
2007-10-29,134
2007-10-30,131
2007-10-30,131
2007-10-30,132
2007-10-30,130
2007-10-31,130
2007-10-31,130
2007-10-31,129
2007-10-31,131
2007-11-01,130.5
2007-11-01,130
2007-11-01,131
2007-11-01,130
2007-11-02,126
2007-11-02,126
2007-11-02,127
2007-11-02,125
2007-11-03,123.5
2007-11-03,124
2007-11-03,124
2007-11-03,123
2007-11-04,123
2007-11-04,123
2007-11-04,123
2007-11-04,123
2007-11-05,123.5
2007-11-05,124
2007-11-05,123
2007-11-05,124
2007-11-06,125.5
2007-11-06,125
2007-11-06,125
2007-11-06,126
2007-11-07,127.5
2007-11-07,127
2007-11-07,127
2007-11-07,128
2007-11-08,131
2007-11-08,131
2007-11-08,130
2007-11-08,132
2007-11-09,133.5
2007-11-09,134
2007-11-09,133
2007-11-09,134
2007-11-10,140
2007-11-10,140
2007-11-10,140
2007-11-10,140
2007-11-11,141
2007-11-11,141
2007-11-11,141
2007-11-11,141
2007-11-12,143.5
2007-11-12,144
2007-11-12,142
2007-11-12,145
2007-11-13,146
2007-11-13,146
2007-11-13,146
2007-11-13,146
2007-11-14,147.5
2007-11-14,148
2007-11-14,147
2007-11-14,148
2007-11-15,149
2007-11-15,149
2007-11-15,149
2007-11-15,149
2007-11-16,149.5
2007-11-16,150
2007-11-16,149
2007-11-16,150
2007-11-17,152.5
2007-11-17,152
2007-11-17,152
2007-11-17,153
2007-11-18,155.5
2007-11-18,156
2007-11-18,155
2007-11-18,156
2007-11-19,157
2007-11-19,157
2007-11-19,156
2007-11-19,158
2007-11-20,161.5
2007-11-20,162
2007-11-20,160
2007-11-20,163
2007-11-21,164.5
2007-11-21,164
2007-11-21,164
2007-11-21,165
2007-11-22,167
2007-11-22,167
2007-11-22,166
2007-11-22,168
2007-11-23,171.5
2007-11-23,172
2007-11-23,170
2007-11-23,173
2007-11-24,177.5
2007-11-24,178
2007-11-24,176
2007-11-24,179
2007-11-25,181.5
2007-11-25,182
2007-11-25,180
2007-11-25,183
2007-11-26,186
2007-11-26,186
2007-11-26,185
2007-11-26,187
2007-11-27,188.5
2007-11-27,188
2007-11-27,188
2007-11-27,189
2007-11-28,193
2007-11-28,193
2007-11-28,191
2007-11-28,195
2007-11-29,198.5
2007-11-29,198
2007-11-29,198
2007-11-29,199
2007-11-30,199.5
2007-11-30,200
2007-11-30,199
2007-11-30,200
2007-12-01,200
2007-12-01,200
2007-12-01,200
2007-12-01,200
2007-12-02,200.5
2007-12-02,200
2007-12-02,200
2007-12-02,201
2007-12-03,203.5
2007-12-03,204
2007-12-03,202
2007-12-03,205
2007-12-04,207
2007-12-04,207
2007-12-04,206
2007-12-04,208
2007-12-05,209.5
2007-12-05,210
2007-12-05,209
2007-12-05,210
2007-12-06,212.5
2007-12-06,212
2007-12-06,212
2007-12-06,213
2007-12-07,217.5
2007-12-07,217
2007-12-07,216
2007-12-07,219
2007-12-08,226
2007-12-08,226
2007-12-08,224
2007-12-08,228
2007-12-09,232.5
2007-12-09,233
2007-12-09,232
2007-12-09,233
2007-12-10,237
2007-12-10,237
2007-12-10,234
2007-12-10,240
2007-12-11,244
2007-12-11,244
2007-12-11,242
2007-12-11,246
2007-12-12,250.5
2007-12-12,250
2007-12-12,249
2007-12-12,252
2007-12-13,257
2007-12-13,257
2007-12-13,256
2007-12-13,258
2007-12-14,265.5
2007-12-14,266
2007-12-14,264
2007-12-14,267
2007-12-15,273
2007-12-15,273
2007-12-15,270
2007-12-15,276
2007-12-16,276
2007-12-16,276
2007-12-16,276
2007-12-16,276
2007-12-17,277.5
2007-12-17,278
2007-12-17,278
2007-12-17,277
2007-12-18,280
2007-12-18,280
2007-12-18,280
2007-12-18,280
2007-12-19,283
2007-12-19,283
2007-12-19,282
2007-12-19,284
2007-12-20,289.5
2007-12-20,290
2007-12-20,288
2007-12-20,291
2007-12-21,294
2007-12-21,294
2007-12-21,293
2007-12-21,295
2007-12-22,297.5
2007-12-22,298
2007-12-22,297
2007-12-22,298
2007-12-23,304.5
2007-12-23,304
2007-12-23,303
2007-12-23,306
2007-12-24,311
2007-12-24,311
2007-12-24,310
2007-12-24,312
2007-12-25,314
2007-12-25,314
2007-12-25,313
2007-12-25,315
2007-12-26,319.5
2007-12-26,320
2007-12-26,319
2007-12-26,320
2007-12-27,322
2007-12-27,322
2007-12-27,322
2007-12-27,322
2007-12-28,324.5
2007-12-28,324
2007-12-28,324
2007-12-28,325
2007-12-29,333
2007-12-29,333
2007-12-29,331
2007-12-29,335
2007-12-30,339
2007-12-30,339
2007-12-30,338
2007-12-30,340
2007-12-31,343
2007-12-31,343
2007-12-31,342
2007-12-31,344
2008-01-01,346.5
2008-01-01,346
2008-01-01,346
2008-01-01,347
2008-01-02,349
2008-01-02,349
2008-01-02,348
2008-01-02,350
2008-01-03,352
2008-01-03,352
2008-01-03,351
2008-01-03,353
2008-01-04,356
2008-01-04,356
2008-01-04,355
2008-01-04,357
2008-01-05,359.5
2008-01-05,360
2008-01-05,359
2008-01-05,360
2008-01-06,364.5
2008-01-06,364
2008-01-06,364
2008-01-06,365
2008-01-07,370
2008-01-07,370
2008-01-07,369
2008-01-07,371
2008-01-08,376
2008-01-08,376
2008-01-08,375
2008-01-08,377
2008-01-09,381.5
2008-01-09,382
2008-01-09,379
2008-01-09,384
2008-01-10,389.5
2008-01-10,390
2008-01-10,387
2008-01-10,392
2008-01-11,397
2008-01-11,397
2008-01-11,396
2008-01-11,398
2008-01-12,400
2008-01-12,400
2008-01-12,400
2008-01-12,400
2008-01-13,403
2008-01-13,403
2008-01-13,401
2008-01-13,405
2008-01-14,410
2008-01-14,410
2008-01-14,407
2008-01-14,413
2008-01-15,419.5
2008-01-15,420
2008-01-15,418
2008-01-15,421
2008-01-16,427.5
2008-01-16,428
2008-01-16,425
2008-01-16,430
2008-01-17,435
2008-01-17,435
2008-01-17,433
2008-01-17,437
2008-01-18,441.5
2008-01-18,442
2008-01-18,440
2008-01-18,443
2008-01-19,449
2008-01-19,449
2008-01-19,448
2008-01-19,450
2008-01-20,455
2008-01-20,455
2008-01-20,454
2008-01-20,456
2008-01-21,461
2008-01-21,461
2008-01-21,459
2008-01-21,463
2008-01-22,467
2008-01-22,467
2008-01-22,466
2008-01-22,468
2008-01-23,472.5
2008-01-23,472
2008-01-23,470
2008-01-23,475
2008-01-24,477
2008-01-24,477
2008-01-24,476
2008-01-24,478
2008-01-25,483
2008-01-25,483
2008-01-25,480
2008-01-25,486
2008-01-26,489
2008-01-26,489
2008-01-26,488
2008-01-26,490
2008-01-27,493.5
2008-01-27,493
2008-01-27,492
2008-01-27,495
2008-01-28,500.5
2008-01-28,500
2008-01-28,497
2008-01-28,504
2008-01-29,509
2008-01-29,509
2008-01-29,508
2008-01-29,510
2008-01-30,514.5
2008-01-30,514
2008-01-30,513
2008-01-30,516
2008-01-31,521
2008-01-31,521
2008-01-31,520
2008-01-31,522
2008-02-01,525
2008-02-01,525
2008-02-01,524
2008-02-01,526
2008-02-02,528
2008-02-02,527.5
2008-02-02,527
2008-02-02,528
2008-02-03,528
2008-02-03,528.5
2008-02-03,528
2008-02-03,529
2008-02-04,531
2008-02-04,531
2008-02-04,530
2008-02-04,532
2008-02-05,538
2008-02-05,537.5
2008-02-05,536
2008-02-05,539
2008-02-06,544
2008-02-06,543.5
2008-02-06,542
2008-02-06,545
2008-02-07,549
2008-02-07,549
2008-02-07,548
2008-02-07,550
2008-02-08,554
2008-02-08,554
2008-02-08,553
2008-02-08,555
2008-02-09,556
2008-02-09,556.5
2008-02-09,556
2008-02-09,557
2008-02-10,559
2008-02-10,559
2008-02-10,558
2008-02-10,560
2008-02-11,565
2008-02-11,565
2008-02-11,564
2008-02-11,566
2008-02-12,570
2008-02-12,569.5
2008-02-12,569
2008-02-12,570
2008-02-13,574
2008-02-13,573.5
2008-02-13,572
2008-02-13,575
2008-02-14,578
2008-02-14,578
2008-02-14,577
2008-02-14,579
2008-02-15,582
2008-02-15,582
2008-02-15,581
2008-02-15,583
2008-02-16,588
2008-02-16,587.5
2008-02-16,586
2008-02-16,589
2008-02-17,592
2008-02-17,591.5
2008-02-17,590
2008-02-17,593
2008-02-18,596
2008-02-18,595.5
2008-02-18,595
2008-02-18,596
2008-02-19,600
2008-02-19,600
2008-02-19,598
2008-02-19,602
2008-02-20,606
2008-02-20,606.5
2008-02-20,605
2008-02-20,608
2008-02-21,613
2008-02-21,613
2008-02-21,612
2008-02-21,614
2008-02-22,618
2008-02-22,618.5
2008-02-22,617
2008-02-22,620
2008-02-23,624
2008-02-23,624.5
2008-02-23,624
2008-02-23,625
2008-02-24,629
2008-02-24,629
2008-02-24,628
2008-02-24,630
2008-02-25,634
2008-02-25,634
2008-02-25,633
2008-02-25,635
2008-02-26,636
2008-02-26,636.5
2008-02-26,636
2008-02-26,637
2008-02-27,640
2008-02-27,639.5
2008-02-27,639
2008-02-27,640
2008-02-28,642
2008-02-28,641.5
2008-02-28,641
2008-02-28,642
2008-02-29,642
2008-02-29,642.5
2008-02-29,642
2008-02-29,643
2008-03-01,647
2008-03-01,647
2008-03-01,646
2008-03-01,648
2008-03-02,650
2008-03-02,650
2008-03-02,650
2008-03-02,650
2008-03-03,651
2008-03-03,651
2008-03-03,651
2008-03-03,651
2008-03-04,652
2008-03-04,652
2008-03-04,652
2008-03-04,652
2008-03-05,653
2008-03-05,653
2008-03-05,653
2008-03-05,653
2008-03-06,660
2008-03-06,660
2008-03-06,658
2008-03-06,662
2008-03-07,664.5
2008-03-07,664
2008-03-07,663
2008-03-07,666
2008-03-08,670
2008-03-08,670
2008-03-08,670
2008-03-08,670
2008-03-09,672.5
2008-03-09,672
2008-03-09,672
2008-03-09,673
2008-03-10,676.5
2008-03-10,676
2008-03-10,676
2008-03-10,677
2008-03-11,684.5
2008-03-11,684
2008-03-11,686
2008-03-11,683
2008-03-12,694.5
2008-03-12,694
2008-03-12,693
2008-03-12,696
2008-03-13,701.5
2008-03-13,702
2008-03-13,700
2008-03-13,703
2008-03-14,708.5
2008-03-14,708
2008-03-14,706
2008-03-14,711
2008-03-15,715.5
2008-03-15,716
2008-03-15,715
2008-03-15,716
2008-03-16,719
2008-03-16,719
2008-03-16,718
2008-03-16,720
2008-03-17,722
2008-03-17,722
2008-03-17,722
2008-03-17,722
2008-03-18,723.5
2008-03-18,724
2008-03-18,723
2008-03-18,724
2008-03-19,724
2008-03-19,724
2008-03-19,724
2008-03-19,724
2008-03-20,724.5
2008-03-20,724
2008-03-20,725
2008-03-20,724
2008-03-21,725
2008-03-21,725
2008-03-21,725
2008-03-21,725
2008-03-22,725
2008-03-22,725
2008-03-22,725
2008-03-22,725
2008-03-23,727
2008-03-23,727
2008-03-23,726
2008-03-23,728
2008-03-24,731.5
2008-03-24,732
2008-03-24,731
2008-03-24,732
2008-03-25,734
2008-03-25,734
2008-03-25,734
2008-03-25,734
2008-03-26,737.5
2008-03-26,738
2008-03-26,737
2008-03-26,738
2008-03-27,741
2008-03-27,741
2008-03-27,739
2008-03-27,743
2008-03-28,745
2008-03-28,745
2008-03-28,744
2008-03-28,746
2008-03-29,748.5
2008-03-29,748
2008-03-29,748
2008-03-29,749
2008-03-30,750
2008-03-30,750
2008-03-30,750
2008-03-30,750
2008-03-31,755.5
2008-03-31,756
2008-03-31,754
2008-03-31,757
2008-04-01,759
2008-04-01,759
2008-04-01,758
2008-04-01,760
2008-04-02,764
2008-04-02,763.5
2008-04-02,763
2008-04-02,764
2008-04-03,766
2008-04-03,765.5
2008-04-03,765
2008-04-03,766
2008-04-04,769
2008-04-04,769
2008-04-04,768
2008-04-04,770
2008-04-05,772
2008-04-05,772.5
2008-04-05,772
2008-04-05,773
2008-04-06,774
2008-04-06,774.5
2008-04-06,774
2008-04-06,775
2008-04-07,776
2008-04-07,776.5
2008-04-07,776
2008-04-07,777
2008-04-08,778
2008-04-08,777.5
2008-04-08,777
2008-04-08,778
2008-04-09,778
2008-04-09,778
2008-04-09,778
2008-04-09,778
2008-04-10,778
2008-04-10,778
2008-04-10,778
2008-04-10,778
2008-04-11,779
2008-04-11,779
2008-04-11,778
2008-04-11,780
2008-04-12,782
2008-04-12,782
2008-04-12,781
2008-04-12,783
2008-04-13,786
2008-04-13,785.5
2008-04-13,785
2008-04-13,786
2008-04-14,788
2008-04-14,787.5
2008-04-14,787
2008-04-14,788
2008-04-15,790
2008-04-15,789.5
2008-04-15,789
2008-04-15,790
2008-04-16,791
2008-04-16,791
2008-04-16,790
2008-04-16,792
2008-04-17,792
2008-04-17,792.5
2008-04-17,792
2008-04-17,793
2008-04-18,794
2008-04-18,794
2008-04-18,793
2008-04-18,795
2008-04-19,798
2008-04-19,798
2008-04-19,798
2008-04-19,798
2008-04-20,802
2008-04-20,802
2008-04-20,802
2008-04-20,802
2008-04-21,804
2008-04-21,804
2008-04-21,804
2008-04-21,804
2008-04-22,806
2008-04-22,806.5
2008-04-22,805
2008-04-22,808
2008-04-23,811
2008-04-23,811
2008-04-23,810
2008-04-23,812
2008-04-24,814
2008-04-24,814.5
2008-04-24,814
2008-04-24,815
2008-04-25,816
2008-04-25,816.5
2008-04-25,816
2008-04-25,817
2008-04-26,820
2008-04-26,820.5
2008-04-26,820
2008-04-26,821
2008-04-27,822
2008-04-27,822.5
2008-04-27,822
2008-04-27,823
2008-04-28,824
2008-04-28,824
2008-04-28,823
2008-04-28,825
2008-04-29,828
2008-04-29,828.5
2008-04-29,828
2008-04-29,829
2008-04-30,829
2008-04-30,829
2008-04-30,829
2008-04-30,829
2008-05-01,827.5
2008-05-01,828
2008-05-01,828
2008-05-01,827
2008-05-02,826.5
2008-05-02,826
2008-05-02,826
2008-05-02,827
2008-05-03,828
2008-05-03,828
2008-05-03,827
2008-05-03,829
2008-05-04,830.5
2008-05-04,830
2008-05-04,830
2008-05-04,831
2008-05-05,831.5
2008-05-05,832
2008-05-05,832
2008-05-05,831
2008-05-06,830
2008-05-06,830
2008-05-06,830
2008-05-06,830
2008-05-07,832.5
2008-05-07,832
2008-05-07,832
2008-05-07,833
2008-05-08,834.5
2008-05-08,835
2008-05-08,834
2008-05-08,835
2008-05-09,838
2008-05-09,838
2008-05-09,836
2008-05-09,840
2008-05-10,841
2008-05-10,841
2008-05-10,840
2008-05-10,842
2008-05-11,842
2008-05-11,842
2008-05-11,842
2008-05-11,842
2008-05-12,845
2008-05-12,845
2008-05-12,844
2008-05-12,846
2008-05-13,845.5
2008-05-13,846
2008-05-13,845
2008-05-13,846
2008-05-14,847.5
2008-05-14,848
2008-05-14,846
2008-05-14,849
2008-05-15,848.5
2008-05-15,848
2008-05-15,849
2008-05-15,848
2008-05-16,848
2008-05-16,848
2008-05-16,848
2008-05-16,848
2008-05-17,848
2008-05-17,848
2008-05-17,848
2008-05-17,848
2008-05-18,849
2008-05-18,849
2008-05-18,849
2008-05-18,849
2008-05-19,849.5
2008-05-19,849
2008-05-19,849
2008-05-19,850
2008-05-20,850.5
2008-05-20,851
2008-05-20,850
2008-05-20,851
2008-05-21,852.5
2008-05-21,852
2008-05-21,852
2008-05-21,853
2008-05-22,853.5
2008-05-22,854
2008-05-22,853
2008-05-22,854
2008-05-23,855
2008-05-23,855
2008-05-23,855
2008-05-23,855
2008-05-24,853.5
2008-05-24,854
2008-05-24,853
2008-05-24,854
2008-05-25,854
2008-05-25,854
2008-05-25,854
2008-05-25,854
2008-05-26,854.5
2008-05-26,854
2008-05-26,855
2008-05-26,854
2008-05-27,853.5
2008-05-27,854
2008-05-27,853
2008-05-27,854
2008-05-28,854
2008-05-28,854
2008-05-28,854
2008-05-28,854
2008-05-29,855
2008-05-29,855
2008-05-29,855
2008-05-29,855
2008-05-30,853.5
2008-05-30,854
2008-05-30,854
2008-05-30,853
2008-05-31,853.5
2008-05-31,854
2008-05-31,853
2008-05-31,854
2008-06-01,855.5
2008-06-01,856
2008-06-01,855
2008-06-01,856
2008-06-02,854.5
2008-06-02,854
2008-06-02,855
2008-06-02,854
2008-06-03,854.5
2008-06-03,854
2008-06-03,854
2008-06-03,855
2008-06-04,856
2008-06-04,856
2008-06-04,856
2008-06-04,856
2008-06-05,856
2008-06-05,856
2008-06-05,856
2008-06-05,856
2008-06-06,855
2008-06-06,855
2008-06-06,855
2008-06-06,855
2008-06-07,856
2008-06-07,856
2008-06-07,856
2008-06-07,856
2008-06-08,855
2008-06-08,855
2008-06-08,855
2008-06-08,855
2008-06-09,856
2008-06-09,856
2008-06-09,856
2008-06-09,856
2008-06-10,855.5
2008-06-10,856
2008-06-10,855
2008-06-10,856
2008-06-11,855
2008-06-11,855
2008-06-11,855
2008-06-11,855
2008-06-12,855
2008-06-12,855
2008-06-12,855
2008-06-12,855
2008-06-13,856.5
2008-06-13,856
2008-06-13,856
2008-06-13,857
2008-06-14,855
2008-06-14,855
2008-06-14,855
2008-06-14,855
2008-06-15,855.5
2008-06-15,856
2008-06-15,856
2008-06-15,855
2008-06-16,856
2008-06-16,856
2008-06-16,856
2008-06-16,856
2008-06-17,855
2008-06-17,855
2008-06-17,855
2008-06-17,855
2008-06-18,856.5
2008-06-18,856
2008-06-18,855
2008-06-18,858
2008-06-19,857
2008-06-19,857
2008-06-19,857
2008-06-19,857
2008-06-20,857
2008-06-20,857
2008-06-20,857
2008-06-20,857
2008-06-21,856.5
2008-06-21,856
2008-06-21,856
2008-06-21,857
2008-06-22,856.5
2008-06-22,856
2008-06-22,857
2008-06-22,856
2008-06-23,855
2008-06-23,855
2008-06-23,855
2008-06-23,855
2008-06-24,854
2008-06-24,854
2008-06-24,854
2008-06-24,854
2008-06-25,853
2008-06-25,853
2008-06-25,853
2008-06-25,853
2008-06-26,852
2008-06-26,852
2008-06-26,852
2008-06-26,852
2008-06-27,850.5
2008-06-27,851
2008-06-27,851
2008-06-27,850
2008-06-28,847.5
2008-06-28,848
2008-06-28,848
2008-06-28,847
2008-06-29,846
2008-06-29,846
2008-06-29,846
2008-06-29,846
2008-06-30,843
2008-06-30,843
2008-06-30,844
2008-06-30,842
2008-07-01,840.5
2008-07-01,840
2008-07-01,841
2008-07-01,840
2008-07-02,837.5
2008-07-02,838
2008-07-02,838
2008-07-02,837
2008-07-03,835
2008-07-03,835
2008-07-03,835
2008-07-03,835
2008-07-04,834
2008-07-04,834
2008-07-04,834
2008-07-04,834
2008-07-05,831
2008-07-05,831
2008-07-05,832
2008-07-05,830
2008-07-06,827.5
2008-07-06,828
2008-07-06,828
2008-07-06,827
2008-07-07,825
2008-07-07,825
2008-07-07,826
2008-07-07,824
2008-07-08,821.5
2008-07-08,822
2008-07-08,822
2008-07-08,821
2008-07-09,819.5
2008-07-09,820
2008-07-09,820
2008-07-09,819
2008-07-10,816.5
2008-07-10,816
2008-07-10,817
2008-07-10,816
2008-07-11,814.5
2008-07-11,814
2008-07-11,815
2008-07-11,814
2008-07-12,811.5
2008-07-12,812
2008-07-12,813
2008-07-12,810
2008-07-13,807
2008-07-13,807
2008-07-13,808
2008-07-13,806
2008-07-14,803
2008-07-14,803
2008-07-14,804
2008-07-14,802
2008-07-15,797.5
2008-07-15,798
2008-07-15,799
2008-07-15,796
2008-07-16,792
2008-07-16,792
2008-07-16,794
2008-07-16,790
2008-07-17,786
2008-07-17,786
2008-07-17,788
2008-07-17,784
2008-07-18,780.5
2008-07-18,780
2008-07-18,782
2008-07-18,779
2008-07-19,775.5
2008-07-19,776
2008-07-19,777
2008-07-19,774
2008-07-20,770.5
2008-07-20,770
2008-07-20,771
2008-07-20,770
2008-07-21,766
2008-07-21,766
2008-07-21,768
2008-07-21,764
2008-07-22,760.5
2008-07-22,760
2008-07-22,761
2008-07-22,760
2008-07-23,758.5
2008-07-23,758
2008-07-23,759
2008-07-23,758
2008-07-24,754
2008-07-24,754
2008-07-24,755
2008-07-24,753
2008-07-25,751
2008-07-25,751
2008-07-25,751
2008-07-25,751
2008-07-26,748.5
2008-07-26,748
2008-07-26,750
2008-07-26,747
2008-07-27,743.5
2008-07-27,744
2008-07-27,745
2008-07-27,742
2008-07-28,739
2008-07-28,739
2008-07-28,740
2008-07-28,738
2008-07-29,735
2008-07-29,735
2008-07-29,736
2008-07-29,734
2008-07-30,732
2008-07-30,732
2008-07-30,732
2008-07-30,732
2008-07-31,729.5
2008-07-31,730
2008-07-31,730
2008-07-31,729
2008-08-01,726
2008-08-01,726
2008-08-01,727
2008-08-01,725
2008-08-02,720
2008-08-02,720
2008-08-02,722
2008-08-02,718
2008-08-03,714
2008-08-03,714
2008-08-03,715
2008-08-03,713
2008-08-04,709
2008-08-04,709
2008-08-04,710
2008-08-04,708
2008-08-05,705
2008-08-05,705
2008-08-05,706
2008-08-05,704
2008-08-06,701
2008-08-06,701
2008-08-06,702
2008-08-06,700
2008-08-07,698
2008-08-07,698
2008-08-07,699
2008-08-07,697
2008-08-08,692.5
2008-08-08,692
2008-08-08,695
2008-08-08,690
2008-08-09,684
2008-08-09,684
2008-08-09,686
2008-08-09,682
2008-08-10,679
2008-08-10,679
2008-08-10,680
2008-08-10,678
2008-08-11,671.5
2008-08-11,672
2008-08-11,675
2008-08-11,668
2008-08-12,663
2008-08-12,663
2008-08-12,664
2008-08-12,662
2008-08-13,656.5
2008-08-13,656
2008-08-13,659
2008-08-13,654
2008-08-14,649.5
2008-08-14,650
2008-08-14,651
2008-08-14,648
2008-08-15,645
2008-08-15,645
2008-08-15,646
2008-08-15,644
2008-08-16,638
2008-08-16,638
2008-08-16,640
2008-08-16,636
2008-08-17,630
2008-08-17,630
2008-08-17,632
2008-08-17,628
2008-08-18,624.5
2008-08-18,624
2008-08-18,625
2008-08-18,624
2008-08-19,621.5
2008-08-19,622
2008-08-19,622
2008-08-19,621
2008-08-20,619
2008-08-20,619
2008-08-20,620
2008-08-20,618
2008-08-21,615
2008-08-21,615
2008-08-21,616
2008-08-21,614
2008-08-22,610
2008-08-22,610
2008-08-22,612
2008-08-22,608
2008-08-23,603
2008-08-23,603
2008-08-23,604
2008-08-23,602
2008-08-24,599
2008-08-24,599
2008-08-24,600
2008-08-24,598
2008-08-25,593
2008-08-25,593
2008-08-25,595
2008-08-25,591
2008-08-26,587
2008-08-26,587
2008-08-26,588
2008-08-26,586
2008-08-27,581
2008-08-27,581
2008-08-27,582
2008-08-27,580
2008-08-28,576.5
2008-08-28,576
2008-08-28,578
2008-08-28,575
2008-08-29,569.5
2008-08-29,570
2008-08-29,572
2008-08-29,567
2008-08-30,561.5
2008-08-30,562
2008-08-30,563
2008-08-30,560
2008-08-31,555
2008-08-31,555
2008-08-31,557
2008-08-31,553
2008-09-01,549
2008-09-01,549
2008-09-01,550
2008-09-01,548
2008-09-02,543
2008-09-02,543
2008-09-02,544
2008-09-02,542
2008-09-03,537.5
2008-09-03,538
2008-09-03,540
2008-09-03,535
2008-09-04,529
2008-09-04,529
2008-09-04,532
2008-09-04,526
2008-09-05,519.5
2008-09-05,520
2008-09-05,522
2008-09-05,517
2008-09-06,515.5
2008-09-06,516
2008-09-06,514
2008-09-06,517
2008-09-07,501
2008-09-07,501
2008-09-07,503
2008-09-07,499
2008-09-08,493
2008-09-08,493
2008-09-08,495
2008-09-08,491
2008-09-09,484
2008-09-09,484
2008-09-09,487
2008-09-09,481
2008-09-10,472
2008-09-10,472
2008-09-10,475
2008-09-10,469
2008-09-11,461.5
2008-09-11,462
2008-09-11,465
2008-09-11,458
2008-09-12,448
2008-09-12,448
2008-09-12,450
2008-09-12,446
2008-09-13,440
2008-09-13,440
2008-09-13,442
2008-09-13,438
2008-09-14,427.5
2008-09-14,428
2008-09-14,433
2008-09-14,422
2008-09-15,422
2008-09-15,422
2008-09-15,424
2008-09-15,420
2008-09-16,414
2008-09-16,414
2008-09-16,416
2008-09-16,412
2008-09-17,406.5
2008-09-17,407
2008-09-17,409
2008-09-17,404
2008-09-18,399.5
2008-09-18,400
2008-09-18,400
2008-09-18,399
2008-09-19,393
2008-09-19,393
2008-09-19,395
2008-09-19,391
2008-09-20,378
2008-09-20,378
2008-09-20,380
2008-09-20,376
2008-09-21,367.5
2008-09-21,368
2008-09-21,370
2008-09-21,365
2008-09-22,355.5
2008-09-22,356
2008-09-22,355
2008-09-22,356
2008-09-23,348.5
2008-09-23,348
2008-09-23,349
2008-09-23,348
2008-09-24,345
2008-09-24,345
2008-09-24,346
2008-09-24,344
2008-09-25,341
2008-09-25,341
2008-09-25,342
2008-09-25,340
2008-09-26,337
2008-09-26,337
2008-09-26,338
2008-09-26,336
2008-09-27,329
2008-09-27,329
2008-09-27,330
2008-09-27,328
2008-09-28,325.5
2008-09-28,326
2008-09-28,326
2008-09-28,325
2008-09-29,299
2008-09-29,299
2008-09-29,300
2008-09-29,298
2008-09-30,291.5
2008-09-30,292
2008-09-30,295
2008-09-30,288
2008-10-01,285
2008-10-01,285
2008-10-01,286
2008-10-01,284
2008-10-02,278
2008-10-02,278
2008-10-02,280
2008-10-02,276
2008-10-03,270
2008-10-03,270
2008-10-03,272
2008-10-03,268
2008-10-04,262
2008-10-04,262
2008-10-04,264
2008-10-04,260
2008-10-05,256
2008-10-05,255.5
2008-10-05,257
2008-10-05,254
2008-10-06,250
2008-10-06,250
2008-10-06,251
2008-10-06,249
2008-10-07,244
2008-10-07,244.5
2008-10-07,246
2008-10-07,243
2008-10-08,232
2008-10-08,232
2008-10-08,234
2008-10-08,230
2008-10-09,224
2008-10-09,223.5
2008-10-09,225
2008-10-09,222
2008-10-10,217
2008-10-10,217.5
2008-10-10,218
2008-10-10,217
2008-10-11,212
2008-10-11,212
2008-10-11,213
2008-10-11,211
2008-10-12,210
2008-10-12,210
2008-10-12,210
2008-10-12,210
2008-10-13,210
2008-10-13,210.5
2008-10-13,211
2008-10-13,210
2008-10-14,210
2008-10-14,210
2008-10-14,210
2008-10-14,210
2008-10-15,211
2008-10-15,211
2008-10-15,212
2008-10-15,210
2008-10-16,211
2008-10-16,211
2008-10-16,212
2008-10-16,210
2008-10-17,210
2008-10-17,210.5
2008-10-17,212
2008-10-17,209
2008-10-18,207
2008-10-18,207
2008-10-18,209
2008-10-18,205
2008-10-19,204
2008-10-19,204
2008-10-19,206
2008-10-19,202
2008-10-20,198
2008-10-20,197.5
2008-10-20,199
2008-10-20,196
2008-10-21,194
2008-10-21,193.5
2008-10-21,195
2008-10-21,192
2008-10-22,190
2008-10-22,189.5
2008-10-22,191
2008-10-22,188
2008-10-23,185
2008-10-23,185
2008-10-23,185
2008-10-23,185
2008-10-24,180
2008-10-24,180
2008-10-24,181
2008-10-24,179
2008-10-25,178
2008-10-25,178
2008-10-25,179
2008-10-25,177
2008-10-26,180
2008-10-26,179.5
2008-10-26,181
2008-10-26,178
2008-10-27,175
2008-10-27,175
2008-10-27,176
2008-10-27,174
2008-10-28,173
2008-10-28,173
2008-10-28,174
2008-10-28,172
2008-10-29,172
2008-10-29,171.5
2008-10-29,173
2008-10-29,170
2008-10-30,171
2008-10-30,171
2008-10-30,171
2008-10-30,171
2008-10-31,171
2008-10-31,171
2008-10-31,171
2008-10-31,171
2008-11-01,168
2008-11-01,168
2008-11-01,170
2008-11-01,166
2008-11-02,167.5
2008-11-02,168
2008-11-02,169
2008-11-02,166
2008-11-03,165.5
2008-11-03,166
2008-11-03,167
2008-11-03,164
2008-11-04,163
2008-11-04,163
2008-11-04,164
2008-11-04,162
2008-11-05,162.5
2008-11-05,162
2008-11-05,163
2008-11-05,162
2008-11-06,162
2008-11-06,162
2008-11-06,162
2008-11-06,162
2008-11-07,159
2008-11-07,159
2008-11-07,160
2008-11-07,158
2008-11-08,157
2008-11-08,157
2008-11-08,157
2008-11-08,157
2008-11-09,154.5
2008-11-09,154
2008-11-09,155
2008-11-09,154
2008-11-10,156.5
2008-11-10,156
2008-11-10,156
2008-11-10,157
2008-11-11,160.5
2008-11-11,160
2008-11-11,160
2008-11-11,161
2008-11-12,165
2008-11-12,165
2008-11-12,164
2008-11-12,166
2008-11-13,170
2008-11-13,170
2008-11-13,169
2008-11-13,171
2008-11-14,174
2008-11-14,174
2008-11-14,174
2008-11-14,174
2008-11-15,178.5
2008-11-15,178
2008-11-15,179
2008-11-15,178
2008-11-16,183
2008-11-16,183
2008-11-16,183
2008-11-16,183
2008-11-17,188
2008-11-17,188
2008-11-17,185
2008-11-17,191
2008-11-18,193
2008-11-18,193
2008-11-18,193
2008-11-18,193
2008-11-19,193
2008-11-19,193
2008-11-19,193
2008-11-19,193
2008-11-20,194
2008-11-20,194
2008-11-20,193
2008-11-20,195
2008-11-21,197
2008-11-21,197
2008-11-21,196
2008-11-21,198
2008-11-22,200
2008-11-22,200
2008-11-22,199
2008-11-22,201
2008-11-23,202
2008-11-23,202
2008-11-23,202
2008-11-23,202
2008-11-24,204
2008-11-24,204
2008-11-24,204
2008-11-24,204
2008-11-25,207
2008-11-25,207
2008-11-25,207
2008-11-25,207
2008-11-26,210
2008-11-26,210
2008-11-26,210
2008-11-26,210
2008-11-27,214
2008-11-27,214
2008-11-27,213
2008-11-27,215
2008-11-28,218
2008-11-28,218
2008-11-28,217
2008-11-28,219
2008-11-29,219.5
2008-11-29,219
2008-11-29,220
2008-11-29,219
2008-11-30,223
2008-11-30,223
2008-11-30,223
2008-11-30,223
2008-12-01,224
2008-12-01,224
2008-12-01,224
2008-12-01,224
2008-12-02,231
2008-12-02,230.5
2008-12-02,230
2008-12-02,231
2008-12-03,234
2008-12-03,234
2008-12-03,233
2008-12-03,235
2008-12-04,237
2008-12-04,236.5
2008-12-04,236
2008-12-04,237
2008-12-05,239
2008-12-05,239
2008-12-05,239
2008-12-05,239
2008-12-06,242
2008-12-06,241.5
2008-12-06,241
2008-12-06,242
2008-12-07,243
2008-12-07,243
2008-12-07,244
2008-12-07,242
2008-12-08,254
2008-12-08,253.5
2008-12-08,252
2008-12-08,255
2008-12-09,258
2008-12-09,257.5
2008-12-09,257
2008-12-09,258
2008-12-10,261
2008-12-10,261
2008-12-10,260
2008-12-10,262
2008-12-11,268
2008-12-11,267.5
2008-12-11,267
2008-12-11,268
2008-12-12,273
2008-12-12,273
2008-12-12,272
2008-12-12,274
2008-12-13,279
2008-12-13,279
2008-12-13,278
2008-12-13,280
2008-12-14,286
2008-12-14,285.5
2008-12-14,285
2008-12-14,286
2008-12-15,290
2008-12-15,290.5
2008-12-15,288
2008-12-15,293
2008-12-16,298
2008-12-16,298
2008-12-16,296
2008-12-16,300
2008-12-17,306
2008-12-17,306.5
2008-12-17,305
2008-12-17,308
2008-12-18,310
2008-12-18,310
2008-12-18,308
2008-12-18,312
2008-12-19,322
2008-12-19,322.5
2008-12-19,321
2008-12-19,324
2008-12-20,326
2008-12-20,326
2008-12-20,325
2008-12-20,327
2008-12-21,330
2008-12-21,330.5
2008-12-21,330
2008-12-21,331
2008-12-22,334
2008-12-22,333.5
2008-12-22,333
2008-12-22,334
2008-12-23,337
2008-12-23,337
2008-12-23,336
2008-12-23,338
2008-12-24,341
2008-12-24,341
2008-12-24,341
2008-12-24,341
2008-12-25,346
2008-12-25,346.5
2008-12-25,343
2008-12-25,350
2008-12-26,354
2008-12-26,353.5
2008-12-26,353
2008-12-26,354
2008-12-27,360
2008-12-27,360
2008-12-27,359
2008-12-27,361
2008-12-28,368
2008-12-28,368
2008-12-28,368
2008-12-28,368
2008-12-29,373
2008-12-29,373
2008-12-29,372
2008-12-29,374
2008-12-30,378
2008-12-30,378.5
2008-12-30,378
2008-12-30,379
2008-12-31,388
2008-12-31,388
2008-12-31,386
2008-12-31,390
2009-01-01,397.5
2009-01-01,398
2009-01-01,396
2009-01-01,399
2009-01-02,403
2009-01-02,403
2009-01-02,402
2009-01-02,404
2009-01-03,409
2009-01-03,409
2009-01-03,408
2009-01-03,410
2009-01-04,415
2009-01-04,415
2009-01-04,414
2009-01-04,416
2009-01-05,420
2009-01-05,420
2009-01-05,420
2009-01-05,420
2009-01-06,424.5
2009-01-06,424
2009-01-06,423
2009-01-06,426
2009-01-07,427.5
2009-01-07,428
2009-01-07,428
2009-01-07,427
2009-01-08,428.5
2009-01-08,428
2009-01-08,429
2009-01-08,428
2009-01-09,433.5
2009-01-09,434
2009-01-09,434
2009-01-09,433
2009-01-10,435.5
2009-01-10,436
2009-01-10,434
2009-01-10,437
2009-01-11,442
2009-01-11,442
2009-01-11,441
2009-01-11,443
2009-01-12,449.5
2009-01-12,450
2009-01-12,449
2009-01-12,450
2009-01-13,455
2009-01-13,455
2009-01-13,454
2009-01-13,456
2009-01-14,460.5
2009-01-14,461
2009-01-14,459
2009-01-14,462
2009-01-15,464
2009-01-15,464
2009-01-15,464
2009-01-15,464
2009-01-16,470
2009-01-16,470
2009-01-16,468
2009-01-16,472
2009-01-17,476.5
2009-01-17,476
2009-01-17,476
2009-01-17,477
2009-01-18,482
2009-01-18,482
2009-01-18,481
2009-01-18,483
2009-01-19,486
2009-01-19,486
2009-01-19,485
2009-01-19,487
2009-01-20,491
2009-01-20,491
2009-01-20,490
2009-01-20,492
2009-01-21,497
2009-01-21,497
2009-01-21,496
2009-01-21,498
2009-01-22,502
2009-01-22,502
2009-01-22,501
2009-01-22,503
2009-01-23,507.5
2009-01-23,508
2009-01-23,507
2009-01-23,508
2009-01-24,511.5
2009-01-24,512
2009-01-24,511
2009-01-24,512
2009-01-25,515
2009-01-25,515
2009-01-25,514
2009-01-25,516
2009-01-26,521
2009-01-26,521
2009-01-26,520
2009-01-26,522
2009-01-27,525
2009-01-27,525
2009-01-27,524
2009-01-27,526
2009-01-28,533.5
2009-01-28,534
2009-01-28,532
2009-01-28,535
2009-01-29,539
2009-01-29,539
2009-01-29,538
2009-01-29,540
2009-01-30,547
2009-01-30,547
2009-01-30,546
2009-01-30,548
2009-01-31,553.5
2009-01-31,554
2009-01-31,552
2009-01-31,555
2009-02-01,560
2009-02-01,559.5
2009-02-01,558
2009-02-01,561
2009-02-02,567
2009-02-02,567
2009-02-02,566
2009-02-02,568
2009-02-03,572
2009-02-03,572
2009-02-03,571
2009-02-03,573
2009-02-04,578
2009-02-04,578.5
2009-02-04,577
2009-02-04,580
2009-02-05,582
2009-02-05,582.5
2009-02-05,582
2009-02-05,583
2009-02-06,588
2009-02-06,588.5
2009-02-06,588
2009-02-06,589
2009-02-07,593
2009-02-07,593
2009-02-07,592
2009-02-07,594
2009-02-08,598
2009-02-08,598.5
2009-02-08,597
2009-02-08,600
2009-02-09,604
2009-02-09,604
2009-02-09,603
2009-02-09,605
2009-02-10,610
2009-02-10,610
2009-02-10,608
2009-02-10,612
2009-02-11,614
2009-02-11,614
2009-02-11,613
2009-02-11,615
2009-02-12,620
2009-02-12,620.5
2009-02-12,619
2009-02-12,622
2009-02-13,626
2009-02-13,626
2009-02-13,625
2009-02-13,627
2009-02-14,632
2009-02-14,632.5
2009-02-14,630
2009-02-14,635
2009-02-15,644
2009-02-15,643.5
2009-02-15,642
2009-02-15,645
2009-02-16,649
2009-02-16,649
2009-02-16,648
2009-02-16,650
2009-02-17,650
2009-02-17,650.5
2009-02-17,650
2009-02-17,651
2009-02-18,653
2009-02-18,653
2009-02-18,653
2009-02-18,653
2009-02-19,654
2009-02-19,654
2009-02-19,654
2009-02-19,654
2009-02-20,656
2009-02-20,656.5
2009-02-20,655
2009-02-20,658
2009-02-21,662
2009-02-21,662
2009-02-21,660
2009-02-21,664
2009-02-22,664
2009-02-22,664.5
2009-02-22,659
2009-02-22,670
2009-02-23,673
2009-02-23,673
2009-02-23,672
2009-02-23,674
2009-02-24,680
2009-02-24,680
2009-02-24,678
2009-02-24,682
2009-02-25,687
2009-02-25,687
2009-02-25,686
2009-02-25,688
2009-02-26,693
2009-02-26,693
2009-02-26,692
2009-02-26,694
2009-02-27,698
2009-02-27,697.5
2009-02-27,697
2009-02-27,698
2009-02-28,704
2009-02-28,703.5
2009-02-28,702
2009-02-28,705
2009-03-01,710
2009-03-01,710
2009-03-01,708
2009-03-01,712
2009-03-02,717.5
2009-03-02,718
2009-03-02,716
2009-03-02,719
2009-03-03,722.5
2009-03-03,722
2009-03-03,721
2009-03-03,724
2009-03-04,728.5
2009-03-04,728
2009-03-04,727
2009-03-04,730
2009-03-05,736.5
2009-03-05,736
2009-03-05,735
2009-03-05,738
2009-03-06,744
2009-03-06,744
2009-03-06,742
2009-03-06,746
2009-03-07,752.5
2009-03-07,752
2009-03-07,750
2009-03-07,755
2009-03-08,758
2009-03-08,758
2009-03-08,758
2009-03-08,758
2009-03-09,759
2009-03-09,759
2009-03-09,758
2009-03-09,760
2009-03-10,765.5
2009-03-10,766
2009-03-10,763
2009-03-10,768
2009-03-11,772.5
2009-03-11,772
2009-03-11,771
2009-03-11,774
2009-03-12,777
2009-03-12,777
2009-03-12,776
2009-03-12,778
2009-03-13,779
2009-03-13,779
2009-03-13,778
2009-03-13,780
2009-03-14,784.5
2009-03-14,784
2009-03-14,784
2009-03-14,785
2009-03-15,789
2009-03-15,789
2009-03-15,788
2009-03-15,790
2009-03-16,791
2009-03-16,791
2009-03-16,790
2009-03-16,792
2009-03-17,793
2009-03-17,793
2009-03-17,793
2009-03-17,793
2009-03-18,794.5
2009-03-18,794
2009-03-18,794
2009-03-18,795
2009-03-19,795.5
2009-03-19,796
2009-03-19,795
2009-03-19,796
2009-03-20,795.5
2009-03-20,796
2009-03-20,795
2009-03-20,796
2009-03-21,796
2009-03-21,796
2009-03-21,796
2009-03-21,796
2009-03-22,801.5
2009-03-22,802
2009-03-22,800
2009-03-22,803
2009-03-23,805
2009-03-23,805
2009-03-23,805
2009-03-23,805
2009-03-24,811.5
2009-03-24,812
2009-03-24,810
2009-03-24,813
2009-03-25,816
2009-03-25,816
2009-03-25,816
2009-03-25,816
2009-03-26,820.5
2009-03-26,820
2009-03-26,820
2009-03-26,821
2009-03-27,824.5
2009-03-27,824
2009-03-27,824
2009-03-27,825
2009-03-28,825.5
2009-03-28,826
2009-03-28,825
2009-03-28,826
2009-03-29,826
2009-03-29,826
2009-03-29,826
2009-03-29,826
2009-03-30,837.5
2009-03-30,838
2009-03-30,837
2009-03-30,838
2009-03-31,838
2009-03-31,838
2009-03-31,838
2009-03-31,838
2009-04-01,840
2009-04-01,840
2009-04-01,839
2009-04-01,841
2009-04-02,843
2009-04-02,843
2009-04-02,841
2009-04-02,845
2009-04-03,846.5
2009-04-03,846
2009-04-03,845
2009-04-03,848
2009-04-04,848
2009-04-04,848
2009-04-04,848
2009-04-04,848
2009-04-05,849
2009-04-05,849
2009-04-05,848
2009-04-05,850
2009-04-06,850
2009-04-06,850
2009-04-06,850
2009-04-06,850
2009-04-07,850.5
2009-04-07,851
2009-04-07,851
2009-04-07,850
2009-04-08,851
2009-04-08,851
2009-04-08,850
2009-04-08,852
2009-04-09,852.5
2009-04-09,852
2009-04-09,852
2009-04-09,853
2009-04-10,854.5
2009-04-10,854
2009-04-10,854
2009-04-10,855
2009-04-11,858
2009-04-11,858
2009-04-11,856
2009-04-11,860
2009-04-12,860
2009-04-12,860
2009-04-12,860
2009-04-12,860
2009-04-13,860.5
2009-04-13,860
2009-04-13,860
2009-04-13,861
2009-04-14,862
2009-04-14,862
2009-04-14,862
2009-04-14,862
2009-04-15,862
2009-04-15,862
2009-04-15,862
2009-04-15,862
2009-04-16,865.5
2009-04-16,865
2009-04-16,865
2009-04-16,866
2009-04-17,873
2009-04-17,873
2009-04-17,872
2009-04-17,874
2009-04-18,876.5
2009-04-18,876
2009-04-18,876
2009-04-18,877
2009-04-19,879
2009-04-19,879
2009-04-19,878
2009-04-19,880
2009-04-20,880.5
2009-04-20,880
2009-04-20,880
2009-04-20,881
2009-04-21,883
2009-04-21,883
2009-04-21,882
2009-04-21,884
2009-04-22,883
2009-04-22,883
2009-04-22,883
2009-04-22,883
2009-04-23,882.5
2009-04-23,882
2009-04-23,883
2009-04-23,882
2009-04-24,882.5
2009-04-24,882
2009-04-24,882
2009-04-24,883
2009-04-25,884.5
2009-04-25,885
2009-04-25,884
2009-04-25,885
2009-04-26,885
2009-04-26,885
2009-04-26,885
2009-04-26,885
2009-04-27,886
2009-04-27,886
2009-04-27,886
2009-04-27,886
2009-04-28,888
2009-04-28,888
2009-04-28,887
2009-04-28,889
2009-04-29,890
2009-04-29,890
2009-04-29,890
2009-04-29,890
2009-04-30,892.5
2009-04-30,893
2009-04-30,892
2009-04-30,893
2009-05-01,903
2009-05-01,903
2009-05-01,902
2009-05-01,904
2009-05-02,905
2009-05-02,905
2009-05-02,905
2009-05-02,905
2009-05-03,908.5
2009-05-03,909
2009-05-03,905
2009-05-03,912
2009-05-04,909
2009-05-04,909
2009-05-04,909
2009-05-04,909
2009-05-05,909
2009-05-05,909
2009-05-05,909
2009-05-05,909
2009-05-06,909.5
2009-05-06,910
2009-05-06,909
2009-05-06,910
2009-05-07,911
2009-05-07,911
2009-05-07,911
2009-05-07,911
2009-05-08,911
2009-05-08,911
2009-05-08,911
2009-05-08,911
2009-05-09,912
2009-05-09,912
2009-05-09,912
2009-05-09,912
2009-05-10,914.5
2009-05-10,914
2009-05-10,914
2009-05-10,915
2009-05-11,917
2009-05-11,917
2009-05-11,916
2009-05-11,918
2009-05-12,921
2009-05-12,921
2009-05-12,920
2009-05-12,922
2009-05-13,922.5
2009-05-13,922
2009-05-13,922
2009-05-13,923
2009-05-14,921.5
2009-05-14,922
2009-05-14,922
2009-05-14,921
2009-05-15,920
2009-05-15,920
2009-05-15,920
2009-05-15,920
2009-05-16,919.5
2009-05-16,920
2009-05-16,920
2009-05-16,919
2009-05-17,918
2009-05-17,918
2009-05-17,918
2009-05-17,918
2009-05-18,918
2009-05-18,918
2009-05-18,918
2009-05-18,918
2009-05-19,918
2009-05-19,918
2009-05-19,918
2009-05-19,918
2009-05-20,918
2009-05-20,918
2009-05-20,918
2009-05-20,918
2009-05-21,918
2009-05-21,918
2009-05-21,918
2009-05-21,918
2009-05-22,918
2009-05-22,918
2009-05-22,918
2009-05-22,918
2009-05-23,918
2009-05-23,918
2009-05-23,918
2009-05-23,918
2009-05-24,920
2009-05-24,920
2009-05-24,920
2009-05-24,920
2009-05-25,922
2009-05-25,922
2009-05-25,922
2009-05-25,922
2009-05-26,923
2009-05-26,923
2009-05-26,923
2009-05-26,923
2009-05-27,925.5
2009-05-27,926
2009-05-27,923
2009-05-27,928
2009-05-28,929
2009-05-28,929
2009-05-28,928
2009-05-28,930
2009-05-29,929
2009-05-29,929
2009-05-29,928
2009-05-29,930
2009-05-30,932
2009-05-30,932
2009-05-30,932
2009-05-30,932
2009-05-31,932
2009-05-31,932
2009-05-31,932
2009-05-31,932
2009-06-01,932
2009-06-01,932
2009-06-01,932
2009-06-01,932
2009-06-02,932
2009-06-02,932
2009-06-02,932
2009-06-02,932
2009-06-03,930
2009-06-03,930
2009-06-03,930
2009-06-03,930
2009-06-04,930
2009-06-04,930
2009-06-04,930
2009-06-04,930
2009-06-05,928
2009-06-05,928
2009-06-05,928
2009-06-05,928
2009-06-06,930
2009-06-06,930
2009-06-06,930
2009-06-06,930
2009-06-07,930
2009-06-07,930
2009-06-07,930
2009-06-07,930
2009-06-08,928
2009-06-08,928
2009-06-08,928
2009-06-08,928
2009-06-09,927
2009-06-09,927
2009-06-09,927
2009-06-09,927
2009-06-10,927
2009-06-10,927
2009-06-10,927
2009-06-10,927
2009-06-11,927
2009-06-11,927
2009-06-11,927
2009-06-11,927
2009-06-12,928
2009-06-12,928
2009-06-12,928
2009-06-12,928
2009-06-13,928
2009-06-13,928
2009-06-13,928
2009-06-13,928
2009-06-14,928
2009-06-14,928
2009-06-14,928
2009-06-14,928
2009-06-15,930
2009-06-15,930
2009-06-15,930
2009-06-15,930
2009-06-16,930
2009-06-16,930
2009-06-16,930
2009-06-16,930
2009-06-17,928
2009-06-17,928.5
2009-06-17,929
2009-06-17,928
2009-06-18,928
2009-06-18,927.5
2009-06-18,928
2009-06-18,927
2009-06-19,926
2009-06-19,926
2009-06-19,926
2009-06-19,926
2009-06-20,926
2009-06-20,926
2009-06-20,926
2009-06-20,926
2009-06-21,926
2009-06-21,925.5
2009-06-21,926
2009-06-21,925
2009-06-22,924
2009-06-22,924
2009-06-22,924
2009-06-22,924
2009-06-23,924
2009-06-23,924
2009-06-23,924
2009-06-23,924
2009-06-24,922
2009-06-24,922
2009-06-24,922
2009-06-24,922
2009-06-25,922
2009-06-25,922
2009-06-25,922
2009-06-25,922
2009-06-26,921
2009-06-26,921
2009-06-26,921
2009-06-26,921
2009-06-27,920
2009-06-27,919.5
2009-06-27,920
2009-06-27,919
2009-06-28,918
2009-06-28,917.5
2009-06-28,918
2009-06-28,917
2009-06-29,916
2009-06-29,916
2009-06-29,916
2009-06-29,916
2009-06-30,915
2009-06-30,915
2009-06-30,915
2009-06-30,915
2009-07-01,913.5
2009-07-01,914
2009-07-01,914
2009-07-01,913
2009-07-02,912
2009-07-02,912
2009-07-02,912
2009-07-02,912
2009-07-03,910
2009-07-03,910
2009-07-03,910
2009-07-03,910
2009-07-04,906
2009-07-04,906
2009-07-04,906
2009-07-04,906
2009-07-05,903.5
2009-07-05,904
2009-07-05,904
2009-07-05,903
2009-07-06,902
2009-07-06,902
2009-07-06,902
2009-07-06,902
2009-07-07,899.5
2009-07-07,899
2009-07-07,900
2009-07-07,899
2009-07-08,896
2009-07-08,896
2009-07-08,896
2009-07-08,896
2009-07-09,894
2009-07-09,894
2009-07-09,894
2009-07-09,894
2009-07-10,893
2009-07-10,893
2009-07-10,893
2009-07-10,893
2009-07-11,891
2009-07-11,891
2009-07-11,891
2009-07-11,891
2009-07-12,889
2009-07-12,889
2009-07-12,889
2009-07-12,889
2009-07-13,885.5
2009-07-13,886
2009-07-13,886
2009-07-13,885
2009-07-14,882
2009-07-14,882
2009-07-14,883
2009-07-14,881
2009-07-15,879
2009-07-15,879
2009-07-15,879
2009-07-15,879
2009-07-16,877.5
2009-07-16,878
2009-07-16,878
2009-07-16,877
2009-07-17,874
2009-07-17,874
2009-07-17,874
2009-07-17,874
2009-07-18,873
2009-07-18,873
2009-07-18,873
2009-07-18,873
2009-07-19,869
2009-07-19,869
2009-07-19,869
2009-07-19,869
2009-07-20,866
2009-07-20,866
2009-07-20,866
2009-07-20,866
2009-07-21,864
2009-07-21,864
2009-07-21,864
2009-07-21,864
2009-07-22,862
2009-07-22,862
2009-07-22,862
2009-07-22,862
2009-07-23,859.5
2009-07-23,860
2009-07-23,860
2009-07-23,859
2009-07-24,858.5
2009-07-24,859
2009-07-24,859
2009-07-24,858
2009-07-25,856
2009-07-25,856
2009-07-25,856
2009-07-25,856
2009-07-26,854
2009-07-26,854
2009-07-26,854
2009-07-26,854
2009-07-27,852
2009-07-27,852
2009-07-27,853
2009-07-27,851
2009-07-28,850
2009-07-28,850
2009-07-28,850
2009-07-28,850
2009-07-29,846
2009-07-29,846
2009-07-29,847
2009-07-29,845
2009-07-30,843
2009-07-30,843
2009-07-30,844
2009-07-30,842
2009-07-31,839
2009-07-31,840
2009-08-01,835
2009-08-01,835
2009-08-01,836
2009-08-01,834
2009-08-02,832
2009-08-02,832.5
2009-08-02,833
2009-08-02,832
2009-08-03,828
2009-08-03,827.5
2009-08-03,829
2009-08-03,826
2009-08-04,823
2009-08-04,823
2009-08-04,824
2009-08-04,822
2009-08-05,818
2009-08-05,818
2009-08-05,819
2009-08-05,817
2009-08-06,814
2009-08-06,814.5
2009-08-06,815
2009-08-06,814
2009-08-07,810
2009-08-07,810.5
2009-08-07,812
2009-08-07,809
2009-08-08,806
2009-08-08,806
2009-08-08,807
2009-08-08,805
2009-08-09,802
2009-08-09,801.5
2009-08-09,803
2009-08-09,800
2009-08-10,796
2009-08-10,795.5
2009-08-10,797
2009-08-10,794
2009-08-11,791
2009-08-11,791
2009-08-11,792
2009-08-11,790
2009-08-12,787
2009-08-12,787
2009-08-12,788
2009-08-12,786
2009-08-13,783
2009-08-13,783
2009-08-13,784
2009-08-13,782
2009-08-14,776
2009-08-14,776
2009-08-14,778
2009-08-14,774
2009-08-15,770
2009-08-15,770
2009-08-15,772
2009-08-15,768
2009-08-16,767
2009-08-16,767
2009-08-16,768
2009-08-16,766
2009-08-17,763
2009-08-17,763
2009-08-17,764
2009-08-17,762
2009-08-18,757
2009-08-18,757
2009-08-18,758
2009-08-18,756
2009-08-19,753
2009-08-19,753
2009-08-19,754
2009-08-19,752
2009-08-20,748
2009-08-20,747.5
2009-08-20,749
2009-08-20,746
2009-08-21,743
2009-08-21,743
2009-08-21,744
2009-08-21,742
2009-08-22,737
2009-08-22,737
2009-08-22,738
2009-08-22,736
2009-08-23,732
2009-08-23,731.5
2009-08-23,733
2009-08-23,730
2009-08-24,725
2009-08-24,725
2009-08-24,726
2009-08-24,724
2009-08-25,721
2009-08-25,721
2009-08-25,722
2009-08-25,720
2009-08-26,718
2009-08-26,718
2009-08-26,719
2009-08-26,717
2009-08-27,712
2009-08-27,711.5
2009-08-27,713
2009-08-27,710
2009-08-28,706
2009-08-28,706.5
2009-08-28,708
2009-08-28,705
2009-08-29,700
2009-08-29,700.5
2009-08-29,703
2009-08-29,698
2009-08-30,692
2009-08-30,692
2009-08-30,694
2009-08-30,690
2009-08-31,684
2009-08-31,684.5
2009-08-31,686
2009-08-31,683
2009-09-01,678
2009-09-01,678
2009-09-01,680
2009-09-01,676
2009-09-02,669
2009-09-02,669
2009-09-02,670
2009-09-02,668
2009-09-03,657
2009-09-03,657
2009-09-03,660
2009-09-03,654
2009-09-04,651
2009-09-04,651
2009-09-04,652
2009-09-04,650
2009-09-05,649
2009-09-05,649
2009-09-05,650
2009-09-05,648
2009-09-06,645
2009-09-06,645
2009-09-06,644
2009-09-06,646
2009-09-07,635
2009-09-07,635
2009-09-07,636
2009-09-07,634
2009-09-08,628
2009-09-08,628
2009-09-08,630
2009-09-08,626
2009-09-09,623
2009-09-09,623
2009-09-09,626
2009-09-09,620
2009-09-10,616
2009-09-10,616
2009-09-10,618
2009-09-10,614
2009-09-11,607
2009-09-11,607
2009-09-11,610
2009-09-11,604
2009-09-12,600
2009-09-12,600.5
2009-09-12,602
2009-09-12,599
2009-09-13,595
2009-09-13,595
2009-09-13,596
2009-09-13,594
2009-09-14,586
2009-09-14,586.5
2009-09-14,589
2009-09-14,584
2009-09-15,580
2009-09-15,580
2009-09-15,584
2009-09-15,576
2009-09-16,566
2009-09-16,566.5
2009-09-16,569
2009-09-16,564
2009-09-17,562
2009-09-17,562
2009-09-17,564
2009-09-17,560
2009-09-18,554
2009-09-18,553.5
2009-09-18,556
2009-09-18,551
2009-09-19,546
2009-09-19,545.5
2009-09-19,549
2009-09-19,542
2009-09-20,534
2009-09-20,534.5
2009-09-20,539
2009-09-20,530
2009-09-21,528
2009-09-21,528
2009-09-21,532
2009-09-21,524
2009-09-22,522
2009-09-22,522
2009-09-22,524
2009-09-22,520
2009-09-23,513
2009-09-23,513
2009-09-23,516
2009-09-23,510
2009-09-24,503
2009-09-24,503
2009-09-24,506
2009-09-24,500
2009-09-25,498
2009-09-25,498
2009-09-25,500
2009-09-25,496
2009-09-26,482
2009-09-26,482
2009-09-26,484
2009-09-26,480
2009-09-27,467
2009-09-27,467
2009-09-27,470
2009-09-27,464
2009-09-28,455
2009-09-28,455
2009-09-28,460
2009-09-28,450
2009-09-29,445
2009-09-29,445
2009-09-29,446
2009-09-29,444
2009-09-30,431
2009-09-30,431
2009-09-30,434
2009-09-30,428
2009-10-01,417.5
2009-10-01,418
2009-10-01,420
2009-10-01,415
2009-10-02,407
2009-10-02,407
2009-10-02,409
2009-10-02,405
2009-10-03,397.5
2009-10-03,398
2009-10-03,399
2009-10-03,396
2009-10-04,389.5
2009-10-04,390
2009-10-04,392
2009-10-04,387
2009-10-05,370.5
2009-10-05,370
2009-10-05,371
2009-10-05,370
2009-10-06,355.5
2009-10-06,356
2009-10-06,360
2009-10-06,351
2009-10-07,346.5
2009-10-07,346
2009-10-07,350
2009-10-07,343
2009-10-08,334
2009-10-08,334
2009-10-08,337
2009-10-08,331
2009-10-09,324
2009-10-09,324
2009-10-09,326
2009-10-09,322
2009-10-10,314
2009-10-10,314
2009-10-10,319
2009-10-10,309
2009-10-11,296
2009-10-11,296
2009-10-11,300
2009-10-11,292
2009-10-12,283
2009-10-12,283
2009-10-12,286
2009-10-12,280
2009-10-13,271
2009-10-13,271
2009-10-13,274
2009-10-13,268
2009-10-14,260
2009-10-14,260
2009-10-14,260
2009-10-14,260
2009-10-15,248
2009-10-15,248
2009-10-15,250
2009-10-15,246
2009-10-16,241
2009-10-16,241
2009-10-16,242
2009-10-16,240
2009-10-17,236.5
2009-10-17,237
2009-10-17,238
2009-10-17,235
2009-10-18,228
2009-10-18,228
2009-10-18,233
2009-10-18,223
2009-10-19,215
2009-10-19,215
2009-10-19,217
2009-10-19,213
2009-10-20,208
2009-10-20,208
2009-10-20,210
2009-10-20,206
2009-10-21,201
2009-10-21,201
2009-10-21,203
2009-10-21,199
2009-10-22,193
2009-10-22,193
2009-10-22,196
2009-10-22,190
2009-10-23,183
2009-10-23,183
2009-10-23,186
2009-10-23,180
2009-10-24,173.5
2009-10-24,174
2009-10-24,177
2009-10-24,170
2009-10-25,165
2009-10-25,165
2009-10-25,168
2009-10-25,162
2009-10-26,154.5
2009-10-26,154
2009-10-26,157
2009-10-26,152
2009-10-27,146
2009-10-27,146
2009-10-27,148
2009-10-27,144
2009-10-28,140
2009-10-28,140
2009-10-28,140
2009-10-28,140
2009-10-29,135.5
2009-10-29,136
2009-10-29,137
2009-10-29,134
2009-10-30,134
2009-10-30,134
2009-10-30,134
2009-10-30,134
2009-10-31,134.5
2009-10-31,134
2009-10-31,134
2009-10-31,135
2009-11-01,136
2009-11-01,136
2009-11-01,135
2009-11-01,137
2009-11-02,136
2009-11-02,136
2009-11-02,135
2009-11-02,137
2009-11-03,136
2009-11-03,136
2009-11-03,136
2009-11-03,136
2009-11-04,134
2009-11-04,134
2009-11-04,134
2009-11-04,134
2009-11-05,140.5
2009-11-05,140
2009-11-05,141
2009-11-05,140
2009-11-06,140
2009-11-06,140
2009-11-06,140
2009-11-06,140
2009-11-07,142
2009-11-07,142
2009-11-07,142
2009-11-07,142
2009-11-08,135
2009-11-08,135
2009-11-08,140
2009-11-08,130
2009-11-09,134.5
2009-11-09,134
2009-11-09,136
2009-11-09,133
2009-11-10,130
2009-11-10,130
2009-11-10,131
2009-11-10,129
2009-11-11,127
2009-11-11,127
2009-11-11,128
2009-11-11,126
2009-11-12,123.5
2009-11-12,124
2009-11-12,124
2009-11-12,123
2009-11-13,120
2009-11-13,120
2009-11-13,120
2009-11-13,120
2009-11-14,123
2009-11-14,123
2009-11-14,122
2009-11-14,124
2009-11-15,124
2009-11-15,124
2009-11-15,124
2009-11-15,124
2009-11-16,124
2009-11-16,124
2009-11-16,124
2009-11-16,124
2009-11-17,121
2009-11-17,121
2009-11-17,122
2009-11-17,120
2009-11-18,116.5
2009-11-18,116
2009-11-18,117
2009-11-18,116
2009-11-19,116
2009-11-19,116
2009-11-19,116
2009-11-19,116
2009-11-20,111.5
2009-11-20,112
2009-11-20,114
2009-11-20,109
2009-11-21,109
2009-11-21,109
2009-11-21,109
2009-11-21,109
2009-11-22,102.5
2009-11-22,102
2009-11-22,105
2009-11-22,100
2009-11-23,97.5
2009-11-23,98
2009-11-23,100
2009-11-23,95
2009-11-24,90.5
2009-11-24,90
2009-11-24,93
2009-11-24,88
2009-11-25,82
2009-11-25,82
2009-11-25,84
2009-11-25,80
2009-11-26,74
2009-11-26,74
2009-11-26,75
2009-11-26,73
2009-11-27,69
2009-11-27,69
2009-11-27,70
2009-11-27,68
2009-11-28,64.5
2009-11-28,64
2009-11-28,65
2009-11-28,64
2009-11-29,64
2009-11-29,64
2009-11-29,64
2009-11-29,64
2009-11-30,61.5
2009-11-30,62
2009-11-30,62
2009-11-30,61
2009-12-01,61
2009-12-01,61
2009-12-01,61
2009-12-01,61
2009-12-02,60
2009-12-02,59.5
2009-12-02,59
2009-12-02,60
2009-12-03,60
2009-12-03,60
2009-12-03,60
2009-12-03,60
2009-12-04,64
2009-12-04,63.5
2009-12-04,62
2009-12-04,65
2009-12-05,66
2009-12-05,66
2009-12-05,67
2009-12-05,65
2009-12-06,70
2009-12-06,70
2009-12-06,70
2009-12-06,70
2009-12-07,75
2009-12-07,75
2009-12-07,75
2009-12-07,75
2009-12-08,72
2009-12-08,71.5
2009-12-08,75
2009-12-08,68
2009-12-09,72
2009-12-09,71.5
2009-12-09,70
2009-12-09,73
2009-12-10,74
2009-12-10,74
2009-12-10,74
2009-12-10,74
2009-12-11,75
2009-12-11,75
2009-12-11,74
2009-12-11,76
2009-12-12,83
2009-12-12,83
2009-12-12,82
2009-12-12,84
2009-12-13,80
2009-12-13,79.5
2009-12-13,79
2009-12-13,80
2009-12-14,97
2009-12-14,97
2009-12-14,94
2009-12-14,100
2009-12-15,106
2009-12-15,106
2009-12-15,102
2009-12-15,110
2009-12-16,119
2009-12-16,119
2009-12-16,117
2009-12-16,121
2009-12-17,127
2009-12-17,127
2009-12-17,124
2009-12-17,130
2009-12-18,138
2009-12-18,138
2009-12-18,135
2009-12-18,141
2009-12-19,148
2009-12-19,148
2009-12-19,146
2009-12-19,150
2009-12-20,158
2009-12-20,158.5
2009-12-20,158
2009-12-20,159
2009-12-21,167
2009-12-21,167
2009-12-21,166
2009-12-21,168
2009-12-22,177
2009-12-22,177
2009-12-22,177
2009-12-22,177
2009-12-23,187
2009-12-23,187
2009-12-23,186
2009-12-23,188
2009-12-24,191
2009-12-24,191
2009-12-24,189
2009-12-24,193
2009-12-25,200
2009-12-25,200
2009-12-25,198
2009-12-25,202
2009-12-26,206
2009-12-26,206
2009-12-26,204
2009-12-26,208
2009-12-27,216
2009-12-27,216
2009-12-27,214
2009-12-27,218
2009-12-28,225
2009-12-28,225
2009-12-28,222
2009-12-28,228
2009-12-29,236
2009-12-29,235.5
2009-12-29,232
2009-12-29,239
2009-12-30,245
2009-12-30,245
2009-12-30,242
2009-12-30,248
2009-12-31,252
2009-12-31,252
2009-12-31,252
2009-12-31,252
2010-01-01,256.5
2010-01-01,256
2010-01-01,255
2010-01-01,258
2010-01-02,269.5
2010-01-02,270
2010-01-02,266
2010-01-02,273
2010-01-03,283
2010-01-03,283
2010-01-03,281
2010-01-03,285
2010-01-04,292.5
2010-01-04,292
2010-01-04,291
2010-01-04,294
2010-01-05,300
2010-01-05,300
2010-01-05,300
2010-01-05,300
2010-01-06,307
2010-01-06,307
2010-01-06,307
2010-01-06,307
2010-01-07,314
2010-01-07,314
2010-01-07,314
2010-01-07,314
2010-01-08,319
2010-01-08,319
2010-01-08,319
2010-01-08,319
2010-01-09,323
2010-01-09,323
2010-01-09,322
2010-01-09,324
2010-01-10,326.5
2010-01-10,326
2010-01-10,325
2010-01-10,328
2010-01-11,330
2010-01-11,330
2010-01-11,330
2010-01-11,330
2010-01-12,335
2010-01-12,335
2010-01-12,334
2010-01-12,336
2010-01-13,341
2010-01-13,341
2010-01-13,341
2010-01-13,341
2010-01-14,345
2010-01-14,345
2010-01-14,344
2010-01-14,346
2010-01-15,349
2010-01-15,349
2010-01-15,349
2010-01-15,349
2010-01-16,354
2010-01-16,354
2010-01-16,354
2010-01-16,354
2010-01-17,359
2010-01-17,359
2010-01-17,359
2010-01-17,359
2010-01-18,365.5
2010-01-18,366
2010-01-18,365
2010-01-18,366
2010-01-19,370
2010-01-19,370
2010-01-19,370
2010-01-19,370
2010-01-20,375
2010-01-20,375
2010-01-20,375
2010-01-20,375
2010-01-21,378
2010-01-21,378
2010-01-21,378
2010-01-21,378
2010-01-22,384
2010-01-22,384
2010-01-22,384
2010-01-22,384
2010-01-23,389
2010-01-23,389
2010-01-23,388
2010-01-23,390
2010-01-24,393.5
2010-01-24,394
2010-01-24,393
2010-01-24,394
2010-01-25,395
2010-01-25,395
2010-01-25,396
2010-01-25,394
2010-01-26,398
2010-01-26,398
2010-01-26,398
2010-01-26,398
2010-01-27,402
2010-01-27,402
2010-01-27,402
2010-01-27,402
2010-01-28,406
2010-01-28,406
2010-01-28,406
2010-01-28,406
2010-01-29,412
2010-01-29,412
2010-01-29,411
2010-01-29,413
2010-01-30,416.5
2010-01-30,416
2010-01-30,415
2010-01-30,418
2010-01-31,421
2010-01-31,421
2010-01-31,420
2010-01-31,422
2010-02-01,430
2010-02-01,430
2010-02-01,428
2010-02-01,432
2010-02-02,435
2010-02-02,435
2010-02-02,435
2010-02-02,435
2010-02-03,440
2010-02-03,440
2010-02-03,438
2010-02-03,442
2010-02-04,446.5
2010-02-04,446
2010-02-04,446
2010-02-04,447
2010-02-05,449
2010-02-05,449
2010-02-05,447
2010-02-05,451
2010-02-06,453
2010-02-06,453
2010-02-06,453
2010-02-06,453
2010-02-07,457
2010-02-07,457
2010-02-07,457
2010-02-07,457
2010-02-08,461
2010-02-08,461
2010-02-08,459
2010-02-08,463
2010-02-09,463
2010-02-09,463
2010-02-09,463
2010-02-09,463
2010-02-10,466
2010-02-10,466
2010-02-10,466
2010-02-10,466
2010-02-11,469.5
2010-02-11,470
2010-02-11,469
2010-02-11,470
2010-02-12,474
2010-02-12,474
2010-02-12,472
2010-02-12,476
2010-02-13,479
2010-02-13,479
2010-02-13,478
2010-02-13,480
2010-02-14,482
2010-02-14,482
2010-02-14,482
2010-02-14,482
2010-02-15,486.5
2010-02-15,486
2010-02-15,486
2010-02-15,487
2010-02-16,488
2010-02-16,488
2010-02-16,488
2010-02-16,488
2010-02-17,489
2010-02-17,489
2010-02-17,489
2010-02-17,489
2010-02-18,493
2010-02-18,493
2010-02-18,492
2010-02-18,494
2010-02-19,495
2010-02-19,495
2010-02-19,495
2010-02-19,495
2010-02-20,496.5
2010-02-20,496
2010-02-20,496
2010-02-20,497
2010-02-21,497.5
2010-02-21,497
2010-02-21,497
2010-02-21,498
2010-02-22,500
2010-02-22,500
2010-02-22,500
2010-02-22,500
2010-02-23,501
2010-02-23,501
2010-02-23,501
2010-02-23,501
2010-02-24,501
2010-02-24,501
2010-02-24,501
2010-02-24,501
2010-02-25,501
2010-02-25,501
2010-02-25,501
2010-02-25,501
2010-02-26,504
2010-02-26,504
2010-02-26,504
2010-02-26,504
2010-02-27,511
2010-02-27,511
2010-02-27,511
2010-02-27,511
2010-02-28,513.5
2010-02-28,514
2010-02-28,513
2010-02-28,514
2010-03-01,516
2010-03-01,516
2010-03-01,516
2010-03-01,516
2010-03-02,520
2010-03-02,520
2010-03-02,520
2010-03-02,520
2010-03-03,521
2010-03-03,521
2010-03-03,521
2010-03-03,521
2010-03-04,525
2010-03-04,525
2010-03-04,525
2010-03-04,525
2010-03-05,529
2010-03-05,529
2010-03-05,529
2010-03-05,529
2010-03-06,533
2010-03-06,533
2010-03-06,533
2010-03-06,533
2010-03-07,535
2010-03-07,535
2010-03-07,535
2010-03-07,535
2010-03-08,535
2010-03-08,535
2010-03-08,535
2010-03-08,535
2010-03-09,535
2010-03-09,535
2010-03-09,535
2010-03-09,535
2010-03-10,536
2010-03-10,536
2010-03-10,536
2010-03-10,536
2010-03-11,536
2010-03-11,536
2010-03-11,536
2010-03-11,536
2010-03-12,537
2010-03-12,537
2010-03-12,537
2010-03-12,537
2010-03-13,538
2010-03-13,538
2010-03-13,538
2010-03-13,538
2010-03-14,538
2010-03-14,538
2010-03-14,538
2010-03-14,538
2010-03-15,540
2010-03-15,540
2010-03-15,540
2010-03-15,540
2010-03-16,542
2010-03-16,542
2010-03-16,541
2010-03-16,543
2010-03-17,546
2010-03-17,545.5
2010-03-17,545
2010-03-17,546
2010-03-18,548
2010-03-18,548
2010-03-18,548
2010-03-18,548
2010-03-19,550
2010-03-19,550
2010-03-19,550
2010-03-19,550
2010-03-20,552
2010-03-20,552.5
2010-03-20,552
2010-03-20,553
2010-03-21,555
2010-03-21,555
2010-03-21,555
2010-03-21,555
2010-03-22,557
2010-03-22,557
2010-03-22,557
2010-03-22,557
2010-03-23,557
2010-03-23,557
2010-03-23,557
2010-03-23,557
2010-03-24,558
2010-03-24,558
2010-03-24,558
2010-03-24,558
2010-03-25,560
2010-03-25,560
2010-03-25,559
2010-03-25,561
2010-03-26,561
2010-03-26,561
2010-03-26,560
2010-03-26,562
2010-03-27,565
2010-03-27,565
2010-03-27,564
2010-03-27,566
2010-03-28,573
2010-03-28,573
2010-03-28,571
2010-03-28,575
2010-03-29,576
2010-03-29,575.5
2010-03-29,575
2010-03-29,576
2010-03-30,580
2010-03-30,579.5
2010-03-30,579
2010-03-30,580
2010-03-31,585
2010-03-31,585
2010-03-31,584
2010-03-31,586
2010-04-01,590.5
2010-04-01,590
2010-04-01,589
2010-04-01,592
2010-04-02,602
2010-04-02,602
2010-04-02,600
2010-04-02,604
2010-04-03,608.5
2010-04-03,608
2010-04-03,608
2010-04-03,609
2010-04-04,612.5
2010-04-04,612
2010-04-04,612
2010-04-04,613
2010-04-05,615
2010-04-05,615
2010-04-05,614
2010-04-05,616
2010-04-06,618.5
2010-04-06,618
2010-04-06,618
2010-04-06,619
2010-04-07,628
2010-04-07,628
2010-04-07,627
2010-04-07,629
2010-04-08,634.5
2010-04-08,634
2010-04-08,634
2010-04-08,635
2010-04-09,638
2010-04-09,638
2010-04-09,637
2010-04-09,639
2010-04-10,645.5
2010-04-10,646
2010-04-10,644
2010-04-10,647
2010-04-11,651
2010-04-11,651
2010-04-11,651
2010-04-11,651
2010-04-12,658
2010-04-12,658
2010-04-12,657
2010-04-12,659
2010-04-13,662
2010-04-13,662
2010-04-13,662
2010-04-13,662
2010-04-14,667.5
2010-04-14,668
2010-04-14,666
2010-04-14,669
2010-04-15,674.5
2010-04-15,674
2010-04-15,673
2010-04-15,676
2010-04-16,684
2010-04-16,684
2010-04-16,682
2010-04-16,686
2010-04-17,687.5
2010-04-17,688
2010-04-17,687
2010-04-17,688
2010-04-18,694
2010-04-18,694
2010-04-18,693
2010-04-18,695
2010-04-19,699
2010-04-19,699
2010-04-19,699
2010-04-19,699
2010-04-20,704
2010-04-20,704
2010-04-20,703
2010-04-20,705
2010-04-21,709.5
2010-04-21,710
2010-04-21,709
2010-04-21,710
2010-04-22,718
2010-04-22,718
2010-04-22,717
2010-04-22,719
2010-04-23,720
2010-04-23,720
2010-04-23,720
2010-04-23,720
2010-04-24,724
2010-04-24,724
2010-04-24,724
2010-04-24,724
2010-04-25,728
2010-04-25,728
2010-04-25,728
2010-04-25,728
2010-04-26,732
2010-04-26,732
2010-04-26,732
2010-04-26,732
2010-04-27,734.5
2010-04-27,734
2010-04-27,734
2010-04-27,735
2010-04-28,738
2010-04-28,738
2010-04-28,738
2010-04-28,738
2010-04-29,742
2010-04-29,742
2010-04-29,740
2010-04-29,744
2010-04-30,748.5
2010-04-30,748
2010-04-30,748
2010-04-30,749
2010-05-01,750
2010-05-01,750
2010-05-01,749
2010-05-01,751
2010-05-02,754
2010-05-02,753.5
2010-05-02,753
2010-05-02,754
2010-05-03,757
2010-05-03,757
2010-05-03,756
2010-05-03,758
2010-05-04,760
2010-05-04,760
2010-05-04,759
2010-05-04,761
2010-05-05,764
2010-05-05,763.5
2010-05-05,763
2010-05-05,764
2010-05-06,768
2010-05-06,768.5
2010-05-06,768
2010-05-06,769
2010-05-07,770
2010-05-07,770
2010-05-07,770
2010-05-07,770
2010-05-08,770
2010-05-08,770.5
2010-05-08,771
2010-05-08,770
2010-05-09,770
2010-05-09,770.5
2010-05-09,770
2010-05-09,771
2010-05-10,771
2010-05-10,771
2010-05-10,771
2010-05-10,771
2010-05-11,774
2010-05-11,773.5
2010-05-11,773
2010-05-11,774
2010-05-12,775
2010-05-12,775
2010-05-12,775
2010-05-12,775
2010-05-13,777
2010-05-13,777
2010-05-13,777
2010-05-13,777
2010-05-14,781
2010-05-14,781
2010-05-14,781
2010-05-14,781
2010-05-15,783
2010-05-15,783
2010-05-15,782
2010-05-15,784
2010-05-16,785
2010-05-16,785
2010-05-16,785
2010-05-16,785
2010-05-17,786
2010-05-17,786.5
2010-05-17,786
2010-05-17,787
2010-05-18,788
2010-05-18,788
2010-05-18,788
2010-05-18,788
2010-05-19,786
2010-05-19,786.5
2010-05-19,784
2010-05-19,789
2010-05-20,790
2010-05-20,790.5
2010-05-20,790
2010-05-20,791
2010-05-21,792
2010-05-21,792.5
2010-05-21,792
2010-05-21,793
2010-05-22,792
2010-05-22,792.5
2010-05-22,792
2010-05-22,793
2010-05-23,796
2010-05-23,796
2010-05-23,795
2010-05-23,797
2010-05-24,797
2010-05-24,797
2010-05-24,798
2010-05-24,796
2010-05-25,796
2010-05-25,796.5
2010-05-25,796
2010-05-25,797
2010-05-26,796
2010-05-26,796
2010-05-26,796
2010-05-26,796
2010-05-27,796
2010-05-27,796
2010-05-27,796
2010-05-27,796
2010-05-28,797
2010-05-28,797
2010-05-28,796
2010-05-28,798
2010-05-29,800
2010-05-29,799.5
2010-05-29,799
2010-05-29,800
2010-05-30,804
2010-05-30,804
2010-05-30,804
2010-05-30,804
2010-05-31,804
2010-05-31,804
2010-05-31,804
2010-05-31,804
2010-06-01,803
2010-06-01,803
2010-06-01,803
2010-06-01,803
2010-06-02,803.5
2010-06-02,804
2010-06-02,803
2010-06-02,804
2010-06-03,804
2010-06-03,804
2010-06-03,804
2010-06-03,804
2010-06-04,804
2010-06-04,804
2010-06-04,804
2010-06-04,804
2010-06-05,803.5
2010-06-05,804
2010-06-05,804
2010-06-05,803
2010-06-06,802.5
2010-06-06,802
2010-06-06,803
2010-06-06,802
2010-06-07,800.5
2010-06-07,801
2010-06-07,801
2010-06-07,800
2010-06-08,798.5
2010-06-08,798
2010-06-08,799
2010-06-08,798
2010-06-09,798
2010-06-09,798
2010-06-09,798
2010-06-09,798
2010-06-10,798
2010-06-10,798
2010-06-10,798
2010-06-10,798
2010-06-11,796
2010-06-11,796
2010-06-11,796
2010-06-11,796
2010-06-12,793
2010-06-12,793
2010-06-12,794
2010-06-12,792
2010-06-13,791
2010-06-13,791
2010-06-13,791
2010-06-13,791
2010-06-14,788.5
2010-06-14,788
2010-06-14,789
2010-06-14,788
2010-06-15,785
2010-06-15,785
2010-06-15,786
2010-06-15,784
2010-06-16,782
2010-06-16,782
2010-06-16,782
2010-06-16,782
2010-06-17,780
2010-06-17,780
2010-06-17,780
2010-06-17,780
2010-06-18,781
2010-06-18,781
2010-06-18,782
2010-06-18,780
2010-06-19,779
2010-06-19,779
2010-06-19,779
2010-06-19,779
2010-06-20,776.5
2010-06-20,776
2010-06-20,777
2010-06-20,776
2010-06-21,775
2010-06-21,775
2010-06-21,776
2010-06-21,774
2010-06-22,770
2010-06-22,770
2010-06-22,770
2010-06-22,770
2010-06-23,769
2010-06-23,769
2010-06-23,770
2010-06-23,768
2010-06-24,766
2010-06-24,766
2010-06-24,767
2010-06-24,765
2010-06-25,762
2010-06-25,762
2010-06-25,763
2010-06-25,761
2010-06-26,759
2010-06-26,759
2010-06-26,759
2010-06-26,759
2010-06-27,755
2010-06-27,755
2010-06-27,756
2010-06-27,754
2010-06-28,751.5
2010-06-28,752
2010-06-28,753
2010-06-28,750
2010-06-29,748.5
2010-06-29,748
2010-06-29,749
2010-06-29,748
2010-06-30,744.5
2010-06-30,744
2010-06-30,745
2010-06-30,744
2010-07-01,740
2010-07-01,740.5
2010-07-01,741
2010-07-01,740
2010-07-02,737
2010-07-02,737
2010-07-02,738
2010-07-02,736
2010-07-03,733
2010-07-03,733
2010-07-03,734
2010-07-03,732
2010-07-04,728
2010-07-04,728.5
2010-07-04,729
2010-07-04,728
2010-07-05,725
2010-07-05,725
2010-07-05,726
2010-07-05,724
2010-07-06,724
2010-07-06,723.5
2010-07-06,724
2010-07-06,723
2010-07-07,722
2010-07-07,722
2010-07-07,722
2010-07-07,722
2010-07-08,720
2010-07-08,720
2010-07-08,720
2010-07-08,720
2010-07-09,717
2010-07-09,717
2010-07-09,718
2010-07-09,716
2010-07-10,714
2010-07-10,713.5
2010-07-10,714
2010-07-10,713
2010-07-11,710
2010-07-11,710.5
2010-07-11,711
2010-07-11,710
2010-07-12,710
2010-07-12,709.5
2010-07-12,710
2010-07-12,709
2010-07-13,708
2010-07-13,707.5
2010-07-13,708
2010-07-13,707
2010-07-14,705
2010-07-14,705
2010-07-14,706
2010-07-14,704
2010-07-15,702
2010-07-15,702
2010-07-15,702
2010-07-15,702
2010-07-16,700
2010-07-16,699.5
2010-07-16,700
2010-07-16,699
2010-07-17,698
2010-07-17,698.5
2010-07-17,699
2010-07-17,698
2010-07-18,698
2010-07-18,698
2010-07-18,698
2010-07-18,698
2010-07-19,696
2010-07-19,695.5
2010-07-19,694
2010-07-19,697
2010-07-20,694
2010-07-20,694.5
2010-07-20,695
2010-07-20,694
2010-07-21,690
2010-07-21,690.5
2010-07-21,691
2010-07-21,690
2010-07-22,685
2010-07-22,685
2010-07-22,685
2010-07-22,685
2010-07-23,682
2010-07-23,682
2010-07-23,683
2010-07-23,681
2010-07-24,677
2010-07-24,677
2010-07-24,679
2010-07-24,675
2010-07-25,671
2010-07-25,671
2010-07-25,672
2010-07-25,670
2010-07-26,666
2010-07-26,666.5
2010-07-26,668
2010-07-26,665
2010-07-27,664
2010-07-27,663.5
2010-07-27,665
2010-07-27,662
2010-07-28,660
2010-07-28,659.5
2010-07-28,660
2010-07-28,659
2010-07-29,657
2010-07-29,657
2010-07-29,658
2010-07-29,656
2010-07-30,654
2010-07-30,654
2010-07-30,654
2010-07-30,654
2010-07-31,650
2010-07-31,650
2010-07-31,650
2010-07-31,650
2010-08-01,645
2010-08-01,645
2010-08-01,646
2010-08-01,644
2010-08-02,640
2010-08-02,640.5
2010-08-02,642
2010-08-02,639
2010-08-03,636
2010-08-03,635.5
2010-08-03,637
2010-08-03,634
2010-08-04,630
2010-08-04,630
2010-08-04,630
2010-08-04,630
2010-08-05,625
2010-08-05,625
2010-08-05,626
2010-08-05,624
2010-08-06,621
2010-08-06,621
2010-08-06,622
2010-08-06,620
2010-08-07,615
2010-08-07,615
2010-08-07,617
2010-08-07,613
2010-08-08,609
2010-08-08,609
2010-08-08,610
2010-08-08,608
2010-08-09,603
2010-08-09,603
2010-08-09,604
2010-08-09,602
2010-08-10,598
2010-08-10,598.5
2010-08-10,600
2010-08-10,597
2010-08-11,595
2010-08-11,595
2010-08-11,595
2010-08-11,595
2010-08-12,590
2010-08-12,590.5
2010-08-12,592
2010-08-12,589
2010-08-13,587
2010-08-13,587
2010-08-13,588
2010-08-13,586
2010-08-14,584
2010-08-14,584.5
2010-08-14,586
2010-08-14,583
2010-08-15,580
2010-08-15,580
2010-08-15,580
2010-08-15,580
2010-08-16,575
2010-08-16,575
2010-08-16,576
2010-08-16,574
2010-08-17,567
2010-08-17,567
2010-08-17,568
2010-08-17,566
2010-08-18,560
2010-08-18,560.5
2010-08-18,562
2010-08-18,559
2010-08-19,554
2010-08-19,553.5
2010-08-19,555
2010-08-19,552
2010-08-20,544
2010-08-20,544.5
2010-08-20,546
2010-08-20,543
2010-08-21,536
2010-08-21,536
2010-08-21,538
2010-08-21,534
2010-08-22,528
2010-08-22,528
2010-08-22,530
2010-08-22,526
2010-08-23,520
2010-08-23,520.5
2010-08-23,522
2010-08-23,519
2010-08-24,514
2010-08-24,513.5
2010-08-24,515
2010-08-24,512
2010-08-25,507
2010-08-25,507
2010-08-25,508
2010-08-25,506
2010-08-26,500
2010-08-26,499.5
2010-08-26,501
2010-08-26,498
2010-08-27,492
2010-08-27,492
2010-08-27,494
2010-08-27,490
2010-08-28,482
2010-08-28,482
2010-08-28,486
2010-08-28,478
2010-08-29,474
2010-08-29,473.5
2010-08-29,475
2010-08-29,472
2010-08-30,464
2010-08-30,464
2010-08-30,466
2010-08-30,462
2010-08-31,453
2010-08-31,453
2010-08-31,456
2010-08-31,450
2010-09-01,439
2010-09-01,439
2010-09-01,442
2010-09-01,436
2010-09-02,426
2010-09-02,426.5
2010-09-02,429
2010-09-02,424
2010-09-03,413
2010-09-03,413
2010-09-03,416
2010-09-03,410
2010-09-04,399
2010-09-04,399
2010-09-04,400
2010-09-04,398
2010-09-05,385
2010-09-05,385
2010-09-05,388
2010-09-05,382
2010-09-06,372
2010-09-06,372
2010-09-06,374
2010-09-06,370
2010-09-07,362
2010-09-07,362
2010-09-07,362
2010-09-07,362
2010-09-08,350
2010-09-08,349.5
2010-09-08,352
2010-09-08,347
2010-09-09,339
2010-09-09,339
2010-09-09,340
2010-09-09,338
2010-09-10,330
2010-09-10,330
2010-09-10,332
2010-09-10,328
2010-09-11,320
2010-09-11,320
2010-09-11,322
2010-09-11,318
2010-09-12,309
2010-09-12,309
2010-09-12,312
2010-09-12,306
2010-09-13,299
2010-09-13,299
2010-09-13,302
2010-09-13,296
2010-09-14,286
2010-09-14,286
2010-09-14,290
2010-09-14,282
2010-09-15,272
2010-09-15,272
2010-09-15,274
2010-09-15,270
2010-09-16,258
2010-09-16,258
2010-09-16,260
2010-09-16,256
2010-09-17,243
2010-09-17,243
2010-09-17,246
2010-09-17,240
2010-09-18,227
2010-09-18,227
2010-09-18,230
2010-09-18,224
2010-09-19,212
2010-09-19,212.5
2010-09-19,215
2010-09-19,210
2010-09-20,199
2010-09-20,199
2010-09-20,200
2010-09-20,198
2010-09-21,188
2010-09-21,187.5
2010-09-21,189
2010-09-21,186
2010-09-22,175
2010-09-22,175
2010-09-22,178
2010-09-22,172
2010-09-23,166
2010-09-23,166.5
2010-09-23,168
2010-09-23,165
2010-09-24,159
2010-09-24,159
2010-09-24,160
2010-09-24,158
2010-09-25,152
2010-09-25,152
2010-09-25,154
2010-09-25,150
2010-09-26,147
2010-09-26,147
2010-09-26,148
2010-09-26,146
2010-09-27,138
2010-09-27,138
2010-09-27,140
2010-09-27,136
2010-09-28,130
2010-09-28,130
2010-09-28,134
2010-09-28,126
2010-09-29,122
2010-09-29,122
2010-09-29,126
2010-09-29,118
2010-09-30,112
2010-09-30,112
2010-09-30,116
2010-09-30,108
2010-10-01,98
2010-10-01,98.5
2010-10-01,103
2010-10-01,94
2010-10-02,92
2010-10-02,92
2010-10-02,94
2010-10-02,90
2010-10-03,83
2010-10-03,83
2010-10-03,84
2010-10-03,82
2010-10-04,75
2010-10-04,75
2010-10-04,76
2010-10-04,74
2010-10-05,68
2010-10-05,68
2010-10-05,72
2010-10-05,64
2010-10-06,72
2010-10-06,72
2010-10-06,72
2010-10-06,72
2010-10-07,71
2010-10-07,71
2010-10-07,70
2010-10-07,72
2010-10-08,69
2010-10-08,69
2010-10-08,68
2010-10-08,70
2010-10-09,68
2010-10-09,67.5
2010-10-09,66
2010-10-09,69
2010-10-10,67
2010-10-10,67
2010-10-10,68
2010-10-10,66
2010-10-11,58
2010-10-11,58.5
2010-10-11,62
2010-10-11,55
2010-10-12,50
2010-10-12,50
2010-10-12,56
2010-10-12,44
2010-10-13,38
2010-10-13,38.5
2010-10-13,44
2010-10-13,33
2010-10-14,25
2010-10-14,25
2010-10-14,30
2010-10-14,20
2010-10-15,10
2010-10-15,10.5
2010-10-15,13
2010-10-15,8
2010-10-16,5
2010-10-16,5
2010-10-16,5
2010-10-16,5
2010-10-17,18
2010-10-17,18
2010-10-17,14
2010-10-17,22
2010-10-18,28
2010-10-18,28.5
2010-10-18,26
2010-10-18,31
2010-10-19,41
2010-10-19,41
2010-10-19,41
2010-10-19,41
2010-10-20,40
2010-10-20,40
2010-10-20,41
2010-10-20,39
2010-10-21,47
2010-10-21,47
2010-10-21,52
2010-10-21,42
2010-10-22,50
2010-10-22,49.5
2010-10-22,52
2010-10-22,47
2010-10-23,46
2010-10-23,46
2010-10-23,46
2010-10-23,46
2010-10-24,43
2010-10-24,43
2010-10-24,41
2010-10-24,45
2010-10-25,43
2010-10-25,43
2010-10-25,41
2010-10-25,45
2010-10-26,44
2010-10-26,44
2010-10-26,43
2010-10-26,45
2010-10-27,41
2010-10-27,41
2010-10-27,42
2010-10-27,40
2010-10-28,52
2010-10-28,51.5
2010-10-28,45
2010-10-28,58
2010-10-29,56
2010-10-29,56
2010-10-29,50
2010-10-29,62
2010-10-30,52
2010-10-30,52.5
2010-10-30,46
2010-10-30,59
2010-10-31,48
2010-10-31,48.5
2010-10-31,45
2010-10-31,52
2010-11-01,49
2010-11-01,49
2010-11-01,48
2010-11-01,50
2010-11-02,50
2010-11-02,50
2010-11-02,49
2010-11-02,51
2010-11-03,43.5
2010-11-03,44
2010-11-03,46
2010-11-03,41
2010-11-04,35.5
2010-11-04,36
2010-11-04,42
2010-11-04,29
2010-11-05,32
2010-11-05,32
2010-11-05,42
2010-11-05,22
2010-11-06,23.5
2010-11-06,24
2010-11-06,31
2010-11-06,16
2010-11-07,14
2010-11-07,14
2010-11-07,18
2010-11-07,10
2010-11-08,11
2010-11-08,11
2010-11-08,8
2010-11-08,14
2010-11-09,17.5
2010-11-09,18
2010-11-09,12
2010-11-09,23
2010-11-10,22
2010-11-10,22
2010-11-10,14
2010-11-10,30
2010-11-11,24
2010-11-11,24
2010-11-11,18
2010-11-11,30
2010-11-12,23.5
2010-11-12,24
2010-11-12,17
2010-11-12,30
2010-11-13,34
2010-11-13,34
2010-11-13,31
2010-11-13,37
2010-11-14,38
2010-11-14,38
2010-11-14,38
2010-11-14,38
2010-11-15,40.5
2010-11-15,40
2010-11-15,38
2010-11-15,43
2010-11-16,43
2010-11-16,43
2010-11-16,43
2010-11-16,43
2010-11-17,39
2010-11-17,39
2010-11-17,43
2010-11-17,35
2010-11-18,31.5
2010-11-18,32
2010-11-18,33
2010-11-18,30
2010-11-19,29
2010-11-19,29
2010-11-19,31
2010-11-19,27
2010-11-20,18.5
2010-11-20,18
2010-11-20,23
2010-11-20,14
2010-11-21,9.5
2010-11-21,10
2010-11-21,14
2010-11-21,5
2010-11-22,2.5
2010-11-22,2
2010-11-22,1
2010-11-22,4
2010-11-23,5
2010-11-23,5
2010-11-23,6
2010-11-23,4
2010-11-24,16.5
2010-11-24,16
2010-11-24,14
2010-11-24,19
2010-11-25,23
2010-11-25,23
2010-11-25,26
2010-11-25,20
2010-11-26,32
2010-11-26,32
2010-11-26,34
2010-11-26,30
2010-11-27,36
2010-11-27,36
2010-11-27,34
2010-11-27,38
2010-11-28,37
2010-11-28,37
2010-11-28,36
2010-11-28,38
2010-11-29,41
2010-11-29,41
2010-11-29,40
2010-11-29,42
2010-11-30,46.5
2010-11-30,46
2010-11-30,45
2010-11-30,48
2010-12-01,53
2010-12-01,53
2010-12-01,50
2010-12-01,55
2010-12-02,60
2010-12-02,60
2010-12-02,58
2010-12-02,62
2010-12-03,67
2010-12-03,67
2010-12-03,66
2010-12-03,68
2010-12-04,73
2010-12-04,73
2010-12-04,72
2010-12-04,74
2010-12-05,79
2010-12-05,79
2010-12-05,78
2010-12-05,80
2010-12-06,89
2010-12-06,89
2010-12-06,84
2010-12-06,94
2010-12-07,98
2010-12-07,98
2010-12-07,96
2010-12-07,99
2010-12-08,106
2010-12-08,106
2010-12-08,102
2010-12-08,109
2010-12-09,112
2010-12-09,112
2010-12-09,112
2010-12-09,112
2010-12-10,118
2010-12-10,118
2010-12-10,118
2010-12-10,118
2010-12-11,120
2010-12-11,120
2010-12-11,122
2010-12-11,118
2010-12-12,122
2010-12-12,122
2010-12-12,122
2010-12-12,122
2010-12-13,120
2010-12-13,120
2010-12-13,120
2010-12-13,120
2010-12-14,120
2010-12-14,120
2010-12-14,120
2010-12-14,120
2010-12-15,120
2010-12-15,120
2010-12-15,120
2010-12-15,120
2010-12-16,120
2010-12-16,120
2010-12-16,120
2010-12-16,120
2010-12-17,125
2010-12-17,125
2010-12-17,122
2010-12-17,127
2010-12-18,127
2010-12-18,127
2010-12-18,127
2010-12-18,127
2010-12-19,127
2010-12-19,127
2010-12-19,127
2010-12-19,127
2010-12-20,138
2010-12-20,138
2010-12-20,138
2010-12-20,138
2010-12-21,149
2010-12-21,149
2010-12-21,149
2010-12-21,148
2010-12-22,151
2010-12-22,151
2010-12-22,150
2010-12-22,152
2010-12-23,158
2010-12-23,158
2010-12-23,158
2010-12-23,158
2010-12-24,164
2010-12-24,164
2010-12-24,164
2010-12-24,164
2010-12-25,168
2010-12-25,168
2010-12-25,168
2010-12-25,168
2010-12-26,176
2010-12-26,176
2010-12-26,176
2010-12-26,176
2010-12-27,182
2010-12-27,182
2010-12-27,182
2010-12-27,182
2010-12-28,190
2010-12-28,190
2010-12-28,190
2010-12-28,190
2010-12-29,190
2010-12-29,190
2010-12-29,190
2010-12-29,190
2010-12-30,192
2010-12-30,192
2010-12-30,192
2010-12-30,192
2010-12-31,196
2010-12-31,196
2010-12-31,196
2010-12-31,196
2011-01-01,200.5
2011-01-01,200
2011-01-01,202
2011-01-01,199
2011-01-02,200
2011-01-02,200
2011-01-02,201
2011-01-02,199
2011-01-03,200
2011-01-03,200
2011-01-03,200
2011-01-03,200
2011-01-04,203
2011-01-04,203
2011-01-04,202
2011-01-04,204
2011-01-05,205.5
2011-01-05,206
2011-01-05,205
2011-01-05,206
2011-01-06,212
2011-01-06,212
2011-01-06,210
2011-01-06,214
2011-01-07,216
2011-01-07,216
2011-01-07,216
2011-01-07,216
2011-01-08,220
2011-01-08,220
2011-01-08,220
2011-01-08,220
2011-01-09,226
2011-01-09,226
2011-01-09,226
2011-01-09,226
2011-01-10,232
2011-01-10,232
2011-01-10,232
2011-01-10,232
2011-01-11,236
2011-01-11,236
2011-01-11,236
2011-01-11,236
2011-01-12,243
2011-01-12,243
2011-01-12,242
2011-01-12,244
2011-01-13,248
2011-01-13,248
2011-01-13,246
2011-01-13,250
2011-01-14,250
2011-01-14,250
2011-01-14,250
2011-01-14,250
2011-01-15,250.5
2011-01-15,250
2011-01-15,250
2011-01-15,251
2011-01-16,251
2011-01-16,251
2011-01-16,251
2011-01-16,251
2011-01-17,260
2011-01-17,260
2011-01-17,260
2011-01-17,260
2011-01-18,266
2011-01-18,266
2011-01-18,264
2011-01-18,268
2011-01-19,278
2011-01-19,278
2011-01-19,276
2011-01-19,280
2011-01-20,288
2011-01-20,288
2011-01-20,286
2011-01-20,290
2011-01-21,299
2011-01-21,299
2011-01-21,298
2011-01-21,300
2011-01-22,307.5
2011-01-22,308
2011-01-22,306
2011-01-22,309
2011-01-23,315
2011-01-23,315
2011-01-23,314
2011-01-23,316
2011-01-24,320
2011-01-24,320
2011-01-24,320
2011-01-24,320
2011-01-25,327
2011-01-25,327
2011-01-25,326
2011-01-25,328
2011-01-26,335
2011-01-26,335
2011-01-26,334
2011-01-26,336
2011-01-27,340
2011-01-27,340
2011-01-27,340
2011-01-27,340
2011-01-28,344
2011-01-28,344
2011-01-28,342
2011-01-28,346
2011-01-29,350
2011-01-29,350
2011-01-29,350
2011-01-29,350
2011-01-30,354
2011-01-30,354
2011-01-30,354
2011-01-30,354
2011-01-31,357
2011-01-31,357
2011-01-31,356
2011-01-31,358
2011-02-01,367
2011-02-01,367
2011-02-01,366
2011-02-01,368
2011-02-02,374
2011-02-02,374
2011-02-02,372
2011-02-02,376
2011-02-03,380
2011-02-03,380
2011-02-03,380
2011-02-03,380
2011-02-04,390
2011-02-04,390
2011-02-04,390
2011-02-04,390
2011-02-05,400
2011-02-05,400
2011-02-05,400
2011-02-05,400
2011-02-06,408
2011-02-06,408
2011-02-06,408
2011-02-06,408
2011-02-07,414
2011-02-07,414
2011-02-07,413
2011-02-07,415
2011-02-08,420.5
2011-02-08,420
2011-02-08,420
2011-02-08,421
2011-02-09,429
2011-02-09,429
2011-02-09,428
2011-02-09,430
2011-02-10,434
2011-02-10,434
2011-02-10,434
2011-02-10,434
2011-02-11,438.5
2011-02-11,438
2011-02-11,439
2011-02-11,438
2011-02-12,439
2011-02-12,439
2011-02-12,438
2011-02-12,440
2011-02-13,444
2011-02-13,444
2011-02-13,444
2011-02-13,444
2011-02-14,447
2011-02-14,447
2011-02-14,446
2011-02-14,448
2011-02-15,452
2011-02-15,452
2011-02-15,452
2011-02-15,452
2011-02-16,456
2011-02-16,456
2011-02-16,456
2011-02-16,456
2011-02-17,461
2011-02-17,461
2011-02-17,460
2011-02-17,462
2011-02-18,466
2011-02-18,466
2011-02-18,466
2011-02-18,466
2011-02-19,474
2011-02-19,474
2011-02-19,472
2011-02-19,476
2011-02-20,478
2011-02-20,478
2011-02-20,478
2011-02-20,478
2011-02-21,486
2011-02-21,486
2011-02-21,482
2011-02-21,490
2011-02-22,494
2011-02-22,494
2011-02-22,492
2011-02-22,496
2011-02-23,499
2011-02-23,499
2011-02-23,498
2011-02-23,500
2011-02-24,507
2011-02-24,507
2011-02-24,504
2011-02-24,510
2011-02-25,513
2011-02-25,513
2011-02-25,511
2011-02-25,515
2011-02-26,522
2011-02-26,522
2011-02-26,520
2011-02-26,524
2011-02-27,532
2011-02-27,532
2011-02-27,530
2011-02-27,534
2011-02-28,536.5
2011-02-28,536
2011-02-28,536
2011-02-28,537
2011-03-01,540
2011-03-01,540
2011-03-01,540
2011-03-01,540
2011-03-02,542
2011-03-02,542
2011-03-02,542
2011-03-02,542
2011-03-03,546
2011-03-03,546.5
2011-03-03,546
2011-03-03,547
2011-03-04,550
2011-03-04,550
2011-03-04,550
2011-03-04,550
2011-03-05,552
2011-03-05,552
2011-03-05,552
2011-03-05,552
2011-03-06,560
2011-03-06,560
2011-03-06,557
2011-03-06,563
2011-03-07,566
2011-03-07,566
2011-03-07,565
2011-03-07,567
2011-03-08,571
2011-03-08,571
2011-03-08,570
2011-03-08,572
2011-03-09,576
2011-03-09,575.5
2011-03-09,574
2011-03-09,577
2011-03-10,580
2011-03-10,580
2011-03-10,578
2011-03-10,582
2011-03-11,590
2011-03-11,590
2011-03-11,588
2011-03-11,592
2011-03-12,595
2011-03-12,595
2011-03-12,594
2011-03-12,596
2011-03-13,601
2011-03-13,601
2011-03-13,600
2011-03-13,602
2011-03-14,606
2011-03-14,606.5
2011-03-14,606
2011-03-14,607
2011-03-15,614
2011-03-15,614.5
2011-03-15,613
2011-03-15,616
2011-03-16,619
2011-03-16,619
2011-03-16,618
2011-03-16,620
2011-03-17,624
2011-03-17,623.5
2011-03-17,622
2011-03-17,625
2011-03-18,626
2011-03-18,626.5
2011-03-18,626
2011-03-18,627
2011-03-19,632
2011-03-19,632.5
2011-03-19,629
2011-03-19,636
2011-03-20,638
2011-03-20,638
2011-03-20,637
2011-03-20,639
2011-03-21,643
2011-03-21,643
2011-03-21,642
2011-03-21,644
2011-03-22,645
2011-03-22,645
2011-03-22,644
2011-03-22,646
2011-03-23,652
2011-03-23,652
2011-03-23,652
2011-03-23,652
2011-03-24,660
2011-03-24,659.5
2011-03-24,659
2011-03-24,660
2011-03-25,665
2011-03-25,665
2011-03-25,664
2011-03-25,666
2011-03-26,671
2011-03-26,671
2011-03-26,670
2011-03-26,672
2011-03-27,678
2011-03-27,678
2011-03-27,678
2011-03-27,678
2011-03-28,683
2011-03-28,683
2011-03-28,682
2011-03-28,684
2011-03-29,686
2011-03-29,685.5
2011-03-29,685
2011-03-29,686
2011-03-30,688
2011-03-30,688.5
2011-03-30,688
2011-03-30,689
2011-03-31,692
2011-03-31,692.5
2011-03-31,692
2011-03-31,693
2011-04-01,697
2011-04-01,697
2011-04-01,696
2011-04-01,698
2011-04-02,704
2011-04-02,704
2011-04-02,704
2011-04-02,704
2011-04-03,708
2011-04-03,708
2011-04-03,708
2011-04-03,708
2011-04-04,711
2011-04-04,711
2011-04-04,711
2011-04-04,711
2011-04-05,712
2011-04-05,712
2011-04-05,712
2011-04-05,712
2011-04-06,713
2011-04-06,713
2011-04-06,712
2011-04-06,714
2011-04-07,717
2011-04-07,717
2011-04-07,716
2011-04-07,718
2011-04-08,729
2011-04-08,729
2011-04-08,728
2011-04-08,730
2011-04-09,732
2011-04-09,732
2011-04-09,732
2011-04-09,732
2011-04-10,742
2011-04-10,742
2011-04-10,742
2011-04-10,742
2011-04-11,743
2011-04-11,743
2011-04-11,742
2011-04-11,744
2011-04-12,747
2011-04-12,747
2011-04-12,746
2011-04-12,748
2011-04-13,751
2011-04-13,751
2011-04-13,750
2011-04-13,752
2011-04-14,756
2011-04-14,756
2011-04-14,754
2011-04-14,758
2011-04-15,764
2011-04-15,764
2011-04-15,764
2011-04-15,764
2011-04-16,764
2011-04-16,764
2011-04-16,764
2011-04-16,764
2011-04-17,769
2011-04-17,769
2011-04-17,768
2011-04-17,770
2011-04-18,775
2011-04-18,775
2011-04-18,774
2011-04-18,776
2011-04-19,779
2011-04-19,779
2011-04-19,778
2011-04-19,780
2011-04-20,782
2011-04-20,782.5
2011-04-20,782
2011-04-20,783
2011-04-21,785
2011-04-21,785
2011-04-21,784
2011-04-21,786
2011-04-22,788
2011-04-22,788
2011-04-22,788
2011-04-22,788
2011-04-23,800
2011-04-23,800
2011-04-23,800
2011-04-23,800
2011-04-24,802
2011-04-24,802
2011-04-24,802
2011-04-24,802
2011-04-25,805
2011-04-25,805
2011-04-25,804
2011-04-25,806
2011-04-26,808
2011-04-26,808
2011-04-26,808
2011-04-26,808
2011-04-27,813
2011-04-27,813
2011-04-27,812
2011-04-27,814
2011-04-28,814
2011-04-28,814
2011-04-28,814
2011-04-28,814
2011-04-29,816
2011-04-29,816.5
2011-04-29,816
2011-04-29,817
2011-04-30,818
2011-04-30,817.5
2011-04-30,818
2011-04-30,817
2011-05-01,820
2011-05-01,820
2011-05-01,820
2011-05-01,820
2011-05-02,820
2011-05-02,820
2011-05-02,820
2011-05-02,820
2011-05-03,822
2011-05-03,822
2011-05-03,822
2011-05-03,822
2011-05-04,823
2011-05-04,823
2011-05-04,822
2011-05-04,824
2011-05-05,825
2011-05-05,825
2011-05-05,825
2011-05-05,825
2011-05-06,825.5
2011-05-06,826
2011-05-06,825
2011-05-06,826
2011-05-07,826.5
2011-05-07,826
2011-05-07,826
2011-05-07,827
2011-05-08,828
2011-05-08,828
2011-05-08,828
2011-05-08,828
2011-05-09,828
2011-05-09,828
2011-05-09,828
2011-05-09,828
2011-05-10,828
2011-05-10,828
2011-05-10,828
2011-05-10,828
2011-05-11,828
2011-05-11,828
2011-05-11,828
2011-05-11,828
2011-05-12,831
2011-05-12,831
2011-05-12,831
2011-05-12,831
2011-05-13,834.5
2011-05-13,835
2011-05-13,834
2011-05-13,835
2011-05-14,836
2011-05-14,836
2011-05-14,836
2011-05-14,836
2011-05-15,836.5
2011-05-15,836
2011-05-15,836
2011-05-15,837
2011-05-16,838
2011-05-16,838
2011-05-16,838
2011-05-16,838
2011-05-17,839
2011-05-17,839
2011-05-17,838
2011-05-17,840
2011-05-18,845
2011-05-18,845
2011-05-18,844
2011-05-18,846
2011-05-19,848
2011-05-19,848
2011-05-19,848
2011-05-19,848
2011-05-20,848
2011-05-20,848
2011-05-20,848
2011-05-20,848
2011-05-21,849
2011-05-21,849
2011-05-21,849
2011-05-21,849
2011-05-22,851
2011-05-22,851
2011-05-22,850
2011-05-22,852
2011-05-23,852
2011-05-23,852
2011-05-23,852
2011-05-23,852
2011-05-24,852
2011-05-24,852
2011-05-24,852
2011-05-24,852
2011-05-25,852
2011-05-25,852
2011-05-25,852
2011-05-25,852
2011-05-26,853.5
2011-05-26,854
2011-05-26,853
2011-05-26,854
2011-05-27,854
2011-05-27,854
2011-05-27,854
2011-05-27,854
2011-05-28,854
2011-05-28,854
2011-05-28,854
2011-05-28,854
2011-05-29,854
2011-05-29,854
2011-05-29,854
2011-05-29,854
2011-05-30,854.5
2011-05-30,854
2011-05-30,854
2011-05-30,855
2011-05-31,857
2011-05-31,857
2011-05-31,856
2011-05-31,858
2011-06-01,858
2011-06-01,858
2011-06-01,858
2011-06-01,858
2011-06-02,858
2011-06-02,858
2011-06-02,858
2011-06-02,858
2011-06-03,858
2011-06-03,858
2011-06-03,858
2011-06-03,858
2011-06-04,858
2011-06-04,858
2011-06-04,858
2011-06-04,858
2011-06-05,858
2011-06-05,858
2011-06-05,858
2011-06-05,858
2011-06-06,857
2011-06-06,857
2011-06-06,858
2011-06-06,856
2011-06-07,856
2011-06-07,856
2011-06-07,856
2011-06-07,856
2011-06-08,856
2011-06-08,856
2011-06-08,856
2011-06-08,856
2011-06-09,856
2011-06-09,856
2011-06-09,856
2011-06-09,856
2011-06-10,854
2011-06-10,854
2011-06-10,854
2011-06-10,854
2011-06-11,854
2011-06-11,854
2011-06-11,854
2011-06-11,854
2011-06-12,854
2011-06-12,854
2011-06-12,854
2011-06-12,854
2011-06-13,852
2011-06-13,852
2011-06-13,852
2011-06-13,852
2011-06-14,850
2011-06-14,850
2011-06-14,850
2011-06-14,850
2011-06-15,849
2011-06-15,849
2011-06-15,849
2011-06-15,849
2011-06-16,848
2011-06-16,848
2011-06-16,848
2011-06-16,848
2011-06-17,846
2011-06-17,846
2011-06-17,846
2011-06-17,846
2011-06-18,844
2011-06-18,844
2011-06-18,844
2011-06-18,844
2011-06-19,842
2011-06-19,842
2011-06-19,842
2011-06-19,842
2011-06-20,840
2011-06-20,840
2011-06-20,840
2011-06-20,840
2011-06-21,836
2011-06-21,836
2011-06-21,836
2011-06-21,836
2011-06-22,834.5
2011-06-22,835
2011-06-22,835
2011-06-22,834
2011-06-23,832
2011-06-23,832
2011-06-23,832
2011-06-23,832
2011-06-24,830
2011-06-24,830
2011-06-24,830
2011-06-24,830
2011-06-25,827
2011-06-25,827
2011-06-25,828
2011-06-25,826
2011-06-26,823
2011-06-26,823
2011-06-26,824
2011-06-26,822
2011-06-27,819
2011-06-27,819
2011-06-27,820
2011-06-27,818
2011-06-28,817
2011-06-28,817
2011-06-28,817
2011-06-28,817
2011-06-29,815
2011-06-29,815
2011-06-29,816
2011-06-29,814
2011-06-30,812
2011-06-30,812
2011-06-30,812
2011-06-30,812
2011-07-01,810
2011-07-01,810
2011-07-01,810
2011-07-01,810
2011-07-02,808
2011-07-02,808
2011-07-02,808
2011-07-02,808
2011-07-03,806.5
2011-07-03,806
2011-07-03,807
2011-07-03,806
2011-07-04,806
2011-07-04,806
2011-07-04,806
2011-07-04,806
2011-07-05,806
2011-07-05,806
2011-07-05,806
2011-07-05,806
2011-07-06,803
2011-07-06,803
2011-07-06,804
2011-07-06,802
2011-07-07,801
2011-07-07,801
2011-07-07,802
2011-07-07,800
2011-07-08,798
2011-07-08,798
2011-07-08,798
2011-07-08,798
2011-07-09,796
2011-07-09,796
2011-07-09,796
2011-07-09,796
2011-07-10,794
2011-07-10,794
2011-07-10,794
2011-07-10,794
2011-07-11,792
2011-07-11,792
2011-07-11,794
2011-07-11,790
2011-07-12,788
2011-07-12,788
2011-07-12,788
2011-07-12,788
2011-07-13,786
2011-07-13,786
2011-07-13,786
2011-07-13,786
2011-07-14,784
2011-07-14,784
2011-07-14,784
2011-07-14,784
2011-07-15,782
2011-07-15,782
2011-07-15,782
2011-07-15,782
2011-07-16,780
2011-07-16,780
2011-07-16,780
2011-07-16,780
2011-07-17,772.5
2011-07-17,772
2011-07-17,773
2011-07-17,772
2011-07-18,770
2011-07-18,770
2011-07-18,772
2011-07-18,768
2011-07-19,765
2011-07-19,765
2011-07-19,766
2011-07-19,764
2011-07-20,761.5
2011-07-20,762
2011-07-20,763
2011-07-20,760
2011-07-21,757
2011-07-21,757
2011-07-21,758
2011-07-21,756
2011-07-22,754
2011-07-22,754
2011-07-22,754
2011-07-22,754
2011-07-23,751
2011-07-23,751
2011-07-23,752
2011-07-23,750
2011-07-24,746
2011-07-24,746
2011-07-24,748
2011-07-24,744
2011-07-25,741
2011-07-25,741
2011-07-25,742
2011-07-25,740
2011-07-26,737
2011-07-26,737
2011-07-26,738
2011-07-26,736
2011-07-27,733
2011-07-27,733
2011-07-27,734
2011-07-27,732
2011-07-28,728
2011-07-28,728
2011-07-28,730
2011-07-28,726
2011-07-29,723
2011-07-29,723
2011-07-29,724
2011-07-29,722
2011-07-30,718
2011-07-30,718
2011-07-30,720
2011-07-30,716
2011-07-31,715
2011-07-31,715
2011-07-31,716
2011-07-31,714
2011-08-01,711
2011-08-01,711
2011-08-01,712
2011-08-01,710
2011-08-02,705
2011-08-02,705
2011-08-02,706
2011-08-02,704
2011-08-03,701
2011-08-03,701
2011-08-03,702
2011-08-03,700
2011-08-04,697
2011-08-04,697
2011-08-04,698
2011-08-04,696
2011-08-05,693
2011-08-05,693
2011-08-05,694
2011-08-05,692
2011-08-06,689
2011-08-06,689
2011-08-06,690
2011-08-06,688
2011-08-07,686
2011-08-07,686
2011-08-07,686
2011-08-07,686
2011-08-08,683
2011-08-08,683
2011-08-08,684
2011-08-08,682
2011-08-09,677
2011-08-09,677
2011-08-09,678
2011-08-09,676
2011-08-10,673
2011-08-10,673
2011-08-10,674
2011-08-10,672
2011-08-11,666
2011-08-11,666
2011-08-11,668
2011-08-11,664
2011-08-12,660
2011-08-12,660
2011-08-12,662
2011-08-12,658
2011-08-13,653
2011-08-13,653
2011-08-13,654
2011-08-13,652
2011-08-14,647
2011-08-14,647
2011-08-14,648
2011-08-14,646
2011-08-15,643
2011-08-15,643
2011-08-15,644
2011-08-15,642
2011-08-16,639
2011-08-16,639
2011-08-16,640
2011-08-16,638
2011-08-17,635
2011-08-17,635
2011-08-17,636
2011-08-17,634
2011-08-18,630
2011-08-18,630
2011-08-18,632
2011-08-18,628
2011-08-19,625
2011-08-19,625
2011-08-19,626
2011-08-19,624
2011-08-20,619
2011-08-20,619
2011-08-20,620
2011-08-20,618
2011-08-21,613
2011-08-21,613
2011-08-21,614
2011-08-21,612
2011-08-22,607
2011-08-22,607
2011-08-22,608
2011-08-22,606
2011-08-23,600
2011-08-23,600
2011-08-23,602
2011-08-23,598
2011-08-24,595
2011-08-24,595
2011-08-24,596
2011-08-24,594
2011-08-25,590
2011-08-25,590
2011-08-25,592
2011-08-25,588
2011-08-26,585
2011-08-26,585
2011-08-26,586
2011-08-26,584
2011-08-27,580
2011-08-27,580
2011-08-27,582
2011-08-27,578
2011-08-28,573
2011-08-28,573
2011-08-28,574
2011-08-28,572
2011-08-29,568
2011-08-29,568
2011-08-29,570
2011-08-29,566
2011-08-30,559
2011-08-30,559
2011-08-30,560
2011-08-30,558
2011-08-31,553.5
2011-08-31,554
2011-08-31,555
2011-08-31,552
2011-09-01,549
2011-09-01,549
2011-09-01,550
2011-09-01,548
2011-09-02,542
2011-09-02,542
2011-09-02,544
2011-09-02,540
2011-09-03,534
2011-09-03,534
2011-09-03,536
2011-09-03,532
2011-09-04,526
2011-09-04,526
2011-09-04,528
2011-09-04,524
2011-09-05,518
2011-09-05,518
2011-09-05,520
2011-09-05,516
2011-09-06,508
2011-09-06,508
2011-09-06,510
2011-09-06,506
2011-09-07,496
2011-09-07,496
2011-09-07,498
2011-09-07,494
2011-09-08,486
2011-09-08,486
2011-09-08,488
2011-09-08,484
2011-09-09,471
2011-09-09,471
2011-09-09,474
2011-09-09,468
2011-09-10,459
2011-09-10,459
2011-09-10,462
2011-09-10,456
2011-09-11,443
2011-09-11,443
2011-09-11,448
2011-09-11,438
2011-09-12,433
2011-09-12,433
2011-09-12,436
2011-09-12,430
2011-09-13,420
2011-09-13,420
2011-09-13,422
2011-09-13,418
2011-09-14,407
2011-09-14,407
2011-09-14,410
2011-09-14,404
2011-09-15,394
2011-09-15,394
2011-09-15,396
2011-09-15,392
2011-09-16,375
2011-09-16,375
2011-09-16,380
2011-09-16,370
2011-09-17,359
2011-09-17,359
2011-09-17,362
2011-09-17,356
2011-09-18,343
2011-09-18,343
2011-09-18,346
2011-09-18,340
2011-09-19,326
2011-09-19,326
2011-09-19,330
2011-09-19,322
2011-09-20,309
2011-09-20,309
2011-09-20,312
2011-09-20,306
2011-09-21,291
2011-09-21,291
2011-09-21,294
2011-09-21,288
2011-09-22,275
2011-09-22,275
2011-09-22,280
2011-09-22,270
2011-09-23,256
2011-09-23,256
2011-09-23,260
2011-09-23,252
2011-09-24,240
2011-09-24,240
2011-09-24,244
2011-09-24,236
2011-09-25,227.5
2011-09-25,228
2011-09-25,230
2011-09-25,225
2011-09-26,216
2011-09-26,216
2011-09-26,218
2011-09-26,214
2011-09-27,204
2011-09-27,204
2011-09-27,206
2011-09-27,202
2011-09-28,195
2011-09-28,195
2011-09-28,198
2011-09-28,192
2011-09-29,178.5
2011-09-29,178
2011-09-29,180
2011-09-29,177
2011-09-30,172.5
2011-09-30,172
2011-09-30,175
2011-09-30,170
2011-10-01,168
2011-10-01,168.5
2011-10-01,169
2011-10-01,168
2011-10-02,161
2011-10-02,161
2011-10-02,166
2011-10-02,156
2011-10-03,148
2011-10-03,148
2011-10-03,150
2011-10-03,146
2011-10-04,136
2011-10-04,136.5
2011-10-04,140
2011-10-04,133
2011-10-05,125
2011-10-05,125
2011-10-05,128
2011-10-05,122
2011-10-06,116
2011-10-06,116
2011-10-06,118
2011-10-06,114
2011-10-07,107
2011-10-07,107
2011-10-07,108
2011-10-07,106
2011-10-08,103
2011-10-08,103
2011-10-08,104
2011-10-08,102
2011-10-09,100
2011-10-09,100
2011-10-09,100
2011-10-09,100
2011-10-10,100
2011-10-10,100
2011-10-10,100
2011-10-10,100
2011-10-11,98
2011-10-11,98
2011-10-11,98
2011-10-11,98
2011-10-12,96
2011-10-12,96
2011-10-12,96
2011-10-12,96
2011-10-13,94
2011-10-13,94
2011-10-13,94
2011-10-13,94
2011-10-14,95
2011-10-14,95
2011-10-14,94
2011-10-14,96
2011-10-15,98
2011-10-15,98
2011-10-15,98
2011-10-15,98
2011-10-16,100
2011-10-16,100
2011-10-16,100
2011-10-16,100
2011-10-17,100
2011-10-17,100
2011-10-17,100
2011-10-17,100
2011-10-18,98
2011-10-18,98.5
2011-10-18,100
2011-10-18,97
2011-10-19,96
2011-10-19,96
2011-10-19,96
2011-10-19,96
2011-10-20,98
2011-10-20,98
2011-10-20,98
2011-10-20,98
2011-10-21,96
2011-10-21,96
2011-10-21,98
2011-10-21,94
2011-10-22,97
2011-10-22,97
2011-10-22,96
2011-10-22,98
2011-10-23,99
2011-10-23,99
2011-10-23,98
2011-10-23,100
2011-10-24,106
2011-10-24,106
2011-10-24,104
2011-10-24,108
2011-10-25,115
2011-10-25,115
2011-10-25,114
2011-10-25,116
2011-10-26,128
2011-10-26,128
2011-10-26,126
2011-10-26,130
2011-10-27,133
2011-10-27,133
2011-10-27,130
2011-10-27,136
2011-10-28,138
2011-10-28,138
2011-10-28,138
2011-10-28,138
2011-10-29,143
2011-10-29,143
2011-10-29,142
2011-10-29,144
2011-10-30,150
2011-10-30,150
2011-10-30,148
2011-10-30,152
2011-10-31,154
2011-10-31,154
2011-10-31,154
2011-10-31,154
2011-11-01,149.5
2011-11-01,150
2011-11-01,152
2011-11-01,147
2011-11-02,144
2011-11-02,144
2011-11-02,145
2011-11-02,143
2011-11-03,141
2011-11-03,141
2011-11-03,141
2011-11-03,141
2011-11-04,140
2011-11-04,140
2011-11-04,140
2011-11-04,140
2011-11-05,138
2011-11-05,138
2011-11-05,138
2011-11-05,138
2011-11-06,136
2011-11-06,136
2011-11-06,136
2011-11-06,136
2011-11-07,134
2011-11-07,134
2011-11-07,134
2011-11-07,134
2011-11-08,131.5
2011-11-08,132
2011-11-08,133
2011-11-08,130
2011-11-09,130
2011-11-09,130
2011-11-09,130
2011-11-09,130
2011-11-10,126
2011-11-10,126
2011-11-10,126
2011-11-10,126
2011-11-11,126
2011-11-11,126
2011-11-11,128
2011-11-11,124
2011-11-12,128
2011-11-12,128
2011-11-12,128
2011-11-12,128
2011-11-13,128
2011-11-13,128
2011-11-13,128
2011-11-13,128
2011-11-14,128
2011-11-14,128
2011-11-14,128
2011-11-14,128
2011-11-15,126
2011-11-15,126
2011-11-15,128
2011-11-15,124
2011-11-16,120.5
2011-11-16,120
2011-11-16,124
2011-11-16,117
2011-11-17,121
2011-11-17,121
2011-11-17,122
2011-11-17,120
2011-11-18,118
2011-11-18,118
2011-11-18,118
2011-11-18,118
2011-11-19,117
2011-11-19,117
2011-11-19,117
2011-11-19,117
2011-11-20,116
2011-11-20,116
2011-11-20,116
2011-11-20,116
2011-11-21,115
2011-11-21,115
2011-11-21,115
2011-11-21,115
2011-11-22,115
2011-11-22,115
2011-11-22,115
2011-11-22,115
2011-11-23,118
2011-11-23,118
2011-11-23,116
2011-11-23,120
2011-11-24,122
2011-11-24,122
2011-11-24,122
2011-11-24,122
2011-11-25,125
2011-11-25,125
2011-11-25,124
2011-11-25,126
2011-11-26,129
2011-11-26,129
2011-11-26,128
2011-11-26,130
2011-11-27,133
2011-11-27,133
2011-11-27,132
2011-11-27,134
2011-11-28,136
2011-11-28,136
2011-11-28,136
2011-11-28,136
2011-11-29,137.5
2011-11-29,138
2011-11-29,137
2011-11-29,138
2011-11-30,140
2011-11-30,140
2011-11-30,140
2011-11-30,140
2011-12-01,142
2011-12-01,141.5
2011-12-01,141
2011-12-01,142
2011-12-02,142
2011-12-02,142
2011-12-02,142
2011-12-02,142
2011-12-03,144
2011-12-03,144
2011-12-03,144
2011-12-03,144
2011-12-04,146
2011-12-04,145.5
2011-12-04,145
2011-12-04,146
2011-12-05,148
2011-12-05,147.5
2011-12-05,147
2011-12-05,148
2011-12-06,151
2011-12-06,151
2011-12-06,150
2011-12-06,152
2011-12-07,155
2011-12-07,155
2011-12-07,154
2011-12-07,156
2011-12-08,159
2011-12-08,159
2011-12-08,158
2011-12-08,160
2011-12-09,166
2011-12-09,166
2011-12-09,164
2011-12-09,168
2011-12-10,172
2011-12-10,143
2011-12-10,142
2011-12-10,144
2011-12-11,177
2011-12-11,177
2011-12-11,176
2011-12-11,178
2011-12-12,183
2011-12-12,183
2011-12-12,182
2011-12-12,184
2011-12-13,186
2011-12-13,186
2011-12-13,186
2011-12-13,186
2011-12-14,189
2011-12-14,189
2011-12-14,188
2011-12-14,190
2011-12-15,195
2011-12-15,195
2011-12-15,194
2011-12-15,196
2011-12-16,199
2011-12-16,199
2011-12-16,198
2011-12-16,200
2011-12-17,200
2011-12-17,200
2011-12-17,200
2011-12-17,200
2011-12-18,200
2011-12-18,200
2011-12-18,200
2011-12-18,200
2011-12-19,202
2011-12-19,202
2011-12-19,202
2011-12-19,202
2011-12-20,204
2011-12-20,204
2011-12-20,204
2011-12-20,204
2011-12-21,207
2011-12-21,207
2011-12-21,206
2011-12-21,208
2011-12-22,211
2011-12-22,211
2011-12-22,210
2011-12-22,212
2011-12-23,214
2011-12-23,214
2011-12-23,214
2011-12-23,214
2011-12-24,224
2011-12-24,224
2011-12-24,220
2011-12-24,228
2011-12-25,235
2011-12-25,235
2011-12-25,232
2011-12-25,238
2011-12-26,246
2011-12-26,246.5
2011-12-26,244
2011-12-26,249
2011-12-27,251
2011-12-27,251
2011-12-27,250
2011-12-27,252
2011-12-28,259
2011-12-28,259
2011-12-28,256
2011-12-28,262
2011-12-29,267
2011-12-29,267
2011-12-29,266
2011-12-29,268
2011-12-30,271
2011-12-30,271
2011-12-30,270
2011-12-30,272
2011-12-31,275
2011-12-31,275
2011-12-31,274
2011-12-31,276
2012-01-01,278
2012-01-01,278.5
2012-01-01,278
2012-01-01,279
2012-01-02,284
2012-01-02,283.5
2012-01-02,282
2012-01-02,285
2012-01-03,290
2012-01-03,290.5
2012-01-03,289
2012-01-03,292
2012-01-04,296
2012-01-04,296
2012-01-04,296
2012-01-04,296
2012-01-05,305
2012-01-05,305
2012-01-05,305
2012-01-05,305
2012-01-06,306
2012-01-06,306.5
2012-01-06,305
2012-01-06,308
2012-01-07,317
2012-01-07,317
2012-01-07,315
2012-01-07,319
2012-01-08,326
2012-01-08,325.5
2012-01-08,324
2012-01-08,327
2012-01-09,333
2012-01-09,333
2012-01-09,331
2012-01-09,335
2012-01-10,342
2012-01-10,342
2012-01-10,340
2012-01-10,344
2012-01-11,352
2012-01-11,352
2012-01-11,350
2012-01-11,354
2012-01-12,361
2012-01-12,361
2012-01-12,359
2012-01-12,363
2012-01-13,368
2012-01-13,368
2012-01-13,367
2012-01-13,369
2012-01-14,376
2012-01-14,376.5
2012-01-14,375
2012-01-14,378
2012-01-15,386
2012-01-15,386
2012-01-15,384
2012-01-15,388
2012-01-16,396
2012-01-16,395.5
2012-01-16,393
2012-01-16,398
2012-01-17,404
2012-01-17,403.5
2012-01-17,401
2012-01-17,406
2012-01-18,410
2012-01-18,409.5
2012-01-18,408
2012-01-18,411
2012-01-19,417
2012-01-19,417
2012-01-19,416
2012-01-19,418
2012-01-20,424
2012-01-20,424
2012-01-20,422
2012-01-20,426
2012-01-21,432
2012-01-21,432
2012-01-21,430
2012-01-21,434
2012-01-22,438
2012-01-22,437.5
2012-01-22,436
2012-01-22,439
2012-01-23,448
2012-01-23,448
2012-01-23,444
2012-01-23,452
2012-01-24,457
2012-01-24,456.5
2012-01-24,455
2012-01-24,458
2012-01-25,468
2012-01-25,467.5
2012-01-25,466
2012-01-25,469
2012-01-26,474
2012-01-26,474
2012-01-26,472
2012-01-26,476
2012-01-27,480
2012-01-27,480
2012-01-27,478
2012-01-27,482
2012-01-28,488
2012-01-28,488
2012-01-28,486
2012-01-28,490
2012-01-29,498
2012-01-29,498
2012-01-29,496
2012-01-29,500
2012-01-30,508
2012-01-30,508
2012-01-30,506
2012-01-30,510
2012-01-31,517
2012-01-31,517
2012-01-31,516
2012-01-31,518
2012-02-01,522
2012-02-01,522
2012-02-01,520
2012-02-01,524
2012-02-02,527
2012-02-02,527
2012-02-02,526
2012-02-02,528
2012-02-03,531
2012-02-03,531
2012-02-03,530
2012-02-03,532
2012-02-04,536
2012-02-04,536
2012-02-04,534
2012-02-04,538
2012-02-05,543
2012-02-05,543
2012-02-05,542
2012-02-05,544
2012-02-06,547
2012-02-06,547
2012-02-06,546
2012-02-06,548
2012-02-07,553
2012-02-07,553
2012-02-07,552
2012-02-07,554
2012-02-08,558
2012-02-08,558
2012-02-08,556
2012-02-08,560
2012-02-09,564
2012-02-09,564.5
2012-02-09,563
2012-02-09,566
2012-02-10,568
2012-02-10,568
2012-02-10,570
2012-02-10,566
2012-02-11,578
2012-02-11,577.5
2012-02-11,576
2012-02-11,579
2012-02-12,584
2012-02-12,584.5
2012-02-12,583
2012-02-12,586
2012-02-13,591
2012-02-13,591
2012-02-13,590
2012-02-13,592
2012-02-14,602
2012-02-14,602.5
2012-02-14,599
2012-02-14,606
2012-02-15,612
2012-02-15,612
2012-02-15,611
2012-02-15,613
2012-02-16,622
2012-02-16,621.5
2012-02-16,621
2012-02-16,622
2012-02-17,624
2012-02-17,624
2012-02-17,623
2012-02-17,625
2012-02-18,628
2012-02-18,628
2012-02-18,627
2012-02-18,629
2012-02-19,633
2012-02-19,633
2012-02-19,632
2012-02-19,634
2012-02-20,637
2012-02-20,637
2012-02-20,636
2012-02-20,638
2012-02-21,642
2012-02-21,642.5
2012-02-21,642
2012-02-21,643
2012-02-22,651
2012-02-22,651
2012-02-22,649
2012-02-22,653
2012-02-23,656
2012-02-23,655.5
2012-02-23,655
2012-02-23,656
2012-02-24,666
2012-02-24,666.5
2012-02-24,663
2012-02-24,670
2012-02-25,673
2012-02-25,673
2012-02-25,671
2012-02-25,675
2012-02-26,680
2012-02-26,679.5
2012-02-26,678
2012-02-26,681
2012-02-27,688
2012-02-27,688
2012-02-27,687
2012-02-27,689
2012-02-28,696
2012-02-28,696
2012-02-28,694
2012-02-28,698
2012-02-29,698
2012-02-29,698
2012-02-29,698
2012-02-29,698
2012-06-01,886.5
2012-06-01,886
2012-06-01,887
2012-06-01,886
2012-06-02,886
2012-06-02,886
2012-06-02,886
2012-06-02,886
2012-06-03,886
2012-06-03,886
2012-06-03,886
2012-06-03,886
2012-06-04,884
2012-06-04,884
2012-06-04,884
2012-06-04,884
2012-06-05,883.5
2012-06-05,884
2012-06-05,884
2012-06-05,883
2012-06-06,883
2012-06-06,883
2012-06-06,883
2012-06-06,883
2012-06-07,883
2012-06-07,883
2012-06-07,883
2012-06-07,883
2012-06-08,883
2012-06-08,883
2012-06-08,883
2012-06-08,883
2012-06-09,882
2012-06-09,882
2012-06-09,882
2012-06-09,882
2012-06-10,882
2012-06-10,882
2012-06-10,882
2012-06-10,882
2012-06-11,882
2012-06-11,882
2012-06-11,882
2012-06-11,882
2012-06-12,881
2012-06-12,881
2012-06-12,881
2012-06-12,881
2012-06-13,879.5
2012-06-13,880
2012-06-13,880
2012-06-13,879
2012-06-14,877
2012-06-14,877
2012-06-14,878
2012-06-14,876
2012-06-15,874
2012-06-15,874
2012-06-15,874
2012-06-15,874
2012-06-16,873
2012-06-16,873
2012-06-16,874
2012-06-16,872
2012-06-17,869
2012-06-17,869
2012-06-17,870
2012-06-17,868
2012-06-18,865
2012-06-18,865
2012-06-18,866
2012-06-18,864
2012-06-19,861.5
2012-06-19,862
2012-06-19,863
2012-06-19,860
2012-06-20,857.5
2012-06-20,857
2012-06-20,858
2012-06-20,857
2012-06-21,855.5
2012-06-21,856
2012-06-21,856
2012-06-21,855
2012-06-22,853
2012-06-22,853
2012-06-22,854
2012-06-22,852
2012-06-23,850
2012-06-23,850
2012-06-23,850
2012-06-23,850
2012-06-24,848.5
2012-06-24,848
2012-06-24,849
2012-06-24,848
2012-06-25,846
2012-06-25,846
2012-06-25,846
2012-06-25,846
2012-06-26,843
2012-06-26,843
2012-06-26,844
2012-06-26,842
2012-06-27,841
2012-06-27,841
2012-06-27,842
2012-06-27,840
2012-06-28,837
2012-06-28,837
2012-06-28,838
2012-06-28,836
2012-06-29,833.5
2012-06-29,834
2012-06-29,834
2012-06-29,833
2012-06-30,831
2012-06-30,831
2012-06-30,832
2012-06-30,830
2012-07-01,830
2012-07-01,830
2012-07-01,830
2012-07-01,830
2012-07-02,829
2012-07-02,829
2012-07-02,829
2012-07-02,829
2012-07-03,828
2012-07-03,828
2012-07-03,828
2012-07-03,828
2012-07-04,827.5
2012-07-04,828
2012-07-04,828
2012-07-04,827
2012-07-05,826
2012-07-05,826
2012-07-05,826
2012-07-05,826
2012-07-06,824
2012-07-06,824
2012-07-06,824
2012-07-06,824
2012-07-07,821
2012-07-07,821
2012-07-07,822
2012-07-07,820
2012-07-08,818
2012-07-08,818
2012-07-08,818
2012-07-08,818
2012-07-09,820
2012-07-09,820
2012-07-09,816
2012-07-09,824
2012-07-10,812
2012-07-10,812
2012-07-10,812
2012-07-10,812
2012-07-11,818
2012-07-11,818
2012-07-11,816
2012-07-11,820
2012-07-12,808
2012-07-12,808
2012-07-12,808
2012-07-12,808
2012-07-13,806
2012-07-13,806
2012-07-13,806
2012-07-13,806
2012-07-14,804
2012-07-14,804
2012-07-14,804
2012-07-14,804
2012-07-15,802
2012-07-15,802
2012-07-15,802
2012-07-15,802
2012-07-16,800
2012-07-16,800
2012-07-16,800
2012-07-16,800
2012-07-17,798
2012-07-17,798
2012-07-17,798
2012-07-17,798
2012-07-18,796
2012-07-18,796
2012-07-18,796
2012-07-18,796
2012-07-19,794
2012-07-19,794
2012-07-19,794
2012-07-19,794
2012-07-20,792
2012-07-20,792
2012-07-20,792
2012-07-20,792
2012-07-21,790
2012-07-21,790
2012-07-21,790
2012-07-21,790
2012-07-22,788
2012-07-22,788
2012-07-22,788
2012-07-22,788
2012-07-23,785
2012-07-23,785
2012-07-23,784
2012-07-23,786
2012-07-24,782
2012-07-24,782
2012-07-24,780
2012-07-24,784
2012-07-25,779
2012-07-25,779
2012-07-25,776
2012-07-25,782
2012-07-26,775
2012-07-26,775
2012-07-26,772
2012-07-26,778
2012-07-27,772
2012-07-27,772
2012-07-27,768
2012-07-27,776
2012-07-28,768
2012-07-28,768
2012-07-28,766
2012-07-28,770
2012-07-29,765
2012-07-29,765
2012-07-29,764
2012-07-29,766
2012-07-30,764.5
2012-07-30,764
2012-07-30,762
2012-07-30,767
2012-07-31,757
2012-07-31,757
2012-07-31,752
2012-07-31,762
2012-08-01,747
2012-08-01,747
2012-08-01,750
2012-08-01,744
2012-08-02,741
2012-08-02,741
2012-08-02,742
2012-08-02,740
2012-08-03,737
2012-08-03,737
2012-08-03,738
2012-08-03,736
2012-08-04,733
2012-08-04,733
2012-08-04,734
2012-08-04,732
2012-08-05,726
2012-08-05,726
2012-08-05,730
2012-08-05,722
2012-08-06,719
2012-08-06,719
2012-08-06,720
2012-08-06,718
2012-08-07,716
2012-08-07,716
2012-08-07,716
2012-08-07,716
2012-08-08,714
2012-08-08,714
2012-08-08,716
2012-08-08,712
2012-08-09,702
2012-08-09,702
2012-08-09,706
2012-08-09,698
2012-08-10,694
2012-08-10,694
2012-08-10,695
2012-08-10,693
2012-08-11,688.5
2012-08-11,688
2012-08-11,689
2012-08-11,688
2012-08-12,684
2012-08-12,684
2012-08-12,686
2012-08-12,682
2012-08-13,679.5
2012-08-13,680
2012-08-13,680
2012-08-13,679
2012-08-14,677.5
2012-08-14,678
2012-08-14,678
2012-08-14,677
2012-08-15,675
2012-08-15,675
2012-08-15,676
2012-08-15,674
2012-08-16,671
2012-08-16,671
2012-08-16,672
2012-08-16,670
2012-08-17,667
2012-08-17,667
2012-08-17,668
2012-08-17,666
2012-08-18,663
2012-08-18,663
2012-08-18,664
2012-08-18,662
2012-08-19,657
2012-08-19,657
2012-08-19,658
2012-08-19,656
2012-08-20,653
2012-08-20,653
2012-08-20,654
2012-08-20,652
2012-08-21,645
2012-08-21,645
2012-08-21,648
2012-08-21,642
2012-08-22,637
2012-08-22,637
2012-08-22,638
2012-08-22,636
2012-08-23,632
2012-08-23,632
2012-08-23,634
2012-08-23,630
2012-08-24,645
2012-08-24,626
2012-08-24,626
2012-08-24,664
2012-08-25,620
2012-08-25,620
2012-08-25,620
2012-08-25,620
2012-08-26,613
2012-08-26,613
2012-08-26,616
2012-08-26,610
2012-08-27,605
2012-08-27,605
2012-08-27,606
2012-08-27,604
2012-08-28,596
2012-08-28,596
2012-08-28,598
2012-08-28,594
2012-08-29,590
2012-08-29,590
2012-08-29,590
2012-08-29,590
2012-08-30,578
2012-08-30,578
2012-08-30,580
2012-08-30,576
2012-08-31,573
2012-08-31,573
2012-08-31,574
2012-08-31,572
2012-09-01,568
2012-09-01,568
2012-09-01,568
2012-09-01,568
2012-09-02,555
2012-09-02,555
2012-09-02,560
2012-09-02,550
2012-09-03,543
2012-09-03,543
2012-09-03,544
2012-09-03,542
2012-09-04,537
2012-09-04,537
2012-09-04,538
2012-09-04,536
2012-09-05,522.5
2012-09-05,522
2012-09-05,521
2012-09-05,524
2012-09-06,512.5
2012-09-06,512
2012-09-06,510
2012-09-06,515
2012-09-07,510
2012-09-07,510
2012-09-07,518
2012-09-07,502
2012-09-08,485.5
2012-09-08,486
2012-09-08,498
2012-09-08,473
2012-09-09,484
2012-09-09,484
2012-09-09,488
2012-09-09,480
2012-09-10,471.5
2012-09-10,472
2012-09-10,475
2012-09-10,468
2012-09-11,458
2012-09-11,458
2012-09-11,460
2012-09-11,456
2012-09-12,452
2012-09-12,452
2012-09-12,458
2012-09-12,446
2012-09-13,432.5
2012-09-13,432
2012-09-13,437
2012-09-13,428
2012-09-14,421.5
2012-09-14,422
2012-09-14,425
2012-09-14,418
2012-09-15,410.5
2012-09-15,411
2012-09-15,413
2012-09-15,408
2012-09-16,400.5
2012-09-16,400
2012-09-16,403
2012-09-16,398
2012-09-17,390
2012-09-17,390
2012-09-17,395
2012-09-17,385
2012-09-18,382.5
2012-09-18,382
2012-09-18,385
2012-09-18,380
2012-09-19,386.5
2012-09-19,386
2012-09-19,398
2012-09-19,375
2012-09-20,373
2012-09-20,373
2012-09-20,378
2012-09-20,368
2012-09-21,360
2012-09-21,360
2012-09-21,363
2012-09-21,357
2012-09-22,348.5
2012-09-22,348
2012-09-22,350
2012-09-22,347
2012-09-23,327.5
2012-09-23,328
2012-09-23,330
2012-09-23,325
2012-09-24,315.5
2012-09-24,316
2012-09-24,318
2012-09-24,313
2012-09-25,307.5
2012-09-25,308
2012-09-25,308
2012-09-25,307
2012-09-26,296.5
2012-09-26,296
2012-09-26,295
2012-09-26,298
2012-09-27,290
2012-09-27,290
2012-09-27,289
2012-09-27,291
2012-09-28,275
2012-09-28,275
2012-09-28,268
2012-09-28,282
2012-09-29,257
2012-09-29,257
2012-09-29,258
2012-09-29,256
2012-09-30,250
2012-09-30,250
2012-09-30,252
2012-09-30,248
2012-10-01,242.5
2012-10-01,242
2012-10-01,245
2012-10-01,240
2012-10-02,235
2012-10-02,235
2012-10-02,236
2012-10-02,234
2012-10-03,231
2012-10-03,231
2012-10-03,232
2012-10-03,230
2012-10-04,227
2012-10-04,227
2012-10-04,228
2012-10-04,226
2012-10-05,218
2012-10-05,218
2012-10-05,220
2012-10-05,216
2012-10-06,205
2012-10-06,205
2012-10-06,210
2012-10-06,200
2012-10-07,185
2012-10-07,185
2012-10-07,190
2012-10-07,180
2012-10-08,163
2012-10-08,163
2012-10-08,168
2012-10-08,158
2012-10-09,147
2012-10-09,147
2012-10-09,148
2012-10-09,146
2012-10-10,143
2012-10-10,143
2012-10-10,144
2012-10-10,142
2012-10-11,139.5
2012-10-11,140
2012-10-11,140
2012-10-11,139
2012-10-12,137
2012-10-12,137
2012-10-12,138
2012-10-12,136
2012-10-13,133
2012-10-13,133
2012-10-13,134
2012-10-13,132
2012-10-14,130.5
2012-10-14,130
2012-10-14,131
2012-10-14,130
2012-10-15,126.5
2012-10-15,126
2012-10-15,126
2012-10-15,127
2012-10-16,125
2012-10-16,125
2012-10-16,126
2012-10-16,124
2012-10-17,121
2012-10-17,121
2012-10-17,122
2012-10-17,120
2012-10-18,119.5
2012-10-18,120
2012-10-18,120
2012-10-18,119
2012-10-19,117
2012-10-19,117
2012-10-19,118
2012-10-19,116
2012-10-20,113
2012-10-20,113
2012-10-20,114
2012-10-20,112
2012-10-21,110.5
2012-10-21,110
2012-10-21,111
2012-10-21,110
2012-10-22,107
2012-10-22,107
2012-10-22,108
2012-10-22,106
2012-10-23,102
2012-10-23,102
2012-10-23,104
2012-10-23,100
2012-10-24,98.5
2012-10-24,98
2012-10-24,99
2012-10-24,98
2012-10-25,97.5
2012-10-25,98
2012-10-25,98
2012-10-25,97
2012-10-26,96
2012-10-26,96
2012-10-26,96
2012-10-26,96
2012-10-27,95
2012-10-27,95
2012-10-27,95
2012-10-27,95
2012-10-28,93
2012-10-28,93
2012-10-28,94
2012-10-28,92
2012-10-29,90
2012-10-29,90
2012-10-29,90
2012-10-29,90
2012-10-30,87.5
2012-10-30,88
2012-10-30,87
2012-10-30,88
2012-10-31,87
2012-10-31,87
2012-10-31,87
2012-10-31,87
2012-11-01,86
2012-11-01,86
2012-11-01,86
2012-11-01,86
2012-11-02,85
2012-11-02,85
2012-11-02,84
2012-11-02,86
2012-11-03,81
2012-11-03,81
2012-11-03,82
2012-11-03,80
2012-11-04,79
2012-11-04,79
2012-11-04,80
2012-11-04,78
2012-11-05,76.5
2012-11-05,76
2012-11-05,78
2012-11-05,75
2012-11-06,74
2012-11-06,74
2012-11-06,75
2012-11-06,73
2012-11-07,72.5
2012-11-07,72
2012-11-07,73
2012-11-07,72
2012-11-08,71.5
2012-11-08,72
2012-11-08,72
2012-11-08,71
2012-11-09,71
2012-11-09,71
2012-11-09,71
2012-11-09,71
2012-11-10,70.5
2012-11-10,70
2012-11-10,71
2012-11-10,70
2012-11-11,72.5
2012-11-11,72
2012-11-11,70
2012-11-11,75
2012-11-12,76.5
2012-11-12,76
2012-11-12,75
2012-11-12,78
2012-11-13,79.5
2012-11-13,80
2012-11-13,79
2012-11-13,80
2012-11-14,83.5
2012-11-14,84
2012-11-14,83
2012-11-14,84
2012-11-15,84
2012-11-15,84
2012-11-15,86
2012-11-15,82
2012-11-16,88
2012-11-16,88
2012-11-16,90
2012-11-16,86
2012-11-17,84.5
2012-11-17,84
2012-11-17,87
2012-11-17,82
2012-11-18,87
2012-11-18,87
2012-11-18,87
2012-11-18,87
2012-11-19,80
2012-11-19,80
2012-11-19,87
2012-11-19,73
2012-11-20,68.5
2012-11-20,68
2012-11-20,71
2012-11-20,66
2012-11-21,63.5
2012-11-21,64
2012-11-21,65
2012-11-21,62
2012-11-22,58.5
2012-11-22,58
2012-11-22,60
2012-11-22,57
2012-11-23,51.5
2012-11-23,52
2012-11-23,52
2012-11-23,51
2012-11-24,50
2012-11-24,50
2012-11-24,50
2012-11-24,50
2012-11-25,48
2012-11-25,48
2012-11-25,48
2012-11-25,48
2012-11-26,45
2012-11-26,45
2012-11-26,46
2012-11-26,44
2012-11-27,46
2012-11-27,46
2012-11-27,46
2012-11-27,46
2012-11-28,45.5
2012-11-28,46
2012-11-28,46
2012-11-28,45
2012-11-29,45
2012-11-29,45
2012-11-29,45
2012-11-29,45
2012-11-30,46.5
2012-11-30,46
2012-11-30,46
2012-11-30,47
2012-12-01,47
2012-12-01,47
2012-12-01,49
2012-12-01,45
2012-12-02,49.5
2012-12-02,50
2012-12-02,47
2012-12-02,52
2012-12-03,53.5
2012-12-03,54
2012-12-03,55
2012-12-03,52
2012-12-04,54
2012-12-04,54
2012-12-04,54
2012-12-04,54
2012-12-05,55
2012-12-05,55
2012-12-05,55
2012-12-05,55
2012-12-06,63
2012-12-06,63
2012-12-06,60
2012-12-06,66
2012-12-07,65
2012-12-07,65
2012-12-07,64
2012-12-07,66
2012-12-08,71.5
2012-12-08,72
2012-12-08,70
2012-12-08,73
2012-12-09,78
2012-12-09,78
2012-12-09,76
2012-12-09,80
2012-12-10,83
2012-12-10,83
2012-12-10,81
2012-12-10,85
2012-12-11,92.5
2012-12-11,92
2012-12-11,90
2012-12-11,95
2012-12-12,102
2012-12-12,102
2012-12-12,100
2012-12-12,104
2012-12-13,109
2012-12-13,109
2012-12-13,110
2012-12-13,108
2012-12-14,119
2012-12-14,119
2012-12-14,114
2012-12-14,124
2012-12-15,128.5
2012-12-15,128
2012-12-15,129
2012-12-15,128
2012-12-16,133
2012-12-16,133
2012-12-16,132
2012-12-16,134
2012-12-17,139.5
2012-12-17,140
2012-12-17,140
2012-12-17,139
2012-12-18,143.5
2012-12-18,144
2012-12-18,144
2012-12-18,143
2012-12-19,146.5
2012-12-19,146
2012-12-19,145
2012-12-19,148
2012-12-20,150.5
2012-12-20,150
2012-12-20,149
2012-12-20,152
2012-12-21,151.5
2012-12-21,152
2012-12-21,151
2012-12-21,152
2012-12-22,154.5
2012-12-22,154
2012-12-22,155
2012-12-22,154
2012-12-23,156.5
2012-12-23,156
2012-12-23,157
2012-12-23,156
2012-12-24,157
2012-12-24,157
2012-12-24,156
2012-12-24,158
2012-12-25,159
2012-12-25,159
2012-12-25,160
2012-12-25,158
2012-12-26,160.5
2012-12-26,160
2012-12-26,159
2012-12-26,162
2012-12-27,165
2012-12-27,165
2012-12-27,164
2012-12-27,166
2012-12-28,172.5
2012-12-28,172
2012-12-28,172
2012-12-28,173
2012-12-29,178
2012-12-29,178
2012-12-29,178
2012-12-29,178
2012-12-30,186.5
2012-12-30,186
2012-12-30,189
2012-12-30,184
2012-12-31,188
2012-12-31,188
2012-12-31,189
2012-12-31,187
2013-01-01,192
2013-01-01,192
2013-01-01,192
2013-01-01,192
2013-01-02,199
2013-01-02,199
2013-01-02,198
2013-01-02,200
2013-01-03,206.5
2013-01-03,206
2013-01-03,204
2013-01-03,209
2013-01-04,210
2013-01-04,210
2013-01-04,209
2013-01-04,211
2013-01-05,216
2013-01-05,216
2013-01-05,215
2013-01-05,217
2013-01-06,224
2013-01-06,224
2013-01-06,222
2013-01-06,226
2013-01-07,231
2013-01-07,231
2013-01-07,229
2013-01-07,233
2013-01-08,245.5
2013-01-08,246
2013-01-08,238
2013-01-08,253
2013-01-09,253.5
2013-01-09,254
2013-01-09,247
2013-01-09,260
2013-01-10,282.5
2013-01-10,263
2013-01-10,296
2013-01-10,269
2013-01-11,268
2013-01-11,273
2013-01-11,265
2013-01-11,271
2013-01-12,282
2013-01-12,282
2013-01-12,276
2013-01-12,288
2013-01-13,295
2013-01-13,295
2013-01-13,293
2013-01-13,297
2013-01-14,301.5
2013-01-14,302
2013-01-14,297
2013-01-14,306
2013-01-15,309
2013-01-15,309
2013-01-15,304
2013-01-15,314
2013-01-16,319
2013-01-16,319
2013-01-16,313
2013-01-16,325
2013-01-17,326
2013-01-17,326
2013-01-17,323
2013-01-17,329
2013-01-18,333.5
2013-01-18,334
2013-01-18,328
2013-01-18,339
2013-01-19,340
2013-01-19,340
2013-01-19,334
2013-01-19,346
2013-01-20,346.5
2013-01-20,346
2013-01-20,343
2013-01-20,350
2013-01-21,353.5
2013-01-21,354
2013-01-21,350
2013-01-21,357
2013-01-22,351.5
2013-01-22,352
2013-01-22,350
2013-01-22,353
2013-01-23,347
2013-01-23,361
2013-01-23,354
2013-01-23,340
2013-01-24,370.5
2013-01-24,369
2013-01-24,369
2013-01-24,372
2013-01-25,378
2013-01-25,378
2013-01-25,374
2013-01-25,382
2013-01-26,384.5
2013-01-26,384
2013-01-26,384
2013-01-26,385
2013-01-27,388
2013-01-27,388
2013-01-27,387
2013-01-27,389
2013-01-28,391.5
2013-01-28,392
2013-01-28,391
2013-01-28,392
2013-01-29,395
2013-01-29,395
2013-01-29,394
2013-01-29,396
2013-01-30,400.5
2013-01-30,400
2013-01-30,399
2013-01-30,402
2013-01-31,412.5
2013-01-31,412
2013-01-31,408
2013-01-31,417
2013-02-01,427
2013-02-01,427
2013-02-01,427
2013-02-01,427
2013-02-02,430
2013-02-02,430
2013-02-02,428
2013-02-02,432
2013-02-03,434.5
2013-02-03,434
2013-02-03,433
2013-02-03,436
2013-02-04,435
2013-02-04,435
2013-02-04,439
2013-02-04,431
2013-02-05,442.5
2013-02-05,442
2013-02-05,442
2013-02-05,443
2013-02-06,446.5
2013-02-06,446
2013-02-06,444
2013-02-06,449
2013-02-07,454
2013-02-07,454
2013-02-07,452
2013-02-07,456
2013-02-08,459.5
2013-02-08,460
2013-02-08,459
2013-02-08,460
2013-02-09,465.5
2013-02-09,466
2013-02-09,462
2013-02-09,469
2013-02-10,476.5
2013-02-10,476
2013-02-10,472
2013-02-10,481
2013-02-11,481.5
2013-02-11,482
2013-02-11,479
2013-02-11,484
2013-02-12,487.5
2013-02-12,488
2013-02-12,482
2013-02-12,493
2013-02-13,500.5
2013-02-13,500
2013-02-13,499
2013-02-13,502
2013-02-14,510
2013-02-14,510
2013-02-14,506
2013-02-14,514
2013-02-15,518
2013-02-15,518
2013-02-15,513
2013-02-15,523
2013-02-16,523
2013-02-16,523
2013-02-16,519
2013-02-16,527
2013-02-17,528.5
2013-02-17,528
2013-02-17,525
2013-02-17,532
2013-02-18,533
2013-02-18,533
2013-02-18,530
2013-02-18,536
2013-02-19,538.5
2013-02-19,538
2013-02-19,534
2013-02-19,543
2013-02-20,544.5
2013-02-20,544
2013-02-20,541
2013-02-20,548
2013-02-21,553.5
2013-02-21,554
2013-02-21,553
2013-02-21,554
2013-02-22,559
2013-02-22,559
2013-02-22,559
2013-02-22,559
2013-02-23,563
2013-02-23,563
2013-02-23,558
2013-02-23,568
2013-02-24,569
2013-02-24,569
2013-02-24,564
2013-02-24,574
2013-02-25,572.5
2013-02-25,572
2013-02-25,571
2013-02-25,574
2013-02-26,579
2013-02-26,579
2013-02-26,572
2013-02-26,586
2013-02-27,585.5
2013-02-27,586
2013-02-27,584
2013-02-27,587
2013-02-28,589
2013-02-28,589
2013-02-28,588
2013-02-28,590
2013-03-01,596
2013-03-01,596
2013-03-01,595
2013-03-01,597
2013-03-02,602.5
2013-03-02,602
2013-03-02,601
2013-03-02,604
2013-03-03,607.5
2013-03-03,608
2013-03-03,606
2013-03-03,609
2013-03-04,613
2013-03-04,613
2013-03-04,612
2013-03-04,614
2013-03-05,618.5
2013-03-05,618
2013-03-05,618
2013-03-05,619
2013-03-06,623
2013-03-06,623
2013-03-06,622
2013-03-06,624
2013-03-07,630
2013-03-07,630
2013-03-07,629
2013-03-07,631
2013-03-08,634
2013-03-08,634
2013-03-08,634
2013-03-08,634
2013-03-09,641
2013-03-09,641
2013-03-09,640
2013-03-09,642
2013-03-10,645
2013-03-10,645
2013-03-10,644
2013-03-10,646
2013-03-11,648
2013-03-11,648
2013-03-11,650
2013-03-11,646
2013-03-12,653.5
2013-03-12,654
2013-03-12,655
2013-03-12,652
2013-03-13,657
2013-03-13,657
2013-03-13,658
2013-03-13,656
2013-03-14,664
2013-03-14,664
2013-03-14,662
2013-03-14,666
2013-03-15,665.5
2013-03-15,666
2013-03-15,667
2013-03-15,664
2013-03-16,669.5
2013-03-16,670
2013-03-16,671
2013-03-16,668
2013-03-17,674.5
2013-03-17,674
2013-03-17,676
2013-03-17,673
2013-03-18,684
2013-03-18,684
2013-03-18,689
2013-03-18,679
2013-03-19,690.5
2013-03-19,690
2013-03-19,693
2013-03-19,688
2013-03-20,698
2013-03-20,698
2013-03-20,702
2013-03-20,694
2013-03-21,706.5
2013-03-21,706
2013-03-21,708
2013-03-21,705
2013-03-22,724.5
2013-03-22,711
2013-03-22,722
2013-03-22,727
2013-03-23,716
2013-03-23,716
2013-03-23,723
2013-03-23,709
2013-03-24,717.5
2013-03-24,718
2013-03-24,724
2013-03-24,711
2013-03-25,721.5
2013-03-25,722
2013-03-25,725
2013-03-25,718
2013-03-26,724.5
2013-03-26,724
2013-03-26,724
2013-03-26,725
2013-03-27,725.5
2013-03-27,726
2013-03-27,722
2013-03-27,729
2013-03-28,733.5
2013-03-28,734
2013-03-28,735
2013-03-28,732
2013-03-29,747
2013-03-29,747
2013-03-29,744
2013-03-29,750
2013-03-30,757
2013-03-30,757
2013-03-30,756
2013-03-30,758
2013-03-31,763
2013-03-31,763
2013-03-31,762
2013-03-31,764
2013-04-01,764.5
2013-04-01,764
2013-04-01,767
2013-04-01,762
2013-04-02,771.5
2013-04-02,772
2013-04-02,771
2013-04-02,772
2013-04-03,774.5
2013-04-03,774
2013-04-03,774
2013-04-03,775
2013-04-04,776.5
2013-04-04,776
2013-04-04,774
2013-04-04,779
2013-04-05,781.5
2013-04-05,782
2013-04-05,781
2013-04-05,782
2013-04-06,786
2013-04-06,786
2013-04-06,785
2013-04-06,787
2013-04-07,791
2013-04-07,791
2013-04-07,790
2013-04-07,792
2013-04-08,793
2013-04-08,793
2013-04-08,793
2013-04-08,793
2013-04-09,794
2013-04-09,794
2013-04-09,794
2013-04-09,794
2013-04-10,795.5
2013-04-10,796
2013-04-10,795
2013-04-10,796
2013-04-11,797.5
2013-04-11,798
2013-04-11,797
2013-04-11,798
2013-04-12,801
2013-04-12,801
2013-04-12,802
2013-04-12,800
2013-04-13,802.5
2013-04-13,802
2013-04-13,802
2013-04-13,803
2013-04-14,804
2013-04-14,804
2013-04-14,804
2013-04-14,804
2013-04-15,804
2013-04-15,804
2013-04-15,804
2013-04-15,804
2013-04-16,804
2013-04-16,804
2013-04-16,804
2013-04-16,804
2013-04-17,808.5
2013-04-17,809
2013-04-17,808
2013-04-17,809
2013-04-18,809.5
2013-04-18,810
2013-04-18,809
2013-04-18,810
2013-04-19,811.5
2013-04-19,812
2013-04-19,811
2013-04-19,812
2013-04-20,816
2013-04-20,816
2013-04-20,818
2013-04-20,814
2013-04-21,817.5
2013-04-21,818
2013-04-21,818
2013-04-21,817
2013-04-22,820
2013-04-22,820
2013-04-22,819
2013-04-22,821
2013-04-23,822.5
2013-04-23,822
2013-04-23,822
2013-04-23,823
2013-04-24,823.5
2013-04-24,824
2013-04-24,823
2013-04-24,824
2013-04-25,826
2013-04-25,826
2013-04-25,825
2013-04-25,827
2013-04-26,834
2013-04-26,834
2013-04-26,829
2013-04-26,839
2013-04-27,832
2013-04-27,832
2013-04-27,831
2013-04-27,833
2013-04-28,836.5
2013-04-28,836
2013-04-28,836
2013-04-28,837
2013-04-29,839
2013-04-29,839
2013-04-29,839
2013-04-29,839
2013-04-30,841.5
2013-04-30,841
2013-04-30,841
2013-04-30,842
2013-05-01,845
2013-05-01,845
2013-05-01,844
2013-05-01,846
2013-05-02,849.5
2013-05-02,849
2013-05-02,849
2013-05-02,850
2013-05-03,853
2013-05-03,853
2013-05-03,853
2013-05-03,853
2013-05-04,855.5
2013-05-04,856
2013-05-04,855
2013-05-04,856
2013-05-05,857
2013-05-05,857
2013-05-05,857
2013-05-05,857
2013-05-06,858.5
2013-05-06,859
2013-05-06,858
2013-05-06,859
2013-05-07,861
2013-05-07,861
2013-05-07,861
2013-05-07,861
2013-05-08,864.5
2013-05-08,864
2013-05-08,864
2013-05-08,865
2013-05-09,865
2013-05-09,865
2013-05-09,865
2013-05-09,865
2013-05-10,867
2013-05-10,867
2013-05-10,866
2013-05-10,868
2013-05-11,869.5
2013-05-11,870
2013-05-11,869
2013-05-11,870
2013-05-12,872.5
2013-05-12,872
2013-05-12,872
2013-05-12,873
2013-05-13,875.5
2013-05-13,876
2013-05-13,875
2013-05-13,876
2013-05-14,877.5
2013-05-14,878
2013-05-14,877
2013-05-14,878
2013-05-15,879.5
2013-05-15,880
2013-05-15,879
2013-05-15,880
2013-05-16,881.5
2013-05-16,882
2013-05-16,881
2013-05-16,882
2013-05-17,885.5
2013-05-17,886
2013-05-17,885
2013-05-17,886
2013-05-18,887
2013-05-18,887
2013-05-18,887
2013-05-18,887
2013-05-19,887.5
2013-05-19,888
2013-05-19,887
2013-05-19,888
2013-05-20,888.5
2013-05-20,888
2013-05-20,888
2013-05-20,889
2013-05-21,889
2013-05-21,889
2013-05-21,889
2013-05-21,889
2013-05-22,890
2013-05-22,890
2013-05-22,890
2013-05-22,890
2013-05-23,892
2013-05-23,892
2013-05-23,891
2013-05-23,893
2013-05-24,894
2013-05-24,894
2013-05-24,893
2013-05-24,895
2013-05-25,898.5
2013-05-25,898
2013-05-25,898
2013-05-25,899
2013-05-26,899.5
2013-05-26,899
2013-05-26,899
2013-05-26,900
2013-05-27,901.5
2013-05-27,902
2013-05-27,901
2013-05-27,902
2013-05-28,902.5
2013-05-28,902
2013-05-28,902
2013-05-28,903
2013-05-29,902
2013-05-29,902
2013-05-29,902
2013-05-29,902
2013-05-30,902
2013-05-30,902
2013-05-30,902
2013-05-30,902
2013-05-31,902.5
2013-05-31,902
2013-05-31,903
2013-05-31,902
2013-06-01,902
2013-06-01,902
2013-06-01,902
2013-06-01,902
2013-06-02,903
2013-06-02,903
2013-06-02,903
2013-06-02,902
2013-06-03,900
2013-06-03,900
2013-06-03,900
2013-06-03,899
2013-06-04,897
2013-06-04,897
2013-06-04,897
2013-06-04,897
2013-06-05,893
2013-06-05,893
2013-06-05,893
2013-06-05,893
2013-06-06,890
2013-06-06,890
2013-06-06,891
2013-06-06,889
2013-06-07,887
2013-06-07,887
2013-06-07,888
2013-06-07,886
2013-06-08,884
2013-06-08,884
2013-06-08,885
2013-06-08,883
2013-06-09,882
2013-06-09,882
2013-06-09,882
2013-06-09,881
2013-06-10,879
2013-06-10,879
2013-06-10,879
2013-06-10,878
2013-06-11,875
2013-06-11,875
2013-06-11,875
2013-06-11,875
2013-06-12,874
2013-06-12,874
2013-06-12,874
2013-06-12,873
2013-06-13,872
2013-06-13,872
2013-06-13,873
2013-06-13,871
2013-06-14,871
2013-06-14,871
2013-06-14,871
2013-06-14,871
2013-06-15,869
2013-06-15,869
2013-06-15,869
2013-06-15,869
2013-06-16,868
2013-06-16,868
2013-06-16,868
2013-06-16,868
2013-06-17,866
2013-06-17,866
2013-06-17,867
2013-06-17,865
2013-06-18,863
2013-06-18,863
2013-06-18,863
2013-06-18,862
2013-06-19,861
2013-06-19,861
2013-06-19,861
2013-06-19,860
2013-06-20,856
2013-06-20,856
2013-06-20,859
2013-06-20,852
2013-06-21,856
2013-06-21,856
2013-06-21,857
2013-06-21,854
2013-06-22,853
2013-06-22,853
2013-06-22,854
2013-06-22,852
2013-06-23,851
2013-06-23,851
2013-06-23,851
2013-06-23,850
2013-06-24,848
2013-06-24,848
2013-06-24,847
2013-06-24,848
2013-06-25,845
2013-06-25,845
2013-06-25,846
2013-06-25,844
2013-06-26,842
2013-06-26,842
2013-06-26,843
2013-06-26,841
2013-06-27,841
2013-06-27,841
2013-06-27,841
2013-06-27,840
2013-06-28,838
2013-06-28,838
2013-06-28,839
2013-06-28,836
2013-06-29,835
2013-06-29,835
2013-06-29,836
2013-06-29,834
2013-06-30,834
2013-06-30,834
2013-06-30,834
2013-06-30,834
2013-07-01,834.5
2013-07-01,835
2013-07-01,835
2013-07-01,834
2013-07-02,832.5
2013-07-02,832
2013-07-02,833
2013-07-02,832
2013-07-03,829.5
2013-07-03,830
2013-07-03,830
2013-07-03,829
2013-07-04,828
2013-07-04,828
2013-07-04,828
2013-07-04,828
2013-07-05,827
2013-07-05,827
2013-07-05,828
2013-07-05,826
2013-07-06,825.5
2013-07-06,826
2013-07-06,826
2013-07-06,825
2013-07-07,823.5
2013-07-07,824
2013-07-07,824
2013-07-07,823
2013-07-08,821.5
2013-07-08,822
2013-07-08,823
2013-07-08,820
2013-07-09,819
2013-07-09,819
2013-07-09,820
2013-07-09,818
2013-07-10,817
2013-07-10,817
2013-07-10,818
2013-07-10,816
2013-07-11,814.5
2013-07-11,814
2013-07-11,815
2013-07-11,814
2013-07-12,813
2013-07-12,813
2013-07-12,814
2013-07-12,812
2013-07-13,810.5
2013-07-13,810
2013-07-13,811
2013-07-13,810
2013-07-14,806
2013-07-14,806
2013-07-14,808
2013-07-14,804
2013-07-15,803.5
2013-07-15,804
2013-07-15,804
2013-07-15,803
2013-07-16,801
2013-07-16,801
2013-07-16,802
2013-07-16,800
2013-07-17,798.5
2013-07-17,798
2013-07-17,799
2013-07-17,798
2013-07-18,795.5
2013-07-18,796
2013-07-18,797
2013-07-18,794
2013-07-19,790.5
2013-07-19,790
2013-07-19,792
2013-07-19,789
2013-07-20,787
2013-07-20,787
2013-07-20,788
2013-07-20,786
2013-07-21,783
2013-07-21,783
2013-07-21,784
2013-07-21,782
2013-07-22,779
2013-07-22,779
2013-07-22,780
2013-07-22,778
2013-07-23,773
2013-07-23,773
2013-07-23,776
2013-07-23,770
2013-07-24,770.5
2013-07-24,770
2013-07-24,772
2013-07-24,769
2013-07-25,768
2013-07-25,768
2013-07-25,770
2013-07-25,766
2013-07-26,765.5
2013-07-26,766
2013-07-26,767
2013-07-26,764
2013-07-27,764
2013-07-27,764
2013-07-27,766
2013-07-27,762
2013-07-28,760.5
2013-07-28,760
2013-07-28,762
2013-07-28,759
2013-07-29,757
2013-07-29,757
2013-07-29,759
2013-07-29,755
2013-07-30,753.5
2013-07-30,754
2013-07-30,757
2013-07-30,750
2013-07-31,751
2013-07-31,751
2013-07-31,753
2013-07-31,749
2013-08-01,747
2013-08-01,747
2013-08-01,748
2013-08-01,746
2013-08-02,742
2013-08-02,742
2013-08-02,744
2013-08-02,740
2013-08-03,738
2013-08-03,738
2013-08-03,739
2013-08-03,737
2013-08-04,736
2013-08-04,735.5
2013-08-04,739
2013-08-04,732
2013-08-05,726
2013-08-05,726.5
2013-08-05,728
2013-08-05,725
2013-08-06,721
2013-08-06,721
2013-08-06,722
2013-08-06,720
2013-08-07,717
2013-08-07,717
2013-08-07,718
2013-08-07,716
2013-08-08,712
2013-08-08,711.5
2013-08-08,713
2013-08-08,710
2013-08-09,708
2013-08-09,708.5
2013-08-09,709
2013-08-09,708
2013-08-10,703
2013-08-10,703
2013-08-10,704
2013-08-10,702
2013-08-11,698
2013-08-11,697.5
2013-08-11,698
2013-08-11,697
2013-08-12,695
2013-08-12,695
2013-08-12,696
2013-08-12,694
2013-08-13,691
2013-08-13,691
2013-08-13,692
2013-08-13,690
2013-08-14,687
2013-08-14,687
2013-08-14,688
2013-08-14,686
2013-08-15,683
2013-08-15,683
2013-08-15,684
2013-08-15,682
2013-08-16,678
2013-08-16,678.5
2013-08-16,679
2013-08-16,678
2013-08-17,674
2013-08-17,674.5
2013-08-17,675
2013-08-17,674
2013-08-18,672
2013-08-18,672.5
2013-08-18,673
2013-08-18,672
2013-08-19,670
2013-08-19,669.5
2013-08-19,670
2013-08-19,669
2013-08-20,666
2013-08-20,666.5
2013-08-20,667
2013-08-20,666
2013-08-21,664
2013-08-21,663.5
2013-08-21,664
2013-08-21,663
2013-08-22,660
2013-08-22,659.5
2013-08-22,661
2013-08-22,658
2013-08-23,656
2013-08-23,656
2013-08-23,657
2013-08-23,655
2013-08-24,651
2013-08-24,651
2013-08-24,652
2013-08-24,650
2013-08-25,648
2013-08-25,648
2013-08-25,648
2013-08-25,648
2013-08-26,640
2013-08-26,640
2013-08-26,642
2013-08-26,638
2013-08-27,632
2013-08-27,632.5
2013-08-27,634
2013-08-27,631
2013-08-28,626
2013-08-28,626.5
2013-08-28,627
2013-08-28,626
2013-08-29,622
2013-08-29,622.5
2013-08-29,624
2013-08-29,621
2013-08-30,618
2013-08-30,617.5
2013-08-30,619
2013-08-30,616
2013-08-31,615
2013-08-31,615
2013-08-31,616
2013-08-31,614
2013-09-01,609
2013-09-01,609
2013-09-01,610
2013-09-01,608
2013-09-02,604
2013-09-02,604
2013-09-02,606
2013-09-02,602
2013-09-03,602
2013-09-03,602
2013-09-03,602
2013-09-03,602
2013-09-04,599
2013-09-04,599
2013-09-04,600
2013-09-04,598
2013-09-05,595
2013-09-05,595
2013-09-05,596
2013-09-05,594
2013-09-06,589.5
2013-09-06,590
2013-09-06,591
2013-09-06,588
2013-09-07,585
2013-09-07,585
2013-09-07,586
2013-09-07,584
2013-09-08,581
2013-09-08,581
2013-09-08,582
2013-09-08,580
2013-09-09,576
2013-09-09,576
2013-09-09,577
2013-09-09,575
2013-09-10,570.5
2013-09-10,570
2013-09-10,571
2013-09-10,570
2013-09-11,564.5
2013-09-11,564
2013-09-11,566
2013-09-11,563
2013-09-12,559
2013-09-12,559
2013-09-12,560
2013-09-12,558
2013-09-13,555
2013-09-13,555
2013-09-13,556
2013-09-13,554
2013-09-14,549.5
2013-09-14,550
2013-09-14,551
2013-09-14,548
2013-09-15,546
2013-09-15,546
2013-09-15,544
2013-09-15,548
2013-09-16,541.5
2013-09-16,542
2013-09-16,541
2013-09-16,542
2013-09-17,533
2013-09-17,533
2013-09-17,534
2013-09-17,532
2013-09-18,527.5
2013-09-18,528
2013-09-18,529
2013-09-18,526
2013-09-19,521.5
2013-09-19,522
2013-09-19,523
2013-09-19,520
2013-09-20,516.5
2013-09-20,516
2013-09-20,518
2013-09-20,515
2013-09-21,514
2013-09-21,514
2013-09-21,513
2013-09-21,515
2013-09-22,505.5
2013-09-22,506
2013-09-22,507
2013-09-22,504
2013-09-23,500
2013-09-23,500
2013-09-23,502
2013-09-23,498
2013-09-24,492.5
2013-09-24,492
2013-09-24,495
2013-09-24,490
2013-09-25,487
2013-09-25,487
2013-09-25,489
2013-09-25,485
2013-09-26,480
2013-09-26,480
2013-09-26,482
2013-09-26,478
2013-09-27,471
2013-09-27,471
2013-09-27,474
2013-09-27,468
2013-09-28,463
2013-09-28,463
2013-09-28,465
2013-09-28,461
2013-09-29,454.5
2013-09-29,454
2013-09-29,458
2013-09-29,451
2013-09-30,445.5
2013-09-30,446
2013-09-30,448
2013-09-30,443
2013-10-01,438.5
2013-10-01,438
2013-10-01,440
2013-10-01,437
2013-10-02,430
2013-10-02,430
2013-10-02,432
2013-10-02,428
2013-10-03,421
2013-10-03,421
2013-10-03,424
2013-10-03,418
2013-10-04,415
2013-10-04,415
2013-10-04,416
2013-10-04,414
2013-10-05,411.5
2013-10-05,412
2013-10-05,413
2013-10-05,410
2013-10-06,407
2013-10-06,407
2013-10-06,408
2013-10-06,406
2013-10-07,398.5
2013-10-07,398
2013-10-07,400
2013-10-07,397
2013-10-08,391.5
2013-10-08,392
2013-10-08,393
2013-10-08,390
2013-10-09,383
2013-10-09,383
2013-10-09,384
2013-10-09,382
2013-10-10,374.5
2013-10-10,374
2013-10-10,377
2013-10-10,372
2013-10-11,367
2013-10-11,367
2013-10-11,368
2013-10-11,366
2013-10-12,360
2013-10-12,360
2013-10-12,363
2013-10-12,357
2013-10-13,351
2013-10-13,351
2013-10-13,355
2013-10-13,347
2013-10-14,338.5
2013-10-14,338
2013-10-14,341
2013-10-14,336
2013-10-15,331
2013-10-15,331
2013-10-15,333
2013-10-15,329
2013-10-16,322.5
2013-10-16,322
2013-10-16,325
2013-10-16,320
2013-10-17,316.5
2013-10-17,316
2013-10-17,318
2013-10-17,315
2013-10-18,308.5
2013-10-18,308
2013-10-18,310
2013-10-18,307
2013-10-19,300.5
2013-10-19,300
2013-10-19,303
2013-10-19,298
2013-10-20,294.5
2013-10-20,294
2013-10-20,296
2013-10-20,293
2013-10-21,289
2013-10-21,289
2013-10-21,291
2013-10-21,287
2013-10-22,282.5
2013-10-22,282
2013-10-22,285
2013-10-22,280
2013-10-23,275
2013-10-23,275
2013-10-23,278
2013-10-23,272
2013-10-24,267
2013-10-24,267
2013-10-24,269
2013-10-24,265
2013-10-25,260
2013-10-25,260
2013-10-25,263
2013-10-25,257
2013-10-26,252.5
2013-10-26,252
2013-10-26,254
2013-10-26,251
2013-10-27,246
2013-10-27,246
2013-10-27,247
2013-10-27,245
2013-10-28,238.5
2013-10-28,238
2013-10-28,240
2013-10-28,237
2013-10-29,233.5
2013-10-29,234
2013-10-29,234
2013-10-29,233
2013-10-30,229
2013-10-30,229
2013-10-30,230
2013-10-30,228
2013-10-31,226
2013-10-31,226
2013-10-31,226
2013-10-31,226
2013-11-01,226
2013-11-01,226
2013-11-01,226
2013-11-01,226
2013-11-02,228
2013-11-02,228
2013-11-02,228
2013-11-02,228
2013-11-03,228
2013-11-03,228
2013-11-03,228
2013-11-03,228
2013-11-04,230.5
2013-11-04,231
2013-11-04,230
2013-11-04,231
2013-11-05,234.5
2013-11-05,235
2013-11-05,234
2013-11-05,235
2013-11-06,236
2013-11-06,236
2013-11-06,236
2013-11-06,236
2013-11-07,236.5
2013-11-07,237
2013-11-07,236
2013-11-07,237
2013-11-08,239
2013-11-08,239
2013-11-08,239
2013-11-08,239
2013-11-09,240.5
2013-11-09,240
2013-11-09,240
2013-11-09,241
2013-11-10,242
2013-11-10,242
2013-11-10,242
2013-11-10,242
2013-11-11,240
2013-11-11,240
2013-11-11,241
2013-11-11,239
2013-11-12,240
2013-11-12,240
2013-11-12,240
2013-11-12,240
2013-11-13,243
2013-11-13,243
2013-11-13,243
2013-11-13,243
2013-11-14,245
2013-11-14,245
2013-11-14,245
2013-11-14,245
2013-11-15,248
2013-11-15,248
2013-11-15,247
2013-11-15,249
2013-11-16,251.5
2013-11-16,252
2013-11-16,251
2013-11-16,252
2013-11-17,254.5
2013-11-17,254
2013-11-17,254
2013-11-17,255
2013-11-18,257
2013-11-18,257
2013-11-18,257
2013-11-18,257
2013-11-19,259
2013-11-19,259
2013-11-19,258
2013-11-19,260
2013-11-20,265
2013-11-20,265
2013-11-20,264
2013-11-20,266
2013-11-21,269
2013-11-21,269
2013-11-21,269
2013-11-21,269
2013-11-22,270.5
2013-11-22,270
2013-11-22,271
2013-11-22,270
2013-11-23,270
2013-11-23,270
2013-11-23,270
2013-11-23,270
2013-11-24,272
2013-11-24,272
2013-11-24,272
2013-11-24,272
2013-11-25,271
2013-11-25,271
2013-11-25,272
2013-11-25,270
2013-11-26,273
2013-11-26,273
2013-11-26,273
2013-11-26,273
2013-11-27,275
2013-11-27,275
2013-11-27,274
2013-11-27,276
2013-11-28,276.5
2013-11-28,276
2013-11-28,276
2013-11-28,277
2013-11-29,279
2013-11-29,279
2013-11-29,279
2013-11-29,279
2013-11-30,282
2013-11-30,282
2013-11-30,281
2013-11-30,283
2013-12-01,288.5
2013-12-01,288
2013-12-01,287
2013-12-01,290
2013-12-02,294.5
2013-12-02,294
2013-12-02,294
2013-12-02,295
2013-12-03,301
2013-12-03,301
2013-12-03,300
2013-12-03,302
2013-12-04,307.5
2013-12-04,308
2013-12-04,307
2013-12-04,308
2013-12-05,314
2013-12-05,314
2013-12-05,313
2013-12-05,315
2013-12-06,319.5
2013-12-06,320
2013-12-06,319
2013-12-06,320
2013-12-07,324
2013-12-07,324
2013-12-07,323
2013-12-07,325
2013-12-08,328
2013-12-08,328
2013-12-08,328
2013-12-08,328
2013-12-09,330.5
2013-12-09,330
2013-12-09,331
2013-12-09,330
2013-12-10,334
2013-12-10,334
2013-12-10,334
2013-12-10,334
2013-12-11,335
2013-12-11,335
2013-12-11,335
2013-12-11,335
2013-12-12,336
2013-12-12,336
2013-12-12,336
2013-12-12,336
2013-12-13,337.5
2013-12-13,338
2013-12-13,337
2013-12-13,338
2013-12-14,339
2013-12-14,339
2013-12-14,339
2013-12-14,339
2013-12-15,341
2013-12-15,341
2013-12-15,340
2013-12-15,342
2013-12-16,344
2013-12-16,344
2013-12-16,344
2013-12-16,344
2013-12-17,345.5
2013-12-17,346
2013-12-17,345
2013-12-17,346
2013-12-18,349.5
2013-12-18,350
2013-12-18,349
2013-12-18,350
2013-12-19,351
2013-12-19,351
2013-12-19,351
2013-12-19,351
2013-12-20,352
2013-12-20,352
2013-12-20,352
2013-12-20,352
2013-12-21,355.5
2013-12-21,356
2013-12-21,355
2013-12-21,356
2013-12-22,359
2013-12-22,359
2013-12-22,359
2013-12-22,359
2013-12-23,360
2013-12-23,360
2013-12-23,360
2013-12-23,360
2013-12-24,362.5
2013-12-24,362
2013-12-24,361
2013-12-24,364
2013-12-25,367
2013-12-25,367
2013-12-25,367
2013-12-25,367
2013-12-26,370.5
2013-12-26,370
2013-12-26,369
2013-12-26,372
2013-12-27,377
2013-12-27,377
2013-12-27,376
2013-12-27,378
2013-12-28,385.5
2013-12-28,386
2013-12-28,383
2013-12-28,388
2013-12-29,391
2013-12-29,391
2013-12-29,388
2013-12-29,394
2013-12-30,403.5
2013-12-30,404
2013-12-30,402
2013-12-30,405
2013-12-31,409
2013-12-31,409
2013-12-31,408
2013-12-31,410
2014-01-01,414.5
2014-01-01,414
2014-01-01,413
2014-01-01,416
2014-01-02,420
2014-01-02,420
2014-01-02,420
2014-01-02,420
2014-01-03,424
2014-01-03,424
2014-01-03,424
2014-01-03,424
2014-01-04,429.5
2014-01-04,430
2014-01-04,429
2014-01-04,430
2014-01-05,433
2014-01-05,433
2014-01-05,433
2014-01-05,433
2014-01-06,436.5
2014-01-06,436
2014-01-06,436
2014-01-06,437
2014-01-07,439.5
2014-01-07,439
2014-01-07,439
2014-01-07,440
2014-01-08,443.5
2014-01-08,443
2014-01-08,443
2014-01-08,444
2014-01-09,443.5
2014-01-09,443
2014-01-09,443
2014-01-09,444
2014-01-10,446
2014-01-10,446
2014-01-10,446
2014-01-10,446
2014-01-11,447.5
2014-01-11,447
2014-01-11,447
2014-01-11,448
2014-01-12,448.5
2014-01-12,449
2014-01-12,448
2014-01-12,449
2014-01-13,453
2014-01-13,453
2014-01-13,452
2014-01-13,454
2014-01-14,455.5
2014-01-14,456
2014-01-14,455
2014-01-14,456
2014-01-15,457
2014-01-15,457
2014-01-15,457
2014-01-15,457
2014-01-16,459.5
2014-01-16,460
2014-01-16,459
2014-01-16,460
2014-01-17,461.5
2014-01-17,462
2014-01-17,461
2014-01-17,462
2014-01-18,464.5
2014-01-18,464
2014-01-18,464
2014-01-18,465
2014-01-19,467.5
2014-01-19,468
2014-01-19,467
2014-01-19,468
2014-01-20,471.5
2014-01-20,472
2014-01-20,471
2014-01-20,472
2014-01-21,474.5
2014-01-21,474
2014-01-21,474
2014-01-21,475
2014-01-22,475.5
2014-01-22,476
2014-01-22,475
2014-01-22,476
2014-01-23,478
2014-01-23,478
2014-01-23,478
2014-01-23,478
2014-01-24,479
2014-01-24,479
2014-01-24,479
2014-01-24,479
2014-01-25,482
2014-01-25,482
2014-01-25,482
2014-01-25,482
2014-01-26,482
2014-01-26,482
2014-01-26,482
2014-01-26,482
2014-01-27,483
2014-01-27,483
2014-01-27,483
2014-01-27,483
2014-01-28,485.5
2014-01-28,486
2014-01-28,485
2014-01-28,486
2014-01-29,491
2014-01-29,491
2014-01-29,490
2014-01-29,492
2014-01-30,496
2014-01-30,496
2014-01-30,495
2014-01-30,497
2014-01-31,502.5
2014-01-31,503
2014-01-31,501
2014-01-31,504
2014-02-01,509
2014-02-01,509
2014-02-01,508
2014-02-01,510
2014-02-02,515.5
2014-02-02,516
2014-02-02,515
2014-02-02,516
2014-02-03,520.5
2014-02-03,520
2014-02-03,520
2014-02-03,521
2014-02-04,524
2014-02-04,524
2014-02-04,524
2014-02-04,524
2014-02-05,526.5
2014-02-05,526
2014-02-05,525
2014-02-05,528
2014-02-06,529.5
2014-02-06,530
2014-02-06,529
2014-02-06,530
2014-02-07,535
2014-02-07,535
2014-02-07,534
2014-02-07,536
2014-02-08,539
2014-02-08,539
2014-02-08,539
2014-02-08,539
2014-02-09,543
2014-02-09,543
2014-02-09,542
2014-02-09,544
2014-02-10,547
2014-02-10,547
2014-02-10,546
2014-02-10,548
2014-02-11,552.5
2014-02-11,552
2014-02-11,552
2014-02-11,553
2014-02-12,555.5
2014-02-12,556
2014-02-12,555
2014-02-12,556
2014-02-13,562
2014-02-13,562
2014-02-13,562
2014-02-13,562
2014-02-14,563.5
2014-02-14,564
2014-02-14,563
2014-02-14,564
2014-02-15,569
2014-02-15,569
2014-02-15,567
2014-02-15,571
2014-02-16,575
2014-02-16,575
2014-02-16,571
2014-02-16,579
2014-02-17,582.5
2014-02-17,582
2014-02-17,579
2014-02-17,586
2014-02-18,590
2014-02-18,590
2014-02-18,590
2014-02-18,590
2014-02-19,593.5
2014-02-19,594
2014-02-19,593
2014-02-19,594
2014-02-20,598
2014-02-20,598
2014-02-20,597
2014-02-20,599
2014-02-21,602.5
2014-02-21,602
2014-02-21,602
2014-02-21,603
2014-02-22,605
2014-02-22,605
2014-02-22,605
2014-02-22,605
2014-02-23,606.5
2014-02-23,606
2014-02-23,606
2014-02-23,607
2014-02-24,611
2014-02-24,611
2014-02-24,611
2014-02-24,611
2014-02-25,611.5
2014-02-25,612
2014-02-25,611
2014-02-25,612
2014-02-26,614.5
2014-02-26,614
2014-02-26,614
2014-02-26,615
2014-02-27,619
2014-02-27,619
2014-02-27,618
2014-02-27,620
2014-02-28,623
2014-02-28,623
2014-02-28,622
2014-02-28,624
2014-03-01,627.5
2014-03-01,628
2014-03-01,627
2014-03-01,628
2014-03-02,636.5
2014-03-02,636
2014-03-02,634
2014-03-02,639
2014-03-03,643
2014-03-03,643
2014-03-03,642
2014-03-03,644
2014-03-04,648.5
2014-03-04,648
2014-03-04,648
2014-03-04,649
2014-03-05,655.5
2014-03-05,656
2014-03-05,655
2014-03-05,656
2014-03-06,660.5
2014-03-06,660
2014-03-06,659
2014-03-06,662
2014-03-07,665
2014-03-07,665
2014-03-07,665
2014-03-07,665
2014-03-08,671
2014-03-08,671
2014-03-08,670
2014-03-08,672
2014-03-09,678.5
2014-03-09,678
2014-03-09,677
2014-03-09,680
2014-03-10,682.5
2014-03-10,682
2014-03-10,682
2014-03-10,683
2014-03-11,685
2014-03-11,685
2014-03-11,684
2014-03-11,686
2014-03-12,692
2014-03-12,692
2014-03-12,690
2014-03-12,694
2014-03-13,696.5
2014-03-13,696
2014-03-13,696
2014-03-13,697
2014-03-14,700
2014-03-14,700
2014-03-14,699
2014-03-14,701
2014-03-15,707.5
2014-03-15,708
2014-03-15,707
2014-03-15,708
2014-03-16,711
2014-03-16,711
2014-03-16,710
2014-03-16,712
2014-03-17,713.5
2014-03-17,714
2014-03-17,713
2014-03-17,714
2014-03-18,717.5
2014-03-18,718
2014-03-18,717
2014-03-18,718
2014-03-19,722
2014-03-19,722
2014-03-19,721
2014-03-19,723
2014-03-20,727
2014-03-20,727
2014-03-20,726
2014-03-20,728
2014-03-21,732
2014-03-21,732
2014-03-21,731
2014-03-21,733
2014-03-22,738
2014-03-22,738
2014-03-22,737
2014-03-22,739
2014-03-23,743
2014-03-23,743
2014-03-23,742
2014-03-23,744
2014-03-24,748.5
2014-03-24,748
2014-03-24,748
2014-03-24,749
2014-03-25,758
2014-03-25,758
2014-03-25,757
2014-03-25,759
2014-03-26,763
2014-03-26,763
2014-03-26,762
2014-03-26,764
2014-03-27,769
2014-03-27,769
2014-03-27,768
2014-03-27,770
2014-03-28,777
2014-03-28,777
2014-03-28,776
2014-03-28,778
2014-03-29,782
2014-03-29,782
2014-03-29,781
2014-03-29,783
2014-03-30,785.5
2014-03-30,786
2014-03-30,785
2014-03-30,786
2014-03-31,789.5
2014-03-31,790
2014-03-31,789
2014-03-31,790
2014-04-01,799
2014-04-01,799
2014-04-01,796
2014-04-01,802
2014-04-02,809
2014-04-02,809
2014-04-02,807
2014-04-02,811
2014-04-03,816
2014-04-03,816
2014-04-03,815
2014-04-03,817
2014-04-04,821
2014-04-04,821
2014-04-04,820
2014-04-04,822
2014-04-05,823
2014-04-05,823
2014-04-05,823
2014-04-05,823
2014-04-06,824
2014-04-06,824
2014-04-06,824
2014-04-06,824
2014-04-07,824
2014-04-07,824
2014-04-07,824
2014-04-07,824
2014-04-08,824
2014-04-08,824
2014-04-08,824
2014-04-08,824
2014-04-09,825
2014-04-09,825
2014-04-09,825
2014-04-09,825
2014-04-10,825
2014-04-10,825
2014-04-10,825
2014-04-10,825
2014-04-11,825
2014-04-11,825
2014-04-11,825
2014-04-11,825
2014-04-12,825
2014-04-12,825
2014-04-12,825
2014-04-12,825
2014-04-13,826
2014-04-13,826
2014-04-13,826
2014-04-13,826
2014-04-14,826
2014-04-14,826
2014-04-14,826
2014-04-14,826
2014-04-15,826
2014-04-15,826
2014-04-15,826
2014-04-15,826
2014-04-16,829
2014-04-16,829
2014-04-16,829
2014-04-16,829
2014-04-17,833
2014-04-17,833
2014-04-17,832
2014-04-17,834
2014-04-18,839
2014-04-18,839
2014-04-18,838
2014-04-18,840
2014-04-19,845
2014-04-19,845
2014-04-19,843
2014-04-19,847
2014-04-20,849.5
2014-04-20,849
2014-04-20,849
2014-04-20,850
2014-04-21,853
2014-04-21,853
2014-04-21,852
2014-04-21,854
2014-04-22,857.5
2014-04-22,857
2014-04-22,856
2014-04-22,859
2014-04-23,861.5
2014-04-23,862
2014-04-23,860
2014-04-23,863
2014-04-24,864
2014-04-24,864
2014-04-24,864
2014-04-24,864
2014-04-25,866
2014-04-25,866
2014-04-25,865
2014-04-25,867
2014-04-26,869.5
2014-04-26,870
2014-04-26,869
2014-04-26,870
2014-04-27,873
2014-04-27,873
2014-04-27,872
2014-04-27,874
2014-04-28,879
2014-04-28,879
2014-04-28,878
2014-04-28,880
2014-04-29,882
2014-04-29,882
2014-04-29,882
2014-04-29,882
2014-04-30,883
2014-04-30,883
2014-04-30,883
2014-04-30,883
2014-05-01,884
2014-05-01,884
2014-05-01,884
2014-05-01,884
2014-05-02,889.5
2014-05-02,890
2014-05-02,889
2014-05-02,890
2014-05-03,892.5
2014-05-03,893
2014-05-03,892
2014-05-03,893
2014-05-04,896
2014-05-04,896
2014-05-04,895
2014-05-04,897
2014-05-05,900.5
2014-05-05,901
2014-05-05,900
2014-05-05,901
2014-05-06,904
2014-05-06,904
2014-05-06,903
2014-05-06,905
2014-05-07,907
2014-05-07,907
2014-05-07,907
2014-05-07,907
2014-05-08,907
2014-05-08,907
2014-05-08,907
2014-05-08,907
2014-05-09,908
2014-05-09,908
2014-05-09,908
2014-05-09,908
2014-05-10,909.5
2014-05-10,910
2014-05-10,909
2014-05-10,910
2014-05-11,910.5
2014-05-11,910
2014-05-11,910
2014-05-11,911
2014-05-12,915.5
2014-05-12,915
2014-05-12,912
2014-05-12,919
2014-05-13,912
2014-05-13,912
2014-05-13,912
2014-05-13,912
2014-05-14,912
2014-05-14,912
2014-05-14,912
2014-05-14,912
2014-05-15,912
2014-05-15,912
2014-05-15,912
2014-05-15,912
2014-05-16,912
2014-05-16,912
2014-05-16,912
2014-05-16,912
2014-05-17,912
2014-05-17,912
2014-05-17,912
2014-05-17,912
2014-05-18,912
2014-05-18,912
2014-05-18,912
2014-05-18,912
2014-05-19,911.5
2014-05-19,912
2014-05-19,911
2014-05-19,912
2014-05-20,912
2014-05-20,912
2014-05-20,912
2014-05-20,912
2014-05-21,912
2014-05-21,912
2014-05-21,912
2014-05-21,912
2014-05-22,915
2014-05-22,915
2014-05-22,914
2014-05-22,916
2014-05-23,917
2014-05-23,917
2014-05-23,917
2014-05-23,917
2014-05-24,918
2014-05-24,918
2014-05-24,918
2014-05-24,918
2014-05-25,919
2014-05-25,919
2014-05-25,919
2014-05-25,919
2014-05-26,919
2014-05-26,919
2014-05-26,919
2014-05-26,919
2014-05-27,918
2014-05-27,918
2014-05-27,919
2014-05-27,917
2014-05-28,918
2014-05-28,918
2014-05-28,918
2014-05-28,918
2014-05-29,917
2014-05-29,917
2014-05-29,916
2014-05-29,918
2014-05-30,917
2014-05-30,917
2014-05-30,917
2014-05-30,917
2014-05-31,916
2014-05-31,916
2014-05-31,916
2014-05-31,916
2014-06-01,917
2014-06-01,917
2014-06-01,917
2014-06-01,917
2014-06-02,917
2014-06-02,917
2014-06-02,917
2014-06-02,917
2014-06-03,917
2014-06-03,917
2014-06-03,917
2014-06-03,917
2014-06-04,917.5
2014-06-04,918
2014-06-04,918
2014-06-04,917
2014-06-05,918.5
2014-06-05,918
2014-06-05,918
2014-06-05,919
2014-06-06,918
2014-06-06,918
2014-06-06,918
2014-06-06,918
2014-06-07,917.5
2014-06-07,918
2014-06-07,918
2014-06-07,917
2014-06-08,917
2014-06-08,917
2014-06-08,917
2014-06-08,917
2014-06-09,915.5
2014-06-09,915
2014-06-09,916
2014-06-09,915
2014-06-10,913.5
2014-06-10,914
2014-06-10,914
2014-06-10,913
2014-06-11,912
2014-06-11,912
2014-06-11,912
2014-06-11,912
2014-06-12,912
2014-06-12,912
2014-06-12,912
2014-06-12,912
2014-06-13,910.5
2014-06-13,910
2014-06-13,911
2014-06-13,910
2014-06-14,908.5
2014-06-14,909
2014-06-14,909
2014-06-14,908
2014-06-15,905.5
2014-06-15,906
2014-06-15,906
2014-06-15,905
2014-06-16,902
2014-06-16,902
2014-06-16,902
2014-06-16,902
2014-06-17,902
2014-06-17,902
2014-06-17,902
2014-06-17,902
2014-06-18,902.5
2014-06-18,902
2014-06-18,903
2014-06-18,902
2014-06-19,903
2014-06-19,903
2014-06-19,903
2014-06-19,903
2014-06-20,903
2014-06-20,903
2014-06-20,903
2014-06-20,903
2014-06-21,904
2014-06-21,904
2014-06-21,904
2014-06-21,904
2014-06-22,902.5
2014-06-22,902
2014-06-22,903
2014-06-22,902
2014-06-23,901.5
2014-06-23,902
2014-06-23,902
2014-06-23,901
2014-06-24,897.5
2014-06-24,898
2014-06-24,899
2014-06-24,896
2014-06-25,895.5
2014-06-25,896
2014-06-25,897
2014-06-25,894
2014-06-26,895.5
2014-06-26,896
2014-06-26,895
2014-06-26,896
2014-06-27,893.5
2014-06-27,894
2014-06-27,893
2014-06-27,894
2014-06-28,890.5
2014-06-28,890
2014-06-28,891
2014-06-28,890
2014-06-29,889
2014-06-29,889
2014-06-29,889
2014-06-29,889
2014-06-30,890.5
2014-06-30,890
2014-06-30,891
2014-06-30,890
2014-07-01,891
2014-07-01,891
2014-07-01,891
2014-07-01,891
2014-07-02,890
2014-07-02,890
2014-07-02,890
2014-07-02,890
2014-07-03,888
2014-07-03,888.5
2014-07-03,889
2014-07-03,888
2014-07-04,886
2014-07-04,886.5
2014-07-04,887
2014-07-04,886
2014-07-05,885
2014-07-05,884.5
2014-07-05,885
2014-07-05,884
2014-07-06,882
2014-07-06,881.5
2014-07-06,882
2014-07-06,881
2014-07-07,880
2014-07-07,880
2014-07-07,881
2014-07-07,879
2014-07-08,876
2014-07-08,876.5
2014-07-08,877
2014-07-08,876
2014-07-09,875
2014-07-09,875
2014-07-09,876
2014-07-09,874
2014-07-10,873
2014-07-10,873
2014-07-10,873
2014-07-10,873
2014-07-11,872
2014-07-11,871.5
2014-07-11,872
2014-07-11,871
2014-07-12,870
2014-07-12,870.5
2014-07-12,871
2014-07-12,870
2014-07-13,870
2014-07-13,869.5
2014-07-13,870
2014-07-13,869
2014-07-14,868
2014-07-14,868
2014-07-14,868
2014-07-14,868
2014-07-15,868
2014-07-15,867.5
2014-07-15,868
2014-07-15,867
2014-07-16,865
2014-07-16,865.5
2014-07-16,866
2014-07-16,865
2014-07-17,865
2014-07-17,865
2014-07-17,865
2014-07-17,865
2014-07-18,864
2014-07-18,864.5
2014-07-18,865
2014-07-18,864
2014-07-19,862
2014-07-19,862.5
2014-07-19,863
2014-07-19,862
2014-07-20,860
2014-07-20,860.5
2014-07-20,861
2014-07-20,860
2014-07-21,859
2014-07-21,858.5
2014-07-21,859
2014-07-21,858
2014-07-22,855
2014-07-22,855
2014-07-22,856
2014-07-22,854
2014-07-23,852
2014-07-23,851.5
2014-07-23,853
2014-07-23,850
2014-07-24,852
2014-07-24,852.5
2014-07-24,856
2014-07-24,849
2014-07-25,846
2014-07-25,846.5
2014-07-25,847
2014-07-25,846
2014-07-26,844
2014-07-26,844
2014-07-26,845
2014-07-26,843
2014-07-27,841
2014-07-27,841.5
2014-07-27,842
2014-07-27,841
2014-07-28,840
2014-07-28,839.5
2014-07-28,840
2014-07-28,839
2014-07-29,836
2014-07-29,836
2014-07-29,837
2014-07-29,835
2014-07-30,832
2014-07-30,831.5
2014-07-30,833
2014-07-30,830
2014-07-31,828
2014-07-31,827.5
2014-07-31,828
2014-07-31,827
2014-08-01,825.5
2014-08-01,826
2014-08-01,826
2014-08-01,825
2014-08-02,824
2014-08-02,824
2014-08-02,825
2014-08-02,823
2014-08-03,821
2014-08-03,821
2014-08-03,822
2014-08-03,820
2014-08-04,817.5
2014-08-04,818
2014-08-04,819
2014-08-04,816
2014-08-05,813
2014-08-05,813
2014-08-05,814
2014-08-05,812
2014-08-06,810
2014-08-06,810
2014-08-06,811
2014-08-06,809
2014-08-07,805
2014-08-07,805
2014-08-07,806
2014-08-07,804
2014-08-08,802
2014-08-08,802
2014-08-08,803
2014-08-08,801
2014-08-09,798.5
2014-08-09,798
2014-08-09,800
2014-08-09,797
2014-08-10,795
2014-08-10,795
2014-08-10,796
2014-08-10,794
2014-08-11,792
2014-08-11,792
2014-08-11,793
2014-08-11,791
2014-08-12,788.5
2014-08-12,788
2014-08-12,789
2014-08-12,788
2014-08-13,786
2014-08-13,786
2014-08-13,787
2014-08-13,785
2014-08-14,782
2014-08-14,782
2014-08-14,783
2014-08-14,781
2014-08-15,778.5
2014-08-15,778
2014-08-15,780
2014-08-15,777
2014-08-16,775
2014-08-16,775
2014-08-16,776
2014-08-16,774
2014-08-17,772
2014-08-17,772
2014-08-17,773
2014-08-17,771
2014-08-18,767.5
2014-08-18,768
2014-08-18,769
2014-08-18,766
2014-08-19,762.5
2014-08-19,762
2014-08-19,764
2014-08-19,761
2014-08-20,756.5
2014-08-20,756
2014-08-20,759
2014-08-20,754
2014-08-21,749
2014-08-21,749
2014-08-21,751
2014-08-21,747
2014-08-22,743
2014-08-22,743
2014-08-22,745
2014-08-22,741
2014-08-23,736.5
2014-08-23,736
2014-08-23,739
2014-08-23,734
2014-08-24,728
2014-08-24,728
2014-08-24,730
2014-08-24,726
2014-08-25,723.5
2014-08-25,724
2014-08-25,725
2014-08-25,722
2014-08-26,717.5
2014-08-26,718
2014-08-26,719
2014-08-26,716
2014-08-27,712
2014-08-27,712
2014-08-27,714
2014-08-27,710
2014-08-28,707.5
2014-08-28,708
2014-08-28,709
2014-08-28,706
2014-08-29,702.5
2014-08-29,702
2014-08-29,704
2014-08-29,701
2014-08-30,697
2014-08-30,697
2014-08-30,699
2014-08-30,695
2014-08-31,690.5
2014-08-31,690
2014-08-31,692
2014-08-31,689
2014-09-01,683.5
2014-09-01,684
2014-09-01,685
2014-09-01,682
2014-09-02,679.5
2014-09-02,680
2014-09-02,681
2014-09-02,678
2014-09-03,674
2014-09-03,674
2014-09-03,676
2014-09-03,672
2014-09-04,668.5
2014-09-04,668
2014-09-04,670
2014-09-04,667
2014-09-05,662.5
2014-09-05,662
2014-09-05,664
2014-09-05,661
2014-09-06,655
2014-09-06,655
2014-09-06,657
2014-09-06,653
2014-09-07,649
2014-09-07,649
2014-09-07,650
2014-09-07,648
2014-09-08,643
2014-09-08,643
2014-09-08,645
2014-09-08,641
2014-09-09,637
2014-09-09,637
2014-09-09,639
2014-09-09,635
2014-09-10,631
2014-09-10,631
2014-09-10,633
2014-09-10,629
2014-09-11,625.5
2014-09-11,626
2014-09-11,627
2014-09-11,624
2014-09-12,620.5
2014-09-12,620
2014-09-12,622
2014-09-12,619
2014-09-13,615.5
2014-09-13,616
2014-09-13,617
2014-09-13,614
2014-09-14,610.5
2014-09-14,610
2014-09-14,612
2014-09-14,609
2014-09-15,605.5
2014-09-15,606
2014-09-15,607
2014-09-15,604
2014-09-16,648.5
2014-09-16,598
2014-09-16,601
2014-09-16,696
2014-09-17,641
2014-09-17,591
2014-09-17,593
2014-09-17,689
2014-09-18,633.5
2014-09-18,584
2014-09-18,585
2014-09-18,682
2014-09-19,625.5
2014-09-19,576
2014-09-19,578
2014-09-19,673
2014-09-20,617
2014-09-20,567
2014-09-20,569
2014-09-20,665
2014-09-21,609
2014-09-21,559
2014-09-21,561
2014-09-21,657
2014-09-22,602
2014-09-22,552
2014-09-22,554
2014-09-22,650
2014-09-23,544
2014-09-23,544
2014-09-23,546
2014-09-23,542
2014-09-24,536
2014-09-24,536
2014-09-24,538
2014-09-24,534
2014-09-25,527.5
2014-09-25,528
2014-09-25,530
2014-09-25,525
2014-09-26,520.5
2014-09-26,520
2014-09-26,523
2014-09-26,518
2014-09-27,513
2014-09-27,513
2014-09-27,515
2014-09-27,511
2014-09-28,504
2014-09-28,504
2014-09-28,507
2014-09-28,501
2014-09-29,497
2014-09-29,497
2014-09-29,499
2014-09-29,495
2014-09-30,486
2014-09-30,486
2014-09-30,492
2014-09-30,480
2014-10-01,479
2014-10-01,479
2014-10-01,482
2014-10-01,476
2014-10-02,469
2014-10-02,469
2014-10-02,471
2014-10-02,467
2014-10-03,458
2014-10-03,458.5
2014-10-03,461
2014-10-03,456
2014-10-04,449
2014-10-04,449
2014-10-04,452
2014-10-04,446
2014-10-05,439
2014-10-05,439
2014-10-05,441
2014-10-05,437
2014-10-06,432
2014-10-06,432.5
2014-10-06,435
2014-10-06,430
2014-10-07,424
2014-10-07,424.5
2014-10-07,426
2014-10-07,423
2014-10-08,418
2014-10-08,418
2014-10-08,420
2014-10-08,416
2014-10-09,411
2014-10-09,411
2014-10-09,413
2014-10-09,409
2014-10-10,404
2014-10-10,403.5
2014-10-10,406
2014-10-10,401
2014-10-11,397
2014-10-11,397
2014-10-11,399
2014-10-11,395
2014-10-12,390
2014-10-12,390
2014-10-12,392
2014-10-12,388
2014-10-13,380
2014-10-13,380.5
2014-10-13,384
2014-10-13,377
2014-10-14,372
2014-10-14,372
2014-10-14,375
2014-10-14,369
2014-10-15,361
2014-10-15,361
2014-10-15,363
2014-10-15,359
2014-10-16,350
2014-10-16,350
2014-10-16,353
2014-10-16,347
2014-10-17,340
2014-10-17,339.5
2014-10-17,342
2014-10-17,337
2014-10-18,328
2014-10-18,327.5
2014-10-18,330
2014-10-18,325
2014-10-19,318
2014-10-19,318.5
2014-10-19,321
2014-10-19,316
2014-10-20,308
2014-10-20,308.5
2014-10-20,311
2014-10-20,306
2014-10-21,299
2014-10-21,299
2014-10-21,302
2014-10-21,296
2014-10-22,292
2014-10-22,292.5
2014-10-22,294
2014-10-22,291
2014-10-23,286
2014-10-23,286.5
2014-10-23,289
2014-10-23,284
2014-10-24,280
2014-10-24,280
2014-10-24,281
2014-10-24,279
2014-10-25,276
2014-10-25,275.5
2014-10-25,277
2014-10-25,274
2014-10-26,270
2014-10-26,270.5
2014-10-26,271
2014-10-26,270
2014-10-27,267
2014-10-27,267
2014-10-27,269
2014-10-27,265
2014-10-28,264
2014-10-28,264
2014-10-28,265
2014-10-28,263
2014-10-29,259
2014-10-29,259
2014-10-29,261
2014-10-29,257
2014-10-30,254
2014-10-30,253.5
2014-10-30,257
2014-10-30,250
2014-10-31,247
2014-10-31,247
2014-10-31,248
2014-10-31,246
2014-11-01,244
2014-11-01,244
2014-11-01,245
2014-11-01,243
2014-11-02,242
2014-11-02,242
2014-11-02,244
2014-11-02,240
2014-11-03,238.5
2014-11-03,238
2014-11-03,239
2014-11-03,238
2014-11-04,235.5
2014-11-04,236
2014-11-04,237
2014-11-04,234
2014-11-05,236.5
2014-11-05,237
2014-11-05,237
2014-11-05,236
2014-11-06,238
2014-11-06,238
2014-11-06,238
2014-11-06,238
2014-11-07,240.5
2014-11-07,240
2014-11-07,241
2014-11-07,240
2014-11-08,241
2014-11-08,241
2014-11-08,242
2014-11-08,240
2014-11-09,240
2014-11-09,240
2014-11-09,240
2014-11-09,240
2014-11-10,245.5
2014-11-10,246
2014-11-10,247
2014-11-10,244
2014-11-11,245
2014-11-11,245
2014-11-11,246
2014-11-11,244
2014-11-12,245
2014-11-12,245
2014-11-12,246
2014-11-12,244
2014-11-13,241.5
2014-11-13,242
2014-11-13,243
2014-11-13,240
2014-11-14,241.5
2014-11-14,242
2014-11-14,242
2014-11-14,241
2014-11-15,240
2014-11-15,240
2014-11-15,240
2014-11-15,240
2014-11-16,237.5
2014-11-16,238
2014-11-16,238
2014-11-16,237
2014-11-17,234
2014-11-17,234
2014-11-17,234
2014-11-17,234
2014-11-18,234.5
2014-11-18,235
2014-11-18,235
2014-11-18,234
2014-11-19,235.5
2014-11-19,236
2014-11-19,234
2014-11-19,237
2014-11-20,238.5
2014-11-20,238
2014-11-20,238
2014-11-20,239
2014-11-21,241
2014-11-21,241
2014-11-21,240
2014-11-21,242
2014-11-22,245
2014-11-22,245
2014-11-22,244
2014-11-22,246
2014-11-23,248
2014-11-23,248
2014-11-23,247
2014-11-23,249
2014-11-24,250.5
2014-11-24,250
2014-11-24,251
2014-11-24,250
2014-11-25,254
2014-11-25,254
2014-11-25,254
2014-11-25,254
2014-11-26,258
2014-11-26,258
2014-11-26,257
2014-11-26,259
2014-11-27,259
2014-11-27,259
2014-11-27,259
2014-11-27,259
2014-11-28,262
2014-11-28,262
2014-11-28,262
2014-11-28,262
2014-11-29,264
2014-11-29,264
2014-11-29,264
2014-11-29,264
2014-11-30,265
2014-11-30,265
2014-11-30,266
2014-11-30,264
2014-12-01,264
2014-12-01,264.5
2014-12-01,265
2014-12-01,264
2014-12-02,266
2014-12-02,266
2014-12-02,266
2014-12-02,266
2014-12-03,270
2014-12-03,270
2014-12-03,270
2014-12-03,270
2014-12-04,272
2014-12-04,272.5
2014-12-04,272
2014-12-04,273
2014-12-05,276
2014-12-05,275.5
2014-12-05,275
2014-12-05,276
2014-12-06,280
2014-12-06,279.5
2014-12-06,279
2014-12-06,280
2014-12-07,282
2014-12-07,282.5
2014-12-07,282
2014-12-07,283
2014-12-08,288
2014-12-08,287.5
2014-12-08,287
2014-12-08,288
2014-12-09,290
2014-12-09,290.5
2014-12-09,290
2014-12-09,291
2014-12-10,291
2014-12-10,291
2014-12-10,292
2014-12-10,290
2014-12-11,294
2014-12-11,294
2014-12-11,294
2014-12-11,294
2014-12-12,300
2014-12-12,300.5
2014-12-12,300
2014-12-12,301
2014-12-13,302
2014-12-13,301.5
2014-12-13,301
2014-12-13,302
2014-12-14,303
2014-12-14,303
2014-12-14,304
2014-12-14,302
2014-12-15,305
2014-12-15,305
2014-12-15,305
2014-12-15,305
2014-12-16,307
2014-12-16,307
2014-12-16,307
2014-12-16,307
2014-12-17,310
2014-12-17,310.5
2014-12-17,310
2014-12-17,311
2014-12-18,313
2014-12-18,313
2014-12-18,314
2014-12-18,312
2014-12-19,313
2014-12-19,313
2014-12-19,313
2014-12-19,313
2014-12-20,318
2014-12-20,317.5
2014-12-20,317
2014-12-20,318
2014-12-21,322
2014-12-21,321.5
2014-12-21,320
2014-12-21,323
2014-12-22,327
2014-12-22,327
2014-12-22,326
2014-12-22,328
2014-12-23,332
2014-12-23,331.5
2014-12-23,331
2014-12-23,332
2014-12-24,336
2014-12-24,336
2014-12-24,336
2014-12-24,336
2014-12-25,339
2014-12-25,339
2014-12-25,338
2014-12-25,340
2014-12-26,342
2014-12-26,342.5
2014-12-26,343
2014-12-26,342
2014-12-27,345
2014-12-27,345
2014-12-27,346
2014-12-27,344
2014-12-28,347
2014-12-28,347
2014-12-28,347
2014-12-28,347
2014-12-29,348
2014-12-29,348.5
2014-12-29,349
2014-12-29,348
2014-12-30,350
2014-12-30,350
2014-12-30,350
2014-12-30,350
2014-12-31,352
2014-12-31,351.5
2014-12-31,351
2014-12-31,352
2015-01-01,354.5
2015-01-01,355
2015-01-01,354
2015-01-01,355
2015-01-02,355.5
2015-01-02,356
2015-01-02,355
2015-01-02,356
2015-01-03,357.5
2015-01-03,358
2015-01-03,355
2015-01-03,360
2015-01-04,360
2015-01-04,360
2015-01-04,360
2015-01-04,360
2015-01-05,365
2015-01-05,365
2015-01-05,364
2015-01-05,366
2015-01-06,367.5
2015-01-06,368
2015-01-06,367
2015-01-06,368
2015-01-07,369
2015-01-07,369
2015-01-07,370
2015-01-07,368
2015-01-08,372
2015-01-08,372
2015-01-08,372
2015-01-08,372
2015-01-09,374
2015-01-09,374
2015-01-09,374
2015-01-09,374
2015-01-10,378.5
2015-01-10,379
2015-01-10,378
2015-01-10,379
2015-01-11,383
2015-01-11,383
2015-01-11,383
2015-01-11,383
2015-01-12,385
2015-01-12,385
2015-01-12,385
2015-01-12,385
2015-01-13,386
2015-01-13,386
2015-01-13,386
2015-01-13,386
2015-01-14,388
2015-01-14,388
2015-01-14,387
2015-01-14,389
2015-01-15,389
2015-01-15,389
2015-01-15,389
2015-01-15,389
2015-01-16,390
2015-01-16,390
2015-01-16,390
2015-01-16,390
2015-01-17,391
2015-01-17,391
2015-01-17,390
2015-01-17,392
2015-01-18,393.5
2015-01-18,394
2015-01-18,393
2015-01-18,394
2015-01-19,398.5
2015-01-19,399
2015-01-19,396
2015-01-19,401
2015-01-20,407
2015-01-20,407
2015-01-20,406
2015-01-20,408
2015-01-21,411.5
2015-01-21,412
2015-01-21,411
2015-01-21,412
2015-01-22,417.5
2015-01-22,418
2015-01-22,417
2015-01-22,418
2015-01-23,422.5
2015-01-23,423
2015-01-23,422
2015-01-23,423
2015-01-24,431.5
2015-01-24,432
2015-01-24,431
2015-01-24,432
2015-01-25,437
2015-01-25,437
2015-01-25,436
2015-01-25,438
2015-01-26,443
2015-01-26,443
2015-01-26,442
2015-01-26,444
2015-01-27,448
2015-01-27,448
2015-01-27,448
2015-01-27,448
2015-01-28,451.5
2015-01-28,452
2015-01-28,451
2015-01-28,452
2015-01-29,456.5
2015-01-29,457
2015-01-29,455
2015-01-29,458
2015-01-30,459
2015-01-30,459
2015-01-30,460
2015-01-30,458
2015-01-31,463.5
2015-01-31,464
2015-01-31,463
2015-01-31,464
2015-02-01,468.5
2015-02-01,469
2015-02-01,468
2015-02-01,469
2015-02-02,474.5
2015-02-02,475
2015-02-02,472
2015-02-02,477
2015-02-03,482
2015-02-03,482
2015-02-03,481
2015-02-03,483
2015-02-04,486.5
2015-02-04,487
2015-02-04,486
2015-02-04,487
2015-02-05,491
2015-02-05,491
2015-02-05,490
2015-02-05,492
2015-02-06,496.5
2015-02-06,497
2015-02-06,495
2015-02-06,498
2015-02-07,502.5
2015-02-07,503
2015-02-07,502
2015-02-07,503
2015-02-08,505.5
2015-02-08,506
2015-02-08,505
2015-02-08,506
2015-02-09,510
2015-02-09,510
2015-02-09,510
2015-02-09,510
2015-02-10,515.5
2015-02-10,516
2015-02-10,515
2015-02-10,516
2015-02-11,518
2015-02-11,518
2015-02-11,518
2015-02-11,518
2015-02-12,520.5
2015-02-12,521
2015-02-12,520
2015-02-12,521
2015-02-13,523
2015-02-13,523
2015-02-13,523
2015-02-13,523
2015-02-14,526.5
2015-02-14,527
2015-02-14,525
2015-02-14,528
2015-02-15,529.5
2015-02-15,530
2015-02-15,529
2015-02-15,530
2015-02-16,530
2015-02-16,530
2015-02-16,530
2015-02-16,530
2015-02-17,533
2015-02-17,533
2015-02-17,532
2015-02-17,534
2015-02-18,538
2015-02-18,538
2015-02-18,537
2015-02-18,539
2015-02-19,542
2015-02-19,542
2015-02-19,541
2015-02-19,543
2015-02-20,546.5
2015-02-20,547
2015-02-20,546
2015-02-20,547
2015-02-21,552.5
2015-02-21,553
2015-02-21,551
2015-02-21,554
2015-02-22,559.5
2015-02-22,560
2015-02-22,557
2015-02-22,562
2015-02-23,569
2015-02-23,569
2015-02-23,568
2015-02-23,570
2015-02-24,573
2015-02-24,573
2015-02-24,573
2015-02-24,573
2015-02-25,577.5
2015-02-25,578
2015-02-25,577
2015-02-25,578
2015-02-26,582
2015-02-26,582
2015-02-26,581
2015-02-26,583
2015-02-27,587.5
2015-02-27,588
2015-02-27,587
2015-02-27,588
2015-02-28,591
2015-02-28,591
2015-02-28,591
2015-02-28,591
2015-03-01,594.5
2015-03-01,595
2015-03-01,594
2015-03-01,595
2015-03-02,596.5
2015-03-02,597
2015-03-02,596
2015-03-02,597
2015-03-03,600.5
2015-03-03,601
2015-03-03,600
2015-03-03,601
2015-03-04,605.5
2015-03-04,606
2015-03-04,605
2015-03-04,606
2015-03-05,609.5
2015-03-05,610
2015-03-05,609
2015-03-05,610
2015-03-06,614.5
2015-03-06,615
2015-03-06,613
2015-03-06,616
2015-03-07,620.5
2015-03-07,621
2015-03-07,619
2015-03-07,622
2015-03-08,624
2015-03-08,624
2015-03-08,623
2015-03-08,625
2015-03-09,626
2015-03-09,626
2015-03-09,626
2015-03-09,626
2015-03-10,629
2015-03-10,629
2015-03-10,629
2015-03-10,629
2015-03-11,632.5
2015-03-11,633
2015-03-11,632
2015-03-11,633
2015-03-12,636
2015-03-12,636
2015-03-12,635
2015-03-12,637
2015-03-13,639
2015-03-13,639
2015-03-13,638
2015-03-13,640
2015-03-14,645
2015-03-14,645
2015-03-14,644
2015-03-14,646
2015-03-15,650
2015-03-15,650
2015-03-15,649
2015-03-15,651
2015-03-16,652
2015-03-16,652
2015-03-16,652
2015-03-16,652
2015-03-17,657
2015-03-17,657
2015-03-17,656
2015-03-17,658
2015-03-18,660
2015-03-18,660
2015-03-18,659
2015-03-18,661
2015-03-19,664
2015-03-19,664
2015-03-19,663
2015-03-19,665
2015-03-20,669
2015-03-20,672
2015-03-20,669
2015-03-20,669
2015-03-21,669
2015-03-21,680
2015-03-21,669
2015-03-21,669
2015-03-22,700
2015-03-22,687
2015-03-22,700
2015-03-22,700
2015-03-23,700
2015-03-23,695
2015-03-23,700
2015-03-23,700
2015-03-24,702.5
2015-03-24,703
2015-03-24,700
2015-03-24,705
2015-03-25,710
2015-03-25,710
2015-03-25,708
2015-03-25,712
2015-03-26,714
2015-03-26,714
2015-03-26,714
2015-03-26,714
2015-03-27,716
2015-03-27,716
2015-03-27,715
2015-03-27,717
2015-03-28,718.5
2015-03-28,719
2015-03-28,718
2015-03-28,719
2015-03-29,719.5
2015-03-29,720
2015-03-29,719
2015-03-29,720
2015-03-30,720
2015-03-30,720
2015-03-30,720
2015-03-30,720
2015-03-31,724.5
2015-03-31,725
2015-03-31,724
2015-03-31,725
2015-04-01,737.5
2015-04-01,738
2015-04-01,735
2015-04-01,740
2015-04-02,743
2015-04-02,743
2015-04-02,742
2015-04-02,744
2015-04-03,747
2015-04-03,747
2015-04-03,746
2015-04-03,748
2015-04-04,751
2015-04-04,751
2015-04-04,750
2015-04-04,752
2015-04-05,757
2015-04-05,757
2015-04-05,755
2015-04-05,759
2015-04-06,760
2015-04-06,760
2015-04-06,760
2015-04-06,760
2015-04-07,765
2015-04-07,765
2015-04-07,765
2015-04-07,765
2015-04-08,765
2015-04-08,765
2015-04-08,765
2015-04-08,765
2015-04-09,765
2015-04-09,765
2015-04-09,765
2015-04-09,765
2015-04-10,765
2015-04-10,765
2015-04-10,765
2015-04-10,765
2015-04-11,771
2015-04-11,771
2015-04-11,771
2015-04-11,771
2015-04-12,771
2015-04-12,771
2015-04-12,771
2015-04-12,771
2015-04-13,777
2015-04-13,777
2015-04-13,777
2015-04-13,777
2015-04-14,781
2015-04-14,781
2015-04-14,780
2015-04-14,782
2015-04-15,785
2015-04-15,785
2015-04-15,784
2015-04-15,786
2015-04-16,788.5
2015-04-16,789
2015-04-16,788
2015-04-16,789
2015-04-17,791
2015-04-17,791
2015-04-17,790
2015-04-17,792
2015-04-18,799.5
2015-04-18,800
2015-04-18,799
2015-04-18,800
2015-04-19,802.5
2015-04-19,803
2015-04-19,802
2015-04-19,803
2015-04-20,805.5
2015-04-20,806
2015-04-20,805
2015-04-20,806
2015-04-21,808.5
2015-04-21,809
2015-04-21,808
2015-04-21,809
2015-04-22,811.5
2015-04-22,812
2015-04-22,811
2015-04-22,812
2015-04-23,813
2015-04-23,813
2015-04-23,813
2015-04-23,813
2015-04-24,814
2015-04-24,814
2015-04-24,814
2015-04-24,814
2015-04-25,817.5
2015-04-25,818
2015-04-25,817
2015-04-25,818
2015-04-26,820
2015-04-26,820
2015-04-26,820
2015-04-26,820
2015-04-27,823
2015-04-27,823
2015-04-27,823
2015-04-27,823
2015-04-28,825
2015-04-28,825
2015-04-28,825
2015-04-28,825
2015-04-29,827.5
2015-04-29,828
2015-04-29,827
2015-04-29,828
2015-04-30,831
2015-04-30,831
2015-04-30,831
2015-04-30,831
2015-05-01,833
2015-05-01,833
2015-05-01,833
2015-05-01,833
2015-05-02,834
2015-05-02,834
2015-05-02,833
2015-05-02,835
2015-05-03,838.5
2015-05-03,839
2015-05-03,838
2015-05-03,839
2015-05-04,840
2015-05-04,840
2015-05-04,840
2015-05-04,840
2015-05-05,842.5
2015-05-05,843
2015-05-05,842
2015-05-05,843
2015-05-06,845
2015-05-06,845
2015-05-06,844
2015-05-06,846
2015-05-07,853.5
2015-05-07,854
2015-05-07,851
2015-05-07,856
2015-05-08,854
2015-05-08,854
2015-05-08,854
2015-05-08,854
2015-05-09,859.5
2015-05-09,860
2015-05-09,858
2015-05-09,861
2015-05-10,863.5
2015-05-10,864
2015-05-10,862
2015-05-10,865
2015-05-11,870
2015-05-11,870
2015-05-11,870
2015-05-11,870
2015-05-12,872
2015-05-12,872
2015-05-12,872
2015-05-12,872
2015-05-13,874
2015-05-13,874
2015-05-13,874
2015-05-13,874
2015-05-14,874
2015-05-14,874
2015-05-14,874
2015-05-14,874
2015-05-15,874.5
2015-05-15,875
2015-05-15,874
2015-05-15,875
2015-05-16,876.5
2015-05-16,877
2015-05-16,875
2015-05-16,878
2015-05-17,877.5
2015-05-17,878
2015-05-17,877
2015-05-17,878
2015-05-18,878.5
2015-05-18,879
2015-05-18,878
2015-05-18,879
2015-05-19,879.5
2015-05-19,880
2015-05-19,879
2015-05-19,880
2015-05-20,881.5
2015-05-20,882
2015-05-20,881
2015-05-20,882
2015-05-21,883
2015-05-21,883
2015-05-21,883
2015-05-21,883
2015-05-22,884
2015-05-22,884
2015-05-22,884
2015-05-22,884
2015-05-23,886.5
2015-05-23,887
2015-05-23,886
2015-05-23,887
2015-05-24,888
2015-05-24,888
2015-05-24,888
2015-05-24,888
2015-05-25,890
2015-05-25,890
2015-05-25,890
2015-05-25,890
2015-05-26,891
2015-05-26,891
2015-05-26,891
2015-05-26,891
2015-05-27,892
2015-05-27,892
2015-05-27,892
2015-05-27,892
2015-05-28,892
2015-05-28,892
2015-05-28,892
2015-05-28,892
2015-05-29,893
2015-05-29,893
2015-05-29,893
2015-05-29,893
2015-05-30,893
2015-05-30,893
2015-05-30,893
2015-05-30,893
2015-05-31,891.5
2015-05-31,892
2015-05-31,892
2015-05-31,891
2015-06-01,890
2015-06-01,889.5
2015-06-01,890
2015-06-01,889
2015-06-02,889
2015-06-02,888.5
2015-06-02,889
2015-06-02,888
2015-06-03,887
2015-06-03,887
2015-06-03,887
2015-06-03,887
2015-06-04,886
2015-06-04,886
2015-06-04,886
2015-06-04,886
2015-06-05,885
2015-06-05,885
2015-06-05,885
2015-06-05,885
2015-06-06,884
2015-06-06,884
2015-06-06,884
2015-06-06,884
2015-06-07,884
2015-06-07,884
2015-06-07,884
2015-06-07,884
2015-06-08,885
2015-06-08,885
2015-06-08,885
2015-06-08,885
2015-06-09,885
2015-06-09,885
2015-06-09,885
2015-06-09,885
2015-06-10,885
2015-06-10,885
2015-06-10,885
2015-06-10,885
2015-06-11,886
2015-06-11,886
2015-06-11,886
2015-06-11,886
2015-06-12,887
2015-06-12,887
2015-06-12,887
2015-06-12,887
2015-06-13,888
2015-06-13,887.5
2015-06-13,887
2015-06-13,888
2015-06-14,888
2015-06-14,887.5
2015-06-14,887
2015-06-14,888
2015-06-15,888
2015-06-15,888
2015-06-15,888
2015-06-15,888
2015-06-16,889
2015-06-16,889
2015-06-16,889
2015-06-16,889
2015-06-17,889
2015-06-17,889
2015-06-17,889
2015-06-17,889
2015-06-18,888
2015-06-18,888
2015-06-18,888
2015-06-18,888
2015-06-19,888
2015-06-19,888
2015-06-19,888
2015-06-19,888
2015-06-20,887
2015-06-20,886.5
2015-06-20,887
2015-06-20,886
2015-06-21,885
2015-06-21,885
2015-06-21,886
2015-06-21,884
2015-06-22,884
2015-06-22,884
2015-06-22,884
2015-06-22,884
2015-06-23,883
2015-06-23,882.5
2015-06-23,883
2015-06-23,882
2015-06-24,882
2015-06-24,881.5
2015-06-24,882
2015-06-24,881
2015-06-25,880
2015-06-25,879.5
2015-06-25,880
2015-06-25,879
2015-06-26,878
2015-06-26,878
2015-06-26,878
2015-06-26,878
2015-06-27,877
2015-06-27,876.5
2015-06-27,877
2015-06-27,876
2015-06-28,875
2015-06-28,875
2015-06-28,876
2015-06-28,874
2015-06-29,873
2015-06-29,872.5
2015-06-29,873
2015-06-29,872
2015-06-30,871
2015-06-30,870.5
2015-06-30,871
2015-06-30,870
2015-07-01,867.5
2015-07-01,868
2015-07-01,868
2015-07-01,867
2015-07-02,866
2015-07-02,866
2015-07-02,866
2015-07-02,866
2015-07-03,865
2015-07-03,865
2015-07-03,865
2015-07-03,865
2015-07-04,864
2015-07-04,864
2015-07-04,864
2015-07-04,864
2015-07-05,864
2015-07-05,864
2015-07-05,864
2015-07-05,864
2015-07-06,862.5
2015-07-06,863
2015-07-06,863
2015-07-06,862
2015-07-07,860
2015-07-07,860
2015-07-07,860
2015-07-07,860
2015-07-08,859
2015-07-08,859
2015-07-08,859
2015-07-08,859
2015-07-09,857
2015-07-09,857
2015-07-09,858
2015-07-09,856
2015-07-10,855.5
2015-07-10,856
2015-07-10,856
2015-07-10,855
2015-07-11,854.5
2015-07-11,855
2015-07-11,855
2015-07-11,854
2015-07-12,853
2015-07-12,853
2015-07-12,853
2015-07-12,853
2015-07-13,851.5
2015-07-13,852
2015-07-13,852
2015-07-13,851
2015-07-14,849.5
2015-07-14,850
2015-07-14,850
2015-07-14,849
2015-07-15,847
2015-07-15,847
2015-07-15,848
2015-07-15,846
2015-07-16,843
2015-07-16,843
2015-07-16,844
2015-07-16,842
2015-07-17,839
2015-07-17,839
2015-07-17,840
2015-07-17,838
2015-07-18,838
2015-07-18,838
2015-07-18,838
2015-07-18,838
2015-07-19,837
2015-07-19,837
2015-07-19,837
2015-07-19,837
2015-07-20,836
2015-07-20,836
2015-07-20,836
2015-07-20,836
2015-07-21,834
2015-07-21,834
2015-07-21,834
2015-07-21,834
2015-07-22,832.5
2015-07-22,833
2015-07-22,833
2015-07-22,832
2015-07-23,832
2015-07-23,832
2015-07-23,832
2015-07-23,832
2015-07-24,830
2015-07-24,830
2015-07-24,830
2015-07-24,830
2015-07-25,828
2015-07-25,828
2015-07-25,828
2015-07-25,828
2015-07-26,826
2015-07-26,826
2015-07-26,826
2015-07-26,826
2015-07-27,823
2015-07-27,823
2015-07-27,824
2015-07-27,822
2015-07-28,821.5
2015-07-28,822
2015-07-28,822
2015-07-28,821
2015-07-29,820
2015-07-29,820
2015-07-29,820
2015-07-29,820
2015-07-30,818
2015-07-30,818
2015-07-30,818
2015-07-30,818
2015-07-31,817
2015-07-31,817
2015-07-31,817
2015-07-31,817
2015-08-01,815.5
2015-08-01,816
2015-08-01,816
2015-08-01,815
2015-08-02,813
2015-08-02,813
2015-08-02,814
2015-08-02,812
2015-08-03,807
2015-08-03,807
2015-08-03,808
2015-08-03,806
2015-08-04,805
2015-08-04,805
2015-08-04,806
2015-08-04,804
2015-08-05,802
2015-08-05,802
2015-08-05,803
2015-08-05,801
2015-08-06,800
2015-08-06,800
2015-08-06,800
2015-08-06,800
2015-08-07,797.5
2015-08-07,798
2015-08-07,798
2015-08-07,797
2015-08-08,794.5
2015-08-08,795
2015-08-08,795
2015-08-08,794
2015-08-09,790.5
2015-08-09,791
2015-08-09,792
2015-08-09,789
2015-08-10,787
2015-08-10,787
2015-08-10,787
2015-08-10,787
2015-08-11,781.5
2015-08-11,782
2015-08-11,783
2015-08-11,780
2015-08-12,776.5
2015-08-12,777
2015-08-12,778
2015-08-12,775
2015-08-13,771.5
2015-08-13,772
2015-08-13,773
2015-08-13,770
2015-08-14,767.5
2015-08-14,768
2015-08-14,769
2015-08-14,766
2015-08-15,762.5
2015-08-15,763
2015-08-15,764
2015-08-15,761
2015-08-16,758.5
2015-08-16,759
2015-08-16,760
2015-08-16,757
2015-08-17,753.5
2015-08-17,754
2015-08-17,755
2015-08-17,752
2015-08-18,750.5
2015-08-18,751
2015-08-18,751
2015-08-18,750
2015-08-19,746
2015-08-19,746
2015-08-19,748
2015-08-19,744
2015-08-20,741.5
2015-08-20,742
2015-08-20,743
2015-08-20,740
2015-08-21,736.5
2015-08-21,737
2015-08-21,738
2015-08-21,735
2015-08-22,731.5
2015-08-22,732
2015-08-22,733
2015-08-22,730
2015-08-23,727.5
2015-08-23,728
2015-08-23,729
2015-08-23,726
2015-08-24,723.5
2015-08-24,724
2015-08-24,725
2015-08-24,722
2015-08-25,717
2015-08-25,717
2015-08-25,720
2015-08-25,714
2015-08-26,713
2015-08-26,713
2015-08-26,715
2015-08-26,711
2015-08-27,707
2015-08-27,707
2015-08-27,709
2015-08-27,705
2015-08-28,702
2015-08-28,702
2015-08-28,704
2015-08-28,700
2015-08-29,697
2015-08-29,697
2015-08-29,699
2015-08-29,695
2015-08-30,692
2015-08-30,692
2015-08-30,693
2015-08-30,691
2015-08-31,688
2015-08-31,688
2015-08-31,690
2015-08-31,686
2015-09-01,684
2015-09-01,684
2015-09-01,685
2015-09-01,683
2015-09-02,680
2015-09-02,680
2015-09-02,681
2015-09-02,679
2015-09-03,675
2015-09-03,675
2015-09-03,676
2015-09-03,674
2015-09-04,669.5
2015-09-04,670
2015-09-04,670
2015-09-04,669
2015-09-05,666.5
2015-09-05,667
2015-09-05,668
2015-09-05,665
2015-09-06,661.5
2015-09-06,662
2015-09-06,664
2015-09-06,659
2015-09-07,655
2015-09-07,655
2015-09-07,657
2015-09-07,653
2015-09-08,648.5
2015-09-08,649
2015-09-08,651
2015-09-08,646
2015-09-09,642
2015-09-09,642
2015-09-09,644
2015-09-09,640
2015-09-10,636
2015-09-10,636
2015-09-10,638
2015-09-10,634
2015-09-11,629
2015-09-11,629
2015-09-11,632
2015-09-11,626
2015-09-12,621
2015-09-12,621
2015-09-12,624
2015-09-12,618
2015-09-13,611
2015-09-13,611
2015-09-13,614
2015-09-13,608
2015-09-14,605
2015-09-14,605
2015-09-14,606
2015-09-14,604
2015-09-15,603
2015-09-15,603
2015-09-15,603
2015-09-15,603
2015-09-16,598
2015-09-16,598
2015-09-16,600
2015-09-16,596
2015-09-17,593.5
2015-09-17,594
2015-09-17,597
2015-09-17,590
2015-09-18,586
2015-09-18,586
2015-09-18,588
2015-09-18,584
2015-09-19,578
2015-09-19,578
2015-09-19,580
2015-09-19,576
2015-09-20,571.5
2015-09-20,572
2015-09-20,573
2015-09-20,570
2015-09-21,564.5
2015-09-21,565
2015-09-21,567
2015-09-21,562
2015-09-22,556.5
2015-09-22,557
2015-09-22,559
2015-09-22,554
2015-09-23,547.5
2015-09-23,548
2015-09-23,551
2015-09-23,544
2015-09-24,539
2015-09-24,539
2015-09-24,542
2015-09-24,536
2015-09-25,530.5
2015-09-25,531
2015-09-25,533
2015-09-25,528
2015-09-26,521
2015-09-26,521
2015-09-26,524
2015-09-26,518
2015-09-27,514
2015-09-27,514
2015-09-27,516
2015-09-27,512
2015-09-28,507
2015-09-28,507
2015-09-28,509
2015-09-28,505
2015-09-29,499
2015-09-29,499
2015-09-29,501
2015-09-29,497
2015-09-30,492
2015-09-30,492
2015-09-30,494
2015-09-30,490
2015-10-01,483
2015-10-01,482.5
2015-10-01,485
2015-10-01,480
2015-10-02,474
2015-10-02,473.5
2015-10-02,476
2015-10-02,471
2015-10-03,462
2015-10-03,462
2015-10-03,466
2015-10-03,458
2015-10-04,451
2015-10-04,451
2015-10-04,454
2015-10-04,448
2015-10-05,443
2015-10-05,442.5
2015-10-05,445
2015-10-05,440
2015-10-06,426
2015-10-06,426
2015-10-06,432
2015-10-06,420
2015-10-07,407
2015-10-07,406.5
2015-10-07,413
2015-10-07,400
2015-10-08,392
2015-10-08,391.5
2015-10-08,396
2015-10-08,387
2015-10-09,374
2015-10-09,374
2015-10-09,378
2015-10-09,370
2015-10-10,355
2015-10-10,355
2015-10-10,360
2015-10-10,350
2015-10-11,339
2015-10-11,339
2015-10-11,344
2015-10-11,334
2015-10-12,322
2015-10-12,322
2015-10-12,326
2015-10-12,318
2015-10-13,307
2015-10-13,307
2015-10-13,312
2015-10-13,302
2015-10-14,290
2015-10-14,289.5
2015-10-14,295
2015-10-14,284
2015-10-15,271
2015-10-15,271
2015-10-15,277
2015-10-15,265
2015-10-16,253
2015-10-16,252.5
2015-10-16,258
2015-10-16,247
2015-10-17,233
2015-10-17,232.5
2015-10-17,239
2015-10-17,226
2015-10-18,211
2015-10-18,211
2015-10-18,216
2015-10-18,206
2015-10-19,191
2015-10-19,191
2015-10-19,196
2015-10-19,186
2015-10-20,171
2015-10-20,171
2015-10-20,176
2015-10-20,166
2015-10-21,151
2015-10-21,151
2015-10-21,156
2015-10-21,146
2015-10-22,132
2015-10-22,132
2015-10-22,136
2015-10-22,128
2015-10-23,117
2015-10-23,116.5
2015-10-23,119
2015-10-23,114
2015-10-24,104
2015-10-24,103.5
2015-10-24,109
2015-10-24,98
2015-10-25,93
2015-10-25,93
2015-10-25,94
2015-10-25,92
2015-10-26,86
2015-10-26,85.5
2015-10-26,87
2015-10-26,84
2015-10-27,81
2015-10-27,81
2015-10-27,82
2015-10-27,80
2015-10-28,78
2015-10-28,78
2015-10-28,79
2015-10-28,77
2015-10-29,77
2015-10-29,76.5
2015-10-29,78
2015-10-29,75
2015-10-30,74
2015-10-30,74
2015-10-30,76
2015-10-30,72
2015-10-31,67
2015-10-31,66.5
2015-10-31,71
2015-10-31,62
2015-11-01,63
2015-11-01,63
2015-11-01,68
2015-11-01,58
2015-11-02,58.5
2015-11-02,59
2015-11-02,59
2015-11-02,58
2015-11-03,53
2015-11-03,53
2015-11-03,55
2015-11-03,51
2015-11-04,51
2015-11-04,51
2015-11-04,52
2015-11-04,50
2015-11-05,47.5
2015-11-05,48
2015-11-05,47
2015-11-05,48
2015-11-06,48
2015-11-06,48
2015-11-06,48
2015-11-06,48
2015-11-07,44
2015-11-07,44
2015-11-07,46
2015-11-07,42
2015-11-08,45
2015-11-08,45
2015-11-08,44
2015-11-08,46
2015-11-09,49.5
2015-11-09,50
2015-11-09,48
2015-11-09,51
2015-11-10,50
2015-11-10,50
2015-11-10,44
2015-11-10,56
2015-11-11,59
2015-11-11,59
2015-11-11,58
2015-11-11,60
2015-11-12,60.5
2015-11-12,61
2015-11-12,61
2015-11-12,60
2015-11-13,62
2015-11-13,62
2015-11-13,62
2015-11-13,62
2015-11-14,62
2015-11-14,62
2015-11-14,64
2015-11-14,60
2015-11-15,62.5
2015-11-15,63
2015-11-15,63
2015-11-15,62
2015-11-16,62
2015-11-16,62
2015-11-16,65
2015-11-16,59
2015-11-17,58
2015-11-17,58
2015-11-17,60
2015-11-17,56
2015-11-18,57
2015-11-18,57
2015-11-18,58
2015-11-18,56
2015-11-19,55
2015-11-19,55
2015-11-19,56
2015-11-19,54
2015-11-20,53
2015-11-20,53
2015-11-20,54
2015-11-20,52
2015-11-21,51
2015-11-21,51
2015-11-21,52
2015-11-21,50
2015-11-22,50
2015-11-22,50
2015-11-22,50
2015-11-22,50
2015-11-23,53
2015-11-23,53
2015-11-23,54
2015-11-23,52
2015-11-24,57
2015-11-24,57
2015-11-24,56
2015-11-24,58
2015-11-25,63
2015-11-25,63
2015-11-25,62
2015-11-25,64
2015-11-26,63.5
2015-11-26,64
2015-11-26,63
2015-11-26,64
2015-11-27,72
2015-11-27,72
2015-11-27,70
2015-11-27,74
2015-11-28,76
2015-11-28,76
2015-11-28,78
2015-11-28,74
2015-11-29,75
2015-11-29,75
2015-11-29,77
2015-11-29,73
2015-11-30,73.5
2015-11-30,74
2015-11-30,77
2015-11-30,70
2015-12-01,71.5
2015-12-01,72
2015-12-01,73
2015-12-01,70
2015-12-02,71.5
2015-12-02,72
2015-12-02,73
2015-12-02,70
2015-12-03,69
2015-12-03,69
2015-12-03,70
2015-12-03,68
2015-12-04,67
2015-12-04,67
2015-12-04,68
2015-12-04,66
2015-12-05,65.5
2015-12-05,66
2015-12-05,66
2015-12-05,65
2015-12-06,66
2015-12-06,66
2015-12-06,66
2015-12-06,66
2015-12-07,67.5
2015-12-07,68
2015-12-07,67
2015-12-07,68
2015-12-08,69.5
2015-12-08,70
2015-12-08,69
2015-12-08,70
2015-12-09,75
2015-12-09,75
2015-12-09,76
2015-12-09,74
2015-12-10,77
2015-12-10,77
2015-12-10,76
2015-12-10,78
2015-12-11,80
2015-12-11,80
2015-12-11,80
2015-12-11,80
2015-12-12,83
2015-12-12,83
2015-12-12,82
2015-12-12,84
2015-12-13,85.5
2015-12-13,86
2015-12-13,85
2015-12-13,86
2015-12-14,92
2015-12-14,92
2015-12-14,91
2015-12-14,93
2015-12-15,92.5
2015-12-15,93
2015-12-15,91
2015-12-15,94
2015-12-16,94.5
2015-12-16,95
2015-12-16,96
2015-12-16,93
2015-12-17,90
2015-12-17,90
2015-12-17,92
2015-12-17,88
2015-12-18,87.5
2015-12-18,88
2015-12-18,89
2015-12-18,86
2015-12-19,91.5
2015-12-19,92
2015-12-19,92
2015-12-19,91
2015-12-20,92.5
2015-12-20,93
2015-12-20,93
2015-12-20,92
2015-12-21,92.5
2015-12-21,93
2015-12-21,93
2015-12-21,92
2015-12-22,93
2015-12-22,93
2015-12-22,93
2015-12-22,93
2015-12-23,97
2015-12-23,97
2015-12-23,96
2015-12-23,98
2015-12-24,101
2015-12-24,101
2015-12-24,100
2015-12-24,102
2015-12-25,102.5
2015-12-25,103
2015-12-25,100
2015-12-25,105
2015-12-26,106
2015-12-26,106
2015-12-26,106
2015-12-26,106
2015-12-27,106
2015-12-27,106
2015-12-27,108
2015-12-27,104
2015-12-28,105
2015-12-28,105
2015-12-28,107
2015-12-28,103
2015-12-29,106.5
2015-12-29,107
2015-12-29,107
2015-12-29,106
2015-12-30,106.5
2015-12-30,107
2015-12-30,107
2015-12-30,106
2015-12-31,106.5
2015-12-31,107
2015-12-31,107
2015-12-31,106
2016-01-01,106.5
2016-01-01,107
2016-01-01,109
2016-01-01,104
2016-01-02,105
2016-01-02,105
2016-01-02,106
2016-01-02,104
2016-01-03,104.5
2016-01-03,105
2016-01-03,105
2016-01-03,104
2016-01-04,106
2016-01-04,106
2016-01-04,105
2016-01-04,107
2016-01-05,109
2016-01-05,109
2016-01-05,108
2016-01-05,110
2016-01-06,115.5
2016-01-06,116
2016-01-06,115
2016-01-06,116
2016-01-07,121.5
2016-01-07,122
2016-01-07,121
2016-01-07,122
2016-01-08,127.5
2016-01-08,128
2016-01-08,126
2016-01-08,129
2016-01-09,134.5
2016-01-09,135
2016-01-09,133
2016-01-09,136
2016-01-10,141.5
2016-01-10,142
2016-01-10,139
2016-01-10,144
2016-01-11,150
2016-01-11,150
2016-01-11,149
2016-01-11,151
2016-01-12,159
2016-01-12,159
2016-01-12,156
2016-01-12,162
2016-01-13,167
2016-01-13,167
2016-01-13,165
2016-01-13,169
2016-01-14,177.5
2016-01-14,178
2016-01-14,178
2016-01-14,177
2016-01-15,179
2016-01-15,179
2016-01-15,178
2016-01-15,180
2016-01-16,186
2016-01-16,186
2016-01-16,186
2016-01-16,186
2016-01-17,190
2016-01-17,190
2016-01-17,189
2016-01-17,191
2016-01-18,194
2016-01-18,194
2016-01-18,193
2016-01-18,195
2016-01-19,200
2016-01-19,200
2016-01-19,199
2016-01-19,201
2016-01-20,204.5
2016-01-20,205
2016-01-20,203
2016-01-20,206
2016-01-21,212
2016-01-21,212
2016-01-21,211
2016-01-21,213
2016-01-22,217.5
2016-01-22,218
2016-01-22,217
2016-01-22,218
2016-01-23,224.5
2016-01-23,225
2016-01-23,223
2016-01-23,226
2016-01-24,231
2016-01-24,231
2016-01-24,230
2016-01-24,232
2016-01-25,235.5
2016-01-25,236
2016-01-25,235
2016-01-25,236
2016-01-26,241.5
2016-01-26,242
2016-01-26,241
2016-01-26,242
2016-01-27,251
2016-01-27,251
2016-01-27,250
2016-01-27,252
2016-01-28,253
2016-01-28,253
2016-01-28,253
2016-01-28,253
2016-01-29,254.5
2016-01-29,255
2016-01-29,254
2016-01-29,255
2016-01-30,254.5
2016-01-30,255
2016-01-30,255
2016-01-30,254
2016-01-31,255
2016-01-31,255
2016-01-31,254
2016-01-31,256
2016-02-01,257
2016-02-01,257
2016-02-01,258
2016-02-01,256
2016-02-02,257
2016-02-02,257
2016-02-02,258
2016-02-02,256
2016-02-03,259
2016-02-03,259
2016-02-03,260
2016-02-03,258
2016-02-04,258
2016-02-04,258
2016-02-04,258
2016-02-04,258
2016-02-05,257
2016-02-05,257
2016-02-05,257
2016-02-05,257
2016-02-06,259.5
2016-02-06,260
2016-02-06,259
2016-02-06,260
2016-02-07,262.5
2016-02-07,263
2016-02-07,262
2016-02-07,263
2016-02-08,265
2016-02-08,265
2016-02-08,265
2016-02-08,265
2016-02-09,268
2016-02-09,268
2016-02-09,267
2016-02-09,269
2016-02-10,275
2016-02-10,275
2016-02-10,275
2016-02-10,275
2016-02-11,279
2016-02-11,279
2016-02-11,278
2016-02-11,280
2016-02-12,282.5
2016-02-12,283
2016-02-12,283
2016-02-12,282
2016-02-13,282.5
2016-02-13,283
2016-02-13,283
2016-02-13,282
2016-02-14,285
2016-02-14,285
2016-02-14,285
2016-02-14,285
2016-02-15,285
2016-02-15,285
2016-02-15,286
2016-02-15,284
2016-02-16,283
2016-02-16,283
2016-02-16,283
2016-02-16,283
2016-02-17,280.5
2016-02-17,281
2016-02-17,282
2016-02-17,279
2016-02-18,280
2016-02-18,280
2016-02-18,281
2016-02-18,279
2016-02-19,278.5
2016-02-19,279
2016-02-19,279
2016-02-19,278
2016-02-20,277.5
2016-02-20,278
2016-02-20,278
2016-02-20,277
2016-02-21,275
2016-02-21,275
2016-02-21,275
2016-02-21,275
2016-02-22,275
2016-02-22,275
2016-02-22,276
2016-02-22,274
2016-02-23,276
2016-02-23,276
2016-02-23,276
2016-02-23,276
2016-02-24,275.5
2016-02-24,276
2016-02-24,274
2016-02-24,277
2016-02-25,278.5
2016-02-25,279
2016-02-25,279
2016-02-25,278
2016-02-26,282.5
2016-02-26,283
2016-02-26,282
2016-02-26,283
2016-02-27,285
2016-02-27,285
2016-02-27,285
2016-02-27,285
2016-02-28,286
2016-02-28,286
2016-02-28,287
2016-02-28,285
2016-02-29,286
2016-02-29,286
2016-02-29,287
2016-02-29,285
2016-03-01,288
2016-03-01,287.5
2016-03-01,287
2016-03-01,288
2016-03-02,290
2016-03-02,290
2016-03-02,291
2016-03-02,289
2016-03-03,291
2016-03-03,290.5
2016-03-03,291
2016-03-03,290
2016-03-04,292
2016-03-04,291.5
2016-03-04,292
2016-03-04,291
2016-03-05,294
2016-03-05,293.5
2016-03-05,294
2016-03-05,293
2016-03-06,300
2016-03-06,299.5
2016-03-06,298
2016-03-06,301
2016-03-07,310
2016-03-07,309.5
2016-03-07,307
2016-03-07,312
2016-03-08,316
2016-03-08,316
2016-03-08,315
2016-03-08,317
2016-03-09,323
2016-03-09,322.5
2016-03-09,321
2016-03-09,324
2016-03-10,332
2016-03-10,332
2016-03-10,330
2016-03-10,334
2016-03-11,341
2016-03-11,340.5
2016-03-11,340
2016-03-11,341
2016-03-12,351
2016-03-12,350.5
2016-03-12,349
2016-03-12,352
2016-03-13,359
2016-03-13,358.5
2016-03-13,357
2016-03-13,360
2016-03-14,368
2016-03-14,368
2016-03-14,367
2016-03-14,369
2016-03-15,377
2016-03-15,376.5
2016-03-15,375
2016-03-15,378
2016-03-16,386
2016-03-16,385.5
2016-03-16,384
2016-03-16,387
2016-03-17,392
2016-03-17,391.5
2016-03-17,391
2016-03-17,392
2016-03-18,397
2016-03-18,397
2016-03-18,396
2016-03-18,398
2016-03-19,404
2016-03-19,403.5
2016-03-19,403
2016-03-19,404
2016-03-20,410
2016-03-20,410
2016-03-20,409
2016-03-20,411
2016-03-21,418
2016-03-21,418
2016-03-21,417
2016-03-21,419
2016-03-22,427
2016-03-22,426.5
2016-03-22,425
2016-03-22,428
2016-03-23,435
2016-03-23,434.5
2016-03-23,433
2016-03-23,436
2016-03-24,444
2016-03-24,444
2016-03-24,443
2016-03-24,445
2016-03-25,451
2016-03-25,451
2016-03-25,449
2016-03-25,453
2016-03-26,460
2016-03-26,459.5
2016-03-26,457
2016-03-26,462
2016-03-27,477
2016-03-27,476.5
2016-03-27,468
2016-03-27,485
2016-03-28,482
2016-03-28,481.5
2016-03-28,478
2016-03-28,485
2016-03-29,489
2016-03-29,489
2016-03-29,488
2016-03-29,490
2016-03-30,500
2016-03-30,499.5
2016-03-30,497
2016-03-30,502
2016-03-31,506
2016-03-31,506
2016-03-31,505
2016-03-31,507
2016-04-01,513
2016-04-01,513
2016-04-01,511
2016-04-01,515
2016-04-02,521
2016-04-02,521
2016-04-02,519
2016-04-02,523
2016-04-03,530
2016-04-03,530
2016-04-03,529
2016-04-03,531
2016-04-04,533.5
2016-04-04,534
2016-04-04,533
2016-04-04,534
2016-04-05,538.5
2016-04-05,539
2016-04-05,537
2016-04-05,540
2016-04-06,543
2016-04-06,543
2016-04-06,542
2016-04-06,544
2016-04-07,548
2016-04-07,548
2016-04-07,547
2016-04-07,549
2016-04-08,553
2016-04-08,553
2016-04-08,552
2016-04-08,554
2016-04-09,556.5
2016-04-09,557
2016-04-09,556
2016-04-09,557
2016-04-10,564
2016-04-10,564
2016-04-10,563
2016-04-10,565
2016-04-11,567.5
2016-04-11,568
2016-04-11,567
2016-04-11,568
2016-04-12,572
2016-04-12,572
2016-04-12,571
2016-04-12,573
2016-04-13,579
2016-04-13,579
2016-04-13,577
2016-04-13,581
2016-04-14,584.5
2016-04-14,585
2016-04-14,584
2016-04-14,585
2016-04-15,585
2016-04-15,585
2016-04-15,585
2016-04-15,585
2016-04-16,585
2016-04-16,585
2016-04-16,585
2016-04-16,585
2016-04-17,585
2016-04-17,585
2016-04-17,585
2016-04-17,585
2016-04-18,587.5
2016-04-18,588
2016-04-18,587
2016-04-18,588
2016-04-19,587
2016-04-19,587
2016-04-19,589
2016-04-19,585
2016-04-20,589
2016-04-20,589
2016-04-20,589
2016-04-20,589
2016-04-21,590
2016-04-21,590
2016-04-21,590
2016-04-21,590
2016-04-22,591.5
2016-04-22,592
2016-04-22,591
2016-04-22,592
2016-04-23,593.5
2016-04-23,594
2016-04-23,593
2016-04-23,594
2016-04-24,595.5
2016-04-24,596
2016-04-24,595
2016-04-24,596
2016-04-25,597.5
2016-04-25,598
2016-04-25,597
2016-04-25,598
2016-04-26,600.5
2016-04-26,601
2016-04-26,600
2016-04-26,601
2016-04-27,603.5
2016-04-27,604
2016-04-27,603
2016-04-27,604
2016-04-28,608
2016-04-28,608
2016-04-28,607
2016-04-28,609
2016-04-29,613
2016-04-29,613
2016-04-29,612
2016-04-29,614
2016-04-30,617
2016-04-30,617
2016-04-30,616
2016-04-30,618
2016-05-01,619.5
2016-05-01,620
2016-05-01,619
2016-05-01,620
2016-05-02,621
2016-05-02,621
2016-05-02,621
2016-05-02,621
2016-05-03,623
2016-05-03,623
2016-05-03,622
2016-05-03,624
2016-05-04,627.5
2016-05-04,628
2016-05-04,627
2016-05-04,628
2016-05-05,629.5
2016-05-05,630
2016-05-05,629
2016-05-05,630
2016-05-06,634
2016-05-06,634
2016-05-06,633
2016-05-06,635
2016-05-07,638
2016-05-07,638
2016-05-07,637
2016-05-07,639
2016-05-08,642
2016-05-08,642
2016-05-08,642
2016-05-08,642
2016-05-09,643
2016-05-09,643
2016-05-09,643
2016-05-09,643
2016-05-10,645
2016-05-10,645
2016-05-10,645
2016-05-10,645
2016-05-11,647
2016-05-11,647
2016-05-11,646
2016-05-11,648
2016-05-12,651
2016-05-12,651
2016-05-12,651
2016-05-12,651
2016-05-13,653
2016-05-13,653
2016-05-13,653
2016-05-13,653
2016-05-14,656
2016-05-14,656
2016-05-14,655
2016-05-14,657
2016-05-15,658.5
2016-05-15,659
2016-05-15,658
2016-05-15,659
2016-05-16,661
2016-05-16,661
2016-05-16,661
2016-05-16,661
2016-05-17,661
2016-05-17,661
2016-05-17,661
2016-05-17,661
2016-05-18,661
2016-05-18,661
2016-05-18,661
2016-05-18,661
2016-05-19,661
2016-05-19,661
2016-05-19,661
2016-05-19,661
2016-05-20,661
2016-05-20,661
2016-05-20,661
2016-05-20,661
2016-05-21,661
2016-05-21,661
2016-05-21,661
2016-05-21,661
2016-05-22,661
2016-05-22,661
2016-05-22,661
2016-05-22,661
2016-05-23,661
2016-05-23,661
2016-05-23,661
2016-05-23,661
2016-05-24,661
2016-05-24,661
2016-05-24,661
2016-05-24,661
2016-05-25,661
2016-05-25,661
2016-05-25,661
2016-05-25,661
2016-05-26,660
2016-05-26,660
2016-05-26,660
2016-05-26,660
2016-05-27,661
2016-05-27,661
2016-05-27,661
2016-05-27,661
2016-05-28,661
2016-05-28,661
2016-05-28,661
2016-05-28,661
2016-05-29,661
2016-05-29,661
2016-05-29,661
2016-05-29,661
2016-05-30,659
2016-05-30,659
2016-05-30,659
2016-05-30,659
2016-05-31,659
2016-05-31,659
2016-05-31,659
2016-05-31,659
2016-06-01,659
2016-06-01,659
2016-06-01,659
2016-06-01,659
2016-06-02,660.5
2016-06-02,661
2016-06-02,661
2016-06-02,660
2016-06-03,661
2016-06-03,661
2016-06-03,661
2016-06-03,661
2016-06-04,661
2016-06-04,661
2016-06-04,661
2016-06-04,661
2016-06-05,661.5
2016-06-05,662
2016-06-05,662
2016-06-05,661
2016-06-06,663.5
2016-06-06,664
2016-06-06,663
2016-06-06,664
2016-06-07,665
2016-06-07,665
2016-06-07,665
2016-06-07,665
2016-06-08,666
2016-06-08,666
2016-06-08,666
2016-06-08,666
2016-06-09,667
2016-06-09,667
2016-06-09,667
2016-06-09,667
2016-06-10,666
2016-06-10,666
2016-06-10,666
2016-06-10,666
2016-06-11,665
2016-06-11,665
2016-06-11,665
2016-06-11,665
2016-06-12,664.5
2016-06-12,665
2016-06-12,665
2016-06-12,664
2016-06-13,663
2016-06-13,663
2016-06-13,663
2016-06-13,663
2016-06-14,662
2016-06-14,662
2016-06-14,662
2016-06-14,662
2016-06-15,662
2016-06-15,662
2016-06-15,662
2016-06-15,662
2016-06-16,662
2016-06-16,662
2016-06-16,662
2016-06-16,662
2016-06-17,660
2016-06-17,660
2016-06-17,660
2016-06-17,660
2016-06-18,660
2016-06-18,660
2016-06-18,660
2016-06-18,660
2016-06-19,659
2016-06-19,659
2016-06-19,659
2016-06-19,659
2016-06-20,658
2016-06-20,658
2016-06-20,658
2016-06-20,658
2016-06-21,657
2016-06-21,657
2016-06-21,657
2016-06-21,657
2016-06-22,656
2016-06-22,656
2016-06-22,656
2016-06-22,656
2016-06-23,657
2016-06-23,657
2016-06-23,657
2016-06-23,657
2016-06-24,657
2016-06-24,657
2016-06-24,657
2016-06-24,657
2016-06-25,657
2016-06-25,657
2016-06-25,657
2016-06-25,657
2016-06-26,657
2016-06-26,657
2016-06-26,657
2016-06-26,657
2016-06-27,655
2016-06-27,655
2016-06-27,655
2016-06-27,655
2016-06-28,655.5
2016-06-28,656
2016-06-28,656
2016-06-28,655
2016-06-29,654
2016-06-29,654
2016-06-29,654
2016-06-29,654
2016-06-30,652.5
2016-06-30,653
2016-06-30,653
2016-06-30,652
2016-07-01,651
2016-07-01,651
2016-07-01,651
2016-07-01,651
2016-07-02,650
2016-07-02,650
2016-07-02,650
2016-07-02,650
2016-07-03,650
2016-07-03,650
2016-07-03,650
2016-07-03,650
2016-07-04,650
2016-07-04,650
2016-07-04,650
2016-07-04,650
2016-07-05,650
2016-07-05,650
2016-07-05,650
2016-07-05,650
2016-07-06,650
2016-07-06,650
2016-07-06,650
2016-07-06,650
2016-07-07,652
2016-07-07,652
2016-07-07,652
2016-07-07,652
2016-07-08,652
2016-07-08,652
2016-07-08,652
2016-07-08,652
2016-07-09,652
2016-07-09,652
2016-07-09,652
2016-07-09,652
2016-07-10,650
2016-07-10,649.5
2016-07-10,649
2016-07-10,650
2016-07-11,649
2016-07-11,649
2016-07-11,649
2016-07-11,649
2016-07-12,648
2016-07-12,647.5
2016-07-12,648
2016-07-12,647
2016-07-13,644
2016-07-13,644
2016-07-13,645
2016-07-13,643
2016-07-14,641
2016-07-14,641
2016-07-14,642
2016-07-14,640
2016-07-15,637
2016-07-15,637
2016-07-15,638
2016-07-15,636
2016-07-16,632
2016-07-16,631.5
2016-07-16,632
2016-07-16,631
2016-07-17,630
2016-07-17,630
2016-07-17,630
2016-07-17,630
2016-07-18,628
2016-07-18,628
2016-07-18,629
2016-07-18,627
2016-07-19,625
2016-07-19,625
2016-07-19,625
2016-07-19,625
2016-07-20,623
2016-07-20,623
2016-07-20,623
2016-07-20,623
2016-07-21,622
2016-07-21,622
2016-07-21,622
2016-07-21,622
2016-07-22,621
2016-07-22,621
2016-07-22,621
2016-07-22,621
2016-07-23,620
2016-07-23,620
2016-07-23,620
2016-07-23,620
2016-07-24,619
2016-07-24,619
2016-07-24,619
2016-07-24,619
2016-07-25,617
2016-07-25,617
2016-07-25,617
2016-07-25,617
2016-07-26,617
2016-07-26,616.5
2016-07-26,617
2016-07-26,616
2016-07-27,615
2016-07-27,615
2016-07-27,616
2016-07-27,614
2016-07-28,613
2016-07-28,613
2016-07-28,614
2016-07-28,612
2016-07-29,609
2016-07-29,609
2016-07-29,610
2016-07-29,608
2016-07-30,606
2016-07-30,605.5
2016-07-30,607
2016-07-30,604
2016-07-31,603
2016-07-31,602.5
2016-07-31,603
2016-07-31,602
2016-08-01,600.5
2016-08-01,601
2016-08-01,601
2016-08-01,600
2016-08-02,598.5
2016-08-02,599
2016-08-02,599
2016-08-02,598
2016-08-03,595.5
2016-08-03,596
2016-08-03,596
2016-08-03,595
2016-08-04,591.5
2016-08-04,592
2016-08-04,593
2016-08-04,590
2016-08-05,589
2016-08-05,589
2016-08-05,590
2016-08-05,588
2016-08-06,585
2016-08-06,585
2016-08-06,586
2016-08-06,584
2016-08-07,582
2016-08-07,582
2016-08-07,583
2016-08-07,581
2016-08-08,580.5
2016-08-08,581
2016-08-08,581
2016-08-08,580
2016-08-09,579
2016-08-09,579
2016-08-09,580
2016-08-09,578
2016-08-10,575.5
2016-08-10,576
2016-08-10,577
2016-08-10,574
2016-08-11,571.5
2016-08-11,572
2016-08-11,573
2016-08-11,570
2016-08-12,566.5
2016-08-12,567
2016-08-12,568
2016-08-12,565
2016-08-13,562.5
2016-08-13,563
2016-08-13,564
2016-08-13,561
2016-08-14,557.5
2016-08-14,558
2016-08-14,559
2016-08-14,556
2016-08-15,553.5
2016-08-15,554
2016-08-15,555
2016-08-15,552
2016-08-16,548.5
2016-08-16,549
2016-08-16,550
2016-08-16,547
2016-08-17,543.5
2016-08-17,544
2016-08-17,545
2016-08-17,542
2016-08-18,540
2016-08-18,540
2016-08-18,541
2016-08-18,539
2016-08-19,537
2016-08-19,537
2016-08-19,538
2016-08-19,536
2016-08-20,534
2016-08-20,534
2016-08-20,535
2016-08-20,533
2016-08-21,531.5
2016-08-21,532
2016-08-21,532
2016-08-21,531
2016-08-22,530
2016-08-22,530
2016-08-22,530
2016-08-22,530
2016-08-23,528
2016-08-23,528
2016-08-23,529
2016-08-23,527
2016-08-24,525
2016-08-24,525
2016-08-24,526
2016-08-24,524
2016-08-25,522
2016-08-25,522
2016-08-25,523
2016-08-25,521
2016-08-26,518.5
2016-08-26,519
2016-08-26,520
2016-08-26,517
2016-08-27,513.5
2016-08-27,514
2016-08-27,515
2016-08-27,512
2016-08-28,508.5
2016-08-28,509
2016-08-28,510
2016-08-28,507
2016-08-29,503.5
2016-08-29,504
2016-08-29,505
2016-08-29,502
2016-08-30,499
2016-08-30,499
2016-08-30,501
2016-08-30,497
2016-08-31,494
2016-08-31,494
2016-08-31,496
2016-08-31,492
2016-09-01,488
2016-09-01,488
2016-09-01,490
2016-09-01,486
2016-09-02,483
2016-09-02,482.5
2016-09-02,484
2016-09-02,481
2016-09-03,478
2016-09-03,478
2016-09-03,480
2016-09-03,476
2016-09-04,472
2016-09-04,471.5
2016-09-04,473
2016-09-04,470
2016-09-05,467
2016-09-05,466.5
2016-09-05,469
2016-09-05,464
2016-09-06,461
2016-09-06,460.5
2016-09-06,462
2016-09-06,459
2016-09-07,455
2016-09-07,455
2016-09-07,457
2016-09-07,453
2016-09-08,448
2016-09-08,447.5
2016-09-08,450
2016-09-08,445
2016-09-09,439
2016-09-09,438.5
2016-09-09,441
2016-09-09,436
2016-09-10,430
2016-09-10,429.5
2016-09-10,432
2016-09-10,427
2016-09-11,420
2016-09-11,419.5
2016-09-11,422
2016-09-11,417
2016-09-12,411
2016-09-12,410.5
2016-09-12,413
2016-09-12,408
2016-09-13,402
2016-09-13,402
2016-09-13,404
2016-09-13,400
2016-09-14,395
2016-09-14,394.5
2016-09-14,397
2016-09-14,392
2016-09-15,386
2016-09-15,385.5
2016-09-15,387
2016-09-15,384
2016-09-16,381
2016-09-16,380.5
2016-09-16,383
2016-09-16,378
2016-09-17,375
2016-09-17,374.5
2016-09-17,377
2016-09-17,372
2016-09-18,369
2016-09-18,368.5
2016-09-18,371
2016-09-18,366
2016-09-19,361
2016-09-19,361
2016-09-19,363
2016-09-19,359
2016-09-20,354
2016-09-20,353.5
2016-09-20,356
2016-09-20,351
2016-09-21,345
2016-09-21,344.5
2016-09-21,347
2016-09-21,342
2016-09-22,333
2016-09-22,333
2016-09-22,336
2016-09-22,330
2016-09-23,322
2016-09-23,321.5
2016-09-23,325
2016-09-23,318
2016-09-24,310
2016-09-24,310
2016-09-24,313
2016-09-24,307
2016-09-25,298
2016-09-25,297.5
2016-09-25,301
2016-09-25,294
2016-09-26,285
2016-09-26,284.5
2016-09-26,288
2016-09-26,281
2016-09-27,274
2016-09-27,273.5
2016-09-27,277
2016-09-27,270
2016-09-28,261
2016-09-28,261
2016-09-28,264
2016-09-28,258
2016-09-29,251
2016-09-29,251
2016-09-29,254
2016-09-29,248
2016-09-30,243
2016-09-30,242.5
2016-09-30,245
2016-09-30,240
2016-10-01,234
2016-10-01,234
2016-10-01,236
2016-10-01,232
2016-10-02,225.5
2016-10-02,226
2016-10-02,229
2016-10-02,222
2016-10-03,217
2016-10-03,217
2016-10-03,220
2016-10-03,214
2016-10-04,210.5
2016-10-04,211
2016-10-04,212
2016-10-04,209
2016-10-05,204.5
2016-10-05,205
2016-10-05,207
2016-10-05,202
2016-10-06,194.5
2016-10-06,195
2016-10-06,197
2016-10-06,192
2016-10-07,184.5
2016-10-07,185
2016-10-07,187
2016-10-07,182
2016-10-08,174.5
2016-10-08,175
2016-10-08,177
2016-10-08,172
2016-10-09,167.5
2016-10-09,168
2016-10-09,169
2016-10-09,166
2016-10-10,161.5
2016-10-10,162
2016-10-10,164
2016-10-10,159
2016-10-11,154.5
2016-10-11,155
2016-10-11,157
2016-10-11,152
2016-10-12,147
2016-10-12,147
2016-10-12,149
2016-10-12,145
2016-10-13,144
2016-10-13,144
2016-10-13,144
2016-10-13,144
2016-10-14,144
2016-10-14,144
2016-10-14,144
2016-10-14,144
2016-10-15,145
2016-10-15,145
2016-10-15,144
2016-10-15,146
2016-10-16,145
2016-10-16,145
2016-10-16,144
2016-10-16,146
2016-10-17,146
2016-10-17,146
2016-10-17,146
2016-10-17,146
2016-10-18,149.5
2016-10-18,150
2016-10-18,149
2016-10-18,150
2016-10-19,149
2016-10-19,149
2016-10-19,151
2016-10-19,147
2016-10-20,148
2016-10-20,148
2016-10-20,148
2016-10-20,148
2016-10-21,143
2016-10-21,143
2016-10-21,145
2016-10-21,141
2016-10-22,140
2016-10-22,140
2016-10-22,141
2016-10-22,139
2016-10-23,136
2016-10-23,136
2016-10-23,136
2016-10-23,136
2016-10-24,133
2016-10-24,133
2016-10-24,134
2016-10-24,132
2016-10-25,130
2016-10-25,130
2016-10-25,131
2016-10-25,129
2016-10-26,126
2016-10-26,126
2016-10-26,127
2016-10-26,125
2016-10-27,125
2016-10-27,125
2016-10-27,126
2016-10-27,124
2016-10-28,129
2016-10-28,129
2016-10-28,128
2016-10-28,130
2016-10-29,130
2016-10-29,130
2016-10-29,130
2016-10-29,130
2016-10-30,131.5
2016-10-30,132
2016-10-30,131
2016-10-30,132
2016-10-31,134
2016-10-31,134
2016-10-31,134
2016-10-31,134
2016-11-01,138
2016-11-01,138
2016-11-01,137
2016-11-01,139
2016-11-02,137
2016-11-02,137
2016-11-02,137
2016-11-02,137
2016-11-03,138
2016-11-03,138
2016-11-03,138
2016-11-03,138
2016-11-04,137
2016-11-04,137
2016-11-04,138
2016-11-04,136
2016-11-05,134
2016-11-05,134
2016-11-05,135
2016-11-05,133
2016-11-06,133.5
2016-11-06,134
2016-11-06,133
2016-11-06,134
2016-11-07,131.5
2016-11-07,132
2016-11-07,133
2016-11-07,130
2016-11-08,131
2016-11-08,131
2016-11-08,131
2016-11-08,131
2016-11-09,130.5
2016-11-09,131
2016-11-09,131
2016-11-09,130
2016-11-10,131
2016-11-10,131
2016-11-10,131
2016-11-10,131
2016-11-11,130
2016-11-11,130
2016-11-11,130
2016-11-11,130
2016-11-12,130
2016-11-12,130
2016-11-12,130
2016-11-12,130
2016-11-13,132.5
2016-11-13,133
2016-11-13,131
2016-11-13,134
2016-11-14,140
2016-11-14,140
2016-11-14,139
2016-11-14,141
2016-11-15,142
2016-11-15,142
2016-11-15,142
2016-11-15,142
2016-11-16,143.5
2016-11-16,144
2016-11-16,144
2016-11-16,143
2016-11-17,143.5
2016-11-17,144
2016-11-17,145
2016-11-17,142
2016-11-18,146
2016-11-18,146
2016-11-18,147
2016-11-18,145
2016-11-19,142
2016-11-19,142
2016-11-19,142
2016-11-19,142
2016-11-20,143
2016-11-20,143
2016-11-20,143
2016-11-20,143
2016-11-21,138.5
2016-11-21,139
2016-11-21,138
2016-11-21,139
2016-11-22,132.5
2016-11-22,133
2016-11-22,133
2016-11-22,132
2016-11-23,131
2016-11-23,131
2016-11-23,131
2016-11-23,131
2016-11-24,130
2016-11-24,130
2016-11-24,131
2016-11-24,129
2016-11-25,128.5
2016-11-25,129
2016-11-25,129
2016-11-25,128
2016-11-26,127
2016-11-26,127
2016-11-26,127
2016-11-26,127
2016-11-27,128.5
2016-11-27,129
2016-11-27,129
2016-11-27,128
2016-11-28,130
2016-11-28,130
2016-11-28,131
2016-11-28,129
2016-11-29,129.5
2016-11-29,130
2016-11-29,130
2016-11-29,129
2016-11-30,130.5
2016-11-30,131
2016-11-30,131
2016-11-30,130
2016-12-01,130.5
2016-12-01,131
2016-12-01,131
2016-12-01,130
2016-12-02,128
2016-12-02,128
2016-12-02,130
2016-12-02,126
2016-12-03,126.5
2016-12-03,127
2016-12-03,128
2016-12-03,125
2016-12-04,124.5
2016-12-04,125
2016-12-04,127
2016-12-04,122
2016-12-05,122
2016-12-05,122
2016-12-05,124
2016-12-05,120
2016-12-06,117
2016-12-06,117
2016-12-06,116
2016-12-06,118
2016-12-07,114.5
2016-12-07,115
2016-12-07,116
2016-12-07,113
2016-12-08,112
2016-12-08,112
2016-12-08,112
2016-12-08,112
2016-12-09,111
2016-12-09,111
2016-12-09,112
2016-12-09,110
2016-12-10,109.5
2016-12-10,110
2016-12-10,109
2016-12-10,110
2016-12-11,111
2016-12-11,111
2016-12-11,112
2016-12-11,110
2016-12-12,114.5
2016-12-12,115
2016-12-12,112
2016-12-12,117
2016-12-13,119
2016-12-13,119
2016-12-13,120
2016-12-13,118
2016-12-14,119
2016-12-14,119
2016-12-14,118
2016-12-14,120
2016-12-15,122.5
2016-12-15,123
2016-12-15,123
2016-12-15,122
2016-12-16,125.5
2016-12-16,126
2016-12-16,126
2016-12-16,125
2016-12-17,128.5
2016-12-17,129
2016-12-17,131
2016-12-17,126
2016-12-18,131
2016-12-18,131
2016-12-18,128
2016-12-18,134
2016-12-19,134.5
2016-12-19,135
2016-12-19,135
2016-12-19,134
2016-12-20,136.5
2016-12-20,137
2016-12-20,136
2016-12-20,137
2016-12-21,136.5
2016-12-21,137
2016-12-21,137
2016-12-21,136
2016-12-22,140
2016-12-22,140
2016-12-22,140
2016-12-22,140
2016-12-23,146
2016-12-23,146
2016-12-23,144
2016-12-23,148
2016-12-24,150.5
2016-12-24,151
2016-12-24,149
2016-12-24,152
2016-12-25,154.5
2016-12-25,155
2016-12-25,153
2016-12-25,156
2016-12-26,164.5
2016-12-26,165
2016-12-26,163
2016-12-26,166
2016-12-27,174.5
2016-12-27,175
2016-12-27,172
2016-12-27,177
2016-12-28,188.5
2016-12-28,189
2016-12-28,186
2016-12-28,191
2016-12-29,202.5
2016-12-29,203
2016-12-29,199
2016-12-29,206
2016-12-30,213
2016-12-30,213
2016-12-30,210
2016-12-30,216
2016-12-31,226
2016-12-31,226
2016-12-31,224
2016-12-31,228
2017-01-01,237
2017-01-01,237
2017-01-01,234
2017-01-01,240
2017-01-02,248
2017-01-02,248
2017-01-02,246
2017-01-02,250
2017-01-03,257.5
2017-01-03,258
2017-01-03,256
2017-01-03,259
2017-01-04,270
2017-01-04,270
2017-01-04,268
2017-01-04,272
2017-01-05,277.5
2017-01-05,278
2017-01-05,275
2017-01-05,280
2017-01-06,285.5
2017-01-06,286
2017-01-06,285
2017-01-06,286
2017-01-07,293
2017-01-07,293
2017-01-07,292
2017-01-07,294
2017-01-08,301
2017-01-08,301
2017-01-08,299
2017-01-08,303
2017-01-09,309.5
2017-01-09,310
2017-01-09,308
2017-01-09,311
2017-01-10,317
2017-01-10,317
2017-01-10,316
2017-01-10,318
2017-01-11,325
2017-01-11,325
2017-01-11,323
2017-01-11,327
2017-01-12,334
2017-01-12,334
2017-01-12,333
2017-01-12,335
2017-01-13,344.5
2017-01-13,345
2017-01-13,343
2017-01-13,346
2017-01-14,353.5
2017-01-14,354
2017-01-14,351
2017-01-14,356
2017-01-15,362
2017-01-15,362
2017-01-15,360
2017-01-15,364
2017-01-16,369
2017-01-16,369
2017-01-16,368
2017-01-16,370
2017-01-17,376.5
2017-01-17,377
2017-01-17,375
2017-01-17,378
2017-01-18,385
2017-01-18,385
2017-01-18,384
2017-01-18,386
2017-01-19,394
2017-01-19,394
2017-01-19,392
2017-01-19,396
2017-01-20,401
2017-01-20,401
2017-01-20,400
2017-01-20,402
2017-01-21,407
2017-01-21,407
2017-01-21,405
2017-01-21,409
2017-01-22,414.5
2017-01-22,415
2017-01-22,413
2017-01-22,416
2017-01-23,421
2017-01-23,421
2017-01-23,419
2017-01-23,423
2017-01-24,431
2017-01-24,431
2017-01-24,430
2017-01-24,432
2017-01-25,437
2017-01-25,437
2017-01-25,436
2017-01-25,438
2017-01-26,441.5
2017-01-26,442
2017-01-26,439
2017-01-26,444
2017-01-27,450.5
2017-01-27,451
2017-01-27,449
2017-01-27,452
2017-01-28,458
2017-01-28,458
2017-01-28,457
2017-01-28,459
2017-01-29,464.5
2017-01-29,465
2017-01-29,463
2017-01-29,466
2017-01-30,473
2017-01-30,473
2017-01-30,471
2017-01-30,475
2017-01-31,479
2017-01-31,479
2017-01-31,478
2017-01-31,480
2017-02-01,487
2017-02-01,487
2017-02-01,485
2017-02-01,489
2017-02-02,496
2017-02-02,496
2017-02-02,493
2017-02-02,499
2017-02-03,504
2017-02-03,504
2017-02-03,502
2017-02-03,506
2017-02-04,511
2017-02-04,511
2017-02-04,510
2017-02-04,512
2017-02-05,517
2017-02-05,517
2017-02-05,516
2017-02-05,518
2017-02-06,525
2017-02-06,525
2017-02-06,524
2017-02-06,526
2017-02-07,531
2017-02-07,531
2017-02-07,530
2017-02-07,532
2017-02-08,536
2017-02-08,535.5
2017-02-08,535
2017-02-08,536
2017-02-09,542
2017-02-09,541.5
2017-02-09,539
2017-02-09,544
2017-02-10,549
2017-02-10,549
2017-02-10,548
2017-02-10,550
2017-02-11,553
2017-02-11,553
2017-02-11,552
2017-02-11,554
2017-02-12,559
2017-02-12,559
2017-02-12,558
2017-02-12,560
2017-02-13,563
2017-02-13,562.5
2017-02-13,561
2017-02-13,564
2017-02-14,567
2017-02-14,567
2017-02-14,566
2017-02-14,568
2017-02-15,573
2017-02-15,572.5
2017-02-15,571
2017-02-15,574
2017-02-16,580
2017-02-16,579.5
2017-02-16,577
2017-02-16,582
2017-02-17,587
2017-02-17,587
2017-02-17,586
2017-02-17,588
2017-02-18,594
2017-02-18,594
2017-02-18,592
2017-02-18,596
2017-02-19,603
2017-02-19,602.5
2017-02-19,601
2017-02-19,604
2017-02-20,607
2017-02-20,607
2017-02-20,606
2017-02-20,608
2017-02-21,610
2017-02-21,610
2017-02-21,609
2017-02-21,611
2017-02-22,615
2017-02-22,614.5
2017-02-22,613
2017-02-22,616
2017-02-23,619
2017-02-23,618.5
2017-02-23,618
2017-02-23,619
2017-02-24,622
2017-02-24,621.5
2017-02-24,621
2017-02-24,622
2017-02-25,625
2017-02-25,625
2017-02-25,624
2017-02-25,626
2017-02-26,629
2017-02-26,629
2017-02-26,628
2017-02-26,630
2017-02-27,633
2017-02-27,633
2017-02-27,632
2017-02-27,634
2017-02-28,641
2017-02-28,640.5
2017-02-28,639
2017-02-28,642
2017-03-01,647
2017-03-01,647
2017-03-01,644
2017-03-01,650
2017-03-02,653.5
2017-03-02,654
2017-03-02,652
2017-03-02,655
2017-03-03,658.5
2017-03-03,659
2017-03-03,657
2017-03-03,660
2017-03-04,664
2017-03-04,664
2017-03-04,663
2017-03-04,665
2017-03-05,668
2017-03-05,668
2017-03-05,667
2017-03-05,669
2017-03-06,672.5
2017-03-06,673
2017-03-06,671
2017-03-06,674
2017-03-07,679
2017-03-07,679
2017-03-07,676
2017-03-07,682
2017-03-08,685
2017-03-08,685
2017-03-08,684
2017-03-08,686
2017-03-09,691
2017-03-09,691
2017-03-09,690
2017-03-09,692
2017-03-10,696
2017-03-10,696
2017-03-10,695
2017-03-10,697
2017-03-11,701
2017-03-11,701
2017-03-11,700
2017-03-11,702
2017-03-12,706.5
2017-03-12,707
2017-03-12,705
2017-03-12,708
2017-03-13,714.5
2017-03-13,715
2017-03-13,713
2017-03-13,716
2017-03-14,720.5
2017-03-14,721
2017-03-14,719
2017-03-14,722
2017-03-15,726.5
2017-03-15,727
2017-03-15,725
2017-03-15,728
2017-03-16,731.5
2017-03-16,732
2017-03-16,731
2017-03-16,732
2017-03-17,737.5
2017-03-17,738
2017-03-17,737
2017-03-17,738
2017-03-18,741
2017-03-18,741
2017-03-18,741
2017-03-18,741
2017-03-19,745
2017-03-19,745
2017-03-19,744
2017-03-19,746
2017-03-20,750
2017-03-20,750
2017-03-20,748
2017-03-20,752
2017-03-21,752
2017-03-21,752
2017-03-21,752
2017-03-21,752
2017-03-22,753.5
2017-03-22,754
2017-03-22,753
2017-03-22,754
2017-03-23,755
2017-03-23,755
2017-03-23,755
2017-03-23,755
2017-03-24,756.5
2017-03-24,757
2017-03-24,756
2017-03-24,757
2017-03-25,760
2017-03-25,760
2017-03-25,759
2017-03-25,761
2017-03-26,764
2017-03-26,764
2017-03-26,762
2017-03-26,766
2017-03-27,769
2017-03-27,769
2017-03-27,769
2017-03-27,769
2017-03-28,771.5
2017-03-28,772
2017-03-28,771
2017-03-28,772
2017-03-29,774.5
2017-03-29,775
2017-03-29,774
2017-03-29,775
2017-03-30,779
2017-03-30,779
2017-03-30,778
2017-03-30,780
2017-03-31,782
2017-03-31,782
2017-03-31,781
2017-03-31,783
2017-04-01,784.5
2017-04-01,785
2017-04-01,784
2017-04-01,785
2017-04-02,788.5
2017-04-02,789
2017-04-02,787
2017-04-02,790
2017-04-03,794
2017-04-03,794
2017-04-03,793
2017-04-03,795
2017-04-04,794.5
2017-04-04,795
2017-04-04,794
2017-04-04,795
2017-04-05,796.5
2017-04-05,797
2017-04-05,796
2017-04-05,797
2017-04-06,798.5
2017-04-06,799
2017-04-06,798
2017-04-06,799
2017-04-07,801
2017-04-07,801
2017-04-07,801
2017-04-07,801
2017-04-08,804
2017-04-08,804
2017-04-08,801
2017-04-08,807
2017-04-09,809.5
2017-04-09,810
2017-04-09,809
2017-04-09,810
2017-04-10,811.5
2017-04-10,812
2017-04-10,811
2017-04-10,812
2017-04-11,813.5
2017-04-11,814
2017-04-11,813
2017-04-11,814
2017-04-12,817
2017-04-12,817
2017-04-12,816
2017-04-12,818
2017-04-13,819.5
2017-04-13,820
2017-04-13,819
2017-04-13,820
2017-04-14,822
2017-04-14,822
2017-04-14,821
2017-04-14,823
2017-04-15,824.5
2017-04-15,825
2017-04-15,824
2017-04-15,825
2017-04-16,826.5
2017-04-16,827
2017-04-16,826
2017-04-16,827
2017-04-17,830
2017-04-17,830
2017-04-17,829
2017-04-17,831
2017-04-18,833.5
2017-04-18,834
2017-04-18,833
2017-04-18,834
2017-04-19,836
2017-04-19,836
2017-04-19,835
2017-04-19,837
2017-04-20,837.5
2017-04-20,838
2017-04-20,837
2017-04-20,838
2017-04-21,841
2017-04-21,841
2017-04-21,840
2017-04-21,842
2017-04-22,842
2017-04-22,842
2017-04-22,842
2017-04-22,842
2017-04-23,844
2017-04-23,844
2017-04-23,844
2017-04-23,844
2017-04-24,845
2017-04-24,845
2017-04-24,845
2017-04-24,845
2017-04-25,846
2017-04-25,846
2017-04-25,846
2017-04-25,846
2017-04-26,846.5
2017-04-26,847
2017-04-26,847
2017-04-26,846
2017-04-27,846.5
2017-04-27,847
2017-04-27,847
2017-04-27,846
2017-04-28,847.5
2017-04-28,848
2017-04-28,847
2017-04-28,848
2017-04-29,856
2017-04-29,856
2017-04-29,856
2017-04-29,856
2017-04-30,856.5
2017-04-30,857
2017-04-30,857
2017-04-30,856
2017-05-01,860
2017-05-01,860
2017-05-01,860
2017-05-01,860
2017-05-02,862.5
2017-05-02,863
2017-05-02,861
2017-05-02,864
2017-05-03,865.5
2017-05-03,866
2017-05-03,865
2017-05-03,866
2017-05-04,867
2017-05-04,867
2017-05-04,867
2017-05-04,867
2017-05-05,867.5
2017-05-05,868
2017-05-05,867
2017-05-05,868
2017-05-06,871
2017-05-06,871
2017-05-06,871
2017-05-06,871
2017-05-07,871.5
2017-05-07,872
2017-05-07,872
2017-05-07,871
2017-05-08,872.5
2017-05-08,873
2017-05-08,872
2017-05-08,873
2017-05-09,873
2017-05-09,873
2017-05-09,873
2017-05-09,873
2017-05-10,874.5
2017-05-10,875
2017-05-10,874
2017-05-10,875
2017-05-11,875.5
2017-05-11,876
2017-05-11,875
2017-05-11,876
2017-05-12,877
2017-05-12,877
2017-05-12,877
2017-05-12,877
2017-05-13,877
2017-05-13,877
2017-05-13,877
2017-05-13,877
2017-05-14,877.5
2017-05-14,878
2017-05-14,878
2017-05-14,877
2017-05-15,877.5
2017-05-15,878
2017-05-15,878
2017-05-15,877
2017-05-16,876
2017-05-16,876
2017-05-16,876
2017-05-16,876
2017-05-17,875
2017-05-17,875
2017-05-17,876
2017-05-17,874
2017-05-18,873.5
2017-05-18,874
2017-05-18,874
2017-05-18,873
2017-05-19,870.5
2017-05-19,871
2017-05-19,871
2017-05-19,870
2017-05-20,869
2017-05-20,869
2017-05-20,870
2017-05-20,868
2017-05-21,867
2017-05-21,867
2017-05-21,867
2017-05-21,867
2017-05-22,865.5
2017-05-22,866
2017-05-22,866
2017-05-22,865
2017-05-23,863
2017-05-23,863
2017-05-23,864
2017-05-23,862
2017-05-24,860
2017-05-24,860
2017-05-24,861
2017-05-24,859
2017-05-25,857
2017-05-25,857
2017-05-25,857
2017-05-25,857
2017-05-26,854.5
2017-05-26,855
2017-05-26,856
2017-05-26,853
2017-05-27,851
2017-05-27,851
2017-05-27,852
2017-05-27,850
2017-05-28,848.5
2017-05-28,849
2017-05-28,849
2017-05-28,848
2017-05-29,846.5
2017-05-29,847
2017-05-29,847
2017-05-29,846
2017-05-30,845
2017-05-30,845
2017-05-30,845
2017-05-30,845
2017-05-31,844
2017-05-31,844
2017-05-31,844
2017-05-31,844
2017-06-01,845
2017-06-01,845
2017-06-01,845
2017-06-01,845
2017-06-02,845
2017-06-02,845
2017-06-02,845
2017-06-02,845
2017-06-03,845
2017-06-03,845
2017-06-03,846
2017-06-03,844
2017-06-04,844
2017-06-04,844
2017-06-04,844
2017-06-04,844
2017-06-05,844
2017-06-05,844
2017-06-05,844
2017-06-05,844
2017-06-06,844.5
2017-06-06,845
2017-06-06,845
2017-06-06,844
2017-06-07,844.5
2017-06-07,845
2017-06-07,845
2017-06-07,844
2017-06-08,842.5
2017-06-08,843
2017-06-08,843
2017-06-08,842
2017-06-09,841
2017-06-09,841
2017-06-09,842
2017-06-09,840
2017-06-10,838
2017-06-10,838
2017-06-10,839
2017-06-10,837
2017-06-11,835
2017-06-11,835
2017-06-11,836
2017-06-11,834
2017-06-12,833
2017-06-12,833
2017-06-12,836
2017-06-12,830
2017-06-13,828.5
2017-06-13,829
2017-06-13,830
2017-06-13,827
2017-06-14,826
2017-06-14,826
2017-06-14,827
2017-06-14,825
2017-06-15,824.5
2017-06-15,825
2017-06-15,825
2017-06-15,824
2017-06-16,821.5
2017-06-16,822
2017-06-16,823
2017-06-16,820
2017-06-17,819.5
2017-06-17,820
2017-06-17,820
2017-06-17,819
2017-06-18,816.5
2017-06-18,817
2017-06-18,818
2017-06-18,815
2017-06-19,812.5
2017-06-19,813
2017-06-19,814
2017-06-19,811
2017-06-20,810
2017-06-20,810
2017-06-20,811
2017-06-20,809
2017-06-21,809
2017-06-21,809
2017-06-21,809
2017-06-21,809
2017-06-22,805.5
2017-06-22,806
2017-06-22,807
2017-06-22,804
2017-06-23,803.5
2017-06-23,804
2017-06-23,805
2017-06-23,802
2017-06-24,802.5
2017-06-24,803
2017-06-24,803
2017-06-24,802
2017-06-25,801
2017-06-25,801
2017-06-25,802
2017-06-25,800
2017-06-26,800.5
2017-06-26,801
2017-06-26,801
2017-06-26,800
2017-06-27,798
2017-06-27,798
2017-06-27,798
2017-06-27,798
2017-06-28,797.5
2017-06-28,798
2017-06-28,798
2017-06-28,797
2017-06-29,796.5
2017-06-29,797
2017-06-29,797
2017-06-29,796
2017-06-30,796
2017-06-30,796
2017-06-30,796
2017-06-30,796
2017-07-01,794
2017-07-01,794
2017-07-01,795
2017-07-01,793
2017-07-02,792
2017-07-02,792
2017-07-02,792
2017-07-02,792
2017-07-03,791
2017-07-03,791
2017-07-03,791
2017-07-03,791
2017-07-04,788.5
2017-07-04,789
2017-07-04,789
2017-07-04,788
2017-07-05,787
2017-07-05,787
2017-07-05,788
2017-07-05,786
2017-07-06,782.5
2017-07-06,783
2017-07-06,785
2017-07-06,780
2017-07-07,779.5
2017-07-07,780
2017-07-07,782
2017-07-07,777
2017-07-08,777.5
2017-07-08,778
2017-07-08,778
2017-07-08,777
2017-07-09,774
2017-07-09,774
2017-07-09,775
2017-07-09,773
2017-07-10,770
2017-07-10,770
2017-07-10,771
2017-07-10,769
2017-07-11,767
2017-07-11,767
2017-07-11,768
2017-07-11,766
2017-07-12,765
2017-07-12,765
2017-07-12,766
2017-07-12,764
2017-07-13,763
2017-07-13,763
2017-07-13,764
2017-07-13,762
2017-07-14,760
2017-07-14,760
2017-07-14,760
2017-07-14,760
2017-07-15,758.5
2017-07-15,759
2017-07-15,759
2017-07-15,758
2017-07-16,755.5
2017-07-16,756
2017-07-16,757
2017-07-16,754
2017-07-17,753
2017-07-17,753
2017-07-17,754
2017-07-17,752
2017-07-18,751
2017-07-18,751
2017-07-18,752
2017-07-18,750
2017-07-19,747.5
2017-07-19,748
2017-07-19,749
2017-07-19,746
2017-07-20,744.5
2017-07-20,745
2017-07-20,745
2017-07-20,744
2017-07-21,740.5
2017-07-21,741
2017-07-21,741
2017-07-21,740
2017-07-22,735.5
2017-07-22,736
2017-07-22,737
2017-07-22,734
2017-07-23,730.5
2017-07-23,731
2017-07-23,731
2017-07-23,730
2017-07-24,727.5
2017-07-24,728
2017-07-24,729
2017-07-24,726
2017-07-25,723.5
2017-07-25,724
2017-07-25,724
2017-07-25,723
2017-07-26,721.5
2017-07-26,722
2017-07-26,723
2017-07-26,720
2017-07-27,720
2017-07-27,720
2017-07-27,720
2017-07-27,720
2017-07-28,718
2017-07-28,718
2017-07-28,718
2017-07-28,718
2017-07-29,713
2017-07-29,713
2017-07-29,714
2017-07-29,712
2017-07-30,709
2017-07-30,709
2017-07-30,710
2017-07-30,708
2017-07-31,704
2017-07-31,704
2017-07-31,705
2017-07-31,703
2017-08-01,698.5
2017-08-01,699
2017-08-01,700
2017-08-01,697
2017-08-02,693.5
2017-08-02,694
2017-08-02,695
2017-08-02,692
2017-08-03,687.5
2017-08-03,688
2017-08-03,689
2017-08-03,686
2017-08-04,682
2017-08-04,682
2017-08-04,684
2017-08-04,680
2017-08-05,671
2017-08-05,671
2017-08-05,672
2017-08-05,670
2017-08-06,667
2017-08-06,667
2017-08-06,668
2017-08-06,666
2017-08-07,665
2017-08-07,665
2017-08-07,668
2017-08-07,662
2017-08-08,663
2017-08-08,663
2017-08-08,664
2017-08-08,662
2017-08-09,659
2017-08-09,659
2017-08-09,660
2017-08-09,658
2017-08-10,653.5
2017-08-10,654
2017-08-10,655
2017-08-10,652
2017-08-11,649
2017-08-11,649
2017-08-11,650
2017-08-11,648
2017-08-12,644
2017-08-12,644
2017-08-12,645
2017-08-12,643
2017-08-13,638.5
2017-08-13,639
2017-08-13,641
2017-08-13,636
2017-08-14,632
2017-08-14,632
2017-08-14,634
2017-08-14,630
2017-08-15,626.5
2017-08-15,627
2017-08-15,628
2017-08-15,625
2017-08-16,621
2017-08-16,621
2017-08-16,622
2017-08-16,620
2017-08-17,614
2017-08-17,614
2017-08-17,616
2017-08-17,612
2017-08-18,608
2017-08-18,608
2017-08-18,610
2017-08-18,606
2017-08-19,601.5
2017-08-19,602
2017-08-19,603
2017-08-19,600
2017-08-20,595
2017-08-20,595
2017-08-20,597
2017-08-20,593
2017-08-21,588
2017-08-21,588
2017-08-21,590
2017-08-21,586
2017-08-22,580.5
2017-08-22,581
2017-08-22,583
2017-08-22,578
2017-08-23,576
2017-08-23,576
2017-08-23,577
2017-08-23,575
2017-08-24,572
2017-08-24,572
2017-08-24,573
2017-08-24,571
2017-08-25,566.5
2017-08-25,567
2017-08-25,568
2017-08-25,565
2017-08-26,565
2017-08-26,565
2017-08-26,568
2017-08-26,562
2017-08-27,548
2017-08-27,548
2017-08-27,550
2017-08-27,546
2017-08-28,538.5
2017-08-28,539
2017-08-28,541
2017-08-28,536
2017-08-29,530
2017-08-29,530
2017-08-29,532
2017-08-29,528
2017-08-30,520.5
2017-08-30,521
2017-08-30,523
2017-08-30,518
2017-08-31,510.5
2017-08-31,511
2017-08-31,513
2017-08-31,508
2017-09-01,499
2017-09-01,498.5
2017-09-01,501
2017-09-01,496
2017-09-02,489
2017-09-02,488.5
2017-09-02,491
2017-09-02,486
2017-09-03,477
2017-09-03,476.5
2017-09-03,481
2017-09-03,472
2017-09-04,463
2017-09-04,463
2017-09-04,466
2017-09-04,460
2017-09-05,453
2017-09-05,452.5
2017-09-05,455
2017-09-05,450
2017-09-06,439
2017-09-06,439
2017-09-06,442
2017-09-06,436
2017-09-07,429
2017-09-07,428.5
2017-09-07,431
2017-09-07,426
2017-09-08,419
2017-09-08,419
2017-09-08,422
2017-09-08,416
2017-09-09,409
2017-09-09,408.5
2017-09-09,411
2017-09-09,406
2017-09-10,397
2017-09-10,396.5
2017-09-10,401
2017-09-10,392
2017-09-11,383
2017-09-11,383
2017-09-11,386
2017-09-11,380
2017-09-12,371
2017-09-12,371
2017-09-12,375
2017-09-12,367
2017-09-13,359
2017-09-13,358.5
2017-09-13,363
2017-09-13,354
2017-09-14,346
2017-09-14,346
2017-09-14,349
2017-09-14,343
2017-09-15,331
2017-09-15,330.5
2017-09-15,334
2017-09-15,327
2017-09-16,317
2017-09-16,316.5
2017-09-16,319
2017-09-16,314
2017-09-17,305
2017-09-17,304.5
2017-09-17,309
2017-09-17,300
2017-09-18,292
2017-09-18,292
2017-09-18,294
2017-09-18,290
2017-09-19,283
2017-09-19,282.5
2017-09-19,285
2017-09-19,280
2017-09-20,272
2017-09-20,272
2017-09-20,273
2017-09-20,271
2017-09-21,264
2017-09-21,263.5
2017-09-21,266
2017-09-21,261
2017-09-22,256
2017-09-22,255.5
2017-09-22,257
2017-09-22,254
2017-09-23,246
2017-09-23,246
2017-09-23,249
2017-09-23,243
2017-09-24,236
2017-09-24,236
2017-09-24,239
2017-09-24,233
2017-09-25,225
2017-09-25,224.5
2017-09-25,227
2017-09-25,222
2017-09-26,214
2017-09-26,214
2017-09-26,217
2017-09-26,211
2017-09-27,200
2017-09-27,200
2017-09-27,203
2017-09-27,197
2017-09-28,186
2017-09-28,186
2017-09-28,188
2017-09-28,184
2017-09-29,173
2017-09-29,173
2017-09-29,175
2017-09-29,171
2017-09-30,164
2017-09-30,163.5
2017-09-30,166
2017-09-30,161
2017-10-01,151.5
2017-10-01,152
2017-10-01,154
2017-10-01,149
2017-10-02,142
2017-10-02,142
2017-10-02,144
2017-10-02,140
2017-10-03,135.5
2017-10-03,136
2017-10-03,137
2017-10-03,134
2017-10-04,133.5
2017-10-04,134
2017-10-04,133
2017-10-04,134
2017-10-05,127.5
2017-10-05,128
2017-10-05,129
2017-10-05,126
2017-10-06,129.5
2017-10-06,130
2017-10-06,129
2017-10-06,130
2017-10-07,130.5
2017-10-07,131
2017-10-07,131
2017-10-07,130
2017-10-08,132
2017-10-08,132
2017-10-08,132
2017-10-08,132
2017-10-09,130.5
2017-10-09,131
2017-10-09,131
2017-10-09,130
2017-10-10,127
2017-10-10,127
2017-10-10,129
2017-10-10,125
2017-10-11,125
2017-10-11,125
2017-10-11,126
2017-10-11,124
2017-10-12,122
2017-10-12,122
2017-10-12,123
2017-10-12,121
2017-10-13,111
2017-10-13,121
2017-10-13,111
2017-10-13,111
2017-10-14,119.5
2017-10-14,120
2017-10-14,121
2017-10-14,118
2017-10-15,118
2017-10-15,118
2017-10-15,118
2017-10-15,118
2017-10-16,118.5
2017-10-16,119
2017-10-16,118
2017-10-16,119
2017-10-17,118.5
2017-10-17,119
2017-10-17,118
2017-10-17,119
2017-10-18,119
2017-10-18,119
2017-10-18,118
2017-10-18,120
2017-10-19,122
2017-10-19,122
2017-10-19,120
2017-10-19,124
2017-10-20,125
2017-10-20,125
2017-10-20,126
2017-10-20,124
2017-10-21,124.5
2017-10-21,125
2017-10-21,125
2017-10-21,124
2017-10-22,126
2017-10-22,126
2017-10-22,124
2017-10-22,128
2017-10-23,126.5
2017-10-23,127
2017-10-23,128
2017-10-23,125
2017-10-24,123
2017-10-24,123
2017-10-24,125
2017-10-24,121
2017-10-25,118.5
2017-10-25,119
2017-10-25,120
2017-10-25,117
2017-10-26,115
2017-10-26,115
2017-10-26,116
2017-10-26,114
2017-10-27,112.5
2017-10-27,113
2017-10-27,113
2017-10-27,112
2017-10-28,110.5
2017-10-28,111
2017-10-28,113
2017-10-28,108
2017-10-29,106
2017-10-29,106
2017-10-29,107
2017-10-29,105
2017-10-30,104.5
2017-10-30,105
2017-10-30,106
2017-10-30,103
2017-10-31,104.5
2017-10-31,105
2017-10-31,104
2017-10-31,105
2017-11-01,104
2017-11-01,104
2017-11-01,106
2017-11-01,102
2017-11-02,101
2017-11-02,101
2017-11-02,102
2017-11-02,100
2017-11-03,107
2017-11-03,107
2017-11-03,105
2017-11-03,109
2017-11-04,112.5
2017-11-04,113
2017-11-04,111
2017-11-04,114
2017-11-05,118.5
2017-11-05,119
2017-11-05,116
2017-11-05,121
2017-11-06,124.5
2017-11-06,125
2017-11-06,126
2017-11-06,123
2017-11-07,128
2017-11-07,128
2017-11-07,130
2017-11-07,126
2017-11-08,132
2017-11-08,132
2017-11-08,132
2017-11-08,132
2017-11-09,129.5
2017-11-09,130
2017-11-09,130
2017-11-09,129
2017-11-10,130
2017-11-10,130
2017-11-10,128
2017-11-10,132
2017-11-11,134.5
2017-11-11,135
2017-11-11,133
2017-11-11,136
2017-11-12,137
2017-11-12,137
2017-11-12,137
2017-11-12,137
2017-11-13,138
2017-11-13,138
2017-11-13,137
2017-11-13,139
2017-11-14,140.5
2017-11-14,141
2017-11-14,140
2017-11-14,141
2017-11-15,144
2017-11-15,144
2017-11-15,142
2017-11-15,146
2017-11-16,149.5
2017-11-16,150
2017-11-16,148
2017-11-16,151
2017-11-17,154.5
2017-11-17,155
2017-11-17,154
2017-11-17,155
2017-11-18,158.5
2017-11-18,159
2017-11-18,157
2017-11-18,160
2017-11-19,163
2017-11-19,163
2017-11-19,162
2017-11-19,164
2017-11-20,165
2017-11-20,165
2017-11-20,166
2017-11-20,164
2017-11-21,167.5
2017-11-21,168
2017-11-21,168
2017-11-21,167
2017-11-22,168.5
2017-11-22,169
2017-11-22,169
2017-11-22,168
2017-11-23,170.5
2017-11-23,171
2017-11-23,170
2017-11-23,171
2017-11-24,173.5
2017-11-24,174
2017-11-24,173
2017-11-24,174
2017-11-25,175.5
2017-11-25,176
2017-11-25,176
2017-11-25,175
2017-11-26,175
2017-11-26,175
2017-11-26,176
2017-11-26,174
2017-11-27,178.5
2017-11-27,179
2017-11-27,178
2017-11-27,179
2017-11-28,179
2017-11-28,179
2017-11-28,178
2017-11-28,180
2017-11-29,182
2017-11-29,182
2017-11-29,181
2017-11-29,183
2017-11-30,186
2017-11-30,186
2017-11-30,184
2017-11-30,188
2017-12-01,190
2017-12-01,190
2017-12-01,189
2017-12-01,191
2017-12-02,194
2017-12-02,194
2017-12-02,192
2017-12-02,196
2017-12-03,201
2017-12-03,201
2017-12-03,200
2017-12-03,202
2017-12-04,205
2017-12-04,204.5
2017-12-04,204
2017-12-04,205
2017-12-05,209
2017-12-05,209
2017-12-05,209
2017-12-05,209
2017-12-06,213
2017-12-06,213
2017-12-06,214
2017-12-06,212
2017-12-07,215
2017-12-07,215
2017-12-07,216
2017-12-07,214
2017-12-08,216
2017-12-08,216
2017-12-08,216
2017-12-08,216
2017-12-09,218
2017-12-09,217.5
2017-12-09,218
2017-12-09,217
2017-12-10,218
2017-12-10,218
2017-12-10,219
2017-12-10,217
2017-12-11,218
2017-12-11,217.5
2017-12-11,218
2017-12-11,217
2017-12-12,220
2017-12-12,220
2017-12-12,220
2017-12-12,220
2017-12-13,220
2017-12-13,219.5
2017-12-13,219
2017-12-13,220
2017-12-14,222
2017-12-14,222
2017-12-14,220
2017-12-14,224
2017-12-15,224
2017-12-15,224
2017-12-15,224
2017-12-15,224
2017-12-16,226
2017-12-16,225.5
2017-12-16,225
2017-12-16,226
2017-12-17,228
2017-12-17,227.5
2017-12-17,228
2017-12-17,227
2017-12-18,230
2017-12-18,229.5
2017-12-18,228
2017-12-18,231
2017-12-19,235
2017-12-19,234.5
2017-12-19,234
2017-12-19,235
2017-12-20,237
2017-12-20,236.5
2017-12-20,237
2017-12-20,236
2017-12-21,235
2017-12-21,235
2017-12-21,236
2017-12-21,234
2017-12-22,239
2017-12-22,239
2017-12-22,238
2017-12-22,240
2017-12-23,242
2017-12-23,242
2017-12-23,241
2017-12-23,243
2017-12-24,247
2017-12-24,246.5
2017-12-24,244
2017-12-24,249
2017-12-25,253
2017-12-25,252.5
2017-12-25,251
2017-12-25,254
2017-12-26,255
2017-12-26,254.5
2017-12-26,253
2017-12-26,256
2017-12-27,259
2017-12-27,258.5
2017-12-27,257
2017-12-27,260
2017-12-28,264
2017-12-28,264
2017-12-28,262
2017-12-28,266
2017-12-29,269
2017-12-29,269
2017-12-29,268
2017-12-29,270
2017-12-30,274
2017-12-30,273.5
2017-12-30,272
2017-12-30,275
2017-12-31,280
2017-12-31,279.5
2017-12-31,277
2017-12-31,282
2018-01-01,287
2018-01-01,287
2018-01-01,285
2018-01-01,289
2018-01-02,295
2018-01-02,295
2018-01-02,292
2018-01-02,298
2018-01-03,303.5
2018-01-03,304
2018-01-03,303
2018-01-03,304
2018-01-04,309
2018-01-04,309
2018-01-04,306
2018-01-04,312
2018-01-05,315.5
2018-01-05,316
2018-01-05,319
2018-01-05,312
2018-01-06,323.5
2018-01-06,324
2018-01-06,326
2018-01-06,321
2018-01-07,332.5
2018-01-07,333
2018-01-07,333
2018-01-07,332
2018-01-08,338.5
2018-01-08,339
2018-01-08,335
2018-01-08,342
2018-01-09,344
2018-01-09,344
2018-01-09,344
2018-01-09,344
2018-01-10,345.5
2018-01-10,346
2018-01-10,346
2018-01-10,345
2018-01-11,347.5
2018-01-11,348
2018-01-11,347
2018-01-11,348
2018-01-12,352
2018-01-12,352
2018-01-12,351
2018-01-12,353
2018-01-13,352.5
2018-01-13,353
2018-01-13,353
2018-01-13,352
2018-01-14,354
2018-01-14,354
2018-01-14,354
2018-01-14,354
2018-01-15,357
2018-01-15,357
2018-01-15,355
2018-01-15,359
2018-01-16,363
2018-01-16,363
2018-01-16,362
2018-01-16,364
2018-01-17,368
2018-01-17,368
2018-01-17,367
2018-01-17,369
2018-01-18,374
2018-01-18,374
2018-01-18,372
2018-01-18,376
2018-01-19,379.5
2018-01-19,380
2018-01-19,379
2018-01-19,380
2018-01-20,384
2018-01-20,384
2018-01-20,384
2018-01-20,384
2018-01-21,387
2018-01-21,387
2018-01-21,385
2018-01-21,389
2018-01-22,393.5
2018-01-22,394
2018-01-22,393
2018-01-22,394
2018-01-23,400
2018-01-23,400
2018-01-23,396
2018-01-23,404
2018-01-24,406
2018-01-24,406
2018-01-24,402
2018-01-24,410
2018-01-25,410.5
2018-01-25,411
2018-01-25,407
2018-01-25,414
2018-01-26,413
2018-01-26,413
2018-01-26,412
2018-01-26,414
2018-01-27,415.5
2018-01-27,416
2018-01-27,415
2018-01-27,416
2018-01-28,422
2018-01-28,422
2018-01-28,418
2018-01-28,426
2018-01-29,427
2018-01-29,427
2018-01-29,428
2018-01-29,426
2018-01-30,426.5
2018-01-30,427
2018-01-30,426
2018-01-30,427
2018-01-31,433
2018-01-31,433
2018-01-31,432
2018-01-31,434
2018-02-01,447
2018-02-01,447
2018-02-01,447
2018-02-01,447
2018-02-02,449
2018-02-02,448.5
2018-02-02,447
2018-02-02,450
2018-02-03,457
2018-02-03,456.5
2018-02-03,455
2018-02-03,458
2018-02-04,461
2018-02-04,461
2018-02-04,460
2018-02-04,462
2018-02-05,466
2018-02-05,466
2018-02-05,465
2018-02-05,467
2018-02-06,471
2018-02-06,471
2018-02-06,470
2018-02-06,472
2018-02-07,475
2018-02-07,475
2018-02-07,474
2018-02-07,476
2018-02-08,477
2018-02-08,477
2018-02-08,476
2018-02-08,478
2018-02-09,478
2018-02-09,477.5
2018-02-09,477
2018-02-09,478
2018-02-10,484
2018-02-10,483.5
2018-02-10,484
2018-02-10,483
2018-02-11,484
2018-02-11,484
2018-02-11,484
2018-02-11,484
2018-02-12,491
2018-02-12,491
2018-02-12,492
2018-02-12,490
2018-02-13,494
2018-02-13,494
2018-02-13,492
2018-02-13,496
2018-02-14,500
2018-02-14,499.5
2018-02-14,498
2018-02-14,501
2018-02-15,507
2018-02-15,506.5
2018-02-15,506
2018-02-15,507
2018-02-16,511
2018-02-16,510.5
2018-02-16,509
2018-02-16,512
2018-02-17,517
2018-02-17,516.5
2018-02-17,515
2018-02-17,518
2018-02-18,525
2018-02-18,525
2018-02-18,520
2018-02-18,530
2018-02-19,539
2018-02-19,538.5
2018-02-19,537
2018-02-19,540
2018-02-20,545
2018-02-20,544.5
2018-02-20,543
2018-02-20,546
2018-02-21,555
2018-02-21,554.5
2018-02-21,553
2018-02-21,556
2018-02-22,562
2018-02-22,562
2018-02-22,561
2018-02-22,563
2018-02-23,567
2018-02-23,566.5
2018-02-23,566
2018-02-23,567
2018-02-24,572
2018-02-24,572
2018-02-24,571
2018-02-24,573
2018-02-25,576
2018-02-25,576
2018-02-25,575
2018-02-25,577
2018-02-26,578
2018-02-26,577.5
2018-02-26,578
2018-02-26,577
2018-02-27,580
2018-02-27,580
2018-02-27,578
2018-02-27,582
2018-02-28,584
2018-02-28,583.5
2018-02-28,583
2018-02-28,584
2018-03-01,587
2018-03-01,587
2018-03-01,587
2018-03-01,587
2018-03-02,589
2018-03-02,589
2018-03-02,589
2018-03-02,589
2018-03-03,592
2018-03-03,592
2018-03-03,592
2018-03-03,592
2018-03-04,595
2018-03-04,595
2018-03-04,594
2018-03-04,596
2018-03-05,600
2018-03-05,600
2018-03-05,600
2018-03-05,600
2018-03-06,602
2018-03-06,602
2018-03-06,602
2018-03-06,602
2018-03-07,605.5
2018-03-07,606
2018-03-07,605
2018-03-07,606
2018-03-08,608.5
2018-03-08,609
2018-03-08,608
2018-03-08,609
2018-03-09,610
2018-03-09,610
2018-03-09,610
2018-03-09,610
2018-03-10,612
2018-03-10,612
2018-03-10,612
2018-03-10,612
2018-03-11,612
2018-03-11,612
2018-03-11,612
2018-03-11,612
2018-03-12,611.5
2018-03-12,612
2018-03-12,611
2018-03-12,612
2018-03-13,610
2018-03-13,610
2018-03-13,610
2018-03-13,610
2018-03-14,611
2018-03-14,611
2018-03-14,611
2018-03-14,611
2018-03-15,611
2018-03-15,611
2018-03-15,611
2018-03-15,611
2018-03-16,611.5
2018-03-16,612
2018-03-16,611
2018-03-16,612
2018-03-17,613
2018-03-17,613
2018-03-17,613
2018-03-17,613
2018-03-18,613.5
2018-03-18,614
2018-03-18,613
2018-03-18,614
2018-03-19,614
2018-03-19,614
2018-03-19,614
2018-03-19,614
2018-03-20,615
2018-03-20,615
2018-03-20,615
2018-03-20,615
2018-03-21,615.5
2018-03-21,616
2018-03-21,615
2018-03-21,616
2018-03-22,616
2018-03-22,616
2018-03-22,616
2018-03-22,616
2018-03-23,616
2018-03-23,616
2018-03-23,616
2018-03-23,616
2018-03-24,618.5
2018-03-24,619
2018-03-24,618
2018-03-24,619
2018-03-25,619.5
2018-03-25,620
2018-03-25,619
2018-03-25,620
2018-03-26,620
2018-03-26,620
2018-03-26,620
2018-03-26,620
2018-03-27,621
2018-03-27,621
2018-03-27,621
2018-03-27,621
2018-03-28,621
2018-03-28,621
2018-03-28,621
2018-03-28,621
2018-03-29,621
2018-03-29,621
2018-03-29,621
2018-03-29,621
2018-03-30,623
2018-03-30,623
2018-03-30,623
2018-03-30,623
2018-03-31,624
2018-03-31,624
2018-03-31,624
2018-03-31,624
2018-04-01,627
2018-04-01,627
2018-04-01,626
2018-04-01,628
2018-04-02,635
2018-04-02,635
2018-04-02,634
2018-04-02,636
2018-04-03,641.5
2018-04-03,642
2018-04-03,639
2018-04-03,644
2018-04-04,647
2018-04-04,647
2018-04-04,644
2018-04-04,650
2018-04-05,653
2018-04-05,653
2018-04-05,652
2018-04-05,654
2018-04-06,655.5
2018-04-06,656
2018-04-06,654
2018-04-06,657
2018-04-07,658
2018-04-07,658
2018-04-07,658
2018-04-07,658
2018-04-08,660
2018-04-08,660
2018-04-08,660
2018-04-08,660
2018-04-09,662
2018-04-09,662
2018-04-09,662
2018-04-09,662
2018-04-10,664
2018-04-10,664
2018-04-10,664
2018-04-10,664
2018-04-11,665
2018-04-11,665
2018-04-11,665
2018-04-11,665
2018-04-12,666
2018-04-12,666
2018-04-12,666
2018-04-12,666
2018-04-13,672
2018-04-13,672
2018-04-13,672
2018-04-13,672
2018-04-14,675.5
2018-04-14,676
2018-04-14,675
2018-04-14,676
2018-04-15,678
2018-04-15,678
2018-04-15,678
2018-04-15,678
2018-04-16,682.5
2018-04-16,683
2018-04-16,681
2018-04-16,684
2018-04-17,687.5
2018-04-17,688
2018-04-17,686
2018-04-17,689
2018-04-18,691
2018-04-18,691
2018-04-18,690
2018-04-18,692
2018-04-19,693
2018-04-19,693
2018-04-19,692
2018-04-19,694
2018-04-20,700
2018-04-20,700
2018-04-20,698
2018-04-20,702
2018-04-21,703.5
2018-04-21,704
2018-04-21,702
2018-04-21,705
2018-04-22,705.5
2018-04-22,706
2018-04-22,705
2018-04-22,706
2018-04-23,707
2018-04-23,707
2018-04-23,706
2018-04-23,708
2018-04-24,709.5
2018-04-24,710
2018-04-24,708
2018-04-24,711
2018-04-25,714.5
2018-04-25,715
2018-04-25,712
2018-04-25,717
2018-04-26,720
2018-04-26,720
2018-04-26,720
2018-04-26,720
2018-04-27,723
2018-04-27,723
2018-04-27,723
2018-04-27,723
2018-04-28,725
2018-04-28,725
2018-04-28,724
2018-04-28,726
2018-04-29,727
2018-04-29,727
2018-04-29,726
2018-04-29,728
2018-04-30,729.5
2018-04-30,730
2018-04-30,728
2018-04-30,731
2018-05-01,735
2018-05-01,734.5
2018-05-01,734
2018-05-01,735
2018-05-02,740
2018-05-02,739.5
2018-05-02,738
2018-05-02,741
2018-05-03,746
2018-05-03,745.5
2018-05-03,744
2018-05-03,747
2018-05-04,750
2018-05-04,749.5
2018-05-04,748
2018-05-04,751
2018-05-05,754
2018-05-05,753.5
2018-05-05,752
2018-05-05,755
2018-05-06,757
2018-05-06,757
2018-05-06,756
2018-05-06,758
2018-05-07,759
2018-05-07,759
2018-05-07,758
2018-05-07,760
2018-05-08,761
2018-05-08,760.5
2018-05-08,760
2018-05-08,761
2018-05-09,763
2018-05-09,762.5
2018-05-09,762
2018-05-09,763
2018-05-10,764
2018-05-10,764
2018-05-10,764
2018-05-10,764
2018-05-11,764
2018-05-11,764
2018-05-11,763
2018-05-11,765
2018-05-12,766
2018-05-12,765.5
2018-05-12,765
2018-05-12,766
2018-05-13,768
2018-05-13,767.5
2018-05-13,767
2018-05-13,768
2018-05-14,770
2018-05-14,769.5
2018-05-14,769
2018-05-14,770
2018-05-15,775
2018-05-15,774.5
2018-05-15,773
2018-05-15,776
2018-05-16,778
2018-05-16,778
2018-05-16,778
2018-05-16,778
2018-05-17,782
2018-05-17,781.5
2018-05-17,781
2018-05-17,782
2018-05-18,784
2018-05-18,784
2018-05-18,784
2018-05-18,784
2018-05-19,786
2018-05-19,786
2018-05-19,786
2018-05-19,786
2018-05-20,788
2018-05-20,788
2018-05-20,788
2018-05-20,788
2018-05-21,791
2018-05-21,791
2018-05-21,790
2018-05-21,792
2018-05-22,796
2018-05-22,795.5
2018-05-22,795
2018-05-22,796
2018-05-23,802
2018-05-23,801.5
2018-05-23,801
2018-05-23,802
2018-05-24,801
2018-05-24,804
2018-05-24,804
2018-05-24,804
2018-05-25,801
2018-05-25,805
2018-05-25,805
2018-05-25,805
2018-05-26,801
2018-05-26,804.5
2018-05-26,805
2018-05-26,804
2018-05-27,799
2018-05-27,802.5
2018-05-27,804
2018-05-27,801
2018-05-28,797
2018-05-28,801
2018-05-28,801
2018-05-28,801
2018-05-29,796
2018-05-29,800
2018-05-29,800
2018-05-29,800
2018-05-30,796
2018-05-30,799
2018-05-30,799
2018-05-30,799
2018-05-31,796
2018-05-31,799
2018-05-31,799
2018-05-31,799
2018-06-01,797
2018-06-01,801
2018-06-01,801
2018-06-01,801
2018-06-02,797
2018-06-02,801
2018-06-02,801
2018-06-02,801
2018-06-03,798
2018-06-03,802
2018-06-03,802
2018-06-03,802
2018-06-04,799
2018-06-04,803
2018-06-04,803
2018-06-04,803
2018-06-05,799
2018-06-05,803
2018-06-05,802
2018-06-05,804
2018-06-06,800
2018-06-06,804
2018-06-06,804
2018-06-06,804
2018-06-07,799
2018-06-07,803
2018-06-07,803
2018-06-07,803
2018-06-08,799
2018-06-08,804
2018-06-08,804
2018-06-08,804
2018-06-09,799
2018-06-09,804
2018-06-09,804
2018-06-09,804
2018-06-10,799
2018-06-10,804
2018-06-10,804
2018-06-10,804
2018-06-11,798
2018-06-11,803
2018-06-11,803
2018-06-11,803
2018-06-12,797
2018-06-12,802
2018-06-12,802
2018-06-12,802
2018-06-13,794
2018-06-13,800
2018-06-13,800
2018-06-13,800
2018-06-14,793
2018-06-14,798
2018-06-14,798
2018-06-14,798
2018-06-15,790
2018-06-15,796
2018-06-15,796
2018-06-15,796
2018-06-16,789
2018-06-16,795
2018-06-16,795
2018-06-16,795
2018-06-17,790
2018-06-17,796
2018-06-17,796
2018-06-17,796
2018-06-18,791
2018-06-18,796
2018-06-18,796
2018-06-18,796
2018-06-19,793
2018-06-19,797
2018-06-19,797
2018-06-19,797
2018-06-20,798
2018-06-20,797
2018-06-20,798
2018-06-20,796
2018-06-21,797
2018-06-21,794.5
2018-06-21,795
2018-06-21,794
2018-06-22,796
2018-06-22,791.5
2018-06-22,793
2018-06-22,790
2018-06-23,794
2018-06-23,787
2018-06-23,788
2018-06-23,786
2018-06-24,793
2018-06-24,783
2018-06-24,784
2018-06-24,782
2018-06-25,792
2018-06-25,779.5
2018-06-25,780
2018-06-25,779
2018-06-26,790
2018-06-26,776
2018-06-26,776
2018-06-26,776
2018-06-27,789
2018-06-27,773.5
2018-06-27,774
2018-06-27,773
2018-06-28,787
2018-06-28,771.5
2018-06-28,772
2018-06-28,771
2018-06-29,785
2018-06-29,768.5
2018-06-29,770
2018-06-29,767
2018-06-30,783
2018-06-30,764.5
2018-06-30,765
2018-06-30,764
2018-07-01,782
2018-07-01,761
2018-07-01,762
2018-07-01,760
2018-07-02,780
2018-07-02,757.5
2018-07-02,758
2018-07-02,757
2018-07-03,778
2018-07-03,755.5
2018-07-03,756
2018-07-03,755
2018-07-04,776
2018-07-04,753.5
2018-07-04,754
2018-07-04,753
2018-07-05,773
2018-07-05,752
2018-07-05,752
2018-07-05,752
2018-07-06,771
2018-07-06,751
2018-07-06,751
2018-07-06,751
2018-07-07,769
2018-07-07,751
2018-07-07,751
2018-07-07,751
2018-07-08,767
2018-07-08,750
2018-07-08,750
2018-07-08,750
2018-07-09,765
2018-07-09,750
2018-07-09,750
2018-07-09,750
2018-07-10,763
2018-07-10,749
2018-07-10,749
2018-07-10,749
2018-07-11,761
2018-07-11,749
2018-07-11,749
2018-07-11,749
2018-07-12,761
2018-07-12,748
2018-07-12,748
2018-07-12,748
2018-07-13,761
2018-07-13,746.5
2018-07-13,747
2018-07-13,746
2018-07-14,761
2018-07-14,743
2018-07-14,744
2018-07-14,742
2018-07-15,760
2018-07-15,740
2018-07-15,740
2018-07-15,740
2018-07-16,759
2018-07-16,738.5
2018-07-16,738
2018-07-16,739
2018-07-17,758
2018-07-17,737.5
2018-07-17,738
2018-07-17,737
2018-07-18,757
2018-07-18,736.5
2018-07-18,737
2018-07-18,736
2018-07-19,754
2018-07-19,735
2018-07-19,736
2018-07-19,734
2018-07-20,751
2018-07-20,734
2018-07-20,734
2018-07-20,734
2018-07-21,748
2018-07-21,733
2018-07-21,733
2018-07-21,733
2018-07-22,744
2018-07-22,732.5
2018-07-22,733
2018-07-22,732
2018-07-23,740
2018-07-23,730.5
2018-07-23,731
2018-07-23,730
2018-07-24,735
2018-07-24,728.5
2018-07-24,729
2018-07-24,728
2018-07-25,732
2018-07-25,725.5
2018-07-25,726
2018-07-25,725
2018-07-26,729
2018-07-26,723
2018-07-26,723
2018-07-26,723
2018-07-27,727
2018-07-27,721.5
2018-07-27,722
2018-07-27,721
2018-07-28,725
2018-07-28,720
2018-07-28,720
2018-07-28,720
2018-07-29,723
2018-07-29,717.5
2018-07-29,718
2018-07-29,717
2018-07-30,721
2018-07-30,715
2018-07-30,716
2018-07-30,714
2018-07-31,718
2018-07-31,712.5
2018-07-31,713
2018-07-31,712
2018-08-01,709
2018-08-01,716
2018-08-01,710
2018-08-01,708
2018-08-02,705
2018-08-02,714
2018-08-02,706
2018-08-02,704
2018-08-03,702.5
2018-08-03,711
2018-08-03,703
2018-08-03,702
2018-08-04,699.5
2018-08-04,708
2018-08-04,701
2018-08-04,698
2018-08-05,691
2018-08-05,705
2018-08-05,692
2018-08-05,690
2018-08-06,687
2018-08-06,700
2018-08-06,688
2018-08-06,686
2018-08-07,681
2018-08-07,695
2018-08-07,683
2018-08-07,679
2018-08-08,675.5
2018-08-08,690
2018-08-08,676
2018-08-08,675
2018-08-09,673
2018-08-09,684
2018-08-09,673
2018-08-09,673
2018-08-10,668.5
2018-08-10,679
2018-08-10,669
2018-08-10,668
2018-08-11,665
2018-08-11,674
2018-08-11,666
2018-08-11,664
2018-08-12,661
2018-08-12,670
2018-08-12,662
2018-08-12,660
2018-08-13,657
2018-08-13,666
2018-08-13,658
2018-08-13,656
2018-08-14,653
2018-08-14,662
2018-08-14,654
2018-08-14,652
2018-08-15,649
2018-08-15,658
2018-08-15,650
2018-08-15,648
2018-08-16,645
2018-08-16,655
2018-08-16,646
2018-08-16,644
2018-08-17,640
2018-08-17,651
2018-08-17,642
2018-08-17,638
2018-08-18,634
2018-08-18,648
2018-08-18,636
2018-08-18,632
2018-08-19,629
2018-08-19,642
2018-08-19,630
2018-08-19,628
2018-08-20,624
2018-08-20,637
2018-08-20,626
2018-08-20,622
2018-08-21,618
2018-08-21,632
2018-08-21,620
2018-08-21,616
2018-08-22,613
2018-08-22,626
2018-08-22,614
2018-08-22,612
2018-08-23,608
2018-08-23,621
2018-08-23,610
2018-08-23,606
2018-08-24,603.5
2018-08-24,615
2018-08-24,605
2018-08-24,602
2018-08-25,599
2018-08-25,609
2018-08-25,600
2018-08-25,598
2018-08-26,594
2018-08-26,604
2018-08-26,596
2018-08-26,592
2018-08-27,589
2018-08-27,600
2018-08-27,590
2018-08-27,588
2018-08-28,585
2018-08-28,596
2018-08-28,586
2018-08-28,584
2018-08-29,580
2018-08-29,592
2018-08-29,582
2018-08-29,578
2018-08-30,574.5
2018-08-30,588
2018-08-30,575
2018-08-30,574
2018-08-31,568
2018-08-31,583
2018-08-31,565
2018-08-31,571
2018-09-01,563.5
2018-09-01,577
2018-09-01,565
2018-09-01,562
2018-09-02,561
2018-09-02,572
2018-09-02,560
2018-09-02,562
2018-09-03,555
2018-09-03,566
2018-09-03,554
2018-09-03,556
2018-09-04,551
2018-09-04,561
2018-09-04,550
2018-09-04,552
2018-09-05,545
2018-09-05,555
2018-09-05,545
2018-09-05,545
2018-09-06,541
2018-09-06,550
2018-09-06,540
2018-09-06,542
2018-09-07,537
2018-09-07,545
2018-09-07,536
2018-09-07,538
2018-09-08,533.5
2018-09-08,540
2018-09-08,533
2018-09-08,534
2018-09-09,531
2018-09-09,537
2018-09-09,530
2018-09-09,532
2018-09-10,530
2018-09-10,534
2018-09-10,530
2018-09-10,530
2018-09-11,529.5
2018-09-11,530
2018-09-11,529
2018-09-11,530
2018-09-12,528
2018-09-12,528
2018-09-12,528
2018-09-12,528
2018-09-13,526
2018-09-13,526
2018-09-13,526
2018-09-13,526
2018-09-14,525
2018-09-14,523
2018-09-14,526
2018-09-14,524
2018-09-15,522.5
2018-09-15,519
2018-09-15,523
2018-09-15,522
2018-09-16,518.5
2018-09-16,514
2018-09-16,520
2018-09-16,517
2018-09-17,512
2018-09-17,508
2018-09-17,514
2018-09-17,510
2018-09-18,504.5
2018-09-18,500
2018-09-18,507
2018-09-18,502
2018-09-19,495.5
2018-09-19,495
2018-09-19,497
2018-09-19,494
2018-09-20,489
2018-09-20,486
2018-09-20,490
2018-09-20,488
2018-09-21,484
2018-09-21,477
2018-09-21,486
2018-09-21,482
2018-09-22,476
2018-09-22,468
2018-09-22,478
2018-09-22,474
2018-09-23,466
2018-09-23,460
2018-09-23,468
2018-09-23,464
2018-09-24,452.5
2018-09-24,453
2018-09-24,454
2018-09-24,451
2018-09-25,446
2018-09-25,446
2018-09-25,448
2018-09-25,444
2018-09-26,441
2018-09-26,438
2018-09-26,442
2018-09-26,440
2018-09-27,438
2018-09-27,431
2018-09-27,438
2018-09-27,438
2018-09-28,435
2018-09-28,425
2018-09-28,436
2018-09-28,434
2018-09-29,431
2018-09-29,417
2018-09-29,432
2018-09-29,430
2018-09-30,426
2018-09-30,410
2018-09-30,428
2018-09-30,424
2018-10-01,402
2018-10-01,407.5
2018-10-01,410
2018-10-01,405
2018-10-02,393
2018-10-02,397
2018-10-02,398
2018-10-02,396
2018-10-03,383
2018-10-03,390
2018-10-03,392
2018-10-03,388
2018-10-04,372
2018-10-04,378.5
2018-10-04,380
2018-10-04,377
2018-10-05,362
2018-10-05,369.5
2018-10-05,372
2018-10-05,367
2018-10-06,351
2018-10-06,358
2018-10-06,360
2018-10-06,356
2018-10-07,340
2018-10-07,348
2018-10-07,352
2018-10-07,344
2018-10-08,330
2018-10-08,333
2018-10-08,330
2018-10-08,336
2018-10-09,320
2018-10-09,323
2018-10-09,326
2018-10-09,320
2018-10-10,310
2018-10-10,323
2018-10-10,326
2018-10-10,320
2018-10-11,300
2018-10-11,300
2018-10-11,306
2018-10-11,294
2018-10-12,290
2018-10-12,291
2018-10-12,292
2018-10-12,290
2018-10-13,278
2018-10-13,283.5
2018-10-13,287
2018-10-13,280
2018-10-14,266
2018-10-14,270
2018-10-14,276
2018-10-14,264
2018-10-15,251
2018-10-15,256
2018-10-15,258
2018-10-15,254
2018-10-16,234
2018-10-16,237.5
2018-10-16,241
2018-10-16,234
2018-10-17,218
2018-10-17,219.5
2018-10-17,223
2018-10-17,216
2018-10-18,201
2018-10-18,204.5
2018-10-18,208
2018-10-18,201
2018-10-19,187
2018-10-19,190
2018-10-19,193
2018-10-19,187
2018-10-20,177
2018-10-20,179.5
2018-10-20,183
2018-10-20,176
2018-10-21,166
2018-10-21,169
2018-10-21,171
2018-10-21,167
2018-10-22,155
2018-10-22,159.5
2018-10-22,161
2018-10-22,158
2018-10-23,148
2018-10-23,146.5
2018-10-23,151
2018-10-23,142
2018-10-24,142
2018-10-24,142
2018-10-24,142
2018-10-24,142
2018-10-25,135
2018-10-25,141
2018-10-25,142
2018-10-25,140
2018-10-26,125
2018-10-26,137.5
2018-10-26,140
2018-10-26,135
2018-10-27,121
2018-10-27,133.5
2018-10-27,137
2018-10-27,130
2018-10-28,118
2018-10-28,128.5
2018-10-28,131
2018-10-28,126
2018-10-29,112
2018-10-29,123
2018-10-29,125
2018-10-29,121
2018-10-30,107
2018-10-30,117
2018-10-30,118
2018-10-30,116
2018-10-31,102
2018-10-31,112
2018-10-31,114
2018-10-31,110
2018-11-01,107
2018-11-01,97
2018-11-01,108
2018-11-01,106
2018-11-02,101.5
2018-11-02,91
2018-11-02,102
2018-11-02,101
2018-11-03,99
2018-11-03,89
2018-11-03,100
2018-11-03,98
2018-11-04,98
2018-11-04,88
2018-11-04,97
2018-11-04,99
2018-11-05,99
2018-11-05,88
2018-11-05,99
2018-11-05,99
2018-11-06,100
2018-11-06,88
2018-11-06,99
2018-11-06,101
2018-11-07,103.5
2018-11-07,90
2018-11-07,103
2018-11-07,104
2018-11-08,108.5
2018-11-08,94
2018-11-08,108
2018-11-08,109
2018-11-09,111
2018-11-09,98
2018-11-09,112
2018-11-09,110
2018-11-10,110
2018-11-10,99
2018-11-10,112
2018-11-10,108
2018-11-11,110
2018-11-11,97
2018-11-11,113
2018-11-11,107
2018-11-12,105
2018-11-12,96
2018-11-12,107
2018-11-12,103
2018-11-13,103
2018-11-13,94
2018-11-13,104
2018-11-13,102
2018-11-14,101
2018-11-14,92
2018-11-14,102
2018-11-14,100
2018-11-15,100.5
2018-11-15,90
2018-11-15,101
2018-11-15,100
2018-11-16,97
2018-11-16,89
2018-11-16,98
2018-11-16,96
2018-11-17,96
2018-11-17,97
2018-11-17,96
2018-11-17,96
2018-11-18,98
2018-11-18,97
2018-11-18,98
2018-11-18,98
2018-11-19,103
2018-11-19,98
2018-11-19,102
2018-11-19,104
2018-11-20,106
2018-11-20,101
2018-11-20,104
2018-11-20,108
2018-11-21,112
2018-11-21,107
2018-11-21,110
2018-11-21,114
2018-11-22,120.5
2018-11-22,115
2018-11-22,118
2018-11-22,123
2018-11-23,129
2018-11-23,121
2018-11-23,128
2018-11-23,130
2018-11-24,135.5
2018-11-24,128
2018-11-24,133
2018-11-24,138
2018-11-25,142.5
2018-11-25,135
2018-11-25,142
2018-11-25,143
2018-11-26,145
2018-11-26,140
2018-11-26,146
2018-11-26,144
2018-11-27,156
2018-11-27,149
2018-11-27,156
2018-11-27,156
2018-11-28,159
2018-11-28,154
2018-11-28,158
2018-11-28,160
2018-11-29,163
2018-11-29,157
2018-11-29,163
2018-11-29,163
2018-11-30,169
2018-11-30,164
2018-11-30,168
2018-11-30,170
2018-12-01,173
2018-12-01,163
2018-12-01,172
2018-12-01,174
2018-12-02,179
2018-12-02,179
2018-12-02,178
2018-12-02,180
2018-12-03,185
2018-12-03,185
2018-12-03,182
2018-12-03,188
2018-12-04,195
2018-12-04,195
2018-12-04,192
2018-12-04,198
2018-12-05,206.5
2018-12-05,207
2018-12-05,204
2018-12-05,209
2018-12-06,216.5
2018-12-06,217
2018-12-06,215
2018-12-06,218
2018-12-07,226
2018-12-07,226
2018-12-07,224
2018-12-07,228
2018-12-08,236
2018-12-08,236
2018-12-08,232
2018-12-08,240
2018-12-09,246
2018-12-09,246
2018-12-09,244
2018-12-09,248
2018-12-10,258
2018-12-10,258
2018-12-10,254
2018-12-10,262
2018-12-11,273
2018-12-11,273
2018-12-11,272
2018-12-11,274
2018-12-12,290.5
2018-12-12,291
2018-12-12,284
2018-12-12,297
2018-12-13,295
2018-12-13,295
2018-12-13,294
2018-12-13,296
2018-12-14,305.5
2018-12-14,306
2018-12-14,303
2018-12-14,308
2018-12-15,314
2018-12-15,314
2018-12-15,312
2018-12-15,316
2018-12-16,323
2018-12-16,323
2018-12-16,320
2018-12-16,326
2018-12-17,326
2018-12-17,326
2018-12-17,328
2018-12-17,324
2018-12-18,337
2018-12-18,337
2018-12-18,336
2018-12-18,338
2018-12-19,344
2018-12-19,344
2018-12-19,342
2018-12-19,346
2018-12-20,353
2018-12-20,353
2018-12-20,350
2018-12-20,356
2018-12-21,362
2018-12-21,362
2018-12-21,360
2018-12-21,364
2018-12-22,372.5
2018-12-22,373
2018-12-22,371
2018-12-22,374
2018-12-23,381
2018-12-23,381
2018-12-23,379
2018-12-23,383
2018-12-24,386
2018-12-24,386
2018-12-24,383
2018-12-24,389
2018-12-25,395.5
2018-12-25,396
2018-12-25,394
2018-12-25,397
2018-12-26,403
2018-12-26,403
2018-12-26,400
2018-12-26,406
2018-12-27,406.5
2018-12-27,407
2018-12-27,405
2018-12-27,408
2018-12-28,411
2018-12-28,411
2018-12-28,410
2018-12-28,412
2018-12-29,415.5
2018-12-29,416
2018-12-29,414
2018-12-29,417
2018-12-30,420.5
2018-12-30,421
2018-12-30,420
2018-12-30,421
2018-12-31,424.5
2018-12-31,425
2018-12-31,424
2018-12-31,425
2019-01-01,427.5
2019-01-01,428
2019-01-01,427
2019-01-01,428
2019-01-02,430
2019-01-02,430
2019-01-02,430
2019-01-02,430
2019-01-03,432
2019-01-03,432
2019-01-03,432
2019-01-03,432
2019-01-04,435.5
2019-01-04,436
2019-01-04,435
2019-01-04,436
2019-01-05,439
2019-01-05,439
2019-01-05,438
2019-01-05,440
2019-01-06,440.5
2019-01-06,441
2019-01-06,441
2019-01-06,440
2019-01-07,449
2019-01-07,449
2019-01-07,448
2019-01-07,450
2019-01-08,453.5
2019-01-08,454
2019-01-08,453
2019-01-08,454
2019-01-09,458.5
2019-01-09,459
2019-01-09,457
2019-01-09,460
2019-01-10,470
2019-01-10,470
2019-01-10,467
2019-01-10,473
2019-01-11,477.5
2019-01-11,478
2019-01-11,477
2019-01-11,478
2019-01-12,483
2019-01-12,483
2019-01-12,482
2019-01-12,484
2019-01-13,484
2019-01-13,484
2019-01-13,484
2019-01-13,484
2019-01-14,490.5
2019-01-14,491
2019-01-14,490
2019-01-14,491
2019-01-15,492.5
2019-01-15,493
2019-01-15,492
2019-01-15,493
2019-01-16,495.5
2019-01-16,496
2019-01-16,492
2019-01-16,499
2019-01-17,496
2019-01-17,496
2019-01-17,494
2019-01-17,498
2019-01-18,497.5
2019-01-18,498
2019-01-18,497
2019-01-18,498
2019-01-19,502
2019-01-19,502
2019-01-19,500
2019-01-19,504
2019-01-20,508.5
2019-01-20,509
2019-01-20,507
2019-01-20,510
2019-01-21,515.5
2019-01-21,516
2019-01-21,514
2019-01-21,517
2019-01-22,522
2019-01-22,522
2019-01-22,520
2019-01-22,524
2019-01-23,527
2019-01-23,527
2019-01-23,526
2019-01-23,528
2019-01-24,533.5
2019-01-24,534
2019-01-24,532
2019-01-24,535
2019-01-25,539.5
2019-01-25,540
2019-01-25,539
2019-01-25,540
2019-01-26,541.5
2019-01-26,542
2019-01-26,541
2019-01-26,542
2019-01-27,545
2019-01-27,545
2019-01-27,544
2019-01-27,546
2019-01-28,548.5
2019-01-28,549
2019-01-28,548
2019-01-28,549
2019-01-29,550
2019-01-29,550
2019-01-29,550
2019-01-29,550
2019-01-30,552
2019-01-30,552
2019-01-30,552
2019-01-30,552
2019-01-31,552.5
2019-01-31,553
2019-01-31,553
2019-01-31,552
2019-02-01,552.5
2019-02-01,553
2019-02-01,553
2019-02-01,552
2019-02-02,552.5
2019-02-02,553
2019-02-02,553
2019-02-02,552
2019-02-03,553.5
2019-02-03,554
2019-02-03,553
2019-02-03,554
2019-02-04,556.5
2019-02-04,557
2019-02-04,556
2019-02-04,557
2019-02-05,560
2019-02-05,560
2019-02-05,560
2019-02-05,560
2019-02-06,561
2019-02-06,561
2019-02-06,561
2019-02-06,561
2019-02-07,565
2019-02-07,565
2019-02-07,563
2019-02-07,567
2019-02-08,571
2019-02-08,571
2019-02-08,570
2019-02-08,572
2019-02-09,578.5
2019-02-09,579
2019-02-09,577
2019-02-09,580
2019-02-10,586.5
2019-02-10,587
2019-02-10,585
2019-02-10,588
2019-02-11,590.5
2019-02-11,591
2019-02-11,590
2019-02-11,591
2019-02-12,594.5
2019-02-12,595
2019-02-12,593
2019-02-12,596
2019-02-13,600.5
2019-02-13,601
2019-02-13,600
2019-02-13,601
2019-02-14,606
2019-02-14,606
2019-02-14,603
2019-02-14,609
2019-02-15,609
2019-02-15,609
2019-02-15,608
2019-02-15,610
2019-02-16,611
2019-02-16,611
2019-02-16,611
2019-02-16,611
2019-02-17,612
2019-02-17,612
2019-02-17,612
2019-02-17,612
2019-02-18,613.5
2019-02-18,614
2019-02-18,612
2019-02-18,615
2019-02-19,619
2019-02-19,619
2019-02-19,618
2019-02-19,620
2019-02-20,621.5
2019-02-20,622
2019-02-20,621
2019-02-20,622
2019-02-21,627.5
2019-02-21,628
2019-02-21,627
2019-02-21,628
2019-02-22,638
2019-02-22,638
2019-02-22,636
2019-02-22,640
2019-02-23,643.5
2019-02-23,644
2019-02-23,643
2019-02-23,644
2019-02-24,648
2019-02-24,648
2019-02-24,646
2019-02-24,650
2019-02-25,654
2019-02-25,654
2019-02-25,652
2019-02-25,656
2019-02-26,661
2019-02-26,661
2019-02-26,660
2019-02-26,662
2019-02-27,664
2019-02-27,664
2019-02-27,664
2019-02-27,664
2019-02-28,665
2019-02-28,665
2019-02-28,665
2019-02-28,665
2019-03-01,666.5
2019-03-01,667
2019-03-01,666
2019-03-01,667
2019-03-02,668
2019-03-02,668
2019-03-02,668
2019-03-02,668
2019-03-03,671.5
2019-03-03,672
2019-03-03,669
2019-03-03,674
2019-03-04,676.5
2019-03-04,677
2019-03-04,676
2019-03-04,677
2019-03-05,680.5
2019-03-05,681
2019-03-05,682
2019-03-05,679
2019-03-06,673.5
2019-03-06,674
2019-03-06,673
2019-03-06,674
2019-03-07,674
2019-03-07,674
2019-03-07,674
2019-03-07,674
2019-03-08,676.5
2019-03-08,677
2019-03-08,676
2019-03-08,677
2019-03-09,679.5
2019-03-09,680
2019-03-09,680
2019-03-09,679
2019-03-10,685.5
2019-03-10,686
2019-03-10,685
2019-03-10,686
2019-03-11,692.5
2019-03-11,693
2019-03-11,690
2019-03-11,695
2019-03-12,699
2019-03-12,699
2019-03-12,698
2019-03-12,700
2019-03-13,701
2019-03-13,701
2019-03-13,700
2019-03-13,702
2019-03-14,702
2019-03-14,702
2019-03-14,702
2019-03-14,702
2019-03-15,702.5
2019-03-15,703
2019-03-15,702
2019-03-15,703
2019-03-16,704
2019-03-16,704
2019-03-16,703
2019-03-16,705
2019-03-17,705.5
2019-03-17,706
2019-03-17,705
2019-03-17,706
2019-03-18,706
2019-03-18,706
2019-03-18,706
2019-03-18,706
2019-03-19,706
2019-03-19,706
2019-03-19,706
2019-03-19,706
2019-03-20,708
2019-03-20,708
2019-03-20,707
2019-03-20,709
2019-03-21,712.5
2019-03-21,713
2019-03-21,712
2019-03-21,713
2019-03-22,714.5
2019-03-22,715
2019-03-22,714
2019-03-22,715
2019-03-23,716.5
2019-03-23,717
2019-03-23,716
2019-03-23,717
2019-03-24,718
2019-03-24,718
2019-03-24,718
2019-03-24,718
2019-03-25,720
2019-03-25,720
2019-03-25,720
2019-03-25,720
2019-03-26,725
2019-03-26,725
2019-03-26,724
2019-03-26,726
2019-03-27,727
2019-03-27,727
2019-03-27,726
2019-03-27,728
2019-03-28,728
2019-03-28,728
2019-03-28,728
2019-03-28,728
2019-03-29,732
2019-03-29,732
2019-03-29,730
2019-03-29,734
2019-03-30,737
2019-03-30,737
2019-03-30,736
2019-03-30,738
2019-03-31,738
2019-03-31,738
2019-03-31,738
2019-03-31,738
2019-04-01,738
2019-04-01,738
2019-04-01,738
2019-04-01,738
2019-04-02,738.5
2019-04-02,739
2019-04-02,738
2019-04-02,739
2019-04-03,738
2019-04-03,738
2019-04-03,738
2019-04-03,738
2019-04-04,738.5
2019-04-04,739
2019-04-04,738
2019-04-04,739
2019-04-05,740
2019-04-05,740
2019-04-05,740
2019-04-05,740
2019-04-06,741
2019-04-06,741
2019-04-06,741
2019-04-06,741
2019-04-07,744
2019-04-07,744
2019-04-07,743
2019-04-07,745
2019-04-08,748.5
2019-04-08,749
2019-04-08,748
2019-04-08,749
2019-04-09,757.5
2019-04-09,758
2019-04-09,754
2019-04-09,761
2019-04-10,764.5
2019-04-10,765
2019-04-10,763
2019-04-10,766
2019-04-11,769
2019-04-11,769
2019-04-11,769
2019-04-11,769
2019-04-12,771
2019-04-12,771
2019-04-12,770
2019-04-12,772
2019-04-13,774
2019-04-13,774
2019-04-13,774
2019-04-13,774
2019-04-14,774.5
2019-04-14,775
2019-04-14,774
2019-04-14,775
2019-04-15,776
2019-04-15,776
2019-04-15,776
2019-04-15,776
2019-04-16,778.5
2019-04-16,779
2019-04-16,777
2019-04-16,780
2019-04-17,781.5
2019-04-17,782
2019-04-17,781
2019-04-17,782
2019-04-18,786.5
2019-04-18,787
2019-04-18,785
2019-04-18,788
2019-04-19,789
2019-04-19,789
2019-04-19,787
2019-04-19,791
2019-04-20,793
2019-04-20,793
2019-04-20,789
2019-04-20,797
2019-04-21,796.5
2019-04-21,797
2019-04-21,792
2019-04-21,801
2019-04-22,801.5
2019-04-22,802
2019-04-22,797
2019-04-22,806
2019-04-23,807
2019-04-23,807
2019-04-23,804
2019-04-23,810
2019-04-24,811.5
2019-04-24,812
2019-04-24,810
2019-04-24,813
2019-04-25,813
2019-04-25,813
2019-04-25,813
2019-04-25,813
2019-04-26,814.5
2019-04-26,815
2019-04-26,814
2019-04-26,815
2019-04-27,816
2019-04-27,816
2019-04-27,816
2019-04-27,816
2019-04-28,817.5
2019-04-28,818
2019-04-28,816
2019-04-28,819
2019-04-29,820
2019-04-29,820
2019-04-29,820
2019-04-29,820
2019-04-30,820
2019-04-30,820
2019-04-30,820
2019-04-30,820
2019-05-01,821
2019-05-01,820.5
2019-05-01,820
2019-05-01,821
2019-05-02,823
2019-05-02,822.5
2019-05-02,823
2019-05-02,822
2019-05-03,825
2019-05-03,825
2019-05-03,825
2019-05-03,825
2019-05-04,826
2019-05-04,826
2019-05-04,826
2019-05-04,826
2019-05-05,826
2019-05-05,826
2019-05-05,826
2019-05-05,826
2019-05-06,826
2019-05-06,826
2019-05-06,826
2019-05-06,826
2019-05-07,827
2019-05-07,827
2019-05-07,827
2019-05-07,827
2019-05-08,827
2019-05-08,827
2019-05-08,827
2019-05-08,827
2019-05-09,829
2019-05-09,829
2019-05-09,829
2019-05-09,829
2019-05-10,831
2019-05-10,830.5
2019-05-10,830
2019-05-10,831
2019-05-11,834
2019-05-11,833.5
2019-05-11,833
2019-05-11,834
2019-05-12,838
2019-05-12,838
2019-05-12,838
2019-05-12,838
2019-05-13,841
2019-05-13,840.5
2019-05-13,840
2019-05-13,841
2019-05-14,843
2019-05-14,842.5
2019-05-14,842
2019-05-14,843
2019-05-15,847
2019-05-15,847
2019-05-15,846
2019-05-15,848
2019-05-16,848
2019-05-16,848
2019-05-16,848
2019-05-16,848
2019-05-17,852
2019-05-17,851.5
2019-05-17,851
2019-05-17,852
2019-05-18,853
2019-05-18,853
2019-05-18,853
2019-05-18,853
2019-05-19,855
2019-05-19,855
2019-05-19,854
2019-05-19,856
2019-05-20,861
2019-05-20,861
2019-05-20,858
2019-05-20,864
2019-05-21,866
2019-05-21,865.5
2019-05-21,861
2019-05-21,870
2019-05-22,870
2019-05-22,869.5
2019-05-22,866
2019-05-22,873
2019-05-23,874
2019-05-23,873.5
2019-05-23,872
2019-05-23,875
2019-05-24,876
2019-05-24,875.5
2019-05-24,874
2019-05-24,877
2019-05-25,877
2019-05-25,876.5
2019-05-25,876
2019-05-25,877
2019-05-26,877
2019-05-26,877
2019-05-26,877
2019-05-26,877
2019-05-27,877
2019-05-27,877
2019-05-27,877
2019-05-27,877
2019-05-28,877
2019-05-28,877
2019-05-28,877
2019-05-28,877
2019-05-29,876
2019-05-29,876
2019-05-29,876
2019-05-29,876
2019-05-30,876
2019-05-30,876
2019-05-30,876
2019-05-30,876
2019-05-31,876
2019-05-31,876
2019-05-31,876
2019-05-31,876
2019-06-01,877
2019-06-01,877
2019-06-01,877
2019-06-01,877
2019-06-02,878
2019-06-02,878
2019-06-02,878
2019-06-02,878
2019-06-03,878
2019-06-03,878
2019-06-03,878
2019-06-03,878
2019-06-04,878
2019-06-04,878
2019-06-04,878
2019-06-04,878
2019-06-05,878
2019-06-05,878
2019-06-05,878
2019-06-05,878
2019-06-06,878
2019-06-06,878
2019-06-06,878
2019-06-06,878
2019-06-07,878
2019-06-07,878
2019-06-07,878
2019-06-07,878
2019-06-08,880
2019-06-08,880
2019-06-08,880
2019-06-08,880
2019-06-09,880
2019-06-09,880
2019-06-09,880
2019-06-09,880
2019-06-10,879
2019-06-10,879
2019-06-10,879
2019-06-10,879
2019-06-11,878
2019-06-11,878
2019-06-11,878
2019-06-11,878
2019-06-12,879
2019-06-12,879
2019-06-12,879
2019-06-12,879
2019-06-13,879
2019-06-13,879
2019-06-13,879
2019-06-13,879
2019-06-14,879
2019-06-14,879
2019-06-14,879
2019-06-14,879
2019-06-15,879
2019-06-15,878.5
2019-06-15,879
2019-06-15,878
2019-06-16,878
2019-06-16,878
2019-06-16,878
2019-06-16,878
2019-06-17,879
2019-06-17,878.5
2019-06-17,879
2019-06-17,878
2019-06-18,878
2019-06-18,878
2019-06-18,878
2019-06-18,878
2019-06-19,878
2019-06-19,877.5
2019-06-19,878
2019-06-19,877
2019-06-20,877
2019-06-20,876.5
2019-06-20,877
2019-06-20,876
2019-06-21,876
2019-06-21,876
2019-06-21,876
2019-06-21,876
2019-06-22,875
2019-06-22,874.5
2019-06-22,875
2019-06-22,874
2019-06-23,871
2019-06-23,871
2019-06-23,872
2019-06-23,870
2019-06-24,869
2019-06-24,868.5
2019-06-24,869
2019-06-24,868
2019-06-25,867
2019-06-25,866.5
2019-06-25,867
2019-06-25,866
2019-06-26,865
2019-06-26,864.5
2019-06-26,865
2019-06-26,864
2019-06-27,861
2019-06-27,861
2019-06-27,862
2019-06-27,860
2019-06-28,859
2019-06-28,858.5
2019-06-28,859
2019-06-28,858
2019-06-29,857
2019-06-29,856.5
2019-06-29,857
2019-06-29,856
2019-06-30,854
2019-06-30,853.5
2019-06-30,854
2019-06-30,853
2019-07-01,851.5
2019-07-01,852
2019-07-01,852
2019-07-01,851
2019-07-02,849.5
2019-07-02,850
2019-07-02,850
2019-07-02,849
2019-07-03,848.5
2019-07-03,849
2019-07-03,849
2019-07-03,848
2019-07-04,845
2019-07-04,845
2019-07-04,846
2019-07-04,844
2019-07-05,844
2019-07-05,844
2019-07-05,844
2019-07-05,844
2019-07-06,842.5
2019-07-06,843
2019-07-06,842
2019-07-06,843
2019-07-07,842
2019-07-07,842
2019-07-07,842
2019-07-07,842
2019-07-08,841.5
2019-07-08,842
2019-07-08,842
2019-07-08,841
2019-07-09,839.5
2019-07-09,840
2019-07-09,840
2019-07-09,839
2019-07-10,840
2019-07-10,840
2019-07-10,840
2019-07-10,840
2019-07-11,837
2019-07-11,837
2019-07-11,838
2019-07-11,836
2019-07-12,834
2019-07-12,834
2019-07-12,835
2019-07-12,833
2019-07-13,831
2019-07-13,831
2019-07-13,832
2019-07-13,830
2019-07-14,828
2019-07-14,828
2019-07-14,829
2019-07-14,827
2019-07-15,825
2019-07-15,825
2019-07-15,826
2019-07-15,824
2019-07-16,822
2019-07-16,822
2019-07-16,823
2019-07-16,821
2019-07-17,818
2019-07-17,818
2019-07-17,819
2019-07-17,817
2019-07-18,815
2019-07-18,815
2019-07-18,816
2019-07-18,814
2019-07-19,811.5
2019-07-19,812
2019-07-19,812
2019-07-19,811
2019-07-20,808.5
2019-07-20,809
2019-07-20,810
2019-07-20,807
2019-07-21,804.5
2019-07-21,805
2019-07-21,805
2019-07-21,804
2019-07-22,802
2019-07-22,802
2019-07-22,803
2019-07-22,801
2019-07-23,799.5
2019-07-23,800
2019-07-23,800
2019-07-23,799
2019-07-24,797
2019-07-24,797
2019-07-24,798
2019-07-24,796
2019-07-25,794.5
2019-07-25,795
2019-07-25,797
2019-07-25,792
2019-07-26,789
2019-07-26,789
2019-07-26,790
2019-07-26,788
2019-07-27,785
2019-07-27,785
2019-07-27,786
2019-07-27,784
2019-07-28,779
2019-07-28,779
2019-07-28,780
2019-07-28,778
2019-07-29,775
2019-07-29,775
2019-07-29,776
2019-07-29,774
2019-07-30,772
2019-07-30,772
2019-07-30,773
2019-07-30,771
2019-07-31,767
2019-07-31,767
2019-07-31,768
2019-07-31,766
2019-08-01,764
2019-08-01,763.5
2019-08-01,764
2019-08-01,763
2019-08-02,761
2019-08-02,760.5
2019-08-02,761
2019-08-02,760
2019-08-03,757
2019-08-03,757
2019-08-03,759
2019-08-03,755
2019-08-04,754
2019-08-04,753.5
2019-08-04,754
2019-08-04,753
2019-08-05,750
2019-08-05,749.5
2019-08-05,751
2019-08-05,748
2019-08-06,746
2019-08-06,745.5
2019-08-06,747
2019-08-06,744
2019-08-07,745
2019-08-07,745
2019-08-07,746
2019-08-07,744
2019-08-08,743
2019-08-08,743
2019-08-08,744
2019-08-08,742
2019-08-09,741
2019-08-09,740.5
2019-08-09,741
2019-08-09,740
2019-08-10,738
2019-08-10,738
2019-08-10,738
2019-08-10,738
2019-08-11,736
2019-08-11,736
2019-08-11,737
2019-08-11,735
2019-08-12,735
2019-08-12,735
2019-08-12,736
2019-08-12,734
2019-08-13,731
2019-08-13,731
2019-08-13,733
2019-08-13,729
2019-08-14,725
2019-08-14,725
2019-08-14,726
2019-08-14,724
2019-08-15,721
2019-08-15,721
2019-08-15,722
2019-08-15,720
2019-08-16,717
2019-08-16,717
2019-08-16,718
2019-08-16,716
2019-08-17,713
2019-08-17,713
2019-08-17,714
2019-08-17,712
2019-08-18,709
2019-08-18,709
2019-08-18,710
2019-08-18,708
2019-08-19,704
2019-08-19,704
2019-08-19,706
2019-08-19,702
2019-08-20,699
2019-08-20,698.5
2019-08-20,699
2019-08-20,698
2019-08-21,696
2019-08-21,695.5
2019-08-21,696
2019-08-21,695
2019-08-22,687
2019-08-22,687
2019-08-22,689
2019-08-22,685
2019-08-23,680
2019-08-23,679.5
2019-08-23,683
2019-08-23,676
2019-08-24,676
2019-08-24,676
2019-08-24,678
2019-08-24,674
2019-08-25,670
2019-08-25,670
2019-08-25,672
2019-08-25,668
2019-08-26,664
2019-08-26,663.5
2019-08-26,665
2019-08-26,662
2019-08-27,655
2019-08-27,655
2019-08-27,655
2019-08-27,655
2019-08-28,653
2019-08-28,652.5
2019-08-28,653
2019-08-28,652
2019-08-29,647
2019-08-29,646.5
2019-08-29,648
2019-08-29,645
2019-08-30,641
2019-08-30,641
2019-08-30,642
2019-08-30,640
2019-08-31,637
2019-08-31,636.5
2019-08-31,638
2019-08-31,635
2019-09-01,631
2019-09-01,630.5
2019-09-01,632
2019-09-01,629
2019-09-02,627
2019-09-02,627
2019-09-02,628
2019-09-02,626
2019-09-03,622
2019-09-03,622
2019-09-03,624
2019-09-03,620
2019-09-04,618
2019-09-04,617.5
2019-09-04,619
2019-09-04,616
2019-09-05,614
2019-09-05,613.5
2019-09-05,615
2019-09-05,612
2019-09-06,609
2019-09-06,608.5
2019-09-06,610
2019-09-06,607
2019-09-07,604
2019-09-07,603.5
2019-09-07,605
2019-09-07,602
2019-09-08,599
2019-09-08,599
2019-09-08,600
2019-09-08,598
2019-09-09,591
2019-09-09,591
2019-09-09,593
2019-09-09,589
2019-09-10,584
2019-09-10,583.5
2019-09-10,585
2019-09-10,582
2019-09-11,577
2019-09-11,576.5
2019-09-11,578
2019-09-11,575
2019-09-12,567
2019-09-12,566.5
2019-09-12,571
2019-09-12,562
2019-09-13,561
2019-09-13,561
2019-09-13,563
2019-09-13,559
2019-09-14,555
2019-09-14,555
2019-09-14,557
2019-09-14,553
2019-09-15,548
2019-09-15,548
2019-09-15,550
2019-09-15,546
2019-09-16,541
2019-09-16,540.5
2019-09-16,544
2019-09-16,537
2019-09-17,533
2019-09-17,533
2019-09-17,535
2019-09-17,531
2019-09-18,524
2019-09-18,524
2019-09-18,526
2019-09-18,522
2019-09-19,516
2019-09-19,515.5
2019-09-19,520
2019-09-19,511
2019-09-20,499
2019-09-20,499
2019-09-20,502
2019-09-20,496
2019-09-21,492
2019-09-21,491.5
2019-09-21,495
2019-09-21,488
2019-09-22,484
2019-09-22,483.5
2019-09-22,485
2019-09-22,482
2019-09-23,474
2019-09-23,481.5
2019-09-23,483
2019-09-23,480
2019-09-24,465
2019-09-24,479
2019-09-24,481
2019-09-24,477
2019-09-25,455
2019-09-25,455
2019-09-25,455
2019-09-25,455
2019-09-26,445
2019-09-26,444.5
2019-09-26,447
2019-09-26,442
2019-09-27,433
2019-09-27,433
2019-09-27,436
2019-09-27,430
2019-09-28,424
2019-09-28,423.5
2019-09-28,425
2019-09-28,422
2019-09-29,415
2019-09-29,414.5
2019-09-29,417
2019-09-29,412
2019-09-30,405
2019-09-30,405
2019-09-30,408
2019-09-30,402
2019-10-01,395
2019-10-01,395
2019-10-01,398
2019-10-01,392
2019-10-02,387
2019-10-02,386.5
2019-10-02,388
2019-10-02,385
2019-10-03,380
2019-10-03,379.5
2019-10-03,380
2019-10-03,379
2019-10-04,365
2019-10-04,364.5
2019-10-04,369
2019-10-04,360
2019-10-05,352
2019-10-05,352
2019-10-05,353
2019-10-05,351
2019-10-06,337
2019-10-06,337
2019-10-06,341
2019-10-06,333
2019-10-07,320
2019-10-07,320
2019-10-07,324
2019-10-07,316
2019-10-08,306
2019-10-08,306
2019-10-08,308
2019-10-08,304
2019-10-09,291
2019-10-09,290.5
2019-10-09,293
2019-10-09,288
2019-10-10,281
2019-10-10,280.5
2019-10-10,283
2019-10-10,278
2019-10-11,270
2019-10-11,270
2019-10-11,273
2019-10-11,267
2019-10-12,260
2019-10-12,260
2019-10-12,262
2019-10-12,258
2019-10-13,250
2019-10-13,250
2019-10-13,252
2019-10-13,248
2019-10-14,239
2019-10-14,239
2019-10-14,246
2019-10-14,232
2019-10-15,237
2019-10-15,236.5
2019-10-15,238
2019-10-15,235
2019-10-16,229
2019-10-16,229
2019-10-16,232
2019-10-16,226
2019-10-17,222
2019-10-17,222
2019-10-17,224
2019-10-17,220
2019-10-18,215
2019-10-18,214.5
2019-10-18,216
2019-10-18,213
2019-10-19,207
2019-10-19,207
2019-10-19,210
2019-10-19,204
2019-10-20,201
2019-10-20,200.5
2019-10-20,202
2019-10-20,199
2019-10-21,196
2019-10-21,195.5
2019-10-21,197
2019-10-21,194
2019-10-22,189
2019-10-22,189
2019-10-22,190
2019-10-22,188
2019-10-23,183
2019-10-23,182.5
2019-10-23,184
2019-10-23,181
2019-10-24,177
2019-10-24,177
2019-10-24,178
2019-10-24,176
2019-10-25,174
2019-10-25,174
2019-10-25,174
2019-10-25,174
2019-10-26,174
2019-10-26,174
2019-10-26,174
2019-10-26,174
2019-10-27,177
2019-10-27,176.5
2019-10-27,176
2019-10-27,177
2019-10-28,180
2019-10-28,179.5
2019-10-28,179
2019-10-28,180
2019-10-29,184
2019-10-29,183.5
2019-10-29,183
2019-10-29,184
2019-10-30,186
2019-10-30,186
2019-10-30,186
2019-10-30,186
2019-10-31,184
2019-10-31,184
2019-10-31,184
2019-10-31,184
2019-11-01,189
2019-11-01,189
2019-11-01,189
2019-11-01,189
2019-11-02,189
2019-11-02,188.5
2019-11-02,188
2019-11-02,189
2019-11-03,188
2019-11-03,187.5
2019-11-03,188
2019-11-03,187
2019-11-04,188
2019-11-04,187.5
2019-11-04,188
2019-11-04,187
2019-11-05,188
2019-11-05,188
2019-11-05,189
2019-11-05,187
2019-11-06,181
2019-11-06,181
2019-11-06,182
2019-11-06,180
2019-11-07,180
2019-11-07,180
2019-11-07,180
2019-11-07,180
2019-11-08,179
2019-11-08,179
2019-11-08,179
2019-11-08,179
2019-11-09,181
2019-11-09,180.5
2019-11-09,180
2019-11-09,181
2019-11-10,183
2019-11-10,182.5
2019-11-10,182
2019-11-10,183
2019-11-11,186
2019-11-11,186
2019-11-11,186
2019-11-11,186
2019-11-12,189
2019-11-12,189
2019-11-12,189
2019-11-12,189
2019-11-13,191
2019-11-13,190.5
2019-11-13,190
2019-11-13,191
2019-11-14,197
2019-11-14,196.5
2019-11-14,195
2019-11-14,198
2019-11-15,198
2019-11-15,198
2019-11-15,197
2019-11-15,199
2019-11-16,199
2019-11-16,199
2019-11-16,200
2019-11-16,198
2019-11-17,201
2019-11-17,201
2019-11-17,199
2019-11-17,203
2019-11-18,206
2019-11-18,205.5
2019-11-18,205
2019-11-18,206
2019-11-19,207
2019-11-19,206.5
2019-11-19,207
2019-11-19,206
2019-11-20,210
2019-11-20,209.5
2019-11-20,209
2019-11-20,210
2019-11-21,213
2019-11-21,213
2019-11-21,212
2019-11-21,214
2019-11-22,217
2019-11-22,216.5
2019-11-22,216
2019-11-22,217
2019-11-23,220
2019-11-23,219.5
2019-11-23,219
2019-11-23,220
2019-11-24,223
2019-11-24,222.5
2019-11-24,221
2019-11-24,224
2019-11-25,232
2019-11-25,232
2019-11-25,231
2019-11-25,233
2019-11-26,237
2019-11-26,236.5
2019-11-26,236
2019-11-26,237
2019-11-27,246
2019-11-27,246
2019-11-27,245
2019-11-27,247
2019-11-28,254
2019-11-28,253.5
2019-11-28,253
2019-11-28,254
2019-11-29,260
2019-11-29,259.5
2019-11-29,259
2019-11-29,260
2019-11-30,264
2019-11-30,264
2019-11-30,263
2019-11-30,265
2019-12-01,268
2019-12-01,268
2019-12-01,268
2019-12-01,268
2019-12-02,272
2019-12-02,272
2019-12-02,272
2019-12-02,272
2019-12-03,272
2019-12-03,272
2019-12-03,272
2019-12-03,272
2019-12-04,274
2019-12-04,274
2019-12-04,274
2019-12-04,274
2019-12-05,279
2019-12-05,279
2019-12-05,278
2019-12-05,280
2019-12-06,282
2019-12-06,282
2019-12-06,282
2019-12-06,282
2019-12-07,284
2019-12-07,284
2019-12-07,284
2019-12-07,284
2019-12-08,287
2019-12-08,287
2019-12-08,286
2019-12-08,288
2019-12-09,292
2019-12-09,292
2019-12-09,290
2019-12-09,294
2019-12-10,295
2019-12-10,295
2019-12-10,294
2019-12-10,296
2019-12-11,299
2019-12-11,299
2019-12-11,298
2019-12-11,300
2019-12-12,305.5
2019-12-12,306
2019-12-12,305
2019-12-12,306
2019-12-13,312
2019-12-13,312
2019-12-13,310
2019-12-13,314
2019-12-14,316
2019-12-14,316
2019-12-14,316
2019-12-14,316
2019-12-15,320.5
2019-12-15,321
2019-12-15,318
2019-12-15,323
2019-12-16,331.5
2019-12-16,332
2019-12-16,326
2019-12-16,337
2019-12-17,335
2019-12-17,335
2019-12-17,332
2019-12-17,338
2019-12-18,343.5
2019-12-18,344
2019-12-18,343
2019-12-18,344
2019-12-19,344
2019-12-19,344
2019-12-19,344
2019-12-19,344
2019-12-20,348.5
2019-12-20,349
2019-12-20,348
2019-12-20,349
2019-12-21,355.5
2019-12-21,356
2019-12-21,355
2019-12-21,356
2019-12-22,359
2019-12-22,359
2019-12-22,358
2019-12-22,360
2019-12-23,367.5
2019-12-23,368
2019-12-23,366
2019-12-23,369
2019-12-24,374.5
2019-12-24,375
2019-12-24,374
2019-12-24,375
2019-12-25,378.5
2019-12-25,379
2019-12-25,378
2019-12-25,379
2019-12-26,379
2019-12-26,379
2019-12-26,378
2019-12-26,380
2019-12-27,385
2019-12-27,385
2019-12-27,381
2019-12-27,389
2019-12-28,404
2019-12-28,404
2019-12-28,399
2019-12-28,409
2019-12-29,410.5
2019-12-29,411
2019-12-29,409
2019-12-29,412
2019-12-30,415
2019-12-30,415
2019-12-30,414
2019-12-30,416
2019-12-31,418.5
2019-12-31,419
2019-12-31,417
2019-12-31,420
2020-01-01,426
2020-01-01,426
2020-01-01,424
2020-01-01,428
2020-01-02,433
2020-01-02,432.5
2020-01-02,432
2020-01-02,433
2020-01-03,437
2020-01-03,436.5
2020-01-03,436
2020-01-03,437
2020-01-04,440
2020-01-04,439.5
2020-01-04,439
2020-01-04,440
2020-01-05,442
2020-01-05,442
2020-01-05,442
2020-01-05,442
2020-01-06,444
2020-01-06,443.5
2020-01-06,443
2020-01-06,444
2020-01-07,446
2020-01-07,445.5
2020-01-07,445
2020-01-07,446
2020-01-08,449
2020-01-08,449
2020-01-08,447
2020-01-08,451
2020-01-09,456
2020-01-09,456
2020-01-09,455
2020-01-09,457
2020-01-10,464
2020-01-10,464
2020-01-10,461
2020-01-10,467
2020-01-11,468
2020-01-11,468
2020-01-11,466
2020-01-11,470
2020-01-12,473
2020-01-12,473
2020-01-12,472
2020-01-12,474
2020-01-13,478
2020-01-13,478
2020-01-13,477
2020-01-13,479
2020-01-14,488
2020-01-14,487.5
2020-01-14,487
2020-01-14,488
2020-01-15,495
2020-01-15,494.5
2020-01-15,492
2020-01-15,497
2020-01-16,500
2020-01-16,500
2020-01-16,498
2020-01-16,502
2020-01-17,506
2020-01-17,506
2020-01-17,505
2020-01-17,507
2020-01-18,508
2020-01-18,508
2020-01-18,509
2020-01-18,507
2020-01-19,514
2020-01-19,514
2020-01-19,513
2020-01-19,515
2020-01-20,520
2020-01-20,520
2020-01-20,520
2020-01-20,520
2020-01-21,523
2020-01-21,522.5
2020-01-21,522
2020-01-21,523
2020-01-22,527
2020-01-22,527
2020-01-22,526
2020-01-22,528
2020-01-23,528
2020-01-23,528
2020-01-23,527
2020-01-23,529
2020-01-24,533
2020-01-24,532.5
2020-01-24,532
2020-01-24,533
2020-01-25,533
2020-01-25,532.5
2020-01-25,532
2020-01-25,533
2020-01-26,535
2020-01-26,535
2020-01-26,535
2020-01-26,535
2020-01-27,535
2020-01-27,535
2020-01-27,535
2020-01-27,535
2020-01-28,535
2020-01-28,535
2020-01-28,535
2020-01-28,535
2020-01-29,536
2020-01-29,535.5
2020-01-29,535
2020-01-29,536
2020-01-30,538
2020-01-30,538
2020-01-30,538
2020-01-30,538
2020-01-31,538
2020-01-31,538
2020-01-31,538
2020-01-31,538
2020-02-01,538
2020-02-01,538
2020-02-01,538
2020-02-01,538
2020-02-02,538
2020-02-02,538
2020-02-02,538
2020-02-02,538
2020-02-03,539
2020-02-03,539
2020-02-03,539
2020-02-03,539
2020-02-04,539
2020-02-04,539
2020-02-04,539
2020-02-04,539
2020-02-05,539
2020-02-05,539
2020-02-05,539
2020-02-05,539
2020-02-06,539
2020-02-06,539
2020-02-06,539
2020-02-06,539
2020-02-07,538
2020-02-07,538
2020-02-07,538
2020-02-07,538
2020-02-08,538
2020-02-08,538
2020-02-08,538
2020-02-08,538
2020-02-09,540
2020-02-09,540
2020-02-09,540
2020-02-09,540
2020-02-10,542
2020-02-10,542
2020-02-10,541
2020-02-10,543
2020-02-11,546.5
2020-02-11,547
2020-02-11,545
2020-02-11,548
2020-02-12,548
2020-02-12,548
2020-02-12,548
2020-02-12,548
2020-02-13,552.5
2020-02-13,553
2020-02-13,552
2020-02-13,553
2020-02-14,557
2020-02-14,557
2020-02-14,556
2020-02-14,558
2020-02-15,559.5
2020-02-15,560
2020-02-15,559
2020-02-15,560
2020-02-16,562
2020-02-16,562
2020-02-16,562
2020-02-16,562
2020-02-17,563
2020-02-17,563
2020-02-17,563
2020-02-17,563
2020-02-18,564
2020-02-18,564
2020-02-18,564
2020-02-18,564
2020-02-19,564.5
2020-02-19,565
2020-02-19,564
2020-02-19,565
2020-02-20,565
2020-02-20,565
2020-02-20,565
2020-02-20,565
2020-02-21,566.5
2020-02-21,567
2020-02-21,566
2020-02-21,567
2020-02-22,568
2020-02-22,568
2020-02-22,568
2020-02-22,568
2020-02-23,570
2020-02-23,570
2020-02-23,570
2020-02-23,570
2020-02-24,572
2020-02-24,572
2020-02-24,572
2020-02-24,572
2020-02-25,573
2020-02-25,573
2020-02-25,574
2020-02-25,572
2020-02-26,575
2020-02-26,575
2020-02-26,574
2020-02-26,576
2020-02-27,578
2020-02-27,578
2020-02-27,577
2020-02-27,579
2020-02-28,580
2020-02-28,580
2020-02-28,580
2020-02-28,580
2020-02-29,583
2020-02-29,583
2020-02-29,582
2020-02-29,584
2020-03-01,586
2020-03-01,586
2020-03-01,586
2020-03-01,586
2020-03-02,588.5
2020-03-02,589
2020-03-02,588
2020-03-02,589
2020-03-03,588
2020-03-03,588
2020-03-03,588
2020-03-03,588
2020-03-04,588
2020-03-04,588
2020-03-04,588
2020-03-04,588
2020-03-05,588.5
2020-03-05,589
2020-03-05,588
2020-03-05,589
2020-03-06,589
2020-03-06,589
2020-03-06,589
2020-03-06,589
2020-03-07,591
2020-03-07,591
2020-03-07,590
2020-03-07,592
2020-03-08,592.5
2020-03-08,593
2020-03-08,592
2020-03-08,593
2020-03-09,594
2020-03-09,594
2020-03-09,594
2020-03-09,594
2020-03-10,599.5
2020-03-10,600
2020-03-10,598
2020-03-10,601
2020-03-11,604
2020-03-11,604
2020-03-11,604
2020-03-11,604
2020-03-12,605.5
2020-03-12,606
2020-03-12,605
2020-03-12,606
2020-03-13,608.5
2020-03-13,609
2020-03-13,608
2020-03-13,609
2020-03-14,612
2020-03-14,612
2020-03-14,610
2020-03-14,614
2020-03-15,622
2020-03-15,622
2020-03-15,621
2020-03-15,623
2020-03-16,625.5
2020-03-16,626
2020-03-16,625
2020-03-16,626
2020-03-17,628
2020-03-17,628
2020-03-17,628
2020-03-17,628
2020-03-18,629
2020-03-18,629
2020-03-18,629
2020-03-18,629
2020-03-19,630
2020-03-19,630
2020-03-19,630
2020-03-19,630
2020-03-20,633
2020-03-20,633
2020-03-20,631
2020-03-20,635
2020-03-21,643
2020-03-21,643
2020-03-21,642
2020-03-21,644
2020-03-22,646
2020-03-22,646
2020-03-22,646
2020-03-22,646
2020-03-23,646
2020-03-23,646
2020-03-23,646
2020-03-23,646
2020-03-24,648
2020-03-24,648
2020-03-24,646
2020-03-24,650
2020-03-25,653
2020-03-25,653
2020-03-25,652
2020-03-25,654
2020-03-26,656
2020-03-26,656
2020-03-26,656
2020-03-26,656
2020-03-27,658
2020-03-27,658
2020-03-27,657
2020-03-27,659
2020-03-28,660
2020-03-28,660
2020-03-28,660
2020-03-28,660
2020-03-29,661.5
2020-03-29,662
2020-03-29,661
2020-03-29,662
2020-03-30,662.5
2020-03-30,663
2020-03-30,662
2020-03-30,663
2020-03-31,664
2020-03-31,664
2020-03-31,664
2020-03-31,664
2020-04-01,669
2020-04-01,669
2020-04-01,666
2020-04-01,672
2020-04-02,679.5
2020-04-02,680
2020-04-02,678
2020-04-02,681
2020-04-03,685.5
2020-04-03,686
2020-04-03,685
2020-04-03,686
2020-04-04,687.5
2020-04-04,688
2020-04-04,687
2020-04-04,688
2020-04-05,690.5
2020-04-05,691
2020-04-05,690
2020-04-05,691
2020-04-06,693.5
2020-04-06,694
2020-04-06,693
2020-04-06,694
2020-04-07,696
2020-04-07,696
2020-04-07,696
2020-04-07,696
2020-04-08,695.5
2020-04-08,696
2020-04-08,695
2020-04-08,696
2020-04-09,696.5
2020-04-09,697
2020-04-09,696
2020-04-09,697
2020-04-10,699
2020-04-10,699
2020-04-10,698
2020-04-10,700
2020-04-11,705.5
2020-04-11,706
2020-04-11,705
2020-04-11,706
2020-04-12,709
2020-04-12,709
2020-04-12,708
2020-04-12,710
2020-04-13,716.5
2020-04-13,717
2020-04-13,715
2020-04-13,718
2020-04-14,721
2020-04-14,721
2020-04-14,720
2020-04-14,722
2020-04-15,723.5
2020-04-15,724
2020-04-15,723
2020-04-15,724
2020-04-16,725.5
2020-04-16,726
2020-04-16,725
2020-04-16,726
2020-04-17,726
2020-04-17,726
2020-04-17,726
2020-04-17,726
2020-04-18,726
2020-04-18,726
2020-04-18,726
2020-04-18,726
2020-04-19,727
2020-04-19,727
2020-04-19,726
2020-04-19,728
2020-04-20,730
2020-04-20,730
2020-04-20,730
2020-04-20,730
2020-04-21,731
2020-04-21,731
2020-04-21,730
2020-04-21,732
2020-04-22,735
2020-04-22,735
2020-04-22,734
2020-04-22,736
2020-04-23,736.5
2020-04-23,737
2020-04-23,736
2020-04-23,737
2020-04-24,739
2020-04-24,739
2020-04-24,738
2020-04-24,740
2020-04-25,743
2020-04-25,743
2020-04-25,742
2020-04-25,744
2020-04-26,743
2020-04-26,743
2020-04-26,742
2020-04-26,744
2020-04-27,747
2020-04-27,747
2020-04-27,744
2020-04-27,750
2020-04-28,756.5
2020-04-28,757
2020-04-28,755
2020-04-28,758
2020-04-29,760
2020-04-29,760
2020-04-29,760
2020-04-29,760
2020-04-30,762.5
2020-04-30,763
2020-04-30,761
2020-04-30,764
2020-05-01,765.5
2020-05-01,766
2020-05-01,765
2020-05-01,766
2020-05-02,767.5
2020-05-02,768
2020-05-02,766
2020-05-02,769
2020-05-03,773
2020-05-03,773
2020-05-03,770
2020-05-03,776
2020-05-04,775
2020-05-04,775
2020-05-04,774
2020-05-04,776
2020-05-05,776.5
2020-05-05,777
2020-05-05,776
2020-05-05,777
2020-05-06,781.5
2020-05-06,782
2020-05-06,780
2020-05-06,783
2020-05-07,789
2020-05-07,789
2020-05-07,787
2020-05-07,791
2020-05-08,793.5
2020-05-08,794
2020-05-08,793
2020-05-08,794
2020-05-09,797.5
2020-05-09,798
2020-05-09,797
2020-05-09,798
2020-05-10,800.5
2020-05-10,801
2020-05-10,800
2020-05-10,801
2020-05-11,803.5
2020-05-11,804
2020-05-11,803
2020-05-11,804
2020-05-12,805.5
2020-05-12,806
2020-05-12,805
2020-05-12,806
2020-05-13,807
2020-05-13,807
2020-05-13,807
2020-05-13,807
2020-05-14,809
2020-05-14,809
2020-05-14,808
2020-05-14,810
2020-05-15,811
2020-05-15,811
2020-05-15,811
2020-05-15,811
2020-05-16,811.5
2020-05-16,812
2020-05-16,811
2020-05-16,812
2020-05-17,813
2020-05-17,813
2020-05-17,813
2020-05-17,813
2020-05-18,810.5
2020-05-18,811
2020-05-18,810
2020-05-18,811
2020-05-19,811.5
2020-05-19,812
2020-05-19,811
2020-05-19,812
2020-05-20,814
2020-05-20,814
2020-05-20,814
2020-05-20,814
2020-05-21,815.5
2020-05-21,816
2020-05-21,815
2020-05-21,816
2020-05-22,816
2020-05-22,816
2020-05-22,814
2020-05-22,818
2020-05-23,821.5
2020-05-23,822
2020-05-23,821
2020-05-23,822
2020-05-24,827.5
2020-05-24,828
2020-05-24,827
2020-05-24,828
2020-05-25,831
2020-05-25,831
2020-05-25,830
2020-05-25,832
2020-05-26,832
2020-05-26,832
2020-05-26,832
2020-05-26,832
2020-05-27,833.5
2020-05-27,834
2020-05-27,834
2020-05-27,833
2020-05-28,832.5
2020-05-28,833
2020-05-28,833
2020-05-28,832
2020-05-29,832.5
2020-05-29,833
2020-05-29,832
2020-05-29,833
2020-05-30,833.5
2020-05-30,834
2020-05-30,833
2020-05-30,834
2020-05-31,833.5
2020-05-31,834
2020-05-31,834
2020-05-31,833
2020-06-01,838
2020-06-01,838
2020-06-01,838
2020-06-01,838
2020-06-02,839
2020-06-02,839
2020-06-02,839
2020-06-02,839
2020-06-03,838
2020-06-03,838
2020-06-03,838
2020-06-03,838
2020-06-04,838
2020-06-04,838
2020-06-04,838
2020-06-04,838
2020-06-05,838
2020-06-05,838
2020-06-05,838
2020-06-05,838
2020-06-06,837
2020-06-06,837
2020-06-06,837
2020-06-06,837
2020-06-07,837
2020-06-07,837
2020-06-07,837
2020-06-07,837
2020-06-08,837
2020-06-08,837
2020-06-08,837
2020-06-08,837
2020-06-09,837
2020-06-09,837
2020-06-09,837
2020-06-09,837
2020-06-10,837
2020-06-10,837
2020-06-10,837
2020-06-10,837
2020-06-11,836
2020-06-11,836
2020-06-11,836
2020-06-11,836
2020-06-12,836
2020-06-12,835.5
2020-06-12,836
2020-06-12,835
2020-06-13,835
2020-06-13,835
2020-06-13,835
2020-06-13,835
2020-06-14,833
2020-06-14,833
2020-06-14,834
2020-06-14,832
2020-06-15,832
2020-06-15,831.5
2020-06-15,832
2020-06-15,831
2020-06-16,830
2020-06-16,830
2020-06-16,830
2020-06-16,830
2020-06-17,830
2020-06-17,830
2020-06-17,830
2020-06-17,830
2020-06-18,829
2020-06-18,828.5
2020-06-18,829
2020-06-18,828
2020-06-19,826
2020-06-19,825.5
2020-06-19,826
2020-06-19,825
2020-06-20,824
2020-06-20,824
2020-06-20,825
2020-06-20,823
2020-06-21,821
2020-06-21,820.5
2020-06-21,821
2020-06-21,820
2020-06-22,819
2020-06-22,819
2020-06-22,819
2020-06-22,819
2020-06-23,820
2020-06-23,819.5
2020-06-23,819
2020-06-23,820
2020-06-24,820
2020-06-24,819.5
2020-06-24,820
2020-06-24,819
2020-06-25,818
2020-06-25,817.5
2020-06-25,818
2020-06-25,817
2020-06-26,816
2020-06-26,815.5
2020-06-26,816
2020-06-26,815
2020-06-27,815
2020-06-27,814.5
2020-06-27,815
2020-06-27,814
2020-06-28,813
2020-06-28,812.5
2020-06-28,813
2020-06-28,812
2020-06-29,812
2020-06-29,811.5
2020-06-29,812
2020-06-29,811
2020-06-30,811
2020-06-30,810.5
2020-06-30,810
2020-06-30,811
2020-07-01,807
2020-07-01,807
2020-07-01,807
2020-07-01,807
2020-07-02,805
2020-07-02,805
2020-07-02,805
2020-07-02,805
2020-07-03,801
2020-07-03,801
2020-07-03,802
2020-07-03,800
2020-07-04,799
2020-07-04,799
2020-07-04,800
2020-07-04,798
2020-07-05,795
2020-07-05,795
2020-07-05,796
2020-07-05,794
2020-07-06,793.5
2020-07-06,794
2020-07-06,794
2020-07-06,793
2020-07-07,791.5
2020-07-07,792
2020-07-07,792
2020-07-07,791
2020-07-08,786.5
2020-07-08,787
2020-07-08,789
2020-07-08,784
2020-07-09,787
2020-07-09,787
2020-07-09,787
2020-07-09,787
2020-07-10,783
2020-07-10,783
2020-07-10,783
2020-07-10,783
2020-07-11,780
2020-07-11,780
2020-07-11,780
2020-07-11,780
2020-07-12,776
2020-07-12,776
2020-07-12,778
2020-07-12,774
2020-07-13,772.5
2020-07-13,773
2020-07-13,773
2020-07-13,772
2020-07-14,769.5
2020-07-14,770
2020-07-14,770
2020-07-14,769
2020-07-15,766
2020-07-15,766
2020-07-15,767
2020-07-15,765
2020-07-16,761.5
2020-07-16,762
2020-07-16,763
2020-07-16,760
2020-07-17,758
2020-07-17,758
2020-07-17,759
2020-07-17,757
2020-07-18,753.5
2020-07-18,754
2020-07-18,755
2020-07-18,752
2020-07-19,749
2020-07-19,749
2020-07-19,750
2020-07-19,748
2020-07-20,747
2020-07-20,747
2020-07-20,748
2020-07-20,746
2020-07-21,743
2020-07-21,743
2020-07-21,744
2020-07-21,742
2020-07-22,740
2020-07-22,740
2020-07-22,740
2020-07-22,740
2020-07-23,737.5
2020-07-23,738
2020-07-23,738
2020-07-23,737
2020-07-24,736
2020-07-24,736
2020-07-24,736
2020-07-24,736
2020-07-25,734.5
2020-07-25,735
2020-07-25,735
2020-07-25,734
2020-07-26,734
2020-07-26,734
2020-07-26,734
2020-07-26,734
2020-07-27,731.5
2020-07-27,732
2020-07-27,732
2020-07-27,731
2020-07-28,729
2020-07-28,729
2020-07-28,730
2020-07-28,728
2020-07-29,726
2020-07-29,726
2020-07-29,727
2020-07-29,725
2020-07-30,722
2020-07-30,722
2020-07-30,723
2020-07-30,721
2020-07-31,718
2020-07-31,718
2020-07-31,719
2020-07-31,717
2020-08-01,713
2020-08-01,713
2020-08-01,714
2020-08-01,712
2020-08-02,708
2020-08-02,708
2020-08-02,709
2020-08-02,707
2020-08-03,703
2020-08-03,702.5
2020-08-03,704
2020-08-03,701
2020-08-04,698
2020-08-04,698
2020-08-04,699
2020-08-04,697
2020-08-05,694
2020-08-05,693.5
2020-08-05,695
2020-08-05,692
2020-08-06,689
2020-08-06,689
2020-08-06,690
2020-08-06,688
2020-08-07,686
2020-08-07,686
2020-08-07,687
2020-08-07,685
2020-08-08,682
2020-08-08,682
2020-08-08,683
2020-08-08,681
2020-08-09,678
2020-08-09,678
2020-08-09,679
2020-08-09,677
2020-08-10,675
2020-08-10,675
2020-08-10,675
2020-08-10,675
2020-08-11,670
2020-08-11,670
2020-08-11,671
2020-08-11,669
2020-08-12,665
2020-08-12,665
2020-08-12,667
2020-08-12,663
2020-08-13,659
2020-08-13,659
2020-08-13,660
2020-08-13,658
2020-08-14,655
2020-08-14,654.5
2020-08-14,656
2020-08-14,653
2020-08-15,650
2020-08-15,650
2020-08-15,651
2020-08-15,649
2020-08-16,644
2020-08-16,644
2020-08-16,646
2020-08-16,642
2020-08-17,638
2020-08-17,637.5
2020-08-17,639
2020-08-17,636
2020-08-18,633
2020-08-18,632.5
2020-08-18,633
2020-08-18,632
2020-08-19,629
2020-08-19,628.5
2020-08-19,630
2020-08-19,627
2020-08-20,624
2020-08-20,623.5
2020-08-20,625
2020-08-20,622
2020-08-21,619
2020-08-21,618.5
2020-08-21,620
2020-08-21,617
2020-08-22,615
2020-08-22,615
2020-08-22,616
2020-08-22,614
2020-08-23,613
2020-08-23,612.5
2020-08-23,612
2020-08-23,613
2020-08-24,609
2020-08-24,608.5
2020-08-24,610
2020-08-24,607
2020-08-25,603
2020-08-25,603
2020-08-25,604
2020-08-25,602
2020-08-26,598
2020-08-26,597.5
2020-08-26,599
2020-08-26,596
2020-08-27,593
2020-08-27,592.5
2020-08-27,594
2020-08-27,591
2020-08-28,586
2020-08-28,585.5
2020-08-28,587
2020-08-28,584
2020-08-29,579
2020-08-29,578.5
2020-08-29,580
2020-08-29,577
2020-08-30,573
2020-08-30,573
2020-08-30,574
2020-08-30,572
2020-08-31,565
2020-08-31,565
2020-08-31,566
2020-08-31,564
2020-09-01,558
2020-09-01,558
2020-09-01,561
2020-09-01,555
2020-09-02,553
2020-09-02,553
2020-09-02,555
2020-09-02,551
2020-09-03,547.5
2020-09-03,548
2020-09-03,549
2020-09-03,546
2020-09-04,541.5
2020-09-04,542
2020-09-04,543
2020-09-04,540
2020-09-05,535.5
2020-09-05,536
2020-09-05,536
2020-09-05,535
2020-09-06,522.5
2020-09-06,523
2020-09-06,530
2020-09-06,515
2020-09-07,517.5
2020-09-07,518
2020-09-07,520
2020-09-07,515
2020-09-08,507.5
2020-09-08,508
2020-09-08,511
2020-09-08,504
2020-09-09,496
2020-09-09,496
2020-09-09,500
2020-09-09,492
2020-09-10,484
2020-09-10,484
2020-09-10,488
2020-09-10,480
2020-09-11,473
2020-09-11,473
2020-09-11,475
2020-09-11,471
2020-09-12,462
2020-09-12,462
2020-09-12,464
2020-09-12,460
2020-09-13,451.5
2020-09-13,452
2020-09-13,455
2020-09-13,448
2020-09-14,438
2020-09-14,438
2020-09-14,437
2020-09-14,439
2020-09-15,423
2020-09-15,423
2020-09-15,426
2020-09-15,420
2020-09-16,410.5
2020-09-16,411
2020-09-16,413
2020-09-16,408
2020-09-17,398
2020-09-17,398
2020-09-17,399
2020-09-17,397
2020-09-18,387
2020-09-18,387
2020-09-18,390
2020-09-18,384
2020-09-19,377
2020-09-19,377
2020-09-19,380
2020-09-19,374
2020-09-20,365.5
2020-09-20,366
2020-09-20,369
2020-09-20,362
2020-09-21,353.5
2020-09-21,354
2020-09-21,357
2020-09-21,350
2020-09-22,340.5
2020-09-22,341
2020-09-22,344
2020-09-22,337
2020-09-23,327
2020-09-23,327
2020-09-23,330
2020-09-23,324
2020-09-24,310.5
2020-09-24,311
2020-09-24,317
2020-09-24,304
2020-09-25,296
2020-09-25,296
2020-09-25,299
2020-09-25,293
2020-09-26,280
2020-09-26,280
2020-09-26,284
2020-09-26,276
2020-09-27,265
2020-09-27,265
2020-09-27,268
2020-09-27,262
2020-09-28,250
2020-09-28,250
2020-09-28,254
2020-09-28,246
2020-09-29,234.5
2020-09-29,235
2020-09-29,237
2020-09-29,232
2020-09-30,223.5
2020-09-30,224
2020-09-30,227
2020-09-30,220
2020-10-01,213
2020-10-01,213
2020-10-01,216
2020-10-01,210
2020-10-02,201
2020-10-02,201
2020-10-02,204
2020-10-02,198
2020-10-03,190.5
2020-10-03,191
2020-10-03,193
2020-10-03,188
2020-10-04,179.5
2020-10-04,180
2020-10-04,183
2020-10-04,176
2020-10-05,170
2020-10-05,170
2020-10-05,173
2020-10-05,167
2020-10-06,161
2020-10-06,161
2020-10-06,164
2020-10-06,158
2020-10-07,150.5
2020-10-07,151
2020-10-07,153
2020-10-07,148
2020-10-08,139.5
2020-10-08,140
2020-10-08,142
2020-10-08,137
2020-10-09,130.5
2020-10-09,131
2020-10-09,132
2020-10-09,129
2020-10-10,121
2020-10-10,121
2020-10-10,123
2020-10-10,119
2020-10-11,112
2020-10-11,112
2020-10-11,113
2020-10-11,111
2020-10-12,104
2020-10-12,104
2020-10-12,106
2020-10-12,102
2020-10-13,99.5
2020-10-13,100
2020-10-13,99
2020-10-13,100
2020-10-14,97
2020-10-14,97
2020-10-14,96
2020-10-14,98
2020-10-15,92.5
2020-10-15,93
2020-10-15,90
2020-10-15,95
2020-10-16,103
2020-10-16,103
2020-10-16,102
2020-10-16,104
2020-10-17,109
2020-10-17,109
2020-10-17,109
2020-10-17,109
2020-10-18,112
2020-10-18,112
2020-10-18,114
2020-10-18,110
2020-10-19,115
2020-10-19,115
2020-10-19,116
2020-10-19,114
2020-10-20,112
2020-10-20,112
2020-10-20,115
2020-10-20,109
2020-10-21,110.5
2020-10-21,111
2020-10-21,113
2020-10-21,108
2020-10-22,108.5
2020-10-22,109
2020-10-22,109
2020-10-22,108
2020-10-23,105
2020-10-23,105
2020-10-23,107
2020-10-23,103
2020-10-24,100
2020-10-24,100
2020-10-24,100
2020-10-24,100
2020-10-25,95
2020-10-25,95
2020-10-25,96
2020-10-25,94
2020-10-26,90
2020-10-26,90
2020-10-26,96
2020-10-26,84
2020-10-27,86
2020-10-27,86
2020-10-27,86
2020-10-27,86
2020-10-28,87.5
2020-10-28,88
2020-10-28,87
2020-10-28,88
2020-10-29,89.5
2020-10-29,90
2020-10-29,90
2020-10-29,89
2020-10-30,90
2020-10-30,90
2020-10-30,90
2020-10-30,90
2020-10-31,89.5
2020-10-31,90
2020-10-31,89
2020-10-31,90
2020-11-01,87
2020-11-01,87
2020-11-01,84
2020-11-01,90
2020-11-02,90
2020-11-02,90
2020-11-02,92
2020-11-02,88
2020-11-03,85
2020-11-03,84.5
2020-11-03,86
2020-11-03,83
2020-11-04,83
2020-11-04,83
2020-11-04,84
2020-11-04,82
2020-11-05,79
2020-11-05,78.5
2020-11-05,80
2020-11-05,77
2020-11-06,79
2020-11-06,79
2020-11-06,80
2020-11-06,78
2020-11-07,74
2020-11-07,74
2020-11-07,76
2020-11-07,72
2020-11-08,70
2020-11-08,69.5
2020-11-08,70
2020-11-08,69
2020-11-09,68
2020-11-09,68
2020-11-09,68
2020-11-09,68
2020-11-10,68
2020-11-10,68
2020-11-10,68
2020-11-10,68
2020-11-11,68
2020-11-11,68
2020-11-11,68
2020-11-11,68
2020-11-12,69
2020-11-12,69
2020-11-12,67
2020-11-12,71
2020-11-13,77
2020-11-13,76.5
2020-11-13,76
2020-11-13,77
2020-11-14,80
2020-11-14,80
2020-11-14,78
2020-11-14,82
2020-11-15,87
2020-11-15,87
2020-11-15,86
2020-11-15,88
2020-11-16,93
2020-11-16,92.5
2020-11-16,92
2020-11-16,93
2020-11-17,95
2020-11-17,95
2020-11-17,96
2020-11-17,94
2020-11-18,100
2020-11-18,100
2020-11-18,100
2020-11-18,100
2020-11-19,100
2020-11-19,100
2020-11-19,100
2020-11-19,100
2020-11-20,99
2020-11-20,98.5
2020-11-20,99
2020-11-20,98
2020-11-21,98
2020-11-21,97.5
2020-11-21,97
2020-11-21,98
2020-11-22,96
2020-11-22,95.5
2020-11-22,96
2020-11-22,95
2020-11-23,96
2020-11-23,96
2020-11-23,96
2020-11-23,96
2020-11-24,95
2020-11-24,94.5
2020-11-24,95
2020-11-24,94
2020-11-25,98
2020-11-25,97.5
2020-11-25,96
2020-11-25,99
2020-11-26,102
2020-11-26,101.5
2020-11-26,100
2020-11-26,103
2020-11-27,106
2020-11-27,105.5
2020-11-27,107
2020-11-27,104
2020-11-28,107
2020-11-28,107
2020-11-28,107
2020-11-28,107
2020-11-29,111
2020-11-29,110.5
2020-11-29,110
2020-11-29,111
2020-11-30,117
2020-11-30,116.5
2020-11-30,116
2020-11-30,117
2020-12-01,121.5
2020-12-01,122
2020-12-01,122
2020-12-01,121
2020-12-02,124
2020-12-02,124
2020-12-02,125
2020-12-02,123
2020-12-03,128
2020-12-03,128
2020-12-03,129
2020-12-03,127
2020-12-04,132
2020-12-04,132
2020-12-04,133
2020-12-04,131
2020-12-05,135.5
2020-12-05,136
2020-12-05,136
2020-12-05,135
2020-12-06,137.5
2020-12-06,138
2020-12-06,138
2020-12-06,137
2020-12-07,140
2020-12-07,140
2020-12-07,139
2020-12-07,141
2020-12-08,144
2020-12-08,144
2020-12-08,144
2020-12-08,144
2020-12-09,146
2020-12-09,146
2020-12-09,146
2020-12-09,146
2020-12-10,149.5
2020-12-10,150
2020-12-10,148
2020-12-10,151
2020-12-11,155.5
2020-12-11,156
2020-12-11,154
2020-12-11,157
2020-12-12,163
2020-12-12,163
2020-12-12,161
2020-12-12,165
2020-12-13,166.5
2020-12-13,167
2020-12-13,165
2020-12-13,168
2020-12-14,176.5
2020-12-14,177
2020-12-14,175
2020-12-14,178
2020-12-15,184
2020-12-15,184
2020-12-15,182
2020-12-15,186
2020-12-16,192.5
2020-12-16,193
2020-12-16,193
2020-12-16,192
2020-12-17,197
2020-12-17,197
2020-12-17,197
2020-12-17,197
2020-12-18,205
2020-12-18,205
2020-12-18,205
2020-12-18,205
2020-12-19,212.5
2020-12-19,213
2020-12-19,211
2020-12-19,214
2020-12-20,223
2020-12-20,223
2020-12-20,222
2020-12-20,224
2020-12-21,227.5
2020-12-21,228
2020-12-21,226
2020-12-21,229
2020-12-22,234
2020-12-22,234
2020-12-22,233
2020-12-22,235
2020-12-23,239
2020-12-23,239
2020-12-23,238
2020-12-23,240
2020-12-24,243.5
2020-12-24,244
2020-12-24,243
2020-12-24,244
2020-12-25,250.5
2020-12-25,251
2020-12-25,249
2020-12-25,252
2020-12-26,260.5
2020-12-26,261
2020-12-26,259
2020-12-26,262
2020-12-27,267
2020-12-27,267
2020-12-27,266
2020-12-27,268
2020-12-28,275
2020-12-28,275
2020-12-28,274
2020-12-28,276
2020-12-29,282.5
2020-12-29,283
2020-12-29,281
2020-12-29,284
2020-12-30,290.5
2020-12-30,291
2020-12-30,289
2020-12-30,292
2020-12-31,298
2020-12-31,298
2020-12-31,298
2020-12-31,298
2021-01-01,306.5
2021-01-01,307
2021-01-01,305
2021-01-01,308
2021-01-02,314.5
2021-01-02,315
2021-01-02,313
2021-01-02,316
2021-01-03,325.5
2021-01-03,326
2021-01-03,325
2021-01-03,326
2021-01-04,335
2021-01-04,335
2021-01-04,333
2021-01-04,337
2021-01-05,345.5
2021-01-05,346
2021-01-05,344
2021-01-05,347
2021-01-06,354
2021-01-06,354
2021-01-06,353
2021-01-06,355
2021-01-07,361.5
2021-01-07,362
2021-01-07,360
2021-01-07,363
2021-01-08,368.5
2021-01-08,369
2021-01-08,367
2021-01-08,370
2021-01-09,375.5
2021-01-09,376
2021-01-09,374
2021-01-09,377
2021-01-10,385
2021-01-10,385
2021-01-10,383
2021-01-10,387
2021-01-11,393.5
2021-01-11,394
2021-01-11,392
2021-01-11,395
2021-01-12,404.5
2021-01-12,405
2021-01-12,403
2021-01-12,406
2021-01-13,411.5
2021-01-13,412
2021-01-13,411
2021-01-13,412
2021-01-14,418.5
2021-01-14,419
2021-01-14,418
2021-01-14,419
2021-01-15,416.5
2021-01-15,417
2021-01-15,416
2021-01-15,417
2021-01-16,433.5
2021-01-16,434
2021-01-16,433
2021-01-16,434
2021-01-17,437.5
2021-01-17,438
2021-01-17,437
2021-01-17,438
2021-01-18,442
2021-01-18,442
2021-01-18,441
2021-01-18,443
2021-01-19,448.5
2021-01-19,449
2021-01-19,447
2021-01-19,450
2021-01-20,456.5
2021-01-20,457
2021-01-20,455
2021-01-20,458
2021-01-21,465.5
2021-01-21,466
2021-01-21,464
2021-01-21,467
2021-01-22,470
2021-01-22,470
2021-01-22,469
2021-01-22,471
2021-01-23,477
2021-01-23,477
2021-01-23,476
2021-01-23,478
2021-01-24,482
2021-01-24,482
2021-01-24,481
2021-01-24,483
2021-01-25,485.5
2021-01-25,486
2021-01-25,485
2021-01-25,486
2021-01-26,493.5
2021-01-26,494
2021-01-26,492
2021-01-26,495
2021-01-27,503.5
2021-01-27,504
2021-01-27,503
2021-01-27,504
2021-01-28,510
2021-01-28,510
2021-01-28,509
2021-01-28,511
2021-01-29,517.5
2021-01-29,518
2021-01-29,516
2021-01-29,519
2021-01-30,525
2021-01-30,525
2021-01-30,525
2021-01-30,525
2021-01-31,533.5
2021-01-31,534
2021-01-31,533
2021-01-31,534
2021-02-01,539.5
2021-02-01,540
2021-02-01,539
2021-02-01,540
2021-02-02,545
2021-02-02,545
2021-02-02,545
2021-02-02,545
2021-02-03,550.5
2021-02-03,551
2021-02-03,550
2021-02-03,551
2021-02-04,555.5
2021-02-04,556
2021-02-04,555
2021-02-04,556
2021-02-05,559.5
2021-02-05,560
2021-02-05,559
2021-02-05,560
2021-02-06,563
2021-02-06,563
2021-02-06,563
2021-02-06,563
2021-02-07,566.5
2021-02-07,567
2021-02-07,566
2021-02-07,567
2021-02-08,569.5
2021-02-08,570
2021-02-08,569
2021-02-08,570
2021-02-09,572
2021-02-09,572
2021-02-09,571
2021-02-09,573
2021-02-10,578
2021-02-10,578
2021-02-10,577
2021-02-10,579
2021-02-11,582.5
2021-02-11,583
2021-02-11,581
2021-02-11,584
2021-02-12,587
2021-02-12,587
2021-02-12,586
2021-02-12,588
2021-02-13,593
2021-02-13,593
2021-02-13,592
2021-02-13,594
2021-02-14,599.5
2021-02-14,600
2021-02-14,598
2021-02-14,601
2021-02-15,607
2021-02-15,607
2021-02-15,606
2021-02-15,608
2021-02-16,615
2021-02-16,615
2021-02-16,614
2021-02-16,616
2021-02-17,620
2021-02-17,620
2021-02-17,619
2021-02-17,621
2021-02-18,624
2021-02-18,624
2021-02-18,623
2021-02-18,625
2021-02-19,625.5
2021-02-19,626
2021-02-19,625
2021-02-19,626
2021-02-20,627
2021-02-20,627
2021-02-20,627
2021-02-20,627
2021-02-21,634
2021-02-21,634
2021-02-21,634
2021-02-21,634
2021-02-22,636.5
2021-02-22,637
2021-02-22,636
2021-02-22,637
2021-02-23,640
2021-02-23,640
2021-02-23,640
2021-02-23,640
2021-02-24,642
2021-02-24,642
2021-02-24,641
2021-02-24,643
2021-02-25,646
2021-02-25,646
2021-02-25,645
2021-02-25,647
2021-02-26,651.5
2021-02-26,652
2021-02-26,651
2021-02-26,652
2021-02-27,658.5
2021-02-27,659
2021-02-27,655
2021-02-27,662
2021-02-28,668
2021-02-28,668
2021-02-28,667
2021-02-28,669
2021-03-01,677
2021-03-01,677
2021-03-01,675
2021-03-01,679
2021-03-02,684
2021-03-02,684
2021-03-02,683
2021-03-02,685
2021-03-03,690
2021-03-03,690
2021-03-03,689
2021-03-03,691
2021-03-04,695
2021-03-04,695
2021-03-04,694
2021-03-04,696
2021-03-05,698.5
2021-03-05,699
2021-03-05,698
2021-03-05,699
2021-03-06,701.5
2021-03-06,702
2021-03-06,701
2021-03-06,702
2021-03-07,705.5
2021-03-07,706
2021-03-07,705
2021-03-07,706
2021-03-08,708.5
2021-03-08,709
2021-03-08,708
2021-03-08,709
2021-03-09,715.5
2021-03-09,716
2021-03-09,714
2021-03-09,717
2021-03-10,724
2021-03-10,724
2021-03-10,723
2021-03-10,725
2021-03-11,733
2021-03-11,733
2021-03-11,731
2021-03-11,735
2021-03-12,739.5
2021-03-12,740
2021-03-12,738
2021-03-12,741
2021-03-13,743.5
2021-03-13,744
2021-03-13,743
2021-03-13,744
2021-03-14,746.5
2021-03-14,747
2021-03-14,746
2021-03-14,747
2021-03-15,748.5
2021-03-15,749
2021-03-15,748
2021-03-15,749
2021-03-16,751.5
2021-03-16,752
2021-03-16,751
2021-03-16,752
2021-03-17,754.5
2021-03-17,755
2021-03-17,754
2021-03-17,755
2021-03-18,758
2021-03-18,758
2021-03-18,757
2021-03-18,759
2021-03-19,762.5
2021-03-19,763
2021-03-19,762
2021-03-19,763
2021-03-20,766
2021-03-20,766
2021-03-20,765
2021-03-20,767
2021-03-21,768.5
2021-03-21,769
2021-03-21,768
2021-03-21,769
2021-03-22,770.5
2021-03-22,771
2021-03-22,770
2021-03-22,771
2021-03-23,771
2021-03-23,771
2021-03-23,771
2021-03-23,771
2021-03-24,773
2021-03-24,773
2021-03-24,772
2021-03-24,774
2021-03-25,780
2021-03-25,780
2021-03-25,779
2021-03-25,781
2021-03-26,785.5
2021-03-26,786
2021-03-26,785
2021-03-26,786
2021-03-27,789
2021-03-27,789
2021-03-27,788
2021-03-27,790
2021-03-28,795
2021-03-28,795
2021-03-28,794
2021-03-28,796
2021-03-29,798
2021-03-29,798
2021-03-29,798
2021-03-29,798
2021-03-30,801
2021-03-30,801
2021-03-30,800
2021-03-30,802
2021-03-31,804
2021-03-31,804
2021-03-31,804
2021-03-31,804
2021-04-01,812
2021-04-01,812
2021-04-01,810
2021-04-01,814
2021-04-02,817
2021-04-02,817
2021-04-02,816
2021-04-02,818
2021-04-03,820.5
2021-04-03,821
2021-04-03,820
2021-04-03,821
2021-04-04,824
2021-04-04,824
2021-04-04,823
2021-04-04,825
2021-04-05,822
2021-04-05,822
2021-04-05,820
2021-04-05,824
2021-04-06,826.5
2021-04-06,827
2021-04-06,826
2021-04-06,827
2021-04-07,828
2021-04-07,828
2021-04-07,828
2021-04-07,828
2021-04-08,828
2021-04-08,828
2021-04-08,828
2021-04-08,828
2021-04-09,828.5
2021-04-09,829
2021-04-09,828
2021-04-09,829
2021-04-10,830
2021-04-10,830
2021-04-10,830
2021-04-10,830
2021-04-11,831.5
2021-04-11,832
2021-04-11,831
2021-04-11,832
2021-04-12,834.5
2021-04-12,835
2021-04-12,834
2021-04-12,835
2021-04-13,836.5
2021-04-13,837
2021-04-13,836
2021-04-13,837
2021-04-14,838.5
2021-04-14,839
2021-04-14,838
2021-04-14,839
2021-04-15,842
2021-04-15,842
2021-04-15,841
2021-04-15,843
2021-04-16,844.5
2021-04-16,845
2021-04-16,844
2021-04-16,845
2021-04-17,846
2021-04-17,846
2021-04-17,846
2021-04-17,846
2021-04-18,851
2021-04-18,851
2021-04-18,850
2021-04-18,852
2021-04-19,855
2021-04-19,855
2021-04-19,854
2021-04-19,856
2021-04-20,861
2021-04-20,861
2021-04-20,860
2021-04-20,862
2021-04-21,863.5
2021-04-21,864
2021-04-21,863
2021-04-21,864
2021-04-22,863.5
2021-04-22,864
2021-04-22,863
2021-04-22,864
2021-04-23,866
2021-04-23,866
2021-04-23,866
2021-04-23,866
2021-04-24,867.5
2021-04-24,868
2021-04-24,867
2021-04-24,868
2021-04-25,870
2021-04-25,870
2021-04-25,870
2021-04-25,870
2021-04-26,872.5
2021-04-26,873
2021-04-26,872
2021-04-26,873
2021-04-27,877.5
2021-04-27,878
2021-04-27,876
2021-04-27,879
2021-04-28,881
2021-04-28,881
2021-04-28,880
2021-04-28,882
2021-04-29,885
2021-04-29,885
2021-04-29,884
2021-04-29,886
2021-04-30,887.5
2021-04-30,888
2021-04-30,888
2021-04-30,887
2021-05-01,890
2021-05-01,890
2021-05-01,890
2021-05-01,890
2021-05-02,893
2021-05-02,893
2021-05-02,892
2021-05-02,894
2021-05-03,896
2021-05-03,896
2021-05-03,896
2021-05-03,896
2021-05-04,899.5
2021-05-04,900
2021-05-04,899
2021-05-04,900
2021-05-05,902
2021-05-05,902
2021-05-05,902
2021-05-05,902
2021-05-06,904.5
2021-05-06,905
2021-05-06,904
2021-05-06,905
2021-05-07,906.5
2021-05-07,907
2021-05-07,906
2021-05-07,907
2021-05-08,908.5
2021-05-08,909
2021-05-08,908
2021-05-08,909
2021-05-09,909.5
2021-05-09,910
2021-05-09,909
2021-05-09,910
2021-05-10,913
2021-05-10,913
2021-05-10,912
2021-05-10,914
2021-05-11,916
2021-05-11,916
2021-05-11,917
2021-05-11,915
2021-05-12,918.5
2021-05-12,919
2021-05-12,918
2021-05-12,919
2021-05-13,921
2021-05-13,921
2021-05-13,920
2021-05-13,922
2021-05-14,922.5
2021-05-14,923
2021-05-14,922
2021-05-14,923
2021-05-15,924.5
2021-05-15,925
2021-05-15,924
2021-05-15,925
2021-05-16,926
2021-05-16,926
2021-05-16,926
2021-05-16,926
2021-05-17,926.5
2021-05-17,927
2021-05-17,926
2021-05-17,927
2021-05-18,928
2021-05-18,928
2021-05-18,928
2021-05-18,928
2021-05-19,928.5
2021-05-19,929
2021-05-19,928
2021-05-19,929
2021-05-20,929
2021-05-20,929
2021-05-20,929
2021-05-20,929
2021-05-21,929
2021-05-21,929
2021-05-21,929
2021-05-21,929
2021-05-22,929
2021-05-22,929
2021-05-22,929
2021-05-22,929
2021-05-23,929
2021-05-23,929
2021-05-23,929
2021-05-23,929
2021-05-24,930
2021-05-24,930
2021-05-24,930
2021-05-24,930
2021-05-25,930
2021-05-25,930
2021-05-25,930
2021-05-25,930
2021-05-26,930
2021-05-26,930
2021-05-26,930
2021-05-26,930
2021-05-27,930.5
2021-05-27,931
2021-05-27,931
2021-05-27,930
2021-05-28,930
2021-05-28,930
2021-05-28,930
2021-05-28,930
2021-05-29,932
2021-05-29,932
2021-05-29,931
2021-05-29,933
2021-05-30,933
2021-05-30,933
2021-05-30,933
2021-05-30,933
2021-05-31,932
2021-05-31,932
2021-05-31,932
2021-05-31,932
2021-06-01,931
2021-06-01,931
2021-06-01,931
2021-06-01,931
2021-06-02,930.5
2021-06-02,931
2021-06-02,930
2021-06-02,931
2021-06-03,930.5
2021-06-03,931
2021-06-03,931
2021-06-03,930
2021-06-04,930
2021-06-04,930
2021-06-04,931
2021-06-04,929
2021-06-05,928.5
2021-06-05,929
2021-06-05,929
2021-06-05,928
2021-06-06,927
2021-06-06,927
2021-06-06,927
2021-06-06,927
2021-06-07,925
2021-06-07,925
2021-06-07,925
2021-06-07,925
2021-06-08,924
2021-06-08,924
2021-06-08,924
2021-06-08,924
2021-06-09,922.5
2021-06-09,923
2021-06-09,922
2021-06-09,923
2021-06-10,924
2021-06-10,924
2021-06-10,924
2021-06-10,924
2021-06-11,924
2021-06-11,924
2021-06-11,924
2021-06-11,924
2021-06-12,922.5
2021-06-12,923
2021-06-12,923
2021-06-12,922
2021-06-13,920.5
2021-06-13,921
2021-06-13,921
2021-06-13,920
2021-06-14,919
2021-06-14,919
2021-06-14,919
2021-06-14,919
2021-06-15,919.5
2021-06-15,920
2021-06-15,919
2021-06-15,920
2021-06-16,919
2021-06-16,919
2021-06-16,919
2021-06-16,919
2021-06-17,920
2021-06-17,920
2021-06-17,920
2021-06-17,920
2021-06-18,919
2021-06-18,919
2021-06-18,919
2021-06-18,919
2021-06-19,919
2021-06-19,919
2021-06-19,919
2021-06-19,919
2021-06-20,918.5
2021-06-20,919
2021-06-20,919
2021-06-20,918
2021-06-21,918
2021-06-21,918
2021-06-21,918
2021-06-21,918
2021-06-22,916
2021-06-22,916
2021-06-22,916
2021-06-22,916
2021-06-23,915
2021-06-23,915
2021-06-23,915
2021-06-23,915
2021-06-24,915
2021-06-24,915
2021-06-24,915
2021-06-24,915
2021-06-25,913.5
2021-06-25,914
2021-06-25,914
2021-06-25,913
2021-06-26,912
2021-06-26,912
2021-06-26,912
2021-06-26,912
2021-06-27,910.5
2021-06-27,911
2021-06-27,911
2021-06-27,910
2021-06-28,909
2021-06-28,909
2021-06-28,909
2021-06-28,909
2021-06-29,908
2021-06-29,908
2021-06-29,908
2021-06-29,908
2021-06-30,906
2021-06-30,906
2021-06-30,906
2021-06-30,906
2021-07-01,903
2021-07-01,903
2021-07-01,903
2021-07-01,903
2021-07-02,899
2021-07-02,899
2021-07-02,899
2021-07-02,899
2021-07-03,898
2021-07-03,898
2021-07-03,898
2021-07-03,898
2021-07-04,898
2021-07-04,898
2021-07-04,898
2021-07-04,898
2021-07-05,897
2021-07-05,897
2021-07-05,898
2021-07-05,896
2021-07-06,894
2021-07-06,894
2021-07-06,894
2021-07-06,894
2021-07-07,891.5
2021-07-07,892
2021-07-07,892
2021-07-07,891
2021-07-08,890
2021-07-08,890
2021-07-08,890
2021-07-08,890
2021-07-09,888.5
2021-07-09,889
2021-07-09,889
2021-07-09,888
2021-07-10,886.5
2021-07-10,887
2021-07-10,887
2021-07-10,886
2021-07-11,885
2021-07-11,885
2021-07-11,885
2021-07-11,885
2021-07-12,884
2021-07-12,884
2021-07-12,884
2021-07-12,884
2021-07-13,883
2021-07-13,883
2021-07-13,883
2021-07-13,883
2021-07-14,882
2021-07-14,882
2021-07-14,882
2021-07-14,882
2021-07-15,881
2021-07-15,881
2021-07-15,881
2021-07-15,881
2021-07-16,879.5
2021-07-16,880
2021-07-16,880
2021-07-16,879
2021-07-17,877
2021-07-17,877
2021-07-17,878
2021-07-17,876
2021-07-18,874.5
2021-07-18,875
2021-07-18,875
2021-07-18,874
2021-07-19,872.5
2021-07-19,873
2021-07-19,873
2021-07-19,872
2021-07-20,868
2021-07-20,868
2021-07-20,869
2021-07-20,867
2021-07-21,865.5
2021-07-21,866
2021-07-21,866
2021-07-21,865
2021-07-22,863
2021-07-22,863
2021-07-22,864
2021-07-22,862
2021-07-23,859.5
2021-07-23,860
2021-07-23,860
2021-07-23,859
2021-07-24,855
2021-07-24,855
2021-07-24,856
2021-07-24,854
2021-07-25,851.5
2021-07-25,852
2021-07-25,853
2021-07-25,850
2021-07-26,847
2021-07-26,847
2021-07-26,848
2021-07-26,846
2021-07-27,843
2021-07-27,843
2021-07-27,844
2021-07-27,842
2021-07-28,839
2021-07-28,839
2021-07-28,840
2021-07-28,838
2021-07-29,833.5
2021-07-29,834
2021-07-29,835
2021-07-29,832
2021-07-30,829
2021-07-30,829
2021-07-30,830
2021-07-30,828
2021-07-31,827.5
2021-07-31,828
2021-07-31,828
2021-07-31,827
2021-08-01,826
2021-08-01,825.5
2021-08-01,826
2021-08-01,825
2021-08-02,824
2021-08-02,823.5
2021-08-02,824
2021-08-02,823
2021-08-03,821
2021-08-03,820.5
2021-08-03,822
2021-08-03,819
2021-08-04,816
2021-08-04,815.5
2021-08-04,817
2021-08-04,814
2021-08-05,811
2021-08-05,811
2021-08-05,812
2021-08-05,810
2021-08-06,806
2021-08-06,805.5
2021-08-06,807
2021-08-06,804
2021-08-07,799
2021-08-07,799
2021-08-07,800
2021-08-07,798
2021-08-08,795
2021-08-08,795
2021-08-08,796
2021-08-08,794
2021-08-09,791
2021-08-09,790.5
2021-08-09,792
2021-08-09,789
2021-08-10,781
2021-08-10,781
2021-08-10,782
2021-08-10,780
2021-08-11,779
2021-08-11,778.5
2021-08-11,779
2021-08-11,778
2021-08-12,778
2021-08-12,777.5
2021-08-12,778
2021-08-12,777
2021-08-13,776
2021-08-13,776
2021-08-13,776
2021-08-13,776
2021-08-14,774
2021-08-14,774
2021-08-14,774
2021-08-14,774
2021-08-15,772
2021-08-15,772
2021-08-15,772
2021-08-15,772
2021-08-16,767
2021-08-16,767
2021-08-16,768
2021-08-16,766
2021-08-17,766
2021-08-17,765.5
2021-08-17,766
2021-08-17,765
2021-08-18,763
2021-08-18,763
2021-08-18,764
2021-08-18,762
2021-08-19,760
2021-08-19,759.5
2021-08-19,760
2021-08-19,759
2021-08-20,755
2021-08-20,755
2021-08-20,756
2021-08-20,754
2021-08-21,751
2021-08-21,751
2021-08-21,752
2021-08-21,750
2021-08-22,747
2021-08-22,747
2021-08-22,748
2021-08-22,746
2021-08-23,740
2021-08-23,739.5
2021-08-23,740
2021-08-23,739
2021-08-24,736
2021-08-24,736
2021-08-24,737
2021-08-24,735
2021-08-25,729
2021-08-25,729
2021-08-25,730
2021-08-25,728
2021-08-26,725
2021-08-26,725
2021-08-26,726
2021-08-26,724
2021-08-27,718
2021-08-27,718
2021-08-27,719
2021-08-27,717
2021-08-28,712
2021-08-28,712
2021-08-28,714
2021-08-28,710
2021-08-29,707
2021-08-29,706.5
2021-08-29,708
2021-08-29,705
2021-08-30,699
2021-08-30,699
2021-08-30,700
2021-08-30,698
2021-08-31,693
2021-08-31,693
2021-08-31,694
2021-08-31,692
2021-09-01,689.5
2021-09-01,690
2021-09-01,690
2021-09-01,689
2021-09-02,681.5
2021-09-02,682
2021-09-02,683
2021-09-02,680
2021-09-03,673
2021-09-03,673
2021-09-03,674
2021-09-03,672
2021-09-04,669
2021-09-04,669
2021-09-04,670
2021-09-04,668
2021-09-05,655
2021-09-05,655
2021-09-05,656
2021-09-05,654
2021-09-06,649.5
2021-09-06,650
2021-09-06,651
2021-09-06,648
2021-09-07,644
2021-09-07,644
2021-09-07,646
2021-09-07,642
2021-09-08,639
2021-09-08,639
2021-09-08,640
2021-09-08,638
2021-09-09,635
2021-09-09,635
2021-09-09,636
2021-09-09,634
2021-09-10,631
2021-09-10,631
2021-09-10,632
2021-09-10,630
2021-09-11,626
2021-09-11,626
2021-09-11,628
2021-09-11,624
2021-09-12,618
2021-09-12,618
2021-09-12,620
2021-09-12,616
2021-09-13,610.5
2021-09-13,611
2021-09-13,612
2021-09-13,609
2021-09-14,604.5
2021-09-14,605
2021-09-14,607
2021-09-14,602
2021-09-15,595.5
2021-09-15,596
2021-09-15,596
2021-09-15,595
2021-09-16,584.5
2021-09-16,585
2021-09-16,587
2021-09-16,582
2021-09-17,575.5
2021-09-17,576
2021-09-17,576
2021-09-17,575
2021-09-18,567
2021-09-18,567
2021-09-18,569
2021-09-18,565
2021-09-19,558.5
2021-09-19,559
2021-09-19,560
2021-09-19,557
2021-09-20,552
2021-09-20,552
2021-09-20,554
2021-09-20,550
2021-09-21,544
2021-09-21,544
2021-09-21,546
2021-09-21,542
2021-09-22,536
2021-09-22,536
2021-09-22,538
2021-09-22,534
2021-09-23,528.5
2021-09-23,529
2021-09-23,530
2021-09-23,527
2021-09-24,522
2021-09-24,522
2021-09-24,524
2021-09-24,520
2021-09-25,513
2021-09-25,513
2021-09-25,516
2021-09-25,510
2021-09-26,503
2021-09-26,503
2021-09-26,506
2021-09-26,500
2021-09-27,495
2021-09-27,495
2021-09-27,496
2021-09-27,494
2021-09-28,483
2021-09-28,483
2021-09-28,486
2021-09-28,480
2021-09-29,474
2021-09-29,474
2021-09-29,476
2021-09-29,472
2021-09-30,463.5
2021-09-30,464
2021-09-30,466
2021-09-30,461
2021-10-01,452
2021-10-01,451
2021-10-01,454
2021-10-01,448
2021-10-02,440
2021-10-02,440
2021-10-02,441
2021-10-02,439
2021-10-03,431
2021-10-03,430
2021-10-03,432
2021-10-03,428
2021-10-04,422
2021-10-04,422
2021-10-04,424
2021-10-04,420
2021-10-05,414
2021-10-05,415
2021-10-05,416
2021-10-05,414
2021-10-06,410
2021-10-06,408
2021-10-06,410
2021-10-06,406
2021-10-07,401
2021-10-07,402
2021-10-07,404
2021-10-07,400
2021-10-08,395
2021-10-08,394.5
2021-10-08,395
2021-10-08,394
2021-10-09,390
2021-10-09,390
2021-10-09,392
2021-10-09,388
2021-10-10,383
2021-10-10,383.5
2021-10-10,385
2021-10-10,382
2021-10-11,376
2021-10-11,376
2021-10-11,378
2021-10-11,374
2021-10-12,369
2021-10-12,369
2021-10-12,371
2021-10-12,367
2021-10-13,362
2021-10-13,360.5
2021-10-13,363
2021-10-13,358
2021-10-14,351
2021-10-14,349.5
2021-10-14,351
2021-10-14,348
2021-10-15,340
2021-10-15,341
2021-10-15,344
2021-10-15,338
2021-10-16,330
2021-10-16,330
2021-10-16,332
2021-10-16,328
2021-10-17,321
2021-10-17,321
2021-10-17,325
2021-10-17,317
2021-10-18,314
2021-10-18,313
2021-10-18,314
2021-10-18,312
2021-10-19,308
2021-10-19,308.5
2021-10-19,310
2021-10-19,307
2021-10-20,299
2021-10-20,301.5
2021-10-20,303
2021-10-20,300
2021-10-21,298
2021-10-21,297
2021-10-21,298
2021-10-21,296
2021-10-22,292
2021-10-22,292.5
2021-10-22,294
2021-10-22,291
2021-10-23,288
2021-10-23,288
2021-10-23,289
2021-10-23,287
2021-10-24,283
2021-10-24,282.5
2021-10-24,285
2021-10-24,280
2021-10-25,280
2021-10-25,277.5
2021-10-25,279
2021-10-25,276
2021-10-26,272
2021-10-26,270.5
2021-10-26,272
2021-10-26,269
2021-10-27,266
2021-10-27,265
2021-10-27,266
2021-10-27,264
2021-10-28,259
2021-10-28,259
2021-10-28,260
2021-10-28,258
2021-10-29,254
2021-10-29,253.5
2021-10-29,255
2021-10-29,252
2021-10-30,248
2021-10-30,246
2021-10-30,248
2021-10-30,244
2021-10-31,241
2021-10-31,237.5
2021-10-31,238
2021-10-31,237
2021-11-01,235.5
2021-11-01,236
2021-11-01,236
2021-11-01,235
2021-11-02,234
2021-11-02,237
2021-11-02,233
2021-11-02,235
2021-11-03,238
2021-11-03,238
2021-11-03,238
2021-11-03,238
2021-11-04,239
2021-11-04,237
2021-11-04,239
2021-11-04,239
2021-11-05,241
2021-11-05,239
2021-11-05,241
2021-11-05,241
2021-11-06,242
2021-11-06,241
2021-11-06,242
2021-11-06,242
2021-11-07,243
2021-11-07,242
2021-11-07,243
2021-11-07,243
2021-11-08,241.5
2021-11-08,240
2021-11-08,243
2021-11-08,240
2021-11-09,245.5
2021-11-09,243
2021-11-09,246
2021-11-09,245
2021-11-10,246
2021-11-10,244
2021-11-10,245
2021-11-10,247
2021-11-11,248
2021-11-11,246
2021-11-11,247
2021-11-11,249
2021-11-12,250
2021-11-12,250
2021-11-12,250
2021-11-12,250
2021-11-13,250
2021-11-13,250
2021-11-13,250
2021-11-13,250
2021-11-14,250
2021-11-14,251
2021-11-14,250
2021-11-14,250
2021-11-15,250
2021-11-15,249
2021-11-15,250
2021-11-15,250
2021-11-16,250
2021-11-16,250
2021-11-16,250
2021-11-16,250
2021-11-17,254
2021-11-17,252
2021-11-17,253
2021-11-17,255
2021-11-18,258
2021-11-18,254
2021-11-18,255
2021-11-18,261
2021-11-19,262
2021-11-19,256
2021-11-19,257
2021-11-19,267
2021-11-20,268
2021-11-20,263
2021-11-20,265
2021-11-20,271
2021-11-21,273.5
2021-11-21,268
2021-11-21,270
2021-11-21,277
2021-11-22,279
2021-11-22,274
2021-11-22,276
2021-11-22,282
2021-11-23,284
2021-11-23,280
2021-11-23,281
2021-11-23,287
2021-11-24,288.5
2021-11-24,286
2021-11-24,286
2021-11-24,291
2021-11-25,293.5
2021-11-25,289
2021-11-25,290
2021-11-25,297
2021-11-26,299
2021-11-26,294
2021-11-26,297
2021-11-26,301
2021-11-27,302
2021-11-27,298
2021-11-27,300
2021-11-27,304
2021-11-28,305.5
2021-11-28,302
2021-11-28,303
2021-11-28,308
2021-11-29,307
2021-11-29,305
2021-11-29,307
2021-11-29,307
2021-11-30,310.5
2021-11-30,310
2021-11-30,310
2021-11-30,311
2021-12-01,314
2021-12-01,314
2021-12-01,313
2021-12-01,315
2021-12-02,321.5
2021-12-02,322
2021-12-02,320
2021-12-02,323
2021-12-03,327.5
2021-12-03,326
2021-12-03,326
2021-12-03,329
2021-12-04,335
2021-12-04,335
2021-12-04,332
2021-12-04,338
2021-12-05,341.5
2021-12-05,338
2021-12-05,340
2021-12-05,343
2021-12-06,347
2021-12-06,346
2021-12-06,346
2021-12-06,348
2021-12-07,355.5
2021-12-07,353
2021-12-07,353
2021-12-07,358
2021-12-08,361.5
2021-12-08,359
2021-12-08,360
2021-12-08,363
2021-12-09,366.5
2021-12-09,366
2021-12-09,366
2021-12-09,367
2021-12-10,373
2021-12-10,372
2021-12-10,372
2021-12-10,374
2021-12-11,377
2021-12-11,378
2021-12-11,375
2021-12-11,379
2021-12-12,383.5
2021-12-12,385
2021-12-12,381
2021-12-12,386
2021-12-13,394
2021-12-13,392
2021-12-13,392
2021-12-13,396
2021-12-14,401
2021-12-14,398
2021-12-14,400
2021-12-14,402
2021-12-15,405.5
2021-12-15,404
2021-12-15,405
2021-12-15,406
2021-12-16,413.5
2021-12-16,411
2021-12-16,411
2021-12-16,416
2021-12-17,421
2021-12-17,419
2021-12-17,420
2021-12-17,422
2021-12-18,429
2021-12-18,427
2021-12-18,428
2021-12-18,430
2021-12-19,435
2021-12-19,433
2021-12-19,434
2021-12-19,436
2021-12-20,439
2021-12-20,438
2021-12-20,438
2021-12-20,440
2021-12-21,445
2021-12-21,442
2021-12-21,444
2021-12-21,446
2021-12-22,448
2021-12-22,446
2021-12-22,448
2021-12-22,448
2021-12-23,452.5
2021-12-23,451
2021-12-23,451
2021-12-23,454
2021-12-24,458
2021-12-24,455
2021-12-24,456
2021-12-24,460
2021-12-25,466.5
2021-12-25,464
2021-12-25,465
2021-12-25,468
2021-12-26,475
2021-12-26,468
2021-12-26,479
2021-12-26,471
2021-12-27,474
2021-12-27,472
2021-12-27,473
2021-12-27,475
2021-12-28,480.5
2021-12-28,479
2021-12-28,480
2021-12-28,481
2021-12-29,485.5
2021-12-29,484
2021-12-29,485
2021-12-29,486
2021-12-30,494
2021-12-30,490
2021-12-30,492
2021-12-30,496
2021-12-31,498
2021-12-31,498
2021-12-31,497
2021-12-31,499
2022-01-01,511
2022-01-01,511
2022-01-01,510
2022-01-01,512
2022-01-02,518
2022-01-02,518
2022-01-02,516
2022-01-02,520
2022-01-03,525
2022-01-03,524.5
2022-01-03,524
2022-01-03,525
2022-01-04,536
2022-01-04,535.5
2022-01-04,534
2022-01-04,537
2022-01-05,543
2022-01-05,542.5
2022-01-05,541
2022-01-05,544
2022-01-06,547
2022-01-06,547
2022-01-06,546
2022-01-06,548
2022-01-07,554
2022-01-07,553.5
2022-01-07,553
2022-01-07,554
2022-01-08,562
2022-01-08,562
2022-01-08,561
2022-01-08,563
2022-01-09,568
2022-01-09,568
2022-01-09,567
2022-01-09,569
2022-01-10,575
2022-01-10,574.5
2022-01-10,573
2022-01-10,576
2022-01-11,577
2022-01-11,576.5
2022-01-11,576
2022-01-11,577
2022-01-12,579
2022-01-12,579
2022-01-12,579
2022-01-12,579
2022-01-13,580
2022-01-13,580
2022-01-13,580
2022-01-13,580
2022-01-14,581
2022-01-14,581
2022-01-14,582
2022-01-14,580
2022-01-15,583
2022-01-15,582.5
2022-01-15,582
2022-01-15,583
2022-01-16,584
2022-01-16,584
2022-01-16,584
2022-01-16,584
2022-01-17,585
2022-01-17,584.5
2022-01-17,584
2022-01-17,585
2022-01-18,589
2022-01-18,588.5
2022-01-18,587
2022-01-18,590
2022-01-19,591
2022-01-19,591
2022-01-19,591
2022-01-19,591
2022-01-20,592
2022-01-20,592
2022-01-20,592
2022-01-20,592
2022-01-21,593
2022-01-21,592.5
2022-01-21,593
2022-01-21,592
2022-01-22,595
2022-01-22,595
2022-01-22,595
2022-01-22,595
2022-01-23,596
2022-01-23,595.5
2022-01-23,596
2022-01-23,595
2022-01-24,595
2022-01-24,595
2022-01-24,595
2022-01-24,595
2022-01-25,597
2022-01-25,596.5
2022-01-25,596
2022-01-25,597
2022-01-26,600
2022-01-26,599.5
2022-01-26,599
2022-01-26,600
2022-01-27,603
2022-01-27,602.5
2022-01-27,602
2022-01-27,603
2022-01-28,605
2022-01-28,604.5
2022-01-28,604
2022-01-28,605
2022-01-29,607
2022-01-29,606.5
2022-01-29,606
2022-01-29,607
2022-01-30,607
2022-01-30,607
2022-01-30,607
2022-01-30,607
2022-01-31,607
2022-01-31,607
2022-01-31,607
2022-01-31,607
2022-02-01,605
2022-02-01,605
2022-02-01,607
2022-02-01,603
2022-02-02,603
2022-02-02,603
2022-02-02,603
2022-02-02,603
2022-02-03,602
2022-02-03,602
2022-02-03,603
2022-02-03,601
2022-02-04,601
2022-02-04,601
2022-02-04,601
2022-02-04,601
2022-02-05,603
2022-02-05,602.5
2022-02-05,603
2022-02-05,602
2022-02-06,606
2022-02-06,605.5
2022-02-06,606
2022-02-06,605
2022-02-07,607
2022-02-07,607
2022-02-07,606
2022-02-07,608
2022-02-08,611
2022-02-08,610.5
2022-02-08,610
2022-02-08,611
2022-02-09,612
2022-02-09,611.5
2022-02-09,611
2022-02-09,612
2022-02-10,616
2022-02-10,615.5
2022-02-10,619
2022-02-10,612
2022-02-11,615
2022-02-11,614.5
2022-02-11,614
2022-02-11,615
2022-02-12,616
2022-02-12,615.5
2022-02-12,616
2022-02-12,615
2022-02-13,615
2022-02-13,615
2022-02-13,615
2022-02-13,615
2022-02-14,615
2022-02-14,615
2022-02-14,615
2022-02-14,615
2022-02-15,623
2022-02-15,623
2022-02-15,622
2022-02-15,624
2022-02-16,626
2022-02-16,625.5
2022-02-16,625
2022-02-16,626
2022-02-17,629
2022-02-17,629
2022-02-17,628
2022-02-17,630
2022-02-18,637
2022-02-18,636.5
2022-02-18,635
2022-02-18,638
2022-02-19,642
2022-02-19,642
2022-02-19,641
2022-02-19,643
2022-02-20,647
2022-02-20,646.5
2022-02-20,646
2022-02-20,647
2022-02-21,651
2022-02-21,650.5
2022-02-21,650
2022-02-21,651
2022-02-22,653
2022-02-22,653
2022-02-22,653
2022-02-22,653
2022-02-23,654
2022-02-23,654
2022-02-23,654
2022-02-23,654
2022-02-24,657
2022-02-24,656.5
2022-02-24,656
2022-02-24,657
2022-02-25,658
2022-02-25,657.5
2022-02-25,657
2022-02-25,658
2022-02-26,659
2022-02-26,658.5
2022-02-26,658
2022-02-26,659
2022-02-27,659
2022-02-27,659
2022-02-27,659
2022-02-27,659
2022-02-28,663
2022-02-28,662.5
2022-02-28,662
2022-02-28,663
2022-03-01,664.5
2022-03-01,665
2022-03-01,664
2022-03-01,665
2022-03-02,666.5
2022-03-02,667
2022-03-02,666
2022-03-02,667
2022-03-03,669
2022-03-03,669
2022-03-03,669
2022-03-03,669
2022-03-04,670
2022-03-04,670
2022-03-04,669
2022-03-04,671
2022-03-05,674
2022-03-05,674
2022-03-05,672
2022-03-05,676
2022-03-06,675.5
2022-03-06,676
2022-03-06,674
2022-03-06,677
2022-03-07,681
2022-03-07,681
2022-03-07,681
2022-03-07,681
2022-03-08,687
2022-03-08,687
2022-03-08,686
2022-03-08,688
2022-03-09,700.5
2022-03-09,701
2022-03-09,700
2022-03-09,701
2022-03-10,703.5
2022-03-10,704
2022-03-10,703
2022-03-10,704
2022-03-11,707
2022-03-11,707
2022-03-11,706
2022-03-11,708
2022-03-12,710.5
2022-03-12,711
2022-03-12,710
2022-03-12,711
2022-03-13,712.5
2022-03-13,713
2022-03-13,712
2022-03-13,713
2022-03-14,719.5
2022-03-14,720
2022-03-14,715
2022-03-14,724
2022-03-15,725.5
2022-03-15,726
2022-03-15,725
2022-03-15,726
2022-03-16,728.5
2022-03-16,729
2022-03-16,728
2022-03-16,729
2022-03-17,734
2022-03-17,734
2022-03-17,732
2022-03-17,736
2022-03-18,741.5
2022-03-18,742
2022-03-18,741
2022-03-18,742
2022-03-19,744
2022-03-19,744
2022-03-19,743
2022-03-19,745
2022-03-20,751.5
2022-03-20,752
2022-03-20,751
2022-03-20,752
2022-03-21,760.5
2022-03-21,761
2022-03-21,759
2022-03-21,762
2022-03-22,766.5
2022-03-22,767
2022-03-22,765
2022-03-22,768
2022-03-23,772.5
2022-03-23,773
2022-03-23,771
2022-03-23,774
2022-03-24,778
2022-03-24,778
2022-03-24,777
2022-03-24,779
2022-03-25,784
2022-03-25,784
2022-03-25,783
2022-03-25,785
2022-03-26,789.5
2022-03-26,790
2022-03-26,788
2022-03-26,791
2022-03-27,796
2022-03-27,796
2022-03-27,795
2022-03-27,797
2022-03-28,805
2022-03-28,805
2022-03-28,804
2022-03-28,806
2022-03-29,813.5
2022-03-29,814
2022-03-29,812
2022-03-29,815
2022-03-30,819
2022-03-30,819
2022-03-30,818
2022-03-30,820
2022-03-31,819
2022-03-31,819
2022-03-31,819
2022-03-31,819
2022-04-01,823
2022-04-01,823
2022-04-01,822
2022-04-01,824
2022-04-02,831
2022-04-02,831
2022-04-02,828
2022-04-02,834
2022-04-03,848.5
2022-04-03,849
2022-04-03,848
2022-04-03,849
2022-04-04,850
2022-04-04,850
2022-04-04,850
2022-04-04,850
2022-04-05,856.5
2022-04-05,857
2022-04-05,855
2022-04-05,858
2022-04-06,862
2022-04-06,862
2022-04-06,862
2022-04-06,862
2022-04-07,864
2022-04-07,864
2022-04-07,863
2022-04-07,865
2022-04-08,867.5
2022-04-08,868
2022-04-08,866
2022-04-08,869
2022-04-09,875.5
2022-04-09,876
2022-04-09,872
2022-04-09,879
2022-04-10,876.5
2022-04-10,877
2022-04-10,876
2022-04-10,877
2022-04-11,880.5
2022-04-11,881
2022-04-11,880
2022-04-11,881
2022-04-12,884
2022-04-12,884
2022-04-12,883
2022-04-12,885
2022-04-13,885.5
2022-04-13,886
2022-04-13,885
2022-04-13,886
2022-04-14,887.5
2022-04-14,888
2022-04-14,887
2022-04-14,888
2022-04-15,889.5
2022-04-15,890
2022-04-15,889
2022-04-15,890
2022-04-16,892.5
2022-04-16,893
2022-04-16,892
2022-04-16,893
2022-04-17,894.5
2022-04-17,895
2022-04-17,894
2022-04-17,895
2022-04-18,896.5
2022-04-18,897
2022-04-18,896
2022-04-18,897
2022-04-19,902
2022-04-19,902
2022-04-19,900
2022-04-19,904
2022-04-20,907
2022-04-20,907
2022-04-20,906
2022-04-20,908
2022-04-21,910
2022-04-21,910
2022-04-21,910
2022-04-21,910
2022-04-22,910
2022-04-22,910
2022-04-22,910
2022-04-22,910
2022-04-23,910
2022-04-23,910
2022-04-23,910
2022-04-23,910
2022-04-24,910
2022-04-24,910
2022-04-24,910
2022-04-24,910
2022-04-25,910
2022-04-25,910
2022-04-25,910
2022-04-25,910
2022-04-26,911
2022-04-26,911
2022-04-26,911
2022-04-26,911
2022-04-27,911.5
2022-04-27,912
2022-04-27,911
2022-04-27,912
2022-04-28,912.5
2022-04-28,913
2022-04-28,912
2022-04-28,913
2022-04-29,913
2022-04-29,913
2022-04-29,913
2022-04-29,913
2022-04-30,915
2022-04-30,915
2022-04-30,915
2022-04-30,915
2022-05-01,916.5
2022-05-01,917
2022-05-01,916
2022-05-01,917
2022-05-02,919
2022-05-02,919
2022-05-02,919
2022-05-02,919
2022-05-03,919.5
2022-05-03,920
2022-05-03,919
2022-05-03,920
2022-05-04,922
2022-05-04,922
2022-05-04,922
2022-05-04,922
2022-05-05,922.5
2022-05-05,923
2022-05-05,922
2022-05-05,923
2022-05-06,923.5
2022-05-06,924
2022-05-06,923
2022-05-06,924
2022-05-07,925.5
2022-05-07,926
2022-05-07,925
2022-05-07,926
2022-05-08,927.5
2022-05-08,928
2022-05-08,927
2022-05-08,928
2022-05-09,929
2022-05-09,929
2022-05-09,929
2022-05-09,929
2022-05-10,928.5
2022-05-10,929
2022-05-10,929
2022-05-10,928
2022-05-11,927
2022-05-11,927
2022-05-11,927
2022-05-11,927
2022-05-12,926
2022-05-12,926
2022-05-12,926
2022-05-12,926
2022-05-13,926
2022-05-13,926
2022-05-13,926
2022-05-13,926
2022-05-14,925
2022-05-14,925
2022-05-14,925
2022-05-14,925
2022-05-15,925
2022-05-15,925
2022-05-15,925
2022-05-15,925
2022-05-16,925.5
2022-05-16,926
2022-05-16,925
2022-05-16,926
2022-05-17,928.5
2022-05-17,929
2022-05-17,928
2022-05-17,929
2022-05-18,930.5
2022-05-18,931
2022-05-18,930
2022-05-18,931
2022-05-19,935
2022-05-19,935
2022-05-19,935
2022-05-19,935
2022-05-20,935
2022-05-20,935
2022-05-20,935
2022-05-20,935
2022-05-21,935
2022-05-21,935
2022-05-21,935
2022-05-21,935
2022-05-22,934
2022-05-22,934
2022-05-22,934
2022-05-22,934
2022-05-23,934
2022-05-23,934
2022-05-23,934
2022-05-23,934
2022-05-24,933
2022-05-24,933
2022-05-24,933
2022-05-24,933
2022-05-25,932
2022-05-25,932
2022-05-25,932
2022-05-25,932
2022-05-26,931
2022-05-26,931
2022-05-26,931
2022-05-26,931
2022-05-27,929
2022-05-27,929
2022-05-27,929
2022-05-27,929
2022-05-28,927.5
2022-05-28,928
2022-05-28,928
2022-05-28,927
2022-05-29,926
2022-05-29,926
2022-05-29,926
2022-05-29,926
2022-05-30,925
2022-05-30,925
2022-05-30,925
2022-05-30,925
2022-05-31,925
2022-05-31,925
2022-05-31,925
2022-05-31,925
2022-06-01,924
2022-06-01,924
2022-06-01,924
2022-06-01,924
2022-06-02,923
2022-06-02,923
2022-06-02,923
2022-06-02,923
2022-06-03,921.5
2022-06-03,922
2022-06-03,921
2022-06-03,922
2022-06-04,920
2022-06-04,920
2022-06-04,920
2022-06-04,920
2022-06-05,918.5
2022-06-05,919
2022-06-05,919
2022-06-05,918
2022-06-06,919.5
2022-06-06,920
2022-06-06,919
2022-06-06,920
2022-06-07,917.5
2022-06-07,918
2022-06-07,918
2022-06-07,917
2022-06-08,918
2022-06-08,918
2022-06-08,918
2022-06-08,918
2022-06-09,916
2022-06-09,916
2022-06-09,916
2022-06-09,916
2022-06-10,913
2022-06-10,913
2022-06-10,913
2022-06-10,913
2022-06-11,911
2022-06-11,911
2022-06-11,911
2022-06-11,911
2022-06-12,911.5
2022-06-12,912
2022-06-12,912
2022-06-12,911
2022-06-13,910
2022-06-13,910
2022-06-13,910
2022-06-13,910
2022-06-14,911
2022-06-14,911
2022-06-14,911
2022-06-14,911
2022-06-15,910.5
2022-06-15,911
2022-06-15,911
2022-06-15,910
2022-06-16,910
2022-06-16,910
2022-06-16,910
2022-06-16,910
2022-06-17,910
2022-06-17,910
2022-06-17,910
2022-06-17,910
2022-06-18,910
2022-06-18,910
2022-06-18,910
2022-06-18,910
2022-06-19,909
2022-06-19,909
2022-06-19,909
2022-06-19,909
2022-06-20,909.5
2022-06-20,910
2022-06-20,909
2022-06-20,910
2022-06-21,909
2022-06-21,909
2022-06-21,909
2022-06-21,909
2022-06-22,909
2022-06-22,909
2022-06-22,909
2022-06-22,909
2022-06-23,908
2022-06-23,908
2022-06-23,908
2022-06-23,908
2022-06-24,907
2022-06-24,907
2022-06-24,907
2022-06-24,907
2022-06-25,907
2022-06-25,907
2022-06-25,907
2022-06-25,907
2022-06-26,902.5
2022-06-26,903
2022-06-26,903
2022-06-26,902
2022-06-27,896
2022-06-27,896
2022-06-27,896
2022-06-27,896
2022-06-28,894
2022-06-28,894
2022-06-28,894
2022-06-28,894
2022-06-29,894
2022-06-29,894
2022-06-29,894
2022-06-29,894
2022-06-30,891
2022-06-30,891
2022-06-30,891
2022-06-30,891
2022-07-01,890
2022-07-01,889.5
2022-07-01,890
2022-07-01,889
2022-07-02,888
2022-07-02,887.5
2022-07-02,888
2022-07-02,887
2022-07-03,886
2022-07-03,886
2022-07-03,886
2022-07-03,886
2022-07-04,885
2022-07-04,885
2022-07-04,885
2022-07-04,885
2022-07-05,884
2022-07-05,884
2022-07-05,885
2022-07-05,883
2022-07-06,882
2022-07-06,882
2022-07-06,883
2022-07-06,881
2022-07-07,880
2022-07-07,880
2022-07-07,881
2022-07-07,879
2022-07-08,878
2022-07-08,877.5
2022-07-08,879
2022-07-08,876
2022-07-09,875
2022-07-09,875
2022-07-09,877
2022-07-09,873
2022-07-10,872
2022-07-10,871.5
2022-07-10,874
2022-07-10,869
2022-07-11,868
2022-07-11,867.5
2022-07-11,870
2022-07-11,865
2022-07-12,864
2022-07-12,863.5
2022-07-12,866
2022-07-12,861
2022-07-13,860
2022-07-13,859.5
2022-07-13,862
2022-07-13,857
2022-07-14,857
2022-07-14,856.5
2022-07-14,858
2022-07-14,855
2022-07-15,854
2022-07-15,853.5
2022-07-15,854
2022-07-15,853
2022-07-16,852
2022-07-16,851.5
2022-07-16,852
2022-07-16,851
2022-07-17,849
2022-07-17,849
2022-07-17,849
2022-07-17,849
2022-07-18,847
2022-07-18,846.5
2022-07-18,847
2022-07-18,846
2022-07-19,845
2022-07-19,844.5
2022-07-19,845
2022-07-19,844
2022-07-20,842
2022-07-20,842
2022-07-20,842
2022-07-20,842
2022-07-21,840
2022-07-21,840
2022-07-21,840
2022-07-21,840
2022-07-22,837
2022-07-22,837
2022-07-22,837
2022-07-22,837
2022-07-23,833
2022-07-23,833
2022-07-23,834
2022-07-23,832
2022-07-24,828
2022-07-24,828
2022-07-24,829
2022-07-24,827
2022-07-25,824
2022-07-25,824
2022-07-25,825
2022-07-25,823
2022-07-26,818
2022-07-26,818
2022-07-26,819
2022-07-26,817
2022-07-27,814
2022-07-27,813.5
2022-07-27,814
2022-07-27,813
2022-07-28,809
2022-07-28,808.5
2022-07-28,809
2022-07-28,808
2022-07-29,805
2022-07-29,804.5
2022-07-29,805
2022-07-29,804
2022-07-30,802
2022-07-30,802
2022-07-30,802
2022-07-30,802
2022-07-31,800
2022-07-31,800
2022-07-31,801
2022-07-31,799
2022-08-01,797
2022-08-01,796.5
2022-08-01,797
2022-08-01,796
2022-08-02,795
2022-08-02,794.5
2022-08-02,795
2022-08-02,794
2022-08-03,793
2022-08-03,792.5
2022-08-03,793
2022-08-03,792
2022-08-04,790
2022-08-04,789.5
2022-08-04,790
2022-08-04,789
2022-08-05,785
2022-08-05,784.5
2022-08-05,785
2022-08-05,784
2022-08-06,781
2022-08-06,781
2022-08-06,782
2022-08-06,780
2022-08-07,777
2022-08-07,776.5
2022-08-07,777
2022-08-07,776
2022-08-08,771
2022-08-08,771
2022-08-08,772
2022-08-08,770
2022-08-09,766
2022-08-09,765.5
2022-08-09,767
2022-08-09,764
2022-08-10,760
2022-08-10,760
2022-08-10,762
2022-08-10,758
2022-08-11,755
2022-08-11,755
2022-08-11,756
2022-08-11,754
2022-08-12,750
2022-08-12,749.5
2022-08-12,751
2022-08-12,748
2022-08-13,745
2022-08-13,744.5
2022-08-13,746
2022-08-13,743
2022-08-14,739
2022-08-14,739
2022-08-14,740
2022-08-14,738
2022-08-15,735
2022-08-15,735
2022-08-15,736
2022-08-15,734
2022-08-16,731
2022-08-16,731
2022-08-16,732
2022-08-16,730
2022-08-17,726
2022-08-17,725.5
2022-08-17,727
2022-08-17,724
2022-08-18,721
2022-08-18,721
2022-08-18,722
2022-08-18,720
2022-08-19,716
2022-08-19,716
2022-08-19,718
2022-08-19,714
2022-08-20,711
2022-08-20,711
2022-08-20,712
2022-08-20,710
2022-08-21,709
2022-08-21,709
2022-08-21,710
2022-08-21,708
2022-08-22,707
2022-08-22,706.5
2022-08-22,707
2022-08-22,706
2022-08-23,700
2022-08-23,699.5
2022-08-23,701
2022-08-23,698
2022-08-24,693
2022-08-24,693
2022-08-24,694
2022-08-24,692
2022-08-25,687
2022-08-25,687
2022-08-25,688
2022-08-25,686
2022-08-26,683
2022-08-26,683
2022-08-26,684
2022-08-26,682
2022-08-27,679
2022-08-27,679
2022-08-27,680
2022-08-27,678
2022-08-28,675
2022-08-28,675
2022-08-28,676
2022-08-28,674
2022-08-29,671
2022-08-29,671
2022-08-29,672
2022-08-29,670
2022-08-30,667
2022-08-30,667
2022-08-30,668
2022-08-30,666
2022-08-31,661
2022-08-31,661
2022-08-31,662
2022-08-31,660
2022-09-01,657
2022-09-01,657
2022-09-01,658
2022-09-01,656
2022-09-02,651
2022-09-02,651
2022-09-02,652
2022-09-02,650
2022-09-03,644
2022-09-03,644
2022-09-03,646
2022-09-03,642
2022-09-04,638
2022-09-04,638
2022-09-04,640
2022-09-04,636
2022-09-05,631
2022-09-05,631
2022-09-05,632
2022-09-05,630
2022-09-06,624.5
2022-09-06,625
2022-09-06,626
2022-09-06,623
2022-09-07,618
2022-09-07,618
2022-09-07,620
2022-09-07,616
2022-09-08,610
2022-09-08,610
2022-09-08,612
2022-09-08,608
2022-09-09,603.5
2022-09-09,604
2022-09-09,605
2022-09-09,602
2022-09-10,596.5
2022-09-10,597
2022-09-10,598
2022-09-10,595
2022-09-11,589
2022-09-11,589
2022-09-11,590
2022-09-11,588
2022-09-12,582
2022-09-12,582
2022-09-12,584
2022-09-12,580
2022-09-13,575.5
2022-09-13,576
2022-09-13,577
2022-09-13,574
2022-09-14,569.5
2022-09-14,570
2022-09-14,571
2022-09-14,568
2022-09-15,561.5
2022-09-15,562
2022-09-15,563
2022-09-15,560
2022-09-16,552
2022-09-16,552
2022-09-16,554
2022-09-16,550
2022-09-17,544
2022-09-17,544
2022-09-17,546
2022-09-17,542
2022-09-18,534
2022-09-18,534
2022-09-18,536
2022-09-18,532
2022-09-19,525
2022-09-19,525
2022-09-19,528
2022-09-19,522
2022-09-20,513.5
2022-09-20,514
2022-09-20,517
2022-09-20,510
2022-09-21,503.5
2022-09-21,504
2022-09-21,506
2022-09-21,501
2022-09-22,491
2022-09-22,491
2022-09-22,494
2022-09-22,488
2022-09-23,480
2022-09-23,480
2022-09-23,482
2022-09-23,478
2022-09-24,470.5
2022-09-24,471
2022-09-24,472
2022-09-24,469
2022-09-25,458
2022-09-25,458
2022-09-25,460
2022-09-25,456
2022-09-26,449
2022-09-26,449
2022-09-26,452
2022-09-26,446
2022-09-27,438
2022-09-27,438
2022-09-27,440
2022-09-27,436
2022-09-28,418
2022-09-28,418
2022-09-28,410
2022-09-28,426
2022-09-29,417
2022-09-29,417
2022-09-29,420
2022-09-29,414
2022-09-30,407
2022-09-30,407
2022-09-30,410
2022-09-30,404
2022-10-01,396.5
2022-10-01,397
2022-10-01,401
2022-10-01,392
2022-10-02,383.5
2022-10-02,384
2022-10-02,386
2022-10-02,381
2022-10-03,371
2022-10-03,371
2022-10-03,374
2022-10-03,368
2022-10-04,357
2022-10-04,357
2022-10-04,360
2022-10-04,354
2022-10-05,342.5
2022-10-05,343
2022-10-05,345
2022-10-05,340
2022-10-06,327.5
2022-10-06,328
2022-10-06,331
2022-10-06,324
2022-10-07,315
2022-10-07,315
2022-10-07,318
2022-10-07,312
2022-10-08,303
2022-10-08,303
2022-10-08,306
2022-10-08,300
2022-10-09,291
2022-10-09,291
2022-10-09,294
2022-10-09,288
2022-10-10,281
2022-10-10,281
2022-10-10,284
2022-10-10,278
2022-10-11,269.5
2022-10-11,270
2022-10-11,272
2022-10-11,267
2022-10-12,257
2022-10-12,257
2022-10-12,260
2022-10-12,254
2022-10-13,243.5
2022-10-13,244
2022-10-13,247
2022-10-13,240
2022-10-14,231
2022-10-14,231
2022-10-14,234
2022-10-14,228
2022-10-15,218
2022-10-15,218
2022-10-15,221
2022-10-15,215
2022-10-16,204.5
2022-10-16,205
2022-10-16,208
2022-10-16,201
2022-10-17,193
2022-10-17,193
2022-10-17,200
2022-10-17,186
2022-10-18,173.5
2022-10-18,174
2022-10-18,176
2022-10-18,171
2022-10-19,159.5
2022-10-19,160
2022-10-19,161
2022-10-19,158
2022-10-20,144
2022-10-20,144
2022-10-20,146
2022-10-20,142
2022-10-21,133
2022-10-21,133
2022-10-21,135
2022-10-21,131
2022-10-22,123
2022-10-22,123
2022-10-22,124
2022-10-22,122
2022-10-23,117
2022-10-23,117
2022-10-23,118
2022-10-23,116
2022-10-24,112.5
2022-10-24,113
2022-10-24,114
2022-10-24,111
2022-10-25,109
2022-10-25,109
2022-10-25,110
2022-10-25,108
2022-10-26,105
2022-10-26,105
2022-10-26,106
2022-10-26,104
2022-10-27,102
2022-10-27,102
2022-10-27,103
2022-10-27,101
2022-10-28,99.5
2022-10-28,100
2022-10-28,101
2022-10-28,98
2022-10-29,99
2022-10-29,99
2022-10-29,102
2022-10-29,96
2022-10-30,94.5
2022-10-30,95
2022-10-30,96
2022-10-30,93
2022-10-31,89.5
2022-10-31,90
2022-10-31,90
2022-10-31,89
2022-11-01,88
2022-11-01,88
2022-11-01,88
2022-11-01,88
2022-11-02,89
2022-11-02,89
2022-11-02,88
2022-11-02,90
2022-11-03,88.5
2022-11-03,89
2022-11-03,90
2022-11-03,87
2022-11-04,83
2022-11-04,83
2022-11-04,82
2022-11-04,84
2022-11-05,84
2022-11-05,84
2022-11-05,82
2022-11-05,86
2022-11-06,91.5
2022-11-06,92
2022-11-06,88
2022-11-06,95
2022-11-07,100
2022-11-07,100
2022-11-07,98
2022-11-07,102
2022-11-08,109.5
2022-11-08,110
2022-11-08,108
2022-11-08,111
2022-11-09,117.5
2022-11-09,118
2022-11-09,116
2022-11-09,119
2022-11-10,127
2022-11-10,127
2022-11-10,126
2022-11-10,128
2022-11-11,132.5
2022-11-11,133
2022-11-11,132
2022-11-11,133
2022-11-12,138
2022-11-12,138
2022-11-12,140
2022-11-12,136
2022-11-13,140
2022-11-13,140
2022-11-13,140
2022-11-13,140
2022-11-14,143.5
2022-11-14,144
2022-11-14,143
2022-11-14,144
2022-11-15,146.5
2022-11-15,147
2022-11-15,147
2022-11-15,146
2022-11-16,150.5
2022-11-16,151
2022-11-16,151
2022-11-16,150
2022-11-17,150
2022-11-17,150
2022-11-17,150
2022-11-17,150
2022-11-18,150
2022-11-18,150
2022-11-18,150
2022-11-18,150
2022-11-19,150
2022-11-19,150
2022-11-19,150
2022-11-19,150
2022-11-20,152
2022-11-20,152
2022-11-20,152
2022-11-20,152
2022-11-21,154
2022-11-21,154
2022-11-21,154
2022-11-21,154
2022-11-22,156
2022-11-22,156
2022-11-22,156
2022-11-22,156
2022-11-23,159.5
2022-11-23,160
2022-11-23,158
2022-11-23,161
2022-11-24,165.5
2022-11-24,166
2022-11-24,166
2022-11-24,165
2022-11-25,167.5
2022-11-25,168
2022-11-25,168
2022-11-25,167
2022-11-26,170
2022-11-26,170
2022-11-26,170
2022-11-26,170
2022-11-27,173
2022-11-27,173
2022-11-27,174
2022-11-27,172
2022-11-28,172.5
2022-11-28,173
2022-11-28,174
2022-11-28,171
2022-11-29,173.5
2022-11-29,174
2022-11-29,175
2022-11-29,172
2022-11-30,172
2022-11-30,172
2022-11-30,172
2022-11-30,172
2022-12-01,172
2022-12-01,172
2022-12-01,172
2022-12-01,172
2022-12-02,174
2022-12-02,174
2022-12-02,174
2022-12-02,174
2022-12-03,176
2022-12-03,175.5
2022-12-03,175
2022-12-03,176
2022-12-04,176
2022-12-04,175.5
2022-12-04,176
2022-12-04,175
2022-12-05,176
2022-12-05,175.5
2022-12-05,175
2022-12-05,176
2022-12-06,179
2022-12-06,178.5
2022-12-06,179
2022-12-06,178
2022-12-07,182
2022-12-07,181.5
2022-12-07,180
2022-12-07,183
2022-12-08,185
2022-12-08,185
2022-12-08,184
2022-12-08,186
2022-12-09,189
2022-12-09,189
2022-12-09,189
2022-12-09,189
2022-12-10,194
2022-12-10,193.5
2022-12-10,194
2022-12-10,193
2022-12-11,198
2022-12-11,198
2022-12-11,198
2022-12-11,198
2022-12-12,200
2022-12-12,200
2022-12-12,200
2022-12-12,200
2022-12-13,201
2022-12-13,200.5
2022-12-13,201
2022-12-13,200
2022-12-14,203
2022-12-14,202.5
2022-12-14,202
2022-12-14,203
2022-12-15,203
2022-12-15,202.5
2022-12-15,203
2022-12-15,202
2022-12-16,202
2022-12-16,202
2022-12-16,202
2022-12-16,202
2022-12-17,204
2022-12-17,203.5
2022-12-17,203
2022-12-17,204
2022-12-18,206
2022-12-18,205.5
2022-12-18,205
2022-12-18,206
2022-12-19,209
2022-12-19,208.5
2022-12-19,208
2022-12-19,209
2022-12-20,211
2022-12-20,210.5
2022-12-20,210
2022-12-20,211
2022-12-21,214
2022-12-21,213.5
2022-12-21,213
2022-12-21,214
2022-12-22,220
2022-12-22,220
2022-12-22,220
2022-12-22,220
2022-12-23,224
2022-12-23,224
2022-12-23,224
2022-12-23,224
2022-12-24,224
2022-12-24,224
2022-12-24,224
2022-12-24,224
2022-12-25,227
2022-12-25,226.5
2022-12-25,226
2022-12-25,227
2022-12-26,230
2022-12-26,230
2022-12-26,230
2022-12-26,230
2022-12-27,234
2022-12-27,234
2022-12-27,232
2022-12-27,236
2022-12-28,239
2022-12-28,238.5
2022-12-28,238
2022-12-28,239
2022-12-29,239
2022-12-29,239
2022-12-29,238
2022-12-29,240
2022-12-30,243
2022-12-30,242.5
2022-12-30,242
2022-12-30,243
2022-12-31,246
2022-12-31,245.5
2022-12-31,245
2022-12-31,246
2023-01-01,251
2023-01-01,251
2023-01-01,250
2023-01-01,252
2023-01-02,255
2023-01-02,255
2023-01-02,254
2023-01-02,256
2023-01-03,260.5
2023-01-03,261
2023-01-03,259
2023-01-03,262
2023-01-04,266.5
2023-01-04,267
2023-01-04,265
2023-01-04,268
2023-01-05,270.5
2023-01-05,271
2023-01-05,270
2023-01-05,271
2023-01-06,276
2023-01-06,276
2023-01-06,275
2023-01-06,277
2023-01-07,283.5
2023-01-07,284
2023-01-07,283
2023-01-07,284
2023-01-08,287.5
2023-01-08,288
2023-01-08,287
2023-01-08,288
2023-01-09,289
2023-01-09,289
2023-01-09,289
2023-01-09,289
2023-01-10,287.5
2023-01-10,288
2023-01-10,293
2023-01-10,282
2023-01-11,299
2023-01-11,299
2023-01-11,298
2023-01-11,300
2023-01-12,300.5
2023-01-12,301
2023-01-12,300
2023-01-12,301
2023-01-13,302
2023-01-13,302
2023-01-13,302
2023-01-13,302
2023-01-14,306.5
2023-01-14,307
2023-01-14,305
2023-01-14,308
2023-01-15,309
2023-01-15,309
2023-01-15,308
2023-01-15,310
2023-01-16,311
2023-01-16,311
2023-01-16,311
2023-01-16,311
2023-01-17,313.5
2023-01-17,314
2023-01-17,313
2023-01-17,314
2023-01-18,320.5
2023-01-18,321
2023-01-18,318
2023-01-18,323
2023-01-19,326.5
2023-01-19,327
2023-01-19,326
2023-01-19,327
2023-01-20,334.5
2023-01-20,335
2023-01-20,333
2023-01-20,336
2023-01-21,343.5
2023-01-21,344
2023-01-21,341
2023-01-21,346
2023-01-22,350.5
2023-01-22,351
2023-01-22,349
2023-01-22,352
2023-01-23,358
2023-01-23,358
2023-01-23,357
2023-01-23,359
2023-01-24,367
2023-01-24,367
2023-01-24,367
2023-01-24,367
2023-01-25,376
2023-01-25,376
2023-01-25,373
2023-01-25,379
2023-01-26,382
2023-01-26,382
2023-01-26,381
2023-01-26,383
2023-01-27,388.5
2023-01-27,389
2023-01-27,388
2023-01-27,389
2023-01-28,390.5
2023-01-28,391
2023-01-28,390
2023-01-28,391
2023-01-29,393
2023-01-29,393
2023-01-29,392
2023-01-29,394
2023-01-30,396
2023-01-30,396
2023-01-30,395
2023-01-30,397
2023-01-31,400
2023-01-31,400
2023-01-31,399
2023-01-31,401
2023-02-01,404.5
2023-02-01,405
2023-02-01,404
2023-02-01,405
2023-02-02,408
2023-02-02,408
2023-02-02,407
2023-02-02,409
2023-02-03,411
2023-02-03,411
2023-02-03,411
2023-02-03,411
2023-02-04,417
2023-02-04,417
2023-02-04,416
2023-02-04,418
2023-02-05,424.5
2023-02-05,425
2023-02-05,423
2023-02-05,426
2023-02-06,431.5
2023-02-06,432
2023-02-06,430
2023-02-06,433
2023-02-07,439
2023-02-07,439
2023-02-07,438
2023-02-07,440
2023-02-08,446
2023-02-08,446
2023-02-08,445
2023-02-08,447
2023-02-09,453
2023-02-09,453
2023-02-09,452
2023-02-09,454
2023-02-10,461
2023-02-10,461
2023-02-10,460
2023-02-10,462
2023-02-11,471
2023-02-11,471
2023-02-11,468
2023-02-11,474
2023-02-12,479.5
2023-02-12,480
2023-02-12,478
2023-02-12,481
2023-02-13,487
2023-02-13,487
2023-02-13,484
2023-02-13,490
2023-02-14,496
2023-02-14,496
2023-02-14,494
2023-02-14,498
2023-02-15,503
2023-02-15,503
2023-02-15,503
2023-02-15,503
2023-02-16,512.5
2023-02-16,513
2023-02-16,507
2023-02-16,518
2023-02-17,520
2023-02-17,520
2023-02-17,519
2023-02-17,521
2023-02-18,525
2023-02-18,525
2023-02-18,524
2023-02-18,526
2023-02-19,531
2023-02-19,531
2023-02-19,529
2023-02-19,533
2023-02-20,542
2023-02-20,542
2023-02-20,538
2023-02-20,546
2023-02-21,548.5
2023-02-21,549
2023-02-21,547
2023-02-21,550
2023-02-22,566
2023-02-22,566
2023-02-22,559
2023-02-22,573
2023-02-23,579
2023-02-23,579
2023-02-23,578
2023-02-23,580
2023-02-24,584.5
2023-02-24,585
2023-02-24,584
2023-02-24,585
2023-02-25,593
2023-02-25,593
2023-02-25,594
2023-02-25,592
2023-02-26,595.5
2023-02-26,596
2023-02-26,595
2023-02-26,596
2023-02-27,600
2023-02-27,600
2023-02-27,598
2023-02-27,602
2023-02-28,604
2023-02-28,604
2023-02-28,604
2023-02-28,604
2023-03-01,608
2023-03-01,608
2023-03-01,606
2023-03-01,610
2023-03-02,612.5
2023-03-02,613
2023-03-02,610
2023-03-02,615
2023-03-03,616
2023-03-03,616
2023-03-03,616
2023-03-03,616
2023-03-04,619.5
2023-03-04,620
2023-03-04,619
2023-03-04,620
2023-03-05,628
2023-03-05,628
2023-03-05,626
2023-03-05,630
2023-03-06,638
2023-03-06,638
2023-03-06,637
2023-03-06,639
2023-03-07,641.5
2023-03-07,642
2023-03-07,640
2023-03-07,643
2023-03-08,649.5
2023-03-08,650
2023-03-08,647
2023-03-08,652
2023-03-09,655
2023-03-09,655
2023-03-09,656
2023-03-09,654
2023-03-10,657
2023-03-10,657
2023-03-10,657
2023-03-10,657
2023-03-11,661.5
2023-03-11,662
2023-03-11,660
2023-03-11,663
2023-03-12,665
2023-03-12,665
2023-03-12,665
2023-03-12,665
2023-03-13,666.5
2023-03-13,667
2023-03-13,666
2023-03-13,667
2023-03-14,662.5
2023-03-14,663
2023-03-14,661
2023-03-14,664
2023-03-15,664.5
2023-03-15,665
2023-03-15,664
2023-03-15,665
2023-03-16,666.5
2023-03-16,667
2023-03-16,666
2023-03-16,667
2023-03-17,672
2023-03-17,672
2023-03-17,672
2023-03-17,672
2023-03-18,673.5
2023-03-18,674
2023-03-18,673
2023-03-18,674
2023-03-19,674.5
2023-03-19,675
2023-03-19,674
2023-03-19,675
2023-03-20,672.5
2023-03-20,673
2023-03-20,670
2023-03-20,675
2023-03-21,675.5
2023-03-21,676
2023-03-21,675
2023-03-21,676
2023-03-22,681.5
2023-03-22,682
2023-03-22,683
2023-03-22,680
2023-03-23,680
2023-03-23,680
2023-03-23,680
2023-03-23,680
2023-03-24,685
2023-03-24,685
2023-03-24,684
2023-03-24,686
2023-03-25,693
2023-03-25,693
2023-03-25,692
2023-03-25,694
2023-03-26,695.5
2023-03-26,696
2023-03-26,695
2023-03-26,696
2023-03-27,704.5
2023-03-27,705
2023-03-27,700
2023-03-27,709
2023-03-28,706.5
2023-03-28,707
2023-03-28,706
2023-03-28,707
2023-03-29,710.5
2023-03-29,711
2023-03-29,709
2023-03-29,712
2023-03-30,714
2023-03-30,714
2023-03-30,712
2023-03-30,716
2023-03-31,720
2023-03-31,720
2023-03-31,720
2023-03-31,720
2023-04-01,724
2023-04-01,724
2023-04-01,723
2023-04-01,725
2023-04-02,728
2023-04-02,728
2023-04-02,727
2023-04-02,729
2023-04-03,733
2023-04-03,733
2023-04-03,732
2023-04-03,734
2023-04-04,737
2023-04-04,737
2023-04-04,737
2023-04-04,737
2023-04-05,738.5
2023-04-05,739
2023-04-05,738
2023-04-05,739
2023-04-06,742
2023-04-06,742
2023-04-06,742
2023-04-06,742
2023-04-07,744
2023-04-07,744
2023-04-07,743
2023-04-07,745
2023-04-08,746.5
2023-04-08,747
2023-04-08,746
2023-04-08,747
2023-04-09,748
2023-04-09,748
2023-04-09,748
2023-04-09,748
2023-04-10,749
2023-04-10,749
2023-04-10,749
2023-04-10,749
2023-04-11,750
2023-04-11,750
2023-04-11,750
2023-04-11,750
2023-04-12,752.5
2023-04-12,753
2023-04-12,752
2023-04-12,753
2023-04-13,753.5
2023-04-13,754
2023-04-13,753
2023-04-13,754
2023-04-14,754.5
2023-04-14,755
2023-04-14,754
2023-04-14,755
2023-04-15,755.5
2023-04-15,756
2023-04-15,755
2023-04-15,756
2023-04-16,756
2023-04-16,756
2023-04-16,756
2023-04-16,756
2023-04-17,758
2023-04-17,758
2023-04-17,757
2023-04-17,759
2023-04-18,760
2023-04-18,760
2023-04-18,760
2023-04-18,760
2023-04-19,764.5
2023-04-19,765
2023-04-19,764
2023-04-19,765
2023-04-20,766
2023-04-20,766
2023-04-20,765
2023-04-20,767
2023-04-21,770
2023-04-21,770
2023-04-21,770
2023-04-21,770
2023-04-22,772
2023-04-22,772
2023-04-22,772
2023-04-22,772
2023-04-23,775
2023-04-23,775
2023-04-23,774
2023-04-23,776
2023-04-24,784
2023-04-24,784
2023-04-24,780
2023-04-24,788
2023-04-25,790.5
2023-04-25,791
2023-04-25,790
2023-04-25,791
2023-04-26,793.5
2023-04-26,794
2023-04-26,792
2023-04-26,795
2023-04-27,798
2023-04-27,798
2023-04-27,798
2023-04-27,798
2023-04-28,799
2023-04-28,799
2023-04-28,799
2023-04-28,799
2023-04-29,802.5
2023-04-29,803
2023-04-29,802
2023-04-29,803
2023-04-30,806
2023-04-30,806
2023-04-30,803
2023-04-30,809
2023-05-01,811
2023-05-01,811
2023-05-01,811
2023-05-01,811
2023-05-02,811.5
2023-05-02,812
2023-05-02,811
2023-05-02,812
2023-05-03,812.5
2023-05-03,813
2023-05-03,812
2023-05-03,813
2023-05-04,813.5
2023-05-04,814
2023-05-04,813
2023-05-04,814
2023-05-05,815
2023-05-05,815
2023-05-05,814
2023-05-05,816
2023-05-06,817
2023-05-06,817
2023-05-06,817
2023-05-06,817
2023-05-07,818.5
2023-05-07,819
2023-05-07,818
2023-05-07,819
2023-05-08,820
2023-05-08,820
2023-05-08,820
2023-05-08,820
2023-05-09,818.5
2023-05-09,819
2023-05-09,819
2023-05-09,818
2023-05-10,820
2023-05-10,820
2023-05-10,820
2023-05-10,820
2023-05-11,820
2023-05-11,820
2023-05-11,820
2023-05-11,820
2023-05-12,820.5
2023-05-12,821
2023-05-12,820
2023-05-12,821
2023-05-13,820
2023-05-13,820
2023-05-13,820
2023-05-13,820
2023-05-14,820
2023-05-14,820
2023-05-14,820
2023-05-14,820
2023-05-15,821
2023-05-15,821
2023-05-15,821
2023-05-15,821
2023-05-16,822
2023-05-16,822
2023-05-16,822
2023-05-16,822
2023-05-17,824.5
2023-05-17,825
2023-05-17,824
2023-05-17,825
2023-05-18,825.5
2023-05-18,826
2023-05-18,825
2023-05-18,826
2023-05-19,826
2023-05-19,826
2023-05-19,826
2023-05-19,826
2023-05-20,827.5
2023-05-20,828
2023-05-20,827
2023-05-20,828
2023-05-21,828.5
2023-05-21,829
2023-05-21,828
2023-05-21,829
2023-05-22,829
2023-05-22,829
2023-05-22,829
2023-05-22,829
2023-05-23,829.5
2023-05-23,830
2023-05-23,829
2023-05-23,830
2023-05-24,830
2023-05-24,830
2023-05-24,830
2023-05-24,830
2023-05-25,830
2023-05-25,830
2023-05-25,830
2023-05-25,830
2023-05-26,829
2023-05-26,829
2023-05-26,829
2023-05-26,829
2023-05-27,829
2023-05-27,829
2023-05-27,829
2023-05-27,829
2023-05-28,827.5
2023-05-28,828
2023-05-28,828
2023-05-28,827
2023-05-29,824
2023-05-29,824
2023-05-29,824
2023-05-29,824
2023-05-30,821.5
2023-05-30,822
2023-05-30,823
2023-05-30,820
2023-05-31,819
2023-05-31,819
2023-05-31,820
2023-05-31,818
2023-06-01,816.5
2023-06-01,817
2023-06-01,817
2023-06-01,816
2023-06-02,815.5
2023-06-02,816
2023-06-02,816
2023-06-02,815
2023-06-03,813.5
2023-06-03,814
2023-06-03,814
2023-06-03,813
2023-06-04,812.5
2023-06-04,813
2023-06-04,813
2023-06-04,812
2023-06-05,811
2023-06-05,811
2023-06-05,811
2023-06-05,811
2023-06-06,810.5
2023-06-06,811
2023-06-06,811
2023-06-06,810
2023-06-07,809.5
2023-06-07,810
2023-06-07,810
2023-06-07,809
2023-06-08,809
2023-06-08,809
2023-06-08,809
2023-06-08,809
2023-06-09,808.5
2023-06-09,809
2023-06-09,809
2023-06-09,808
2023-06-10,806.5
2023-06-10,807
2023-06-10,807
2023-06-10,806
2023-06-11,805
2023-06-11,805
2023-06-11,806
2023-06-11,804
2023-06-12,804
2023-06-12,804
2023-06-12,804
2023-06-12,804
2023-06-13,803
2023-06-13,803
2023-06-13,803
2023-06-13,803
2023-06-14,801.5
2023-06-14,802
2023-06-14,802
2023-06-14,801
2023-06-15,800
2023-06-15,800
2023-06-15,800
2023-06-15,800
2023-06-16,801
2023-06-16,801
2023-06-16,802
2023-06-16,800
2023-06-17,798.5
2023-06-17,799
2023-06-17,799
2023-06-17,798
2023-06-18,797.5
2023-06-18,798
2023-06-18,798
2023-06-18,797
2023-06-19,797
2023-06-19,797
2023-06-19,797
2023-06-19,797
2023-06-20,795
2023-06-20,795
2023-06-20,796
2023-06-20,794
2023-06-21,795.5
2023-06-21,796
2023-06-21,796
2023-06-21,795
2023-06-22,795
2023-06-22,795
2023-06-22,795
2023-06-22,795
2023-06-23,794
2023-06-23,794
2023-06-23,794
2023-06-23,794
2023-06-24,791.5
2023-06-24,792
2023-06-24,793
2023-06-24,790
2023-06-25,788
2023-06-25,788
2023-06-25,789
2023-06-25,787
2023-06-26,785.5
2023-06-26,786
2023-06-26,786
2023-06-26,785
2023-06-27,783.5
2023-06-27,784
2023-06-27,784
2023-06-27,783
2023-06-28,781
2023-06-28,781
2023-06-28,782
2023-06-28,780
2023-06-29,777.5
2023-06-29,778
2023-06-29,779
2023-06-29,776
2023-06-30,773
2023-06-30,773
2023-06-30,774
2023-06-30,772
2023-07-01,769.5
2023-07-01,770
2023-07-01,770
2023-07-01,769
2023-07-02,767.5
2023-07-02,768
2023-07-02,768
2023-07-02,767
2023-07-03,765
2023-07-03,765
2023-07-03,766
2023-07-03,764
2023-07-04,763
2023-07-04,763
2023-07-04,764
2023-07-04,762
2023-07-05,762
2023-07-05,762
2023-07-05,762
2023-07-05,762
2023-07-06,761
2023-07-06,761
2023-07-06,761
2023-07-06,761
2023-07-07,759.5
2023-07-07,760
2023-07-07,760
2023-07-07,759
2023-07-08,759
2023-07-08,759
2023-07-08,759
2023-07-08,759
2023-07-09,759
2023-07-09,759
2023-07-09,759
2023-07-09,759
2023-07-10,758
2023-07-10,758
2023-07-10,758
2023-07-10,758
2023-07-11,755
2023-07-11,755
2023-07-11,755
2023-07-11,755
2023-07-12,754
2023-07-12,754
2023-07-12,754
2023-07-12,754
2023-07-13,752.5
2023-07-13,753
2023-07-13,753
2023-07-13,752
2023-07-14,750
2023-07-14,750
2023-07-14,750
2023-07-14,750
2023-07-15,748
2023-07-15,748
2023-07-15,749
2023-07-15,747
2023-07-16,742.5
2023-07-16,743
2023-07-16,745
2023-07-16,740
2023-07-17,737
2023-07-17,737
2023-07-17,738
2023-07-17,736
2023-07-18,729
2023-07-18,729
2023-07-18,730
2023-07-18,728
2023-07-19,724.5
2023-07-19,725
2023-07-19,726
2023-07-19,723
2023-07-20,719
2023-07-20,719
2023-07-20,720
2023-07-20,718
2023-07-21,714.5
2023-07-21,715
2023-07-21,716
2023-07-21,713
2023-07-22,711
2023-07-22,711
2023-07-22,711
2023-07-22,711
2023-07-23,707
2023-07-23,707
2023-07-23,708
2023-07-23,706
2023-07-24,702
2023-07-24,702
2023-07-24,704
2023-07-24,700
2023-07-25,695.5
2023-07-25,696
2023-07-25,696
2023-07-25,695
2023-07-26,690.5
2023-07-26,691
2023-07-26,691
2023-07-26,690
2023-07-27,684.5
2023-07-27,685
2023-07-27,686
2023-07-27,683
2023-07-28,678.5
2023-07-28,679
2023-07-28,679
2023-07-28,678
2023-07-29,676.5
2023-07-29,677
2023-07-29,677
2023-07-29,676
2023-07-30,669.5
2023-07-30,670
2023-07-30,670
2023-07-30,669
2023-07-31,666.5
2023-07-31,667
2023-07-31,668
2023-07-31,665
2023-08-01,663
2023-08-01,662.5
2023-08-01,663
2023-08-01,662
2023-08-02,659
2023-08-02,659
2023-08-02,660
2023-08-02,658
2023-08-03,655
2023-08-03,655
2023-08-03,656
2023-08-03,654
2023-08-04,653
2023-08-04,653
2023-08-04,653
2023-08-04,653
2023-08-05,649
2023-08-05,649
2023-08-05,650
2023-08-05,648
2023-08-06,646
2023-08-06,645.5
2023-08-06,646
2023-08-06,645
2023-08-07,646
2023-08-07,646
2023-08-07,646
2023-08-07,646
2023-08-08,648
2023-08-08,648
2023-08-08,648
2023-08-08,648
2023-08-09,644
2023-08-09,644
2023-08-09,646
2023-08-09,642
2023-08-10,635
2023-08-10,635
2023-08-10,638
2023-08-10,632
2023-08-11,629
2023-08-11,629
2023-08-11,630
2023-08-11,628
2023-08-12,627
2023-08-12,626.5
2023-08-12,627
2023-08-12,626
2023-08-13,614
2023-08-13,614
2023-08-13,618
2023-08-13,610
2023-08-14,603
2023-08-14,603
2023-08-14,606
2023-08-14,600
2023-08-15,597
2023-08-15,597
2023-08-15,598
2023-08-15,596
2023-08-16,592
2023-08-16,592
2023-08-16,594
2023-08-16,590
2023-08-17,589
2023-08-17,589
2023-08-17,590
2023-08-17,588
2023-08-18,582
2023-08-18,582
2023-08-18,584
2023-08-18,580
2023-08-19,573
2023-08-19,573
2023-08-19,576
2023-08-19,570
2023-08-20,569
2023-08-20,568.5
2023-08-20,569
2023-08-20,568
2023-08-21,566
2023-08-21,565.5
2023-08-21,567
2023-08-21,564
2023-08-22,560
2023-08-22,560
2023-08-22,560
2023-08-22,560
2023-08-23,556
2023-08-23,556
2023-08-23,558
2023-08-23,554
2023-08-24,549
2023-08-24,549
2023-08-24,550
2023-08-24,548
2023-08-25,539
2023-08-25,539
2023-08-25,540
2023-08-25,538
2023-08-26,533
2023-08-26,532.5
2023-08-26,536
2023-08-26,529
2023-08-27,523
2023-08-27,523
2023-08-27,526
2023-08-27,520
2023-08-28,515
2023-08-28,515
2023-08-28,517
2023-08-28,513
2023-08-29,506
2023-08-29,506
2023-08-29,508
2023-08-29,504
2023-08-30,499
2023-08-30,499
2023-08-30,500
2023-08-30,498
2023-08-31,490
2023-08-31,489.5
2023-08-31,493
2023-08-31,486
2023-09-01,482
2023-09-01,481.5
2023-09-01,483
2023-09-01,480
2023-09-02,476
2023-09-02,475.5
2023-09-02,478
2023-09-02,473
2023-09-03,470
2023-09-03,470
2023-09-03,471
2023-09-03,469
2023-09-04,463
2023-09-04,462.5
2023-09-04,465
2023-09-04,460
2023-09-05,454
2023-09-05,454
2023-09-05,458
2023-09-05,450
2023-09-06,444
2023-09-06,443.5
2023-09-06,447
2023-09-06,440
2023-09-07,437
2023-09-07,436.5
2023-09-07,439
2023-09-07,434
2023-09-08,425
2023-09-08,424.5
2023-09-08,428
2023-09-08,421
2023-09-09,415
2023-09-09,414.5
2023-09-09,418
2023-09-09,411
2023-09-10,401
2023-09-10,400.5
2023-09-10,406
2023-09-10,395
2023-09-11,385
2023-09-11,385
2023-09-11,388
2023-09-11,382
2023-09-12,374
2023-09-12,373.5
2023-09-12,377
2023-09-12,370
2023-09-13,360
2023-09-13,360
2023-09-13,363
2023-09-13,357
2023-09-14,343
2023-09-14,342.5
2023-09-14,345
2023-09-14,340
2023-09-15,334
2023-09-15,333.5
2023-09-15,337
2023-09-15,330
2023-09-16,324
2023-09-16,323.5
2023-09-16,328
2023-09-16,319
2023-09-17,308
2023-09-17,308
2023-09-17,313
2023-09-17,303
2023-09-18,295
2023-09-18,294.5
2023-09-18,299
2023-09-18,290
2023-09-19,278
2023-09-19,278
2023-09-19,282
2023-09-19,274
2023-09-20,261
2023-09-20,261
2023-09-20,266
2023-09-20,256
2023-09-21,245
2023-09-21,245
2023-09-21,250
2023-09-21,240
2023-09-22,226
2023-09-22,225.5
2023-09-22,231
2023-09-22,220
2023-09-23,208
2023-09-23,208
2023-09-23,215
2023-09-23,201
2023-09-24,188
2023-09-24,187.5
2023-09-24,193
2023-09-24,182
2023-09-25,168
2023-09-25,168
2023-09-25,170
2023-09-25,166
2023-09-26,154
2023-09-26,154
2023-09-26,158
2023-09-26,150
2023-09-27,137
2023-09-27,137
2023-09-27,143
2023-09-27,131
2023-09-28,125
2023-09-28,124.5
2023-09-28,128
2023-09-28,121
2023-09-29,116
2023-09-29,116
2023-09-29,119
2023-09-29,113
2023-09-30,105
2023-09-30,104.5
2023-09-30,108
2023-09-30,101
2023-10-01,97
2023-10-01,97
2023-10-01,98
2023-10-01,95
2023-10-02,85
2023-10-02,85
2023-10-02,87
2023-10-02,82
2023-10-03,74
2023-10-03,74
2023-10-03,79
2023-10-03,69
2023-10-04,62
2023-10-04,62
2023-10-04,69
2023-10-04,55
2023-10-05,50
2023-10-05,50
2023-10-05,50
2023-10-05,50
2023-10-06,37
2023-10-06,37
2023-10-06,40
2023-10-06,34
2023-10-07,15
2023-10-07,15
2023-10-07,20
2023-10-07,10
2023-10-08,-6
2023-10-08,-6
2023-10-08,-4
2023-10-08,-8
2023-10-09,-14
2023-10-09,-14
2023-10-09,-12
2023-10-09,-16
2023-10-10,-23
2023-10-10,-23
2023-10-10,-21
2023-10-10,-24
2023-10-11,-31
2023-10-11,-31
2023-10-11,-30
2023-10-11,-31
2023-10-12,-29
2023-10-12,-29
2023-10-12,-30
2023-10-12,-27
2023-10-13,-32
2023-10-13,-32
2023-10-13,-33
2023-10-13,-31
2023-10-14,-30
2023-10-14,-30
2023-10-14,-30
2023-10-14,-30
2023-10-15,-27
2023-10-15,-27
2023-10-15,-30
2023-10-15,-24
2023-10-16,-29
2023-10-16,-29
2023-10-16,-29
2023-10-16,-29
2023-10-17,-36
2023-10-17,-36
2023-10-17,-30
2023-10-17,-41
2023-10-18,-45
2023-10-18,-45
2023-10-18,-43
2023-10-18,-46
2023-10-19,-49
2023-10-19,-49
2023-10-19,-49
2023-10-19,-49
2023-10-20,-62
2023-10-20,-62
2023-10-20,-58
2023-10-20,-65
2023-10-21,-72
2023-10-21,-72
2023-10-21,-69
2023-10-21,-74
2023-10-22,-78
2023-10-22,-78
2023-10-22,-76
2023-10-22,-79
2023-10-23,-84
2023-10-23,-84
2023-10-23,-82
2023-10-23,-85
2023-10-24,-87
2023-10-24,-87
2023-10-24,-87
2023-10-24,-87
2023-10-25,-95
2023-10-25,-95
2023-10-25,-99
2023-10-25,-91
2023-10-26,-85
2023-10-26,-85
2023-10-26,-90
2023-10-26,-79
2023-10-27,-78
2023-10-27,-78
2023-10-27,-80
2023-10-27,-76
2023-10-28,-64
2023-10-28,-64
2023-10-28,-65
2023-10-28,-62
2023-10-29,-55
2023-10-29,-55
2023-10-29,-61
2023-10-29,-48
2023-10-30,-51
2023-10-30,-51
2023-10-30,-50
2023-10-30,-51
2023-10-31,-56
2023-10-31,-56
2023-11-01,-59
2023-11-01,-59
2023-11-01,-54
2023-11-01,-64
2023-11-02,-66
2023-11-02,-66
2023-11-02,-60
2023-11-02,-72
2023-11-03,-75
2023-11-03,-74.5
2023-11-03,-75
2023-11-03,-74
2023-11-04,-78
2023-11-04,-77.5
2023-11-04,-78
2023-11-04,-77
2023-11-05,-82
2023-11-05,-81.5
2023-11-05,-81
2023-11-05,-82
2023-11-06,-86
2023-11-06,-85.5
2023-11-06,-83
2023-11-06,-88
2023-11-07,-87
2023-11-07,-87
2023-11-07,-86
2023-11-07,-88
2023-11-08,-88
2023-11-08,-87.5
2023-11-08,-89
2023-11-08,-86
2023-11-09,-73
2023-11-09,-72.5
2023-11-09,-62
2023-11-09,-83
2023-11-10,-82
2023-11-10,-81.5
2023-11-10,-86
2023-11-10,-77
2023-11-11,-74
2023-11-11,-74
2023-11-11,-79
2023-11-11,-69
2023-11-12,-66
2023-11-12,-66
2023-11-12,-70
2023-11-12,-62
2023-11-13,-67
2023-11-13,-67
2023-11-13,-74
2023-11-13,-60
2023-11-14,-69
2023-11-14,-68.5
2023-11-14,-66
2023-11-14,-71
2023-11-15,-60
2023-11-15,-60
2023-11-15,-60
2023-11-15,-60
2023-11-16,-66
2023-11-16,-66
2023-11-16,-62
2023-11-16,-70
2023-11-17,-75
2023-11-17,-75
2023-11-17,-71
2023-11-17,-79
2023-11-18,-80
2023-11-18,-80
2023-11-18,-80
2023-11-18,-80
2023-11-19,-81
2023-11-19,-81
2023-11-19,-81
2023-11-19,-81
2023-11-20,-82
2023-11-20,-82
2023-11-20,-82
2023-11-20,-82
2023-11-21,-84
2023-11-21,-84
2023-11-21,-84
2023-11-21,-84
2023-11-22,-83
2023-11-22,-82.5
2023-11-22,-84
2023-11-22,-81
2023-11-23,-80
2023-11-23,-80
2023-11-23,-80
2023-11-23,-80
2023-11-24,-67
2023-11-24,-66.5
2023-11-24,-72
2023-11-24,-61
2023-11-25,-63
2023-11-25,-62.5
2023-11-25,-69
2023-11-25,-56
2023-11-26,-51
2023-11-26,-51
2023-11-26,-58
2023-11-26,-44
2023-11-27,-39
2023-11-27,-39
2023-11-27,-44
2023-11-27,-34
2023-11-28,-31
2023-11-28,-31
2023-11-28,-32
2023-11-28,-30
2023-11-29,-19
2023-11-29,-19
2023-11-29,-20
2023-11-29,-18
2023-11-30,-24
2023-11-30,-24
2023-11-30,-28
2023-11-30,-20
2023-12-01,-18
2023-12-01,-18
2023-12-01,-18
2023-12-01,-18
2023-12-02,-22.5
2023-12-02,-23
2023-12-02,-22
2023-12-02,-23
2023-12-03,-25
2023-12-03,-25
2023-12-03,-25
2023-12-03,-25
2023-12-04,-24
2023-12-04,-24
2023-12-04,-24
2023-12-04,-24
2023-12-05,-24
2023-12-05,-24
2023-12-05,-24
2023-12-05,-24
2023-12-06,-27.5
2023-12-06,-28
2023-12-06,-28
2023-12-06,-27
2023-12-07,-25.5
2023-12-07,-26
2023-12-07,-27
2023-12-07,-24
2023-12-08,-21
2023-12-08,-21
2023-12-08,-22
2023-12-08,-20
2023-12-09,-19
2023-12-09,-19
2023-12-09,-20
2023-12-09,-18
2023-12-10,-14
2023-12-10,-14
2023-12-10,-15
2023-12-10,-13
2023-12-11,-5
2023-12-11,-5
2023-12-11,-7
2023-12-11,-3
2023-12-12,10
2023-12-12,10
2023-12-12,8
2023-12-12,12
2023-12-13,19
2023-12-13,19
2023-12-13,18
2023-12-13,20
2023-12-14,30
2023-12-14,30
2023-12-14,28
2023-12-14,32
2023-12-15,37.5
2023-12-15,38
2023-12-15,39
2023-12-15,36
2023-12-16,43
2023-12-16,43
2023-12-16,40
2023-12-16,46
2023-12-17,58
2023-12-17,58
2023-12-17,58
2023-12-17,58
2023-12-18,60
2023-12-18,60
2023-12-18,60
2023-12-18,60
2023-12-19,61.5
2023-12-19,62
2023-12-19,61
2023-12-19,62
2023-12-20,72
2023-12-20,72
2023-12-20,70
2023-12-20,74
2023-12-21,83
2023-12-21,83
2023-12-21,81
2023-12-21,85
2023-12-22,91.5
2023-12-22,92
2023-12-22,89
2023-12-22,94
2023-12-23,97
2023-12-23,97
2023-12-23,96
2023-12-23,98
2023-12-24,102
2023-12-24,102
2023-12-24,100
2023-12-24,104
2023-12-25,110
2023-12-25,110
2023-12-25,108
2023-12-25,112
2023-12-26,118.5
2023-12-26,119
2023-12-26,116
2023-12-26,121
2023-12-27,130
2023-12-27,130
2023-12-27,128
2023-12-27,132
2023-12-28,138.5
2023-12-28,139
2023-12-28,137
2023-12-28,140
2023-12-29,146
2023-12-29,146
2023-12-29,144
2023-12-29,148
2023-12-30,152.5
2023-12-30,153
2023-12-30,151
2023-12-30,154
2023-12-31,159.5
2023-12-31,160
2023-12-31,159
2023-12-31,160
2024-01-01,164
2024-01-01,162
2024-01-01,166
2024-01-02,170.5
2024-01-02,169
2024-01-02,172
2024-01-03,175
2024-01-03,174
2024-01-03,176
2024-01-04,180
2024-01-04,179
2024-01-04,181
2024-01-05,189
2024-01-05,186
2024-01-05,192
2024-01-06,195
2024-01-06,194
2024-01-06,196
2024-01-07,200.5
2024-01-07,199
2024-01-07,202
2024-01-08,206.5
2024-01-08,206
2024-01-08,207
2024-01-09,209
2024-01-09,208
2024-01-09,210
2024-01-10,213
2024-01-10,212
2024-01-10,214
2024-01-11,224
2024-01-11,222
2024-01-11,226
2024-01-12,238
2024-01-12,237
2024-01-12,239
2024-01-13,245
2024-01-13,242
2024-01-13,248
2024-01-14,257.5
2024-01-14,256
2024-01-14,259
2024-01-15,265.5
2024-01-15,264
2024-01-15,267
2024-01-16,273.5
2024-01-16,272
2024-01-16,275
2024-01-17,278.5
2024-01-17,278
2024-01-17,279
2024-01-18,283
2024-01-18,282
2024-01-18,284
2024-01-19,287
2024-01-19,286
2024-01-19,288
2024-01-20,292.5
2024-01-20,292
2024-01-20,293
2024-01-21,295
2024-01-21,295
2024-01-21,295
2024-01-22,296
2024-01-22,296
2024-01-22,296
2024-01-23,300
2024-01-23,300
2024-01-23,300
2024-01-24,303.5
2024-01-24,303
2024-01-24,304
2024-01-25,309
2024-01-25,308
2024-01-25,310
2024-01-26,313.5
2024-01-26,313
2024-01-26,314
2024-01-27,318
2024-01-27,317
2024-01-27,319
2024-01-28,323
2024-01-28,322
2024-01-28,324
2024-01-29,324
2024-01-29,324
2024-01-29,324
2024-01-30,326
2024-01-30,326
2024-01-30,326
2024-01-31,328
2024-01-31,328
2024-01-31,328
2024-02-01,331
2024-02-01,330
2024-02-01,332
2024-02-02,335
2024-02-02,334
2024-02-02,336
2024-02-03,338
2024-02-03,338
2024-02-03,338
2024-02-04,338
2024-02-04,338
2024-02-04,338
2024-02-05,340
2024-02-05,340
2024-02-05,340
2024-02-06,342.5
2024-02-06,342
2024-02-06,343
2024-02-07,346.5
2024-02-07,345
2024-02-07,348
2024-02-08,351.5
2024-02-08,351
2024-02-08,352
2024-02-09,358
2024-02-09,358
2024-02-09,358
2024-02-10,364
2024-02-10,362
2024-02-10,366
2024-02-11,370.5
2024-02-11,369
2024-02-11,372
2024-02-12,376
2024-02-12,374
2024-02-12,378
2024-02-13,381
2024-02-13,380
2024-02-13,382
2024-02-14,388.5
2024-02-14,388
2024-02-14,389
2024-02-15,392
2024-02-15,392
2024-02-15,392
2024-02-16,396.5
2024-02-16,396
2024-02-16,397
2024-02-17,399
2024-02-17,399
2024-02-17,399
2024-02-18,401
2024-02-18,400
2024-02-18,402
2024-02-19,402
2024-02-19,402
2024-02-19,402
2024-02-20,403.5
2024-02-20,403
2024-02-20,404
2024-02-21,404
2024-02-21,404
2024-02-21,404
2024-02-22,404
2024-02-22,404
2024-02-22,404
2024-02-23,405
2024-02-23,405
2024-02-23,405
2024-02-24,406
2024-02-24,406
2024-02-24,406
2024-02-25,408
2024-02-25,408
2024-02-25,408
2024-02-26,411
2024-02-26,410
2024-02-26,412
2024-02-27,417
2024-02-27,416
2024-02-27,418
2024-02-28,419
2024-02-28,418
2024-02-28,420
2024-02-29,422
2024-02-29,422
2024-02-29,422
2024-03-01,425
2024-03-01,424
2024-03-01,426
2024-03-02,430
2024-03-02,428
2024-03-02,432
2024-03-03,437
2024-03-03,436
2024-03-03,438
2024-03-04,439
2024-03-04,438
2024-03-04,440
2024-03-05,440
2024-03-05,440
2024-03-05,440
2024-03-06,440.5
2024-03-06,441
2024-03-06,440
2024-03-07,443.5
2024-03-07,443
2024-03-07,444
2024-03-08,447
2024-03-08,446
2024-03-08,448
2024-03-09,453.5
2024-03-09,452
2024-03-09,455
2024-03-10,459
2024-03-10,458
2024-03-10,460
2024-03-11,465
2024-03-11,464
2024-03-11,466
2024-03-12,467
2024-03-12,466
2024-03-12,468
2024-03-13,471.5
2024-03-13,468
2024-03-13,475
2024-03-14,480.5
2024-03-14,479
2024-03-14,482
2024-03-15,484.5
2024-03-15,484
2024-03-15,485
2024-03-16,487
2024-03-16,486
2024-03-16,488
2024-03-17,492.5
2024-03-17,492
2024-03-17,493
2024-03-18,495.5
2024-03-18,494
2024-03-18,497
2024-03-19,499.5
2024-03-19,498
2024-03-19,501
2024-03-20,501
2024-03-20,501
2024-03-20,501
2024-03-21,502.5
2024-03-21,501
2024-03-21,504
2024-03-22,504
2024-03-22,504
2024-03-22,504
2024-03-23,505
2024-03-23,504
2024-03-23,506
2024-03-24,509
2024-03-24,508
2024-03-24,510
2024-03-25,514
2024-03-25,512
2024-03-25,516
2024-03-26,514
2024-03-26,514
2024-03-26,514
2024-03-27,515
2024-03-27,514
2024-03-27,516
2024-03-28,517
2024-03-28,516
2024-03-28,518
2024-03-29,523
2024-03-29,522
2024-03-29,524
2024-03-30,525.5
2024-03-30,525
2024-03-30,526
2024-03-31,527
2024-03-31,527
2024-03-31,527
2024-04-01,529
2024-04-01,529
2024-04-01,529
2024-04-02,533
2024-04-02,531
2024-04-02,535
2024-04-03,533
2024-04-03,533
2024-04-03,533
2024-04-04,534.5
2024-04-04,534
2024-04-04,535
2024-04-05,538.5
2024-04-05,537
2024-04-05,540
2024-04-06,545.5
2024-04-06,544
2024-04-06,547
2024-04-07,552
2024-04-07,550
2024-04-07,554
2024-04-08,558
2024-04-08,557
2024-04-08,559
2024-04-09,565
2024-04-09,564
2024-04-09,566
2024-04-10,569
2024-04-10,568
2024-04-10,570
2024-04-11,571
2024-04-11,570
2024-04-11,572
2024-04-12,580
2024-04-12,578
2024-04-12,582
2024-04-13,589.5
2024-04-13,588
2024-04-13,591
2024-04-14,593
2024-04-14,592
2024-04-14,594
2024-04-15,596
2024-04-15,596
2024-04-15,596
2024-04-16,598
2024-04-16,598
2024-04-16,598
2024-04-17,600
2024-04-17,600
2024-04-17,600
2024-04-18,603
2024-04-18,602
2024-04-18,604
2024-04-19,605.5
2024-04-19,605
2024-04-19,606
2024-04-20,609
2024-04-20,608
2024-04-20,610
2024-04-21,613
2024-04-21,612
2024-04-21,614
2024-04-22,619
2024-04-22,618
2024-04-22,620
2024-04-23,627
2024-04-23,626
2024-04-23,628
2024-04-24,632
2024-04-24,632
2024-04-24,632
2024-04-25,643.5
2024-04-25,640
2024-04-25,647
2024-04-26,651
2024-04-26,650
2024-04-26,652
2024-04-27,655.5
2024-04-27,654
2024-04-27,657
2024-04-28,662
2024-04-28,660
2024-04-28,664
2024-04-29,667
2024-04-29,666
2024-04-29,668
2024-04-30,668.5
2024-04-30,668
2024-04-30,669
2024-05-01,670
2024-05-01,670
2024-05-01,670
2024-05-02,672
2024-05-02,672
2024-05-02,672
2024-05-03,673
2024-05-03,673
2024-05-03,673
2024-05-04,674
2024-05-04,674
2024-05-04,674
2024-05-05,675.5
2024-05-05,675
2024-05-05,676
2024-05-06,676.5
2024-05-06,676
2024-05-06,677
2024-05-07,679
2024-05-07,678
2024-05-07,680
2024-05-08,681
2024-05-08,680
2024-05-08,682
2024-05-09,685
2024-05-09,684
2024-05-09,686
2024-05-10,688
2024-05-10,688
2024-05-10,688
2024-05-11,690
2024-05-11,690
2024-05-11,690
2024-05-12,693
2024-05-12,692
2024-05-12,694
2024-05-13,696
2024-05-13,696
2024-05-13,696
2024-05-14,699
2024-05-14,698
2024-05-14,700
2024-05-15,702
2024-05-15,702
2024-05-15,702
2024-05-16,705
2024-05-16,704
2024-05-16,706
2024-05-17,707
2024-05-17,706
2024-05-17,708
2024-05-18,709
2024-05-18,708
2024-05-18,710
2024-05-19,710
2024-05-19,710
2024-05-19,710
2024-05-20,712
2024-05-20,712
2024-05-20,712
2024-05-21,712
2024-05-21,712
2024-05-21,712
2024-05-22,712
2024-05-22,712
2024-05-22,712
2024-05-23,712
2024-05-23,712
2024-05-23,712
2024-05-24,710
2024-05-24,710
2024-05-24,710
2024-05-25,708
2024-05-25,708
2024-05-25,708
2024-05-26,708
2024-05-26,708
2024-05-26,708
2024-05-27,708
2024-05-27,708
2024-05-27,708
2024-05-28,706
2024-05-28,706
2024-05-28,706
2024-05-29,708
2024-05-29,708
2024-05-29,708
2024-05-30,708
2024-05-30,708
2024-05-30,708
2024-05-31,710
2024-05-31,710
2024-05-31,710
2024-06-01,710
2024-06-01,710
2024-06-01,710
2024-06-02,710
2024-06-02,710
2024-06-02,710
2024-06-03,710
2024-06-03,710
2024-06-03,710
2024-06-04,710
2024-06-04,710
2024-06-04,710
2024-06-05,712
2024-06-05,712
2024-06-05,712
2024-06-06,710
2024-06-06,710
2024-06-06,710
2024-06-07,708
2024-06-07,708
2024-06-07,708
2024-06-08,710
2024-06-08,710
2024-06-08,710
2024-06-09,710
2024-06-09,710
2024-06-09,710
2024-06-10,708
2024-06-10,708
2024-06-10,708
2024-06-11,707
2024-06-11,707
2024-06-11,707
2024-06-12,704.5
2024-06-12,705
2024-06-12,704
2024-06-13,702
2024-06-13,702
2024-06-13,702
2024-06-14,698.5
2024-06-14,699
2024-06-14,698
2024-06-15,695
2024-06-15,696
2024-06-15,694
2024-06-16,692
2024-06-16,692
2024-06-16,692
2024-06-17,689
2024-06-17,690
2024-06-17,688
2024-06-18,685
2024-06-18,686
2024-06-18,684
2024-06-19,682
2024-06-19,682
2024-06-19,682
2024-06-20,680
2024-06-20,680
2024-06-20,680
2024-06-21,677
2024-06-21,678
2024-06-21,676
2024-06-22,674
2024-06-22,674
2024-06-22,674
2024-06-23,672
2024-06-23,672
2024-06-23,672
2024-06-24,670
2024-06-24,670
2024-06-24,670
2024-06-25,668
2024-06-25,668
2024-06-25,668
2024-06-26,667
2024-06-26,667
2024-06-26,667
2024-06-27,666
2024-06-27,666
2024-06-27,666
2024-06-28,665
2024-06-28,666
2024-06-28,664
2024-06-29,664
2024-06-29,664
2024-06-29,664
2024-06-30,663
2024-06-30,664
2024-06-30,662
2024-07-01,662
2024-07-01,662
2024-07-01,662
2024-07-02,660
2024-07-02,662
2024-07-02,658
2024-07-03,654
2024-07-03,654
2024-07-03,654
2024-07-04,652
2024-07-04,652
2024-07-04,652
2024-07-05,650
2024-07-05,650
2024-07-05,650
2024-07-06,647
2024-07-06,648
2024-07-06,646
2024-07-07,643
2024-07-07,644
2024-07-07,642
2024-07-08,640.5
2024-07-08,641
2024-07-08,640
2024-07-09,637.5
2024-07-09,638
2024-07-09,637
2024-07-10,635
2024-07-10,636
2024-07-10,634
2024-07-11,631
2024-07-11,632
2024-07-11,630
2024-07-12,629
2024-07-12,630
2024-07-12,628
2024-07-13,625
2024-07-13,626
2024-07-13,624
2024-07-14,623
2024-07-14,624
2024-07-14,622
2024-07-15,620
2024-07-15,620
2024-07-15,620
2024-07-16,617
2024-07-16,618
2024-07-16,616
2024-07-17,612
2024-07-17,614
2024-07-17,610
2024-07-18,607
2024-07-18,608
2024-07-18,606
2024-07-19,603
2024-07-19,604
2024-07-19,602
2024-07-20,600
2024-07-20,600
2024-07-20,600
2024-07-21,597
2024-07-21,598
2024-07-21,596
2024-07-22,593.5
2024-07-22,594
2024-07-22,593
2024-07-23,591
2024-07-23,592
2024-07-23,590
2024-07-24,587
2024-07-24,588
2024-07-24,586
2024-07-25,584.5
2024-07-25,584
2024-07-25,585
2024-07-26,581
2024-07-26,582
2024-07-26,580
2024-07-27,577
2024-07-27,578
2024-07-27,576
2024-07-28,573
2024-07-28,574
2024-07-28,572
2024-07-29,569
2024-07-29,570
2024-07-29,568
2024-07-30,565
2024-07-30,566
2024-07-30,564
2024-07-31,560
2024-07-31,562
2024-07-31,558
2024-08-01,552.5
2024-08-01,554
2024-08-01,551
2024-08-02,547
2024-08-02,548
2024-08-02,546
2024-08-03,541.5
2024-08-03,543
2024-08-03,540
2024-08-04,535
2024-08-04,536
2024-08-04,534
2024-08-05,532
2024-08-05,531
2024-08-05,533
2024-08-06,527
2024-08-06,528
2024-08-06,526
2024-08-07,517
2024-08-07,518
2024-08-07,516
2024-08-08,512
2024-08-08,514
2024-08-08,510
2024-08-09,504.5
2024-08-09,505
2024-08-09,504
2024-08-10,499
2024-08-10,500
2024-08-10,498
2024-08-11,494
2024-08-11,495
2024-08-11,493
2024-08-12,486.5
2024-08-12,488
2024-08-12,485
2024-08-13,479
2024-08-13,480
2024-08-13,478
2024-08-14,472
2024-08-14,474
2024-08-14,470
2024-08-15,462.5
2024-08-15,465
2024-08-15,460
2024-08-16,457
2024-08-16,458
2024-08-16,456
2024-08-17,453
2024-08-17,454
2024-08-17,452
2024-08-18,439
2024-08-18,440
2024-08-18,438
2024-08-19,431.5
2024-08-19,434
2024-08-19,429
2024-08-20,422.5
2024-08-20,425
2024-08-20,420
2024-08-21,412
2024-08-21,414
2024-08-21,410
2024-08-22,406
2024-08-22,408
2024-08-22,404
2024-08-23,397
2024-08-23,400
2024-08-23,394
2024-08-24,390.5
2024-08-24,392
2024-08-24,389
2024-08-25,381
2024-08-25,382
2024-08-25,380
2024-08-26,368
2024-08-26,372
2024-08-26,364
2024-08-27,355.5
2024-08-27,359
2024-08-27,352
2024-08-28,343
2024-08-28,346
2024-08-28,340
2024-08-29,329
2024-08-29,332
2024-08-29,326
2024-08-30,314.5
2024-08-30,319
2024-08-30,310
2024-08-31,301
2024-08-31,304
2024-08-31,298
2024-09-01,289
2024-09-01,292
2024-09-01,286
2024-09-02,274
2024-09-02,276
2024-09-02,272
2024-09-03,263
2024-09-03,266
2024-09-03,260
2024-09-04,249
2024-09-04,252
2024-09-04,246
2024-09-05,237
2024-09-05,240
2024-09-05,234
2024-09-06,223
2024-09-06,226
2024-09-06,220
2024-09-07,213
2024-09-07,216
2024-09-07,210
2024-09-08,199
2024-09-08,202
2024-09-08,196
2024-09-09,188.5
2024-09-09,190
2024-09-09,187
2024-09-10,169
2024-09-10,176
2024-09-10,162
2024-09-11,153
2024-09-11,156
2024-09-11,150
2024-09-12,137
2024-09-12,140
2024-09-12,134
2024-09-13,119
2024-09-13,122
2024-09-13,116
2024-09-14,105.5
2024-09-14,110
2024-09-14,101
2024-09-15,93.5
2024-09-15,96
2024-09-15,91
2024-09-16,82.5
2024-09-16,85
2024-09-16,80
2024-09-17,74
2024-09-17,74
2024-09-17,74
2024-09-18,67
2024-09-18,67
2024-09-18,67
2024-09-19,63.5
2024-09-19,65
2024-09-19,62
2024-09-20,55.5
2024-09-20,59
2024-09-20,52
2024-09-21,46
2024-09-21,48
2024-09-21,44
2024-09-22,35
2024-09-22,38
2024-09-22,32
2024-09-23,25
2024-09-23,30
2024-09-23,20
2024-09-24,8.5
2024-09-24,12
2024-09-24,5
2024-09-25,-20.5
2024-09-25,-14
2024-09-25,-27
2024-09-26,-38
2024-09-26,-35
2024-09-26,-41
2024-09-27,-51.5
2024-09-27,-51
2024-09-27,-52
2024-09-28,-63
2024-09-28,-61
2024-09-28,-65
2024-09-29,-71
2024-09-29,-70
2024-09-29,-72
2024-09-30,-77.5
2024-09-30,-76
2024-09-30,-79
2024-10-01,-73
2024-10-01,-75
2024-10-01,-71
2024-10-02,-76
2024-10-02,-75
2024-10-02,-77
2024-10-03,-86
2024-10-03,-85
2024-10-03,-87
2024-10-04,-85
2024-10-04,-81
2024-10-04,-89
2024-10-05,-97
2024-10-05,-93
2024-10-05,-101
2024-10-06,-102
2024-10-06,-103
2024-10-06,-101
2024-10-07,-101.5
2024-10-07,-102
2024-10-07,-101
2024-10-08,-106.5
2024-10-08,-103
2024-10-08,-110
2024-10-09,-111
2024-10-09,-110
2024-10-09,-112
2024-10-10,-115.5
2024-10-10,-111
2024-10-10,-120
2024-10-11,-123
2024-10-11,-122
2024-10-11,-124
2024-10-12,-130
2024-10-12,-130
2024-10-12,-130
2024-10-13,-124
2024-10-13,-124
2024-10-13,-124
2024-10-14,-115
2024-10-14,-120
2024-10-14,-110
2024-10-15,-106
2024-10-15,-112
2024-10-15,-100
2024-10-16,-102
2024-10-16,-104
2024-10-16,-100
2024-10-17,-96
2024-10-17,-96
2024-10-17,-96
2024-10-18,-88
2024-10-18,-98
2024-10-18,-78
2024-10-19,-78
2024-10-19,-78
2024-10-19,-78
2024-10-20,-77
2024-10-20,-78
2024-10-20,-76
2024-10-21,-80
2024-10-21,-70
2024-10-21,-90
2024-10-22,-79
2024-10-22,-72
2024-10-22,-86
2024-10-23,-89
2024-10-23,-86
2024-10-23,-92
2024-10-24,-100
2024-10-24,-100
2024-10-24,-100
2024-10-25,-110
2024-10-25,-110
2024-10-25,-110
2024-10-26,-114.5
2024-10-26,-112
2024-10-26,-117
2024-10-27,-113
2024-10-27,-112
2024-10-27,-114
2024-10-28,-112
2024-10-28,-114
2024-10-28,-110
2024-10-29,-115
2024-10-29,-120
2024-10-29,-110
2024-10-30,-112
2024-10-30,-112
2024-10-30,-112
2024-10-31,-114
2024-10-31,-116
2024-10-31,-112
2024-11-01,-108
2024-11-01,-108
2024-11-01,-108
2024-11-02,-111
2024-11-02,-110
2024-11-02,-112
2024-11-03,-112
2024-11-03,-112
2024-11-03,-112
2024-11-04,-112
2024-11-04,-102
2024-11-04,-122
2024-11-05,-115
2024-11-05,-110
2024-11-05,-120
2024-11-06,-117
2024-11-06,-110
2024-11-06,-124
2024-11-07,-115
2024-11-07,-110
2024-11-07,-120
2024-11-08,-124
2024-11-08,-124
2024-11-08,-124
2024-11-09,-124
2024-11-09,-124
2024-11-09,-124
2024-11-10,-122
2024-11-10,-122
2024-11-10,-122
2024-11-11,-121
2024-11-11,-122
2024-11-11,-120
2024-11-12,-116
2024-11-12,-120
2024-11-12,-112
2024-11-13,-102
2024-11-13,-112
2024-11-13,-92
2024-11-14,-83
2024-11-14,-94
2024-11-14,-72
2024-11-15,-76
2024-11-15,-88
2024-11-15,-64
2024-11-16,-57
2024-11-16,-60
2024-11-16,-54
2024-11-17,-46
2024-11-17,-48
2024-11-17,-44
2024-11-18,-46
2024-11-18,-46
2024-11-18,-46
2024-11-19,-32
2024-11-19,-34
2024-11-19,-30
2024-11-20,-35
2024-11-20,-30
2024-11-20,-40
2024-11-21,-40
2024-11-21,-40
2024-11-21,-40
2024-11-22,-38
2024-11-22,-40
2024-11-22,-36
2024-11-23,-40
2024-11-23,-40
2024-11-23,-40
2024-11-24,-44
2024-11-24,-44
2024-11-24,-44
2024-11-25,-44.5
2024-11-25,-46
2024-11-25,-43
2024-11-26,-40.5
2024-11-26,-43
2024-11-26,-38
2024-11-27,-35
2024-11-27,-36
2024-11-27,-34
2024-11-28,-29
2024-11-28,-30
2024-11-28,-28
2024-11-29,-27.5
2024-11-29,-31
2024-11-29,-24
2024-11-30,-25
2024-11-30,-24
2024-11-30,-26
2024-12-01,-21
2024-12-01,-22
2024-12-01,-20
2024-12-02,-18
2024-12-02,-18
2024-12-02,-18
2024-12-03,-13
2024-12-03,-12
2024-12-03,-14
2024-12-04,-6
2024-12-04,-6
2024-12-04,-6
2024-12-05,-6
2024-12-05,-4
2024-12-05,-8
2024-12-06,-2
2024-12-06,-2
2024-12-06,-2
2024-12-07,-3
2024-12-07,-3
2024-12-07,-3
2024-12-08,-3
2024-12-08,-3
2024-12-08,-3
2024-12-09,-2
2024-12-09,-2
2024-12-09,-2
2024-12-10,2
2024-12-10,2
2024-12-10,2
2024-12-11,11
2024-12-11,6
2024-12-11,16
2024-12-12,20
2024-12-12,16
2024-12-12,24
2024-12-13,29
2024-12-13,28
2024-12-13,30
2024-12-14,33
2024-12-14,31
2024-12-14,35
2024-12-15,39
2024-12-15,38
2024-12-15,40
2024-12-16,53
2024-12-16,51
2024-12-16,55
2024-12-17,59
2024-12-17,59
2024-12-17,58
2024-12-18,66
2024-12-18,68
2024-12-18,64
2024-12-19,72
2024-12-19,74
2024-12-19,70
2024-12-20,76
2024-12-20,76
2024-12-20,76
2024-12-21,81
2024-12-21,80
2024-12-21,82
2024-12-22,87
2024-12-22,86
2024-12-22,88
2024-12-23,92
2024-12-23,90
2024-12-23,94
2024-12-24,97
2024-12-24,96
2024-12-24,98
2024-12-25,102
2024-12-25,100
2024-12-25,104
2024-12-26,112
2024-12-26,110
2024-12-26,114
2024-12-27,119
2024-12-27,118
2024-12-27,120
2024-12-28,127
2024-12-28,124
2024-12-28,130
2024-12-29,137
2024-12-29,136
2024-12-29,138
2024-12-30,146
2024-12-30,144
2024-12-30,148
2024-12-31,154
2024-12-31,152
2024-12-31,156
2025-01-01,160
2025-01-01,160
2025-01-01,160
2025-01-02,173.5
2025-01-02,172
2025-01-02,175
2025-01-03,183
2025-01-03,186
2025-01-03,180
2025-01-04,201
2025-01-04,198
2025-01-04,204
2025-01-05,210
2025-01-05,210
2025-01-05,210
2025-01-06,222
2025-01-06,220
2025-01-06,224
2025-01-07,233
2025-01-07,230
2025-01-07,236
2025-01-08,243
2025-01-08,240
2025-01-08,246
2025-01-09,252
2025-01-09,250
2025-01-09,254
2025-01-10,261.5
2025-01-10,260
2025-01-10,263
2025-01-11,270
2025-01-11,268
2025-01-11,272
2025-01-12,279
2025-01-12,278
2025-01-12,280
2025-01-13,287
2025-01-13,286
2025-01-13,288
2025-01-14,297
2025-01-14,294
2025-01-14,300
2025-01-15,305.5
2025-01-15,303
2025-01-15,308
2025-01-16,311
2025-01-16,310
2025-01-16,312
2025-01-17,319
2025-01-17,318
2025-01-17,320
2025-01-18,326
2025-01-18,324
2025-01-18,328
2025-01-19,333
2025-01-19,330
2025-01-19,336
2025-01-20,340.5
2025-01-20,340
2025-01-20,341
2025-01-21,345
2025-01-21,344
2025-01-21,346
2025-01-22,357
2025-01-22,356
2025-01-22,358
2025-01-23,365
2025-01-23,366
2025-01-23,364
2025-01-24,369
2025-01-24,368
2025-01-24,370
2025-01-25,374.5
2025-01-25,373
2025-01-25,376
2025-01-26,382
2025-01-26,380
2025-01-26,384
2025-01-27,387
2025-01-27,386
2025-01-27,388
2025-01-28,394
2025-01-28,392
2025-01-28,396
2025-01-29,402
2025-01-29,400
2025-01-29,404
2025-01-30,410
2025-01-30,408
2025-01-30,412
2025-01-31,418
2025-01-31,416
2025-01-31,420
2025-02-01,425
2025-02-01,424
2025-02-01,426
2025-02-02,432
2025-02-02,430
2025-02-02,434
2025-02-03,437
2025-02-03,436
2025-02-03,438
2025-02-04,441.5
2025-02-04,441
2025-02-04,442
2025-02-05,446
2025-02-05,444
2025-02-05,448
2025-02-06,449
2025-02-06,448
2025-02-06,450
2025-02-07,451
2025-02-07,450
2025-02-07,452
2025-02-08,458
2025-02-08,456
2025-02-08,460
2025-02-09,466.5
2025-02-09,465
2025-02-09,468
2025-02-10,473
2025-02-10,472
2025-02-10,474
2025-02-11,476
2025-02-11,476
2025-02-11,476
2025-02-12,483
2025-02-12,482
2025-02-12,484
2025-02-13,486
2025-02-13,485
2025-02-13,487
2025-02-14,488
2025-02-14,488
2025-02-14,488
2025-02-15,492
2025-02-15,490
2025-02-15,494
2025-02-16,501
2025-02-16,498
2025-02-16,504
2025-02-17,512.5
2025-02-17,512
2025-02-17,513
2025-02-18,519
2025-02-18,518
2025-02-18,520
2025-02-19,523
2025-02-19,522
2025-02-19,524
2025-02-20,533
2025-02-20,532
2025-02-20,534
2025-02-21,537
2025-02-21,536
2025-02-21,538
2025-02-22,541
2025-02-22,540
2025-02-22,542
2025-02-23,546
2025-02-23,545
2025-02-23,547
2025-02-24,553.5
2025-02-24,552
2025-02-24,555
2025-02-25,557.5
2025-02-25,557
2025-02-25,558
2025-02-26,561
2025-02-26,560
2025-02-26,562
2025-02-27,565.5
2025-02-27,565
2025-02-27,566
2025-02-28,569
2025-02-28,568
2025-02-28,570
2025-03-01,573
2025-03-01,572
2025-03-01,574
2025-03-02,577
2025-03-02,576
2025-03-02,578
2025-03-03,585
2025-03-03,582
2025-03-03,588
2025-03-04,593.5
2025-03-04,592
2025-03-04,595
2025-03-05,599.5
2025-03-05,598
2025-03-05,601
2025-03-06,605
2025-03-06,604
2025-03-06,606
2025-03-07,611
2025-03-07,610
2025-03-07,612
2025-03-08,618
2025-03-08,616
2025-03-08,620
2025-03-09,627
2025-03-09,624
2025-03-09,630
2025-03-10,633
2025-03-10,632
2025-03-10,634
2025-03-11,635.5
2025-03-11,635
2025-03-11,636
2025-03-12,641
2025-03-12,640
2025-03-12,642
2025-03-13,646
2025-03-13,645
2025-03-13,647
2025-03-14,651
2025-03-14,650
2025-03-14,652
2025-03-15,656
2025-03-15,654
2025-03-15,658
2025-03-16,663
2025-03-16,662
2025-03-16,664
2025-03-17,669
2025-03-17,668
2025-03-17,670
2025-03-18,659.5
2025-03-18,674
2025-03-18,645
2025-03-19,679
2025-03-19,678
2025-03-19,680
2025-03-20,687.5
2025-03-20,687
2025-03-20,688
2025-03-21,691
2025-03-21,690
2025-03-21,692
2025-03-22,695
2025-03-22,694
2025-03-22,696
2025-03-23,698
2025-03-23,697
2025-03-23,699
2025-03-24,698
2025-03-24,698
2025-03-24,698
2025-03-25,698.5
2025-03-25,698
2025-03-25,699
2025-03-26,700
2025-03-26,700
2025-03-26,700
2025-03-27,703.5
2025-03-27,703
2025-03-27,704
2025-03-28,707.5
2025-03-28,706
2025-03-28,709
2025-03-29,713
2025-03-29,712
2025-03-29,714
2025-03-30,716.5
2025-03-30,716
2025-03-30,717
2025-03-31,718
2025-03-31,718
2025-03-31,718
2025-04-01,720.5
2025-04-01,719
2025-04-01,722
2025-04-02,725
2025-04-02,724
2025-04-02,726
2025-04-03,729
2025-04-03,728
2025-04-03,730
2025-04-04,734.5
2025-04-04,733
2025-04-04,736
2025-04-05,739
2025-04-05,738
2025-04-05,740
2025-04-06,743
2025-04-06,742
2025-04-06,744
2025-04-07,746.5
2025-04-07,746
2025-04-07,747
2025-04-08,749.5
2025-04-08,749
2025-04-08,750
2025-04-09,753
2025-04-09,752
2025-04-09,754
2025-04-10,755
2025-04-10,755
2025-04-10,755
2025-04-11,757.5
2025-04-11,757
2025-04-11,758
2025-04-12,764.5
2025-04-12,763
2025-04-12,766
2025-04-13,769.5
2025-04-13,769
2025-04-13,770
2025-04-14,777.5
2025-04-14,776
2025-04-14,779
2025-04-15,781.5
2025-04-15,781
2025-04-15,782
2025-04-16,785
2025-04-16,784
2025-04-16,786
2025-04-17,786.5
2025-04-17,786
2025-04-17,787
2025-04-18,788
2025-04-18,788
2025-04-18,788
2025-04-19,788
2025-04-19,788
2025-04-19,788
2025-04-20,788.5
2025-04-20,788
2025-04-20,789
2025-04-21,790
2025-04-21,790
2025-04-21,790
2025-04-22,792.5
2025-04-22,792
2025-04-22,793
2025-04-23,795
2025-04-23,794
2025-04-23,796
2025-04-24,795.5
2025-04-24,795
2025-04-24,796
2025-04-25,800.5
2025-04-25,800
2025-04-25,801
2025-04-26,803
2025-04-26,802
2025-04-26,804
2025-04-27,807
2025-04-27,806
2025-04-27,808
2025-04-28,811
2025-04-28,810
2025-04-28,812
2025-04-29,814
2025-04-29,814
2025-04-29,814
2025-04-30,816.5
2025-04-30,816
2025-04-30,817
2025-05-01,819
2025-05-01,818
2025-05-01,820
2025-05-02,823
2025-05-02,822
2025-05-02,824
2025-05-03,826
2025-05-03,826
2025-05-03,826
2025-05-04,828
2025-05-04,828
2025-05-04,828
2025-05-05,830.5
2025-05-05,830
2025-05-05,831
2025-05-06,831.5
2025-05-06,831
2025-05-06,832
2025-05-07,832.5
2025-05-07,832
2025-05-07,833
2025-05-08,834.5
2025-05-08,834
2025-05-08,835
2025-05-09,835.5
2025-05-09,835
2025-05-09,836
2025-05-10,836
2025-05-10,836
2025-05-10,836
2025-05-11,836
2025-05-11,836
2025-05-11,836
2025-05-12,836
2025-05-12,836
2025-05-12,836
2025-05-13,836
2025-05-13,836
2025-05-13,836
2025-05-14,837
2025-05-14,837
2025-05-14,837
2025-05-15,838
2025-05-15,838
2025-05-15,838
2025-05-16,839.5
2025-05-16,839
2025-05-16,840
2025-05-17,840
2025-05-17,840
2025-05-17,840
2025-05-18,840.5
2025-05-18,840
2025-05-18,841
2025-05-19,843
2025-05-19,842
2025-05-19,844
2025-05-20,844
2025-05-20,844
2025-05-20,844
2025-05-21,845.5
2025-05-21,845
2025-05-21,846
2025-05-22,846
2025-05-22,846
2025-05-22,846
2025-05-23,846
2025-05-23,846
2025-05-23,846
2025-05-24,846
2025-05-24,846
2025-05-24,846
2025-05-25,846
2025-05-25,846
2025-05-25,846
2025-05-26,846
2025-05-26,846
2025-05-26,846
2025-05-27,846
2025-05-27,846
2025-05-27,846
2025-05-28,846
2025-05-28,846
2025-05-28,846
2025-05-29,847.5
2025-05-29,847
2025-05-29,848
2025-05-30,846
2025-05-30,846
2025-05-30,846
2025-05-31,846
2025-05-31,846
2025-05-31,846
2025-06-01,846
2025-06-01,846
2025-06-01,846
2025-06-02,848
2025-06-02,848
2025-06-02,848
2025-06-03,848
2025-06-03,848
2025-06-03,848
2025-06-04,846.5
2025-06-04,847
2025-06-04,846
2025-06-05,845.5
2025-06-05,846
2025-06-05,845
2025-06-06,844
2025-06-06,844
2025-06-06,844
2025-06-07,842.5
2025-06-07,843
2025-06-07,842
2025-06-08,840.5
2025-06-08,841
2025-06-08,840
2025-06-09,839
2025-06-09,839
2025-06-09,839
2025-06-10,839.5
2025-06-10,839
2025-06-10,840
2025-06-11,839
2025-06-11,839
2025-06-11,839
2025-06-12,840
2025-06-12,839
2025-06-12,841
2025-06-13,842
2025-06-13,842
2025-06-13,842
2025-06-14,842
2025-06-14,842
2025-06-14,842
2025-06-15,841
2025-06-15,841
2025-06-15,841
2025-06-16,843.5
2025-06-16,843
2025-06-16,844
2025-06-17,844
2025-06-17,844
2025-06-17,844
2025-06-18,843.5
2025-06-18,844
2025-06-18,843
2025-06-19,843
2025-06-19,843
2025-06-19,843
2025-06-20,842.5
2025-06-20,843
2025-06-20,842
2025-06-21,841.5
2025-06-21,841
2025-06-21,842
2025-06-22,840
2025-06-22,840
2025-06-22,840
2025-06-23,839
2025-06-23,839
2025-06-23,839
2025-06-24,837.5
2025-06-24,838
2025-06-24,837
2025-06-25,836
2025-06-25,836
2025-06-25,836
2025-06-26,834.5
2025-06-26,834
2025-06-26,835
2025-06-27,833.5
2025-06-27,834
2025-06-27,833
2025-06-28,831
2025-06-28,831
2025-06-28,831
2025-06-29,830
2025-06-29,830
2025-06-29,830
2025-06-30,828.5
2025-06-30,829
2025-06-30,828
2025-07-01,826
2025-07-01,826
2025-07-01,826
2025-07-02,825.5
2025-07-02,826
2025-07-02,825
2025-07-03,824.5
2025-07-03,825
2025-07-03,824
2025-07-04,824
2025-07-04,824
2025-07-04,824
2025-07-05,823
2025-07-05,823
2025-07-05,823
2025-07-06,822.5
2025-07-06,823
2025-07-06,822
2025-07-07,820
2025-07-07,820
2025-07-07,820
2025-07-08,818
2025-07-08,818
2025-07-08,818
2025-07-09,815.5
2025-07-09,816
2025-07-09,815
2025-07-10,815
2025-07-10,815
2025-07-10,815
2025-07-11,813
2025-07-11,813
2025-07-11,813
2025-07-12,813
2025-07-12,813
2025-07-12,813
2025-07-13,814
2025-07-13,814
2025-07-13,814
2025-07-14,814
2025-07-14,814
2025-07-14,814
2025-07-15,814
2025-07-15,814
2025-07-15,814
2025-07-16,814
2025-07-16,814
2025-07-16,814
2025-07-17,812
2025-07-17,812
2025-07-17,812
2025-07-18,811.5
2025-07-18,812
2025-07-18,811
2025-07-19,809
2025-07-19,810
2025-07-19,808
2025-07-20,807.5
2025-07-20,808
2025-07-20,807
2025-07-21,806.5
2025-07-21,807
2025-07-21,806
2025-07-22,804
2025-07-22,804
2025-07-22,804
2025-07-23,802.5
2025-07-23,803
2025-07-23,802
2025-07-24,800
2025-07-24,800
2025-07-24,800
2025-07-25,797
2025-07-25,798
2025-07-25,796
2025-07-26,794.5
2025-07-26,795
2025-07-26,794
2025-07-27,792.5
2025-07-27,793
2025-07-27,792
2025-07-28,789
2025-07-28,790
2025-07-28,788
2025-07-29,787
2025-07-29,788
2025-07-29,786
2025-07-30,783.5
2025-07-30,784
2025-07-30,783
2025-07-31,780
2025-07-31,781
2025-07-31,779
2025-08-01,774
2025-08-01,774
2025-08-01,774
2025-08-02,772.5
2025-08-02,773
2025-08-02,772
2025-08-03,769
2025-08-03,770
2025-08-03,768
2025-08-04,765
2025-08-04,766
2025-08-04,764
2025-08-05,761
2025-08-05,762
2025-08-05,760
2025-08-06,756
2025-08-06,758
2025-08-06,754
2025-08-07,751
2025-08-07,752
2025-08-07,750
2025-08-08,747
2025-08-08,748
2025-08-08,746
2025-08-09,743.5
2025-08-09,744
2025-08-09,743
2025-08-10,742
2025-08-10,742
2025-08-10,742
2025-08-11,741
2025-08-11,742
2025-08-11,740
2025-08-12,738
2025-08-12,738
2025-08-12,738
2025-08-13,737.5
2025-08-13,738
2025-08-13,737
2025-08-14,735
2025-08-14,736
2025-08-14,734
2025-08-15,732
2025-08-15,732
2025-08-15,732
2025-08-16,730.5
2025-08-16,732
2025-08-16,729
2025-08-17,727
2025-08-17,728
2025-08-17,726
2025-08-18,725
2025-08-18,726
2025-08-18,724
2025-08-19,719.5
2025-08-19,720
2025-08-19,719
2025-08-20,715
2025-08-20,716
2025-08-20,714
2025-08-21,710.5
2025-08-21,712
2025-08-21,709
2025-08-22,705.5
2025-08-22,707
2025-08-22,704
2025-08-23,701
2025-08-23,702
2025-08-23,700
2025-08-24,697
2025-08-24,698
2025-08-24,696
2025-08-25,693
2025-08-25,694
2025-08-25,692
2025-08-26,688
2025-08-26,690
2025-08-26,686
2025-08-27,683.5
2025-08-27,685
2025-08-27,682
2025-08-28,679
2025-08-28,680
2025-08-28,678
2025-08-29,675
2025-08-29,676
2025-08-29,674
2025-08-30,671
2025-08-30,672
2025-08-30,670
2025-08-31,665.5
2025-08-31,667
2025-08-31,664
2025-09-01,659.5
2025-09-01,661
2025-09-01,658
2025-09-02,654
2025-09-02,655
2025-09-02,653
2025-09-03,648
2025-09-03,649
2025-09-03,647
2025-09-04,641.5
2025-09-04,643
2025-09-04,640
2025-09-05,635
2025-09-05,636
2025-09-05,634
2025-09-06,628.5
2025-09-06,630
2025-09-06,627
2025-09-07,622.5
2025-09-07,624
2025-09-07,621
2025-09-08,618
2025-09-08,619
2025-09-08,617
2025-09-09,613
2025-09-09,614
2025-09-09,612
2025-09-10,607.5
2025-09-10,609
2025-09-10,606
2025-09-11,602
2025-09-11,603
2025-09-11,601
2025-09-12,597
2025-09-12,598
2025-09-12,596
2025-09-13,591
2025-09-13,592
2025-09-13,590
2025-09-14,584
2025-09-14,586
2025-09-14,582
2025-09-15,578
2025-09-15,580
2025-09-15,576
2025-09-16,570
2025-09-16,572
2025-09-16,568
2025-09-17,561.5
2025-09-17,563
2025-09-17,560
2025-09-18,552
2025-09-18,554
2025-09-18,550
2025-09-19,544
2025-09-19,546
2025-09-19,542
2025-09-20,536
2025-09-20,538
2025-09-20,534
2025-09-21,529
2025-09-21,530
2025-09-21,528
2025-09-22,518
2025-09-22,520
2025-09-22,516
2025-09-23,511.5
2025-09-23,513
2025-09-23,510
2025-09-24,503
2025-09-24,506
2025-09-24,500
2025-09-25,495
2025-09-25,496
2025-09-25,494
2025-09-26,488
2025-09-26,490
2025-09-26,486
2025-09-27,478
2025-09-27,480
2025-09-27,476
2025-09-28,468
2025-09-28,470
2025-09-28,466
2025-09-29,458
2025-09-29,460
2025-09-29,456
2025-09-30,448
2025-09-30,450
2025-09-30,446
2025-10-01,436.5
2025-10-01,439
2025-10-01,434
2025-10-02,427
2025-10-02,430
2025-10-02,424
2025-10-03,416
2025-10-03,418
2025-10-03,414
2025-10-04,406
2025-10-04,408
2025-10-04,404
2025-10-05,397
2025-10-05,400
2025-10-05,394
2025-10-06,390
2025-10-06,392
2025-10-06,388
2025-10-07,382
2025-10-07,384
2025-10-07,380
2025-10-08,377
2025-10-08,378
2025-10-08,376
2025-10-09,372.5
2025-10-09,374
2025-10-09,371
2025-10-10,367
2025-10-10,368
2025-10-10,366
2025-10-11,362
2025-10-11,364
2025-10-11,360
2025-10-12,347
2025-10-12,354
2025-10-12,340
2025-10-13,342.5
2025-10-13,345
2025-10-13,340
2025-10-14,333
2025-10-14,336
2025-10-14,330
2025-10-15,324
2025-10-15,326
2025-10-15,322
2025-10-16,313
2025-10-16,316
2025-10-16,310
2025-10-17,303
2025-10-17,306
2025-10-17,300
2025-10-18,294
2025-10-18,296
2025-10-18,292
2025-10-19,286
2025-10-19,288
2025-10-19,284
2025-10-20,279
2025-10-20,280
2025-10-20,278
2025-10-21,272
2025-10-21,274
2025-10-21,270
2025-10-22,266
2025-10-22,268
2025-10-22,264
2025-10-23,261
2025-10-23,262
2025-10-23,260
2025-10-24,256
2025-10-24,258
2025-10-24,254
2025-10-25,250
2025-10-25,252
2025-10-25,248
2025-10-26,242
2025-10-26,244
2025-10-26,240
2025-10-27,235
2025-10-27,238
2025-10-27,232
2025-10-28,229
2025-10-28,230
2025-10-28,228
2025-10-29,222
2025-10-29,224
2025-10-29,220
2025-10-30,216
2025-10-30,218
2025-10-30,214
2025-10-31,210
2025-10-31,212
2025-10-31,208
2025-11-01,205.0
2025-11-02,200.5
2025-11-03,197.0
2025-11-04,198.0
2025-11-05,198.5
2025-11-06,199.0
2025-11-07,199.67
2025-11-08,199.5
2025-11-09,199.0
2025-11-10,199.0
2025-11-11,198.5
2025-11-12,197.5
2025-11-13,196.0
2025-11-14,194.5
2025-11-15,193.0
2025-11-16,194.0
2025-11-17,194.0
2025-11-18,194.0
2025-11-19,196.0
2025-11-20,198.0
2025-11-21,199.41
2025-11-22,200.08
2025-11-23,202.73
2025-11-24,205.77
2025-11-25,208.54
2025-11-26,210.42
2025-11-27,210.81
2025-11-28,210.44
2025-11-29,212.17
2025-11-30,217.62
2025-12-01,221.75
2025-12-02,225.16
2025-12-03,230.21
2025-12-04,241.0
2025-12-05,248.44
2025-12-06,255.67
2025-12-07,262.7
2025-12-08,270.62
2025-12-09,277.5
2025-12-10,282.08
2025-12-11,285.85
2025-12-12,289.77
2025-12-13,293.66
2025-12-14,297.81
2025-12-15,302.8
2025-12-16,307.7
2025-12-17,311.55
2025-12-18,316.45
2025-12-19,323.07
2025-12-20,333.0
2025-12-21,340.16
2025-12-22,343.75
2025-12-23,347.81
2025-12-24,353.47
2025-12-25,358.34
2025-12-26,361.11
2025-12-27,363.31
2025-12-28,366.0
2025-12-29,370.35
2025-12-30,376.75
2025-12-31,382.2
2026-01-01,385.0
2026-01-02,387.86
2026-01-03,391.4
2026-01-04,393.85
2026-01-05,396.79
2026-01-06,401.0
2026-01-07,403.2
2026-01-08,407.27
2026-01-09,409.29
2026-01-10,409.83
2026-01-11,411.33
2026-01-12,411.0
2026-01-13,411.5
2026-01-14,411.5
2026-01-15,411.0
2026-01-16,410.75
2026-01-17,411.75
2026-01-18,415.0
2026-01-19,414.0
2026-01-20,416.38
2026-01-21,419.22
2026-01-22,423.0
2026-01-23,430.57
2026-01-24,432.62
2026-01-25,435.86
2026-01-26,439.28
2026-01-27,443.7
2026-01-28,445.78
2026-01-29,448.18
2026-01-30,450.16
2026-01-31,455.17
2026-02-01,460.26
2026-02-02,465.47
2026-02-03,469.0
2026-02-04,474.98
2026-02-05,479.51
2026-02-06,486.28
2026-02-07,496.56
2026-02-08,502.32
2026-02-09,505.68
2026-02-10,510.62
2026-02-11,512.93
2026-02-12,515.44
2026-02-13,521.61
2026-02-14,525.27
2026-02-15,527.41
2026-02-16,530.69
2026-02-17,536.81
2026-02-18,540.85
2026-02-19,545.99
2026-02-20,551.03
2026-02-21,557.28
2026-02-22,561.99
2026-02-23,567.84
2026-02-24,570.86
2026-02-25,573.9
2026-02-26,579.35
2026-02-27,582.42
2026-02-28,584.79
2026-03-01,586.15
2026-03-02,588.0
2026-03-03,590.06
2026-03-04,592.66
2026-03-05,594.61
2026-03-06,597.56
2026-03-07,601.73
2026-03-08,605.49
2026-03-09,609.58
2026-03-10,611.61
2026-03-11,613.35
2026-03-12,618.02
2026-03-13,625.38
2026-03-14,628.79
2026-03-15,630.27
2026-03-16,631.4
2026-03-17,635.89
2026-03-18,642.26
2026-03-19,646.17
2026-03-20,652.8
2026-03-21,656.65
2026-03-22,658.97
2026-03-23,659.97
2026-03-24,660.0
2026-03-25,659.64
2026-03-26,660.27
2026-03-27,660.56
2026-03-28,664.02
2026-03-29,664.99
2026-03-30,666.58
2026-03-31,667.59
2026-04-01,674.1
2026-04-02,680.07
2026-04-03,683.67
2026-04-04,686.49
2026-04-05,690.42
2026-04-06,693.84
2026-04-07,696.53
2026-04-08,698.3
2026-04-09,700.01
2026-04-10,701.57
2026-04-11,701.98
2026-04-12,701.77
2026-04-13,701.04
2026-04-14,701.72
2026-04-15,703.57
2026-04-16,704.02
2026-04-17,705.46
2026-04-18,712.4
2026-04-19,719.83
2026-04-20,725.3
2026-04-21,729.29
2026-04-22,732.24
2026-04-23,739.61
2026-04-24,742.18
2026-04-25,744.43
2026-04-26,745.94
2026-04-27,746.28
2026-04-28,747.11
2026-04-29,747.96
2026-04-30,749.05
2026-05-01,749.75
2026-05-02,752.0
2026-05-03,756.81
2026-05-04,766.46
2026-05-05,770.92
2026-05-06,781.0
2026-05-07,785.0
2026-05-08,788.0
2026-05-09,788.33
2026-05-10,788.59
2026-05-11,788.99
2026-05-12,792.18
2026-05-13,795.4
2026-05-14,798.43
2026-05-15,800.82
2026-05-16,803.77
2026-05-17,806.32
2026-05-18,808.54
2026-05-19,810.55
2026-05-20,812.34
2026-05-21,815.05
2026-05-22,816.8
2026-05-23,816.43
2026-05-24,817.46
2026-05-25,818.91
2026-05-26,818.01
2026-05-27,817.75
2026-05-28,816.93
2026-05-29,816.04
2026-05-30,815.04
2026-05-31,816.85
2026-06-01,817.6
2026-06-02,817.61
2026-06-03,817.16
2026-06-04,817.02
2026-06-05,817.26
2026-06-06,818.46
2026-06-07,819.0
2026-06-08,818.59
2026-06-09,817.93
2026-06-10,818.52
2026-06-11,819.59
2026-06-12,819.76
2026-06-13,819.57
2026-06-14,819.75
2026-06-15,819.95
2026-06-16,820.09
2026-06-17,819.94
2026-06-18,819.63
2026-06-19,818.55
2026-06-20,816.76
2026-06-21,814.51
2026-06-22,811.53
2026-06-23,808.97
2026-06-24,805.77
2026-06-25,802.28
2026-06-26,798.97
2026-06-27,795.91
2026-06-28,792.3
2026-06-30,788.34
2026-07-01,788.17
2026-07-02,785.18
2026-07-03,783.66
2026-07-04,781.43
2026-07-05,779.23
2026-07-06,776.51
2026-07-07,775.55
2026-07-08,771.43
2026-07-09,768.5
2026-07-10,765.57
2026-07-11,762.82
2026-07-12,760.46
2026-07-13,758.03
2026-07-14,755.02
2026-07-15,752.82
2026-07-16,748.73
2026-07-17,746.7
2026-07-18,744.88
2026-07-19,743.04
2026-07-20,740.41
2026-07-21,737.41
2026-07-22,734.08
2026-07-23,730.88
2026-07-24,726.99
2026-07-25,723.03
2026-07-26,719.23
2026-07-27,714.75
2026-07-28,709.85
2026-07-29,705.06
2026-07-30,700.64
2026-07-31,696.58
2026-08-01,692.96
2026-08-02,689.6
2026-08-03,685.91
2026-08-04,681.99
2026-08-05,678.11
2026-08-06,674.06
2026-08-07,669.98
2026-08-08,666.05
2026-08-09,660.94
2026-08-10,655.91
2026-08-11,650.69
2026-08-12,645.45
2026-08-13,640.99
2026-08-14,636.55
2026-08-15,631.62
2026-08-16,627.38
2026-08-17,623.32
2026-08-18,618.35
2026-08-19,613.26
2026-08-20,607.1
2026-08-21,599.86
2026-08-22,591.97
2026-08-23,584.32
2026-08-24,576.64
2026-08-25,568.26
2026-08-26,559.85
2026-08-27,551.43
2026-08-28,544.39
2026-08-29,537.67
2026-08-30,531.12
2026-08-31,524.29
2026-09-01,516.82
2026-09-02,510.08
2026-09-03,502.55
2026-09-04,494.16
2026-09-05,485.81
2026-09-06,476.97
2026-09-07,466.9
2026-09-08,457.42
2026-09-09,448.17
2026-09-10,439.05
2026-09-11,429.3
2026-09-12,421.26
2026-09-13,413.41
2026-09-14,405.22
2026-09-15,396.38
2026-09-16,386.85
2026-09-17,376.44
2026-09-18,365.07
2026-09-19,352.98
2026-09-20,340.0
2026-09-21,326.19
2026-09-22,312.72
2026-09-23,298.32
2026-09-24,290.15
2026-09-25,275.71
2026-09-26,266.86
2026-09-27,258.23
2026-09-28,252.4
