Data,Cota
2015-01-01,363
2015-01-02,363
2015-01-03,361
2015-01-04,365
2015-01-05,370
2015-01-06,366
2015-01-07,363
2015-01-08,369
2015-01-09,373
2015-01-10,372
2015-01-11,367
2015-01-12,366
2015-01-13,360
2015-01-14,358
2015-01-15,356
2015-01-16,356
2015-01-17,358
2015-01-18,365
2015-01-19,376
2015-01-20,388
2015-01-21,394
2015-01-22,400
2015-01-23,406
2015-01-24,409
2015-01-25,409
2015-01-26,410
2015-01-27,405
2015-01-28,401
2015-01-29,397
2015-01-30,397
2015-01-31,400
2015-02-01,403
2015-02-02,411
2015-02-03,414
2015-02-04,421
2015-02-05,426
2015-02-06,427
2015-02-07,424
2015-02-08,424
2015-02-09,426
2015-02-10,422
2015-02-11,418
2015-02-12,419
2015-02-13,420
2015-02-14,418
2015-02-15,421
2015-02-16,426
2015-02-17,435
2015-02-18,447
2015-02-19,454
2015-02-20,458
2015-02-21,463
2015-02-22,466
2015-02-23,462
2015-02-24,456
2015-02-25,454
2015-02-26,450
2015-02-27,449
2015-02-28,445
2015-03-01,447
2015-03-02,451
2015-03-03,454
2015-03-04,458
2015-03-05,464
2015-03-06,468
2015-03-07,472
2015-03-08,472
2015-03-09,475
2015-03-10,479
2015-03-11,480
2015-03-12,474
2015-03-12,473.5
2015-03-12,468
2015-03-12,479
2015-03-13,475
2015-03-13,474.5
2015-03-13,469
2015-03-13,480
2015-03-14,478
2015-03-14,477.5
2015-03-14,465
2015-03-14,490
2015-03-15,483
2015-03-15,483
2015-03-15,480
2015-03-15,486
2015-03-16,492
2015-03-16,492
2015-03-16,490
2015-03-16,494
2015-03-17,505
2015-03-17,505
2015-03-17,502
2015-03-17,508
2015-03-18,502
2015-03-18,501.5
2015-03-18,512
2015-03-18,491
2015-03-19,499
2015-03-19,499
2015-03-19,522
2015-03-19,476
2015-03-20,507
2015-03-20,507
2015-03-20,524
2015-03-20,490
2015-03-21,507
2015-03-21,507
2015-03-21,516
2015-03-21,498
2015-03-22,503
2015-03-22,503
2015-03-22,502
2015-03-22,504
2015-03-23,504
2015-03-23,504
2015-03-23,498
2015-03-23,510
2015-03-24,522
2015-03-24,522
2015-03-24,528
2015-03-24,516
2015-03-25,514
2015-03-25,514
2015-03-25,510
2015-03-25,518
2015-03-26,514
2015-03-26,514
2015-03-26,508
2015-03-26,520
2015-03-27,514
2015-03-27,514
2015-03-27,510
2015-03-27,518
2015-03-28,514
2015-03-28,514
2015-03-28,506
2015-03-28,522
2015-03-29,511
2015-03-29,511
2015-03-29,514
2015-03-29,508
2015-03-30,519
2015-03-30,519
2015-03-30,522
2015-03-30,516
2015-03-31,511
2015-03-31,511
2015-03-31,518
2015-03-31,504
2015-04-01,530
2015-04-01,530
2015-04-01,536
2015-04-01,524
2015-04-02,537
2015-04-02,537
2015-04-02,538
2015-04-02,536
2015-04-03,522
2015-04-03,522
2015-04-03,530
2015-04-03,514
2015-04-04,515
2015-04-04,515
2015-04-04,518
2015-04-04,512
2015-04-05,514
2015-04-05,514
2015-04-05,520
2015-04-05,508
2015-04-06,526
2015-04-06,526
2015-04-06,524
2015-04-06,528
2015-04-07,525
2015-04-07,525
2015-04-07,520
2015-04-07,530
2015-04-08,529
2015-04-08,529
2015-04-08,524
2015-04-08,534
2015-04-09,533
2015-04-09,533
2015-04-09,530
2015-04-09,536
2015-04-10,538
2015-04-10,538
2015-04-10,532
2015-04-10,544
2015-04-11,535
2015-04-11,535
2015-04-11,528
2015-04-11,542
2015-04-12,537
2015-04-12,537
2015-04-12,536
2015-04-12,538
2015-04-13,541
2015-04-13,541
2015-04-13,540
2015-04-13,542
2015-04-14,548
2015-04-14,548
2015-04-14,546
2015-04-14,550
2015-04-15,548
2015-04-15,548
2015-04-15,552
2015-04-15,544
2015-04-16,542
2015-04-16,542
2015-04-16,552
2015-04-16,532
2015-04-17,547
2015-04-17,547
2015-04-17,556
2015-04-17,538
2015-04-18,551
2015-04-18,551
2015-04-18,558
2015-04-18,544
2015-04-19,551
2015-04-19,551
2015-04-19,550
2015-04-19,552
2015-04-20,547
2015-04-20,547
2015-04-20,548
2015-04-20,546
2015-04-21,552
2015-04-21,552
2015-04-21,550
2015-04-21,554
2015-04-22,554
2015-04-22,554
2015-04-22,552
2015-04-22,556
2015-04-23,557
2015-04-23,557
2015-04-23,554
2015-04-23,560
2015-04-24,555
2015-04-24,555
2015-04-24,552
2015-04-24,558
2015-04-25,555
2015-04-25,555
2015-04-25,554
2015-04-25,556
2015-04-26,551
2015-04-26,551
2015-04-26,548
2015-04-26,554
2015-04-27,553
2015-04-27,553
2015-04-27,550
2015-04-27,556
2015-04-28,550
2015-04-28,550
2015-04-28,552
2015-04-28,548
2015-04-29,554
2015-04-29,554
2015-04-29,556
2015-04-29,552
2015-04-30,552
2015-04-30,552
2015-04-30,556
2015-04-30,548
2015-05-01,542
2015-05-01,542
2015-05-01,544
2015-05-01,540
2015-05-02,545
2015-05-02,545
2015-05-02,554
2015-05-02,536
2015-05-03,550
2015-05-03,550
2015-05-03,556
2015-05-03,544
2015-05-04,540
2015-05-04,540
2015-05-04,542
2015-05-04,538
2015-05-05,543
2015-05-05,543
2015-05-05,538
2015-05-05,548
2015-05-06,549
2015-05-06,549
2015-05-06,546
2015-05-06,552
2015-05-07,555
2015-05-07,555
2015-05-07,550
2015-05-07,560
2015-05-08,554
2015-05-08,554
2015-05-08,552
2015-05-08,556
2015-05-09,561
2015-05-09,561
2015-05-09,558
2015-05-09,564
2015-05-10,565
2015-05-10,565
2015-05-10,562
2015-05-10,568
2015-05-11,567
2015-05-11,567
2015-05-11,566
2015-05-11,568
2015-05-12,575
2015-05-12,575
2015-05-12,572
2015-05-12,578
2015-05-13,577
2015-05-13,577
2015-05-13,576
2015-05-13,578
2015-05-14,577
2015-05-14,577
2015-05-14,582
2015-05-14,572
2015-05-15,574
2015-05-15,574
2015-05-15,580
2015-05-15,568
2015-05-16,569
2015-05-16,569
2015-05-16,572
2015-05-16,566
2015-05-17,572
2015-05-17,572
2015-05-17,570
2015-05-17,574
2015-05-18,570
2015-05-18,570
2015-05-18,572
2015-05-18,568
2015-05-19,571
2015-05-19,571
2015-05-19,570
2015-05-19,572
2015-05-20,566
2015-05-20,566
2015-05-20,568
2015-05-20,564
2015-05-21,572
2015-05-21,572
2015-05-21,566
2015-05-21,578
2015-05-22,575
2015-05-22,575
2015-05-22,570
2015-05-22,580
2015-05-23,577
2015-05-23,577
2015-05-23,578
2015-05-23,576
2015-05-24,577
2015-05-24,577
2015-05-24,574
2015-05-24,580
2015-05-25,575
2015-05-25,575
2015-05-25,574
2015-05-25,576
2015-05-26,575
2015-05-26,575
2015-05-26,572
2015-05-26,578
2015-05-27,575
2015-05-27,575
2015-05-27,574
2015-05-27,576
2015-05-28,577
2015-05-28,577
2015-05-28,580
2015-05-28,574
2015-05-29,567
2015-05-29,567
2015-05-29,572
2015-05-29,562
2015-05-30,567
2015-05-30,567
2015-05-30,570
2015-05-30,564
2015-05-31,567
2015-05-31,567
2015-05-31,566
2015-05-31,568
2015-06-01,563
2015-06-01,563
2015-06-01,564
2015-06-01,562
2015-06-02,562
2015-06-02,562
2015-06-02,566
2015-06-02,558
2015-06-03,559
2015-06-03,559
2015-06-03,554
2015-06-03,564
2015-06-04,557
2015-06-04,557
2015-06-04,552
2015-06-04,562
2015-06-05,558
2015-06-05,558
2015-06-05,556
2015-06-05,560
2015-06-06,555
2015-06-06,555
2015-06-06,552
2015-06-06,558
2015-06-07,552
2015-06-07,552
2015-06-07,548
2015-06-07,556
2015-06-08,558
2015-06-08,558
2015-06-08,554
2015-06-08,562
2015-06-09,566
2015-06-09,566
2015-06-09,564
2015-06-09,568
2015-06-10,569
2015-06-10,569
2015-06-10,566
2015-06-10,572
2015-06-11,572
2015-06-11,572
2015-06-11,568
2015-06-11,576
2015-06-12,569
2015-06-12,569
2015-06-12,570
2015-06-12,568
2015-06-13,573
2015-06-13,573
2015-06-13,572
2015-06-13,574
2015-06-14,567
2015-06-14,567
2015-06-14,570
2015-06-14,564
2015-06-15,567
2015-06-15,567
2015-06-15,568
2015-06-15,566
2015-06-16,562
2015-06-16,562
2015-06-16,570
2015-06-16,554
2015-06-17,551
2015-06-17,551
2015-06-17,550
2015-06-17,552
2015-06-18,550
2015-06-18,550
2015-06-18,546
2015-06-18,554
2015-06-19,544
2015-06-19,544
2015-06-19,548
2015-06-19,540
2015-06-20,543
2015-06-20,543
2015-06-20,544
2015-06-20,542
2015-06-21,546
2015-06-21,546
2015-06-21,548
2015-06-21,544
2015-06-22,555
2015-06-22,555
2015-06-22,552
2015-06-22,558
2015-06-23,549
2015-06-23,549
2015-06-23,542
2015-06-23,556
2015-06-24,546
2015-06-24,546
2015-06-24,540
2015-06-24,552
2015-06-25,549
2015-06-25,549
2015-06-25,550
2015-06-25,548
2015-06-26,549
2015-06-26,549
2015-06-26,546
2015-06-26,552
2015-06-27,549
2015-06-27,549
2015-06-27,548
2015-06-27,550
2015-06-28,542
2015-06-28,542
2015-06-28,546
2015-06-28,538
2015-06-29,542
2015-06-29,542
2015-06-29,544
2015-06-29,540
2015-06-30,540
2015-06-30,540
2015-06-30,538
2015-06-30,542
2015-07-01,534
2015-07-01,534
2015-07-01,532
2015-07-01,536
2015-07-02,532
2015-07-02,532
2015-07-02,536
2015-07-02,528
2015-07-03,535
2015-07-03,535
2015-07-03,530
2015-07-03,540
2015-07-04,539
2015-07-04,539
2015-07-04,536
2015-07-04,542
2015-07-05,536
2015-07-05,536
2015-07-05,534
2015-07-05,538
2015-07-06,546
2015-07-06,546
2015-07-06,540
2015-07-06,552
2015-07-07,549
2015-07-07,549
2015-07-07,544
2015-07-07,554
2015-07-08,546
2015-07-08,546
2015-07-08,546
2015-07-08,546
2015-07-09,554
2015-07-09,554
2015-07-09,550
2015-07-09,558
2015-07-10,549
2015-07-10,549
2015-07-10,546
2015-07-10,552
2015-07-11,546
2015-07-11,546
2015-07-11,544
2015-07-11,548
2015-07-12,541
2015-07-12,541
2015-07-12,550
2015-07-12,532
2015-07-13,536
2015-07-13,536
2015-07-13,548
2015-07-13,524
2015-07-14,532
2015-07-14,532
2015-07-14,542
2015-07-14,522
2015-07-15,527
2015-07-15,527
2015-07-15,534
2015-07-15,520
2015-07-16,520
2015-07-16,520
2015-07-16,522
2015-07-16,518
2015-07-17,518
2015-07-17,518
2015-07-17,516
2015-07-17,520
2015-07-18,520
2015-07-18,520
2015-07-18,514
2015-07-18,526
2015-07-19,519
2015-07-19,519
2015-07-19,516
2015-07-19,522
2015-07-20,524
2015-07-20,524
2015-07-20,518
2015-07-20,530
2015-07-21,520
2015-07-21,520
2015-07-21,522
2015-07-21,518
2015-07-22,524
2015-07-22,524
2015-07-22,520
2015-07-22,528
2015-07-23,522
2015-07-23,522
2015-07-23,516
2015-07-23,528
2015-07-24,523
2015-07-24,523
2015-07-24,518
2015-07-24,528
2015-07-25,524
2015-07-25,524
2015-07-25,522
2015-07-25,526
2015-07-26,522
2015-07-26,522
2015-07-26,520
2015-07-26,524
2015-07-27,520
2015-07-27,520
2015-07-27,518
2015-07-27,522
2015-07-28,523
2015-07-28,523
2015-07-28,526
2015-07-28,520
2015-07-29,517
2015-07-29,517
2015-07-29,524
2015-07-29,510
2015-07-30,521
2015-07-30,521
2015-07-30,538
2015-07-30,504
2015-07-31,517
2015-07-31,517
2015-07-31,528
2015-07-31,506
2015-08-01,523
2015-08-01,523
2015-08-01,510
2015-08-01,536
2015-08-02,524
2015-08-02,524
2015-08-02,516
2015-08-02,532
2015-08-03,511
2015-08-03,511
2015-08-03,508
2015-08-03,514
2015-08-04,518
2015-08-04,518
2015-08-04,512
2015-08-04,524
2015-08-05,522
2015-08-05,522
2015-08-05,518
2015-08-05,526
2015-08-06,525
2015-08-06,525
2015-08-06,520
2015-08-06,530
2015-08-07,525
2015-08-07,525
2015-08-07,518
2015-08-07,532
2015-08-08,526
2015-08-08,526
2015-08-08,522
2015-08-08,530
2015-08-09,524
2015-08-09,524
2015-08-09,520
2015-08-09,528
2015-08-10,522
2015-08-10,522
2015-08-10,524
2015-08-10,520
2015-08-11,510
2015-08-11,510
2015-08-11,518
2015-08-11,502
2015-08-12,499
2015-08-12,499
2015-08-12,502
2015-08-12,496
2015-08-13,501
2015-08-13,501
2015-08-13,520
2015-08-13,482
2015-08-14,503
2015-08-14,503
2015-08-14,522
2015-08-14,484
2015-08-15,503
2015-08-15,503
2015-08-15,510
2015-08-15,496
2015-08-16,497
2015-08-16,497
2015-08-16,506
2015-08-16,488
2015-08-17,492
2015-08-17,492
2015-08-17,480
2015-08-17,504
2015-08-18,484
2015-08-18,484
2015-08-18,476
2015-08-18,492
2015-08-19,487
2015-08-19,487
2015-08-19,472
2015-08-19,502
2015-08-20,484
2015-08-20,484
2015-08-20,476
2015-08-20,492
2015-08-21,480
2015-08-21,480
2015-08-21,472
2015-08-21,488
2015-08-22,483
2015-08-22,483
2015-08-22,476
2015-08-22,490
2015-08-23,486
2015-08-23,486
2015-08-23,480
2015-08-23,492
2015-08-24,487
2015-08-24,487
2015-08-24,486
2015-08-24,488
2015-08-25,477
2015-08-25,477
2015-08-25,480
2015-08-25,474
2015-08-26,479
2015-08-26,479
2015-08-26,478
2015-08-26,480
2015-08-27,494
2015-08-27,494
2015-08-27,498
2015-08-27,490
2015-08-28,495
2015-08-28,495
2015-08-28,502
2015-08-28,488
2015-08-29,495
2015-08-29,495
2015-08-29,492
2015-08-29,498
2015-08-30,499
2015-08-30,499
2015-08-30,488
2015-08-30,510
2015-08-31,495
2015-08-31,495
2015-08-31,502
2015-08-31,488
2015-09-01,484
2015-09-01,484
2015-09-01,470
2015-09-01,498
2015-09-02,470
2015-09-02,470
2015-09-02,468
2015-09-02,472
2015-09-03,484
2015-09-03,484
2015-09-03,470
2015-09-03,498
2015-09-04,471
2015-09-04,471
2015-09-04,466
2015-09-04,476
2015-09-05,471
2015-09-05,471
2015-09-05,464
2015-09-05,478
2015-09-06,476
2015-09-06,476
2015-09-06,470
2015-09-06,482
2015-09-07,476
2015-09-07,476
2015-09-07,474
2015-09-07,478
2015-09-08,470
2015-09-08,470
2015-09-08,468
2015-09-08,472
2015-09-09,474
2015-09-09,474
2015-09-09,480
2015-09-09,468
2015-09-10,458
2015-09-10,458
2015-09-10,478
2015-09-10,438
2015-09-11,450
2015-09-11,450
2015-09-11,474
2015-09-11,426
2015-09-12,444
2015-09-12,444
2015-09-12,460
2015-09-12,428
2015-09-13,443
2015-09-13,443
2015-09-13,464
2015-09-13,422
2015-09-14,424
2015-09-14,424
2015-09-14,420
2015-09-14,428
2015-09-15,425
2015-09-15,425
2015-09-15,424
2015-09-15,426
2015-09-16,423
2015-09-16,423
2015-09-16,418
2015-09-16,428
2015-09-17,427
2015-09-17,427
2015-09-17,420
2015-09-17,434
2015-09-18,424
2015-09-18,424
2015-09-18,416
2015-09-18,432
2015-09-19,423
2015-09-19,423
2015-09-19,418
2015-09-19,428
2015-09-20,417
2015-09-20,417
2015-09-20,414
2015-09-20,420
2015-09-21,421
2015-09-21,421
2015-09-21,416
2015-09-21,426
2015-09-22,429
2015-09-22,429
2015-09-22,420
2015-09-22,438
2015-09-23,431
2015-09-23,431
2015-09-23,434
2015-09-23,428
2015-09-24,439
2015-09-24,439
2015-09-24,442
2015-09-24,436
2015-09-25,434
2015-09-25,434
2015-09-25,438
2015-09-25,430
2015-09-26,430
2015-09-26,430
2015-09-26,432
2015-09-26,428
2015-09-27,438
2015-09-27,438
2015-09-27,444
2015-09-27,432
2015-09-28,440
2015-09-28,440
2015-09-28,454
2015-09-28,426
2015-09-29,420
2015-09-29,420
2015-09-29,418
2015-09-29,422
2015-09-30,405
2015-09-30,405
2015-09-30,400
2015-09-30,410
2015-10-01,405
2015-10-01,405
2015-10-01,390
2015-10-01,420
2015-10-02,398
2015-10-02,398
2015-10-02,386
2015-10-02,410
2015-10-03,395
2015-10-03,395
2015-10-03,382
2015-10-03,408
2015-10-04,404
2015-10-04,404
2015-10-04,390
2015-10-04,418
2015-10-05,395
2015-10-05,395
2015-10-05,380
2015-10-05,410
2015-10-06,385
2015-10-06,385
2015-10-06,370
2015-10-06,400
2015-10-07,393
2015-10-07,393
2015-10-07,402
2015-10-07,384
2015-10-08,392
2015-10-08,392
2015-10-08,380
2015-10-08,404
2015-10-09,404
2015-10-09,404
2015-10-09,398
2015-10-09,410
2015-10-10,399
2015-10-10,399
2015-10-10,390
2015-10-10,408
2015-10-11,393
2015-10-11,393
2015-10-11,386
2015-10-11,400
2015-10-12,383
2015-10-12,383
2015-10-12,398
2015-10-12,368
2015-10-13,343
2015-10-13,343
2015-10-13,368
2015-10-13,318
2015-10-14,331
2015-10-14,331
2015-10-14,328
2015-10-14,334
2015-10-15,304
2015-10-15,304
2015-10-15,308
2015-10-15,300
2015-10-16,302
2015-10-16,302
2015-10-16,308
2015-10-16,296
2015-10-17,305
2015-10-17,305
2015-10-17,300
2015-10-17,310
2015-10-18,297
2015-10-18,297
2015-10-18,290
2015-10-18,304
2015-10-19,274
2015-10-19,274
2015-10-19,268
2015-10-19,280
2015-10-20,281
2015-10-20,281
2015-10-20,270
2015-10-20,292
2015-10-21,284
2015-10-21,284
2015-10-21,268
2015-10-21,300
2015-10-22,288
2015-10-22,288
2015-10-22,272
2015-10-22,304
2015-10-23,307
2015-10-23,307
2015-10-23,298
2015-10-23,316
2015-10-24,314
2015-10-24,314
2015-10-24,300
2015-10-24,328
2015-10-25,331
2015-10-25,331
2015-10-25,332
2015-10-25,330
2015-10-26,289
2015-10-26,289
2015-10-26,340
2015-10-26,238
2015-10-27,287
2015-10-27,287
2015-10-27,344
2015-10-27,230
2015-10-28,284
2015-10-28,284
2015-10-28,330
2015-10-28,238
2015-10-29,242
2015-10-29,242
2015-10-29,238
2015-10-29,246
2015-10-30,234
2015-10-30,234
2015-10-30,226
2015-10-30,242
2015-10-31,238
2015-10-31,238
2015-10-31,232
2015-10-31,244
2015-11-01,242
2015-11-01,242
2015-11-01,246
2015-11-01,238
2015-11-02,242
2015-11-02,242
2015-11-02,240
2015-11-02,244
2015-11-03,240
2015-11-03,240
2015-11-03,238
2015-11-03,242
2015-11-04,247
2015-11-04,247
2015-11-04,236
2015-11-04,258
2015-11-05,250
2015-11-05,250
2015-11-05,240
2015-11-05,260
2015-11-06,296
2015-11-06,296
2015-11-06,300
2015-11-06,292
2015-11-07,295
2015-11-07,295
2015-11-07,304
2015-11-07,286
2015-11-08,295
2015-11-08,295
2015-11-08,300
2015-11-08,290
2015-11-09,294
2015-11-09,294
2015-11-09,306
2015-11-09,282
2015-11-10,283
2015-11-10,283
2015-11-10,298
2015-11-10,268
2015-11-11,260
2015-11-11,260
2015-11-11,302
2015-11-11,218
2015-11-12,224
2015-11-12,224
2015-11-12,228
2015-11-12,220
2015-11-13,230
2015-11-13,230
2015-11-13,236
2015-11-13,224
2015-11-14,232
2015-11-14,232
2015-11-14,230
2015-11-14,234
2015-11-15,232
2015-11-15,232
2015-11-15,228
2015-11-15,236
2015-11-16,236
2015-11-16,236
2015-11-16,232
2015-11-16,240
2015-11-17,234
2015-11-17,234
2015-11-17,230
2015-11-17,238
2015-11-18,230
2015-11-18,230
2015-11-18,226
2015-11-18,234
2015-11-19,231
2015-11-19,231
2015-11-19,232
2015-11-19,230
2015-11-20,230
2015-11-20,230
2015-11-20,224
2015-11-20,236
2015-11-21,260
2015-11-21,260
2015-11-21,248
2015-11-21,272
2015-11-22,306
2015-11-22,306
2015-11-22,300
2015-11-22,312
2015-11-23,316
2015-11-23,316
2015-11-23,310
2015-11-23,322
2015-11-24,321
2015-11-24,321
2015-11-24,340
2015-11-24,302
2015-11-25,320
2015-11-25,320
2015-11-25,334
2015-11-25,306
2015-11-26,310
2015-11-26,310
2015-11-26,320
2015-11-26,300
2015-11-27,271
2015-11-27,271
2015-11-27,290
2015-11-27,252
2015-11-28,241
2015-11-28,241
2015-11-28,236
2015-11-28,246
2015-11-29,241
2015-11-29,241
2015-11-29,238
2015-11-29,244
2015-11-30,243
2015-11-30,243
2015-11-30,232
2015-11-30,254
2015-12-01,246
2015-12-01,246
2015-12-01,240
2015-12-01,252
2015-12-02,242
2015-12-02,242
2015-12-02,246
2015-12-02,238
2015-12-03,244
2015-12-03,244
2015-12-03,242
2015-12-03,246
2015-12-04,239
2015-12-04,239
2015-12-04,238
2015-12-04,240
2015-12-05,244
2015-12-05,244
2015-12-05,246
2015-12-05,242
2015-12-06,274
2015-12-06,274
2015-12-06,300
2015-12-06,248
2015-12-07,240
2015-12-07,272
2015-12-07,238
2015-12-07,242
2015-12-08,270
2015-12-08,270
2015-12-08,302
2015-12-08,238
2015-12-09,280
2015-12-09,280
2015-12-09,316
2015-12-09,244
2015-12-10,274
2015-12-10,274
2015-12-10,308
2015-12-10,240
2015-12-11,257
2015-12-11,257
2015-12-11,298
2015-12-11,216
2015-12-12,227
2015-12-12,227
2015-12-12,230
2015-12-12,224
2015-12-13,230
2015-12-13,230
2015-12-13,228
2015-12-13,232
2015-12-14,237
2015-12-14,237
2015-12-14,234
2015-12-14,240
2015-12-15,239
2015-12-15,239
2015-12-15,238
2015-12-15,240
2015-12-16,237
2015-12-16,237
2015-12-16,232
2015-12-16,242
2015-12-17,247
2015-12-17,247
2015-12-17,244
2015-12-17,250
2015-12-18,239
2015-12-18,239
2015-12-18,232
2015-12-18,246
2015-12-19,252
2015-12-19,252
2015-12-19,262
2015-12-19,242
2015-12-20,256
2015-12-20,256
2015-12-20,274
2015-12-20,238
2015-12-21,265
2015-12-21,265
2015-12-21,288
2015-12-21,242
2015-12-22,302
2015-12-22,302
2015-12-22,342
2015-12-22,262
2015-12-23,311
2015-12-23,311
2015-12-23,352
2015-12-23,270
2015-12-24,307
2015-12-24,307
2015-12-24,348
2015-12-24,266
2015-12-25,302
2015-12-25,302
2015-12-25,332
2015-12-25,272
2015-12-26,304
2015-12-26,304
2015-12-26,328
2015-12-26,280
2015-12-27,263
2015-12-27,263
2015-12-27,252
2015-12-27,274
2015-12-28,260
2015-12-28,260
2015-12-28,238
2015-12-28,282
2015-12-29,260
2015-12-29,260
2015-12-29,242
2015-12-29,278
2015-12-30,262
2015-12-30,262
2015-12-30,244
2015-12-30,280
2015-12-31,263
2015-12-31,263
2015-12-31,250
2015-12-31,276
2016-01-01,260
2016-01-01,260
2016-01-01,246
2016-01-01,274
2016-01-02,255
2016-01-02,255
2016-01-02,240
2016-01-02,270
2016-01-03,268
2016-01-03,268
2016-01-03,256
2016-01-03,280
2016-01-04,282
2016-01-04,282
2016-01-04,276
2016-01-04,288
2016-01-05,292
2016-01-05,292
2016-01-05,288
2016-01-05,296
2016-01-06,311
2016-01-06,311
2016-01-06,320
2016-01-06,302
2016-01-07,319
2016-01-07,319
2016-01-07,328
2016-01-07,310
2016-01-08,308
2016-01-08,308
2016-01-08,338
2016-01-08,278
2016-01-09,296
2016-01-09,296
2016-01-09,310
2016-01-09,282
2016-01-10,287
2016-01-10,287
2016-01-10,302
2016-01-10,272
2016-01-11,286
2016-01-11,286
2016-01-11,296
2016-01-11,276
2016-01-12,284
2016-01-12,284
2016-01-12,290
2016-01-12,278
2016-01-13,273
2016-01-13,273
2016-01-13,270
2016-01-13,276
2016-01-14,268
2016-01-14,268
2016-01-14,266
2016-01-14,270
2016-01-15,276
2016-01-15,276
2016-01-15,274
2016-01-15,278
2016-01-16,284
2016-01-16,284
2016-01-16,300
2016-01-16,268
2016-01-17,289
2016-01-17,289
2016-01-17,298
2016-01-17,280
2016-01-18,299
2016-01-18,299
2016-01-18,308
2016-01-18,290
2016-01-19,309
2016-01-19,309
2016-01-19,310
2016-01-19,308
2016-01-20,330
2016-01-20,330
2016-01-20,340
2016-01-20,320
2016-01-21,352
2016-01-21,352
2016-01-21,372
2016-01-21,332
2016-01-22,317
2016-01-22,317
2016-01-22,318
2016-01-22,316
2016-01-23,315
2016-01-23,315
2016-01-23,320
2016-01-23,310
2016-01-24,311
2016-01-24,311
2016-01-24,314
2016-01-24,308
2016-01-25,307
2016-01-25,307
2016-01-25,310
2016-01-25,304
2016-01-26,311
2016-01-26,311
2016-01-26,302
2016-01-26,320
2016-01-27,311
2016-01-27,311
2016-01-27,308
2016-01-27,314
2016-01-28,306
2016-01-28,306
2016-01-28,310
2016-01-28,302
2016-01-29,304
2016-01-29,304
2016-01-29,300
2016-01-29,308
2016-01-30,300
2016-01-30,300
2016-01-30,296
2016-01-30,304
2016-01-31,305
2016-01-31,305
2016-01-31,308
2016-01-31,302
2016-02-01,304
2016-02-01,304
2016-02-01,308
2016-02-01,300
2016-02-02,311
2016-02-02,311
2016-02-02,312
2016-02-02,310
2016-02-03,315
2016-02-03,315
2016-02-03,322
2016-02-03,308
2016-02-04,329
2016-02-04,329
2016-02-04,338
2016-02-04,320
2016-02-05,355
2016-02-05,355
2016-02-05,380
2016-02-05,330
2016-02-06,348
2016-02-06,348
2016-02-06,368
2016-02-06,328
2016-02-07,365
2016-02-07,365
2016-02-07,390
2016-02-07,340
2016-02-08,346
2016-02-08,346
2016-02-08,360
2016-02-08,332
2016-02-09,338
2016-02-09,338
2016-02-09,352
2016-02-09,324
2016-02-10,331
2016-02-10,331
2016-02-10,332
2016-02-10,330
2016-02-11,332
2016-02-11,332
2016-02-11,338
2016-02-11,326
2016-02-12,321
2016-02-12,321
2016-02-12,328
2016-02-12,314
2016-02-13,329
2016-02-13,329
2016-02-13,338
2016-02-13,320
2016-02-14,331
2016-02-14,331
2016-02-14,346
2016-02-14,316
2016-02-15,327
2016-02-15,326.5
2016-02-15,343
2016-02-15,310
2016-02-16,327
2016-02-16,327
2016-02-16,342
2016-02-16,312
2016-02-17,353
2016-02-17,353
2016-02-17,358
2016-02-17,348
2016-02-18,360
2016-02-18,360
2016-02-18,368
2016-02-18,352
2016-02-19,352
2016-02-19,352
2016-02-19,376
2016-02-19,328
2016-02-20,369
2016-02-20,369
2016-02-20,408
2016-02-20,330
2016-02-21,342
2016-02-21,342
2016-02-21,350
2016-02-21,334
2016-02-22,340
2016-02-22,340
2016-02-22,352
2016-02-22,328
2016-02-23,346
2016-02-23,346
2016-02-23,358
2016-02-23,334
2016-02-24,334
2016-02-24,334
2016-02-24,338
2016-02-24,330
2016-02-25,336
2016-02-25,336
2016-02-25,340
2016-02-25,332
2016-02-26,332
2016-02-26,332
2016-02-26,336
2016-02-26,328
2016-02-27,331
2016-02-27,331
2016-02-27,332
2016-02-27,330
2016-02-28,331
2016-02-28,331
2016-02-28,328
2016-02-28,334
2016-02-29,327
2016-02-29,327
2016-02-29,318
2016-02-29,336
2016-03-01,337
2016-03-01,337
2016-03-01,314
2016-03-01,360
2016-03-02,343
2016-03-02,343
2016-03-02,318
2016-03-02,368
2016-03-03,343
2016-03-03,343
2016-03-03,328
2016-03-03,358
2016-03-04,342
2016-03-04,342
2016-03-04,332
2016-03-04,352
2016-03-05,347
2016-03-05,347
2016-03-05,340
2016-03-05,354
2016-03-06,358
2016-03-06,358
2016-03-06,366
2016-03-06,350
2016-03-07,372
2016-03-07,372
2016-03-07,384
2016-03-07,360
2016-03-08,375
2016-03-08,375
2016-03-08,382
2016-03-08,368
2016-03-09,383
2016-03-09,383
2016-03-09,410
2016-03-09,356
2016-03-10,375
2016-03-10,375
2016-03-10,362
2016-03-10,388
2016-03-11,372
2016-03-11,372
2016-03-11,352
2016-03-11,392
2016-03-12,377
2016-03-12,377
2016-03-12,364
2016-03-12,390
2016-03-13,380
2016-03-13,380
2016-03-13,378
2016-03-13,382
2016-03-14,381
2016-03-14,381
2016-03-14,382
2016-03-14,380
2016-03-15,382
2016-03-15,382
2016-03-15,386
2016-03-15,378
2016-03-16,379
2016-03-16,379
2016-03-16,376
2016-03-16,382
2016-03-17,379
2016-03-17,379
2016-03-17,386
2016-03-17,372
2016-03-18,396
2016-03-18,396
2016-03-18,400
2016-03-18,392
2016-03-19,406
2016-03-19,406
2016-03-19,402
2016-03-19,410
2016-03-20,433
2016-03-20,433
2016-03-20,438
2016-03-20,428
2016-03-21,439
2016-03-21,439
2016-03-21,446
2016-03-21,432
2016-03-22,427
2016-03-22,427
2016-03-22,442
2016-03-22,412
2016-03-23,410
2016-03-23,410
2016-03-23,418
2016-03-23,402
2016-03-24,404
2016-03-24,404
2016-03-24,408
2016-03-24,400
2016-03-25,402
2016-03-25,402
2016-03-25,398
2016-03-25,406
2016-03-26,397
2016-03-26,397
2016-03-26,392
2016-03-26,402
2016-03-27,406
2016-03-27,406
2016-03-27,412
2016-03-27,400
2016-03-28,409
2016-03-28,409
2016-03-28,408
2016-03-28,410
2016-03-29,407
2016-03-29,407
2016-03-29,402
2016-03-29,412
2016-03-30,413
2016-03-30,413
2016-03-30,410
2016-03-30,416
2016-03-31,426
2016-03-31,426
2016-03-31,432
2016-03-31,420
2016-04-01,426
2016-04-01,426
2016-04-01,422
2016-04-01,430
2016-04-02,433
2016-04-02,433
2016-04-02,438
2016-04-02,428
2016-04-03,443
2016-04-03,443
2016-04-03,452
2016-04-03,434
2016-04-04,450
2016-04-04,450
2016-04-04,460
2016-04-04,440
2016-04-05,466
2016-04-05,466
2016-04-05,480
2016-04-05,452
2016-04-06,464
2016-04-06,464
2016-04-06,478
2016-04-06,450
2016-04-07,469
2016-04-07,469
2016-04-07,480
2016-04-07,458
2016-04-08,461
2016-04-08,461
2016-04-08,470
2016-04-08,452
2016-04-09,453
2016-04-09,453
2016-04-09,448
2016-04-09,458
2016-04-10,452
2016-04-10,452
2016-04-10,452
2016-04-10,452
2016-04-11,451
2016-04-11,451
2016-04-11,454
2016-04-11,448
2016-04-12,454
2016-04-12,454
2016-04-12,458
2016-04-12,450
2016-04-13,456
2016-04-13,456
2016-04-13,460
2016-04-13,452
2016-04-14,455
2016-04-14,455
2016-04-14,462
2016-04-14,448
2016-04-15,460
2016-04-15,460
2016-04-15,458
2016-04-15,462
2016-04-16,461
2016-04-16,461
2016-04-16,468
2016-04-16,454
2016-04-17,468
2016-04-17,468
2016-04-17,474
2016-04-17,462
2016-04-18,475
2016-04-18,475
2016-04-18,482
2016-04-18,468
2016-04-19,473
2016-04-19,473
2016-04-19,484
2016-04-19,462
2016-04-20,468
2016-04-20,468
2016-04-20,478
2016-04-20,458
2016-04-21,452
2016-04-21,452
2016-04-21,458
2016-04-21,446
2016-04-22,451
2016-04-22,451
2016-04-22,454
2016-04-22,448
2016-04-23,454
2016-04-23,454
2016-04-23,452
2016-04-23,456
2016-04-24,451
2016-04-24,451
2016-04-24,454
2016-04-24,448
2016-04-25,452
2016-04-25,452
2016-04-25,448
2016-04-25,456
2016-04-26,446
2016-04-26,446
2016-04-26,432
2016-04-26,460
2016-04-27,452
2016-04-27,452
2016-04-27,448
2016-04-27,456
2016-04-28,448
2016-04-28,448
2016-04-28,444
2016-04-28,452
2016-04-29,446
2016-04-29,446
2016-04-29,432
2016-04-29,460
2016-04-30,453
2016-04-30,453
2016-04-30,456
2016-04-30,450
2016-05-01,461
2016-05-01,461
2016-05-01,458
2016-05-01,464
2016-05-02,461
2016-05-02,461
2016-05-02,466
2016-05-02,456
2016-05-03,457
2016-05-03,457
2016-05-03,462
2016-05-03,452
2016-05-04,470
2016-05-04,470
2016-05-04,482
2016-05-04,458
2016-05-05,474
2016-05-05,474
2016-05-05,488
2016-05-05,460
2016-05-06,473
2016-05-06,473
2016-05-06,482
2016-05-06,464
2016-05-07,461
2016-05-07,461
2016-05-07,464
2016-05-07,458
2016-05-08,466
2016-05-08,466
2016-05-08,470
2016-05-08,462
2016-05-09,465
2016-05-09,465
2016-05-09,472
2016-05-09,458
2016-05-10,461
2016-05-10,461
2016-05-10,468
2016-05-10,454
2016-05-11,462
2016-05-11,462
2016-05-11,470
2016-05-11,454
2016-05-12,466
2016-05-12,466
2016-05-12,474
2016-05-12,458
2016-05-13,469
2016-05-13,469
2016-05-13,476
2016-05-13,462
2016-05-14,469
2016-05-14,469
2016-05-14,478
2016-05-14,460
2016-05-15,471
2016-05-15,471
2016-05-15,480
2016-05-15,462
2016-05-16,467
2016-05-16,467
2016-05-16,476
2016-05-16,458
2016-05-17,476
2016-05-17,476
2016-05-17,490
2016-05-17,462
2016-05-18,479
2016-05-18,479
2016-05-18,492
2016-05-18,466
2016-05-19,475
2016-05-19,475
2016-05-19,488
2016-05-19,462
2016-05-20,473
2016-05-20,473
2016-05-20,482
2016-05-20,464
2016-05-21,466
2016-05-21,466
2016-05-21,472
2016-05-21,460
2016-05-22,460
2016-05-22,460
2016-05-22,462
2016-05-22,458
2016-05-23,457
2016-05-23,457
2016-05-23,452
2016-05-23,462
2016-05-24,458
2016-05-24,458
2016-05-24,456
2016-05-24,460
2016-05-25,454
2016-05-25,454
2016-05-25,450
2016-05-25,458
2016-05-26,456
2016-05-26,456
2016-05-26,452
2016-05-26,460
2016-05-27,458
2016-05-27,458
2016-05-27,460
2016-05-27,456
2016-05-28,458
2016-05-28,458
2016-05-28,464
2016-05-28,452
2016-05-29,462
2016-05-29,462
2016-05-29,468
2016-05-29,456
2016-05-30,459
2016-05-30,459
2016-05-30,464
2016-05-30,454
2016-05-31,468
2016-05-31,468
2016-05-31,472
2016-05-31,464
2016-06-01,477
2016-06-01,477
2016-06-01,484
2016-06-01,470
2016-06-02,481
2016-06-02,481
2016-06-02,494
2016-06-02,468
2016-06-03,477
2016-06-03,477
2016-06-03,492
2016-06-03,462
2016-06-04,474
2016-06-04,474
2016-06-04,488
2016-06-04,460
2016-06-05,477
2016-06-05,477
2016-06-05,490
2016-06-05,464
2016-06-06,470
2016-06-06,470
2016-06-06,468
2016-06-06,472
2016-06-07,458
2016-06-07,458
2016-06-07,456
2016-06-07,460
2016-06-08,457
2016-06-08,457
2016-06-08,452
2016-06-08,462
2016-06-09,457
2016-06-09,457
2016-06-09,450
2016-06-09,464
2016-06-10,462
2016-06-10,462
2016-06-10,458
2016-06-10,466
2016-06-11,456
2016-06-11,456
2016-06-11,450
2016-06-11,462
2016-06-12,468
2016-06-12,468
2016-06-12,466
2016-06-12,470
2016-06-13,465
2016-06-13,465
2016-06-13,458
2016-06-13,472
2016-06-14,467
2016-06-14,467
2016-06-14,464
2016-06-14,470
2016-06-15,475
2016-06-15,475
2016-06-15,472
2016-06-15,478
2016-06-16,466
2016-06-16,466
2016-06-16,462
2016-06-16,470
2016-06-17,473
2016-06-17,473
2016-06-17,468
2016-06-17,478
2016-06-18,464
2016-06-18,464
2016-06-18,462
2016-06-18,466
2016-06-19,461
2016-06-19,461
2016-06-19,458
2016-06-19,464
2016-06-20,464
2016-06-20,464
2016-06-20,460
2016-06-20,468
2016-06-21,459
2016-06-21,459
2016-06-21,452
2016-06-21,466
2016-06-22,445
2016-06-22,445
2016-06-22,448
2016-06-22,442
2016-06-23,445
2016-06-23,445
2016-06-23,450
2016-06-23,440
2016-06-24,449
2016-06-24,449
2016-06-24,446
2016-06-24,452
2016-06-25,449
2016-06-25,449
2016-06-25,444
2016-06-25,454
2016-06-26,451
2016-06-26,451
2016-06-26,454
2016-06-26,448
2016-06-27,449
2016-06-27,449
2016-06-27,452
2016-06-27,446
2016-06-28,468
2016-06-28,468
2016-06-28,464
2016-06-28,472
2016-06-29,472
2016-06-29,472
2016-06-29,468
2016-06-29,476
2016-06-30,476
2016-06-30,476
2016-06-30,470
2016-06-30,482
2016-07-01,479
2016-07-01,479
2016-07-01,476
2016-07-01,482
2016-07-02,480
2016-07-02,480
2016-07-02,480
2016-07-02,480
2016-07-03,482
2016-07-03,482
2016-07-03,486
2016-07-03,478
2016-07-04,481
2016-07-04,481
2016-07-04,482
2016-07-04,480
2016-07-05,467
2016-07-05,467
2016-07-05,458
2016-07-05,476
2016-07-06,460
2016-07-06,460
2016-07-06,448
2016-07-06,472
2016-07-07,455
2016-07-07,455
2016-07-07,442
2016-07-07,468
2016-07-08,457
2016-07-08,457
2016-07-08,444
2016-07-08,470
2016-07-09,458
2016-07-09,458
2016-07-09,450
2016-07-09,466
2016-07-10,456
2016-07-10,456
2016-07-10,444
2016-07-10,468
2016-07-11,458
2016-07-11,458
2016-07-11,452
2016-07-11,464
2016-07-12,458
2016-07-12,458
2016-07-12,448
2016-07-12,468
2016-07-13,458
2016-07-13,458
2016-07-13,450
2016-07-13,466
2016-07-14,460
2016-07-14,460
2016-07-14,456
2016-07-14,464
2016-07-15,460
2016-07-15,460
2016-07-15,452
2016-07-15,468
2016-07-16,459
2016-07-16,459
2016-07-16,456
2016-07-16,462
2016-07-17,461
2016-07-17,461
2016-07-17,458
2016-07-17,464
2016-07-18,456
2016-07-18,456
2016-07-18,452
2016-07-18,460
2016-07-19,455
2016-07-19,455
2016-07-19,448
2016-07-19,462
2016-07-20,448
2016-07-20,448
2016-07-20,438
2016-07-20,458
2016-07-21,443
2016-07-21,443
2016-07-21,430
2016-07-21,456
2016-07-22,444
2016-07-22,444
2016-07-22,428
2016-07-22,460
2016-07-23,438
2016-07-23,438
2016-07-23,422
2016-07-23,454
2016-07-24,440
2016-07-24,440
2016-07-24,428
2016-07-24,452
2016-07-25,442
2016-07-25,442
2016-07-25,436
2016-07-25,448
2016-07-26,441
2016-07-26,441
2016-07-26,432
2016-07-26,450
2016-07-27,444
2016-07-27,444
2016-07-27,436
2016-07-27,452
2016-07-28,447
2016-07-28,447
2016-07-28,438
2016-07-28,456
2016-07-29,444
2016-07-29,444
2016-07-29,434
2016-07-29,454
2016-07-30,459
2016-07-30,459
2016-07-30,458
2016-07-30,460
2016-07-31,462
2016-07-31,462
2016-07-31,468
2016-07-31,456
2016-08-01,452
2016-08-01,452
2016-08-01,458
2016-08-01,446
2016-08-02,455
2016-08-02,455
2016-08-02,462
2016-08-02,448
2016-08-03,435
2016-08-03,435
2016-08-03,428
2016-08-03,442
2016-08-04,434
2016-08-04,434
2016-08-04,422
2016-08-04,446
2016-08-05,427
2016-08-05,427
2016-08-05,414
2016-08-05,440
2016-08-06,426
2016-08-06,426
2016-08-06,410
2016-08-06,442
2016-08-07,430
2016-08-07,430
2016-08-07,414
2016-08-07,446
2016-08-08,434
2016-08-08,434
2016-08-08,418
2016-08-08,450
2016-08-09,434
2016-08-09,434
2016-08-09,420
2016-08-09,448
2016-08-10,433
2016-08-10,433
2016-08-10,414
2016-08-10,452
2016-08-11,430
2016-08-11,430
2016-08-11,410
2016-08-11,450
2016-08-12,429
2016-08-12,429
2016-08-12,404
2016-08-12,454
2016-08-13,439
2016-08-13,439
2016-08-13,420
2016-08-13,458
2016-08-14,435
2016-08-14,435
2016-08-14,424
2016-08-14,446
2016-08-15,443
2016-08-15,443
2016-08-15,432
2016-08-15,454
2016-08-16,447
2016-08-16,447
2016-08-16,438
2016-08-16,456
2016-08-17,441
2016-08-17,441
2016-08-17,432
2016-08-17,450
2016-08-18,440
2016-08-18,440
2016-08-18,428
2016-08-18,452
2016-08-19,441
2016-08-19,441
2016-08-19,434
2016-08-19,448
2016-08-20,438
2016-08-20,438
2016-08-20,430
2016-08-20,446
2016-08-21,421
2016-08-21,421
2016-08-21,402
2016-08-21,440
2016-08-22,420
2016-08-22,420
2016-08-22,398
2016-08-22,442
2016-08-23,424
2016-08-23,424
2016-08-23,402
2016-08-23,446
2016-08-24,430
2016-08-24,430
2016-08-24,410
2016-08-24,450
2016-08-25,428
2016-08-25,428
2016-08-25,408
2016-08-25,448
2016-08-26,433
2016-08-26,433
2016-08-26,414
2016-08-26,452
2016-08-27,406
2016-08-27,436
2016-08-27,410
2016-08-27,402
2016-08-28,439
2016-08-28,439
2016-08-28,422
2016-08-28,456
2016-08-29,442
2016-08-29,442
2016-08-29,432
2016-08-29,452
2016-08-30,443
2016-08-30,443
2016-08-30,436
2016-08-30,450
2016-08-31,438
2016-08-31,438
2016-08-31,424
2016-08-31,452
2016-09-01,418
2016-09-01,418
2016-09-01,408
2016-09-01,428
2016-09-02,410
2016-09-02,410
2016-09-02,400
2016-09-02,420
2016-09-03,403
2016-09-03,403
2016-09-03,392
2016-09-03,414
2016-09-04,398
2016-09-04,398
2016-09-04,388
2016-09-04,408
2016-09-05,388
2016-09-05,388
2016-09-05,376
2016-09-05,400
2016-09-06,382
2016-09-06,382
2016-09-06,368
2016-09-06,396
2016-09-07,375
2016-09-07,375
2016-09-07,360
2016-09-07,390
2016-09-08,372
2016-09-08,372
2016-09-08,358
2016-09-08,386
2016-09-09,375
2016-09-09,375
2016-09-09,362
2016-09-09,388
2016-09-10,368
2016-09-10,368
2016-09-10,356
2016-09-10,380
2016-09-11,372
2016-09-11,372
2016-09-11,368
2016-09-11,376
2016-09-12,364
2016-09-12,364
2016-09-12,360
2016-09-12,368
2016-09-13,360
2016-09-13,360
2016-09-13,358
2016-09-13,362
2016-09-14,360
2016-09-14,360
2016-09-14,362
2016-09-14,358
2016-09-15,352
2016-09-15,352
2016-09-15,356
2016-09-15,348
2016-09-16,353
2016-09-16,353
2016-09-16,360
2016-09-16,346
2016-09-17,350
2016-09-17,350
2016-09-17,358
2016-09-17,342
2016-09-18,343
2016-09-18,343
2016-09-18,348
2016-09-18,338
2016-09-19,339
2016-09-19,339
2016-09-19,338
2016-09-19,340
2016-09-20,332
2016-09-20,332
2016-09-20,328
2016-09-20,336
2016-09-21,334
2016-09-21,334
2016-09-21,330
2016-09-21,338
2016-09-22,331
2016-09-22,331
2016-09-22,328
2016-09-22,334
2016-09-23,325
2016-09-23,325
2016-09-23,322
2016-09-23,328
2016-09-24,333
2016-09-24,333
2016-09-24,330
2016-09-24,336
2016-09-25,342
2016-09-25,342
2016-09-25,338
2016-09-25,346
2016-09-26,350
2016-09-26,350
2016-09-26,344
2016-09-26,356
2016-09-27,357
2016-09-27,357
2016-09-27,364
2016-09-27,350
2016-09-28,360
2016-09-28,360
2016-09-28,368
2016-09-28,352
2016-09-29,356
2016-09-29,356
2016-09-29,354
2016-09-29,358
2016-09-30,350
2016-09-30,342
2016-09-30,348
2016-09-30,352
2016-10-01,356
2016-10-01,329
2016-10-01,352
2016-10-01,360
2016-10-02,315
2016-10-02,316
2016-10-02,298
2016-10-02,332
2016-10-03,302
2016-10-03,302
2016-10-03,286
2016-10-03,318
2016-10-04,290
2016-10-04,290
2016-10-04,278
2016-10-04,302
2016-10-05,291
2016-10-05,291
2016-10-05,272
2016-10-05,310
2016-10-06,285
2016-10-06,285
2016-10-06,268
2016-10-06,302
2016-10-07,283
2016-10-07,283
2016-10-07,262
2016-10-07,304
2016-10-08,278
2016-10-08,278
2016-10-08,258
2016-10-08,298
2016-10-09,281
2016-10-09,281
2016-10-09,266
2016-10-09,296
2016-10-10,281
2016-10-10,281
2016-10-10,272
2016-10-10,290
2016-10-11,279
2016-10-11,279
2016-10-11,270
2016-10-11,288
2016-10-12,291
2016-10-12,291
2016-10-12,290
2016-10-12,292
2016-10-13,300
2016-10-13,300
2016-10-13,328
2016-10-13,272
2016-10-14,295
2016-10-14,295
2016-10-14,322
2016-10-14,268
2016-10-15,317
2016-10-15,317
2016-10-15,348
2016-10-15,286
2016-10-16,307
2016-10-16,307
2016-10-16,336
2016-10-16,278
2016-10-17,305
2016-10-17,305
2016-10-17,328
2016-10-17,282
2016-10-18,284
2016-10-18,284
2016-10-18,282
2016-10-18,286
2016-10-19,281
2016-10-19,281
2016-10-19,278
2016-10-19,284
2016-10-20,278
2016-10-20,278
2016-10-20,270
2016-10-20,286
2016-10-21,273
2016-10-21,273
2016-10-21,258
2016-10-21,288
2016-10-22,273
2016-10-22,273
2016-10-22,262
2016-10-22,284
2016-10-23,269
2016-10-23,269
2016-10-23,258
2016-10-23,280
2016-10-24,278
2016-10-24,278
2016-10-24,268
2016-10-24,288
2016-10-25,285
2016-10-25,285
2016-10-25,278
2016-10-25,292
2016-10-26,300
2016-10-26,300
2016-10-26,310
2016-10-26,290
2016-10-27,312
2016-10-27,312
2016-10-27,326
2016-10-27,298
2016-10-28,317
2016-10-28,317
2016-10-28,332
2016-10-28,302
2016-10-29,321
2016-10-29,321
2016-10-29,334
2016-10-29,308
2016-10-30,316
2016-10-30,316
2016-10-30,328
2016-10-30,304
2016-10-31,301
2016-10-31,301
2016-10-31,292
2016-10-31,310
2016-11-01,296
2016-11-01,296
2016-11-01,302
2016-11-01,290
2016-11-02,280
2016-11-02,280
2016-11-02,268
2016-11-02,292
2016-11-03,272
2016-11-03,272
2016-11-03,258
2016-11-03,286
2016-11-04,267
2016-11-04,267
2016-11-04,246
2016-11-04,288
2016-11-05,265
2016-11-05,265
2016-11-05,258
2016-11-05,272
2016-11-06,256
2016-11-06,256
2016-11-06,252
2016-11-06,260
2016-11-07,258
2016-11-07,258
2016-11-07,254
2016-11-07,262
2016-11-08,256
2016-11-08,256
2016-11-08,258
2016-11-08,254
2016-11-09,280
2016-11-09,280
2016-11-09,262
2016-11-09,298
2016-11-10,287
2016-11-10,287
2016-11-10,268
2016-11-10,306
2016-11-11,313
2016-11-11,313
2016-11-11,310
2016-11-11,316
2016-11-12,322
2016-11-12,322
2016-11-12,326
2016-11-12,318
2016-11-13,334
2016-11-13,334
2016-11-13,348
2016-11-13,320
2016-11-14,335
2016-11-14,335
2016-11-14,362
2016-11-14,308
2016-11-15,335
2016-11-15,335
2016-11-15,358
2016-11-15,312
2016-11-16,314
2016-11-16,314
2016-11-16,326
2016-11-16,302
2016-11-17,287
2016-11-17,287
2016-11-17,292
2016-11-17,282
2016-11-18,269
2016-11-18,269
2016-11-18,268
2016-11-18,270
2016-11-19,267
2016-11-19,267
2016-11-19,262
2016-11-19,272
2016-11-20,275
2016-11-20,275
2016-11-20,270
2016-11-20,280
2016-11-21,275
2016-11-21,275
2016-11-21,274
2016-11-21,276
2016-11-22,279
2016-11-22,279
2016-11-22,272
2016-11-22,286
2016-11-23,279
2016-11-23,279
2016-11-23,268
2016-11-23,290
2016-11-24,294
2016-11-24,294
2016-11-24,302
2016-11-24,286
2016-11-25,301
2016-11-25,301
2016-11-25,320
2016-11-25,282
2016-11-26,304
2016-11-26,304
2016-11-26,332
2016-11-26,276
2016-11-27,304
2016-11-27,304
2016-11-27,328
2016-11-27,280
2016-11-28,304
2016-11-28,304
2016-11-28,336
2016-11-28,272
2016-11-29,299
2016-11-29,299
2016-11-29,328
2016-11-29,270
2016-11-30,288
2016-11-30,288
2016-11-30,302
2016-11-30,274
2016-12-01,270
2016-12-01,270
2016-12-01,272
2016-12-01,268
2016-12-02,259
2016-12-02,259
2016-12-02,262
2016-12-02,256
2016-12-03,255
2016-12-03,255
2016-12-03,250
2016-12-03,260
2016-12-04,264
2016-12-04,264
2016-12-04,260
2016-12-04,268
2016-12-05,259
2016-12-05,259
2016-12-05,256
2016-12-05,262
2016-12-06,259
2016-12-06,259
2016-12-06,262
2016-12-06,256
2016-12-07,260
2016-12-07,260
2016-12-07,254
2016-12-07,266
2016-12-08,279
2016-12-08,279
2016-12-08,270
2016-12-08,288
2016-12-09,280
2016-12-09,280
2016-12-09,266
2016-12-09,294
2016-12-10,289
2016-12-10,289
2016-12-10,288
2016-12-10,290
2016-12-11,307
2016-12-11,307
2016-12-11,312
2016-12-11,302
2016-12-12,337
2016-12-12,337
2016-12-12,354
2016-12-12,320
2016-12-13,337
2016-12-13,323
2016-12-13,348
2016-12-13,326
2016-12-14,339
2016-12-14,310
2016-12-14,356
2016-12-14,322
2016-12-15,295.5
2016-12-15,296
2016-12-15,302
2016-12-15,289
2016-12-16,282
2016-12-16,282
2016-12-16,292
2016-12-16,272
2016-12-17,273
2016-12-17,273
2016-12-17,276
2016-12-17,270
2016-12-18,264
2016-12-18,264
2016-12-18,266
2016-12-18,262
2016-12-19,261
2016-12-19,261
2016-12-19,258
2016-12-19,264
2016-12-20,265
2016-12-20,265
2016-12-20,272
2016-12-20,258
2016-12-21,262
2016-12-21,262
2016-12-21,268
2016-12-21,256
2016-12-22,265
2016-12-22,265
2016-12-22,270
2016-12-22,260
2016-12-23,280
2016-12-23,280
2016-12-23,292
2016-12-23,268
2016-12-24,296
2016-12-24,275
2016-12-24,330
2016-12-24,262
2016-12-25,292
2016-12-25,272
2016-12-25,320
2016-12-25,264
2016-12-26,301
2016-12-26,278
2016-12-26,330
2016-12-26,272
2016-12-27,307
2016-12-27,288
2016-12-27,346
2016-12-27,268
2016-12-28,320
2016-12-28,300
2016-12-28,358
2016-12-28,282
2016-12-29,308
2016-12-29,311
2016-12-29,342
2016-12-29,274
2016-12-30,299
2016-12-30,323
2016-12-30,330
2016-12-30,268
2016-12-31,291
2016-12-31,324
2016-12-31,310
2016-12-31,272
2017-01-01,303
2017-01-01,330
2017-01-01,308
2017-01-01,298
2017-01-02,321
2017-01-02,331
2017-01-02,312
2017-01-02,330
2017-01-03,297
2017-01-03,330
2017-01-03,302
2017-01-03,292
2017-01-04,299
2017-01-04,333
2017-01-04,300
2017-01-04,298
2017-01-05,299
2017-01-05,338
2017-01-05,308
2017-01-05,290
2017-01-06,316
2017-01-06,338
2017-01-06,322
2017-01-06,310
2017-01-07,328
2017-01-07,344
2017-01-07,334
2017-01-07,322
2017-01-08,341
2017-01-08,353
2017-01-08,348
2017-01-08,334
2017-01-09,364
2017-01-09,355
2017-01-09,376
2017-01-09,352
2017-01-10,380
2017-01-10,380
2017-01-10,396
2017-01-10,364
2017-01-11,373
2017-01-11,373
2017-01-11,408
2017-01-11,338
2017-01-12,376
2017-01-12,376
2017-01-12,410
2017-01-12,342
2017-01-13,370
2017-01-13,370
2017-01-13,392
2017-01-13,348
2017-01-14,345
2017-01-14,376
2017-01-14,338
2017-01-14,352
2017-01-15,340
2017-01-15,375
2017-01-15,332
2017-01-15,348
2017-01-16,346
2017-01-16,380
2017-01-16,338
2017-01-16,354
2017-01-17,352
2017-01-17,380
2017-01-17,348
2017-01-17,356
2017-01-18,371
2017-01-18,387
2017-01-18,368
2017-01-18,374
2017-01-19,372
2017-01-19,378
2017-01-19,362
2017-01-19,382
2017-01-20,375
2017-01-20,374
2017-01-20,370
2017-01-20,380
2017-01-21,372
2017-01-21,372
2017-01-21,368
2017-01-21,376
2017-01-22,376
2017-01-22,376
2017-01-22,382
2017-01-22,370
2017-01-23,396
2017-01-23,396
2017-01-23,394
2017-01-23,398
2017-01-24,397
2017-01-24,397
2017-01-24,402
2017-01-24,392
2017-01-25,395
2017-01-25,395
2017-01-25,412
2017-01-25,378
2017-01-26,390
2017-01-26,390
2017-01-26,392
2017-01-26,388
2017-01-27,398
2017-01-27,398
2017-01-27,404
2017-01-27,392
2017-01-28,404
2017-01-28,404
2017-01-28,412
2017-01-28,396
2017-01-29,400
2017-01-29,400
2017-01-29,398
2017-01-29,402
2017-01-30,400
2017-01-30,400
2017-01-30,390
2017-01-30,410
2017-01-31,398
2017-01-31,398
2017-01-31,394
2017-01-31,402
2017-02-01,408
2017-02-01,408
2017-02-01,402
2017-02-01,414
2017-02-02,416
2017-02-02,416
2017-02-02,412
2017-02-02,420
2017-02-03,428
2017-02-03,428
2017-02-03,420
2017-02-03,436
2017-02-04,430
2017-02-04,430
2017-02-04,428
2017-02-04,432
2017-02-05,434
2017-02-05,434
2017-02-05,430
2017-02-05,438
2017-02-06,444
2017-02-06,444
2017-02-06,442
2017-02-06,446
2017-02-07,454
2017-02-07,454
2017-02-07,450
2017-02-07,458
2017-02-08,469
2017-02-08,469
2017-02-08,472
2017-02-08,466
2017-02-09,480
2017-02-09,480
2017-02-09,478
2017-02-09,482
2017-02-10,482
2017-02-10,482
2017-02-10,486
2017-02-10,478
2017-02-11,471
2017-02-11,471
2017-02-11,462
2017-02-11,480
2017-02-12,471
2017-02-12,471
2017-02-12,456
2017-02-12,486
2017-02-13,460
2017-02-13,460
2017-02-13,442
2017-02-13,478
2017-02-14,448
2017-02-14,448
2017-02-14,438
2017-02-14,458
2017-02-15,449
2017-02-15,449
2017-02-15,442
2017-02-15,456
2017-02-16,455
2017-02-16,455
2017-02-16,448
2017-02-16,462
2017-02-17,458
2017-02-17,458
2017-02-17,456
2017-02-17,460
2017-02-18,450
2017-02-18,450
2017-02-18,444
2017-02-18,456
2017-02-19,454
2017-02-19,454
2017-02-19,448
2017-02-19,460
2017-02-20,464
2017-02-20,464
2017-02-20,456
2017-02-20,472
2017-02-21,462
2017-02-21,462
2017-02-21,464
2017-02-21,460
2017-02-22,478
2017-02-22,478
2017-02-22,476
2017-02-22,480
2017-02-23,481
2017-02-23,481
2017-02-23,486
2017-02-23,476
2017-02-24,469
2017-02-24,469
2017-02-24,480
2017-02-24,458
2017-02-25,474
2017-02-25,474
2017-02-25,488
2017-02-25,460
2017-02-26,472
2017-02-26,472
2017-02-26,478
2017-02-26,466
2017-02-27,481
2017-02-27,481
2017-02-27,484
2017-02-27,478
2017-02-28,481
2017-02-28,481
2017-02-28,474
2017-02-28,488
2017-03-01,486
2017-03-01,486
2017-03-01,484
2017-03-01,488
2017-03-02,496
2017-03-02,496
2017-03-02,490
2017-03-02,502
2017-03-03,498
2017-03-03,498
2017-03-03,484
2017-03-03,512
2017-03-04,505
2017-03-04,505
2017-03-04,502
2017-03-04,508
2017-03-05,509
2017-03-05,509
2017-03-05,500
2017-03-05,518
2017-03-06,513
2017-03-06,513
2017-03-06,504
2017-03-06,522
2017-03-07,515
2017-03-07,515
2017-03-07,510
2017-03-07,520
2017-03-08,514
2017-03-08,517
2017-03-08,518
2017-03-08,510
2017-03-09,503
2017-03-09,519
2017-03-09,508
2017-03-09,498
2017-03-10,523
2017-03-10,521
2017-03-10,526
2017-03-10,520
2017-03-11,523
2017-03-11,523
2017-03-11,530
2017-03-11,516
2017-03-12,516
2017-03-12,516
2017-03-12,522
2017-03-12,510
2017-03-13,507
2017-03-13,507
2017-03-13,502
2017-03-13,512
2017-03-14,510
2017-03-14,510
2017-03-14,506
2017-03-14,514
2017-03-15,515
2017-03-15,515
2017-03-15,510
2017-03-15,520
2017-03-16,519
2017-03-16,519
2017-03-16,514
2017-03-16,524
2017-03-17,524
2017-03-17,524
2017-03-17,522
2017-03-17,526
2017-03-18,524
2017-03-18,524
2017-03-18,518
2017-03-18,530
2017-03-19,523
2017-03-19,523
2017-03-19,514
2017-03-19,532
2017-03-20,525
2017-03-20,525
2017-03-20,520
2017-03-20,530
2017-03-21,530
2017-03-21,530
2017-03-21,526
2017-03-21,534
2017-03-22,527
2017-03-22,527
2017-03-22,522
2017-03-22,532
2017-03-23,521
2017-03-23,521
2017-03-23,526
2017-03-23,516
2017-03-24,521
2017-03-24,521
2017-03-24,530
2017-03-24,512
2017-03-25,529
2017-03-25,529
2017-03-25,540
2017-03-25,518
2017-03-26,532
2017-03-26,532
2017-03-26,548
2017-03-26,516
2017-03-27,531
2017-03-27,531
2017-03-27,540
2017-03-27,522
2017-03-28,540
2017-03-28,540
2017-03-28,548
2017-03-28,532
2017-03-29,537
2017-03-29,537
2017-03-29,532
2017-03-29,542
2017-03-30,543
2017-03-30,543
2017-03-30,540
2017-03-30,546
2017-03-31,545
2017-03-31,545
2017-03-31,542
2017-03-31,548
2017-04-01,548
2017-04-01,548
2017-04-01,544
2017-04-01,552
2017-04-02,579
2017-04-02,579
2017-04-02,602
2017-04-02,556
2017-04-03,560
2017-04-03,560
2017-04-03,558
2017-04-03,562
2017-04-04,562
2017-04-04,562
2017-04-04,560
2017-04-04,564
2017-04-05,558
2017-04-05,558
2017-04-05,556
2017-04-05,560
2017-04-06,555
2017-04-06,555
2017-04-06,554
2017-04-06,556
2017-04-07,562
2017-04-07,562
2017-04-07,566
2017-04-07,558
2017-04-08,552
2017-04-08,552
2017-04-08,560
2017-04-08,544
2017-04-09,553
2017-04-09,553
2017-04-09,544
2017-04-09,562
2017-04-10,549
2017-04-10,549
2017-04-10,550
2017-04-10,548
2017-04-11,548
2017-04-11,548
2017-04-11,544
2017-04-11,552
2017-04-12,550
2017-04-12,550
2017-04-12,544
2017-04-12,556
2017-04-13,551
2017-04-13,551
2017-04-13,548
2017-04-13,554
2017-04-14,556
2017-04-14,556
2017-04-14,550
2017-04-14,562
2017-04-15,558
2017-04-15,558
2017-04-15,552
2017-04-15,564
2017-04-16,560
2017-04-16,560
2017-04-16,562
2017-04-16,558
2017-04-17,558
2017-04-17,558
2017-04-17,554
2017-04-17,562
2017-04-18,555
2017-04-18,555
2017-04-18,550
2017-04-18,560
2017-04-19,557
2017-04-19,557
2017-04-19,552
2017-04-19,562
2017-04-20,557
2017-04-20,557
2017-04-20,560
2017-04-20,554
2017-04-21,554
2017-04-21,554
2017-04-21,558
2017-04-21,550
2017-04-22,559
2017-04-22,559
2017-04-22,562
2017-04-22,556
2017-04-23,558
2017-04-23,558
2017-04-23,564
2017-04-23,552
2017-04-24,557
2017-04-24,557
2017-04-24,566
2017-04-24,548
2017-04-25,558
2017-04-25,558
2017-04-25,564
2017-04-25,552
2017-04-26,558
2017-04-26,558
2017-04-26,568
2017-04-26,548
2017-04-27,559
2017-04-27,559
2017-04-27,566
2017-04-27,552
2017-04-28,556
2017-04-28,556
2017-04-28,562
2017-04-28,550
2017-04-29,569
2017-04-29,569
2017-04-29,564
2017-04-29,574
2017-04-30,573
2017-04-30,573
2017-04-30,568
2017-04-30,578
2017-05-01,581
2017-05-01,581
2017-05-01,578
2017-05-01,584
2017-05-02,578
2017-05-02,578
2017-05-02,576
2017-05-02,580
2017-05-03,575
2017-05-03,575
2017-05-03,572
2017-05-03,578
2017-05-04,577
2017-05-04,577
2017-05-04,580
2017-05-04,574
2017-05-05,574
2017-05-05,574
2017-05-05,576
2017-05-05,572
2017-05-06,566
2017-05-06,566
2017-05-06,570
2017-05-06,562
2017-05-07,567
2017-05-07,567
2017-05-07,574
2017-05-07,560
2017-05-08,568
2017-05-08,568
2017-05-08,572
2017-05-08,564
2017-05-09,562
2017-05-09,562
2017-05-09,564
2017-05-09,560
2017-05-10,560
2017-05-10,560
2017-05-10,568
2017-05-10,552
2017-05-11,559
2017-05-11,559
2017-05-11,554
2017-05-11,564
2017-05-12,560
2017-05-12,560
2017-05-12,558
2017-05-12,562
2017-05-13,555
2017-05-13,555
2017-05-13,552
2017-05-13,558
2017-05-14,554
2017-05-14,554
2017-05-14,548
2017-05-14,560
2017-05-15,552
2017-05-15,552
2017-05-15,546
2017-05-15,558
2017-05-16,556
2017-05-16,556
2017-05-16,550
2017-05-16,562
2017-05-17,552
2017-05-17,552
2017-05-17,548
2017-05-17,556
2017-05-18,555
2017-05-18,555
2017-05-18,552
2017-05-18,558
2017-05-19,554
2017-05-19,554
2017-05-19,548
2017-05-19,560
2017-05-20,556
2017-05-20,556
2017-05-20,550
2017-05-20,562
2017-05-21,555
2017-05-21,555
2017-05-21,552
2017-05-21,558
2017-05-22,550
2017-05-22,550
2017-05-22,556
2017-05-22,544
2017-05-23,557
2017-05-23,557
2017-05-23,562
2017-05-23,552
2017-05-24,550
2017-05-24,550
2017-05-24,558
2017-05-24,542
2017-05-25,546
2017-05-25,546
2017-05-25,554
2017-05-25,538
2017-05-26,547
2017-05-26,547
2017-05-26,544
2017-05-26,550
2017-05-27,542
2017-05-27,542
2017-05-27,536
2017-05-27,548
2017-05-28,540
2017-05-28,540
2017-05-28,532
2017-05-28,548
2017-05-29,544
2017-05-29,544
2017-05-29,536
2017-05-29,552
2017-05-30,547
2017-05-30,547
2017-05-30,540
2017-05-30,554
2017-05-31,549
2017-05-31,549
2017-05-31,542
2017-05-31,556
2017-06-01,549
2017-06-01,549
2017-06-01,542
2017-06-01,556
2017-06-02,548
2017-06-02,548
2017-06-02,544
2017-06-02,552
2017-06-03,545
2017-06-03,545
2017-06-03,540
2017-06-03,550
2017-06-04,543
2017-06-04,543
2017-06-04,546
2017-06-04,540
2017-06-05,543
2017-06-05,543
2017-06-05,548
2017-06-05,538
2017-06-06,533
2017-06-06,533
2017-06-06,544
2017-06-06,522
2017-06-07,523
2017-06-07,523
2017-06-07,528
2017-06-07,518
2017-06-08,527
2017-06-08,527
2017-06-08,522
2017-06-08,532
2017-06-09,515
2017-06-09,515
2017-06-09,518
2017-06-09,512
2017-06-10,511
2017-06-10,511
2017-06-10,508
2017-06-10,514
2017-06-11,511
2017-06-11,511
2017-06-11,506
2017-06-11,516
2017-06-12,507
2017-06-12,507
2017-06-12,502
2017-06-12,512
2017-06-13,512
2017-06-13,512
2017-06-13,508
2017-06-13,516
2017-06-14,518
2017-06-14,518
2017-06-14,514
2017-06-14,522
2017-06-15,516
2017-06-15,516
2017-06-15,512
2017-06-15,520
2017-06-16,516
2017-06-16,516
2017-06-16,510
2017-06-16,522
2017-06-17,520
2017-06-17,520
2017-06-17,512
2017-06-17,528
2017-06-18,520
2017-06-18,520
2017-06-18,516
2017-06-18,524
2017-06-19,522
2017-06-19,522
2017-06-19,518
2017-06-19,526
2017-06-20,524
2017-06-20,524
2017-06-20,520
2017-06-20,528
2017-06-21,527
2017-06-21,527
2017-06-21,532
2017-06-21,522
2017-06-22,516
2017-06-22,516
2017-06-22,536
2017-06-22,496
2017-06-23,512
2017-06-23,512
2017-06-23,496
2017-06-23,528
2017-06-24,465
2017-06-24,515
2017-06-24,428
2017-06-24,502
2017-06-25,504
2017-06-25,504
2017-06-25,500
2017-06-25,508
2017-06-26,505
2017-06-26,505
2017-06-26,498
2017-06-26,512
2017-06-27,505
2017-06-27,505
2017-06-27,502
2017-06-27,508
2017-06-28,513
2017-06-28,513
2017-06-28,508
2017-06-28,518
2017-06-29,510
2017-06-29,510
2017-06-29,508
2017-06-29,512
2017-06-30,512
2017-06-30,512
2017-06-30,506
2017-06-30,518
2017-07-01,514
2017-07-01,514
2017-07-01,508
2017-07-01,520
2017-07-02,506
2017-07-02,506
2017-07-02,502
2017-07-02,510
2017-07-03,512
2017-07-03,512
2017-07-03,510
2017-07-03,514
2017-07-04,514
2017-07-04,514
2017-07-04,512
2017-07-04,516
2017-07-05,511
2017-07-05,511
2017-07-05,518
2017-07-05,504
2017-07-06,498
2017-07-06,498
2017-07-06,508
2017-07-06,488
2017-07-07,491
2017-07-07,491
2017-07-07,502
2017-07-07,480
2017-07-08,487
2017-07-08,487
2017-07-08,500
2017-07-08,474
2017-07-09,477
2017-07-09,477
2017-07-09,480
2017-07-09,474
2017-07-10,474
2017-07-10,474
2017-07-10,476
2017-07-10,472
2017-07-11,474
2017-07-11,474
2017-07-11,470
2017-07-11,478
2017-07-12,476
2017-07-12,476
2017-07-12,472
2017-07-12,480
2017-07-13,485
2017-07-13,485
2017-07-13,476
2017-07-13,494
2017-07-14,483
2017-07-14,483
2017-07-14,478
2017-07-14,488
2017-07-15,479
2017-07-15,479
2017-07-15,476
2017-07-15,482
2017-07-16,489
2017-07-16,489
2017-07-16,480
2017-07-16,498
2017-07-17,491
2017-07-17,491
2017-07-17,480
2017-07-17,502
2017-07-18,500
2017-07-18,500
2017-07-18,492
2017-07-18,508
2017-07-19,498
2017-07-19,498
2017-07-19,490
2017-07-19,506
2017-07-20,500
2017-07-20,500
2017-07-20,504
2017-07-20,496
2017-07-21,495
2017-07-21,495
2017-07-21,508
2017-07-21,482
2017-07-22,491
2017-07-22,491
2017-07-22,510
2017-07-22,472
2017-07-23,486
2017-07-23,486
2017-07-23,504
2017-07-23,468
2017-07-24,478
2017-07-24,478
2017-07-24,482
2017-07-24,474
2017-07-25,476
2017-07-25,476
2017-07-25,470
2017-07-25,482
2017-07-26,477
2017-07-26,477
2017-07-26,474
2017-07-26,480
2017-07-27,480
2017-07-27,480
2017-07-27,478
2017-07-27,482
2017-07-28,476
2017-07-28,476
2017-07-28,468
2017-07-28,484
2017-07-29,480
2017-07-29,480
2017-07-29,472
2017-07-29,488
2017-07-30,476
2017-07-30,476
2017-07-30,470
2017-07-30,482
2017-07-31,475
2017-07-31,475
2017-07-31,464
2017-07-31,486
2017-08-01,471
2017-08-01,471
2017-08-01,462
2017-08-01,480
2017-08-02,472
2017-08-02,472
2017-08-02,466
2017-08-02,478
2017-08-03,466
2017-08-03,466
2017-08-03,460
2017-08-03,472
2017-08-04,470
2017-08-04,470
2017-08-04,464
2017-08-04,476
2017-08-05,464
2017-08-05,464
2017-08-05,458
2017-08-05,470
2017-08-06,469
2017-08-06,469
2017-08-06,462
2017-08-06,476
2017-08-07,468
2017-08-07,468
2017-08-07,464
2017-08-07,472
2017-08-08,472
2017-08-08,472
2017-08-08,468
2017-08-08,476
2017-08-09,468
2017-08-09,468
2017-08-09,462
2017-08-09,474
2017-08-10,463
2017-08-10,463
2017-08-10,458
2017-08-10,468
2017-08-11,460
2017-08-11,460
2017-08-11,466
2017-08-11,454
2017-08-12,465
2017-08-12,465
2017-08-12,472
2017-08-12,458
2017-08-13,461
2017-08-13,461
2017-08-13,468
2017-08-13,454
2017-08-14,455
2017-08-14,455
2017-08-14,462
2017-08-14,448
2017-08-15,461
2017-08-15,461
2017-08-15,470
2017-08-15,452
2017-08-16,466
2017-08-16,466
2017-08-16,460
2017-08-16,472
2017-08-17,463
2017-08-17,463
2017-08-17,456
2017-08-17,470
2017-08-18,469
2017-08-18,469
2017-08-18,462
2017-08-18,476
2017-08-19,457
2017-08-19,457
2017-08-19,466
2017-08-19,448
2017-08-20,451
2017-08-20,451
2017-08-20,470
2017-08-20,432
2017-08-21,448
2017-08-21,448
2017-08-21,468
2017-08-21,428
2017-08-22,439
2017-08-22,439
2017-08-22,456
2017-08-22,422
2017-08-23,413
2017-08-23,413
2017-08-23,418
2017-08-23,408
2017-08-24,406
2017-08-24,406
2017-08-24,402
2017-08-24,410
2017-08-25,412
2017-08-25,412
2017-08-25,410
2017-08-25,414
2017-08-26,400.5
2017-08-26,401
2017-08-26,395
2017-08-26,406
2017-08-27,396
2017-08-27,396
2017-08-27,392
2017-08-27,400
2017-08-28,396
2017-08-28,396
2017-08-28,390
2017-08-28,402
2017-08-29,404
2017-08-29,404
2017-08-29,400
2017-08-29,408
2017-08-30,404
2017-08-30,404
2017-08-30,406
2017-08-30,402
2017-08-31,400
2017-08-31,400
2017-08-31,394
2017-08-31,406
2017-09-01,401
2017-09-01,401
2017-09-01,398
2017-09-01,404
2017-09-02,400
2017-09-02,400
2017-09-02,406
2017-09-02,394
2017-09-03,395
2017-09-03,395
2017-09-03,412
2017-09-03,378
2017-09-04,379
2017-09-04,379
2017-09-04,402
2017-09-04,356
2017-09-05,382
2017-09-05,382
2017-09-05,396
2017-09-05,368
2017-09-06,375
2017-09-06,375
2017-09-06,392
2017-09-06,358
2017-09-07,375
2017-09-07,375
2017-09-07,388
2017-09-07,362
2017-09-08,373
2017-09-08,373
2017-09-08,386
2017-09-08,360
2017-09-09,373
2017-09-09,373
2017-09-09,384
2017-09-09,362
2017-09-10,374
2017-09-10,374
2017-09-10,380
2017-09-10,368
2017-09-11,362
2017-09-11,362
2017-09-11,354
2017-09-11,370
2017-09-12,360.5
2017-09-12,361
2017-09-12,352
2017-09-12,369
2017-09-13,370
2017-09-13,370
2017-09-13,368
2017-09-13,372
2017-09-14,411
2017-09-14,411
2017-09-14,354
2017-09-14,468
2017-09-15,368
2017-09-15,368
2017-09-15,358
2017-09-15,378
2017-09-16,377
2017-09-16,377
2017-09-16,372
2017-09-16,382
2017-09-17,352
2017-09-17,352
2017-09-17,382
2017-09-17,322
2017-09-18,356
2017-09-18,356
2017-09-18,398
2017-09-18,314
2017-09-19,351
2017-09-19,351
2017-09-19,384
2017-09-19,318
2017-09-20,386
2017-09-20,386
2017-09-20,380
2017-09-20,392
2017-09-21,323
2017-09-21,323
2017-09-21,318
2017-09-21,328
2017-09-22,307
2017-09-22,307
2017-09-22,308
2017-09-22,306
2017-09-23,293
2017-09-23,293
2017-09-23,288
2017-09-23,298
2017-09-24,290
2017-09-24,290
2017-09-24,284
2017-09-24,296
2017-09-25,290
2017-09-25,290
2017-09-25,286
2017-09-25,294
2017-09-26,287
2017-09-26,287
2017-09-26,282
2017-09-26,292
2017-09-27,290
2017-09-27,290
2017-09-27,284
2017-09-27,296
2017-09-28,291
2017-09-28,291
2017-09-28,282
2017-09-28,300
2017-09-29,297
2017-09-29,297
2017-09-29,286
2017-09-29,308
2017-09-30,302
2017-09-30,302
2017-09-30,292
2017-09-30,312
2017-10-01,297
2017-10-01,297
2017-10-01,306
2017-10-01,288
2017-10-02,304
2017-10-02,304
2017-10-02,312
2017-10-02,296
2017-10-03,293
2017-10-03,293
2017-10-03,308
2017-10-03,278
2017-10-04,288
2017-10-04,288
2017-10-04,318
2017-10-04,258
2017-10-05,286
2017-10-05,286
2017-10-05,326
2017-10-05,246
2017-10-06,283
2017-10-06,283
2017-10-06,318
2017-10-06,248
2017-10-07,272
2017-10-07,272
2017-10-07,290
2017-10-07,254
2017-10-08,266
2017-10-08,266
2017-10-08,260
2017-10-08,272
2017-10-09,267
2017-10-09,267
2017-10-09,256
2017-10-09,278
2017-10-10,265
2017-10-10,265
2017-10-10,262
2017-10-10,268
2017-10-11,268
2017-10-11,268
2017-10-11,258
2017-10-11,278
2017-10-12,274
2017-10-12,274
2017-10-12,256
2017-10-12,292
2017-10-13,288
2017-10-13,288
2017-10-13,274
2017-10-13,302
2017-10-14,314
2017-10-14,314
2017-10-14,292
2017-10-14,336
2017-10-15,325
2017-10-15,325
2017-10-15,318
2017-10-15,332
2017-10-16,321
2017-10-16,338
2017-10-16,338
2017-10-16,304
2017-10-17,352
2017-10-17,352
2017-10-17,340
2017-10-17,364
2017-10-18,343
2017-10-18,343
2017-10-18,332
2017-10-18,354
2017-10-19,339
2017-10-19,339
2017-10-19,330
2017-10-19,348
2017-10-20,285
2017-10-20,285
2017-10-20,318
2017-10-20,252
2017-10-21,258
2017-10-21,258
2017-10-21,274
2017-10-21,242
2017-10-22,259
2017-10-22,259
2017-10-22,254
2017-10-22,264
2017-10-23,255
2017-10-23,255
2017-10-23,248
2017-10-23,262
2017-10-24,259
2017-10-24,259
2017-10-24,250
2017-10-24,268
2017-10-25,252
2017-10-25,252
2017-10-25,248
2017-10-25,256
2017-10-26,252
2017-10-26,252
2017-10-26,236
2017-10-26,268
2017-10-27,253
2017-10-27,253
2017-10-27,244
2017-10-27,262
2017-10-28,259
2017-10-28,259
2017-10-28,252
2017-10-28,266
2017-10-29,270
2017-10-29,270
2017-10-29,258
2017-10-29,282
2017-10-30,290
2017-10-30,290
2017-10-30,288
2017-10-30,292
2017-10-31,300
2017-10-31,300
2017-10-31,304
2017-10-31,296
2017-11-01,294
2017-11-01,294
2017-11-01,312
2017-11-01,276
2017-11-02,275
2017-11-02,275
2017-11-02,268
2017-11-02,282
2017-11-03,255
2017-11-03,255
2017-11-03,272
2017-11-03,238
2017-11-04,285
2017-11-04,285
2017-11-04,328
2017-11-04,242
2017-11-05,278
2017-11-05,278
2017-11-05,304
2017-11-05,252
2017-11-06,265
2017-11-06,265
2017-11-06,268
2017-11-06,262
2017-11-07,260
2017-11-07,260
2017-11-07,254
2017-11-07,266
2017-11-08,265
2017-11-08,265
2017-11-08,258
2017-11-08,272
2017-11-09,273
2017-11-09,273
2017-11-09,262
2017-11-09,284
2017-11-10,280
2017-11-10,280
2017-11-10,268
2017-11-10,292
2017-11-11,286
2017-11-11,286
2017-11-11,284
2017-11-11,288
2017-11-12,306
2017-11-12,306
2017-11-12,290
2017-11-12,322
2017-11-13,317
2017-11-13,317
2017-11-13,314
2017-11-13,320
2017-11-14,324
2017-11-14,324
2017-11-14,336
2017-11-14,312
2017-11-15,296
2017-11-15,296
2017-11-15,314
2017-11-15,278
2017-11-16,273
2017-11-16,273
2017-11-16,282
2017-11-16,264
2017-11-17,255
2017-11-17,255
2017-11-17,252
2017-11-17,258
2017-11-18,277
2017-11-18,277
2017-11-18,298
2017-11-18,256
2017-11-19,271
2017-11-19,271
2017-11-19,284
2017-11-19,258
2017-11-20,264
2017-11-20,264
2017-11-20,268
2017-11-20,260
2017-11-21,261
2017-11-21,261
2017-11-21,256
2017-11-21,266
2017-11-22,260
2017-11-22,260
2017-11-22,252
2017-11-22,268
2017-11-23,267
2017-11-23,267
2017-11-23,258
2017-11-23,276
2017-11-24,271
2017-11-24,271
2017-11-24,262
2017-11-24,280
2017-11-25,277
2017-11-25,277
2017-11-25,272
2017-11-25,282
2017-11-26,273
2017-11-26,273
2017-11-26,268
2017-11-26,278
2017-11-27,288
2017-11-27,288
2017-11-27,270
2017-11-27,306
2017-11-28,313
2017-11-28,313
2017-11-28,298
2017-11-28,328
2017-11-29,323
2017-11-29,323
2017-11-29,312
2017-11-29,334
2017-11-30,341
2017-11-30,341
2017-11-30,324
2017-11-30,358
2017-12-01,370
2017-12-01,370
2017-12-01,364
2017-12-01,376
2017-12-02,369
2017-12-02,369
2017-12-02,372
2017-12-02,366
2017-12-03,364
2017-12-03,364
2017-12-03,360
2017-12-03,368
2017-12-04,318
2017-12-04,342
2017-12-04,348
2017-12-04,288
2017-12-05,325
2017-12-05,321
2017-12-05,352
2017-12-05,298
2017-12-06,299
2017-12-06,299
2017-12-06,292
2017-12-06,306
2017-12-07,299
2017-12-07,299
2017-12-07,288
2017-12-07,310
2017-12-08,306
2017-12-08,306
2017-12-08,294
2017-12-08,318
2017-12-09,308
2017-12-09,308
2017-12-09,290
2017-12-09,326
2017-12-10,321
2017-12-10,321
2017-12-10,308
2017-12-10,334
2017-12-11,331
2017-12-11,331
2017-12-11,318
2017-12-11,344
2017-12-12,346
2017-12-12,346
2017-12-12,336
2017-12-12,356
2017-12-13,354
2017-12-13,354
2017-12-13,358
2017-12-13,350
2017-12-14,369
2017-12-14,369
2017-12-14,370
2017-12-14,368
2017-12-15,380
2017-12-15,380
2017-12-15,372
2017-12-15,388
2017-12-16,323
2017-12-16,323
2017-12-16,268
2017-12-16,378
2017-12-17,348
2017-12-17,348
2017-12-17,314
2017-12-17,382
2017-12-18,344
2017-12-18,344
2017-12-18,310
2017-12-18,378
2017-12-19,293
2017-12-19,293
2017-12-19,292
2017-12-19,294
2017-12-20,289
2017-12-20,289
2017-12-20,290
2017-12-20,288
2017-12-21,298
2017-12-21,298
2017-12-21,304
2017-12-21,292
2017-12-22,293
2017-12-22,293
2017-12-22,288
2017-12-22,298
2017-12-23,302
2017-12-23,302
2017-12-23,292
2017-12-23,312
2017-12-24,304
2017-12-24,304
2017-12-24,298
2017-12-24,310
2017-12-25,313
2017-12-25,313
2017-12-25,310
2017-12-25,316
2017-12-26,316
2017-12-26,316
2017-12-26,304
2017-12-26,328
2017-12-27,324
2017-12-27,324
2017-12-27,312
2017-12-27,336
2017-12-28,347
2017-12-28,347
2017-12-28,336
2017-12-28,358
2017-12-29,348
2017-12-29,348
2017-12-29,352
2017-12-29,344
2017-12-30,360
2017-12-30,360
2017-12-30,378
2017-12-30,342
2017-12-31,364
2017-12-31,364
2017-12-31,392
2017-12-31,336
2018-01-01,351
2018-01-01,351
2018-01-01,392
2018-01-01,310
2018-01-02,362
2018-01-02,362
2018-01-02,396
2018-01-02,328
2018-01-03,355
2018-01-03,355
2018-01-03,378
2018-01-03,332
2018-01-04,326
2018-01-04,326
2018-01-04,322
2018-01-04,330
2018-01-05,337
2018-01-05,337
2018-01-05,328
2018-01-05,346
2018-01-06,351
2018-01-06,351
2018-01-06,340
2018-01-06,362
2018-01-07,358
2018-01-07,358
2018-01-07,348
2018-01-07,368
2018-01-08,368
2018-01-08,368
2018-01-08,352
2018-01-08,384
2018-01-09,374
2018-01-09,374
2018-01-09,360
2018-01-09,388
2018-01-10,380
2018-01-10,380
2018-01-10,368
2018-01-10,392
2018-01-11,371
2018-01-11,371
2018-01-11,364
2018-01-11,378
2018-01-12,387
2018-01-12,387
2018-01-12,382
2018-01-12,392
2018-01-13,393
2018-01-13,393
2018-01-13,384
2018-01-13,402
2018-01-14,358
2018-01-14,358
2018-01-14,388
2018-01-14,328
2018-01-15,355
2018-01-15,355
2018-01-15,378
2018-01-15,332
2018-01-16,354
2018-01-16,354
2018-01-16,364
2018-01-16,344
2018-01-17,347
2018-01-17,347
2018-01-17,356
2018-01-17,338
2018-01-18,348
2018-01-18,348
2018-01-18,344
2018-01-18,352
2018-01-19,349
2018-01-19,349
2018-01-19,342
2018-01-19,356
2018-01-20,353
2018-01-20,353
2018-01-20,354
2018-01-20,352
2018-01-21,357
2018-01-21,357
2018-01-21,350
2018-01-21,364
2018-01-22,368
2018-01-22,368
2018-01-22,364
2018-01-22,372
2018-01-23,375
2018-01-23,375
2018-01-23,366
2018-01-23,384
2018-01-24,383
2018-01-24,383
2018-01-24,372
2018-01-24,394
2018-01-25,394
2018-01-25,394
2018-01-25,378
2018-01-25,410
2018-01-26,399
2018-01-26,399
2018-01-26,392
2018-01-26,406
2018-01-27,411
2018-01-27,411
2018-01-27,400
2018-01-27,422
2018-01-28,431
2018-01-28,431
2018-01-28,426
2018-01-28,436
2018-01-29,409
2018-01-29,409
2018-01-29,440
2018-01-29,378
2018-01-30,412
2018-01-30,412
2018-01-30,442
2018-01-30,382
2018-01-31,411
2018-01-31,411
2018-01-31,436
2018-01-31,386
2018-02-01,392
2018-02-01,392
2018-02-01,398
2018-02-01,386
2018-02-02,392
2018-02-02,392
2018-02-02,382
2018-02-02,402
2018-02-03,399
2018-02-03,399
2018-02-03,386
2018-02-03,412
2018-02-04,411
2018-02-04,411
2018-02-04,400
2018-02-04,422
2018-02-05,420
2018-02-05,420
2018-02-05,414
2018-02-05,426
2018-02-06,422
2018-02-06,422
2018-02-06,412
2018-02-06,432
2018-02-07,430
2018-02-07,430
2018-02-07,422
2018-02-07,438
2018-02-08,422
2018-02-08,422
2018-02-08,412
2018-02-08,432
2018-02-09,427
2018-02-09,427
2018-02-09,416
2018-02-09,438
2018-02-10,433
2018-02-10,433
2018-02-10,424
2018-02-10,442
2018-02-11,419
2018-02-11,419
2018-02-11,428
2018-02-11,410
2018-02-12,418
2018-02-12,418
2018-02-12,442
2018-02-12,394
2018-02-13,415
2018-02-13,415
2018-02-13,438
2018-02-13,392
2018-02-14,423
2018-02-14,423
2018-02-14,448
2018-02-14,398
2018-02-15,411
2018-02-15,411
2018-02-15,432
2018-02-15,390
2018-02-16,414
2018-02-16,414
2018-02-16,418
2018-02-16,410
2018-02-17,429
2018-02-17,429
2018-02-17,422
2018-02-17,436
2018-02-18,434
2018-02-18,434
2018-02-18,426
2018-02-18,442
2018-02-19,435
2018-02-19,435
2018-02-19,430
2018-02-19,440
2018-02-20,440
2018-02-20,440
2018-02-20,460
2018-02-20,420
2018-02-21,437
2018-02-21,437
2018-02-21,438
2018-02-21,436
2018-02-22,455
2018-02-22,455
2018-02-22,458
2018-02-22,452
2018-02-23,467
2018-02-23,467
2018-02-23,468
2018-02-23,466
2018-02-24,468
2018-02-24,468
2018-02-24,472
2018-02-24,464
2018-02-25,469
2018-02-25,469
2018-02-25,470
2018-02-25,468
2018-02-26,466
2018-02-26,466
2018-02-26,476
2018-02-26,456
2018-02-27,475
2018-02-27,475
2018-02-27,488
2018-02-27,462
2018-02-28,466
2018-02-28,466
2018-02-28,490
2018-02-28,442
2018-03-01,467
2018-03-01,467
2018-03-01,492
2018-03-01,442
2018-03-02,463
2018-03-02,463
2018-03-02,474
2018-03-02,452
2018-03-03,462
2018-03-03,462
2018-03-03,466
2018-03-03,458
2018-03-04,468
2018-03-04,468
2018-03-04,460
2018-03-04,476
2018-03-05,476
2018-03-05,476
2018-03-05,470
2018-03-05,482
2018-03-06,486
2018-03-06,486
2018-03-06,480
2018-03-06,492
2018-03-07,485
2018-03-07,485
2018-03-07,478
2018-03-07,492
2018-03-08,488
2018-03-08,488
2018-03-08,486
2018-03-08,490
2018-03-09,481
2018-03-09,481
2018-03-09,476
2018-03-09,486
2018-03-10,483
2018-03-10,483
2018-03-10,484
2018-03-10,482
2018-03-11,487
2018-03-11,487
2018-03-11,488
2018-03-11,486
2018-03-12,483
2018-03-12,483
2018-03-12,486
2018-03-12,480
2018-03-13,484
2018-03-13,484
2018-03-13,492
2018-03-13,476
2018-03-14,483
2018-03-14,483
2018-03-14,498
2018-03-14,468
2018-03-15,486
2018-03-15,486
2018-03-15,502
2018-03-15,470
2018-03-16,478
2018-03-16,478
2018-03-16,492
2018-03-16,464
2018-03-17,471
2018-03-17,471
2018-03-17,474
2018-03-17,468
2018-03-18,472
2018-03-18,472
2018-03-18,468
2018-03-18,476
2018-03-19,475
2018-03-19,475
2018-03-19,470
2018-03-19,480
2018-03-20,468
2018-03-20,468
2018-03-20,466
2018-03-20,470
2018-03-21,480
2018-03-21,480
2018-03-21,472
2018-03-21,488
2018-03-22,489
2018-03-22,489
2018-03-22,482
2018-03-22,496
2018-03-23,488
2018-03-23,488
2018-03-23,484
2018-03-23,492
2018-03-24,488
2018-03-24,488
2018-03-24,480
2018-03-24,496
2018-03-25,488
2018-03-25,488
2018-03-25,482
2018-03-25,494
2018-03-26,486
2018-03-26,486
2018-03-26,480
2018-03-26,492
2018-03-27,488
2018-03-27,488
2018-03-27,486
2018-03-27,490
2018-03-28,490
2018-03-28,490
2018-03-28,504
2018-03-28,476
2018-03-29,492
2018-03-29,492
2018-03-29,510
2018-03-29,474
2018-03-30,487
2018-03-30,487
2018-03-30,506
2018-03-30,468
2018-03-31,487
2018-03-31,487
2018-03-31,498
2018-03-31,476
2018-04-01,484
2018-04-01,484
2018-04-01,478
2018-04-01,490
2018-04-02,484
2018-04-02,484
2018-04-02,474
2018-04-02,494
2018-04-03,486
2018-04-03,486
2018-04-03,476
2018-04-03,496
2018-04-04,484
2018-04-04,484
2018-04-04,474
2018-04-04,494
2018-04-05,523
2018-04-05,523
2018-04-05,482
2018-04-05,564
2018-04-06,499
2018-04-06,499
2018-04-06,496
2018-04-06,502
2018-04-07,493
2018-04-07,493
2018-04-07,488
2018-04-07,498
2018-04-08,493
2018-04-08,493
2018-04-08,490
2018-04-08,496
2018-04-09,492
2018-04-09,492
2018-04-09,486
2018-04-09,498
2018-04-10,494
2018-04-10,494
2018-04-10,482
2018-04-10,506
2018-04-11,500
2018-04-11,500
2018-04-11,498
2018-04-11,502
2018-04-12,504
2018-04-12,504
2018-04-12,512
2018-04-12,496
2018-04-13,501
2018-04-13,501
2018-04-13,516
2018-04-13,486
2018-04-14,499
2018-04-14,499
2018-04-14,514
2018-04-14,484
2018-04-15,504
2018-04-15,504
2018-04-15,518
2018-04-15,490
2018-04-16,501
2018-04-16,501
2018-04-16,506
2018-04-16,496
2018-04-17,501
2018-04-17,501
2018-04-17,504
2018-04-17,498
2018-04-18,506
2018-04-18,506
2018-04-18,510
2018-04-18,502
2018-04-19,510
2018-04-19,510
2018-04-19,516
2018-04-19,504
2018-04-20,510
2018-04-20,510
2018-04-20,508
2018-04-20,512
2018-04-21,518
2018-04-21,518
2018-04-21,510
2018-04-21,526
2018-04-22,525
2018-04-22,525
2018-04-22,516
2018-04-22,534
2018-04-23,531
2018-04-23,531
2018-04-23,526
2018-04-23,536
2018-04-24,535
2018-04-24,535
2018-04-24,532
2018-04-24,538
2018-04-25,535
2018-04-25,535
2018-04-25,534
2018-04-25,536
2018-04-26,530
2018-04-26,530
2018-04-26,536
2018-04-26,524
2018-04-27,526
2018-04-27,526
2018-04-27,540
2018-04-27,512
2018-04-28,522
2018-04-28,522
2018-04-28,538
2018-04-28,506
2018-04-29,522
2018-04-29,522
2018-04-29,534
2018-04-29,510
2018-04-30,524
2018-04-30,524
2018-04-30,536
2018-04-30,512
2018-05-01,524
2018-05-01,524
2018-05-01,532
2018-05-01,516
2018-05-02,528
2018-05-02,528
2018-05-02,528
2018-05-02,528
2018-05-03,520
2018-05-03,520
2018-05-03,516
2018-05-03,524
2018-05-04,523
2018-05-04,523
2018-05-04,520
2018-05-04,526
2018-05-05,523
2018-05-05,523
2018-05-05,518
2018-05-05,528
2018-05-06,520
2018-05-06,520
2018-05-06,516
2018-05-06,524
2018-05-07,519
2018-05-07,519
2018-05-07,512
2018-05-07,526
2018-05-08,526
2018-05-08,526
2018-05-08,524
2018-05-08,528
2018-05-09,525
2018-05-09,525
2018-05-09,526
2018-05-09,524
2018-05-10,521
2018-05-10,521
2018-05-10,520
2018-05-10,522
2018-05-11,521
2018-05-11,521
2018-05-11,516
2018-05-11,526
2018-05-12,511
2018-05-12,511
2018-05-12,520
2018-05-12,502
2018-05-13,516
2018-05-13,516
2018-05-13,532
2018-05-13,500
2018-05-14,517
2018-05-14,517
2018-05-14,528
2018-05-14,506
2018-05-15,519
2018-05-15,519
2018-05-15,524
2018-05-15,514
2018-05-16,520
2018-05-16,520
2018-05-16,516
2018-05-16,524
2018-05-17,523
2018-05-17,523
2018-05-17,518
2018-05-17,528
2018-05-18,525
2018-05-18,525
2018-05-18,516
2018-05-18,534
2018-05-19,529
2018-05-19,529
2018-05-19,520
2018-05-19,538
2018-05-20,526
2018-05-20,526
2018-05-20,522
2018-05-20,530
2018-05-21,526
2018-05-21,526
2018-05-21,518
2018-05-21,534
2018-05-22,534
2018-05-22,534
2018-05-22,524
2018-05-22,544
2018-05-23,541
2018-05-23,541
2018-05-23,534
2018-05-23,548
2018-05-24,547
2018-05-24,547
2018-05-24,544
2018-05-24,550
2018-05-25,540
2018-05-25,540
2018-05-25,542
2018-05-25,538
2018-05-26,530
2018-05-26,530
2018-05-26,538
2018-05-26,522
2018-05-27,523
2018-05-27,523
2018-05-27,534
2018-05-27,512
2018-05-28,522
2018-05-28,522
2018-05-28,528
2018-05-28,516
2018-05-29,511
2018-05-29,511
2018-05-29,512
2018-05-29,510
2018-05-30,511
2018-05-30,511
2018-05-30,508
2018-05-30,514
2018-05-31,513
2018-05-31,513
2018-05-31,516
2018-05-31,510
2018-06-01,512
2018-06-01,512
2018-06-01,506
2018-06-01,518
2018-06-02,517
2018-06-02,517
2018-06-02,508
2018-06-02,526
2018-06-03,517
2018-06-03,517
2018-06-03,510
2018-06-03,524
2018-06-04,518
2018-06-04,518
2018-06-04,514
2018-06-04,522
2018-06-05,521
2018-06-05,521
2018-06-05,518
2018-06-05,524
2018-06-06,517
2018-06-06,516
2018-06-06,512
2018-06-06,520
2018-06-07,516
2018-06-07,520
2018-06-07,514
2018-06-07,526
2018-06-08,514
2018-06-08,525
2018-06-08,518
2018-06-08,532
2018-06-09,514
2018-06-09,527
2018-06-09,524
2018-06-09,530
2018-06-10,513
2018-06-10,525
2018-06-10,528
2018-06-10,522
2018-06-11,514
2018-06-11,522
2018-06-11,530
2018-06-11,514
2018-06-12,518
2018-06-12,520
2018-06-12,532
2018-06-12,508
2018-06-13,520
2018-06-13,504
2018-06-13,510
2018-06-13,498
2018-06-14,522
2018-06-14,509
2018-06-14,506
2018-06-14,512
2018-06-15,524
2018-06-15,500
2018-06-15,492
2018-06-15,508
2018-06-16,527
2018-06-16,506
2018-06-16,494
2018-06-16,518
2018-06-17,528
2018-06-17,518
2018-06-17,512
2018-06-17,524
2018-06-18,527
2018-06-18,521
2018-06-18,514
2018-06-18,528
2018-06-19,526
2018-06-19,484
2018-06-19,532
2018-06-19,436
2018-06-20,522
2018-06-20,529
2018-06-20,524
2018-06-20,534
2018-06-21,519
2018-06-21,528.5
2018-06-21,526
2018-06-21,531
2018-06-22,516
2018-06-22,529.5
2018-06-22,521
2018-06-22,538
2018-06-23,513
2018-06-23,532
2018-06-23,528
2018-06-23,536
2018-06-24,512
2018-06-24,527
2018-06-24,530
2018-06-24,524
2018-06-25,511
2018-06-25,527
2018-06-25,526
2018-06-25,528
2018-06-26,509
2018-06-26,500
2018-06-26,508
2018-06-26,492
2018-06-27,507
2018-06-27,495
2018-06-27,492
2018-06-27,498
2018-06-28,507
2018-06-28,492
2018-06-28,488
2018-06-28,496
2018-06-29,507
2018-06-29,489
2018-06-29,486
2018-06-29,492
2018-06-30,507
2018-06-30,489
2018-06-30,482
2018-06-30,496
2018-07-01,493
2018-07-01,505
2018-07-01,488
2018-07-01,498
2018-07-02,492
2018-07-02,501
2018-07-02,484
2018-07-02,500
2018-07-03,492
2018-07-03,499
2018-07-03,486
2018-07-03,498
2018-07-04,496.5
2018-07-04,497
2018-07-04,484
2018-07-04,509
2018-07-05,495
2018-07-05,491
2018-07-05,488
2018-07-05,502
2018-07-06,495
2018-07-06,490
2018-07-06,484
2018-07-06,506
2018-07-07,498
2018-07-07,489
2018-07-07,486
2018-07-07,510
2018-07-08,502
2018-07-08,488
2018-07-08,492
2018-07-08,512
2018-07-09,504
2018-07-09,486
2018-07-09,498
2018-07-09,510
2018-07-10,503
2018-07-10,490
2018-07-10,500
2018-07-10,506
2018-07-11,496
2018-07-11,493
2018-07-11,510
2018-07-11,482
2018-07-12,501
2018-07-12,499
2018-07-12,514
2018-07-12,488
2018-07-13,499
2018-07-13,499
2018-07-13,512
2018-07-13,486
2018-07-14,501
2018-07-14,501
2018-07-14,510
2018-07-14,492
2018-07-15,501
2018-07-15,501
2018-07-15,512
2018-07-15,490
2018-07-16,504
2018-07-16,504
2018-07-16,498
2018-07-16,510
2018-07-17,507
2018-07-17,507
2018-07-17,500
2018-07-17,514
2018-07-18,505
2018-07-18,505
2018-07-18,494
2018-07-18,516
2018-07-19,508
2018-07-19,508
2018-07-19,498
2018-07-19,518
2018-07-20,507
2018-07-20,507
2018-07-20,502
2018-07-20,512
2018-07-21,509
2018-07-21,509
2018-07-21,504
2018-07-21,514
2018-07-22,505
2018-07-22,505
2018-07-22,498
2018-07-22,512
2018-07-23,499
2018-07-23,499
2018-07-23,490
2018-07-23,508
2018-07-24,498
2018-07-24,498
2018-07-24,486
2018-07-24,510
2018-07-25,490
2018-07-25,490
2018-07-25,502
2018-07-25,478
2018-07-26,479
2018-07-26,479
2018-07-26,484
2018-07-26,474
2018-07-27,482
2018-07-27,482
2018-07-27,488
2018-07-27,476
2018-07-28,475
2018-07-28,475
2018-07-28,476
2018-07-28,474
2018-07-29,473
2018-07-29,473
2018-07-29,470
2018-07-29,476
2018-07-30,473
2018-07-30,473
2018-07-30,468
2018-07-30,478
2018-07-31,478
2018-07-31,478
2018-07-31,470
2018-07-31,486
2018-08-01,478
2018-08-01,478
2018-08-01,472
2018-08-01,484
2018-08-02,480
2018-08-02,480
2018-08-02,474
2018-08-02,486
2018-08-03,476
2018-08-03,476
2018-08-03,470
2018-08-03,482
2018-08-04,481
2018-08-04,481
2018-08-04,474
2018-08-04,488
2018-08-05,482
2018-08-05,482
2018-08-05,478
2018-08-05,486
2018-08-06,483
2018-08-06,483
2018-08-06,472
2018-08-06,494
2018-08-07,490
2018-08-07,490
2018-08-07,484
2018-08-07,496
2018-08-08,490
2018-08-08,490
2018-08-08,482
2018-08-08,498
2018-08-09,492
2018-08-09,492
2018-08-09,500
2018-08-09,484
2018-08-10,485
2018-08-10,485
2018-08-10,494
2018-08-10,476
2018-08-11,476
2018-08-11,476
2018-08-11,486
2018-08-11,466
2018-08-12,471
2018-08-12,471
2018-08-12,482
2018-08-12,460
2018-08-13,470
2018-08-13,470
2018-08-13,478
2018-08-13,462
2018-08-14,469
2018-08-14,469
2018-08-14,464
2018-08-14,474
2018-08-15,466
2018-08-15,466
2018-08-15,460
2018-08-15,472
2018-08-16,469
2018-08-16,469
2018-08-16,462
2018-08-16,476
2018-08-17,466
2018-08-17,466
2018-08-17,460
2018-08-17,472
2018-08-18,469
2018-08-18,469
2018-08-18,462
2018-08-18,476
2018-08-19,469
2018-08-19,469
2018-08-19,460
2018-08-19,478
2018-08-20,465
2018-08-20,465
2018-08-20,458
2018-08-20,472
2018-08-21,468
2018-08-21,468
2018-08-21,460
2018-08-21,476
2018-08-22,451
2018-08-22,451
2018-08-22,456
2018-08-22,446
2018-08-23,449
2018-08-23,449
2018-08-23,452
2018-08-23,446
2018-08-24,435
2018-08-24,435
2018-08-24,442
2018-08-24,428
2018-08-25,427
2018-08-25,427
2018-08-25,436
2018-08-25,418
2018-08-26,428
2018-08-26,428
2018-08-26,436
2018-08-26,420
2018-08-27,415
2018-08-27,415
2018-08-27,416
2018-08-27,414
2018-08-28,419
2018-08-28,419
2018-08-28,410
2018-08-28,428
2018-08-29,417
2018-08-29,417
2018-08-29,412
2018-08-29,422
2018-08-30,414
2018-08-30,414
2018-08-30,410
2018-08-30,418
2018-08-31,421
2018-08-31,421
2018-08-31,416
2018-08-31,426
2018-09-01,427
2018-09-01,427
2018-09-01,420
2018-09-01,434
2018-09-02,427
2018-09-02,427
2018-09-02,422
2018-09-02,432
2018-09-03,430
2018-09-03,430
2018-09-03,424
2018-09-03,436
2018-09-04,430
2018-09-04,430
2018-09-04,422
2018-09-04,438
2018-09-05,432
2018-09-05,432
2018-09-05,420
2018-09-05,444
2018-09-06,447
2018-09-06,447
2018-09-06,438
2018-09-06,456
2018-09-07,430
2018-09-07,430
2018-09-07,442
2018-09-07,418
2018-09-08,374
2018-09-08,428
2018-09-08,436
2018-09-08,312
2018-09-09,316
2018-09-09,432
2018-09-09,310
2018-09-09,322
2018-09-10,408
2018-09-10,434
2018-09-10,400
2018-09-10,416
2018-09-11,408
2018-09-11,435
2018-09-11,404
2018-09-11,412
2018-09-12,407
2018-09-12,436
2018-09-12,400
2018-09-12,414
2018-09-13,417
2018-09-13,435
2018-09-13,410
2018-09-13,424
2018-09-14,414
2018-09-14,428
2018-09-14,408
2018-09-14,420
2018-09-15,411
2018-09-15,418
2018-09-15,404
2018-09-15,418
2018-09-16,416
2018-09-16,409
2018-09-16,406
2018-09-16,426
2018-09-17,411
2018-09-17,397
2018-09-17,400
2018-09-17,422
2018-09-18,402
2018-09-18,385
2018-09-18,396
2018-09-18,408
2018-09-19,397
2018-09-19,379
2018-09-19,392
2018-09-19,402
2018-09-20,393
2018-09-20,377
2018-09-20,388
2018-09-20,398
2018-09-21,389
2018-09-21,378
2018-09-21,400
2018-09-21,378
2018-09-22,378
2018-09-22,378
2018-09-22,392
2018-09-22,364
2018-09-23,372
2018-09-23,377
2018-09-23,386
2018-09-23,358
2018-09-24,356
2018-09-24,378
2018-09-24,360
2018-09-24,352
2018-09-25,358
2018-09-25,379
2018-09-25,362
2018-09-25,354
2018-09-26,361
2018-09-26,380
2018-09-26,356
2018-09-26,366
2018-09-27,358
2018-09-27,380
2018-09-27,352
2018-09-27,364
2018-09-28,363
2018-09-28,378
2018-09-28,354
2018-09-28,372
2018-09-29,369
2018-09-29,373
2018-09-29,362
2018-09-29,376
2018-09-30,366
2018-09-30,362
2018-09-30,360
2018-09-30,372
2018-10-01,366
2018-10-01,351
2018-10-01,360
2018-10-01,372
2018-10-02,366
2018-10-02,345
2018-10-02,362
2018-10-02,370
2018-10-03,346
2018-10-03,338
2018-10-03,360
2018-10-03,332
2018-10-04,341
2018-10-04,332
2018-10-04,358
2018-10-04,324
2018-10-05,366
2018-10-05,329
2018-10-05,372
2018-10-05,360
2018-10-06,376
2018-10-06,328
2018-10-06,386
2018-10-06,366
2018-10-07,361
2018-10-07,330
2018-10-07,384
2018-10-07,338
2018-10-08,346
2018-10-08,331
2018-10-08,366
2018-10-08,326
2018-10-09,334
2018-10-09,334
2018-10-09,346
2018-10-09,322
2018-10-10,322
2018-10-10,332
2018-10-10,318
2018-10-10,326
2018-10-11,322
2018-10-11,330
2018-10-11,316
2018-10-11,328
2018-10-12,322
2018-10-12,322
2018-10-12,318
2018-10-12,326
2018-10-13,317
2018-10-13,309
2018-10-13,310
2018-10-13,324
2018-10-14,313
2018-10-14,299
2018-10-14,300
2018-10-14,326
2018-10-15,311
2018-10-15,293
2018-10-15,302
2018-10-15,320
2018-10-16,307
2018-10-16,291
2018-10-16,298
2018-10-16,316
2018-10-17,303
2018-10-17,283
2018-10-17,292
2018-10-17,314
2018-10-18,301
2018-10-18,280
2018-10-18,290
2018-10-18,312
2018-10-19,308
2018-10-19,279
2018-10-19,298
2018-10-19,318
2018-10-20,303
2018-10-20,277
2018-10-20,292
2018-10-20,314
2018-10-21,298
2018-10-21,276
2018-10-21,290
2018-10-21,306
2018-10-22,278
2018-10-22,277
2018-10-22,294
2018-10-22,262
2018-10-23,283
2018-10-23,283
2018-10-23,298
2018-10-23,268
2018-10-24,279
2018-10-24,284
2018-10-24,288
2018-10-24,270
2018-10-25,268
2018-10-25,288
2018-10-25,272
2018-10-25,264
2018-10-26,260
2018-10-26,288
2018-10-26,258
2018-10-26,262
2018-10-27,257
2018-10-27,286
2018-10-27,246
2018-10-27,268
2018-10-28,261
2018-10-28,280
2018-10-28,250
2018-10-28,272
2018-10-29,258
2018-10-29,276
2018-10-29,248
2018-10-29,268
2018-10-30,262
2018-10-30,272
2018-10-30,254
2018-10-30,270
2018-10-31,265
2018-10-31,279
2018-10-31,252
2018-10-31,278
2018-11-01,283
2018-11-01,284
2018-11-01,268
2018-11-01,298
2018-11-02,302
2018-11-02,280
2018-11-02,276
2018-11-02,328
2018-11-03,305
2018-11-03,283
2018-11-03,294
2018-11-03,316
2018-11-04,321
2018-11-04,288
2018-11-04,334
2018-11-04,308
2018-11-05,347
2018-11-05,290
2018-11-05,340
2018-11-05,354
2018-11-06,349
2018-11-06,295
2018-11-06,342
2018-11-06,356
2018-11-07,301
2018-11-07,301
2018-11-07,344
2018-11-07,258
2018-11-08,297
2018-11-08,304
2018-11-08,340
2018-11-08,254
2018-11-09,253
2018-11-09,302
2018-11-09,244
2018-11-09,262
2018-11-10,250
2018-11-10,298
2018-11-10,242
2018-11-10,258
2018-11-11,242
2018-11-11,287
2018-11-11,236
2018-11-11,248
2018-11-12,242
2018-11-12,282
2018-11-12,232
2018-11-12,252
2018-11-13,242
2018-11-13,278
2018-11-13,234
2018-11-13,250
2018-11-14,246
2018-11-14,274
2018-11-14,236
2018-11-14,256
2018-11-15,253
2018-11-15,267
2018-11-15,244
2018-11-15,262
2018-11-16,263
2018-11-16,262
2018-11-16,242
2018-11-16,284
2018-11-17,277
2018-11-17,263
2018-11-17,258
2018-11-17,296
2018-11-18,283
2018-11-18,262
2018-11-18,272
2018-11-18,294
2018-11-19,315
2018-11-19,269
2018-11-19,312
2018-11-19,318
2018-11-20,306
2018-11-20,275
2018-11-20,300
2018-11-20,312
2018-11-21,270
2018-11-21,282
2018-11-21,292
2018-11-21,248
2018-11-22,234
2018-11-22,290
2018-11-22,240
2018-11-22,228
2018-11-23,289
2018-11-23,294
2018-11-23,344
2018-11-23,234
2018-11-24,241
2018-11-24,298
2018-11-24,242
2018-11-24,240
2018-11-25,268
2018-11-25,303
2018-11-25,260
2018-11-25,276
2018-11-26,263
2018-11-26,303
2018-11-26,252
2018-11-26,274
2018-11-27,272
2018-11-27,299
2018-11-27,258
2018-11-27,286
2018-11-28,275
2018-11-28,297
2018-11-28,262
2018-11-28,288
2018-11-29,276
2018-11-29,295
2018-11-29,256
2018-11-29,296
2018-11-30,283
2018-11-30,295
2018-11-30,258
2018-11-30,308
2018-12-01,314
2018-12-01,290
2018-12-01,292
2018-12-01,336
2018-12-02,334
2018-12-02,300
2018-12-02,324
2018-12-02,344
2018-12-03,350
2018-12-03,302
2018-12-03,352
2018-12-03,348
2018-12-04,358
2018-12-04,308
2018-12-04,354
2018-12-04,362
2018-12-05,315
2018-12-05,311
2018-12-05,350
2018-12-05,280
2018-12-06,301
2018-12-06,311
2018-12-06,326
2018-12-06,276
2018-12-07,273
2018-12-07,311
2018-12-07,252
2018-12-07,294
2018-12-08,303
2018-12-08,323
2018-12-08,296
2018-12-08,310
2018-12-09,304
2018-12-09,325
2018-12-09,292
2018-12-09,316
2018-12-10,306
2018-12-10,325
2018-12-10,300
2018-12-10,312
2018-12-11,308
2018-12-11,325
2018-12-11,294
2018-12-11,322
2018-12-12,317
2018-12-12,326
2018-12-12,306
2018-12-12,328
2018-12-13,321
2018-12-13,324
2018-12-13,310
2018-12-13,332
2018-12-14,326
2018-12-14,331
2018-12-14,308
2018-12-14,344
2018-12-15,346
2018-12-15,328
2018-12-15,340
2018-12-15,352
2018-12-16,349
2018-12-16,324
2018-12-16,334
2018-12-16,364
2018-12-17,358
2018-12-17,322
2018-12-17,344
2018-12-17,372
2018-12-18,367
2018-12-18,327
2018-12-18,358
2018-12-18,376
2018-12-19,375
2018-12-19,334
2018-12-19,384
2018-12-19,366
2018-12-20,348
2018-12-20,345
2018-12-20,344
2018-12-20,352
2018-12-21,385
2018-12-21,357
2018-12-21,412
2018-12-21,358
2018-12-22,387
2018-12-22,364
2018-12-22,428
2018-12-22,346
2018-12-23,375
2018-12-23,369
2018-12-23,398
2018-12-23,352
2018-12-24,357
2018-12-24,376
2018-12-24,366
2018-12-24,348
2018-12-25,364
2018-12-25,381
2018-12-25,354
2018-12-25,374
2018-12-26,375
2018-12-26,383
2018-12-26,364
2018-12-26,386
2018-12-27,382
2018-12-27,385
2018-12-27,372
2018-12-27,392
2018-12-28,395
2018-12-28,391
2018-12-28,384
2018-12-28,406
2018-12-29,400
2018-12-29,391
2018-12-29,388
2018-12-29,412
2018-12-30,408
2018-12-30,385
2018-12-30,396
2018-12-30,420
2018-12-31,414
2018-12-31,379
2018-12-31,402
2018-12-31,426
2019-01-01,379
2019-01-01,409
2019-01-01,426
2019-01-01,392
2019-01-02,381
2019-01-02,398
2019-01-02,432
2019-01-02,364
2019-01-03,388
2019-01-03,397
2019-01-03,436
2019-01-03,358
2019-01-04,393
2019-01-04,397
2019-01-04,432
2019-01-04,362
2019-01-05,396
2019-01-05,396
2019-01-05,436
2019-01-05,356
2019-01-06,397
2019-01-06,396
2019-01-06,412
2019-01-06,380
2019-01-07,398
2019-01-07,389
2019-01-07,402
2019-01-07,376
2019-01-08,398
2019-01-08,389
2019-01-08,394
2019-01-08,384
2019-01-09,396
2019-01-09,386
2019-01-09,376
2019-01-09,396
2019-01-10,399
2019-01-10,391
2019-01-10,380
2019-01-10,402
2019-01-11,400
2019-01-11,393
2019-01-11,386
2019-01-11,400
2019-01-12,392
2019-01-12,396
2019-01-12,388
2019-01-12,404
2019-01-13,396
2019-01-13,393
2019-01-13,386
2019-01-13,400
2019-01-14,399
2019-01-14,403
2019-01-14,392
2019-01-14,414
2019-01-15,395
2019-01-15,409
2019-01-15,398
2019-01-15,420
2019-01-16,398
2019-01-16,414
2019-01-16,400
2019-01-16,428
2019-01-17,404
2019-01-17,419
2019-01-17,426
2019-01-17,412
2019-01-18,407
2019-01-18,424
2019-01-18,432
2019-01-18,416
2019-01-19,412
2019-01-19,427
2019-01-19,448
2019-01-19,406
2019-01-20,421
2019-01-20,432
2019-01-20,462
2019-01-20,402
2019-01-21,430
2019-01-21,434
2019-01-21,468
2019-01-21,400
2019-01-22,437
2019-01-22,443
2019-01-22,458
2019-01-22,428
2019-01-23,438
2019-01-23,432
2019-01-23,446
2019-01-23,418
2019-01-24,439
2019-01-24,432
2019-01-24,442
2019-01-24,422
2019-01-25,438
2019-01-25,436
2019-01-25,446
2019-01-25,426
2019-01-26,440
2019-01-26,440
2019-01-26,448
2019-01-26,432
2019-01-27,447
2019-01-27,447
2019-01-27,442
2019-01-27,452
2019-01-28,456
2019-01-28,456
2019-01-28,446
2019-01-28,466
2019-01-29,459
2019-01-29,459
2019-01-29,450
2019-01-29,468
2019-01-30,470
2019-01-30,470
2019-01-30,484
2019-01-30,456
2019-01-31,455
2019-01-31,455
2019-01-31,462
2019-01-31,448
2019-02-01,457
2019-02-01,457
2019-02-01,468
2019-02-01,446
2019-02-02,436
2019-02-02,436
2019-02-02,422
2019-02-02,450
2019-02-03,440
2019-02-03,440
2019-02-03,452
2019-02-03,428
2019-02-04,431
2019-02-04,431
2019-02-04,436
2019-02-04,426
2019-02-05,426
2019-02-05,426
2019-02-05,422
2019-02-05,430
2019-02-06,425
2019-02-06,425
2019-02-06,418
2019-02-06,432
2019-02-07,428
2019-02-07,429
2019-02-07,420
2019-02-07,436
2019-02-08,447
2019-02-08,434
2019-02-08,436
2019-02-08,458
2019-02-09,451
2019-02-09,434
2019-02-09,440
2019-02-09,462
2019-02-10,449
2019-02-10,431
2019-02-10,442
2019-02-10,456
2019-02-11,451
2019-02-11,427
2019-02-11,440
2019-02-11,462
2019-02-12,453
2019-02-12,426
2019-02-12,446
2019-02-12,460
2019-02-13,457
2019-02-13,426
2019-02-13,450
2019-02-13,464
2019-02-14,466
2019-02-14,425
2019-02-14,462
2019-02-14,470
2019-02-15,477
2019-02-15,429
2019-02-15,468
2019-02-15,486
2019-02-16,475
2019-02-16,429
2019-02-16,472
2019-02-16,478
2019-02-17,468
2019-02-17,434
2019-02-17,474
2019-02-17,462
2019-02-18,476
2019-02-18,443
2019-02-18,498
2019-02-18,454
2019-02-19,472
2019-02-19,450
2019-02-19,496
2019-02-19,448
2019-02-20,453
2019-02-20,454
2019-02-20,448
2019-02-20,458
2019-02-21,473
2019-02-21,459
2019-02-21,480
2019-02-21,466
2019-02-22,482
2019-02-22,463
2019-02-22,476
2019-02-22,488
2019-02-23,478
2019-02-23,465
2019-02-23,472
2019-02-23,484
2019-02-24,500
2019-02-24,466
2019-02-24,496
2019-02-24,504
2019-02-25,504
2019-02-25,465
2019-02-25,496
2019-02-25,512
2019-02-26,502
2019-02-26,466
2019-02-26,494
2019-02-26,510
2019-02-27,505
2019-02-27,479
2019-02-27,498
2019-02-27,512
2019-02-28,504
2019-02-28,486
2019-02-28,500
2019-02-28,508
2019-03-01,480
2019-03-01,477
2019-03-01,448
2019-03-01,506
2019-03-02,479
2019-03-02,479.5
2019-03-02,467
2019-03-02,492
2019-03-03,482
2019-03-03,482
2019-03-03,486
2019-03-03,478
2019-03-04,493
2019-03-04,493
2019-03-04,510
2019-03-04,476
2019-03-05,495
2019-03-05,495
2019-03-05,508
2019-03-05,482
2019-03-06,493
2019-03-06,493
2019-03-06,498
2019-03-06,488
2019-03-07,485
2019-03-07,485
2019-03-07,488
2019-03-07,482
2019-03-08,495
2019-03-08,495
2019-03-08,492
2019-03-08,498
2019-03-09,481
2019-03-09,481
2019-03-09,486
2019-03-09,476
2019-03-10,500
2019-03-10,500
2019-03-10,494
2019-03-10,506
2019-03-11,506
2019-03-11,506
2019-03-11,502
2019-03-11,510
2019-03-12,511
2019-03-12,511
2019-03-12,506
2019-03-12,516
2019-03-13,510
2019-03-13,510
2019-03-13,508
2019-03-13,512
2019-03-14,512
2019-03-14,512
2019-03-14,504
2019-03-14,520
2019-03-15,518
2019-03-15,518
2019-03-15,512
2019-03-15,524
2019-03-16,520
2019-03-16,520
2019-03-16,518
2019-03-16,522
2019-03-17,530
2019-03-17,530
2019-03-17,528
2019-03-17,532
2019-03-18,528
2019-03-18,528
2019-03-18,526
2019-03-18,530
2019-03-19,527
2019-03-19,527
2019-03-19,536
2019-03-19,518
2019-03-20,525
2019-03-20,525
2019-03-20,538
2019-03-20,512
2019-03-21,526
2019-03-21,526
2019-03-21,536
2019-03-21,516
2019-03-22,536
2019-03-22,536
2019-03-22,540
2019-03-22,532
2019-03-23,534
2019-03-23,534
2019-03-23,528
2019-03-23,540
2019-03-24,535
2019-03-24,535
2019-03-24,534
2019-03-24,536
2019-03-25,540
2019-03-25,540
2019-03-25,542
2019-03-25,538
2019-03-26,545
2019-03-26,545
2019-03-26,540
2019-03-26,550
2019-03-27,538
2019-03-27,538
2019-03-27,534
2019-03-27,542
2019-03-28,538
2019-03-28,538
2019-03-28,532
2019-03-28,544
2019-03-29,537
2019-03-29,537
2019-03-29,534
2019-03-29,540
2019-03-30,530
2019-03-30,530
2019-03-30,528
2019-03-30,532
2019-03-31,521
2019-03-31,521
2019-03-31,524
2019-03-31,518
2019-04-01,523
2019-04-01,523
2019-04-01,528
2019-04-01,518
2019-04-02,523
2019-04-02,523
2019-04-02,534
2019-04-02,512
2019-04-03,523
2019-04-03,523
2019-04-03,532
2019-04-03,514
2019-04-04,534
2019-04-04,534
2019-04-04,540
2019-04-04,528
2019-04-05,529
2019-04-05,529
2019-04-05,526
2019-04-05,532
2019-04-06,532
2019-04-06,532
2019-04-06,530
2019-04-06,534
2019-04-07,542
2019-04-07,542
2019-04-07,540
2019-04-07,544
2019-04-08,540
2019-04-08,540
2019-04-08,538
2019-04-08,542
2019-04-09,548
2019-04-09,548
2019-04-09,548
2019-04-09,548
2019-04-10,546
2019-04-10,546
2019-04-10,536
2019-04-10,556
2019-04-11,549
2019-04-11,549
2019-04-11,546
2019-04-11,552
2019-04-12,550
2019-04-12,550
2019-04-12,544
2019-04-12,556
2019-04-13,554
2019-04-13,554
2019-04-13,550
2019-04-13,558
2019-04-14,557
2019-04-14,557
2019-04-14,552
2019-04-14,562
2019-04-15,556
2019-04-15,556
2019-04-15,554
2019-04-15,558
2019-04-16,559
2019-04-16,559
2019-04-16,564
2019-04-16,554
2019-04-17,560
2019-04-17,560
2019-04-17,568
2019-04-17,552
2019-04-18,560
2019-04-18,560
2019-04-18,566
2019-04-18,554
2019-04-19,563
2019-04-19,563
2019-04-19,570
2019-04-19,556
2019-04-20,558
2019-04-20,558
2019-04-20,564
2019-04-20,552
2019-04-21,571
2019-04-21,571
2019-04-21,566
2019-04-21,576
2019-04-22,571
2019-04-22,571
2019-04-22,568
2019-04-22,574
2019-04-23,571
2019-04-23,571
2019-04-23,564
2019-04-23,578
2019-04-24,572
2019-04-24,572
2019-04-24,570
2019-04-24,574
2019-04-25,572
2019-04-25,572
2019-04-25,568
2019-04-25,576
2019-04-26,569
2019-04-26,569
2019-04-26,570
2019-04-26,568
2019-04-27,563
2019-04-27,563
2019-04-27,562
2019-04-27,564
2019-04-28,565
2019-04-28,565
2019-04-28,564
2019-04-28,566
2019-04-29,557
2019-04-29,557
2019-04-29,560
2019-04-29,554
2019-04-30,556
2019-04-30,556
2019-04-30,562
2019-04-30,550
2019-05-01,557
2019-05-01,557
2019-05-01,562
2019-05-01,552
2019-05-02,558
2019-05-02,558
2019-05-02,566
2019-05-02,550
2019-05-03,558
2019-05-03,558
2019-05-03,564
2019-05-03,552
2019-05-04,560
2019-05-04,560
2019-05-04,566
2019-05-04,554
2019-05-05,559
2019-05-05,559
2019-05-05,562
2019-05-05,556
2019-05-06,556
2019-05-06,556
2019-05-06,564
2019-05-06,548
2019-05-07,558
2019-05-07,558
2019-05-07,552
2019-05-07,564
2019-05-08,561
2019-05-08,561
2019-05-08,556
2019-05-08,566
2019-05-09,560
2019-05-09,560
2019-05-09,558
2019-05-09,562
2019-05-10,567
2019-05-10,567
2019-05-10,560
2019-05-10,574
2019-05-11,567
2019-05-11,567
2019-05-11,562
2019-05-11,572
2019-05-12,570
2019-05-12,570
2019-05-12,566
2019-05-12,574
2019-05-13,567
2019-05-13,567
2019-05-13,562
2019-05-13,572
2019-05-14,572
2019-05-14,572
2019-05-14,568
2019-05-14,576
2019-05-15,572
2019-05-15,572
2019-05-15,574
2019-05-15,570
2019-05-16,572
2019-05-16,572
2019-05-16,578
2019-05-16,566
2019-05-17,565
2019-05-17,565
2019-05-17,574
2019-05-17,556
2019-05-18,562
2019-05-18,562
2019-05-18,570
2019-05-18,554
2019-05-19,567
2019-05-19,567
2019-05-19,574
2019-05-19,560
2019-05-20,561
2019-05-20,561
2019-05-20,558
2019-05-20,564
2019-05-21,562
2019-05-21,562
2019-05-21,552
2019-05-21,572
2019-05-22,563
2019-05-22,563
2019-05-22,556
2019-05-22,570
2019-05-23,567
2019-05-23,567
2019-05-23,562
2019-05-23,572
2019-05-24,567
2019-05-24,567
2019-05-24,560
2019-05-24,574
2019-05-25,567
2019-05-25,567
2019-05-25,564
2019-05-25,570
2019-05-26,567
2019-05-26,567
2019-05-26,562
2019-05-26,572
2019-05-27,570
2019-05-27,570
2019-05-27,566
2019-05-27,574
2019-05-28,570
2019-05-28,570
2019-05-28,568
2019-05-28,572
2019-05-29,568
2019-05-29,568
2019-05-29,566
2019-05-29,570
2019-05-30,559
2019-05-30,559
2019-05-30,564
2019-05-30,554
2019-05-31,565
2019-05-31,565
2019-05-31,574
2019-05-31,556
2019-06-01,563
2019-06-01,563
2019-06-01,574
2019-06-01,552
2019-06-02,566
2019-06-02,566
2019-06-02,576
2019-06-02,556
2019-06-03,568
2019-06-03,568
2019-06-03,582
2019-06-03,554
2019-06-04,558
2019-06-04,558
2019-06-04,564
2019-06-04,552
2019-06-05,557
2019-06-05,557
2019-06-05,560
2019-06-05,554
2019-06-06,559
2019-06-06,559
2019-06-06,562
2019-06-06,556
2019-06-07,567
2019-06-07,567
2019-06-07,564
2019-06-07,570
2019-06-08,567
2019-06-08,567
2019-06-08,562
2019-06-08,572
2019-06-09,570
2019-06-09,570
2019-06-09,564
2019-06-09,576
2019-06-10,571
2019-06-10,571
2019-06-10,566
2019-06-10,576
2019-06-11,572
2019-06-11,572
2019-06-11,570
2019-06-11,574
2019-06-12,569
2019-06-12,569
2019-06-12,572
2019-06-12,566
2019-06-13,565
2019-06-13,565
2019-06-13,574
2019-06-13,556
2019-06-14,563
2019-06-14,563
2019-06-14,572
2019-06-14,554
2019-06-15,562
2019-06-15,562
2019-06-15,568
2019-06-15,556
2019-06-16,556
2019-06-16,556
2019-06-16,562
2019-06-16,550
2019-06-17,551
2019-06-17,551
2019-06-17,554
2019-06-17,548
2019-06-18,548
2019-06-18,548
2019-06-18,544
2019-06-18,552
2019-06-19,548
2019-06-19,548
2019-06-19,546
2019-06-19,550
2019-06-20,547
2019-06-20,547
2019-06-20,542
2019-06-20,552
2019-06-21,542
2019-06-21,542
2019-06-21,544
2019-06-21,540
2019-06-22,548
2019-06-22,548
2019-06-22,542
2019-06-22,554
2019-06-23,548
2019-06-23,548
2019-06-23,540
2019-06-23,556
2019-06-24,549
2019-06-24,549
2019-06-24,544
2019-06-24,554
2019-06-25,547
2019-06-25,547
2019-06-25,542
2019-06-25,552
2019-06-26,545
2019-06-26,545
2019-06-26,540
2019-06-26,550
2019-06-27,549
2019-06-27,549
2019-06-27,544
2019-06-27,554
2019-06-28,549
2019-06-28,549
2019-06-28,546
2019-06-28,552
2019-06-29,550
2019-06-29,550
2019-06-29,552
2019-06-29,548
2019-06-30,541
2019-06-30,541
2019-06-30,550
2019-06-30,532
2019-07-01,539
2019-07-01,539
2019-07-01,548
2019-07-01,530
2019-07-02,535
2019-07-02,535
2019-07-02,544
2019-07-02,526
2019-07-03,530
2019-07-03,530
2019-07-03,536
2019-07-03,524
2019-07-04,528
2019-07-04,528
2019-07-04,530
2019-07-04,526
2019-07-05,534
2019-07-05,534
2019-07-05,528
2019-07-05,540
2019-07-06,538
2019-07-06,538
2019-07-06,532
2019-07-06,544
2019-07-07,541
2019-07-07,541
2019-07-07,534
2019-07-07,548
2019-07-08,541
2019-07-08,541
2019-07-08,536
2019-07-08,546
2019-07-09,544
2019-07-09,544
2019-07-09,540
2019-07-09,548
2019-07-10,547
2019-07-10,547
2019-07-10,542
2019-07-10,552
2019-07-11,542
2019-07-11,542
2019-07-11,536
2019-07-11,548
2019-07-12,540
2019-07-12,540
2019-07-12,534
2019-07-12,546
2019-07-13,539
2019-07-13,539
2019-07-13,538
2019-07-13,540
2019-07-14,531
2019-07-14,531
2019-07-14,536
2019-07-14,526
2019-07-15,529
2019-07-15,529
2019-07-15,534
2019-07-15,524
2019-07-16,519
2019-07-16,519
2019-07-16,528
2019-07-16,510
2019-07-17,517
2019-07-17,517
2019-07-17,526
2019-07-17,508
2019-07-18,516
2019-07-18,516
2019-07-18,522
2019-07-18,510
2019-07-19,511
2019-07-19,511
2019-07-19,518
2019-07-19,504
2019-07-20,513
2019-07-20,513
2019-07-20,510
2019-07-20,516
2019-07-21,518
2019-07-21,518
2019-07-21,512
2019-07-21,524
2019-07-22,514
2019-07-22,514
2019-07-22,510
2019-07-22,518
2019-07-23,510
2019-07-23,510
2019-07-23,506
2019-07-23,514
2019-07-24,510
2019-07-24,510
2019-07-24,504
2019-07-24,516
2019-07-25,512
2019-07-25,512
2019-07-25,506
2019-07-25,518
2019-07-26,507
2019-07-26,507
2019-07-26,500
2019-07-26,514
2019-07-27,510
2019-07-27,510
2019-07-27,504
2019-07-27,516
2019-07-28,511
2019-07-28,511
2019-07-28,508
2019-07-28,514
2019-07-29,505
2019-07-29,505
2019-07-29,512
2019-07-29,498
2019-07-30,498
2019-07-30,498
2019-07-30,514
2019-07-30,482
2019-07-31,499
2019-07-31,499
2019-07-31,518
2019-07-31,480
2019-08-01,487
2019-08-01,487
2019-08-01,492
2019-08-01,482
2019-08-02,485
2019-08-02,485
2019-08-02,490
2019-08-02,480
2019-08-03,489
2019-08-03,489
2019-08-03,484
2019-08-03,494
2019-08-04,492
2019-08-04,492
2019-08-04,482
2019-08-04,502
2019-08-05,503
2019-08-05,503
2019-08-05,494
2019-08-05,512
2019-08-06,507
2019-08-06,507
2019-08-06,500
2019-08-06,514
2019-08-07,507
2019-08-07,507
2019-08-07,498
2019-08-07,516
2019-08-08,505
2019-08-08,505
2019-08-08,496
2019-08-08,514
2019-08-09,505
2019-08-09,505
2019-08-09,498
2019-08-09,512
2019-08-10,501
2019-08-10,501
2019-08-10,496
2019-08-10,506
2019-08-11,493
2019-08-11,493
2019-08-11,498
2019-08-11,488
2019-08-12,481
2019-08-12,481
2019-08-12,500
2019-08-12,462
2019-08-13,477
2019-08-13,477
2019-08-13,490
2019-08-13,464
2019-08-14,473
2019-08-14,473
2019-08-14,478
2019-08-14,468
2019-08-15,471
2019-08-15,471
2019-08-15,476
2019-08-15,466
2019-08-16,470
2019-08-16,470
2019-08-16,472
2019-08-16,468
2019-08-17,466
2019-08-17,466
2019-08-17,462
2019-08-17,470
2019-08-18,464
2019-08-18,464
2019-08-18,460
2019-08-18,468
2019-08-19,462
2019-08-19,462
2019-08-19,458
2019-08-19,466
2019-08-20,461
2019-08-20,461
2019-08-20,454
2019-08-20,468
2019-08-21,463
2019-08-21,463
2019-08-21,456
2019-08-21,470
2019-08-22,463
2019-08-22,463
2019-08-22,458
2019-08-22,468
2019-08-23,464
2019-08-23,464
2019-08-23,456
2019-08-23,472
2019-08-24,461
2019-08-24,461
2019-08-24,452
2019-08-24,470
2019-08-25,460
2019-08-25,460
2019-08-25,454
2019-08-25,466
2019-08-26,465
2019-08-26,465
2019-08-26,468
2019-08-26,462
2019-08-27,465
2019-08-27,465
2019-08-27,470
2019-08-27,460
2019-08-28,468
2019-08-28,468
2019-08-28,472
2019-08-28,464
2019-08-29,459
2019-08-29,459
2019-08-29,470
2019-08-29,448
2019-08-30,452
2019-08-30,452
2019-08-30,466
2019-08-30,438
2019-08-31,455
2019-08-31,455
2019-08-31,468
2019-08-31,442
2019-09-01,446
2019-09-01,446
2019-09-01,440
2019-09-01,452
2019-09-02,450
2019-09-02,450
2019-09-02,442
2019-09-02,458
2019-09-03,453
2019-09-03,453
2019-09-03,444
2019-09-03,462
2019-09-04,450
2019-09-04,450
2019-09-04,440
2019-09-04,460
2019-09-05,455
2019-09-05,455
2019-09-05,448
2019-09-05,462
2019-09-06,451
2019-09-06,451
2019-09-06,444
2019-09-06,458
2019-09-07,450
2019-09-07,450
2019-09-07,440
2019-09-07,460
2019-09-08,448
2019-09-08,448
2019-09-08,438
2019-09-08,458
2019-09-09,448
2019-09-09,448
2019-09-09,442
2019-09-09,454
2019-09-10,446
2019-09-10,446
2019-09-10,440
2019-09-10,452
2019-09-11,438
2019-09-11,438
2019-09-11,440
2019-09-11,436
2019-09-12,430
2019-09-12,430
2019-09-12,442
2019-09-12,418
2019-09-13,423
2019-09-13,423
2019-09-13,438
2019-09-13,408
2019-09-14,441
2019-09-14,441
2019-09-14,442
2019-09-14,440
2019-09-15,419
2019-09-15,419
2019-09-15,436
2019-09-15,402
2019-09-16,399
2019-09-16,399
2019-09-16,394
2019-09-16,404
2019-09-17,399
2019-09-17,399
2019-09-17,396
2019-09-17,402
2019-09-18,402
2019-09-18,402
2019-09-18,398
2019-09-18,406
2019-09-19,403
2019-09-19,403
2019-09-19,396
2019-09-19,410
2019-09-20,399
2019-09-20,399
2019-09-20,392
2019-09-20,406
2019-09-21,395.5
2019-09-21,396
2019-09-21,389
2019-09-21,402
2019-09-22,396
2019-09-22,396
2019-09-22,384
2019-09-22,408
2019-09-23,401
2019-09-23,401
2019-09-23,392
2019-09-23,410
2019-09-24,405
2019-09-24,405
2019-09-24,398
2019-09-24,412
2019-09-25,396
2019-09-25,396
2019-09-25,404
2019-09-25,388
2019-09-26,389
2019-09-26,389
2019-09-26,402
2019-09-26,376
2019-09-27,386
2019-09-27,386
2019-09-27,404
2019-09-27,368
2019-09-28,386
2019-09-28,386
2019-09-28,400
2019-09-28,372
2019-09-29,386
2019-09-29,386
2019-09-29,408
2019-09-29,364
2019-09-30,383
2019-09-30,383
2019-09-30,394
2019-09-30,372
2019-10-01,382
2019-10-01,382
2019-10-01,394
2019-10-01,370
2019-10-02,372
2019-10-02,372
2019-10-02,372
2019-10-02,372
2019-10-03,371
2019-10-03,371
2019-10-03,364
2019-10-03,378
2019-10-04,364
2019-10-04,364
2019-10-04,360
2019-10-04,368
2019-10-05,357
2019-10-05,357
2019-10-05,348
2019-10-05,366
2019-10-06,360
2019-10-06,360
2019-10-06,352
2019-10-06,368
2019-10-07,363
2019-10-07,363
2019-10-07,356
2019-10-07,370
2019-10-08,361
2019-10-08,361
2019-10-08,358
2019-10-08,364
2019-10-09,369
2019-10-09,369
2019-10-09,364
2019-10-09,374
2019-10-10,342
2019-10-10,342
2019-10-10,362
2019-10-10,322
2019-10-11,335
2019-10-11,335
2019-10-11,374
2019-10-11,296
2019-10-12,311
2019-10-12,311
2019-10-12,332
2019-10-12,290
2019-10-13,308
2019-10-13,308
2019-10-13,322
2019-10-13,294
2019-10-14,308
2019-10-14,308
2019-10-14,320
2019-10-14,296
2019-10-15,304
2019-10-15,304
2019-10-15,314
2019-10-15,294
2019-10-16,289
2019-10-16,289
2019-10-16,286
2019-10-16,292
2019-10-17,286
2019-10-17,286
2019-10-17,282
2019-10-17,290
2019-10-18,289
2019-10-18,289
2019-10-18,278
2019-10-18,300
2019-10-19,289
2019-10-19,289
2019-10-19,284
2019-10-19,294
2019-10-20,294
2019-10-20,294
2019-10-20,286
2019-10-20,302
2019-10-21,296
2019-10-21,296
2019-10-21,284
2019-10-21,308
2019-10-22,309
2019-10-22,309
2019-10-22,312
2019-10-22,306
2019-10-23,308
2019-10-23,308
2019-10-23,314
2019-10-23,302
2019-10-24,326
2019-10-24,326
2019-10-24,346
2019-10-24,306
2019-10-25,328
2019-10-25,328
2019-10-25,340
2019-10-25,316
2019-10-26,337
2019-10-26,337
2019-10-26,366
2019-10-26,308
2019-10-27,307
2019-10-27,307
2019-10-27,346
2019-10-27,268
2019-10-28,289
2019-10-28,289
2019-10-28,304
2019-10-28,274
2019-10-29,289
2019-10-29,289
2019-10-29,304
2019-10-29,274
2019-10-30,287
2019-10-30,287
2019-10-30,282
2019-10-30,292
2019-10-31,286
2019-10-31,286
2019-10-31,270
2019-10-31,302
2019-11-01,293
2019-11-01,293
2019-11-01,284
2019-11-01,302
2019-11-02,288
2019-11-02,288
2019-11-02,278
2019-11-02,298
2019-11-03,290
2019-11-03,290
2019-11-03,278
2019-11-03,302
2019-11-04,287
2019-11-04,287
2019-11-04,274
2019-11-04,300
2019-11-05,294
2019-11-05,294
2019-11-05,276
2019-11-05,312
2019-11-06,294
2019-11-06,290
2019-11-06,302
2019-11-06,278
2019-11-07,295
2019-11-07,315
2019-11-07,322
2019-11-07,308
2019-11-08,296
2019-11-08,314
2019-11-08,330
2019-11-08,298
2019-11-09,296
2019-11-09,313
2019-11-09,344
2019-11-09,282
2019-11-10,299
2019-11-10,314
2019-11-10,350
2019-11-10,278
2019-11-11,303
2019-11-11,311
2019-11-11,358
2019-11-11,264
2019-11-12,305
2019-11-12,293
2019-11-12,326
2019-11-12,260
2019-11-13,308
2019-11-13,293
2019-11-13,318
2019-11-13,268
2019-11-14,310
2019-11-14,291
2019-11-14,306
2019-11-14,276
2019-11-15,310
2019-11-15,294
2019-11-15,300
2019-11-15,288
2019-11-16,309
2019-11-16,293
2019-11-16,304
2019-11-16,282
2019-11-17,307
2019-11-17,293
2019-11-17,306
2019-11-17,280
2019-11-18,302
2019-11-18,295
2019-11-18,288
2019-11-18,302
2019-11-19,300
2019-11-19,289
2019-11-19,274
2019-11-19,304
2019-11-20,301
2019-11-20,288
2019-11-20,268
2019-11-20,308
2019-11-21,298
2019-11-21,323
2019-11-21,302
2019-11-21,344
2019-11-22,298
2019-11-22,336
2019-11-22,318
2019-11-22,354
2019-11-23,308
2019-11-23,341
2019-11-23,358
2019-11-23,324
2019-11-24,315
2019-11-24,344
2019-11-24,378
2019-11-24,310
2019-11-25,322
2019-11-25,354
2019-11-25,390
2019-11-25,318
2019-11-26,331
2019-11-26,338
2019-11-26,388
2019-11-26,288
2019-11-27,337
2019-11-27,342
2019-11-27,392
2019-11-27,292
2019-11-28,339
2019-11-28,330
2019-11-28,366
2019-11-28,294
2019-11-29,335
2019-11-29,310
2019-11-29,342
2019-11-29,278
2019-11-30,330
2019-11-30,303
2019-11-30,306
2019-11-30,300
2019-12-01,310
2019-12-01,324
2019-12-01,318
2019-12-01,302
2019-12-02,306
2019-12-02,323
2019-12-02,294
2019-12-02,318
2019-12-03,306
2019-12-03,318
2019-12-03,292
2019-12-03,320
2019-12-04,314
2019-12-04,315
2019-12-04,298
2019-12-04,330
2019-12-05,323
2019-12-05,313
2019-12-05,302
2019-12-05,344
2019-12-06,333
2019-12-06,314
2019-12-06,308
2019-12-06,358
2019-12-07,317
2019-12-07,316
2019-12-07,322
2019-12-07,312
2019-12-08,326
2019-12-08,316
2019-12-08,338
2019-12-08,314
2019-12-09,340
2019-12-09,325
2019-12-09,362
2019-12-09,318
2019-12-10,348
2019-12-10,339
2019-12-10,386
2019-12-10,310
2019-12-11,344
2019-12-11,344
2019-12-11,384
2019-12-11,304
2019-12-12,344
2019-12-12,348
2019-12-12,380
2019-12-12,308
2019-12-13,337
2019-12-13,351
2019-12-13,362
2019-12-13,312
2019-12-14,329
2019-12-14,352
2019-12-14,342
2019-12-14,316
2019-12-15,333
2019-12-15,352
2019-12-15,346
2019-12-15,320
2019-12-16,330
2019-12-16,352
2019-12-16,336
2019-12-16,324
2019-12-17,336
2019-12-17,356
2019-12-17,324
2019-12-17,348
2019-12-18,372
2019-12-18,354
2019-12-18,358
2019-12-18,386
2019-12-19,372
2019-12-19,359
2019-12-19,356
2019-12-19,388
2019-12-20,370
2019-12-20,358
2019-12-20,358
2019-12-20,382
2019-12-21,389
2019-12-21,357
2019-12-21,376
2019-12-21,402
2019-12-22,397
2019-12-22,359
2019-12-22,386
2019-12-22,408
2019-12-23,442
2019-12-23,365
2019-12-23,472
2019-12-23,412
2019-12-24,380
2019-12-24,370
2019-12-24,416
2019-12-24,344
2019-12-25,376
2019-12-25,376
2019-12-25,394
2019-12-25,358
2019-12-26,372
2019-12-26,372
2019-12-26,382
2019-12-26,362
2019-12-27,367
2019-12-27,367
2019-12-27,374
2019-12-27,360
2019-12-28,356
2019-12-28,356
2019-12-28,348
2019-12-28,364
2019-12-29,359
2019-12-29,359
2019-12-29,346
2019-12-29,372
2019-12-30,365
2019-12-30,365
2019-12-30,352
2019-12-30,378
2019-12-31,372
2019-12-31,372
2019-12-31,356
2019-12-31,388
2020-01-01,374
2020-01-01,374
2020-01-01,366
2020-01-01,382
2020-01-02,377
2020-01-02,377
2020-01-02,364
2020-01-02,390
2020-01-03,382
2020-01-03,382
2020-01-03,366
2020-01-03,398
2020-01-04,373
2020-01-04,385
2020-01-04,370
2020-01-04,400
2020-01-05,371
2020-01-05,384
2020-01-05,372
2020-01-05,396
2020-01-06,377
2020-01-06,402
2020-01-06,398
2020-01-06,406
2020-01-07,382
2020-01-07,426
2020-01-07,420
2020-01-07,432
2020-01-08,391
2020-01-08,435
2020-01-08,426
2020-01-08,444
2020-01-09,403
2020-01-09,436
2020-01-09,428
2020-01-09,444
2020-01-10,424
2020-01-10,424
2020-01-10,422
2020-01-10,426
2020-01-11,412
2020-01-11,412
2020-01-11,406
2020-01-11,418
2020-01-12,402
2020-01-12,402
2020-01-12,392
2020-01-12,412
2020-01-13,408
2020-01-13,408
2020-01-13,400
2020-01-13,416
2020-01-14,405
2020-01-14,405
2020-01-14,396
2020-01-14,414
2020-01-15,408
2020-01-15,408
2020-01-15,394
2020-01-15,422
2020-01-16,417
2020-01-16,417
2020-01-16,408
2020-01-16,426
2020-01-17,430
2020-01-17,428
2020-01-17,412
2020-01-17,444
2020-01-18,427
2020-01-18,438
2020-01-18,424
2020-01-18,452
2020-01-19,426
2020-01-19,448
2020-01-19,434
2020-01-19,462
2020-01-20,426
2020-01-20,444
2020-01-20,446
2020-01-20,442
2020-01-21,424
2020-01-21,454
2020-01-21,472
2020-01-21,436
2020-01-22,431
2020-01-22,441
2020-01-22,468
2020-01-22,414
2020-01-23,423
2020-01-23,439
2020-01-23,460
2020-01-23,418
2020-01-24,439
2020-01-24,439
2020-01-24,462
2020-01-24,416
2020-01-25,434
2020-01-25,439
2020-01-25,458
2020-01-25,420
2020-01-26,428
2020-01-26,438
2020-01-26,462
2020-01-26,414
2020-01-27,422
2020-01-27,437
2020-01-27,458
2020-01-27,416
2020-01-28,417
2020-01-28,439
2020-01-28,460
2020-01-28,418
2020-01-29,414
2020-01-29,442
2020-01-29,464
2020-01-29,420
2020-01-30,420
2020-01-30,436
2020-01-30,456
2020-01-30,416
2020-01-31,440
2020-01-31,440
2020-01-31,462
2020-01-31,418
2020-02-01,423
2020-02-01,423
2020-02-01,446
2020-02-01,400
2020-02-02,426
2020-02-02,426
2020-02-02,448
2020-02-02,404
2020-02-03,428
2020-02-03,428
2020-02-03,454
2020-02-03,402
2020-02-04,433
2020-02-04,433
2020-02-04,460
2020-02-04,406
2020-02-05,433
2020-02-05,433
2020-02-05,458
2020-02-05,408
2020-02-06,439
2020-02-06,439
2020-02-06,466
2020-02-06,412
2020-02-07,436
2020-02-07,436
2020-02-07,462
2020-02-07,410
2020-02-08,443
2020-02-08,443
2020-02-08,464
2020-02-08,422
2020-02-09,440
2020-02-09,440
2020-02-09,462
2020-02-09,418
2020-02-10,445
2020-02-10,445
2020-02-10,464
2020-02-10,426
2020-02-11,450
2020-02-11,450
2020-02-11,460
2020-02-11,440
2020-02-12,457
2020-02-12,457
2020-02-12,456
2020-02-12,458
2020-02-13,456
2020-02-13,456
2020-02-13,458
2020-02-13,454
2020-02-14,462
2020-02-14,462
2020-02-14,468
2020-02-14,456
2020-02-15,457
2020-02-15,457
2020-02-15,466
2020-02-15,448
2020-02-16,454
2020-02-16,454
2020-02-16,464
2020-02-16,444
2020-02-17,463
2020-02-17,463
2020-02-17,456
2020-02-17,470
2020-02-18,461.5
2020-02-18,462
2020-02-18,457
2020-02-18,466
2020-02-19,455
2020-02-19,455
2020-02-19,458
2020-02-19,452
2020-02-20,446
2020-02-20,446
2020-02-20,458
2020-02-20,434
2020-02-21,446
2020-02-21,446
2020-02-21,466
2020-02-21,426
2020-02-22,443
2020-02-22,443
2020-02-22,472
2020-02-22,414
2020-02-23,444
2020-02-23,444
2020-02-23,460
2020-02-23,428
2020-02-24,442
2020-02-24,442
2020-02-24,452
2020-02-24,432
2020-02-25,449
2020-02-25,449
2020-02-25,446
2020-02-25,452
2020-02-26,453
2020-02-26,453
2020-02-26,448
2020-02-26,458
2020-02-27,447
2020-02-27,447
2020-02-27,442
2020-02-27,452
2020-02-28,448
2020-02-28,448
2020-02-28,446
2020-02-28,450
2020-02-29,449
2020-02-29,449
2020-02-29,440
2020-02-29,458
2020-03-01,449
2020-03-01,449
2020-03-01,442
2020-03-01,456
2020-03-02,456
2020-03-02,456
2020-03-02,444
2020-03-02,468
2020-03-03,452
2020-03-03,452
2020-03-03,440
2020-03-03,464
2020-03-04,467
2020-03-04,467
2020-03-04,468
2020-03-04,466
2020-03-05,463
2020-03-05,463
2020-03-05,456
2020-03-05,470
2020-03-06,468
2020-03-06,468
2020-03-06,464
2020-03-06,472
2020-03-07,462
2020-03-07,462
2020-03-07,484
2020-03-07,440
2020-03-08,472
2020-03-08,472
2020-03-08,494
2020-03-08,450
2020-03-09,468
2020-03-09,468
2020-03-09,476
2020-03-09,460
2020-03-10,468
2020-03-10,468
2020-03-10,472
2020-03-10,464
2020-03-11,477
2020-03-11,477
2020-03-11,476
2020-03-11,478
2020-03-12,477
2020-03-12,477
2020-03-12,468
2020-03-12,486
2020-03-13,477.5
2020-03-13,478
2020-03-13,477
2020-03-13,478
2020-03-14,483
2020-03-14,483
2020-03-14,480
2020-03-14,486
2020-03-15,487
2020-03-15,487
2020-03-15,482
2020-03-15,492
2020-03-16,483
2020-03-16,483
2020-03-16,478
2020-03-16,488
2020-03-17,483
2020-03-17,483
2020-03-17,476
2020-03-17,490
2020-03-18,484
2020-03-18,484
2020-03-18,478
2020-03-18,490
2020-03-19,488
2020-03-19,488
2020-03-19,480
2020-03-19,496
2020-03-20,495
2020-03-20,495
2020-03-20,492
2020-03-20,498
2020-03-21,483
2020-03-21,483
2020-03-21,490
2020-03-21,476
2020-03-22,480
2020-03-22,480
2020-03-22,494
2020-03-22,466
2020-03-23,478
2020-03-23,478
2020-03-23,482
2020-03-23,474
2020-03-24,483
2020-03-24,483
2020-03-24,486
2020-03-24,480
2020-03-25,487.5
2020-03-25,488
2020-03-25,488
2020-03-25,487
2020-03-26,486
2020-03-26,486
2020-03-26,480
2020-03-26,492
2020-03-27,491
2020-03-27,491
2020-03-27,484
2020-03-27,498
2020-03-28,495
2020-03-28,495
2020-03-28,486
2020-03-28,504
2020-03-29,495
2020-03-29,495
2020-03-29,484
2020-03-29,506
2020-03-30,496
2020-03-30,496
2020-03-30,482
2020-03-30,510
2020-03-31,499
2020-03-31,499
2020-03-31,490
2020-03-31,508
2020-04-01,501
2020-04-01,501
2020-04-01,494
2020-04-01,508
2020-04-02,504
2020-04-02,504
2020-04-02,496
2020-04-02,512
2020-04-03,503
2020-04-03,503
2020-04-03,492
2020-04-03,514
2020-04-04,508
2020-04-04,508
2020-04-04,504
2020-04-04,512
2020-04-05,512
2020-04-05,512
2020-04-05,520
2020-04-05,504
2020-04-06,520
2020-04-06,520
2020-04-06,534
2020-04-06,506
2020-04-07,523
2020-04-07,523
2020-04-07,536
2020-04-07,510
2020-04-08,516
2020-04-08,516
2020-04-08,524
2020-04-08,508
2020-04-09,511
2020-04-09,511
2020-04-09,510
2020-04-09,512
2020-04-10,518
2020-04-10,518
2020-04-10,522
2020-04-10,514
2020-04-11,520
2020-04-11,520
2020-04-11,524
2020-04-11,516
2020-04-12,526
2020-04-12,526
2020-04-12,520
2020-04-12,532
2020-04-13,530
2020-04-13,530
2020-04-13,524
2020-04-13,536
2020-04-14,531
2020-04-14,530.5
2020-04-14,533
2020-04-14,528
2020-04-15,521
2020-04-15,521
2020-04-15,516
2020-04-15,526
2020-04-16,511
2020-04-16,511
2020-04-16,514
2020-04-16,508
2020-04-17,515
2020-04-17,515
2020-04-17,520
2020-04-17,510
2020-04-18,508
2020-04-18,508
2020-04-18,518
2020-04-18,498
2020-04-19,509
2020-04-19,509
2020-04-19,522
2020-04-19,496
2020-04-20,509
2020-04-20,509
2020-04-20,526
2020-04-20,492
2020-04-21,507
2020-04-21,507
2020-04-21,524
2020-04-21,490
2020-04-22,507
2020-04-22,507
2020-04-22,516
2020-04-22,498
2020-04-23,506
2020-04-23,506
2020-04-23,518
2020-04-23,494
2020-04-24,501
2020-04-24,501
2020-04-24,512
2020-04-24,490
2020-04-25,513
2020-04-25,513
2020-04-25,514
2020-04-25,512
2020-04-26,523
2020-04-26,523
2020-04-26,516
2020-04-26,530
2020-04-27,526
2020-04-27,526
2020-04-27,514
2020-04-27,538
2020-04-28,523
2020-04-28,523
2020-04-28,516
2020-04-28,530
2020-04-29,526
2020-04-29,526
2020-04-29,520
2020-04-29,532
2020-04-30,529
2020-04-30,529
2020-04-30,522
2020-04-30,536
2020-05-01,533
2020-05-01,533
2020-05-01,526
2020-05-01,540
2020-05-02,538
2020-05-02,538
2020-05-02,532
2020-05-02,544
2020-05-03,543
2020-05-03,543
2020-05-03,538
2020-05-03,548
2020-05-04,544
2020-05-04,544
2020-05-04,542
2020-05-04,546
2020-05-05,546
2020-05-05,546
2020-05-05,554
2020-05-05,538
2020-05-06,546
2020-05-06,546
2020-05-06,558
2020-05-06,534
2020-05-07,556
2020-05-07,556
2020-05-07,560
2020-05-07,552
2020-05-08,552
2020-05-08,552
2020-05-08,558
2020-05-08,546
2020-05-09,550
2020-05-09,550
2020-05-09,544
2020-05-09,556
2020-05-10,550
2020-05-10,550
2020-05-10,546
2020-05-10,554
2020-05-11,554
2020-05-11,554
2020-05-11,554
2020-05-11,554
2020-05-12,552
2020-05-12,552
2020-05-12,548
2020-05-12,556
2020-05-13,548
2020-05-13,548
2020-05-13,542
2020-05-13,554
2020-05-14,549
2020-05-14,549
2020-05-14,546
2020-05-14,552
2020-05-15,546
2020-05-15,546
2020-05-15,542
2020-05-15,550
2020-05-16,543
2020-05-16,543
2020-05-16,538
2020-05-16,548
2020-05-17,538
2020-05-17,538
2020-05-17,540
2020-05-17,536
2020-05-18,535
2020-05-18,535
2020-05-18,542
2020-05-18,528
2020-05-19,534
2020-05-19,534
2020-05-19,544
2020-05-19,524
2020-05-20,532
2020-05-20,532
2020-05-20,546
2020-05-20,518
2020-05-21,532
2020-05-21,532
2020-05-21,542
2020-05-21,522
2020-05-22,528
2020-05-22,528
2020-05-22,538
2020-05-22,518
2020-05-23,525
2020-05-23,525
2020-05-23,530
2020-05-23,520
2020-05-24,528
2020-05-24,528
2020-05-24,522
2020-05-24,534
2020-05-25,526
2020-05-25,526
2020-05-25,520
2020-05-25,532
2020-05-26,532
2020-05-26,532
2020-05-26,526
2020-05-26,538
2020-05-27,532
2020-05-27,532
2020-05-27,528
2020-05-27,536
2020-05-28,535
2020-05-28,535
2020-05-28,530
2020-05-28,540
2020-05-29,540
2020-05-29,540
2020-05-29,532
2020-05-29,548
2020-05-30,544
2020-05-30,544
2020-05-30,542
2020-05-30,546
2020-05-31,550
2020-05-31,550
2020-05-31,548
2020-05-31,552
2020-06-01,551
2020-06-01,551
2020-06-01,550
2020-06-01,552
2020-06-02,551
2020-06-02,551
2020-06-02,554
2020-06-02,548
2020-06-03,547
2020-06-03,547
2020-06-03,552
2020-06-03,542
2020-06-04,546
2020-06-04,546
2020-06-04,558
2020-06-04,534
2020-06-05,541
2020-06-05,541
2020-06-05,544
2020-06-05,538
2020-06-06,545
2020-06-06,545
2020-06-06,548
2020-06-06,542
2020-06-07,540
2020-06-07,540
2020-06-07,546
2020-06-07,534
2020-06-08,539
2020-06-08,539
2020-06-08,536
2020-06-08,542
2020-06-09,535
2020-06-09,535
2020-06-09,530
2020-06-09,540
2020-06-10,539
2020-06-10,539
2020-06-10,532
2020-06-10,546
2020-06-11,538
2020-06-11,538
2020-06-11,534
2020-06-11,542
2020-06-12,535
2020-06-12,535
2020-06-12,530
2020-06-12,540
2020-06-13,538
2020-06-13,538
2020-06-13,534
2020-06-13,542
2020-06-14,535
2020-06-14,535
2020-06-14,532
2020-06-14,538
2020-06-15,539
2020-06-15,539
2020-06-15,532
2020-06-15,546
2020-06-16,536
2020-06-16,536
2020-06-16,534
2020-06-16,538
2020-06-17,530
2020-06-17,530
2020-06-17,536
2020-06-17,524
2020-06-18,521
2020-06-18,521
2020-06-18,532
2020-06-18,510
2020-06-19,518
2020-06-19,518
2020-06-19,528
2020-06-19,508
2020-06-20,523
2020-06-20,523
2020-06-20,540
2020-06-20,506
2020-06-21,513
2020-06-21,513
2020-06-21,518
2020-06-21,508
2020-06-22,512
2020-06-22,512
2020-06-22,512
2020-06-22,512
2020-06-23,513
2020-06-23,513
2020-06-23,516
2020-06-23,510
2020-06-24,510
2020-06-24,510
2020-06-24,508
2020-06-24,512
2020-06-25,508
2020-06-25,508
2020-06-25,506
2020-06-25,510
2020-06-26,517
2020-06-26,517
2020-06-26,512
2020-06-26,522
2020-06-27,522
2020-06-27,522
2020-06-27,516
2020-06-27,528
2020-06-28,525
2020-06-28,525
2020-06-28,518
2020-06-28,532
2020-06-29,529
2020-06-29,529
2020-06-29,522
2020-06-29,536
2020-06-30,532
2020-06-30,532
2020-06-30,526
2020-06-30,538
2020-07-01,533
2020-07-01,533
2020-07-01,530
2020-07-01,536
2020-07-02,525
2020-07-02,525
2020-07-02,532
2020-07-02,518
2020-07-03,518
2020-07-03,518
2020-07-03,530
2020-07-03,506
2020-07-04,511
2020-07-04,511
2020-07-04,524
2020-07-04,498
2020-07-05,506
2020-07-05,506
2020-07-05,512
2020-07-05,500
2020-07-06,497
2020-07-06,497
2020-07-06,498
2020-07-06,496
2020-07-07,499
2020-07-07,499
2020-07-07,494
2020-07-07,504
2020-07-08,500
2020-07-08,500
2020-07-08,494
2020-07-08,506
2020-07-09,502
2020-07-09,502
2020-07-09,496
2020-07-09,508
2020-07-10,502
2020-07-10,502
2020-07-10,494
2020-07-10,510
2020-07-11,505
2020-07-11,505
2020-07-11,498
2020-07-11,512
2020-07-12,503
2020-07-12,503
2020-07-12,496
2020-07-12,510
2020-07-13,500
2020-07-13,500
2020-07-13,492
2020-07-13,508
2020-07-14,502
2020-07-14,502
2020-07-14,494
2020-07-14,510
2020-07-15,499
2020-07-15,499
2020-07-15,492
2020-07-15,506
2020-07-16,499
2020-07-16,499
2020-07-16,494
2020-07-16,504
2020-07-17,497
2020-07-17,497
2020-07-17,502
2020-07-17,492
2020-07-18,487
2020-07-18,487
2020-07-18,496
2020-07-18,478
2020-07-19,481
2020-07-19,481
2020-07-19,492
2020-07-19,470
2020-07-20,478
2020-07-20,478
2020-07-20,488
2020-07-20,468
2020-07-21,477
2020-07-21,477
2020-07-21,484
2020-07-21,470
2020-07-22,480
2020-07-22,480
2020-07-22,486
2020-07-22,474
2020-07-23,481
2020-07-23,481
2020-07-23,484
2020-07-23,478
2020-07-24,484
2020-07-24,484
2020-07-24,478
2020-07-24,490
2020-07-25,487
2020-07-25,487
2020-07-25,482
2020-07-25,492
2020-07-26,483
2020-07-26,483
2020-07-26,480
2020-07-26,486
2020-07-27,486
2020-07-27,486
2020-07-27,482
2020-07-27,490
2020-07-28,492
2020-07-28,492
2020-07-28,486
2020-07-28,498
2020-07-29,495
2020-07-29,495
2020-07-29,488
2020-07-29,502
2020-07-30,494
2020-07-30,494
2020-07-30,490
2020-07-30,498
2020-07-31,488
2020-07-31,488
2020-07-31,494
2020-07-31,482
2020-08-01,478
2020-08-01,478
2020-08-01,494
2020-08-01,462
2020-08-02,476
2020-08-02,476
2020-08-02,496
2020-08-02,456
2020-08-03,471
2020-08-03,471
2020-08-03,488
2020-08-03,454
2020-08-04,466
2020-08-04,466
2020-08-04,476
2020-08-04,456
2020-08-05,462
2020-08-05,462
2020-08-05,470
2020-08-05,454
2020-08-06,460
2020-08-06,461
2020-08-06,458
2020-08-06,462
2020-08-07,460
2020-08-07,460
2020-08-07,456
2020-08-07,464
2020-08-08,456
2020-08-08,459
2020-08-08,450
2020-08-08,462
2020-08-09,458
2020-08-09,458
2020-08-09,452
2020-08-09,464
2020-08-10,455
2020-08-10,455
2020-08-10,448
2020-08-10,462
2020-08-11,454
2020-08-11,454
2020-08-11,444
2020-08-11,464
2020-08-12,452
2020-08-12,452
2020-08-12,442
2020-08-12,462
2020-08-13,455
2020-08-13,455
2020-08-13,444
2020-08-13,466
2020-08-14,455
2020-08-14,455
2020-08-14,448
2020-08-14,462
2020-08-15,453
2020-08-15,453
2020-08-15,446
2020-08-15,460
2020-08-16,453
2020-08-16,453
2020-08-16,464
2020-08-16,442
2020-08-17,451
2020-08-17,451
2020-08-17,468
2020-08-17,434
2020-08-18,446
2020-08-18,446
2020-08-18,464
2020-08-18,428
2020-08-19,441
2020-08-19,441
2020-08-19,458
2020-08-19,424
2020-08-20,446
2020-08-20,446
2020-08-20,460
2020-08-20,432
2020-08-21,442
2020-08-21,442
2020-08-21,448
2020-08-21,436
2020-08-22,442
2020-08-22,442
2020-08-22,446
2020-08-22,438
2020-08-23,443
2020-08-23,443
2020-08-23,436
2020-08-23,450
2020-08-24,447
2020-08-24,447
2020-08-24,440
2020-08-24,454
2020-08-25,451
2020-08-25,454
2020-08-25,444
2020-08-25,458
2020-08-26,454
2020-08-26,454
2020-08-26,446
2020-08-26,462
2020-08-27,448
2020-08-27,448
2020-08-27,438
2020-08-27,458
2020-08-28,449
2020-08-28,449
2020-08-28,438
2020-08-28,460
2020-08-29,449
2020-08-29,449
2020-08-29,456
2020-08-29,442
2020-08-30,433
2020-08-30,433
2020-08-30,442
2020-08-30,424
2020-08-31,432
2020-08-31,432
2020-08-31,452
2020-08-31,412
2020-09-01,417
2020-09-01,417
2020-09-01,428
2020-09-01,406
2020-09-02,412
2020-09-02,412
2020-09-02,422
2020-09-02,402
2020-09-03,407
2020-09-03,407
2020-09-03,414
2020-09-03,400
2020-09-04,407
2020-09-04,412
2020-09-04,410
2020-09-04,404
2020-09-05,403
2020-09-05,403
2020-09-05,400
2020-09-05,406
2020-09-06,398
2020-09-06,398
2020-09-06,392
2020-09-06,404
2020-09-07,395
2020-09-07,395
2020-09-07,388
2020-09-07,402
2020-09-08,396
2020-09-08,396
2020-09-08,392
2020-09-08,400
2020-09-09,392
2020-09-09,392
2020-09-09,386
2020-09-09,398
2020-09-10,390
2020-09-10,390
2020-09-10,384
2020-09-10,396
2020-09-11,394
2020-09-11,394
2020-09-11,390
2020-09-11,398
2020-09-12,389
2020-09-12,389
2020-09-12,380
2020-09-12,398
2020-09-13,393
2020-09-13,393
2020-09-13,390
2020-09-13,396
2020-09-14,392
2020-09-14,392
2020-09-14,402
2020-09-14,382
2020-09-15,385
2020-09-15,385
2020-09-15,406
2020-09-15,364
2020-09-16,378
2020-09-16,378
2020-09-16,408
2020-09-16,348
2020-09-17,377
2020-09-17,377
2020-09-17,410
2020-09-17,344
2020-09-18,377
2020-09-18,377
2020-09-18,402
2020-09-18,352
2020-09-19,371
2020-09-19,371
2020-09-19,388
2020-09-19,354
2020-09-20,362
2020-09-20,362
2020-09-20,366
2020-09-20,358
2020-09-21,355
2020-09-21,355
2020-09-21,344
2020-09-21,366
2020-09-22,354
2020-09-22,354
2020-09-22,346
2020-09-22,362
2020-09-23,348
2020-09-23,348
2020-09-23,340
2020-09-23,356
2020-09-24,346
2020-09-24,346
2020-09-24,334
2020-09-24,358
2020-09-25,344
2020-09-25,344
2020-09-25,328
2020-09-25,360
2020-09-26,347
2020-09-26,347
2020-09-26,336
2020-09-26,358
2020-09-27,348
2020-09-27,348
2020-09-27,342
2020-09-27,354
2020-09-28,341
2020-09-28,341
2020-09-28,348
2020-09-28,334
2020-09-29,311
2020-09-29,311
2020-09-29,344
2020-09-29,278
2020-09-30,312
2020-09-30,312
2020-09-30,348
2020-09-30,276
2020-10-01,304
2020-10-01,304
2020-10-01,336
2020-10-01,272
2020-10-02,305
2020-10-02,305
2020-10-02,342
2020-10-02,268
2020-10-03,300
2020-10-03,300
2020-10-03,328
2020-10-03,272
2020-10-04,294
2020-10-04,294
2020-10-04,310
2020-10-04,278
2020-10-05,280
2020-10-05,280
2020-10-05,288
2020-10-05,272
2020-10-06,276
2020-10-06,276
2020-10-06,284
2020-10-06,268
2020-10-07,271
2020-10-07,271
2020-10-07,268
2020-10-07,274
2020-10-08,262
2020-10-08,262
2020-10-08,256
2020-10-08,268
2020-10-09,264
2020-10-09,264
2020-10-09,258
2020-10-09,270
2020-10-10,263
2020-10-10,263
2020-10-10,254
2020-10-10,272
2020-10-11,270
2020-10-11,270
2020-10-11,256
2020-10-11,284
2020-10-12,283
2020-10-12,281
2020-10-12,264
2020-10-12,302
2020-10-13,295
2020-10-13,293
2020-10-13,282
2020-10-13,308
2020-10-14,308
2020-10-14,304
2020-10-14,294
2020-10-14,322
2020-10-15,334
2020-10-15,316
2020-10-15,312
2020-10-15,356
2020-10-16,342
2020-10-16,327
2020-10-16,334
2020-10-16,350
2020-10-17,345
2020-10-17,339
2020-10-17,342
2020-10-17,348
2020-10-18,350
2020-10-18,350
2020-10-18,344
2020-10-18,356
2020-10-19,316
2020-10-19,316
2020-10-19,312
2020-10-19,320
2020-10-20,271
2020-10-20,271
2020-10-20,264
2020-10-20,278
2020-10-21,267
2020-10-21,267
2020-10-21,260
2020-10-21,274
2020-10-22,267
2020-10-22,267
2020-10-22,258
2020-10-22,276
2020-10-23,274
2020-10-23,274
2020-10-23,260
2020-10-23,288
2020-10-24,280
2020-10-24,280
2020-10-24,264
2020-10-24,296
2020-10-25,290
2020-10-25,290
2020-10-25,272
2020-10-25,308
2020-10-26,300
2020-10-26,300
2020-10-26,288
2020-10-26,312
2020-10-27,299
2020-10-27,299
2020-10-27,308
2020-10-27,290
2020-10-28,286
2020-10-28,286
2020-10-28,312
2020-10-28,260
2020-10-29,279
2020-10-29,279
2020-10-29,322
2020-10-29,236
2020-10-30,283
2020-10-30,283
2020-10-30,334
2020-10-30,232
2020-10-31,285
2020-10-31,285
2020-10-31,336
2020-10-31,234
2020-11-01,285
2020-11-01,285
2020-11-01,338
2020-11-01,232
2020-11-02,254
2020-11-02,254
2020-11-02,268
2020-11-02,240
2020-11-03,244
2020-11-03,244
2020-11-03,250
2020-11-03,238
2020-11-04,236
2020-11-04,236
2020-11-04,228
2020-11-04,244
2020-11-05,238
2020-11-05,238
2020-11-05,230
2020-11-05,246
2020-11-06,235
2020-11-06,235
2020-11-06,228
2020-11-06,242
2020-11-07,231
2020-11-07,231
2020-11-07,222
2020-11-07,240
2020-11-08,245
2020-11-08,245
2020-11-08,232
2020-11-08,258
2020-11-09,267
2020-11-09,267
2020-11-09,252
2020-11-09,282
2020-11-10,292
2020-11-10,292
2020-11-10,278
2020-11-10,306
2020-11-11,303
2020-11-11,303
2020-11-11,288
2020-11-11,318
2020-11-12,309
2020-11-12,309
2020-11-12,316
2020-11-12,302
2020-11-13,311
2020-11-13,311
2020-11-13,344
2020-11-13,278
2020-11-14,293
2020-11-14,293
2020-11-14,342
2020-11-14,244
2020-11-15,296
2020-11-15,296
2020-11-15,354
2020-11-15,238
2020-11-16,304
2020-11-16,304
2020-11-16,358
2020-11-16,250
2020-11-17,291
2020-11-17,291
2020-11-17,330
2020-11-17,252
2020-11-18,281
2020-11-18,281
2020-11-18,302
2020-11-18,260
2020-11-19,275
2020-11-19,275
2020-11-19,284
2020-11-19,266
2020-11-20,261
2020-11-20,261
2020-11-20,264
2020-11-20,258
2020-11-21,261
2020-11-21,261
2020-11-21,256
2020-11-21,266
2020-11-22,271
2020-11-22,271
2020-11-22,258
2020-11-22,284
2020-11-23,276
2020-11-23,276
2020-11-23,252
2020-11-23,300
2020-11-24,285
2020-11-24,285
2020-11-24,264
2020-11-24,306
2020-11-25,299
2020-11-25,299
2020-11-25,288
2020-11-25,310
2020-11-26,310
2020-11-26,310
2020-11-26,302
2020-11-26,318
2020-11-27,305
2020-11-27,298
2020-11-27,324
2020-11-27,286
2020-11-28,271
2020-11-28,286
2020-11-28,282
2020-11-28,260
2020-11-29,272
2020-11-29,274
2020-11-29,306
2020-11-29,238
2020-11-30,260
2020-11-30,263
2020-11-30,272
2020-11-30,248
2020-12-01,258
2020-12-01,251
2020-12-01,262
2020-12-01,254
2020-12-02,242
2020-12-02,239
2020-12-02,246
2020-12-02,238
2020-12-03,244
2020-12-03,244
2020-12-03,240
2020-12-03,248
2020-12-04,254
2020-12-04,254
2020-12-04,248
2020-12-04,260
2020-12-05,252
2020-12-05,252
2020-12-05,246
2020-12-05,258
2020-12-06,261
2020-12-06,261
2020-12-06,252
2020-12-06,270
2020-12-07,272
2020-12-07,272
2020-12-07,260
2020-12-07,284
2020-12-08,286
2020-12-08,283
2020-12-08,274
2020-12-08,298
2020-12-09,309
2020-12-09,309
2020-12-09,296
2020-12-09,322
2020-12-10,320
2020-12-10,345
2020-12-10,302
2020-12-10,338
2020-12-11,329
2020-12-11,337
2020-12-11,318
2020-12-11,340
2020-12-12,329
2020-12-12,329
2020-12-12,336
2020-12-12,322
2020-12-13,305
2020-12-13,322
2020-12-13,328
2020-12-13,282
2020-12-14,322
2020-12-14,314
2020-12-14,366
2020-12-14,278
2020-12-15,306
2020-12-15,306
2020-12-15,342
2020-12-15,270
2020-12-16,295
2020-12-16,295
2020-12-16,324
2020-12-16,266
2020-12-17,280
2020-12-17,280
2020-12-17,270
2020-12-17,290
2020-12-18,286
2020-12-18,286
2020-12-18,268
2020-12-18,304
2020-12-19,295
2020-12-19,295
2020-12-19,282
2020-12-19,308
2020-12-20,303
2020-12-20,303
2020-12-20,294
2020-12-20,312
2020-12-21,307
2020-12-21,307
2020-12-21,296
2020-12-21,318
2020-12-22,314
2020-12-22,314
2020-12-22,302
2020-12-22,326
2020-12-23,324
2020-12-23,324
2020-12-23,314
2020-12-23,334
2020-12-24,334
2020-12-24,334
2020-12-24,322
2020-12-24,346
2020-12-25,346
2020-12-25,346
2020-12-25,334
2020-12-25,358
2020-12-26,325
2020-12-26,325
2020-12-26,346
2020-12-26,304
2020-12-27,300
2020-12-27,325
2020-12-27,312
2020-12-27,288
2020-12-28,331
2020-12-28,331
2020-12-28,378
2020-12-28,284
2020-12-29,344
2020-12-29,344
2020-12-29,386
2020-12-29,302
2020-12-30,329
2020-12-30,329
2020-12-30,358
2020-12-30,300
2020-12-31,328
2020-12-31,328
2020-12-31,348
2020-12-31,308
2021-01-01,322
2021-01-01,322
2021-01-01,332
2021-01-01,312
2021-01-02,316
2021-01-02,316
2021-01-02,308
2021-01-02,324
2021-01-03,326
2021-01-03,326
2021-01-03,312
2021-01-03,340
2021-01-04,341
2021-01-04,341
2021-01-04,328
2021-01-04,354
2021-01-05,351
2021-01-05,351
2021-01-05,342
2021-01-05,360
2021-01-06,357
2021-01-06,357
2021-01-06,348
2021-01-06,366
2021-01-07,374
2021-01-07,374
2021-01-07,356
2021-01-07,392
2021-01-08,388
2021-01-08,388
2021-01-08,372
2021-01-08,404
2021-01-09,392
2021-01-09,392
2021-01-09,384
2021-01-09,400
2021-01-10,397
2021-01-10,397
2021-01-10,406
2021-01-10,388
2021-01-11,395
2021-01-11,395
2021-01-11,428
2021-01-11,362
2021-01-12,405
2021-01-12,405
2021-01-12,452
2021-01-12,358
2021-01-13,381
2021-01-13,381
2021-01-13,410
2021-01-13,352
2021-01-14,412
2021-01-14,412
2021-01-14,458
2021-01-14,366
2021-01-15,402
2021-01-15,402
2021-01-15,422
2021-01-15,382
2021-01-16,392
2021-01-16,392
2021-01-16,396
2021-01-16,388
2021-01-17,390
2021-01-17,390
2021-01-17,404
2021-01-17,376
2021-01-18,377
2021-01-18,377
2021-01-18,374
2021-01-18,380
2021-01-19,397
2021-01-19,397
2021-01-19,390
2021-01-19,404
2021-01-20,401
2021-01-20,401
2021-01-20,392
2021-01-20,410
2021-01-21,396
2021-01-21,396
2021-01-21,386
2021-01-21,406
2021-01-22,399
2021-01-22,399
2021-01-22,390
2021-01-22,408
2021-01-23,398
2021-01-23,398
2021-01-23,394
2021-01-23,402
2021-01-24,404
2021-01-24,404
2021-01-24,410
2021-01-24,398
2021-01-25,401
2021-01-25,401
2021-01-25,424
2021-01-25,378
2021-01-26,401
2021-01-26,401
2021-01-26,430
2021-01-26,372
2021-01-27,405
2021-01-27,405
2021-01-27,434
2021-01-27,376
2021-01-28,411
2021-01-28,411
2021-01-28,438
2021-01-28,384
2021-01-29,411
2021-01-29,411
2021-01-29,426
2021-01-29,396
2021-01-30,401
2021-01-30,401
2021-01-30,418
2021-01-30,384
2021-01-31,418
2021-01-31,418
2021-01-31,410
2021-01-31,426
2021-02-01,424
2021-02-01,424
2021-02-01,416
2021-02-01,432
2021-02-02,434
2021-02-02,434
2021-02-02,422
2021-02-02,446
2021-02-03,439
2021-02-03,439
2021-02-03,426
2021-02-03,452
2021-02-04,448
2021-02-04,448
2021-02-04,440
2021-02-04,456
2021-02-05,455
2021-02-05,455
2021-02-05,446
2021-02-05,464
2021-02-06,463
2021-02-06,463
2021-02-06,452
2021-02-06,474
2021-02-07,464
2021-02-07,464
2021-02-07,456
2021-02-07,472
2021-02-08,458
2021-02-08,458
2021-02-08,464
2021-02-08,452
2021-02-09,455
2021-02-09,455
2021-02-09,476
2021-02-09,434
2021-02-10,457
2021-02-10,457
2021-02-10,478
2021-02-10,436
2021-02-11,453
2021-02-11,453
2021-02-11,472
2021-02-11,434
2021-02-12,439
2021-02-12,439
2021-02-12,450
2021-02-12,428
2021-02-13,442
2021-02-13,442
2021-02-13,438
2021-02-13,446
2021-02-14,448
2021-02-14,448
2021-02-14,442
2021-02-14,454
2021-02-15,464
2021-02-15,464
2021-02-15,456
2021-02-15,472
2021-02-16,467
2021-02-16,467
2021-02-16,458
2021-02-16,476
2021-02-17,464
2021-02-17,464
2021-02-17,456
2021-02-17,472
2021-02-18,461
2021-02-18,461
2021-02-18,452
2021-02-18,470
2021-02-19,461
2021-02-19,461
2021-02-19,448
2021-02-19,474
2021-02-20,462
2021-02-20,462
2021-02-20,448
2021-02-20,476
2021-02-21,463
2021-02-21,463
2021-02-21,452
2021-02-21,474
2021-02-22,466
2021-02-22,466
2021-02-22,460
2021-02-22,472
2021-02-23,466
2021-02-23,466
2021-02-23,474
2021-02-23,458
2021-02-24,465
2021-02-24,465
2021-02-24,482
2021-02-24,448
2021-02-25,473
2021-02-25,473
2021-02-25,494
2021-02-25,452
2021-02-26,483
2021-02-26,483
2021-02-26,502
2021-02-26,464
2021-02-27,481
2021-02-27,481
2021-02-27,494
2021-02-27,468
2021-02-28,477
2021-02-28,477
2021-02-28,488
2021-02-28,466
2021-03-01,490
2021-03-01,490
2021-03-01,482
2021-03-01,498
2021-03-02,488
2021-03-02,488
2021-03-02,484
2021-03-02,492
2021-03-03,499
2021-03-03,499
2021-03-03,486
2021-03-03,512
2021-03-04,515
2021-03-04,515
2021-03-04,504
2021-03-04,526
2021-03-05,519
2021-03-05,519
2021-03-05,510
2021-03-05,528
2021-03-06,519
2021-03-06,519
2021-03-06,512
2021-03-06,526
2021-03-07,523
2021-03-07,523
2021-03-07,514
2021-03-07,532
2021-03-08,519
2021-03-08,519
2021-03-08,510
2021-03-08,528
2021-03-09,523
2021-03-09,523
2021-03-09,530
2021-03-09,516
2021-03-10,517
2021-03-10,517
2021-03-10,534
2021-03-10,500
2021-03-11,518
2021-03-11,518
2021-03-11,538
2021-03-11,498
2021-03-12,524
2021-03-12,524
2021-03-12,536
2021-03-12,512
2021-03-13,514
2021-03-13,514
2021-03-13,518
2021-03-13,510
2021-03-14,519
2021-03-14,519
2021-03-14,516
2021-03-14,522
2021-03-15,516
2021-03-15,516
2021-03-15,512
2021-03-15,520
2021-03-16,524
2021-03-16,524
2021-03-16,516
2021-03-16,532
2021-03-17,535
2021-03-17,535
2021-03-17,528
2021-03-17,542
2021-03-18,535
2021-03-18,535
2021-03-18,530
2021-03-18,540
2021-03-19,538
2021-03-19,538
2021-03-19,532
2021-03-19,544
2021-03-20,532
2021-03-20,532
2021-03-20,528
2021-03-20,536
2021-03-21,532
2021-03-21,532
2021-03-21,526
2021-03-21,538
2021-03-22,530
2021-03-22,530
2021-03-22,528
2021-03-22,532
2021-03-23,531
2021-03-23,531
2021-03-23,536
2021-03-23,526
2021-03-24,535
2021-03-24,535
2021-03-24,538
2021-03-24,532
2021-03-25,538
2021-03-25,538
2021-03-25,542
2021-03-25,534
2021-03-26,539
2021-03-26,539
2021-03-26,550
2021-03-26,528
2021-03-27,539
2021-03-27,539
2021-03-27,552
2021-03-27,526
2021-03-28,543
2021-03-28,543
2021-03-28,554
2021-03-28,532
2021-03-29,549
2021-03-29,549
2021-03-29,546
2021-03-29,552
2021-03-30,558
2021-03-30,558
2021-03-30,552
2021-03-30,564
2021-03-31,565
2021-03-31,565
2021-03-31,554
2021-03-31,576
2021-04-01,573
2021-04-01,573
2021-04-01,564
2021-04-01,582
2021-04-02,578
2021-04-02,578
2021-04-02,572
2021-04-02,584
2021-04-03,578
2021-04-03,578
2021-04-03,574
2021-04-03,582
2021-04-04,578
2021-04-04,578
2021-04-04,572
2021-04-04,584
2021-04-05,574
2021-04-05,574
2021-04-05,570
2021-04-05,578
2021-04-06,568
2021-04-06,568
2021-04-06,572
2021-04-06,564
2021-04-07,563
2021-04-07,563
2021-04-07,570
2021-04-07,556
2021-04-08,556
2021-04-08,556
2021-04-08,568
2021-04-08,544
2021-04-09,556
2021-04-09,556
2021-04-09,570
2021-04-09,542
2021-04-10,557
2021-04-10,557
2021-04-10,568
2021-04-10,546
2021-04-11,558
2021-04-11,558
2021-04-11,566
2021-04-11,550
2021-04-12,554
2021-04-12,554
2021-04-12,556
2021-04-12,552
2021-04-13,554
2021-04-13,554
2021-04-13,548
2021-04-13,560
2021-04-14,558
2021-04-14,558
2021-04-14,552
2021-04-14,564
2021-04-15,558
2021-04-15,558
2021-04-15,554
2021-04-15,562
2021-04-16,560
2021-04-16,560
2021-04-16,556
2021-04-16,564
2021-04-17,561
2021-04-17,561
2021-04-17,554
2021-04-17,568
2021-04-18,566
2021-04-18,565.5
2021-04-18,558
2021-04-18,573
2021-04-19,562
2021-04-19,562
2021-04-19,556
2021-04-19,568
2021-04-20,558
2021-04-20,558
2021-04-20,552
2021-04-20,564
2021-04-21,560
2021-04-21,560
2021-04-21,554
2021-04-21,566
2021-04-22,558
2021-04-22,558
2021-04-22,552
2021-04-22,564
2021-04-23,562
2021-04-23,562
2021-04-23,558
2021-04-23,566
2021-04-24,564
2021-04-24,564
2021-04-24,570
2021-04-24,558
2021-04-25,563
2021-04-25,563
2021-04-25,574
2021-04-25,552
2021-04-26,567
2021-04-26,567
2021-04-26,576
2021-04-26,558
2021-04-27,568
2021-04-27,568
2021-04-27,572
2021-04-27,564
2021-04-28,572
2021-04-28,572
2021-04-28,576
2021-04-28,568
2021-04-29,578
2021-04-29,578
2021-04-29,572
2021-04-29,584
2021-04-30,582
2021-04-30,582
2021-04-30,576
2021-04-30,588
2021-05-01,588
2021-05-01,588
2021-05-01,582
2021-05-01,594
2021-05-02,587
2021-05-02,587
2021-05-02,584
2021-05-02,590
2021-05-03,588
2021-05-03,588
2021-05-03,580
2021-05-03,596
2021-05-04,584
2021-05-04,584
2021-05-04,578
2021-05-04,590
2021-05-05,584
2021-05-05,584
2021-05-05,582
2021-05-05,586
2021-05-06,574
2021-05-06,574
2021-05-06,580
2021-05-06,568
2021-05-07,570
2021-05-07,570
2021-05-07,578
2021-05-07,562
2021-05-08,575
2021-05-08,575
2021-05-08,582
2021-05-08,568
2021-05-09,573
2021-05-09,573
2021-05-09,580
2021-05-09,566
2021-05-10,575
2021-05-10,575
2021-05-10,582
2021-05-10,568
2021-05-11,575
2021-05-11,575
2021-05-11,584
2021-05-11,566
2021-05-12,576
2021-05-12,576
2021-05-12,582
2021-05-12,570
2021-05-13,580
2021-05-13,580
2021-05-13,576
2021-05-13,584
2021-05-14,583
2021-05-14,583
2021-05-14,578
2021-05-14,588
2021-05-15,579
2021-05-15,579
2021-05-15,572
2021-05-15,586
2021-05-16,582
2021-05-16,582
2021-05-16,576
2021-05-16,588
2021-05-17,582
2021-05-17,582
2021-05-17,578
2021-05-17,586
2021-05-18,580
2021-05-18,580
2021-05-18,576
2021-05-18,584
2021-05-19,580
2021-05-19,580
2021-05-19,574
2021-05-19,586
2021-05-20,580
2021-05-20,580
2021-05-20,576
2021-05-20,584
2021-05-21,583
2021-05-21,583
2021-05-21,580
2021-05-21,586
2021-05-22,583
2021-05-22,583
2021-05-22,588
2021-05-22,578
2021-05-23,589
2021-05-23,589
2021-05-23,598
2021-05-23,580
2021-05-24,581
2021-05-24,581
2021-05-24,590
2021-05-24,572
2021-05-25,581
2021-05-25,581
2021-05-25,592
2021-05-25,570
2021-05-26,585
2021-05-26,585
2021-05-26,594
2021-05-26,576
2021-05-27,584
2021-05-27,584
2021-05-27,588
2021-05-27,580
2021-05-28,585
2021-05-28,585
2021-05-28,578
2021-05-28,592
2021-05-29,587
2021-05-29,587
2021-05-29,580
2021-05-29,594
2021-05-30,589
2021-05-30,589
2021-05-30,582
2021-05-30,596
2021-05-31,586
2021-05-31,586
2021-05-31,578
2021-05-31,594
2021-06-01,588
2021-06-01,588
2021-06-01,584
2021-06-01,592
2021-06-02,585
2021-06-02,585
2021-06-02,582
2021-06-02,588
2021-06-03,583
2021-06-03,583
2021-06-03,580
2021-06-03,586
2021-06-04,578
2021-06-04,578
2021-06-04,582
2021-06-04,574
2021-06-05,576
2021-06-05,576
2021-06-05,580
2021-06-05,572
2021-06-06,574
2021-06-06,574
2021-06-06,582
2021-06-06,566
2021-06-07,567
2021-06-07,567
2021-06-07,578
2021-06-07,556
2021-06-08,565
2021-06-08,565
2021-06-08,572
2021-06-08,558
2021-06-09,562
2021-06-09,562
2021-06-09,568
2021-06-09,556
2021-06-10,557
2021-06-10,557
2021-06-10,560
2021-06-10,554
2021-06-11,560
2021-06-11,560
2021-06-11,562
2021-06-11,558
2021-06-12,557
2021-06-12,557
2021-06-12,560
2021-06-12,554
2021-06-13,554
2021-06-13,554
2021-06-13,552
2021-06-13,556
2021-06-14,552
2021-06-14,552
2021-06-14,546
2021-06-14,558
2021-06-15,560
2021-06-15,560
2021-06-15,552
2021-06-15,568
2021-06-16,564
2021-06-16,564
2021-06-16,556
2021-06-16,572
2021-06-17,568
2021-06-17,568
2021-06-17,562
2021-06-17,574
2021-06-18,570
2021-06-18,570
2021-06-18,564
2021-06-18,576
2021-06-19,572
2021-06-19,572
2021-06-19,566
2021-06-19,578
2021-06-20,570
2021-06-20,570
2021-06-20,572
2021-06-20,568
2021-06-21,570
2021-06-21,570
2021-06-21,574
2021-06-21,566
2021-06-22,568
2021-06-22,568
2021-06-22,576
2021-06-22,560
2021-06-23,565
2021-06-23,565
2021-06-23,578
2021-06-23,552
2021-06-24,562
2021-06-24,562
2021-06-24,574
2021-06-24,550
2021-06-25,558
2021-06-25,558
2021-06-25,568
2021-06-25,548
2021-06-26,560
2021-06-26,560
2021-06-26,556
2021-06-26,564
2021-06-27,560
2021-06-27,560
2021-06-27,554
2021-06-27,566
2021-06-28,562
2021-06-28,562
2021-06-28,556
2021-06-28,568
2021-06-29,564
2021-06-29,564
2021-06-29,558
2021-06-29,570
2021-06-30,561
2021-06-30,561
2021-06-30,554
2021-06-30,568
2021-07-01,560
2021-07-01,560
2021-07-01,554
2021-07-01,566
2021-07-02,563
2021-07-02,563
2021-07-02,556
2021-07-02,570
2021-07-03,562
2021-07-03,562
2021-07-03,558
2021-07-03,566
2021-07-04,558
2021-07-04,558
2021-07-04,554
2021-07-04,562
2021-07-05,552
2021-07-05,552
2021-07-05,556
2021-07-05,548
2021-07-06,549
2021-07-06,549
2021-07-06,554
2021-07-06,544
2021-07-07,538
2021-07-07,538
2021-07-07,548
2021-07-07,528
2021-07-08,533
2021-07-08,533
2021-07-08,544
2021-07-08,522
2021-07-09,532
2021-07-09,532
2021-07-09,540
2021-07-09,524
2021-07-10,530
2021-07-10,530
2021-07-10,534
2021-07-10,526
2021-07-11,532
2021-07-11,532
2021-07-11,528
2021-07-11,536
2021-07-12,533
2021-07-12,533
2021-07-12,526
2021-07-12,540
2021-07-13,539
2021-07-13,539
2021-07-13,534
2021-07-13,544
2021-07-14,542
2021-07-14,542
2021-07-14,536
2021-07-14,548
2021-07-15,544
2021-07-15,544
2021-07-15,538
2021-07-15,550
2021-07-16,548
2021-07-16,548
2021-07-16,544
2021-07-16,552
2021-07-17,547
2021-07-17,547
2021-07-17,540
2021-07-17,554
2021-07-18,550
2021-07-18,550
2021-07-18,544
2021-07-18,556
2021-07-19,548
2021-07-19,548
2021-07-19,542
2021-07-19,554
2021-07-20,544
2021-07-20,544
2021-07-20,540
2021-07-20,548
2021-07-21,543
2021-07-21,543
2021-07-21,546
2021-07-21,540
2021-07-22,533
2021-07-22,533
2021-07-22,540
2021-07-22,526
2021-07-23,531
2021-07-23,531
2021-07-23,542
2021-07-23,520
2021-07-24,527
2021-07-24,527
2021-07-24,538
2021-07-24,516
2021-07-25,529
2021-07-25,529
2021-07-25,536
2021-07-25,522
2021-07-26,524
2021-07-26,524
2021-07-26,518
2021-07-26,530
2021-07-27,526
2021-07-27,526
2021-07-27,520
2021-07-27,532
2021-07-28,524
2021-07-28,524
2021-07-28,518
2021-07-28,530
2021-07-29,524
2021-07-29,524
2021-07-29,520
2021-07-29,528
2021-07-30,525
2021-07-30,525
2021-07-30,518
2021-07-30,532
2021-07-31,527
2021-07-31,527
2021-07-31,520
2021-07-31,534
2021-08-01,522
2021-08-01,522
2021-08-01,516
2021-08-01,528
2021-08-02,522
2021-08-02,522
2021-08-02,518
2021-08-02,526
2021-08-03,520
2021-08-03,520
2021-08-03,524
2021-08-03,516
2021-08-04,511
2021-08-04,511
2021-08-04,518
2021-08-04,504
2021-08-05,498
2021-08-05,498
2021-08-05,504
2021-08-05,492
2021-08-06,497
2021-08-06,497
2021-08-06,508
2021-08-06,486
2021-08-07,495
2021-08-07,495
2021-08-07,510
2021-08-07,480
2021-08-08,494
2021-08-08,494
2021-08-08,506
2021-08-08,482
2021-08-09,489
2021-08-09,489
2021-08-09,492
2021-08-09,486
2021-08-10,486
2021-08-10,486
2021-08-10,484
2021-08-10,488
2021-08-11,487
2021-08-11,487
2021-08-11,480
2021-08-11,494
2021-08-12,490
2021-08-12,490
2021-08-12,482
2021-08-12,498
2021-08-13,496
2021-08-13,496
2021-08-13,488
2021-08-13,504
2021-08-14,501
2021-08-14,501
2021-08-14,494
2021-08-14,508
2021-08-15,506
2021-08-15,506
2021-08-15,498
2021-08-15,514
2021-08-16,506
2021-08-16,506
2021-08-16,496
2021-08-16,516
2021-08-17,501
2021-08-17,501
2021-08-17,490
2021-08-17,512
2021-08-18,503
2021-08-18,503
2021-08-18,492
2021-08-18,514
2021-08-19,504
2021-08-19,504
2021-08-19,508
2021-08-19,500
2021-08-20,495
2021-08-20,495
2021-08-20,514
2021-08-20,476
2021-08-21,488
2021-08-21,488
2021-08-21,510
2021-08-21,466
2021-08-22,485
2021-08-22,485
2021-08-22,502
2021-08-22,468
2021-08-23,483
2021-08-23,483
2021-08-23,496
2021-08-23,470
2021-08-24,473
2021-08-24,473
2021-08-24,470
2021-08-24,476
2021-08-25,469
2021-08-25,469
2021-08-25,466
2021-08-25,472
2021-08-26,470
2021-08-26,470
2021-08-26,472
2021-08-26,468
2021-08-27,470
2021-08-27,469
2021-08-27,464
2021-08-27,476
2021-08-28,470
2021-08-28,466
2021-08-28,462
2021-08-28,478
2021-08-29,468
2021-08-29,462
2021-08-29,464
2021-08-29,472
2021-08-30,468
2021-08-30,456
2021-08-30,462
2021-08-30,474
2021-08-31,466
2021-08-31,447
2021-08-31,460
2021-08-31,472
2021-09-01,463
2021-09-01,439
2021-09-01,456
2021-09-01,470
2021-09-02,463
2021-09-02,434
2021-09-02,460
2021-09-02,466
2021-09-03,459
2021-09-03,432
2021-09-03,468
2021-09-03,450
2021-09-04,447
2021-09-04,432
2021-09-04,460
2021-09-04,434
2021-09-05,446
2021-09-05,438
2021-09-05,464
2021-09-05,428
2021-09-06,444
2021-09-06,442
2021-09-06,462
2021-09-06,426
2021-09-07,444
2021-09-07,445
2021-09-07,460
2021-09-07,428
2021-09-08,428
2021-09-08,447
2021-09-08,430
2021-09-08,426
2021-09-09,436
2021-09-09,448
2021-09-09,432
2021-09-09,440
2021-09-10,439
2021-09-10,447
2021-09-10,434
2021-09-10,444
2021-09-11,442
2021-09-11,446
2021-09-11,436
2021-09-11,448
2021-09-12,442
2021-09-12,441
2021-09-12,434
2021-09-12,450
2021-09-13,440
2021-09-13,436
2021-09-13,434
2021-09-13,446
2021-09-14,442
2021-09-14,427
2021-09-14,432
2021-09-14,452
2021-09-15,444
2021-09-15,420
2021-09-15,434
2021-09-15,454
2021-09-16,452
2021-09-16,412
2021-09-16,446
2021-09-16,458
2021-09-17,447
2021-09-17,409
2021-09-17,452
2021-09-17,442
2021-09-18,424
2021-09-18,411
2021-09-18,450
2021-09-18,398
2021-09-19,422
2021-09-19,415
2021-09-19,448
2021-09-19,396
2021-09-20,420
2021-09-20,418
2021-09-20,446
2021-09-20,394
2021-09-21,416
2021-09-21,418
2021-09-21,432
2021-09-21,400
2021-09-22,416
2021-09-22,417
2021-09-22,430
2021-09-22,402
2021-09-23,409
2021-09-23,414
2021-09-23,426
2021-09-23,392
2021-09-24,396
2021-09-24,407
2021-09-24,390
2021-09-24,402
2021-09-25,390
2021-09-25,400
2021-09-25,386
2021-09-25,394
2021-09-26,385
2021-09-26,392
2021-09-26,378
2021-09-26,392
2021-09-27,387
2021-09-27,386
2021-09-27,380
2021-09-27,394
2021-09-28,384
2021-09-28,375
2021-09-28,376
2021-09-28,392
2021-09-29,378
2021-09-29,362
2021-09-29,372
2021-09-29,384
2021-09-30,378
2021-09-30,354
2021-09-30,370
2021-09-30,386
2021-10-01,380
2021-10-01,349
2021-10-01,372
2021-10-01,388
2021-10-02,388
2021-10-02,353
2021-10-02,392
2021-10-02,384
2021-10-03,395
2021-10-03,359
2021-10-03,408
2021-10-03,382
2021-10-04,397
2021-10-04,367
2021-10-04,418
2021-10-04,376
2021-10-05,391
2021-10-05,375
2021-10-05,424
2021-10-05,358
2021-10-06,388
2021-10-06,376
2021-10-06,422
2021-10-06,354
2021-10-07,375
2021-10-07,378
2021-10-07,398
2021-10-07,352
2021-10-08,361
2021-10-08,380
2021-10-08,366
2021-10-08,356
2021-10-09,355
2021-10-09,377
2021-10-09,348
2021-10-09,362
2021-10-10,354
2021-10-10,372
2021-10-10,344
2021-10-10,364
2021-10-11,359
2021-10-11,367
2021-10-11,348
2021-10-11,370
2021-10-12,355
2021-10-12,357
2021-10-12,346
2021-10-12,364
2021-10-13,361
2021-10-13,343
2021-10-13,350
2021-10-13,372
2021-10-14,366
2021-10-14,336
2021-10-14,358
2021-10-14,374
2021-10-15,366
2021-10-15,328
2021-10-15,356
2021-10-15,376
2021-10-16,370
2021-10-16,324
2021-10-16,372
2021-10-16,368
2021-10-17,360
2021-10-17,328
2021-10-17,384
2021-10-17,336
2021-10-18,357
2021-10-18,332
2021-10-18,392
2021-10-18,322
2021-10-19,343
2021-10-19,330
2021-10-19,384
2021-10-19,302
2021-10-20,330
2021-10-20,329
2021-10-20,362
2021-10-20,298
2021-10-21,316
2021-10-21,333
2021-10-21,328
2021-10-21,304
2021-10-22,315
2021-10-22,332
2021-10-22,320
2021-10-22,310
2021-10-23,302
2021-10-23,324
2021-10-23,300
2021-10-23,304
2021-10-24,300
2021-10-24,320
2021-10-24,294
2021-10-24,306
2021-10-25,299
2021-10-25,315
2021-10-25,290
2021-10-25,308
2021-10-26,301
2021-10-26,307
2021-10-26,292
2021-10-26,310
2021-10-27,304
2021-10-27,315
2021-10-27,296
2021-10-27,312
2021-10-28,301
2021-10-28,305
2021-10-28,294
2021-10-28,308
2021-10-29,298
2021-10-29,295
2021-10-29,290
2021-10-29,306
2021-10-30,315
2021-10-30,291
2021-10-30,302
2021-10-30,328
2021-10-31,330
2021-10-31,297
2021-10-31,320
2021-10-31,340
2021-11-01,350
2021-11-01,307
2021-11-01,346
2021-11-01,354
2021-11-02,346
2021-11-02,318
2021-11-02,372
2021-11-02,320
2021-11-03,340
2021-11-03,324
2021-11-03,384
2021-11-03,296
2021-11-04,336
2021-11-04,331
2021-11-04,388
2021-11-04,284
2021-11-05,330
2021-11-05,335
2021-11-05,374
2021-11-05,286
2021-11-06,318
2021-11-06,335
2021-11-06,352
2021-11-06,284
2021-11-07,297
2021-11-07,335
2021-11-07,292
2021-11-07,302
2021-11-08,295
2021-11-08,330
2021-11-08,284
2021-11-08,306
2021-11-09,304
2021-11-09,326
2021-11-09,294
2021-11-09,314
2021-11-10,302
2021-11-10,320
2021-11-10,292
2021-11-10,312
2021-11-11,310
2021-11-11,313
2021-11-11,298
2021-11-11,322
2021-11-12,327
2021-11-12,313
2021-11-12,310
2021-11-12,344
2021-11-13,344
2021-11-13,310
2021-11-13,324
2021-11-13,364
2021-11-14,346
2021-11-14,309
2021-11-14,342
2021-11-14,350
2021-11-15,344
2021-11-15,313
2021-11-15,360
2021-11-15,328
2021-11-16,337
2021-11-16,323
2021-11-16,376
2021-11-16,298
2021-11-17,332
2021-11-17,328
2021-11-17,372
2021-11-17,292
2021-11-18,330
2021-11-18,331
2021-11-18,370
2021-11-18,290
2021-11-19,317
2021-11-19,330
2021-11-19,342
2021-11-19,292
2021-11-20,319
2021-11-20,333
2021-11-20,334
2021-11-20,304
2021-11-21,313
2021-11-21,336
2021-11-21,320
2021-11-21,306
2021-11-22,308
2021-11-22,337
2021-11-22,302
2021-11-22,314
2021-11-23,306
2021-11-23,332
2021-11-23,300
2021-11-23,312
2021-11-24,306
2021-11-24,328
2021-11-24,298
2021-11-24,314
2021-11-25,307
2021-11-25,328
2021-11-25,302
2021-11-25,312
2021-11-26,319
2021-11-26,325
2021-11-26,312
2021-11-26,326
2021-11-27,324
2021-11-27,326
2021-11-27,314
2021-11-27,334
2021-11-28,336
2021-11-28,328
2021-11-28,318
2021-11-28,354
2021-11-29,355
2021-11-29,331
2021-11-29,340
2021-11-29,370
2021-11-30,370
2021-11-30,337
2021-11-30,362
2021-11-30,378
2021-12-01,380
2021-12-01,347
2021-12-01,386
2021-12-01,374
2021-12-02,374
2021-12-02,356
2021-12-02,402
2021-12-02,346
2021-12-03,370
2021-12-03,362
2021-12-03,414
2021-12-03,326
2021-12-04,370
2021-12-04,369
2021-12-04,412
2021-12-04,328
2021-12-05,357
2021-12-05,370
2021-12-05,372
2021-12-05,342
2021-12-06,345
2021-12-06,374
2021-12-06,344
2021-12-06,346
2021-12-07,336
2021-12-07,375
2021-12-07,328
2021-12-07,344
2021-12-08,353
2021-12-08,375
2021-12-08,342
2021-12-08,364
2021-12-09,356
2021-12-09,370
2021-12-09,344
2021-12-09,368
2021-12-10,359
2021-12-10,371
2021-12-10,342
2021-12-10,376
2021-12-11,386
2021-12-11,371
2021-12-11,378
2021-12-11,394
2021-12-12,388
2021-12-12,368
2021-12-12,374
2021-12-12,402
2021-12-13,387
2021-12-13,366
2021-12-13,376
2021-12-13,398
2021-12-14,390
2021-12-14,367
2021-12-14,396
2021-12-14,384
2021-12-15,390
2021-12-15,371
2021-12-15,408
2021-12-15,372
2021-12-16,385
2021-12-16,379
2021-12-16,416
2021-12-16,354
2021-12-17,387
2021-12-17,382
2021-12-17,422
2021-12-17,352
2021-12-18,385
2021-12-18,386
2021-12-18,416
2021-12-18,354
2021-12-19,387
2021-12-19,387
2021-12-19,414
2021-12-19,360
2021-12-20,373
2021-12-20,392
2021-12-20,378
2021-12-20,368
2021-12-21,372
2021-12-21,392
2021-12-21,366
2021-12-21,378
2021-12-22,370
2021-12-22,396
2021-12-22,364
2021-12-22,376
2021-12-23,368
2021-12-23,399
2021-12-23,362
2021-12-23,374
2021-12-24,383
2021-12-24,392
2021-12-24,380
2021-12-24,386
2021-12-25,380
2021-12-25,393
2021-12-25,368
2021-12-25,392
2021-12-26,387
2021-12-26,388
2021-12-26,376
2021-12-26,398
2021-12-27,403
2021-12-27,396
2021-12-27,392
2021-12-27,414
2021-12-28,413
2021-12-28,397
2021-12-28,402
2021-12-28,424
2021-12-29,419
2021-12-29,401
2021-12-29,412
2021-12-29,426
2021-12-30,435
2021-12-30,409
2021-12-30,434
2021-12-30,436
2021-12-31,439
2021-12-31,422
2021-12-31,450
2021-12-31,428
2022-01-01,447
2022-01-01,447
2022-01-01,486
2022-01-01,408
2022-01-02,436
2022-01-02,436
2022-01-02,466
2022-01-02,406
2022-01-03,439
2022-01-03,439
2022-01-03,464
2022-01-03,414
2022-01-04,448
2022-01-04,448
2022-01-04,466
2022-01-04,430
2022-01-05,435
2022-01-05,435
2022-01-05,428
2022-01-05,442
2022-01-06,442
2022-01-06,442
2022-01-06,432
2022-01-06,452
2022-01-07,447
2022-01-07,447
2022-01-07,438
2022-01-07,456
2022-01-08,461
2022-01-08,461
2022-01-08,452
2022-01-08,470
2022-01-09,467
2022-01-09,467
2022-01-09,462
2022-01-09,472
2022-01-10,464
2022-01-10,464
2022-01-10,454
2022-01-10,474
2022-01-11,464
2022-01-11,464
2022-01-11,456
2022-01-11,472
2022-01-12,458
2022-01-12,458
2022-01-12,452
2022-01-12,464
2022-01-13,455
2022-01-13,455
2022-01-13,466
2022-01-13,444
2022-01-14,450
2022-01-14,450
2022-01-14,472
2022-01-14,428
2022-01-15,452
2022-01-15,452
2022-01-15,478
2022-01-15,426
2022-01-16,456
2022-01-16,456
2022-01-16,480
2022-01-16,432
2022-01-17,457
2022-01-17,457
2022-01-17,474
2022-01-17,440
2022-01-18,449
2022-01-18,449
2022-01-18,454
2022-01-18,444
2022-01-19,449
2022-01-19,449
2022-01-19,446
2022-01-19,452
2022-01-20,456
2022-01-20,456
2022-01-20,452
2022-01-20,460
2022-01-21,460
2022-01-21,460
2022-01-21,454
2022-01-21,466
2022-01-22,462
2022-01-22,462
2022-01-22,456
2022-01-22,468
2022-01-23,466
2022-01-23,466
2022-01-23,458
2022-01-23,474
2022-01-24,468
2022-01-24,468
2022-01-24,454
2022-01-24,482
2022-01-25,469
2022-01-25,469
2022-01-25,458
2022-01-25,480
2022-01-26,478
2022-01-26,478
2022-01-26,472
2022-01-26,484
2022-01-27,485
2022-01-27,485
2022-01-27,478
2022-01-27,492
2022-01-28,484
2022-01-28,484
2022-01-28,482
2022-01-28,486
2022-01-29,485
2022-01-29,485
2022-01-29,494
2022-01-29,476
2022-01-30,506
2022-01-30,506
2022-01-30,560
2022-01-30,452
2022-01-31,479
2022-01-31,479
2022-01-31,502
2022-01-31,456
2022-02-01,478
2022-02-01,478
2022-02-01,494
2022-02-01,462
2022-02-02,470
2022-02-02,470
2022-02-02,472
2022-02-02,468
2022-02-03,465
2022-02-03,465
2022-02-03,464
2022-02-03,466
2022-02-04,476
2022-02-04,476
2022-02-04,468
2022-02-04,484
2022-02-05,479
2022-02-05,479
2022-02-05,472
2022-02-05,486
2022-02-06,478
2022-02-06,478
2022-02-06,474
2022-02-06,482
2022-02-07,476
2022-02-07,476
2022-02-07,472
2022-02-07,480
2022-02-08,475
2022-02-08,475
2022-02-08,466
2022-02-08,484
2022-02-09,474
2022-02-09,474
2022-02-09,468
2022-02-09,480
2022-02-10,470
2022-02-10,470
2022-02-10,466
2022-02-10,474
2022-02-11,470
2022-02-11,470
2022-02-11,472
2022-02-11,468
2022-02-12,460
2022-02-12,460
2022-02-12,466
2022-02-12,454
2022-02-13,461
2022-02-13,461
2022-02-13,480
2022-02-13,442
2022-02-14,458
2022-02-14,458
2022-02-14,476
2022-02-14,440
2022-02-15,466
2022-02-15,466
2022-02-15,480
2022-02-15,452
2022-02-16,473
2022-02-16,473
2022-02-16,490
2022-02-16,456
2022-02-17,464
2022-02-17,464
2022-02-17,468
2022-02-17,460
2022-02-18,466
2022-02-18,466
2022-02-18,462
2022-02-18,470
2022-02-19,474
2022-02-19,474
2022-02-19,466
2022-02-19,482
2022-02-20,478
2022-02-20,478
2022-02-20,472
2022-02-20,484
2022-02-21,480
2022-02-21,480
2022-02-21,474
2022-02-21,486
2022-02-22,481
2022-02-22,481
2022-02-22,478
2022-02-22,484
2022-02-23,488
2022-02-23,488
2022-02-23,486
2022-02-23,490
2022-02-24,494
2022-02-24,494
2022-02-24,490
2022-02-24,498
2022-02-25,494
2022-02-25,494
2022-02-25,492
2022-02-25,496
2022-02-26,505
2022-02-26,505
2022-02-26,502
2022-02-26,508
2022-02-27,498
2022-02-27,498
2022-02-27,510
2022-02-27,486
2022-02-28,497
2022-02-28,497
2022-02-28,506
2022-02-28,488
2022-03-01,495
2022-03-01,495
2022-03-01,516
2022-03-01,474
2022-03-02,494
2022-03-02,494
2022-03-02,504
2022-03-02,484
2022-03-03,490
2022-03-03,490
2022-03-03,492
2022-03-03,488
2022-03-04,496
2022-03-04,496
2022-03-04,494
2022-03-04,498
2022-03-05,497
2022-03-05,497
2022-03-05,492
2022-03-05,502
2022-03-06,507
2022-03-06,507
2022-03-06,496
2022-03-06,518
2022-03-07,506
2022-03-07,506
2022-03-07,504
2022-03-07,508
2022-03-08,504
2022-03-08,504
2022-03-08,498
2022-03-08,510
2022-03-09,507
2022-03-09,507
2022-03-09,500
2022-03-09,514
2022-03-10,510
2022-03-10,510
2022-03-10,504
2022-03-10,516
2022-03-11,502
2022-03-11,502
2022-03-11,500
2022-03-11,504
2022-03-12,500
2022-03-12,500
2022-03-12,498
2022-03-12,502
2022-03-13,524
2022-03-13,524
2022-03-13,560
2022-03-13,488
2022-03-14,499
2022-03-14,499
2022-03-14,512
2022-03-14,486
2022-03-15,497
2022-03-15,497
2022-03-15,510
2022-03-15,484
2022-03-16,504
2022-03-16,504
2022-03-16,518
2022-03-16,490
2022-03-17,510
2022-03-17,510
2022-03-17,520
2022-03-17,500
2022-03-18,517
2022-03-18,517
2022-03-18,524
2022-03-18,510
2022-03-19,520
2022-03-19,520
2022-03-19,526
2022-03-19,514
2022-03-20,519
2022-03-20,519
2022-03-20,522
2022-03-20,516
2022-03-21,527
2022-03-21,527
2022-03-21,520
2022-03-21,534
2022-03-22,530
2022-03-22,530
2022-03-22,522
2022-03-22,538
2022-03-23,540
2022-03-23,540
2022-03-23,528
2022-03-23,552
2022-03-24,546
2022-03-24,546
2022-03-24,532
2022-03-24,560
2022-03-25,553
2022-03-25,553
2022-03-25,544
2022-03-25,562
2022-03-26,548
2022-03-26,548
2022-03-26,540
2022-03-26,556
2022-03-27,548
2022-03-27,548
2022-03-27,544
2022-03-27,552
2022-03-28,549
2022-03-28,549
2022-03-28,548
2022-03-28,550
2022-03-29,552
2022-03-29,552
2022-03-29,564
2022-03-29,540
2022-03-30,559
2022-03-30,559
2022-03-30,570
2022-03-30,548
2022-03-31,558
2022-03-31,558
2022-03-31,574
2022-03-31,542
2022-04-01,555
2022-04-01,555
2022-04-01,558
2022-04-01,552
2022-04-02,559
2022-04-02,559
2022-04-02,554
2022-04-02,564
2022-04-03,570
2022-04-03,570
2022-04-03,568
2022-04-03,572
2022-04-04,570
2022-04-04,570
2022-04-04,564
2022-04-04,576
2022-04-05,576
2022-04-05,576
2022-04-05,574
2022-04-05,578
2022-04-06,573
2022-04-06,573
2022-04-06,568
2022-04-06,578
2022-04-07,573
2022-04-07,573
2022-04-07,570
2022-04-07,576
2022-04-08,574
2022-04-08,574
2022-04-08,568
2022-04-08,580
2022-04-09,572
2022-04-09,572
2022-04-09,570
2022-04-09,574
2022-04-10,573
2022-04-10,573
2022-04-10,572
2022-04-10,574
2022-04-11,571
2022-04-11,571
2022-04-11,574
2022-04-11,568
2022-04-12,574
2022-04-12,574
2022-04-12,578
2022-04-12,570
2022-04-13,577
2022-04-13,577
2022-04-13,582
2022-04-13,572
2022-04-14,577
2022-04-14,577
2022-04-14,584
2022-04-14,570
2022-04-15,582
2022-04-15,582
2022-04-15,588
2022-04-15,576
2022-04-16,587
2022-04-16,587
2022-04-16,590
2022-04-16,584
2022-04-17,593
2022-04-17,593
2022-04-17,590
2022-04-17,596
2022-04-18,596
2022-04-18,596
2022-04-18,594
2022-04-18,598
2022-04-19,597
2022-04-19,597
2022-04-19,592
2022-04-19,602
2022-04-20,600
2022-04-20,600
2022-04-20,594
2022-04-20,606
2022-04-21,605
2022-04-21,605
2022-04-21,598
2022-04-21,612
2022-04-22,604
2022-04-22,604
2022-04-22,600
2022-04-22,608
2022-04-23,599
2022-04-23,599
2022-04-23,598
2022-04-23,600
2022-04-24,595
2022-04-24,595
2022-04-24,596
2022-04-24,594
2022-04-25,591
2022-04-25,591
2022-04-25,594
2022-04-25,588
2022-04-26,590
2022-04-26,590
2022-04-26,596
2022-04-26,584
2022-04-27,586
2022-04-27,586
2022-04-27,596
2022-04-27,576
2022-04-28,585
2022-04-28,585
2022-04-28,594
2022-04-28,576
2022-04-29,586
2022-04-29,586
2022-04-29,590
2022-04-29,582
2022-04-30,589
2022-04-30,589
2022-04-30,590
2022-04-30,588
2022-05-01,590
2022-05-01,590
2022-05-01,588
2022-05-01,592
2022-05-02,594
2022-05-02,594
2022-05-02,590
2022-05-02,598
2022-05-03,587
2022-05-03,587
2022-05-03,588
2022-05-03,586
2022-05-04,594
2022-05-04,594
2022-05-04,590
2022-05-04,598
2022-05-05,591
2022-05-05,591
2022-05-05,586
2022-05-05,596
2022-05-06,588
2022-05-06,588
2022-05-06,584
2022-05-06,592
2022-05-07,586
2022-05-07,586
2022-05-07,582
2022-05-07,590
2022-05-08,585
2022-05-08,585
2022-05-08,582
2022-05-08,588
2022-05-09,583
2022-05-09,583
2022-05-09,580
2022-05-09,586
2022-05-10,584
2022-05-10,584
2022-05-10,584
2022-05-10,584
2022-05-11,579
2022-05-11,579
2022-05-11,582
2022-05-11,576
2022-05-12,581
2022-05-12,581
2022-05-12,586
2022-05-12,576
2022-05-13,581
2022-05-13,581
2022-05-13,590
2022-05-13,572
2022-05-14,581
2022-05-14,581
2022-05-14,592
2022-05-14,570
2022-05-15,584
2022-05-15,584
2022-05-15,592
2022-05-15,576
2022-05-16,582
2022-05-16,582
2022-05-16,584
2022-05-16,580
2022-05-17,586
2022-05-17,586
2022-05-17,582
2022-05-17,590
2022-05-18,589
2022-05-18,589
2022-05-18,584
2022-05-18,594
2022-05-19,594
2022-05-19,594
2022-05-19,592
2022-05-19,596
2022-05-20,595
2022-05-20,595
2022-05-20,590
2022-05-20,600
2022-05-21,592
2022-05-21,592
2022-05-21,588
2022-05-21,596
2022-05-22,587
2022-05-22,587
2022-05-22,584
2022-05-22,590
2022-05-23,586
2022-05-23,586
2022-05-23,584
2022-05-23,588
2022-05-24,583
2022-05-24,583
2022-05-24,586
2022-05-24,580
2022-05-25,582
2022-05-25,582
2022-05-25,586
2022-05-25,578
2022-05-26,580
2022-05-26,580
2022-05-26,588
2022-05-26,572
2022-05-27,576
2022-05-27,576
2022-05-27,584
2022-05-27,568
2022-05-28,565
2022-05-28,565
2022-05-28,580
2022-05-28,550
2022-05-29,564
2022-05-29,564
2022-05-29,578
2022-05-29,550
2022-05-30,565
2022-05-30,565
2022-05-30,568
2022-05-30,562
2022-05-31,562
2022-05-31,562
2022-05-31,558
2022-05-31,566
2022-06-01,558
2022-06-01,558
2022-06-01,548
2022-06-01,568
2022-06-02,557
2022-06-02,557
2022-06-02,548
2022-06-02,566
2022-06-03,557
2022-06-03,557
2022-06-03,546
2022-06-03,568
2022-06-04,564
2022-06-04,564
2022-06-04,558
2022-06-04,570
2022-06-05,563
2022-06-05,563
2022-06-05,556
2022-06-05,570
2022-06-06,567
2022-06-06,567
2022-06-06,562
2022-06-06,572
2022-06-07,564
2022-06-07,564
2022-06-07,560
2022-06-07,568
2022-06-08,567
2022-06-08,567
2022-06-08,564
2022-06-08,570
2022-06-09,569
2022-06-09,569
2022-06-09,568
2022-06-09,570
2022-06-10,569
2022-06-10,569
2022-06-10,572
2022-06-10,566
2022-06-11,564
2022-06-11,564
2022-06-11,570
2022-06-11,558
2022-06-12,563
2022-06-12,563
2022-06-12,572
2022-06-12,554
2022-06-13,559
2022-06-13,559
2022-06-13,570
2022-06-13,548
2022-06-14,563
2022-06-14,563
2022-06-14,572
2022-06-14,554
2022-06-15,559
2022-06-15,559
2022-06-15,558
2022-06-15,560
2022-06-16,562
2022-06-16,562
2022-06-16,558
2022-06-16,566
2022-06-17,565
2022-06-17,565
2022-06-17,560
2022-06-17,570
2022-06-18,569
2022-06-18,569
2022-06-18,564
2022-06-18,574
2022-06-19,570
2022-06-19,570
2022-06-19,564
2022-06-19,576
2022-06-20,572
2022-06-20,572
2022-06-20,568
2022-06-20,576
2022-06-21,572
2022-06-21,572
2022-06-21,568
2022-06-21,576
2022-06-22,568
2022-06-22,568
2022-06-22,566
2022-06-22,570
2022-06-23,565
2022-06-23,565
2022-06-23,566
2022-06-23,564
2022-06-24,561
2022-06-24,561
2022-06-24,566
2022-06-24,556
2022-06-25,555
2022-06-25,555
2022-06-25,562
2022-06-25,548
2022-06-26,553
2022-06-26,553
2022-06-26,558
2022-06-26,548
2022-06-27,537
2022-06-27,537
2022-06-27,544
2022-06-27,530
2022-06-28,534
2022-06-28,534
2022-06-28,534
2022-06-28,534
2022-06-29,531
2022-06-29,531
2022-06-29,528
2022-06-29,534
2022-06-30,530
2022-06-30,530
2022-06-30,526
2022-06-30,534
2022-07-01,530
2022-07-01,530
2022-07-01,524
2022-07-01,536
2022-07-02,535
2022-07-02,535
2022-07-02,530
2022-07-02,540
2022-07-03,540
2022-07-03,540
2022-07-03,534
2022-07-03,546
2022-07-04,540
2022-07-04,540
2022-07-04,536
2022-07-04,544
2022-07-05,540
2022-07-05,540
2022-07-05,534
2022-07-05,546
2022-07-06,540
2022-07-06,540
2022-07-06,534
2022-07-06,546
2022-07-07,543
2022-07-07,543
2022-07-07,538
2022-07-07,548
2022-07-08,545
2022-07-08,545
2022-07-08,540
2022-07-08,550
2022-07-09,545
2022-07-09,545
2022-07-09,542
2022-07-09,548
2022-07-10,543
2022-07-10,543
2022-07-10,546
2022-07-10,540
2022-07-11,538
2022-07-11,538
2022-07-11,544
2022-07-11,532
2022-07-12,531
2022-07-12,531
2022-07-12,544
2022-07-12,518
2022-07-13,525
2022-07-13,525
2022-07-13,536
2022-07-13,514
2022-07-14,527
2022-07-14,527
2022-07-14,520
2022-07-14,534
2022-07-15,525
2022-07-15,525
2022-07-15,520
2022-07-15,530
2022-07-16,528
2022-07-16,528
2022-07-16,524
2022-07-16,532
2022-07-17,529
2022-07-17,529
2022-07-17,524
2022-07-17,534
2022-07-18,526
2022-07-18,526
2022-07-18,526
2022-07-18,526
2022-07-19,532
2022-07-19,532
2022-07-19,528
2022-07-19,536
2022-07-20,530
2022-07-20,530
2022-07-20,526
2022-07-20,534
2022-07-21,536
2022-07-21,536
2022-07-21,536
2022-07-21,536
2022-07-22,528
2022-07-22,528
2022-07-22,524
2022-07-22,532
2022-07-23,528
2022-07-23,528
2022-07-23,522
2022-07-23,534
2022-07-24,518
2022-07-24,518
2022-07-24,522
2022-07-24,514
2022-07-25,510
2022-07-25,510
2022-07-25,520
2022-07-25,500
2022-07-26,500
2022-07-26,500
2022-07-26,510
2022-07-26,490
2022-07-27,490
2022-07-27,490
2022-07-27,496
2022-07-27,484
2022-07-28,488
2022-07-28,488
2022-07-28,490
2022-07-28,486
2022-07-29,485
2022-07-29,485
2022-07-29,484
2022-07-29,486
2022-07-30,484
2022-07-30,484
2022-07-30,480
2022-07-30,488
2022-07-31,487
2022-07-31,487
2022-07-31,482
2022-07-31,492
2022-08-01,488
2022-08-01,488
2022-08-01,482
2022-08-01,494
2022-08-02,493
2022-08-02,493
2022-08-02,486
2022-08-02,500
2022-08-03,494
2022-08-03,494
2022-08-03,484
2022-08-03,504
2022-08-04,503
2022-08-04,503
2022-08-04,498
2022-08-04,508
2022-08-05,503
2022-08-05,530
2022-08-05,494
2022-08-05,566
2022-08-06,502
2022-08-06,502
2022-08-06,496
2022-08-06,508
2022-08-07,506
2022-08-07,506
2022-08-07,500
2022-08-07,512
2022-08-08,505
2022-08-08,505
2022-08-08,502
2022-08-08,508
2022-08-09,504
2022-08-09,504
2022-08-09,510
2022-08-09,498
2022-08-10,494
2022-08-10,494
2022-08-10,508
2022-08-10,480
2022-08-11,486
2022-08-11,486
2022-08-11,502
2022-08-11,470
2022-08-12,478
2022-08-12,478
2022-08-12,484
2022-08-12,472
2022-08-13,478
2022-08-13,478
2022-08-13,478
2022-08-13,478
2022-08-14,481
2022-08-14,481
2022-08-14,476
2022-08-14,486
2022-08-15,480
2022-08-15,480
2022-08-15,476
2022-08-15,484
2022-08-16,479
2022-08-16,479
2022-08-16,476
2022-08-16,482
2022-08-17,477
2022-08-17,477
2022-08-17,472
2022-08-17,482
2022-08-18,481
2022-08-18,481
2022-08-18,476
2022-08-18,486
2022-08-19,476
2022-08-19,476
2022-08-19,472
2022-08-19,480
2022-08-20,476
2022-08-20,476
2022-08-20,470
2022-08-20,482
2022-08-21,474
2022-08-21,473.5
2022-08-21,468
2022-08-21,479
2022-08-22,470
2022-08-22,470
2022-08-22,472
2022-08-22,468
2022-08-23,464
2022-08-23,464
2022-08-23,472
2022-08-23,456
2022-08-24,454
2022-08-24,454
2022-08-24,466
2022-08-24,442
2022-08-25,453
2022-08-25,453
2022-08-25,468
2022-08-25,438
2022-08-26,444
2022-08-26,444
2022-08-26,452
2022-08-26,436
2022-08-27,442
2022-08-27,442
2022-08-27,450
2022-08-27,434
2022-08-28,441
2022-08-28,441
2022-08-28,440
2022-08-28,442
2022-08-29,439
2022-08-29,439
2022-08-29,436
2022-08-29,442
2022-08-30,440
2022-08-30,440
2022-08-30,434
2022-08-30,446
2022-08-31,443
2022-08-31,443
2022-08-31,438
2022-08-31,448
2022-09-01,445
2022-09-01,445
2022-09-01,440
2022-09-01,450
2022-09-02,445
2022-09-02,445
2022-09-02,438
2022-09-02,452
2022-09-03,448
2022-09-03,448
2022-09-03,440
2022-09-03,456
2022-09-04,449
2022-09-04,449
2022-09-04,442
2022-09-04,456
2022-09-05,452
2022-09-05,452
2022-09-05,444
2022-09-05,460
2022-09-06,459
2022-09-06,459
2022-09-06,452
2022-09-06,466
2022-09-07,457
2022-09-07,457
2022-09-07,462
2022-09-07,452
2022-09-08,449
2022-09-08,449
2022-09-08,464
2022-09-08,434
2022-09-09,442
2022-09-09,442
2022-09-09,466
2022-09-09,418
2022-09-10,431
2022-09-10,431
2022-09-10,446
2022-09-10,416
2022-09-11,422
2022-09-11,422
2022-09-11,426
2022-09-11,418
2022-09-12,420
2022-09-12,420
2022-09-12,416
2022-09-12,424
2022-09-13,422
2022-09-13,422
2022-09-13,416
2022-09-13,428
2022-09-14,422
2022-09-14,422
2022-09-14,416
2022-09-14,428
2022-09-15,420
2022-09-15,420
2022-09-15,414
2022-09-15,426
2022-09-16,416
2022-09-16,416
2022-09-16,410
2022-09-16,422
2022-09-17,405
2022-09-17,405
2022-09-17,394
2022-09-17,416
2022-09-18,408
2022-09-18,408
2022-09-18,402
2022-09-18,414
2022-09-19,405
2022-09-19,405
2022-09-19,400
2022-09-19,410
2022-09-20,404
2022-09-20,404
2022-09-20,402
2022-09-20,406
2022-09-21,405
2022-09-21,405
2022-09-21,410
2022-09-21,400
2022-09-22,398
2022-09-22,398
2022-09-22,412
2022-09-22,384
2022-09-23,388
2022-09-23,388
2022-09-23,414
2022-09-23,362
2022-09-24,372
2022-09-24,372
2022-09-24,388
2022-09-24,356
2022-09-25,379
2022-09-25,379
2022-09-25,402
2022-09-25,356
2022-09-26,376
2022-09-26,376
2022-09-26,392
2022-09-26,360
2022-09-27,367
2022-09-27,367
2022-09-27,368
2022-09-27,366
2022-09-28,362
2022-09-28,362
2022-09-28,358
2022-09-28,366
2022-09-29,361
2022-09-29,361
2022-09-29,356
2022-09-29,366
2022-09-30,363
2022-09-30,363
2022-09-30,356
2022-09-30,370
2022-10-01,360
2022-10-01,360
2022-10-01,356
2022-10-01,364
2022-10-02,356
2022-10-02,356
2022-10-02,352
2022-10-02,360
2022-10-03,358
2022-10-03,358
2022-10-03,348
2022-10-03,368
2022-10-04,359
2022-10-04,359
2022-10-04,354
2022-10-04,364
2022-10-05,375
2022-10-05,375
2022-10-05,366
2022-10-05,384
2022-10-06,377
2022-10-06,377
2022-10-06,380
2022-10-06,374
2022-10-07,369
2022-10-07,369
2022-10-07,390
2022-10-07,348
2022-10-08,351
2022-10-08,351
2022-10-08,388
2022-10-08,314
2022-10-09,339
2022-10-09,339
2022-10-09,374
2022-10-09,304
2022-10-10,333
2022-10-10,333
2022-10-10,358
2022-10-10,308
2022-10-11,315
2022-10-11,315
2022-10-11,320
2022-10-11,310
2022-10-12,304
2022-10-12,304
2022-10-12,300
2022-10-12,308
2022-10-13,299
2022-10-13,299
2022-10-13,294
2022-10-13,304
2022-10-14,298
2022-10-14,298
2022-10-14,292
2022-10-14,304
2022-10-15,296
2022-10-15,296
2022-10-15,290
2022-10-15,302
2022-10-16,290
2022-10-16,290
2022-10-16,284
2022-10-16,296
2022-10-17,286
2022-10-17,286
2022-10-17,278
2022-10-17,294
2022-10-18,288
2022-10-18,288
2022-10-18,274
2022-10-18,302
2022-10-19,303
2022-10-19,303
2022-10-19,292
2022-10-19,314
2022-10-20,307
2022-10-20,307
2022-10-20,306
2022-10-20,308
2022-10-21,302
2022-10-21,302
2022-10-21,316
2022-10-21,288
2022-10-22,301
2022-10-22,301
2022-10-22,324
2022-10-22,278
2022-10-23,297
2022-10-23,297
2022-10-23,338
2022-10-23,256
2022-10-24,287
2022-10-24,287
2022-10-24,332
2022-10-24,242
2022-10-25,277
2022-10-25,277
2022-10-25,316
2022-10-25,238
2022-10-26,267
2022-10-26,267
2022-10-26,290
2022-10-26,244
2022-10-27,251
2022-10-27,251
2022-10-27,254
2022-10-27,248
2022-10-28,251
2022-10-28,251
2022-10-28,242
2022-10-28,260
2022-10-29,254
2022-10-29,254
2022-10-29,248
2022-10-29,260
2022-10-30,253
2022-10-30,253
2022-10-30,244
2022-10-30,262
2022-10-31,251
2022-10-31,251
2022-10-31,240
2022-10-31,262
2022-11-01,268
2022-11-01,268
2022-11-01,248
2022-11-01,288
2022-11-02,286
2022-11-02,286
2022-11-02,268
2022-11-02,304
2022-11-03,296
2022-11-03,296
2022-11-03,282
2022-11-03,310
2022-11-04,303
2022-11-04,303
2022-11-04,308
2022-11-04,298
2022-11-05,291
2022-11-05,291
2022-11-05,318
2022-11-05,264
2022-11-06,330
2022-11-06,330
2022-11-06,326
2022-11-06,334
2022-11-07,323
2022-11-07,323
2022-11-07,320
2022-11-07,326
2022-11-08,265
2022-11-08,265
2022-11-08,300
2022-11-08,230
2022-11-09,247
2022-11-09,247
2022-11-09,258
2022-11-09,236
2022-11-10,248
2022-11-10,248
2022-11-10,250
2022-11-10,246
2022-11-11,248
2022-11-11,248
2022-11-11,242
2022-11-11,254
2022-11-12,251
2022-11-12,251
2022-11-12,244
2022-11-12,258
2022-11-13,253
2022-11-13,253
2022-11-13,246
2022-11-13,260
2022-11-14,254
2022-11-14,254
2022-11-14,252
2022-11-14,256
2022-11-15,275
2022-11-15,275
2022-11-15,266
2022-11-15,284
2022-11-16,279
2022-11-16,279
2022-11-16,270
2022-11-16,288
2022-11-17,282
2022-11-17,282
2022-11-17,272
2022-11-17,292
2022-11-18,302
2022-11-18,302
2022-11-18,290
2022-11-18,314
2022-11-19,319
2022-11-19,319
2022-11-19,314
2022-11-19,324
2022-11-20,320
2022-11-20,320
2022-11-20,332
2022-11-20,308
2022-11-21,316
2022-11-21,316
2022-11-21,348
2022-11-21,284
2022-11-22,310
2022-11-22,310
2022-11-22,356
2022-11-22,264
2022-11-23,306
2022-11-23,306
2022-11-23,352
2022-11-23,260
2022-11-24,306
2022-11-24,306
2022-11-24,342
2022-11-24,270
2022-11-25,281
2022-11-25,281
2022-11-25,290
2022-11-25,272
2022-11-26,261
2022-11-26,261
2022-11-26,264
2022-11-26,258
2022-11-27,274
2022-11-27,274
2022-11-27,266
2022-11-27,282
2022-11-28,277
2022-11-28,277
2022-11-28,268
2022-11-28,286
2022-11-29,289
2022-11-29,289
2022-11-29,276
2022-11-29,302
2022-11-30,296
2022-11-30,296
2022-11-30,284
2022-11-30,308
2022-12-01,314
2022-12-01,314
2022-12-01,294
2022-12-01,334
2022-12-02,338
2022-12-02,338
2022-12-02,322
2022-12-02,354
2022-12-03,331
2022-12-03,331
2022-12-03,322
2022-12-03,340
2022-12-04,324
2022-12-04,324
2022-12-04,340
2022-12-04,308
2022-12-05,309
2022-12-05,309
2022-12-05,352
2022-12-05,266
2022-12-06,296
2022-12-06,296
2022-12-06,330
2022-12-06,262
2022-12-07,296
2022-12-07,296
2022-12-07,330
2022-12-07,262
2022-12-08,280
2022-12-08,280
2022-12-08,292
2022-12-08,268
2022-12-09,273
2022-12-09,273
2022-12-09,278
2022-12-09,268
2022-12-10,269
2022-12-10,269
2022-12-10,264
2022-12-10,274
2022-12-11,273
2022-12-11,273
2022-12-11,266
2022-12-11,280
2022-12-12,277
2022-12-12,277
2022-12-12,270
2022-12-12,284
2022-12-13,286
2022-12-13,286
2022-12-13,284
2022-12-13,288
2022-12-14,286
2022-12-14,286
2022-12-14,280
2022-12-14,292
2022-12-15,288
2022-12-15,288
2022-12-15,278
2022-12-15,298
2022-12-16,296
2022-12-16,296
2022-12-16,284
2022-12-16,308
2022-12-17,314
2022-12-17,314
2022-12-17,302
2022-12-17,326
2022-12-18,326
2022-12-18,326
2022-12-18,312
2022-12-18,340
2022-12-19,339
2022-12-19,339
2022-12-19,336
2022-12-19,342
2022-12-20,342
2022-12-20,342
2022-12-20,358
2022-12-20,326
2022-12-21,337
2022-12-21,337
2022-12-21,374
2022-12-21,300
2022-12-22,328
2022-12-22,328
2022-12-22,374
2022-12-22,282
2022-12-23,330
2022-12-23,330
2022-12-23,372
2022-12-23,288
2022-12-24,300
2022-12-24,300
2022-12-24,308
2022-12-24,292
2022-12-25,296
2022-12-25,296
2022-12-25,290
2022-12-25,302
2022-12-26,305
2022-12-26,305
2022-12-26,294
2022-12-26,316
2022-12-27,317
2022-12-27,317
2022-12-27,302
2022-12-27,332
2022-12-28,319
2022-12-28,319
2022-12-28,310
2022-12-28,328
2022-12-29,323
2022-12-29,323
2022-12-29,312
2022-12-29,334
2022-12-30,327
2022-12-30,327
2022-12-30,318
2022-12-30,336
2022-12-31,357
2022-12-31,357
2022-12-31,350
2022-12-31,364
2023-01-01,355
2023-01-01,355
2023-01-01,338
2023-01-01,372
2023-01-02,357
2023-01-02,357
2023-01-02,362
2023-01-02,352
2023-01-03,343
2023-01-03,343
2023-01-03,374
2023-01-03,312
2023-01-04,338
2023-01-04,338
2023-01-04,380
2023-01-04,296
2023-01-05,330
2023-01-05,330
2023-01-05,364
2023-01-05,296
2023-01-06,325
2023-01-06,325
2023-01-06,344
2023-01-06,306
2023-01-07,315
2023-01-07,315
2023-01-07,318
2023-01-07,312
2023-01-08,314
2023-01-08,314
2023-01-08,312
2023-01-08,316
2023-01-09,315
2023-01-09,315
2023-01-09,306
2023-01-09,324
2023-01-10,327
2023-01-10,327
2023-01-10,318
2023-01-10,336
2023-01-11,332
2023-01-11,332
2023-01-11,324
2023-01-11,340
2023-01-12,335
2023-01-12,335
2023-01-12,324
2023-01-12,346
2023-01-13,348
2023-01-13,348
2023-01-13,334
2023-01-13,362
2023-01-14,352
2023-01-14,352
2023-01-14,346
2023-01-14,358
2023-01-15,353
2023-01-15,353
2023-01-15,342
2023-01-15,364
2023-01-16,349
2023-01-16,349
2023-01-16,332
2023-01-16,366
2023-01-17,367
2023-01-17,367
2023-01-17,358
2023-01-17,376
2023-01-18,367.5
2023-01-18,368
2023-01-18,371
2023-01-18,364
2023-01-19,357
2023-01-19,357
2023-01-19,392
2023-01-19,322
2023-01-20,357
2023-01-20,357
2023-01-20,398
2023-01-20,316
2023-01-21,366
2023-01-21,366
2023-01-21,402
2023-01-21,330
2023-01-22,355
2023-01-22,355
2023-01-22,364
2023-01-22,346
2023-01-23,368
2023-01-23,368
2023-01-23,364
2023-01-23,372
2023-01-24,375
2023-01-24,375
2023-01-24,362
2023-01-24,388
2023-01-25,382
2023-01-25,382
2023-01-25,374
2023-01-25,390
2023-01-26,389
2023-01-26,389
2023-01-26,380
2023-01-26,398
2023-01-27,393
2023-01-27,393
2023-01-27,384
2023-01-27,402
2023-01-28,394
2023-01-28,394
2023-01-28,382
2023-01-28,406
2023-01-29,397
2023-01-29,397
2023-01-29,384
2023-01-29,410
2023-01-30,396
2023-01-30,396
2023-01-30,386
2023-01-30,406
2023-01-31,394
2023-01-31,394
2023-01-31,400
2023-01-31,388
2023-02-01,384
2023-02-01,384
2023-02-01,408
2023-02-01,360
2023-02-02,377
2023-02-02,377
2023-02-02,412
2023-02-02,342
2023-02-03,387
2023-02-03,387
2023-02-03,414
2023-02-03,360
2023-02-04,388
2023-02-04,388
2023-02-04,410
2023-02-04,366
2023-02-05,368
2023-02-05,368
2023-02-05,364
2023-02-05,372
2023-02-06,378
2023-02-06,378
2023-02-06,372
2023-02-06,384
2023-02-07,385
2023-02-07,385
2023-02-07,376
2023-02-07,394
2023-02-08,443
2023-02-08,392
2023-02-08,484
2023-02-08,402
2023-02-09,399
2023-02-09,399
2023-02-09,390
2023-02-09,408
2023-02-10,406
2023-02-10,406
2023-02-10,398
2023-02-10,414
2023-02-11,411
2023-02-11,411
2023-02-11,402
2023-02-11,420
2023-02-12,409
2023-02-12,409
2023-02-12,400
2023-02-12,418
2023-02-13,414
2023-02-13,414
2023-02-13,402
2023-02-13,426
2023-02-14,428
2023-02-14,428
2023-02-14,416
2023-02-14,440
2023-02-15,433
2023-02-15,433
2023-02-15,426
2023-02-15,440
2023-02-16,432
2023-02-16,432
2023-02-16,434
2023-02-16,430
2023-02-17,434
2023-02-17,434
2023-02-17,448
2023-02-17,420
2023-02-18,434
2023-02-18,434
2023-02-18,466
2023-02-18,402
2023-02-19,443
2023-02-19,443
2023-02-19,474
2023-02-19,412
2023-02-20,434
2023-02-20,434
2023-02-20,446
2023-02-20,422
2023-02-21,436
2023-02-21,436
2023-02-21,430
2023-02-21,442
2023-02-22,437
2023-02-22,437
2023-02-22,428
2023-02-22,446
2023-02-23,444
2023-02-23,444
2023-02-23,436
2023-02-23,452
2023-02-24,450
2023-02-24,450
2023-02-24,442
2023-02-24,458
2023-02-25,452
2023-02-25,452
2023-02-25,442
2023-02-25,462
2023-02-26,455.5
2023-02-26,456
2023-02-26,447
2023-02-26,464
2023-02-27,453
2023-02-27,453
2023-02-27,442
2023-02-27,464
2023-02-28,458
2023-02-28,458
2023-02-28,450
2023-02-28,466
2023-03-01,460
2023-03-01,460
2023-03-01,464
2023-03-01,456
2023-03-02,455
2023-03-02,455
2023-03-02,462
2023-03-02,448
2023-03-03,456
2023-03-03,456
2023-03-03,474
2023-03-03,438
2023-03-04,477
2023-03-04,477
2023-03-04,482
2023-03-04,472
2023-03-05,461
2023-03-05,461
2023-03-05,480
2023-03-05,442
2023-03-06,462
2023-03-06,462
2023-03-06,472
2023-03-06,452
2023-03-07,476
2023-03-07,476
2023-03-07,476
2023-03-07,476
2023-03-08,474
2023-03-08,474
2023-03-08,476
2023-03-08,472
2023-03-09,471
2023-03-09,471
2023-03-09,466
2023-03-09,476
2023-03-10,476
2023-03-10,476
2023-03-10,470
2023-03-10,482
2023-03-11,479.5
2023-03-11,480
2023-03-11,472
2023-03-11,487
2023-03-12,484
2023-03-12,484
2023-03-12,476
2023-03-12,492
2023-03-13,490
2023-03-13,490
2023-03-13,486
2023-03-13,494
2023-03-14,490
2023-03-14,490
2023-03-14,482
2023-03-14,498
2023-03-15,496
2023-03-15,496
2023-03-15,490
2023-03-15,502
2023-03-16,496
2023-03-16,496
2023-03-16,488
2023-03-16,504
2023-03-17,501
2023-03-17,501
2023-03-17,500
2023-03-17,502
2023-03-18,499
2023-03-18,499
2023-03-18,512
2023-03-18,486
2023-03-19,497
2023-03-19,497
2023-03-19,520
2023-03-19,474
2023-03-20,505
2023-03-20,505
2023-03-20,524
2023-03-20,486
2023-03-21,514
2023-03-21,514
2023-03-21,530
2023-03-21,498
2023-03-22,512
2023-03-22,512
2023-03-22,518
2023-03-22,506
2023-03-23,505
2023-03-23,505
2023-03-23,500
2023-03-23,510
2023-03-24,510
2023-03-24,510
2023-03-24,504
2023-03-24,516
2023-03-25,512
2023-03-25,512
2023-03-25,506
2023-03-25,518
2023-03-26,513
2023-03-26,513
2023-03-26,506
2023-03-26,520
2023-03-27,515
2023-03-27,515
2023-03-27,510
2023-03-27,520
2023-03-28,517
2023-03-28,517
2023-03-28,510
2023-03-28,524
2023-03-29,513
2023-03-29,513
2023-03-29,508
2023-03-29,518
2023-03-30,517
2023-03-30,517
2023-03-30,512
2023-03-30,522
2023-03-31,521
2023-03-31,521
2023-03-31,520
2023-03-31,522
2023-04-01,516
2023-04-01,516
2023-04-01,526
2023-04-01,506
2023-04-02,518
2023-04-02,518
2023-04-02,532
2023-04-02,504
2023-04-03,519
2023-04-03,519
2023-04-03,532
2023-04-03,506
2023-04-04,522
2023-04-04,522
2023-04-04,536
2023-04-04,508
2023-04-05,525
2023-04-05,525
2023-04-05,528
2023-04-05,522
2023-04-06,525
2023-04-06,525
2023-04-06,522
2023-04-06,528
2023-04-07,533
2023-04-07,533
2023-04-07,530
2023-04-07,536
2023-04-08,531.5
2023-04-08,532
2023-04-08,528
2023-04-08,538
2023-04-09,533
2023-04-09,533
2023-04-09,526
2023-04-09,540
2023-04-10,538
2023-04-10,538
2023-04-10,532
2023-04-10,544
2023-04-11,539
2023-04-11,539
2023-04-11,534
2023-04-11,544
2023-04-12,540
2023-04-12,540
2023-04-12,536
2023-04-12,544
2023-04-13,539
2023-04-13,539
2023-04-13,534
2023-04-13,544
2023-04-14,537
2023-04-14,537
2023-04-14,532
2023-04-14,542
2023-04-15,541
2023-04-15,541
2023-04-15,542
2023-04-15,540
2023-04-16,541
2023-04-16,541
2023-04-16,548
2023-04-16,534
2023-04-17,544
2023-04-17,544
2023-04-17,552
2023-04-17,536
2023-04-18,539
2023-04-18,539
2023-04-18,556
2023-04-18,522
2023-04-19,540
2023-04-19,540
2023-04-19,550
2023-04-19,530
2023-04-20,535
2023-04-20,535
2023-04-20,536
2023-04-20,534
2023-04-21,536
2023-04-21,536
2023-04-21,530
2023-04-21,542
2023-04-22,542
2023-04-22,542
2023-04-22,536
2023-04-22,548
2023-04-23,546
2023-04-23,546
2023-04-23,540
2023-04-23,552
2023-04-24,543
2023-04-24,543
2023-04-24,538
2023-04-24,548
2023-04-25,536
2023-04-25,536
2023-04-25,536
2023-04-25,536
2023-04-26,544
2023-04-26,544
2023-04-26,538
2023-04-26,550
2023-04-27,538
2023-04-27,538
2023-04-27,534
2023-04-27,542
2023-04-28,533
2023-04-28,533
2023-04-28,530
2023-04-28,536
2023-04-29,535
2023-04-29,535
2023-04-29,534
2023-04-29,536
2023-04-30,537
2023-04-30,537
2023-04-30,542
2023-04-30,532
2023-05-01,539
2023-05-01,539
2023-05-01,544
2023-05-01,534
2023-05-02,539
2023-05-02,539
2023-05-02,550
2023-05-02,528
2023-05-03,540
2023-05-03,540
2023-05-03,552
2023-05-03,528
2023-05-04,542
2023-05-04,542
2023-05-04,550
2023-05-04,534
2023-05-05,542
2023-05-05,542
2023-05-05,546
2023-05-05,538
2023-05-06,542
2023-05-06,542
2023-05-06,542
2023-05-06,542
2023-05-07,544
2023-05-07,544
2023-05-07,540
2023-05-07,548
2023-05-08,545
2023-05-08,545
2023-05-08,540
2023-05-08,550
2023-05-09,548
2023-05-09,548
2023-05-09,542
2023-05-09,554
2023-05-10,552
2023-05-10,552
2023-05-10,546
2023-05-10,558
2023-05-11,555
2023-05-11,555
2023-05-11,550
2023-05-11,560
2023-05-12,554
2023-05-12,554
2023-05-12,552
2023-05-12,556
2023-05-13,554
2023-05-13,554
2023-05-13,552
2023-05-13,556
2023-05-14,551
2023-05-14,551
2023-05-14,554
2023-05-14,548
2023-05-15,553
2023-05-15,553
2023-05-15,552
2023-05-15,554
2023-05-16,547
2023-05-16,547
2023-05-16,558
2023-05-16,536
2023-05-17,545
2023-05-17,545
2023-05-17,560
2023-05-17,530
2023-05-18,541
2023-05-18,541
2023-05-18,552
2023-05-18,530
2023-05-19,535
2023-05-19,535
2023-05-19,542
2023-05-19,528
2023-05-20,533
2023-05-20,533
2023-05-20,530
2023-05-20,536
2023-05-21,532
2023-05-21,532
2023-05-21,526
2023-05-21,538
2023-05-22,534
2023-05-22,534
2023-05-22,528
2023-05-22,540
2023-05-23,538
2023-05-23,538
2023-05-23,532
2023-05-23,544
2023-05-24,538
2023-05-24,538
2023-05-24,534
2023-05-24,542
2023-05-25,535
2023-05-25,535
2023-05-25,530
2023-05-25,540
2023-05-26,535
2023-05-26,535
2023-05-26,528
2023-05-26,542
2023-05-27,536
2023-05-27,536
2023-05-27,528
2023-05-27,544
2023-05-28,533
2023-05-28,533
2023-05-28,530
2023-05-28,536
2023-05-29,531
2023-05-29,531
2023-05-29,528
2023-05-29,534
2023-05-30,535
2023-05-30,535
2023-05-30,536
2023-05-30,534
2023-05-31,538
2023-05-31,538
2023-05-31,540
2023-05-31,536
2023-06-01,528
2023-06-01,528
2023-06-01,540
2023-06-01,516
2023-06-02,524
2023-06-02,524
2023-06-02,540
2023-06-02,508
2023-06-03,520
2023-06-03,520
2023-06-03,534
2023-06-03,506
2023-06-04,514
2023-06-04,514
2023-06-04,518
2023-06-04,510
2023-06-05,514
2023-06-05,514
2023-06-05,510
2023-06-05,518
2023-06-06,521
2023-06-06,521
2023-06-06,516
2023-06-06,526
2023-06-07,522
2023-06-07,522
2023-06-07,516
2023-06-07,528
2023-06-08,529
2023-06-08,529
2023-06-08,526
2023-06-08,532
2023-06-09,528
2023-06-09,528
2023-06-09,522
2023-06-09,534
2023-06-10,530
2023-06-10,530
2023-06-10,522
2023-06-10,538
2023-06-11,535
2023-06-11,535
2023-06-11,530
2023-06-11,540
2023-06-12,536
2023-06-12,536
2023-06-12,532
2023-06-12,540
2023-06-13,534
2023-06-13,534
2023-06-13,532
2023-06-13,536
2023-06-14,532
2023-06-14,532
2023-06-14,538
2023-06-14,526
2023-06-15,531
2023-06-15,531
2023-06-15,536
2023-06-15,526
2023-06-16,519
2023-06-16,519
2023-06-16,532
2023-06-16,506
2023-06-17,508
2023-06-17,508
2023-06-17,514
2023-06-17,502
2023-06-18,506
2023-06-18,506
2023-06-18,508
2023-06-18,504
2023-06-19,501
2023-06-19,501
2023-06-19,496
2023-06-19,506
2023-06-20,497
2023-06-20,497
2023-06-20,492
2023-06-20,502
2023-06-21,497
2023-06-21,497
2023-06-21,490
2023-06-21,504
2023-06-22,498
2023-06-22,498
2023-06-22,488
2023-06-22,508
2023-06-23,506
2023-06-23,506
2023-06-23,502
2023-06-23,510
2023-06-24,505
2023-06-24,505
2023-06-24,498
2023-06-24,512
2023-06-25,505
2023-06-25,505
2023-06-25,496
2023-06-25,514
2023-06-26,503
2023-06-26,503
2023-06-26,496
2023-06-26,510
2023-06-27,507
2023-06-27,507
2023-06-27,502
2023-06-27,512
2023-06-28,507
2023-06-28,507
2023-06-28,504
2023-06-28,510
2023-06-29,505
2023-06-29,505
2023-06-29,508
2023-06-29,502
2023-06-30,507
2023-06-30,507
2023-06-30,510
2023-06-30,504
2023-07-01,498
2023-07-01,498
2023-07-01,512
2023-07-01,484
2023-07-02,495
2023-07-02,495
2023-07-02,512
2023-07-02,478
2023-07-03,500
2023-07-03,500
2023-07-03,498
2023-07-03,502
2023-07-04,486
2023-07-04,486
2023-07-04,484
2023-07-04,488
2023-07-05,488
2023-07-05,488
2023-07-05,482
2023-07-05,494
2023-07-06,490
2023-07-06,490
2023-07-06,486
2023-07-06,494
2023-07-07,499
2023-07-07,499
2023-07-07,490
2023-07-07,508
2023-07-08,505
2023-07-08,505
2023-07-08,500
2023-07-08,510
2023-07-09,506
2023-07-09,506
2023-07-09,498
2023-07-09,514
2023-07-10,508
2023-07-10,508
2023-07-10,502
2023-07-10,514
2023-07-11,509
2023-07-11,509
2023-07-11,502
2023-07-11,516
2023-07-12,508
2023-07-12,508
2023-07-12,504
2023-07-12,512
2023-07-13,500
2023-07-13,500
2023-07-13,506
2023-07-13,494
2023-07-14,492
2023-07-14,492
2023-07-14,500
2023-07-14,484
2023-07-15,480
2023-07-15,480
2023-07-15,492
2023-07-15,468
2023-07-16,472
2023-07-16,472
2023-07-16,482
2023-07-16,462
2023-07-17,465
2023-07-17,465
2023-07-17,468
2023-07-17,462
2023-07-18,464
2023-07-18,464
2023-07-18,462
2023-07-18,466
2023-07-19,463
2023-07-19,463
2023-07-19,460
2023-07-19,466
2023-07-20,461
2023-07-20,461
2023-07-20,458
2023-07-20,464
2023-07-21,465
2023-07-21,465
2023-07-21,460
2023-07-21,470
2023-07-22,466
2023-07-22,466
2023-07-22,462
2023-07-22,470
2023-07-23,462
2023-07-23,462
2023-07-23,454
2023-07-23,470
2023-07-24,461
2023-07-24,461
2023-07-24,456
2023-07-24,466
2023-07-25,460
2023-07-25,460
2023-07-25,454
2023-07-25,466
2023-07-26,464
2023-07-26,464
2023-07-26,456
2023-07-26,472
2023-07-27,465
2023-07-27,465
2023-07-27,454
2023-07-27,476
2023-07-28,466
2023-07-28,466
2023-07-28,462
2023-07-28,470
2023-07-29,469
2023-07-29,469
2023-07-29,472
2023-07-29,466
2023-07-30,471
2023-07-30,471
2023-07-30,476
2023-07-30,466
2023-07-31,452
2023-07-31,452
2023-07-31,472
2023-07-31,432
2023-08-01,446
2023-08-01,446
2023-08-01,458
2023-08-01,434
2023-08-02,442
2023-08-02,442
2023-08-02,444
2023-08-02,440
2023-08-03,443
2023-08-03,443
2023-08-03,438
2023-08-03,448
2023-08-04,449
2023-08-04,449
2023-08-04,442
2023-08-04,456
2023-08-05,452
2023-08-05,452
2023-08-05,446
2023-08-05,458
2023-08-06,456
2023-08-06,456
2023-08-06,450
2023-08-06,462
2023-08-07,459
2023-08-07,459
2023-08-07,452
2023-08-07,466
2023-08-08,460
2023-08-08,460
2023-08-08,452
2023-08-08,468
2023-08-09,457
2023-08-09,457
2023-08-09,450
2023-08-09,464
2023-08-10,455
2023-08-10,455
2023-08-10,446
2023-08-10,464
2023-08-11,448
2023-08-11,448
2023-08-11,450
2023-08-11,446
2023-08-12,440
2023-08-12,440
2023-08-12,448
2023-08-12,432
2023-08-13,425
2023-08-13,425
2023-08-13,438
2023-08-13,412
2023-08-14,413
2023-08-14,413
2023-08-14,424
2023-08-14,402
2023-08-15,409
2023-08-15,409
2023-08-15,414
2023-08-15,404
2023-08-16,406.5
2023-08-16,407
2023-08-16,405
2023-08-16,408
2023-08-17,409
2023-08-17,409
2023-08-17,406
2023-08-17,412
2023-08-18,408
2023-08-18,408
2023-08-18,402
2023-08-18,414
2023-08-19,411
2023-08-19,411
2023-08-19,402
2023-08-19,420
2023-08-20,412
2023-08-20,412
2023-08-20,406
2023-08-20,418
2023-08-21,414
2023-08-21,414
2023-08-21,408
2023-08-21,420
2023-08-22,416
2023-08-22,416
2023-08-22,410
2023-08-22,422
2023-08-23,419
2023-08-23,419
2023-08-23,412
2023-08-23,426
2023-08-24,417
2023-08-24,417
2023-08-24,414
2023-08-24,420
2023-08-25,415
2023-08-25,415
2023-08-25,408
2023-08-25,422
2023-08-26,403
2023-08-26,403
2023-08-26,404
2023-08-26,402
2023-08-27,402
2023-08-27,402
2023-08-27,410
2023-08-27,394
2023-08-28,410
2023-08-28,410
2023-08-28,418
2023-08-28,402
2023-08-29,405
2023-08-29,405
2023-08-29,424
2023-08-29,386
2023-08-30,391
2023-08-30,391
2023-08-30,408
2023-08-30,374
2023-08-31,393
2023-08-31,393
2023-08-31,408
2023-08-31,378
2023-09-01,384
2023-09-01,384
2023-09-01,380
2023-09-01,388
2023-09-02,396
2023-09-02,396
2023-09-02,392
2023-09-02,400
2023-09-03,397
2023-09-03,397
2023-09-03,390
2023-09-03,404
2023-09-04,349
2023-09-04,397
2023-09-04,392
2023-09-04,306
2023-09-05,396
2023-09-05,396
2023-09-05,388
2023-09-05,404
2023-09-06,394
2023-09-06,394
2023-09-06,386
2023-09-06,402
2023-09-07,390
2023-09-07,390
2023-09-07,382
2023-09-07,398
2023-09-08,394
2023-09-08,394
2023-09-08,390
2023-09-08,398
2023-09-09,379
2023-09-09,379
2023-09-09,380
2023-09-09,378
2023-09-10,373
2023-09-10,373
2023-09-10,384
2023-09-10,362
2023-09-11,365
2023-09-11,365
2023-09-11,386
2023-09-11,344
2023-09-12,362
2023-09-12,362
2023-09-12,390
2023-09-12,334
2023-09-13,340
2023-09-13,340
2023-09-13,356
2023-09-13,324
2023-09-14,326
2023-09-14,326
2023-09-14,338
2023-09-14,314
2023-09-15,311
2023-09-15,311
2023-09-15,310
2023-09-15,312
2023-09-16,316
2023-09-16,316
2023-09-16,316
2023-09-16,316
2023-09-17,315
2023-09-17,315
2023-09-17,310
2023-09-17,320
2023-09-18,312
2023-09-18,312
2023-09-18,308
2023-09-18,316
2023-09-19,306
2023-09-19,306
2023-09-19,302
2023-09-19,310
2023-09-20,303
2023-09-20,303
2023-09-20,296
2023-09-20,310
2023-09-21,301
2023-09-21,301
2023-09-21,290
2023-09-21,312
2023-09-22,292
2023-09-22,292
2023-09-22,290
2023-09-22,294
2023-09-23,301
2023-09-23,301
2023-09-23,290
2023-09-23,312
2023-09-24,309
2023-09-24,309
2023-09-24,294
2023-09-24,324
2023-09-25,321
2023-09-25,321
2023-09-25,310
2023-09-25,332
2023-09-26,322
2023-09-26,322
2023-09-26,328
2023-09-26,316
2023-09-27,313
2023-09-27,313
2023-09-27,340
2023-09-27,286
2023-09-28,299
2023-09-28,299
2023-09-28,344
2023-09-28,254
2023-09-29,293
2023-09-29,293
2023-09-29,336
2023-09-29,250
2023-09-30,250
2023-09-30,250
2023-09-30,244
2023-09-30,256
2023-10-01,254
2023-10-01,254
2023-10-01,250
2023-10-01,258
2023-10-02,250
2023-10-02,250
2023-10-02,246
2023-10-02,254
2023-10-03,250.5
2023-10-03,251
2023-10-03,241
2023-10-03,260
2023-10-04,244
2023-10-04,244
2023-10-04,234
2023-10-04,254
2023-10-05,245
2023-10-05,245
2023-10-05,238
2023-10-05,252
2023-10-06,243
2023-10-06,243
2023-10-06,240
2023-10-06,246
2023-10-07,249
2023-10-07,249
2023-10-07,236
2023-10-07,262
2023-10-08,257
2023-10-08,257
2023-10-08,240
2023-10-08,274
2023-10-09,268
2023-10-09,268
2023-10-09,266
2023-10-09,270
2023-10-10,257
2023-10-10,257
2023-10-10,268
2023-10-10,246
2023-10-11,258
2023-10-11,258
2023-10-11,282
2023-10-11,234
2023-10-12,259
2023-10-12,259
2023-10-12,280
2023-10-12,238
2023-10-13,251
2023-10-13,251
2023-10-13,270
2023-10-13,232
2023-10-14,245
2023-10-14,245
2023-10-14,252
2023-10-14,238
2023-10-15,239
2023-10-15,239
2023-10-15,236
2023-10-15,242
2023-10-16,243
2023-10-16,243
2023-10-16,246
2023-10-16,240
2023-10-17,241
2023-10-17,241
2023-10-17,246
2023-10-17,236
2023-10-18,231
2023-10-18,231
2023-10-18,228
2023-10-18,234
2023-10-19,241
2023-10-19,241
2023-10-19,238
2023-10-19,244
2023-10-20,219
2023-10-20,219
2023-10-20,226
2023-10-20,212
2023-10-21,215
2023-10-21,215
2023-10-21,210
2023-10-21,220
2023-10-22,188
2023-10-22,219
2023-10-22,180
2023-10-22,196
2023-10-23,137
2023-10-23,220
2023-10-23,140
2023-10-23,134
2023-10-24,252
2023-10-24,252
2023-10-24,236
2023-10-24,268
2023-10-25,262
2023-10-25,262
2023-10-25,264
2023-10-25,260
2023-10-26,266
2023-10-26,266
2023-10-26,280
2023-10-26,252
2023-10-27,242
2023-10-27,242
2023-10-27,284
2023-10-27,200
2023-10-28,235
2023-10-28,235
2023-10-28,284
2023-10-28,186
2023-10-29,231
2023-10-29,231
2023-10-29,270
2023-10-29,192
2023-10-30,204
2023-10-30,204
2023-10-30,224
2023-10-30,184
2023-10-31,193
2023-10-31,193
2023-10-31,186
2023-10-31,200
2023-11-01,193
2023-11-01,193
2023-11-01,182
2023-11-01,204
2023-11-02,193
2023-11-02,193
2023-11-02,188
2023-11-02,198
2023-11-03,193
2023-11-03,193
2023-11-03,192
2023-11-03,194
2023-11-04,199
2023-11-04,199
2023-11-04,186
2023-11-04,212
2023-11-05,207
2023-11-05,207
2023-11-05,188
2023-11-05,226
2023-11-06,224
2023-11-06,224
2023-11-06,196
2023-11-06,252
2023-11-07,244
2023-11-07,244
2023-11-07,232
2023-11-07,256
2023-11-08,250
2023-11-08,250
2023-11-08,252
2023-11-08,248
2023-11-09,242
2023-11-09,242
2023-11-09,262
2023-11-09,222
2023-11-10,240
2023-11-10,240
2023-11-10,274
2023-11-10,206
2023-11-11,233
2023-11-11,233
2023-11-11,282
2023-11-11,184
2023-11-12,226
2023-11-12,226
2023-11-12,270
2023-11-12,182
2023-11-13,210
2023-11-13,210
2023-11-13,244
2023-11-13,176
2023-11-14,202
2023-11-14,202
2023-11-14,224
2023-11-14,180
2023-11-15,190
2023-11-15,190
2023-11-15,192
2023-11-15,188
2023-11-16,187
2023-11-16,187
2023-11-16,178
2023-11-16,196
2023-11-17,189
2023-11-17,189
2023-11-17,182
2023-11-17,196
2023-11-18,182
2023-11-18,182
2023-11-18,178
2023-11-18,186
2023-11-19,193
2023-11-19,193
2023-11-19,184
2023-11-19,202
2023-11-20,211
2023-11-20,211
2023-11-20,188
2023-11-20,234
2023-11-21,216
2023-11-21,216
2023-11-21,168
2023-11-21,264
2023-11-22,254
2023-11-22,254
2023-11-22,232
2023-11-22,276
2023-11-23,264
2023-11-23,264
2023-11-23,266
2023-11-23,262
2023-11-24,259
2023-11-24,259
2023-11-24,284
2023-11-24,234
2023-11-25,249
2023-11-25,249
2023-11-25,288
2023-11-25,210
2023-11-26,240
2023-11-26,286
2023-11-26,284
2023-11-26,288
2023-11-27,231
2023-11-27,231
2023-11-27,274
2023-11-27,188
2023-11-28,211
2023-11-28,211
2023-11-28,226
2023-11-28,196
2023-11-29,201
2023-11-29,201
2023-11-29,196
2023-11-29,206
2023-11-30,217
2023-11-30,217
2023-11-30,196
2023-11-30,238
2023-12-01,190
2023-12-01,190
2023-12-01,198
2023-12-01,182
2023-12-02,181
2023-12-02,181
2023-12-02,178
2023-12-02,184
2023-12-03,187
2023-12-03,187
2023-12-03,182
2023-12-03,192
2023-12-04,189
2023-12-04,189
2023-12-04,174
2023-12-04,204
2023-12-05,197
2023-12-05,197
2023-12-05,184
2023-12-05,210
2023-12-06,222
2023-12-06,222
2023-12-06,202
2023-12-06,242
2023-12-07,233
2023-12-07,233
2023-12-07,218
2023-12-07,248
2023-12-08,245
2023-12-08,245
2023-12-08,242
2023-12-08,248
2023-12-09,231
2023-12-09,231
2023-12-09,262
2023-12-09,200
2023-12-10,221.5
2023-12-10,222
2023-12-10,261
2023-12-10,182
2023-12-11,221
2023-12-11,221
2023-12-11,270
2023-12-11,172
2023-12-12,223
2023-12-12,223
2023-12-12,272
2023-12-12,174
2023-12-13,226
2023-12-13,226
2023-12-13,264
2023-12-13,188
2023-12-14,200
2023-12-14,200
2023-12-14,198
2023-12-14,202
2023-12-15,199
2023-12-15,199
2023-12-15,190
2023-12-15,208
2023-12-16,208
2023-12-16,208
2023-12-16,198
2023-12-16,218
2023-12-17,215
2023-12-17,215
2023-12-17,206
2023-12-17,224
2023-12-18,222
2023-12-18,222
2023-12-18,212
2023-12-18,232
2023-12-19,227
2023-12-19,227
2023-12-19,212
2023-12-19,242
2023-12-20,251
2023-12-20,251
2023-12-20,232
2023-12-20,270
2023-12-21,280
2023-12-21,280
2023-12-21,256
2023-12-21,304
2023-12-22,285
2023-12-22,285
2023-12-22,276
2023-12-22,294
2023-12-23,280
2023-12-23,280
2023-12-23,302
2023-12-23,258
2023-12-24,266
2023-12-24,266
2023-12-24,308
2023-12-24,224
2023-12-25,259
2023-12-25,259
2023-12-25,304
2023-12-25,214
2023-12-26,244
2023-12-26,244
2023-12-26,278
2023-12-26,210
2023-12-27,253
2023-12-27,253
2023-12-27,284
2023-12-27,222
2023-12-28,228
2023-12-28,228
2023-12-28,224
2023-12-28,232
2023-12-29,235
2023-12-29,235
2023-12-29,228
2023-12-29,242
2023-12-30,250
2023-12-30,250
2023-12-30,248
2023-12-30,252
2023-12-31,245
2023-12-31,245
2023-12-31,236
2023-12-31,254
2024-01-01,245
2024-01-01,232
2024-01-01,258
2024-01-02,250
2024-01-02,242
2024-01-02,258
2024-01-03,252
2024-01-03,252
2024-01-03,252
2024-01-04,281
2024-01-04,268
2024-01-04,294
2024-01-05,286
2024-01-05,272
2024-01-05,300
2024-01-06,299
2024-01-06,294
2024-01-06,304
2024-01-07,292
2024-01-07,302
2024-01-07,282
2024-01-08,286
2024-01-08,318
2024-01-08,254
2024-01-09,300
2024-01-09,346
2024-01-09,254
2024-01-10,295
2024-01-10,338
2024-01-10,252
2024-01-11,295
2024-01-11,324
2024-01-11,266
2024-01-12,287
2024-01-12,294
2024-01-12,280
2024-01-13,284
2024-01-13,274
2024-01-13,294
2024-01-14,291
2024-01-14,276
2024-01-14,306
2024-01-15,301
2024-01-15,292
2024-01-15,310
2024-01-16,310
2024-01-16,304
2024-01-16,316
2024-01-17,320
2024-01-17,308
2024-01-17,332
2024-01-18,327
2024-01-18,314
2024-01-18,340
2024-01-19,345
2024-01-19,328
2024-01-19,362
2024-01-20,336
2024-01-20,332
2024-01-20,340
2024-01-21,338
2024-01-21,348
2024-01-21,328
2024-01-22,323
2024-01-22,354
2024-01-22,292
2024-01-23,323
2024-01-23,362
2024-01-23,284
2024-01-24,318
2024-01-24,342
2024-01-24,294
2024-01-25,324
2024-01-25,344
2024-01-25,304
2024-01-26,305
2024-01-26,308
2024-01-26,302
2024-01-27,311
2024-01-27,302
2024-01-27,320
2024-01-28,315
2024-01-28,306
2024-01-28,324
2024-01-29,309
2024-01-29,302
2024-01-29,316
2024-01-30,317
2024-01-30,310
2024-01-30,324
2024-01-31,322
2024-01-31,306
2024-01-31,338
2024-02-01,321
2024-02-01,312
2024-02-01,330
2024-02-02,327
2024-02-02,316
2024-02-02,338
2024-02-03,325
2024-02-03,314
2024-02-03,336
2024-02-04,324
2024-02-04,316
2024-02-04,332
2024-02-05,332
2024-02-05,326
2024-02-05,338
2024-02-06,341
2024-02-06,350
2024-02-06,332
2024-02-07,345
2024-02-07,378
2024-02-07,312
2024-02-08,348
2024-02-08,386
2024-02-08,310
2024-02-09,352
2024-02-09,382
2024-02-09,322
2024-02-10,350
2024-02-10,356
2024-02-10,344
2024-02-11,345
2024-02-11,338
2024-02-11,352
2024-02-12,354
2024-02-12,342
2024-02-12,366
2024-02-13,368
2024-02-13,354
2024-02-13,382
2024-02-14,373
2024-02-14,364
2024-02-14,382
2024-02-15,379
2024-02-15,370
2024-02-15,388
2024-02-16,382
2024-02-16,372
2024-02-16,392
2024-02-17,381
2024-02-17,366
2024-02-17,396
2024-02-18,380
2024-02-18,372
2024-02-18,388
2024-02-19,379
2024-02-19,384
2024-02-19,374
2024-02-20,368
2024-02-20,394
2024-02-20,342
2024-02-21,362
2024-02-21,392
2024-02-21,332
2024-02-22,361
2024-02-22,388
2024-02-22,334
2024-02-23,347
2024-02-23,366
2024-02-23,328
2024-02-24,345
2024-02-24,348
2024-02-24,342
2024-02-25,347
2024-02-25,340
2024-02-25,354
2024-02-26,348
2024-02-26,338
2024-02-26,358
2024-02-27,354
2024-02-27,346
2024-02-27,362
2024-02-28,363
2024-02-28,352
2024-02-28,374
2024-02-29,361
2024-02-29,356
2024-02-29,366
2024-03-01,362
2024-03-01,352
2024-03-01,372
2024-03-02,366
2024-03-02,360
2024-03-02,372
2024-03-03,366
2024-03-03,358
2024-03-03,374
2024-03-04,372
2024-03-04,362
2024-03-04,382
2024-03-05,381
2024-03-05,366
2024-03-05,396
2024-03-06,389
2024-03-06,396
2024-03-06,382
2024-03-07,395
2024-03-07,418
2024-03-07,372
2024-03-08,408
2024-03-08,438
2024-03-08,378
2024-03-09,430
2024-03-09,468
2024-03-09,392
2024-03-10,429
2024-03-10,454
2024-03-10,404
2024-03-11,411
2024-03-11,412
2024-03-11,410
2024-03-12,411
2024-03-12,402
2024-03-12,420
2024-03-13,427
2024-03-13,410
2024-03-13,444
2024-03-14,428
2024-03-14,422
2024-03-14,434
2024-03-15,432
2024-03-15,424
2024-03-15,440
2024-03-16,435
2024-03-16,428
2024-03-16,442
2024-03-17,436
2024-03-17,424
2024-03-17,448
2024-03-18,428
2024-03-18,424
2024-03-18,432
2024-03-19,420
2024-03-19,426
2024-03-19,414
2024-03-20,421
2024-03-20,430
2024-03-20,412
2024-03-21,417
2024-03-21,438
2024-03-21,396
2024-03-22,417
2024-03-22,442
2024-03-22,392
2024-03-23,402
2024-03-23,432
2024-03-23,372
2024-03-24,408
2024-03-24,438
2024-03-24,378
2024-03-25,413
2024-03-25,416
2024-03-25,410
2024-03-26,415
2024-03-26,406
2024-03-26,424
2024-03-27,421
2024-03-27,416
2024-03-27,426
2024-03-28,421
2024-03-28,414
2024-03-28,428
2024-03-29,428
2024-03-29,422
2024-03-29,434
2024-03-30,420
2024-03-30,412
2024-03-30,428
2024-03-31,424
2024-03-31,416
2024-03-31,432
2024-04-01,429
2024-04-01,422
2024-04-01,436
2024-04-02,434
2024-04-02,424
2024-04-02,444
2024-04-03,440
2024-04-03,432
2024-04-03,448
2024-04-04,445
2024-04-04,448
2024-04-04,442
2024-04-05,439
2024-04-05,462
2024-04-05,416
2024-04-06,458
2024-04-06,482
2024-04-06,434
2024-04-07,458.5
2024-04-07,485
2024-04-07,432
2024-04-08,462
2024-04-08,482
2024-04-08,442
2024-04-09,444
2024-04-09,434
2024-04-09,454
2024-04-10,455
2024-04-10,452
2024-04-10,458
2024-04-11,446.5
2024-04-11,426
2024-04-11,467
2024-04-12,467
2024-04-12,466
2024-04-12,468
2024-04-13,470
2024-04-13,462
2024-04-13,478
2024-04-14,470
2024-04-14,464
2024-04-14,476
2024-04-15,468
2024-04-15,462
2024-04-15,474
2024-04-16,467
2024-04-16,458
2024-04-16,476
2024-04-17,467
2024-04-17,466
2024-04-17,468
2024-04-18,460
2024-04-18,462
2024-04-18,458
2024-04-19,458
2024-04-19,474
2024-04-19,442
2024-04-20,463
2024-04-20,482
2024-04-20,444
2024-04-21,465
2024-04-21,484
2024-04-21,446
2024-04-22,454
2024-04-22,456
2024-04-22,452
2024-04-23,460
2024-04-23,462
2024-04-23,458
2024-04-24,465
2024-04-24,468
2024-04-24,462
2024-04-25,472
2024-04-25,468
2024-04-25,476
2024-04-26,474
2024-04-26,462
2024-04-26,486
2024-04-27,479
2024-04-27,474
2024-04-27,484
2024-04-28,480
2024-04-28,476
2024-04-28,484
2024-04-29,476
2024-04-29,470
2024-04-29,482
2024-04-30,483
2024-04-30,478
2024-04-30,488
2024-05-01,488
2024-05-01,482
2024-05-01,494
2024-05-02,492
2024-05-02,482
2024-05-02,502
2024-05-03,500
2024-05-03,494
2024-05-03,506
2024-05-04,500
2024-05-04,508
2024-05-04,492
2024-05-05,496
2024-05-05,514
2024-05-05,478
2024-05-06,498
2024-05-06,514
2024-05-06,482
2024-05-07,501
2024-05-07,516
2024-05-07,486
2024-05-08,495
2024-05-08,502
2024-05-08,488
2024-05-09,493
2024-05-09,490
2024-05-09,496
2024-05-10,489
2024-05-10,484
2024-05-10,494
2024-05-11,492
2024-05-11,486
2024-05-11,498
2024-05-12,488
2024-05-12,482
2024-05-12,494
2024-05-13,487
2024-05-13,478
2024-05-13,496
2024-05-14,491
2024-05-14,484
2024-05-14,498
2024-05-15,489
2024-05-15,482
2024-05-15,496
2024-05-16,486
2024-05-16,478
2024-05-16,494
2024-05-17,493
2024-05-17,490
2024-05-17,496
2024-05-18,488
2024-05-18,492
2024-05-18,484
2024-05-19,478
2024-05-19,490
2024-05-19,466
2024-05-20,475
2024-05-20,492
2024-05-20,458
2024-05-21,475
2024-05-21,488
2024-05-21,462
2024-05-22,476
2024-05-22,486
2024-05-22,466
2024-05-23,472
2024-05-23,474
2024-05-23,470
2024-05-24,472
2024-05-24,478
2024-05-24,466
2024-05-25,469
2024-05-25,462
2024-05-25,476
2024-05-26,471
2024-05-26,464
2024-05-26,478
2024-05-27,475
2024-05-27,466
2024-05-27,484
2024-05-28,476
2024-05-28,470
2024-05-28,482
2024-05-29,482
2024-05-29,476
2024-05-29,488
2024-05-30,485
2024-05-30,476
2024-05-30,494
2024-05-31,493
2024-05-31,482
2024-05-31,504
2024-06-01,494
2024-06-01,488
2024-06-01,500
2024-06-02,492
2024-06-02,498
2024-06-02,486
2024-06-03,499
2024-06-03,504
2024-06-03,494
2024-06-04,487
2024-06-04,506
2024-06-04,468
2024-06-05,480
2024-06-05,498
2024-06-05,462
2024-06-06,472
2024-06-06,478
2024-06-06,466
2024-06-07,470
2024-06-07,468
2024-06-07,472
2024-06-08,472
2024-06-08,468
2024-06-08,476
2024-06-09,471
2024-06-09,464
2024-06-09,478
2024-06-10,472
2024-06-10,462
2024-06-10,482
2024-06-11,472
2024-06-11,468
2024-06-11,476
2024-06-12,470
2024-06-12,462
2024-06-12,478
2024-06-13,471
2024-06-13,464
2024-06-13,478
2024-06-14,475
2024-06-14,468
2024-06-14,482
2024-06-15,478
2024-06-15,472
2024-06-15,484
2024-06-16,476
2024-06-16,484
2024-06-16,468
2024-06-17,478
2024-06-17,472
2024-06-17,484
2024-06-18,461
2024-06-18,470
2024-06-18,452
2024-06-19,458
2024-06-19,472
2024-06-19,444
2024-06-20,453
2024-06-20,468
2024-06-20,438
2024-06-21,448
2024-06-21,458
2024-06-21,438
2024-06-22,450
2024-06-22,456
2024-06-22,444
2024-06-23,442
2024-06-23,438
2024-06-23,446
2024-06-24,441
2024-06-24,436
2024-06-24,446
2024-06-25,450
2024-06-25,446
2024-06-25,454
2024-06-26,451
2024-06-26,448
2024-06-26,454
2024-06-27,459
2024-06-27,452
2024-06-27,466
2024-06-28,462
2024-06-28,454
2024-06-28,470
2024-06-29,467
2024-06-29,458
2024-06-29,476
2024-06-30,467
2024-06-30,460
2024-06-30,474
2024-07-01,470
2024-07-01,464
2024-07-01,476
2024-07-02,468
2024-07-02,470
2024-07-02,466
2024-07-03,460
2024-07-03,478
2024-07-03,442
2024-07-04,447
2024-07-04,466
2024-07-04,428
2024-07-05,441
2024-07-05,454
2024-07-05,428
2024-07-06,431
2024-07-06,430
2024-07-06,432
2024-07-07,431
2024-07-07,424
2024-07-07,438
2024-07-08,428
2024-07-08,422
2024-07-08,434
2024-07-09,429
2024-07-09,426
2024-07-09,432
2024-07-10,430
2024-07-10,424
2024-07-10,436
2024-07-11,432
2024-07-11,426
2024-07-11,438
2024-07-12,436
2024-07-12,428
2024-07-12,444
2024-07-13,437
2024-07-13,432
2024-07-13,442
2024-07-14,430
2024-07-14,422
2024-07-14,438
2024-07-15,433
2024-07-15,422
2024-07-15,444
2024-07-16,444
2024-07-16,454
2024-07-16,434
2024-07-17,429
2024-07-17,432
2024-07-17,426
2024-07-18,424
2024-07-18,436
2024-07-18,412
2024-07-19,413
2024-07-19,428
2024-07-19,398
2024-07-20,407
2024-07-20,418
2024-07-20,396
2024-07-21,408
2024-07-21,412
2024-07-21,404
2024-07-22,405
2024-07-22,402
2024-07-22,408
2024-07-23,409
2024-07-23,402
2024-07-23,416
2024-07-24,417
2024-07-24,410
2024-07-24,424
2024-07-25,421
2024-07-25,414
2024-07-25,428
2024-07-26,425
2024-07-26,418
2024-07-26,432
2024-07-27,429
2024-07-27,422
2024-07-27,436
2024-07-28,430
2024-07-28,418
2024-07-28,442
2024-07-29,436
2024-07-29,426
2024-07-29,446
2024-07-30,429
2024-07-30,428
2024-07-30,430
2024-07-31,426
2024-07-31,428
2024-07-31,424
2024-08-01,417
2024-08-01,422
2024-08-01,412
2024-08-02,393
2024-08-02,402
2024-08-02,384
2024-08-03,392.5
2024-08-03,407
2024-08-03,378
2024-08-04,385
2024-08-04,388
2024-08-04,382
2024-08-05,382
2024-08-05,378
2024-08-05,386
2024-08-06,383
2024-08-06,378
2024-08-06,388
2024-08-07,388
2024-08-07,382
2024-08-07,394
2024-08-08,384
2024-08-08,380
2024-08-08,388
2024-08-09,387
2024-08-09,378
2024-08-09,396
2024-08-10,390
2024-08-10,384
2024-08-10,396
2024-08-11,389
2024-08-11,376
2024-08-11,402
2024-08-12,386
2024-08-12,374
2024-08-12,398
2024-08-13,387
2024-08-13,378
2024-08-13,396
2024-08-14,388
2024-08-14,382
2024-08-14,394
2024-08-15,387
2024-08-15,386
2024-08-15,388
2024-08-16,377.5
2024-08-16,382
2024-08-16,373
2024-08-17,373
2024-08-17,390
2024-08-17,356
2024-08-18,363
2024-08-18,384
2024-08-18,342
2024-08-19,357
2024-08-19,370
2024-08-19,344
2024-08-20,351
2024-08-20,354
2024-08-20,348
2024-08-21,346
2024-08-21,346
2024-08-21,346
2024-08-22,358
2024-08-22,352
2024-08-22,364
2024-08-23,366
2024-08-23,358
2024-08-23,374
2024-08-24,368
2024-08-24,360
2024-08-24,376
2024-08-25,367
2024-08-25,354
2024-08-25,380
2024-08-26,347
2024-08-26,348
2024-08-26,346
2024-08-27,345
2024-08-27,342
2024-08-27,348
2024-08-28,362
2024-08-28,352
2024-08-28,372
2024-08-29,363
2024-08-29,362
2024-08-29,364
2024-08-30,342
2024-08-30,356
2024-08-30,328
2024-08-31,327
2024-08-31,352
2024-08-31,302
2024-09-01,311
2024-09-01,326
2024-09-01,296
2024-09-02,305
2024-09-02,318
2024-09-02,292
2024-09-03,299.5
2024-09-03,309
2024-09-03,290
2024-09-04,294
2024-09-04,292
2024-09-04,296
2024-09-05,292
2024-09-05,288
2024-09-05,296
2024-09-06,291
2024-09-06,284
2024-09-06,298
2024-09-07,290
2024-09-07,282
2024-09-07,298
2024-09-08,286
2024-09-08,278
2024-09-08,294
2024-09-09,283
2024-09-09,274
2024-09-09,292
2024-09-10,278
2024-09-10,268
2024-09-10,288
2024-09-11,279
2024-09-11,266
2024-09-11,292
2024-09-12,283
2024-09-12,268
2024-09-12,298
2024-09-13,295
2024-09-13,282
2024-09-13,308
2024-09-14,288
2024-09-14,286
2024-09-14,290
2024-09-15,277
2024-09-15,310
2024-09-15,244
2024-09-16,273
2024-09-16,312
2024-09-16,234
2024-09-17,260
2024-09-17,304
2024-09-17,216
2024-09-18,267
2024-09-18,302
2024-09-18,232
2024-09-19,256
2024-09-19,264
2024-09-19,248
2024-09-20,245
2024-09-20,238
2024-09-20,252
2024-09-21,245
2024-09-21,234
2024-09-21,256
2024-09-22,246
2024-09-22,238
2024-09-22,254
2024-09-23,240
2024-09-23,234
2024-09-23,246
2024-09-24,236
2024-09-24,228
2024-09-24,244
2024-09-25,240
2024-09-25,218
2024-09-25,262
2024-09-26,254
2024-09-26,232
2024-09-26,276
2024-09-27,260
2024-09-27,254
2024-09-27,266
2024-09-28,247
2024-09-28,272
2024-09-28,222
2024-09-29,227
2024-09-29,274
2024-09-29,180
2024-09-30,215
2024-09-30,266
2024-09-30,164
2024-10-01,214
2024-10-01,250
2024-10-01,178
2024-10-02,202
2024-10-02,272
2024-10-02,132
2024-10-03,198.5
2024-10-03,222
2024-10-03,175
2024-10-04,185
2024-10-04,186
2024-10-04,184
2024-10-05,186
2024-10-05,180
2024-10-05,192
2024-10-06,189
2024-10-06,184
2024-10-06,194
2024-10-07,177
2024-10-07,172
2024-10-07,182
2024-10-08,178
2024-10-08,172
2024-10-08,184
2024-10-09,180
2024-10-09,174
2024-10-09,186
2024-10-10,187
2024-10-10,178
2024-10-10,196
2024-10-11,196
2024-10-11,174
2024-10-11,218
2024-10-12,226
2024-10-12,204
2024-10-12,248
2024-10-13,243
2024-10-13,232
2024-10-13,254
2024-10-14,260
2024-10-14,264
2024-10-14,256
2024-10-15,252
2024-10-15,286
2024-10-15,218
2024-10-16,226
2024-10-16,280
2024-10-16,172
2024-10-17,229
2024-10-17,286
2024-10-17,172
2024-10-18,214
2024-10-18,246
2024-10-18,182
2024-10-19,192
2024-10-19,188
2024-10-19,196
2024-10-20,187
2024-10-20,176
2024-10-20,198
2024-10-21,196
2024-10-21,188
2024-10-21,204
2024-10-22,199
2024-10-22,192
2024-10-22,206
2024-10-23,197.5
2024-10-23,190
2024-10-23,205
2024-10-24,204
2024-10-24,184
2024-10-24,224
2024-10-25,222
2024-10-25,198
2024-10-25,246
2024-10-26,235
2024-10-26,222
2024-10-26,248
2024-10-27,238
2024-10-27,242
2024-10-27,234
2024-10-28,225.5
2024-10-28,238
2024-10-28,213
2024-10-29,214
2024-10-29,252
2024-10-29,176
2024-10-30,195.5
2024-10-30,244
2024-10-30,147
2024-10-31,214
2024-10-31,246
2024-10-31,182
2024-11-01,140
2024-11-01,122
2024-11-01,158
2024-11-02,180
2024-11-02,196
2024-11-02,164
2024-11-03,167
2024-11-03,170
2024-11-03,164
2024-11-04,169
2024-11-04,162
2024-11-04,176
2024-11-05,170
2024-11-05,166
2024-11-05,174
2024-11-06,165
2024-11-06,160
2024-11-06,170
2024-11-07,168
2024-11-07,164
2024-11-07,172
2024-11-08,177
2024-11-08,166
2024-11-08,188
2024-11-09,199
2024-11-09,172
2024-11-09,226
2024-11-10,220
2024-11-10,194
2024-11-10,246
2024-11-11,237
2024-11-11,220
2024-11-11,254
2024-11-12,252
2024-11-12,254
2024-11-12,250
2024-11-13,255
2024-11-13,270
2024-11-13,240
2024-11-14,243
2024-11-14,286
2024-11-14,200
2024-11-15,239
2024-11-15,284
2024-11-15,194
2024-11-16,230
2024-11-16,272
2024-11-16,188
2024-11-17,212
2024-11-17,226
2024-11-17,198
2024-11-18,197
2024-11-18,190
2024-11-18,204
2024-11-19,193
2024-11-19,196
2024-11-19,190
2024-11-20,200
2024-11-20,190
2024-11-20,210
2024-11-21,215
2024-11-21,200
2024-11-21,230
2024-11-22,220
2024-11-22,200
2024-11-22,240
2024-11-23,231
2024-11-23,210
2024-11-23,252
2024-11-24,239
2024-11-24,226
2024-11-24,252
2024-11-25,253
2024-11-25,250
2024-11-25,256
2024-11-26,261
2024-11-26,264
2024-11-26,258
2024-11-27,249
2024-11-27,274
2024-11-27,224
2024-11-28,223
2024-11-28,294
2024-11-28,152
2024-11-29,226
2024-11-29,268
2024-11-29,184
2024-11-30,230
2024-11-30,270
2024-11-30,190
2024-12-01,222
2024-12-01,248
2024-12-01,196
2024-12-02,218
2024-12-02,228
2024-12-02,208
2024-12-03,208
2024-12-03,204
2024-12-03,212
2024-12-04,207
2024-12-04,198
2024-12-04,216
2024-12-05,211
2024-12-05,200
2024-12-05,222
2024-12-06,225
2024-12-06,226
2024-12-06,224
2024-12-07,220
2024-12-07,208
2024-12-07,232
2024-12-08,237
2024-12-08,222
2024-12-08,252
2024-12-09,246
2024-12-09,220
2024-12-09,272
2024-12-10,271
2024-12-10,244
2024-12-10,298
2024-12-11,279
2024-12-11,268
2024-12-11,290
2024-12-12,287
2024-12-12,304
2024-12-12,270
2024-12-13,270
2024-12-13,314
2024-12-13,226
2024-12-14,263
2024-12-14,318
2024-12-14,208
2024-12-15,263
2024-12-15,302
2024-12-15,224
2024-12-16,228
2024-12-16,232
2024-12-16,224
2024-12-17,238
2024-12-17,228
2024-12-17,248
2024-12-18,243
2024-12-18,234
2024-12-18,252
2024-12-19,246
2024-12-19,238
2024-12-19,254
2024-12-20,253
2024-12-20,244
2024-12-20,262
2024-12-21,265
2024-12-21,246
2024-12-21,284
2024-12-22,268
2024-12-22,254
2024-12-22,282
2024-12-23,286
2024-12-23,268
2024-12-23,304
2024-12-24,290
2024-12-24,278
2024-12-24,302
2024-12-25,287
2024-12-25,302
2024-12-25,272
2024-12-26,285
2024-12-26,318
2024-12-26,252
2024-12-27,273
2024-12-27,320
2024-12-27,226
2024-12-28,275
2024-12-28,312
2024-12-28,238
2024-12-29,278
2024-12-29,324
2024-12-29,232
2024-12-30,278
2024-12-30,314
2024-12-30,242
2024-12-31,245
2024-12-31,232
2024-12-31,258
2025-01-01,269
2025-01-01,266
2025-01-01,272
2025-01-02,264
2025-01-02,264
2025-01-02,264
2025-01-03,285
2025-01-03,272
2025-01-03,298
2025-01-04,299
2025-01-04,286
2025-01-04,312
2025-01-05,310
2025-01-05,296
2025-01-05,324
2025-01-06,320
2025-01-06,308
2025-01-06,332
2025-01-07,333
2025-01-07,320
2025-01-07,346
2025-01-08,350
2025-01-08,332
2025-01-08,368
2025-01-09,358
2025-01-09,350
2025-01-09,366
2025-01-10,348
2025-01-10,364
2025-01-10,332
2025-01-11,345
2025-01-11,384
2025-01-11,306
2025-01-12,343
2025-01-12,382
2025-01-12,304
2025-01-13,343
2025-01-13,368
2025-01-13,318
2025-01-14,357
2025-01-14,380
2025-01-14,334
2025-01-15,352
2025-01-15,364
2025-01-15,340
2025-01-16,341
2025-01-16,332
2025-01-16,350
2025-01-17,341
2025-01-17,330
2025-01-17,352
2025-01-18,347
2025-01-18,334
2025-01-18,360
2025-01-19,345
2025-01-19,336
2025-01-19,354
2025-01-20,369
2025-01-20,380
2025-01-20,358
2025-01-21,358
2025-01-21,346
2025-01-21,370
2025-01-22,370
2025-01-22,356
2025-01-22,384
2025-01-23,369
2025-01-23,362
2025-01-23,376
2025-01-24,372
2025-01-24,370
2025-01-24,374
2025-01-25,365
2025-01-25,376
2025-01-25,354
2025-01-26,363
2025-01-26,388
2025-01-26,338
2025-01-27,363
2025-01-27,392
2025-01-27,334
2025-01-28,375
2025-01-28,402
2025-01-28,348
2025-01-29,372
2025-01-29,382
2025-01-29,362
2025-01-30,386
2025-01-30,390
2025-01-30,382
2025-01-31,390
2025-01-31,384
2025-01-31,396
2025-02-01,396
2025-02-01,384
2025-02-01,408
2025-02-02,405
2025-02-02,394
2025-02-02,416
2025-02-03,406
2025-02-03,398
2025-02-03,414
2025-02-04,410
2025-02-04,406
2025-02-04,414
2025-02-05,415
2025-02-05,408
2025-02-05,422
2025-02-06,421
2025-02-06,410
2025-02-06,432
2025-02-07,419
2025-02-07,412
2025-02-07,426
2025-02-08,413
2025-02-08,424
2025-02-08,402
2025-02-09,417
2025-02-09,438
2025-02-09,396
2025-02-10,413
2025-02-10,440
2025-02-10,386
2025-02-11,414.5
2025-02-11,440
2025-02-11,389
2025-02-12,408
2025-02-12,414
2025-02-12,402
2025-02-13,418
2025-02-13,414
2025-02-13,422
2025-02-14,412
2025-02-14,406
2025-02-14,418
2025-02-15,421
2025-02-15,406
2025-02-15,436
2025-02-16,427
2025-02-16,420
2025-02-16,434
2025-02-17,419
2025-02-17,406
2025-02-17,432
2025-02-18,429
2025-02-18,424
2025-02-18,434
2025-02-19,435
2025-02-19,428
2025-02-19,442
2025-02-20,437
2025-02-20,430
2025-02-20,444
2025-02-21,437
2025-02-21,428
2025-02-21,446
2025-02-22,435
2025-02-22,432
2025-02-22,438
2025-02-23,435
2025-02-23,438
2025-02-23,432
2025-02-24,434
2025-02-24,448
2025-02-24,420
2025-02-25,451
2025-02-25,476
2025-02-25,426
2025-02-26,454
2025-02-26,476
2025-02-26,432
2025-02-27,451
2025-02-27,462
2025-02-27,440
2025-02-28,453
2025-02-28,466
2025-02-28,440
2025-03-01,458
2025-03-01,452
2025-03-01,464
2025-03-02,466
2025-03-02,462
2025-03-02,470
2025-03-03,472
2025-03-03,456
2025-03-03,488
2025-03-04,467
2025-03-04,448
2025-03-04,486
2025-03-05,486
2025-03-05,478
2025-03-05,494
2025-03-06,485
2025-03-06,478
2025-03-06,492
2025-03-07,483
2025-03-07,472
2025-03-07,494
2025-03-08,487
2025-03-08,484
2025-03-08,490
2025-03-09,456
2025-03-09,444
2025-03-09,468
2025-03-10,477
2025-03-10,496
2025-03-10,458
2025-03-11,473
2025-03-11,492
2025-03-11,454
2025-03-12,479
2025-03-12,488
2025-03-12,470
2025-03-13,480
2025-03-13,486
2025-03-13,474
2025-03-14,480
2025-03-14,482
2025-03-14,478
2025-03-15,484
2025-03-15,476
2025-03-15,492
2025-03-16,492
2025-03-16,486
2025-03-16,498
2025-03-17,494
2025-03-17,486
2025-03-17,502
2025-03-18,498
2025-03-18,492
2025-03-18,504
2025-03-19,495
2025-03-19,488
2025-03-19,502
2025-03-20,510
2025-03-20,508
2025-03-20,512
2025-03-21,509
2025-03-21,504
2025-03-21,514
2025-03-22,503
2025-03-22,498
2025-03-22,508
2025-03-23,507
2025-03-23,502
2025-03-23,512
2025-03-24,507
2025-03-24,506
2025-03-24,508
2025-03-25,508
2025-03-25,512
2025-03-25,504
2025-03-26,510
2025-03-26,518
2025-03-26,502
2025-03-27,511
2025-03-27,522
2025-03-27,500
2025-03-28,517
2025-03-28,528
2025-03-28,506
2025-03-29,525
2025-03-29,534
2025-03-29,516
2025-03-30,525
2025-03-30,522
2025-03-30,528
2025-03-31,526
2025-03-31,520
2025-03-31,532
2025-04-01,532
2025-04-01,526
2025-04-01,538
2025-04-02,535
2025-04-02,528
2025-04-02,542
2025-04-03,538
2025-04-03,534
2025-04-03,542
2025-04-04,541
2025-04-04,536
2025-04-04,546
2025-04-05,538
2025-04-05,534
2025-04-05,542
2025-04-06,533
2025-04-06,530
2025-04-06,536
2025-04-07,525
2025-04-07,528
2025-04-07,522
2025-04-08,520
2025-04-08,532
2025-04-08,508
2025-04-09,519
2025-04-09,534
2025-04-09,504
2025-04-10,521
2025-04-10,530
2025-04-10,512
2025-04-11,531
2025-04-11,536
2025-04-11,526
2025-04-12,531
2025-04-12,528
2025-04-12,534
2025-04-13,535
2025-04-13,530
2025-04-13,540
2025-04-14,533
2025-04-14,528
2025-04-14,538
2025-04-15,537
2025-04-15,534
2025-04-15,540
2025-04-16,539
2025-04-16,536
2025-04-16,542
2025-04-17,537
2025-04-17,532
2025-04-17,542
2025-04-18,538
2025-04-18,532
2025-04-18,544
2025-04-19,540
2025-04-19,536
2025-04-19,544
2025-04-20,536
2025-04-20,532
2025-04-20,540
2025-04-21,539
2025-04-21,536
2025-04-21,542
2025-04-22,544
2025-04-22,546
2025-04-22,542
2025-04-23,540
2025-04-23,542
2025-04-23,538
2025-04-24,538
2025-04-24,548
2025-04-24,528
2025-04-25,542
2025-04-25,552
2025-04-25,532
2025-04-26,545
2025-04-26,556
2025-04-26,534
2025-04-27,546
2025-04-27,554
2025-04-27,538
2025-04-28,543
2025-04-28,540
2025-04-28,546
2025-04-29,547
2025-04-29,542
2025-04-29,552
2025-04-30,552
2025-04-30,546
2025-04-30,558
2025-05-01,557
2025-05-01,552
2025-05-01,562
2025-05-02,559
2025-05-02,554
2025-05-02,564
2025-05-03,559
2025-05-03,556
2025-05-03,562
2025-05-04,558
2025-05-04,556
2025-05-04,560
2025-05-05,553
2025-05-05,554
2025-05-05,552
2025-05-06,554
2025-05-06,556
2025-05-06,552
2025-05-07,549
2025-05-07,554
2025-05-07,544
2025-05-08,547
2025-05-08,556
2025-05-08,538
2025-05-09,541
2025-05-09,550
2025-05-09,532
2025-05-10,533
2025-05-10,538
2025-05-10,528
2025-05-11,536
2025-05-11,542
2025-05-11,530
2025-05-12,530
2025-05-12,532
2025-05-12,528
2025-05-13,531
2025-05-13,526
2025-05-13,536
2025-05-14,536
2025-05-14,532
2025-05-14,540
2025-05-15,543
2025-05-15,544
2025-05-15,542
2025-05-16,538
2025-05-16,534
2025-05-16,542
2025-05-17,542
2025-05-17,536
2025-05-17,548
2025-05-18,542
2025-05-18,538
2025-05-18,546
2025-05-19,543
2025-05-19,540
2025-05-19,546
2025-05-20,547
2025-05-20,544
2025-05-20,550
2025-05-21,547
2025-05-21,544
2025-05-21,550
2025-05-22,548
2025-05-22,548
2025-05-22,548
2025-05-23,547
2025-05-23,552
2025-05-23,542
2025-05-24,547
2025-05-24,556
2025-05-24,538
2025-05-25,555
2025-05-25,554
2025-05-25,556
2025-05-26,551
2025-05-26,552
2025-05-26,550
2025-05-27,538
2025-05-27,542
2025-05-27,534
2025-05-28,536
2025-05-28,532
2025-05-28,540
2025-05-29,539
2025-05-29,534
2025-05-29,544
2025-05-30,540
2025-05-30,536
2025-05-30,544
2025-05-31,539.5
2025-05-31,531
2025-05-31,548
2025-06-01,545
2025-06-01,540
2025-06-01,550
2025-06-02,546
2025-06-02,542
2025-06-02,550
2025-06-03,544
2025-06-03,540
2025-06-03,548
2025-06-04,544
2025-06-04,546
2025-06-04,542
2025-06-05,541
2025-06-05,544
2025-06-05,538
2025-06-06,540
2025-06-06,546
2025-06-06,534
2025-06-07,539
2025-06-07,536
2025-06-07,542
2025-06-08,528
2025-06-08,540
2025-06-08,516
2025-06-09,519
2025-06-09,526
2025-06-09,512
2025-06-10,523
2025-06-10,528
2025-06-10,518
2025-06-11,521
2025-06-11,520
2025-06-11,522
2025-06-12,520
2025-06-12,516
2025-06-12,524
2025-06-13,521
2025-06-13,514
2025-06-13,528
2025-06-14,523
2025-06-14,522
2025-06-14,524
2025-06-15,531
2025-06-15,522
2025-06-15,540
2025-06-16,534
2025-06-16,520
2025-06-16,548
2025-06-17,539
2025-06-17,538
2025-06-17,540
2025-06-18,535
2025-06-18,530
2025-06-18,540
2025-06-19,541
2025-06-19,540
2025-06-19,542
2025-06-20,540
2025-06-20,538
2025-06-20,542
2025-06-21,544
2025-06-21,540
2025-06-21,548
2025-06-22,534
2025-06-22,544
2025-06-22,524
2025-06-23,534
2025-06-23,544
2025-06-23,524
2025-06-24,520
2025-06-24,530
2025-06-24,510
2025-06-25,521
2025-06-25,520
2025-06-25,522
2025-06-26,523
2025-06-26,522
2025-06-26,524
2025-06-27,525
2025-06-27,520
2025-06-27,530
2025-06-28,527
2025-06-28,520
2025-06-28,534
2025-06-29,525
2025-06-29,524
2025-06-29,526
2025-06-30,528
2025-06-30,520
2025-06-30,536
2025-07-01,527
2025-07-01,520
2025-07-01,534
2025-07-02,529
2025-07-02,522
2025-07-02,536
2025-07-03,525
2025-07-03,520
2025-07-03,530
2025-07-04,528
2025-07-04,526
2025-07-04,530
2025-07-05,524
2025-07-05,526
2025-07-05,522
2025-07-06,515
2025-07-06,522
2025-07-06,508
2025-07-07,511
2025-07-07,520
2025-07-07,502
2025-07-08,506
2025-07-08,514
2025-07-08,498
2025-07-09,502
2025-07-09,508
2025-07-09,496
2025-07-10,505
2025-07-10,510
2025-07-10,500
2025-07-11,504
2025-07-11,502
2025-07-11,506
2025-07-12,509
2025-07-12,504
2025-07-12,514
2025-07-13,507
2025-07-13,504
2025-07-13,510
2025-07-14,513
2025-07-14,506
2025-07-14,520
2025-07-15,516
2025-07-15,510
2025-07-15,522
2025-07-16,519
2025-07-16,512
2025-07-16,526
2025-07-17,520
2025-07-17,510
2025-07-17,530
2025-07-18,524
2025-07-18,518
2025-07-18,530
2025-07-19,524
2025-07-19,518
2025-07-19,530
2025-07-20,524
2025-07-20,522
2025-07-20,526
2025-07-21,524
2025-07-21,528
2025-07-21,520
2025-07-22,514
2025-07-22,526
2025-07-22,502
2025-07-23,508
2025-07-23,520
2025-07-23,496
2025-07-24,507
2025-07-24,514
2025-07-24,500
2025-07-25,502
2025-07-25,502
2025-07-25,502
2025-07-26,505
2025-07-26,500
2025-07-26,510
2025-07-27,506
2025-07-27,502
2025-07-27,510
2025-07-28,510
2025-07-28,506
2025-07-28,514
2025-07-29,506
2025-07-29,502
2025-07-29,510
2025-07-30,506
2025-07-30,500
2025-07-30,512
2025-07-31,505
2025-07-31,500
2025-07-31,510
2025-08-01,504
2025-08-01,498
2025-08-01,510
2025-08-02,500
2025-08-02,498
2025-08-02,502
2025-08-03,500
2025-08-03,500
2025-08-03,500
2025-08-04,490
2025-08-04,490
2025-08-04,490
2025-08-05,486
2025-08-05,490
2025-08-05,482
2025-08-06,477
2025-08-06,486
2025-08-06,468
2025-08-07,476
2025-08-07,486
2025-08-07,466
2025-08-08,479
2025-08-08,488
2025-08-08,470
2025-08-09,480
2025-08-09,484
2025-08-09,476
2025-08-10,476
2025-08-10,476
2025-08-10,476
2025-08-11,477
2025-08-11,474
2025-08-11,480
2025-08-12,478
2025-08-12,476
2025-08-12,480
2025-08-13,478
2025-08-13,480
2025-08-13,476
2025-08-14,486
2025-08-14,480
2025-08-14,492
2025-08-15,493
2025-08-15,484
2025-08-15,502
2025-08-16,493
2025-08-16,486
2025-08-16,500
2025-08-17,494
2025-08-17,486
2025-08-17,502
2025-08-18,493
2025-08-18,486
2025-08-18,500
2025-08-19,487
2025-08-19,490
2025-08-19,484
2025-08-20,479
2025-08-20,490
2025-08-20,468
2025-08-21,473
2025-08-21,490
2025-08-21,456
2025-08-22,470
2025-08-22,480
2025-08-22,460
2025-08-23,465
2025-08-23,470
2025-08-23,460
2025-08-24,460
2025-08-24,460
2025-08-24,460
2025-08-25,465
2025-08-25,460
2025-08-25,470
2025-08-26,465
2025-08-26,460
2025-08-26,470
2025-08-27,466
2025-08-27,460
2025-08-27,472
2025-08-28,467
2025-08-28,460
2025-08-28,474
2025-08-29,463
2025-08-29,458
2025-08-29,468
2025-08-30,463
2025-08-30,456
2025-08-30,470
2025-08-31,464
2025-08-31,458
2025-08-31,470
2025-09-01,460
2025-09-01,460
2025-09-01,460
2025-09-02,455
2025-09-02,450
2025-09-02,460
2025-09-03,453
2025-09-03,456
2025-09-03,450
2025-09-04,450
2025-09-04,460
2025-09-04,440
2025-09-05,445
2025-09-05,450
2025-09-05,440
2025-09-06,445
2025-09-06,460
2025-09-06,430
2025-09-07,445
2025-09-07,460
2025-09-07,430
2025-09-08,435
2025-09-08,440
2025-09-08,430
2025-09-09,433
2025-09-09,430
2025-09-09,436
2025-09-10,435
2025-09-10,430
2025-09-10,440
2025-09-11,439
2025-09-11,440
2025-09-11,438
2025-09-12,444
2025-09-12,436
2025-09-12,452
2025-09-13,442
2025-09-13,438
2025-09-13,446
2025-09-14,440.5
2025-09-14,435
2025-09-14,446
2025-09-15,440
2025-09-15,432
2025-09-15,448
2025-09-16,439
2025-09-16,430
2025-09-16,448
2025-09-17,437
2025-09-17,440
2025-09-17,434
2025-09-18,447
2025-09-18,456
2025-09-18,438
2025-09-19,414
2025-09-19,438
2025-09-19,390
2025-09-20,396
2025-09-20,402
2025-09-20,390
2025-09-21,395
2025-09-21,402
2025-09-21,388
2025-09-22,388
2025-09-22,386
2025-09-22,390
2025-09-23,392
2025-09-23,388
2025-09-23,396
2025-09-24,394
2025-09-24,388
2025-09-24,400
2025-09-25,390
2025-09-25,390
2025-09-25,390
2025-09-26,381
2025-09-26,375
2025-09-26,387
2025-09-27,377.5
2025-09-27,370
2025-09-27,385
2025-09-28,378.5
2025-09-28,370
2025-09-28,387
2025-09-29,375
2025-09-29,369
2025-09-29,381
2025-09-30,369
2025-09-30,363
2025-09-30,375
2025-10-01,371.5
2025-10-01,367
2025-10-01,376
2025-10-02,374.5
2025-10-02,370
2025-10-02,379
2025-10-03,380.5
2025-10-03,383
2025-10-03,378
2025-10-04,379.5
2025-10-04,399
2025-10-04,360
2025-10-05,387.5
2025-10-05,415
2025-10-05,360
2025-10-06,381.5
2025-10-06,413
2025-10-06,350
2025-10-07,375.5
2025-10-07,410
2025-10-07,341
2025-10-08,373.5
2025-10-08,394
2025-10-08,353
2025-10-09,358
2025-10-09,357
2025-10-09,359
2025-10-10,353.5
2025-10-10,347
2025-10-10,360
2025-10-11,352.5
2025-10-11,345
2025-10-11,360
2025-10-12,351.5
2025-10-12,343
2025-10-12,360
2025-10-13,350
2025-10-13,341
2025-10-13,359
2025-10-14,351
2025-10-14,339
2025-10-14,363
2025-10-15,359.5
2025-10-15,349
2025-10-15,370
2025-10-16,362.5
2025-10-16,358
2025-10-16,367
2025-10-17,359.5
2025-10-17,371
2025-10-17,348
2025-10-18,349
2025-10-18,380
2025-10-18,318
2025-10-19,340
2025-10-19,377
2025-10-19,303
2025-10-20,329
2025-10-20,360
2025-10-20,298
2025-10-21,316.5
2025-10-21,343
2025-10-21,290
2025-10-22,304
2025-10-22,320
2025-10-22,288
2025-10-23,309
2025-10-23,320
2025-10-23,298
2025-10-24,308.5
2025-10-24,317
2025-10-24,300
2025-10-25,294.5
2025-10-25,287
2025-10-25,302
2025-10-26,292
2025-10-26,284
2025-10-26,300
2025-10-27,294
2025-10-27,289
2025-10-27,299
2025-10-28,295
2025-10-28,288
2025-10-28,302
2025-10-29,300
2025-10-29,290
2025-10-29,310
2025-10-30,298.5
2025-10-30,290
2025-10-30,307
2025-10-31,308
2025-10-31,293
2025-10-31,323
2025-11-01,318
2025-11-01,311
2025-11-01,325
2025-11-02,329
2025-11-02,333
2025-11-02,325
2025-11-03,305
2025-11-03,303
2025-11-03,307
2025-11-04,356
2025-11-04,363
2025-11-04,349
2025-11-05,313.5
2025-11-05,360
2025-11-05,267
2025-11-06,317.5
2025-11-06,357
2025-11-06,278
2025-11-07,296.5
2025-11-07,300
2025-11-07,293
2025-11-08,289
2025-11-08,293
2025-11-08,285
2025-11-09,283.5
2025-11-09,273
2025-11-09,294
2025-11-10,288.5
2025-11-10,277
2025-11-10,300
2025-11-11,296
2025-11-11,285
2025-11-11,307
2025-11-12,297
2025-11-12,287
2025-11-12,307
2025-11-13,311
2025-11-13,293
2025-11-13,329
2025-11-14,325
2025-11-14,308
2025-11-14,342
2025-11-15,327.5
2025-11-15,333
2025-11-15,322
2025-11-16,324
2025-11-16,341
2025-11-16,307
2025-11-17,311.5
2025-11-17,349
2025-11-17,274
2025-11-18,307.5
2025-11-18,348
2025-11-18,267
2025-11-19,296.5
2025-11-19,333
2025-11-19,260
2025-11-20,290.5
2025-11-20,320
2025-11-20,261
2025-11-21,270.5
2025-11-21,276
2025-11-21,265
2025-11-22,272.5
2025-11-22,270
2025-11-22,275
2025-11-23,271
2025-11-23,267
2025-11-23,275
2025-11-24,279
2025-11-24,268
2025-11-24,290
2025-11-25,279.5
2025-11-25,275
2025-11-25,284
2025-11-26,283.5
2025-11-26,277
2025-11-26,290
2025-11-27,287.5
2025-11-27,275
2025-11-27,300
2025-11-28,296
2025-11-28,282
2025-11-28,310
2025-11-29,313
2025-11-29,294
2025-11-29,332
2025-11-30,325.5
2025-11-30,315
2025-11-30,336
2025-12-01,326.5
2025-12-01,323
2025-12-01,330
2025-12-02,369
2025-12-02,360
2025-12-02,378
2025-12-03,334
2025-12-03,368
2025-12-03,300
2025-12-04,326
2025-12-04,364
2025-12-04,288
2025-12-05,322
2025-12-05,354
2025-12-05,290
2025-12-06,319
2025-12-06,336
2025-12-06,302
2025-12-07,305
2025-12-07,300
2025-12-07,310
2025-12-08,310
2025-12-08,300
2025-12-08,320
2025-12-09,315
2025-12-09,310
2025-12-09,320
2025-12-10,319
2025-12-10,310
2025-12-10,328
2025-12-11,340
2025-12-11,320
2025-12-11,360
2025-12-12,345
2025-12-12,336
2025-12-12,354
2025-12-13,351
2025-12-13,340
2025-12-13,362
2025-12-14,365
2025-12-14,360
2025-12-14,370
2025-12-15,355
2025-12-15,362
2025-12-15,348
2025-12-16,343.5
2025-12-16,367
2025-12-16,320
2025-12-17,341.5
2025-12-17,375
2025-12-17,308
2025-12-18,335
2025-12-18,368
2025-12-18,302
2025-12-19,309
2025-12-19,308
2025-12-19,310
2025-12-20,334
2025-12-20,351
2025-12-20,317
2025-12-21,332.5
2025-12-21,335
2025-12-21,330
2025-12-22,323.5
2025-12-22,320
2025-12-22,327
2025-12-23,327.5
2025-12-23,320
2025-12-23,335
2025-12-24,331
2025-12-24,322
2025-12-24,340
2025-12-25,337.5
2025-12-25,330
2025-12-25,345
2025-12-26,336.5
2025-12-26,328
2025-12-26,345
2025-12-27,350
2025-12-27,340
2025-12-27,360
2025-12-28,373.5
2025-12-28,363
2025-12-28,384
2025-12-29,379
2025-12-29,365
2025-12-29,393
2025-12-30,390
2025-12-30,380
2025-12-30,400
2025-12-31,387.5
2025-12-31,395
2025-12-31,380
2026-01-01,377.22
2026-01-02,381.27
2026-01-03,387.3
2026-01-04,389.74
2026-01-05,394.41
2026-01-06,395.52
2026-01-07,395.66
2026-01-08,392.56
2026-01-09,388.49
2026-01-10,382.4
2026-01-11,374.89
2026-01-12,371.44
2026-01-13,368.3
2026-01-14,368.75
2026-01-15,372.73
2026-01-16,374.6
2026-01-17,381.4
2026-01-18,384.48
2026-01-19,390.9
2026-01-20,398.44
2026-01-21,402.38
2026-01-22,402.31
2026-01-23,401.33
2026-01-24,401.23
2026-01-25,397.43
2026-01-26,395.91
2026-01-27,395.59
2026-01-28,394.11
2026-01-29,392.98
2026-01-30,396.44
2026-01-31,405.99
2026-02-01,414.47
2026-02-02,419.47
2026-02-03,425.14
2026-02-04,426.9
2026-02-05,426.73
2026-02-06,427.11
2026-02-07,430.4
2026-02-08,422.85
2026-02-09,417.39
2026-02-10,415.73
2026-02-11,408.5
2026-02-12,410.61
2026-02-13,414.22
2026-02-14,415.09
2026-02-15,420.18
2026-02-16,431.54
2026-02-17,442.93
2026-02-18,448.84
2026-02-19,451.06
2026-02-20,455.36
2026-02-21,457.78
2026-02-22,462.06
2026-02-23,466.09
2026-02-24,466.27
2026-02-25,461.55
2026-02-26,461.5
2026-02-27,462.69
2026-02-28,465.07
2026-03-01,468.86
2026-03-02,475.81
2026-03-03,481.69
2026-03-04,486.06
2026-03-05,490.19
2026-03-06,490.84
2026-03-07,490.59
2026-03-08,486.01
2026-03-09,481.68
2026-03-10,477.07
2026-03-11,469.66
2026-03-12,467.77
2026-03-13,467.22
2026-03-14,468.5
2026-03-15,472.22
2026-03-31,505.46
2026-04-01,509.78
2026-04-02,512.24
2026-04-03,510.78
2026-04-04,512.79
2026-04-05,517.5
2026-04-06,513.48
2026-04-07,510.53
2026-04-08,508.96
2026-04-09,507.53
2026-04-10,504.6
2026-04-11,502.14
2026-04-12,499.06
2026-04-13,502.49
2026-04-14,506.48
2026-04-15,513.08
2026-04-16,519.07
2026-04-17,523.96
2026-04-18,529.18
2026-04-19,534.36
2026-04-20,531.61
2026-04-21,529.33
2026-04-22,525.61
2026-04-23,524.19
2026-04-24,522.12
2026-04-25,515.62
2026-04-26,515.05
2026-04-27,518.18
2026-04-28,522.47
2026-04-29,526.03
2026-04-30,529.34
2026-05-01,531.23
2026-05-02,531.93
2026-05-03,532.74
2026-05-04,533.3
2026-05-05,530.69
2026-05-06,525.42
2026-05-07,523.48
2026-05-08,518.76
2026-05-09,514.49
2026-05-10,512.53
2026-05-11,512.11
2026-05-12,519.78
2026-05-13,526.67
2026-05-14,527.34
2026-05-15,526.98
2026-05-16,531.26
2026-05-17,535.48
2026-05-18,538.12
2026-05-19,539.41
2026-05-20,539.46
2026-05-21,538.32
2026-05-22,537.05
2026-05-23,533.28
2026-05-24,528.99
2026-05-25,524.89
2026-05-26,522.79
2026-05-27,522.26
2026-05-28,521.11
2026-05-29,521.62
2026-05-30,520.56
2026-05-31,519.64
2026-06-01,519.27
2026-06-02,517.36
2026-06-03,516.7
2026-06-04,517.84
2026-06-05,517.55
2026-06-06,515.58
2026-06-07,515.38
2026-06-08,514.54
2026-06-09,515.4
2026-06-10,516.97
2026-06-11,519.58
2026-06-12,519.51
2026-06-13,522.33
2026-06-14,526.88
2026-06-15,529.43
2026-06-16,530.81
2026-06-17,532.48
2026-06-18,531.77
2026-06-19,530.15
2026-06-20,526.32
2026-06-21,522.44
2026-06-22,521.39
2026-06-23,518.01
2026-06-24,512.98
2026-06-25,506.69
2026-06-26,505.25
2026-06-27,506.9
2026-06-28,507.04
2026-06-29,506.6
2026-06-30,506.01
2026-07-01,506.76
2026-07-02,506.99
2026-07-03,507.34
2026-07-04,505.19
2026-07-05,504.5
2026-07-06,501.36
2026-07-07,499.57
2026-07-08,498.15
2026-07-09,497.58
2026-07-10,498.58
2026-07-11,500.1
2026-07-12,501.12
2026-07-13,501.34
2026-07-14,503.42
2026-07-15,503.51
2026-07-16,508.86
2026-07-17,508.08
2026-07-18,507.49
2026-07-19,504.51
2026-07-20,500.7
2026-07-21,495.95
2026-07-22,490.7
2026-07-23,483.02
2026-07-24,479.29
2026-07-25,476.4
2026-07-26,471.69
2026-07-27,471.85
2026-07-28,473.78
2026-07-29,474.4
2026-07-30,475.98
2026-07-31,478.8
2026-08-01,477.36
2026-08-02,473.98
2026-08-03,473.35
2026-08-04,470.95
2026-08-05,467.84
2026-08-06,463.61
2026-08-07,459.3
2026-08-08,455.59
2026-08-09,454.01
2026-08-10,453.6
2026-08-11,454.77
2026-08-12,456.34
2026-08-13,457.55
2026-08-14,458.75
2026-08-15,459.83
2026-08-16,457.82
2026-08-17,455.84
2026-08-18,450.28
2026-08-19,440.23
2026-08-20,431.19
2026-08-21,423.55
2026-08-22,417.28
2026-08-23,413.01
2026-08-24,408.27
2026-08-25,407.27
2026-08-26,412.52
2026-08-27,417.35
2026-08-28,418.48
2026-08-29,419.93
2026-08-30,420.78
2026-08-31,419.51
2026-09-01,415.47
2026-09-02,409.09
2026-09-03,403.47
2026-09-04,397.62
2026-09-05,388.91
2026-09-06,382.11
2026-09-07,381.66
2026-09-08,381.48
2026-09-09,385.99
2026-09-10,392.16
2026-09-11,396.78
2026-09-12,396.57
2026-09-13,394.5
2026-09-14,387.72
2026-09-15,378.66
2026-09-16,370.52
2026-09-17,361.88
2026-09-18,352.0
2026-09-19,341.84
2026-09-20,333.38
2026-09-21,321.36
2026-09-22,318.27
2026-09-23,321.3
2026-09-24,321.95
2026-09-25,330.92
2026-09-26,332.92
2026-09-27,336.66
2026-09-28,323.83
