Data,Cota
2005-01-01,206
2005-01-01,206
2005-01-01,208
2005-01-01,204
2005-01-02,210
2005-01-02,210
2005-01-02,211
2005-01-02,209
2005-01-03,212.5
2005-01-03,212
2005-01-03,214
2005-01-03,211
2005-01-04,211
2005-01-04,211
2005-01-04,212
2005-01-04,210
2005-01-05,214
2005-01-05,214
2005-01-05,215
2005-01-05,213
2005-01-06,215.5
2005-01-06,215
2005-01-06,217
2005-01-06,214
2005-01-07,220
2005-01-07,220
2005-01-07,221
2005-01-07,219
2005-01-08,222.5
2005-01-08,222
2005-01-08,224
2005-01-08,221
2005-01-09,227.5
2005-01-09,228
2005-01-09,229
2005-01-09,226
2005-01-10,231
2005-01-10,231
2005-01-10,233
2005-01-10,229
2005-01-11,231.5
2005-01-11,232
2005-01-11,231
2005-01-11,232
2005-01-12,232
2005-01-12,232
2005-01-12,234
2005-01-12,230
2005-01-13,235.5
2005-01-13,236
2005-01-13,236
2005-01-13,235
2005-01-14,237.5
2005-01-14,238
2005-01-14,238
2005-01-14,237
2005-01-15,238
2005-01-15,238
2005-01-15,240
2005-01-15,236
2005-01-16,234
2005-01-16,234
2005-01-16,236
2005-01-16,232
2005-01-17,230
2005-01-17,230
2005-01-17,233
2005-01-17,227
2005-01-18,228.5
2005-01-18,228
2005-01-18,231
2005-01-18,226
2005-01-19,225.5
2005-01-19,226
2005-01-19,228
2005-01-19,223
2005-01-20,232
2005-01-20,232
2005-01-20,234
2005-01-20,230
2005-01-21,230
2005-01-21,230
2005-01-21,231
2005-01-21,229
2005-01-22,233
2005-01-22,233
2005-01-22,235
2005-01-22,231
2005-01-23,231
2005-01-23,231
2005-01-23,232
2005-01-23,230
2005-01-24,231
2005-01-24,231
2005-01-24,230
2005-01-24,232
2005-01-25,231.5
2005-01-25,232
2005-01-25,234
2005-01-25,229
2005-01-26,236.5
2005-01-26,237
2005-01-26,238
2005-01-26,235
2005-01-27,233
2005-01-27,233
2005-01-27,235
2005-01-27,231
2005-01-28,237.5
2005-01-28,238
2005-01-28,239
2005-01-28,236
2005-01-29,241.5
2005-01-29,242
2005-01-29,243
2005-01-29,240
2005-01-30,242
2005-01-30,242
2005-01-30,240
2005-01-30,244
2005-01-31,245
2005-01-31,245
2005-01-31,244
2005-01-31,246
2005-02-01,251.5
2005-02-01,252
2005-02-01,250
2005-02-01,253
2005-02-02,252.5
2005-02-02,252
2005-02-02,254
2005-02-02,251
2005-02-03,256.5
2005-02-03,256
2005-02-03,258
2005-02-03,255
2005-02-04,256
2005-02-04,256
2005-02-04,255
2005-02-04,257
2005-02-05,257.5
2005-02-05,258
2005-02-05,259
2005-02-05,256
2005-02-06,261.5
2005-02-06,262
2005-02-06,263
2005-02-06,260
2005-02-07,264
2005-02-07,264
2005-02-07,266
2005-02-07,262
2005-02-08,269.5
2005-02-08,270
2005-02-08,271
2005-02-08,268
2005-02-09,272
2005-02-09,272
2005-02-09,274
2005-02-09,270
2005-02-10,278
2005-02-10,278
2005-02-10,280
2005-02-10,276
2005-02-11,282
2005-02-11,282
2005-02-11,284
2005-02-11,280
2005-02-12,283
2005-02-12,283
2005-02-12,282
2005-02-12,284
2005-02-13,289
2005-02-13,289
2005-02-13,290
2005-02-13,288
2005-02-14,288.5
2005-02-14,288
2005-02-14,286
2005-02-14,291
2005-02-15,292
2005-02-15,292
2005-02-15,291
2005-02-15,293
2005-02-16,291
2005-02-16,291
2005-02-16,290
2005-02-16,292
2005-02-17,296
2005-02-17,296
2005-02-17,297
2005-02-17,295
2005-02-18,282
2005-02-18,282
2005-02-18,286
2005-02-18,278
2005-02-19,278
2005-02-19,278
2005-02-19,280
2005-02-19,276
2005-02-20,293
2005-02-20,293
2005-02-20,288
2005-02-20,298
2005-02-21,297.5
2005-02-21,298
2005-02-21,296
2005-02-21,299
2005-02-22,298
2005-02-22,298
2005-02-22,293
2005-02-22,303
2005-02-23,304
2005-02-23,304
2005-02-23,300
2005-02-23,308
2005-02-24,297.5
2005-02-24,298
2005-02-24,296
2005-02-24,299
2005-02-25,302
2005-02-25,302
2005-02-25,300
2005-02-25,304
2005-02-26,307
2005-02-26,307
2005-02-26,305
2005-02-26,309
2005-02-27,302.5
2005-02-27,302
2005-02-27,301
2005-02-27,304
2005-02-28,310.5
2005-02-28,310
2005-02-28,308
2005-02-28,313
2005-03-01,312
2005-03-01,312
2005-03-01,310
2005-03-01,314
2005-03-02,320.5
2005-03-02,320
2005-03-02,322
2005-03-02,319
2005-03-03,318
2005-03-03,318
2005-03-03,320
2005-03-03,316
2005-03-04,321.5
2005-03-04,322
2005-03-04,323
2005-03-04,320
2005-03-05,315
2005-03-05,315
2005-03-05,318
2005-03-05,312
2005-03-06,313.5
2005-03-06,314
2005-03-06,311
2005-03-06,316
2005-03-07,317.5
2005-03-07,318
2005-03-07,316
2005-03-07,319
2005-03-08,324.5
2005-03-08,324
2005-03-08,322
2005-03-08,327
2005-03-09,322.5
2005-03-09,322
2005-03-09,320
2005-03-09,325
2005-03-10,329.5
2005-03-10,330
2005-03-10,329
2005-03-10,330
2005-03-11,334
2005-03-11,334
2005-03-11,332
2005-03-11,336
2005-03-12,337.5
2005-03-12,338
2005-03-12,336
2005-03-12,339
2005-03-13,356
2005-03-13,356
2005-03-13,354
2005-03-13,358
2005-03-14,360.5
2005-03-14,360
2005-03-14,359
2005-03-14,362
2005-03-15,364
2005-03-15,364
2005-03-15,362
2005-03-15,366
2005-03-16,368
2005-03-16,368
2005-03-16,367
2005-03-16,369
2005-03-17,366.5
2005-03-17,366
2005-03-17,363
2005-03-17,370
2005-03-18,357
2005-03-18,357
2005-03-18,358
2005-03-18,356
2005-03-19,345
2005-03-19,345
2005-03-19,342
2005-03-19,348
2005-03-20,355
2005-03-20,355
2005-03-20,353
2005-03-20,357
2005-03-21,360.5
2005-03-21,360
2005-03-21,358
2005-03-21,363
2005-03-22,358
2005-03-22,358
2005-03-22,356
2005-03-22,360
2005-03-23,372
2005-03-23,372
2005-03-23,370
2005-03-23,374
2005-03-24,369
2005-03-24,369
2005-03-24,366
2005-03-24,372
2005-03-25,373
2005-03-25,373
2005-03-25,371
2005-03-25,375
2005-03-26,383
2005-03-26,383
2005-03-26,380
2005-03-26,386
2005-03-27,386.5
2005-03-27,386
2005-03-27,384
2005-03-27,389
2005-03-28,394.5
2005-03-28,394
2005-03-28,393
2005-03-28,396
2005-03-29,404
2005-03-29,404
2005-03-29,400
2005-03-29,408
2005-03-30,411.5
2005-03-30,412
2005-03-30,410
2005-03-30,413
2005-03-31,404.5
2005-03-31,404
2005-03-31,406
2005-03-31,403
2005-04-01,407.5
2005-04-01,408
2005-04-01,406
2005-04-01,409
2005-04-02,408.5
2005-04-02,408
2005-04-02,410
2005-04-02,407
2005-04-03,401.5
2005-04-03,401
2005-04-03,403
2005-04-03,400
2005-04-04,407
2005-04-04,407
2005-04-04,405
2005-04-04,409
2005-04-05,396.5
2005-04-05,396
2005-04-05,398
2005-04-05,395
2005-04-06,402.5
2005-04-06,403
2005-04-06,399
2005-04-06,406
2005-04-07,412
2005-04-07,412
2005-04-07,409
2005-04-07,415
2005-04-08,415
2005-04-08,415
2005-04-08,413
2005-04-08,417
2005-04-09,425
2005-04-09,425
2005-04-09,423
2005-04-09,427
2005-04-10,431.5
2005-04-10,432
2005-04-10,429
2005-04-10,434
2005-04-11,431.5
2005-04-11,432
2005-04-11,433
2005-04-11,430
2005-04-12,431
2005-04-12,431
2005-04-12,430
2005-04-12,432
2005-04-13,430.5
2005-04-13,430
2005-04-13,432
2005-04-13,429
2005-04-14,436
2005-04-14,436
2005-04-14,437
2005-04-14,435
2005-04-15,438.5
2005-04-15,438
2005-04-15,440
2005-04-15,437
2005-04-16,437
2005-04-16,437
2005-04-16,435
2005-04-16,439
2005-04-17,434.5
2005-04-17,434
2005-04-17,433
2005-04-17,436
2005-04-18,430.5
2005-04-18,430
2005-04-18,429
2005-04-18,432
2005-04-19,413.5
2005-04-19,414
2005-04-19,419
2005-04-19,408
2005-04-20,396
2005-04-20,396
2005-04-20,398
2005-04-20,394
2005-04-21,390
2005-04-21,390
2005-04-21,392
2005-04-21,388
2005-04-22,399
2005-04-22,399
2005-04-22,396
2005-04-22,402
2005-04-23,397
2005-04-23,397
2005-04-23,395
2005-04-23,399
2005-04-24,401.5
2005-04-24,401
2005-04-24,403
2005-04-24,400
2005-04-25,401.5
2005-04-25,401
2005-04-25,407
2005-04-25,396
2005-04-26,390
2005-04-26,390
2005-04-26,391
2005-04-26,389
2005-04-27,397
2005-04-27,397
2005-04-27,396
2005-04-27,398
2005-04-28,394
2005-04-28,394
2005-04-28,393
2005-04-28,395
2005-04-29,393.5
2005-04-29,394
2005-04-29,391
2005-04-29,396
2005-04-30,392
2005-04-30,392
2005-04-30,390
2005-04-30,394
2005-05-01,395
2005-05-01,395
2005-05-01,393
2005-05-01,397
2005-05-02,396
2005-05-02,396
2005-05-02,398
2005-05-02,394
2005-05-03,392
2005-05-03,392
2005-05-03,391
2005-05-03,393
2005-05-04,392
2005-05-04,392
2005-05-04,394
2005-05-04,390
2005-05-05,397.5
2005-05-05,398
2005-05-05,399
2005-05-05,396
2005-05-06,396
2005-05-06,396
2005-05-06,397
2005-05-06,395
2005-05-07,398.5
2005-05-07,398
2005-05-07,401
2005-05-07,396
2005-05-08,398.5
2005-05-08,398
2005-05-08,400
2005-05-08,397
2005-05-09,400
2005-05-09,400
2005-05-09,398
2005-05-09,402
2005-05-10,397.5
2005-05-10,398
2005-05-10,396
2005-05-10,399
2005-05-11,392
2005-05-11,392
2005-05-11,394
2005-05-11,390
2005-05-12,391.5
2005-05-12,392
2005-05-12,390
2005-05-12,393
2005-05-13,393.5
2005-05-13,394
2005-05-13,392
2005-05-13,395
2005-05-14,389.5
2005-05-14,390
2005-05-14,388
2005-05-14,391
2005-05-15,387
2005-05-15,387
2005-05-15,385
2005-05-15,389
2005-05-16,391
2005-05-16,391
2005-05-16,389
2005-05-16,393
2005-05-17,388.5
2005-05-17,388
2005-05-17,390
2005-05-17,387
2005-05-18,385.5
2005-05-18,386
2005-05-18,387
2005-05-18,384
2005-05-19,384
2005-05-19,384
2005-05-19,382
2005-05-19,386
2005-05-20,381.5
2005-05-20,382
2005-05-20,383
2005-05-20,380
2005-05-21,381.5
2005-05-21,382
2005-05-21,381
2005-05-21,382
2005-05-22,379.5
2005-05-22,380
2005-05-22,379
2005-05-22,380
2005-05-23,384.5
2005-05-23,384
2005-05-23,383
2005-05-23,386
2005-05-24,377.5
2005-05-24,378
2005-05-24,380
2005-05-24,375
2005-05-25,374
2005-05-25,374
2005-05-25,376
2005-05-25,372
2005-05-26,378
2005-05-26,378
2005-05-26,379
2005-05-26,377
2005-05-27,371.5
2005-05-27,372
2005-05-27,370
2005-05-27,373
2005-05-28,375.5
2005-05-28,376
2005-05-28,373
2005-05-28,378
2005-05-29,375
2005-05-29,375
2005-05-29,376
2005-05-29,374
2005-05-30,376.5
2005-05-30,376
2005-05-30,375
2005-05-30,378
2005-05-31,375
2005-05-31,375
2005-05-31,373
2005-05-31,377
2005-06-01,376
2005-06-01,376
2005-06-01,375
2005-06-01,377
2005-06-02,379
2005-06-02,379
2005-06-02,380
2005-06-02,378
2005-06-03,371
2005-06-03,371
2005-06-03,373
2005-06-03,369
2005-06-04,368
2005-06-04,368
2005-06-04,370
2005-06-04,366
2005-06-05,367
2005-06-05,367
2005-06-05,369
2005-06-05,365
2005-06-06,361.5
2005-06-06,362
2005-06-06,363
2005-06-06,360
2005-06-07,358.5
2005-06-07,358
2005-06-07,360
2005-06-07,357
2005-06-08,356.5
2005-06-08,356
2005-06-08,358
2005-06-08,355
2005-06-09,352.5
2005-06-09,352
2005-06-09,355
2005-06-09,350
2005-06-10,358
2005-06-10,358
2005-06-10,359
2005-06-10,357
2005-06-11,354
2005-06-11,354
2005-06-11,356
2005-06-11,352
2005-06-12,352
2005-06-12,352
2005-06-12,354
2005-06-12,350
2005-06-13,349.5
2005-06-13,350
2005-06-13,351
2005-06-13,348
2005-06-14,351.5
2005-06-14,352
2005-06-14,353
2005-06-14,350
2005-06-15,348.5
2005-06-15,348
2005-06-15,350
2005-06-15,347
2005-06-16,345
2005-06-16,345
2005-06-16,347
2005-06-16,343
2005-06-17,341.5
2005-06-17,342
2005-06-17,343
2005-06-17,340
2005-06-18,344
2005-06-18,344
2005-06-18,346
2005-06-18,342
2005-06-19,340
2005-06-19,340
2005-06-19,342
2005-06-19,338
2005-06-20,338
2005-06-20,338
2005-06-20,340
2005-06-20,336
2005-06-21,339.5
2005-06-21,340
2005-06-21,341
2005-06-21,338
2005-06-22,336.5
2005-06-22,336
2005-06-22,338
2005-06-22,335
2005-06-23,333.5
2005-06-23,334
2005-06-23,335
2005-06-23,332
2005-06-24,335.5
2005-06-24,336
2005-06-24,338
2005-06-24,333
2005-06-25,334
2005-06-25,334
2005-06-25,336
2005-06-25,332
2005-06-26,332
2005-06-26,332
2005-06-26,334
2005-06-26,330
2005-06-27,329.5
2005-06-27,330
2005-06-27,331
2005-06-27,328
2005-06-28,327.5
2005-06-28,328
2005-06-28,329
2005-06-28,326
2005-06-29,325.5
2005-06-29,326
2005-06-29,327
2005-06-29,324
2005-06-30,324
2005-06-30,324
2005-06-30,325
2005-06-30,323
2005-07-01,321
2005-07-01,321
2005-07-01,322
2005-07-01,320
2005-07-02,320.5
2005-07-02,320
2005-07-02,320
2005-07-02,321
2005-07-03,320
2005-07-03,320
2005-07-03,321
2005-07-03,319
2005-07-04,321.5
2005-07-04,322
2005-07-04,323
2005-07-04,320
2005-07-05,324.5
2005-07-05,324
2005-07-05,326
2005-07-05,323
2005-07-06,322.5
2005-07-06,322
2005-07-06,324
2005-07-06,321
2005-07-07,321
2005-07-07,321
2005-07-07,322
2005-07-07,320
2005-07-08,318.5
2005-07-08,318
2005-07-08,319
2005-07-08,318
2005-07-09,316
2005-07-09,316
2005-07-09,317
2005-07-09,315
2005-07-10,314
2005-07-10,314
2005-07-10,315
2005-07-10,313
2005-07-11,311.5
2005-07-11,312
2005-07-11,313
2005-07-11,310
2005-07-12,309
2005-07-12,309
2005-07-12,310
2005-07-12,308
2005-07-13,309
2005-07-13,309
2005-07-13,311
2005-07-13,307
2005-07-14,306.5
2005-07-14,306
2005-07-14,308
2005-07-14,305
2005-07-15,304.5
2005-07-15,304
2005-07-15,306
2005-07-15,303
2005-07-16,301.5
2005-07-16,302
2005-07-16,303
2005-07-16,300
2005-07-17,300.5
2005-07-17,300
2005-07-17,300
2005-07-17,301
2005-07-18,295
2005-07-18,295
2005-07-18,296
2005-07-18,294
2005-07-19,291.5
2005-07-19,292
2005-07-19,293
2005-07-19,290
2005-07-20,289
2005-07-20,289
2005-07-20,290
2005-07-20,288
2005-07-21,286.5
2005-07-21,286
2005-07-21,288
2005-07-21,285
2005-07-22,287.5
2005-07-22,288
2005-07-22,289
2005-07-22,286
2005-07-23,283
2005-07-23,283
2005-07-23,285
2005-07-23,281
2005-07-24,280
2005-07-24,280
2005-07-24,282
2005-07-24,278
2005-07-25,277
2005-07-25,277
2005-07-25,279
2005-07-25,275
2005-07-26,273
2005-07-26,273
2005-07-26,276
2005-07-26,270
2005-07-27,273
2005-07-27,273
2005-07-27,274
2005-07-27,272
2005-07-28,277.5
2005-07-28,278
2005-07-28,276
2005-07-28,279
2005-07-29,277
2005-07-29,277
2005-07-29,279
2005-07-29,275
2005-07-30,276
2005-07-30,276
2005-07-30,275
2005-07-30,277
2005-07-31,281
2005-07-31,281
2005-07-31,280
2005-07-31,282
2005-08-01,288
2005-08-01,288
2005-08-01,286
2005-08-01,290
2005-08-02,291.5
2005-08-02,292
2005-08-02,290
2005-08-02,293
2005-08-03,295.5
2005-08-03,296
2005-08-03,294
2005-08-03,297
2005-08-04,289.5
2005-08-04,290
2005-08-04,291
2005-08-04,288
2005-08-05,288.5
2005-08-05,288
2005-08-05,290
2005-08-05,287
2005-08-06,291.5
2005-08-06,292
2005-08-06,293
2005-08-06,290
2005-08-07,293.5
2005-08-07,294
2005-08-07,295
2005-08-07,292
2005-08-08,290.5
2005-08-08,290
2005-08-08,292
2005-08-08,289
2005-08-09,287
2005-08-09,287
2005-08-09,288
2005-08-09,286
2005-08-10,289.5
2005-08-10,290
2005-08-10,291
2005-08-10,288
2005-08-11,286
2005-08-11,286
2005-08-11,287
2005-08-11,285
2005-08-12,282
2005-08-12,282
2005-08-12,284
2005-08-12,280
2005-08-13,283.5
2005-08-13,284
2005-08-13,285
2005-08-13,282
2005-08-14,279.5
2005-08-14,280
2005-08-14,281
2005-08-14,278
2005-08-15,281.5
2005-08-15,282
2005-08-15,283
2005-08-15,280
2005-08-16,283
2005-08-16,283
2005-08-16,285
2005-08-16,281
2005-08-17,281
2005-08-17,281
2005-08-17,283
2005-08-17,279
2005-08-18,279
2005-08-18,279
2005-08-18,281
2005-08-18,277
2005-08-19,277
2005-08-19,277
2005-08-19,279
2005-08-19,275
2005-08-20,280.5
2005-08-20,280
2005-08-20,280
2005-08-20,281
2005-08-21,280.5
2005-08-21,280
2005-08-21,282
2005-08-21,279
2005-08-22,282
2005-08-22,282
2005-08-22,284
2005-08-22,280
2005-08-23,282
2005-08-23,282
2005-08-23,283
2005-08-23,281
2005-08-24,279.5
2005-08-24,280
2005-08-24,281
2005-08-24,278
2005-08-25,285
2005-08-25,285
2005-08-25,284
2005-08-25,286
2005-08-26,288.5
2005-08-26,288
2005-08-26,289
2005-08-26,288
2005-08-27,294.5
2005-08-27,294
2005-08-27,293
2005-08-27,296
2005-08-28,297
2005-08-28,297
2005-08-28,296
2005-08-28,298
2005-08-29,300
2005-08-29,300
2005-08-29,299
2005-08-29,301
2005-08-30,306.5
2005-08-30,306
2005-08-30,304
2005-08-30,309
2005-08-31,311
2005-08-31,311
2005-08-31,310
2005-08-31,312
2005-09-01,308
2005-09-01,308.5
2005-09-02,312
2005-09-02,312.5
2005-09-03,312
2005-09-03,311.5
2005-09-04,309
2005-09-04,309
2005-09-05,310
2005-09-05,310.5
2005-09-06,307
2005-09-06,307
2005-09-07,304
2005-09-07,304
2005-09-08,299
2005-09-08,299
2005-09-09,289
2005-09-09,289
2005-09-10,283
2005-09-10,283
2005-09-11,279
2005-09-11,279
2005-09-12,274
2005-09-12,274
2005-09-13,275
2005-09-13,275
2005-09-14,272
2005-09-14,271.5
2005-09-15,268
2005-09-15,268.5
2005-09-16,264
2005-09-16,264
2005-09-17,261
2005-09-17,261
2005-09-18,256
2005-09-18,255.5
2005-09-19,250
2005-09-19,250
2005-09-20,244
2005-09-20,244.5
2005-09-21,240
2005-09-21,240.5
2005-09-22,235
2005-09-22,235
2005-09-23,210
2005-09-23,210
2005-09-24,202
2005-09-24,202
2005-09-25,203
2005-09-25,203
2005-09-26,202
2005-09-26,202.5
2005-09-27,199
2005-09-27,199
2005-09-28,198
2005-09-28,198
2005-09-29,195
2005-09-29,195
2005-09-30,194
2005-09-30,194
2005-10-01,191
2005-10-01,191
2005-10-02,188.5
2005-10-02,188
2005-10-03,183.5
2005-10-03,184
2005-10-04,181
2005-10-04,181
2005-10-05,175.5
2005-10-05,176
2005-10-06,175.5
2005-10-06,176
2005-10-07,172
2005-10-07,172
2005-10-08,170
2005-10-08,170
2005-10-09,165
2005-10-09,165
2005-10-10,164
2005-10-10,164
2005-10-11,161
2005-10-11,161
2005-10-12,157
2005-10-12,157
2005-10-13,150.5
2005-10-13,150
2005-10-14,147.5
2005-10-14,148
2005-10-15,141.5
2005-10-15,142
2005-10-16,139
2005-10-16,139
2005-10-17,134
2005-10-17,134
2005-10-18,130.5
2005-10-18,130
2005-10-19,127
2005-10-19,127
2005-10-20,123
2005-10-20,123
2005-10-21,121.5
2005-10-21,122
2005-10-22,119
2005-10-22,119
2005-10-23,117
2005-10-23,117
2005-10-24,116
2005-10-24,116
2005-10-25,116
2005-10-25,116
2005-10-26,116
2005-10-26,116
2005-10-27,116.5
2005-10-27,116
2005-10-28,116.5
2005-10-28,116
2005-10-29,120.5
2005-10-29,120
2005-10-30,117.5
2005-10-30,118
2005-10-31,119.5
2005-10-31,120
2005-11-01,121
2005-11-01,121
2005-11-02,119
2005-11-02,119
2005-11-03,120
2005-11-03,120
2005-11-04,120
2005-11-04,119.5
2005-11-05,118
2005-11-05,118.5
2005-11-06,120
2005-11-06,120
2005-11-07,123
2005-11-07,122.5
2005-11-08,122
2005-11-08,121.5
2005-11-09,126
2005-11-09,126
2005-11-10,123
2005-11-10,123
2005-11-11,125
2005-11-11,125.5
2005-11-12,127
2005-11-12,127.5
2005-11-13,130
2005-11-13,130.5
2005-11-14,127
2005-11-14,127
2005-11-15,131
2005-11-15,131
2005-11-16,134
2005-11-16,134
2005-11-17,132
2005-11-17,132
2005-11-18,136
2005-11-18,136.5
2005-11-19,140
2005-11-19,139.5
2005-11-20,141
2005-11-20,141
2005-11-21,145
2005-11-21,145
2005-11-22,146
2005-11-22,146
2005-11-23,152
2005-11-23,152.5
2005-11-24,156
2005-11-24,156.5
2005-11-25,162
2005-11-25,162
2005-11-26,168
2005-11-26,167.5
2005-11-27,174
2005-11-27,174
2005-11-28,185
2005-11-28,185
2005-11-29,195
2005-11-29,195
2005-11-30,200
2005-11-30,200
2005-12-01,207
2005-12-01,207
2005-12-02,215.5
2005-12-02,215
2005-12-03,218.5
2005-12-03,218
2005-12-04,223.5
2005-12-04,224
2005-12-05,224
2005-12-05,224
2005-12-06,222.5
2005-12-06,222
2005-12-07,225
2005-12-07,225
2005-12-08,225
2005-12-08,225
2005-12-09,222
2005-12-09,222
2005-12-10,223.5
2005-12-10,224
2005-12-11,221
2005-12-11,221
2005-12-12,217
2005-12-12,217
2005-12-13,219.5
2005-12-13,219
2005-12-14,221
2005-12-14,221
2005-12-15,225
2005-12-15,225
2005-12-16,225.5
2005-12-16,226
2005-12-17,228
2005-12-17,228
2005-12-18,230
2005-12-18,230
2005-12-19,224
2005-12-19,224
2005-12-20,225.5
2005-12-20,226
2005-12-21,230.5
2005-12-21,231
2005-12-22,232
2005-12-22,232
2005-12-23,234
2005-12-23,234
2005-12-24,229
2005-12-24,229
2005-12-25,232
2005-12-25,232
2005-12-26,233.5
2005-12-26,234
2005-12-27,235.5
2005-12-27,236
2005-12-28,237.5
2005-12-28,238
2005-12-29,238.5
2005-12-29,238
2005-12-30,238.5
2005-12-30,238
2005-12-31,235.5
2005-12-31,236
2006-01-01,236
2006-01-01,236
2006-01-02,233
2006-01-02,233
2006-01-03,231
2006-01-03,231
2006-01-04,233
2006-01-04,233
2006-01-05,237
2006-01-05,236.5
2006-01-06,238
2006-01-06,237.5
2006-01-07,240
2006-01-07,240.5
2006-01-08,238
2006-01-08,238
2006-01-09,237
2006-01-09,236.5
2006-01-10,235
2006-01-10,235
2006-01-11,242
2006-01-11,242
2006-01-12,248
2006-01-12,247.5
2006-01-13,246
2006-01-13,245.5
2006-01-14,250
2006-01-14,301
2006-01-15,255
2006-01-15,255
2006-01-16,261
2006-01-16,261
2006-01-17,267
2006-01-17,267
2006-01-18,268
2006-01-18,267.5
2006-01-19,270
2006-01-19,270.5
2006-01-20,274
2006-01-20,274
2006-01-21,273
2006-01-21,273
2006-01-22,276
2006-01-22,275.5
2006-01-23,279
2006-01-23,279
2006-01-24,274
2006-01-24,274
2006-01-25,278
2006-01-25,277.5
2006-01-26,278
2006-01-26,278.5
2006-01-27,278
2006-01-27,278.5
2006-01-28,283
2006-01-28,283
2006-01-29,288
2006-01-29,287.5
2006-01-30,287
2006-01-30,287
2006-01-31,295
2006-01-31,295
2006-02-01,304.5
2006-02-01,304
2006-02-02,302
2006-02-02,302
2006-02-03,305.5
2006-02-03,306
2006-02-04,307.5
2006-02-04,308
2006-02-05,303
2006-02-05,303
2006-02-06,300.5
2006-02-06,300
2006-02-07,296.5
2006-02-07,296
2006-02-08,292
2006-02-08,292
2006-02-09,295
2006-02-09,295
2006-02-10,297
2006-02-10,297
2006-02-11,300.5
2006-02-11,300
2006-02-12,303.5
2006-02-12,304
2006-02-13,307.5
2006-02-13,308
2006-02-14,307
2006-02-14,307
2006-02-15,310
2006-02-15,310
2006-02-16,312.5
2006-02-16,312
2006-02-17,314
2006-02-17,314
2006-02-18,315.5
2006-02-18,316
2006-02-19,310.5
2006-02-19,310
2006-02-20,311.5
2006-02-20,312
2006-02-21,320.5
2006-02-21,320
2006-02-22,322
2006-02-22,322
2006-02-23,335
2006-02-23,335
2006-02-24,335
2006-02-24,335
2006-02-25,337
2006-02-25,337
2006-02-26,339.5
2006-02-26,340
2006-02-27,338
2006-02-27,338
2006-02-28,341
2006-02-28,341
2006-03-01,362
2006-03-01,361.5
2006-03-02,366
2006-03-02,366.5
2006-03-03,377
2006-03-03,377
2006-03-04,378
2006-03-04,378.5
2006-03-05,376
2006-03-05,376.5
2006-03-06,376
2006-03-06,375.5
2006-03-07,370
2006-03-07,370.5
2006-03-08,372
2006-03-08,372
2006-03-09,370
2006-03-09,369.5
2006-03-10,370
2006-03-10,370
2006-03-11,372
2006-03-11,371.5
2006-03-12,370
2006-03-12,370.5
2006-03-13,368
2006-03-13,368
2006-03-14,371
2006-03-14,371
2006-03-15,375
2006-03-15,375
2006-03-16,387
2006-03-16,387
2006-03-17,382
2006-03-17,382
2006-03-18,391
2006-03-18,391
2006-03-19,388
2006-03-19,387.5
2006-03-20,387
2006-03-20,387
2006-03-21,390
2006-03-21,390
2006-03-22,392
2006-03-22,391.5
2006-03-23,388
2006-03-23,388
2006-03-24,382
2006-03-24,382.5
2006-03-25,387
2006-03-25,387
2006-03-26,392
2006-03-26,391.5
2006-03-27,398
2006-03-27,398.5
2006-03-28,402
2006-03-28,402
2006-03-29,407
2006-03-29,407
2006-03-30,412
2006-03-30,411.5
2006-03-31,415
2006-03-31,415
2006-04-01,421
2006-04-01,421
2006-04-02,419
2006-04-02,419
2006-04-03,417.5
2006-04-03,418
2006-04-04,412
2006-04-04,412
2006-04-05,407
2006-04-05,407
2006-04-06,405.5
2006-04-06,406
2006-04-07,401.5
2006-04-07,401
2006-04-08,401.5
2006-04-08,401
2006-04-09,399
2006-04-09,399
2006-04-10,398
2006-04-10,398
2006-04-11,405.5
2006-04-11,406
2006-04-12,408
2006-04-12,408
2006-04-13,411.5
2006-04-13,412
2006-04-14,416
2006-04-14,416
2006-04-15,416
2006-04-15,416
2006-04-16,416
2006-04-16,416
2006-04-17,416
2006-04-17,416
2006-04-18,421.5
2006-04-18,422
2006-04-19,423
2006-04-19,423
2006-04-20,423
2006-04-20,423
2006-04-21,424
2006-04-21,424
2006-04-22,427.5
2006-04-22,428
2006-04-23,426.5
2006-04-23,426
2006-04-24,429.5
2006-04-24,430
2006-04-25,437
2006-04-25,437
2006-04-26,441
2006-04-26,441
2006-04-27,446
2006-04-27,446
2006-04-28,423.5
2006-04-28,424
2006-04-29,441.5
2006-04-29,442
2006-04-30,443
2006-04-30,443
2006-05-01,440
2006-05-01,440.5
2006-05-02,442
2006-05-02,441.5
2006-05-03,440
2006-05-03,440.5
2006-05-04,421
2006-05-04,421
2006-05-05,443
2006-05-05,443.5
2006-05-06,440
2006-05-06,440.5
2006-05-07,442
2006-05-07,441.5
2006-05-08,438
2006-05-08,438
2006-05-09,438
2006-05-09,438.5
2006-05-10,440
2006-05-10,440.5
2006-05-11,439
2006-05-11,439.5
2006-05-12,437
2006-05-12,437
2006-05-13,432
2006-05-13,431.5
2006-05-14,450
2006-05-14,449.5
2006-05-15,454
2006-05-15,454
2006-05-16,454
2006-05-16,453.5
2006-05-17,453
2006-05-17,452.5
2006-05-18,450
2006-05-18,450.5
2006-05-19,450
2006-05-19,449.5
2006-05-20,444
2006-05-20,444.5
2006-05-21,446
2006-05-21,445.5
2006-05-22,451
2006-05-22,451
2006-05-23,444
2006-05-23,444.5
2006-05-24,449
2006-05-24,448.5
2006-05-25,447
2006-05-25,447.5
2006-05-26,442
2006-05-26,442
2006-05-27,444
2006-05-27,444
2006-05-28,446
2006-05-28,446
2006-05-29,450
2006-05-29,449.5
2006-05-30,447
2006-05-30,447
2006-05-31,449
2006-05-31,448.5
2006-06-01,445
2006-06-01,445
2006-06-02,449
2006-06-02,449
2006-06-03,441
2006-06-03,441
2006-06-04,433
2006-06-04,433
2006-06-05,424
2006-06-05,424
2006-06-06,412
2006-06-06,412
2006-06-07,401.5
2006-06-07,401
2006-06-08,397.5
2006-06-08,398
2006-06-09,398
2006-06-09,398
2006-06-10,395
2006-06-10,395
2006-06-11,391
2006-06-11,391
2006-06-12,391.5
2006-06-12,392
2006-06-13,395
2006-06-13,395
2006-06-14,393
2006-06-14,393
2006-06-15,393.5
2006-06-15,394
2006-06-16,393.5
2006-06-16,394
2006-06-17,391
2006-06-17,391
2006-06-18,393.5
2006-06-18,394
2006-06-19,393
2006-06-19,393
2006-06-20,388
2006-06-20,388
2006-06-21,382.5
2006-06-21,382
2006-06-22,380.5
2006-06-22,380
2006-06-23,374.5
2006-06-23,374
2006-06-24,372
2006-06-24,372
2006-06-25,367
2006-06-25,367
2006-06-26,363
2006-06-26,363
2006-06-27,362.5
2006-06-27,362
2006-06-28,359
2006-06-28,359
2006-06-29,357
2006-06-29,357
2006-06-30,358
2006-06-30,358
2006-07-01,350
2006-07-01,350.5
2006-07-02,348
2006-07-02,348.5
2006-07-03,345
2006-07-03,345
2006-07-04,340
2006-07-04,340
2006-07-05,337
2006-07-05,337
2006-07-06,331
2006-07-06,331
2006-07-07,325
2006-07-07,325
2006-07-08,322
2006-07-08,321.5
2006-07-09,322
2006-07-09,322
2006-07-10,324
2006-07-10,324.5
2006-07-11,328
2006-07-11,328
2006-07-12,334
2006-07-12,334
2006-07-13,336
2006-07-13,335.5
2006-07-14,341
2006-07-14,341
2006-07-15,350
2006-07-15,349.5
2006-07-16,343
2006-07-16,343
2006-07-17,339
2006-07-17,339
2006-07-18,336
2006-07-18,336.5
2006-07-19,333
2006-07-19,333
2006-07-20,335
2006-07-20,335
2006-07-21,329
2006-07-21,329
2006-07-22,325
2006-07-22,325
2006-07-23,321
2006-07-23,321
2006-07-24,314
2006-07-24,314.5
2006-07-25,304
2006-07-25,303.5
2006-07-26,307
2006-07-26,307
2006-07-27,303
2006-07-27,303
2006-07-28,307
2006-07-28,307
2006-07-29,301
2006-07-29,301
2006-07-30,301
2006-07-30,301
2006-07-31,297
2006-07-31,297
2006-08-01,297
2006-08-01,297
2006-08-02,291
2006-08-02,291
2006-08-03,279
2006-08-03,279
2006-08-04,274
2006-08-04,274
2006-08-05,271
2006-08-05,271
2006-08-06,271
2006-08-06,271
2006-08-07,278
2006-08-07,278
2006-08-08,288
2006-08-08,288
2006-08-09,277.5
2006-08-09,278
2006-08-10,287
2006-08-10,287
2006-08-11,296.5
2006-08-11,296
2006-08-12,294
2006-08-12,294
2006-08-13,298.5
2006-08-13,298
2006-08-14,291.5
2006-08-14,292
2006-08-15,287
2006-08-15,287
2006-08-16,283
2006-08-16,283
2006-08-17,285.5
2006-08-17,286
2006-08-18,275
2006-08-18,275
2006-08-19,266.5
2006-08-19,266
2006-08-20,251.5
2006-08-20,252
2006-08-21,250
2006-08-21,250
2006-08-22,252
2006-08-22,252
2006-08-23,263.5
2006-08-23,264
2006-08-24,264.5
2006-08-24,264
2006-08-25,268.5
2006-08-25,268
2006-08-26,261
2006-08-26,261
2006-08-27,254.5
2006-08-27,254
2006-08-28,249
2006-08-28,249
2006-08-29,245
2006-08-29,245
2006-08-30,242.5
2006-08-30,242
2006-08-31,237
2006-08-31,237
2006-09-01,235.5
2006-09-01,236
2006-09-01,238
2006-09-01,233
2006-09-02,229.5
2006-09-02,230
2006-09-02,228
2006-09-02,231
2006-09-03,228
2006-09-03,228
2006-09-03,230
2006-09-03,226
2006-09-04,232
2006-09-04,232
2006-09-04,233
2006-09-04,231
2006-09-05,245
2006-09-05,245
2006-09-05,240
2006-09-05,250
2006-09-06,246
2006-09-06,246
2006-09-06,250
2006-09-06,242
2006-09-07,260
2006-09-07,260
2006-09-07,262
2006-09-07,258
2006-09-08,258
2006-09-08,258
2006-09-08,256
2006-09-08,260
2006-09-09,262
2006-09-09,262
2006-09-09,258
2006-09-09,266
2006-09-10,255
2006-09-10,255
2006-09-10,256
2006-09-10,254
2006-09-11,239.5
2006-09-11,240
2006-09-11,242
2006-09-11,237
2006-09-12,234.5
2006-09-12,235
2006-09-12,238
2006-09-12,231
2006-09-13,232
2006-09-13,232
2006-09-13,234
2006-09-13,230
2006-09-14,229
2006-09-14,229
2006-09-14,227
2006-09-14,231
2006-09-15,222
2006-09-15,222
2006-09-15,224
2006-09-15,220
2006-09-16,219.5
2006-09-16,219
2006-09-16,221
2006-09-16,218
2006-09-17,222
2006-09-17,222
2006-09-17,220
2006-09-17,224
2006-09-18,218.5
2006-09-18,218
2006-09-18,216
2006-09-18,221
2006-09-19,210.5
2006-09-19,210
2006-09-19,211
2006-09-19,210
2006-09-20,203
2006-09-20,203
2006-09-20,207
2006-09-20,199
2006-09-21,201.5
2006-09-21,202
2006-09-21,203
2006-09-21,200
2006-09-22,196.5
2006-09-22,196
2006-09-22,197
2006-09-22,196
2006-09-23,194
2006-09-23,194
2006-09-23,193
2006-09-23,195
2006-09-24,189
2006-09-24,189
2006-09-24,190
2006-09-24,188
2006-09-25,190.5
2006-09-25,190
2006-09-25,192
2006-09-25,189
2006-09-26,186
2006-09-26,186
2006-09-26,188
2006-09-26,184
2006-09-27,182
2006-09-27,182
2006-09-27,184
2006-09-27,180
2006-09-28,179
2006-09-28,179
2006-09-28,180
2006-09-28,178
2006-09-29,182.5
2006-09-29,182
2006-09-29,184
2006-09-29,181
2006-09-30,180.5
2006-09-30,180
2006-09-30,182
2006-09-30,179
2006-10-01,177.5
2006-10-01,178
2006-10-01,180
2006-10-01,175
2006-10-02,175.5
2006-10-02,176
2006-10-02,178
2006-10-02,173
2006-10-03,179
2006-10-03,179
2006-10-03,182
2006-10-03,176
2006-10-04,173
2006-10-04,173
2006-10-04,176
2006-10-04,170
2006-10-05,172.5
2006-10-05,172
2006-10-05,173
2006-10-05,172
2006-10-06,177.5
2006-10-06,178
2006-10-06,179
2006-10-06,176
2006-10-07,173
2006-10-07,173
2006-10-07,175
2006-10-07,171
2006-10-08,171.5
2006-10-08,172
2006-10-08,173
2006-10-08,170
2006-10-09,168.5
2006-10-09,168
2006-10-09,170
2006-10-09,167
2006-10-10,170.5
2006-10-10,170
2006-10-10,172
2006-10-10,169
2006-10-11,166
2006-10-11,166
2006-10-11,167
2006-10-11,165
2006-10-12,161.5
2006-10-12,162
2006-10-12,163
2006-10-12,160
2006-10-13,158.5
2006-10-13,158
2006-10-13,160
2006-10-13,157
2006-10-14,164
2006-10-14,164
2006-10-14,166
2006-10-14,162
2006-10-15,162
2006-10-15,162
2006-10-15,164
2006-10-15,160
2006-10-16,160
2006-10-16,160
2006-10-16,162
2006-10-16,158
2006-10-17,158
2006-10-17,158
2006-10-17,160
2006-10-17,156
2006-10-18,154
2006-10-18,154
2006-10-18,156
2006-10-18,152
2006-10-19,155.5
2006-10-19,156
2006-10-19,157
2006-10-19,154
2006-10-20,152.5
2006-10-20,152
2006-10-20,154
2006-10-20,151
2006-10-21,151.5
2006-10-21,152
2006-10-21,153
2006-10-21,150
2006-10-22,158.5
2006-10-22,158
2006-10-22,161
2006-10-22,156
2006-10-23,167.5
2006-10-23,168
2006-10-23,170
2006-10-23,165
2006-10-24,163
2006-10-24,163
2006-10-24,166
2006-10-24,160
2006-10-25,158
2006-10-25,158
2006-10-25,160
2006-10-25,156
2006-10-26,151
2006-10-26,151
2006-10-26,153
2006-10-26,149
2006-10-27,145
2006-10-27,145
2006-10-27,147
2006-10-27,143
2006-10-28,141
2006-10-28,141
2006-10-28,142
2006-10-28,140
2006-10-29,142
2006-10-29,142
2006-10-29,139
2006-10-29,145
2006-10-30,146.5
2006-10-30,146
2006-10-30,143
2006-10-30,150
2006-10-31,155
2006-10-31,155
2006-10-31,152
2006-10-31,158
2006-11-01,162
2006-11-01,162
2006-11-01,160
2006-11-01,164
2006-11-02,162
2006-11-02,162
2006-11-02,164
2006-11-02,160
2006-11-03,168
2006-11-03,168
2006-11-03,170
2006-11-03,166
2006-11-04,167.5
2006-11-04,168
2006-11-04,163
2006-11-04,172
2006-11-05,171.5
2006-11-05,172
2006-11-05,168
2006-11-05,175
2006-11-06,173
2006-11-06,173
2006-11-06,172
2006-11-06,174
2006-11-07,172.5
2006-11-07,172
2006-11-07,174
2006-11-07,171
2006-11-08,171.5
2006-11-08,172
2006-11-08,170
2006-11-08,173
2006-11-09,170.5
2006-11-09,170
2006-11-09,172
2006-11-09,169
2006-11-10,171
2006-11-10,171
2006-11-10,169
2006-11-10,173
2006-11-11,172.5
2006-11-11,172
2006-11-11,174
2006-11-11,171
2006-11-12,162
2006-11-12,162
2006-11-12,164
2006-11-12,160
2006-11-13,161.5
2006-11-13,162
2006-11-13,160
2006-11-13,163
2006-11-14,162.5
2006-11-14,162
2006-11-14,159
2006-11-14,166
2006-11-15,164
2006-11-15,164
2006-11-15,169
2006-11-15,159
2006-11-16,169.5
2006-11-16,170
2006-11-16,167
2006-11-16,172
2006-11-17,167.5
2006-11-17,168
2006-11-17,169
2006-11-17,166
2006-11-18,161
2006-11-18,161
2006-11-18,164
2006-11-18,158
2006-11-19,156
2006-11-19,156
2006-11-19,158
2006-11-19,154
2006-11-20,151.5
2006-11-20,152
2006-11-20,153
2006-11-20,150
2006-11-21,155
2006-11-21,155
2006-11-21,152
2006-11-21,158
2006-11-22,151.5
2006-11-22,152
2006-11-22,153
2006-11-22,150
2006-11-23,154
2006-11-23,154
2006-11-23,150
2006-11-23,158
2006-11-24,157.5
2006-11-24,158
2006-11-24,156
2006-11-24,159
2006-11-25,169.5
2006-11-25,170
2006-11-25,168
2006-11-25,171
2006-11-26,176
2006-11-26,176
2006-11-26,172
2006-11-26,180
2006-11-27,178
2006-11-27,178
2006-11-27,179
2006-11-27,177
2006-11-28,183.5
2006-11-28,184
2006-11-28,185
2006-11-28,182
2006-11-29,177.5
2006-11-29,178
2006-11-29,166
2006-11-29,189
2006-11-30,185.5
2006-11-30,186
2006-11-30,183
2006-11-30,188
2006-12-01,197
2006-12-01,197
2006-12-01,190
2006-12-01,204
2006-12-02,195
2006-12-02,195
2006-12-02,192
2006-12-02,198
2006-12-03,210.5
2006-12-03,210
2006-12-03,213
2006-12-03,208
2006-12-04,205.5
2006-12-04,206
2006-12-04,211
2006-12-04,200
2006-12-05,198
2006-12-05,198
2006-12-05,194
2006-12-05,202
2006-12-06,191
2006-12-06,191
2006-12-06,186
2006-12-06,196
2006-12-07,196.5
2006-12-07,196
2006-12-07,199
2006-12-07,194
2006-12-08,213
2006-12-08,213
2006-12-08,216
2006-12-08,210
2006-12-09,196
2006-12-09,196
2006-12-09,193
2006-12-09,199
2006-12-10,187
2006-12-10,187
2006-12-10,184
2006-12-10,190
2006-12-11,187
2006-12-11,187
2006-12-11,182
2006-12-11,192
2006-12-12,187
2006-12-12,187
2006-12-12,184
2006-12-12,190
2006-12-13,189
2006-12-13,189
2006-12-13,192
2006-12-13,186
2006-12-14,187
2006-12-14,187
2006-12-14,184
2006-12-14,190
2006-12-15,183
2006-12-15,183
2006-12-15,180
2006-12-15,186
2006-12-16,185
2006-12-16,185
2006-12-16,182
2006-12-16,188
2006-12-17,190.5
2006-12-17,190
2006-12-17,188
2006-12-17,193
2006-12-18,209
2006-12-18,209
2006-12-18,208
2006-12-18,210
2006-12-19,214
2006-12-19,214
2006-12-19,216
2006-12-19,212
2006-12-20,203.5
2006-12-20,204
2006-12-20,208
2006-12-20,199
2006-12-21,212
2006-12-21,212
2006-12-21,210
2006-12-21,214
2006-12-22,213
2006-12-22,213
2006-12-22,208
2006-12-22,218
2006-12-23,210
2006-12-23,210
2006-12-23,209
2006-12-23,211
2006-12-24,216.5
2006-12-24,216
2006-12-24,214
2006-12-24,219
2006-12-25,228
2006-12-25,228
2006-12-25,230
2006-12-25,226
2006-12-26,226
2006-12-26,226
2006-12-26,224
2006-12-26,228
2006-12-27,228
2006-12-27,228
2006-12-27,226
2006-12-27,230
2006-12-28,229
2006-12-28,229
2006-12-28,230
2006-12-28,228
2006-12-29,224
2006-12-29,224
2006-12-29,222
2006-12-29,226
2006-12-30,230.5
2006-12-30,231
2006-12-30,229
2006-12-30,232
2006-12-31,226.5
2006-12-31,226
2006-12-31,228
2006-12-31,225
2007-01-01,228.5
2007-01-01,228
2007-01-01,230
2007-01-01,227
2007-01-02,227
2007-01-02,227
2007-01-02,229
2007-01-02,225
2007-01-03,230
2007-01-03,230
2007-01-03,233
2007-01-03,227
2007-01-04,226.5
2007-01-04,226
2007-01-04,230
2007-01-04,223
2007-01-05,233.5
2007-01-05,234
2007-01-05,236
2007-01-05,231
2007-01-06,233
2007-01-06,233
2007-01-06,232
2007-01-06,234
2007-01-07,237
2007-01-07,237
2007-01-07,235
2007-01-07,239
2007-01-08,234.5
2007-01-08,235
2007-01-08,233
2007-01-08,236
2007-01-09,236
2007-01-09,236
2007-01-09,238
2007-01-09,234
2007-01-10,241.5
2007-01-10,242
2007-01-10,244
2007-01-10,239
2007-01-11,243
2007-01-11,243
2007-01-11,241
2007-01-11,245
2007-01-12,241
2007-01-12,241
2007-01-12,239
2007-01-12,243
2007-01-13,238.5
2007-01-13,238
2007-01-13,237
2007-01-13,240
2007-01-14,243
2007-01-14,243
2007-01-14,246
2007-01-14,240
2007-01-15,240
2007-01-15,240
2007-01-15,239
2007-01-15,241
2007-01-16,247.5
2007-01-16,248
2007-01-16,244
2007-01-16,251
2007-01-17,252.5
2007-01-17,252
2007-01-17,250
2007-01-17,255
2007-01-18,255
2007-01-18,255
2007-01-18,256
2007-01-18,254
2007-01-19,263
2007-01-19,263
2007-01-19,262
2007-01-19,264
2007-01-20,263.5
2007-01-20,264
2007-01-20,265
2007-01-20,262
2007-01-21,271
2007-01-21,271
2007-01-21,272
2007-01-21,270
2007-01-22,274
2007-01-22,274
2007-01-22,276
2007-01-22,272
2007-01-23,277.5
2007-01-23,278
2007-01-23,276
2007-01-23,279
2007-01-24,279
2007-01-24,279
2007-01-24,280
2007-01-24,278
2007-01-25,280.5
2007-01-25,280
2007-01-25,279
2007-01-25,282
2007-01-26,281
2007-01-26,281
2007-01-26,284
2007-01-26,278
2007-01-27,281.5
2007-01-27,282
2007-01-27,280
2007-01-27,283
2007-01-28,276.5
2007-01-28,276
2007-01-28,275
2007-01-28,278
2007-01-29,277.5
2007-01-29,278
2007-01-29,279
2007-01-29,276
2007-01-30,275
2007-01-30,275
2007-01-30,277
2007-01-30,273
2007-01-31,282.5
2007-01-31,282
2007-01-31,284
2007-01-31,281
2007-02-01,287.5
2007-02-01,288
2007-02-01,286
2007-02-01,289
2007-02-02,289.5
2007-02-02,290
2007-02-02,290
2007-02-02,289
2007-02-03,285
2007-02-03,285
2007-02-03,284
2007-02-03,286
2007-02-04,286
2007-02-04,286
2007-02-04,287
2007-02-04,285
2007-02-05,286.5
2007-02-05,286
2007-02-05,285
2007-02-05,288
2007-02-06,287.5
2007-02-06,288
2007-02-06,286
2007-02-06,289
2007-02-07,288
2007-02-07,288
2007-02-07,290
2007-02-07,286
2007-02-08,283
2007-02-08,283
2007-02-08,284
2007-02-08,282
2007-02-09,275.5
2007-02-09,276
2007-02-09,272
2007-02-09,279
2007-02-10,279
2007-02-10,279
2007-02-10,277
2007-02-10,281
2007-02-11,284.5
2007-02-11,284
2007-02-11,286
2007-02-11,283
2007-02-12,285
2007-02-12,285
2007-02-12,284
2007-02-12,286
2007-02-13,281
2007-02-13,281
2007-02-13,282
2007-02-13,280
2007-02-14,276
2007-02-14,276
2007-02-14,278
2007-02-14,274
2007-02-15,284.5
2007-02-15,284
2007-02-15,283
2007-02-15,286
2007-02-16,295
2007-02-16,295
2007-02-16,296
2007-02-16,294
2007-02-17,304
2007-02-17,304
2007-02-17,308
2007-02-17,300
2007-02-18,304
2007-02-18,304
2007-02-18,308
2007-02-18,300
2007-02-19,308.5
2007-02-19,308
2007-02-19,312
2007-02-19,305
2007-02-20,322.5
2007-02-20,322
2007-02-20,320
2007-02-20,325
2007-02-21,320.5
2007-02-21,320
2007-02-21,323
2007-02-21,318
2007-02-22,322.5
2007-02-22,322
2007-02-22,320
2007-02-22,325
2007-02-23,319.5
2007-02-23,320
2007-02-23,317
2007-02-23,322
2007-02-24,316.5
2007-02-24,316
2007-02-24,312
2007-02-24,321
2007-02-25,327
2007-02-25,327
2007-02-25,328
2007-02-25,326
2007-02-26,321.5
2007-02-26,322
2007-02-26,323
2007-02-26,320
2007-02-27,319
2007-02-27,319
2007-02-27,316
2007-02-27,322
2007-02-28,333
2007-02-28,333
2007-02-28,336
2007-02-28,330
2007-03-01,329.5
2007-03-01,330
2007-03-01,328
2007-03-01,331
2007-03-02,334
2007-03-02,334
2007-03-02,336
2007-03-02,332
2007-03-03,344.5
2007-03-03,344
2007-03-03,341
2007-03-03,348
2007-03-04,353.5
2007-03-04,354
2007-03-04,352
2007-03-04,355
2007-03-05,359.5
2007-03-05,360
2007-03-05,357
2007-03-05,362
2007-03-06,362
2007-03-06,362
2007-03-06,364
2007-03-06,360
2007-03-07,357
2007-03-07,357
2007-03-07,355
2007-03-07,359
2007-03-08,362.5
2007-03-08,362
2007-03-08,360
2007-03-08,365
2007-03-09,359.5
2007-03-09,360
2007-03-09,357
2007-03-09,362
2007-03-10,359.5
2007-03-10,360
2007-03-10,358
2007-03-10,361
2007-03-11,362.5
2007-03-11,362
2007-03-11,361
2007-03-11,364
2007-03-12,365.5
2007-03-12,366
2007-03-12,363
2007-03-12,368
2007-03-13,363
2007-03-13,363
2007-03-13,362
2007-03-13,364
2007-03-14,363.5
2007-03-14,364
2007-03-14,367
2007-03-14,360
2007-03-15,371
2007-03-15,371
2007-03-15,369
2007-03-15,373
2007-03-16,368
2007-03-16,368
2007-03-16,366
2007-03-16,370
2007-03-17,367
2007-03-17,367
2007-03-17,365
2007-03-17,369
2007-03-18,371
2007-03-18,371
2007-03-18,370
2007-03-18,372
2007-03-19,365.5
2007-03-19,366
2007-03-19,369
2007-03-19,362
2007-03-20,372
2007-03-20,372
2007-03-20,374
2007-03-20,370
2007-03-21,377
2007-03-21,377
2007-03-21,376
2007-03-21,378
2007-03-22,377.5
2007-03-22,378
2007-03-22,376
2007-03-22,379
2007-03-23,376.5
2007-03-23,376
2007-03-23,375
2007-03-23,378
2007-03-24,368
2007-03-24,368
2007-03-24,370
2007-03-24,366
2007-03-25,370
2007-03-25,370
2007-03-25,368
2007-03-25,372
2007-03-26,367
2007-03-26,367
2007-03-26,362
2007-03-26,372
2007-03-27,356.5
2007-03-27,356
2007-03-27,355
2007-03-27,358
2007-03-28,361
2007-03-28,361
2007-03-28,359
2007-03-28,363
2007-03-29,358
2007-03-29,358
2007-03-29,356
2007-03-29,360
2007-03-30,355.5
2007-03-30,356
2007-03-30,353
2007-03-30,358
2007-03-31,361.5
2007-03-31,362
2007-03-31,359
2007-03-31,364
2007-04-01,368
2007-04-01,368
2007-04-01,367
2007-04-01,369
2007-04-02,371.5
2007-04-02,372
2007-04-02,369
2007-04-02,374
2007-04-03,366.5
2007-04-03,366
2007-04-03,365
2007-04-03,368
2007-04-04,370.5
2007-04-04,370
2007-04-04,368
2007-04-04,373
2007-04-05,374.5
2007-04-05,374
2007-04-05,372
2007-04-05,377
2007-04-06,377.5
2007-04-06,378
2007-04-06,376
2007-04-06,379
2007-04-07,381.5
2007-04-07,382
2007-04-07,379
2007-04-07,384
2007-04-08,377.5
2007-04-08,378
2007-04-08,375
2007-04-08,380
2007-04-09,376
2007-04-09,376
2007-04-09,373
2007-04-09,379
2007-04-10,379
2007-04-10,379
2007-04-10,377
2007-04-10,381
2007-04-11,382.5
2007-04-11,382
2007-04-11,379
2007-04-11,386
2007-04-12,385
2007-04-12,385
2007-04-12,383
2007-04-12,387
2007-04-13,387.5
2007-04-13,388
2007-04-13,385
2007-04-13,390
2007-04-14,390
2007-04-14,390
2007-04-14,387
2007-04-14,393
2007-04-15,392.5
2007-04-15,392
2007-04-15,389
2007-04-15,396
2007-04-16,393.5
2007-04-16,394
2007-04-16,392
2007-04-16,395
2007-04-17,387.5
2007-04-17,388
2007-04-17,386
2007-04-17,389
2007-04-18,385.5
2007-04-18,386
2007-04-18,383
2007-04-18,388
2007-04-19,387
2007-04-19,387
2007-04-19,385
2007-04-19,389
2007-04-20,386.5
2007-04-20,386
2007-04-20,382
2007-04-20,391
2007-04-21,381
2007-04-21,381
2007-04-21,378
2007-04-21,384
2007-04-22,376.5
2007-04-22,376
2007-04-22,373
2007-04-22,380
2007-04-23,373.5
2007-04-23,374
2007-04-23,370
2007-04-23,377
2007-04-24,371.5
2007-04-24,372
2007-04-24,368
2007-04-24,375
2007-04-25,367
2007-04-25,367
2007-04-25,365
2007-04-25,369
2007-04-26,368.5
2007-04-26,368
2007-04-26,367
2007-04-26,370
2007-04-27,364
2007-04-27,364
2007-04-27,363
2007-04-27,365
2007-04-28,367
2007-04-28,367
2007-04-28,366
2007-04-28,368
2007-04-29,364.5
2007-04-29,364
2007-04-29,363
2007-04-29,366
2007-04-30,367
2007-04-30,367
2007-04-30,365
2007-04-30,369
2007-05-01,355.5
2007-05-01,356
2007-05-01,358
2007-05-01,353
2007-05-02,358.5
2007-05-02,358
2007-05-02,361
2007-05-02,356
2007-05-03,353
2007-05-03,353
2007-05-03,355
2007-05-03,351
2007-05-04,349
2007-05-04,349
2007-05-04,348
2007-05-04,350
2007-05-05,345.5
2007-05-05,346
2007-05-05,344
2007-05-05,347
2007-05-06,344
2007-05-06,344
2007-05-06,340
2007-05-06,348
2007-05-07,346
2007-05-07,346
2007-05-07,343
2007-05-07,349
2007-05-08,344.5
2007-05-08,344
2007-05-08,342
2007-05-08,347
2007-05-09,341.5
2007-05-09,342
2007-05-09,339
2007-05-09,344
2007-05-10,334.5
2007-05-10,334
2007-05-10,338
2007-05-10,331
2007-05-11,332.5
2007-05-11,332
2007-05-11,335
2007-05-11,330
2007-05-12,335.5
2007-05-12,336
2007-05-12,332
2007-05-12,339
2007-05-13,340.5
2007-05-13,340
2007-05-13,338
2007-05-13,343
2007-05-14,347.5
2007-05-14,348
2007-05-14,346
2007-05-14,349
2007-05-15,346
2007-05-15,346
2007-05-15,344
2007-05-15,348
2007-05-16,344.5
2007-05-16,344
2007-05-16,342
2007-05-16,347
2007-05-17,352.5
2007-05-17,352
2007-05-17,351
2007-05-17,354
2007-05-18,355
2007-05-18,355
2007-05-18,353
2007-05-18,357
2007-05-19,359.5
2007-05-19,360
2007-05-19,357
2007-05-19,362
2007-05-20,357
2007-05-20,357
2007-05-20,355
2007-05-20,359
2007-05-21,365
2007-05-21,365
2007-05-21,363
2007-05-21,367
2007-05-22,369.5
2007-05-22,370
2007-05-22,368
2007-05-22,371
2007-05-23,371.5
2007-05-23,372
2007-05-23,369
2007-05-23,374
2007-05-24,368
2007-05-24,368
2007-05-24,366
2007-05-24,370
2007-05-25,365
2007-05-25,365
2007-05-25,363
2007-05-25,367
2007-05-26,365
2007-05-26,365
2007-05-26,364
2007-05-26,366
2007-05-27,362
2007-05-27,362
2007-05-27,361
2007-05-27,363
2007-05-28,355
2007-05-28,355
2007-05-28,357
2007-05-28,353
2007-05-29,351.5
2007-05-29,352
2007-05-29,353
2007-05-29,350
2007-05-30,350
2007-05-30,350
2007-05-30,351
2007-05-30,349
2007-05-31,349
2007-05-31,349
2007-05-31,350
2007-05-31,348
2007-06-01,349
2007-06-01,349
2007-06-01,351
2007-06-01,347
2007-06-02,351.5
2007-06-02,352
2007-06-02,353
2007-06-02,350
2007-06-03,351.5
2007-06-03,352
2007-06-03,354
2007-06-03,349
2007-06-04,347.5
2007-06-04,348
2007-06-04,350
2007-06-04,345
2007-06-05,344.5
2007-06-05,344
2007-06-05,346
2007-06-05,343
2007-06-06,348
2007-06-06,348
2007-06-06,347
2007-06-06,349
2007-06-07,345.5
2007-06-07,346
2007-06-07,344
2007-06-07,347
2007-06-08,345
2007-06-08,345
2007-06-08,346
2007-06-08,344
2007-06-09,347
2007-06-09,347
2007-06-09,349
2007-06-09,345
2007-06-10,343.5
2007-06-10,344
2007-06-10,345
2007-06-10,342
2007-06-11,349.5
2007-06-11,350
2007-06-11,352
2007-06-11,347
2007-06-12,347.5
2007-06-12,348
2007-06-12,350
2007-06-12,345
2007-06-13,350
2007-06-13,350
2007-06-13,351
2007-06-13,349
2007-06-14,344
2007-06-14,344
2007-06-14,346
2007-06-14,342
2007-06-15,347
2007-06-15,347
2007-06-15,349
2007-06-15,345
2007-06-16,351.5
2007-06-16,352
2007-06-16,353
2007-06-16,350
2007-06-17,353.5
2007-06-17,354
2007-06-17,356
2007-06-17,351
2007-06-18,354.5
2007-06-18,354
2007-06-18,353
2007-06-18,356
2007-06-19,349
2007-06-19,349
2007-06-19,351
2007-06-19,347
2007-06-20,347.5
2007-06-20,348
2007-06-20,349
2007-06-20,346
2007-06-21,346.5
2007-06-21,346
2007-06-21,348
2007-06-21,345
2007-06-22,342.5
2007-06-22,342
2007-06-22,344
2007-06-22,341
2007-06-23,336
2007-06-23,336
2007-06-23,339
2007-06-23,333
2007-06-24,314.5
2007-06-24,314
2007-06-24,318
2007-06-24,311
2007-06-25,318
2007-06-25,318
2007-06-25,320
2007-06-25,316
2007-06-26,320
2007-06-26,320
2007-06-26,323
2007-06-26,317
2007-06-27,316.5
2007-06-27,316
2007-06-27,315
2007-06-27,318
2007-06-28,317.5
2007-06-28,318
2007-06-28,319
2007-06-28,316
2007-06-29,316.5
2007-06-29,316
2007-06-29,318
2007-06-29,315
2007-06-30,313
2007-06-30,313
2007-06-30,314
2007-06-30,312
2007-07-01,311
2007-07-01,311
2007-07-01,310
2007-07-01,312
2007-07-02,321
2007-07-02,321
2007-07-02,326
2007-07-02,316
2007-07-03,318.5
2007-07-03,318
2007-07-03,320
2007-07-03,317
2007-07-04,312.5
2007-07-04,312
2007-07-04,314
2007-07-04,311
2007-07-05,318
2007-07-05,318
2007-07-05,316
2007-07-05,320
2007-07-06,319
2007-07-06,319
2007-07-06,321
2007-07-06,317
2007-07-07,325
2007-07-07,325
2007-07-07,323
2007-07-07,327
2007-07-08,322
2007-07-08,322
2007-07-08,321
2007-07-08,323
2007-07-09,319.5
2007-07-09,320
2007-07-09,318
2007-07-09,321
2007-07-10,320.5
2007-07-10,320
2007-07-10,319
2007-07-10,322
2007-07-11,314
2007-07-11,314
2007-07-11,316
2007-07-11,312
2007-07-12,315.5
2007-07-12,316
2007-07-12,314
2007-07-12,317
2007-07-13,309
2007-07-13,309
2007-07-13,311
2007-07-13,307
2007-07-14,309.5
2007-07-14,310
2007-07-14,313
2007-07-14,306
2007-07-15,309
2007-07-15,309
2007-07-15,310
2007-07-15,308
2007-07-16,311
2007-07-16,311
2007-07-16,313
2007-07-16,309
2007-07-17,309
2007-07-17,309
2007-07-17,311
2007-07-17,307
2007-07-18,309
2007-07-18,309
2007-07-18,308
2007-07-18,310
2007-07-19,311.5
2007-07-19,312
2007-07-19,312
2007-07-19,311
2007-07-20,303.5
2007-07-20,304
2007-07-20,306
2007-07-20,301
2007-07-21,298.5
2007-07-21,298
2007-07-21,300
2007-07-21,297
2007-07-22,292
2007-07-22,292
2007-07-22,290
2007-07-22,294
2007-07-23,284.5
2007-07-23,284
2007-07-23,287
2007-07-23,282
2007-07-24,276.5
2007-07-24,276
2007-07-24,273
2007-07-24,280
2007-07-25,274.5
2007-07-25,274
2007-07-25,272
2007-07-25,277
2007-07-26,269
2007-07-26,269
2007-07-26,270
2007-07-26,268
2007-07-27,281
2007-07-27,281
2007-07-27,279
2007-07-27,283
2007-07-28,286
2007-07-28,286
2007-07-28,284
2007-07-28,288
2007-07-29,293.5
2007-07-29,294
2007-07-29,292
2007-07-29,295
2007-07-30,295
2007-07-30,295
2007-07-30,294
2007-07-30,296
2007-07-31,302
2007-07-31,302
2007-07-31,306
2007-07-31,298
2007-08-01,298
2007-08-01,298
2007-08-01,300
2007-08-01,296
2007-08-02,297.5
2007-08-02,298
2007-08-02,297
2007-08-02,298
2007-08-03,300.5
2007-08-03,300
2007-08-03,299
2007-08-03,302
2007-08-04,302.5
2007-08-04,302
2007-08-04,304
2007-08-04,301
2007-08-05,298
2007-08-05,298
2007-08-05,300
2007-08-05,296
2007-08-06,292.5
2007-08-06,292
2007-08-06,295
2007-08-06,290
2007-08-07,286.5
2007-08-07,286
2007-08-07,289
2007-08-07,284
2007-08-08,283
2007-08-08,283
2007-08-08,286
2007-08-08,280
2007-08-09,297
2007-08-09,297
2007-08-09,292
2007-08-09,302
2007-08-10,292
2007-08-10,292
2007-08-10,296
2007-08-10,288
2007-08-11,291.5
2007-08-11,292
2007-08-11,296
2007-08-11,287
2007-08-12,286
2007-08-12,286
2007-08-12,290
2007-08-12,282
2007-08-13,290
2007-08-13,290
2007-08-13,298
2007-08-13,282
2007-08-14,287
2007-08-14,287
2007-08-14,290
2007-08-14,284
2007-08-15,284
2007-08-15,284
2007-08-15,282
2007-08-15,286
2007-08-16,282
2007-08-16,282
2007-08-16,280
2007-08-16,284
2007-08-17,279.5
2007-08-17,280
2007-08-17,277
2007-08-17,282
2007-08-18,284
2007-08-18,284
2007-08-18,290
2007-08-18,278
2007-08-19,265
2007-08-19,265
2007-08-19,270
2007-08-19,260
2007-08-20,268
2007-08-20,268
2007-08-20,266
2007-08-20,270
2007-08-21,263
2007-08-21,263
2007-08-21,264
2007-08-21,262
2007-08-22,251.5
2007-08-22,252
2007-08-22,252
2007-08-22,251
2007-08-23,254
2007-08-23,254
2007-08-23,248
2007-08-23,260
2007-08-24,259.5
2007-08-24,260
2007-08-24,258
2007-08-24,261
2007-08-25,263.5
2007-08-25,264
2007-08-25,259
2007-08-25,268
2007-08-26,263
2007-08-26,263
2007-08-26,270
2007-08-26,256
2007-08-27,272
2007-08-27,272
2007-08-27,280
2007-08-27,264
2007-08-28,271.5
2007-08-28,272
2007-08-28,284
2007-08-28,259
2007-08-29,269.5
2007-08-29,270
2007-08-29,277
2007-08-29,262
2007-08-30,262
2007-08-30,262
2007-08-30,260
2007-08-30,264
2007-08-31,276
2007-08-31,276
2007-08-31,274
2007-08-31,278
2007-09-01,281.5
2007-09-01,282
2007-09-01,276
2007-09-01,287
2007-09-02,273
2007-09-02,273
2007-09-02,274
2007-09-02,272
2007-09-03,266.5
2007-09-03,266
2007-09-03,263
2007-09-03,270
2007-09-04,259
2007-09-04,259
2007-09-04,257
2007-09-04,261
2007-09-05,254
2007-09-05,254
2007-09-05,252
2007-09-05,256
2007-09-06,248
2007-09-06,248
2007-09-06,244
2007-09-06,252
2007-09-07,248
2007-09-07,248
2007-09-07,236
2007-09-07,260
2007-09-08,250.5
2007-09-08,250
2007-09-08,249
2007-09-08,252
2007-09-09,242
2007-09-09,242
2007-09-09,254
2007-09-09,230
2007-09-10,244
2007-09-10,244
2007-09-10,258
2007-09-10,230
2007-09-11,241
2007-09-11,241
2007-09-11,244
2007-09-11,238
2007-09-12,241
2007-09-12,241
2007-09-12,240
2007-09-12,242
2007-09-13,239
2007-09-13,239
2007-09-13,238
2007-09-13,240
2007-09-14,242
2007-09-14,242
2007-09-14,240
2007-09-14,244
2007-09-15,233
2007-09-15,233
2007-09-15,230
2007-09-15,236
2007-09-16,223
2007-09-16,223
2007-09-16,220
2007-09-16,226
2007-09-17,218
2007-09-17,218
2007-09-17,216
2007-09-17,220
2007-09-18,207
2007-09-18,207
2007-09-18,206
2007-09-18,208
2007-09-19,202.5
2007-09-19,202
2007-09-19,203
2007-09-19,202
2007-09-20,199
2007-09-20,199
2007-09-20,202
2007-09-20,196
2007-09-21,189
2007-09-21,189
2007-09-21,188
2007-09-21,190
2007-09-22,187
2007-09-22,187
2007-09-22,180
2007-09-22,194
2007-09-23,209
2007-09-23,209
2007-09-23,210
2007-09-23,208
2007-09-24,196
2007-09-24,196
2007-09-24,198
2007-09-24,194
2007-09-25,199
2007-09-25,199
2007-09-25,202
2007-09-25,196
2007-09-26,220
2007-09-26,220
2007-09-26,232
2007-09-26,208
2007-09-27,212
2007-09-27,212
2007-09-27,220
2007-09-27,204
2007-09-28,228
2007-09-28,228
2007-09-28,238
2007-09-28,218
2007-09-29,227
2007-09-29,227
2007-09-29,230
2007-09-29,224
2007-09-30,231
2007-09-30,231
2007-09-30,240
2007-09-30,222
2007-10-01,214
2007-10-01,214
2007-10-02,198
2007-10-02,198
2007-10-03,187
2007-10-03,187
2007-10-04,182
2007-10-04,182
2007-10-05,182
2007-10-05,182
2007-10-06,187
2007-10-06,187
2007-10-07,189
2007-10-07,189
2007-10-08,203
2007-10-08,203
2007-10-09,193
2007-10-09,193
2007-10-10,205
2007-10-10,205
2007-10-11,198
2007-10-11,198
2007-10-12,196
2007-10-12,196
2007-10-13,189
2007-10-13,189
2007-10-14,197
2007-10-14,197
2007-10-15,177
2007-10-15,177
2007-10-16,164
2007-10-16,164
2007-10-17,157
2007-10-17,157
2007-10-18,149
2007-10-18,149
2007-10-19,149
2007-10-19,149
2007-10-20,148
2007-10-20,148
2007-10-21,149
2007-10-21,149
2007-10-22,151
2007-10-22,151
2007-10-23,162
2007-10-23,162
2007-10-24,168
2007-10-24,168
2007-10-25,177
2007-10-25,177
2007-10-26,179
2007-10-26,179
2007-10-27,169
2007-10-27,169
2007-10-28,195
2007-10-28,195
2007-10-29,195
2007-10-29,195
2007-10-30,192
2007-10-30,192
2007-10-31,194
2007-10-31,194
2007-11-01,163
2007-11-01,163
2007-11-02,170
2007-11-02,170
2007-11-03,157
2007-11-03,157
2007-11-04,155
2007-11-04,155
2007-11-05,159
2007-11-05,159
2007-11-06,169
2007-11-06,169
2007-11-07,167
2007-11-07,167
2007-11-08,164
2007-11-08,164
2007-11-09,166
2007-11-09,166
2007-11-10,167.5
2007-11-10,168
2007-11-11,168.5
2007-11-11,168
2007-11-12,151.5
2007-11-12,152
2007-11-13,150.5
2007-11-13,150
2007-11-14,149.5
2007-11-14,150
2007-11-15,150
2007-11-15,150
2007-11-16,151.5
2007-11-16,152
2007-11-17,150.5
2007-11-17,150
2007-11-18,153
2007-11-18,153
2007-11-19,154
2007-11-19,154
2007-11-20,157
2007-11-20,157
2007-11-21,171.5
2007-11-21,172
2007-11-22,165
2007-11-22,165
2007-11-23,182.5
2007-11-23,182
2007-11-24,106
2007-11-24,206
2007-11-25,103.5
2007-11-25,203
2007-11-26,104.5
2007-11-26,204
2007-11-27,103
2007-11-27,203
2007-11-28,91.5
2007-11-28,192
2007-11-29,80.5
2007-11-29,180
2007-11-30,77
2007-11-30,177
2007-12-01,176
2007-12-01,176
2007-12-01,180
2007-12-01,172
2007-12-02,175.5
2007-12-02,176
2007-12-02,177
2007-12-02,174
2007-12-03,171
2007-12-03,171
2007-12-03,166
2007-12-03,176
2007-12-04,169
2007-12-04,169
2007-12-04,164
2007-12-04,174
2007-12-05,173
2007-12-05,173
2007-12-05,174
2007-12-05,172
2007-12-06,171
2007-12-06,171
2007-12-06,168
2007-12-06,174
2007-12-07,173.5
2007-12-07,174
2007-12-07,171
2007-12-07,176
2007-12-08,173.5
2007-12-08,174
2007-12-08,170
2007-12-08,177
2007-12-09,176.5
2007-12-09,176
2007-12-09,173
2007-12-09,180
2007-12-10,177.5
2007-12-10,178
2007-12-10,174
2007-12-10,181
2007-12-11,175
2007-12-11,175
2007-12-11,172
2007-12-11,178
2007-12-12,169.5
2007-12-12,170
2007-12-12,169
2007-12-12,170
2007-12-13,172.5
2007-12-13,172
2007-12-13,171
2007-12-13,174
2007-12-14,175.5
2007-12-14,176
2007-12-14,178
2007-12-14,173
2007-12-15,178.5
2007-12-15,178
2007-12-15,180
2007-12-15,177
2007-12-16,179
2007-12-16,179
2007-12-16,176
2007-12-16,182
2007-12-17,183.5
2007-12-17,184
2007-12-17,184
2007-12-17,183
2007-12-18,177.5
2007-12-18,178
2007-12-18,179
2007-12-18,176
2007-12-19,173
2007-12-19,173
2007-12-19,177
2007-12-19,169
2007-12-20,169
2007-12-20,169
2007-12-20,174
2007-12-20,164
2007-12-21,194
2007-12-21,194
2007-12-21,186
2007-12-21,202
2007-12-22,208
2007-12-22,208
2007-12-22,212
2007-12-22,204
2007-12-23,194
2007-12-23,194
2007-12-23,198
2007-12-23,190
2007-12-24,216
2007-12-24,216
2007-12-24,220
2007-12-24,212
2007-12-25,219
2007-12-25,219
2007-12-25,222
2007-12-25,216
2007-12-26,228
2007-12-26,228
2007-12-26,230
2007-12-26,226
2007-12-27,224
2007-12-27,224
2007-12-27,220
2007-12-27,228
2007-12-28,226
2007-12-28,226
2007-12-28,230
2007-12-28,222
2007-12-29,211
2007-12-29,211
2007-12-29,210
2007-12-29,212
2007-12-30,209
2007-12-30,209
2007-12-30,212
2007-12-30,206
2007-12-31,215
2007-12-31,215
2007-12-31,220
2007-12-31,210
2008-01-01,207
2008-01-01,207
2008-01-01,204
2008-01-01,210
2008-01-02,204
2008-01-02,204
2008-01-02,202
2008-01-02,206
2008-01-03,204
2008-01-03,204
2008-01-03,198
2008-01-03,210
2008-01-04,197
2008-01-04,197
2008-01-04,196
2008-01-04,198
2008-01-05,201
2008-01-05,201
2008-01-05,204
2008-01-05,198
2008-01-06,207
2008-01-06,207
2008-01-06,212
2008-01-06,202
2008-01-07,226
2008-01-07,226
2008-01-07,232
2008-01-07,220
2008-01-08,243
2008-01-08,243
2008-01-08,250
2008-01-08,236
2008-01-09,235
2008-01-09,235
2008-01-09,242
2008-01-09,228
2008-01-10,243
2008-01-10,243
2008-01-10,248
2008-01-10,238
2008-01-11,243
2008-01-11,243
2008-01-11,246
2008-01-11,240
2008-01-12,234
2008-01-12,234
2008-01-12,230
2008-01-12,238
2008-01-13,244
2008-01-13,244
2008-01-13,240
2008-01-13,248
2008-01-14,256
2008-01-14,256
2008-01-14,250
2008-01-14,262
2008-01-15,255.5
2008-01-15,256
2008-01-15,255
2008-01-15,256
2008-01-16,260
2008-01-16,260
2008-01-16,258
2008-01-16,262
2008-01-17,249
2008-01-17,249
2008-01-17,244
2008-01-17,254
2008-01-18,261
2008-01-18,261
2008-01-18,256
2008-01-18,266
2008-01-19,256
2008-01-19,256
2008-01-19,252
2008-01-19,260
2008-01-20,254
2008-01-20,254
2008-01-20,250
2008-01-20,258
2008-01-21,270
2008-01-21,270
2008-01-21,276
2008-01-21,264
2008-01-22,274
2008-01-22,274
2008-01-22,280
2008-01-22,268
2008-01-23,276
2008-01-23,276
2008-01-23,282
2008-01-23,270
2008-01-24,288
2008-01-24,288
2008-01-24,290
2008-01-24,286
2008-01-25,279
2008-01-25,279
2008-01-25,282
2008-01-25,276
2008-01-26,278
2008-01-26,278
2008-01-26,272
2008-01-26,284
2008-01-27,283
2008-01-27,283
2008-01-27,276
2008-01-27,290
2008-01-28,290
2008-01-28,290
2008-01-28,286
2008-01-28,294
2008-01-29,282
2008-01-29,282
2008-01-29,286
2008-01-29,278
2008-01-30,271
2008-01-30,271
2008-01-30,272
2008-01-30,270
2008-01-31,255
2008-01-31,255
2008-01-31,260
2008-01-31,250
2008-02-01,263
2008-02-01,263
2008-02-01,258
2008-02-01,268
2008-02-02,263
2008-02-02,263
2008-02-02,260
2008-02-02,266
2008-02-03,255
2008-02-03,255
2008-02-03,252
2008-02-03,258
2008-02-04,266
2008-02-04,266
2008-02-04,262
2008-02-04,270
2008-02-05,274
2008-02-05,274
2008-02-05,280
2008-02-05,268
2008-02-06,284
2008-02-06,284
2008-02-06,290
2008-02-06,278
2008-02-07,297
2008-02-07,297
2008-02-07,304
2008-02-07,290
2008-02-08,305
2008-02-08,305
2008-02-08,308
2008-02-08,302
2008-02-09,307
2008-02-09,307
2008-02-09,304
2008-02-09,310
2008-02-10,309
2008-02-10,309
2008-02-10,312
2008-02-10,306
2008-02-11,317
2008-02-11,317
2008-02-11,314
2008-02-11,320
2008-02-12,320
2008-02-12,320
2008-02-12,316
2008-02-12,324
2008-02-13,319
2008-02-13,319
2008-02-13,318
2008-02-13,320
2008-02-14,319
2008-02-14,319
2008-02-14,316
2008-02-14,322
2008-02-15,313
2008-02-15,313
2008-02-15,310
2008-02-15,316
2008-02-16,306
2008-02-16,306
2008-02-16,302
2008-02-16,310
2008-02-17,314
2008-02-17,314
2008-02-17,312
2008-02-17,316
2008-02-18,317
2008-02-18,317
2008-02-18,314
2008-02-18,320
2008-02-19,323
2008-02-19,323
2008-02-19,320
2008-02-19,326
2008-02-20,321
2008-02-20,321
2008-02-20,318
2008-02-20,324
2008-02-21,324
2008-02-21,324
2008-02-21,320
2008-02-21,328
2008-02-22,333
2008-02-22,333
2008-02-22,330
2008-02-22,336
2008-02-23,337
2008-02-23,337
2008-02-23,334
2008-02-23,340
2008-02-24,348
2008-02-24,348
2008-02-24,346
2008-02-24,350
2008-02-25,354
2008-02-25,354
2008-02-25,352
2008-02-25,356
2008-02-26,362
2008-02-26,362
2008-02-26,360
2008-02-26,364
2008-02-27,368
2008-02-27,368
2008-02-27,366
2008-02-27,370
2008-02-28,370
2008-02-28,370
2008-02-28,368
2008-02-28,372
2008-02-29,374
2008-02-29,374
2008-02-29,372
2008-02-29,376
2008-03-01,361
2008-03-01,361
2008-03-01,360
2008-03-01,362
2008-03-02,361
2008-03-02,361
2008-03-02,358
2008-03-02,364
2008-03-03,366
2008-03-03,366
2008-03-03,370
2008-03-03,362
2008-03-04,362
2008-03-04,362
2008-03-04,360
2008-03-04,364
2008-03-05,357
2008-03-05,357
2008-03-05,358
2008-03-05,356
2008-03-06,356
2008-03-06,356
2008-03-06,354
2008-03-06,358
2008-03-07,355
2008-03-07,355
2008-03-07,360
2008-03-07,350
2008-03-08,361
2008-03-08,361
2008-03-08,368
2008-03-08,354
2008-03-09,362
2008-03-09,362
2008-03-09,360
2008-03-09,364
2008-03-10,369
2008-03-10,369
2008-03-10,368
2008-03-10,370
2008-03-11,375
2008-03-11,375
2008-03-11,372
2008-03-11,378
2008-03-12,372
2008-03-12,372
2008-03-12,370
2008-03-12,374
2008-03-13,381
2008-03-13,381
2008-03-13,380
2008-03-13,382
2008-03-14,382
2008-03-14,382
2008-03-14,378
2008-03-14,386
2008-03-15,377
2008-03-15,377
2008-03-15,376
2008-03-15,378
2008-03-16,369
2008-03-16,369
2008-03-16,362
2008-03-16,376
2008-03-17,369
2008-03-17,369
2008-03-17,370
2008-03-17,368
2008-03-18,373
2008-03-18,373
2008-03-18,376
2008-03-18,370
2008-03-19,380
2008-03-19,380
2008-03-19,384
2008-03-19,376
2008-03-20,385
2008-03-20,385
2008-03-20,390
2008-03-20,380
2008-03-21,390
2008-03-21,390
2008-03-21,394
2008-03-21,386
2008-03-22,396
2008-03-22,396
2008-03-22,398
2008-03-22,394
2008-03-23,397
2008-03-23,397
2008-03-23,398
2008-03-23,396
2008-03-24,398
2008-03-24,398
2008-03-24,396
2008-03-24,400
2008-03-25,407
2008-03-25,407
2008-03-25,410
2008-03-25,404
2008-03-26,401
2008-03-26,401
2008-03-26,400
2008-03-26,402
2008-03-27,399
2008-03-27,399
2008-03-27,398
2008-03-27,400
2008-03-28,397
2008-03-28,397
2008-03-28,396
2008-03-28,398
2008-03-29,396
2008-03-29,396
2008-03-29,394
2008-03-29,398
2008-03-30,396
2008-03-30,396
2008-03-30,396
2008-03-30,396
2008-03-31,397
2008-03-31,397
2008-03-31,398
2008-03-31,396
2008-04-01,397
2008-04-01,397
2008-04-01,396
2008-04-01,398
2008-04-02,397
2008-04-02,397
2008-04-02,396
2008-04-02,398
2008-04-03,403
2008-04-03,403
2008-04-03,406
2008-04-03,400
2008-04-04,410
2008-04-04,410
2008-04-04,414
2008-04-04,406
2008-04-05,419
2008-04-05,419
2008-04-05,422
2008-04-05,416
2008-04-06,424
2008-04-06,424
2008-04-06,426
2008-04-06,422
2008-04-07,431
2008-04-07,431
2008-04-07,434
2008-04-07,428
2008-04-08,438
2008-04-08,438
2008-04-08,440
2008-04-08,436
2008-04-09,435
2008-04-09,435
2008-04-09,436
2008-04-09,434
2008-04-10,432
2008-04-10,432
2008-04-10,430
2008-04-10,434
2008-04-11,434
2008-04-11,434
2008-04-11,432
2008-04-11,436
2008-04-12,429
2008-04-12,429
2008-04-12,430
2008-04-12,428
2008-04-13,426
2008-04-13,426
2008-04-13,426
2008-04-13,426
2008-04-14,423
2008-04-14,423
2008-04-14,424
2008-04-14,422
2008-04-15,420
2008-04-15,420
2008-04-15,422
2008-04-15,418
2008-04-16,422
2008-04-16,422
2008-04-16,424
2008-04-16,420
2008-04-17,421
2008-04-17,421
2008-04-17,424
2008-04-17,418
2008-04-18,425
2008-04-18,425
2008-04-18,428
2008-04-18,422
2008-04-19,427
2008-04-19,427
2008-04-19,430
2008-04-19,424
2008-04-20,427
2008-04-20,427
2008-04-20,428
2008-04-20,426
2008-04-21,425.5
2008-04-21,426
2008-04-21,425
2008-04-21,426
2008-04-22,424
2008-04-22,424
2008-04-22,424
2008-04-22,424
2008-04-23,420
2008-04-23,420
2008-04-23,420
2008-04-23,420
2008-04-24,417
2008-04-24,417
2008-04-24,416
2008-04-24,418
2008-04-25,413
2008-04-25,413
2008-04-25,412
2008-04-25,414
2008-04-26,411
2008-04-26,411
2008-04-26,410
2008-04-26,412
2008-04-27,410
2008-04-27,410
2008-04-27,410
2008-04-27,410
2008-04-28,408
2008-04-28,408
2008-04-28,406
2008-04-28,410
2008-04-29,407
2008-04-29,407
2008-04-29,408
2008-04-29,406
2008-04-30,401
2008-04-30,401
2008-04-30,400
2008-04-30,402
2008-05-01,397
2008-05-01,397
2008-05-01,398
2008-05-01,396
2008-05-02,398
2008-05-02,398
2008-05-02,398
2008-05-02,398
2008-05-03,408
2008-05-03,408
2008-05-03,410
2008-05-03,406
2008-05-04,407
2008-05-04,407
2008-05-04,406
2008-05-04,408
2008-05-05,412
2008-05-05,412
2008-05-05,414
2008-05-05,410
2008-05-06,409
2008-05-06,409
2008-05-06,408
2008-05-06,410
2008-05-07,407
2008-05-07,407
2008-05-07,406
2008-05-07,408
2008-05-08,419
2008-05-08,419
2008-05-08,418
2008-05-08,420
2008-05-09,423
2008-05-09,423
2008-05-09,424
2008-05-09,422
2008-05-10,427.5
2008-05-10,428
2008-05-10,425
2008-05-10,430
2008-05-11,423
2008-05-11,423
2008-05-11,424
2008-05-11,422
2008-05-12,419
2008-05-12,419
2008-05-12,420
2008-05-12,418
2008-05-13,413
2008-05-13,413
2008-05-13,414
2008-05-13,412
2008-05-14,408
2008-05-14,408
2008-05-14,410
2008-05-14,406
2008-05-15,407.5
2008-05-15,408
2008-05-15,409
2008-05-15,406
2008-05-16,406
2008-05-16,406
2008-05-16,408
2008-05-16,404
2008-05-17,409
2008-05-17,409
2008-05-17,410
2008-05-17,408
2008-05-18,410
2008-05-18,410
2008-05-18,412
2008-05-18,408
2008-05-19,409
2008-05-19,409
2008-05-19,410
2008-05-19,408
2008-05-20,408
2008-05-20,408
2008-05-20,410
2008-05-20,406
2008-05-21,406
2008-05-21,406
2008-05-21,408
2008-05-21,404
2008-05-22,403
2008-05-22,403
2008-05-22,404
2008-05-22,402
2008-05-23,400.5
2008-05-23,400
2008-05-23,400
2008-05-23,401
2008-05-24,401
2008-05-24,401
2008-05-24,400
2008-05-24,402
2008-05-25,399.5
2008-05-25,400
2008-05-25,401
2008-05-25,398
2008-05-26,395.5
2008-05-26,396
2008-05-26,397
2008-05-26,394
2008-05-27,393
2008-05-27,393
2008-05-27,396
2008-05-27,390
2008-05-28,390
2008-05-28,390
2008-05-28,388
2008-05-28,392
2008-05-29,392
2008-05-29,392
2008-05-29,390
2008-05-29,394
2008-05-30,394
2008-05-30,394
2008-05-30,392
2008-05-30,396
2008-05-31,392
2008-05-31,392
2008-05-31,390
2008-05-31,394
2008-06-01,397
2008-06-01,397
2008-06-01,398
2008-06-01,396
2008-06-02,397
2008-06-02,397
2008-06-02,396
2008-06-02,398
2008-06-03,392.5
2008-06-03,392
2008-06-03,397
2008-06-03,388
2008-06-04,393
2008-06-04,393
2008-06-04,396
2008-06-04,390
2008-06-05,390
2008-06-05,390
2008-06-05,392
2008-06-05,388
2008-06-06,395
2008-06-06,395
2008-06-06,396
2008-06-06,394
2008-06-07,389
2008-06-07,389
2008-06-07,390
2008-06-07,388
2008-06-08,388
2008-06-08,388
2008-06-08,386
2008-06-08,390
2008-06-09,391
2008-06-09,391
2008-06-09,392
2008-06-09,390
2008-06-10,382
2008-06-10,382
2008-06-10,380
2008-06-10,384
2008-06-11,370
2008-06-11,370
2008-06-11,370
2008-06-11,370
2008-06-12,366
2008-06-12,366
2008-06-12,364
2008-06-12,368
2008-06-13,365
2008-06-13,365
2008-06-13,362
2008-06-13,368
2008-06-14,361
2008-06-14,361
2008-06-14,362
2008-06-14,360
2008-06-15,360
2008-06-15,360
2008-06-15,358
2008-06-15,362
2008-06-16,357
2008-06-16,357
2008-06-16,356
2008-06-16,358
2008-06-17,361
2008-06-17,361
2008-06-17,360
2008-06-17,362
2008-06-18,353
2008-06-18,353
2008-06-18,354
2008-06-18,352
2008-06-19,349
2008-06-19,349
2008-06-19,348
2008-06-19,350
2008-06-20,347
2008-06-20,347
2008-06-20,348
2008-06-20,346
2008-06-21,339
2008-06-21,339
2008-06-21,340
2008-06-21,338
2008-06-22,345
2008-06-22,345
2008-06-22,346
2008-06-22,344
2008-06-23,345
2008-06-23,345
2008-06-23,346
2008-06-23,344
2008-06-24,349
2008-06-24,349
2008-06-24,350
2008-06-24,348
2008-06-25,344
2008-06-25,344
2008-06-25,346
2008-06-25,342
2008-06-26,344
2008-06-26,344
2008-06-26,340
2008-06-26,348
2008-06-27,346
2008-06-27,346
2008-06-27,342
2008-06-27,350
2008-06-28,344
2008-06-28,344
2008-06-28,340
2008-06-28,348
2008-06-29,345
2008-06-29,345
2008-06-29,342
2008-06-29,348
2008-06-30,345
2008-06-30,345
2008-06-30,344
2008-06-30,346
2008-08-01,308
2008-08-01,308
2008-08-01,318
2008-08-01,298
2008-08-02,311
2008-08-02,311
2008-08-02,320
2008-08-02,302
2008-08-03,305
2008-08-03,305
2008-08-03,310
2008-08-03,300
2008-08-04,312.5
2008-08-04,312
2008-08-04,315
2008-08-04,310
2008-08-05,309
2008-08-05,309
2008-08-05,310
2008-08-05,308
2008-08-06,302.5
2008-08-06,302
2008-08-06,303
2008-08-06,302
2008-08-07,298.5
2008-08-07,298
2008-08-07,300
2008-08-07,297
2008-08-08,298
2008-08-08,298
2008-08-08,298
2008-08-08,298
2008-08-09,276
2008-08-09,276
2008-08-09,270
2008-08-09,282
2008-08-10,266
2008-08-10,266
2008-08-10,262
2008-08-10,270
2008-08-11,263
2008-08-11,263
2008-08-11,260
2008-08-11,266
2008-08-12,259
2008-08-12,259
2008-08-12,258
2008-08-12,260
2008-08-13,252
2008-08-13,252
2008-08-13,250
2008-08-13,254
2008-08-14,253.5
2008-08-14,254
2008-08-14,252
2008-08-14,255
2008-08-15,256
2008-08-15,256
2008-08-15,254
2008-08-15,258
2008-08-16,258
2008-08-16,258
2008-08-16,260
2008-08-16,256
2008-08-17,274
2008-08-17,274
2008-08-17,280
2008-08-17,268
2008-08-18,281.5
2008-08-18,282
2008-08-18,283
2008-08-18,280
2008-08-19,293
2008-08-19,293
2008-08-19,296
2008-08-19,290
2008-08-20,295
2008-08-20,295
2008-08-20,298
2008-08-20,292
2008-08-21,279
2008-08-21,279
2008-08-21,278
2008-08-21,280
2008-08-22,278
2008-08-22,278
2008-08-22,276
2008-08-22,280
2008-08-23,271
2008-08-23,271
2008-08-23,270
2008-08-23,272
2008-08-24,267.5
2008-08-24,268
2008-08-24,269
2008-08-24,266
2008-08-25,261
2008-08-25,261
2008-08-25,262
2008-08-25,260
2008-08-26,261
2008-08-26,261
2008-08-26,260
2008-08-26,262
2008-08-27,259
2008-08-27,259
2008-08-27,260
2008-08-27,258
2008-08-28,257
2008-08-28,257
2008-08-28,258
2008-08-28,256
2008-08-29,258
2008-08-29,258
2008-08-29,260
2008-08-29,256
2008-08-30,267
2008-08-30,267
2008-08-30,270
2008-08-30,264
2008-08-31,280
2008-08-31,280
2008-08-31,290
2008-08-31,270
2008-09-01,291
2008-09-01,291
2008-09-01,296
2008-09-01,286
2008-09-02,286
2008-09-02,286
2008-09-02,290
2008-09-02,282
2008-09-03,270
2008-09-03,270
2008-09-03,272
2008-09-03,268
2008-09-04,268
2008-09-04,268
2008-09-04,272
2008-09-04,264
2008-09-05,258.5
2008-09-05,258
2008-09-05,260
2008-09-05,257
2008-09-06,250
2008-09-06,250
2008-09-06,252
2008-09-06,248
2008-09-07,242
2008-09-07,242
2008-09-07,244
2008-09-07,240
2008-09-08,238
2008-09-08,238
2008-09-08,240
2008-09-08,236
2008-09-09,225
2008-09-09,225
2008-09-09,222
2008-09-09,228
2008-09-10,219
2008-09-10,219
2008-09-10,218
2008-09-10,220
2008-09-11,215
2008-09-11,215
2008-09-11,216
2008-09-11,214
2008-09-12,220
2008-09-12,220
2008-09-12,224
2008-09-12,216
2008-09-13,225
2008-09-13,225
2008-09-13,230
2008-09-13,220
2008-09-14,230.5
2008-09-14,231
2008-09-14,233
2008-09-14,228
2008-09-15,227
2008-09-15,227
2008-09-15,230
2008-09-15,224
2008-09-16,224.5
2008-09-16,224
2008-09-16,228
2008-09-16,221
2008-09-17,239
2008-09-17,239
2008-09-17,240
2008-09-17,238
2008-09-18,258
2008-09-18,258
2008-09-18,260
2008-09-18,256
2008-09-19,261
2008-09-19,261
2008-09-19,264
2008-09-19,258
2008-09-20,264
2008-09-20,264
2008-09-20,268
2008-09-20,260
2008-09-21,246
2008-09-21,246
2008-09-21,248
2008-09-21,244
2008-09-22,248
2008-09-22,248
2008-09-22,250
2008-09-22,246
2008-09-23,241
2008-09-23,241
2008-09-23,240
2008-09-23,242
2008-09-24,221
2008-09-24,221
2008-09-24,220
2008-09-24,222
2008-09-25,202
2008-09-25,202
2008-09-25,200
2008-09-25,204
2008-09-26,195
2008-09-26,195
2008-09-26,196
2008-09-26,194
2008-09-27,201
2008-09-27,201
2008-09-27,198
2008-09-27,204
2008-09-28,198
2008-09-28,198
2008-09-28,200
2008-09-28,196
2008-09-29,212
2008-09-29,212
2008-09-29,220
2008-09-29,204
2008-09-30,203
2008-09-30,203
2008-09-30,208
2008-09-30,198
2008-10-01,216
2008-10-01,216
2008-10-01,222
2008-10-01,210
2008-10-02,217
2008-10-02,217
2008-10-02,220
2008-10-02,214
2008-10-03,205.5
2008-10-03,206
2008-10-03,208
2008-10-03,203
2008-10-04,209
2008-10-04,209
2008-10-04,210
2008-10-04,208
2008-10-05,204
2008-10-05,204
2008-10-05,202
2008-10-05,206
2008-10-06,193
2008-10-06,193
2008-10-06,196
2008-10-06,190
2008-10-07,173
2008-10-07,173
2008-10-07,170
2008-10-07,176
2008-10-08,164
2008-10-08,164
2008-10-08,160
2008-10-08,168
2008-10-09,159
2008-10-09,159
2008-10-09,162
2008-10-09,156
2008-10-10,151.5
2008-10-10,152
2008-10-10,150
2008-10-10,153
2008-10-11,163
2008-10-11,163
2008-10-11,160
2008-10-11,166
2008-10-12,173
2008-10-12,173
2008-10-12,176
2008-10-12,170
2008-10-13,175
2008-10-13,175
2008-10-13,178
2008-10-13,172
2008-10-14,189
2008-10-14,189
2008-10-14,186
2008-10-14,192
2008-10-15,209
2008-10-15,209
2008-10-15,210
2008-10-15,208
2008-10-16,218
2008-10-16,218
2008-10-16,220
2008-10-16,216
2008-10-17,223
2008-10-17,223
2008-10-17,226
2008-10-17,220
2008-10-18,215
2008-10-18,215
2008-10-18,218
2008-10-18,212
2008-10-19,199
2008-10-19,199
2008-10-19,208
2008-10-19,190
2008-10-20,180
2008-10-20,180
2008-10-20,178
2008-10-20,182
2008-10-21,176.5
2008-10-21,176
2008-10-21,173
2008-10-21,180
2008-10-22,172
2008-10-22,172
2008-10-22,170
2008-10-22,174
2008-10-23,167.5
2008-10-23,168
2008-10-23,166
2008-10-23,169
2008-10-24,172
2008-10-24,172
2008-10-24,170
2008-10-24,174
2008-10-25,178
2008-10-25,178
2008-10-25,180
2008-10-25,176
2008-10-26,173
2008-10-26,173
2008-10-26,172
2008-10-26,174
2008-10-27,180
2008-10-27,180
2008-10-27,182
2008-10-27,178
2008-10-28,173
2008-10-28,173
2008-10-28,176
2008-10-28,170
2008-10-29,191
2008-10-29,191
2008-10-29,192
2008-10-29,190
2008-10-30,196
2008-10-30,196
2008-10-30,200
2008-10-30,192
2008-10-31,193
2008-10-31,193
2008-10-31,196
2008-10-31,190
2008-11-01,177
2008-11-01,177
2008-11-01,184
2008-11-01,170
2008-11-02,188
2008-11-02,188
2008-11-02,192
2008-11-02,184
2008-11-03,167
2008-11-03,167
2008-11-03,170
2008-11-03,164
2008-11-04,157
2008-11-04,157
2008-11-04,160
2008-11-04,154
2008-11-05,148
2008-11-05,148
2008-11-05,150
2008-11-05,146
2008-11-06,144
2008-11-06,144
2008-11-06,140
2008-11-06,148
2008-11-07,143
2008-11-07,143
2008-11-07,142
2008-11-07,144
2008-11-08,146
2008-11-08,146
2008-11-08,142
2008-11-08,150
2008-11-09,152
2008-11-09,152
2008-11-09,144
2008-11-09,160
2008-11-10,163
2008-11-10,163
2008-11-10,162
2008-11-10,164
2008-11-11,168
2008-11-11,168
2008-11-11,166
2008-11-11,170
2008-11-12,171
2008-11-12,171
2008-11-12,182
2008-11-12,160
2008-11-13,181
2008-11-13,181
2008-11-13,192
2008-11-13,170
2008-11-14,188
2008-11-14,188
2008-11-14,204
2008-11-14,172
2008-11-15,196
2008-11-15,196
2008-11-15,210
2008-11-15,182
2008-11-16,194.5
2008-11-16,194
2008-11-16,201
2008-11-16,188
2008-11-17,177
2008-11-17,177
2008-11-17,180
2008-11-17,174
2008-11-18,185
2008-11-18,185
2008-11-18,190
2008-11-18,180
2008-11-19,166.5
2008-11-19,166
2008-11-19,169
2008-11-19,164
2008-11-20,163.5
2008-11-20,164
2008-11-20,165
2008-11-20,162
2008-11-21,167
2008-11-21,167
2008-11-21,164
2008-11-21,170
2008-11-22,170
2008-11-22,170
2008-11-22,160
2008-11-22,180
2008-11-23,171
2008-11-23,171
2008-11-23,162
2008-11-23,180
2008-11-24,181
2008-11-24,181
2008-11-24,178
2008-11-24,184
2008-11-25,178
2008-11-25,178
2008-11-25,180
2008-11-25,176
2008-11-26,171
2008-11-26,171
2008-11-26,172
2008-11-26,170
2008-11-27,184
2008-11-27,184
2008-11-27,186
2008-11-27,182
2008-11-28,191
2008-11-28,191
2008-11-28,192
2008-11-28,190
2008-11-29,182
2008-11-29,182
2008-11-29,192
2008-11-29,172
2008-11-30,162
2008-11-30,162
2008-11-30,164
2008-11-30,160
2009-01-01,234
2009-01-01,234
2009-01-01,238
2009-01-01,230
2009-01-02,229
2009-01-02,229
2009-01-02,228
2009-01-02,230
2009-01-03,229
2009-01-03,229
2009-01-03,232
2009-01-03,226
2009-01-04,240
2009-01-04,240
2009-01-04,238
2009-01-04,242
2009-01-05,240
2009-01-05,240
2009-01-05,240
2009-01-05,240
2009-01-06,235
2009-01-06,235
2009-01-06,232
2009-01-06,238
2009-01-07,238
2009-01-07,238
2009-01-07,236
2009-01-07,240
2009-01-08,243
2009-01-08,243
2009-01-08,246
2009-01-08,240
2009-01-09,250
2009-01-09,250
2009-01-09,248
2009-01-09,252
2009-01-10,266
2009-01-10,266
2009-01-10,260
2009-01-10,272
2009-01-11,282
2009-01-11,282
2009-01-11,280
2009-01-11,284
2009-01-12,281
2009-01-12,281
2009-01-12,282
2009-01-12,280
2009-01-13,284
2009-01-13,284
2009-01-13,290
2009-01-13,278
2009-01-14,291.5
2009-01-14,292
2009-01-14,294
2009-01-14,289
2009-01-15,283
2009-01-15,283
2009-01-15,280
2009-01-15,286
2009-01-16,289
2009-01-16,289
2009-01-16,290
2009-01-16,288
2009-01-17,277.5
2009-01-17,278
2009-01-17,278
2009-01-17,277
2009-01-18,287
2009-01-18,287
2009-01-18,284
2009-01-18,290
2009-01-19,268
2009-01-19,268
2009-01-19,270
2009-01-19,266
2009-01-20,262
2009-01-20,262
2009-01-20,264
2009-01-20,260
2009-01-21,257
2009-01-21,257
2009-01-21,258
2009-01-21,256
2009-01-22,252
2009-01-22,252
2009-01-22,254
2009-01-22,250
2009-01-23,260
2009-01-23,260
2009-01-23,258
2009-01-23,262
2009-01-24,261
2009-01-24,261
2009-01-24,262
2009-01-24,260
2009-01-25,275
2009-01-25,275
2009-01-25,280
2009-01-25,270
2009-01-26,275
2009-01-26,275
2009-01-26,278
2009-01-26,272
2009-01-27,295
2009-01-27,295
2009-01-27,298
2009-01-27,292
2009-01-28,299.5
2009-01-28,300
2009-01-28,302
2009-01-28,297
2009-01-29,304
2009-01-29,304
2009-01-29,310
2009-01-29,298
2009-01-30,304
2009-01-30,304
2009-01-30,306
2009-01-30,302
2009-01-31,308
2009-01-31,308
2009-01-31,310
2009-01-31,306
2009-02-01,296
2009-02-01,296
2009-02-01,292
2009-02-01,300
2009-02-02,298
2009-02-02,298
2009-02-02,294
2009-02-02,302
2009-02-03,299.5
2009-02-03,300
2009-02-03,296
2009-02-03,303
2009-02-04,299
2009-02-04,299
2009-02-04,297
2009-02-04,301
2009-02-05,301
2009-02-05,301
2009-02-05,298
2009-02-05,304
2009-02-06,303
2009-02-06,303
2009-02-06,300
2009-02-06,306
2009-02-07,306.5
2009-02-07,306
2009-02-07,310
2009-02-07,303
2009-02-08,316
2009-02-08,316
2009-02-08,312
2009-02-08,320
2009-02-09,327
2009-02-09,327
2009-02-09,330
2009-02-09,324
2009-02-10,344
2009-02-10,344
2009-02-10,342
2009-02-10,346
2009-02-11,343
2009-02-11,343
2009-02-11,348
2009-02-11,338
2009-02-12,344
2009-02-12,344
2009-02-12,340
2009-02-12,348
2009-02-13,350
2009-02-13,350
2009-02-13,352
2009-02-13,348
2009-02-14,338.5
2009-02-14,338
2009-02-14,340
2009-02-14,337
2009-02-15,338
2009-02-15,338
2009-02-15,336
2009-02-15,340
2009-02-16,334
2009-02-16,334
2009-02-16,338
2009-02-16,330
2009-02-17,322
2009-02-17,322
2009-02-17,320
2009-02-17,324
2009-02-18,325
2009-02-18,325
2009-02-18,322
2009-02-18,328
2009-02-19,328
2009-02-19,328
2009-02-19,330
2009-02-19,326
2009-02-20,315
2009-02-20,315
2009-02-20,310
2009-02-20,320
2009-02-21,319
2009-02-21,319
2009-02-21,316
2009-02-21,322
2009-02-22,335
2009-02-22,335
2009-02-22,338
2009-02-22,332
2009-02-23,347
2009-02-23,347
2009-02-23,344
2009-02-23,350
2009-02-24,344
2009-02-24,344
2009-02-24,346
2009-02-24,342
2009-02-25,349
2009-02-25,349
2009-02-25,348
2009-02-25,350
2009-02-26,349
2009-02-26,349
2009-02-26,346
2009-02-26,352
2009-02-27,365
2009-02-27,365
2009-02-27,360
2009-02-27,370
2009-02-28,377
2009-02-28,377
2009-02-28,374
2009-02-28,380
2009-03-01,376
2009-03-01,376
2009-03-01,370
2009-03-01,382
2009-03-02,379
2009-03-02,379
2009-03-02,372
2009-03-02,386
2009-03-03,371.5
2009-03-03,372
2009-03-03,370
2009-03-03,373
2009-03-04,375
2009-03-04,375
2009-03-04,372
2009-03-04,378
2009-03-05,380
2009-03-05,380
2009-03-05,380
2009-03-05,380
2009-03-06,381
2009-03-06,381
2009-03-06,382
2009-03-06,380
2009-03-07,380
2009-03-07,380
2009-03-07,378
2009-03-07,382
2009-03-08,381.5
2009-03-08,382
2009-03-08,379
2009-03-08,384
2009-03-09,386
2009-03-09,386
2009-03-09,390
2009-03-09,382
2009-03-10,395.5
2009-03-10,396
2009-03-10,397
2009-03-10,394
2009-03-11,399
2009-03-11,399
2009-03-11,400
2009-03-11,398
2009-03-12,400.5
2009-03-12,400
2009-03-12,401
2009-03-12,400
2009-03-13,400
2009-03-13,400
2009-03-13,402
2009-03-13,398
2009-03-14,409
2009-03-14,409
2009-03-14,408
2009-03-14,410
2009-03-15,412
2009-03-15,412
2009-03-15,412
2009-03-15,412
2009-03-16,412
2009-03-16,412
2009-03-16,410
2009-03-16,414
2009-03-17,418
2009-03-17,418
2009-03-17,416
2009-03-17,420
2009-03-18,420.5
2009-03-18,420
2009-03-18,418
2009-03-18,423
2009-03-19,398
2009-03-19,398
2009-03-19,398
2009-03-19,398
2009-03-20,392
2009-03-20,392
2009-03-20,390
2009-03-20,394
2009-03-21,394
2009-03-21,394
2009-03-21,390
2009-03-21,398
2009-03-22,396.5
2009-03-22,396
2009-03-22,396
2009-03-22,397
2009-03-23,397
2009-03-23,397
2009-03-23,398
2009-03-23,396
2009-03-24,409
2009-03-24,409
2009-03-24,406
2009-03-24,412
2009-03-25,413
2009-03-25,413
2009-03-25,410
2009-03-25,416
2009-03-26,417
2009-03-26,417
2009-03-26,414
2009-03-26,420
2009-03-27,416
2009-03-27,416
2009-03-27,422
2009-03-27,410
2009-03-28,419
2009-03-28,419
2009-03-28,420
2009-03-28,418
2009-03-29,421
2009-03-29,421
2009-03-29,420
2009-03-29,422
2009-03-30,420.5
2009-03-30,420
2009-03-30,423
2009-03-30,418
2009-03-31,430
2009-03-31,430
2009-03-31,426
2009-03-31,434
2009-04-01,425
2009-04-01,425
2009-04-01,430
2009-04-01,420
2009-04-02,417
2009-04-02,417
2009-04-02,412
2009-04-02,422
2009-04-03,409
2009-04-03,409
2009-04-03,410
2009-04-03,408
2009-04-04,407
2009-04-04,407
2009-04-04,406
2009-04-04,408
2009-04-05,404
2009-04-05,404
2009-04-05,402
2009-04-05,406
2009-04-06,404
2009-04-06,404
2009-04-06,404
2009-04-06,404
2009-04-07,412
2009-04-07,412
2009-04-07,414
2009-04-07,410
2009-04-08,418
2009-04-08,418
2009-04-08,416
2009-04-08,420
2009-04-09,425
2009-04-09,425
2009-04-09,430
2009-04-09,420
2009-04-10,430
2009-04-10,430
2009-04-10,430
2009-04-10,430
2009-04-11,435
2009-04-11,435
2009-04-11,436
2009-04-11,434
2009-04-12,436
2009-04-12,436
2009-04-12,432
2009-04-12,440
2009-04-13,430.5
2009-04-13,430
2009-04-13,430
2009-04-13,431
2009-04-14,426
2009-04-14,426
2009-04-14,426
2009-04-14,426
2009-04-15,422
2009-04-15,422
2009-04-15,420
2009-04-15,424
2009-04-16,425
2009-04-16,425
2009-04-16,424
2009-04-16,426
2009-04-17,420
2009-04-17,420
2009-04-17,418
2009-04-17,422
2009-04-18,418
2009-04-18,418
2009-04-18,416
2009-04-18,420
2009-04-19,420
2009-04-19,420
2009-04-19,418
2009-04-19,422
2009-04-20,419
2009-04-20,419
2009-04-20,420
2009-04-20,418
2009-04-21,423
2009-04-21,423
2009-04-21,422
2009-04-21,424
2009-04-22,433
2009-04-22,433
2009-04-22,432
2009-04-22,434
2009-04-23,434
2009-04-23,434
2009-04-23,436
2009-04-23,432
2009-04-24,440
2009-04-24,440
2009-04-24,438
2009-04-24,442
2009-04-25,443
2009-04-25,443
2009-04-25,446
2009-04-25,440
2009-04-26,449
2009-04-26,449
2009-04-26,448
2009-04-26,450
2009-04-27,451
2009-04-27,451
2009-04-27,452
2009-04-27,450
2009-04-28,455
2009-04-28,455
2009-04-28,454
2009-04-28,456
2009-04-29,455.5
2009-04-29,456
2009-04-29,454
2009-04-29,457
2009-04-30,453
2009-04-30,453
2009-04-30,450
2009-04-30,456
2009-05-01,455
2009-05-01,455
2009-05-01,452
2009-05-01,458
2009-05-02,456
2009-05-02,456
2009-05-02,454
2009-05-02,458
2009-05-03,458
2009-05-03,458
2009-05-03,456
2009-05-03,460
2009-05-04,453
2009-05-04,453
2009-05-04,452
2009-05-04,454
2009-05-05,451
2009-05-05,451
2009-05-05,450
2009-05-05,452
2009-05-06,455
2009-05-06,455
2009-05-06,457
2009-05-06,453
2009-05-07,461
2009-05-07,461
2009-05-07,460
2009-05-07,462
2009-05-08,462
2009-05-08,462
2009-05-08,464
2009-05-08,460
2009-05-09,471
2009-05-09,471
2009-05-09,470
2009-05-09,472
2009-05-10,469
2009-05-10,469
2009-05-10,468
2009-05-10,470
2009-05-11,470
2009-05-11,470
2009-05-11,468
2009-05-11,472
2009-05-12,472
2009-05-12,472
2009-05-12,470
2009-05-12,474
2009-05-13,469
2009-05-13,469
2009-05-13,468
2009-05-13,470
2009-05-14,469.5
2009-05-14,470
2009-05-14,467
2009-05-14,472
2009-05-15,469
2009-05-15,469
2009-05-15,470
2009-05-15,468
2009-05-16,465
2009-05-16,465
2009-05-16,464
2009-05-16,466
2009-05-17,463
2009-05-17,463
2009-05-17,464
2009-05-17,462
2009-05-18,461
2009-05-18,461
2009-05-18,462
2009-05-18,460
2009-05-19,461
2009-05-19,461
2009-05-19,458
2009-05-19,464
2009-05-20,460.5
2009-05-20,461
2009-05-20,459
2009-05-20,462
2009-05-21,459
2009-05-21,459
2009-05-21,460
2009-05-21,458
2009-05-22,459
2009-05-22,459
2009-05-22,458
2009-05-22,460
2009-05-23,460
2009-05-23,460
2009-05-23,456
2009-05-23,464
2009-05-24,475
2009-05-24,475
2009-05-24,478
2009-05-24,472
2009-05-25,471
2009-05-25,471
2009-05-25,472
2009-05-25,470
2009-05-26,471
2009-05-26,471
2009-05-26,473
2009-05-26,469
2009-05-27,473
2009-05-27,473
2009-05-27,474
2009-05-27,472
2009-05-28,477.5
2009-05-28,478
2009-05-28,477
2009-05-28,478
2009-05-29,473
2009-05-29,473
2009-05-29,472
2009-05-29,474
2009-05-30,479
2009-05-30,479
2009-05-30,480
2009-05-30,478
2009-05-31,475
2009-05-31,475
2009-05-31,478
2009-05-31,472
2009-06-01,468
2009-06-01,468
2009-06-01,468
2009-06-01,468
2009-06-02,461
2009-06-02,461
2009-06-02,462
2009-06-02,460
2009-06-03,461
2009-06-03,461
2009-06-03,458
2009-06-03,464
2009-06-04,465.5
2009-06-04,466
2009-06-04,465
2009-06-04,466
2009-06-05,461
2009-06-05,461
2009-06-05,460
2009-06-05,462
2009-06-06,459
2009-06-06,459
2009-06-06,460
2009-06-06,458
2009-06-07,458.5
2009-06-07,458
2009-06-07,460
2009-06-07,457
2009-06-08,454
2009-06-08,454
2009-06-08,458
2009-06-08,450
2009-06-09,451
2009-06-09,451
2009-06-09,452
2009-06-09,450
2009-06-10,447
2009-06-10,447
2009-06-10,448
2009-06-10,446
2009-06-11,441
2009-06-11,441
2009-06-11,440
2009-06-11,442
2009-06-12,441
2009-06-12,441
2009-06-12,442
2009-06-12,440
2009-06-13,436.5
2009-06-13,436
2009-06-13,435
2009-06-13,438
2009-06-14,430
2009-06-14,430
2009-06-14,430
2009-06-14,430
2009-06-15,427
2009-06-15,427
2009-06-15,427
2009-06-15,427
2009-06-16,423.5
2009-06-16,424
2009-06-16,425
2009-06-16,422
2009-06-17,419
2009-06-17,419
2009-06-17,418
2009-06-17,420
2009-06-18,416
2009-06-18,416
2009-06-18,416
2009-06-18,416
2009-06-19,415.5
2009-06-19,416
2009-06-19,415
2009-06-19,416
2009-06-20,416
2009-06-20,416
2009-06-20,415
2009-06-20,417
2009-06-21,420.5
2009-06-21,420
2009-06-21,420
2009-06-21,421
2009-06-22,420.5
2009-06-22,420
2009-06-22,423
2009-06-22,418
2009-06-23,424
2009-06-23,424
2009-06-23,426
2009-06-23,422
2009-06-24,427
2009-06-24,427
2009-06-24,430
2009-06-24,424
2009-06-25,426.5
2009-06-25,426
2009-06-25,428
2009-06-25,425
2009-06-26,424.5
2009-06-26,424
2009-06-26,425
2009-06-26,424
2009-06-27,417
2009-06-27,417
2009-06-27,418
2009-06-27,416
2009-06-28,411
2009-06-28,411
2009-06-28,412
2009-06-28,410
2009-06-29,413.5
2009-06-29,414
2009-06-29,413
2009-06-29,414
2009-06-30,408
2009-06-30,408
2009-06-30,408
2009-06-30,408
2009-07-01,403
2009-07-01,403
2009-07-01,402
2009-07-01,404
2009-07-02,398
2009-07-02,398
2009-07-02,396
2009-07-02,400
2009-07-03,395
2009-07-03,395
2009-07-03,398
2009-07-03,392
2009-07-04,388.5
2009-07-04,388
2009-07-04,390
2009-07-04,387
2009-07-05,389
2009-07-05,389
2009-07-05,390
2009-07-05,388
2009-07-06,388
2009-07-06,388
2009-07-06,390
2009-07-06,386
2009-07-07,386
2009-07-07,386
2009-07-07,388
2009-07-07,384
2009-07-08,384.5
2009-07-08,384
2009-07-08,389
2009-07-08,380
2009-07-09,386
2009-07-09,386
2009-07-09,388
2009-07-09,384
2009-07-10,386.5
2009-07-10,386
2009-07-10,387
2009-07-10,386
2009-07-11,378
2009-07-11,378
2009-07-11,380
2009-07-11,376
2009-07-12,369
2009-07-12,369
2009-07-12,370
2009-07-12,368
2009-07-13,370
2009-07-13,370
2009-07-13,370
2009-07-13,370
2009-07-14,366
2009-07-14,366
2009-07-14,364
2009-07-14,368
2009-07-15,365
2009-07-15,365
2009-07-15,366
2009-07-15,364
2009-07-16,361
2009-07-16,361
2009-07-16,360
2009-07-16,362
2009-07-17,361
2009-07-17,361
2009-07-17,358
2009-07-17,364
2009-07-18,359
2009-07-18,359
2009-07-18,356
2009-07-18,362
2009-07-19,357
2009-07-19,357
2009-07-19,358
2009-07-19,356
2009-07-20,360
2009-07-20,360
2009-07-20,360
2009-07-20,360
2009-07-21,361
2009-07-21,361
2009-07-21,364
2009-07-21,358
2009-07-22,360.5
2009-07-22,360
2009-07-22,360
2009-07-22,361
2009-07-23,357
2009-07-23,357
2009-07-23,356
2009-07-23,358
2009-07-24,351
2009-07-24,351
2009-07-24,352
2009-07-24,350
2009-07-25,362
2009-07-25,362
2009-07-25,360
2009-07-25,364
2009-07-26,369
2009-07-26,369
2009-07-26,370
2009-07-26,368
2009-07-27,366
2009-07-27,366
2009-07-27,368
2009-07-27,364
2009-07-28,360
2009-07-28,360
2009-07-28,362
2009-07-28,358
2009-07-29,357
2009-07-29,357
2009-07-29,360
2009-07-29,354
2009-07-30,349
2009-07-30,349
2009-07-30,350
2009-07-30,348
2009-07-31,341
2009-07-31,341
2009-07-31,340
2009-07-31,342
2009-08-01,332
2009-08-01,332
2009-08-01,334
2009-08-01,330
2009-08-02,328.5
2009-08-02,328
2009-08-02,330
2009-08-02,327
2009-08-03,330
2009-08-03,330
2009-08-03,328
2009-08-03,332
2009-08-04,327
2009-08-04,327
2009-08-04,330
2009-08-04,324
2009-08-05,331
2009-08-05,331
2009-08-05,336
2009-08-05,326
2009-08-06,333
2009-08-06,333
2009-08-06,338
2009-08-06,328
2009-08-07,329
2009-08-07,329
2009-08-07,330
2009-08-07,328
2009-08-08,340
2009-08-08,340
2009-08-08,340
2009-08-08,340
2009-08-09,337
2009-08-09,337
2009-08-09,344
2009-08-09,330
2009-08-10,333
2009-08-10,333
2009-08-10,336
2009-08-10,330
2009-08-11,323
2009-08-11,323
2009-08-11,326
2009-08-11,320
2009-08-12,317
2009-08-12,317
2009-08-12,316
2009-08-12,318
2009-08-13,318
2009-08-13,318
2009-08-13,320
2009-08-13,316
2009-08-14,315
2009-08-14,315
2009-08-14,310
2009-08-14,320
2009-08-15,309.5
2009-08-15,310
2009-08-15,309
2009-08-15,310
2009-08-16,307
2009-08-16,307
2009-08-16,306
2009-08-16,308
2009-08-17,305
2009-08-17,305
2009-08-17,304
2009-08-17,306
2009-08-18,309
2009-08-18,309
2009-08-18,310
2009-08-18,308
2009-08-19,318
2009-08-19,318
2009-08-19,320
2009-08-19,316
2009-08-20,322
2009-08-20,322
2009-08-20,324
2009-08-20,320
2009-08-21,333
2009-08-21,333
2009-08-21,336
2009-08-21,330
2009-08-22,337
2009-08-22,337
2009-08-22,340
2009-08-22,334
2009-08-23,333
2009-08-23,333
2009-08-23,336
2009-08-23,330
2009-08-24,330
2009-08-24,330
2009-08-24,332
2009-08-24,328
2009-08-25,325
2009-08-25,325
2009-08-25,324
2009-08-25,326
2009-08-26,321
2009-08-26,321
2009-08-26,320
2009-08-26,322
2009-08-27,314
2009-08-27,314
2009-08-27,318
2009-08-27,310
2009-08-28,304
2009-08-28,304
2009-08-28,308
2009-08-28,300
2009-08-29,292
2009-08-29,292
2009-08-29,296
2009-08-29,288
2009-08-30,287
2009-08-30,287
2009-08-30,290
2009-08-30,284
2009-08-31,279
2009-08-31,279
2009-08-31,280
2009-08-31,278
2009-09-01,284.5
2009-09-01,284
2009-09-01,286
2009-09-01,283
2009-09-02,280
2009-09-02,280
2009-09-02,282
2009-09-02,278
2009-09-03,277
2009-09-03,277
2009-09-03,280
2009-09-03,274
2009-09-04,282
2009-09-04,282
2009-09-04,280
2009-09-04,284
2009-09-05,292
2009-09-05,292
2009-09-05,290
2009-09-05,294
2009-09-06,301
2009-09-06,301
2009-09-06,302
2009-09-06,300
2009-09-07,299
2009-09-07,299
2009-09-07,298
2009-09-07,300
2009-09-08,300
2009-09-08,300
2009-09-08,302
2009-09-08,298
2009-09-09,298.5
2009-09-09,298
2009-09-09,300
2009-09-09,297
2009-09-10,294.5
2009-09-10,294
2009-09-10,294
2009-09-10,295
2009-09-11,281
2009-09-11,281
2009-09-11,282
2009-09-11,280
2009-09-12,276
2009-09-12,276
2009-09-12,278
2009-09-12,274
2009-09-13,270
2009-09-13,270
2009-09-13,270
2009-09-13,270
2009-09-14,266
2009-09-14,266
2009-09-14,268
2009-09-14,264
2009-09-15,268
2009-09-15,268
2009-09-15,270
2009-09-15,266
2009-09-16,261
2009-09-16,261
2009-09-16,262
2009-09-16,260
2009-09-17,255.5
2009-09-17,256
2009-09-17,257
2009-09-17,254
2009-09-18,251
2009-09-18,251
2009-09-18,250
2009-09-18,252
2009-09-19,269
2009-09-19,269
2009-09-19,270
2009-09-19,268
2009-09-20,277
2009-09-20,277
2009-09-20,276
2009-09-20,278
2009-09-21,281
2009-09-21,281
2009-09-21,282
2009-09-21,280
2009-09-22,281
2009-09-22,281
2009-09-22,282
2009-09-22,280
2009-09-23,277
2009-09-23,277
2009-09-23,278
2009-09-23,276
2009-09-24,268
2009-09-24,268
2009-09-24,270
2009-09-24,266
2009-09-25,259.5
2009-09-25,260
2009-09-25,260
2009-09-25,259
2009-09-26,254
2009-09-26,254
2009-09-26,258
2009-09-26,250
2009-09-27,250
2009-09-27,250
2009-09-27,252
2009-09-27,248
2009-09-28,248
2009-09-28,248
2009-09-28,250
2009-09-28,246
2009-09-29,241
2009-09-29,241
2009-09-29,242
2009-09-29,240
2009-09-30,247
2009-09-30,247
2009-09-30,250
2009-09-30,244
2009-10-01,230
2009-10-01,230
2009-10-01,240
2009-10-01,220
2009-10-02,218
2009-10-02,218
2009-10-02,226
2009-10-02,210
2009-10-03,207
2009-10-03,207
2009-10-03,202
2009-10-03,212
2009-10-04,225
2009-10-04,225
2009-10-04,220
2009-10-04,230
2009-10-05,237.5
2009-10-05,238
2009-10-05,235
2009-10-05,240
2009-10-06,245
2009-10-06,245
2009-10-06,240
2009-10-06,250
2009-10-07,258
2009-10-07,258
2009-10-07,256
2009-10-07,260
2009-10-08,242
2009-10-08,242
2009-10-08,240
2009-10-08,244
2009-10-09,237
2009-10-09,237
2009-10-09,238
2009-10-09,236
2009-10-10,231
2009-10-10,231
2009-10-10,230
2009-10-10,232
2009-10-11,228.5
2009-10-11,228
2009-10-11,231
2009-10-11,226
2009-10-12,216
2009-10-12,216
2009-10-12,220
2009-10-12,212
2009-10-13,205
2009-10-13,205
2009-10-13,208
2009-10-13,202
2009-10-14,195
2009-10-14,195
2009-10-14,196
2009-10-14,194
2009-10-15,191
2009-10-15,191
2009-10-15,192
2009-10-15,190
2009-10-16,189
2009-10-16,189
2009-10-16,190
2009-10-16,188
2009-10-17,201
2009-10-17,201
2009-10-17,198
2009-10-17,204
2009-10-18,204
2009-10-18,204
2009-10-18,206
2009-10-18,202
2009-10-19,199
2009-10-19,199
2009-10-19,200
2009-10-19,198
2009-10-20,201
2009-10-20,201
2009-10-20,198
2009-10-20,204
2009-10-21,209
2009-10-21,209
2009-10-21,208
2009-10-21,210
2009-10-22,213
2009-10-22,213
2009-10-22,212
2009-10-22,214
2009-10-23,204
2009-10-23,204
2009-10-23,210
2009-10-23,198
2009-10-24,184
2009-10-24,184
2009-10-24,188
2009-10-24,180
2009-10-25,175
2009-10-25,175
2009-10-25,178
2009-10-25,172
2009-10-26,167
2009-10-26,167
2009-10-26,170
2009-10-26,164
2009-10-27,162
2009-10-27,162
2009-10-27,164
2009-10-27,160
2009-10-28,163
2009-10-28,163
2009-10-28,162
2009-10-28,164
2009-10-29,159
2009-10-29,159
2009-10-29,160
2009-10-29,158
2009-10-30,160
2009-10-30,160
2009-10-30,160
2009-10-30,160
2009-10-31,157
2009-10-31,157
2009-10-31,156
2009-10-31,158
2009-11-01,153
2009-11-01,153
2009-11-01,152
2009-11-01,154
2009-11-02,149
2009-11-02,149
2009-11-02,150
2009-11-02,148
2009-11-03,151
2009-11-03,151
2009-11-03,150
2009-11-03,152
2009-11-04,161
2009-11-04,161
2009-11-04,160
2009-11-04,162
2009-11-05,166
2009-11-05,166
2009-11-05,164
2009-11-05,168
2009-11-06,171
2009-11-06,171
2009-11-06,170
2009-11-06,172
2009-11-07,174
2009-11-07,174
2009-11-07,172
2009-11-07,176
2009-11-08,175
2009-11-08,175
2009-11-08,176
2009-11-08,174
2009-11-09,171
2009-11-09,171
2009-11-09,170
2009-11-09,172
2009-11-10,167
2009-11-10,167
2009-11-10,168
2009-11-10,166
2009-11-11,162
2009-11-11,162
2009-11-11,164
2009-11-11,160
2009-11-12,160
2009-11-12,160
2009-11-12,162
2009-11-12,158
2009-11-13,160
2009-11-13,160
2009-11-13,160
2009-11-13,160
2009-11-14,165
2009-11-14,165
2009-11-14,164
2009-11-14,166
2009-11-15,169
2009-11-15,169
2009-11-15,170
2009-11-15,168
2009-11-16,167
2009-11-16,167
2009-11-16,168
2009-11-16,166
2009-11-17,178
2009-11-17,178
2009-11-17,176
2009-11-17,180
2009-11-18,187
2009-11-18,187
2009-11-18,184
2009-11-18,190
2009-11-19,187
2009-11-19,187
2009-11-19,186
2009-11-19,188
2009-11-20,191
2009-11-20,191
2009-11-20,192
2009-11-20,190
2009-11-21,191.5
2009-11-21,192
2009-11-21,193
2009-11-21,190
2009-11-22,184
2009-11-22,184
2009-11-22,188
2009-11-22,180
2009-11-23,172
2009-11-23,172
2009-11-23,174
2009-11-23,170
2009-11-24,156
2009-11-24,156
2009-11-24,160
2009-11-24,152
2009-11-25,143
2009-11-25,143
2009-11-25,146
2009-11-25,140
2009-11-26,137
2009-11-26,137
2009-11-26,138
2009-11-26,136
2009-11-27,131
2009-11-27,131
2009-11-27,130
2009-11-27,132
2009-11-28,133
2009-11-28,133
2009-11-28,130
2009-11-28,136
2009-11-29,141
2009-11-29,141
2009-11-29,140
2009-11-29,142
2009-11-30,154
2009-11-30,154
2009-11-30,148
2009-11-30,160
2009-12-01,156
2009-12-01,156
2009-12-01,152
2009-12-01,160
2009-12-02,163
2009-12-02,163
2009-12-02,164
2009-12-02,162
2009-12-03,159
2009-12-03,159
2009-12-03,160
2009-12-03,158
2009-12-04,170
2009-12-04,170
2009-12-04,168
2009-12-04,172
2009-12-05,181
2009-12-05,181
2009-12-05,180
2009-12-05,182
2009-12-06,174
2009-12-06,174
2009-12-06,178
2009-12-06,170
2009-12-07,162
2009-12-07,162
2009-12-07,164
2009-12-07,160
2009-12-08,155
2009-12-08,155
2009-12-08,156
2009-12-08,154
2009-12-09,151
2009-12-09,151
2009-12-09,150
2009-12-09,152
2009-12-10,151
2009-12-10,151
2009-12-10,152
2009-12-10,150
2009-12-11,150
2009-12-11,150
2009-12-11,150
2009-12-11,150
2009-12-12,152
2009-12-12,152
2009-12-12,152
2009-12-12,152
2009-12-13,148
2009-12-13,148
2009-12-13,148
2009-12-13,148
2009-12-14,157
2009-12-14,157
2009-12-14,156
2009-12-14,158
2009-12-15,161
2009-12-15,161
2009-12-15,160
2009-12-15,162
2009-12-16,174
2009-12-16,174
2009-12-16,172
2009-12-16,176
2009-12-17,181
2009-12-17,181
2009-12-17,180
2009-12-17,182
2009-12-18,191
2009-12-18,191
2009-12-18,190
2009-12-18,192
2009-12-19,193
2009-12-19,193
2009-12-19,194
2009-12-19,192
2009-12-20,200.5
2009-12-20,200
2009-12-20,201
2009-12-20,200
2009-12-21,204
2009-12-21,204
2009-12-21,206
2009-12-21,202
2009-12-22,205
2009-12-22,205
2009-12-22,204
2009-12-22,206
2009-12-23,199
2009-12-23,199
2009-12-23,200
2009-12-23,198
2009-12-24,198.5
2009-12-24,198
2009-12-24,201
2009-12-24,196
2009-12-25,178
2009-12-25,178
2009-12-25,180
2009-12-25,176
2009-12-26,175
2009-12-26,175
2009-12-26,178
2009-12-26,172
2009-12-27,181
2009-12-27,181
2009-12-27,180
2009-12-27,182
2009-12-28,182
2009-12-28,182
2009-12-28,184
2009-12-28,180
2009-12-29,175
2009-12-29,175
2009-12-29,176
2009-12-29,174
2009-12-30,198
2009-12-30,198
2009-12-30,190
2009-12-30,206
2009-12-31,209
2009-12-31,209
2009-12-31,210
2009-12-31,208
2010-01-01,203
2010-01-01,203
2010-01-01,202
2010-01-01,204
2010-01-02,205
2010-01-02,205
2010-01-02,200
2010-01-02,210
2010-01-03,215
2010-01-03,215
2010-01-03,212
2010-01-03,218
2010-01-04,226
2010-01-04,226
2010-01-04,222
2010-01-04,230
2010-01-05,223
2010-01-05,223
2010-01-05,226
2010-01-05,220
2010-01-06,224
2010-01-06,224
2010-01-06,222
2010-01-06,226
2010-01-07,229
2010-01-07,229
2010-01-07,230
2010-01-07,228
2010-01-08,228.5
2010-01-08,228
2010-01-08,231
2010-01-08,226
2010-01-09,234
2010-01-09,234
2010-01-09,232
2010-01-09,236
2010-01-10,240
2010-01-10,240
2010-01-10,238
2010-01-10,242
2010-01-11,247
2010-01-11,247
2010-01-11,244
2010-01-11,250
2010-01-12,244
2010-01-12,244
2010-01-12,248
2010-01-12,240
2010-01-13,237
2010-01-13,237
2010-01-13,236
2010-01-13,238
2010-01-14,232
2010-01-14,232
2010-01-14,234
2010-01-14,230
2010-01-15,237
2010-01-15,237
2010-01-15,232
2010-01-15,242
2010-01-16,259
2010-01-16,259
2010-01-16,260
2010-01-16,258
2010-01-17,258
2010-01-17,258
2010-01-17,256
2010-01-17,260
2010-01-18,261.5
2010-01-18,262
2010-01-18,261
2010-01-18,262
2010-01-19,262
2010-01-19,262
2010-01-19,264
2010-01-19,260
2010-01-20,260
2010-01-20,260
2010-01-20,258
2010-01-20,262
2010-01-21,260
2010-01-21,260
2010-01-21,264
2010-01-21,256
2010-01-22,255
2010-01-22,255
2010-01-22,250
2010-01-22,260
2010-01-23,263
2010-01-23,263
2010-01-23,262
2010-01-23,264
2010-01-24,265
2010-01-24,265
2010-01-24,268
2010-01-24,262
2010-01-25,257
2010-01-25,257
2010-01-25,258
2010-01-25,256
2010-01-26,255
2010-01-26,255
2010-01-26,256
2010-01-26,254
2010-01-27,251
2010-01-27,251
2010-01-27,250
2010-01-27,252
2010-01-28,249
2010-01-28,249
2010-01-28,248
2010-01-28,250
2010-01-29,257
2010-01-29,257
2010-01-29,246
2010-01-29,268
2010-01-30,273
2010-01-30,273
2010-01-30,272
2010-01-30,274
2010-01-31,277
2010-01-31,277
2010-01-31,276
2010-01-31,278
2010-02-01,279
2010-02-01,279
2010-02-01,278
2010-02-01,280
2010-02-02,280
2010-02-02,280
2010-02-02,282
2010-02-02,278
2010-02-03,274
2010-02-03,274
2010-02-03,276
2010-02-03,272
2010-02-04,287
2010-02-04,287
2010-02-04,284
2010-02-04,290
2010-02-05,299
2010-02-05,299
2010-02-05,296
2010-02-05,302
2010-02-06,310
2010-02-06,310
2010-02-06,308
2010-02-06,312
2010-02-07,295.5
2010-02-07,296
2010-02-07,301
2010-02-07,290
2010-02-08,280
2010-02-08,280
2010-02-08,284
2010-02-08,276
2010-02-09,273
2010-02-09,273
2010-02-09,272
2010-02-09,274
2010-02-10,281
2010-02-10,281
2010-02-10,280
2010-02-10,282
2010-02-11,283
2010-02-11,283
2010-02-11,286
2010-02-11,280
2010-02-12,288
2010-02-12,288
2010-02-12,290
2010-02-12,286
2010-02-13,289
2010-02-13,289
2010-02-13,288
2010-02-13,290
2010-02-14,293
2010-02-14,293
2010-02-14,292
2010-02-14,294
2010-02-15,309
2010-02-15,309
2010-02-15,306
2010-02-15,312
2010-02-16,321
2010-02-16,321
2010-02-16,320
2010-02-16,322
2010-02-17,331
2010-02-17,331
2010-02-17,330
2010-02-17,332
2010-02-18,339
2010-02-18,339
2010-02-18,338
2010-02-18,340
2010-02-19,336
2010-02-19,336
2010-02-19,334
2010-02-19,338
2010-02-20,338
2010-02-20,338
2010-02-20,340
2010-02-20,336
2010-02-21,320
2010-02-21,320
2010-02-21,322
2010-02-21,318
2010-02-22,302
2010-02-22,302
2010-02-22,306
2010-02-22,298
2010-02-23,293
2010-02-23,293
2010-02-23,294
2010-02-23,292
2010-02-24,292
2010-02-24,292
2010-02-24,290
2010-02-24,294
2010-02-25,298
2010-02-25,298
2010-02-25,298
2010-02-25,298
2010-02-26,294
2010-02-26,294
2010-02-26,292
2010-02-26,296
2010-02-27,301.5
2010-02-27,302
2010-02-27,300
2010-02-27,303
2010-02-28,308
2010-02-28,308
2010-02-28,306
2010-02-28,310
2010-03-01,307
2010-03-01,307
2010-03-01,308
2010-03-01,306
2010-03-02,311.5
2010-03-02,312
2010-03-02,310
2010-03-02,313
2010-03-03,313
2010-03-03,313
2010-03-03,314
2010-03-03,312
2010-03-04,326
2010-03-04,326
2010-03-04,322
2010-03-04,330
2010-03-05,339
2010-03-05,339
2010-03-05,336
2010-03-05,342
2010-03-06,337
2010-03-06,337
2010-03-06,336
2010-03-06,338
2010-03-07,334.5
2010-03-07,334
2010-03-07,333
2010-03-07,336
2010-03-08,341
2010-03-08,341
2010-03-08,340
2010-03-08,342
2010-03-09,339
2010-03-09,339
2010-03-09,338
2010-03-09,340
2010-03-10,343
2010-03-10,343
2010-03-10,340
2010-03-10,346
2010-03-11,346
2010-03-11,346
2010-03-11,344
2010-03-11,348
2010-03-12,342
2010-03-12,342
2010-03-12,346
2010-03-12,338
2010-03-13,327
2010-03-13,327
2010-03-13,330
2010-03-13,324
2010-03-14,311
2010-03-14,311
2010-03-14,314
2010-03-14,308
2010-03-15,323
2010-03-15,323
2010-03-15,320
2010-03-15,326
2010-03-16,336
2010-03-16,336
2010-03-16,332
2010-03-16,340
2010-03-17,349
2010-03-17,349
2010-03-17,346
2010-03-17,352
2010-03-18,354.5
2010-03-18,354
2010-03-18,354
2010-03-18,355
2010-03-19,344
2010-03-19,344
2010-03-19,348
2010-03-19,340
2010-03-20,340
2010-03-20,340
2010-03-20,342
2010-03-20,338
2010-03-21,341
2010-03-21,341
2010-03-21,340
2010-03-21,342
2010-03-22,343
2010-03-22,343
2010-03-22,348
2010-03-22,338
2010-03-23,326
2010-03-23,326
2010-03-23,330
2010-03-23,322
2010-03-24,325
2010-03-24,325
2010-03-24,328
2010-03-24,322
2010-03-25,319
2010-03-25,319
2010-03-25,320
2010-03-25,318
2010-03-26,316.5
2010-03-26,316
2010-03-26,318
2010-03-26,315
2010-03-27,316
2010-03-27,316
2010-03-27,310
2010-03-27,322
2010-03-28,331.5
2010-03-28,332
2010-03-28,330
2010-03-28,333
2010-03-29,336
2010-03-29,336
2010-03-29,334
2010-03-29,338
2010-03-30,347
2010-03-30,347
2010-03-30,344
2010-03-30,350
2010-03-31,355
2010-03-31,355
2010-03-31,352
2010-03-31,358
2010-04-01,364
2010-04-01,364
2010-04-01,362
2010-04-01,366
2010-04-02,365
2010-04-02,365
2010-04-02,368
2010-04-02,362
2010-04-03,359
2010-04-03,359
2010-04-03,358
2010-04-03,360
2010-04-04,355.5
2010-04-04,356
2010-04-04,353
2010-04-04,358
2010-04-05,356
2010-04-05,356
2010-04-05,360
2010-04-05,352
2010-04-06,339
2010-04-06,339
2010-04-06,342
2010-04-06,336
2010-04-07,332
2010-04-07,332
2010-04-07,330
2010-04-07,334
2010-04-08,329
2010-04-08,329
2010-04-08,328
2010-04-08,330
2010-04-09,327
2010-04-09,327
2010-04-09,326
2010-04-09,328
2010-04-10,333
2010-04-10,333
2010-04-10,332
2010-04-10,334
2010-04-11,331
2010-04-11,331
2010-04-11,330
2010-04-11,332
2010-04-12,338
2010-04-12,338
2010-04-12,336
2010-04-12,340
2010-04-13,341
2010-04-13,341
2010-04-13,338
2010-04-13,344
2010-04-14,355
2010-04-14,355
2010-04-14,352
2010-04-14,358
2010-04-15,363
2010-04-15,363
2010-04-15,362
2010-04-15,364
2010-04-16,367
2010-04-16,367
2010-04-16,366
2010-04-16,368
2010-04-17,368
2010-04-17,368
2010-04-17,370
2010-04-17,366
2010-04-18,382
2010-04-18,382
2010-04-18,380
2010-04-18,384
2010-04-19,391
2010-04-19,391
2010-04-19,388
2010-04-19,394
2010-04-20,395
2010-04-20,395
2010-04-20,392
2010-04-20,398
2010-04-21,402.5
2010-04-21,403
2010-04-21,401
2010-04-21,404
2010-04-22,406
2010-04-22,406
2010-04-22,406
2010-04-22,406
2010-04-23,412.5
2010-04-23,412
2010-04-23,410
2010-04-23,415
2010-04-24,416
2010-04-24,416
2010-04-24,412
2010-04-24,420
2010-04-25,422
2010-04-25,422
2010-04-25,418
2010-04-25,426
2010-04-26,414
2010-04-26,414
2010-04-26,416
2010-04-26,412
2010-04-27,391
2010-04-27,391
2010-04-27,392
2010-04-27,390
2010-04-28,403
2010-04-28,403
2010-04-28,400
2010-04-28,406
2010-04-29,400
2010-04-29,400
2010-04-29,398
2010-04-29,402
2010-04-30,405
2010-04-30,405
2010-04-30,404
2010-04-30,406
2010-05-01,403
2010-05-01,403
2010-05-01,408
2010-05-01,398
2010-05-02,393
2010-05-02,393
2010-05-02,396
2010-05-02,390
2010-05-03,386
2010-05-03,386
2010-05-03,394
2010-05-03,378
2010-05-04,382
2010-05-04,382
2010-05-04,384
2010-05-04,380
2010-05-05,383
2010-05-05,383
2010-05-05,382
2010-05-05,384
2010-05-06,370
2010-05-06,370
2010-05-06,372
2010-05-06,368
2010-05-07,363
2010-05-07,363
2010-05-07,362
2010-05-07,364
2010-05-08,369
2010-05-08,369
2010-05-08,368
2010-05-08,370
2010-05-09,376.5
2010-05-09,376
2010-05-09,374
2010-05-09,379
2010-05-10,364
2010-05-10,364
2010-05-10,368
2010-05-10,360
2010-05-11,351
2010-05-11,351
2010-05-11,352
2010-05-11,350
2010-05-12,357
2010-05-12,357
2010-05-12,356
2010-05-12,358
2010-05-13,351
2010-05-13,351
2010-05-13,354
2010-05-13,348
2010-05-14,360
2010-05-14,360
2010-05-14,358
2010-05-14,362
2010-05-15,367
2010-05-15,367
2010-05-15,366
2010-05-15,368
2010-05-16,367
2010-05-16,367
2010-05-16,364
2010-05-16,370
2010-05-17,371
2010-05-17,371
2010-05-17,374
2010-05-17,368
2010-05-18,358
2010-05-18,358
2010-05-18,360
2010-05-18,356
2010-05-19,352
2010-05-19,352
2010-05-19,352
2010-05-19,352
2010-05-20,349
2010-05-20,349
2010-05-20,350
2010-05-20,348
2010-05-21,349
2010-05-21,349
2010-05-21,348
2010-05-21,350
2010-05-22,356
2010-05-22,356
2010-05-22,354
2010-05-22,358
2010-05-23,358
2010-05-23,358
2010-05-23,360
2010-05-23,356
2010-05-24,360
2010-05-24,360
2010-05-24,362
2010-05-24,358
2010-05-25,355
2010-05-25,355
2010-05-25,354
2010-05-25,356
2010-05-26,361
2010-05-26,361
2010-05-26,360
2010-05-26,362
2010-05-27,358
2010-05-27,358
2010-05-27,356
2010-05-27,360
2010-05-28,362.5
2010-05-28,362
2010-05-28,363
2010-05-28,362
2010-05-29,367
2010-05-29,367
2010-05-29,364
2010-05-29,370
2010-05-30,363
2010-05-30,363
2010-05-30,366
2010-05-30,360
2010-05-31,365
2010-05-31,365
2010-05-31,362
2010-05-31,368
2010-06-01,350
2010-06-01,350
2010-06-01,352
2010-06-01,348
2010-06-02,345
2010-06-02,345
2010-06-02,344
2010-06-02,346
2010-06-03,348.5
2010-06-03,348
2010-06-03,349
2010-06-03,348
2010-06-04,351
2010-06-04,351
2010-06-04,350
2010-06-04,352
2010-06-05,346
2010-06-05,346
2010-06-05,344
2010-06-05,348
2010-06-06,337
2010-06-06,337
2010-06-06,338
2010-06-06,336
2010-06-07,329
2010-06-07,329
2010-06-07,330
2010-06-07,328
2010-06-08,330.5
2010-06-08,330
2010-06-08,332
2010-06-08,329
2010-06-09,329
2010-06-09,329
2010-06-09,330
2010-06-09,328
2010-06-10,325
2010-06-10,325
2010-06-10,326
2010-06-10,324
2010-06-11,321
2010-06-11,321
2010-06-11,320
2010-06-11,322
2010-06-12,324
2010-06-12,324
2010-06-12,322
2010-06-12,326
2010-06-13,326
2010-06-13,326
2010-06-13,328
2010-06-13,324
2010-06-14,319
2010-06-14,319
2010-06-14,320
2010-06-14,318
2010-06-15,319
2010-06-15,319
2010-06-15,318
2010-06-15,320
2010-06-16,317
2010-06-16,317
2010-06-16,316
2010-06-16,318
2010-06-17,313
2010-06-17,313
2010-06-17,312
2010-06-17,314
2010-06-18,317
2010-06-18,317
2010-06-18,316
2010-06-18,318
2010-06-19,319.5
2010-06-19,320
2010-06-19,319
2010-06-19,320
2010-06-20,320
2010-06-20,320
2010-06-20,322
2010-06-20,318
2010-06-21,319
2010-06-21,319
2010-06-21,316
2010-06-21,322
2010-06-22,322
2010-06-22,322
2010-06-22,324
2010-06-22,320
2010-06-23,320
2010-06-23,320
2010-06-23,322
2010-06-23,318
2010-06-24,315.5
2010-06-24,316
2010-06-24,316
2010-06-24,315
2010-06-25,311
2010-06-25,311
2010-06-25,310
2010-06-25,312
2010-06-26,312
2010-06-26,312
2010-06-26,314
2010-06-26,310
2010-06-27,311
2010-06-27,311
2010-06-27,310
2010-06-27,312
2010-06-28,307
2010-06-28,307
2010-06-28,308
2010-06-28,306
2010-06-29,303
2010-06-29,303
2010-06-29,302
2010-06-29,304
2010-06-30,303
2010-06-30,303
2010-06-30,306
2010-06-30,300
2010-07-01,303
2010-07-01,303
2010-07-01,302
2010-07-01,304
2010-07-02,301
2010-07-02,301
2010-07-02,300
2010-07-02,302
2010-07-03,301
2010-07-03,301
2010-07-03,302
2010-07-03,300
2010-07-04,297.5
2010-07-04,298
2010-07-04,298
2010-07-04,297
2010-07-05,301
2010-07-05,301
2010-07-05,300
2010-07-05,302
2010-07-06,297
2010-07-06,297
2010-07-06,298
2010-07-06,296
2010-07-07,294.5
2010-07-07,294
2010-07-07,294
2010-07-07,295
2010-07-08,293.5
2010-07-08,294
2010-07-08,293
2010-07-08,294
2010-07-09,291
2010-07-09,291
2010-07-09,292
2010-07-09,290
2010-07-10,291
2010-07-10,291
2010-07-10,290
2010-07-10,292
2010-07-11,288
2010-07-11,288
2010-07-11,286
2010-07-11,290
2010-07-12,290
2010-07-12,290
2010-07-12,292
2010-07-12,288
2010-07-13,288
2010-07-13,288
2010-07-13,290
2010-07-13,286
2010-07-14,281
2010-07-14,281
2010-07-14,280
2010-07-14,282
2010-07-15,280.5
2010-07-15,280
2010-07-15,281
2010-07-15,280
2010-07-16,280
2010-07-16,280
2010-07-16,282
2010-07-16,278
2010-07-17,277
2010-07-17,277
2010-07-17,278
2010-07-17,276
2010-07-18,274.5
2010-07-18,274
2010-07-18,276
2010-07-18,273
2010-07-19,271
2010-07-19,271
2010-07-19,270
2010-07-19,272
2010-07-20,269.5
2010-07-20,270
2010-07-20,271
2010-07-20,268
2010-07-21,271
2010-07-21,271
2010-07-21,270
2010-07-21,272
2010-07-22,267
2010-07-22,267
2010-07-22,268
2010-07-22,266
2010-07-23,261
2010-07-23,261
2010-07-23,260
2010-07-23,262
2010-07-24,261
2010-07-24,261
2010-07-24,262
2010-07-24,260
2010-07-25,258.5
2010-07-25,258
2010-07-25,258
2010-07-25,259
2010-07-26,259
2010-07-26,259
2010-07-26,258
2010-07-26,260
2010-07-27,253.5
2010-07-27,254
2010-07-27,255
2010-07-27,252
2010-07-28,249
2010-07-28,249
2010-07-28,250
2010-07-28,248
2010-07-29,247
2010-07-29,247
2010-07-29,248
2010-07-29,246
2010-07-30,315
2010-07-30,249
2010-07-30,246
2010-07-30,384
2010-07-31,375
2010-07-31,250
2010-07-31,376
2010-07-31,374
2010-08-01,373
2010-08-01,248
2010-08-01,372
2010-08-01,374
2010-08-02,370
2010-08-02,245
2010-08-02,368
2010-08-02,372
2010-08-03,368.5
2010-08-03,243
2010-08-03,366
2010-08-03,371
2010-08-04,367.5
2010-08-04,243
2010-08-04,365
2010-08-04,370
2010-08-05,364.5
2010-08-05,239
2010-08-05,362
2010-08-05,367
2010-08-06,362.5
2010-08-06,237
2010-08-06,357
2010-08-06,368
2010-08-07,371
2010-08-07,246
2010-08-07,365
2010-08-07,377
2010-08-08,383.5
2010-08-08,259
2010-08-08,381
2010-08-08,386
2010-08-09,382.5
2010-08-09,257
2010-08-09,390
2010-08-09,375
2010-08-10,384
2010-08-10,259
2010-08-10,392
2010-08-10,376
2010-08-11,384.5
2010-08-11,259
2010-08-11,386
2010-08-11,383
2010-08-12,390
2010-08-12,265
2010-08-12,386
2010-08-12,394
2010-08-13,389
2010-08-13,264
2010-08-13,385
2010-08-13,393
2010-08-14,376.5
2010-08-14,251
2010-08-14,377
2010-08-14,376
2010-08-15,374.5
2010-08-15,249
2010-08-15,375
2010-08-15,374
2010-08-16,372
2010-08-16,247
2010-08-16,371
2010-08-16,373
2010-10-24,230
2010-10-25,225
2010-10-25,100
2010-10-25,221
2010-10-25,229
2010-10-26,220
2010-10-26,95
2010-10-26,217
2010-10-26,223
2010-10-27,217.5
2010-10-27,92
2010-10-27,214
2010-10-27,221
2010-10-28,113.5
2010-10-28,114
2010-10-28,111
2010-10-28,116
2010-10-29,118
2010-10-29,118
2010-10-29,113
2010-10-29,123
2010-10-30,121.5
2010-10-30,122
2010-10-30,121
2010-10-30,122
2010-10-31,127
2010-10-31,127
2010-10-31,118
2010-10-31,136
2010-11-01,137.5
2010-11-01,138
2010-11-01,133
2010-11-01,142
2010-11-02,140
2010-11-02,140
2010-11-02,139
2010-11-02,141
2010-11-03,141.5
2010-11-03,142
2010-11-03,147
2010-11-03,136
2010-11-04,145.5
2010-11-04,146
2010-11-04,157
2010-11-04,134
2010-11-05,164
2010-11-05,164
2010-11-05,166
2010-11-05,162
2010-11-06,146.5
2010-11-06,146
2010-11-06,156
2010-11-06,137
2010-11-07,139
2010-11-07,139
2010-11-07,138
2010-11-07,140
2010-11-08,132
2010-11-08,132
2010-11-08,128
2010-11-08,136
2010-11-09,127.5
2010-11-09,127
2010-11-09,123
2010-11-09,132
2010-11-10,130.5
2010-11-10,130
2010-11-10,127
2010-11-10,134
2010-11-11,127
2010-11-11,127
2010-11-11,126
2010-11-11,128
2010-11-12,119.5
2010-11-12,120
2010-11-12,115
2010-11-12,124
2010-11-13,116
2010-11-13,116
2010-11-13,110
2010-11-13,122
2010-11-14,112
2010-11-14,112
2010-11-14,106
2010-11-14,118
2010-11-15,113
2010-11-15,113
2010-11-15,107
2010-11-15,119
2010-11-16,118.5
2010-11-16,118
2010-11-16,114
2010-11-16,123
2010-11-17,125.5
2010-11-17,125
2010-11-17,124
2010-11-17,127
2010-11-18,120
2010-11-18,120
2010-11-18,130
2010-11-18,110
2010-11-19,128.5
2010-11-19,128
2010-11-19,129
2010-11-19,128
2010-11-20,125
2010-11-20,125
2010-11-20,136
2010-11-20,114
2010-11-21,136
2010-11-21,136
2010-11-21,145
2010-11-21,127
2010-11-22,139
2010-11-22,139
2010-11-22,149
2010-11-22,129
2010-11-23,133.5
2010-11-23,134
2010-11-23,133
2010-11-23,134
2010-11-24,135
2010-11-24,135
2010-11-24,130
2010-11-24,140
2010-11-25,139
2010-11-25,139
2010-11-25,134
2010-11-25,144
2010-11-26,144.5
2010-11-26,144
2010-11-26,141
2010-11-26,148
2010-11-27,156
2010-11-27,156
2010-11-27,168
2010-11-27,144
2010-11-28,142.5
2010-11-28,142
2010-11-28,140
2010-11-28,145
2010-11-29,144.5
2010-11-29,144
2010-11-29,140
2010-11-29,149
2010-11-30,152
2010-11-30,152
2010-11-30,145
2010-11-30,159
2010-12-01,161.5
2010-12-01,162
2010-12-01,155
2010-12-01,168
2010-12-02,167
2010-12-02,167
2010-12-02,164
2010-12-02,170
2010-12-03,165.5
2010-12-03,166
2010-12-03,166
2010-12-03,165
2010-12-04,160.5
2010-12-04,160
2010-12-04,171
2010-12-04,150
2010-12-05,168
2010-12-05,168
2010-12-05,178
2010-12-05,158
2010-12-06,166
2010-12-06,166
2010-12-06,172
2010-12-06,160
2010-12-07,159
2010-12-07,159
2010-12-07,157
2010-12-07,161
2010-12-08,158
2010-12-08,158
2010-12-08,152
2010-12-08,164
2010-12-09,158
2010-12-09,158
2010-12-09,154
2010-12-09,162
2010-12-10,156.5
2010-12-10,156
2010-12-10,156
2010-12-10,157
2010-12-11,155.5
2010-12-11,156
2010-12-11,157
2010-12-11,154
2010-12-12,150.5
2010-12-12,150
2010-12-12,149
2010-12-12,152
2010-12-13,148.5
2010-12-13,148
2010-12-13,146
2010-12-13,151
2010-12-14,145.5
2010-12-14,146
2010-12-14,142
2010-12-14,149
2010-12-15,146.5
2010-12-15,146
2010-12-15,140
2010-12-15,153
2010-12-16,156
2010-12-16,156
2010-12-16,146
2010-12-16,166
2010-12-17,153.5
2010-12-17,154
2010-12-17,155
2010-12-17,152
2010-12-18,147.5
2010-12-18,148
2010-12-18,147
2010-12-18,148
2010-12-19,144
2010-12-19,144
2010-12-19,156
2010-12-19,132
2010-12-20,162
2010-12-20,162
2010-12-20,172
2010-12-20,152
2010-12-21,179
2010-12-21,179
2010-12-21,190
2010-12-21,168
2010-12-22,181.5
2010-12-22,182
2010-12-22,188
2010-12-22,175
2010-12-23,178
2010-12-23,178
2010-12-23,174
2010-12-23,182
2010-12-24,186
2010-12-24,186
2010-12-24,179
2010-12-24,193
2010-12-25,184
2010-12-25,184
2010-12-25,185
2010-12-25,183
2010-12-26,188.5
2010-12-26,188
2010-12-26,187
2010-12-26,190
2010-12-27,196.5
2010-12-27,196
2010-12-27,194
2010-12-27,199
2010-12-28,196
2010-12-28,196
2010-12-28,194
2010-12-28,198
2010-12-29,193
2010-12-29,193
2010-12-29,190
2010-12-29,196
2010-12-30,193.5
2010-12-30,194
2010-12-30,188
2010-12-30,199
2010-12-31,190
2010-12-31,190
2010-12-31,192
2010-12-31,188
2011-01-01,198.5
2011-01-01,198
2011-01-01,199
2011-01-01,198
2011-01-02,204.5
2011-01-02,204
2011-01-02,202
2011-01-02,207
2011-01-03,194
2011-01-03,194
2011-01-03,206
2011-01-03,182
2011-01-04,200
2011-01-04,200
2011-01-04,213
2011-01-04,187
2011-01-05,199
2011-01-05,199
2011-01-05,202
2011-01-05,196
2011-01-06,201.5
2011-01-06,202
2011-01-06,197
2011-01-06,206
2011-01-07,199
2011-01-07,199
2011-01-07,196
2011-01-07,202
2011-01-08,196.5
2011-01-08,196
2011-01-08,194
2011-01-08,199
2011-01-09,195
2011-01-09,195
2011-01-09,196
2011-01-09,194
2011-01-10,200.5
2011-01-10,200
2011-01-10,199
2011-01-10,202
2011-01-11,205.5
2011-01-11,206
2011-01-11,208
2011-01-11,203
2011-01-12,201.5
2011-01-12,202
2011-01-12,202
2011-01-12,201
2011-01-13,201
2011-01-13,201
2011-01-13,199
2011-01-13,203
2011-01-14,202.5
2011-01-14,202
2011-01-14,198
2011-01-14,207
2011-01-15,203
2011-01-15,203
2011-01-15,202
2011-01-15,204
2011-01-16,216.5
2011-01-16,216
2011-01-16,214
2011-01-16,219
2011-01-17,215.5
2011-01-17,215
2011-01-17,220
2011-01-17,211
2011-01-18,227
2011-01-18,227
2011-01-18,238
2011-01-18,216
2011-01-19,237.5
2011-01-19,238
2011-01-19,249
2011-01-19,226
2011-01-20,253.5
2011-01-20,254
2011-01-20,251
2011-01-20,256
2011-01-21,250
2011-01-21,250
2011-01-21,253
2011-01-21,247
2011-01-22,250.5
2011-01-22,250
2011-01-22,244
2011-01-22,257
2011-01-23,250
2011-01-23,250
2011-01-23,246
2011-01-23,254
2011-01-24,250
2011-01-24,250
2011-01-24,247
2011-01-24,253
2011-01-25,260
2011-01-25,260
2011-01-25,256
2011-01-25,264
2011-01-26,254.5
2011-01-26,254
2011-01-26,259
2011-01-26,250
2011-01-27,246.5
2011-01-27,246
2011-01-27,245
2011-01-27,248
2011-01-28,247
2011-01-28,247
2011-01-28,242
2011-01-28,252
2011-01-29,250.5
2011-01-29,250
2011-01-29,248
2011-01-29,253
2011-01-30,252.5
2011-01-30,252
2011-01-30,256
2011-01-30,249
2011-01-31,256.5
2011-01-31,256
2011-01-31,265
2011-01-31,248
2011-02-01,266
2011-02-01,266
2011-02-01,276
2011-02-01,256
2011-02-02,271
2011-02-02,271
2011-02-02,275
2011-02-02,267
2011-02-03,271
2011-02-03,271
2011-02-03,273
2011-02-03,269
2011-02-04,275
2011-02-04,275
2011-02-04,270
2011-02-04,280
2011-02-05,280
2011-02-05,280
2011-02-05,278
2011-02-05,282
2011-02-06,282.5
2011-02-06,282
2011-02-06,275
2011-02-06,290
2011-02-07,288
2011-02-07,288
2011-02-07,284
2011-02-07,292
2011-02-08,283
2011-02-08,283
2011-02-08,282
2011-02-08,284
2011-02-09,284.5
2011-02-09,284
2011-02-09,287
2011-02-09,282
2011-02-10,279.5
2011-02-10,280
2011-02-10,280
2011-02-10,279
2011-02-11,273.5
2011-02-11,274
2011-02-11,274
2011-02-11,273
2011-02-12,268.5
2011-02-12,268
2011-02-12,268
2011-02-12,269
2011-02-13,271
2011-02-13,271
2011-02-13,267
2011-02-13,275
2011-02-14,274.5
2011-02-14,274
2011-02-14,272
2011-02-14,277
2011-02-15,282
2011-02-15,282
2011-02-15,285
2011-02-15,279
2011-02-16,286
2011-02-16,286
2011-02-16,296
2011-02-16,276
2011-02-17,296.5
2011-02-17,296
2011-02-17,305
2011-02-17,288
2011-02-18,311
2011-02-18,311
2011-02-18,320
2011-02-18,302
2011-02-19,317.5
2011-02-19,318
2011-02-19,321
2011-02-19,314
2011-02-20,320.5
2011-02-20,320
2011-02-20,325
2011-02-20,316
2011-02-21,318
2011-02-21,318
2011-02-21,312
2011-02-21,324
2011-02-22,321
2011-02-22,321
2011-02-22,319
2011-02-22,323
2011-02-23,323.5
2011-02-23,324
2011-02-23,322
2011-02-23,325
2011-02-24,323.5
2011-02-24,324
2011-02-24,324
2011-02-24,323
2011-02-25,320
2011-02-25,320
2011-02-25,320
2011-02-25,320
2011-02-26,316.5
2011-02-26,316
2011-02-26,315
2011-02-26,318
2011-02-27,315.5
2011-02-27,316
2011-02-27,314
2011-02-27,317
2011-02-28,316.5
2011-02-28,316
2011-02-28,319
2011-02-28,314
2011-03-01,313.5
2011-03-01,314
2011-03-01,315
2011-03-01,312
2011-03-02,322
2011-03-02,322
2011-03-02,329
2011-03-02,315
2011-03-03,328
2011-03-03,328
2011-03-03,332
2011-03-03,324
2011-03-04,334.5
2011-03-04,334
2011-03-04,336
2011-03-04,333
2011-03-05,337.5
2011-03-05,338
2011-03-05,335
2011-03-05,340
2011-03-06,341
2011-03-06,341
2011-03-06,337
2011-03-06,345
2011-03-07,347
2011-03-07,347
2011-03-07,344
2011-03-07,350
2011-03-08,346
2011-03-08,346
2011-03-08,343
2011-03-08,349
2011-03-09,350
2011-03-09,350
2011-03-09,353
2011-03-09,347
2011-03-10,345
2011-03-10,345
2011-03-10,344
2011-03-10,346
2011-03-11,344
2011-03-11,344
2011-03-11,345
2011-03-11,343
2011-03-12,348
2011-03-12,348
2011-03-12,349
2011-03-12,347
2011-03-13,337.5
2011-03-13,338
2011-03-13,339
2011-03-13,336
2011-03-14,336
2011-03-14,336
2011-03-14,333
2011-03-14,339
2011-03-15,345
2011-03-15,345
2011-03-15,340
2011-03-15,350
2011-03-16,350.5
2011-03-16,350
2011-03-16,352
2011-03-16,349
2011-03-17,352.5
2011-03-17,352
2011-03-17,359
2011-03-17,346
2011-03-18,359
2011-03-18,359
2011-03-18,364
2011-03-18,354
2011-03-19,367.5
2011-03-19,368
2011-03-19,372
2011-03-19,363
2011-03-20,377
2011-03-20,377
2011-03-20,378
2011-03-20,376
2011-03-21,381.5
2011-03-21,382
2011-03-21,380
2011-03-21,383
2011-03-22,384
2011-03-22,384
2011-03-22,381
2011-03-22,387
2011-03-23,390
2011-03-23,390
2011-03-23,388
2011-03-23,392
2011-03-24,389.5
2011-03-24,390
2011-03-24,389
2011-03-24,390
2011-03-25,388.5
2011-03-25,388
2011-03-25,385
2011-03-25,392
2011-03-26,390
2011-03-26,390
2011-03-26,389
2011-03-26,391
2011-03-27,387
2011-03-27,387
2011-03-27,386
2011-03-27,388
2011-03-28,382
2011-03-28,382
2011-03-28,382
2011-03-28,382
2011-03-29,377.5
2011-03-29,378
2011-03-29,380
2011-03-29,375
2011-03-30,376.5
2011-03-30,376
2011-03-30,379
2011-03-30,374
2011-03-31,379.5
2011-03-31,380
2011-03-31,386
2011-03-31,373
2011-04-01,381
2011-04-01,381
2011-04-01,384
2011-04-01,378
2011-04-02,382
2011-04-02,382
2011-04-02,385
2011-04-02,379
2011-04-03,386.5
2011-04-03,386
2011-04-03,387
2011-04-03,386
2011-04-04,387.5
2011-04-04,388
2011-04-04,388
2011-04-04,387
2011-04-05,389.5
2011-04-05,390
2011-04-05,387
2011-04-05,392
2011-04-06,387
2011-04-06,387
2011-04-06,386
2011-04-06,388
2011-04-07,387.5
2011-04-07,388
2011-04-07,386
2011-04-07,389
2011-04-08,387
2011-04-08,387
2011-04-08,384
2011-04-08,390
2011-04-09,386
2011-04-09,386
2011-04-09,387
2011-04-09,385
2011-04-10,384.5
2011-04-10,384
2011-04-10,383
2011-04-10,386
2011-04-11,383.5
2011-04-11,384
2011-04-11,383
2011-04-11,384
2011-04-12,382
2011-04-12,382
2011-04-12,380
2011-04-12,384
2011-04-13,384.5
2011-04-13,384
2011-04-13,383
2011-04-13,386
2011-04-14,393
2011-04-14,393
2011-04-14,392
2011-04-14,394
2011-04-15,392
2011-04-15,392
2011-04-15,394
2011-04-15,390
2011-04-16,398
2011-04-16,398
2011-04-16,401
2011-04-16,395
2011-04-17,404.5
2011-04-17,404
2011-04-17,407
2011-04-17,402
2011-04-18,409
2011-04-18,409
2011-04-18,408
2011-04-18,410
2011-04-19,413
2011-04-19,413
2011-04-19,412
2011-04-19,414
2011-04-20,414
2011-04-20,414
2011-04-20,412
2011-04-20,416
2011-04-21,414.5
2011-04-21,414
2011-04-21,413
2011-04-21,416
2011-04-22,416
2011-04-22,416
2011-04-22,415
2011-04-22,417
2011-04-23,419
2011-04-23,419
2011-04-23,418
2011-04-23,420
2011-04-24,418.5
2011-04-24,418
2011-04-24,419
2011-04-24,418
2011-04-25,411.5
2011-04-25,412
2011-04-25,412
2011-04-25,411
2011-04-26,409.5
2011-04-26,410
2011-04-26,410
2011-04-26,409
2011-04-27,405.5
2011-04-27,406
2011-04-27,406
2011-04-27,405
2011-04-28,407.5
2011-04-28,408
2011-04-28,408
2011-04-28,407
2011-04-29,400.5
2011-04-29,400
2011-04-29,406
2011-04-29,395
2011-04-30,404
2011-04-30,404
2011-04-30,406
2011-04-30,402
2011-05-01,406
2011-05-01,406
2011-05-01,406
2011-05-01,406
2011-05-02,409
2011-05-02,409
2011-05-02,410
2011-05-02,408
2011-05-03,406.5
2011-05-03,407
2011-05-03,406
2011-05-03,407
2011-05-04,409
2011-05-04,409
2011-05-04,408
2011-05-04,410
2011-05-05,409.5
2011-05-05,410
2011-05-05,408
2011-05-05,411
2011-05-06,411.5
2011-05-06,412
2011-05-06,409
2011-05-06,414
2011-05-07,411
2011-05-07,411
2011-05-07,410
2011-05-07,412
2011-05-08,408
2011-05-08,408
2011-05-08,406
2011-05-08,410
2011-05-09,410
2011-05-09,410
2011-05-09,408
2011-05-09,412
2011-05-10,408.5
2011-05-10,408
2011-05-10,407
2011-05-10,410
2011-05-11,411
2011-05-11,411
2011-05-11,408
2011-05-11,414
2011-05-12,408.5
2011-05-12,408
2011-05-12,407
2011-05-12,410
2011-05-13,413
2011-05-13,413
2011-05-13,414
2011-05-13,412
2011-05-14,413
2011-05-14,413
2011-05-14,410
2011-05-14,416
2011-05-15,416.5
2011-05-15,416
2011-05-15,418
2011-05-15,415
2011-05-16,418
2011-05-16,418
2011-05-16,422
2011-05-16,414
2011-05-17,417.5
2011-05-17,418
2011-05-17,419
2011-05-17,416
2011-05-18,421
2011-05-18,421
2011-05-18,422
2011-05-18,420
2011-05-19,423.5
2011-05-19,424
2011-05-19,423
2011-05-19,424
2011-05-20,419.5
2011-05-20,420
2011-05-20,420
2011-05-20,419
2011-05-21,421.5
2011-05-21,422
2011-05-21,421
2011-05-21,422
2011-05-22,419.5
2011-05-22,420
2011-05-22,420
2011-05-22,419
2011-05-23,411
2011-05-23,411
2011-05-23,412
2011-05-23,410
2011-05-24,407
2011-05-24,407
2011-05-24,406
2011-05-24,408
2011-05-25,401.5
2011-05-25,401
2011-05-25,401
2011-05-25,402
2011-05-26,398.5
2011-05-26,398
2011-05-26,398
2011-05-26,399
2011-05-27,400.5
2011-05-27,400
2011-05-27,401
2011-05-27,400
2011-05-28,396
2011-05-28,396
2011-05-28,398
2011-05-28,394
2011-05-29,395.5
2011-05-29,396
2011-05-29,399
2011-05-29,392
2011-05-30,398
2011-05-30,398
2011-05-30,399
2011-05-30,397
2011-05-31,397.5
2011-05-31,398
2011-05-31,400
2011-05-31,395
2011-06-01,394
2011-06-01,394
2011-06-01,396
2011-06-01,392
2011-06-02,389
2011-06-02,389
2011-06-02,390
2011-06-02,388
2011-06-03,393
2011-06-03,393
2011-06-03,390
2011-06-03,396
2011-06-04,391.5
2011-06-04,392
2011-06-04,395
2011-06-04,388
2011-06-05,385
2011-06-05,385
2011-06-05,386
2011-06-05,384
2011-06-06,381.5
2011-06-06,382
2011-06-06,383
2011-06-06,380
2011-06-07,380.5
2011-06-07,380
2011-06-07,381
2011-06-07,380
2011-06-08,379.5
2011-06-08,380
2011-06-08,378
2011-06-08,381
2011-06-09,379.5
2011-06-09,380
2011-06-09,377
2011-06-09,382
2011-06-10,379
2011-06-10,379
2011-06-10,378
2011-06-10,380
2011-06-11,377
2011-06-11,377
2011-06-11,376
2011-06-11,378
2011-06-12,378.5
2011-06-12,378
2011-06-12,377
2011-06-12,380
2011-06-13,378
2011-06-13,378
2011-06-13,380
2011-06-13,376
2011-06-14,377
2011-06-14,377
2011-06-14,382
2011-06-14,372
2011-06-15,374
2011-06-15,374
2011-06-15,378
2011-06-15,370
2011-06-16,373
2011-06-16,373
2011-06-16,374
2011-06-16,372
2011-06-17,374.5
2011-06-17,374
2011-06-17,379
2011-06-17,370
2011-06-18,368.5
2011-06-18,368
2011-06-18,368
2011-06-18,369
2011-06-19,368.5
2011-06-19,368
2011-06-19,367
2011-06-19,370
2011-06-20,366.5
2011-06-20,366
2011-06-20,365
2011-06-20,368
2011-06-21,365.5
2011-06-21,366
2011-06-21,364
2011-06-21,367
2011-06-22,358.5
2011-06-22,358
2011-06-22,358
2011-06-22,359
2011-06-23,353.5
2011-06-23,354
2011-06-23,352
2011-06-23,355
2011-06-24,351
2011-06-24,351
2011-06-24,349
2011-06-24,353
2011-06-25,347
2011-06-25,347
2011-06-25,346
2011-06-25,348
2011-06-26,345.5
2011-06-26,346
2011-06-26,345
2011-06-26,346
2011-06-27,340
2011-06-27,340
2011-06-27,342
2011-06-27,338
2011-06-28,338.5
2011-06-28,338
2011-06-28,340
2011-06-28,337
2011-06-29,343.5
2011-06-29,344
2011-06-29,348
2011-06-29,339
2011-06-30,343
2011-06-30,343
2011-06-30,346
2011-06-30,340
2011-07-01,344
2011-07-01,344
2011-07-01,346
2011-07-01,342
2011-07-02,352.5
2011-07-02,352
2011-07-02,354
2011-07-02,351
2011-07-03,349
2011-07-03,349
2011-07-03,348
2011-07-03,350
2011-07-04,347.5
2011-07-04,348
2011-07-04,345
2011-07-04,350
2011-07-05,352
2011-07-05,352
2011-07-05,351
2011-07-05,353
2011-07-06,352
2011-07-06,352
2011-07-06,352
2011-07-06,352
2011-07-07,350.5
2011-07-07,350
2011-07-07,350
2011-07-07,351
2011-07-08,347
2011-07-08,347
2011-07-08,344
2011-07-08,350
2011-07-09,347
2011-07-09,347
2011-07-09,345
2011-07-09,349
2011-07-10,349.5
2011-07-10,350
2011-07-10,349
2011-07-10,350
2011-07-11,346
2011-07-11,346
2011-07-11,343
2011-07-11,349
2011-07-12,345.5
2011-07-12,346
2011-07-12,345
2011-07-12,346
2011-07-13,342
2011-07-13,342
2011-07-13,350
2011-07-13,334
2011-07-14,337
2011-07-14,337
2011-07-14,344
2011-07-14,330
2011-07-15,334.5
2011-07-15,334
2011-07-15,337
2011-07-15,332
2011-07-16,333.5
2011-07-16,334
2011-07-16,334
2011-07-16,333
2011-07-17,333
2011-07-17,333
2011-07-17,334
2011-07-17,332
2011-07-18,332
2011-07-18,332
2011-07-18,331
2011-07-18,333
2011-07-19,328
2011-07-19,328
2011-07-19,328
2011-07-19,328
2011-07-20,324
2011-07-20,324
2011-07-20,323
2011-07-20,325
2011-07-21,323
2011-07-21,323
2011-07-21,319
2011-07-21,327
2011-07-22,315.5
2011-07-22,316
2011-07-22,315
2011-07-22,316
2011-07-23,310.5
2011-07-23,310
2011-07-23,311
2011-07-23,310
2011-07-24,305
2011-07-24,305
2011-07-24,302
2011-07-24,308
2011-07-25,309.5
2011-07-25,310
2011-07-25,307
2011-07-25,312
2011-07-26,306.5
2011-07-26,306
2011-07-26,304
2011-07-26,309
2011-07-27,303.5
2011-07-27,304
2011-07-27,303
2011-07-27,304
2011-07-28,301
2011-07-28,301
2011-07-28,305
2011-07-28,297
2011-07-29,299
2011-07-29,299
2011-07-29,304
2011-07-29,294
2011-07-30,300
2011-07-30,300
2011-07-30,305
2011-07-30,295
2011-07-31,303.5
2011-07-31,304
2011-07-31,305
2011-07-31,302
2011-08-01,310
2011-08-01,310
2011-08-01,312
2011-08-01,308
2011-08-02,310.5
2011-08-02,310
2011-08-02,308
2011-08-02,313
2011-08-03,320
2011-08-03,320
2011-08-03,324
2011-08-03,316
2011-08-04,317.5
2011-08-04,318
2011-08-04,320
2011-08-04,315
2011-08-05,318
2011-08-05,318
2011-08-05,316
2011-08-05,320
2011-08-06,312
2011-08-06,312
2011-08-06,310
2011-08-06,314
2011-08-07,308
2011-08-07,308
2011-08-07,306
2011-08-07,310
2011-08-08,304.5
2011-08-08,304
2011-08-08,301
2011-08-08,308
2011-08-09,394
2011-08-09,294
2011-08-09,398
2011-08-09,390
2011-08-10,394
2011-08-10,294
2011-08-10,395
2011-08-10,393
2011-08-11,393.5
2011-08-11,294
2011-08-11,399
2011-08-11,388
2011-08-12,342
2011-08-12,293
2011-08-12,301
2011-08-12,383
2011-08-13,392
2011-08-13,292
2011-08-13,396
2011-08-13,388
2011-08-14,394.5
2011-08-14,294
2011-08-14,396
2011-08-14,393
2011-08-15,392
2011-08-15,292
2011-08-15,390
2011-08-15,394
2011-08-16,391
2011-08-16,291
2011-08-16,390
2011-08-16,392
2011-08-17,392
2011-08-17,292
2011-08-17,391
2011-08-17,393
2011-08-18,386.5
2011-08-18,286
2011-08-18,385
2011-08-18,388
2011-08-19,382
2011-08-19,282
2011-08-19,380
2011-08-19,384
2011-08-20,378
2011-08-20,278
2011-08-20,376
2011-08-20,380
2011-08-21,370
2011-08-21,270
2011-08-21,368
2011-08-21,372
2011-08-22,365
2011-08-22,265
2011-08-22,363
2011-08-22,367
2011-08-23,361.5
2011-08-23,262
2011-08-23,359
2011-08-23,364
2011-08-24,366
2011-08-24,266
2011-08-24,360
2011-08-24,372
2011-08-25,374
2011-08-25,274
2011-08-25,370
2011-08-25,378
2011-08-26,371.5
2011-08-26,272
2011-08-26,374
2011-08-26,369
2011-08-27,377
2011-08-27,277
2011-08-27,376
2011-08-27,378
2011-08-28,375.5
2011-08-28,276
2011-08-28,384
2011-08-28,367
2011-08-29,377.5
2011-08-29,278
2011-08-29,383
2011-08-29,372
2011-08-30,382
2011-08-30,282
2011-08-30,384
2011-08-30,380
2011-08-31,386.5
2011-08-31,286
2011-08-31,387
2011-08-31,386
2011-09-01,382
2011-09-01,282
2011-09-01,384
2011-09-01,380
2011-09-02,386
2011-09-02,286
2011-09-02,382
2011-09-02,390
2011-09-03,383
2011-09-03,283
2011-09-03,382
2011-09-03,384
2011-09-04,377
2011-09-04,277
2011-09-04,378
2011-09-04,376
2011-09-05,365.5
2011-09-05,266
2011-09-05,364
2011-09-05,367
2011-09-06,361
2011-09-06,261
2011-09-06,356
2011-09-06,366
2011-09-07,362
2011-09-07,262
2011-09-07,357
2011-09-07,367
2011-09-08,359.5
2011-09-08,260
2011-09-08,359
2011-09-08,360
2011-09-09,352.5
2011-09-09,252
2011-09-09,360
2011-09-09,345
2011-09-10,299.5
2011-09-10,250
2011-09-10,359
2011-09-10,240
2011-09-11,249
2011-09-11,249
2011-09-11,258
2011-09-11,240
2011-09-12,245.5
2011-09-12,246
2011-09-12,253
2011-09-12,238
2011-09-13,238.5
2011-09-13,238
2011-09-13,242
2011-09-13,235
2011-09-14,235
2011-09-14,235
2011-09-14,232
2011-09-14,238
2011-09-15,229
2011-09-15,229
2011-09-15,227
2011-09-15,231
2011-09-16,226
2011-09-16,226
2011-09-16,222
2011-09-16,230
2011-09-17,222
2011-09-17,222
2011-09-17,220
2011-09-17,224
2011-09-18,214.5
2011-09-18,214
2011-09-18,213
2011-09-18,216
2011-09-19,206
2011-09-19,206
2011-09-19,205
2011-09-19,207
2011-09-20,202.5
2011-09-20,202
2011-09-20,204
2011-09-20,201
2011-09-21,195.5
2011-09-21,196
2011-09-21,196
2011-09-21,195
2011-09-22,188
2011-09-22,188
2011-09-22,182
2011-09-22,194
2011-09-23,196
2011-09-23,196
2011-09-23,188
2011-09-23,204
2011-09-24,204
2011-09-24,204
2011-09-24,199
2011-09-24,209
2011-09-25,210.5
2011-09-25,210
2011-09-25,211
2011-09-25,210
2011-09-26,202.5
2011-09-26,202
2011-09-26,217
2011-09-26,188
2011-09-27,203
2011-09-27,203
2011-09-27,212
2011-09-27,194
2011-09-28,211
2011-09-28,211
2011-09-28,218
2011-09-28,204
2011-09-29,206
2011-09-29,206
2011-09-29,206
2011-09-29,206
2011-09-30,203.5
2011-09-30,204
2011-09-30,198
2011-09-30,209
2011-10-01,201
2011-10-01,201
2011-10-01,198
2011-10-01,204
2011-10-02,192
2011-10-02,192
2011-10-02,192
2011-10-02,192
2011-10-03,181.5
2011-10-03,182
2011-10-03,180
2011-10-03,183
2011-10-04,171.5
2011-10-04,172
2011-10-04,168
2011-10-04,175
2011-10-05,173
2011-10-05,173
2011-10-05,166
2011-10-05,180
2011-10-06,172.5
2011-10-06,172
2011-10-06,168
2011-10-06,177
2011-10-07,172.5
2011-10-07,172
2011-10-07,167
2011-10-07,178
2011-10-08,168
2011-10-08,168
2011-10-08,174
2011-10-08,162
2011-10-09,167
2011-10-09,167
2011-10-09,174
2011-10-09,160
2011-10-10,174.5
2011-10-10,174
2011-10-10,175
2011-10-10,174
2011-10-11,162
2011-10-11,162
2011-10-11,172
2011-10-11,152
2011-10-12,163
2011-10-12,163
2011-10-12,172
2011-10-12,154
2011-10-13,163
2011-10-13,163
2011-10-13,164
2011-10-13,162
2011-10-14,156
2011-10-14,156
2011-10-14,152
2011-10-14,160
2011-10-15,157.5
2011-10-15,158
2011-10-15,155
2011-10-15,160
2011-10-16,158.5
2011-10-16,158
2011-10-16,162
2011-10-16,155
2011-10-17,151
2011-10-17,151
2011-10-17,148
2011-10-17,154
2011-10-18,147
2011-10-18,147
2011-10-18,148
2011-10-18,146
2011-10-19,138
2011-10-19,138
2011-10-19,136
2011-10-19,140
2011-10-20,129.5
2011-10-20,130
2011-10-20,130
2011-10-20,129
2011-10-21,138.5
2011-10-21,138
2011-10-21,135
2011-10-21,142
2011-10-22,150.5
2011-10-22,150
2011-10-22,143
2011-10-22,158
2011-10-23,159
2011-10-23,159
2011-10-23,152
2011-10-23,166
2011-10-24,175.5
2011-10-24,176
2011-10-24,167
2011-10-24,184
2011-10-25,181.5
2011-10-25,182
2011-10-25,190
2011-10-25,173
2011-10-26,194
2011-10-26,194
2011-10-26,210
2011-10-26,178
2011-10-27,200
2011-10-27,200
2011-10-27,216
2011-10-27,184
2011-10-28,200
2011-10-28,200
2011-10-28,208
2011-10-28,192
2011-10-29,203.5
2011-10-29,204
2011-10-29,212
2011-10-29,195
2011-10-30,189.5
2011-10-30,190
2011-10-30,184
2011-10-30,195
2011-10-31,183
2011-10-31,183
2011-10-31,178
2011-10-31,188
2011-12-01,176
2011-12-01,176
2011-12-01,176
2011-12-01,176
2011-12-02,165.5
2011-12-02,166
2011-12-02,164
2011-12-02,167
2011-12-03,171.5
2011-12-03,172
2011-12-03,166
2011-12-03,177
2011-12-04,169
2011-12-04,169
2011-12-04,170
2011-12-04,168
2011-12-05,166
2011-12-05,166
2011-12-05,160
2011-12-05,172
2011-12-06,174
2011-12-06,174
2011-12-06,170
2011-12-06,178
2011-12-07,174
2011-12-07,174
2011-12-07,180
2011-12-07,168
2011-12-08,180
2011-12-08,180
2011-12-08,190
2011-12-08,170
2011-12-09,186.5
2011-12-09,186
2011-12-09,197
2011-12-09,176
2011-12-10,186
2011-12-10,186
2011-12-10,192
2011-12-10,180
2011-12-11,186.5
2011-12-11,186
2011-12-11,187
2011-12-11,186
2011-12-12,187.5
2011-12-12,188
2011-12-12,185
2011-12-12,190
2011-12-13,194.5
2011-12-13,194
2011-12-13,190
2011-12-13,199
2011-12-14,197.5
2011-12-14,198
2011-12-14,193
2011-12-14,202
2011-12-15,200
2011-12-15,200
2011-12-15,198
2011-12-15,202
2011-12-16,202
2011-12-16,202
2011-12-16,201
2011-12-16,203
2011-12-17,191
2011-12-17,191
2011-12-17,190
2011-12-17,192
2011-12-18,198
2011-12-18,198
2011-12-18,192
2011-12-18,204
2011-12-19,192.5
2011-12-19,192
2011-12-19,190
2011-12-19,195
2011-12-20,203.5
2011-12-20,204
2011-12-20,199
2011-12-20,208
2011-12-21,208
2011-12-21,208
2011-12-21,204
2011-12-21,212
2011-12-22,211.5
2011-12-22,212
2011-12-22,215
2011-12-22,208
2011-12-23,215
2011-12-23,215
2011-12-23,224
2011-12-23,206
2011-12-24,218
2011-12-24,218
2011-12-24,220
2011-12-24,216
2011-12-25,235
2011-12-25,235
2011-12-25,240
2011-12-25,230
2011-12-26,233
2011-12-26,233
2011-12-26,242
2011-12-26,224
2011-12-27,229.5
2011-12-27,230
2011-12-27,219
2011-12-27,240
2011-12-28,225
2011-12-28,225
2011-12-28,220
2011-12-28,230
2011-12-29,225
2011-12-29,225
2011-12-29,223
2011-12-29,227
2011-12-30,223.5
2011-12-30,224
2011-12-30,222
2011-12-30,225
2011-12-31,224
2011-12-31,224
2011-12-31,220
2011-12-31,228
2012-01-01,222
2012-01-01,222
2012-01-01,220
2012-01-01,224
2012-01-02,217.5
2012-01-02,217
2012-01-02,216
2012-01-02,219
2012-01-03,214.5
2012-01-03,214
2012-01-03,214
2012-01-03,215
2012-01-04,211
2012-01-04,211
2012-01-04,210
2012-01-04,212
2012-01-05,217
2012-01-05,217
2012-01-05,220
2012-01-05,214
2012-01-06,214.5
2012-01-06,214
2012-01-06,219
2012-01-06,210
2012-01-07,224
2012-01-07,224
2012-01-07,230
2012-01-07,218
2012-01-08,232
2012-01-08,232
2012-01-08,240
2012-01-08,224
2012-01-09,244
2012-01-09,244
2012-01-09,243
2012-01-09,245
2012-01-10,246
2012-01-10,246
2012-01-10,252
2012-01-10,240
2012-01-11,243
2012-01-11,243
2012-01-11,240
2012-01-11,246
2012-01-12,248.5
2012-01-12,248
2012-01-12,248
2012-01-12,249
2012-01-13,265
2012-01-13,265
2012-01-13,258
2012-01-13,272
2012-01-14,272
2012-01-14,272
2012-01-14,274
2012-01-14,270
2012-01-15,273
2012-01-15,273
2012-01-15,274
2012-01-15,272
2012-01-16,271.5
2012-01-16,272
2012-01-16,270
2012-01-16,273
2012-01-17,263.5
2012-01-17,264
2012-01-17,265
2012-01-17,262
2012-01-18,262.5
2012-01-18,262
2012-01-18,258
2012-01-18,267
2012-01-19,275
2012-01-19,275
2012-01-19,270
2012-01-19,280
2012-01-20,274.5
2012-01-20,274
2012-01-20,280
2012-01-20,269
2012-01-21,282
2012-01-21,282
2012-01-21,290
2012-01-21,274
2012-01-22,295.5
2012-01-22,296
2012-01-22,301
2012-01-22,290
2012-01-23,299.5
2012-01-23,300
2012-01-23,301
2012-01-23,298
2012-01-24,301.5
2012-01-24,302
2012-01-24,304
2012-01-24,299
2012-01-25,301.5
2012-01-25,302
2012-01-25,299
2012-01-25,304
2012-01-26,302
2012-01-26,302
2012-01-26,299
2012-01-26,305
2012-01-27,304
2012-01-27,304
2012-01-27,301
2012-01-27,307
2012-01-28,307.5
2012-01-28,308
2012-01-28,305
2012-01-28,310
2012-01-29,307.5
2012-01-29,308
2012-01-29,307
2012-01-29,308
2012-01-30,310.5
2012-01-30,310
2012-01-30,310
2012-01-30,311
2012-01-31,307.5
2012-01-31,308
2012-01-31,307
2012-01-31,308
2012-02-01,309
2012-02-01,309
2012-02-01,308
2012-02-01,310
2012-02-02,311.5
2012-02-02,312
2012-02-02,309
2012-02-02,314
2012-02-03,315.5
2012-02-03,316
2012-02-03,315
2012-02-03,316
2012-02-04,323.5
2012-02-04,324
2012-02-04,323
2012-02-04,324
2012-02-05,323
2012-02-05,323
2012-02-05,329
2012-02-05,317
2012-02-06,331.5
2012-02-06,332
2012-02-06,337
2012-02-06,326
2012-02-07,338.5
2012-02-07,338
2012-02-07,340
2012-02-07,337
2012-02-08,336.5
2012-02-08,336
2012-02-08,335
2012-02-08,338
2012-02-09,342.5
2012-02-09,342
2012-02-09,340
2012-02-09,345
2012-02-10,353
2012-02-10,353
2012-02-10,350
2012-02-10,356
2012-02-11,354
2012-02-11,354
2012-02-11,353
2012-02-11,355
2012-02-12,359
2012-02-12,359
2012-02-12,358
2012-02-12,360
2012-02-13,358
2012-02-13,358
2012-02-13,359
2012-02-13,357
2012-02-14,356
2012-02-14,356
2012-02-14,356
2012-02-14,356
2012-02-15,361
2012-02-15,361
2012-02-15,362
2012-02-15,360
2012-02-16,352
2012-02-16,352
2012-02-16,351
2012-02-16,353
2012-02-17,352
2012-02-17,352
2012-02-17,350
2012-02-17,354
2012-02-18,351
2012-02-18,351
2012-02-18,358
2012-02-18,344
2012-02-19,348.5
2012-02-19,348
2012-02-19,354
2012-02-19,343
2012-02-20,356
2012-02-20,356
2012-02-20,362
2012-02-20,350
2012-02-21,369
2012-02-21,369
2012-02-21,378
2012-02-21,360
2012-02-22,367
2012-02-22,367
2012-02-22,376
2012-02-22,358
2012-02-23,372.5
2012-02-23,372
2012-02-23,379
2012-02-23,366
2012-02-24,378
2012-02-24,378
2012-02-24,380
2012-02-24,376
2012-02-25,380
2012-02-25,380
2012-02-25,378
2012-02-25,382
2012-02-26,378
2012-02-26,378
2012-02-26,376
2012-02-26,380
2012-02-27,377
2012-02-27,377
2012-02-27,379
2012-02-27,375
2012-02-28,377.5
2012-02-28,378
2012-02-28,378
2012-02-28,377
2012-02-29,375
2012-02-29,375
2012-02-29,376
2012-02-29,374
2012-03-01,369.5
2012-03-01,370
2012-03-01,368
2012-03-01,371
2012-03-02,368
2012-03-02,368
2012-03-02,366
2012-03-02,370
2012-03-03,365
2012-03-03,365
2012-03-03,364
2012-03-03,366
2012-03-04,367.5
2012-03-04,368
2012-03-04,370
2012-03-04,365
2012-03-05,374
2012-03-05,374
2012-03-05,376
2012-03-05,372
2012-03-06,381
2012-03-06,381
2012-03-06,384
2012-03-06,378
2012-03-07,386
2012-03-07,386
2012-03-07,390
2012-03-07,382
2012-03-08,392
2012-03-08,392
2012-03-08,394
2012-03-08,390
2012-03-09,403.5
2012-03-09,404
2012-03-09,402
2012-03-09,405
2012-03-10,410.5
2012-03-10,411
2012-03-10,410
2012-03-10,411
2012-03-11,411.5
2012-03-11,412
2012-03-11,412
2012-03-11,411
2012-03-12,410.5
2012-03-12,411
2012-03-12,410
2012-03-12,411
2012-03-13,410
2012-03-13,410
2012-03-13,411
2012-03-13,409
2012-03-14,408
2012-03-14,408
2012-03-14,408
2012-03-14,408
2012-03-15,408.5
2012-03-15,408
2012-03-15,407
2012-03-15,410
2012-03-16,409
2012-03-16,409
2012-03-16,410
2012-03-16,408
2012-03-17,408.5
2012-03-17,408
2012-03-17,409
2012-03-17,408
2012-03-18,406
2012-03-18,406
2012-03-18,407
2012-03-18,405
2012-03-19,411
2012-03-19,411
2012-03-19,412
2012-03-19,410
2012-03-20,415
2012-03-20,415
2012-03-20,418
2012-03-20,412
2012-03-21,414
2012-03-21,414
2012-03-21,417
2012-03-21,411
2012-03-22,417.5
2012-03-22,418
2012-03-22,417
2012-03-22,418
2012-03-23,420
2012-03-23,420
2012-03-23,420
2012-03-23,420
2012-03-24,420
2012-03-24,420
2012-03-24,418
2012-03-24,422
2012-03-25,422
2012-03-25,422
2012-03-25,420
2012-03-25,424
2012-03-26,420.5
2012-03-26,420
2012-03-26,419
2012-03-26,422
2012-03-27,426
2012-03-27,426
2012-03-27,424
2012-03-27,428
2012-03-28,429
2012-03-28,429
2012-03-28,428
2012-03-28,430
2012-03-29,424
2012-03-29,424
2012-03-29,425
2012-03-29,423
2012-03-30,421
2012-03-30,421
2012-03-30,420
2012-03-30,422
2012-03-31,421
2012-03-31,421
2012-03-31,421
2012-03-31,421
2012-04-01,420.5
2012-04-01,420
2012-04-01,419
2012-04-01,422
2012-04-02,420
2012-04-02,420
2012-04-02,420
2012-04-02,420
2012-04-03,426.5
2012-04-03,426
2012-04-03,426
2012-04-03,427
2012-04-04,433.5
2012-04-04,434
2012-04-04,431
2012-04-04,436
2012-04-05,436
2012-04-05,436
2012-04-05,438
2012-04-05,434
2012-04-06,441
2012-04-06,441
2012-04-06,442
2012-04-06,440
2012-04-07,446.5
2012-04-07,446
2012-04-07,446
2012-04-07,447
2012-04-08,452.5
2012-04-08,453
2012-04-08,453
2012-04-08,452
2012-04-09,453
2012-04-09,453
2012-04-09,452
2012-04-09,454
2012-04-10,452.5
2012-04-10,453
2012-04-10,453
2012-04-10,452
2012-04-11,450.5
2012-04-11,450
2012-04-11,449
2012-04-11,452
2012-04-12,449.5
2012-04-12,450
2012-04-12,449
2012-04-12,450
2012-04-13,445.5
2012-04-13,446
2012-04-13,446
2012-04-13,445
2012-04-14,440
2012-04-14,440
2012-04-14,440
2012-04-14,440
2012-04-15,434.5
2012-04-15,434
2012-04-15,436
2012-04-15,433
2012-04-16,432.5
2012-04-16,432
2012-04-16,435
2012-04-16,430
2012-04-17,424
2012-04-17,424
2012-04-17,427
2012-04-17,421
2012-04-18,421.5
2012-04-18,422
2012-04-18,425
2012-04-18,418
2012-04-19,422.5
2012-04-19,422
2012-04-19,426
2012-04-19,419
2012-04-20,422
2012-04-20,422
2012-04-20,422
2012-04-20,422
2012-04-21,425
2012-04-21,425
2012-04-21,424
2012-04-21,426
2012-04-22,424
2012-04-22,424
2012-04-22,423
2012-04-22,425
2012-04-23,426.5
2012-04-23,426
2012-04-23,424
2012-04-23,429
2012-04-24,425
2012-04-24,425
2012-04-24,424
2012-04-24,426
2012-04-25,424.5
2012-04-25,424
2012-04-25,424
2012-04-25,425
2012-04-26,423.5
2012-04-26,424
2012-04-26,423
2012-04-26,424
2012-04-27,420.5
2012-04-27,420
2012-04-27,421
2012-04-27,420
2012-04-28,417.5
2012-04-28,418
2012-04-28,418
2012-04-28,417
2012-04-29,417
2012-04-29,417
2012-04-29,416
2012-04-29,418
2012-04-30,415
2012-04-30,415
2012-04-30,414
2012-04-30,416
2012-05-01,412
2012-05-01,412
2012-05-01,412
2012-05-01,412
2012-05-02,412
2012-05-02,412
2012-05-02,414
2012-05-02,410
2012-05-03,415.5
2012-05-03,416
2012-05-03,418
2012-05-03,413
2012-05-04,424
2012-05-04,424
2012-05-04,426
2012-05-04,422
2012-05-05,429.5
2012-05-05,430
2012-05-05,433
2012-05-05,426
2012-05-06,429
2012-05-06,429
2012-05-06,430
2012-05-06,428
2012-05-07,431
2012-05-07,431
2012-05-07,432
2012-05-07,430
2012-05-08,430.5
2012-05-08,430
2012-05-08,429
2012-05-08,432
2012-05-09,433
2012-05-09,433
2012-05-09,432
2012-05-09,434
2012-05-10,432
2012-05-10,432
2012-05-10,432
2012-05-10,432
2012-05-11,431
2012-05-11,431
2012-05-11,431
2012-05-11,431
2012-05-12,428.5
2012-05-12,428
2012-05-12,428
2012-05-12,429
2012-05-13,428.5
2012-05-13,428
2012-05-13,429
2012-05-13,428
2012-05-14,425.5
2012-05-14,426
2012-05-14,426
2012-05-14,425
2012-05-15,423.5
2012-05-15,424
2012-05-15,425
2012-05-15,422
2012-05-16,420.5
2012-05-16,420
2012-05-16,422
2012-05-16,419
2012-05-17,417.5
2012-05-17,418
2012-05-17,420
2012-05-17,415
2012-05-18,416.5
2012-05-18,416
2012-05-18,419
2012-05-18,414
2012-05-19,411.5
2012-05-19,412
2012-05-19,414
2012-05-19,409
2012-05-20,411.5
2012-05-20,412
2012-05-20,410
2012-05-20,413
2012-05-21,413
2012-05-21,413
2012-05-21,416
2012-05-21,410
2012-05-22,405.5
2012-05-22,406
2012-05-22,405
2012-05-22,406
2012-05-23,404.5
2012-05-23,404
2012-05-23,404
2012-05-23,405
2012-05-24,403
2012-05-24,403
2012-05-24,402
2012-05-24,404
2012-05-25,402.5
2012-05-25,403
2012-05-25,403
2012-05-25,402
2012-05-26,398.5
2012-05-26,398
2012-05-26,399
2012-05-26,398
2012-05-27,398.5
2012-05-27,398
2012-05-27,398
2012-05-27,399
2012-05-28,395
2012-05-28,395
2012-05-28,394
2012-05-28,396
2012-05-29,393
2012-05-29,393
2012-05-29,392
2012-05-29,394
2012-05-30,394
2012-05-30,394
2012-05-30,392
2012-05-30,396
2012-05-31,396
2012-05-31,396
2012-05-31,395
2012-05-31,397
2012-06-01,395.5
2012-06-01,396
2012-06-01,396
2012-06-01,395
2012-06-02,396
2012-06-02,396
2012-06-02,398
2012-06-02,394
2012-06-03,402
2012-06-03,402
2012-06-03,402
2012-06-03,402
2012-06-04,403
2012-06-04,403
2012-06-04,403
2012-06-04,403
2012-06-05,398.5
2012-06-05,398
2012-06-05,399
2012-06-05,398
2012-06-06,403
2012-06-06,403
2012-06-06,403
2012-06-06,403
2012-06-07,404.5
2012-06-07,404
2012-06-07,404
2012-06-07,405
2012-06-08,404
2012-06-08,404
2012-06-08,403
2012-06-08,405
2012-06-09,401.5
2012-06-09,401
2012-06-09,401
2012-06-09,402
2012-06-10,402.5
2012-06-10,403
2012-06-10,401
2012-06-10,404
2012-06-11,400
2012-06-11,400
2012-06-11,399
2012-06-11,401
2012-06-12,393.5
2012-06-12,394
2012-06-12,393
2012-06-12,394
2012-06-13,389
2012-06-13,389
2012-06-13,388
2012-06-13,390
2012-06-14,383
2012-06-14,383
2012-06-14,384
2012-06-14,382
2012-06-15,375.5
2012-06-15,376
2012-06-15,378
2012-06-15,373
2012-06-16,373
2012-06-16,373
2012-06-16,374
2012-06-16,372
2012-06-17,377.5
2012-06-17,378
2012-06-17,378
2012-06-17,377
2012-06-18,369.5
2012-06-18,370
2012-06-18,373
2012-06-18,366
2012-06-19,368.5
2012-06-19,368
2012-06-19,370
2012-06-19,367
2012-06-20,368.5
2012-06-20,368
2012-06-20,369
2012-06-20,368
2012-06-21,366.5
2012-06-21,366
2012-06-21,366
2012-06-21,367
2012-06-22,364
2012-06-22,364
2012-06-22,364
2012-06-22,364
2012-06-23,365.5
2012-06-23,366
2012-06-23,365
2012-06-23,366
2012-06-24,365.5
2012-06-24,366
2012-06-24,364
2012-06-24,367
2012-06-25,360.5
2012-06-25,360
2012-06-25,360
2012-06-25,361
2012-06-26,358
2012-06-26,358
2012-06-26,359
2012-06-26,357
2012-06-27,358
2012-06-27,358
2012-06-27,357
2012-06-27,359
2012-06-28,358
2012-06-28,358
2012-06-28,354
2012-06-28,362
2012-06-29,358
2012-06-29,358
2012-06-29,354
2012-06-29,362
2012-06-30,357
2012-06-30,357
2012-06-30,358
2012-06-30,356
2012-07-01,359
2012-07-01,359
2012-07-01,360
2012-07-01,358
2012-07-02,360.5
2012-07-02,360
2012-07-02,365
2012-07-02,356
2012-07-03,360
2012-07-03,360
2012-07-03,364
2012-07-03,356
2012-07-04,362
2012-07-04,362
2012-07-04,364
2012-07-04,360
2012-07-05,365.5
2012-07-05,366
2012-07-05,365
2012-07-05,366
2012-07-06,367.5
2012-07-06,368
2012-07-06,365
2012-07-06,370
2012-07-07,366.5
2012-07-07,366
2012-07-07,365
2012-07-07,368
2012-07-08,368
2012-07-08,368
2012-07-08,368
2012-07-08,368
2012-07-09,359
2012-07-09,359
2012-07-09,356
2012-07-09,362
2012-07-10,356
2012-07-10,356
2012-07-10,355
2012-07-10,357
2012-07-11,354
2012-07-11,354
2012-07-11,350
2012-07-11,358
2012-07-12,351
2012-07-12,351
2012-07-12,350
2012-07-12,352
2012-07-13,344.5
2012-07-13,344
2012-07-13,344
2012-07-13,345
2012-07-14,342.5
2012-07-14,342
2012-07-14,343
2012-07-14,342
2012-07-15,338
2012-07-15,338
2012-07-15,341
2012-07-15,335
2012-07-16,343
2012-07-16,343
2012-07-16,342
2012-07-16,344
2012-07-17,338.5
2012-07-17,338
2012-07-17,345
2012-07-17,332
2012-07-18,333
2012-07-18,333
2012-07-18,336
2012-07-18,330
2012-07-19,332
2012-07-19,332
2012-07-19,336
2012-07-19,328
2012-07-20,332
2012-07-20,332
2012-07-20,332
2012-07-20,332
2012-07-21,337
2012-07-21,337
2012-07-21,336
2012-07-21,338
2012-07-22,339
2012-07-22,339
2012-07-22,338
2012-07-22,340
2012-07-23,338
2012-07-23,338
2012-07-23,336
2012-07-23,340
2012-07-24,337.5
2012-07-24,338
2012-07-24,335
2012-07-24,340
2012-07-25,340
2012-07-25,340
2012-07-25,338
2012-07-25,342
2012-07-26,337
2012-07-26,337
2012-07-26,336
2012-07-26,338
2012-07-27,333.5
2012-07-27,334
2012-07-27,330
2012-07-27,337
2012-07-28,329.5
2012-07-28,330
2012-07-28,329
2012-07-28,330
2012-07-29,331
2012-07-29,331
2012-07-29,328
2012-07-29,334
2012-07-30,331
2012-07-30,331
2012-07-30,332
2012-07-30,330
2012-07-31,332.5
2012-07-31,332
2012-07-31,337
2012-07-31,328
2012-08-01,329
2012-08-01,329
2012-08-01,336
2012-08-01,322
2012-08-02,328
2012-08-02,328
2012-08-02,332
2012-08-02,324
2012-08-03,326.5
2012-08-03,326
2012-08-03,329
2012-08-03,324
2012-08-04,327
2012-08-04,327
2012-08-04,328
2012-08-04,326
2012-08-05,325.5
2012-08-05,326
2012-08-05,322
2012-08-05,329
2012-08-06,322.5
2012-08-06,322
2012-08-06,320
2012-08-06,325
2012-08-07,319.5
2012-08-07,320
2012-08-07,318
2012-08-07,321
2012-08-08,316
2012-08-08,316
2012-08-08,315
2012-08-08,317
2012-08-09,313
2012-08-09,313
2012-08-09,312
2012-08-09,314
2012-08-10,307.5
2012-08-10,308
2012-08-10,306
2012-08-10,309
2012-08-11,308.5
2012-08-11,308
2012-08-11,307
2012-08-11,310
2012-08-12,309
2012-08-12,309
2012-08-12,308
2012-08-12,310
2012-08-13,301.5
2012-08-13,302
2012-08-13,301
2012-08-13,302
2012-08-14,350
2012-08-14,303
2012-08-14,301
2012-08-14,399
2012-08-15,304
2012-08-15,304
2012-08-15,306
2012-08-15,302
2012-08-16,356.5
2012-08-16,305
2012-08-16,314
2012-08-16,399
2012-08-17,305.5
2012-08-17,306
2012-08-17,310
2012-08-17,301
2012-08-18,311
2012-08-18,311
2012-08-18,312
2012-08-18,310
2012-08-19,318
2012-08-19,318
2012-08-19,316
2012-08-19,320
2012-08-20,302.5
2012-08-20,302
2012-08-20,302
2012-08-20,303
2012-08-21,303.5
2012-08-21,304
2012-08-21,301
2012-08-21,306
2012-08-22,304
2012-08-22,304
2012-08-22,301
2012-08-22,307
2012-08-23,306
2012-08-23,306
2012-08-23,304
2012-08-23,308
2012-08-24,303.5
2012-08-24,304
2012-08-24,301
2012-08-24,306
2012-08-25,303.5
2012-08-25,304
2012-08-25,301
2012-08-25,306
2012-08-26,297
2012-08-26,297
2012-08-26,298
2012-08-26,296
2012-08-27,346
2012-08-27,298
2012-08-27,293
2012-08-27,399
2012-08-28,299
2012-08-28,299
2012-08-28,299
2012-08-28,299
2012-08-29,294.5
2012-08-29,294
2012-08-29,299
2012-08-29,290
2012-08-30,293.5
2012-08-30,294
2012-08-30,299
2012-08-30,288
2012-08-31,296
2012-08-31,296
2012-08-31,297
2012-08-31,295
2012-09-01,293.5
2012-09-01,294
2012-09-01,299
2012-09-01,288
2012-09-02,288
2012-09-02,288
2012-09-02,287
2012-09-02,289
2012-09-03,287
2012-09-03,287
2012-09-03,288
2012-09-03,286
2012-09-04,287.5
2012-09-04,288
2012-09-04,285
2012-09-04,290
2012-09-05,283.5
2012-09-05,284
2012-09-05,281
2012-09-05,286
2012-09-06,276.5
2012-09-06,276
2012-09-06,276
2012-09-06,277
2012-09-07,265.5
2012-09-07,266
2012-09-07,267
2012-09-07,264
2012-09-08,259
2012-09-08,259
2012-09-08,264
2012-09-08,254
2012-09-09,242.5
2012-09-09,242
2012-09-09,242
2012-09-09,243
2012-09-10,244
2012-09-10,244
2012-09-10,240
2012-09-10,248
2012-09-11,248
2012-09-11,248
2012-09-11,242
2012-09-11,254
2012-09-12,254.5
2012-09-12,254
2012-09-12,251
2012-09-12,258
2012-09-13,252.5
2012-09-13,252
2012-09-13,257
2012-09-13,248
2012-09-14,256
2012-09-14,256
2012-09-14,268
2012-09-14,244
2012-09-15,259
2012-09-15,259
2012-09-15,258
2012-09-15,260
2012-09-16,264
2012-09-16,264
2012-09-16,280
2012-09-16,248
2012-09-17,267
2012-09-17,267
2012-09-17,280
2012-09-17,254
2012-09-18,260
2012-09-18,260
2012-09-18,260
2012-09-18,260
2012-09-19,256.5
2012-09-19,256
2012-09-19,251
2012-09-19,262
2012-09-20,252
2012-09-20,252
2012-09-20,250
2012-09-20,254
2012-09-21,251.5
2012-09-21,252
2012-09-21,254
2012-09-21,249
2012-09-22,245.5
2012-09-22,246
2012-09-22,247
2012-09-22,244
2012-09-23,235
2012-09-23,235
2012-09-23,232
2012-09-23,238
2012-09-24,228
2012-09-24,228
2012-09-24,224
2012-09-24,232
2012-09-25,233.5
2012-09-25,234
2012-09-25,223
2012-09-25,244
2012-09-26,238.5
2012-09-26,238
2012-09-26,237
2012-09-26,240
2012-09-27,227
2012-09-27,227
2012-09-27,240
2012-09-27,214
2012-09-28,229.5
2012-09-28,230
2012-09-28,244
2012-09-28,215
2012-09-29,229.5
2012-09-29,230
2012-09-29,246
2012-09-29,213
2012-09-30,227
2012-09-30,227
2012-09-30,246
2012-09-30,208
2012-10-01,213
2012-10-01,213
2012-10-01,214
2012-10-01,212
2012-10-02,205.5
2012-10-02,206
2012-10-02,202
2012-10-02,209
2012-10-03,202.5
2012-10-03,202
2012-10-03,198
2012-10-03,207
2012-10-04,202
2012-10-04,202
2012-10-04,198
2012-10-04,206
2012-10-05,193
2012-10-05,193
2012-10-05,194
2012-10-05,192
2012-10-06,192
2012-10-06,192
2012-10-06,194
2012-10-06,190
2012-10-07,183
2012-10-07,183
2012-10-07,180
2012-10-07,186
2012-10-08,175
2012-10-08,175
2012-10-08,174
2012-10-08,176
2012-10-09,157
2012-10-09,157
2012-10-09,154
2012-10-09,160
2012-10-10,162
2012-10-10,162
2012-10-10,156
2012-10-10,168
2012-10-11,174
2012-10-11,174
2012-10-11,168
2012-10-11,180
2012-10-12,175
2012-10-12,175
2012-10-12,174
2012-10-12,176
2012-10-13,184
2012-10-13,184
2012-10-13,190
2012-10-13,178
2012-10-14,187.5
2012-10-14,188
2012-10-14,198
2012-10-14,177
2012-10-15,193.5
2012-10-15,194
2012-10-15,213
2012-10-15,174
2012-10-16,197.5
2012-10-16,198
2012-10-16,205
2012-10-16,190
2012-10-17,196.5
2012-10-17,196
2012-10-17,199
2012-10-17,194
2012-10-18,188.5
2012-10-18,188
2012-10-18,183
2012-10-18,194
2012-10-19,194
2012-10-19,194
2012-10-19,192
2012-10-19,196
2012-10-20,186.5
2012-10-20,186
2012-10-20,186
2012-10-20,187
2012-10-21,180
2012-10-21,180
2012-10-21,182
2012-10-21,178
2012-10-22,174.5
2012-10-22,174
2012-10-22,170
2012-10-22,179
2012-10-23,175.5
2012-10-23,176
2012-10-23,169
2012-10-23,182
2012-10-24,179
2012-10-24,179
2012-10-24,172
2012-10-24,186
2012-10-25,180.5
2012-10-25,180
2012-10-25,175
2012-10-25,186
2012-10-26,176.5
2012-10-26,176
2012-10-26,172
2012-10-26,181
2012-10-27,177.5
2012-10-27,178
2012-10-27,173
2012-10-27,182
2012-10-28,177.5
2012-10-28,178
2012-10-28,172
2012-10-28,183
2012-10-29,174
2012-10-29,174
2012-10-29,173
2012-10-29,175
2012-10-30,171
2012-10-30,171
2012-10-30,178
2012-10-30,164
2012-10-31,166.5
2012-10-31,166
2012-10-31,167
2012-10-31,166
2012-11-01,164
2012-11-01,164
2012-11-01,167
2012-11-01,161
2012-11-02,160
2012-11-02,160
2012-11-02,154
2012-11-02,166
2012-11-03,160.5
2012-11-03,160
2012-11-03,159
2012-11-03,162
2012-11-04,155.5
2012-11-04,156
2012-11-04,153
2012-11-04,158
2012-11-05,152.5
2012-11-05,152
2012-11-05,151
2012-11-05,154
2012-11-06,149
2012-11-06,149
2012-11-06,146
2012-11-06,152
2012-11-07,152
2012-11-07,152
2012-11-07,148
2012-11-07,156
2012-11-08,159
2012-11-08,159
2012-11-08,152
2012-11-08,166
2012-11-09,169
2012-11-09,169
2012-11-09,167
2012-11-09,171
2012-11-10,173
2012-11-10,173
2012-11-10,172
2012-11-10,174
2012-11-11,174.5
2012-11-11,174
2012-11-11,173
2012-11-11,176
2012-11-12,178
2012-11-12,178
2012-11-12,189
2012-11-12,167
2012-11-13,188
2012-11-13,188
2012-11-13,202
2012-11-13,174
2012-11-14,189
2012-11-14,189
2012-11-14,204
2012-11-14,174
2012-11-15,187.5
2012-11-15,188
2012-11-15,194
2012-11-15,181
2012-11-16,189.5
2012-11-16,190
2012-11-16,189
2012-11-16,190
2012-11-17,195
2012-11-17,195
2012-11-17,202
2012-11-17,188
2012-11-18,181
2012-11-18,181
2012-11-18,178
2012-11-18,184
2012-11-19,175
2012-11-19,175
2012-11-19,174
2012-11-19,176
2012-11-20,167
2012-11-20,167
2012-11-20,164
2012-11-20,170
2012-11-21,169
2012-11-21,169
2012-11-21,164
2012-11-21,174
2012-11-22,167.5
2012-11-22,168
2012-11-22,162
2012-11-22,173
2012-11-23,162
2012-11-23,162
2012-11-23,154
2012-11-23,170
2012-11-24,163
2012-11-24,163
2012-11-24,168
2012-11-24,158
2012-11-25,157
2012-11-25,157
2012-11-25,168
2012-11-25,146
2012-11-26,162
2012-11-26,162
2012-11-26,166
2012-11-26,158
2012-11-27,160.5
2012-11-27,160
2012-11-27,175
2012-11-27,146
2012-11-28,161
2012-11-28,161
2012-11-28,160
2012-11-28,162
2012-11-29,152
2012-11-29,152
2012-11-29,150
2012-11-29,154
2012-11-30,152
2012-11-30,152
2012-11-30,148
2012-11-30,156
2012-12-01,148
2012-12-01,148
2012-12-01,140
2012-12-01,156
2012-12-02,153
2012-12-02,153
2012-12-02,148
2012-12-02,158
2012-12-03,147
2012-12-03,147
2012-12-03,140
2012-12-03,154
2012-12-04,147.5
2012-12-04,148
2012-12-04,147
2012-12-04,148
2012-12-05,151.5
2012-12-05,152
2012-12-05,150
2012-12-05,153
2012-12-06,148
2012-12-06,148
2012-12-06,146
2012-12-06,150
2012-12-07,158
2012-12-07,158
2012-12-07,156
2012-12-07,160
2012-12-08,167
2012-12-08,167
2012-12-08,162
2012-12-08,172
2012-12-09,177.5
2012-12-09,178
2012-12-09,173
2012-12-09,182
2012-12-10,184
2012-12-10,184
2012-12-10,178
2012-12-10,190
2012-12-11,189.5
2012-12-11,190
2012-12-11,192
2012-12-11,187
2012-12-12,191
2012-12-12,191
2012-12-12,196
2012-12-12,186
2012-12-13,203.5
2012-12-13,204
2012-12-13,197
2012-12-13,210
2012-12-14,209.5
2012-12-14,210
2012-12-14,220
2012-12-14,199
2012-12-15,204
2012-12-15,204
2012-12-15,202
2012-12-15,206
2012-12-16,213.5
2012-12-16,213
2012-12-16,220
2012-12-16,207
2012-12-17,213
2012-12-17,213
2012-12-17,209
2012-12-17,217
2012-12-18,208.5
2012-12-18,208
2012-12-18,209
2012-12-18,208
2012-12-19,205.5
2012-12-19,206
2012-12-19,206
2012-12-19,205
2012-12-20,205
2012-12-20,205
2012-12-20,202
2012-12-20,208
2012-12-21,200.5
2012-12-21,200
2012-12-21,199
2012-12-21,202
2012-12-22,201
2012-12-22,201
2012-12-22,204
2012-12-22,198
2012-12-23,196.5
2012-12-23,196
2012-12-23,196
2012-12-23,197
2012-12-24,193.5
2012-12-24,194
2012-12-24,189
2012-12-24,198
2012-12-25,185.5
2012-12-25,186
2012-12-25,186
2012-12-25,185
2012-12-26,207
2012-12-26,207
2012-12-26,210
2012-12-26,204
2012-12-27,214
2012-12-27,214
2012-12-27,220
2012-12-27,208
2012-12-28,215.5
2012-12-28,215
2012-12-28,219
2012-12-28,212
2012-12-29,213.5
2012-12-29,213
2012-12-29,214
2012-12-29,213
2012-12-30,211
2012-12-30,211
2012-12-30,212
2012-12-30,210
2012-12-31,206.5
2012-12-31,206
2012-12-31,206
2012-12-31,207
2013-01-01,208.5
2013-01-01,208
2013-01-01,208
2013-01-01,209
2013-01-02,210.5
2013-01-02,210
2013-01-02,207
2013-01-02,214
2013-01-03,227
2013-01-03,227
2013-01-03,219
2013-01-03,235
2013-01-04,219.5
2013-01-04,219
2013-01-04,219
2013-01-04,220
2013-01-05,217.5
2013-01-05,217
2013-01-05,217
2013-01-05,218
2013-01-06,229
2013-01-06,229
2013-01-06,230
2013-01-06,228
2013-01-07,225
2013-01-07,225
2013-01-07,220
2013-01-07,230
2013-01-08,236
2013-01-08,236
2013-01-08,228
2013-01-08,244
2013-01-09,242
2013-01-09,242
2013-01-09,240
2013-01-09,244
2013-01-10,253
2013-01-10,253
2013-01-10,254
2013-01-10,252
2013-01-11,251
2013-01-11,251
2013-01-11,266
2013-01-11,236
2013-01-12,253
2013-01-12,253
2013-01-12,266
2013-01-12,240
2013-01-13,247
2013-01-13,247
2013-01-13,247
2013-01-13,247
2013-01-14,246.5
2013-01-14,246
2013-01-14,243
2013-01-14,250
2013-01-15,251.5
2013-01-15,252
2013-01-15,250
2013-01-15,253
2013-01-16,252
2013-01-16,252
2013-01-16,249
2013-01-16,255
2013-01-17,250.5
2013-01-17,250
2013-01-17,253
2013-01-17,248
2013-01-18,243.5
2013-01-18,244
2013-01-18,242
2013-01-18,245
2013-01-19,244.5
2013-01-19,244
2013-01-19,242
2013-01-19,247
2013-01-20,245
2013-01-20,245
2013-01-20,245
2013-01-20,245
2013-01-21,245.5
2013-01-21,246
2013-01-21,246
2013-01-21,245
2013-01-22,245.5
2013-01-22,246
2013-01-22,245
2013-01-22,246
2013-01-23,246
2013-01-23,246
2013-01-23,252
2013-01-23,240
2013-01-24,263
2013-01-24,263
2013-01-24,268
2013-01-24,258
2013-01-25,269.5
2013-01-25,270
2013-01-25,275
2013-01-25,264
2013-01-26,277.5
2013-01-26,278
2013-01-26,287
2013-01-26,268
2013-01-27,274
2013-01-27,274
2013-01-27,278
2013-01-27,270
2013-01-28,293
2013-01-28,293
2013-01-28,296
2013-01-28,290
2013-01-29,296
2013-01-29,296
2013-01-29,290
2013-01-29,302
2013-01-30,298.5
2013-01-30,298
2013-01-30,299
2013-01-30,298
2013-01-31,297.5
2013-01-31,298
2013-01-31,296
2013-01-31,299
2013-02-01,299
2013-02-01,299
2013-02-01,296
2013-02-01,302
2013-02-02,301.5
2013-02-02,302
2013-02-02,301
2013-02-02,302
2013-02-03,301
2013-02-03,301
2013-02-03,303
2013-02-03,299
2013-02-04,302
2013-02-04,302
2013-02-04,302
2013-02-04,302
2013-02-05,303
2013-02-05,303
2013-02-05,303
2013-02-05,303
2013-02-06,306
2013-02-06,306
2013-02-06,304
2013-02-06,308
2013-02-07,310
2013-02-07,310
2013-02-07,308
2013-02-07,312
2013-02-08,311.5
2013-02-08,312
2013-02-08,315
2013-02-08,308
2013-02-09,308.5
2013-02-09,308
2013-02-09,307
2013-02-09,310
2013-02-10,311
2013-02-10,311
2013-02-10,310
2013-02-10,312
2013-02-11,314
2013-02-11,314
2013-02-11,313
2013-02-11,315
2013-02-12,334
2013-02-12,334
2013-02-12,332
2013-02-12,336
2013-02-13,333
2013-02-13,333
2013-02-13,332
2013-02-13,334
2013-02-14,328
2013-02-14,328
2013-02-14,327
2013-02-14,329
2013-02-15,327
2013-02-15,327
2013-02-15,326
2013-02-15,328
2013-02-16,327.5
2013-02-16,328
2013-02-16,325
2013-02-16,330
2013-02-17,321.5
2013-02-17,322
2013-02-17,321
2013-02-17,322
2013-02-18,321.5
2013-02-18,322
2013-02-18,320
2013-02-18,323
2013-02-19,321
2013-02-19,321
2013-02-19,319
2013-02-19,323
2013-02-20,317
2013-02-20,317
2013-02-20,316
2013-02-20,318
2013-02-21,313.5
2013-02-21,314
2013-02-21,317
2013-02-21,310
2013-02-22,311
2013-02-22,311
2013-02-22,310
2013-02-22,312
2013-02-23,319.5
2013-02-23,320
2013-02-23,319
2013-02-23,320
2013-02-24,326
2013-02-24,326
2013-02-24,325
2013-02-24,327
2013-02-25,341
2013-02-25,341
2013-02-25,342
2013-02-25,340
2013-02-26,342.5
2013-02-26,342
2013-02-26,343
2013-02-26,342
2013-02-27,348
2013-02-27,348
2013-02-27,344
2013-02-27,352
2013-02-28,358.5
2013-02-28,358
2013-02-28,353
2013-02-28,364
2013-03-01,362.5
2013-03-01,362
2013-03-01,360
2013-03-01,365
2013-03-02,367.5
2013-03-02,368
2013-03-02,368
2013-03-02,367
2013-03-03,367.5
2013-03-03,368
2013-03-03,368
2013-03-03,367
2013-03-04,365.5
2013-03-04,366
2013-03-04,365
2013-03-04,366
2013-03-05,363.5
2013-03-05,364
2013-03-05,362
2013-03-05,365
2013-03-06,360
2013-03-06,360
2013-03-06,358
2013-03-06,362
2013-03-07,359
2013-03-07,359
2013-03-07,358
2013-03-07,360
2013-03-08,361.5
2013-03-08,362
2013-03-08,364
2013-03-08,359
2013-03-09,360
2013-03-09,360
2013-03-09,366
2013-03-09,354
2013-03-10,362
2013-03-10,362
2013-03-10,368
2013-03-10,356
2013-03-11,367.5
2013-03-11,368
2013-03-11,370
2013-03-11,365
2013-03-12,371
2013-03-12,371
2013-03-12,369
2013-03-12,373
2013-03-13,375
2013-03-13,375
2013-03-13,374
2013-03-13,376
2013-03-14,378
2013-03-14,378
2013-03-14,376
2013-03-14,380
2013-03-15,384.5
2013-03-15,384
2013-03-15,382
2013-03-15,387
2013-03-16,377.5
2013-03-16,378
2013-03-16,376
2013-03-16,379
2013-03-17,377
2013-03-17,377
2013-03-17,376
2013-03-17,378
2013-03-18,376.5
2013-03-18,376
2013-03-18,376
2013-03-18,377
2013-03-19,374
2013-03-19,374
2013-03-19,372
2013-03-19,376
2013-03-20,371.5
2013-03-20,372
2013-03-20,370
2013-03-20,373
2013-03-21,371
2013-03-21,371
2013-03-21,365
2013-03-21,377
2013-03-22,371
2013-03-22,371
2013-03-22,376
2013-03-22,366
2013-03-23,375
2013-03-23,375
2013-03-23,370
2013-03-23,380
2013-03-24,380
2013-03-24,380
2013-03-24,382
2013-03-24,378
2013-03-25,387
2013-03-25,387
2013-03-25,390
2013-03-25,384
2013-03-26,389
2013-03-26,389
2013-03-26,392
2013-03-26,386
2013-03-27,395
2013-03-27,395
2013-03-27,396
2013-03-27,394
2013-03-28,397.5
2013-03-28,398
2013-03-28,396
2013-03-28,399
2013-03-29,397.5
2013-03-29,398
2013-03-29,397
2013-03-29,398
2013-03-30,402.5
2013-03-30,403
2013-03-30,399
2013-03-30,406
2013-03-31,409.5
2013-03-31,410
2013-03-31,410
2013-03-31,409
2013-04-01,408.5
2013-04-01,408
2013-04-01,409
2013-04-01,408
2013-04-02,415
2013-04-02,415
2013-04-02,412
2013-04-02,418
2013-04-03,419
2013-04-03,419
2013-04-03,418
2013-04-03,420
2013-04-04,418
2013-04-04,418
2013-04-04,416
2013-04-04,420
2013-04-05,416.5
2013-04-05,416
2013-04-05,416
2013-04-05,417
2013-04-06,413
2013-04-06,413
2013-04-06,414
2013-04-06,412
2013-04-07,416.5
2013-04-07,416
2013-04-07,417
2013-04-07,416
2013-04-08,417
2013-04-08,417
2013-04-08,418
2013-04-08,416
2013-04-09,418
2013-04-09,418
2013-04-09,420
2013-04-09,416
2013-04-10,423.5
2013-04-10,424
2013-04-10,424
2013-04-10,423
2013-04-11,426
2013-04-11,426
2013-04-11,425
2013-04-11,427
2013-04-12,426
2013-04-12,426
2013-04-12,424
2013-04-12,428
2013-04-13,426.5
2013-04-13,426
2013-04-13,426
2013-04-13,427
2013-04-14,425.5
2013-04-14,426
2013-04-14,425
2013-04-14,426
2013-04-15,423
2013-04-15,423
2013-04-15,422
2013-04-15,424
2013-04-16,421
2013-04-16,421
2013-04-16,420
2013-04-16,422
2013-04-17,415.5
2013-04-17,416
2013-04-17,416
2013-04-17,415
2013-04-18,411
2013-04-18,411
2013-04-18,410
2013-04-18,412
2013-04-19,409.5
2013-04-19,410
2013-04-19,409
2013-04-19,410
2013-04-20,410.5
2013-04-20,411
2013-04-20,410
2013-04-20,411
2013-04-21,409.5
2013-04-21,410
2013-04-21,410
2013-04-21,409
2013-04-22,407.5
2013-04-22,408
2013-04-22,408
2013-04-22,407
2013-04-23,403
2013-04-23,403
2013-04-23,407
2013-04-23,399
2013-04-24,403
2013-04-24,403
2013-04-24,405
2013-04-24,401
2013-04-25,405.5
2013-04-25,406
2013-04-25,407
2013-04-25,404
2013-04-26,413.5
2013-04-26,414
2013-04-26,414
2013-04-26,413
2013-04-27,421
2013-04-27,421
2013-04-27,420
2013-04-27,422
2013-04-28,423.5
2013-04-28,424
2013-04-28,421
2013-04-28,426
2013-04-29,428
2013-04-29,428
2013-04-29,426
2013-04-29,430
2013-04-30,432
2013-04-30,432
2013-04-30,432
2013-04-30,432
2013-05-01,431
2013-05-01,431
2013-05-01,431
2013-05-01,431
2013-05-02,430.5
2013-05-02,430
2013-05-02,429
2013-05-02,432
2013-05-03,428.5
2013-05-03,428
2013-05-03,429
2013-05-03,428
2013-05-04,429
2013-05-04,429
2013-05-04,428
2013-05-04,430
2013-05-05,427.5
2013-05-05,428
2013-05-05,427
2013-05-05,428
2013-05-06,426
2013-05-06,426
2013-05-06,428
2013-05-06,424
2013-05-07,425
2013-05-07,425
2013-05-07,427
2013-05-07,423
2013-05-08,426
2013-05-08,426
2013-05-08,428
2013-05-08,424
2013-05-09,424.5
2013-05-09,424
2013-05-09,426
2013-05-09,423
2013-05-10,429.5
2013-05-10,430
2013-05-10,426
2013-05-10,433
2013-05-11,427.5
2013-05-11,428
2013-05-11,427
2013-05-11,428
2013-05-12,428
2013-05-12,428
2013-05-12,429
2013-05-12,427
2013-05-13,427
2013-05-13,427
2013-05-13,426
2013-05-13,428
2013-05-14,428
2013-05-14,428
2013-05-14,426
2013-05-14,430
2013-05-15,424.5
2013-05-15,424
2013-05-15,423
2013-05-15,426
2013-05-16,423.5
2013-05-16,424
2013-05-16,423
2013-05-16,424
2013-05-17,420.5
2013-05-17,420
2013-05-17,419
2013-05-17,422
2013-05-18,419
2013-05-18,419
2013-05-18,418
2013-05-18,420
2013-05-19,417.5
2013-05-19,418
2013-05-19,417
2013-05-19,418
2013-05-20,416.5
2013-05-20,416
2013-05-20,416
2013-05-20,417
2013-05-21,419.5
2013-05-21,420
2013-05-21,419
2013-05-21,420
2013-05-22,422.5
2013-05-22,422
2013-05-22,422
2013-05-22,423
2013-05-23,422
2013-05-23,422
2013-05-23,425
2013-05-23,419
2013-05-24,419
2013-05-24,419
2013-05-24,420
2013-05-24,418
2013-05-25,423.5
2013-05-25,424
2013-05-25,422
2013-05-25,425
2013-05-26,426.5
2013-05-26,426
2013-05-26,426
2013-05-26,427
2013-05-27,427.5
2013-05-27,428
2013-05-27,427
2013-05-27,428
2013-05-28,429.5
2013-05-28,430
2013-05-28,429
2013-05-28,430
2013-05-29,430.5
2013-05-29,430
2013-05-29,430
2013-05-29,431
2013-05-30,428.5
2013-05-30,428
2013-05-30,428
2013-05-30,429
2013-05-31,424.5
2013-05-31,424
2013-05-31,426
2013-05-31,423
2013-06-01,414.5
2013-06-01,414
2013-06-01,415
2013-06-01,414
2013-06-02,412.5
2013-06-02,412
2013-06-02,412
2013-06-02,413
2013-06-03,407.5
2013-06-03,408
2013-06-03,408
2013-06-03,407
2013-06-04,402
2013-06-04,402
2013-06-04,403
2013-06-04,401
2013-06-05,397
2013-06-05,397
2013-06-05,399
2013-06-05,395
2013-06-06,393.5
2013-06-06,394
2013-06-06,397
2013-06-06,390
2013-06-07,389
2013-06-07,389
2013-06-07,390
2013-06-07,388
2013-06-08,396.5
2013-06-08,396
2013-06-08,397
2013-06-08,396
2013-06-09,394.5
2013-06-09,394
2013-06-09,395
2013-06-09,394
2013-06-10,388
2013-06-10,388
2013-06-10,387
2013-06-10,389
2013-06-11,386.5
2013-06-11,386
2013-06-11,388
2013-06-11,385
2013-06-12,381
2013-06-12,381
2013-06-12,383
2013-06-12,379
2013-06-13,379.5
2013-06-13,380
2013-06-13,381
2013-06-13,378
2013-06-14,379.5
2013-06-14,380
2013-06-14,379
2013-06-14,380
2013-06-15,377
2013-06-15,377
2013-06-15,378
2013-06-15,376
2013-06-16,373.5
2013-06-16,374
2013-06-16,373
2013-06-16,374
2013-06-17,374
2013-06-17,374
2013-06-17,372
2013-06-17,376
2013-06-18,374.5
2013-06-18,374
2013-06-18,374
2013-06-18,375
2013-06-19,379.5
2013-06-19,380
2013-06-19,380
2013-06-19,379
2013-06-20,377.5
2013-06-20,378
2013-06-20,378
2013-06-20,377
2013-06-21,376
2013-06-21,376
2013-06-21,377
2013-06-21,375
2013-06-22,379
2013-06-22,379
2013-06-22,382
2013-06-22,376
2013-06-23,375
2013-06-23,375
2013-06-23,378
2013-06-23,372
2013-06-24,377
2013-06-24,377
2013-06-24,377
2013-06-24,377
2013-06-25,381
2013-06-25,381
2013-06-25,382
2013-06-25,380
2013-06-26,378.5
2013-06-26,378
2013-06-26,378
2013-06-26,379
2013-06-27,377.5
2013-06-27,378
2013-06-27,377
2013-06-27,378
2013-06-28,375.5
2013-06-28,376
2013-06-28,376
2013-06-28,375
2013-06-29,374.5
2013-06-29,374
2013-06-29,374
2013-06-29,375
2013-06-30,373
2013-06-30,373
2013-06-30,372
2013-06-30,374
2013-07-01,367
2013-07-01,367
2013-07-01,366
2013-07-01,368
2013-07-02,362.5
2013-07-02,362
2013-07-02,361
2013-07-02,364
2013-07-03,358
2013-07-03,358
2013-07-03,358
2013-07-03,358
2013-07-04,350.5
2013-07-04,350
2013-07-04,354
2013-07-04,347
2013-07-05,347
2013-07-05,347
2013-07-05,346
2013-07-05,348
2013-07-06,353
2013-07-06,353
2013-07-06,358
2013-07-06,348
2013-07-07,349
2013-07-07,349
2013-07-07,351
2013-07-07,347
2013-07-08,343
2013-07-08,343
2013-07-08,344
2013-07-08,342
2013-07-09,343
2013-07-09,343
2013-07-09,346
2013-07-09,340
2013-07-10,347.5
2013-07-10,348
2013-07-10,348
2013-07-10,347
2013-07-11,343.5
2013-07-11,344
2013-07-11,342
2013-07-11,345
2013-07-12,343.5
2013-07-12,344
2013-07-12,343
2013-07-12,344
2013-07-13,341
2013-07-13,341
2013-07-13,342
2013-07-13,340
2013-07-14,342.5
2013-07-14,342
2013-07-14,343
2013-07-14,342
2013-07-15,338.5
2013-07-15,338
2013-07-15,339
2013-07-15,338
2013-07-16,337.5
2013-07-16,338
2013-07-16,338
2013-07-16,337
2013-07-17,338.5
2013-07-17,338
2013-07-17,336
2013-07-17,341
2013-07-18,335
2013-07-18,335
2013-07-18,333
2013-07-18,337
2013-07-19,333.5
2013-07-19,334
2013-07-19,333
2013-07-19,334
2013-07-20,341.5
2013-07-20,342
2013-07-20,338
2013-07-20,345
2013-07-21,345.5
2013-07-21,346
2013-07-21,347
2013-07-21,344
2013-07-22,338
2013-07-22,338
2013-07-22,341
2013-07-22,335
2013-07-23,343.5
2013-07-23,344
2013-07-23,347
2013-07-23,340
2013-07-24,349.5
2013-07-24,350
2013-07-24,355
2013-07-24,344
2013-07-25,343.5
2013-07-25,344
2013-07-25,342
2013-07-25,345
2013-07-26,347
2013-07-26,347
2013-07-26,345
2013-07-26,349
2013-07-27,353.5
2013-07-27,354
2013-07-27,357
2013-07-27,350
2013-07-28,351.5
2013-07-28,352
2013-07-28,355
2013-07-28,348
2013-07-29,339.5
2013-07-29,340
2013-07-29,345
2013-07-29,334
2013-07-30,323.5
2013-07-30,324
2013-07-30,321
2013-07-30,326
2013-07-31,317
2013-07-31,317
2013-07-31,314
2013-07-31,320
2013-08-01,316
2013-08-01,316
2013-08-01,312
2013-08-01,320
2013-08-02,313
2013-08-02,313
2013-08-02,312
2013-08-02,314
2013-08-03,311
2013-08-03,311
2013-08-03,310
2013-08-03,312
2013-08-04,309.5
2013-08-04,310
2013-08-04,312
2013-08-04,307
2013-08-05,300.5
2013-08-05,300
2013-08-05,302
2013-08-05,299
2013-08-06,311.5
2013-08-06,312
2013-08-06,316
2013-08-06,307
2013-08-07,314.5
2013-08-07,314
2013-08-07,319
2013-08-07,310
2013-08-08,313.5
2013-08-08,314
2013-08-08,312
2013-08-08,315
2013-08-09,312.5
2013-08-09,312
2013-08-09,311
2013-08-09,314
2013-08-10,312.5
2013-08-10,312
2013-08-10,312
2013-08-10,313
2013-08-11,314.5
2013-08-11,314
2013-08-11,315
2013-08-11,314
2013-08-12,312.5
2013-08-12,312
2013-08-12,313
2013-08-12,312
2013-08-13,309
2013-08-13,309
2013-08-13,310
2013-08-13,308
2013-08-14,304
2013-08-14,304
2013-08-14,304
2013-08-14,304
2013-08-15,301.5
2013-08-15,302
2013-08-15,299
2013-08-15,304
2013-08-16,302
2013-08-16,302
2013-08-16,299
2013-08-16,305
2013-08-17,303.5
2013-08-17,304
2013-08-17,303
2013-08-17,304
2013-08-18,312
2013-08-18,312
2013-08-18,308
2013-08-18,316
2013-08-19,312
2013-08-19,312
2013-08-19,320
2013-08-19,304
2013-08-20,314.5
2013-08-20,314
2013-08-20,324
2013-08-20,305
2013-08-21,314
2013-08-21,314
2013-08-21,319
2013-08-21,309
2013-08-22,308
2013-08-22,308
2013-08-22,315
2013-08-22,301
2013-08-23,319
2013-08-23,319
2013-08-23,310
2013-08-23,328
2013-08-24,324.5
2013-08-24,324
2013-08-24,332
2013-08-24,317
2013-08-25,313.5
2013-08-25,314
2013-08-25,312
2013-08-25,315
2013-08-26,305
2013-08-26,305
2013-08-26,306
2013-08-26,304
2013-08-27,300.5
2013-08-27,300
2013-08-27,299
2013-08-27,302
2013-08-28,298.5
2013-08-28,298
2013-08-28,299
2013-08-28,298
2013-08-29,297.5
2013-08-29,298
2013-08-29,298
2013-08-29,297
2013-08-30,295.5
2013-08-30,296
2013-08-30,296
2013-08-30,295
2013-08-31,291.5
2013-08-31,292
2013-08-31,293
2013-08-31,290
2013-09-01,289.5
2013-09-01,290
2013-09-01,290
2013-09-01,289
2013-09-02,288.5
2013-09-02,288
2013-09-02,289
2013-09-02,288
2013-09-03,287.5
2013-09-03,288
2013-09-03,288
2013-09-03,287
2013-09-04,293.5
2013-09-04,294
2013-09-04,299
2013-09-04,288
2013-09-05,294
2013-09-05,294
2013-09-05,301
2013-09-05,287
2013-09-06,285.5
2013-09-06,286
2013-09-06,286
2013-09-06,285
2013-09-07,302.5
2013-09-07,302
2013-09-07,302
2013-09-07,303
2013-09-08,304.5
2013-09-08,304
2013-09-08,304
2013-09-08,305
2013-09-09,298.5
2013-09-09,298
2013-09-09,299
2013-09-09,298
2013-09-10,297.5
2013-09-10,298
2013-09-10,298
2013-09-10,297
2013-09-11,297.5
2013-09-11,298
2013-09-11,299
2013-09-11,296
2013-09-12,295
2013-09-12,295
2013-09-12,295
2013-09-12,295
2013-09-13,292.5
2013-09-13,292
2013-09-13,293
2013-09-13,292
2013-09-14,281
2013-09-14,281
2013-09-14,280
2013-09-14,282
2013-09-15,281.5
2013-09-15,282
2013-09-15,283
2013-09-15,280
2013-09-16,283
2013-09-16,283
2013-09-16,280
2013-09-16,286
2013-09-17,291
2013-09-17,291
2013-09-17,290
2013-09-17,292
2013-09-18,292.5
2013-09-18,292
2013-09-18,292
2013-09-18,293
2013-09-19,289.5
2013-09-19,290
2013-09-19,290
2013-09-19,289
2013-09-20,301.5
2013-09-20,302
2013-09-20,302
2013-09-20,301
2013-09-21,293.5
2013-09-21,294
2013-09-21,299
2013-09-21,288
2013-09-22,286.5
2013-09-22,286
2013-09-22,287
2013-09-22,286
2013-09-23,284.5
2013-09-23,284
2013-09-23,285
2013-09-23,284
2013-09-24,281
2013-09-24,281
2013-09-24,282
2013-09-24,280
2013-09-25,278.5
2013-09-25,278
2013-09-25,279
2013-09-25,278
2013-09-26,277
2013-09-26,277
2013-09-26,278
2013-09-26,276
2013-09-27,274.5
2013-09-27,274
2013-09-27,275
2013-09-27,274
2013-09-28,271
2013-09-28,271
2013-09-28,272
2013-09-28,270
2013-09-29,270.5
2013-09-29,270
2013-09-29,270
2013-09-29,271
2013-09-30,268.5
2013-09-30,268
2013-09-30,269
2013-09-30,268
2013-11-01,207
2013-11-01,207
2013-11-01,206
2013-11-01,208
2013-11-02,209
2013-11-02,209
2013-11-02,208
2013-11-02,210
2013-11-03,211
2013-11-03,211
2013-11-03,210
2013-11-03,212
2013-11-04,213.5
2013-11-04,213
2013-11-04,213
2013-11-04,214
2013-11-05,212.5
2013-11-05,212
2013-11-05,212
2013-11-05,213
2013-11-06,213.5
2013-11-06,213
2013-11-06,213
2013-11-06,214
2013-11-07,214
2013-11-07,214
2013-11-07,214
2013-11-07,214
2013-11-08,214
2013-11-08,214
2013-11-08,213
2013-11-08,215
2013-11-09,214
2013-11-09,214
2013-11-09,214
2013-11-09,214
2013-11-10,217
2013-11-10,217
2013-11-10,216
2013-11-10,218
2013-11-11,217.5
2013-11-11,217
2013-11-11,217
2013-11-11,218
2013-11-12,218.5
2013-11-12,218
2013-11-12,218
2013-11-12,219
2013-11-13,221
2013-11-13,221
2013-11-13,220
2013-11-13,222
2013-11-14,222.5
2013-11-14,222
2013-11-14,222
2013-11-14,223
2013-11-15,223.5
2013-11-15,224
2013-11-15,223
2013-11-15,224
2013-11-16,225
2013-11-16,225
2013-11-16,224
2013-11-16,226
2013-11-17,227
2013-11-17,227
2013-11-17,226
2013-11-17,228
2013-11-18,225
2013-11-18,225
2013-11-18,224
2013-11-18,226
2013-11-19,228
2013-11-19,228
2013-11-19,228
2013-11-19,228
2013-11-20,229.5
2013-11-20,230
2013-11-20,229
2013-11-20,230
2013-11-21,232
2013-11-21,232
2013-11-21,232
2013-11-21,232
2013-11-22,233.5
2013-11-22,234
2013-11-22,233
2013-11-22,234
2013-11-23,234.5
2013-11-23,235
2013-11-23,234
2013-11-23,235
2013-11-24,235.5
2013-11-24,236
2013-11-24,235
2013-11-24,236
2013-11-25,237.5
2013-11-25,238
2013-11-25,237
2013-11-25,238
2013-11-26,238.5
2013-11-26,238
2013-11-26,238
2013-11-26,239
2013-11-27,242
2013-11-27,242
2013-11-27,240
2013-11-27,244
2013-11-28,248
2013-11-28,248
2013-11-28,248
2013-11-28,248
2013-11-29,253
2013-11-29,253
2013-11-29,250
2013-11-29,256
2013-11-30,255.5
2013-11-30,256
2013-11-30,256
2013-11-30,255
2013-12-01,238
2013-12-01,238
2013-12-01,232
2013-12-01,244
2013-12-02,242
2013-12-02,242
2013-12-02,246
2013-12-02,238
2013-12-03,242
2013-12-03,242
2013-12-03,242
2013-12-03,242
2013-12-04,245
2013-12-04,245
2013-12-04,244
2013-12-04,246
2013-12-05,247.5
2013-12-05,248
2013-12-05,248
2013-12-05,247
2013-12-06,237
2013-12-06,237
2013-12-06,232
2013-12-06,242
2013-12-07,239
2013-12-07,239
2013-12-07,234
2013-12-07,244
2013-12-08,239
2013-12-08,239
2013-12-08,234
2013-12-08,244
2013-12-09,237
2013-12-09,237
2013-12-09,234
2013-12-09,240
2013-12-10,231
2013-12-10,231
2013-12-10,228
2013-12-10,234
2013-12-11,231
2013-12-11,231
2013-12-11,228
2013-12-11,234
2013-12-12,234
2013-12-12,234
2013-12-12,226
2013-12-12,242
2013-12-13,230
2013-12-13,230
2013-12-13,228
2013-12-13,232
2013-12-14,231
2013-12-14,231
2013-12-14,230
2013-12-14,232
2013-12-15,231
2013-12-15,231
2013-12-15,232
2013-12-15,230
2013-12-16,234
2013-12-16,234
2013-12-16,240
2013-12-16,228
2013-12-17,236
2013-12-17,236
2013-12-17,246
2013-12-17,226
2013-12-18,236
2013-12-18,236
2013-12-18,244
2013-12-18,228
2013-12-19,234
2013-12-19,234
2013-12-19,228
2013-12-19,240
2013-12-20,234
2013-12-20,234
2013-12-20,226
2013-12-20,242
2013-12-21,235
2013-12-21,235
2013-12-21,230
2013-12-21,240
2013-12-22,231
2013-12-22,231
2013-12-22,236
2013-12-22,226
2013-12-23,229
2013-12-23,229
2013-12-23,230
2013-12-23,228
2013-12-24,229
2013-12-24,229
2013-12-24,232
2013-12-24,226
2013-12-25,230.5
2013-12-25,231
2013-12-25,230
2013-12-25,231
2013-12-26,233
2013-12-26,233
2013-12-26,232
2013-12-26,234
2013-12-27,231
2013-12-27,231
2013-12-27,232
2013-12-27,230
2013-12-28,233
2013-12-28,233
2013-12-28,234
2013-12-28,232
2013-12-29,247
2013-12-29,247
2013-12-29,246
2013-12-29,248
2013-12-30,244
2013-12-30,244
2013-12-30,250
2013-12-30,238
2013-12-31,267
2013-12-31,267
2013-12-31,266
2013-12-31,268
2014-01-01,264
2014-01-01,264
2014-01-01,266
2014-01-01,262
2014-01-02,263.5
2014-01-02,264
2014-01-02,263
2014-01-02,264
2014-01-03,265
2014-01-03,265
2014-01-03,264
2014-01-03,266
2014-01-04,267.5
2014-01-04,268
2014-01-04,268
2014-01-04,267
2014-01-05,271
2014-01-05,271
2014-01-05,270
2014-01-05,272
2014-01-06,274.5
2014-01-06,274
2014-01-06,274
2014-01-06,275
2014-01-07,277
2014-01-07,277
2014-01-07,278
2014-01-07,276
2014-01-08,277
2014-01-08,277
2014-01-08,276
2014-01-08,278
2014-01-09,278.5
2014-01-09,278
2014-01-09,278
2014-01-09,279
2014-01-10,276.5
2014-01-10,276
2014-01-10,274
2014-01-10,279
2014-01-11,281
2014-01-11,281
2014-01-11,280
2014-01-11,282
2014-01-12,284
2014-01-12,284
2014-01-12,284
2014-01-12,284
2014-01-13,285.5
2014-01-13,286
2014-01-13,285
2014-01-13,286
2014-01-14,283
2014-01-14,283
2014-01-14,282
2014-01-14,284
2014-01-15,285
2014-01-15,285
2014-01-15,284
2014-01-15,286
2014-01-16,287.5
2014-01-16,288
2014-01-16,287
2014-01-16,288
2014-01-17,288.5
2014-01-17,288
2014-01-17,288
2014-01-17,289
2014-01-18,290.5
2014-01-18,290
2014-01-18,290
2014-01-18,291
2014-01-19,287
2014-01-19,287
2014-01-19,288
2014-01-19,286
2014-01-20,284
2014-01-20,284
2014-01-20,282
2014-01-20,286
2014-01-21,281
2014-01-21,281
2014-01-21,280
2014-01-21,282
2014-01-22,279.5
2014-01-22,280
2014-01-22,280
2014-01-22,279
2014-01-23,273
2014-01-23,273
2014-01-23,274
2014-01-23,272
2014-01-24,276
2014-01-24,276
2014-01-24,278
2014-01-24,274
2014-01-25,271
2014-01-25,271
2014-01-25,272
2014-01-25,270
2014-01-26,273
2014-01-26,273
2014-01-26,272
2014-01-26,274
2014-01-27,276
2014-01-27,276
2014-01-27,278
2014-01-27,274
2014-01-28,276.5
2014-01-28,276
2014-01-28,275
2014-01-28,278
2014-01-29,275
2014-01-29,275
2014-01-29,278
2014-01-29,272
2014-01-30,277
2014-01-30,277
2014-01-30,274
2014-01-30,280
2014-03-01,403
2014-03-01,403
2014-03-01,402
2014-03-01,404
2014-03-02,404
2014-03-02,404
2014-03-02,404
2014-03-02,404
2014-03-03,404
2014-03-03,404
2014-03-03,406
2014-03-03,402
2014-03-04,407
2014-03-04,407
2014-03-04,408
2014-03-04,406
2014-03-05,406
2014-03-05,406
2014-03-05,408
2014-03-05,404
2014-03-06,409
2014-03-06,409
2014-03-06,410
2014-03-06,408
2014-03-07,409
2014-03-07,409
2014-03-07,410
2014-03-07,408
2014-03-08,411
2014-03-08,411
2014-03-08,412
2014-03-08,410
2014-03-09,413
2014-03-09,413
2014-03-09,414
2014-03-09,412
2014-03-10,414
2014-03-10,414
2014-03-10,416
2014-03-10,412
2014-03-11,416
2014-03-11,416
2014-03-11,418
2014-03-11,414
2014-03-12,419
2014-03-12,419
2014-03-12,420
2014-03-12,418
2014-03-13,422
2014-03-13,422
2014-03-13,422
2014-03-13,422
2014-03-14,420
2014-03-14,420
2014-03-14,420
2014-03-14,420
2014-03-15,422
2014-03-15,422
2014-03-15,422
2014-03-15,422
2014-03-16,423
2014-03-16,423
2014-03-16,424
2014-03-16,422
2014-03-17,424
2014-03-17,424
2014-03-17,426
2014-03-17,422
2014-03-18,426
2014-03-18,426
2014-03-18,424
2014-03-18,428
2014-03-19,430
2014-03-19,430
2014-03-19,428
2014-03-19,432
2014-03-20,437
2014-03-20,437
2014-03-20,436
2014-03-20,438
2014-03-21,439
2014-03-21,439
2014-03-21,438
2014-03-21,440
2014-03-22,443
2014-03-22,443
2014-03-22,442
2014-03-22,444
2014-03-23,439
2014-03-23,439
2014-03-23,440
2014-03-23,438
2014-03-24,435
2014-03-24,435
2014-03-24,436
2014-03-24,434
2014-03-25,436.5
2014-03-25,436
2014-03-25,437
2014-03-25,436
2014-03-26,430
2014-03-26,430
2014-03-26,430
2014-03-26,430
2014-03-27,430.5
2014-03-27,430
2014-03-27,429
2014-03-27,432
2014-03-28,429.5
2014-03-28,430
2014-03-28,430
2014-03-28,429
2014-03-29,436
2014-03-29,436
2014-03-29,439
2014-03-29,433
2014-03-30,439.5
2014-03-30,439
2014-03-30,440
2014-03-30,439
2014-03-31,445.5
2014-03-31,446
2014-03-31,444
2014-03-31,447
2014-04-01,454
2014-04-01,454
2014-04-01,453
2014-04-01,455
2014-04-02,454.5
2014-04-02,454
2014-04-02,459
2014-04-02,450
2014-04-03,463
2014-04-03,463
2014-04-03,464
2014-04-03,462
2014-04-04,455
2014-04-04,455
2014-04-04,456
2014-04-04,454
2014-04-05,450
2014-04-05,450
2014-04-05,452
2014-04-05,448
2014-04-06,444
2014-04-06,444
2014-04-06,446
2014-04-06,442
2014-04-07,441
2014-04-07,441
2014-04-07,440
2014-04-07,442
2014-04-08,437.5
2014-04-08,438
2014-04-08,436
2014-04-08,439
2014-04-09,436.5
2014-04-09,436
2014-04-09,435
2014-04-09,438
2014-04-10,438
2014-04-10,438
2014-04-10,436
2014-04-10,440
2014-04-11,438.5
2014-04-11,438
2014-04-11,441
2014-04-11,436
2014-04-12,438
2014-04-12,438
2014-04-12,440
2014-04-12,436
2014-04-13,437.5
2014-04-13,438
2014-04-13,440
2014-04-13,435
2014-04-14,440.5
2014-04-14,440
2014-04-14,441
2014-04-14,440
2014-04-15,443.5
2014-04-15,443
2014-04-15,444
2014-04-15,443
2014-04-16,444
2014-04-16,444
2014-04-16,446
2014-04-16,442
2014-04-17,450.5
2014-04-17,450
2014-04-17,450
2014-04-17,451
2014-04-18,452
2014-04-18,452
2014-04-18,452
2014-04-18,452
2014-04-19,451
2014-04-19,451
2014-04-19,451
2014-04-19,451
2014-04-20,453.5
2014-04-20,454
2014-04-20,453
2014-04-20,454
2014-04-21,454.5
2014-04-21,454
2014-04-21,454
2014-04-21,455
2014-04-22,448.5
2014-04-22,449
2014-04-22,449
2014-04-22,448
2014-04-23,448
2014-04-23,448
2014-04-23,449
2014-04-23,447
2014-04-24,446.5
2014-04-24,446
2014-04-24,447
2014-04-24,446
2014-04-25,447
2014-04-25,447
2014-04-25,446
2014-04-25,448
2014-04-26,451.5
2014-04-26,451
2014-04-26,452
2014-04-26,451
2014-04-27,450
2014-04-27,450
2014-04-27,450
2014-04-27,450
2014-04-28,456
2014-04-28,456
2014-04-28,457
2014-04-28,455
2014-04-29,458.5
2014-04-29,458
2014-04-29,458
2014-04-29,459
2014-04-30,458.5
2014-04-30,458
2014-04-30,459
2014-04-30,458
2014-05-01,458.5
2014-05-01,458
2014-05-01,457
2014-05-01,460
2014-05-02,458.5
2014-05-02,458
2014-05-02,458
2014-05-02,459
2014-05-03,456.5
2014-05-03,457
2014-05-03,456
2014-05-03,457
2014-05-04,453.5
2014-05-04,454
2014-05-04,457
2014-05-04,450
2014-05-05,446.5
2014-05-05,446
2014-05-05,446
2014-05-05,447
2014-05-06,445.5
2014-05-06,446
2014-05-06,445
2014-05-06,446
2014-05-07,444.5
2014-05-07,444
2014-05-07,445
2014-05-07,444
2014-05-08,443.5
2014-05-08,443
2014-05-08,444
2014-05-08,443
2014-05-09,439
2014-05-09,439
2014-05-09,440
2014-05-09,438
2014-05-10,435.5
2014-05-10,436
2014-05-10,436
2014-05-10,435
2014-05-11,436.5
2014-05-11,436
2014-05-11,437
2014-05-11,436
2014-05-12,441.5
2014-05-12,442
2014-05-12,442
2014-05-12,441
2014-05-13,442
2014-05-13,442
2014-05-13,443
2014-05-13,441
2014-05-14,446.5
2014-05-14,446
2014-05-14,446
2014-05-14,447
2014-05-15,447.5
2014-05-15,447
2014-05-15,448
2014-05-15,447
2014-05-16,449.5
2014-05-16,450
2014-05-16,449
2014-05-16,450
2014-05-17,450.5
2014-05-17,450
2014-05-17,450
2014-05-17,451
2014-05-18,450
2014-05-18,450
2014-05-18,450
2014-05-18,450
2014-05-19,449.5
2014-05-19,450
2014-05-19,449
2014-05-19,450
2014-05-20,449.5
2014-05-20,450
2014-05-20,449
2014-05-20,450
2014-05-21,450
2014-05-21,450
2014-05-21,449
2014-05-21,451
2014-05-22,450
2014-05-22,450
2014-05-22,450
2014-05-22,450
2014-05-23,450
2014-05-23,450
2014-05-23,450
2014-05-23,450
2014-05-24,445.5
2014-05-24,446
2014-05-24,447
2014-05-24,444
2014-05-25,442
2014-05-25,442
2014-05-25,444
2014-05-25,440
2014-05-26,438
2014-05-26,438
2014-05-26,440
2014-05-26,436
2014-05-27,437
2014-05-27,437
2014-05-27,439
2014-05-27,435
2014-05-28,437.5
2014-05-28,438
2014-05-28,439
2014-05-28,436
2014-05-29,434.5
2014-05-29,434
2014-05-29,435
2014-05-29,434
2014-05-30,434
2014-05-30,434
2014-05-30,434
2014-05-30,434
2014-05-31,435
2014-05-31,435
2014-05-31,435
2014-05-31,435
2014-06-01,434.5
2014-06-01,434
2014-06-01,434
2014-06-01,435
2014-06-02,430.5
2014-06-02,430
2014-06-02,431
2014-06-02,430
2014-06-03,428.5
2014-06-03,428
2014-06-03,429
2014-06-03,428
2014-06-04,425
2014-06-04,425
2014-06-04,424
2014-06-04,426
2014-06-05,423
2014-06-05,423
2014-06-05,422
2014-06-05,424
2014-06-06,420
2014-06-06,420
2014-06-06,420
2014-06-06,420
2014-06-07,418
2014-06-07,418
2014-06-07,418
2014-06-07,418
2014-06-08,415.5
2014-06-08,416
2014-06-08,416
2014-06-08,415
2014-06-09,415
2014-06-09,415
2014-06-09,414
2014-06-09,416
2014-06-10,413
2014-06-10,413
2014-06-10,414
2014-06-10,412
2014-06-11,416
2014-06-11,416
2014-06-11,416
2014-06-11,416
2014-06-12,419
2014-06-12,419
2014-06-12,420
2014-06-12,418
2014-06-13,417
2014-06-13,417
2014-06-13,418
2014-06-13,416
2014-06-14,415
2014-06-14,415
2014-06-14,416
2014-06-14,414
2014-06-15,415
2014-06-15,415
2014-06-15,415
2014-06-15,415
2014-06-16,416
2014-06-16,416
2014-06-16,416
2014-06-16,416
2014-06-17,414
2014-06-17,414
2014-06-17,414
2014-06-17,414
2014-06-18,413.5
2014-06-18,414
2014-06-18,414
2014-06-18,413
2014-06-19,413
2014-06-19,413
2014-06-19,413
2014-06-19,413
2014-06-20,412
2014-06-20,412
2014-06-20,412
2014-06-20,412
2014-06-21,410
2014-06-21,410
2014-06-21,410
2014-06-21,410
2014-06-22,405.5
2014-06-22,406
2014-06-22,407
2014-06-22,404
2014-06-23,401.5
2014-06-23,401
2014-06-23,402
2014-06-23,401
2014-06-24,398
2014-06-24,398
2014-06-24,398
2014-06-24,398
2014-06-25,394.5
2014-06-25,394
2014-06-25,399
2014-06-25,390
2014-06-26,395.5
2014-06-26,396
2014-06-26,396
2014-06-26,395
2014-06-27,396
2014-06-27,396
2014-06-27,397
2014-06-27,395
2014-06-28,397
2014-06-28,397
2014-06-28,398
2014-06-28,396
2014-06-29,394
2014-06-29,394
2014-06-29,396
2014-06-29,392
2014-06-30,389.5
2014-06-30,390
2014-06-30,390
2014-06-30,389
2014-07-01,387.5
2014-07-01,388
2014-07-01,388
2014-07-01,387
2014-07-02,384.5
2014-07-02,384
2014-07-02,384
2014-07-02,385
2014-07-03,380.5
2014-07-03,380
2014-07-03,381
2014-07-03,380
2014-07-04,380
2014-07-04,380
2014-07-04,378
2014-07-04,382
2014-07-05,388.5
2014-07-05,388
2014-07-05,389
2014-07-05,388
2014-07-06,384
2014-07-06,384
2014-07-06,386
2014-07-06,382
2014-07-07,383
2014-07-07,383
2014-07-07,384
2014-07-07,382
2014-07-08,375
2014-07-08,375
2014-07-08,376
2014-07-08,374
2014-07-09,373
2014-07-09,373
2014-07-09,374
2014-07-09,372
2014-07-10,374
2014-07-10,374
2014-07-10,376
2014-07-10,372
2014-07-11,375
2014-07-11,375
2014-07-11,380
2014-07-11,370
2014-07-12,374
2014-07-12,374
2014-07-12,376
2014-07-12,372
2014-07-13,382
2014-07-13,382
2014-07-13,384
2014-07-13,380
2014-07-14,386
2014-07-14,386
2014-07-14,388
2014-07-14,384
2014-07-15,384
2014-07-15,384
2014-07-15,386
2014-07-15,382
2014-07-16,390
2014-07-16,390
2014-07-16,392
2014-07-16,388
2014-07-17,382
2014-07-17,382
2014-07-17,382
2014-07-17,382
2014-07-18,377
2014-07-18,377
2014-07-18,378
2014-07-18,376
2014-07-19,369
2014-07-19,369
2014-07-19,370
2014-07-19,368
2014-07-20,370
2014-07-20,370
2014-07-20,370
2014-07-20,370
2014-07-21,364
2014-07-21,364
2014-07-21,364
2014-07-21,364
2014-07-22,365
2014-07-22,365
2014-07-22,366
2014-07-22,364
2014-07-23,364
2014-07-23,364
2014-07-23,368
2014-07-23,360
2014-07-24,367
2014-07-24,367
2014-07-24,370
2014-07-24,364
2014-07-25,370
2014-07-25,370
2014-07-25,372
2014-07-25,368
2014-07-26,363.5
2014-07-26,364
2014-07-26,370
2014-07-26,357
2014-07-27,354.5
2014-07-27,354
2014-07-27,355
2014-07-27,354
2014-07-28,358
2014-07-28,358
2014-07-28,362
2014-07-28,354
2014-07-29,353.5
2014-07-29,354
2014-07-29,354
2014-07-29,353
2014-07-30,351
2014-07-30,351
2014-07-30,350
2014-07-30,352
2014-07-31,350.5
2014-07-31,350
2014-07-31,351
2014-07-31,350
2014-08-01,351.5
2014-08-01,352
2014-08-01,351
2014-08-01,352
2014-08-02,348.5
2014-08-02,348
2014-08-02,349
2014-08-02,348
2014-08-03,345
2014-08-03,345
2014-08-03,346
2014-08-03,344
2014-08-04,343
2014-08-04,343
2014-08-04,340
2014-08-04,346
2014-08-05,342
2014-08-05,342
2014-08-05,342
2014-08-05,342
2014-08-06,345
2014-08-06,345
2014-08-06,346
2014-08-06,344
2014-08-07,346.5
2014-08-07,346
2014-08-07,347
2014-08-07,346
2014-08-08,349.5
2014-08-08,350
2014-08-08,349
2014-08-08,350
2014-08-09,352
2014-08-09,352
2014-08-09,354
2014-08-09,350
2014-08-10,350
2014-08-10,350
2014-08-10,356
2014-08-10,344
2014-08-11,355.5
2014-08-11,356
2014-08-11,360
2014-08-11,351
2014-08-12,357
2014-08-12,357
2014-08-12,360
2014-08-12,354
2014-08-13,361
2014-08-13,361
2014-08-13,364
2014-08-13,358
2014-08-14,356
2014-08-14,356
2014-08-14,356
2014-08-14,356
2014-08-15,350.5
2014-08-15,350
2014-08-15,352
2014-08-15,349
2014-08-16,351.5
2014-08-16,352
2014-08-16,351
2014-08-16,352
2014-08-17,341
2014-08-17,341
2014-08-17,342
2014-08-17,340
2014-08-18,335
2014-08-18,335
2014-08-18,334
2014-08-18,336
2014-08-19,329
2014-08-19,329
2014-08-19,330
2014-08-19,328
2014-08-20,327
2014-08-20,327
2014-08-20,328
2014-08-20,326
2014-08-21,328
2014-08-21,328
2014-08-21,328
2014-08-21,328
2014-08-22,321.5
2014-08-22,322
2014-08-22,327
2014-08-22,316
2014-08-23,319.5
2014-08-23,320
2014-08-23,324
2014-08-23,315
2014-08-24,322
2014-08-24,322
2014-08-24,328
2014-08-24,316
2014-08-25,323
2014-08-25,323
2014-08-25,330
2014-08-25,316
2014-08-26,329
2014-08-26,329
2014-08-26,336
2014-08-26,322
2014-08-27,332
2014-08-27,332
2014-08-27,338
2014-08-27,326
2014-08-28,323
2014-08-28,323
2014-08-28,326
2014-08-28,320
2014-08-29,316
2014-08-29,316
2014-08-29,316
2014-08-29,316
2014-08-30,315
2014-08-30,315
2014-08-30,316
2014-08-30,314
2014-08-31,313.5
2014-08-31,314
2014-08-31,312
2014-08-31,315
2014-09-01,312.5
2014-09-01,312
2014-09-01,313
2014-09-01,312
2014-09-02,310
2014-09-02,310
2014-09-02,310
2014-09-02,310
2014-09-03,305.5
2014-09-03,306
2014-09-03,303
2014-09-03,308
2014-09-04,302
2014-09-04,302
2014-09-04,298
2014-09-04,306
2014-09-05,304
2014-09-05,304
2014-09-05,298
2014-09-05,310
2014-09-06,306
2014-09-06,306
2014-09-06,308
2014-09-06,304
2014-09-07,311
2014-09-07,311
2014-09-07,320
2014-09-07,302
2014-09-08,313
2014-09-08,313
2014-09-08,322
2014-09-08,304
2014-09-09,317
2014-09-09,317
2014-09-09,324
2014-09-09,310
2014-09-10,321
2014-09-10,321
2014-09-10,330
2014-09-10,312
2014-09-11,317
2014-09-11,317
2014-09-11,318
2014-09-11,316
2014-09-12,315
2014-09-12,315
2014-09-12,316
2014-09-12,314
2014-09-13,316
2014-09-13,316
2014-09-13,314
2014-09-13,318
2014-09-14,311
2014-09-14,311
2014-09-14,312
2014-09-14,310
2014-09-15,299
2014-09-15,299
2014-09-15,299
2014-09-15,299
2014-09-16,293
2014-09-16,293
2014-09-16,292
2014-09-16,294
2014-09-17,284.5
2014-09-17,284
2014-09-17,281
2014-09-17,288
2014-09-18,279
2014-09-18,279
2014-09-18,276
2014-09-18,282
2014-09-19,277
2014-09-19,277
2014-09-19,272
2014-09-19,282
2014-09-20,271.5
2014-09-20,272
2014-09-20,271
2014-09-20,272
2014-09-21,275.5
2014-09-21,276
2014-09-21,281
2014-09-21,270
2014-09-22,273
2014-09-22,273
2014-09-22,284
2014-09-22,262
2014-09-23,271.5
2014-09-23,272
2014-09-23,282
2014-09-23,261
2014-09-24,274
2014-09-24,274
2014-09-24,282
2014-09-24,266
2014-09-25,276
2014-09-25,276
2014-09-25,280
2014-09-25,272
2014-09-26,272.5
2014-09-26,272
2014-09-26,274
2014-09-26,271
2014-09-27,271
2014-09-27,271
2014-09-27,272
2014-09-27,270
2014-09-28,267
2014-09-28,267
2014-09-28,268
2014-09-28,266
2014-09-29,265
2014-09-29,265
2014-09-29,266
2014-09-29,264
2014-09-30,259
2014-09-30,259
2014-09-30,260
2014-09-30,258
2014-10-01,251
2014-10-01,251
2014-10-01,252
2014-10-01,250
2014-10-02,248
2014-10-02,248
2014-10-02,249
2014-10-02,247
2014-10-03,246
2014-10-03,246
2014-10-03,242
2014-10-03,250
2014-10-04,255
2014-10-04,255
2014-10-04,249
2014-10-04,261
2014-10-05,248
2014-10-05,248
2014-10-05,244
2014-10-05,252
2014-10-06,243
2014-10-06,243
2014-10-06,243
2014-10-06,243
2014-10-07,252
2014-10-07,252
2014-10-07,250
2014-10-07,254
2014-10-08,268
2014-10-08,268
2014-10-08,284
2014-10-08,252
2014-10-09,267
2014-10-09,267
2014-10-09,282
2014-10-09,252
2014-10-10,264.5
2014-10-10,264
2014-10-10,271
2014-10-10,258
2014-10-11,267.5
2014-10-11,268
2014-10-11,268
2014-10-11,267
2014-10-12,243
2014-10-12,243
2014-10-12,242
2014-10-12,244
2014-10-13,234
2014-10-13,234
2014-10-13,226
2014-10-13,242
2014-10-14,231
2014-10-14,231
2014-10-14,230
2014-10-14,232
2014-10-15,221
2014-10-15,221
2014-10-15,222
2014-10-15,220
2014-10-16,211
2014-10-16,211
2014-10-16,212
2014-10-16,210
2014-10-17,206
2014-10-17,206
2014-10-17,204
2014-10-17,208
2014-10-18,203.5
2014-10-18,204
2014-10-18,203
2014-10-18,204
2014-10-19,207
2014-10-19,207
2014-10-19,204
2014-10-19,210
2014-10-20,202
2014-10-20,202
2014-10-20,210
2014-10-20,194
2014-10-21,195.5
2014-10-21,196
2014-10-21,196
2014-10-21,195
2014-10-22,198
2014-10-22,198
2014-10-22,198
2014-10-22,198
2014-10-23,217
2014-10-23,217
2014-10-23,232
2014-10-23,202
2014-10-24,215
2014-10-24,215
2014-10-24,226
2014-10-24,204
2014-10-25,213.5
2014-10-25,213
2014-10-25,225
2014-10-25,202
2014-10-26,215
2014-10-26,215
2014-10-26,216
2014-10-26,214
2014-10-27,209
2014-10-27,209
2014-10-27,206
2014-10-27,212
2014-10-28,203
2014-10-28,203
2014-10-28,202
2014-10-28,204
2014-10-29,200
2014-10-29,200
2014-10-29,192
2014-10-29,208
2014-10-30,197
2014-10-30,197
2014-10-30,198
2014-10-30,196
2014-10-31,198.5
2014-10-31,198
2014-10-31,194
2014-10-31,203
2014-11-01,202
2014-11-01,202
2014-11-01,196
2014-11-01,208
2014-11-02,202
2014-11-02,202
2014-11-02,197
2014-11-02,207
2014-11-03,197
2014-11-03,196
2014-11-03,196
2014-11-03,197
2014-11-04,200
2014-11-04,200
2014-11-04,208
2014-11-04,192
2014-11-05,195
2014-11-05,195
2014-11-05,196
2014-11-05,194
2014-11-06,200
2014-11-06,200
2014-11-06,108
2014-11-06,192
2014-11-07,209
2014-11-07,205
2014-11-07,116
2014-11-07,202
2014-11-08,210
2014-11-08,210
2014-11-08,212
2014-11-08,208
2014-11-09,207
2014-11-09,207
2014-11-09,208
2014-11-09,206
2014-11-10,206
2014-11-10,206
2014-11-10,206
2014-11-10,205
2014-11-11,195
2014-11-11,195
2014-11-11,194
2014-11-11,196
2014-11-12,195
2014-11-12,195
2014-11-12,192
2014-11-12,198
2014-11-13,196
2014-11-13,196
2014-11-13,194
2014-11-13,198
2014-11-14,192
2014-11-14,192
2014-11-14,192
2014-11-14,192
2014-11-15,184
2014-11-15,184
2014-11-15,186
2014-11-15,182
2014-11-16,177
2014-11-16,177
2014-11-16,178
2014-11-16,176
2014-11-17,173
2014-11-17,173
2014-11-17,172
2014-11-17,174
2014-11-18,184
2014-11-18,184
2014-11-18,176
2014-11-18,192
2014-11-19,192
2014-11-19,192
2014-11-19,194
2014-11-19,190
2014-11-20,184
2014-11-20,184
2014-11-20,186
2014-11-20,182
2014-11-21,193
2014-11-21,192
2014-11-21,192
2014-11-21,193
2014-11-22,197
2014-11-22,197
2014-11-22,196
2014-11-22,198
2014-11-23,213
2014-11-23,212
2014-11-23,212
2014-11-23,213
2014-11-24,214
2014-11-24,214
2014-11-24,214
2014-11-24,214
2014-11-25,219
2014-11-25,218
2014-11-25,218
2014-11-25,219
2014-11-26,213
2014-11-26,213
2014-11-26,208
2014-11-26,218
2014-11-27,219
2014-11-27,219
2014-11-27,214
2014-11-27,224
2014-11-28,216
2014-11-28,215
2014-11-28,215
2014-11-28,216
2014-11-29,207
2014-11-29,207
2014-11-29,208
2014-11-29,206
2014-11-30,210
2014-11-30,210
2014-11-30,212
2014-11-30,208
2014-12-01,213
2014-12-01,213
2014-12-01,210
2014-12-01,216
2014-12-02,214
2014-12-02,214
2014-12-02,214
2014-12-02,214
2014-12-03,217
2014-12-03,217
2014-12-03,216
2014-12-03,218
2014-12-04,214
2014-12-04,214
2014-12-04,218
2014-12-04,210
2014-12-05,207
2014-12-05,207
2014-12-05,206
2014-12-05,208
2014-12-06,207.5
2014-12-06,208
2014-12-06,209
2014-12-06,206
2014-12-07,215.5
2014-12-07,215
2014-12-07,215
2014-12-07,216
2014-12-08,218
2014-12-08,218
2014-12-08,218
2014-12-08,218
2014-12-09,216.5
2014-12-09,216
2014-12-09,216
2014-12-09,217
2014-12-10,211
2014-12-10,211
2014-12-10,212
2014-12-10,210
2014-12-11,214
2014-12-11,214
2014-12-11,210
2014-12-11,218
2014-12-12,208.5
2014-12-12,208
2014-12-12,209
2014-12-12,208
2014-12-13,204
2014-12-13,204
2014-12-13,206
2014-12-13,202
2014-12-14,198.5
2014-12-14,198
2014-12-14,198
2014-12-14,199
2014-12-15,200
2014-12-15,200
2014-12-15,199
2014-12-15,201
2014-12-16,204.5
2014-12-16,204
2014-12-16,201
2014-12-16,208
2014-12-17,200.5
2014-12-17,200
2014-12-17,202
2014-12-17,199
2014-12-18,197
2014-12-18,197
2014-12-18,198
2014-12-18,196
2014-12-19,211
2014-12-19,211
2014-12-19,210
2014-12-19,212
2014-12-20,217
2014-12-20,217
2014-12-20,218
2014-12-20,216
2014-12-21,221
2014-12-21,221
2014-12-21,220
2014-12-21,222
2014-12-22,228
2014-12-22,228
2014-12-22,226
2014-12-22,230
2014-12-23,241
2014-12-23,241
2014-12-23,240
2014-12-23,242
2014-12-24,249.5
2014-12-24,250
2014-12-24,248
2014-12-24,251
2014-12-25,253
2014-12-25,253
2014-12-25,254
2014-12-25,252
2014-12-26,253
2014-12-26,253
2014-12-26,252
2014-12-26,254
2014-12-27,246
2014-12-27,246
2014-12-27,244
2014-12-27,248
2014-12-28,246.5
2014-12-28,246
2014-12-28,246
2014-12-28,247
2014-12-29,245
2014-12-29,245
2014-12-29,244
2014-12-29,246
2014-12-30,249
2014-12-30,249
2014-12-30,246
2014-12-30,252
2014-12-31,252
2014-12-31,252
2014-12-31,250
2014-12-31,254
2015-01-01,255
2015-01-01,255
2015-01-01,254
2015-01-01,256
2015-01-02,253.5
2015-01-02,254
2015-01-02,256
2015-01-02,251
2015-01-03,242
2015-01-03,242
2015-01-03,246
2015-01-03,238
2015-01-04,247
2015-01-04,247
2015-01-04,248
2015-01-04,246
2015-01-05,254
2015-01-05,254
2015-01-05,256
2015-01-05,252
2015-01-06,247
2015-01-06,247
2015-01-06,248
2015-01-06,246
2015-01-07,244
2015-01-07,244
2015-01-07,246
2015-01-07,242
2015-01-08,243
2015-01-08,243
2015-01-08,242
2015-01-08,244
2015-01-09,250
2015-01-09,250
2015-01-09,246
2015-01-09,254
2015-01-10,250
2015-01-10,250
2015-01-10,248
2015-01-10,252
2015-01-11,247
2015-01-11,247
2015-01-11,246
2015-01-11,248
2015-01-12,245
2015-01-12,245
2015-01-12,244
2015-01-12,246
2015-01-13,241
2015-01-13,241
2015-01-13,242
2015-01-13,240
2015-01-14,237
2015-01-14,237
2015-01-14,238
2015-01-14,236
2015-01-15,237.5
2015-01-15,238
2015-01-15,237
2015-01-15,238
2015-01-16,238.5
2015-01-16,239
2015-01-16,236
2015-01-16,241
2015-01-17,240
2015-01-17,240
2015-01-17,238
2015-01-17,242
2015-01-18,241
2015-01-18,241
2015-01-18,240
2015-01-18,242
2015-01-19,245
2015-01-19,245
2015-01-19,244
2015-01-19,246
2015-01-20,256
2015-01-20,256
2015-01-20,252
2015-01-20,260
2015-01-21,269
2015-01-21,269
2015-01-21,268
2015-01-21,270
2015-01-22,274
2015-01-22,274
2015-01-22,272
2015-01-22,276
2015-01-23,277.5
2015-01-23,278
2015-01-23,278
2015-01-23,277
2015-01-24,294
2015-01-24,294
2015-01-24,292
2015-01-24,296
2015-01-25,293
2015-01-25,293
2015-01-25,292
2015-01-25,294
2015-01-26,296
2015-01-26,296
2015-01-26,294
2015-01-26,298
2015-01-27,282
2015-01-27,282
2015-01-27,280
2015-01-27,284
2015-01-28,284
2015-01-28,284
2015-01-28,282
2015-01-28,286
2015-01-29,285
2015-01-29,285
2015-01-29,286
2015-01-29,284
2015-01-30,280
2015-01-30,280
2015-01-30,278
2015-01-30,282
2015-01-31,285
2015-01-31,285
2015-01-31,284
2015-01-31,286
2015-02-01,292
2015-02-01,292
2015-02-01,290
2015-02-01,294
2015-02-02,289
2015-02-02,289
2015-02-02,296
2015-02-02,282
2015-02-03,287
2015-02-03,287
2015-02-03,288
2015-02-03,286
2015-02-04,293
2015-02-04,293
2015-02-04,298
2015-02-04,288
2015-02-05,299
2015-02-05,299
2015-02-05,299
2015-02-05,299
2015-02-06,300
2015-02-06,300
2015-02-06,298
2015-02-06,302
2015-02-07,297.5
2015-02-07,298
2015-02-07,299
2015-02-07,296
2015-02-08,295
2015-02-08,295
2015-02-08,294
2015-02-08,296
2015-02-09,299.5
2015-02-09,300
2015-02-09,298
2015-02-09,301
2015-02-10,298.5
2015-02-10,299
2015-02-10,299
2015-02-10,298
2015-02-11,292
2015-02-11,292
2015-02-11,296
2015-02-11,288
2015-02-12,295
2015-02-12,295
2015-02-12,296
2015-02-12,294
2015-02-13,297
2015-02-13,297
2015-02-13,298
2015-02-13,296
2015-02-14,295
2015-02-14,295
2015-02-14,296
2015-02-14,294
2015-02-15,295.5
2015-02-15,296
2015-02-15,294
2015-02-15,297
2015-02-16,298.5
2015-02-16,299
2015-02-16,298
2015-02-16,299
2015-02-17,309
2015-02-17,309
2015-02-17,308
2015-02-17,310
2015-02-18,315
2015-02-18,315
2015-02-18,312
2015-02-18,318
2015-02-19,324.5
2015-02-19,325
2015-02-19,324
2015-02-19,325
2015-02-20,333
2015-02-20,333
2015-02-20,332
2015-02-20,334
2015-02-21,334.5
2015-02-21,335
2015-02-21,336
2015-02-21,333
2015-02-22,336.5
2015-02-22,337
2015-02-22,332
2015-02-22,341
2015-02-23,335
2015-02-23,335
2015-02-23,334
2015-02-23,336
2015-02-24,333
2015-02-24,333
2015-02-24,328
2015-02-24,338
2015-02-25,327
2015-02-25,327
2015-02-25,326
2015-02-25,328
2015-02-26,331
2015-02-26,331
2015-02-26,330
2015-02-26,332
2015-02-27,327
2015-02-27,327
2015-02-27,328
2015-02-27,326
2015-02-28,325
2015-02-28,325
2015-02-28,328
2015-02-28,322
2015-03-01,327
2015-03-01,327
2015-03-01,328
2015-03-01,326
2015-03-02,322
2015-03-02,322
2015-03-02,326
2015-03-02,318
2015-03-03,326
2015-03-03,326
2015-03-03,332
2015-03-03,320
2015-03-04,329
2015-03-04,329
2015-03-04,332
2015-03-04,326
2015-03-05,333
2015-03-05,333
2015-03-05,334
2015-03-05,332
2015-03-06,340
2015-03-06,340
2015-03-06,342
2015-03-06,338
2015-03-07,338.5
2015-03-07,339
2015-03-07,341
2015-03-07,336
2015-03-08,343
2015-03-08,343
2015-03-08,342
2015-03-08,344
2015-03-09,346.5
2015-03-09,347
2015-03-09,346
2015-03-09,347
2015-03-10,348
2015-03-10,348
2015-03-10,348
2015-03-10,348
2015-03-11,350.5
2015-03-11,351
2015-03-11,350
2015-03-11,351
2015-03-12,349.5
2015-03-12,350
2015-03-12,350
2015-03-12,349
2015-03-13,341.5
2015-03-13,342
2015-03-13,341
2015-03-13,342
2015-03-14,341
2015-03-14,341
2015-03-14,340
2015-03-14,342
2015-03-15,342.5
2015-03-15,343
2015-03-15,342
2015-03-15,343
2015-03-16,346
2015-03-16,346
2015-03-16,344
2015-03-16,348
2015-03-17,346.5
2015-03-17,347
2015-03-17,347
2015-03-17,346
2015-03-18,353
2015-03-18,353
2015-03-18,352
2015-03-18,354
2015-03-19,365
2015-03-19,365
2015-03-19,368
2015-03-19,362
2015-03-20,373
2015-03-20,373
2015-03-20,372
2015-03-20,374
2015-03-21,377
2015-03-21,377
2015-03-21,376
2015-03-21,378
2015-03-22,381
2015-03-22,381
2015-03-22,382
2015-03-22,380
2015-03-23,385
2015-03-23,385
2015-03-23,384
2015-03-23,386
2015-03-24,383
2015-03-24,383
2015-03-24,382
2015-03-24,384
2015-03-25,386
2015-03-25,386
2015-03-25,386
2015-03-25,386
2015-03-26,386
2015-03-26,386
2015-03-26,384
2015-03-26,388
2015-03-27,382
2015-03-27,382
2015-03-27,382
2015-03-27,382
2015-03-28,376.5
2015-03-28,377
2015-03-28,374
2015-03-28,379
2015-03-29,377.5
2015-03-29,378
2015-03-29,378
2015-03-29,377
2015-03-30,383
2015-03-30,383
2015-03-30,380
2015-03-30,386
2015-03-31,386
2015-03-31,386
2015-03-31,384
2015-03-31,388
2015-04-01,398
2015-04-01,397.5
2015-04-01,396
2015-04-01,399
2015-04-02,400
2015-04-02,400
2015-04-02,402
2015-04-02,398
2015-04-03,399
2015-04-03,398.5
2015-04-03,398
2015-04-03,399
2015-04-04,402
2015-04-04,401.5
2015-04-04,401
2015-04-04,402
2015-04-05,405
2015-04-05,405
2015-04-05,406
2015-04-05,404
2015-04-06,407
2015-04-06,407
2015-04-06,408
2015-04-06,406
2015-04-07,409
2015-04-07,409
2015-04-07,406
2015-04-07,412
2015-04-08,412
2015-04-08,411.5
2015-04-08,409
2015-04-08,414
2015-04-09,411
2015-04-09,411
2015-04-09,410
2015-04-09,412
2015-04-10,413
2015-04-10,413
2015-04-10,412
2015-04-10,414
2015-04-11,411
2015-04-11,410.5
2015-04-11,409
2015-04-11,412
2015-04-12,411
2015-04-12,411
2015-04-12,408
2015-04-12,414
2015-04-13,409
2015-04-13,409
2015-04-13,410
2015-04-13,408
2015-04-14,412
2015-04-14,411.5
2015-04-14,414
2015-04-14,409
2015-04-15,409
2015-04-15,409
2015-04-15,412
2015-04-15,406
2015-04-16,406
2015-04-16,406
2015-04-16,408
2015-04-16,404
2015-04-17,406
2015-04-17,406
2015-04-17,404
2015-04-17,408
2015-04-18,417
2015-04-18,417
2015-04-18,418
2015-04-18,416
2015-04-19,420
2015-04-19,419.5
2015-04-19,420
2015-04-19,419
2015-04-20,421
2015-04-20,421
2015-04-20,424
2015-04-20,418
2015-04-21,425
2015-04-21,425
2015-04-21,426
2015-04-21,424
2015-04-22,423
2015-04-22,423
2015-04-22,424
2015-04-22,422
2015-04-23,424
2015-04-23,423.5
2015-04-23,423
2015-04-23,424
2015-04-24,422
2015-04-24,422
2015-04-24,422
2015-04-24,422
2015-04-25,415
2015-04-25,415
2015-04-25,416
2015-04-25,414
2015-04-26,417
2015-04-26,416.5
2015-04-26,417
2015-04-26,416
2015-04-27,417
2015-04-27,417
2015-04-27,416
2015-04-27,418
2015-04-28,419
2015-04-28,418.5
2015-04-28,418
2015-04-28,419
2015-04-29,416
2015-04-29,416
2015-04-29,416
2015-04-29,416
2015-04-30,419
2015-04-30,419
2015-04-30,418
2015-04-30,420
2015-05-01,421
2015-05-01,420.5
2015-05-01,420
2015-05-01,421
2015-05-02,422
2015-05-02,422
2015-05-02,422
2015-05-02,422
2015-05-03,420
2015-05-03,420
2015-05-03,420
2015-05-03,420
2015-05-04,422
2015-05-04,421.5
2015-05-04,422
2015-05-04,421
2015-05-05,424
2015-05-05,424
2015-05-05,424
2015-05-05,424
2015-05-06,423
2015-05-06,423
2015-05-06,422
2015-05-06,424
2015-05-07,426
2015-05-07,426
2015-05-07,426
2015-05-07,426
2015-05-08,424
2015-05-08,424
2015-05-08,424
2015-05-08,424
2015-05-09,428
2015-05-09,428
2015-05-09,428
2015-05-09,428
2015-05-10,431
2015-05-10,431
2015-05-10,430
2015-05-10,432
2015-05-11,428
2015-05-11,427.5
2015-05-11,428
2015-05-11,427
2015-05-12,425
2015-05-12,425
2015-05-12,426
2015-05-12,424
2015-05-13,425
2015-05-13,425
2015-05-13,425
2015-05-13,425
2015-05-14,425
2015-05-14,425
2015-05-14,424
2015-05-14,426
2015-05-15,425
2015-05-15,425
2015-05-15,426
2015-05-15,424
2015-05-16,430
2015-05-16,430
2015-05-16,432
2015-05-16,428
2015-05-17,431
2015-05-17,430.5
2015-05-17,431
2015-05-17,430
2015-05-18,435
2015-05-18,435
2015-05-18,436
2015-05-18,434
2015-05-19,438
2015-05-19,437.5
2015-05-19,437
2015-05-19,438
2015-05-20,437
2015-05-20,436.5
2015-05-20,436
2015-05-20,437
2015-05-21,431
2015-05-21,431
2015-05-21,432
2015-05-21,430
2015-05-22,429
2015-05-22,428.5
2015-05-22,428
2015-05-22,429
2015-05-23,428
2015-05-23,427.5
2015-05-23,427
2015-05-23,428
2015-05-24,427
2015-05-24,427
2015-05-24,428
2015-05-24,426
2015-05-25,424
2015-05-25,424
2015-05-25,424
2015-05-25,424
2015-05-26,421
2015-05-26,421
2015-05-26,422
2015-05-26,420
2015-05-27,417
2015-05-27,417
2015-05-27,418
2015-05-27,416
2015-05-28,415
2015-05-28,415
2015-05-28,416
2015-05-28,414
2015-05-29,414
2015-05-29,414
2015-05-29,414
2015-05-29,414
2015-05-30,410
2015-05-30,410
2015-05-30,412
2015-05-30,408
2015-05-31,404
2015-05-31,404
2015-05-31,406
2015-05-31,402
2015-06-01,403
2015-06-01,403
2015-06-01,404
2015-06-01,402
2015-06-02,409
2015-06-02,409
2015-06-02,408
2015-06-02,410
2015-06-03,410
2015-06-03,410
2015-06-03,412
2015-06-03,408
2015-06-04,411
2015-06-04,410.5
2015-06-04,412
2015-06-04,409
2015-06-05,412
2015-06-05,412
2015-06-05,410
2015-06-05,414
2015-06-06,409
2015-06-06,409
2015-06-06,408
2015-06-06,410
2015-06-07,405
2015-06-07,405
2015-06-07,406
2015-06-07,404
2015-06-08,405
2015-06-08,405
2015-06-08,404
2015-06-08,406
2015-06-09,407
2015-06-09,407
2015-06-09,406
2015-06-09,408
2015-06-10,403
2015-06-10,403
2015-06-10,402
2015-06-10,404
2015-06-11,402
2015-06-11,402
2015-06-11,402
2015-06-11,402
2015-06-12,402
2015-06-12,401.5
2015-06-12,401
2015-06-12,402
2015-06-13,398
2015-06-13,398
2015-06-13,398
2015-06-13,398
2015-06-14,403
2015-06-14,403
2015-06-14,402
2015-06-14,404
2015-06-15,404
2015-06-15,404
2015-06-15,404
2015-06-15,404
2015-06-16,400
2015-06-16,399.5
2015-06-16,402
2015-06-16,397
2015-06-17,400
2015-06-17,400
2015-06-17,402
2015-06-17,398
2015-06-18,400
2015-06-18,400
2015-06-18,402
2015-06-18,398
2015-06-19,398
2015-06-19,397.5
2015-06-19,398
2015-06-19,397
2015-06-20,393
2015-06-20,393
2015-06-20,394
2015-06-20,392
2015-06-21,391
2015-06-21,391
2015-06-21,392
2015-06-21,390
2015-06-22,389
2015-06-22,389
2015-06-22,390
2015-06-22,388
2015-06-23,385
2015-06-23,385
2015-06-23,386
2015-06-23,384
2015-06-24,377
2015-06-24,377
2015-06-24,378
2015-06-24,376
2015-06-25,375
2015-06-25,375
2015-06-25,374
2015-06-25,376
2015-06-26,373
2015-06-26,373
2015-06-26,372
2015-06-26,374
2015-06-27,375
2015-06-27,375
2015-06-27,372
2015-06-27,378
2015-06-28,371
2015-06-28,371
2015-06-28,370
2015-06-28,372
2015-06-29,369
2015-06-29,369
2015-06-29,370
2015-06-29,368
2015-06-30,371
2015-06-30,371
2015-06-30,374
2015-06-30,368
2015-07-01,372
2015-07-01,372
2015-07-01,376
2015-07-01,368
2015-07-02,374
2015-07-02,373.5
2015-07-02,377
2015-07-02,370
2015-07-03,379
2015-07-03,379
2015-07-03,380
2015-07-03,378
2015-07-04,382
2015-07-04,381.5
2015-07-04,381
2015-07-04,382
2015-07-05,382
2015-07-05,382
2015-07-05,382
2015-07-05,382
2015-07-06,385
2015-07-06,385
2015-07-06,384
2015-07-06,386
2015-07-07,385
2015-07-07,385
2015-07-07,388
2015-07-07,382
2015-07-08,380
2015-07-08,380
2015-07-08,380
2015-07-08,380
2015-07-09,377
2015-07-09,377
2015-07-09,378
2015-07-09,376
2015-07-10,375
2015-07-10,375
2015-07-10,372
2015-07-10,378
2015-07-11,375
2015-07-11,375
2015-07-11,374
2015-07-11,376
2015-07-12,373
2015-07-12,373
2015-07-12,372
2015-07-12,374
2015-07-13,368
2015-07-13,368
2015-07-13,370
2015-07-13,366
2015-07-14,369
2015-07-14,369
2015-07-14,374
2015-07-14,364
2015-07-15,367
2015-07-15,367
2015-07-15,372
2015-07-15,362
2015-07-16,365
2015-07-16,365
2015-07-16,370
2015-07-16,360
2015-07-17,363
2015-07-17,362.5
2015-07-17,364
2015-07-17,361
2015-07-18,359
2015-07-18,359
2015-07-18,360
2015-07-18,358
2015-07-19,359
2015-07-19,358.5
2015-07-19,359
2015-07-19,358
2015-07-20,357
2015-07-20,357
2015-07-20,358
2015-07-20,356
2015-07-21,358
2015-07-21,358
2015-07-21,356
2015-07-21,360
2015-07-22,353
2015-07-22,353
2015-07-22,350
2015-07-22,356
2015-07-23,349
2015-07-23,349
2015-07-23,346
2015-07-23,352
2015-07-24,343
2015-07-24,343
2015-07-24,344
2015-07-24,342
2015-07-25,347
2015-07-25,347
2015-07-25,350
2015-07-25,344
2015-07-26,342
2015-07-26,342
2015-07-26,342
2015-07-26,342
2015-07-27,344
2015-07-27,344
2015-07-27,344
2015-07-27,344
2015-07-28,344
2015-07-28,344
2015-07-28,346
2015-07-28,342
2015-07-29,346
2015-07-29,346
2015-07-29,348
2015-07-29,344
2015-07-30,347
2015-07-30,347
2015-07-30,348
2015-07-30,346
2015-07-31,345
2015-07-31,345
2015-07-31,346
2015-07-31,344
2015-08-01,347
2015-08-01,347
2015-08-01,346
2015-08-01,348
2015-08-02,355
2015-08-02,355
2015-08-02,350
2015-08-02,360
2015-08-03,360
2015-08-03,360
2015-08-03,356
2015-08-03,364
2015-08-04,361
2015-08-04,361
2015-08-04,358
2015-08-04,364
2015-08-05,360
2015-08-05,360
2015-08-05,356
2015-08-05,364
2015-08-06,359
2015-08-06,359
2015-08-06,356
2015-08-06,362
2015-08-07,357
2015-08-07,357
2015-08-07,354
2015-08-07,360
2015-08-08,356
2015-08-08,356
2015-08-08,356
2015-08-08,356
2015-08-09,345
2015-08-09,345
2015-08-09,346
2015-08-09,344
2015-08-10,338
2015-08-10,338
2015-08-10,342
2015-08-10,334
2015-08-11,337
2015-08-11,337
2015-08-11,338
2015-08-11,336
2015-08-12,339
2015-08-12,339
2015-08-12,340
2015-08-12,338
2015-08-13,339
2015-08-13,339
2015-08-13,344
2015-08-13,334
2015-08-14,338
2015-08-14,338
2015-08-14,344
2015-08-14,332
2015-08-15,334
2015-08-15,334
2015-08-15,336
2015-08-15,332
2015-08-16,333
2015-08-16,333
2015-08-16,336
2015-08-16,330
2015-08-17,332
2015-08-17,332
2015-08-17,332
2015-08-17,332
2015-08-18,329
2015-08-18,329
2015-08-18,328
2015-08-18,330
2015-08-19,329.5
2015-08-19,330
2015-08-19,328
2015-08-19,331
2015-08-20,326
2015-08-20,326
2015-08-20,326
2015-08-20,326
2015-08-21,322
2015-08-21,322
2015-08-21,322
2015-08-21,322
2015-08-22,319
2015-08-22,319
2015-08-22,318
2015-08-22,320
2015-08-23,312
2015-08-23,312
2015-08-23,312
2015-08-23,312
2015-08-24,309
2015-08-24,309
2015-08-24,308
2015-08-24,310
2015-08-25,309
2015-08-25,309
2015-08-25,302
2015-08-25,316
2015-08-26,310
2015-08-26,310
2015-08-26,308
2015-08-26,312
2015-08-27,311
2015-08-27,311
2015-08-27,312
2015-08-27,310
2015-08-28,313
2015-08-28,313
2015-08-28,318
2015-08-28,308
2015-08-29,321
2015-08-29,321
2015-08-29,322
2015-08-29,320
2015-08-30,327
2015-08-30,327
2015-08-30,326
2015-08-30,328
2015-08-31,332.5
2015-08-31,333
2015-08-31,334
2015-08-31,331
2015-09-01,331.5
2015-09-01,332
2015-09-01,332
2015-09-01,331
2015-09-02,328
2015-09-02,328
2015-09-02,326
2015-09-02,330
2015-09-03,325
2015-09-03,325
2015-09-03,322
2015-09-03,328
2015-09-04,322
2015-09-04,322
2015-09-04,322
2015-09-04,322
2015-09-05,319
2015-09-05,319
2015-09-05,318
2015-09-05,320
2015-09-06,313
2015-09-06,313
2015-09-06,312
2015-09-06,314
2015-09-07,309
2015-09-07,309
2015-09-07,308
2015-09-07,310
2015-09-08,306
2015-09-08,306
2015-09-08,304
2015-09-08,308
2015-09-09,305
2015-09-09,305
2015-09-09,304
2015-09-09,306
2015-09-10,300.5
2015-09-10,301
2015-09-10,302
2015-09-10,299
2015-09-11,301
2015-09-11,301
2015-09-11,310
2015-09-11,292
2015-09-12,301
2015-09-12,301
2015-09-12,306
2015-09-12,296
2015-09-13,295
2015-09-13,295
2015-09-13,296
2015-09-13,294
2015-09-14,287
2015-09-14,287
2015-09-14,286
2015-09-14,288
2015-09-15,293
2015-09-15,293
2015-09-15,288
2015-09-15,298
2015-09-16,289
2015-09-16,289
2015-09-16,286
2015-09-16,292
2015-09-17,289
2015-09-17,289
2015-09-17,288
2015-09-17,290
2015-09-18,282
2015-09-18,282
2015-09-18,280
2015-09-18,284
2015-09-19,281
2015-09-19,281
2015-09-19,280
2015-09-19,282
2015-09-20,275
2015-09-20,275
2015-09-20,276
2015-09-20,274
2015-09-21,272
2015-09-21,272
2015-09-21,272
2015-09-21,272
2015-09-22,273
2015-09-22,273
2015-09-22,274
2015-09-22,272
2015-09-23,273
2015-09-23,273
2015-09-23,270
2015-09-23,276
2015-09-24,270
2015-09-24,270
2015-09-24,262
2015-09-24,278
2015-09-25,276
2015-09-25,276
2015-09-25,270
2015-09-25,282
2015-09-26,277
2015-09-26,277
2015-09-26,284
2015-09-26,270
2015-09-27,283
2015-09-27,283
2015-09-27,288
2015-09-27,278
2015-09-28,281
2015-09-28,281
2015-09-28,292
2015-09-28,270
2015-09-29,289
2015-09-29,289
2015-09-29,298
2015-09-29,280
2015-09-30,282.5
2015-09-30,283
2015-09-30,284
2015-09-30,281
2015-10-01,281
2015-10-01,281
2015-10-01,282
2015-10-01,280
2015-10-02,275
2015-10-02,275
2015-10-02,272
2015-10-02,278
2015-10-03,271
2015-10-03,271
2015-10-03,270
2015-10-03,272
2015-10-04,265
2015-10-04,265
2015-10-04,266
2015-10-04,264
2015-10-05,253
2015-10-05,253
2015-10-05,252
2015-10-05,254
2015-10-06,240
2015-10-06,240
2015-10-06,236
2015-10-06,244
2015-10-07,237
2015-10-07,237
2015-10-07,236
2015-10-07,238
2015-10-08,233
2015-10-08,233
2015-10-08,234
2015-10-08,232
2015-10-09,234
2015-10-09,234
2015-10-09,236
2015-10-09,232
2015-10-10,231
2015-10-10,231
2015-10-10,240
2015-10-10,222
2015-10-11,234
2015-10-11,234
2015-10-11,248
2015-10-11,220
2015-10-12,233.5
2015-10-12,234
2015-10-12,246
2015-10-12,221
2015-10-13,229
2015-10-13,229
2015-10-13,240
2015-10-13,218
2015-10-14,224
2015-10-14,224
2015-10-14,232
2015-10-14,216
2015-10-15,215
2015-10-15,215
2015-10-15,218
2015-10-15,212
2015-10-16,207
2015-10-16,207
2015-10-16,206
2015-10-16,208
2015-10-17,202
2015-10-17,202
2015-10-17,202
2015-10-17,202
2015-10-18,193
2015-10-18,193
2015-10-18,194
2015-10-18,192
2015-10-19,183
2015-10-19,183
2015-10-19,184
2015-10-19,182
2015-10-20,173
2015-10-20,173
2015-10-20,172
2015-10-20,174
2015-10-21,169
2015-10-21,169
2015-10-21,164
2015-10-21,174
2015-10-22,167
2015-10-22,167
2015-10-22,162
2015-10-22,172
2015-10-23,176
2015-10-23,176
2015-10-23,168
2015-10-23,184
2015-10-24,184
2015-10-24,184
2015-10-24,182
2015-10-24,186
2015-10-25,188
2015-10-25,188
2015-10-25,192
2015-10-25,184
2015-10-26,181
2015-10-26,181
2015-10-26,190
2015-10-26,172
2015-10-27,182
2015-10-27,182
2015-10-27,196
2015-10-27,168
2015-10-28,188
2015-10-28,188
2015-10-28,204
2015-10-28,172
2015-10-29,179
2015-10-29,179
2015-10-29,184
2015-10-29,174
2015-10-30,174
2015-10-30,174
2015-10-30,176
2015-10-30,172
2015-10-31,167.5
2015-10-31,168
2015-10-31,164
2015-10-31,171
2015-11-01,167
2015-11-01,167
2015-11-01,164
2015-11-01,170
2015-11-02,162
2015-11-02,162
2015-11-02,162
2015-11-02,162
2015-11-03,154
2015-11-03,154
2015-11-03,154
2015-11-03,154
2015-11-04,147
2015-11-04,147
2015-11-04,142
2015-11-04,152
2015-11-05,150
2015-11-05,150
2015-11-05,142
2015-11-05,158
2015-11-06,149
2015-11-06,149
2015-11-06,146
2015-11-06,152
2015-11-07,138
2015-11-07,138
2015-11-07,144
2015-11-07,132
2015-11-08,137
2015-11-08,137
2015-11-08,146
2015-11-08,128
2015-11-09,146
2015-11-09,146
2015-11-09,154
2015-11-09,138
2015-11-10,155
2015-11-10,155
2015-11-10,168
2015-11-10,142
2015-11-11,157
2015-11-11,157
2015-11-11,170
2015-11-11,144
2015-11-12,156
2015-11-12,156
2015-11-12,166
2015-11-12,146
2015-11-13,159
2015-11-13,159
2015-11-13,168
2015-11-13,150
2015-11-14,150
2015-11-14,150
2015-11-14,148
2015-11-14,152
2015-11-15,155
2015-11-15,155
2015-11-15,154
2015-11-15,156
2015-11-16,150
2015-11-16,150
2015-11-16,148
2015-11-16,152
2015-11-17,146
2015-11-17,146
2015-11-17,144
2015-11-17,148
2015-11-18,150
2015-11-18,150
2015-11-18,146
2015-11-18,154
2015-11-19,148
2015-11-19,148
2015-11-19,144
2015-11-19,152
2015-11-20,145
2015-11-20,145
2015-11-20,140
2015-11-20,150
2015-11-21,148
2015-11-21,148
2015-11-21,142
2015-11-21,154
2015-11-22,162
2015-11-22,162
2015-11-22,152
2015-11-22,172
2015-11-23,170
2015-11-23,170
2015-11-23,166
2015-11-23,174
2015-11-24,166
2015-11-24,166
2015-11-24,168
2015-11-24,164
2015-11-25,170
2015-11-25,170
2015-11-25,178
2015-11-25,162
2015-11-26,178
2015-11-26,178
2015-11-26,192
2015-11-26,164
2015-11-27,180.5
2015-11-27,181
2015-11-27,194
2015-11-27,167
2015-11-28,170
2015-11-28,170
2015-11-28,172
2015-11-28,168
2015-11-29,166
2015-11-29,166
2015-11-29,166
2015-11-29,166
2015-11-30,160
2015-11-30,160
2015-11-30,158
2015-11-30,162
2015-12-01,163
2015-12-01,163
2015-12-01,164
2015-12-01,162
2015-12-02,160
2015-12-02,160
2015-12-02,162
2015-12-02,158
2015-12-03,153
2015-12-03,153
2015-12-03,150
2015-12-03,156
2015-12-04,150
2015-12-04,150
2015-12-04,146
2015-12-04,154
2015-12-05,147
2015-12-05,147
2015-12-05,142
2015-12-05,152
2015-12-06,152
2015-12-06,152
2015-12-06,148
2015-12-06,156
2015-12-07,150
2015-12-07,150
2015-12-07,146
2015-12-07,154
2015-12-08,148
2015-12-08,148
2015-12-08,148
2015-12-08,148
2015-12-09,148
2015-12-09,148
2015-12-09,158
2015-12-09,138
2015-12-10,148
2015-12-10,148
2015-12-10,160
2015-12-10,136
2015-12-11,153
2015-12-11,153
2015-12-11,162
2015-12-11,144
2015-12-12,155
2015-12-12,155
2015-12-12,164
2015-12-12,146
2015-12-13,164
2015-12-13,164
2015-12-13,166
2015-12-13,162
2015-12-14,161
2015-12-14,161
2015-12-14,164
2015-12-14,158
2015-12-15,162
2015-12-15,162
2015-12-15,162
2015-12-15,162
2015-12-16,164
2015-12-16,164
2015-12-16,164
2015-12-16,164
2015-12-17,158
2015-12-17,158
2015-12-17,162
2015-12-17,154
2015-12-18,175
2015-12-18,175
2015-12-18,172
2015-12-18,178
2015-12-19,179
2015-12-19,179
2015-12-19,178
2015-12-19,180
2015-12-20,175
2015-12-20,175
2015-12-20,172
2015-12-20,178
2015-12-21,176
2015-12-21,176
2015-12-21,170
2015-12-21,182
2015-12-22,179
2015-12-22,179
2015-12-22,178
2015-12-22,180
2015-12-23,179
2015-12-23,179
2015-12-23,176
2015-12-23,182
2015-12-24,178
2015-12-24,178
2015-12-24,178
2015-12-24,178
2015-12-25,179
2015-12-25,179
2015-12-25,182
2015-12-25,176
2015-12-26,180
2015-12-26,180
2015-12-26,186
2015-12-26,174
2015-12-27,179
2015-12-27,179
2015-12-27,186
2015-12-27,172
2015-12-28,179
2015-12-28,179
2015-12-28,182
2015-12-28,176
2015-12-29,174
2015-12-29,174
2015-12-29,176
2015-12-29,172
2015-12-30,168
2015-12-30,168
2015-12-30,166
2015-12-30,170
2015-12-31,161
2015-12-31,161
2015-12-31,162
2015-12-31,160
2016-01-01,156
2016-01-01,156
2016-01-01,160
2016-01-01,152
2016-01-02,155
2016-01-02,155
2016-01-02,154
2016-01-02,156
2016-01-03,155
2016-01-03,155
2016-01-03,156
2016-01-03,154
2016-01-04,160
2016-01-04,160
2016-01-04,152
2016-01-04,168
2016-01-05,167
2016-01-05,167
2016-01-05,162
2016-01-05,172
2016-01-06,166
2016-01-06,166
2016-01-06,164
2016-01-06,168
2016-01-07,165
2016-01-07,165
2016-01-07,174
2016-01-07,156
2016-01-08,167
2016-01-08,167
2016-01-08,172
2016-01-08,162
2016-01-09,168
2016-01-09,168
2016-01-09,174
2016-01-09,162
2016-01-10,173
2016-01-10,173
2016-01-10,178
2016-01-10,168
2016-01-11,179
2016-01-11,179
2016-01-11,180
2016-01-11,178
2016-01-12,190
2016-01-12,190
2016-01-12,184
2016-01-12,196
2016-01-13,193
2016-01-13,193
2016-01-13,188
2016-01-13,198
2016-01-14,188
2016-01-14,188
2016-01-14,182
2016-01-14,194
2016-01-15,193
2016-01-15,193
2016-01-15,194
2016-01-15,192
2016-01-16,200
2016-01-16,200
2016-01-16,198
2016-01-16,202
2016-01-17,199
2016-01-17,199
2016-01-17,194
2016-01-17,204
2016-01-18,198
2016-01-18,198
2016-01-18,192
2016-01-18,204
2016-01-19,200.5
2016-01-19,201
2016-01-19,196
2016-01-19,205
2016-01-20,202
2016-01-20,202
2016-01-20,198
2016-01-20,206
2016-01-21,202
2016-01-21,202
2016-01-21,206
2016-01-21,198
2016-01-22,204
2016-01-22,204
2016-01-22,212
2016-01-22,196
2016-01-23,208
2016-01-23,208
2016-01-23,218
2016-01-23,198
2016-01-24,211
2016-01-24,211
2016-01-24,216
2016-01-24,206
2016-01-25,215
2016-01-25,215
2016-01-25,218
2016-01-25,212
2016-01-26,220
2016-01-26,220
2016-01-26,216
2016-01-26,224
2016-01-27,225
2016-01-27,225
2016-01-27,218
2016-01-27,232
2016-01-28,218
2016-01-28,218
2016-01-28,216
2016-01-28,220
2016-01-29,213
2016-01-29,213
2016-01-29,212
2016-01-29,214
2016-01-30,209
2016-01-30,209
2016-01-30,212
2016-01-30,206
2016-01-31,209
2016-01-31,209
2016-01-31,210
2016-01-31,208
2016-02-01,210
2016-02-01,210
2016-02-01,212
2016-02-01,208
2016-02-02,205
2016-02-02,205
2016-02-02,208
2016-02-02,202
2016-02-03,200
2016-02-03,200
2016-02-03,198
2016-02-03,202
2016-02-04,203
2016-02-04,203
2016-02-04,202
2016-02-04,204
2016-02-05,206
2016-02-05,206
2016-02-05,206
2016-02-05,206
2016-02-06,219
2016-02-06,219
2016-02-06,226
2016-02-06,212
2016-02-07,227
2016-02-07,227
2016-02-07,228
2016-02-07,226
2016-02-08,236.5
2016-02-08,237
2016-02-08,244
2016-02-08,229
2016-02-09,248
2016-02-09,248
2016-02-09,252
2016-02-09,244
2016-02-10,258
2016-02-10,258
2016-02-10,256
2016-02-10,260
2016-02-11,262
2016-02-11,262
2016-02-11,262
2016-02-11,262
2016-02-12,255
2016-02-12,255
2016-02-12,252
2016-02-12,258
2016-02-13,253.5
2016-02-13,254
2016-02-13,251
2016-02-13,256
2016-02-14,252.5
2016-02-14,253
2016-02-14,254
2016-02-14,251
2016-02-15,250
2016-02-15,250
2016-02-15,252
2016-02-15,248
2016-02-16,248
2016-02-16,248
2016-02-16,244
2016-02-16,252
2016-02-17,243
2016-02-17,243
2016-02-17,240
2016-02-17,246
2016-02-18,239.5
2016-02-18,240
2016-02-18,237
2016-02-18,242
2016-02-19,233
2016-02-19,233
2016-02-19,238
2016-02-19,228
2016-02-20,236
2016-02-20,236
2016-02-20,244
2016-02-20,228
2016-02-21,245.5
2016-02-21,246
2016-02-21,251
2016-02-21,240
2016-02-22,250
2016-02-22,250
2016-02-22,258
2016-02-22,242
2016-02-23,250
2016-02-23,250
2016-02-23,260
2016-02-23,240
2016-02-24,251.5
2016-02-24,252
2016-02-24,264
2016-02-24,239
2016-02-25,249.5
2016-02-25,250
2016-02-25,259
2016-02-25,240
2016-02-26,250
2016-02-26,250
2016-02-26,262
2016-02-26,238
2016-02-27,248
2016-02-27,248
2016-02-27,254
2016-02-27,242
2016-02-28,237
2016-02-28,237
2016-02-28,238
2016-02-28,236
2016-02-29,220.5
2016-02-29,221
2016-02-29,220
2016-02-29,221
2016-03-01,220
2016-03-01,220
2016-03-01,220
2016-03-01,220
2016-03-02,218
2016-03-02,218
2016-03-02,218
2016-03-02,218
2016-03-03,211
2016-03-03,211
2016-03-03,212
2016-03-03,210
2016-03-04,209
2016-03-04,209
2016-03-04,210
2016-03-04,208
2016-03-05,214.5
2016-03-05,215
2016-03-05,215
2016-03-05,214
2016-03-06,230
2016-03-06,230
2016-03-06,226
2016-03-06,234
2016-03-07,242
2016-03-07,242
2016-03-07,240
2016-03-07,244
2016-03-08,245.5
2016-03-08,246
2016-03-08,246
2016-03-08,245
2016-03-09,249
2016-03-09,249
2016-03-09,252
2016-03-09,246
2016-03-10,263
2016-03-10,263
2016-03-10,258
2016-03-10,268
2016-03-11,270
2016-03-11,270
2016-03-11,270
2016-03-11,270
2016-03-12,270
2016-03-12,270
2016-03-12,266
2016-03-12,274
2016-03-13,269
2016-03-13,269
2016-03-13,266
2016-03-13,272
2016-03-14,270.5
2016-03-14,271
2016-03-14,268
2016-03-14,273
2016-03-15,266
2016-03-15,266
2016-03-15,266
2016-03-15,266
2016-03-16,265
2016-03-16,265
2016-03-16,262
2016-03-16,268
2016-03-17,268
2016-03-17,268
2016-03-17,266
2016-03-17,270
2016-03-18,267
2016-03-18,267
2016-03-18,262
2016-03-18,272
2016-03-19,275
2016-03-19,275
2016-03-19,274
2016-03-19,276
2016-03-20,282
2016-03-20,282
2016-03-20,286
2016-03-20,278
2016-03-21,284
2016-03-21,284
2016-03-21,292
2016-03-21,276
2016-03-22,291
2016-03-22,291
2016-03-22,296
2016-03-22,286
2016-03-23,298
2016-03-23,298
2016-03-23,298
2016-03-23,298
2016-03-24,298
2016-03-24,298
2016-03-24,298
2016-03-24,298
2016-03-25,301.5
2016-03-25,302
2016-03-25,301
2016-03-25,302
2016-03-26,304
2016-03-26,304
2016-03-26,302
2016-03-26,306
2016-03-27,301.5
2016-03-27,302
2016-03-27,301
2016-03-27,302
2016-03-28,305
2016-03-28,305
2016-03-28,304
2016-03-28,306
2016-03-29,301.5
2016-03-29,302
2016-03-29,302
2016-03-29,301
2016-03-30,296
2016-03-30,296
2016-03-30,298
2016-03-30,294
2016-03-31,298.5
2016-03-31,299
2016-03-31,296
2016-03-31,301
2016-04-01,302.5
2016-04-01,303
2016-04-01,301
2016-04-01,304
2016-04-02,306
2016-04-02,306
2016-04-02,302
2016-04-02,310
2016-04-03,307.5
2016-04-03,308
2016-04-03,306
2016-04-03,309
2016-04-04,310
2016-04-04,310
2016-04-04,312
2016-04-04,308
2016-04-05,315
2016-04-05,315
2016-04-05,316
2016-04-05,314
2016-04-06,319
2016-04-06,319
2016-04-06,318
2016-04-06,320
2016-04-07,335
2016-04-07,335
2016-04-07,338
2016-04-07,332
2016-04-08,340
2016-04-08,340
2016-04-08,342
2016-04-08,338
2016-04-09,342
2016-04-09,342
2016-04-09,340
2016-04-09,344
2016-04-10,344
2016-04-10,344
2016-04-10,342
2016-04-10,346
2016-04-11,346
2016-04-11,346
2016-04-11,344
2016-04-11,348
2016-04-12,343
2016-04-12,343
2016-04-12,342
2016-04-12,344
2016-04-13,342
2016-04-13,342
2016-04-13,344
2016-04-13,340
2016-04-14,340.5
2016-04-14,341
2016-04-14,342
2016-04-14,339
2016-04-15,333
2016-04-15,333
2016-04-15,334
2016-04-15,332
2016-04-16,329
2016-04-16,329
2016-04-16,328
2016-04-16,330
2016-04-17,330
2016-04-17,330
2016-04-17,332
2016-04-17,328
2016-04-18,327
2016-04-18,327
2016-04-18,330
2016-04-18,324
2016-04-19,331
2016-04-19,331
2016-04-19,336
2016-04-19,326
2016-04-20,329.5
2016-04-20,330
2016-04-20,334
2016-04-20,325
2016-04-21,330
2016-04-21,330
2016-04-21,332
2016-04-21,328
2016-04-22,337
2016-04-22,337
2016-04-22,342
2016-04-22,332
2016-04-23,338
2016-04-23,338
2016-04-23,340
2016-04-23,336
2016-04-24,334
2016-04-24,334
2016-04-24,334
2016-04-24,334
2016-04-25,334
2016-04-25,334
2016-04-25,332
2016-04-25,336
2016-04-26,331
2016-04-26,331
2016-04-26,330
2016-04-26,332
2016-04-27,328
2016-04-27,328
2016-04-27,328
2016-04-27,328
2016-04-28,330
2016-04-28,330
2016-04-28,332
2016-04-28,328
2016-04-29,325
2016-04-29,325
2016-04-29,326
2016-04-29,324
2016-04-30,319
2016-04-30,319
2016-04-30,318
2016-04-30,320
2016-05-01,319
2016-05-01,319
2016-05-01,318
2016-05-01,320
2016-05-02,322
2016-05-02,322
2016-05-02,316
2016-05-02,328
2016-05-03,328
2016-05-03,328
2016-05-03,326
2016-05-03,330
2016-05-04,329.5
2016-05-04,330
2016-05-04,328
2016-05-04,331
2016-05-05,330
2016-05-05,330
2016-05-05,332
2016-05-05,328
2016-05-06,334
2016-05-06,334
2016-05-06,336
2016-05-06,332
2016-05-07,344
2016-05-07,344
2016-05-07,346
2016-05-07,342
2016-05-08,343
2016-05-08,343
2016-05-08,342
2016-05-08,344
2016-05-09,345
2016-05-09,345
2016-05-09,344
2016-05-09,346
2016-05-10,343
2016-05-10,343
2016-05-10,342
2016-05-10,344
2016-05-11,347
2016-05-11,347
2016-05-11,346
2016-05-11,348
2016-05-12,345.5
2016-05-12,346
2016-05-12,347
2016-05-12,344
2016-05-13,344.5
2016-05-13,345
2016-05-13,344
2016-05-13,345
2016-05-14,347
2016-05-14,347
2016-05-14,348
2016-05-14,346
2016-05-15,339
2016-05-15,339
2016-05-15,342
2016-05-15,336
2016-05-16,334
2016-05-16,334
2016-05-16,332
2016-05-16,336
2016-05-17,331
2016-05-17,331
2016-05-17,330
2016-05-17,332
2016-05-18,330
2016-05-18,330
2016-05-18,334
2016-05-18,326
2016-05-19,331
2016-05-19,331
2016-05-19,334
2016-05-19,328
2016-05-20,329
2016-05-20,329
2016-05-20,332
2016-05-20,326
2016-05-21,328
2016-05-21,328
2016-05-21,330
2016-05-21,326
2016-05-22,326
2016-05-22,326
2016-05-22,328
2016-05-22,324
2016-05-23,323
2016-05-23,323
2016-05-23,326
2016-05-23,320
2016-05-24,322.5
2016-05-24,323
2016-05-24,324
2016-05-24,321
2016-05-25,320
2016-05-25,320
2016-05-25,322
2016-05-25,318
2016-05-26,319
2016-05-26,319
2016-05-26,322
2016-05-26,316
2016-05-27,316
2016-05-27,316
2016-05-27,318
2016-05-27,314
2016-05-28,316
2016-05-28,316
2016-05-28,316
2016-05-28,316
2016-05-29,314
2016-05-29,314
2016-05-29,314
2016-05-29,314
2016-05-30,316
2016-05-30,316
2016-05-30,312
2016-05-30,320
2016-05-31,316.5
2016-05-31,317
2016-05-31,312
2016-05-31,321
2016-06-01,321
2016-06-01,321
2016-06-01,320
2016-06-01,322
2016-06-02,323
2016-06-02,323
2016-06-02,322
2016-06-02,324
2016-06-03,321
2016-06-03,321
2016-06-03,324
2016-06-03,318
2016-06-04,322
2016-06-04,322
2016-06-04,328
2016-06-04,316
2016-06-05,326
2016-06-05,326
2016-06-05,332
2016-06-05,320
2016-06-06,331
2016-06-06,331
2016-06-06,336
2016-06-06,326
2016-06-07,326
2016-06-07,326
2016-06-07,328
2016-06-07,324
2016-06-08,322
2016-06-08,322
2016-06-08,322
2016-06-08,322
2016-06-09,321
2016-06-09,321
2016-06-09,322
2016-06-09,320
2016-06-10,317
2016-06-10,317
2016-06-10,318
2016-06-10,316
2016-06-11,310
2016-06-11,310
2016-06-11,312
2016-06-11,308
2016-06-12,305
2016-06-12,305
2016-06-12,306
2016-06-12,304
2016-06-13,300
2016-06-13,300
2016-06-13,298
2016-06-13,302
2016-06-14,300
2016-06-14,300
2016-06-14,296
2016-06-14,304
2016-06-15,302.5
2016-06-15,303
2016-06-15,299
2016-06-15,306
2016-06-16,300
2016-06-16,300
2016-06-16,298
2016-06-16,302
2016-06-17,297
2016-06-17,297
2016-06-17,302
2016-06-17,292
2016-06-18,293.5
2016-06-18,294
2016-06-18,299
2016-06-18,288
2016-06-19,297
2016-06-19,297
2016-06-19,302
2016-06-19,292
2016-06-20,302
2016-06-20,302
2016-06-20,308
2016-06-20,296
2016-06-21,306
2016-06-21,306
2016-06-21,308
2016-06-21,304
2016-06-22,304
2016-06-22,304
2016-06-22,306
2016-06-22,302
2016-06-23,308
2016-06-23,308
2016-06-23,308
2016-06-23,308
2016-06-24,306
2016-06-24,306
2016-06-24,306
2016-06-24,306
2016-06-25,305
2016-06-25,305
2016-06-25,306
2016-06-25,304
2016-06-26,307
2016-06-26,307
2016-06-26,308
2016-06-26,306
2016-06-27,307
2016-06-27,307
2016-06-27,304
2016-06-27,310
2016-06-28,303
2016-06-28,303
2016-06-28,302
2016-06-28,304
2016-06-29,303.5
2016-06-29,304
2016-06-29,301
2016-06-29,306
2016-06-30,307
2016-06-30,307
2016-06-30,302
2016-06-30,312
2016-07-01,306
2016-07-01,306
2016-07-01,304
2016-07-01,308
2016-07-02,307
2016-07-02,307
2016-07-02,308
2016-07-02,306
2016-07-03,307
2016-07-03,307
2016-07-03,310
2016-07-03,304
2016-07-04,307
2016-07-04,307
2016-07-04,312
2016-07-04,302
2016-07-05,314
2016-07-05,314
2016-07-05,316
2016-07-05,312
2016-07-06,311
2016-07-06,311
2016-07-06,312
2016-07-06,310
2016-07-07,310
2016-07-07,310
2016-07-07,308
2016-07-07,312
2016-07-08,308
2016-07-08,308
2016-07-08,308
2016-07-08,308
2016-07-09,306
2016-07-09,306
2016-07-09,306
2016-07-09,306
2016-07-10,303
2016-07-10,303
2016-07-10,304
2016-07-10,302
2016-07-11,297
2016-07-11,297
2016-07-11,296
2016-07-11,298
2016-07-12,294
2016-07-12,294
2016-07-12,294
2016-07-12,294
2016-07-13,291.5
2016-07-13,292
2016-07-13,291
2016-07-13,292
2016-07-14,289
2016-07-14,289
2016-07-14,286
2016-07-14,292
2016-07-15,287
2016-07-15,287
2016-07-15,284
2016-07-15,290
2016-07-16,288
2016-07-16,288
2016-07-16,282
2016-07-16,294
2016-07-17,292
2016-07-17,292
2016-07-17,288
2016-07-17,296
2016-07-18,288
2016-07-18,288
2016-07-18,292
2016-07-18,284
2016-07-19,286
2016-07-19,286
2016-07-19,294
2016-07-19,278
2016-07-20,292
2016-07-20,292
2016-07-20,296
2016-07-20,288
2016-07-21,289
2016-07-21,289
2016-07-21,292
2016-07-21,286
2016-07-22,292
2016-07-22,292
2016-07-22,294
2016-07-22,290
2016-07-23,295
2016-07-23,295
2016-07-23,296
2016-07-23,294
2016-07-24,291
2016-07-24,291
2016-07-24,290
2016-07-24,292
2016-07-25,292
2016-07-25,292
2016-07-25,288
2016-07-25,296
2016-07-26,292
2016-07-26,292
2016-07-26,290
2016-07-26,294
2016-07-27,291.5
2016-07-27,292
2016-07-27,291
2016-07-27,292
2016-07-28,291
2016-07-28,291
2016-07-28,288
2016-07-28,294
2016-07-29,290
2016-07-29,290
2016-07-29,284
2016-07-29,296
2016-07-30,289
2016-07-30,289
2016-07-30,286
2016-07-30,292
2016-07-31,291
2016-07-31,291
2016-07-31,288
2016-07-31,294
2016-08-01,290
2016-08-01,290
2016-08-01,292
2016-08-01,288
2016-08-02,290
2016-08-02,290
2016-08-02,294
2016-08-02,286
2016-08-03,288
2016-08-03,288
2016-08-03,292
2016-08-03,284
2016-08-04,291
2016-08-04,291
2016-08-04,296
2016-08-04,286
2016-08-05,288
2016-08-05,288
2016-08-05,292
2016-08-05,284
2016-08-06,288
2016-08-06,288
2016-08-06,290
2016-08-06,286
2016-08-07,285
2016-08-07,285
2016-08-07,286
2016-08-07,284
2016-08-08,280
2016-08-08,280
2016-08-08,278
2016-08-08,282
2016-08-09,277
2016-08-09,277
2016-08-09,276
2016-08-09,278
2016-08-10,276.5
2016-08-10,277
2016-08-10,277
2016-08-10,276
2016-08-11,267.5
2016-08-11,268
2016-08-11,268
2016-08-11,267
2016-08-12,265
2016-08-12,265
2016-08-12,266
2016-08-12,264
2016-08-13,262
2016-08-13,262
2016-08-13,258
2016-08-13,266
2016-08-14,259
2016-08-14,259
2016-08-14,256
2016-08-14,262
2016-08-15,260
2016-08-15,260
2016-08-15,254
2016-08-15,266
2016-08-16,265
2016-08-16,265
2016-08-16,266
2016-08-16,264
2016-08-17,268
2016-08-17,268
2016-08-17,270
2016-08-17,266
2016-08-18,265
2016-08-18,270
2016-08-18,268
2016-08-18,262
2016-08-19,282
2016-08-19,272
2016-08-19,280
2016-08-19,284
2016-08-20,281
2016-08-20,273
2016-08-20,284
2016-08-20,278
2016-08-21,275
2016-08-21,275
2016-08-21,274
2016-08-21,276
2016-08-22,276
2016-08-22,276
2016-08-22,272
2016-08-22,280
2016-08-23,276
2016-08-23,276
2016-08-23,274
2016-08-23,278
2016-08-24,277
2016-08-24,277
2016-08-24,276
2016-08-24,278
2016-08-25,277
2016-08-25,277
2016-08-25,274
2016-08-25,280
2016-08-26,274
2016-08-26,274
2016-08-26,272
2016-08-26,276
2016-08-27,270
2016-08-27,270
2016-08-27,266
2016-08-27,274
2016-08-28,263
2016-08-28,263
2016-08-28,264
2016-08-28,262
2016-08-29,264
2016-08-29,264
2016-08-29,268
2016-08-29,260
2016-08-30,267
2016-08-30,267
2016-08-30,278
2016-08-30,256
2016-08-31,265
2016-08-31,265
2016-08-31,276
2016-08-31,254
2016-09-01,268
2016-09-01,268
2016-09-01,278
2016-09-01,258
2016-09-02,265
2016-09-02,265
2016-09-02,276
2016-09-02,254
2016-09-03,265
2016-09-03,265
2016-09-03,274
2016-09-03,256
2016-09-04,259
2016-09-04,259
2016-09-04,264
2016-09-04,254
2016-09-05,257
2016-09-05,257
2016-09-05,258
2016-09-05,256
2016-09-06,254
2016-09-06,254
2016-09-06,254
2016-09-06,254
2016-09-07,244
2016-09-07,244
2016-09-07,248
2016-09-07,240
2016-09-08,239
2016-09-08,239
2016-09-08,242
2016-09-08,236
2016-09-09,233
2016-09-09,233
2016-09-09,234
2016-09-09,232
2016-09-10,227
2016-09-10,227
2016-09-10,226
2016-09-10,228
2016-09-11,227
2016-09-11,227
2016-09-11,222
2016-09-11,232
2016-09-12,228
2016-09-12,228
2016-09-12,220
2016-09-12,236
2016-09-13,230
2016-09-13,230
2016-09-13,228
2016-09-13,232
2016-09-14,232
2016-09-14,232
2016-09-14,240
2016-09-14,224
2016-09-15,236
2016-09-15,236
2016-09-15,246
2016-09-15,226
2016-09-16,238
2016-09-16,238
2016-09-16,248
2016-09-16,228
2016-09-17,242
2016-09-17,242
2016-09-17,246
2016-09-17,238
2016-09-18,243
2016-09-18,243
2016-09-18,242
2016-09-18,244
2016-09-19,243
2016-09-19,243
2016-09-19,240
2016-09-19,246
2016-09-20,239
2016-09-20,239
2016-09-20,238
2016-09-20,240
2016-09-21,233
2016-09-21,233
2016-09-21,232
2016-09-21,234
2016-09-22,228
2016-09-22,228
2016-09-22,228
2016-09-22,228
2016-09-23,223
2016-09-23,223
2016-09-23,224
2016-09-23,222
2016-09-24,214
2016-09-24,214
2016-09-24,212
2016-09-24,216
2016-09-25,207
2016-09-25,207
2016-09-25,206
2016-09-25,208
2016-09-26,204
2016-09-26,204
2016-09-26,202
2016-09-26,206
2016-09-27,202.5
2016-09-27,203
2016-09-27,204
2016-09-27,201
2016-09-28,204
2016-09-28,204
2016-09-28,204
2016-09-28,204
2016-09-29,200
2016-09-29,200
2016-09-29,206
2016-09-29,194
2016-09-30,204
2016-09-30,204
2016-09-30,212
2016-09-30,196
2016-10-01,205
2016-10-01,205
2016-10-01,214
2016-10-01,196
2016-10-02,203
2016-10-02,203
2016-10-02,208
2016-10-02,198
2016-10-03,199
2016-10-03,199
2016-10-03,202
2016-10-03,196
2016-10-04,196
2016-10-04,196
2016-10-04,198
2016-10-04,194
2016-10-05,185
2016-10-05,185
2016-10-05,186
2016-10-05,184
2016-10-06,177
2016-10-06,177
2016-10-06,178
2016-10-06,176
2016-10-07,177.5
2016-10-07,178
2016-10-07,178
2016-10-07,177
2016-10-08,171
2016-10-08,171
2016-10-08,176
2016-10-08,166
2016-10-09,175
2016-10-09,175
2016-10-09,172
2016-10-09,178
2016-10-10,169
2016-10-10,169
2016-10-10,166
2016-10-10,172
2016-10-11,168
2016-10-11,168
2016-10-11,162
2016-10-11,174
2016-10-12,167
2016-10-12,167
2016-10-12,166
2016-10-12,168
2016-10-13,174
2016-10-13,174
2016-10-13,182
2016-10-13,166
2016-10-14,187.5
2016-10-14,188
2016-10-14,191
2016-10-14,184
2016-10-15,187
2016-10-15,187
2016-10-15,194
2016-10-15,180
2016-10-16,191
2016-10-16,191
2016-10-16,198
2016-10-16,184
2016-10-17,193
2016-10-17,193
2016-10-17,196
2016-10-17,190
2016-10-18,197
2016-10-18,197
2016-10-18,198
2016-10-18,196
2016-10-19,191
2016-10-19,191
2016-10-19,188
2016-10-19,194
2016-10-20,191
2016-10-20,191
2016-10-20,188
2016-10-20,194
2016-10-21,185.5
2016-10-21,186
2016-10-21,186
2016-10-21,185
2016-10-22,180
2016-10-22,180
2016-10-22,176
2016-10-22,184
2016-10-23,178.5
2016-10-23,179
2016-10-23,174
2016-10-23,183
2016-10-24,177
2016-10-24,177
2016-10-24,172
2016-10-24,182
2016-10-25,177.5
2016-10-25,178
2016-10-25,173
2016-10-25,182
2016-10-26,177
2016-10-26,177
2016-10-26,176
2016-10-26,178
2016-10-27,178
2016-10-27,178
2016-10-27,180
2016-10-27,176
2016-10-28,171
2016-10-28,171
2016-10-28,178
2016-10-28,164
2016-10-29,180
2016-10-29,180
2016-10-29,192
2016-10-29,168
2016-10-30,180.5
2016-10-30,181
2016-10-30,192
2016-10-30,169
2016-10-31,180.5
2016-10-31,181
2016-10-31,192
2016-10-31,169
2016-11-01,178.5
2016-11-01,179
2016-11-01,192
2016-11-01,165
2016-11-02,183
2016-11-02,180
2016-11-02,194
2016-11-02,172
2016-11-03,186
2016-11-03,179
2016-11-03,198
2016-11-03,174
2016-11-04,170
2016-11-04,172
2016-11-04,168
2016-11-04,172
2016-11-05,160
2016-11-05,166
2016-11-05,154
2016-11-05,166
2016-11-06,165
2016-11-06,166
2016-11-06,165
2016-11-06,165
2016-11-07,163
2016-11-07,161
2016-11-07,166
2016-11-07,160
2016-11-08,166
2016-11-08,158
2016-11-08,168
2016-11-08,164
2016-11-09,161
2016-11-09,160
2016-11-09,160
2016-11-09,162
2016-11-10,168
2016-11-10,162
2016-11-10,170
2016-11-10,166
2016-11-11,182
2016-11-11,168
2016-11-11,178
2016-11-11,186
2016-11-12,187
2016-11-12,176
2016-11-12,184
2016-11-12,190
2016-11-13,187
2016-11-13,184
2016-11-13,196
2016-11-13,178
2016-11-14,186
2016-11-14,189
2016-11-14,198
2016-11-14,174
2016-11-15,192.5
2016-11-15,198
2016-11-15,199
2016-11-15,186
2016-11-16,198
2016-11-16,204
2016-11-16,202
2016-11-16,194
2016-11-17,197
2016-11-17,205
2016-11-17,196
2016-11-17,198
2016-11-18,193
2016-11-18,199
2016-11-18,192
2016-11-18,194
2016-11-19,185
2016-11-19,188
2016-11-19,184
2016-11-19,186
2016-11-20,180
2016-11-20,180
2016-11-20,178
2016-11-20,182
2016-11-21,178
2016-11-21,178
2016-11-21,176
2016-11-21,180
2016-11-22,177
2016-11-22,177
2016-11-22,172
2016-11-22,182
2016-11-23,179
2016-11-23,179
2016-11-23,170
2016-11-23,188
2016-11-24,182
2016-11-24,182
2016-11-24,178
2016-11-24,186
2016-11-25,178
2016-11-25,178
2016-11-25,180
2016-11-25,176
2016-11-26,176
2016-11-26,176
2016-11-26,182
2016-11-26,170
2016-11-27,177
2016-11-27,177
2016-11-27,188
2016-11-27,166
2016-11-28,174
2016-11-28,174
2016-11-28,180
2016-11-28,168
2016-11-29,174
2016-11-29,174
2016-11-29,182
2016-11-29,166
2016-11-30,175
2016-11-30,175
2016-11-30,178
2016-11-30,172
2016-12-01,179
2016-12-01,179
2016-12-01,182
2016-12-01,176
2016-12-02,173
2016-12-02,173
2016-12-02,168
2016-12-02,178
2016-12-03,169
2016-12-03,169
2016-12-03,166
2016-12-03,172
2016-12-04,172
2016-12-04,172
2016-12-04,168
2016-12-04,176
2016-12-05,168
2016-12-05,168
2016-12-05,166
2016-12-05,170
2016-12-06,164
2016-12-06,164
2016-12-06,164
2016-12-06,164
2016-12-07,167
2016-12-07,167
2016-12-07,166
2016-12-07,168
2016-12-08,174
2016-12-08,174
2016-12-08,168
2016-12-08,180
2016-12-09,182
2016-12-09,182
2016-12-09,176
2016-12-09,188
2016-12-10,189
2016-12-10,189
2016-12-10,192
2016-12-10,186
2016-12-11,190
2016-12-11,190
2016-12-11,196
2016-12-11,184
2016-12-12,194
2016-12-12,194
2016-12-12,202
2016-12-12,186
2016-12-13,192
2016-12-13,192
2016-12-13,204
2016-12-13,180
2016-12-14,197
2016-12-14,197
2016-12-14,208
2016-12-14,186
2016-12-15,204
2016-12-15,204
2016-12-15,212
2016-12-15,196
2016-12-16,199.5
2016-12-16,200
2016-12-16,202
2016-12-16,197
2016-12-17,196
2016-12-17,196
2016-12-17,198
2016-12-17,194
2016-12-18,193
2016-12-18,193
2016-12-18,196
2016-12-18,190
2016-12-19,183
2016-12-19,183
2016-12-19,180
2016-12-19,186
2016-12-20,179
2016-12-20,179
2016-12-20,176
2016-12-20,182
2016-12-21,171
2016-12-21,171
2016-12-21,164
2016-12-21,178
2016-12-22,173
2016-12-22,173
2016-12-22,166
2016-12-22,180
2016-12-23,169
2016-12-23,169
2016-12-23,170
2016-12-23,168
2016-12-24,166
2016-12-24,166
2016-12-24,168
2016-12-24,164
2016-12-25,169
2016-12-25,169
2016-12-25,172
2016-12-25,166
2016-12-26,166
2016-12-26,166
2016-12-26,170
2016-12-26,162
2016-12-27,180
2016-12-27,180
2016-12-27,188
2016-12-27,172
2016-12-28,199.5
2016-12-28,200
2016-12-28,204
2016-12-28,195
2016-12-29,202
2016-12-29,202
2016-12-29,208
2016-12-29,196
2016-12-30,210.5
2016-12-30,211
2016-12-30,209
2016-12-30,212
2016-12-31,210
2016-12-31,210
2016-12-31,206
2016-12-31,214
2017-01-01,211
2017-01-01,211
2017-01-01,210
2017-01-01,212
2017-01-02,213
2017-01-02,213
2017-01-02,208
2017-01-02,218
2017-01-03,215
2017-01-03,215
2017-01-03,210
2017-01-03,220
2017-01-04,216
2017-01-04,216
2017-01-04,214
2017-01-04,218
2017-01-05,221
2017-01-05,221
2017-01-05,218
2017-01-05,224
2017-01-06,222.5
2017-01-06,223
2017-01-06,219
2017-01-06,226
2017-01-07,224.5
2017-01-07,225
2017-01-07,224
2017-01-07,225
2017-01-08,241
2017-01-08,241
2017-01-08,234
2017-01-08,248
2017-01-09,247
2017-01-09,247
2017-01-09,242
2017-01-09,252
2017-01-10,239
2017-01-10,239
2017-01-10,244
2017-01-10,234
2017-01-11,239
2017-01-11,239
2017-01-11,242
2017-01-11,236
2017-01-12,244
2017-01-12,244
2017-01-12,246
2017-01-12,242
2017-01-13,252.5
2017-01-13,253
2017-01-13,254
2017-01-13,251
2017-01-14,253.5
2017-01-14,254
2017-01-14,251
2017-01-14,256
2017-01-15,253
2017-01-15,253
2017-01-15,252
2017-01-15,254
2017-01-16,253.5
2017-01-16,254
2017-01-16,248
2017-01-16,259
2017-01-17,257
2017-01-17,257
2017-01-17,254
2017-01-17,260
2017-01-18,255
2017-01-18,255
2017-01-18,256
2017-01-18,254
2017-01-19,252
2017-01-19,252
2017-01-19,252
2017-01-19,252
2017-01-20,249.5
2017-01-20,250
2017-01-20,248
2017-01-20,251
2017-01-21,247.5
2017-01-21,248
2017-01-21,247
2017-01-21,248
2017-01-22,244
2017-01-22,244
2017-01-22,244
2017-01-22,244
2017-01-23,247
2017-01-23,247
2017-01-23,248
2017-01-23,246
2017-01-24,252
2017-01-24,252
2017-01-24,254
2017-01-24,250
2017-01-25,257
2017-01-25,257
2017-01-25,262
2017-01-25,252
2017-01-26,259
2017-01-26,259
2017-01-26,264
2017-01-26,254
2017-01-27,266
2017-01-27,266
2017-01-27,268
2017-01-27,264
2017-01-28,275
2017-01-28,275
2017-01-28,274
2017-01-28,276
2017-01-29,289
2017-01-29,289
2017-01-29,284
2017-01-29,294
2017-01-30,293
2017-01-30,293
2017-01-30,288
2017-01-30,298
2017-01-31,300.5
2017-01-31,301
2017-01-31,297
2017-01-31,304
2017-02-01,307
2017-02-01,307
2017-02-01,306
2017-02-01,308
2017-02-02,308.5
2017-02-02,309
2017-02-02,307
2017-02-02,310
2017-02-03,310.5
2017-02-03,311
2017-02-03,309
2017-02-03,312
2017-02-04,308.5
2017-02-04,309
2017-02-04,308
2017-02-04,309
2017-02-05,308
2017-02-05,308
2017-02-05,306
2017-02-05,310
2017-02-06,310
2017-02-06,310
2017-02-06,308
2017-02-06,312
2017-02-07,309
2017-02-07,309
2017-02-07,307
2017-02-07,311
2017-02-08,321
2017-02-08,321
2017-02-08,324
2017-02-08,318
2017-02-09,327
2017-02-09,327
2017-02-09,332
2017-02-09,322
2017-02-10,331
2017-02-10,331
2017-02-10,338
2017-02-10,324
2017-02-11,339
2017-02-11,339
2017-02-11,342
2017-02-11,336
2017-02-12,342
2017-02-12,342
2017-02-12,340
2017-02-12,344
2017-02-13,344
2017-02-13,344
2017-02-13,342
2017-02-13,346
2017-02-14,344.5
2017-02-14,345
2017-02-14,344
2017-02-14,345
2017-02-15,343
2017-02-15,343
2017-02-15,342
2017-02-15,344
2017-02-16,342.5
2017-02-16,343
2017-02-16,343
2017-02-16,342
2017-02-17,341.5
2017-02-17,342
2017-02-17,342
2017-02-17,341
2017-02-18,340.5
2017-02-18,341
2017-02-18,339
2017-02-18,342
2017-02-19,337
2017-02-19,337
2017-02-19,336
2017-02-19,338
2017-02-20,334
2017-02-20,334
2017-02-20,332
2017-02-20,336
2017-02-21,335.5
2017-02-21,336
2017-02-21,334
2017-02-21,337
2017-02-22,335.5
2017-02-22,336
2017-02-22,332
2017-02-22,339
2017-02-23,344.5
2017-02-23,345
2017-02-23,351
2017-02-23,338
2017-02-24,351
2017-02-24,351
2017-02-24,356
2017-02-24,346
2017-02-25,365
2017-02-25,365
2017-02-25,366
2017-02-25,364
2017-02-26,373
2017-02-26,373
2017-02-26,378
2017-02-26,368
2017-02-27,375
2017-02-27,375
2017-02-27,376
2017-02-27,374
2017-02-28,389
2017-02-28,389
2017-02-28,382
2017-02-28,396
2017-03-01,393.5
2017-03-01,394
2017-03-01,390
2017-03-01,397
2017-03-02,396
2017-03-02,396
2017-03-02,396
2017-03-02,396
2017-03-03,397.5
2017-03-03,398
2017-03-03,397
2017-03-03,398
2017-03-04,398.5
2017-03-04,399
2017-03-04,398
2017-03-04,399
2017-03-05,398
2017-03-05,398
2017-03-05,398
2017-03-05,398
2017-03-06,397
2017-03-06,397
2017-03-06,397
2017-03-06,397
2017-03-07,397
2017-03-07,397
2017-03-07,398
2017-03-07,396
2017-03-08,394
2017-03-08,394
2017-03-08,396
2017-03-08,392
2017-03-09,392
2017-03-09,392
2017-03-09,395
2017-03-09,389
2017-03-10,394.5
2017-03-10,395
2017-03-10,397
2017-03-10,392
2017-03-11,396
2017-03-11,396
2017-03-11,398
2017-03-11,394
2017-03-12,404.5
2017-03-12,405
2017-03-12,402
2017-03-12,407
2017-03-13,405.5
2017-03-13,406
2017-03-13,403
2017-03-13,408
2017-03-14,405.5
2017-03-14,406
2017-03-14,404
2017-03-14,407
2017-03-15,408.5
2017-03-15,409
2017-03-15,408
2017-03-15,409
2017-03-16,411
2017-03-16,411
2017-03-16,410
2017-03-16,412
2017-03-17,411
2017-03-17,411
2017-03-17,412
2017-03-17,410
2017-03-18,409
2017-03-18,409
2017-03-18,410
2017-03-18,408
2017-03-19,407
2017-03-19,407
2017-03-19,408
2017-03-19,406
2017-03-20,405
2017-03-20,405
2017-03-20,406
2017-03-20,404
2017-03-21,402.5
2017-03-21,403
2017-03-21,402
2017-03-21,403
2017-03-22,398
2017-03-22,398
2017-03-22,397
2017-03-22,399
2017-03-23,396
2017-03-23,396
2017-03-23,398
2017-03-23,394
2017-03-24,395.5
2017-03-24,396
2017-03-24,397
2017-03-24,394
2017-03-25,401
2017-03-25,401
2017-03-25,398
2017-03-25,404
2017-03-26,407
2017-03-26,407
2017-03-26,406
2017-03-26,408
2017-03-27,413
2017-03-27,413
2017-03-27,414
2017-03-27,412
2017-03-28,417
2017-03-28,417
2017-03-28,418
2017-03-28,416
2017-03-29,423.5
2017-03-29,424
2017-03-29,422
2017-03-29,425
2017-03-30,425.5
2017-03-30,426
2017-03-30,423
2017-03-30,428
2017-03-31,428.5
2017-03-31,429
2017-03-31,427
2017-03-31,430
2017-04-01,433
2017-04-01,433
2017-04-01,432
2017-04-01,434
2017-04-02,434.5
2017-04-02,435
2017-04-02,433
2017-04-02,436
2017-04-03,434.5
2017-04-03,435
2017-04-03,434
2017-04-03,435
2017-04-04,429.5
2017-04-04,430
2017-04-04,429
2017-04-04,430
2017-04-05,427
2017-04-05,427
2017-04-05,428
2017-04-05,426
2017-04-06,423.5
2017-04-06,424
2017-04-06,425
2017-04-06,422
2017-04-07,422
2017-04-07,422
2017-04-07,426
2017-04-07,418
2017-04-08,420.5
2017-04-08,421
2017-04-08,424
2017-04-08,417
2017-04-09,421.5
2017-04-09,422
2017-04-09,425
2017-04-09,418
2017-04-10,422.5
2017-04-10,423
2017-04-10,424
2017-04-10,421
2017-04-11,425.5
2017-04-11,426
2017-04-11,425
2017-04-11,426
2017-04-12,429
2017-04-12,429
2017-04-12,428
2017-04-12,430
2017-04-13,431.5
2017-04-13,432
2017-04-13,431
2017-04-13,432
2017-04-14,431
2017-04-14,431
2017-04-14,432
2017-04-14,430
2017-04-15,429
2017-04-15,429
2017-04-15,426
2017-04-15,432
2017-04-16,431
2017-04-16,431
2017-04-16,430
2017-04-16,432
2017-04-17,427
2017-04-17,427
2017-04-17,426
2017-04-17,428
2017-04-18,425.5
2017-04-18,426
2017-04-18,424
2017-04-18,427
2017-04-19,424
2017-04-19,424
2017-04-19,422
2017-04-19,426
2017-04-20,423.5
2017-04-20,424
2017-04-20,423
2017-04-20,424
2017-04-21,420.5
2017-04-21,421
2017-04-21,421
2017-04-21,420
2017-04-22,423
2017-04-22,423
2017-04-22,424
2017-04-22,422
2017-04-23,421.5
2017-04-23,422
2017-04-23,422
2017-04-23,421
2017-04-24,421
2017-04-24,421
2017-04-24,420
2017-04-24,422
2017-04-25,421
2017-04-25,421
2017-04-25,422
2017-04-25,420
2017-04-26,427.5
2017-04-26,428
2017-04-26,426
2017-04-26,429
2017-04-27,433
2017-04-27,433
2017-04-27,432
2017-04-27,434
2017-04-28,438.5
2017-04-28,439
2017-04-28,436
2017-04-28,441
2017-04-29,441
2017-04-29,441
2017-04-29,440
2017-04-29,442
2017-04-30,443
2017-04-30,443
2017-04-30,442
2017-04-30,444
2017-05-01,440
2017-05-01,440
2017-05-01,439
2017-05-01,441
2017-05-02,440.5
2017-05-02,441
2017-05-02,442
2017-05-02,439
2017-05-03,437
2017-05-03,437
2017-05-03,438
2017-05-03,436
2017-05-04,431
2017-05-04,431
2017-05-04,432
2017-05-04,430
2017-05-05,428.5
2017-05-05,429
2017-05-05,428
2017-05-05,429
2017-05-06,426
2017-05-06,426
2017-05-06,427
2017-05-06,425
2017-05-07,427
2017-05-07,427
2017-05-07,428
2017-05-07,426
2017-05-08,427
2017-05-08,427
2017-05-08,430
2017-05-08,424
2017-05-09,428
2017-05-09,428
2017-05-09,433
2017-05-09,423
2017-05-10,426.5
2017-05-10,427
2017-05-10,432
2017-05-10,421
2017-05-11,421
2017-05-11,421
2017-05-11,424
2017-05-11,418
2017-05-12,416.5
2017-05-12,417
2017-05-12,418
2017-05-12,415
2017-05-13,414
2017-05-13,414
2017-05-13,412
2017-05-13,416
2017-05-14,412
2017-05-14,412
2017-05-14,410
2017-05-14,414
2017-05-15,413
2017-05-15,413
2017-05-15,415
2017-05-15,411
2017-05-16,412.5
2017-05-16,413
2017-05-16,412
2017-05-16,413
2017-05-17,407
2017-05-17,407
2017-05-17,408
2017-05-17,406
2017-05-18,403.5
2017-05-18,404
2017-05-18,405
2017-05-18,402
2017-05-19,397
2017-05-19,397
2017-05-19,396
2017-05-19,398
2017-05-20,394
2017-05-20,394
2017-05-20,392
2017-05-20,396
2017-05-21,390.5
2017-05-21,391
2017-05-21,390
2017-05-21,391
2017-05-22,395
2017-05-22,395
2017-05-22,395
2017-05-22,395
2017-05-23,398.5
2017-05-23,399
2017-05-23,398
2017-05-23,399
2017-05-24,401
2017-05-24,401
2017-05-24,404
2017-05-24,398
2017-05-25,399
2017-05-25,399
2017-05-25,402
2017-05-25,396
2017-05-26,397.5
2017-05-26,398
2017-05-26,401
2017-05-26,394
2017-05-27,398.5
2017-05-27,399
2017-05-27,398
2017-05-27,399
2017-05-28,396
2017-05-28,396
2017-05-28,395
2017-05-28,397
2017-05-29,393.5
2017-05-29,394
2017-05-29,393
2017-05-29,394
2017-05-30,392
2017-05-30,392
2017-05-30,391
2017-05-30,393
2017-05-31,392.5
2017-05-31,393
2017-05-31,392
2017-05-31,393
2017-06-01,390.5
2017-06-01,391
2017-06-01,390
2017-06-01,391
2017-06-02,384.5
2017-06-02,385
2017-06-02,383
2017-06-02,386
2017-06-03,383
2017-06-03,383
2017-06-03,382
2017-06-03,384
2017-06-04,377
2017-06-04,377
2017-06-04,376
2017-06-04,378
2017-06-05,375.5
2017-06-05,376
2017-06-05,375
2017-06-05,376
2017-06-06,376.5
2017-06-06,377
2017-06-06,381
2017-06-06,372
2017-06-07,380.5
2017-06-07,381
2017-06-07,380
2017-06-07,381
2017-06-08,375.5
2017-06-08,376
2017-06-08,379
2017-06-08,372
2017-06-09,373
2017-06-09,373
2017-06-09,376
2017-06-09,370
2017-06-10,369
2017-06-10,369
2017-06-10,372
2017-06-10,366
2017-06-11,362
2017-06-11,362
2017-06-11,361
2017-06-11,363
2017-06-12,363.5
2017-06-12,364
2017-06-12,365
2017-06-12,362
2017-06-13,363
2017-06-13,363
2017-06-13,362
2017-06-13,364
2017-06-14,363
2017-06-14,363
2017-06-14,364
2017-06-14,362
2017-06-15,361.5
2017-06-15,362
2017-06-15,360
2017-06-15,363
2017-06-16,358
2017-06-16,358
2017-06-16,356
2017-06-16,360
2017-06-17,356
2017-06-17,356
2017-06-17,354
2017-06-17,358
2017-06-18,350.5
2017-06-18,351
2017-06-18,351
2017-06-18,350
2017-06-19,350
2017-06-19,350
2017-06-19,348
2017-06-19,352
2017-06-20,350.5
2017-06-20,351
2017-06-20,350
2017-06-20,351
2017-06-21,353
2017-06-21,353
2017-06-21,356
2017-06-21,350
2017-06-22,354
2017-06-22,354
2017-06-22,357
2017-06-22,351
2017-06-23,351
2017-06-23,351
2017-06-23,352
2017-06-23,350
2017-06-24,351
2017-06-24,351
2017-06-24,350
2017-06-24,352
2017-06-25,353.5
2017-06-25,354
2017-06-25,353
2017-06-25,354
2017-06-26,353.5
2017-06-26,354
2017-06-26,351
2017-06-26,356
2017-06-27,353.5
2017-06-27,354
2017-06-27,352
2017-06-27,355
2017-06-28,356
2017-06-28,356
2017-06-28,354
2017-06-28,358
2017-06-29,355.5
2017-06-29,356
2017-06-29,355
2017-06-29,356
2017-06-30,348.5
2017-06-30,349
2017-06-30,349
2017-06-30,348
2017-07-01,347
2017-07-01,347
2017-07-01,346
2017-07-01,348
2017-07-02,336.5
2017-07-02,337
2017-07-02,337
2017-07-02,336
2017-07-03,335
2017-07-03,335
2017-07-03,332
2017-07-03,338
2017-07-04,332.5
2017-07-04,333
2017-07-04,330
2017-07-04,335
2017-07-05,331
2017-07-05,331
2017-07-05,329
2017-07-05,333
2017-07-06,324
2017-07-06,324
2017-07-06,326
2017-07-06,322
2017-07-07,326
2017-07-07,326
2017-07-07,332
2017-07-07,320
2017-07-08,326.5
2017-07-08,327
2017-07-08,331
2017-07-08,322
2017-07-09,324
2017-07-09,324
2017-07-09,327
2017-07-09,321
2017-07-10,324
2017-07-10,324
2017-07-10,326
2017-07-10,322
2017-07-11,324.5
2017-07-11,325
2017-07-11,325
2017-07-11,324
2017-07-12,324
2017-07-12,324
2017-07-12,322
2017-07-12,326
2017-07-13,324.5
2017-07-13,325
2017-07-13,324
2017-07-13,325
2017-07-14,326
2017-07-14,326
2017-07-14,325
2017-07-14,327
2017-07-15,324
2017-07-15,324
2017-07-15,323
2017-07-15,325
2017-07-16,322.5
2017-07-16,323
2017-07-16,321
2017-07-16,324
2017-07-17,322
2017-07-17,322
2017-07-17,322
2017-07-17,322
2017-07-18,320.5
2017-07-18,321
2017-07-18,321
2017-07-18,320
2017-07-19,322
2017-07-19,322
2017-07-19,320
2017-07-19,324
2017-07-20,320.5
2017-07-20,321
2017-07-20,318
2017-07-20,323
2017-07-21,323.5
2017-07-21,324
2017-07-21,323
2017-07-21,324
2017-07-22,325.5
2017-07-22,326
2017-07-22,325
2017-07-22,326
2017-07-23,326.5
2017-07-23,327
2017-07-23,328
2017-07-23,325
2017-07-24,335
2017-07-24,335
2017-07-24,342
2017-07-24,328
2017-07-25,334.5
2017-07-25,335
2017-07-25,337
2017-07-25,332
2017-07-26,335.5
2017-07-26,336
2017-07-26,340
2017-07-26,331
2017-07-27,328.5
2017-07-27,329
2017-07-27,328
2017-07-27,329
2017-07-28,323
2017-07-28,323
2017-07-28,324
2017-07-28,322
2017-07-29,318
2017-07-29,318
2017-07-29,320
2017-07-29,316
2017-07-30,309
2017-07-30,309
2017-07-30,312
2017-07-30,306
2017-07-31,300
2017-07-31,300
2017-07-31,299
2017-07-31,301
2017-08-01,296.5
2017-08-01,297
2017-08-01,294
2017-08-01,299
2017-08-02,294
2017-08-02,294
2017-08-02,290
2017-08-02,298
2017-08-03,293
2017-08-03,293
2017-08-03,292
2017-08-03,294
2017-08-04,293
2017-08-04,293
2017-08-04,296
2017-08-04,290
2017-08-05,287
2017-08-05,287
2017-08-05,292
2017-08-05,282
2017-08-06,291
2017-08-06,291
2017-08-06,297
2017-08-06,285
2017-08-07,291
2017-08-07,291
2017-08-07,298
2017-08-07,284
2017-08-08,291.5
2017-08-08,292
2017-08-08,286
2017-08-08,297
2017-08-09,298
2017-08-09,298
2017-08-09,298
2017-08-09,298
2017-08-10,296
2017-08-10,296
2017-08-10,296
2017-08-10,296
2017-08-11,298
2017-08-11,298
2017-08-11,297
2017-08-11,299
2017-08-12,295.5
2017-08-12,296
2017-08-12,294
2017-08-12,297
2017-08-13,295.5
2017-08-13,296
2017-08-13,295
2017-08-13,296
2017-08-14,295
2017-08-14,295
2017-08-14,292
2017-08-14,298
2017-08-15,291
2017-08-15,291
2017-08-15,288
2017-08-15,294
2017-08-16,291
2017-08-16,291
2017-08-16,287
2017-08-16,295
2017-08-17,293
2017-08-17,293
2017-08-17,288
2017-08-17,298
2017-08-18,286.5
2017-08-18,287
2017-08-18,287
2017-08-18,286
2017-08-19,286
2017-08-19,286
2017-08-19,288
2017-08-19,284
2017-08-20,289.5
2017-08-20,290
2017-08-20,294
2017-08-20,285
2017-08-21,293
2017-08-21,293
2017-08-21,302
2017-08-21,284
2017-08-22,288.5
2017-08-22,289
2017-08-22,294
2017-08-22,283
2017-08-23,284.5
2017-08-23,285
2017-08-23,284
2017-08-23,285
2017-08-24,286
2017-08-24,286
2017-08-24,282
2017-08-24,290
2017-08-25,284
2017-08-25,284
2017-08-25,280
2017-08-25,288
2017-08-26,282.5
2017-08-26,283
2017-08-26,281
2017-08-26,284
2017-08-27,276
2017-08-27,276
2017-08-27,276
2017-08-27,276
2017-08-28,271
2017-08-28,271
2017-08-28,270
2017-08-28,272
2017-08-29,265
2017-08-29,265
2017-08-29,262
2017-08-29,268
2017-08-30,260.5
2017-08-30,261
2017-08-30,261
2017-08-30,260
2017-08-31,248
2017-08-31,248
2017-08-31,242
2017-08-31,254
2017-09-01,245
2017-09-01,245
2017-09-01,242
2017-09-01,248
2017-09-02,246.5
2017-09-02,247
2017-09-02,243
2017-09-02,250
2017-09-03,254
2017-09-03,254
2017-09-03,256
2017-09-03,252
2017-09-04,247
2017-09-04,247
2017-09-04,254
2017-09-04,240
2017-09-05,248.5
2017-09-05,249
2017-09-05,256
2017-09-05,241
2017-09-06,249.5
2017-09-06,250
2017-09-06,257
2017-09-06,242
2017-09-07,255
2017-09-07,255
2017-09-07,262
2017-09-07,248
2017-09-08,256
2017-09-08,256
2017-09-08,256
2017-09-08,256
2017-09-09,249
2017-09-09,249
2017-09-09,244
2017-09-09,254
2017-09-10,250.5
2017-09-10,251
2017-09-10,245
2017-09-10,256
2017-09-11,252
2017-09-11,252
2017-09-11,246
2017-09-11,258
2017-09-12,242
2017-09-12,242
2017-09-12,238
2017-09-12,246
2017-09-13,236.5
2017-09-13,237
2017-09-13,232
2017-09-13,241
2017-09-14,226
2017-09-14,226
2017-09-14,224
2017-09-14,228
2017-09-15,219.5
2017-09-15,220
2017-09-15,219
2017-09-15,220
2017-09-16,219
2017-09-16,219
2017-09-16,224
2017-09-16,214
2017-09-17,226.5
2017-09-17,227
2017-09-17,228
2017-09-17,225
2017-09-18,229.5
2017-09-18,230
2017-09-18,239
2017-09-18,220
2017-09-19,226.5
2017-09-19,227
2017-09-19,241
2017-09-19,212
2017-09-20,224
2017-09-20,224
2017-09-20,238
2017-09-20,210
2017-09-21,219
2017-09-21,219
2017-09-21,220
2017-09-21,218
2017-09-22,215.5
2017-09-22,216
2017-09-22,214
2017-09-22,217
2017-09-23,215.5
2017-09-23,216
2017-09-23,212
2017-09-23,219
2017-09-24,222
2017-09-24,222
2017-09-24,216
2017-09-24,228
2017-09-25,197.5
2017-09-25,198
2017-09-25,197
2017-09-25,198
2017-09-26,189.5
2017-09-26,190
2017-09-26,189
2017-09-26,190
2017-09-27,181
2017-09-27,181
2017-09-27,180
2017-09-27,182
2017-09-28,176.5
2017-09-28,177
2017-09-28,172
2017-09-28,181
2017-09-29,169
2017-09-29,169
2017-09-29,170
2017-09-29,168
2017-09-30,168
2017-09-30,168
2017-09-30,166
2017-09-30,170
2017-10-01,163
2017-10-01,163
2017-10-01,162
2017-10-01,164
2017-10-02,174.5
2017-10-02,175
2017-10-02,174
2017-10-02,175
2017-10-03,177
2017-10-03,177
2017-10-03,182
2017-10-03,172
2017-10-04,178
2017-10-04,178
2017-10-04,192
2017-10-04,164
2017-10-05,183
2017-10-05,183
2017-10-05,198
2017-10-05,168
2017-10-06,192.5
2017-10-06,192
2017-10-06,204
2017-10-06,181
2017-10-07,189
2017-10-07,189
2017-10-07,190
2017-10-07,188
2017-10-08,188
2017-10-08,188
2017-10-08,186
2017-10-08,190
2017-10-09,186.5
2017-10-09,186
2017-10-09,182
2017-10-09,191
2017-10-10,187
2017-10-10,187
2017-10-10,182
2017-10-10,192
2017-10-11,184.5
2017-10-11,184
2017-10-11,183
2017-10-11,186
2017-10-12,182
2017-10-12,182
2017-10-12,180
2017-10-12,184
2017-10-13,182
2017-10-13,182
2017-10-13,179
2017-10-13,185
2017-10-14,176.5
2017-10-14,176
2017-10-14,178
2017-10-14,175
2017-10-15,178
2017-10-15,178
2017-10-15,180
2017-10-15,176
2017-10-16,178
2017-10-16,178
2017-10-16,179
2017-10-16,177
2017-10-17,175
2017-10-17,175
2017-10-17,178
2017-10-17,172
2017-10-18,176.5
2017-10-18,176
2017-10-18,182
2017-10-18,171
2017-10-19,180
2017-10-19,180
2017-10-19,184
2017-10-19,176
2017-10-20,183.5
2017-10-20,184
2017-10-20,192
2017-10-20,175
2017-10-21,185
2017-10-21,185
2017-10-21,194
2017-10-21,176
2017-10-22,179.5
2017-10-22,180
2017-10-22,182
2017-10-22,177
2017-10-23,171.5
2017-10-23,172
2017-10-23,172
2017-10-23,171
2017-10-24,165
2017-10-24,165
2017-10-24,164
2017-10-24,166
2017-10-25,160
2017-10-25,160
2017-10-25,158
2017-10-25,162
2017-10-26,157
2017-10-26,157
2017-10-26,156
2017-10-26,158
2017-10-27,154.5
2017-10-27,155
2017-10-27,152
2017-10-27,157
2017-10-28,152
2017-10-28,152
2017-10-28,148
2017-10-28,156
2017-10-29,150.5
2017-10-29,151
2017-10-29,146
2017-10-29,155
2017-10-30,150.5
2017-10-30,151
2017-10-30,145
2017-10-30,156
2017-10-31,154.5
2017-10-31,155
2017-10-31,155
2017-10-31,154
2017-11-01,161
2017-11-01,161
2017-11-01,164
2017-11-01,158
2017-11-02,163
2017-11-02,163
2017-11-02,176
2017-11-02,150
2017-11-03,175
2017-11-03,175
2017-11-03,188
2017-11-03,162
2017-11-04,184
2017-11-04,184
2017-11-04,194
2017-11-04,174
2017-11-05,190
2017-11-05,190
2017-11-05,198
2017-11-05,182
2017-11-06,186.5
2017-11-06,187
2017-11-06,188
2017-11-06,185
2017-11-07,182
2017-11-07,182
2017-11-07,178
2017-11-07,186
2017-11-08,183.5
2017-11-08,184
2017-11-08,182
2017-11-08,185
2017-11-09,182.5
2017-11-09,183
2017-11-09,181
2017-11-09,184
2017-11-10,181
2017-11-10,181
2017-11-10,180
2017-11-10,182
2017-11-11,182
2017-11-11,182
2017-11-11,178
2017-11-11,186
2017-11-12,183
2017-11-12,183
2017-11-12,176
2017-11-12,190
2017-11-13,183
2017-11-13,183
2017-11-13,178
2017-11-13,188
2017-11-14,183
2017-11-14,183
2017-11-14,177
2017-11-14,189
2017-11-15,176.5
2017-11-15,177
2017-11-15,179
2017-11-15,174
2017-11-16,177.5
2017-11-16,178
2017-11-16,180
2017-11-16,175
2017-11-17,185
2017-11-17,185
2017-11-17,198
2017-11-17,172
2017-11-18,187
2017-11-18,187
2017-11-18,199
2017-11-18,175
2017-11-19,183
2017-11-19,183
2017-11-19,184
2017-11-19,182
2017-11-20,182.5
2017-11-20,183
2017-11-20,185
2017-11-20,180
2017-11-21,179.5
2017-11-21,180
2017-11-21,174
2017-11-21,185
2017-11-22,177
2017-11-22,177
2017-11-22,172
2017-11-22,182
2017-11-23,176
2017-11-23,176
2017-11-23,174
2017-11-23,178
2017-11-24,175
2017-11-24,175
2017-11-24,173
2017-11-24,177
2017-11-25,175
2017-11-25,175
2017-11-25,174
2017-11-25,176
2017-11-26,170.5
2017-11-26,171
2017-11-26,167
2017-11-26,174
2017-11-27,167
2017-11-27,167
2017-11-27,164
2017-11-27,170
2017-11-28,180
2017-11-28,180
2017-11-28,174
2017-11-28,186
2017-11-29,191.5
2017-11-29,192
2017-11-29,185
2017-11-29,198
2017-11-30,193.5
2017-11-30,194
2017-11-30,190
2017-11-30,197
2017-12-01,200
2017-12-01,200
2017-12-01,202
2017-12-01,198
2017-12-02,204.5
2017-12-02,205
2017-12-02,212
2017-12-02,197
2017-12-03,209
2017-12-03,209
2017-12-03,220
2017-12-03,198
2017-12-04,215
2017-12-04,215
2017-12-04,228
2017-12-04,202
2017-12-05,215
2017-12-05,215
2017-12-05,214
2017-12-05,216
2017-12-06,217
2017-12-06,217
2017-12-06,216
2017-12-06,218
2017-12-07,207
2017-12-07,207
2017-12-07,202
2017-12-07,212
2017-12-08,207
2017-12-08,207
2017-12-08,206
2017-12-08,208
2017-12-09,204
2017-12-09,204
2017-12-09,202
2017-12-09,206
2017-12-10,202.5
2017-12-10,203
2017-12-10,201
2017-12-10,204
2017-12-11,201
2017-12-11,201
2017-12-11,199
2017-12-11,203
2017-12-12,200
2017-12-12,200
2017-12-12,198
2017-12-12,202
2017-12-13,202.5
2017-12-13,203
2017-12-13,199
2017-12-13,206
2017-12-14,203
2017-12-14,203
2017-12-14,204
2017-12-14,202
2017-12-15,196.5
2017-12-15,197
2017-12-15,206
2017-12-15,187
2017-12-16,194.5
2017-12-16,195
2017-12-16,207
2017-12-16,182
2017-12-17,202
2017-12-17,202
2017-12-17,216
2017-12-17,188
2017-12-18,202
2017-12-18,202
2017-12-18,212
2017-12-18,192
2017-12-19,198.5
2017-12-19,199
2017-12-19,198
2017-12-19,199
2017-12-20,197
2017-12-20,197
2017-12-20,196
2017-12-20,198
2017-12-21,196.5
2017-12-21,197
2017-12-21,194
2017-12-21,199
2017-12-22,200
2017-12-22,200
2017-12-22,198
2017-12-22,202
2017-12-23,199
2017-12-23,199
2017-12-23,197
2017-12-23,201
2017-12-24,197.5
2017-12-24,198
2017-12-24,198
2017-12-24,197
2017-12-25,197
2017-12-25,197
2017-12-25,196
2017-12-25,198
2017-12-26,198
2017-12-26,198
2017-12-26,197
2017-12-26,199
2017-12-27,199.5
2017-12-27,200
2017-12-27,198
2017-12-27,201
2017-12-28,208
2017-12-28,208
2017-12-28,202
2017-12-28,214
2017-12-29,214.5
2017-12-29,215
2017-12-29,210
2017-12-29,219
2017-12-30,218
2017-12-30,218
2017-12-30,216
2017-12-30,220
2017-12-31,222
2017-12-31,222
2017-12-31,220
2017-12-31,224
2018-01-01,226
2018-01-01,226
2018-01-01,222
2018-01-01,230
2018-01-02,240.5
2018-01-02,241
2018-01-02,248
2018-01-02,233
2018-01-03,245
2018-01-03,245
2018-01-03,244
2018-01-03,246
2018-01-04,241.5
2018-01-04,242
2018-01-04,240
2018-01-04,243
2018-01-05,245
2018-01-05,245
2018-01-05,244
2018-01-05,246
2018-01-06,250
2018-01-06,250
2018-01-06,248
2018-01-06,252
2018-01-07,250
2018-01-07,250
2018-01-07,246
2018-01-07,254
2018-01-08,246.5
2018-01-08,247
2018-01-08,241
2018-01-08,252
2018-01-09,242.5
2018-01-09,243
2018-01-09,240
2018-01-09,245
2018-01-10,237
2018-01-10,237
2018-01-10,238
2018-01-10,236
2018-01-11,233
2018-01-11,233
2018-01-11,232
2018-01-11,234
2018-01-12,227
2018-01-12,227
2018-01-12,228
2018-01-12,226
2018-01-13,226
2018-01-13,226
2018-01-13,234
2018-01-13,218
2018-01-14,227
2018-01-14,227
2018-01-14,226
2018-01-14,228
2018-01-15,239.5
2018-01-15,240
2018-01-15,242
2018-01-15,237
2018-01-16,251
2018-01-16,251
2018-01-16,256
2018-01-16,246
2018-01-17,250
2018-01-17,250
2018-01-17,252
2018-01-17,248
2018-01-18,254
2018-01-18,254
2018-01-18,256
2018-01-18,252
2018-01-19,252.5
2018-01-19,253
2018-01-19,254
2018-01-19,251
2018-01-20,248.5
2018-01-20,249
2018-01-20,245
2018-01-20,252
2018-01-21,251.5
2018-01-21,252
2018-01-21,249
2018-01-21,254
2018-01-22,252
2018-01-22,252
2018-01-22,248
2018-01-22,256
2018-01-23,255
2018-01-23,255
2018-01-23,252
2018-01-23,258
2018-01-24,258.5
2018-01-24,259
2018-01-24,255
2018-01-24,262
2018-01-25,254.5
2018-01-25,255
2018-01-25,253
2018-01-25,256
2018-01-26,260
2018-01-26,260
2018-01-26,258
2018-01-26,262
2018-01-27,264.5
2018-01-27,265
2018-01-27,261
2018-01-27,268
2018-01-28,269
2018-01-28,269
2018-01-28,268
2018-01-28,270
2018-01-29,271.5
2018-01-29,272
2018-01-29,271
2018-01-29,272
2018-01-30,272
2018-01-30,272
2018-01-30,276
2018-01-30,268
2018-01-31,284
2018-01-31,284
2018-01-31,292
2018-01-31,276
2018-02-01,286
2018-02-01,286
2018-02-01,298
2018-02-01,274
2018-02-02,292
2018-02-02,292
2018-02-02,288
2018-02-02,296
2018-02-03,292.5
2018-02-03,293
2018-02-03,290
2018-02-03,295
2018-02-04,297
2018-02-04,297
2018-02-04,296
2018-02-04,298
2018-02-05,306
2018-02-05,306
2018-02-05,304
2018-02-05,308
2018-02-06,303.5
2018-02-06,304
2018-02-06,303
2018-02-06,304
2018-02-07,297.5
2018-02-07,298
2018-02-07,298
2018-02-07,297
2018-02-08,287
2018-02-08,287
2018-02-08,286
2018-02-08,288
2018-02-09,280.5
2018-02-09,281
2018-02-09,278
2018-02-09,283
2018-02-10,283.5
2018-02-10,284
2018-02-10,281
2018-02-10,286
2018-02-11,286.5
2018-02-11,287
2018-02-11,288
2018-02-11,285
2018-02-12,291
2018-02-12,291
2018-02-12,296
2018-02-12,286
2018-02-13,291
2018-02-13,291
2018-02-13,298
2018-02-13,284
2018-02-14,299
2018-02-14,299
2018-02-14,304
2018-02-14,294
2018-02-15,306
2018-02-15,306
2018-02-15,308
2018-02-15,304
2018-02-16,306.5
2018-02-16,307
2018-02-16,305
2018-02-16,308
2018-02-17,311.5
2018-02-17,312
2018-02-17,309
2018-02-17,314
2018-02-18,320
2018-02-18,320
2018-02-18,316
2018-02-18,324
2018-02-19,326
2018-02-19,326
2018-02-19,324
2018-02-19,328
2018-02-20,334
2018-02-20,334
2018-02-20,331
2018-02-20,337
2018-02-21,337
2018-02-21,337
2018-02-21,336
2018-02-21,338
2018-02-22,337.5
2018-02-22,338
2018-02-22,339
2018-02-22,336
2018-02-23,336.5
2018-02-23,337
2018-02-23,336
2018-02-23,337
2018-02-24,337.5
2018-02-24,338
2018-02-24,337
2018-02-24,338
2018-02-25,334.5
2018-02-25,335
2018-02-25,335
2018-02-25,334
2018-02-26,335
2018-02-26,335
2018-02-26,334
2018-02-26,336
2018-02-27,334
2018-02-27,334
2018-02-27,336
2018-02-27,332
2018-02-28,346.5
2018-02-28,347
2018-02-28,348
2018-02-28,345
2018-03-01,348
2018-03-01,348
2018-03-01,352
2018-03-01,344
2018-03-02,357
2018-03-02,357
2018-03-02,358
2018-03-02,356
2018-03-03,361.5
2018-03-03,362
2018-03-03,362
2018-03-03,361
2018-03-04,366
2018-03-04,366
2018-03-04,364
2018-03-04,368
2018-03-05,373
2018-03-05,373
2018-03-05,372
2018-03-05,374
2018-03-06,375
2018-03-06,375
2018-03-06,375
2018-03-06,375
2018-03-07,375
2018-03-07,375
2018-03-07,374
2018-03-07,376
2018-03-08,366
2018-03-08,366
2018-03-08,368
2018-03-08,364
2018-03-09,363.5
2018-03-09,364
2018-03-09,362
2018-03-09,365
2018-03-10,359
2018-03-10,359
2018-03-10,358
2018-03-10,360
2018-03-11,355
2018-03-11,355
2018-03-11,354
2018-03-11,356
2018-03-12,354.5
2018-03-12,355
2018-03-12,354
2018-03-12,355
2018-03-13,354
2018-03-13,354
2018-03-13,358
2018-03-13,350
2018-03-14,355
2018-03-14,355
2018-03-14,362
2018-03-14,348
2018-03-15,362
2018-03-15,362
2018-03-15,368
2018-03-15,356
2018-03-16,360
2018-03-16,360
2018-03-16,366
2018-03-16,354
2018-03-17,363
2018-03-17,363
2018-03-17,364
2018-03-17,362
2018-03-18,365.5
2018-03-18,366
2018-03-18,368
2018-03-18,363
2018-03-19,364.5
2018-03-19,365
2018-03-19,364
2018-03-19,365
2018-03-20,366
2018-03-20,366
2018-03-20,366
2018-03-20,366
2018-03-21,367.5
2018-03-21,368
2018-03-21,367
2018-03-21,368
2018-03-22,370.5
2018-03-22,371
2018-03-22,369
2018-03-22,372
2018-03-23,368
2018-03-23,368
2018-03-23,368
2018-03-23,368
2018-03-24,362
2018-03-24,362
2018-03-24,364
2018-03-24,360
2018-03-25,348
2018-03-25,348
2018-03-25,347
2018-03-25,349
2018-03-26,347
2018-03-26,347
2018-03-26,344
2018-03-26,350
2018-03-27,346.5
2018-03-27,347
2018-03-27,345
2018-03-27,348
2018-03-28,355
2018-03-28,355
2018-03-28,356
2018-03-28,354
2018-03-29,363
2018-03-29,363
2018-03-29,368
2018-03-29,358
2018-03-30,369
2018-03-30,369
2018-03-30,372
2018-03-30,366
2018-03-31,374
2018-03-31,374
2018-03-31,378
2018-03-31,370
2018-04-01,377.5
2018-04-01,378
2018-04-01,379
2018-04-01,376
2018-04-02,381
2018-04-02,381
2018-04-02,380
2018-04-02,382
2018-04-03,383.5
2018-04-03,384
2018-04-03,381
2018-04-03,386
2018-04-04,379
2018-04-04,379
2018-04-04,378
2018-04-04,380
2018-04-05,382
2018-04-05,382
2018-04-05,382
2018-04-05,382
2018-04-06,385
2018-04-06,385
2018-04-06,384
2018-04-06,386
2018-04-07,380
2018-04-07,380
2018-04-07,378
2018-04-07,382
2018-04-08,362.5
2018-04-08,363
2018-04-08,366
2018-04-08,359
2018-04-09,354
2018-04-09,354
2018-04-09,352
2018-04-09,356
2018-04-10,361
2018-04-10,361
2018-04-10,356
2018-04-10,366
2018-04-11,369
2018-04-11,369
2018-04-11,370
2018-04-11,368
2018-04-12,375.5
2018-04-12,376
2018-04-12,376
2018-04-12,375
2018-04-13,373
2018-04-13,373
2018-04-13,378
2018-04-13,368
2018-04-14,379
2018-04-14,379
2018-04-14,382
2018-04-14,376
2018-04-15,384
2018-04-15,384
2018-04-15,386
2018-04-15,382
2018-04-16,390
2018-04-16,390
2018-04-16,392
2018-04-16,388
2018-04-17,398.5
2018-04-17,399
2018-04-17,398
2018-04-17,399
2018-04-18,400.5
2018-04-18,401
2018-04-18,399
2018-04-18,402
2018-04-19,400
2018-04-19,400
2018-04-19,398
2018-04-19,402
2018-04-20,400.5
2018-04-20,401
2018-04-20,398
2018-04-20,403
2018-04-21,400
2018-04-21,400
2018-04-21,398
2018-04-21,402
2018-04-22,401
2018-04-22,401
2018-04-22,399
2018-04-22,403
2018-04-23,400
2018-04-23,400
2018-04-23,398
2018-04-23,402
2018-04-24,401.5
2018-04-24,402
2018-04-24,399
2018-04-24,404
2018-04-25,402.5
2018-04-25,403
2018-04-25,402
2018-04-25,403
2018-04-26,403
2018-04-26,403
2018-04-26,404
2018-04-26,402
2018-04-27,402
2018-04-27,402
2018-04-27,406
2018-04-27,398
2018-04-28,406
2018-04-28,406
2018-04-28,408
2018-04-28,404
2018-04-29,405.5
2018-04-29,406
2018-04-29,409
2018-04-29,402
2018-04-30,405
2018-04-30,405
2018-04-30,406
2018-04-30,404
2018-05-01,407
2018-05-01,407
2018-05-01,408
2018-05-01,406
2018-05-02,406
2018-05-02,406
2018-05-02,404
2018-05-02,408
2018-05-03,404.5
2018-05-03,405
2018-05-03,405
2018-05-03,404
2018-05-04,400.5
2018-05-04,401
2018-05-04,402
2018-05-04,399
2018-05-05,397
2018-05-05,396
2018-05-05,398
2018-05-05,396
2018-05-06,391
2018-05-06,392
2018-05-06,394
2018-05-06,388
2018-05-07,383
2018-05-07,388
2018-05-07,382
2018-05-07,384
2018-05-08,386.5
2018-05-08,383
2018-05-08,392
2018-05-08,381
2018-05-09,374
2018-05-09,378
2018-05-09,372
2018-05-09,376
2018-05-10,373.5
2018-05-10,374
2018-05-10,372
2018-05-10,375
2018-05-11,373
2018-05-11,373
2018-05-11,374
2018-05-11,372
2018-05-12,373.5
2018-05-12,374
2018-05-12,373
2018-05-12,374
2018-05-13,372
2018-05-13,372
2018-05-13,378
2018-05-13,366
2018-05-14,379
2018-05-14,379
2018-05-14,384
2018-05-14,374
2018-05-15,385
2018-05-15,385
2018-05-15,388
2018-05-15,382
2018-05-16,389.5
2018-05-16,390
2018-05-16,391
2018-05-16,388
2018-05-17,393
2018-05-17,393
2018-05-17,392
2018-05-17,394
2018-05-18,393
2018-05-18,393
2018-05-18,391
2018-05-18,395
2018-05-19,393
2018-05-19,393
2018-05-19,392
2018-05-19,394
2018-05-20,387
2018-05-20,387
2018-05-20,388
2018-05-20,386
2018-05-21,383
2018-05-21,383
2018-05-21,382
2018-05-21,384
2018-05-22,382.5
2018-05-22,383
2018-05-22,383
2018-05-22,382
2018-05-23,384
2018-05-23,384
2018-05-23,384
2018-05-23,384
2018-05-24,384.5
2018-05-24,385
2018-05-24,383
2018-05-24,386
2018-05-25,383
2018-05-25,383
2018-05-25,384
2018-05-25,382
2018-05-26,381.5
2018-05-26,382
2018-05-26,383
2018-05-26,380
2018-05-27,380.5
2018-05-27,381
2018-05-27,380
2018-05-27,381
2018-05-28,380
2018-05-28,380
2018-05-28,382
2018-05-28,378
2018-05-29,377
2018-05-29,377
2018-05-29,378
2018-05-29,376
2018-05-30,377.5
2018-05-30,378
2018-05-30,377
2018-05-30,378
2018-05-31,377
2018-05-31,377
2018-05-31,378
2018-05-31,376
2018-06-01,375
2018-06-01,375
2018-06-01,374
2018-06-01,376
2018-06-02,373
2018-06-02,373
2018-06-02,372
2018-06-02,374
2018-06-03,371
2018-06-03,371
2018-06-03,370
2018-06-03,372
2018-06-04,369
2018-06-04,369
2018-06-04,368
2018-06-04,370
2018-06-05,367
2018-06-05,367
2018-06-05,366
2018-06-05,368
2018-06-06,362
2018-06-06,362
2018-06-06,360
2018-06-06,364
2018-06-07,360
2018-06-07,360
2018-06-07,358
2018-06-07,362
2018-06-08,357
2018-06-08,357
2018-06-08,356
2018-06-08,358
2018-06-09,357
2018-06-09,357
2018-06-09,355
2018-06-09,359
2018-06-10,359
2018-06-10,358.5
2018-06-10,357
2018-06-10,360
2018-06-11,354
2018-06-11,354
2018-06-11,356
2018-06-11,352
2018-06-12,361
2018-06-12,360.5
2018-06-12,364
2018-06-12,357
2018-06-13,357
2018-06-13,357
2018-06-13,358
2018-06-13,356
2018-06-14,360
2018-06-14,360
2018-06-14,362
2018-06-14,358
2018-06-15,365
2018-06-15,365
2018-06-15,366
2018-06-15,364
2018-06-16,367
2018-06-16,367
2018-06-16,368
2018-06-16,366
2018-06-17,367
2018-06-17,367
2018-06-17,367
2018-06-17,367
2018-06-18,367
2018-06-18,367
2018-06-18,366
2018-06-18,368
2018-06-19,367
2018-06-19,366.5
2018-06-19,366
2018-06-19,367
2018-06-20,366
2018-06-20,365.5
2018-06-20,367
2018-06-20,364
2018-06-21,358
2018-06-21,358
2018-06-21,354
2018-06-21,362
2018-06-22,354
2018-06-22,354
2018-06-22,352
2018-06-22,356
2018-06-23,354
2018-06-23,354
2018-06-23,353
2018-06-23,355
2018-06-24,353
2018-06-24,353
2018-06-24,352
2018-06-24,354
2018-06-25,351
2018-06-25,351
2018-06-25,350
2018-06-25,352
2018-06-26,350
2018-06-26,350
2018-06-26,352
2018-06-26,348
2018-06-27,344
2018-06-27,344
2018-06-27,346
2018-06-27,342
2018-06-28,341
2018-06-28,341
2018-06-28,342
2018-06-28,340
2018-06-29,341
2018-06-29,341
2018-06-29,344
2018-06-29,338
2018-06-30,343
2018-06-30,343
2018-06-30,346
2018-06-30,340
2018-07-01,341
2018-07-01,341
2018-07-01,342
2018-07-01,340
2018-07-02,332
2018-07-02,332
2018-07-02,330
2018-07-02,334
2018-07-03,330
2018-07-03,330
2018-07-03,328
2018-07-03,332
2018-07-04,329
2018-07-04,328.5
2018-07-04,326
2018-07-04,331
2018-07-05,325
2018-07-05,325
2018-07-05,324
2018-07-05,326
2018-07-06,323
2018-07-06,323
2018-07-06,322
2018-07-06,324
2018-07-07,321
2018-07-07,321
2018-07-07,320
2018-07-07,322
2018-07-08,320
2018-07-08,319.5
2018-07-08,319
2018-07-08,320
2018-07-09,317
2018-07-09,317
2018-07-09,316
2018-07-09,318
2018-07-10,326
2018-07-10,326
2018-07-10,324
2018-07-10,328
2018-07-11,333
2018-07-11,333
2018-07-11,332
2018-07-11,334
2018-07-12,335
2018-07-12,335
2018-07-12,342
2018-07-12,328
2018-07-13,337
2018-07-13,336.5
2018-07-13,344
2018-07-13,329
2018-07-14,340
2018-07-14,340
2018-07-14,342
2018-07-14,338
2018-07-15,345
2018-07-15,345
2018-07-15,344
2018-07-15,346
2018-07-16,340
2018-07-16,340
2018-07-16,338
2018-07-16,342
2018-07-17,341
2018-07-17,340.5
2018-07-17,340
2018-07-17,341
2018-07-18,339
2018-07-18,339
2018-07-18,338
2018-07-18,340
2018-07-19,341
2018-07-19,341
2018-07-19,340
2018-07-19,342
2018-07-20,339
2018-07-20,339
2018-07-20,338
2018-07-20,340
2018-07-21,332
2018-07-21,332
2018-07-21,330
2018-07-21,334
2018-07-22,327
2018-07-22,327
2018-07-22,326
2018-07-22,328
2018-07-23,323
2018-07-23,323
2018-07-23,322
2018-07-23,324
2018-07-24,325
2018-07-24,324.5
2018-07-24,324
2018-07-24,325
2018-07-25,317
2018-07-25,317
2018-07-25,318
2018-07-25,316
2018-07-26,320
2018-07-26,320
2018-07-26,324
2018-07-26,316
2018-07-27,319
2018-07-27,319
2018-07-27,320
2018-07-27,318
2018-07-28,322
2018-07-28,322
2018-07-28,324
2018-07-28,320
2018-07-29,326
2018-07-29,326
2018-07-29,328
2018-07-29,324
2018-07-30,329
2018-07-30,329
2018-07-30,332
2018-07-30,326
2018-07-31,322
2018-07-31,322
2018-07-31,324
2018-07-31,320
2018-08-01,320
2018-08-01,320
2018-08-01,318
2018-08-01,322
2018-08-02,317
2018-08-02,317
2018-08-02,316
2018-08-02,318
2018-08-03,313
2018-08-03,313
2018-08-03,312
2018-08-03,314
2018-08-04,311
2018-08-04,311
2018-08-04,310
2018-08-04,312
2018-08-05,309
2018-08-05,309
2018-08-05,308
2018-08-05,310
2018-08-06,312
2018-08-06,312
2018-08-06,306
2018-08-06,318
2018-08-07,312
2018-08-07,312
2018-08-07,308
2018-08-07,316
2018-08-08,319
2018-08-08,319
2018-08-08,316
2018-08-08,322
2018-08-09,316.5
2018-08-09,317
2018-08-09,320
2018-08-09,313
2018-08-10,313
2018-08-10,313
2018-08-10,318
2018-08-10,308
2018-08-11,314
2018-08-11,314
2018-08-11,320
2018-08-11,308
2018-08-12,320
2018-08-12,320
2018-08-12,322
2018-08-12,318
2018-08-13,324
2018-08-13,324
2018-08-13,326
2018-08-13,322
2018-08-14,321
2018-08-14,321
2018-08-14,318
2018-08-14,324
2018-08-15,319
2018-08-15,319
2018-08-15,318
2018-08-15,320
2018-08-16,317
2018-08-16,317
2018-08-16,316
2018-08-16,318
2018-08-17,314
2018-08-17,314
2018-08-17,314
2018-08-17,314
2018-08-18,307
2018-08-18,307
2018-08-18,306
2018-08-18,308
2018-08-19,301
2018-08-19,301
2018-08-19,304
2018-08-19,298
2018-08-20,295
2018-08-20,295
2018-08-20,292
2018-08-20,298
2018-08-21,289
2018-08-21,289
2018-08-21,290
2018-08-21,288
2018-08-22,282
2018-08-22,282
2018-08-22,286
2018-08-22,278
2018-08-23,282
2018-08-23,282
2018-08-23,288
2018-08-23,276
2018-08-24,286
2018-08-24,286
2018-08-24,292
2018-08-24,280
2018-08-25,286
2018-08-25,286
2018-08-25,294
2018-08-25,278
2018-08-26,284
2018-08-26,284
2018-08-26,292
2018-08-26,276
2018-08-27,285
2018-08-27,285
2018-08-27,290
2018-08-27,280
2018-08-28,284.5
2018-08-28,285
2018-08-28,282
2018-08-28,287
2018-08-29,288.5
2018-08-29,289
2018-08-29,288
2018-08-29,289
2018-08-30,284
2018-08-30,284
2018-08-30,282
2018-08-30,286
2018-08-31,280
2018-08-31,280
2018-08-31,278
2018-08-31,282
2018-09-01,279
2018-09-01,279
2018-09-01,276
2018-09-01,282
2018-09-02,275
2018-09-02,275
2018-09-02,274
2018-09-02,276
2018-09-03,272
2018-09-03,272
2018-09-03,270
2018-09-03,274
2018-09-04,268
2018-09-04,268
2018-09-04,266
2018-09-04,270
2018-09-05,270
2018-09-05,270
2018-09-05,264
2018-09-05,276
2018-09-06,274
2018-09-06,273.5
2018-09-06,266
2018-09-06,281
2018-09-07,277
2018-09-07,277
2018-09-07,282
2018-09-07,272
2018-09-08,279
2018-09-08,279
2018-09-08,286
2018-09-08,272
2018-09-09,285
2018-09-09,285
2018-09-09,294
2018-09-09,276
2018-09-10,287
2018-09-10,287
2018-09-10,296
2018-09-10,278
2018-09-11,284
2018-09-11,284
2018-09-11,284
2018-09-11,284
2018-09-12,283
2018-09-12,283
2018-09-12,282
2018-09-12,284
2018-09-13,287
2018-09-13,287
2018-09-13,282
2018-09-13,292
2018-09-14,285
2018-09-14,285
2018-09-14,284
2018-09-14,286
2018-09-15,283
2018-09-15,283
2018-09-15,284
2018-09-15,282
2018-09-16,268
2018-09-16,268
2018-09-16,270
2018-09-16,266
2018-09-17,261
2018-09-17,261
2018-09-17,262
2018-09-17,260
2018-09-18,248
2018-09-18,248
2018-09-18,248
2018-09-18,248
2018-09-19,247
2018-09-19,247
2018-09-19,249
2018-09-19,245
2018-09-20,246
2018-09-20,246
2018-09-20,244
2018-09-20,248
2018-09-21,249
2018-09-21,249
2018-09-21,252
2018-09-21,246
2018-09-22,249
2018-09-22,249
2018-09-22,252
2018-09-22,246
2018-09-23,244
2018-09-23,244
2018-09-23,250
2018-09-23,238
2018-09-24,246
2018-09-24,246
2018-09-24,256
2018-09-24,236
2018-09-25,243
2018-09-25,243
2018-09-25,252
2018-09-25,234
2018-09-26,247
2018-09-26,246.5
2018-09-26,246
2018-09-26,247
2018-09-27,248
2018-09-27,248
2018-09-27,244
2018-09-27,252
2018-09-28,249
2018-09-28,249
2018-09-28,244
2018-09-28,254
2018-09-29,247
2018-09-29,247
2018-09-29,242
2018-09-29,252
2018-09-30,241
2018-09-30,241
2018-09-30,240
2018-09-30,242
2018-10-01,241
2018-10-01,240.5
2018-10-01,239
2018-10-01,242
2018-10-02,236
2018-10-02,236
2018-10-02,234
2018-10-02,238
2018-10-03,234
2018-10-03,234
2018-10-03,232
2018-10-03,236
2018-10-04,233
2018-10-04,233
2018-10-04,229
2018-10-04,237
2018-10-05,235
2018-10-05,234.5
2018-10-05,229
2018-10-05,240
2018-10-06,234
2018-10-06,234
2018-10-06,232
2018-10-06,236
2018-10-07,240
2018-10-07,240
2018-10-07,248
2018-10-07,232
2018-10-08,236
2018-10-08,236
2018-10-08,252
2018-10-08,220
2018-10-09,240
2018-10-09,240
2018-10-09,254
2018-10-09,226
2018-10-10,235
2018-10-10,235
2018-10-10,238
2018-10-10,232
2018-10-11,237
2018-10-11,236.5
2018-10-11,240
2018-10-11,233
2018-10-12,231
2018-10-12,231
2018-10-12,236
2018-10-12,226
2018-10-13,220
2018-10-13,220
2018-10-13,218
2018-10-13,222
2018-10-14,206
2018-10-14,206
2018-10-14,208
2018-10-14,204
2018-10-15,197
2018-10-15,197
2018-10-15,196
2018-10-15,198
2018-10-16,191
2018-10-16,191
2018-10-16,186
2018-10-16,196
2018-10-17,180
2018-10-17,180
2018-10-17,178
2018-10-17,182
2018-10-18,180
2018-10-18,179.5
2018-10-18,174
2018-10-18,185
2018-10-19,183
2018-10-19,183
2018-10-19,178
2018-10-19,188
2018-10-20,184
2018-10-20,183.5
2018-10-20,181
2018-10-20,186
2018-10-21,184
2018-10-21,184
2018-10-21,188
2018-10-21,180
2018-10-22,185
2018-10-22,185
2018-10-22,194
2018-10-22,176
2018-10-23,188
2018-10-23,188
2018-10-23,204
2018-10-23,172
2018-10-24,192
2018-10-24,192
2018-10-24,206
2018-10-24,178
2018-10-25,195
2018-10-25,195
2018-10-25,196
2018-10-25,194
2018-10-26,186
2018-10-26,185.5
2018-10-26,185
2018-10-26,186
2018-10-27,185
2018-10-27,184.5
2018-10-27,182
2018-10-27,187
2018-10-28,179
2018-10-28,179
2018-10-28,178
2018-10-28,180
2018-10-29,176
2018-10-29,175.5
2018-10-29,172
2018-10-29,179
2018-10-30,176
2018-10-30,176
2018-10-30,174
2018-10-30,178
2018-10-31,171
2018-10-31,171
2018-10-31,170
2018-10-31,172
2018-11-01,172
2018-11-01,172
2018-11-01,166
2018-11-01,178
2018-11-02,171
2018-11-02,170.5
2018-11-02,162
2018-11-02,179
2018-11-03,180
2018-11-03,180
2018-11-03,172
2018-11-03,188
2018-11-04,173
2018-11-04,173
2018-11-04,182
2018-11-04,164
2018-11-05,180
2018-11-05,180
2018-11-05,186
2018-11-05,174
2018-11-06,175
2018-11-06,174.5
2018-11-06,185
2018-11-06,164
2018-11-07,188
2018-11-07,188
2018-11-07,194
2018-11-07,182
2018-11-08,191
2018-11-08,191
2018-11-08,198
2018-11-08,184
2018-11-09,194
2018-11-09,193.5
2018-11-09,199
2018-11-09,188
2018-11-10,181
2018-11-10,181
2018-11-10,182
2018-11-10,180
2018-11-11,173
2018-11-11,172.5
2018-11-11,166
2018-11-11,179
2018-11-12,163
2018-11-12,163
2018-11-12,162
2018-11-12,164
2018-11-13,161
2018-11-13,161
2018-11-13,160
2018-11-13,162
2018-11-14,157
2018-11-14,157
2018-11-14,154
2018-11-14,160
2018-11-15,155
2018-11-15,155
2018-11-15,152
2018-11-15,158
2018-11-16,148
2018-11-16,148
2018-11-16,148
2018-11-16,148
2018-11-17,154
2018-11-17,154
2018-11-17,148
2018-11-17,160
2018-11-18,158
2018-11-18,158
2018-11-18,152
2018-11-18,164
2018-11-19,164
2018-11-19,164
2018-11-19,162
2018-11-19,166
2018-11-20,158
2018-11-20,158
2018-11-20,168
2018-11-20,148
2018-11-21,170
2018-11-21,170
2018-11-21,172
2018-11-21,168
2018-11-22,180
2018-11-22,180
2018-11-22,196
2018-11-22,164
2018-11-23,187
2018-11-23,186.5
2018-11-23,199
2018-11-23,174
2018-11-24,191
2018-11-24,191
2018-11-24,198
2018-11-24,184
2018-11-25,188
2018-11-25,188
2018-11-25,194
2018-11-25,182
2018-11-26,191
2018-11-26,191
2018-11-26,186
2018-11-26,196
2018-11-27,189
2018-11-27,189
2018-11-27,185
2018-11-27,193
2018-11-28,191
2018-11-28,191
2018-11-28,186
2018-11-28,196
2018-11-29,189
2018-11-29,189
2018-11-29,186
2018-11-29,192
2018-11-30,187
2018-11-30,187
2018-11-30,180
2018-11-30,194
2018-12-01,194
2018-12-01,194
2018-12-01,192
2018-12-01,196
2018-12-02,199
2018-12-02,199
2018-12-02,188
2018-12-02,210
2018-12-03,206
2018-12-03,206
2018-12-03,202
2018-12-03,210
2018-12-04,200.5
2018-12-04,201
2018-12-04,203
2018-12-04,198
2018-12-05,202
2018-12-05,202
2018-12-05,212
2018-12-05,192
2018-12-06,207
2018-12-06,207
2018-12-06,218
2018-12-06,196
2018-12-07,213
2018-12-07,213
2018-12-07,212
2018-12-07,214
2018-12-08,209
2018-12-08,209
2018-12-08,206
2018-12-08,212
2018-12-09,216
2018-12-09,216
2018-12-09,218
2018-12-09,214
2018-12-10,219
2018-12-10,219
2018-12-10,216
2018-12-10,222
2018-12-11,215.5
2018-12-11,216
2018-12-11,213
2018-12-11,218
2018-12-12,215
2018-12-12,215
2018-12-12,214
2018-12-12,216
2018-12-13,213
2018-12-13,213
2018-12-13,212
2018-12-13,214
2018-12-14,220
2018-12-14,220
2018-12-14,218
2018-12-14,222
2018-12-15,219
2018-12-15,219
2018-12-15,218
2018-12-15,220
2018-12-16,218
2018-12-16,218
2018-12-16,212
2018-12-16,224
2018-12-17,222
2018-12-17,222
2018-12-17,216
2018-12-17,228
2018-12-18,228
2018-12-18,228
2018-12-18,220
2018-12-18,236
2018-12-19,241
2018-12-19,241
2018-12-19,236
2018-12-19,246
2018-12-20,245
2018-12-20,245
2018-12-20,248
2018-12-20,242
2018-12-21,266
2018-12-21,266
2018-12-21,272
2018-12-21,260
2018-12-22,262
2018-12-22,262
2018-12-22,268
2018-12-22,256
2018-12-23,261
2018-12-23,261
2018-12-23,274
2018-12-23,248
2018-12-24,273
2018-12-24,273
2018-12-24,272
2018-12-24,274
2018-12-25,277.5
2018-12-25,278
2018-12-25,274
2018-12-25,281
2018-12-26,273
2018-12-26,273
2018-12-26,268
2018-12-26,278
2018-12-27,279
2018-12-27,279
2018-12-27,278
2018-12-27,280
2018-12-28,273
2018-12-28,273
2018-12-28,274
2018-12-28,272
2018-12-29,279
2018-12-29,279
2018-12-29,282
2018-12-29,276
2018-12-30,272
2018-12-30,272
2018-12-30,270
2018-12-30,274
2018-12-31,268
2018-12-31,268
2018-12-31,264
2018-12-31,272
2019-01-01,269
2019-01-01,269
2019-01-01,266
2019-01-01,272
2019-01-02,267
2019-01-02,266.5
2019-01-02,265
2019-01-02,268
2019-01-03,263
2019-01-03,263
2019-01-03,260
2019-01-03,266
2019-01-04,270
2019-01-04,270
2019-01-04,272
2019-01-04,268
2019-01-05,274
2019-01-05,274
2019-01-05,272
2019-01-05,276
2019-01-06,277
2019-01-06,277
2019-01-06,280
2019-01-06,274
2019-01-07,277
2019-01-07,276.5
2019-01-07,278
2019-01-07,275
2019-01-08,274
2019-01-08,274
2019-01-08,272
2019-01-08,276
2019-01-09,272
2019-01-09,272
2019-01-09,270
2019-01-09,274
2019-01-10,277
2019-01-10,277
2019-01-10,274
2019-01-10,280
2019-01-11,283
2019-01-11,283
2019-01-11,284
2019-01-11,282
2019-01-12,275
2019-01-12,275
2019-01-12,278
2019-01-12,272
2019-01-13,270
2019-01-13,270
2019-01-13,272
2019-01-13,268
2019-01-14,265
2019-01-14,265
2019-01-14,266
2019-01-14,264
2019-01-15,262
2019-01-15,262
2019-01-15,260
2019-01-15,264
2019-01-16,269
2019-01-16,269
2019-01-16,266
2019-01-16,272
2019-01-17,273
2019-01-17,273
2019-01-17,268
2019-01-17,278
2019-01-18,281
2019-01-18,280.5
2019-01-18,280
2019-01-18,281
2019-01-19,289
2019-01-19,289
2019-01-19,292
2019-01-19,286
2019-01-20,300
2019-01-20,300
2019-01-20,298
2019-01-20,302
2019-01-21,310
2019-01-21,310
2019-01-21,312
2019-01-21,308
2019-01-22,323
2019-01-22,323
2019-01-22,326
2019-01-22,320
2019-01-23,329
2019-01-23,329
2019-01-23,332
2019-01-23,326
2019-01-24,329
2019-01-24,329
2019-01-24,326
2019-01-24,332
2019-01-25,330
2019-01-25,329.5
2019-01-25,328
2019-01-25,331
2019-01-26,325
2019-01-26,325
2019-01-26,326
2019-01-26,324
2019-01-27,321
2019-01-27,321
2019-01-27,320
2019-01-27,322
2019-01-28,317
2019-01-28,317
2019-01-28,316
2019-01-28,318
2019-01-29,315
2019-01-29,315
2019-01-29,314
2019-01-29,316
2019-01-30,308
2019-01-30,308
2019-01-30,312
2019-01-30,304
2019-01-31,306
2019-01-31,306
2019-01-31,310
2019-01-31,302
2019-02-01,308
2019-02-01,308
2019-02-01,314
2019-02-01,302
2019-02-02,308
2019-02-02,308
2019-02-02,312
2019-02-02,304
2019-02-03,311
2019-02-03,310.5
2019-02-03,314
2019-02-03,307
2019-02-04,316
2019-02-04,316
2019-02-04,318
2019-02-04,314
2019-02-05,316
2019-02-05,316
2019-02-05,320
2019-02-05,312
2019-02-06,314
2019-02-06,314
2019-02-06,312
2019-02-06,316
2019-02-07,318
2019-02-07,318
2019-02-07,316
2019-02-07,320
2019-02-08,326
2019-02-08,325.5
2019-02-08,321
2019-02-08,330
2019-02-09,326
2019-02-09,326
2019-02-09,324
2019-02-09,328
2019-02-10,324
2019-02-10,324
2019-02-10,326
2019-02-10,322
2019-02-11,323
2019-02-11,323
2019-02-11,322
2019-02-11,324
2019-02-12,322
2019-02-12,321.5
2019-02-12,323
2019-02-12,320
2019-02-13,322
2019-02-13,322
2019-02-13,322
2019-02-13,322
2019-02-14,324
2019-02-14,323.5
2019-02-14,320
2019-02-14,327
2019-02-15,327
2019-02-15,327
2019-02-15,324
2019-02-15,330
2019-02-16,330
2019-02-16,330
2019-02-16,328
2019-02-16,332
2019-02-17,329
2019-02-17,329
2019-02-17,332
2019-02-17,326
2019-02-18,338
2019-02-18,338
2019-02-18,340
2019-02-18,336
2019-02-19,342
2019-02-19,342
2019-02-19,344
2019-02-19,340
2019-02-20,353
2019-02-20,353
2019-02-20,352
2019-02-20,354
2019-02-21,359
2019-02-21,359
2019-02-21,360
2019-02-21,358
2019-02-22,366
2019-02-22,366
2019-02-22,366
2019-02-22,366
2019-02-23,360
2019-02-23,360
2019-02-23,358
2019-02-23,362
2019-02-24,365
2019-02-24,364.5
2019-02-24,364
2019-02-24,365
2019-02-25,367
2019-02-25,367
2019-02-25,366
2019-02-25,368
2019-02-26,367
2019-02-26,367
2019-02-26,362
2019-02-26,372
2019-02-27,365
2019-02-27,364.5
2019-02-27,364
2019-02-27,365
2019-02-28,359
2019-02-28,359
2019-02-28,358
2019-02-28,360
2019-03-01,350
2019-03-01,350
2019-03-01,352
2019-03-01,348
2019-03-02,347.5
2019-03-02,348
2019-03-02,351
2019-03-02,344
2019-03-03,355
2019-03-03,355
2019-03-03,356
2019-03-03,354
2019-03-04,356
2019-03-04,356
2019-03-04,360
2019-03-04,352
2019-03-05,363
2019-03-05,363
2019-03-05,366
2019-03-05,360
2019-03-06,363.5
2019-03-06,364
2019-03-06,367
2019-03-06,360
2019-03-07,367
2019-03-07,367
2019-03-07,366
2019-03-07,368
2019-03-08,372
2019-03-08,372
2019-03-08,372
2019-03-08,372
2019-03-09,373.5
2019-03-09,374
2019-03-09,373
2019-03-09,374
2019-03-10,376
2019-03-10,376
2019-03-10,374
2019-03-10,378
2019-03-11,379
2019-03-11,379
2019-03-11,376
2019-03-11,382
2019-03-12,383.5
2019-03-12,384
2019-03-12,380
2019-03-12,387
2019-03-13,385
2019-03-13,385
2019-03-13,382
2019-03-13,388
2019-03-14,381.5
2019-03-14,382
2019-03-14,382
2019-03-14,381
2019-03-15,377
2019-03-15,377
2019-03-15,374
2019-03-15,380
2019-03-16,380
2019-03-16,380
2019-03-16,378
2019-03-16,382
2019-03-17,381
2019-03-17,381
2019-03-17,380
2019-03-17,382
2019-03-18,385
2019-03-18,385
2019-03-18,386
2019-03-18,384
2019-03-19,389
2019-03-19,389
2019-03-19,392
2019-03-19,386
2019-03-20,397
2019-03-20,397
2019-03-20,398
2019-03-20,396
2019-03-21,403
2019-03-21,403
2019-03-21,404
2019-03-21,402
2019-03-22,407
2019-03-22,407
2019-03-22,408
2019-03-22,406
2019-03-23,413
2019-03-23,413
2019-03-23,412
2019-03-23,414
2019-03-24,413
2019-03-24,413
2019-03-24,414
2019-03-24,412
2019-03-25,413
2019-03-25,413
2019-03-25,412
2019-03-25,414
2019-03-26,415
2019-03-26,415
2019-03-26,414
2019-03-26,416
2019-03-27,411
2019-03-27,411
2019-03-27,412
2019-03-27,410
2019-03-28,404
2019-03-28,404
2019-03-28,406
2019-03-28,402
2019-03-29,396
2019-03-29,396
2019-03-29,398
2019-03-29,394
2019-03-30,391
2019-03-30,391
2019-03-30,390
2019-03-30,392
2019-03-31,390.5
2019-03-31,391
2019-03-31,391
2019-03-31,390
2019-04-01,389.5
2019-04-01,390
2019-04-01,394
2019-04-01,385
2019-04-02,393.5
2019-04-02,394
2019-04-02,395
2019-04-02,392
2019-04-03,394.5
2019-04-03,395
2019-04-03,397
2019-04-03,392
2019-04-04,405
2019-04-04,405
2019-04-04,402
2019-04-04,408
2019-04-05,406.5
2019-04-05,407
2019-04-05,406
2019-04-05,407
2019-04-06,408
2019-04-06,408
2019-04-06,408
2019-04-06,408
2019-04-07,409
2019-04-07,409
2019-04-07,408
2019-04-07,410
2019-04-08,413.5
2019-04-08,414
2019-04-08,409
2019-04-08,418
2019-04-09,419
2019-04-09,419
2019-04-09,416
2019-04-09,422
2019-04-10,426.5
2019-04-10,427
2019-04-10,426
2019-04-10,427
2019-04-11,422
2019-04-11,422
2019-04-11,422
2019-04-11,422
2019-04-12,420
2019-04-12,420
2019-04-12,420
2019-04-12,420
2019-04-13,418.5
2019-04-13,419
2019-04-13,419
2019-04-13,418
2019-04-14,418
2019-04-14,418
2019-04-14,416
2019-04-14,420
2019-04-15,421.5
2019-04-15,422
2019-04-15,418
2019-04-15,425
2019-04-16,427
2019-04-16,427
2019-04-16,426
2019-04-16,428
2019-04-17,433.5
2019-04-17,434
2019-04-17,435
2019-04-17,432
2019-04-18,435.5
2019-04-18,436
2019-04-18,439
2019-04-18,432
2019-04-19,445.5
2019-04-19,446
2019-04-19,445
2019-04-19,446
2019-04-20,447
2019-04-20,447
2019-04-20,446
2019-04-20,448
2019-04-21,451
2019-04-21,451
2019-04-21,450
2019-04-21,452
2019-04-22,452.5
2019-04-22,453
2019-04-22,452
2019-04-22,453
2019-04-23,450.5
2019-04-23,451
2019-04-23,450
2019-04-23,451
2019-04-24,447.5
2019-04-24,448
2019-04-24,448
2019-04-24,447
2019-04-25,441
2019-04-25,441
2019-04-25,442
2019-04-25,440
2019-04-26,434
2019-04-26,434
2019-04-26,434
2019-04-26,434
2019-04-27,427.5
2019-04-27,428
2019-04-27,428
2019-04-27,427
2019-04-28,423
2019-04-28,423
2019-04-28,422
2019-04-28,424
2019-04-29,421.5
2019-04-29,422
2019-04-29,422
2019-04-29,421
2019-04-30,420
2019-04-30,420
2019-04-30,420
2019-04-30,420
2019-05-01,424
2019-05-01,424
2019-05-01,426
2019-05-01,422
2019-05-02,426
2019-05-02,426
2019-05-02,428
2019-05-02,424
2019-05-03,428
2019-05-03,428
2019-05-03,430
2019-05-03,426
2019-05-04,428.5
2019-05-04,429
2019-05-04,432
2019-05-04,425
2019-05-05,429
2019-05-05,429
2019-05-05,430
2019-05-05,428
2019-05-06,428.5
2019-05-06,429
2019-05-06,428
2019-05-06,429
2019-05-07,431
2019-05-07,431
2019-05-07,430
2019-05-07,432
2019-05-08,430
2019-05-08,430
2019-05-08,432
2019-05-08,428
2019-05-09,427.5
2019-05-09,428
2019-05-09,428
2019-05-09,427
2019-05-10,424.5
2019-05-10,425
2019-05-10,425
2019-05-10,424
2019-05-11,423
2019-05-11,423
2019-05-11,424
2019-05-11,422
2019-05-12,421
2019-05-12,421
2019-05-12,422
2019-05-12,420
2019-05-13,421
2019-05-13,421
2019-05-13,420
2019-05-13,422
2019-05-14,421.5
2019-05-14,422
2019-05-14,421
2019-05-14,422
2019-05-15,420
2019-05-15,420
2019-05-15,420
2019-05-15,420
2019-05-16,423.5
2019-05-16,424
2019-05-16,425
2019-05-16,422
2019-05-17,423.5
2019-05-17,424
2019-05-17,428
2019-05-17,419
2019-05-18,420
2019-05-18,420
2019-05-18,424
2019-05-18,416
2019-05-19,417.5
2019-05-19,418
2019-05-19,423
2019-05-19,412
2019-05-20,416.5
2019-05-20,417
2019-05-20,420
2019-05-20,413
2019-05-21,417.5
2019-05-21,418
2019-05-21,421
2019-05-21,414
2019-05-22,416.5
2019-05-22,417
2019-05-22,420
2019-05-22,413
2019-05-23,415.5
2019-05-23,416
2019-05-23,419
2019-05-23,412
2019-05-24,415
2019-05-24,415
2019-05-24,418
2019-05-24,412
2019-05-25,414.5
2019-05-25,415
2019-05-25,416
2019-05-25,413
2019-05-26,413
2019-05-26,413
2019-05-26,414
2019-05-26,412
2019-05-27,412.5
2019-05-27,413
2019-05-27,413
2019-05-27,412
2019-05-28,411.5
2019-05-28,412
2019-05-28,412
2019-05-28,411
2019-05-29,414
2019-05-29,414
2019-05-29,416
2019-05-29,412
2019-05-30,414.5
2019-05-30,415
2019-05-30,414
2019-05-30,415
2019-05-31,413
2019-05-31,413
2019-05-31,416
2019-05-31,410
2019-06-01,415
2019-06-01,415
2019-06-01,418
2019-06-01,412
2019-06-02,414.5
2019-06-02,415
2019-06-02,419
2019-06-02,410
2019-06-03,415
2019-06-03,415
2019-06-03,418
2019-06-03,412
2019-06-04,412.5
2019-06-04,413
2019-06-04,416
2019-06-04,409
2019-06-05,415.5
2019-06-05,416
2019-06-05,418
2019-06-05,413
2019-06-06,414
2019-06-06,414
2019-06-06,416
2019-06-06,412
2019-06-07,415
2019-06-07,415
2019-06-07,415
2019-06-07,415
2019-06-08,413
2019-06-08,413
2019-06-08,416
2019-06-08,410
2019-06-09,410
2019-06-09,410
2019-06-09,412
2019-06-09,408
2019-06-10,408
2019-06-10,408
2019-06-10,410
2019-06-10,406
2019-06-11,406.5
2019-06-11,407
2019-06-11,409
2019-06-11,404
2019-06-12,407
2019-06-12,407
2019-06-12,412
2019-06-12,402
2019-06-13,406
2019-06-13,406
2019-06-13,409
2019-06-13,403
2019-06-14,405
2019-06-14,405
2019-06-14,408
2019-06-14,402
2019-06-15,403.5
2019-06-15,404
2019-06-15,406
2019-06-15,401
2019-06-16,403.5
2019-06-16,404
2019-06-16,405
2019-06-16,402
2019-06-17,400
2019-06-17,400
2019-06-17,406
2019-06-17,394
2019-06-18,395
2019-06-18,395
2019-06-18,398
2019-06-18,392
2019-06-19,394
2019-06-19,394
2019-06-19,396
2019-06-19,392
2019-06-20,392
2019-06-20,392
2019-06-20,394
2019-06-20,390
2019-06-21,385
2019-06-21,385
2019-06-21,386
2019-06-21,384
2019-06-22,380
2019-06-22,380
2019-06-22,382
2019-06-22,378
2019-06-23,377.5
2019-06-23,378
2019-06-23,379
2019-06-23,376
2019-06-24,377
2019-06-24,377
2019-06-24,376
2019-06-24,378
2019-06-25,373
2019-06-25,373
2019-06-25,372
2019-06-25,374
2019-06-26,371
2019-06-26,371
2019-06-26,369
2019-06-26,373
2019-06-27,369
2019-06-27,369
2019-06-27,366
2019-06-27,372
2019-06-28,366
2019-06-28,366
2019-06-28,364
2019-06-28,368
2019-06-29,364
2019-06-29,364
2019-06-29,362
2019-06-29,366
2019-06-30,362
2019-06-30,362
2019-06-30,364
2019-06-30,360
2019-07-01,370
2019-07-01,370
2019-07-01,374
2019-07-01,366
2019-07-02,370
2019-07-02,369.5
2019-07-02,375
2019-07-02,364
2019-07-03,375
2019-07-03,375
2019-07-03,378
2019-07-03,372
2019-07-04,377
2019-07-04,377
2019-07-04,379
2019-07-04,375
2019-07-05,377
2019-07-05,377
2019-07-05,378
2019-07-05,376
2019-07-06,376
2019-07-06,375.5
2019-07-06,374
2019-07-06,377
2019-07-07,373
2019-07-07,373
2019-07-07,373
2019-07-07,373
2019-07-08,373
2019-07-08,373
2019-07-08,372
2019-07-08,374
2019-07-09,370
2019-07-09,370
2019-07-09,368
2019-07-09,372
2019-07-10,369
2019-07-10,369
2019-07-10,367
2019-07-10,371
2019-07-11,367
2019-07-11,367
2019-07-11,364
2019-07-11,370
2019-07-12,366
2019-07-12,366
2019-07-12,364
2019-07-12,368
2019-07-13,364
2019-07-13,364
2019-07-13,364
2019-07-13,364
2019-07-14,366
2019-07-14,365.5
2019-07-14,365
2019-07-14,366
2019-07-15,360
2019-07-15,360
2019-07-15,366
2019-07-15,354
2019-07-16,356
2019-07-16,356
2019-07-16,358
2019-07-16,354
2019-07-17,359
2019-07-17,358.5
2019-07-17,362
2019-07-17,355
2019-07-18,358
2019-07-18,358
2019-07-18,360
2019-07-18,356
2019-07-19,353
2019-07-19,352.5
2019-07-19,355
2019-07-19,350
2019-07-20,352
2019-07-20,352
2019-07-20,356
2019-07-20,348
2019-07-21,350
2019-07-21,350
2019-07-21,354
2019-07-21,346
2019-07-22,345
2019-07-22,345
2019-07-22,348
2019-07-22,342
2019-07-23,344
2019-07-23,344
2019-07-23,344
2019-07-23,344
2019-07-24,341
2019-07-24,341
2019-07-24,342
2019-07-24,340
2019-07-25,336
2019-07-25,335.5
2019-07-25,334
2019-07-25,337
2019-07-26,331
2019-07-26,331
2019-07-26,328
2019-07-26,334
2019-07-27,329
2019-07-27,329
2019-07-27,326
2019-07-27,332
2019-07-28,326
2019-07-28,326
2019-07-28,324
2019-07-28,328
2019-07-29,328
2019-07-29,328
2019-07-29,332
2019-07-29,324
2019-07-30,328
2019-07-30,327.5
2019-07-30,330
2019-07-30,325
2019-07-31,334
2019-07-31,334
2019-07-31,336
2019-07-31,332
2019-08-01,333
2019-08-01,333
2019-08-01,334
2019-08-01,332
2019-08-02,341
2019-08-02,341
2019-08-02,344
2019-08-02,338
2019-08-03,341.5
2019-08-03,342
2019-08-03,340
2019-08-03,343
2019-08-04,342
2019-08-04,342
2019-08-04,340
2019-08-04,344
2019-08-05,346.5
2019-08-05,347
2019-08-05,345
2019-08-05,348
2019-08-06,346
2019-08-06,346
2019-08-06,346
2019-08-06,346
2019-08-07,342.5
2019-08-07,343
2019-08-07,341
2019-08-07,344
2019-08-08,335
2019-08-08,335
2019-08-08,334
2019-08-08,336
2019-08-09,330
2019-08-09,330
2019-08-09,328
2019-08-09,332
2019-08-10,324
2019-08-10,324
2019-08-10,322
2019-08-10,326
2019-08-11,321.5
2019-08-11,322
2019-08-11,319
2019-08-11,324
2019-08-12,316
2019-08-12,316
2019-08-12,316
2019-08-12,316
2019-08-13,320
2019-08-13,320
2019-08-13,318
2019-08-13,322
2019-08-14,313
2019-08-14,313
2019-08-14,316
2019-08-14,310
2019-08-15,319
2019-08-15,319
2019-08-15,322
2019-08-15,316
2019-08-16,323
2019-08-16,323
2019-08-16,328
2019-08-16,318
2019-08-17,322
2019-08-17,322
2019-08-17,324
2019-08-17,320
2019-08-18,315
2019-08-18,315
2019-08-18,318
2019-08-18,312
2019-08-19,313
2019-08-19,313
2019-08-19,316
2019-08-19,310
2019-08-20,310
2019-08-20,310
2019-08-20,312
2019-08-20,308
2019-08-21,309
2019-08-21,309
2019-08-21,308
2019-08-21,310
2019-08-22,305
2019-08-22,305
2019-08-22,306
2019-08-22,304
2019-08-23,298.5
2019-08-23,299
2019-08-23,298
2019-08-23,299
2019-08-24,297
2019-08-24,297
2019-08-24,296
2019-08-24,298
2019-08-25,292
2019-08-25,292
2019-08-25,288
2019-08-25,296
2019-08-26,296.5
2019-08-26,297
2019-08-26,294
2019-08-26,299
2019-08-27,297
2019-08-27,297
2019-08-27,295
2019-08-27,299
2019-08-28,297
2019-08-28,297
2019-08-28,296
2019-08-28,298
2019-08-29,295.5
2019-08-29,296
2019-08-29,294
2019-08-29,297
2019-08-30,307
2019-08-30,307
2019-08-30,316
2019-08-30,298
2019-08-31,308
2019-08-31,308
2019-08-31,310
2019-08-31,306
2019-09-01,317
2019-09-01,317
2019-09-01,316
2019-09-01,318
2019-09-02,312
2019-09-02,312
2019-09-02,308
2019-09-02,316
2019-09-03,311.5
2019-09-03,312
2019-09-03,309
2019-09-03,314
2019-09-04,314
2019-09-04,314
2019-09-04,312
2019-09-04,316
2019-09-05,302
2019-09-05,302
2019-09-05,306
2019-09-05,298
2019-09-06,296
2019-09-06,296
2019-09-06,298
2019-09-06,294
2019-09-07,284
2019-09-07,284
2019-09-07,286
2019-09-07,282
2019-09-08,278.5
2019-09-08,279
2019-09-08,277
2019-09-08,280
2019-09-09,275
2019-09-09,275
2019-09-09,274
2019-09-09,276
2019-09-10,279
2019-09-10,279
2019-09-10,280
2019-09-10,278
2019-09-11,278
2019-09-11,278
2019-09-11,286
2019-09-11,270
2019-09-12,279.5
2019-09-12,280
2019-09-12,288
2019-09-12,271
2019-09-13,278.5
2019-09-13,279
2019-09-13,283
2019-09-13,274
2019-09-14,281.5
2019-09-14,282
2019-09-14,290
2019-09-14,273
2019-09-15,281
2019-09-15,281
2019-09-15,288
2019-09-15,274
2019-09-16,279.5
2019-09-16,280
2019-09-16,287
2019-09-16,272
2019-09-17,269.5
2019-09-17,270
2019-09-17,268
2019-09-17,271
2019-09-18,269.5
2019-09-18,270
2019-09-18,267
2019-09-18,272
2019-09-19,267
2019-09-19,267
2019-09-19,266
2019-09-19,268
2019-09-20,262
2019-09-20,262
2019-09-20,262
2019-09-20,262
2019-09-21,257
2019-09-21,257
2019-09-21,256
2019-09-21,258
2019-09-22,252
2019-09-22,252
2019-09-22,248
2019-09-22,256
2019-09-23,252
2019-09-23,252
2019-09-23,246
2019-09-23,258
2019-09-24,243
2019-09-24,243
2019-09-24,240
2019-09-24,246
2019-09-25,247
2019-09-25,247
2019-09-25,244
2019-09-25,250
2019-09-26,245
2019-09-26,245
2019-09-26,242
2019-09-26,248
2019-09-27,244
2019-09-27,244
2019-09-27,248
2019-09-27,240
2019-09-28,264
2019-09-28,264
2019-09-28,276
2019-09-28,252
2019-09-29,269
2019-09-29,269
2019-09-29,274
2019-09-29,264
2019-09-30,267
2019-09-30,267
2019-09-30,272
2019-09-30,262
2019-10-01,261.5
2019-10-01,262
2019-10-01,261
2019-10-01,262
2019-10-02,261.5
2019-10-02,262
2019-10-02,262
2019-10-02,261
2019-10-03,254
2019-10-03,254
2019-10-03,252
2019-10-03,256
2019-10-04,246
2019-10-04,246
2019-10-04,246
2019-10-04,246
2019-10-05,231
2019-10-05,231
2019-10-05,232
2019-10-05,230
2019-10-06,223
2019-10-06,223
2019-10-06,220
2019-10-06,226
2019-10-07,216
2019-10-07,216
2019-10-07,212
2019-10-07,220
2019-10-08,214
2019-10-08,214
2019-10-08,210
2019-10-08,218
2019-10-09,219.5
2019-10-09,220
2019-10-09,220
2019-10-09,219
2019-10-10,215
2019-10-10,215
2019-10-10,224
2019-10-10,206
2019-10-11,216
2019-10-11,216
2019-10-11,220
2019-10-11,212
2019-10-12,211.5
2019-10-12,212
2019-10-12,222
2019-10-12,201
2019-10-13,210
2019-10-13,210
2019-10-13,218
2019-10-13,202
2019-10-14,218
2019-10-14,218
2019-10-14,224
2019-10-14,212
2019-10-15,215
2019-10-15,215
2019-10-15,222
2019-10-15,208
2019-10-16,215.5
2019-10-16,216
2019-10-16,224
2019-10-16,207
2019-10-17,208
2019-10-17,208
2019-10-17,212
2019-10-17,204
2019-10-18,198.5
2019-10-18,199
2019-10-18,196
2019-10-18,201
2019-10-19,199.5
2019-10-19,200
2019-10-19,201
2019-10-19,198
2019-10-20,192
2019-10-20,192
2019-10-20,190
2019-10-20,194
2019-10-21,182.5
2019-10-21,183
2019-10-21,180
2019-10-21,185
2019-10-22,182
2019-10-22,182
2019-10-22,178
2019-10-22,186
2019-10-23,178
2019-10-23,178
2019-10-23,174
2019-10-23,182
2019-10-24,189
2019-10-24,189
2019-10-24,186
2019-10-24,192
2019-10-25,195
2019-10-25,195
2019-10-25,194
2019-10-25,196
2019-10-26,195
2019-10-26,195
2019-10-26,198
2019-10-26,192
2019-10-27,205
2019-10-27,205
2019-10-27,216
2019-10-27,194
2019-10-28,217
2019-10-28,217
2019-10-28,230
2019-10-28,204
2019-10-29,218
2019-10-29,218
2019-10-29,228
2019-10-29,208
2019-10-30,211
2019-10-30,211
2019-10-30,210
2019-10-30,212
2019-10-31,211
2019-10-31,211
2019-10-31,208
2019-10-31,214
2019-11-01,207
2019-11-01,207
2019-11-01,206
2019-11-01,208
2019-11-02,205
2019-11-02,205
2019-11-02,204
2019-11-02,206
2019-11-03,202
2019-11-03,190
2019-11-03,206
2019-11-03,198
2019-11-04,280
2019-11-04,183
2019-11-04,274
2019-11-04,286
2019-11-05,285
2019-11-05,181
2019-11-05,282
2019-11-05,288
2019-11-06,281
2019-11-06,174
2019-11-06,276
2019-11-06,286
2019-11-07,285
2019-11-07,169
2019-11-07,280
2019-11-07,290
2019-11-08,281
2019-11-08,170
2019-11-08,276
2019-11-08,286
2019-11-09,292
2019-11-09,178
2019-11-09,294
2019-11-09,290
2019-11-10,302
2019-11-10,186
2019-11-10,302
2019-11-10,302
2019-11-11,293
2019-11-11,193
2019-11-11,306
2019-11-11,280
2019-11-12,297
2019-11-12,195
2019-11-12,308
2019-11-12,286
2019-11-13,286
2019-11-13,197
2019-11-13,288
2019-11-13,284
2019-11-14,288
2019-11-14,199
2019-11-14,286
2019-11-14,290
2019-11-15,246
2019-11-15,200
2019-11-15,296
2019-11-15,196
2019-11-16,186.5
2019-11-16,187
2019-11-16,186
2019-11-16,187
2019-11-17,184
2019-11-17,184
2019-11-17,184
2019-11-17,184
2019-11-18,189
2019-11-18,189
2019-11-18,186
2019-11-18,192
2019-11-19,283
2019-11-19,186
2019-11-19,282
2019-11-19,284
2019-11-20,286
2019-11-20,187
2019-11-20,286
2019-11-20,286
2019-11-21,286
2019-11-21,182
2019-11-21,282
2019-11-21,290
2019-11-22,292
2019-11-22,181
2019-11-22,286
2019-11-22,298
2019-11-23,301
2019-11-23,191
2019-11-23,300
2019-11-23,302
2019-11-24,316
2019-11-24,198
2019-11-24,310
2019-11-24,322
2019-11-25,331
2019-11-25,208
2019-11-25,328
2019-11-25,334
2019-11-26,318
2019-11-26,216
2019-11-26,320
2019-11-26,316
2019-11-27,313
2019-11-27,225
2019-11-27,324
2019-11-27,302
2019-11-28,318
2019-11-28,227
2019-11-28,320
2019-11-28,316
2019-11-29,316
2019-11-29,224
2019-11-29,318
2019-11-29,314
2019-11-30,311
2019-11-30,218
2019-11-30,312
2019-11-30,310
2019-12-01,304
2019-12-01,211
2019-12-01,302
2019-12-01,306
2019-12-02,305
2019-12-02,208
2019-12-02,302
2019-12-02,308
2019-12-03,302
2019-12-03,201
2019-12-03,300
2019-12-03,304
2019-12-04,300
2019-12-04,197
2019-12-04,302
2019-12-04,298
2019-12-05,295
2019-12-05,194
2019-12-05,296
2019-12-05,294
2019-12-06,249
2019-12-06,193
2019-12-06,294
2019-12-06,204
2019-12-07,205
2019-12-07,205
2019-12-07,204
2019-12-07,206
2019-12-08,203
2019-12-08,203
2019-12-08,202
2019-12-08,204
2019-12-09,206
2019-12-09,206
2019-12-09,210
2019-12-09,202
2019-12-10,220
2019-12-10,220
2019-12-10,232
2019-12-10,208
2019-12-11,226
2019-12-11,226
2019-12-11,234
2019-12-11,218
2019-12-12,232
2019-12-12,232
2019-12-12,238
2019-12-12,226
2019-12-13,235
2019-12-13,235
2019-12-13,244
2019-12-13,226
2019-12-14,227
2019-12-14,227
2019-12-14,226
2019-12-14,228
2019-12-15,228
2019-12-15,228
2019-12-15,224
2019-12-15,232
2019-12-16,231.5
2019-12-16,232
2019-12-16,232
2019-12-16,231
2019-12-17,234
2019-12-17,234
2019-12-17,234
2019-12-17,234
2019-12-18,236.5
2019-12-18,237
2019-12-18,237
2019-12-18,236
2019-12-19,236
2019-12-19,236
2019-12-19,232
2019-12-19,240
2019-12-20,237
2019-12-20,237
2019-12-20,231
2019-12-20,243
2019-12-21,238
2019-12-21,238
2019-12-21,232
2019-12-21,244
2019-12-22,238
2019-12-22,238
2019-12-22,236
2019-12-22,240
2019-12-23,245
2019-12-23,245
2019-12-23,248
2019-12-23,242
2019-12-24,244
2019-12-24,244
2019-12-24,252
2019-12-24,236
2019-12-25,249
2019-12-25,249
2019-12-25,256
2019-12-25,242
2019-12-26,252
2019-12-26,252
2019-12-26,258
2019-12-26,246
2019-12-27,258
2019-12-27,258
2019-12-27,266
2019-12-27,250
2019-12-28,257
2019-12-28,257
2019-12-28,256
2019-12-28,258
2019-12-29,257
2019-12-29,257
2019-12-29,258
2019-12-29,256
2019-12-30,255
2019-12-30,255
2019-12-30,256
2019-12-30,254
2019-12-31,249
2019-12-31,249
2019-12-31,250
2019-12-31,248
2020-01-01,249
2020-01-01,249
2020-01-01,248
2020-01-01,250
2020-01-02,249.5
2020-01-02,250
2020-01-02,247
2020-01-02,252
2020-01-03,247
2020-01-03,247
2020-01-03,244
2020-01-03,250
2020-01-04,246
2020-01-04,246
2020-01-04,240
2020-01-04,252
2020-01-05,240
2020-01-05,240
2020-01-05,236
2020-01-05,244
2020-01-06,249.5
2020-01-06,250
2020-01-06,243
2020-01-06,256
2020-01-07,255
2020-01-07,255
2020-01-07,256
2020-01-07,254
2020-01-08,261
2020-01-08,261
2020-01-08,267
2020-01-08,255
2020-01-09,270.5
2020-01-09,271
2020-01-09,274
2020-01-09,267
2020-01-10,282
2020-01-10,282
2020-01-10,292
2020-01-10,272
2020-01-11,287
2020-01-11,287
2020-01-11,296
2020-01-11,278
2020-01-12,291
2020-01-12,291
2020-01-12,298
2020-01-12,284
2020-01-13,281
2020-01-13,292
2020-01-13,284
2020-01-13,278
2020-01-14,291
2020-01-14,293
2020-01-14,288
2020-01-14,294
2020-01-15,293.5
2020-01-15,294
2020-01-15,289
2020-01-15,298
2020-01-16,300
2020-01-16,300
2020-01-16,298
2020-01-16,302
2020-01-17,300
2020-01-17,300
2020-01-17,299
2020-01-17,301
2020-01-18,300
2020-01-18,300
2020-01-18,298
2020-01-18,302
2020-01-19,298.5
2020-01-19,299
2020-01-19,296
2020-01-19,301
2020-01-20,301
2020-01-20,301
2020-01-20,298
2020-01-20,304
2020-01-21,304.5
2020-01-21,305
2020-01-21,304
2020-01-21,305
2020-01-22,308
2020-01-22,308
2020-01-22,312
2020-01-22,304
2020-01-23,307.5
2020-01-23,308
2020-01-23,316
2020-01-23,299
2020-01-24,306
2020-01-24,306
2020-01-24,314
2020-01-24,298
2020-01-25,305.5
2020-01-25,306
2020-01-25,312
2020-01-25,299
2020-01-26,307
2020-01-26,307
2020-01-26,310
2020-01-26,304
2020-01-27,304
2020-01-27,304
2020-01-27,306
2020-01-27,302
2020-01-28,303.5
2020-01-28,304
2020-01-28,305
2020-01-28,302
2020-01-29,299.5
2020-01-29,300
2020-01-29,298
2020-01-29,301
2020-01-30,299.5
2020-01-30,300
2020-01-30,298
2020-01-30,301
2020-01-31,299
2020-01-31,299
2020-01-31,296
2020-01-31,302
2020-02-01,299.5
2020-02-01,300
2020-02-01,298
2020-02-01,301
2020-02-02,296
2020-02-02,296
2020-02-02,294
2020-02-02,298
2020-02-03,287.5
2020-02-03,288
2020-02-03,286
2020-02-03,289
2020-02-04,287
2020-02-04,287
2020-02-04,284
2020-02-04,290
2020-02-05,295
2020-02-05,295
2020-02-05,294
2020-02-05,296
2020-02-06,295
2020-02-06,295
2020-02-06,294
2020-02-06,296
2020-02-07,296
2020-02-07,296
2020-02-07,298
2020-02-07,294
2020-02-08,306
2020-02-08,306
2020-02-08,308
2020-02-08,304
2020-02-09,307
2020-02-09,307
2020-02-09,312
2020-02-09,302
2020-02-10,326
2020-02-10,326
2020-02-10,328
2020-02-10,324
2020-02-11,326.5
2020-02-11,327
2020-02-11,330
2020-02-11,323
2020-02-12,333
2020-02-12,333
2020-02-12,332
2020-02-12,334
2020-02-13,333
2020-02-13,333
2020-02-13,330
2020-02-13,336
2020-02-14,338
2020-02-14,338
2020-02-14,338
2020-02-14,338
2020-02-15,331
2020-02-15,331
2020-02-15,336
2020-02-15,326
2020-02-16,328
2020-02-16,328
2020-02-16,332
2020-02-16,324
2020-02-17,321
2020-02-17,321
2020-02-17,320
2020-02-17,322
2020-02-18,318
2020-02-18,318
2020-02-18,316
2020-02-18,320
2020-02-19,317
2020-02-19,317
2020-02-19,318
2020-02-19,316
2020-02-20,316
2020-02-20,316
2020-02-20,318
2020-02-20,314
2020-02-21,317.5
2020-02-21,318
2020-02-21,319
2020-02-21,316
2020-02-22,322
2020-02-22,322
2020-02-22,324
2020-02-22,320
2020-02-23,320.5
2020-02-23,321
2020-02-23,322
2020-02-23,319
2020-02-24,317
2020-02-24,317
2020-02-24,318
2020-02-24,316
2020-02-25,319
2020-02-25,319
2020-02-25,320
2020-02-25,318
2020-02-26,332.5
2020-02-26,333
2020-02-26,334
2020-02-26,331
2020-02-27,329
2020-02-27,329
2020-02-27,330
2020-02-27,328
2020-02-28,327
2020-02-28,327
2020-02-28,328
2020-02-28,326
2020-02-29,329
2020-02-29,329
2020-02-29,330
2020-02-29,328
2020-03-01,321
2020-03-01,321
2020-03-01,322
2020-03-01,320
2020-03-02,317
2020-03-02,317
2020-03-02,318
2020-03-02,316
2020-03-03,325
2020-03-03,325
2020-03-03,326
2020-03-03,324
2020-03-04,319.5
2020-03-04,320
2020-03-04,320
2020-03-04,319
2020-03-05,322
2020-03-05,322
2020-03-05,318
2020-03-05,326
2020-03-06,319
2020-03-06,319
2020-03-06,320
2020-03-06,318
2020-03-07,327
2020-03-07,327
2020-03-07,330
2020-03-07,324
2020-03-08,344
2020-03-08,344
2020-03-08,348
2020-03-08,340
2020-03-09,351
2020-03-09,351
2020-03-09,354
2020-03-09,348
2020-03-10,359
2020-03-10,359
2020-03-10,362
2020-03-10,356
2020-03-11,367
2020-03-11,367
2020-03-11,370
2020-03-11,364
2020-03-12,370
2020-03-12,370
2020-03-12,372
2020-03-12,368
2020-03-13,363
2020-03-13,363
2020-03-13,362
2020-03-13,364
2020-03-14,367
2020-03-14,367
2020-03-14,368
2020-03-14,366
2020-03-15,360.5
2020-03-15,361
2020-03-15,360
2020-03-15,361
2020-03-16,363
2020-03-16,363
2020-03-16,358
2020-03-16,368
2020-03-17,358
2020-03-17,358
2020-03-17,356
2020-03-17,360
2020-03-18,354
2020-03-18,354
2020-03-18,352
2020-03-18,356
2020-03-19,353
2020-03-19,353
2020-03-19,356
2020-03-19,350
2020-03-20,362
2020-03-20,362
2020-03-20,364
2020-03-20,360
2020-03-21,368
2020-03-21,368
2020-03-21,370
2020-03-21,366
2020-03-22,370
2020-03-22,370
2020-03-22,372
2020-03-22,368
2020-03-23,376
2020-03-23,376
2020-03-23,378
2020-03-23,374
2020-03-24,380
2020-03-24,380
2020-03-24,380
2020-03-24,380
2020-03-25,380
2020-03-25,380
2020-03-25,383
2020-03-25,377
2020-03-26,382
2020-03-26,382
2020-03-26,381
2020-03-26,383
2020-03-27,385
2020-03-27,385
2020-03-27,386
2020-03-27,384
2020-03-28,383.5
2020-03-28,384
2020-03-28,381
2020-03-28,386
2020-03-29,383
2020-03-29,383
2020-03-29,384
2020-03-29,382
2020-03-30,390
2020-03-30,390
2020-03-30,388
2020-03-30,392
2020-03-31,388
2020-03-31,388
2020-03-31,388
2020-03-31,388
2020-04-01,385
2020-04-01,385
2020-04-01,384
2020-04-01,386
2020-04-02,380
2020-04-02,380
2020-04-02,378
2020-04-02,382
2020-04-03,383.5
2020-04-03,384
2020-04-03,382
2020-04-03,385
2020-04-04,382.5
2020-04-04,383
2020-04-04,384
2020-04-04,381
2020-04-05,393
2020-04-05,393
2020-04-05,392
2020-04-05,394
2020-04-06,395
2020-04-06,395
2020-04-06,398
2020-04-06,392
2020-04-07,396.5
2020-04-07,397
2020-04-07,399
2020-04-07,394
2020-04-08,414
2020-04-08,414
2020-04-08,416
2020-04-08,412
2020-04-09,419
2020-04-09,419
2020-04-09,420
2020-04-09,418
2020-04-10,412
2020-04-10,412
2020-04-10,414
2020-04-10,410
2020-04-11,412
2020-04-11,412
2020-04-11,412
2020-04-11,412
2020-04-12,411.5
2020-04-12,412
2020-04-12,413
2020-04-12,410
2020-04-13,410
2020-04-13,410
2020-04-13,412
2020-04-13,408
2020-04-14,407
2020-04-14,407
2020-04-14,406
2020-04-14,408
2020-04-15,398
2020-04-15,398
2020-04-15,399
2020-04-15,397
2020-04-16,385
2020-04-16,385
2020-04-16,382
2020-04-16,388
2020-04-17,383
2020-04-17,383
2020-04-17,384
2020-04-17,382
2020-04-18,379
2020-04-18,379
2020-04-18,382
2020-04-18,376
2020-04-19,382.5
2020-04-19,383
2020-04-19,384
2020-04-19,381
2020-04-20,381
2020-04-20,381
2020-04-20,382
2020-04-20,380
2020-04-21,391
2020-04-21,391
2020-04-21,394
2020-04-21,388
2020-04-22,395
2020-04-22,395
2020-04-22,396
2020-04-22,394
2020-04-23,406
2020-04-23,406
2020-04-23,408
2020-04-23,404
2020-04-24,408
2020-04-24,408
2020-04-24,410
2020-04-24,406
2020-04-25,406
2020-04-25,406
2020-04-25,408
2020-04-25,404
2020-04-26,413
2020-04-26,413
2020-04-26,412
2020-04-26,414
2020-04-27,411
2020-04-27,411
2020-04-27,412
2020-04-27,410
2020-04-28,413
2020-04-28,413
2020-04-28,414
2020-04-28,412
2020-04-29,414
2020-04-29,414
2020-04-29,416
2020-04-29,412
2020-04-30,416
2020-04-30,416
2020-04-30,418
2020-04-30,414
2020-05-01,416
2020-05-01,416
2020-05-01,420
2020-05-01,412
2020-05-02,419
2020-05-02,419
2020-05-02,422
2020-05-02,416
2020-05-03,415
2020-05-03,415
2020-05-03,418
2020-05-03,412
2020-05-04,416
2020-05-04,416
2020-05-04,418
2020-05-04,414
2020-05-05,420
2020-05-05,420
2020-05-05,422
2020-05-05,418
2020-05-06,430
2020-05-06,430
2020-05-06,432
2020-05-06,428
2020-05-07,436
2020-05-07,436
2020-05-07,438
2020-05-07,434
2020-05-08,437
2020-05-08,437
2020-05-08,442
2020-05-08,432
2020-05-09,442
2020-05-09,442
2020-05-09,444
2020-05-09,440
2020-05-10,438
2020-05-10,438
2020-05-10,440
2020-05-10,436
2020-05-11,433
2020-05-11,433
2020-05-11,432
2020-05-11,434
2020-05-12,429
2020-05-12,429
2020-05-12,430
2020-05-12,428
2020-05-13,427.5
2020-05-13,428
2020-05-13,428
2020-05-13,427
2020-05-14,420
2020-05-14,420
2020-05-14,422
2020-05-14,418
2020-05-15,410
2020-05-15,410
2020-05-15,412
2020-05-15,408
2020-05-16,402.5
2020-05-16,403
2020-05-16,404
2020-05-16,401
2020-05-17,400.5
2020-05-17,401
2020-05-17,402
2020-05-17,399
2020-05-18,397
2020-05-18,397
2020-05-18,398
2020-05-18,396
2020-05-19,396
2020-05-19,396
2020-05-19,396
2020-05-19,396
2020-05-20,395.5
2020-05-20,396
2020-05-20,397
2020-05-20,394
2020-05-21,401.5
2020-05-21,402
2020-05-21,404
2020-05-21,399
2020-05-22,406
2020-05-22,406
2020-05-22,408
2020-05-22,404
2020-05-23,415
2020-05-23,415
2020-05-23,418
2020-05-23,412
2020-05-24,403
2020-05-24,403
2020-05-24,405
2020-05-24,401
2020-05-25,400.5
2020-05-25,401
2020-05-25,402
2020-05-25,399
2020-05-26,400
2020-05-26,400
2020-05-26,398
2020-05-26,402
2020-05-27,400.5
2020-05-27,401
2020-05-27,399
2020-05-27,402
2020-05-28,397.5
2020-05-28,398
2020-05-28,399
2020-05-28,396
2020-05-29,394.5
2020-05-29,395
2020-05-29,392
2020-05-29,397
2020-05-30,394.5
2020-05-30,395
2020-05-30,393
2020-05-30,396
2020-05-31,393.5
2020-05-31,394
2020-05-31,393
2020-05-31,394
2020-06-01,393
2020-06-01,393
2020-06-01,394
2020-06-01,392
2020-06-02,405
2020-06-02,405
2020-06-02,404
2020-06-02,406
2020-06-03,406
2020-06-03,406
2020-06-03,408
2020-06-03,404
2020-06-04,417
2020-06-04,417
2020-06-04,418
2020-06-04,416
2020-06-05,411
2020-06-05,410.5
2020-06-05,420
2020-06-05,401
2020-06-06,415
2020-06-06,415
2020-06-06,418
2020-06-06,412
2020-06-07,419
2020-06-07,419
2020-06-07,420
2020-06-07,418
2020-06-08,409
2020-06-08,409
2020-06-08,416
2020-06-08,402
2020-06-09,398
2020-06-09,397.5
2020-06-09,398
2020-06-09,397
2020-06-10,390
2020-06-10,390
2020-06-10,392
2020-06-10,388
2020-06-11,387
2020-06-11,386.5
2020-06-11,389
2020-06-11,384
2020-06-12,379
2020-06-12,379
2020-06-12,382
2020-06-12,376
2020-06-13,375
2020-06-13,375
2020-06-13,378
2020-06-13,372
2020-06-14,374
2020-06-14,374
2020-06-14,372
2020-06-14,376
2020-06-15,369
2020-06-15,369
2020-06-15,364
2020-06-15,374
2020-06-16,366
2020-06-16,366
2020-06-16,364
2020-06-16,368
2020-06-17,364
2020-06-17,363.5
2020-06-17,363
2020-06-17,364
2020-06-18,364
2020-06-18,364
2020-06-18,362
2020-06-18,366
2020-06-19,361
2020-06-19,361
2020-06-19,364
2020-06-19,358
2020-06-20,369
2020-06-20,369
2020-06-20,370
2020-06-20,368
2020-06-21,362
2020-06-21,362
2020-06-21,360
2020-06-21,364
2020-06-22,363
2020-06-22,363
2020-06-22,364
2020-06-22,362
2020-06-23,357
2020-06-23,357
2020-06-23,358
2020-06-23,356
2020-06-24,356
2020-06-24,356
2020-06-24,354
2020-06-24,358
2020-06-25,359
2020-06-25,359
2020-06-25,358
2020-06-25,360
2020-06-26,357
2020-06-26,356.5
2020-06-26,357
2020-06-26,356
2020-06-27,356
2020-06-27,356
2020-06-27,355
2020-06-27,357
2020-06-28,361
2020-06-28,361
2020-06-28,364
2020-06-28,358
2020-06-29,357
2020-06-29,356.5
2020-06-29,352
2020-06-29,361
2020-06-30,358
2020-06-30,358
2020-06-30,354
2020-06-30,362
2020-07-01,361.5
2020-07-01,362
2020-07-01,366
2020-07-01,357
2020-07-02,355
2020-07-02,355
2020-07-02,354
2020-07-02,356
2020-07-03,356
2020-07-03,356
2020-07-03,355
2020-07-03,357
2020-07-04,353
2020-07-04,353
2020-07-04,358
2020-07-04,348
2020-07-05,352.5
2020-07-05,353
2020-07-05,357
2020-07-05,348
2020-07-06,358
2020-07-06,358
2020-07-06,362
2020-07-06,354
2020-07-07,354.5
2020-07-07,355
2020-07-07,359
2020-07-07,350
2020-07-08,347
2020-07-08,347
2020-07-08,346
2020-07-08,348
2020-07-09,342
2020-07-09,342
2020-07-09,342
2020-07-09,342
2020-07-10,337
2020-07-10,337
2020-07-10,338
2020-07-10,336
2020-07-11,339
2020-07-11,339
2020-07-11,340
2020-07-11,338
2020-07-12,335
2020-07-12,335
2020-07-12,336
2020-07-12,334
2020-07-13,331
2020-07-13,331
2020-07-13,332
2020-07-13,330
2020-07-14,325
2020-07-14,325
2020-07-14,324
2020-07-14,326
2020-07-15,323.5
2020-07-15,324
2020-07-15,322
2020-07-15,325
2020-07-16,324.5
2020-07-16,325
2020-07-16,322
2020-07-16,327
2020-07-17,326.5
2020-07-17,327
2020-07-17,326
2020-07-17,327
2020-07-18,324.5
2020-07-18,325
2020-07-18,325
2020-07-18,324
2020-07-19,326
2020-07-19,326
2020-07-19,330
2020-07-19,322
2020-07-20,323
2020-07-20,323
2020-07-20,328
2020-07-20,318
2020-07-21,324.5
2020-07-21,325
2020-07-21,328
2020-07-21,321
2020-07-22,325.5
2020-07-22,326
2020-07-22,327
2020-07-22,324
2020-07-23,331
2020-07-23,331
2020-07-23,332
2020-07-23,330
2020-07-24,330.5
2020-07-24,331
2020-07-24,328
2020-07-24,333
2020-07-25,332
2020-07-25,332
2020-07-25,332
2020-07-25,334
2020-07-26,329.5
2020-07-26,330
2020-07-26,328
2020-07-26,332
2020-07-27,328.5
2020-07-27,329
2020-07-27,326
2020-07-27,331
2020-07-28,325.5
2020-07-28,326
2020-07-28,324
2020-07-28,327
2020-07-29,322.5
2020-07-29,323
2020-07-29,320
2020-07-29,325
2020-07-30,318
2020-07-30,318
2020-07-30,314
2020-07-30,322
2020-07-31,314
2020-07-31,314
2020-07-31,312
2020-07-31,316
2020-08-01,311
2020-08-01,311
2020-08-01,314
2020-08-01,308
2020-08-02,318
2020-08-02,318
2020-08-02,322
2020-08-02,314
2020-08-03,317
2020-08-03,317
2020-08-03,324
2020-08-03,310
2020-08-04,315
2020-08-04,315
2020-08-04,318
2020-08-04,312
2020-08-05,319
2020-08-05,319
2020-08-05,324
2020-08-05,314
2020-08-06,311
2020-08-06,311
2020-08-06,312
2020-08-06,310
2020-08-07,310
2020-08-07,309.5
2020-08-07,311
2020-08-07,308
2020-08-08,309
2020-08-08,309
2020-08-08,310
2020-08-08,308
2020-08-09,304
2020-08-09,304
2020-08-09,306
2020-08-09,302
2020-08-10,299
2020-08-10,298.5
2020-08-10,299
2020-08-10,298
2020-08-11,295
2020-08-11,295
2020-08-11,294
2020-08-11,296
2020-08-12,296
2020-08-12,295.5
2020-08-12,296
2020-08-12,295
2020-08-13,293
2020-08-13,293
2020-08-13,290
2020-08-13,296
2020-08-14,290
2020-08-14,290
2020-08-14,284
2020-08-14,296
2020-08-15,289
2020-08-15,289
2020-08-15,288
2020-08-15,290
2020-08-16,293
2020-08-16,292.5
2020-08-16,289
2020-08-16,296
2020-08-17,293
2020-08-17,293
2020-08-17,298
2020-08-17,288
2020-08-18,295
2020-08-18,295
2020-08-18,302
2020-08-18,288
2020-08-19,298
2020-08-19,298
2020-08-19,304
2020-08-19,292
2020-08-20,303
2020-08-20,303
2020-08-20,308
2020-08-20,298
2020-08-21,303
2020-08-21,302.5
2020-08-21,306
2020-08-21,299
2020-08-22,303
2020-08-22,303
2020-08-22,304
2020-08-22,302
2020-08-23,302
2020-08-23,302
2020-08-23,298
2020-08-23,306
2020-08-24,305
2020-08-24,305
2020-08-24,306
2020-08-24,304
2020-08-25,301
2020-08-25,300.5
2020-08-25,299
2020-08-25,302
2020-08-26,294
2020-08-26,294
2020-08-26,296
2020-08-26,292
2020-08-27,291
2020-08-27,291
2020-08-27,292
2020-08-27,290
2020-08-28,284
2020-08-28,283.5
2020-08-28,278
2020-08-28,289
2020-08-29,286
2020-08-29,286
2020-08-29,284
2020-08-29,288
2020-08-30,283
2020-08-30,283
2020-08-30,282
2020-08-30,284
2020-08-31,282
2020-08-31,282
2020-08-31,286
2020-08-31,278
2020-09-01,290
2020-09-01,290
2020-09-01,298
2020-09-01,282
2020-09-02,280
2020-09-02,280
2020-09-02,284
2020-09-02,276
2020-09-03,281
2020-09-03,281
2020-09-03,282
2020-09-03,280
2020-09-04,275
2020-09-04,275
2020-09-04,278
2020-09-04,272
2020-09-05,268
2020-09-05,268
2020-09-05,267
2020-09-05,269
2020-09-06,267
2020-09-06,267
2020-09-06,266
2020-09-06,268
2020-09-07,261
2020-09-07,261
2020-09-07,260
2020-09-07,262
2020-09-08,259
2020-09-08,259
2020-09-08,258
2020-09-08,260
2020-09-09,255
2020-09-09,255
2020-09-09,254
2020-09-09,256
2020-09-10,249
2020-09-10,249
2020-09-10,248
2020-09-10,250
2020-09-11,245
2020-09-11,245
2020-09-11,244
2020-09-11,246
2020-09-12,239
2020-09-12,239
2020-09-12,238
2020-09-12,240
2020-09-13,245
2020-09-13,245
2020-09-13,244
2020-09-13,246
2020-09-14,238
2020-09-14,238
2020-09-14,240
2020-09-14,236
2020-09-15,238.5
2020-09-15,239
2020-09-15,246
2020-09-15,231
2020-09-16,242
2020-09-16,242
2020-09-16,248
2020-09-16,236
2020-09-17,255
2020-09-17,255
2020-09-17,268
2020-09-17,242
2020-09-18,259
2020-09-18,259
2020-09-18,272
2020-09-18,246
2020-09-19,258
2020-09-19,258
2020-09-19,264
2020-09-19,252
2020-09-20,249
2020-09-20,249
2020-09-20,248
2020-09-20,250
2020-09-21,253
2020-09-21,253
2020-09-21,252
2020-09-21,254
2020-09-22,245
2020-09-22,245
2020-09-22,244
2020-09-22,246
2020-09-23,235
2020-09-23,235
2020-09-23,236
2020-09-23,234
2020-09-24,223.5
2020-09-24,224
2020-09-24,224
2020-09-24,223
2020-09-25,214.5
2020-09-25,215
2020-09-25,212
2020-09-25,217
2020-09-26,211
2020-09-26,211
2020-09-26,208
2020-09-26,214
2020-09-27,205.5
2020-09-27,206
2020-09-27,207
2020-09-27,204
2020-09-28,199
2020-09-28,199
2020-09-28,204
2020-09-28,194
2020-09-29,199
2020-09-29,199
2020-09-29,208
2020-09-29,190
2020-09-30,202
2020-09-30,202
2020-09-30,216
2020-09-30,188
2020-10-01,202
2020-10-01,202
2020-10-01,212
2020-10-01,192
2020-10-02,196.5
2020-10-02,197
2020-10-02,206
2020-10-02,187
2020-10-03,190
2020-10-03,190
2020-10-03,192
2020-10-03,188
2020-10-04,194.5
2020-10-04,195
2020-10-04,190
2020-10-04,199
2020-10-05,243
2020-10-05,186
2020-10-05,198
2020-10-05,288
2020-10-06,277
2020-10-06,177
2020-10-06,276
2020-10-06,278
2020-10-07,271
2020-10-07,171
2020-10-07,270
2020-10-07,272
2020-10-08,268
2020-10-08,168
2020-10-08,266
2020-10-08,270
2020-10-09,266.5
2020-10-09,166
2020-10-09,260
2020-10-09,273
2020-10-10,252
2020-10-10,152
2020-10-10,250
2020-10-10,254
2020-10-11,260
2020-10-11,160
2020-10-11,258
2020-10-11,262
2020-10-12,266
2020-10-12,166
2020-10-12,262
2020-10-12,270
2020-10-13,280
2020-10-13,180
2020-10-13,274
2020-10-13,286
2020-10-14,291
2020-10-14,191
2020-10-14,290
2020-10-14,292
2020-10-15,293.5
2020-10-15,193
2020-10-15,294
2020-10-15,293
2020-10-16,240
2020-10-16,196
2020-10-16,206
2020-10-16,274
2020-10-17,199
2020-10-17,199
2020-10-17,216
2020-10-17,182
2020-10-18,185
2020-10-18,185
2020-10-18,186
2020-10-18,184
2020-10-19,184.5
2020-10-19,185
2020-10-19,187
2020-10-19,182
2020-10-20,186
2020-10-20,186
2020-10-20,188
2020-10-20,184
2020-10-21,184.5
2020-10-21,185
2020-10-21,184
2020-10-21,185
2020-10-22,182
2020-10-22,182
2020-10-22,182
2020-10-22,182
2020-10-23,169.5
2020-10-23,170
2020-10-23,170
2020-10-23,169
2020-10-24,163
2020-10-24,163
2020-10-24,158
2020-10-24,168
2020-10-25,163.5
2020-10-25,164
2020-10-25,157
2020-10-25,170
2020-10-26,163
2020-10-26,163
2020-10-26,159
2020-10-26,167
2020-10-27,162
2020-10-27,162
2020-10-27,166
2020-10-27,158
2020-10-28,162.5
2020-10-28,163
2020-10-28,167
2020-10-28,158
2020-10-29,166.5
2020-10-29,167
2020-10-29,178
2020-10-29,155
2020-10-30,173
2020-10-30,173
2020-10-30,186
2020-10-30,160
2020-10-31,172
2020-10-31,172
2020-10-31,178
2020-10-31,166
2020-11-01,165
2020-11-01,165
2020-11-01,168
2020-11-01,162
2020-11-02,151
2020-11-02,166
2020-11-02,162
2020-11-02,170
2020-11-03,162
2020-11-03,162
2020-11-03,158
2020-11-03,166
2020-11-04,155
2020-11-04,155
2020-11-04,154
2020-11-04,156
2020-11-05,157
2020-11-05,157
2020-11-05,156
2020-11-05,158
2020-11-06,153
2020-11-06,153
2020-11-06,153
2020-11-06,153
2020-11-07,144
2020-11-07,144
2020-11-07,142
2020-11-07,146
2020-11-08,143
2020-11-08,142.5
2020-11-08,137
2020-11-08,148
2020-11-09,155
2020-11-09,155
2020-11-09,148
2020-11-09,162
2020-11-10,155
2020-11-10,155
2020-11-10,149
2020-11-10,161
2020-11-11,160
2020-11-11,160
2020-11-11,152
2020-11-11,168
2020-11-12,159
2020-11-12,169
2020-11-12,162
2020-11-12,176
2020-11-13,170
2020-11-13,170
2020-11-13,182
2020-11-13,158
2020-11-14,174
2020-11-14,174
2020-11-14,186
2020-11-14,162
2020-11-15,186
2020-11-15,185.5
2020-11-15,198
2020-11-15,173
2020-11-16,194
2020-11-16,194
2020-11-16,204
2020-11-16,184
2020-11-17,186
2020-11-17,186
2020-11-17,188
2020-11-17,184
2020-11-18,178
2020-11-18,178
2020-11-18,174
2020-11-18,182
2020-11-19,177
2020-11-19,177
2020-11-19,174
2020-11-19,180
2020-11-20,169
2020-11-20,169
2020-11-20,170
2020-11-20,168
2020-11-21,164
2020-11-21,164
2020-11-21,162
2020-11-21,166
2020-11-22,168
2020-11-22,168
2020-11-22,166
2020-11-22,170
2020-11-23,160
2020-11-23,160
2020-11-23,154
2020-11-23,166
2020-11-24,152
2020-11-24,152
2020-11-24,144
2020-11-24,160
2020-11-25,165
2020-11-25,165
2020-11-25,162
2020-11-25,168
2020-11-26,171
2020-11-26,171
2020-11-26,176
2020-11-26,166
2020-11-27,164
2020-11-27,164
2020-11-27,174
2020-11-27,154
2020-11-28,167
2020-11-28,167
2020-11-28,178
2020-11-28,156
2020-11-29,172
2020-11-29,172
2020-11-29,184
2020-11-29,160
2020-11-30,180
2020-11-30,180
2020-11-30,192
2020-11-30,168
2020-12-01,171
2020-12-01,171
2020-12-01,174
2020-12-01,168
2020-12-02,170
2020-12-02,169.5
2020-12-02,167
2020-12-02,172
2020-12-03,175
2020-12-03,175
2020-12-03,172
2020-12-03,178
2020-12-04,172
2020-12-04,172
2020-12-04,168
2020-12-04,176
2020-12-05,170
2020-12-05,170
2020-12-05,168
2020-12-05,172
2020-12-06,173
2020-12-06,172.5
2020-12-06,169
2020-12-06,176
2020-12-07,170
2020-12-07,170
2020-12-07,166
2020-12-07,174
2020-12-08,171
2020-12-08,170.5
2020-12-08,168
2020-12-08,173
2020-12-09,177
2020-12-09,177
2020-12-09,174
2020-12-09,180
2020-12-10,182
2020-12-10,182
2020-12-10,173
2020-12-10,191
2020-12-11,191
2020-12-11,191
2020-12-11,184
2020-12-11,198
2020-12-12,201
2020-12-12,201
2020-12-12,218
2020-12-12,184
2020-12-13,197
2020-12-13,197
2020-12-13,214
2020-12-13,180
2020-12-14,200
2020-12-14,200
2020-12-14,218
2020-12-14,182
2020-12-15,206
2020-12-15,206
2020-12-15,220
2020-12-15,192
2020-12-16,205
2020-12-16,205
2020-12-16,222
2020-12-16,188
2020-12-17,196
2020-12-17,196
2020-12-17,190
2020-12-17,202
2020-12-18,196
2020-12-18,196
2020-12-18,188
2020-12-18,204
2020-12-19,209
2020-12-19,209
2020-12-19,208
2020-12-19,210
2020-12-20,199
2020-12-20,199
2020-12-20,202
2020-12-20,196
2020-12-21,194
2020-12-21,194
2020-12-21,190
2020-12-21,198
2020-12-22,191
2020-12-22,191
2020-12-22,186
2020-12-22,196
2020-12-23,198
2020-12-23,198
2020-12-23,192
2020-12-23,204
2020-12-24,195
2020-12-24,195
2020-12-24,188
2020-12-24,202
2020-12-25,203
2020-12-25,203
2020-12-25,198
2020-12-25,208
2020-12-26,202
2020-12-26,202
2020-12-26,210
2020-12-26,194
2020-12-27,202
2020-12-27,202
2020-12-27,208
2020-12-27,196
2020-12-28,210
2020-12-28,209.5
2020-12-28,220
2020-12-28,199
2020-12-29,222
2020-12-29,222
2020-12-29,232
2020-12-29,212
2020-12-30,222
2020-12-30,222
2020-12-30,230
2020-12-30,214
2020-12-31,232
2020-12-31,232
2020-12-31,238
2020-12-31,226
2021-01-01,231
2021-01-01,231
2021-01-01,240
2021-01-01,222
2021-01-02,224
2021-01-02,223.5
2021-01-02,218
2021-01-02,229
2021-01-03,230
2021-01-03,230
2021-01-03,226
2021-01-03,234
2021-01-04,242
2021-01-04,242
2021-01-04,238
2021-01-04,246
2021-01-05,244
2021-01-05,243.5
2021-01-05,240
2021-01-05,247
2021-01-06,245
2021-01-06,244.5
2021-01-06,243
2021-01-06,246
2021-01-07,246
2021-01-07,245.5
2021-01-07,243
2021-01-07,248
2021-01-08,248
2021-01-08,247.5
2021-01-08,242
2021-01-08,253
2021-01-09,258
2021-01-09,258
2021-01-09,250
2021-01-09,266
2021-01-10,263
2021-01-10,263
2021-01-10,262
2021-01-10,264
2021-01-11,267
2021-01-11,266.5
2021-01-11,266
2021-01-11,267
2021-01-12,254
2021-01-12,254
2021-01-12,252
2021-01-12,256
2021-01-13,264
2021-01-13,264
2021-01-13,260
2021-01-13,268
2021-01-14,268
2021-01-14,268
2021-01-14,266
2021-01-14,270
2021-01-15,262
2021-01-15,262
2021-01-15,258
2021-01-15,266
2021-01-16,262
2021-01-16,262
2021-01-16,260
2021-01-16,264
2021-01-17,266
2021-01-17,265.5
2021-01-17,264
2021-01-17,267
2021-01-18,263
2021-01-18,263
2021-01-18,260
2021-01-18,266
2021-01-19,265
2021-01-19,265
2021-01-19,264
2021-01-19,266
2021-01-20,273
2021-01-20,273
2021-01-20,270
2021-01-20,276
2021-01-21,258
2021-01-21,257.5
2021-01-21,259
2021-01-21,256
2021-01-22,256
2021-01-22,256
2021-01-22,254
2021-01-22,260
2021-01-23,256
2021-01-23,256
2021-01-23,254
2021-01-23,258
2021-01-24,266
2021-01-24,266
2021-01-24,262
2021-01-24,270
2021-01-25,263
2021-01-25,263
2021-01-25,268
2021-01-25,258
2021-01-26,268
2021-01-26,268
2021-01-26,272
2021-01-26,264
2021-01-27,277
2021-01-27,277
2021-01-27,284
2021-01-27,270
2021-01-28,291
2021-01-28,291
2021-01-28,294
2021-01-28,288
2021-01-29,298
2021-01-29,297.5
2021-01-29,301
2021-01-29,294
2021-01-30,300
2021-01-30,300
2021-01-30,302
2021-01-30,298
2021-01-31,308
2021-01-31,308
2021-01-31,306
2021-01-31,310
2021-02-01,309
2021-02-01,309
2021-02-01,304
2021-02-01,314
2021-02-02,309.5
2021-02-02,310
2021-02-02,303
2021-02-02,316
2021-02-03,314.5
2021-02-03,315
2021-02-03,310
2021-02-03,319
2021-02-04,319.5
2021-02-04,320
2021-02-04,318
2021-02-04,321
2021-02-05,318
2021-02-05,318
2021-02-05,316
2021-02-05,320
2021-02-06,317
2021-02-06,317
2021-02-06,314
2021-02-06,320
2021-02-07,313
2021-02-07,313
2021-02-07,312
2021-02-07,314
2021-02-08,316
2021-02-08,316
2021-02-08,316
2021-02-08,316
2021-02-09,316
2021-02-09,316
2021-02-09,322
2021-02-09,310
2021-02-10,316.5
2021-02-10,317
2021-02-10,321
2021-02-10,312
2021-02-11,317
2021-02-11,317
2021-02-11,320
2021-02-11,314
2021-02-12,317
2021-02-12,317
2021-02-12,322
2021-02-12,312
2021-02-13,328
2021-02-13,328
2021-02-13,328
2021-02-13,328
2021-02-14,339
2021-02-14,324
2021-02-14,332
2021-02-14,346
2021-02-15,338
2021-02-15,338
2021-02-15,332
2021-02-15,344
2021-02-16,341
2021-02-16,341
2021-02-16,340
2021-02-16,342
2021-02-17,337
2021-02-17,337
2021-02-17,336
2021-02-17,338
2021-02-18,333
2021-02-18,333
2021-02-18,332
2021-02-18,334
2021-02-19,332
2021-02-19,332
2021-02-19,334
2021-02-19,330
2021-02-20,331
2021-02-20,331
2021-02-20,330
2021-02-20,332
2021-02-21,331
2021-02-21,331
2021-02-21,332
2021-02-21,330
2021-02-22,328
2021-02-22,328
2021-02-22,328
2021-02-22,328
2021-02-23,329
2021-02-23,329
2021-02-23,332
2021-02-23,326
2021-02-24,331
2021-02-24,331
2021-02-24,330
2021-02-24,332
2021-02-25,337
2021-02-25,337
2021-02-25,334
2021-02-25,340
2021-02-26,355
2021-02-26,355
2021-02-26,356
2021-02-26,354
2021-02-27,374
2021-02-27,374
2021-02-27,372
2021-02-27,376
2021-02-28,379
2021-02-28,379
2021-02-28,378
2021-02-28,380
2021-03-01,381
2021-03-01,381
2021-03-01,378
2021-03-01,384
2021-03-02,389.5
2021-03-02,390
2021-03-02,388
2021-03-02,391
2021-03-03,393
2021-03-03,393
2021-03-03,392
2021-03-03,394
2021-03-04,396
2021-03-04,396
2021-03-04,396
2021-03-04,396
2021-03-05,396.5
2021-03-05,397
2021-03-05,397
2021-03-05,396
2021-03-06,397
2021-03-06,397
2021-03-06,396
2021-03-06,398
2021-03-07,395.5
2021-03-07,396
2021-03-07,397
2021-03-07,394
2021-03-08,397
2021-03-08,397
2021-03-08,398
2021-03-08,396
2021-03-09,396.5
2021-03-09,397
2021-03-09,396
2021-03-09,397
2021-03-10,401
2021-03-10,401
2021-03-10,406
2021-03-10,396
2021-03-11,401
2021-03-11,401
2021-03-11,404
2021-03-11,398
2021-03-12,414
2021-03-12,414
2021-03-12,410
2021-03-12,418
2021-03-13,411
2021-03-13,411
2021-03-13,412
2021-03-13,410
2021-03-14,415
2021-03-14,415
2021-03-14,414
2021-03-14,416
2021-03-15,417
2021-03-15,417
2021-03-15,416
2021-03-15,418
2021-03-16,419
2021-03-16,419
2021-03-16,418
2021-03-16,420
2021-03-17,421
2021-03-17,421
2021-03-17,420
2021-03-17,422
2021-03-18,421
2021-03-18,421
2021-03-18,422
2021-03-18,420
2021-03-19,419
2021-03-19,419
2021-03-19,420
2021-03-19,418
2021-03-20,414
2021-03-20,414
2021-03-20,416
2021-03-20,412
2021-03-21,407
2021-03-21,407
2021-03-21,408
2021-03-21,406
2021-03-22,404
2021-03-22,404
2021-03-22,404
2021-03-22,404
2021-03-23,404.5
2021-03-23,405
2021-03-23,406
2021-03-23,403
2021-03-24,407
2021-03-24,407
2021-03-24,406
2021-03-24,408
2021-03-25,412
2021-03-25,412
2021-03-25,410
2021-03-25,414
2021-03-26,419
2021-03-26,419
2021-03-26,422
2021-03-26,416
2021-03-27,420
2021-03-27,420
2021-03-27,426
2021-03-27,414
2021-03-28,431
2021-03-28,431
2021-03-28,428
2021-03-28,434
2021-03-29,434
2021-03-29,434
2021-03-29,432
2021-03-29,436
2021-03-30,452
2021-03-30,452
2021-03-30,452
2021-03-30,452
2021-03-31,453.5
2021-03-31,454
2021-03-31,451
2021-03-31,456
2021-04-01,460
2021-04-01,460
2021-04-01,456
2021-04-01,464
2021-04-02,464
2021-04-02,464
2021-04-02,466
2021-04-02,462
2021-04-03,460
2021-04-03,460
2021-04-03,460
2021-04-03,460
2021-04-04,450
2021-04-04,450
2021-04-04,454
2021-04-04,446
2021-04-05,445
2021-04-05,445
2021-04-05,446
2021-04-05,444
2021-04-06,443
2021-04-06,443
2021-04-06,444
2021-04-06,442
2021-04-07,441
2021-04-07,440.5
2021-04-07,443
2021-04-07,438
2021-04-08,437
2021-04-08,437
2021-04-08,442
2021-04-08,432
2021-04-09,437
2021-04-09,437
2021-04-09,440
2021-04-09,434
2021-04-10,437
2021-04-10,436.5
2021-04-10,438
2021-04-10,435
2021-04-11,446
2021-04-11,446
2021-04-11,444
2021-04-11,448
2021-04-12,441
2021-04-12,441
2021-04-12,440
2021-04-12,442
2021-04-13,442
2021-04-13,441.5
2021-04-13,441
2021-04-13,442
2021-04-14,442
2021-04-14,442
2021-04-14,444
2021-04-14,440
2021-04-15,438
2021-04-15,438
2021-04-15,438
2021-04-15,438
2021-04-16,433
2021-04-16,433
2021-04-16,434
2021-04-16,432
2021-04-17,433
2021-04-17,433
2021-04-17,432
2021-04-17,434
2021-04-18,429
2021-04-18,429
2021-04-18,432
2021-04-18,426
2021-04-19,426
2021-04-19,426
2021-04-19,428
2021-04-19,424
2021-04-20,421
2021-04-20,421
2021-04-20,422
2021-04-20,420
2021-04-21,422
2021-04-21,421.5
2021-04-21,421
2021-04-21,422
2021-04-22,426
2021-04-22,426
2021-04-22,426
2021-04-22,426
2021-04-23,424
2021-04-23,424
2021-04-23,424
2021-04-23,424
2021-04-24,425
2021-04-24,425
2021-04-24,428
2021-04-24,422
2021-04-25,430
2021-04-25,430
2021-04-25,432
2021-04-25,428
2021-04-26,434
2021-04-26,434
2021-04-26,436
2021-04-26,432
2021-04-27,444
2021-04-27,443.5
2021-04-27,444
2021-04-27,443
2021-04-28,450
2021-04-28,450
2021-04-28,448
2021-04-28,452
2021-04-29,452
2021-04-29,452
2021-04-29,450
2021-04-29,454
2021-04-30,454
2021-04-30,454
2021-04-30,452
2021-04-30,456
2021-05-01,451
2021-05-01,451
2021-05-01,452
2021-05-01,450
2021-05-02,447
2021-05-02,447
2021-05-02,448
2021-05-02,446
2021-05-03,442
2021-05-03,442
2021-05-03,442
2021-05-03,442
2021-05-04,442
2021-05-04,442
2021-05-04,442
2021-05-04,442
2021-05-05,440.5
2021-05-05,441
2021-05-05,441
2021-05-05,440
2021-05-06,435
2021-05-06,435
2021-05-06,438
2021-05-06,432
2021-05-07,434
2021-05-07,434
2021-05-07,434
2021-05-07,434
2021-05-08,434
2021-05-08,434
2021-05-08,437
2021-05-08,431
2021-05-09,438
2021-05-09,438
2021-05-09,440
2021-05-09,436
2021-05-10,442
2021-05-10,442
2021-05-10,444
2021-05-10,440
2021-05-11,444
2021-05-11,444
2021-05-11,446
2021-05-11,442
2021-05-12,448
2021-05-12,448
2021-05-12,448
2021-05-12,448
2021-05-13,450.5
2021-05-13,451
2021-05-13,450
2021-05-13,451
2021-05-14,449
2021-05-14,449
2021-05-14,448
2021-05-14,450
2021-05-15,448.5
2021-05-15,449
2021-05-15,448
2021-05-15,449
2021-05-16,443.5
2021-05-16,444
2021-05-16,444
2021-05-16,443
2021-05-17,443
2021-05-17,443
2021-05-17,442
2021-05-17,444
2021-05-18,439
2021-05-18,439
2021-05-18,438
2021-05-18,440
2021-05-19,436
2021-05-19,436
2021-05-19,436
2021-05-19,436
2021-05-20,436
2021-05-20,436
2021-05-20,434
2021-05-20,438
2021-05-21,431
2021-05-21,431
2021-05-21,432
2021-05-21,430
2021-05-22,431
2021-05-22,431
2021-05-22,430
2021-05-22,432
2021-05-23,431
2021-05-23,431
2021-05-23,432
2021-05-23,430
2021-05-24,433
2021-05-24,433
2021-05-24,434
2021-05-24,432
2021-05-25,436
2021-05-25,436
2021-05-25,438
2021-05-25,434
2021-05-26,438
2021-05-26,438
2021-05-26,440
2021-05-26,436
2021-05-27,443
2021-05-27,443
2021-05-27,444
2021-05-27,442
2021-05-28,442.5
2021-05-28,443
2021-05-28,443
2021-05-28,442
2021-05-29,441.5
2021-05-29,442
2021-05-29,441
2021-05-29,442
2021-05-30,433
2021-05-30,433
2021-05-30,436
2021-05-30,430
2021-05-31,432
2021-05-31,432
2021-05-31,432
2021-05-31,432
2021-06-01,428
2021-06-01,428
2021-06-01,428
2021-06-01,428
2021-06-02,424
2021-06-02,424
2021-06-02,422
2021-06-02,426
2021-06-03,417
2021-06-03,417
2021-06-03,418
2021-06-03,416
2021-06-04,416.5
2021-06-04,417
2021-06-04,418
2021-06-04,415
2021-06-05,414
2021-06-05,414
2021-06-05,414
2021-06-05,414
2021-06-06,414.5
2021-06-06,415
2021-06-06,414
2021-06-06,415
2021-06-07,410
2021-06-07,410
2021-06-07,412
2021-06-07,408
2021-06-08,409
2021-06-08,409
2021-06-08,410
2021-06-08,408
2021-06-09,409
2021-06-09,409
2021-06-09,412
2021-06-09,406
2021-06-10,407.5
2021-06-10,408
2021-06-10,411
2021-06-10,404
2021-06-11,404
2021-06-11,404
2021-06-11,406
2021-06-11,402
2021-06-12,397
2021-06-12,397
2021-06-12,398
2021-06-12,396
2021-06-13,394.5
2021-06-13,395
2021-06-13,394
2021-06-13,395
2021-06-14,392.5
2021-06-14,393
2021-06-14,392
2021-06-14,393
2021-06-15,393
2021-06-15,393
2021-06-15,391
2021-06-15,395
2021-06-16,397
2021-06-16,397
2021-06-16,396
2021-06-16,398
2021-06-17,400
2021-06-17,400
2021-06-17,399
2021-06-17,401
2021-06-18,395
2021-06-18,395
2021-06-18,396
2021-06-18,394
2021-06-19,398
2021-06-19,398
2021-06-19,394
2021-06-19,402
2021-06-20,399.5
2021-06-20,400
2021-06-20,398
2021-06-20,401
2021-06-21,400.5
2021-06-21,401
2021-06-21,402
2021-06-21,399
2021-06-22,400
2021-06-22,400
2021-06-22,404
2021-06-22,396
2021-06-23,400.5
2021-06-23,401
2021-06-23,403
2021-06-23,398
2021-06-24,401.5
2021-06-24,402
2021-06-24,406
2021-06-24,397
2021-06-25,404
2021-06-25,404
2021-06-25,405
2021-06-25,403
2021-06-26,403
2021-06-26,403
2021-06-26,404
2021-06-26,402
2021-06-27,403
2021-06-27,403
2021-06-27,402
2021-06-27,404
2021-06-28,402
2021-06-28,402
2021-06-28,401
2021-06-28,403
2021-06-29,400
2021-06-29,400
2021-06-29,402
2021-06-29,398
2021-06-30,394
2021-06-30,394
2021-06-30,392
2021-06-30,396
2021-07-01,387
2021-07-01,387
2021-07-01,386
2021-07-01,388
2021-07-02,385
2021-07-02,385
2021-07-02,384
2021-07-02,386
2021-07-03,384
2021-07-03,384
2021-07-03,386
2021-07-03,382
2021-07-04,381
2021-07-04,380.5
2021-07-04,381
2021-07-04,380
2021-07-05,377
2021-07-05,377
2021-07-05,376
2021-07-05,378
2021-07-06,374
2021-07-06,373.5
2021-07-06,374
2021-07-06,373
2021-07-07,372
2021-07-07,372
2021-07-07,373
2021-07-07,371
2021-07-08,372
2021-07-08,372
2021-07-08,374
2021-07-08,370
2021-07-09,372
2021-07-09,372
2021-07-09,376
2021-07-09,368
2021-07-10,372
2021-07-10,372
2021-07-10,374
2021-07-10,370
2021-07-11,383
2021-07-11,383
2021-07-11,382
2021-07-11,384
2021-07-12,379
2021-07-12,379
2021-07-12,378
2021-07-12,380
2021-07-13,376
2021-07-13,375.5
2021-07-13,373
2021-07-13,378
2021-07-14,375
2021-07-14,374.5
2021-07-14,372
2021-07-14,377
2021-07-15,376
2021-07-15,376
2021-07-15,374
2021-07-15,378
2021-07-16,373
2021-07-16,373
2021-07-16,372
2021-07-16,374
2021-07-17,372
2021-07-17,372
2021-07-17,368
2021-07-17,376
2021-07-18,372
2021-07-18,372
2021-07-18,370
2021-07-18,374
2021-07-19,369
2021-07-19,369
2021-07-19,366
2021-07-19,372
2021-07-20,369
2021-07-20,368.5
2021-07-20,364
2021-07-20,373
2021-07-21,367
2021-07-21,367
2021-07-21,368
2021-07-21,366
2021-07-22,369
2021-07-22,369
2021-07-22,370
2021-07-22,368
2021-07-23,371
2021-07-23,371
2021-07-23,376
2021-07-23,366
2021-07-24,372
2021-07-24,372
2021-07-24,378
2021-07-24,366
2021-07-25,372
2021-07-25,372
2021-07-25,376
2021-07-25,368
2021-07-26,367
2021-07-26,367
2021-07-26,366
2021-07-26,368
2021-07-27,369
2021-07-27,368.5
2021-07-27,368
2021-07-27,369
2021-07-28,367
2021-07-28,367
2021-07-28,370
2021-07-28,364
2021-07-29,360
2021-07-29,360
2021-07-29,358
2021-07-29,362
2021-07-30,353
2021-07-30,353
2021-07-30,354
2021-07-30,352
2021-07-31,354
2021-07-31,354
2021-07-31,352
2021-07-31,356
2021-08-01,354.5
2021-08-01,359
2021-08-01,350
2021-08-02,342.5
2021-08-02,340
2021-08-02,345
2021-08-03,337.5
2021-08-03,336
2021-08-03,339
2021-08-04,332
2021-08-04,334
2021-08-04,330
2021-08-05,329
2021-08-05,332
2021-08-05,326
2021-08-06,327.5
2021-08-06,331
2021-08-06,324
2021-08-07,332.5
2021-08-07,339
2021-08-07,326
2021-08-08,338
2021-08-08,336
2021-08-08,340
2021-08-09,339
2021-08-09,344
2021-08-09,334
2021-08-10,340
2021-08-10,342
2021-08-10,338
2021-08-11,338.5
2021-08-11,337
2021-08-11,340
2021-08-12,341
2021-08-12,340
2021-08-12,342
2021-08-13,344.5
2021-08-13,341
2021-08-13,348
2021-08-14,345
2021-08-14,346
2021-08-14,344
2021-08-15,343.5
2021-08-15,342
2021-08-15,345
2021-08-16,337
2021-08-16,336
2021-08-16,338
2021-08-17,335
2021-08-17,334
2021-08-17,336
2021-08-18,334.5
2021-08-18,330
2021-08-18,339
2021-08-19,333.5
2021-08-19,332
2021-08-19,335
2021-08-20,334
2021-08-20,337
2021-08-20,331
2021-08-21,337.5
2021-08-21,340
2021-08-21,335
2021-08-22,330
2021-08-22,336
2021-08-22,324
2021-08-23,332.5
2021-08-23,335
2021-08-23,330
2021-08-24,331.5
2021-08-24,333
2021-08-24,330
2021-08-25,331
2021-08-25,330
2021-08-25,332
2021-08-26,331
2021-08-26,332
2021-08-26,330
2021-08-27,322
2021-08-27,322
2021-08-27,322
2021-08-28,318.5
2021-08-28,320
2021-08-28,316
2021-08-28,321
2021-08-29,318.5
2021-08-29,316
2021-08-29,317
2021-08-29,320
2021-08-30,309
2021-08-30,307
2021-08-30,308
2021-08-30,310
2021-08-31,300.5
2021-08-31,299
2021-08-31,299
2021-08-31,302
2021-09-01,298
2021-09-01,290
2021-09-01,295
2021-09-01,301
2021-09-02,289.5
2021-09-02,283
2021-09-02,288
2021-09-02,291
2021-09-03,294
2021-09-03,282
2021-09-03,296
2021-09-03,292
2021-09-04,288.5
2021-09-04,284
2021-09-04,295
2021-09-04,282
2021-09-05,297
2021-09-05,294
2021-09-05,298
2021-09-05,296
2021-09-06,303
2021-09-06,300
2021-09-06,310
2021-09-06,296
2021-09-07,309
2021-09-07,305
2021-09-07,320
2021-09-07,298
2021-09-08,309
2021-09-08,309
2021-09-08,314
2021-09-08,304
2021-09-09,309
2021-09-09,312
2021-09-09,310
2021-09-09,308
2021-09-10,308
2021-09-10,313
2021-09-10,306
2021-09-10,310
2021-09-11,306
2021-09-11,311
2021-09-11,304
2021-09-11,308
2021-09-12,313
2021-09-12,308
2021-09-12,320
2021-09-12,306
2021-09-13,300.5
2021-09-13,301
2021-09-13,299
2021-09-13,302
2021-09-14,293
2021-09-14,291
2021-09-14,290
2021-09-14,296
2021-09-15,287
2021-09-15,283
2021-09-15,284
2021-09-15,290
2021-09-16,283
2021-09-16,276
2021-09-16,278
2021-09-16,288
2021-09-17,283
2021-09-17,273
2021-09-17,276
2021-09-17,290
2021-09-18,278
2021-09-18,276
2021-09-18,286
2021-09-18,270
2021-09-19,287
2021-09-19,281
2021-09-19,296
2021-09-19,278
2021-09-20,287.5
2021-09-20,288
2021-09-20,299
2021-09-20,276
2021-09-21,291
2021-09-21,290
2021-09-21,302
2021-09-21,280
2021-09-22,283.5
2021-09-22,291
2021-09-22,281
2021-09-22,286
2021-09-23,286
2021-09-23,289
2021-09-23,290
2021-09-23,282
2021-09-24,279
2021-09-24,284
2021-09-24,278
2021-09-24,280
2021-09-25,269
2021-09-25,275
2021-09-25,268
2021-09-25,270
2021-09-26,272.5
2021-09-26,266
2021-09-26,282
2021-09-26,263
2021-09-27,257
2021-09-27,260
2021-09-27,256
2021-09-27,258
2021-09-28,248
2021-09-28,249
2021-09-28,248
2021-09-28,248
2021-09-29,240
2021-09-29,236
2021-09-29,236
2021-09-29,244
2021-09-30,229.5
2021-09-30,226
2021-09-30,226
2021-09-30,233
2021-10-01,224
2021-10-01,222
2021-10-01,224
2021-10-01,224
2021-10-02,235.5
2021-10-02,226
2021-10-02,230
2021-10-02,241
2021-10-03,243.5
2021-10-03,235
2021-10-03,231
2021-10-03,256
2021-10-04,254
2021-10-04,246
2021-10-04,258
2021-10-04,250
2021-10-05,255
2021-10-05,257
2021-10-05,266
2021-10-05,244
2021-10-06,262
2021-10-06,260
2021-10-06,278
2021-10-06,246
2021-10-07,262
2021-10-07,263
2021-10-07,272
2021-10-07,252
2021-10-08,265
2021-10-08,267
2021-10-08,268
2021-10-08,262
2021-10-09,256
2021-10-09,265
2021-10-09,256
2021-10-09,256
2021-10-10,251
2021-10-10,261
2021-10-10,248
2021-10-10,254
2021-10-11,251
2021-10-11,257
2021-10-11,246
2021-10-11,256
2021-10-12,247
2021-10-12,247
2021-10-12,248
2021-10-12,246
2021-10-13,229
2021-10-13,231
2021-10-13,230
2021-10-13,228
2021-10-14,224
2021-10-14,222
2021-10-14,220
2021-10-14,228
2021-10-15,215
2021-10-15,215
2021-10-15,216
2021-10-15,214
2021-10-16,217
2021-10-16,210
2021-10-16,212
2021-10-16,222
2021-10-17,211
2021-10-17,215
2021-10-17,218
2021-10-17,204
2021-10-18,226
2021-10-18,222
2021-10-18,232
2021-10-18,220
2021-10-19,224
2021-10-19,221
2021-10-19,242
2021-10-19,206
2021-10-20,223.5
2021-10-20,221
2021-10-20,240
2021-10-20,207
2021-10-21,225
2021-10-21,225
2021-10-21,236
2021-10-21,214
2021-10-22,227
2021-10-22,227
2021-10-22,234
2021-10-22,220
2021-10-23,240
2021-10-23,221
2021-10-23,244
2021-10-23,236
2021-10-24,212
2021-10-24,215
2021-10-24,210
2021-10-24,214
2021-10-25,204
2021-10-25,212
2021-10-25,206
2021-10-25,202
2021-10-26,207.5
2021-10-26,205
2021-10-26,214
2021-10-26,201
2021-10-27,196
2021-10-27,200
2021-10-27,198
2021-10-27,194
2021-10-28,266
2021-10-28,189
2021-10-28,246
2021-10-28,286
2021-10-29,278
2021-10-29,177
2021-10-29,276
2021-10-29,280
2021-10-30,271
2021-10-30,171
2021-10-30,268
2021-10-30,274
2021-10-31,275.5
2021-10-31,177
2021-10-31,270
2021-10-31,281
2021-11-01,280
2021-11-01,189
2021-11-01,272
2021-11-01,288
2021-11-02,223
2021-11-02,201
2021-11-02,226
2021-11-02,220
2021-11-03,224
2021-11-03,209
2021-11-03,236
2021-11-03,212
2021-11-04,235
2021-11-04,217
2021-11-04,242
2021-11-04,228
2021-11-05,230
2021-11-05,223
2021-11-05,240
2021-11-05,220
2021-11-06,221
2021-11-06,226
2021-11-06,226
2021-11-06,216
2021-11-07,219
2021-11-07,224
2021-11-07,228
2021-11-07,210
2021-11-08,213
2021-11-08,220
2021-11-08,220
2021-11-08,206
2021-11-09,209
2021-11-09,215
2021-11-09,214
2021-11-09,204
2021-11-10,199
2021-11-10,208
2021-11-10,194
2021-11-10,204
2021-11-11,201
2021-11-11,200
2021-11-11,196
2021-11-11,206
2021-11-12,200
2021-11-12,198
2021-11-12,198
2021-11-12,202
2021-11-13,199
2021-11-13,195
2021-11-13,196
2021-11-13,202
2021-11-14,201
2021-11-14,194
2021-11-14,194
2021-11-14,208
2021-11-15,211
2021-11-15,197
2021-11-15,216
2021-11-15,206
2021-11-16,218.5
2021-11-16,208
2021-11-16,230
2021-11-16,207
2021-11-17,223
2021-11-17,215
2021-11-17,240
2021-11-17,206
2021-11-18,219
2021-11-18,220
2021-11-18,230
2021-11-18,208
2021-11-19,223.5
2021-11-19,221
2021-11-19,237
2021-11-19,210
2021-11-20,220
2021-11-20,223
2021-11-20,234
2021-11-20,206
2021-11-21,227
2021-11-21,226
2021-11-21,226
2021-11-21,228
2021-11-22,220.5
2021-11-22,226
2021-11-22,218
2021-11-22,223
2021-11-23,221
2021-11-23,222
2021-11-23,224
2021-11-23,218
2021-11-24,215
2021-11-24,216
2021-11-24,216
2021-11-24,214
2021-11-25,213.5
2021-11-25,216
2021-11-25,213
2021-11-25,214
2021-11-26,211
2021-11-26,213
2021-11-26,210
2021-11-26,212
2021-11-27,208.5
2021-11-27,210
2021-11-27,208
2021-11-27,209
2021-11-28,214.5
2021-11-28,212
2021-11-28,209
2021-11-28,220
2021-11-29,219
2021-11-29,213
2021-11-29,214
2021-11-29,224
2021-11-30,231
2021-11-30,221
2021-11-30,224
2021-11-30,238
2021-12-01,230
2021-12-01,240
2021-12-01,232
2021-12-01,248
2021-12-02,240
2021-12-02,240.5
2021-12-02,246
2021-12-02,235
2021-12-03,247
2021-12-03,247
2021-12-03,258
2021-12-03,236
2021-12-04,255
2021-12-04,229
2021-12-04,240
2021-12-04,218
2021-12-05,258
2021-12-05,225.5
2021-12-05,237
2021-12-05,214
2021-12-06,263
2021-12-06,249
2021-12-06,260
2021-12-06,238
2021-12-07,263
2021-12-07,245
2021-12-07,258
2021-12-07,232
2021-12-08,264
2021-12-08,240.5
2021-12-08,246
2021-12-08,235
2021-12-09,257
2021-12-09,229
2021-12-09,240
2021-12-09,218
2021-12-10,255
2021-12-10,253.5
2021-12-10,248
2021-12-10,259
2021-12-11,254
2021-12-11,240
2021-12-11,232
2021-12-11,248
2021-12-12,250
2021-12-12,258
2021-12-12,252
2021-12-12,264
2021-12-13,248
2021-12-13,254
2021-12-13,248
2021-12-13,260
2021-12-14,250
2021-12-14,259
2021-12-14,260
2021-12-14,258
2021-12-15,255
2021-12-15,259
2021-12-15,258
2021-12-15,260
2021-12-16,263
2021-12-16,272
2021-12-16,278
2021-12-16,266
2021-12-17,267
2021-12-17,269
2021-12-17,274
2021-12-17,264
2021-12-18,269
2021-12-18,271
2021-12-18,276
2021-12-18,266
2021-12-19,269
2021-12-19,279
2021-12-19,286
2021-12-19,272
2021-12-20,275
2021-12-20,276
2021-12-20,278
2021-12-20,274
2021-12-21,278
2021-12-21,275
2021-12-21,272
2021-12-21,278
2021-12-22,281
2021-12-22,281
2021-12-22,286
2021-12-22,276
2021-12-23,284
2021-12-23,281
2021-12-23,279
2021-12-23,283
2021-12-24,282
2021-12-24,282
2021-12-24,284
2021-12-24,280
2021-12-25,273
2021-12-25,269.5
2021-12-25,270
2021-12-25,269
2021-12-26,267
2021-12-26,266.5
2021-12-26,266
2021-12-26,267
2021-12-27,276
2021-12-27,278.5
2021-12-27,275
2021-12-27,282
2021-12-28,280
2021-12-28,282
2021-12-28,278
2021-12-28,286
2021-12-29,283
2021-12-29,289
2021-12-29,284
2021-12-29,294
2021-12-30,291
2021-12-30,298
2021-12-30,292
2021-12-30,304
2021-12-31,304
2021-12-31,307
2021-12-31,298
2021-12-31,316
2022-01-01,311
2022-01-01,311
2022-01-01,318
2022-01-01,304
2022-01-02,321
2022-01-02,321
2022-01-02,326
2022-01-02,316
2022-01-03,333
2022-01-03,333
2022-01-03,338
2022-01-03,328
2022-01-04,339
2022-01-04,339
2022-01-04,344
2022-01-04,334
2022-01-05,345
2022-01-05,345
2022-01-05,350
2022-01-05,340
2022-01-06,346
2022-01-06,346
2022-01-06,348
2022-01-06,344
2022-01-07,343
2022-01-07,343
2022-01-07,340
2022-01-07,346
2022-01-08,353
2022-01-08,353
2022-01-08,352
2022-01-08,354
2022-01-09,348
2022-01-09,348
2022-01-09,350
2022-01-09,346
2022-01-10,340.5
2022-01-10,341
2022-01-10,339
2022-01-10,342
2022-01-11,337
2022-01-11,337
2022-01-11,336
2022-01-11,338
2022-01-12,338.5
2022-01-12,339
2022-01-12,337
2022-01-12,340
2022-01-13,336
2022-01-13,336
2022-01-13,338
2022-01-13,334
2022-01-14,334
2022-01-14,334
2022-01-14,332
2022-01-14,336
2022-01-15,345
2022-01-15,345
2022-01-15,348
2022-01-15,342
2022-01-16,347
2022-01-16,347
2022-01-16,354
2022-01-16,340
2022-01-17,352
2022-01-17,352
2022-01-17,358
2022-01-17,346
2022-01-18,356
2022-01-18,356
2022-01-18,360
2022-01-18,352
2022-01-19,358
2022-01-19,358
2022-01-19,362
2022-01-19,354
2022-01-20,362
2022-01-20,362
2022-01-20,366
2022-01-20,358
2022-01-21,366
2022-01-21,366
2022-01-21,370
2022-01-21,362
2022-01-22,367
2022-01-22,367
2022-01-22,366
2022-01-22,368
2022-01-23,370
2022-01-23,370
2022-01-23,368
2022-01-23,372
2022-01-24,368
2022-01-24,368
2022-01-24,366
2022-01-24,370
2022-01-25,367
2022-01-25,367
2022-01-25,368
2022-01-25,366
2022-01-26,365
2022-01-26,365
2022-01-26,366
2022-01-26,364
2022-01-27,364
2022-01-27,364
2022-01-27,368
2022-01-27,360
2022-01-28,366.5
2022-01-28,367
2022-01-28,367
2022-01-28,366
2022-01-29,366
2022-01-29,366
2022-01-29,368
2022-01-29,364
2022-01-30,368
2022-01-30,368
2022-01-30,370
2022-01-30,366
2022-01-31,373
2022-01-31,373
2022-01-31,374
2022-01-31,372
2022-02-01,380
2022-02-01,380
2022-02-01,378
2022-02-01,382
2022-02-02,378.5
2022-02-02,379
2022-02-02,381
2022-02-02,376
2022-02-03,379
2022-02-03,379
2022-02-03,376
2022-02-03,382
2022-02-04,375.5
2022-02-04,376
2022-02-04,370
2022-02-04,381
2022-02-05,377
2022-02-05,377
2022-02-05,376
2022-02-05,378
2022-02-06,375
2022-02-06,375
2022-02-06,374
2022-02-06,376
2022-02-07,371
2022-02-07,371
2022-02-07,370
2022-02-07,372
2022-02-08,363
2022-02-08,363
2022-02-08,364
2022-02-08,362
2022-02-09,355
2022-02-09,355
2022-02-09,356
2022-02-09,354
2022-02-10,350.5
2022-02-10,351
2022-02-10,350
2022-02-10,351
2022-02-11,347.5
2022-02-11,348
2022-02-11,348
2022-02-11,347
2022-02-12,345
2022-02-12,345
2022-02-12,346
2022-02-12,344
2022-02-13,345
2022-02-13,345
2022-02-13,348
2022-02-13,342
2022-02-14,346
2022-02-14,346
2022-02-14,352
2022-02-14,340
2022-02-15,348
2022-02-15,348
2022-02-15,350
2022-02-15,346
2022-02-16,367
2022-02-16,367
2022-02-16,372
2022-02-16,362
2022-02-17,367.5
2022-02-17,368
2022-02-17,368
2022-02-17,367
2022-02-18,375
2022-02-18,375
2022-02-18,376
2022-02-18,374
2022-02-19,371.5
2022-02-19,372
2022-02-19,373
2022-02-19,370
2022-02-20,375
2022-02-20,375
2022-02-20,372
2022-02-20,378
2022-02-21,373.5
2022-02-21,374
2022-02-21,371
2022-02-21,376
2022-02-22,376.5
2022-02-22,377
2022-02-22,376
2022-02-22,377
2022-02-23,377.5
2022-02-23,378
2022-02-23,375
2022-02-23,380
2022-02-24,383
2022-02-24,383
2022-02-24,382
2022-02-24,384
2022-02-25,380.5
2022-02-25,381
2022-02-25,380
2022-02-25,381
2022-02-26,378.5
2022-02-26,379
2022-02-26,378
2022-02-26,379
2022-02-27,377.5
2022-02-27,378
2022-02-27,380
2022-02-27,375
2022-02-28,379
2022-02-28,379
2022-02-28,382
2022-02-28,376
2022-03-01,383
2022-03-01,383
2022-03-01,386
2022-03-01,380
2022-03-02,376
2022-03-02,376
2022-03-02,378
2022-03-02,374
2022-03-03,381
2022-03-03,380.5
2022-03-03,380
2022-03-03,381
2022-03-04,381
2022-03-04,380.5
2022-03-04,384
2022-03-04,377
2022-03-05,385
2022-03-05,385
2022-03-05,386
2022-03-05,384
2022-03-06,379
2022-03-06,378.5
2022-03-06,381
2022-03-06,376
2022-03-07,383
2022-03-07,383
2022-03-07,384
2022-03-07,382
2022-03-08,387
2022-03-08,387
2022-03-08,388
2022-03-08,386
2022-03-09,376
2022-03-09,376
2022-03-09,378
2022-03-09,374
2022-03-10,377
2022-03-10,376.5
2022-03-10,381
2022-03-10,372
2022-03-11,376
2022-03-11,376
2022-03-11,378
2022-03-11,374
2022-03-12,379
2022-03-12,379
2022-03-12,380
2022-03-12,378
2022-03-13,383
2022-03-13,383
2022-03-13,384
2022-03-13,382
2022-03-14,383
2022-03-14,382.5
2022-03-14,382
2022-03-14,383
2022-03-15,400
2022-03-15,400
2022-03-15,402
2022-03-15,398
2022-03-16,402
2022-03-16,401.5
2022-03-16,406
2022-03-16,397
2022-03-17,407
2022-03-17,406.5
2022-03-17,409
2022-03-17,404
2022-03-18,417
2022-03-18,417
2022-03-18,418
2022-03-18,416
2022-03-19,421
2022-03-19,421
2022-03-19,420
2022-03-19,422
2022-03-20,424
2022-03-20,423.5
2022-03-20,421
2022-03-20,426
2022-03-21,427
2022-03-21,427
2022-03-21,424
2022-03-21,430
2022-03-22,430
2022-03-22,430
2022-03-22,428
2022-03-22,432
2022-03-23,433
2022-03-23,433
2022-03-23,432
2022-03-23,434
2022-03-24,435
2022-03-24,435
2022-03-24,433
2022-03-24,437
2022-03-25,438
2022-03-25,438
2022-03-25,438
2022-03-25,438
2022-03-26,434
2022-03-26,434
2022-03-26,434
2022-03-26,434
2022-03-27,436
2022-03-27,435.5
2022-03-27,435
2022-03-27,436
2022-03-28,433
2022-03-28,432.5
2022-03-28,432
2022-03-28,433
2022-03-29,438
2022-03-29,437.5
2022-03-29,441
2022-03-29,434
2022-03-30,444
2022-03-30,444
2022-03-30,446
2022-03-30,442
2022-03-31,450
2022-03-31,449.5
2022-03-31,448
2022-03-31,451
2022-04-01,453
2022-04-01,453
2022-04-01,452
2022-04-01,454
2022-04-02,455.5
2022-04-02,456
2022-04-02,455
2022-04-02,456
2022-04-03,461
2022-04-03,461
2022-04-03,460
2022-04-03,462
2022-04-04,458
2022-04-04,458
2022-04-04,456
2022-04-04,460
2022-04-05,462.5
2022-04-05,463
2022-04-05,461
2022-04-05,464
2022-04-06,462.5
2022-04-06,463
2022-04-06,462
2022-04-06,463
2022-04-07,460
2022-04-07,460
2022-04-07,460
2022-04-07,460
2022-04-08,456
2022-04-08,456
2022-04-08,456
2022-04-08,456
2022-04-09,450
2022-04-09,450
2022-04-09,452
2022-04-09,448
2022-04-10,449.5
2022-04-10,450
2022-04-10,449
2022-04-10,450
2022-04-11,450
2022-04-11,450
2022-04-11,450
2022-04-11,450
2022-04-12,453.5
2022-04-12,454
2022-04-12,453
2022-04-12,454
2022-04-13,457.5
2022-04-13,458
2022-04-13,458
2022-04-13,457
2022-04-14,462
2022-04-14,462
2022-04-14,464
2022-04-14,460
2022-04-15,461.5
2022-04-15,462
2022-04-15,465
2022-04-15,458
2022-04-16,466.5
2022-04-16,467
2022-04-16,467
2022-04-16,466
2022-04-17,473.5
2022-04-17,474
2022-04-17,474
2022-04-17,473
2022-04-18,476
2022-04-18,476
2022-04-18,474
2022-04-18,478
2022-04-19,478
2022-04-19,478
2022-04-19,478
2022-04-19,478
2022-04-20,477.5
2022-04-20,478
2022-04-20,477
2022-04-20,478
2022-04-21,475.5
2022-04-21,476
2022-04-21,476
2022-04-21,475
2022-04-22,471.5
2022-04-22,472
2022-04-22,471
2022-04-22,472
2022-04-23,467.5
2022-04-23,468
2022-04-23,469
2022-04-23,466
2022-04-24,460
2022-04-24,460
2022-04-24,462
2022-04-24,458
2022-04-25,453.5
2022-04-25,454
2022-04-25,454
2022-04-25,453
2022-04-26,453
2022-04-26,453
2022-04-26,454
2022-04-26,452
2022-04-27,456
2022-04-27,456
2022-04-27,458
2022-04-27,454
2022-04-28,460.5
2022-04-28,461
2022-04-28,463
2022-04-28,458
2022-04-29,464
2022-04-29,464
2022-04-29,464
2022-04-29,464
2022-04-30,467.5
2022-04-30,468
2022-04-30,468
2022-04-30,467
2022-05-01,466.5
2022-05-01,467
2022-05-01,468
2022-05-01,465
2022-05-02,469.5
2022-05-02,470
2022-05-02,467
2022-05-02,472
2022-05-03,468.5
2022-05-03,469
2022-05-03,468
2022-05-03,469
2022-05-04,470
2022-05-04,470
2022-05-04,470
2022-05-04,470
2022-05-05,465
2022-05-05,465
2022-05-05,466
2022-05-05,464
2022-05-06,458
2022-05-06,458
2022-05-06,458
2022-05-06,458
2022-05-07,451.5
2022-05-07,452
2022-05-07,452
2022-05-07,451
2022-05-08,454
2022-05-08,454
2022-05-08,466
2022-05-08,442
2022-05-09,439
2022-05-09,439
2022-05-09,439
2022-05-09,439
2022-05-10,441
2022-05-10,441
2022-05-10,440
2022-05-10,442
2022-05-11,443
2022-05-11,443
2022-05-11,444
2022-05-11,442
2022-05-12,441.5
2022-05-12,442
2022-05-12,442
2022-05-12,441
2022-05-13,443
2022-05-13,443
2022-05-13,446
2022-05-13,440
2022-05-14,440.5
2022-05-14,441
2022-05-14,445
2022-05-14,436
2022-05-15,440
2022-05-15,440
2022-05-15,445
2022-05-15,435
2022-05-16,443.5
2022-05-16,444
2022-05-16,443
2022-05-16,444
2022-05-17,447
2022-05-17,447
2022-05-17,444
2022-05-17,450
2022-05-18,451
2022-05-18,451
2022-05-18,449
2022-05-18,453
2022-05-19,454.5
2022-05-19,455
2022-05-19,458
2022-05-19,451
2022-05-20,448
2022-05-20,448
2022-05-20,448
2022-05-20,448
2022-05-21,439
2022-05-21,439
2022-05-21,440
2022-05-21,438
2022-05-22,430
2022-05-22,430
2022-05-22,432
2022-05-22,428
2022-05-23,424.5
2022-05-23,425
2022-05-23,424
2022-05-23,425
2022-05-24,423
2022-05-24,423
2022-05-24,424
2022-05-24,422
2022-05-25,423.5
2022-05-25,424
2022-05-25,422
2022-05-25,425
2022-05-26,423.5
2022-05-26,424
2022-05-26,424
2022-05-26,423
2022-05-27,424.5
2022-05-27,425
2022-05-27,427
2022-05-27,422
2022-05-28,422
2022-05-28,422
2022-05-28,425
2022-05-28,419
2022-05-29,418
2022-05-29,418
2022-05-29,422
2022-05-29,414
2022-05-30,412.5
2022-05-30,413
2022-05-30,413
2022-05-30,412
2022-05-31,414
2022-05-31,414
2022-05-31,414
2022-05-31,414
2022-06-01,413.5
2022-06-01,414
2022-06-01,414
2022-06-01,413
2022-06-02,410.5
2022-06-02,411
2022-06-02,411
2022-06-02,410
2022-06-03,402.5
2022-06-03,403
2022-06-03,407
2022-06-03,398
2022-06-04,391.5
2022-06-04,392
2022-06-04,392
2022-06-04,391
2022-06-05,386.5
2022-06-05,387
2022-06-05,386
2022-06-05,387
2022-06-06,389
2022-06-06,389
2022-06-06,388
2022-06-06,390
2022-06-07,389.5
2022-06-07,390
2022-06-07,389
2022-06-07,390
2022-06-08,391
2022-06-08,391
2022-06-08,390
2022-06-08,392
2022-06-09,391.5
2022-06-09,392
2022-06-09,390
2022-06-09,393
2022-06-10,391
2022-06-10,391
2022-06-10,390
2022-06-10,392
2022-06-11,390
2022-06-11,390
2022-06-11,391
2022-06-11,389
2022-06-12,386
2022-06-12,386
2022-06-12,388
2022-06-12,384
2022-06-13,391.5
2022-06-13,392
2022-06-13,394
2022-06-13,389
2022-06-14,399.5
2022-06-14,400
2022-06-14,401
2022-06-14,398
2022-06-15,405
2022-06-15,405
2022-06-15,407
2022-06-15,403
2022-06-16,402.5
2022-06-16,403
2022-06-16,404
2022-06-16,401
2022-06-17,401.5
2022-06-17,402
2022-06-17,401
2022-06-17,402
2022-06-18,398.5
2022-06-18,399
2022-06-18,399
2022-06-18,398
2022-06-19,394
2022-06-19,394
2022-06-19,394
2022-06-19,394
2022-06-20,391.5
2022-06-20,392
2022-06-20,390
2022-06-20,393
2022-06-21,391
2022-06-21,391
2022-06-21,389
2022-06-21,393
2022-06-22,389
2022-06-22,389
2022-06-22,390
2022-06-22,388
2022-06-23,385.5
2022-06-23,386
2022-06-23,387
2022-06-23,384
2022-06-24,381
2022-06-24,381
2022-06-24,382
2022-06-24,380
2022-06-25,376.5
2022-06-25,377
2022-06-25,379
2022-06-25,374
2022-06-26,371
2022-06-26,371
2022-06-26,375
2022-06-26,367
2022-06-27,369
2022-06-27,369
2022-06-27,372
2022-06-27,366
2022-06-28,362.5
2022-06-28,363
2022-06-28,365
2022-06-28,360
2022-06-29,362.5
2022-06-29,363
2022-06-29,366
2022-06-29,359
2022-06-30,363
2022-06-30,363
2022-06-30,364
2022-06-30,362
2022-07-01,361
2022-07-01,361
2022-07-01,360
2022-07-01,362
2022-07-02,364
2022-07-02,364
2022-07-02,364
2022-07-02,364
2022-07-03,364
2022-07-03,364
2022-07-03,364
2022-07-03,364
2022-07-04,364.5
2022-07-04,365
2022-07-04,366
2022-07-04,363
2022-07-05,361
2022-07-05,361
2022-07-05,361
2022-07-05,361
2022-07-06,357
2022-07-06,357
2022-07-06,356
2022-07-06,358
2022-07-07,356
2022-07-07,356
2022-07-07,353
2022-07-07,359
2022-07-08,356.5
2022-07-08,357
2022-07-08,355
2022-07-08,358
2022-07-09,356.5
2022-07-09,357
2022-07-09,354
2022-07-09,359
2022-07-10,357
2022-07-10,357
2022-07-10,354
2022-07-10,360
2022-07-11,353
2022-07-11,353
2022-07-11,354
2022-07-11,352
2022-07-12,352.5
2022-07-12,353
2022-07-12,358
2022-07-12,347
2022-07-13,355.5
2022-07-13,356
2022-07-13,364
2022-07-13,347
2022-07-14,357.5
2022-07-14,358
2022-07-14,363
2022-07-14,352
2022-07-15,361
2022-07-15,361
2022-07-15,362
2022-07-15,360
2022-07-16,362
2022-07-16,362
2022-07-16,362
2022-07-16,362
2022-07-17,359
2022-07-17,359
2022-07-17,358
2022-07-17,360
2022-07-18,359
2022-07-18,359
2022-07-18,358
2022-07-18,360
2022-07-19,357
2022-07-19,357
2022-07-19,358
2022-07-19,356
2022-07-20,350
2022-07-20,350
2022-07-20,350
2022-07-20,350
2022-07-21,347
2022-07-21,347
2022-07-21,348
2022-07-21,346
2022-07-22,340
2022-07-22,340
2022-07-22,338
2022-07-22,342
2022-07-23,335
2022-07-23,335
2022-07-23,332
2022-07-23,338
2022-07-24,328.5
2022-07-24,329
2022-07-24,331
2022-07-24,326
2022-07-25,328
2022-07-25,328
2022-07-25,332
2022-07-25,324
2022-07-26,324
2022-07-26,324
2022-07-26,330
2022-07-26,318
2022-07-27,324
2022-07-27,324
2022-07-27,330
2022-07-27,318
2022-07-28,323
2022-07-28,323
2022-07-28,326
2022-07-28,320
2022-07-29,319.5
2022-07-29,320
2022-07-29,322
2022-07-29,317
2022-07-30,322.5
2022-07-30,323
2022-07-30,317
2022-07-30,328
2022-07-31,324
2022-07-31,324
2022-07-31,318
2022-07-31,330
2022-08-01,332
2022-08-01,332
2022-08-01,330
2022-08-01,334
2022-08-02,334
2022-08-02,334
2022-08-02,332
2022-08-02,336
2022-08-03,337
2022-08-03,337
2022-08-03,334
2022-08-03,340
2022-08-04,340
2022-08-04,340
2022-08-04,336
2022-08-04,344
2022-08-05,333
2022-08-05,333
2022-08-05,332
2022-08-05,334
2022-08-06,331.5
2022-08-06,332
2022-08-06,327
2022-08-06,336
2022-08-07,328.5
2022-08-07,329
2022-08-07,324
2022-08-07,333
2022-08-08,328.5
2022-08-08,329
2022-08-08,325
2022-08-08,332
2022-08-09,328
2022-08-09,328
2022-08-09,328
2022-08-09,328
2022-08-10,330
2022-08-10,330
2022-08-10,335
2022-08-10,325
2022-08-11,330.5
2022-08-11,331
2022-08-11,339
2022-08-11,322
2022-08-12,332.5
2022-08-12,333
2022-08-12,340
2022-08-12,325
2022-08-13,335
2022-08-13,335
2022-08-13,340
2022-08-13,330
2022-08-14,338
2022-08-14,338
2022-08-14,339
2022-08-14,337
2022-08-15,330
2022-08-15,330
2022-08-15,330
2022-08-15,330
2022-08-16,329
2022-08-16,329
2022-08-16,328
2022-08-16,330
2022-08-17,324
2022-08-17,324
2022-08-17,324
2022-08-17,324
2022-08-18,321
2022-08-18,321
2022-08-18,319
2022-08-18,323
2022-08-19,316.5
2022-08-19,317
2022-08-19,316
2022-08-19,317
2022-08-20,310
2022-08-20,310
2022-08-20,308
2022-08-20,312
2022-08-21,301.5
2022-08-21,302
2022-08-21,301
2022-08-21,302
2022-08-22,296.5
2022-08-22,297
2022-08-22,295
2022-08-22,298
2022-08-23,293
2022-08-23,293
2022-08-23,296
2022-08-23,290
2022-08-24,295.5
2022-08-24,296
2022-08-24,298
2022-08-24,293
2022-08-25,296
2022-08-25,296
2022-08-25,304
2022-08-25,288
2022-08-26,301
2022-08-26,301
2022-08-26,308
2022-08-26,294
2022-08-27,301
2022-08-27,301
2022-08-27,306
2022-08-27,296
2022-08-28,299.5
2022-08-28,300
2022-08-28,301
2022-08-28,298
2022-08-29,300
2022-08-29,300
2022-08-29,298
2022-08-29,302
2022-08-30,300.5
2022-08-30,301
2022-08-30,299
2022-08-30,302
2022-08-31,300.5
2022-08-31,301
2022-08-31,298
2022-08-31,303
2022-09-01,300
2022-09-01,300
2022-09-01,298
2022-09-01,302
2022-09-02,302
2022-09-02,302
2022-09-02,298
2022-09-02,306
2022-09-03,300
2022-09-03,300
2022-09-03,299
2022-09-03,301
2022-09-04,294
2022-09-04,294
2022-09-04,294
2022-09-04,294
2022-09-05,291
2022-09-05,290.5
2022-09-05,288
2022-09-05,293
2022-09-06,294
2022-09-06,294
2022-09-06,287
2022-09-06,301
2022-09-07,300
2022-09-07,299.5
2022-09-07,298
2022-09-07,301
2022-09-08,298
2022-09-08,298
2022-09-08,299
2022-09-08,297
2022-09-09,306
2022-09-09,305.5
2022-09-09,310
2022-09-09,301
2022-09-10,306
2022-09-10,305.5
2022-09-10,317
2022-09-10,294
2022-09-11,304
2022-09-11,304
2022-09-11,314
2022-09-11,294
2022-09-12,295
2022-09-12,295
2022-09-12,296
2022-09-12,294
2022-09-13,297
2022-09-13,297
2022-09-13,296
2022-09-13,298
2022-09-14,296
2022-09-14,296
2022-09-14,296
2022-09-14,296
2022-09-15,288
2022-09-15,288
2022-09-15,288
2022-09-15,288
2022-09-16,282
2022-09-16,281.5
2022-09-16,282
2022-09-16,281
2022-09-17,270
2022-09-17,270
2022-09-17,270
2022-09-17,270
2022-09-18,261
2022-09-18,261
2022-09-18,260
2022-09-18,262
2022-09-19,253
2022-09-19,252.5
2022-09-19,250
2022-09-19,255
2022-09-20,247
2022-09-20,247
2022-09-20,244
2022-09-20,250
2022-09-21,250
2022-09-21,249.5
2022-09-21,250
2022-09-21,249
2022-09-22,253
2022-09-22,253
2022-09-22,258
2022-09-22,248
2022-09-23,250
2022-09-23,250
2022-09-23,260
2022-09-23,240
2022-09-24,252
2022-09-24,251.5
2022-09-24,263
2022-09-24,240
2022-09-25,257
2022-09-25,257
2022-09-25,268
2022-09-25,246
2022-09-26,266
2022-09-26,266
2022-09-26,278
2022-09-26,254
2022-09-27,262
2022-09-27,262
2022-09-27,268
2022-09-27,256
2022-09-28,260
2022-09-28,260
2022-09-28,260
2022-09-28,260
2022-09-29,257
2022-09-29,257
2022-09-29,254
2022-09-29,260
2022-09-30,253
2022-09-30,253
2022-09-30,250
2022-09-30,256
2022-10-01,246
2022-10-01,246
2022-10-01,244
2022-10-01,248
2022-10-02,240
2022-10-02,240
2022-10-02,240
2022-10-02,240
2022-10-03,230
2022-10-03,230
2022-10-03,228
2022-10-03,232
2022-10-04,224.5
2022-10-04,225
2022-10-04,220
2022-10-04,229
2022-10-05,226
2022-10-05,226
2022-10-05,220
2022-10-05,232
2022-10-06,231.5
2022-10-06,232
2022-10-06,225
2022-10-06,238
2022-10-07,233
2022-10-07,233
2022-10-07,236
2022-10-07,230
2022-10-08,232
2022-10-08,232
2022-10-08,246
2022-10-08,218
2022-10-09,234
2022-10-09,234
2022-10-09,248
2022-10-09,220
2022-10-10,239
2022-10-10,239
2022-10-10,252
2022-10-10,226
2022-10-11,237.5
2022-10-11,238
2022-10-11,249
2022-10-11,226
2022-10-12,218
2022-10-12,218
2022-10-12,216
2022-10-12,220
2022-10-13,213.5
2022-10-13,214
2022-10-13,210
2022-10-13,217
2022-10-14,209
2022-10-14,209
2022-10-14,206
2022-10-14,212
2022-10-15,201
2022-10-15,201
2022-10-15,201
2022-10-15,201
2022-10-16,184.5
2022-10-16,185
2022-10-16,186
2022-10-16,183
2022-10-17,173
2022-10-17,173
2022-10-17,172
2022-10-17,174
2022-10-18,168
2022-10-18,168
2022-10-18,164
2022-10-18,172
2022-10-19,172
2022-10-19,172
2022-10-19,166
2022-10-19,178
2022-10-20,172.5
2022-10-20,173
2022-10-20,168
2022-10-20,177
2022-10-21,163
2022-10-21,163
2022-10-21,166
2022-10-21,160
2022-10-22,171.5
2022-10-22,172
2022-10-22,175
2022-10-22,168
2022-10-23,178.5
2022-10-23,179
2022-10-23,187
2022-10-23,170
2022-10-24,183
2022-10-24,183
2022-10-24,197
2022-10-24,169
2022-10-25,185.5
2022-10-25,186
2022-10-25,202
2022-10-25,169
2022-10-26,187
2022-10-26,187
2022-10-26,197
2022-10-26,177
2022-10-27,183
2022-10-27,183
2022-10-27,188
2022-10-27,178
2022-10-28,183.5
2022-10-28,184
2022-10-28,183
2022-10-28,184
2022-10-29,176
2022-10-29,176
2022-10-29,174
2022-10-29,178
2022-10-30,170
2022-10-30,170
2022-10-30,168
2022-10-30,172
2022-10-31,166.5
2022-10-31,167
2022-10-31,165
2022-10-31,168
2022-11-01,164
2022-11-01,164
2022-11-01,158
2022-11-01,170
2022-11-02,165
2022-11-02,165
2022-11-02,165
2022-11-02,165
2022-11-03,157.5
2022-11-03,158
2022-11-03,152
2022-11-03,163
2022-11-04,160.5
2022-11-04,161
2022-11-04,155
2022-11-04,166
2022-11-05,159.5
2022-11-05,160
2022-11-05,164
2022-11-05,155
2022-11-06,162
2022-11-06,162
2022-11-06,176
2022-11-06,148
2022-11-07,165.5
2022-11-07,166
2022-11-07,180
2022-11-07,151
2022-11-08,170
2022-11-08,170
2022-11-08,180
2022-11-08,160
2022-11-09,169
2022-11-09,169
2022-11-09,176
2022-11-09,162
2022-11-10,178
2022-11-10,178
2022-11-10,180
2022-11-10,176
2022-11-11,170
2022-11-11,170
2022-11-11,166
2022-11-11,174
2022-11-12,170
2022-11-12,170
2022-11-12,164
2022-11-12,176
2022-11-13,167.5
2022-11-13,168
2022-11-13,166
2022-11-13,169
2022-11-14,167
2022-11-14,167
2022-11-14,166
2022-11-14,168
2022-11-15,169
2022-11-15,169
2022-11-15,168
2022-11-15,170
2022-11-16,162
2022-11-16,162
2022-11-16,161
2022-11-16,163
2022-11-17,153
2022-11-17,153
2022-11-17,150
2022-11-17,156
2022-11-18,160
2022-11-18,160
2022-11-18,153
2022-11-18,167
2022-11-19,172.5
2022-11-19,173
2022-11-19,164
2022-11-19,181
2022-11-20,177.5
2022-11-20,178
2022-11-20,177
2022-11-20,178
2022-11-21,175.5
2022-11-21,176
2022-11-21,184
2022-11-21,167
2022-11-22,184.5
2022-11-22,185
2022-11-22,196
2022-11-22,173
2022-11-23,193.5
2022-11-23,194
2022-11-23,208
2022-11-23,179
2022-11-24,206
2022-11-24,206
2022-11-24,220
2022-11-24,192
2022-11-25,197.5
2022-11-25,198
2022-11-25,206
2022-11-25,189
2022-11-26,191.5
2022-11-26,192
2022-11-26,190
2022-11-26,193
2022-11-27,186
2022-11-27,186
2022-11-27,182
2022-11-27,190
2022-11-28,188
2022-11-28,188
2022-11-28,190
2022-11-28,186
2022-11-29,186.5
2022-11-29,187
2022-11-29,183
2022-11-29,190
2022-11-30,185.5
2022-11-30,186
2022-11-30,188
2022-11-30,183
2022-12-01,185
2022-12-01,185
2022-12-01,177
2022-12-01,193
2022-12-02,198
2022-12-02,197.5
2022-12-02,193
2022-12-02,202
2022-12-03,193
2022-12-03,193
2022-12-03,188
2022-12-03,198
2022-12-04,176
2022-12-04,176
2022-12-04,186
2022-12-04,166
2022-12-05,184
2022-12-05,184
2022-12-05,196
2022-12-05,172
2022-12-06,187
2022-12-06,186.5
2022-12-06,197
2022-12-06,176
2022-12-07,197
2022-12-07,197
2022-12-07,208
2022-12-07,186
2022-12-08,198
2022-12-08,198
2022-12-08,208
2022-12-08,188
2022-12-09,190
2022-12-09,190
2022-12-09,196
2022-12-09,184
2022-12-10,190
2022-12-10,189.5
2022-12-10,190
2022-12-10,189
2022-12-11,189
2022-12-11,188.5
2022-12-11,184
2022-12-11,193
2022-12-12,189
2022-12-12,189
2022-12-12,186
2022-12-12,192
2022-12-13,188
2022-12-13,188
2022-12-13,188
2022-12-13,188
2022-12-14,183
2022-12-14,182.5
2022-12-14,178
2022-12-14,187
2022-12-15,178
2022-12-15,178
2022-12-15,174
2022-12-15,182
2022-12-16,193
2022-12-16,193
2022-12-16,190
2022-12-16,196
2022-12-17,185
2022-12-17,185
2022-12-17,182
2022-12-17,188
2022-12-18,187
2022-12-18,187
2022-12-18,184
2022-12-18,190
2022-12-19,196
2022-12-19,195.5
2022-12-19,189
2022-12-19,202
2022-12-20,206
2022-12-20,206
2022-12-20,202
2022-12-20,210
2022-12-21,212
2022-12-21,212
2022-12-21,212
2022-12-21,212
2022-12-22,208
2022-12-22,208
2022-12-22,218
2022-12-22,198
2022-12-23,223
2022-12-23,222.5
2022-12-23,235
2022-12-23,210
2022-12-24,224
2022-12-24,224
2022-12-24,238
2022-12-24,210
2022-12-25,226
2022-12-25,226
2022-12-25,236
2022-12-25,216
2022-12-26,222
2022-12-26,221.5
2022-12-26,216
2022-12-26,227
2022-12-27,228
2022-12-27,227.5
2022-12-27,217
2022-12-27,238
2022-12-28,222
2022-12-28,222
2022-12-28,222
2022-12-28,222
2022-12-29,219
2022-12-29,218.5
2022-12-29,219
2022-12-29,218
2022-12-30,214
2022-12-30,214
2022-12-30,210
2022-12-30,218
2022-12-31,214
2022-12-31,213.5
2022-12-31,211
2022-12-31,216
2023-01-01,217
2023-01-01,217
2023-01-01,212
2023-01-01,222
2023-01-02,210.5
2023-01-02,211
2023-01-02,213
2023-01-02,208
2023-01-03,220
2023-01-03,220
2023-01-03,224
2023-01-03,216
2023-01-04,227
2023-01-04,227
2023-01-04,236
2023-01-04,218
2023-01-05,229
2023-01-05,229
2023-01-05,236
2023-01-05,222
2023-01-06,235
2023-01-06,235
2023-01-06,240
2023-01-06,230
2023-01-07,239.5
2023-01-07,240
2023-01-07,250
2023-01-07,229
2023-01-08,228.5
2023-01-08,229
2023-01-08,228
2023-01-08,229
2023-01-09,231.5
2023-01-09,232
2023-01-09,219
2023-01-09,244
2023-01-10,242
2023-01-10,242
2023-01-10,236
2023-01-10,248
2023-01-11,246
2023-01-11,246
2023-01-11,244
2023-01-11,248
2023-01-12,246
2023-01-12,246
2023-01-12,245
2023-01-12,247
2023-01-13,248
2023-01-13,248
2023-01-13,246
2023-01-13,250
2023-01-14,245.5
2023-01-14,246
2023-01-14,249
2023-01-14,242
2023-01-15,235.5
2023-01-15,236
2023-01-15,236
2023-01-15,235
2023-01-16,222
2023-01-16,222
2023-01-16,218
2023-01-16,226
2023-01-17,238
2023-01-17,238
2023-01-17,230
2023-01-17,246
2023-01-18,239
2023-01-18,239
2023-01-18,240
2023-01-18,238
2023-01-19,243
2023-01-19,243
2023-01-19,246
2023-01-19,240
2023-01-20,244
2023-01-20,244
2023-01-20,250
2023-01-20,238
2023-01-21,260
2023-01-21,260
2023-01-21,270
2023-01-21,250
2023-01-22,269
2023-01-22,269
2023-01-22,278
2023-01-22,260
2023-01-23,284
2023-01-23,284
2023-01-23,280
2023-01-23,288
2023-01-24,297
2023-01-24,297
2023-01-24,292
2023-01-24,302
2023-01-25,299
2023-01-25,299
2023-01-25,294
2023-01-25,304
2023-01-26,293.5
2023-01-26,294
2023-01-26,293
2023-01-26,294
2023-01-27,292
2023-01-27,292
2023-01-27,292
2023-01-27,292
2023-01-28,283.5
2023-01-28,284
2023-01-28,286
2023-01-28,281
2023-01-29,268
2023-01-29,268
2023-01-29,270
2023-01-29,266
2023-01-30,265
2023-01-30,265
2023-01-30,260
2023-01-30,270
2023-01-31,268.5
2023-01-31,269
2023-01-31,269
2023-01-31,268
2023-02-01,269
2023-02-01,269
2023-02-01,272
2023-02-01,266
2023-02-02,264.5
2023-02-02,265
2023-02-02,274
2023-02-02,255
2023-02-03,281
2023-02-03,281
2023-02-03,284
2023-02-03,278
2023-02-04,286.5
2023-02-04,287
2023-02-04,296
2023-02-04,277
2023-02-05,288
2023-02-05,288
2023-02-05,298
2023-02-05,278
2023-02-06,290.5
2023-02-06,291
2023-02-06,287
2023-02-06,294
2023-02-07,299.5
2023-02-07,300
2023-02-07,298
2023-02-07,301
2023-02-08,300.5
2023-02-08,301
2023-02-08,299
2023-02-08,302
2023-02-09,306
2023-02-09,306
2023-02-09,302
2023-02-09,310
2023-02-10,310
2023-02-10,310
2023-02-10,307
2023-02-10,313
2023-02-11,305.5
2023-02-11,306
2023-02-11,306
2023-02-11,305
2023-02-12,300.5
2023-02-12,301
2023-02-12,299
2023-02-12,302
2023-02-13,296
2023-02-13,296
2023-02-13,294
2023-02-13,298
2023-02-14,303.5
2023-02-14,304
2023-02-14,301
2023-02-14,306
2023-02-15,306.5
2023-02-15,307
2023-02-15,305
2023-02-15,308
2023-02-16,306.5
2023-02-16,307
2023-02-16,305
2023-02-16,308
2023-02-17,310.5
2023-02-17,311
2023-02-17,311
2023-02-17,310
2023-02-18,315
2023-02-18,315
2023-02-18,322
2023-02-18,308
2023-02-19,326
2023-02-19,326
2023-02-19,336
2023-02-19,316
2023-02-20,329.5
2023-02-20,330
2023-02-20,337
2023-02-20,322
2023-02-21,337.5
2023-02-21,338
2023-02-21,335
2023-02-21,340
2023-02-22,335
2023-02-22,335
2023-02-22,331
2023-02-22,339
2023-02-23,341.5
2023-02-23,342
2023-02-23,337
2023-02-23,346
2023-02-24,343.5
2023-02-24,344
2023-02-24,341
2023-02-24,346
2023-02-25,338
2023-02-25,338
2023-02-25,338
2023-02-25,338
2023-02-26,331
2023-02-26,331
2023-02-26,332
2023-02-26,330
2023-02-27,324.5
2023-02-27,325
2023-02-27,322
2023-02-27,327
2023-02-28,320.5
2023-02-28,321
2023-02-28,318
2023-02-28,323
2023-03-01,321
2023-03-01,321
2023-03-01,320
2023-03-01,322
2023-03-02,326
2023-03-02,326
2023-03-02,324
2023-03-02,328
2023-03-03,325
2023-03-03,325
2023-03-03,320
2023-03-03,330
2023-03-04,341
2023-03-04,341
2023-03-04,346
2023-03-04,336
2023-03-05,343
2023-03-05,343
2023-03-05,350
2023-03-05,336
2023-03-06,354
2023-03-06,354
2023-03-06,357
2023-03-06,351
2023-03-07,364
2023-03-07,363.5
2023-03-07,368
2023-03-07,359
2023-03-08,366
2023-03-08,365.5
2023-03-08,367
2023-03-08,364
2023-03-09,366
2023-03-09,365.5
2023-03-09,366
2023-03-09,365
2023-03-10,367
2023-03-10,366.5
2023-03-10,365
2023-03-10,368
2023-03-11,366
2023-03-11,366
2023-03-11,364
2023-03-11,368
2023-03-12,366
2023-03-12,365.5
2023-03-12,364
2023-03-12,367
2023-03-13,362
2023-03-13,362
2023-03-13,358
2023-03-13,366
2023-03-14,366
2023-03-14,365.5
2023-03-14,366
2023-03-14,365
2023-03-15,366
2023-03-15,366
2023-03-15,366
2023-03-15,366
2023-03-16,365
2023-03-16,364.5
2023-03-16,365
2023-03-16,364
2023-03-17,367
2023-03-17,366.5
2023-03-17,365
2023-03-17,368
2023-03-18,370
2023-03-18,370
2023-03-18,372
2023-03-18,368
2023-03-19,371
2023-03-19,371
2023-03-19,376
2023-03-19,366
2023-03-20,382
2023-03-20,382
2023-03-20,384
2023-03-20,380
2023-03-21,398
2023-03-21,397.5
2023-03-21,401
2023-03-21,394
2023-03-22,403
2023-03-22,402.5
2023-03-22,406
2023-03-22,399
2023-03-23,402
2023-03-23,402
2023-03-23,402
2023-03-23,402
2023-03-24,403
2023-03-24,402.5
2023-03-24,401
2023-03-24,404
2023-03-25,402
2023-03-25,402
2023-03-25,402
2023-03-25,402
2023-03-26,398
2023-03-26,397.5
2023-03-26,398
2023-03-26,397
2023-03-27,396
2023-03-27,396
2023-03-27,394
2023-03-27,398
2023-03-28,398
2023-03-28,397.5
2023-03-28,397
2023-03-28,398
2023-03-29,394
2023-03-29,394
2023-03-29,395
2023-03-29,393
2023-03-30,396
2023-03-30,395.5
2023-03-30,394
2023-03-30,397
2023-03-31,395
2023-03-31,395
2023-03-31,394
2023-03-31,396
2023-04-01,399
2023-04-01,398.5
2023-04-01,401
2023-04-01,396
2023-04-02,400
2023-04-02,400
2023-04-02,401
2023-04-02,399
2023-04-03,404
2023-04-03,404
2023-04-03,406
2023-04-03,402
2023-04-04,412
2023-04-04,412
2023-04-04,414
2023-04-04,410
2023-04-05,417
2023-04-05,417
2023-04-05,418
2023-04-05,416
2023-04-06,422
2023-04-06,422
2023-04-06,424
2023-04-06,420
2023-04-07,429
2023-04-07,429
2023-04-07,428
2023-04-07,430
2023-04-08,426
2023-04-08,425.5
2023-04-08,425
2023-04-08,426
2023-04-09,428
2023-04-09,428
2023-04-09,426
2023-04-09,430
2023-04-10,425
2023-04-10,425
2023-04-10,424
2023-04-10,426
2023-04-11,427
2023-04-11,427
2023-04-11,426
2023-04-11,428
2023-04-12,425
2023-04-12,424.5
2023-04-12,425
2023-04-12,424
2023-04-13,419
2023-04-13,419
2023-04-13,420
2023-04-13,418
2023-04-14,414
2023-04-14,414
2023-04-14,414
2023-04-14,414
2023-04-15,414
2023-04-15,414
2023-04-15,414
2023-04-15,414
2023-04-16,417
2023-04-16,417
2023-04-16,417
2023-04-16,417
2023-04-17,420
2023-04-17,420
2023-04-17,420
2023-04-17,420
2023-04-18,426
2023-04-18,425.5
2023-04-18,427
2023-04-18,424
2023-04-19,435
2023-04-19,434.5
2023-04-19,437
2023-04-19,432
2023-04-20,436
2023-04-20,436
2023-04-20,438
2023-04-20,434
2023-04-21,435
2023-04-21,435
2023-04-21,436
2023-04-21,434
2023-04-22,431
2023-04-22,431
2023-04-22,430
2023-04-22,432
2023-04-23,432
2023-04-23,431.5
2023-04-23,430
2023-04-23,433
2023-04-24,428
2023-04-24,428
2023-04-24,428
2023-04-24,428
2023-04-25,425
2023-04-25,425
2023-04-25,426
2023-04-25,424
2023-04-26,420
2023-04-26,420
2023-04-26,420
2023-04-26,420
2023-04-27,414
2023-04-27,414
2023-04-27,414
2023-04-27,414
2023-04-28,409
2023-04-28,408.5
2023-04-28,408
2023-04-28,409
2023-04-29,407
2023-04-29,407
2023-04-29,408
2023-04-29,406
2023-04-30,405
2023-04-30,405
2023-04-30,404
2023-04-30,406
2023-05-01,405
2023-05-01,404.5
2023-05-01,405
2023-05-01,404
2023-05-02,410
2023-05-02,410
2023-05-02,411
2023-05-02,409
2023-05-03,416
2023-05-03,416
2023-05-03,418
2023-05-03,414
2023-05-04,422
2023-05-04,422
2023-05-04,424
2023-05-04,420
2023-05-05,425
2023-05-05,424.5
2023-05-05,427
2023-05-05,422
2023-05-06,425
2023-05-06,425
2023-05-06,427
2023-05-06,423
2023-05-07,420
2023-05-07,420
2023-05-07,422
2023-05-07,418
2023-05-08,418
2023-05-08,417.5
2023-05-08,416
2023-05-08,419
2023-05-09,421
2023-05-09,421
2023-05-09,420
2023-05-09,422
2023-05-10,420
2023-05-10,420
2023-05-10,419
2023-05-10,421
2023-05-11,417
2023-05-11,417
2023-05-11,416
2023-05-11,418
2023-05-12,416
2023-05-12,415.5
2023-05-12,414
2023-05-12,417
2023-05-13,412
2023-05-13,412
2023-05-13,412
2023-05-13,412
2023-05-14,402
2023-05-14,401.5
2023-05-14,402
2023-05-14,401
2023-05-15,400
2023-05-15,400
2023-05-15,399
2023-05-15,401
2023-05-16,403
2023-05-16,402.5
2023-05-16,401
2023-05-16,404
2023-05-17,402
2023-05-17,401.5
2023-05-17,402
2023-05-17,401
2023-05-18,404
2023-05-18,404
2023-05-18,404
2023-05-18,404
2023-05-19,405
2023-05-19,405
2023-05-19,408
2023-05-19,402
2023-05-20,403
2023-05-20,402.5
2023-05-20,406
2023-05-20,399
2023-05-21,403
2023-05-21,403
2023-05-21,402
2023-05-21,404
2023-05-22,402
2023-05-22,401.5
2023-05-22,401
2023-05-22,402
2023-05-23,401
2023-05-23,401
2023-05-23,401
2023-05-23,401
2023-05-24,400
2023-05-24,400
2023-05-24,401
2023-05-24,399
2023-05-25,398
2023-05-25,397.5
2023-05-25,403
2023-05-25,392
2023-05-26,392
2023-05-26,392
2023-05-26,394
2023-05-26,390
2023-05-27,394
2023-05-27,394
2023-05-27,390
2023-05-27,398
2023-05-28,382
2023-05-28,382
2023-05-28,382
2023-05-28,382
2023-05-29,382
2023-05-29,381.5
2023-05-29,379
2023-05-29,384
2023-05-30,384
2023-05-30,384
2023-05-30,384
2023-05-30,384
2023-05-31,383
2023-05-31,382.5
2023-05-31,382
2023-05-31,383
2023-06-01,380
2023-06-01,380
2023-06-01,382
2023-06-01,378
2023-06-02,382
2023-06-02,382
2023-06-02,382
2023-06-02,382
2023-06-03,376
2023-06-03,376
2023-06-03,381
2023-06-03,371
2023-06-04,376
2023-06-04,375.5
2023-06-04,381
2023-06-04,370
2023-06-05,380
2023-06-05,380
2023-06-05,383
2023-06-05,377
2023-06-06,379
2023-06-06,379
2023-06-06,380
2023-06-06,378
2023-06-07,382
2023-06-07,381.5
2023-06-07,381
2023-06-07,382
2023-06-08,379
2023-06-08,378.5
2023-06-08,379
2023-06-08,378
2023-06-09,377
2023-06-09,377
2023-06-09,377
2023-06-09,377
2023-06-10,377
2023-06-10,376.5
2023-06-10,376
2023-06-10,377
2023-06-11,374
2023-06-11,373.5
2023-06-11,373
2023-06-11,374
2023-06-12,372
2023-06-12,372
2023-06-12,370
2023-06-12,374
2023-06-13,374
2023-06-13,373.5
2023-06-13,373
2023-06-13,374
2023-06-14,373
2023-06-14,373
2023-06-14,370
2023-06-14,376
2023-06-15,369
2023-06-15,368.5
2023-06-15,371
2023-06-15,366
2023-06-16,373
2023-06-16,372.5
2023-06-16,372
2023-06-16,373
2023-06-17,371
2023-06-17,370.5
2023-06-17,372
2023-06-17,369
2023-06-18,367
2023-06-18,366.5
2023-06-18,368
2023-06-18,365
2023-06-19,355
2023-06-19,355
2023-06-19,355
2023-06-19,355
2023-06-20,352
2023-06-20,352
2023-06-20,354
2023-06-20,350
2023-06-21,349
2023-06-21,348.5
2023-06-21,350
2023-06-21,347
2023-06-22,348
2023-06-22,348
2023-06-22,348
2023-06-22,348
2023-06-23,350
2023-06-23,349.5
2023-06-23,349
2023-06-23,350
2023-06-24,346
2023-06-24,346
2023-06-24,346
2023-06-24,346
2023-06-25,338
2023-06-25,337.5
2023-06-25,338
2023-06-25,337
2023-06-26,332
2023-06-26,332
2023-06-26,332
2023-06-26,332
2023-06-27,333
2023-06-27,333
2023-06-27,332
2023-06-27,334
2023-06-28,336
2023-06-28,336
2023-06-28,334
2023-06-28,338
2023-06-29,332
2023-06-29,332
2023-06-29,332
2023-06-29,332
2023-06-30,332
2023-06-30,332
2023-06-30,330
2023-06-30,334
2023-07-01,333
2023-07-01,333
2023-07-01,332
2023-07-01,334
2023-07-02,336
2023-07-02,336
2023-07-02,340
2023-07-02,332
2023-07-03,341
2023-07-03,341
2023-07-03,346
2023-07-03,336
2023-07-04,344
2023-07-04,344
2023-07-04,348
2023-07-04,340
2023-07-05,339
2023-07-05,339
2023-07-05,340
2023-07-05,338
2023-07-06,340
2023-07-06,340
2023-07-06,338
2023-07-06,342
2023-07-07,337
2023-07-07,337
2023-07-07,338
2023-07-07,336
2023-07-08,347
2023-07-08,347
2023-07-08,346
2023-07-08,348
2023-07-09,345
2023-07-09,345
2023-07-09,348
2023-07-09,342
2023-07-10,343
2023-07-10,343
2023-07-10,342
2023-07-10,344
2023-07-11,341
2023-07-11,341
2023-07-11,338
2023-07-11,344
2023-07-12,332
2023-07-12,332
2023-07-12,332
2023-07-12,332
2023-07-13,329
2023-07-13,329
2023-07-13,328
2023-07-13,330
2023-07-14,327
2023-07-14,327
2023-07-14,326
2023-07-14,328
2023-07-15,322.5
2023-07-15,323
2023-07-15,330
2023-07-15,315
2023-07-16,323
2023-07-16,323
2023-07-16,328
2023-07-16,318
2023-07-17,321.5
2023-07-17,322
2023-07-17,329
2023-07-17,314
2023-07-18,319
2023-07-18,319
2023-07-18,322
2023-07-18,316
2023-07-19,316.5
2023-07-19,317
2023-07-19,319
2023-07-19,314
2023-07-20,311.5
2023-07-20,312
2023-07-20,311
2023-07-20,312
2023-07-21,310
2023-07-21,310
2023-07-21,308
2023-07-21,312
2023-07-22,307
2023-07-22,307
2023-07-22,308
2023-07-22,306
2023-07-23,304
2023-07-23,304
2023-07-23,304
2023-07-23,304
2023-07-24,301
2023-07-24,301
2023-07-24,301
2023-07-24,301
2023-07-25,299
2023-07-25,299
2023-07-25,296
2023-07-25,302
2023-07-26,299.5
2023-07-26,300
2023-07-26,298
2023-07-26,301
2023-07-27,295
2023-07-27,295
2023-07-27,292
2023-07-27,298
2023-07-28,296
2023-07-28,296
2023-07-28,296
2023-07-28,296
2023-07-29,296
2023-07-29,296
2023-07-29,296
2023-07-29,296
2023-07-30,299.5
2023-07-30,300
2023-07-30,301
2023-07-30,298
2023-07-31,302
2023-07-31,302
2023-07-31,308
2023-07-31,296
2023-08-01,307.5
2023-08-01,308
2023-08-01,314
2023-08-01,301
2023-08-02,310.5
2023-08-02,311
2023-08-02,320
2023-08-02,301
2023-08-03,314
2023-08-03,314
2023-08-03,320
2023-08-03,308
2023-08-04,311
2023-08-04,311
2023-08-04,312
2023-08-04,310
2023-08-05,310
2023-08-05,310
2023-08-05,308
2023-08-05,312
2023-08-06,309
2023-08-06,309
2023-08-06,308
2023-08-06,310
2023-08-07,310
2023-08-07,310
2023-08-07,308
2023-08-07,312
2023-08-08,302
2023-08-08,302
2023-08-08,302
2023-08-08,302
2023-08-09,300
2023-08-09,300
2023-08-09,298
2023-08-09,302
2023-08-10,295
2023-08-10,295
2023-08-10,292
2023-08-10,298
2023-08-11,289
2023-08-11,289
2023-08-11,288
2023-08-11,290
2023-08-12,280
2023-08-12,280
2023-08-12,278
2023-08-12,282
2023-08-13,293
2023-08-13,293
2023-08-13,292
2023-08-13,294
2023-08-14,292
2023-08-14,292
2023-08-14,292
2023-08-14,292
2023-08-15,275
2023-08-15,275
2023-08-15,282
2023-08-15,268
2023-08-16,279
2023-08-16,279
2023-08-16,282
2023-08-16,276
2023-08-17,281
2023-08-17,281
2023-08-17,284
2023-08-17,278
2023-08-18,278
2023-08-18,278
2023-08-18,278
2023-08-18,278
2023-08-19,280
2023-08-19,280
2023-08-19,278
2023-08-19,282
2023-08-20,280
2023-08-20,280
2023-08-20,276
2023-08-20,284
2023-08-21,278
2023-08-21,278
2023-08-21,276
2023-08-21,280
2023-08-22,278
2023-08-22,278
2023-08-22,276
2023-08-22,280
2023-08-23,277
2023-08-23,277
2023-08-23,276
2023-08-23,278
2023-08-24,265
2023-08-24,265
2023-08-24,260
2023-08-24,270
2023-08-25,258
2023-08-25,258
2023-08-25,256
2023-08-25,260
2023-08-26,255.5
2023-08-26,256
2023-08-26,251
2023-08-26,260
2023-08-27,255.5
2023-08-27,256
2023-08-27,251
2023-08-27,260
2023-08-28,253
2023-08-28,253
2023-08-28,254
2023-08-28,252
2023-08-29,262
2023-08-29,262
2023-08-29,264
2023-08-29,260
2023-08-30,265
2023-08-30,265
2023-08-30,278
2023-08-30,252
2023-08-31,272
2023-08-31,272
2023-08-31,284
2023-08-31,260
2023-09-01,275
2023-09-01,275
2023-09-01,280
2023-09-01,270
2023-09-02,277
2023-09-02,277
2023-09-02,276
2023-09-02,278
2023-09-03,274
2023-09-03,274
2023-09-03,274
2023-09-03,274
2023-09-04,273
2023-09-04,273
2023-09-04,270
2023-09-04,276
2023-09-05,268
2023-09-05,268
2023-09-05,268
2023-09-05,268
2023-09-06,256
2023-09-06,255.5
2023-09-06,255
2023-09-06,256
2023-09-07,247
2023-09-07,247
2023-09-07,246
2023-09-07,248
2023-09-08,241
2023-09-08,241
2023-09-08,238
2023-09-08,244
2023-09-09,230
2023-09-09,230
2023-09-09,228
2023-09-09,232
2023-09-10,223
2023-09-10,223
2023-09-10,222
2023-09-10,224
2023-09-11,225
2023-09-11,224.5
2023-09-11,226
2023-09-11,223
2023-09-12,232
2023-09-12,232
2023-09-12,238
2023-09-12,226
2023-09-13,228
2023-09-13,228
2023-09-13,242
2023-09-13,214
2023-09-14,224
2023-09-14,224
2023-09-14,232
2023-09-14,216
2023-09-15,221
2023-09-15,221
2023-09-15,228
2023-09-15,214
2023-09-16,228
2023-09-16,228
2023-09-16,232
2023-09-16,224
2023-09-17,224
2023-09-17,224
2023-09-17,224
2023-09-17,224
2023-09-18,218
2023-09-18,218
2023-09-18,216
2023-09-18,220
2023-09-19,208
2023-09-19,208
2023-09-19,206
2023-09-19,210
2023-09-20,203
2023-09-20,202.5
2023-09-20,199
2023-09-20,206
2023-09-21,199
2023-09-21,199
2023-09-21,196
2023-09-21,202
2023-09-22,194
2023-09-22,193.5
2023-09-22,189
2023-09-22,198
2023-09-23,186
2023-09-23,186
2023-09-23,184
2023-09-23,188
2023-09-24,182
2023-09-24,181.5
2023-09-24,174
2023-09-24,189
2023-09-25,173
2023-09-25,173
2023-09-25,172
2023-09-25,174
2023-09-26,186
2023-09-26,186
2023-09-26,180
2023-09-26,192
2023-09-27,195
2023-09-27,195
2023-09-27,192
2023-09-27,198
2023-09-28,202
2023-09-28,201.5
2023-09-28,204
2023-09-28,199
2023-09-29,200
2023-09-29,200
2023-09-29,216
2023-09-29,184
2023-09-30,198
2023-09-30,198
2023-09-30,211
2023-09-30,185
2023-10-01,202
2023-10-01,202
2023-10-01,216
2023-10-01,188
2023-10-02,190
2023-10-02,190
2023-10-02,192
2023-10-02,188
2023-10-03,182
2023-10-03,182
2023-10-03,180
2023-10-03,184
2023-10-04,172
2023-10-04,172
2023-10-04,172
2023-10-04,172
2023-10-05,170
2023-10-05,170
2023-10-05,160
2023-10-05,180
2023-10-06,146.5
2023-10-06,147
2023-10-06,146
2023-10-06,147
2023-10-07,137.5
2023-10-07,138
2023-10-07,133
2023-10-07,142
2023-10-08,128.5
2023-10-08,129
2023-10-08,125
2023-10-08,132
2023-10-09,136
2023-10-09,136
2023-10-09,132
2023-10-09,140
2023-10-10,132.5
2023-10-10,133
2023-10-10,132
2023-10-10,133
2023-10-11,132
2023-10-11,132
2023-10-11,136
2023-10-11,128
2023-10-12,134
2023-10-12,134
2023-10-12,148
2023-10-12,120
2023-10-13,140
2023-10-13,140
2023-10-13,156
2023-10-13,124
2023-10-14,141
2023-10-14,141
2023-10-14,154
2023-10-14,128
2023-10-15,145
2023-10-15,145
2023-10-15,158
2023-10-15,132
2023-10-16,151
2023-10-16,151
2023-10-16,156
2023-10-16,146
2023-10-17,139
2023-10-17,139
2023-10-17,144
2023-10-17,134
2023-10-18,127
2023-10-18,127
2023-10-18,126
2023-10-18,128
2023-10-19,125
2023-10-19,125
2023-10-19,122
2023-10-19,128
2023-10-20,123.5
2023-10-20,124
2023-10-20,122
2023-10-20,125
2023-10-21,119.5
2023-10-21,120
2023-10-21,117
2023-10-21,122
2023-10-22,117
2023-10-22,117
2023-10-22,112
2023-10-22,122
2023-10-23,120.5
2023-10-23,121
2023-10-23,112
2023-10-23,129
2023-10-24,121
2023-10-24,121
2023-10-24,115
2023-10-24,127
2023-10-25,125
2023-10-25,125
2023-10-25,121
2023-10-25,129
2023-10-26,122.5
2023-10-26,123
2023-10-26,133
2023-10-26,112
2023-10-27,133
2023-10-27,133
2023-10-27,143
2023-10-27,123
2023-10-28,139
2023-10-28,139
2023-10-28,152
2023-10-28,126
2023-10-29,145
2023-10-29,145
2023-10-29,158
2023-10-29,132
2023-10-30,151.5
2023-10-30,152
2023-10-30,164
2023-10-30,139
2023-10-31,139
2023-10-31,139
2023-10-31,142
2023-10-31,136
2023-11-01,133
2023-11-01,132.5
2023-11-01,130
2023-11-01,135
2023-11-02,127
2023-11-02,127
2023-11-02,124
2023-11-02,130
2023-11-03,125
2023-11-03,125
2023-11-03,126
2023-11-03,124
2023-11-04,125
2023-11-04,125
2023-11-04,130
2023-11-04,120
2023-11-05,109
2023-11-05,109
2023-11-05,106
2023-11-05,112
2023-11-06,117
2023-11-06,117
2023-11-06,116
2023-11-06,118
2023-11-07,120
2023-11-07,119.5
2023-11-07,119
2023-11-07,120
2023-11-08,114
2023-11-08,114
2023-11-08,108
2023-11-08,120
2023-11-09,120
2023-11-09,119.5
2023-11-09,117
2023-11-09,122
2023-11-10,127
2023-11-10,126.5
2023-11-10,126
2023-11-10,127
2023-11-11,134
2023-11-11,133.5
2023-11-11,147
2023-11-11,120
2023-11-12,133
2023-11-12,133
2023-11-12,147
2023-11-12,119
2023-11-13,130
2023-11-13,129.5
2023-11-13,139
2023-11-13,120
2023-11-14,131
2023-11-14,131
2023-11-14,135
2023-11-14,127
2023-11-15,125
2023-11-15,125
2023-11-15,125
2023-11-15,125
2023-11-16,119
2023-11-16,118.5
2023-11-16,116
2023-11-16,121
2023-11-17,114
2023-11-17,113.5
2023-11-17,113
2023-11-17,114
2023-11-18,113
2023-11-18,112.5
2023-11-18,110
2023-11-18,115
2023-11-19,115
2023-11-19,115
2023-11-19,109
2023-11-19,121
2023-11-20,118
2023-11-20,117.5
2023-11-20,113
2023-11-20,122
2023-11-21,118
2023-11-21,118
2023-11-21,116
2023-11-21,120
2023-11-22,131
2023-11-22,131
2023-11-22,130
2023-11-22,132
2023-11-23,133
2023-11-23,132.5
2023-11-23,133
2023-11-23,132
2023-11-24,129
2023-11-24,129
2023-11-24,138
2023-11-24,120
2023-11-25,134
2023-11-25,134
2023-11-25,143
2023-11-25,125
2023-11-26,142
2023-11-26,141.5
2023-11-26,152
2023-11-26,131
2023-11-27,144
2023-11-27,144
2023-11-27,158
2023-11-27,130
2023-11-28,145
2023-11-28,145
2023-11-28,154
2023-11-28,136
2023-11-29,134
2023-11-29,134
2023-11-29,135
2023-11-29,133
2023-11-30,129
2023-11-30,129
2023-11-30,127
2023-11-30,131
2023-12-01,129
2023-12-01,129
2023-12-01,127
2023-12-01,131
2023-12-02,122.5
2023-12-02,123
2023-12-02,125
2023-12-02,120
2023-12-03,122.5
2023-12-03,123
2023-12-03,121
2023-12-03,124
2023-12-04,118
2023-12-04,118
2023-12-04,116
2023-12-04,120
2023-12-05,114.5
2023-12-05,115
2023-12-05,113
2023-12-05,116
2023-12-06,116.5
2023-12-06,117
2023-12-06,111
2023-12-06,122
2023-12-07,127
2023-12-07,127
2023-12-07,120
2023-12-07,134
2023-12-08,129
2023-12-08,129
2023-12-08,128
2023-12-08,130
2023-12-09,132
2023-12-09,132
2023-12-09,128
2023-12-09,136
2023-12-10,127
2023-12-10,127
2023-12-10,134
2023-12-10,120
2023-12-11,134.5
2023-12-11,135
2023-12-11,145
2023-12-11,124
2023-12-12,144.5
2023-12-12,145
2023-12-12,158
2023-12-12,131
2023-12-13,152.5
2023-12-13,153
2023-12-13,163
2023-12-13,142
2023-12-14,155.5
2023-12-14,156
2023-12-14,163
2023-12-14,148
2023-12-15,160
2023-12-15,160
2023-12-15,167
2023-12-15,153
2023-12-16,150
2023-12-16,150
2023-12-16,145
2023-12-16,155
2023-12-17,149
2023-12-17,149
2023-12-17,148
2023-12-17,150
2023-12-18,154
2023-12-18,154
2023-12-18,151
2023-12-18,157
2023-12-19,151
2023-12-19,151
2023-12-19,149
2023-12-19,153
2023-12-20,158
2023-12-20,158
2023-12-20,152
2023-12-20,164
2023-12-21,163
2023-12-21,163
2023-12-21,152
2023-12-21,174
2023-12-22,170
2023-12-22,170
2023-12-22,164
2023-12-22,176
2023-12-23,157.5
2023-12-23,158
2023-12-23,167
2023-12-23,148
2023-12-24,163.5
2023-12-24,164
2023-12-24,175
2023-12-24,152
2023-12-25,162
2023-12-25,162
2023-12-25,170
2023-12-25,154
2023-12-26,167
2023-12-26,167
2023-12-26,176
2023-12-26,158
2023-12-27,168.5
2023-12-27,169
2023-12-27,177
2023-12-27,160
2023-12-28,175
2023-12-28,175
2023-12-28,186
2023-12-28,164
2023-12-29,174
2023-12-29,174
2023-12-29,175
2023-12-29,173
2023-12-30,168
2023-12-30,168
2023-12-30,169
2023-12-30,167
2023-12-31,168
2023-12-31,168
2023-12-31,171
2023-12-31,165
2024-01-01,172
2024-01-01,169
2024-01-01,175
2024-01-02,179
2024-01-02,171
2024-01-02,187
2024-01-03,178.5
2024-01-03,175
2024-01-03,182
2024-01-04,177.5
2024-01-04,175
2024-01-04,180
2024-01-05,180.5
2024-01-05,175
2024-01-05,186
2024-01-06,186.5
2024-01-06,181
2024-01-06,192
2024-01-07,177
2024-01-07,182
2024-01-07,172
2024-01-08,174.5
2024-01-08,180
2024-01-08,169
2024-01-09,187
2024-01-09,196
2024-01-09,178
2024-01-10,200.5
2024-01-10,214
2024-01-10,187
2024-01-11,212
2024-01-11,226
2024-01-11,198
2024-01-12,224.5
2024-01-12,237
2024-01-12,212
2024-01-13,218.5
2024-01-13,217
2024-01-13,220
2024-01-14,220
2024-01-14,218
2024-01-14,222
2024-01-15,227
2024-01-15,220
2024-01-15,234
2024-01-16,227.5
2024-01-16,227
2024-01-16,228
2024-01-17,232
2024-01-17,232
2024-01-17,232
2024-01-18,234
2024-01-18,232
2024-01-18,236
2024-01-19,235.5
2024-01-19,234
2024-01-19,237
2024-01-20,230
2024-01-20,228
2024-01-20,232
2024-01-21,229
2024-01-21,230
2024-01-21,228
2024-01-22,221
2024-01-22,224
2024-01-22,218
2024-01-23,222
2024-01-23,232
2024-01-23,212
2024-01-24,231
2024-01-24,242
2024-01-24,220
2024-01-25,234
2024-01-25,246
2024-01-25,222
2024-01-26,229
2024-01-26,232
2024-01-26,226
2024-01-27,232
2024-01-27,230
2024-01-27,234
2024-01-28,231
2024-01-28,232
2024-01-28,230
2024-01-29,232.5
2024-01-29,234
2024-01-29,231
2024-01-30,229.5
2024-01-30,227
2024-01-30,232
2024-01-31,229.5
2024-01-31,230
2024-01-31,229
2024-02-01,231
2024-02-01,232
2024-02-01,230
2024-02-02,230
2024-02-02,232
2024-02-02,228
2024-02-03,220
2024-02-03,222
2024-02-03,218
2024-02-04,218
2024-02-04,222
2024-02-04,214
2024-02-05,225
2024-02-05,218
2024-02-05,232
2024-02-06,235.5
2024-02-06,230
2024-02-06,241
2024-02-07,245
2024-02-07,242
2024-02-07,248
2024-02-08,257
2024-02-08,268
2024-02-08,246
2024-02-09,269
2024-02-09,278
2024-02-09,260
2024-02-10,282
2024-02-10,292
2024-02-10,272
2024-02-11,293.5
2024-02-11,296
2024-02-11,291
2024-02-12,293.5
2024-02-12,291
2024-02-12,296
2024-02-13,298
2024-02-13,297
2024-02-13,299
2024-02-14,297
2024-02-14,298
2024-02-14,296
2024-02-15,294.5
2024-02-15,298
2024-02-15,291
2024-02-16,288
2024-02-16,290
2024-02-16,286
2024-02-17,277
2024-02-17,282
2024-02-17,272
2024-02-18,271.5
2024-02-18,270
2024-02-18,273
2024-02-19,270
2024-02-19,268
2024-02-19,272
2024-02-20,273
2024-02-20,278
2024-02-20,268
2024-02-21,276.5
2024-02-21,281
2024-02-21,272
2024-02-22,274
2024-02-22,284
2024-02-22,264
2024-02-23,272.5
2024-02-23,283
2024-02-23,262
2024-02-24,273.5
2024-02-24,281
2024-02-24,266
2024-02-25,274
2024-02-25,282
2024-02-25,266
2024-02-26,270
2024-02-26,276
2024-02-26,264
2024-02-27,288
2024-02-27,292
2024-02-27,284
2024-02-28,293.5
2024-02-28,296
2024-02-28,291
2024-02-29,283.5
2024-02-29,286
2024-02-29,281
2024-03-01,278.5
2024-03-01,281
2024-03-01,276
2024-03-02,276
2024-03-02,282
2024-03-02,270
2024-03-03,274
2024-03-03,280
2024-03-03,268
2024-03-04,265
2024-03-04,262
2024-03-04,268
2024-03-05,266.5
2024-03-05,265
2024-03-05,268
2024-03-06,268.5
2024-03-06,267
2024-03-06,270
2024-03-07,273
2024-03-07,274
2024-03-07,272
2024-03-08,295
2024-03-08,294
2024-03-08,296
2024-03-09,295
2024-03-09,294
2024-03-09,296
2024-03-10,300
2024-03-10,294
2024-03-10,306
2024-03-11,315
2024-03-11,318
2024-03-11,312
2024-03-12,317
2024-03-12,318
2024-03-12,316
2024-03-13,316
2024-03-13,322
2024-03-13,310
2024-03-14,325
2024-03-14,330
2024-03-14,320
2024-03-15,323
2024-03-15,328
2024-03-15,318
2024-03-16,326
2024-03-16,324
2024-03-16,328
2024-03-17,310.5
2024-03-17,315
2024-03-17,306
2024-03-18,297
2024-03-18,298
2024-03-18,296
2024-03-19,294
2024-03-19,296
2024-03-19,292
2024-03-20,291.5
2024-03-20,290
2024-03-20,293
2024-03-21,295.5
2024-03-21,301
2024-03-21,290
2024-03-22,301.5
2024-03-22,310
2024-03-22,293
2024-03-23,303
2024-03-23,312
2024-03-23,294
2024-03-24,312
2024-03-24,314
2024-03-24,310
2024-03-25,309
2024-03-25,312
2024-03-25,306
2024-03-26,318.5
2024-03-26,319
2024-03-26,318
2024-03-27,323
2024-03-27,323
2024-03-27,323
2024-03-28,319.5
2024-03-28,320
2024-03-28,319
2024-03-29,312.5
2024-03-29,315
2024-03-29,310
2024-03-30,311
2024-03-30,314
2024-03-30,308
2024-03-31,310.5
2024-03-31,313
2024-03-31,308
2024-04-01,307.5
2024-04-01,307
2024-04-01,308
2024-04-02,307
2024-04-02,306
2024-04-02,308
2024-04-03,309
2024-04-03,308
2024-04-03,310
2024-04-04,311.5
2024-04-04,311
2024-04-04,312
2024-04-05,322
2024-04-05,320
2024-04-05,324
2024-04-06,327
2024-04-06,332
2024-04-06,322
2024-04-07,333
2024-04-07,340
2024-04-07,326
2024-04-08,343.5
2024-04-08,351
2024-04-08,336
2024-04-09,356.5
2024-04-09,361
2024-04-09,352
2024-04-10,357
2024-04-10,362
2024-04-10,352
2024-04-11,349.5
2024-04-11,349
2024-04-11,350
2024-04-12,350.5
2024-04-12,352
2024-04-12,349
2024-04-13,353
2024-04-13,354
2024-04-13,352
2024-04-14,349
2024-04-14,350
2024-04-14,348
2024-04-15,340
2024-04-15,340
2024-04-15,340
2024-04-16,343
2024-04-16,341
2024-04-16,345
2024-04-17,341
2024-04-17,342
2024-04-17,340
2024-04-18,340
2024-04-18,343
2024-04-18,337
2024-04-19,335.5
2024-04-19,340
2024-04-19,331
2024-04-20,339.5
2024-04-20,342
2024-04-20,337
2024-04-21,344.5
2024-04-21,347
2024-04-21,342
2024-04-22,346
2024-04-22,350
2024-04-22,342
2024-04-23,352.5
2024-04-23,349
2024-04-23,356
2024-04-24,365.5
2024-04-24,368
2024-04-24,363
2024-04-25,369.5
2024-04-25,368
2024-04-25,371
2024-04-26,372.5
2024-04-26,371
2024-04-26,374
2024-04-27,366
2024-04-27,368
2024-04-27,364
2024-04-28,359
2024-04-28,360
2024-04-28,358
2024-04-29,356.5
2024-04-29,356
2024-04-29,357
2024-04-30,362.5
2024-04-30,362
2024-04-30,363
2024-05-01,360
2024-05-01,363
2024-05-01,357
2024-05-02,357
2024-05-02,357
2024-05-02,357
2024-05-03,367
2024-05-03,364
2024-05-03,370
2024-05-04,369.5
2024-05-04,370
2024-05-04,369
2024-05-05,369
2024-05-05,368
2024-05-05,370
2024-05-06,371.5
2024-05-06,374
2024-05-06,369
2024-05-07,379
2024-05-07,380
2024-05-07,378
2024-05-08,384.5
2024-05-08,389
2024-05-08,380
2024-05-09,381
2024-05-09,386
2024-05-09,376
2024-05-10,380
2024-05-10,380
2024-05-10,380
2024-05-11,373
2024-05-11,376
2024-05-11,370
2024-05-12,364
2024-05-12,376
2024-05-12,352
2024-05-13,356.5
2024-05-13,355
2024-05-13,358
2024-05-14,357
2024-05-14,358
2024-05-14,356
2024-05-15,355
2024-05-15,352
2024-05-15,358
2024-05-16,342
2024-05-16,344
2024-05-16,340
2024-05-17,339
2024-05-17,340
2024-05-17,338
2024-05-18,340.5
2024-05-18,341
2024-05-18,340
2024-05-19,336.5
2024-05-19,332
2024-05-19,341
2024-05-20,331
2024-05-20,334
2024-05-20,328
2024-05-21,341.5
2024-05-21,345
2024-05-21,338
2024-05-22,337
2024-05-22,338
2024-05-22,336
2024-05-23,347
2024-05-23,354
2024-05-23,340
2024-05-24,344
2024-05-24,348
2024-05-24,340
2024-05-25,340.5
2024-05-25,345
2024-05-25,336
2024-05-26,330.5
2024-05-26,330
2024-05-26,331
2024-05-27,331
2024-05-27,330
2024-05-27,332
2024-05-28,335.5
2024-05-28,336
2024-05-28,335
2024-05-29,336
2024-05-29,336
2024-05-29,336
2024-05-30,336
2024-05-30,336
2024-05-30,336
2024-05-31,332
2024-05-31,332
2024-05-31,332
2024-06-01,332
2024-06-01,330
2024-06-01,334
2024-06-02,333
2024-06-02,330
2024-06-02,336
2024-06-03,334.5
2024-06-03,331
2024-06-03,338
2024-06-04,332.5
2024-06-04,338
2024-06-04,327
2024-06-05,334
2024-06-05,340
2024-06-05,328
2024-06-06,333.5
2024-06-06,342
2024-06-06,325
2024-06-07,334.5
2024-06-07,342
2024-06-07,327
2024-06-08,334.5
2024-06-08,338
2024-06-08,331
2024-06-09,331
2024-06-09,332
2024-06-09,330
2024-06-10,323
2024-06-10,321
2024-06-10,325
2024-06-11,319
2024-06-11,320
2024-06-11,318
2024-06-12,314
2024-06-12,315
2024-06-12,313
2024-06-13,307.5
2024-06-13,307
2024-06-13,308
2024-06-14,306.5
2024-06-14,305
2024-06-14,308
2024-06-15,305.5
2024-06-15,305
2024-06-15,306
2024-06-16,305
2024-06-16,302
2024-06-16,308
2024-06-17,303
2024-06-17,303
2024-06-17,303
2024-06-18,299.5
2024-06-18,298
2024-06-18,301
2024-06-19,294
2024-06-19,296
2024-06-19,292
2024-06-20,307
2024-06-20,306
2024-06-20,308
2024-06-21,305
2024-06-21,314
2024-06-21,296
2024-06-22,304.5
2024-06-22,308
2024-06-22,301
2024-06-23,301.5
2024-06-23,302
2024-06-23,301
2024-06-24,300
2024-06-24,296
2024-06-24,304
2024-06-25,301
2024-06-25,298
2024-06-25,304
2024-06-26,303.5
2024-06-26,303
2024-06-26,304
2024-06-27,305.5
2024-06-27,303
2024-06-27,308
2024-06-28,303
2024-06-28,302
2024-06-28,304
2024-06-29,303.5
2024-06-29,301
2024-06-29,306
2024-06-30,299
2024-06-30,294
2024-06-30,304
2024-07-01,299.5
2024-07-01,297
2024-07-01,302
2024-07-02,298.5
2024-07-02,296
2024-07-02,301
2024-07-03,303
2024-07-03,302
2024-07-03,304
2024-07-04,296.5
2024-07-04,304
2024-07-04,289
2024-07-05,293.5
2024-07-05,302
2024-07-05,285
2024-07-06,293
2024-07-06,298
2024-07-06,288
2024-07-07,291.5
2024-07-07,297
2024-07-07,286
2024-07-08,288
2024-07-08,286
2024-07-08,290
2024-07-09,280.5
2024-07-09,281
2024-07-09,280
2024-07-10,280.5
2024-07-10,278
2024-07-10,283
2024-07-11,284
2024-07-11,282
2024-07-11,286
2024-07-12,282.5
2024-07-12,283
2024-07-12,282
2024-07-13,276.5
2024-07-13,276
2024-07-13,277
2024-07-14,267.5
2024-07-14,266
2024-07-14,269
2024-07-15,266
2024-07-15,262
2024-07-15,270
2024-07-16,262
2024-07-16,260
2024-07-16,264
2024-07-17,261.5
2024-07-17,260
2024-07-17,263
2024-07-18,262
2024-07-18,261
2024-07-18,263
2024-07-19,264.5
2024-07-19,265
2024-07-19,264
2024-07-20,271.5
2024-07-20,273
2024-07-20,270
2024-07-21,269.5
2024-07-21,278
2024-07-21,261
2024-07-22,273
2024-07-22,278
2024-07-22,268
2024-07-23,279
2024-07-23,280
2024-07-23,278
2024-07-24,280
2024-07-24,280
2024-07-24,280
2024-07-25,280.5
2024-07-25,277
2024-07-25,284
2024-07-26,282.5
2024-07-26,281
2024-07-26,284
2024-07-27,279.5
2024-07-27,278
2024-07-27,281
2024-07-28,273.5
2024-07-28,274
2024-07-28,273
2024-07-29,272.5
2024-07-29,270
2024-07-29,275
2024-07-30,268.5
2024-07-30,265
2024-07-30,272
2024-07-31,263
2024-07-31,260
2024-07-31,266
2024-08-01,259
2024-08-01,262
2024-08-01,256
2024-08-02,259
2024-08-02,265
2024-08-02,253
2024-08-03,261
2024-08-03,268
2024-08-03,254
2024-08-04,261
2024-08-04,270
2024-08-04,252
2024-08-05,263
2024-08-05,270
2024-08-05,256
2024-08-06,260
2024-08-06,270
2024-08-06,250
2024-08-07,258
2024-08-07,258
2024-08-07,258
2024-08-08,253
2024-08-08,250
2024-08-08,256
2024-08-09,252.5
2024-08-09,250
2024-08-09,255
2024-08-10,249.5
2024-08-10,248
2024-08-10,251
2024-08-11,245.5
2024-08-11,245
2024-08-11,246
2024-08-12,240.5
2024-08-12,240
2024-08-12,241
2024-08-13,234.5
2024-08-13,232
2024-08-13,237
2024-08-14,230
2024-08-14,227
2024-08-14,233
2024-08-15,229.5
2024-08-15,225
2024-08-15,234
2024-08-16,232.5
2024-08-16,230
2024-08-16,235
2024-08-17,232.5
2024-08-17,234
2024-08-17,231
2024-08-18,243
2024-08-18,242
2024-08-18,244
2024-08-19,240.5
2024-08-19,253
2024-08-19,228
2024-08-20,245.5
2024-08-20,256
2024-08-20,235
2024-08-21,249.5
2024-08-21,257
2024-08-21,242
2024-08-22,252
2024-08-22,253
2024-08-22,251
2024-08-23,253
2024-08-23,249
2024-08-23,257
2024-08-24,249.5
2024-08-24,248
2024-08-24,251
2024-08-25,243.5
2024-08-25,243
2024-08-25,244
2024-08-26,228.5
2024-08-26,228
2024-08-26,229
2024-08-27,217
2024-08-27,213
2024-08-27,221
2024-08-28,211
2024-08-28,206
2024-08-28,216
2024-08-29,212
2024-08-29,206
2024-08-29,218
2024-08-30,205
2024-08-30,208
2024-08-30,202
2024-08-31,198
2024-08-31,203
2024-08-31,193
2024-09-01,203
2024-09-01,216
2024-09-01,190
2024-09-02,204
2024-09-02,216
2024-09-02,192
2024-09-03,203
2024-09-03,218
2024-09-03,188
2024-09-04,192
2024-09-04,192
2024-09-04,192
2024-09-05,194
2024-09-05,192
2024-09-05,196
2024-09-06,195
2024-09-06,192
2024-09-06,198
2024-09-07,199
2024-09-07,198
2024-09-07,200
2024-09-08,197
2024-09-08,196
2024-09-08,198
2024-09-09,185
2024-09-09,178
2024-09-09,192
2024-09-10,191
2024-09-10,192
2024-09-10,190
2024-09-11,169
2024-09-11,172
2024-09-11,166
2024-09-12,164
2024-09-12,166
2024-09-12,162
2024-09-13,164
2024-09-13,160
2024-09-13,168
2024-09-14,165
2024-09-14,162
2024-09-14,168
2024-09-15,154
2024-09-15,150
2024-09-15,158
2024-09-16,168
2024-09-16,170
2024-09-16,166
2024-09-17,176
2024-09-17,188
2024-09-17,164
2024-09-18,177
2024-09-18,192
2024-09-18,162
2024-09-19,186.5
2024-09-19,202
2024-09-19,171
2024-09-20,182
2024-09-20,187
2024-09-20,177
2024-09-21,172.5
2024-09-21,171
2024-09-21,174
2024-09-22,171
2024-09-22,176
2024-09-22,166
2024-09-23,152
2024-09-23,152
2024-09-23,152
2024-09-24,144
2024-09-24,144
2024-09-24,144
2024-09-25,132
2024-09-25,128
2024-09-25,136
2024-09-26,125.5
2024-09-26,118
2024-09-26,133
2024-09-27,124
2024-09-27,119
2024-09-27,129
2024-09-28,126.5
2024-09-28,123
2024-09-28,130
2024-09-29,121
2024-09-29,126
2024-09-29,116
2024-09-30,122
2024-09-30,133
2024-09-30,111
2024-10-01,124.5
2024-10-01,138
2024-10-01,111
2024-10-02,123.5
2024-10-02,140
2024-10-02,107
2024-10-03,125
2024-10-03,137
2024-10-03,113
2024-10-04,126.5
2024-10-04,137
2024-10-04,116
2024-10-05,124.5
2024-10-05,132
2024-10-05,117
2024-10-06,113
2024-10-06,113
2024-10-06,113
2024-10-07,106
2024-10-07,106
2024-10-07,106
2024-10-08,102
2024-10-08,101
2024-10-08,103
2024-10-09,102
2024-10-09,101
2024-10-09,103
2024-10-10,101
2024-10-10,101
2024-10-10,101
2024-10-11,90.5
2024-10-11,85
2024-10-11,96
2024-10-12,101
2024-10-12,96
2024-10-12,106
2024-10-13,104.5
2024-10-13,101
2024-10-13,108
2024-10-14,121
2024-10-14,117
2024-10-14,125
2024-10-15,131
2024-10-15,128
2024-10-15,134
2024-10-16,133
2024-10-16,136
2024-10-16,130
2024-10-17,135
2024-10-17,145
2024-10-17,125
2024-10-18,137
2024-10-18,152
2024-10-18,122
2024-10-19,142.5
2024-10-19,151
2024-10-19,134
2024-10-20,139
2024-10-20,148
2024-10-20,130
2024-10-21,130
2024-10-21,126
2024-10-21,134
2024-10-22,129.5
2024-10-22,129
2024-10-22,130
2024-10-23,117.5
2024-10-23,119
2024-10-23,116
2024-10-24,108
2024-10-24,106
2024-10-24,110
2024-10-25,105
2024-10-25,98
2024-10-25,112
2024-10-26,107
2024-10-26,102
2024-10-26,112
2024-10-27,108.5
2024-10-27,102
2024-10-27,115
2024-10-28,111.5
2024-10-28,113
2024-10-28,110
2024-10-29,112
2024-10-29,114
2024-10-29,110
2024-10-30,103.5
2024-10-30,113
2024-10-30,94
2024-10-31,111
2024-10-31,119
2024-10-31,103
2024-11-01,109
2024-11-01,121
2024-11-01,97
2024-11-02,110.5
2024-11-02,123
2024-11-02,98
2024-11-03,109
2024-11-03,121
2024-11-03,97
2024-11-04,110
2024-11-04,110
2024-11-04,110
2024-11-05,105
2024-11-05,105
2024-11-05,105
2024-11-06,94
2024-11-06,92
2024-11-06,96
2024-11-07,92.5
2024-11-07,90
2024-11-07,95
2024-11-08,94.5
2024-11-08,91
2024-11-08,98
2024-11-09,94.5
2024-11-09,92
2024-11-09,97
2024-11-10,96
2024-11-10,91
2024-11-10,101
2024-11-11,104.5
2024-11-11,97
2024-11-11,112
2024-11-12,112
2024-11-12,107
2024-11-12,117
2024-11-13,123
2024-11-13,118
2024-11-13,128
2024-11-14,134.5
2024-11-14,130
2024-11-14,139
2024-11-15,141
2024-11-15,142
2024-11-15,140
2024-11-16,137.5
2024-11-16,149
2024-11-16,126
2024-11-17,148.5
2024-11-17,157
2024-11-17,140
2024-11-18,139
2024-11-18,144
2024-11-18,134
2024-11-19,130.5
2024-11-19,127
2024-11-19,134
2024-11-20,129
2024-11-20,127
2024-11-20,131
2024-11-21,127
2024-11-21,127
2024-11-21,127
2024-11-22,122.5
2024-11-22,120
2024-11-22,125
2024-11-23,121
2024-11-23,118
2024-11-23,124
2024-11-24,118
2024-11-24,110
2024-11-24,126
2024-11-25,118.5
2024-11-25,112
2024-11-25,125
2024-11-26,125.5
2024-11-26,119
2024-11-26,132
2024-11-27,132
2024-11-27,129
2024-11-27,135
2024-11-28,131.5
2024-11-28,134
2024-11-28,129
2024-11-29,132.5
2024-11-29,142
2024-11-29,123
2024-11-30,135
2024-11-30,145
2024-11-30,125
2024-12-01,136.5
2024-12-01,149
2024-12-01,124
2024-12-02,134.5
2024-12-02,139
2024-12-02,130
2024-12-03,142
2024-12-03,147
2024-12-03,137
2024-12-04,136
2024-12-04,133
2024-12-04,139
2024-12-05,145.5
2024-12-05,143
2024-12-05,148
2024-12-06,136.5
2024-12-06,139
2024-12-06,134
2024-12-07,135.5
2024-12-07,137
2024-12-07,134
2024-12-08,132.5
2024-12-08,128
2024-12-08,137
2024-12-09,132.5
2024-12-09,129
2024-12-09,136
2024-12-10,139.5
2024-12-10,132
2024-12-10,147
2024-12-11,154.5
2024-12-11,147
2024-12-11,162
2024-12-12,161
2024-12-12,158
2024-12-12,164
2024-12-13,150.5
2024-12-13,158
2024-12-13,143
2024-12-14,155.5
2024-12-14,167
2024-12-14,144
2024-12-15,160
2024-12-15,174
2024-12-15,146
2024-12-16,164
2024-12-16,170
2024-12-16,158
2024-12-17,147
2024-12-17,176
2024-12-17,118
2024-12-18,172
2024-12-18,174
2024-12-18,170
2024-12-19,172.5
2024-12-19,167
2024-12-19,178
2024-12-20,158
2024-12-20,158
2024-12-20,158
2024-12-21,161
2024-12-21,162
2024-12-21,160
2024-12-22,158.5
2024-12-22,155
2024-12-22,162
2024-12-23,156.5
2024-12-23,153
2024-12-23,160
2024-12-24,158
2024-12-24,153
2024-12-24,163
2024-12-25,162.5
2024-12-25,160
2024-12-25,165
2024-12-26,161.5
2024-12-26,158
2024-12-26,165
2024-12-27,166.5
2024-12-27,169
2024-12-27,164
2024-12-28,163
2024-12-28,176
2024-12-28,150
2024-12-29,167.5
2024-12-29,181
2024-12-29,154
2024-12-30,179
2024-12-30,194
2024-12-30,164
2024-12-31,186
2024-12-31,202
2024-12-31,170
2025-01-01,191.5
2025-01-01,193
2025-01-01,190
2025-01-02,193
2025-01-02,195
2025-01-02,191
2025-01-03,205.5
2025-01-03,205
2025-01-03,206
2025-01-04,212.5
2025-01-04,211
2025-01-04,214
2025-01-05,217.5
2025-01-05,218
2025-01-05,217
2025-01-06,217
2025-01-06,219
2025-01-06,215
2025-01-07,225
2025-01-07,224
2025-01-07,226
2025-01-08,224
2025-01-08,217
2025-01-08,231
2025-01-09,229
2025-01-09,225
2025-01-09,233
2025-01-10,221
2025-01-10,221
2025-01-10,221
2025-01-11,228.5
2025-01-11,233
2025-01-11,224
2025-01-12,236
2025-01-12,232
2025-01-12,240
2025-01-13,242
2025-01-13,246
2025-01-13,238
2025-01-14,272
2025-01-14,276
2025-01-14,268
2025-01-15,259
2025-01-15,262
2025-01-15,256
2025-01-16,263
2025-01-16,260
2025-01-16,266
2025-01-17,251
2025-01-17,252
2025-01-17,250
2025-01-18,257
2025-01-18,254
2025-01-18,260
2025-01-19,237
2025-01-19,240
2025-01-19,234
2025-01-20,242
2025-01-20,243
2025-01-20,241
2025-01-21,245.5
2025-01-21,246
2025-01-21,245
2025-01-22,247.5
2025-01-22,247
2025-01-22,248
2025-01-23,243
2025-01-23,244
2025-01-23,242
2025-01-24,243
2025-01-24,241
2025-01-24,245
2025-01-25,241
2025-01-25,240
2025-01-25,242
2025-01-26,241
2025-01-26,248
2025-01-26,234
2025-01-27,252
2025-01-27,257
2025-01-27,247
2025-01-28,262.5
2025-01-28,264
2025-01-28,261
2025-01-29,282
2025-01-29,289
2025-01-29,275
2025-01-30,293
2025-01-30,298
2025-01-30,288
2025-01-31,300
2025-01-31,299
2025-01-31,301
2025-02-01,301.5
2025-02-01,299
2025-02-01,304
2025-02-02,311
2025-02-02,318
2025-02-02,304
2025-02-03,304
2025-02-03,304
2025-02-03,304
2025-02-04,303
2025-02-04,304
2025-02-04,302
2025-02-05,298.5
2025-02-05,298
2025-02-05,299
2025-02-06,298.5
2025-02-06,299
2025-02-06,298
2025-02-07,297.5
2025-02-07,296
2025-02-07,299
2025-02-08,294.5
2025-02-08,296
2025-02-08,293
2025-02-09,296
2025-02-09,298
2025-02-09,294
2025-02-10,207
2025-02-10,213
2025-02-10,201
2025-02-11,257
2025-02-11,216
2025-02-11,298
2025-02-12,315.5
2025-02-12,321
2025-02-12,310
2025-02-13,320.5
2025-02-13,323
2025-02-13,318
2025-02-14,329.5
2025-02-14,329
2025-02-14,330
2025-02-15,336.5
2025-02-15,337
2025-02-15,336
2025-02-16,331
2025-02-16,332
2025-02-16,330
2025-02-17,329.5
2025-02-17,328
2025-02-17,331
2025-02-18,330
2025-02-18,330
2025-02-18,330
2025-02-19,331.5
2025-02-19,331
2025-02-19,332
2025-02-20,330.5
2025-02-20,330
2025-02-20,331
2025-02-21,327
2025-02-21,327
2025-02-21,327
2025-02-22,321
2025-02-22,324
2025-02-22,318
2025-02-23,318
2025-02-23,316
2025-02-23,320
2025-02-24,324.5
2025-02-24,326
2025-02-24,323
2025-02-25,339
2025-02-25,340
2025-02-25,338
2025-02-26,347
2025-02-26,352
2025-02-26,342
2025-02-27,354
2025-02-27,358
2025-02-27,350
2025-02-28,365
2025-02-28,368
2025-02-28,362
2025-03-01,368
2025-03-01,372
2025-03-01,364
2025-03-02,369
2025-03-02,370
2025-03-02,368
2025-03-03,368
2025-03-03,372
2025-03-03,364
2025-03-04,374
2025-03-04,374
2025-03-04,374
2025-03-05,378
2025-03-05,378
2025-03-05,378
2025-03-06,380
2025-03-06,380
2025-03-06,380
2025-03-07,378
2025-03-07,378
2025-03-07,378
2025-03-08,374
2025-03-08,374
2025-03-08,374
2025-03-09,370
2025-03-09,372
2025-03-09,368
2025-03-10,371
2025-03-10,374
2025-03-10,368
2025-03-11,373
2025-03-11,377
2025-03-11,369
2025-03-12,379
2025-03-12,382
2025-03-12,376
2025-03-13,385.5
2025-03-13,389
2025-03-13,382
2025-03-14,390
2025-03-14,391
2025-03-14,389
2025-03-15,393.5
2025-03-15,395
2025-03-15,392
2025-03-16,398
2025-03-16,398
2025-03-16,398
2025-03-17,396.5
2025-03-17,394
2025-03-17,399
2025-03-18,397.5
2025-03-18,396
2025-03-18,399
2025-03-19,396
2025-03-19,396
2025-03-19,396
2025-03-20,396.5
2025-03-20,396
2025-03-20,397
2025-03-21,398
2025-03-21,398
2025-03-21,398
2025-03-22,393.5
2025-03-22,395
2025-03-22,392
2025-03-23,387.5
2025-03-23,388
2025-03-23,387
2025-03-24,386.5
2025-03-24,385
2025-03-24,388
2025-03-25,391.5
2025-03-25,390
2025-03-25,393
2025-03-26,397.5
2025-03-26,397
2025-03-26,398
2025-03-27,404
2025-03-27,406
2025-03-27,402
2025-03-28,409
2025-03-28,412
2025-03-28,406
2025-03-29,408
2025-03-29,404
2025-03-29,412
2025-03-30,416
2025-03-30,408
2025-03-30,424
2025-03-31,417
2025-03-31,412
2025-03-31,422
2025-04-01,418
2025-04-01,424
2025-04-01,412
2025-04-02,428
2025-04-02,426
2025-04-02,430
2025-04-03,416
2025-04-03,408
2025-04-03,424
2025-04-04,417
2025-04-04,412
2025-04-04,422
2025-04-05,414
2025-04-05,416
2025-04-05,412
2025-04-06,405.5
2025-04-06,407
2025-04-06,404
2025-04-07,399.5
2025-04-07,401
2025-04-07,398
2025-04-08,400.5
2025-04-08,402
2025-04-08,399
2025-04-09,399
2025-04-09,402
2025-04-09,396
2025-04-10,414
2025-04-10,408
2025-04-10,420
2025-04-11,421
2025-04-11,424
2025-04-11,418
2025-04-12,418.5
2025-04-12,422
2025-04-12,415
2025-04-13,423
2025-04-13,426
2025-04-13,420
2025-04-14,420.5
2025-04-14,420
2025-04-14,421
2025-04-15,422
2025-04-15,424
2025-04-15,420
2025-04-16,422
2025-04-16,423
2025-04-16,421
2025-04-17,419
2025-04-17,420
2025-04-17,418
2025-04-18,413.5
2025-04-18,416
2025-04-18,411
2025-04-19,411
2025-04-19,412
2025-04-19,410
2025-04-20,406
2025-04-20,408
2025-04-20,404
2025-04-21,405.5
2025-04-21,406
2025-04-21,405
2025-04-22,407.5
2025-04-22,407
2025-04-22,408
2025-04-23,405
2025-04-23,406
2025-04-23,404
2025-04-24,412.5
2025-04-24,418
2025-04-24,407
2025-04-25,417.5
2025-04-25,420
2025-04-25,415
2025-04-26,420
2025-04-26,424
2025-04-26,416
2025-04-27,423
2025-04-27,428
2025-04-27,418
2025-04-28,426
2025-04-28,430
2025-04-28,422
2025-04-29,425.5
2025-04-29,431
2025-04-29,420
2025-04-30,430
2025-04-30,430
2025-04-30,430
2025-05-01,430
2025-05-01,431
2025-05-01,429
2025-05-02,428.5
2025-05-02,429
2025-05-02,428
2025-05-03,419
2025-05-03,414
2025-05-03,424
2025-05-04,414
2025-05-04,412
2025-05-04,416
2025-05-05,414
2025-05-05,416
2025-05-05,412
2025-05-06,408
2025-05-06,408
2025-05-06,408
2025-05-07,409.5
2025-05-07,409
2025-05-07,410
2025-05-08,406.5
2025-05-08,407
2025-05-08,406
2025-05-09,399
2025-05-09,404
2025-05-09,394
2025-05-10,401.5
2025-05-10,407
2025-05-10,396
2025-05-11,396
2025-05-11,402
2025-05-11,390
2025-05-12,398.5
2025-05-12,402
2025-05-12,395
2025-05-13,397
2025-05-13,398
2025-05-13,396
2025-05-14,399
2025-05-14,399
2025-05-14,399
2025-05-15,400.5
2025-05-15,402
2025-05-15,399
2025-05-16,399
2025-05-16,399
2025-05-16,399
2025-05-17,396
2025-05-17,398
2025-05-17,394
2025-05-18,389.5
2025-05-18,392
2025-05-18,387
2025-05-19,386.5
2025-05-19,386
2025-05-19,387
2025-05-20,388.5
2025-05-20,389
2025-05-20,388
2025-05-21,388.5
2025-05-21,389
2025-05-21,388
2025-05-22,388.5
2025-05-22,390
2025-05-22,387
2025-05-23,387.5
2025-05-23,389
2025-05-23,386
2025-05-24,391
2025-05-24,392
2025-05-24,390
2025-05-25,393
2025-05-25,394
2025-05-25,392
2025-05-26,392.5
2025-05-26,397
2025-05-26,388
2025-05-27,399
2025-05-27,402
2025-05-27,396
2025-05-28,393.5
2025-05-28,397
2025-05-28,390
2025-05-29,391.5
2025-05-29,393
2025-05-29,390
2025-05-30,389.5
2025-05-30,391
2025-05-30,388
2025-05-31,385
2025-05-31,388
2025-05-31,382
2025-06-01,381.5
2025-06-01,383
2025-06-01,380
2025-06-02,380
2025-06-02,382
2025-06-02,378
2025-06-03,376.5
2025-06-03,376
2025-06-03,377
2025-06-04,374.5
2025-06-04,375
2025-06-04,374
2025-06-05,371.5
2025-06-05,372
2025-06-05,371
2025-06-06,370.5
2025-06-06,370
2025-06-06,371
2025-06-07,370
2025-06-07,372
2025-06-07,368
2025-06-08,362
2025-06-08,364
2025-06-08,360
2025-06-09,366
2025-06-09,370
2025-06-09,362
2025-06-10,368.5
2025-06-10,373
2025-06-10,364
2025-06-11,368
2025-06-11,372
2025-06-11,364
2025-06-12,368.5
2025-06-12,372
2025-06-12,365
2025-06-13,368
2025-06-13,370
2025-06-13,366
2025-06-14,367
2025-06-14,366
2025-06-14,368
2025-06-15,366.5
2025-06-15,367
2025-06-15,366
2025-06-16,365.5
2025-06-16,364
2025-06-16,367
2025-06-17,365.5
2025-06-17,365
2025-06-17,366
2025-06-18,361.5
2025-06-18,363
2025-06-18,360
2025-06-19,360.5
2025-06-19,359
2025-06-19,362
2025-06-20,364.5
2025-06-20,359
2025-06-20,370
2025-06-21,365
2025-06-21,361
2025-06-21,369
2025-06-22,365
2025-06-22,365
2025-06-22,365
2025-06-23,362.5
2025-06-23,366
2025-06-23,359
2025-06-24,362.5
2025-06-24,365
2025-06-24,360
2025-06-25,363.5
2025-06-25,368
2025-06-25,359
2025-06-26,366.5
2025-06-26,367
2025-06-26,366
2025-06-27,364.5
2025-06-27,364
2025-06-27,365
2025-06-28,367.5
2025-06-28,367
2025-06-28,368
2025-06-29,364.5
2025-06-29,363
2025-06-29,366
2025-06-30,360
2025-06-30,360
2025-06-30,360
2025-07-01,356.5
2025-07-01,356
2025-07-01,357
2025-07-02,354.5
2025-07-02,353
2025-07-02,356
2025-07-03,354
2025-07-03,359
2025-07-03,349
2025-07-04,348.5
2025-07-04,346
2025-07-04,351
2025-07-05,344
2025-07-05,342
2025-07-05,346
2025-07-06,340
2025-07-06,339
2025-07-06,341
2025-07-07,336
2025-07-07,339
2025-07-07,333
2025-07-08,337
2025-07-08,341
2025-07-08,333
2025-07-09,336
2025-07-09,341
2025-07-09,331
2025-07-10,340.5
2025-07-10,347
2025-07-10,334
2025-07-11,340
2025-07-11,340
2025-07-11,340
2025-07-12,343
2025-07-12,342
2025-07-12,344
2025-07-13,346.5
2025-07-13,347
2025-07-13,346
2025-07-14,347.5
2025-07-14,347
2025-07-14,348
2025-07-15,348.5
2025-07-15,347
2025-07-15,350
2025-07-16,348
2025-07-16,347
2025-07-16,349
2025-07-17,347
2025-07-17,345
2025-07-17,349
2025-07-18,345.5
2025-07-18,343
2025-07-18,348
2025-07-19,345
2025-07-19,342
2025-07-19,348
2025-07-20,345
2025-07-20,341
2025-07-20,349
2025-07-21,345
2025-07-21,342
2025-07-21,348
2025-07-22,343.5
2025-07-22,346
2025-07-22,341
2025-07-23,346
2025-07-23,351
2025-07-23,341
2025-07-24,344.5
2025-07-24,351
2025-07-24,338
2025-07-25,344.5
2025-07-25,349
2025-07-25,340
2025-07-26,348
2025-07-26,349
2025-07-26,347
2025-07-27,347
2025-07-27,347
2025-07-27,347
2025-07-28,347
2025-07-28,347
2025-07-28,347
2025-07-29,341.5
2025-07-29,342
2025-07-29,341
2025-07-30,336
2025-07-30,336
2025-07-30,336
2025-07-31,333
2025-07-31,333
2025-07-31,333
2025-08-01,329.5
2025-08-01,329
2025-08-01,330
2025-08-02,326.5
2025-08-02,326
2025-08-02,327
2025-08-03,318.5
2025-08-03,317
2025-08-03,320
2025-08-04,310.5
2025-08-04,310
2025-08-04,311
2025-08-05,309.5
2025-08-05,308
2025-08-05,311
2025-08-06,309
2025-08-06,311
2025-08-06,307
2025-08-07,313.5
2025-08-07,316
2025-08-07,311
2025-08-08,320
2025-08-08,326
2025-08-08,314
2025-08-09,326.5
2025-08-09,332
2025-08-09,321
2025-08-10,324
2025-08-10,325
2025-08-10,323
2025-08-11,326
2025-08-11,327
2025-08-11,325
2025-08-12,325
2025-08-12,324
2025-08-12,326
2025-08-13,330.5
2025-08-13,328
2025-08-13,333
2025-08-14,330
2025-08-14,327
2025-08-14,333
2025-08-15,331
2025-08-15,329
2025-08-15,333
2025-08-16,329
2025-08-16,326
2025-08-16,332
2025-08-17,324
2025-08-17,323
2025-08-17,325
2025-08-18,320
2025-08-18,315
2025-08-18,325
2025-08-19,317.5
2025-08-19,316
2025-08-19,319
2025-08-20,312
2025-08-20,314
2025-08-20,310
2025-08-21,313.5
2025-08-21,320
2025-08-21,307
2025-08-22,316.5
2025-08-22,324
2025-08-22,309
2025-08-23,322
2025-08-23,330
2025-08-23,314
2025-08-24,319
2025-08-24,323
2025-08-24,315
2025-08-25,318
2025-08-25,316
2025-08-25,320
2025-08-26,319
2025-08-26,317
2025-08-26,321
2025-08-27,319
2025-08-27,317
2025-08-27,321
2025-08-28,312
2025-08-28,312
2025-08-28,312
2025-08-29,303
2025-08-29,302
2025-08-29,304
2025-08-30,301
2025-08-30,299
2025-08-30,303
2025-08-31,297.5
2025-08-31,296
2025-08-31,299
2025-09-01,292.5
2025-09-01,291
2025-09-01,294
2025-09-02,287.5
2025-09-02,286
2025-09-02,289
2025-09-03,284.5
2025-09-03,283
2025-09-03,286
2025-09-04,286
2025-09-04,287
2025-09-04,285
2025-09-05,288.5
2025-09-05,294
2025-09-05,283
2025-09-06,289
2025-09-06,297
2025-09-06,281
2025-09-07,300
2025-09-07,306
2025-09-07,294
2025-09-08,303
2025-09-08,312
2025-09-08,294
2025-09-09,301
2025-09-09,304
2025-09-09,298
2025-09-10,298.5
2025-09-10,296
2025-09-10,301
2025-09-11,301
2025-09-11,299
2025-09-11,303
2025-09-12,300
2025-09-12,297
2025-09-12,303
2025-09-13,297.5
2025-09-13,297
2025-09-13,298
2025-09-14,289
2025-09-14,288
2025-09-14,290
2025-09-15,284
2025-09-15,280
2025-09-15,288
2025-09-16,277
2025-09-16,273
2025-09-16,281
2025-09-17,277
2025-09-17,272
2025-09-17,282
2025-09-18,282
2025-09-18,279
2025-09-18,285
2025-09-19,282
2025-09-19,287
2025-09-19,277
2025-09-20,275
2025-09-20,284
2025-09-20,266
2025-09-21,283.5
2025-09-21,291
2025-09-21,276
2025-09-22,275.5
2025-09-22,284
2025-09-22,267
2025-09-23,278.5
2025-09-23,283
2025-09-23,274
2025-09-24,273.5
2025-09-24,276
2025-09-24,271
2025-09-25,265
2025-09-25,264
2025-09-25,266
2025-09-26,255.5
2025-09-26,254
2025-09-26,257
2025-09-27,249
2025-09-27,246
2025-09-27,252
2025-09-28,243.5
2025-09-28,242
2025-09-28,245
2025-09-29,238
2025-09-29,237
2025-09-29,239
2025-09-30,225.5
2025-09-30,225
2025-09-30,226
2025-10-01,220.5
2025-10-01,218
2025-10-01,223
2025-10-02,220.5
2025-10-02,216
2025-10-02,225
2025-10-03,227
2025-10-03,222
2025-10-03,232
2025-10-04,237
2025-10-04,232
2025-10-04,242
2025-10-05,243.5
2025-10-05,251
2025-10-05,236
2025-10-06,254
2025-10-06,263
2025-10-06,245
2025-10-07,254
2025-10-07,270
2025-10-07,238
2025-10-08,261
2025-10-08,275
2025-10-08,247
2025-10-09,256.5
2025-10-09,261
2025-10-09,252
2025-10-10,249
2025-10-10,248
2025-10-10,250
2025-10-11,244.5
2025-10-11,241
2025-10-11,248
2025-10-12,237
2025-10-12,235
2025-10-12,239
2025-10-13,227
2025-10-13,227
2025-10-13,227
2025-10-14,217.5
2025-10-14,215
2025-10-14,220
2025-10-15,216.5
2025-10-15,213
2025-10-15,220
2025-10-16,215.5
2025-10-16,210
2025-10-16,221
2025-10-17,218.5
2025-10-17,213
2025-10-17,224
2025-10-18,217.5
2025-10-18,222
2025-10-18,213
2025-10-19,218.5
2025-10-19,228
2025-10-19,209
2025-10-20,213.5
2025-10-20,229
2025-10-20,198
2025-10-21,211
2025-10-21,227
2025-10-21,195
2025-10-22,211
2025-10-22,224
2025-10-22,198
2025-10-23,201.5
2025-10-23,207
2025-10-23,196
2025-10-24,202.5
2025-10-24,201
2025-10-24,204
2025-10-25,195.5
2025-10-25,193
2025-10-25,198
2025-10-26,189.5
2025-10-26,189
2025-10-26,190
2025-10-27,188
2025-10-27,184
2025-10-27,192
2025-10-28,186
2025-10-28,182
2025-10-28,190
2025-10-29,189.5
2025-10-29,181
2025-10-29,198
2025-10-30,174
2025-10-30,170
2025-10-30,178
2025-10-31,175.5
2025-10-31,171
2025-10-31,180
2025-11-01,174.5
2025-11-01,167
2025-11-01,182
2025-11-02,186
2025-11-02,178
2025-11-02,194
2025-11-03,185.5
2025-11-03,192
2025-11-03,179
2025-11-04,202.5
2025-11-04,210
2025-11-04,195
2025-11-05,198
2025-11-05,214
2025-11-05,182
2025-11-06,212
2025-11-06,226
2025-11-06,198
2025-11-07,213.5
2025-11-07,225
2025-11-07,202
2025-11-08,200
2025-11-08,202
2025-11-08,198
2025-11-09,194.5
2025-11-09,190
2025-11-09,199
2025-11-10,194
2025-11-10,190
2025-11-10,198
2025-11-11,190.5
2025-11-11,189
2025-11-11,192
2025-11-12,181
2025-11-12,180
2025-11-12,182
2025-11-13,182
2025-11-13,174
2025-11-13,190
2025-11-14,185.5
2025-11-14,180
2025-11-14,191
2025-11-15,189
2025-11-15,182
2025-11-15,196
2025-11-16,192
2025-11-16,186
2025-11-16,198
2025-11-17,185.5
2025-11-17,197
2025-11-17,174
2025-11-18,183.5
2025-11-18,196
2025-11-18,171
2025-11-19,186.5
2025-11-19,201
2025-11-19,172
2025-11-20,187
2025-11-20,201
2025-11-20,173
2025-11-21,195.5
2025-11-21,204
2025-11-21,187
2025-11-22,185.5
2025-11-22,192
2025-11-22,179
2025-11-23,190
2025-11-23,187
2025-11-23,193
2025-11-24,184
2025-11-24,180
2025-11-24,188
2025-11-25,173.5
2025-11-25,176
2025-11-25,171
2025-11-26,174.5
2025-11-26,171
2025-11-26,178
2025-11-27,173
2025-11-27,170
2025-11-27,176
2025-11-28,171.5
2025-11-28,165
2025-11-28,178
2025-11-29,179.5
2025-11-29,173
2025-11-29,186
2025-11-30,190
2025-11-30,185
2025-11-30,195
2025-12-01,195
2025-12-01,189
2025-12-01,201
2025-12-02,203.5
2025-12-02,197
2025-12-02,210
2025-12-03,209
2025-12-03,212
2025-12-03,206
2025-12-04,206
2025-12-04,221
2025-12-04,191
2025-12-05,215.5
2025-12-05,232
2025-12-05,199
2025-12-06,231.5
2025-12-06,237
2025-12-06,226
2025-12-07,213
2025-12-07,215
2025-12-07,211
2025-12-08,215
2025-12-08,208
2025-12-08,222
2025-12-09,211.5
2025-12-09,209
2025-12-09,214
2025-12-10,209.5
2025-12-10,208
2025-12-10,211
2025-12-11,208.5
2025-12-11,209
2025-12-11,208
2025-12-12,207.5
2025-12-12,206
2025-12-12,209
2025-12-13,212
2025-12-13,207
2025-12-13,217
2025-12-14,214.5
2025-12-14,217
2025-12-14,212
2025-12-15,218.5
2025-12-15,216
2025-12-15,221
2025-12-16,211.5
2025-12-16,219
2025-12-16,204
2025-12-17,209.5
2025-12-17,221
2025-12-17,198
2025-12-18,223.5
2025-12-18,238
2025-12-18,209
2025-12-19,227.5
2025-12-19,240
2025-12-19,215
2025-12-20,232.5
2025-12-20,247
2025-12-20,218
2025-12-21,237
2025-12-21,251
2025-12-21,223
2025-12-22,221
2025-12-22,222
2025-12-22,220
2025-12-23,223
2025-12-23,224
2025-12-23,222
2025-12-24,220
2025-12-24,219
2025-12-24,221
2025-12-25,219
2025-12-25,220
2025-12-25,218
2025-12-26,214
2025-12-26,216
2025-12-26,212
2025-12-27,220
2025-12-27,222
2025-12-27,218
2025-12-28,231.5
2025-12-28,232
2025-12-28,231
2025-12-29,240
2025-12-29,237
2025-12-29,243
2025-12-30,247
2025-12-30,243
2025-12-30,251
2025-12-31,250.5
2025-12-31,247
2025-12-31,254
2026-01-01,251.5
2026-01-01,255
2026-01-01,248
2026-01-02,248
2026-01-02,258
2026-01-02,238
2026-01-03,256
2026-01-03,271
2026-01-03,241
2026-01-04,256.5
2026-01-04,268
2026-01-04,245
2026-01-05,261.5
2026-01-05,269
2026-01-05,254
2026-01-06,260.5
2026-01-06,261
2026-01-06,260
2026-01-07,257.5
2026-01-07,257
2026-01-07,258
2026-01-08,257
2026-01-08,258
2026-01-08,256
2026-01-09,255
2026-01-09,254
2026-01-09,256
2026-01-10,249.5
2026-01-10,254
2026-01-10,245
2026-01-11,239.5
2026-01-11,242
2026-01-11,237
2026-01-12,237.5
2026-01-12,235
2026-01-12,240
2026-01-13,237.5
2026-01-13,238
2026-01-13,237
2026-01-14,238
2026-01-14,239
2026-01-14,237
2026-01-15,238
2026-01-15,245
2026-01-15,231
2026-01-16,241
2026-01-16,251
2026-01-16,231
2026-01-17,250.5
2026-01-17,256
2026-01-17,245
2026-01-18,260
2026-01-18,266
2026-01-18,254
2026-01-19,265
2026-01-19,272
2026-01-19,258
2026-01-20,272.5
2026-01-20,283
2026-01-20,262
2026-01-21,269.5
2026-01-21,276
2026-01-21,263
2026-01-22,269.5
2026-01-22,274
2026-01-22,265
2026-01-23,266
2026-01-23,266
2026-01-23,266
2026-01-24,261.5
2026-01-24,260
2026-01-24,263
2026-01-25,260.5
2026-01-25,263
2026-01-25,258
2026-01-26,263.5
2026-01-26,264
2026-01-26,263
2026-01-27,263.5
2026-01-27,263
2026-01-27,264
2026-01-28,267
2026-01-28,267
2026-01-28,267
2026-01-29,266
2026-01-29,265
2026-01-29,267
2026-01-30,260
2026-01-30,267
2026-01-30,253
2026-01-31,269.5
2026-01-31,280
2026-01-31,259
2026-02-01,277.5
2026-02-01,288
2026-02-01,267
2026-02-02,288
2026-02-02,298
2026-02-02,278
2026-02-03,296.5
2026-02-03,295
2026-02-03,298
2026-02-04,302.5
2026-02-04,308
2026-02-04,297
2026-02-05,291
2026-02-05,295
2026-02-05,287
2026-02-06,295.5
2026-02-06,299
2026-02-06,292
2026-02-07,294.5
2026-02-07,295
2026-02-07,294
2026-02-08,293.5
2026-02-08,293
2026-02-08,294
2026-02-09,289.5
2026-02-09,285
2026-02-09,294
2026-02-10,279.5
2026-02-10,280
2026-02-10,279
2026-02-11,271.5
2026-02-11,274
2026-02-11,269
2026-02-12,272.5
2026-02-12,275
2026-02-12,270
2026-02-13,271.5
2026-02-13,277
2026-02-13,266
2026-02-14,277
2026-02-14,272
2026-02-14,282
2026-02-15,276
2026-02-15,284
2026-02-15,268
2026-02-16,290
2026-02-16,295
2026-02-16,285
2026-02-17,304.5
2026-02-17,312
2026-02-17,297
2026-02-18,319.5
2026-02-18,324
2026-02-18,315
2026-02-19,313
2026-02-19,312
2026-02-19,314
2026-02-20,319.5
2026-02-20,317
2026-02-20,322
2026-02-21,321
2026-02-21,320
2026-02-21,322
2026-02-22,321
2026-02-22,322
2026-02-22,320
2026-02-23,329
2026-02-23,329
2026-02-23,329
2026-02-24,331
2026-02-24,332
2026-02-24,330
2026-02-25,328.5
2026-02-25,330
2026-02-25,327
2026-02-26,327
2026-02-26,326
2026-02-26,328
2026-02-27,327
2026-02-27,327
2026-02-27,327
2026-02-28,329
2026-02-28,326
2026-02-28,332
2026-03-01,328.39
2026-03-02,336.58
2026-03-03,345.62
2026-03-04,351.57
2026-03-05,357.46
2026-03-06,360.05
2026-03-07,360.56
2026-03-08,355.56
2026-03-09,351.59
2026-03-10,349.02
2026-03-11,341.7
2026-03-12,337.47
2026-03-13,337.29
2026-03-14,337.19
2026-03-15,338.93
2026-03-16,346.21
2026-03-17,358.92
2026-03-18,369.07
2026-03-19,376.4
2026-03-20,384.88
2026-03-21,387.53
2026-03-22,385.53
2026-03-23,384.53
2026-03-24,387.11
2026-03-25,385.58
2026-03-26,379.66
2026-03-27,374.05
2026-03-28,372.47
2026-03-29,373.56
2026-03-30,376.59
2026-03-31,380.96
2026-04-01,385.45
2026-04-02,388.39
2026-04-03,387.21
2026-04-04,384.75
2026-04-05,389.8
2026-04-06,388.47
2026-04-07,385.04
2026-04-08,382.7
2026-04-09,380.02
2026-04-10,376.8
2026-04-11,372.62
2026-04-12,366.36
2026-04-13,368.68
2026-04-14,374.99
2026-04-15,379.99
2026-04-16,387.47
2026-04-17,393.29
2026-04-18,395.89
2026-04-19,399.15
2026-04-20,398.44
2026-04-21,396.0
2026-04-22,392.06
2026-04-23,389.48
2026-04-24,387.52
2026-04-25,377.57
2026-04-26,373.62
2026-04-27,377.32
2026-04-28,384.78
2026-04-29,388.16
2026-04-30,391.72
2026-05-01,394.54
2026-05-02,393.01
2026-05-03,392.67
2026-05-04,395.71
2026-05-05,396.45
2026-05-06,396.64
2026-05-07,392.64
2026-05-08,387.61
2026-05-09,379.41
2026-05-10,371.66
2026-05-11,370.81
2026-05-12,374.96
2026-05-13,383.15
2026-05-14,385.92
2026-05-15,385.55
2026-05-16,388.88
2026-05-17,390.92
2026-05-18,395.79
2026-05-19,398.62
2026-05-20,399.69
2026-05-21,397.93
2026-05-22,394.52
2026-05-23,385.95
2026-05-24,380.21
2026-05-25,375.48
2026-05-26,372.57
2026-05-27,370.51
2026-05-28,368.4
2026-05-29,366.83
2026-05-30,365.78
2026-05-31,363.08
2026-06-01,361.89
2026-06-02,360.97
2026-06-03,358.38
2026-06-04,359.31
2026-06-05,356.73
2026-06-06,353.71
2026-06-07,351.17
2026-06-08,349.28
2026-06-09,350.33
2026-06-10,351.04
2026-06-11,354.9
2026-06-12,355.34
2026-06-13,358.5
2026-06-14,362.9
2026-06-15,365.92
2026-06-16,368.57
2026-06-17,370.17
2026-06-18,371.79
2026-06-19,367.28
2026-06-20,362.26
2026-06-21,356.2
2026-06-22,353.5
2026-06-23,351.36
2026-06-24,346.46
2026-06-25,339.4
2026-06-26,335.01
2026-06-27,337.14
2026-06-28,338.55
2026-06-29,336.74
2026-06-30,339.61
2026-07-01,339.54
2026-07-02,339.27
2026-07-03,340.72
2026-07-04,337.95
2026-07-05,335.55
2026-07-06,334.42
2026-07-07,331.3
2026-07-08,329.46
2026-07-09,329.6
2026-07-10,329.07
2026-07-11,333.12
2026-07-12,333.82
2026-07-13,334.76
2026-07-14,340.76
2026-07-15,341.63
2026-07-16,344.12
2026-07-17,345.88
2026-07-18,346.3
2026-07-19,342.18
2026-07-20,338.08
2026-07-21,332.23
2026-07-22,327.21
2026-07-23,318.67
2026-07-24,313.21
2026-07-25,311.06
2026-07-26,304.58
2026-07-27,303.68
2026-07-28,309.3
2026-07-29,311.8
2026-07-30,314.25
2026-07-31,318.61
2026-08-01,319.69
2026-08-02,315.57
2026-08-03,314.88
2026-08-04,313.66
2026-08-05,310.32
2026-08-06,305.52
2026-08-07,300.83
2026-08-08,296.73
2026-08-09,295.24
2026-08-10,295.36
2026-08-11,297.69
2026-08-12,301.41
2026-08-13,303.91
2026-08-14,306.0
2026-08-15,309.29
2026-08-16,308.49
2026-08-17,306.34
2026-08-18,301.95
2026-08-19,290.34
2026-08-20,279.06
2026-08-21,270.6
2026-08-22,264.02
2026-08-23,259.26
2026-08-24,254.35
2026-08-25,254.27
2026-08-26,261.72
2026-08-27,270.35
2026-08-28,273.7
2026-08-29,276.74
2026-08-30,279.36
2026-08-31,278.61
2026-09-01,276.44
2026-09-02,270.89
2026-09-03,263.59
2026-09-04,258.03
2026-09-05,248.47
2026-09-06,240.61
2026-09-07,240.57
2026-09-08,242.51
2026-09-09,248.07
2026-09-10,257.03
2026-09-11,263.61
2026-09-12,265.76
2026-09-13,265.15
2026-09-14,259.25
2026-09-15,250.89
2026-09-16,242.28
2026-09-17,233.95
2026-09-18,222.8
2026-09-19,212.57
2026-09-20,203.9
2026-09-21,192.53
2026-09-22,188.26
2026-09-23,192.22
2026-09-24,197.56
2026-09-25,207.0
2026-09-26,212.01
2026-09-27,215.7
2026-09-28,215.2
