Data,Cota
2005-01-01,412
2005-01-01,412
2005-01-01,410
2005-01-01,414
2005-01-02,421
2005-01-02,421
2005-01-02,418
2005-01-02,424
2005-01-03,425
2005-01-03,425
2005-01-03,424
2005-01-03,426
2005-01-04,428
2005-01-04,428
2005-01-04,428
2005-01-04,428
2005-01-05,435
2005-01-05,435
2005-01-05,436
2005-01-05,434
2005-01-06,444
2005-01-06,444
2005-01-06,440
2005-01-06,448
2005-01-07,449
2005-01-07,449
2005-01-07,448
2005-01-07,450
2005-01-08,446
2005-01-08,446
2005-01-08,444
2005-01-08,448
2005-01-09,453
2005-01-09,453
2005-01-09,454
2005-01-09,452
2005-01-10,455
2005-01-10,455
2005-01-10,454
2005-01-10,456
2005-01-11,455
2005-01-11,455
2005-01-11,456
2005-01-11,454
2005-01-12,458
2005-01-12,458
2005-01-12,458
2005-01-12,458
2005-01-13,453
2005-01-13,453
2005-01-13,454
2005-01-13,452
2005-01-14,452
2005-01-14,452
2005-01-14,450
2005-01-14,454
2005-01-15,454
2005-01-15,454
2005-01-15,452
2005-01-15,456
2005-01-16,457
2005-01-16,457
2005-01-16,458
2005-01-16,456
2005-01-17,455
2005-01-17,455
2005-01-17,454
2005-01-17,456
2005-01-18,455
2005-01-18,455
2005-01-18,456
2005-01-18,454
2005-01-19,457
2005-01-19,457
2005-01-19,456
2005-01-19,458
2005-01-20,460
2005-01-20,460
2005-01-20,458
2005-01-20,462
2005-01-21,467
2005-01-21,467
2005-01-21,468
2005-01-21,466
2005-01-22,463
2005-01-22,463
2005-01-22,464
2005-01-22,462
2005-01-23,457
2005-01-23,457
2005-01-23,458
2005-01-23,456
2005-01-24,454
2005-01-24,454
2005-01-24,454
2005-01-24,454
2005-01-25,456
2005-01-25,456
2005-01-25,456
2005-01-25,456
2005-01-26,458
2005-01-26,458
2005-01-26,454
2005-01-26,462
2005-01-27,461
2005-01-27,461
2005-01-27,460
2005-01-27,462
2005-01-28,472
2005-01-28,472
2005-01-28,468
2005-01-28,476
2005-01-29,479
2005-01-29,479
2005-01-29,472
2005-01-29,486
2005-01-30,489
2005-01-30,489
2005-01-30,482
2005-01-30,496
2005-01-31,494
2005-01-31,494
2005-01-31,492
2005-01-31,496
2005-02-01,504
2005-02-01,504
2005-02-01,504
2005-02-01,504
2005-02-02,512
2005-02-02,512
2005-02-02,508
2005-02-02,516
2005-02-03,528
2005-02-03,528
2005-02-03,526
2005-02-03,530
2005-02-04,542
2005-02-04,542
2005-02-04,540
2005-02-04,544
2005-02-05,548
2005-02-05,548
2005-02-05,548
2005-02-05,548
2005-02-06,549
2005-02-06,549
2005-02-06,550
2005-02-06,548
2005-02-07,562
2005-02-07,562
2005-02-07,560
2005-02-07,564
2005-02-08,571
2005-02-08,571
2005-02-08,570
2005-02-08,572
2005-02-09,572
2005-02-09,572
2005-02-09,572
2005-02-09,572
2005-02-10,578
2005-02-10,578
2005-02-10,576
2005-02-10,580
2005-02-11,589
2005-02-11,589
2005-02-11,588
2005-02-11,590
2005-02-12,595
2005-02-12,595
2005-02-12,594
2005-02-12,596
2005-02-13,595
2005-02-13,595
2005-02-13,594
2005-02-13,596
2005-02-14,599
2005-02-14,599
2005-02-14,598
2005-02-14,600
2005-02-15,598
2005-02-15,598
2005-02-15,598
2005-02-15,598
2005-02-16,595
2005-02-16,595
2005-02-16,596
2005-02-16,594
2005-02-17,591
2005-02-17,591
2005-02-17,592
2005-02-17,590
2005-02-18,591
2005-02-18,591
2005-02-18,592
2005-02-18,590
2005-02-19,593
2005-02-19,593
2005-02-19,592
2005-02-19,594
2005-02-20,597
2005-02-20,597
2005-02-20,596
2005-02-20,598
2005-02-21,607
2005-02-21,607
2005-02-21,606
2005-02-21,608
2005-02-22,614
2005-02-22,614
2005-02-22,612
2005-02-22,616
2005-02-23,626
2005-02-23,626
2005-02-23,624
2005-02-23,628
2005-02-24,634
2005-02-24,634
2005-02-24,632
2005-02-24,636
2005-02-25,645
2005-02-25,645
2005-02-25,642
2005-02-25,648
2005-02-26,655
2005-02-26,655
2005-02-26,654
2005-02-26,656
2005-02-27,665
2005-02-27,665
2005-02-27,664
2005-02-27,666
2005-02-28,671
2005-02-28,671
2005-02-28,670
2005-02-28,672
2005-03-01,679
2005-03-01,679
2005-03-01,678
2005-03-01,680
2005-03-02,685
2005-03-02,685
2005-03-02,684
2005-03-02,686
2005-03-03,689
2005-03-03,689
2005-03-03,688
2005-03-03,690
2005-03-04,691
2005-03-04,691
2005-03-04,692
2005-03-04,690
2005-03-05,692
2005-03-05,692
2005-03-05,692
2005-03-05,692
2005-03-06,694
2005-03-06,694
2005-03-06,694
2005-03-06,694
2005-03-07,696
2005-03-07,696
2005-03-07,696
2005-03-07,696
2005-03-08,698
2005-03-08,698
2005-03-08,698
2005-03-08,698
2005-03-09,707
2005-03-09,707
2005-03-09,704
2005-03-09,710
2005-03-10,720
2005-03-10,720
2005-03-10,716
2005-03-10,724
2005-03-11,734
2005-03-11,734
2005-03-11,732
2005-03-11,736
2005-03-12,745
2005-03-12,745
2005-03-12,744
2005-03-12,746
2005-03-13,760
2005-03-13,760
2005-03-13,758
2005-03-13,762
2005-03-14,777
2005-03-14,777
2005-03-14,776
2005-03-14,778
2005-03-15,782
2005-03-15,782
2005-03-15,786
2005-03-15,778
2005-03-16,801
2005-03-16,801
2005-03-16,800
2005-03-16,802
2005-03-17,809
2005-03-17,809
2005-03-17,808
2005-03-17,810
2005-03-18,817
2005-03-18,817
2005-03-18,816
2005-03-18,818
2005-03-19,821
2005-03-19,821
2005-03-19,820
2005-03-19,822
2005-03-20,826
2005-03-20,826
2005-03-20,826
2005-03-20,826
2005-03-21,829
2005-03-21,829
2005-03-21,828
2005-03-21,830
2005-03-22,836
2005-03-22,836
2005-03-22,834
2005-03-22,838
2005-03-23,845
2005-03-23,845
2005-03-23,842
2005-03-23,848
2005-03-24,857
2005-03-24,857
2005-03-24,856
2005-03-24,858
2005-03-25,869
2005-03-25,869
2005-03-25,866
2005-03-25,872
2005-03-26,881
2005-03-26,881
2005-03-26,880
2005-03-26,882
2005-03-27,887
2005-03-27,887
2005-03-27,884
2005-03-27,890
2005-03-28,900.5
2005-03-28,901
2005-03-28,897
2005-03-28,904
2005-03-29,913
2005-03-29,913
2005-03-29,910
2005-03-29,916
2005-03-30,923.5
2005-03-30,924
2005-03-30,922
2005-03-30,925
2005-03-31,929
2005-03-31,929
2005-03-31,928
2005-03-31,930
2005-04-01,933
2005-04-01,933
2005-04-01,932
2005-04-01,934
2005-04-02,933
2005-04-02,933
2005-04-02,932
2005-04-02,934
2005-04-03,935
2005-04-03,935
2005-04-03,934
2005-04-03,936
2005-04-04,930
2005-04-04,930
2005-04-04,932
2005-04-04,928
2005-04-05,925
2005-04-05,925
2005-04-05,926
2005-04-05,924
2005-04-06,919
2005-04-06,919
2005-04-06,920
2005-04-06,918
2005-04-07,916
2005-04-07,916
2005-04-07,916
2005-04-07,916
2005-04-08,913
2005-04-08,913
2005-04-08,914
2005-04-08,912
2005-04-09,908
2005-04-09,908
2005-04-09,910
2005-04-09,906
2005-04-10,899
2005-04-10,899
2005-04-10,900
2005-04-10,898
2005-04-11,894
2005-04-11,894
2005-04-11,896
2005-04-11,892
2005-04-12,885
2005-04-12,885
2005-04-12,886
2005-04-12,884
2005-04-13,878
2005-04-13,878
2005-04-13,880
2005-04-13,876
2005-04-14,865
2005-04-14,865
2005-04-14,868
2005-04-14,862
2005-04-15,850
2005-04-15,850
2005-04-15,854
2005-04-15,846
2005-04-16,839
2005-04-16,839
2005-04-16,842
2005-04-16,836
2005-04-17,825
2005-04-17,825
2005-04-17,828
2005-04-17,822
2005-04-18,816
2005-04-18,816
2005-04-18,818
2005-04-18,814
2005-04-19,803
2005-04-19,803
2005-04-19,806
2005-04-19,800
2005-04-20,794
2005-04-20,794
2005-04-20,796
2005-04-20,792
2005-04-21,784
2005-04-21,784
2005-04-21,786
2005-04-21,782
2005-04-22,771
2005-04-22,771
2005-04-22,774
2005-04-22,768
2005-04-23,757
2005-04-23,757
2005-04-23,760
2005-04-23,754
2005-04-24,749
2005-04-24,749
2005-04-24,750
2005-04-24,748
2005-04-25,743
2005-04-25,743
2005-04-25,744
2005-04-25,742
2005-04-26,734
2005-04-26,734
2005-04-26,736
2005-04-26,732
2005-04-27,729
2005-04-27,729
2005-04-27,728
2005-04-27,730
2005-04-28,733
2005-04-28,733
2005-04-28,732
2005-04-28,734
2005-04-29,732
2005-04-29,732
2005-04-29,732
2005-04-29,732
2005-04-30,736
2005-04-30,736
2005-04-30,734
2005-04-30,738
2005-05-01,741
2005-05-01,741
2005-05-01,740
2005-05-01,742
2005-05-02,744
2005-05-02,744
2005-05-02,744
2005-05-02,744
2005-05-03,744
2005-05-03,744
2005-05-03,742
2005-05-03,746
2005-05-04,748
2005-05-04,748
2005-05-04,748
2005-05-04,748
2005-05-05,749.5
2005-05-05,750
2005-05-05,749
2005-05-05,750
2005-05-06,753
2005-05-06,753
2005-05-06,752
2005-05-06,754
2005-05-07,761
2005-05-07,761
2005-05-07,760
2005-05-07,762
2005-05-08,769
2005-05-08,769
2005-05-08,768
2005-05-08,770
2005-05-09,775
2005-05-09,775
2005-05-09,774
2005-05-09,776
2005-05-10,776
2005-05-10,776
2005-05-10,778
2005-05-10,774
2005-05-11,775
2005-05-11,775
2005-05-11,774
2005-05-11,776
2005-05-12,775
2005-05-12,775
2005-05-12,776
2005-05-12,774
2005-05-13,771
2005-05-13,771
2005-05-13,772
2005-05-13,770
2005-05-14,765
2005-05-14,765
2005-05-14,766
2005-05-14,764
2005-05-15,763
2005-05-15,763
2005-05-15,764
2005-05-15,762
2005-05-16,758
2005-05-16,758
2005-05-16,758
2005-05-16,758
2005-05-17,755
2005-05-17,755
2005-05-17,756
2005-05-17,754
2005-05-18,749
2005-05-18,749
2005-05-18,750
2005-05-18,748
2005-05-19,741
2005-05-19,741
2005-05-19,742
2005-05-19,740
2005-05-20,734
2005-05-20,734
2005-05-20,736
2005-05-20,732
2005-05-21,722
2005-05-21,722
2005-05-21,724
2005-05-21,720
2005-05-22,714
2005-05-22,714
2005-05-22,716
2005-05-22,712
2005-05-23,697.5
2005-05-23,698
2005-05-23,699
2005-05-23,696
2005-05-24,689
2005-05-24,689
2005-05-24,690
2005-05-24,688
2005-05-25,685
2005-05-25,685
2005-05-25,686
2005-05-25,684
2005-05-26,679
2005-05-26,679
2005-05-26,680
2005-05-26,678
2005-05-27,675
2005-05-27,675
2005-05-27,676
2005-05-27,674
2005-05-28,673
2005-05-28,673
2005-05-28,672
2005-05-28,674
2005-05-29,669
2005-05-29,669
2005-05-29,670
2005-05-29,668
2005-05-30,669
2005-05-30,669
2005-05-30,668
2005-05-30,670
2005-05-31,670
2005-05-31,670
2005-05-31,672
2005-05-31,668
2005-06-01,662
2005-06-01,662
2005-06-01,660
2005-06-01,664
2005-06-02,661
2005-06-02,661
2005-06-02,662
2005-06-02,660
2005-06-03,657
2005-06-03,657
2005-06-03,658
2005-06-03,656
2005-06-04,652
2005-06-04,652
2005-06-04,654
2005-06-04,650
2005-06-05,647
2005-06-05,647
2005-06-05,648
2005-06-05,646
2005-06-06,643
2005-06-06,643
2005-06-06,644
2005-06-06,642
2005-06-07,640
2005-06-07,640
2005-06-07,640
2005-06-07,640
2005-06-08,638
2005-06-08,638
2005-06-08,638
2005-06-08,638
2005-06-09,636
2005-06-09,636
2005-06-09,636
2005-06-09,636
2005-06-10,634
2005-06-10,634
2005-06-10,636
2005-06-10,632
2005-06-11,630
2005-06-11,630
2005-06-11,630
2005-06-11,630
2005-06-12,628
2005-06-12,628
2005-06-12,628
2005-06-12,628
2005-06-13,623
2005-06-13,623
2005-06-13,624
2005-06-13,622
2005-06-14,619
2005-06-14,619
2005-06-14,620
2005-06-14,618
2005-06-15,616
2005-06-15,616
2005-06-15,616
2005-06-15,616
2005-06-16,613
2005-06-16,613
2005-06-16,614
2005-06-16,612
2005-06-17,610
2005-06-17,610
2005-06-17,610
2005-06-17,610
2005-06-18,607
2005-06-18,607
2005-06-18,608
2005-06-18,606
2005-06-19,603
2005-06-19,603
2005-06-19,604
2005-06-19,602
2005-06-20,600
2005-06-20,600
2005-06-20,600
2005-06-20,600
2005-06-21,599
2005-06-21,599
2005-06-21,600
2005-06-21,598
2005-06-22,596
2005-06-22,596
2005-06-22,596
2005-06-22,596
2005-06-23,592
2005-06-23,591.5
2005-06-23,594
2005-06-23,589
2005-06-24,592
2005-06-24,592
2005-06-24,592
2005-06-24,592
2005-06-25,589
2005-06-25,589
2005-06-25,590
2005-06-25,588
2005-06-26,586
2005-06-26,586
2005-06-26,586
2005-06-26,586
2005-06-27,586
2005-06-27,586
2005-06-27,586
2005-06-27,586
2005-06-28,584
2005-06-28,584
2005-06-28,584
2005-06-28,584
2005-06-29,586
2005-06-29,586
2005-06-29,586
2005-06-29,586
2005-06-30,583
2005-06-30,583
2005-06-30,584
2005-06-30,582
2005-07-01,579
2005-07-01,579
2005-07-01,580
2005-07-01,578
2005-07-02,574
2005-07-02,574
2005-07-02,574
2005-07-02,574
2005-07-03,571
2005-07-03,571
2005-07-03,572
2005-07-03,570
2005-07-04,568
2005-07-04,568
2005-07-04,568
2005-07-04,568
2005-07-05,563
2005-07-05,563
2005-07-05,564
2005-07-05,562
2005-07-06,559
2005-07-06,559
2005-07-06,560
2005-07-06,558
2005-07-07,556
2005-07-07,556
2005-07-07,556
2005-07-07,556
2005-07-08,552
2005-07-08,552
2005-07-08,552
2005-07-08,552
2005-07-09,548
2005-07-09,548
2005-07-09,548
2005-07-09,548
2005-07-10,543
2005-07-10,543
2005-07-10,544
2005-07-10,542
2005-07-11,537
2005-07-11,537
2005-07-11,538
2005-07-11,536
2005-07-12,532
2005-07-12,532
2005-07-12,532
2005-07-12,532
2005-07-13,530
2005-07-13,530
2005-07-13,530
2005-07-13,530
2005-07-14,529
2005-07-14,529
2005-07-14,530
2005-07-14,528
2005-07-15,528
2005-07-15,528
2005-07-15,528
2005-07-15,528
2005-07-16,526
2005-07-16,526.5
2005-07-16,527
2005-07-16,526
2005-07-17,523
2005-07-17,523
2005-07-17,524
2005-07-17,522
2005-07-18,520
2005-07-18,520
2005-07-18,520
2005-07-18,520
2005-07-19,520
2005-07-19,519.5
2005-07-19,520
2005-07-19,519
2005-07-20,517
2005-07-20,517
2005-07-20,518
2005-07-20,516
2005-07-21,515
2005-07-21,515
2005-07-21,516
2005-07-21,514
2005-07-22,512
2005-07-22,512
2005-07-22,512
2005-07-22,512
2005-07-23,509
2005-07-23,509
2005-07-23,510
2005-07-23,508
2005-07-24,506
2005-07-24,506
2005-07-24,506
2005-07-24,506
2005-07-25,503
2005-07-25,503
2005-07-25,504
2005-07-25,502
2005-07-26,500
2005-07-26,500
2005-07-26,500
2005-07-26,500
2005-07-27,500
2005-07-27,500
2005-07-27,500
2005-07-27,500
2005-07-28,499
2005-07-28,499
2005-07-28,500
2005-07-28,498
2005-07-29,494
2005-07-29,494
2005-07-29,496
2005-07-29,492
2005-07-30,488
2005-07-30,488
2005-07-30,490
2005-07-30,486
2005-07-31,478
2005-07-31,478
2005-07-31,480
2005-07-31,476
2005-08-01,469
2005-08-01,469
2005-08-01,470
2005-08-01,468
2005-08-02,465
2005-08-02,465
2005-08-02,466
2005-08-02,464
2005-08-03,461
2005-08-03,461
2005-08-03,462
2005-08-03,460
2005-08-04,457
2005-08-04,457
2005-08-04,458
2005-08-04,456
2005-08-05,449
2005-08-05,449
2005-08-05,450
2005-08-05,448
2005-08-06,444
2005-08-06,444
2005-08-06,446
2005-08-06,442
2005-08-07,440
2005-08-07,440
2005-08-07,440
2005-08-07,440
2005-08-08,438
2005-08-08,438
2005-08-08,438
2005-08-08,438
2005-08-09,433
2005-08-09,433
2005-08-09,434
2005-08-09,432
2005-08-10,428
2005-08-10,428
2005-08-10,430
2005-08-10,426
2005-08-11,424
2005-08-11,424
2005-08-11,426
2005-08-11,422
2005-08-12,415
2005-08-12,415
2005-08-12,416
2005-08-12,414
2005-08-13,411
2005-08-13,410.5
2005-08-13,410
2005-08-13,411
2005-08-14,408
2005-08-14,408
2005-08-14,408
2005-08-14,408
2005-08-15,405
2005-08-15,405
2005-08-15,406
2005-08-15,404
2005-08-16,399
2005-08-16,399
2005-08-16,402
2005-08-16,396
2005-08-17,392
2005-08-17,392
2005-08-17,394
2005-08-17,390
2005-08-18,385
2005-08-18,385
2005-08-18,386
2005-08-18,384
2005-08-19,378
2005-08-19,378
2005-08-19,380
2005-08-19,376
2005-08-20,371
2005-08-20,371
2005-08-20,372
2005-08-20,370
2005-08-21,367
2005-08-21,367
2005-08-21,368
2005-08-21,366
2005-08-22,361
2005-08-22,361
2005-08-22,362
2005-08-22,360
2005-08-23,352
2005-08-23,352
2005-08-23,354
2005-08-23,350
2005-08-24,348
2005-08-24,348
2005-08-24,348
2005-08-24,348
2005-08-25,345
2005-08-25,345
2005-08-25,346
2005-08-25,344
2005-08-26,341
2005-08-26,341
2005-08-26,342
2005-08-26,340
2005-08-27,337
2005-08-27,337
2005-08-27,338
2005-08-27,336
2005-08-28,331
2005-08-28,331
2005-08-28,332
2005-08-28,330
2005-08-29,324
2005-08-29,324
2005-08-29,328
2005-08-29,320
2005-08-30,317
2005-08-30,317
2005-08-30,316
2005-08-30,318
2005-08-31,292
2005-08-31,292
2005-08-31,296
2005-08-31,288
2005-09-01,285
2005-09-01,285
2005-09-01,286
2005-09-01,284
2005-09-02,279
2005-09-02,279
2005-09-02,280
2005-09-02,278
2005-09-03,272
2005-09-03,272
2005-09-03,274
2005-09-03,270
2005-09-04,267
2005-09-04,267
2005-09-04,268
2005-09-04,266
2005-09-05,262
2005-09-05,262
2005-09-05,264
2005-09-05,260
2005-09-06,257
2005-09-06,257
2005-09-06,258
2005-09-06,256
2005-09-07,256
2005-09-07,256
2005-09-07,256
2005-09-07,256
2005-09-08,254
2005-09-08,254
2005-09-08,254
2005-09-08,254
2005-09-09,249
2005-09-09,249
2005-09-09,250
2005-09-09,248
2005-09-10,245
2005-09-10,245
2005-09-10,246
2005-09-10,244
2005-09-11,238
2005-09-11,238
2005-09-11,240
2005-09-11,236
2005-09-12,230
2005-09-12,230
2005-09-12,232
2005-09-12,228
2005-09-13,219
2005-09-13,219
2005-09-13,220
2005-09-13,218
2005-09-14,213
2005-09-14,213
2005-09-14,214
2005-09-14,212
2005-09-15,209
2005-09-15,209
2005-09-15,210
2005-09-15,208
2005-09-16,207
2005-09-16,207
2005-09-16,208
2005-09-16,206
2005-09-17,202
2005-09-17,202
2005-09-17,202
2005-09-17,202
2005-09-18,205
2005-09-18,205
2005-09-18,204
2005-09-18,206
2005-09-19,203
2005-09-19,203
2005-09-19,202
2005-09-19,204
2005-09-20,206
2005-09-20,206
2005-09-20,206
2005-09-20,206
2005-09-21,203
2005-09-21,203
2005-09-21,204
2005-09-21,202
2005-09-22,201
2005-09-22,201
2005-09-22,202
2005-09-22,200
2005-09-23,199
2005-09-23,199
2005-09-23,200
2005-09-23,198
2005-09-24,190
2005-09-24,190
2005-09-24,190
2005-09-24,190
2005-09-25,184
2005-09-25,184
2005-09-25,186
2005-09-25,182
2005-09-26,176
2005-09-26,176
2005-09-26,178
2005-09-26,174
2005-09-27,169
2005-09-27,169
2005-09-27,170
2005-09-27,168
2005-09-28,162
2005-09-28,162
2005-09-28,164
2005-09-28,160
2005-09-29,157
2005-09-29,157
2005-09-29,158
2005-09-29,156
2005-09-30,156
2005-09-30,156
2005-09-30,156
2005-09-30,156
2005-10-01,154
2005-10-01,154
2005-10-01,154
2005-10-01,154
2005-10-02,152
2005-10-02,152
2005-10-02,152
2005-10-02,152
2005-10-03,155
2005-10-03,155
2005-10-03,154
2005-10-03,156
2005-10-04,157
2005-10-04,157
2005-10-04,156
2005-10-04,158
2005-10-05,160
2005-10-05,160
2005-10-05,160
2005-10-05,160
2005-10-06,155
2005-10-06,155
2005-10-06,156
2005-10-06,154
2005-10-07,157
2005-10-07,157
2005-10-07,156
2005-10-07,158
2005-10-08,157
2005-10-08,157
2005-10-08,156
2005-10-08,158
2005-10-09,156
2005-10-09,156
2005-10-09,156
2005-10-09,156
2005-10-10,160
2005-10-10,160
2005-10-10,160
2005-10-10,160
2005-10-11,158
2005-10-11,158
2005-10-11,158
2005-10-11,158
2005-10-12,160
2005-10-12,160
2005-10-12,160
2005-10-12,160
2005-10-13,159
2005-10-13,159
2005-10-13,158
2005-10-13,160
2005-10-14,158
2005-10-14,158
2005-10-14,158
2005-10-14,158
2005-10-15,159
2005-10-15,159
2005-10-15,158
2005-10-15,160
2005-10-16,160
2005-10-16,160
2005-10-16,160
2005-10-16,160
2005-10-17,159
2005-10-17,159
2005-10-17,158
2005-10-17,160
2005-10-18,157
2005-10-18,157
2005-10-18,158
2005-10-18,156
2005-10-19,159
2005-10-19,159
2005-10-19,158
2005-10-19,160
2005-10-20,161
2005-10-20,161
2005-10-20,160
2005-10-20,162
2005-10-21,164
2005-10-21,164
2005-10-21,164
2005-10-21,164
2005-10-22,161
2005-10-22,161
2005-10-22,162
2005-10-22,160
2005-10-23,158
2005-10-23,158
2005-10-23,158
2005-10-23,158
2005-10-24,156
2005-10-24,156
2005-10-24,156
2005-10-24,156
2005-10-25,154
2005-10-25,154
2005-10-25,154
2005-10-25,154
2005-10-26,159
2005-10-26,159
2005-10-26,158
2005-10-26,160
2005-10-27,163
2005-10-27,163
2005-10-27,162
2005-10-27,164
2005-10-28,169
2005-10-28,169
2005-10-28,168
2005-10-28,170
2005-10-29,173
2005-10-29,173
2005-10-29,172
2005-10-29,174
2005-10-30,175
2005-10-30,175
2005-10-30,174
2005-10-30,176
2005-10-31,178
2005-10-31,178
2005-10-31,178
2005-10-31,178
2005-11-01,174
2005-11-01,174
2005-11-01,174
2005-11-01,174
2005-11-02,172
2005-11-02,172
2005-11-02,172
2005-11-02,172
2005-11-03,171
2005-11-03,171
2005-11-03,170
2005-11-03,172
2005-11-04,168
2005-11-04,168
2005-11-04,168
2005-11-04,168
2005-11-05,166
2005-11-05,166
2005-11-05,164
2005-11-05,168
2005-11-06,166
2005-11-06,166
2005-11-06,164
2005-11-06,168
2005-11-07,171
2005-11-07,171
2005-11-07,170
2005-11-07,172
2005-11-08,173
2005-11-08,173
2005-11-08,174
2005-11-08,172
2005-11-09,170
2005-11-09,170
2005-11-09,170
2005-11-09,170
2005-11-10,172
2005-11-10,172
2005-11-10,172
2005-11-10,172
2005-11-11,175
2005-11-11,175
2005-11-11,174
2005-11-11,176
2005-11-12,174
2005-11-12,174
2005-11-12,174
2005-11-12,174
2005-11-13,176.5
2005-11-13,176
2005-11-13,176
2005-11-13,177
2005-11-14,179
2005-11-14,179
2005-11-14,178
2005-11-14,180
2005-11-15,185
2005-11-15,185
2005-11-15,184
2005-11-15,186
2005-11-16,187.5
2005-11-16,188
2005-11-16,187
2005-11-16,188
2005-11-17,194.5
2005-11-17,194
2005-11-17,193
2005-11-17,196
2005-11-18,198.5
2005-11-18,198
2005-11-18,198
2005-11-18,199
2005-11-19,200
2005-11-19,200
2005-11-19,200
2005-11-19,200
2005-11-20,202
2005-11-20,202
2005-11-20,202
2005-11-20,202
2005-11-21,202.5
2005-11-21,202
2005-11-21,203
2005-11-21,202
2005-11-22,203.5
2005-11-22,204
2005-11-22,203
2005-11-22,204
2005-11-23,206.5
2005-11-23,206
2005-11-23,206
2005-11-23,207
2005-11-24,210
2005-11-24,210
2005-11-24,209
2005-11-24,211
2005-11-25,214
2005-11-25,214
2005-11-25,214
2005-11-25,214
2005-11-26,220
2005-11-26,220
2005-11-26,218
2005-11-26,222
2005-11-27,226
2005-11-27,226
2005-11-27,224
2005-11-27,228
2005-11-28,234
2005-11-28,234
2005-11-28,232
2005-11-28,236
2005-11-29,241
2005-11-29,241
2005-11-29,240
2005-11-29,242
2005-11-30,248
2005-11-30,248
2005-11-30,246
2005-11-30,250
2005-12-01,259
2005-12-01,259
2005-12-01,258
2005-12-01,260
2005-12-02,269.5
2005-12-02,270
2005-12-02,267
2005-12-02,272
2005-12-03,274.5
2005-12-03,274
2005-12-03,274
2005-12-03,275
2005-12-04,279
2005-12-04,279
2005-12-04,278
2005-12-04,280
2005-12-05,282.5
2005-12-05,282
2005-12-05,282
2005-12-05,283
2005-12-06,285
2005-12-06,285
2005-12-06,284
2005-12-06,286
2005-12-07,288
2005-12-07,288
2005-12-07,287
2005-12-07,289
2005-12-08,290
2005-12-08,290
2005-12-08,290
2005-12-08,290
2005-12-09,295
2005-12-09,295
2005-12-09,294
2005-12-09,296
2005-12-10,299
2005-12-10,299
2005-12-10,298
2005-12-10,300
2005-12-11,304.5
2005-12-11,304
2005-12-11,303
2005-12-11,306
2005-12-12,312
2005-12-12,312
2005-12-12,313
2005-12-12,311
2005-12-13,311
2005-12-13,311
2005-12-13,310
2005-12-13,312
2005-12-14,318
2005-12-14,318
2005-12-14,316
2005-12-14,320
2005-12-15,329
2005-12-15,329
2005-12-15,326
2005-12-15,332
2005-12-16,344
2005-12-16,344
2005-12-16,340
2005-12-16,348
2005-12-17,361
2005-12-17,361
2005-12-17,356
2005-12-17,366
2005-12-18,388.5
2005-12-18,388
2005-12-18,379
2005-12-18,398
2005-12-19,412
2005-12-19,412
2005-12-19,410
2005-12-19,414
2005-12-20,440
2005-12-20,440
2005-12-20,434
2005-12-20,446
2005-12-21,465
2005-12-21,465
2005-12-21,460
2005-12-21,470
2005-12-22,488
2005-12-22,488
2005-12-22,486
2005-12-22,490
2005-12-23,504
2005-12-23,504
2005-12-23,500
2005-12-23,508
2005-12-24,519
2005-12-24,519
2005-12-24,516
2005-12-24,522
2005-12-25,531
2005-12-25,531
2005-12-25,530
2005-12-25,532
2005-12-26,538
2005-12-26,538
2005-12-26,536
2005-12-26,540
2005-12-27,547
2005-12-27,547
2005-12-27,546
2005-12-27,548
2005-12-28,551
2005-12-28,551
2005-12-28,550
2005-12-28,552
2005-12-29,555
2005-12-29,555
2005-12-29,554
2005-12-29,556
2005-12-30,562
2005-12-30,562
2005-12-30,560
2005-12-30,564
2005-12-31,568.5
2005-12-31,568
2005-12-31,568
2005-12-31,569
2006-01-01,561
2006-01-01,561
2006-01-01,560
2006-01-01,562
2006-01-02,566.5
2006-01-02,566
2006-01-02,565
2006-01-02,568
2006-01-03,575
2006-01-03,575
2006-01-03,574
2006-01-03,576
2006-01-04,580
2006-01-04,580
2006-01-04,578
2006-01-04,582
2006-01-05,590.5
2006-01-05,590
2006-01-05,590
2006-01-05,591
2006-01-06,593
2006-01-06,593
2006-01-06,592
2006-01-06,594
2006-01-07,597
2006-01-07,597
2006-01-07,596
2006-01-07,598
2006-01-08,601
2006-01-08,601
2006-01-08,600
2006-01-08,602
2006-01-09,606
2006-01-09,606
2006-01-09,605
2006-01-09,607
2006-01-10,610
2006-01-10,610
2006-01-10,609
2006-01-10,611
2006-01-11,613.5
2006-01-11,614
2006-01-11,612
2006-01-11,615
2006-01-12,620.5
2006-01-12,620
2006-01-12,619
2006-01-12,622
2006-01-13,625.5
2006-01-13,626
2006-01-13,624
2006-01-13,627
2006-01-14,633
2006-01-14,633
2006-01-14,632
2006-01-14,634
2006-01-15,637.5
2006-01-15,638
2006-01-15,637
2006-01-15,638
2006-01-16,640.5
2006-01-16,640
2006-01-16,640
2006-01-16,641
2006-01-17,643.5
2006-01-17,644
2006-01-17,643
2006-01-17,644
2006-01-18,645
2006-01-18,645
2006-01-18,644
2006-01-18,646
2006-01-19,649
2006-01-19,649
2006-01-19,648
2006-01-19,650
2006-01-20,656
2006-01-20,656
2006-01-20,654
2006-01-20,658
2006-01-21,665
2006-01-21,665
2006-01-21,662
2006-01-21,668
2006-01-22,673
2006-01-22,673
2006-01-22,672
2006-01-22,674
2006-01-23,676
2006-01-23,676
2006-01-23,676
2006-01-23,676
2006-01-24,673
2006-01-24,673
2006-01-24,674
2006-01-24,672
2006-01-25,672.5
2006-01-25,672
2006-01-25,672
2006-01-25,673
2006-01-26,674
2006-01-26,674
2006-01-26,678
2006-01-26,670
2006-01-27,668
2006-01-27,668
2006-01-27,668
2006-01-27,668
2006-01-28,664
2006-01-28,664
2006-01-28,662
2006-01-28,666
2006-01-29,656.5
2006-01-29,656
2006-01-29,659
2006-01-29,654
2006-01-30,648
2006-01-30,648
2006-01-30,650
2006-01-30,646
2006-01-31,642
2006-01-31,642
2006-01-31,643
2006-01-31,641
2006-02-01,640
2006-02-01,640
2006-02-01,640
2006-02-01,640
2006-02-02,638.5
2006-02-02,638
2006-02-02,638
2006-02-02,639
2006-02-03,635
2006-02-03,635
2006-02-03,636
2006-02-03,634
2006-02-04,631
2006-02-04,631
2006-02-04,632
2006-02-04,630
2006-02-05,628
2006-02-05,628
2006-02-05,628
2006-02-05,628
2006-02-06,629
2006-02-06,629
2006-02-06,630
2006-02-06,628
2006-02-07,630
2006-02-07,630
2006-02-07,630
2006-02-07,630
2006-02-08,628.5
2006-02-08,628
2006-02-08,628
2006-02-08,629
2006-02-09,630.5
2006-02-09,630
2006-02-09,630
2006-02-09,631
2006-02-10,634
2006-02-10,634
2006-02-10,633
2006-02-10,635
2006-02-11,637
2006-02-11,637
2006-02-11,636
2006-02-11,638
2006-02-12,642.5
2006-02-12,642
2006-02-12,641
2006-02-12,644
2006-02-13,651
2006-02-13,651
2006-02-13,650
2006-02-13,652
2006-02-14,662
2006-02-14,662
2006-02-14,662
2006-02-14,662
2006-02-15,672.5
2006-02-15,672
2006-02-15,670
2006-02-15,675
2006-02-16,679
2006-02-16,679
2006-02-16,678
2006-02-16,680
2006-02-17,687
2006-02-17,687
2006-02-17,686
2006-02-17,688
2006-02-18,704.5
2006-02-18,704
2006-02-18,700
2006-02-18,709
2006-02-19,714
2006-02-19,714
2006-02-19,712
2006-02-19,716
2006-02-20,725
2006-02-20,725
2006-02-20,722
2006-02-20,728
2006-02-21,747
2006-02-21,747
2006-02-21,742
2006-02-21,752
2006-02-22,760
2006-02-22,760
2006-02-22,758
2006-02-22,762
2006-02-23,772
2006-02-23,772
2006-02-23,770
2006-02-23,774
2006-02-24,780
2006-02-24,780
2006-02-24,778
2006-02-24,782
2006-02-25,788
2006-02-25,788
2006-02-25,786
2006-02-25,790
2006-02-26,797
2006-02-26,797
2006-02-26,796
2006-02-26,798
2006-02-27,804.5
2006-02-27,804
2006-02-27,802
2006-02-27,807
2006-02-28,817.5
2006-02-28,818
2006-02-28,816
2006-02-28,819
2006-03-01,828
2006-03-01,828
2006-03-01,824
2006-03-01,828
2006-03-02,838
2006-03-02,835
2006-03-02,832
2006-03-02,838
2006-03-03,844
2006-03-03,844
2006-03-03,842
2006-03-03,844
2006-03-04,857
2006-03-04,857
2006-03-04,852
2006-03-04,857
2006-03-05,861
2006-03-05,861
2006-03-05,858
2006-03-05,861
2006-03-06,864
2006-03-06,864
2006-03-06,862
2006-03-06,864
2006-03-07,864
2006-03-07,864
2006-03-07,866
2006-03-07,864
2006-03-08,858
2006-03-08,858
2006-03-08,860
2006-03-08,858
2006-03-09,856
2006-03-09,856
2006-03-09,858
2006-03-09,856
2006-03-10,852
2006-03-10,852
2006-03-10,854
2006-03-10,852
2006-03-11,848
2006-03-11,848
2006-03-11,850
2006-03-11,848
2006-03-12,848
2006-03-12,848
2006-03-12,848
2006-03-12,848
2006-03-13,844
2006-03-13,844
2006-03-13,846
2006-03-13,844
2006-03-14,848
2006-03-14,848
2006-03-14,844
2006-03-14,848
2006-03-15,850
2006-03-15,850
2006-03-15,850
2006-03-15,850
2006-03-16,854
2006-03-16,854
2006-03-16,852
2006-03-16,854
2006-03-17,858
2006-03-17,858
2006-03-17,856
2006-03-17,858
2006-03-18,858
2006-03-18,858
2006-03-18,857
2006-03-18,858
2006-03-19,844
2006-03-19,852
2006-03-19,860
2006-03-19,844
2006-03-20,870
2006-03-20,870
2006-03-20,868
2006-03-20,870
2006-03-21,878
2006-03-21,878
2006-03-21,874
2006-03-21,878
2006-03-22,885
2006-03-22,885
2006-03-22,883
2006-03-22,885
2006-03-23,888
2006-03-23,888
2006-03-23,887
2006-03-23,888
2006-03-24,893
2006-03-24,893
2006-03-24,890
2006-03-24,893
2006-03-25,898
2006-03-25,898
2006-03-25,896
2006-03-25,898
2006-03-26,902
2006-03-26,902
2006-03-26,900
2006-03-26,902
2006-03-27,900
2006-03-27,900
2006-03-27,898
2006-03-27,900
2006-03-28,902
2006-03-28,902
2006-03-28,898
2006-03-28,902
2006-03-29,902
2006-03-29,902
2006-03-29,900
2006-03-29,902
2006-03-30,906
2006-03-30,906
2006-03-30,906
2006-03-30,906
2006-03-31,908
2006-03-31,908
2006-03-31,907
2006-03-31,908
2006-04-01,908
2006-04-01,908
2006-04-01,910
2006-04-01,908
2006-04-02,910
2006-04-02,910
2006-04-02,908
2006-04-02,910
2006-04-03,914
2006-04-03,914
2006-04-03,912
2006-04-03,914
2006-04-04,918
2006-04-04,918
2006-04-04,917
2006-04-04,918
2006-04-05,916
2006-04-05,912
2006-04-05,919
2006-04-05,912
2006-04-06,907
2006-04-06,907
2006-04-06,910
2006-04-06,907
2006-04-07,903
2006-04-07,903
2006-04-07,905
2006-04-07,903
2006-04-08,900
2006-04-08,900
2006-04-08,902
2006-04-08,900
2006-04-09,907
2006-04-09,910
2006-04-09,904
2006-04-09,910
2006-04-10,920
2006-04-10,920
2006-04-10,916
2006-04-10,920
2006-04-11,928
2006-04-11,928
2006-04-11,924
2006-04-11,928
2006-04-12,932
2006-04-12,932
2006-04-12,928
2006-04-12,932
2006-04-13,937
2006-04-13,937
2006-04-13,934
2006-04-13,937
2006-04-14,938
2006-04-14,938
2006-04-14,938
2006-04-14,938
2006-04-15,942
2006-04-15,942
2006-04-15,939
2006-04-15,942
2006-04-16,942
2006-04-16,942
2006-04-16,940
2006-04-16,942
2006-04-17,946
2006-04-17,946
2006-04-17,945
2006-04-17,946
2006-04-18,948
2006-04-18,948
2006-04-18,947
2006-04-18,948
2006-04-19,948
2006-04-19,948
2006-04-19,948
2006-04-19,948
2006-04-20,952
2006-04-20,952
2006-04-20,954
2006-04-20,952
2006-04-21,950
2006-04-21,950
2006-04-21,950
2006-04-21,950
2006-04-22,947
2006-04-22,947
2006-04-22,948
2006-04-22,947
2006-04-23,948
2006-04-23,948
2006-04-23,947
2006-04-23,948
2006-04-24,952
2006-04-24,952
2006-04-24,950
2006-04-24,952
2006-04-25,954
2006-04-25,958
2006-04-25,950
2006-04-25,958
2006-04-26,963
2006-04-26,963
2006-04-26,962
2006-04-26,963
2006-04-27,966
2006-04-27,966
2006-04-27,965
2006-04-27,966
2006-04-28,968
2006-04-28,968
2006-04-28,966
2006-04-28,968
2006-04-29,972
2006-04-29,972
2006-04-29,970
2006-04-29,972
2006-04-30,972
2006-04-30,970
2006-04-30,974
2006-04-30,970
2006-05-01,967
2006-05-01,967
2006-05-01,968
2006-05-01,966
2006-05-02,964
2006-05-02,963.5
2006-05-02,964
2006-05-02,963
2006-05-03,959
2006-05-03,959
2006-05-03,960
2006-05-03,958
2006-05-04,955
2006-05-04,955
2006-05-04,956
2006-05-04,954
2006-05-05,952
2006-05-05,952.5
2006-05-05,953
2006-05-05,952
2006-05-06,947
2006-05-06,947
2006-05-06,948
2006-05-06,946
2006-05-07,940
2006-05-07,940.5
2006-05-07,942
2006-05-07,939
2006-05-08,935
2006-05-08,934.5
2006-05-08,935
2006-05-08,934
2006-05-09,927
2006-05-09,927
2006-05-09,928
2006-05-09,926
2006-05-10,926
2006-05-10,925.5
2006-05-10,925
2006-05-10,926
2006-05-11,927
2006-05-11,927
2006-05-11,926
2006-05-11,928
2006-05-12,925
2006-05-12,925
2006-05-12,926
2006-05-12,924
2006-05-13,918
2006-05-13,918
2006-05-13,920
2006-05-13,916
2006-05-14,910
2006-05-14,910.5
2006-05-14,912
2006-05-14,909
2006-05-15,904
2006-05-15,904.5
2006-05-15,906
2006-05-15,903
2006-05-16,892
2006-05-16,892
2006-05-16,896
2006-05-16,888
2006-05-17,884
2006-05-17,883.5
2006-05-17,885
2006-05-17,882
2006-05-18,876
2006-05-18,876
2006-05-18,876
2006-05-18,876
2006-05-19,864
2006-05-19,864.5
2006-05-19,866
2006-05-19,863
2006-05-20,856
2006-05-20,856
2006-05-20,858
2006-05-20,854
2006-05-21,850
2006-05-21,850
2006-05-21,850
2006-05-21,850
2006-05-22,846
2006-05-22,846.5
2006-05-22,848
2006-05-22,845
2006-05-23,839
2006-05-23,839
2006-05-23,840
2006-05-23,838
2006-05-24,836
2006-05-24,835.5
2006-05-24,836
2006-05-24,835
2006-05-25,834
2006-05-25,834
2006-05-25,834
2006-05-25,834
2006-05-26,832
2006-05-26,832
2006-05-26,832
2006-05-26,832
2006-05-27,832
2006-05-27,831.5
2006-05-27,832
2006-05-27,831
2006-05-28,831
2006-05-28,831
2006-05-28,832
2006-05-28,830
2006-05-29,832
2006-05-29,832.5
2006-05-29,833
2006-05-29,832
2006-05-30,832
2006-05-30,831.5
2006-05-30,831
2006-05-30,832
2006-05-31,829
2006-05-31,829
2006-05-31,830
2006-05-31,828
2006-06-01,824
2006-06-01,823.5
2006-06-01,825
2006-06-01,822
2006-06-02,816
2006-06-02,816.5
2006-06-02,818
2006-06-02,815
2006-06-03,810
2006-06-03,810.5
2006-06-03,812
2006-06-03,809
2006-06-04,802
2006-06-04,802
2006-06-04,804
2006-06-04,800
2006-06-05,794
2006-06-05,794
2006-06-05,796
2006-06-05,792
2006-06-06,786
2006-06-06,786.5
2006-06-06,788
2006-06-06,785
2006-06-07,778
2006-06-07,778
2006-06-07,780
2006-06-07,776
2006-06-08,770
2006-06-08,769.5
2006-06-08,773
2006-06-08,766
2006-06-09,760
2006-06-09,760
2006-06-09,762
2006-06-09,758
2006-06-10,753
2006-06-10,753
2006-06-10,754
2006-06-10,752
2006-06-11,750
2006-06-11,750
2006-06-11,750
2006-06-11,750
2006-06-12,746
2006-06-12,746.5
2006-06-12,748
2006-06-12,745
2006-06-13,740
2006-06-13,740
2006-06-13,742
2006-06-13,738
2006-06-14,734
2006-06-14,733.5
2006-06-14,735
2006-06-14,732
2006-06-15,729
2006-06-15,729
2006-06-15,730
2006-06-15,728
2006-06-16,724
2006-06-16,724
2006-06-16,725
2006-06-16,723
2006-06-17,722
2006-06-17,722
2006-06-17,724
2006-06-17,720
2006-06-18,719
2006-06-18,719
2006-06-18,720
2006-06-18,718
2006-06-19,716
2006-06-19,715.5
2006-06-19,716
2006-06-19,715
2006-06-20,712
2006-06-20,711.5
2006-06-20,712
2006-06-20,711
2006-06-21,709
2006-06-21,709
2006-06-21,710
2006-06-21,708
2006-06-22,704
2006-06-22,704
2006-06-22,705
2006-06-22,703
2006-06-23,699
2006-06-23,699
2006-06-23,700
2006-06-23,698
2006-06-24,696
2006-06-24,695.5
2006-06-24,696
2006-06-24,695
2006-06-25,692
2006-06-25,692.5
2006-06-25,693
2006-06-25,692
2006-06-26,689
2006-06-26,689
2006-06-26,690
2006-06-26,688
2006-06-27,686
2006-06-27,686.5
2006-06-27,687
2006-06-27,686
2006-06-28,685
2006-06-28,685
2006-06-28,686
2006-06-28,684
2006-06-29,681
2006-06-29,681
2006-06-29,682
2006-06-29,680
2006-06-30,677
2006-06-30,677
2006-06-30,678
2006-06-30,676
2006-07-01,675
2006-07-01,675
2006-07-01,676
2006-07-01,674
2006-07-02,671
2006-07-02,671
2006-07-02,672
2006-07-02,670
2006-07-03,667.5
2006-07-03,668
2006-07-03,668
2006-07-03,667
2006-07-04,664
2006-07-04,664
2006-07-04,666
2006-07-04,662
2006-07-05,655
2006-07-05,655
2006-07-05,656
2006-07-05,654
2006-07-06,652
2006-07-06,652
2006-07-06,652
2006-07-06,652
2006-07-07,649
2006-07-07,649
2006-07-07,650
2006-07-07,648
2006-07-08,644.5
2006-07-08,644
2006-07-08,645
2006-07-08,644
2006-07-09,640.5
2006-07-09,640
2006-07-09,641
2006-07-09,640
2006-07-10,636
2006-07-10,636
2006-07-10,636
2006-07-10,636
2006-07-11,635
2006-07-11,635
2006-07-11,635
2006-07-11,635
2006-07-12,633
2006-07-12,633
2006-07-12,634
2006-07-12,632
2006-07-13,630
2006-07-13,630
2006-07-13,630
2006-07-13,630
2006-07-14,626.5
2006-07-14,626
2006-07-14,628
2006-07-14,625
2006-07-15,623.5
2006-07-15,624
2006-07-15,624
2006-07-15,623
2006-07-16,619.5
2006-07-16,620
2006-07-16,620
2006-07-16,619
2006-07-17,616.5
2006-07-17,616
2006-07-17,617
2006-07-17,616
2006-07-18,612.5
2006-07-18,612
2006-07-18,613
2006-07-18,612
2006-07-19,610
2006-07-19,610
2006-07-19,610
2006-07-19,610
2006-07-20,608.5
2006-07-20,608
2006-07-20,609
2006-07-20,608
2006-07-21,605.5
2006-07-21,606
2006-07-21,607
2006-07-21,604
2006-07-22,601
2006-07-22,601
2006-07-22,602
2006-07-22,600
2006-07-23,600
2006-07-23,600
2006-07-23,600
2006-07-23,600
2006-07-24,598
2006-07-24,598
2006-07-24,599
2006-07-24,597
2006-07-25,595
2006-07-25,595
2006-07-25,597
2006-07-25,593
2006-07-26,587
2006-07-26,587
2006-07-26,589
2006-07-26,585
2006-07-27,579
2006-07-27,579
2006-07-27,580
2006-07-27,578
2006-07-28,574.5
2006-07-28,574
2006-07-28,575
2006-07-28,574
2006-07-29,571.5
2006-07-29,572
2006-07-29,572
2006-07-29,571
2006-07-30,576
2006-07-30,576
2006-07-30,578
2006-07-30,574
2006-07-31,566
2006-07-31,566
2006-07-31,568
2006-07-31,564
2006-08-01,559
2006-08-01,559
2006-08-01,560
2006-08-01,558
2006-08-02,556
2006-08-02,555.5
2006-08-02,556
2006-08-02,555
2006-08-03,549
2006-08-03,549
2006-08-03,550
2006-08-03,548
2006-08-04,544
2006-08-04,544.5
2006-08-04,546
2006-08-04,543
2006-08-05,539
2006-08-05,539
2006-08-05,540
2006-08-05,538
2006-08-06,534
2006-08-06,534.5
2006-08-06,536
2006-08-06,533
2006-08-07,530
2006-08-07,529.5
2006-08-07,530
2006-08-07,529
2006-08-08,527
2006-08-08,527
2006-08-08,528
2006-08-08,526
2006-08-09,522
2006-08-09,522.5
2006-08-09,523
2006-08-09,522
2006-08-10,520
2006-08-10,520
2006-08-10,520
2006-08-10,520
2006-08-11,520
2006-08-11,519.5
2006-08-11,520
2006-08-11,519
2006-08-12,517
2006-08-12,517
2006-08-12,518
2006-08-12,516
2006-08-13,513
2006-08-13,513
2006-08-13,514
2006-08-13,512
2006-08-14,508
2006-08-14,508
2006-08-14,509
2006-08-14,507
2006-08-15,504
2006-08-15,503.5
2006-08-15,504
2006-08-15,503
2006-08-16,501
2006-08-16,501
2006-08-16,502
2006-08-16,500
2006-08-17,496
2006-08-17,496.5
2006-08-17,498
2006-08-17,495
2006-08-18,489
2006-08-18,489
2006-08-18,491
2006-08-18,487
2006-08-19,481
2006-08-19,481
2006-08-19,482
2006-08-19,480
2006-08-20,476
2006-08-20,475.5
2006-08-20,478
2006-08-20,473
2006-08-21,468
2006-08-21,467.5
2006-08-21,475
2006-08-21,460
2006-08-22,457
2006-08-22,457
2006-08-22,458
2006-08-22,456
2006-08-23,453
2006-08-23,453
2006-08-23,455
2006-08-23,451
2006-08-24,447
2006-08-24,447
2006-08-24,448
2006-08-24,446
2006-08-25,444
2006-08-25,444
2006-08-25,445
2006-08-25,443
2006-08-26,443
2006-08-26,443
2006-08-26,443
2006-08-26,443
2006-08-27,442
2006-08-27,441.5
2006-08-27,443
2006-08-27,440
2006-08-28,438
2006-08-28,437.5
2006-08-28,437
2006-08-28,438
2006-08-29,434
2006-08-29,433.5
2006-08-29,435
2006-08-29,432
2006-08-30,425
2006-08-30,425
2006-08-30,428
2006-08-30,422
2006-08-31,416
2006-08-31,416.5
2006-08-31,418
2006-08-31,415
2006-09-01,411.5
2006-09-01,412
2006-09-01,413
2006-09-01,410
2006-09-02,404
2006-09-02,404
2006-09-02,406
2006-09-02,402
2006-09-03,393
2006-09-03,393
2006-09-03,394
2006-09-03,392
2006-09-04,384
2006-09-04,384
2006-09-04,386
2006-09-04,382
2006-09-05,372
2006-09-05,372
2006-09-05,374
2006-09-05,370
2006-09-06,363
2006-09-06,363
2006-09-06,364
2006-09-06,362
2006-09-07,360
2006-09-07,360
2006-09-07,360
2006-09-07,360
2006-09-08,357.5
2006-09-08,358
2006-09-08,358
2006-09-08,357
2006-09-09,356.5
2006-09-09,356
2006-09-09,357
2006-09-09,356
2006-09-10,354
2006-09-10,354
2006-09-10,356
2006-09-10,352
2006-09-11,355.5
2006-09-11,356
2006-09-11,356
2006-09-11,355
2006-09-12,349.5
2006-09-12,350
2006-09-12,350
2006-09-12,349
2006-09-13,347.5
2006-09-13,348
2006-09-13,348
2006-09-13,347
2006-09-14,341
2006-09-14,341
2006-09-14,344
2006-09-14,338
2006-09-15,330
2006-09-15,330
2006-09-15,332
2006-09-15,328
2006-09-16,318
2006-09-16,318
2006-09-16,318
2006-09-16,318
2006-09-17,312
2006-09-17,312
2006-09-17,313
2006-09-17,311
2006-09-18,306.5
2006-09-18,306
2006-09-18,309
2006-09-18,304
2006-09-19,299
2006-09-19,299
2006-09-19,296
2006-09-19,302
2006-09-20,289
2006-09-20,289
2006-09-20,288
2006-09-20,290
2006-09-21,281
2006-09-21,281
2006-09-21,282
2006-09-21,280
2006-09-22,277
2006-09-22,277
2006-09-22,276
2006-09-22,278
2006-09-23,273.5
2006-09-23,274
2006-09-23,274
2006-09-23,273
2006-09-24,271.5
2006-09-24,272
2006-09-24,272
2006-09-24,271
2006-09-25,269
2006-09-25,269
2006-09-25,268
2006-09-25,270
2006-09-26,263
2006-09-26,263
2006-09-26,264
2006-09-26,262
2006-09-27,259
2006-09-27,259
2006-09-27,258
2006-09-27,260
2006-09-28,250.5
2006-09-28,250
2006-09-28,252
2006-09-28,249
2006-09-29,245.5
2006-09-29,246
2006-09-29,246
2006-09-29,245
2006-09-30,243.5
2006-09-30,244
2006-09-30,244
2006-09-30,243
2006-10-01,240.5
2006-10-01,240
2006-10-01,241
2006-10-01,240
2006-10-02,236.5
2006-10-02,237
2006-10-02,238
2006-10-02,235
2006-10-03,234.5
2006-10-03,235
2006-10-03,234
2006-10-03,235
2006-10-04,232
2006-10-04,232
2006-10-04,233
2006-10-04,231
2006-10-05,231
2006-10-05,231
2006-10-05,230
2006-10-05,232
2006-10-06,234
2006-10-06,234
2006-10-06,234
2006-10-06,234
2006-10-07,233.5
2006-10-07,234
2006-10-07,232
2006-10-07,235
2006-10-08,232.5
2006-10-08,233
2006-10-08,232
2006-10-08,233
2006-10-09,232
2006-10-09,232
2006-10-09,232
2006-10-09,232
2006-10-10,234.5
2006-10-10,235
2006-10-10,233
2006-10-10,236
2006-10-11,233.5
2006-10-11,234
2006-10-11,234
2006-10-11,233
2006-10-12,233.5
2006-10-12,234
2006-10-12,232
2006-10-12,235
2006-10-13,229
2006-10-13,229
2006-10-13,230
2006-10-13,228
2006-10-14,227.5
2006-10-14,228
2006-10-14,227
2006-10-14,228
2006-10-15,225
2006-10-15,225
2006-10-15,226
2006-10-15,224
2006-10-16,225
2006-10-16,225
2006-10-16,226
2006-10-16,224
2006-10-17,220.5
2006-10-17,220
2006-10-17,220
2006-10-17,221
2006-10-18,224.5
2006-10-18,224
2006-10-18,224
2006-10-18,225
2006-10-19,229
2006-10-19,229
2006-10-19,228
2006-10-19,230
2006-10-20,241.5
2006-10-20,242
2006-10-20,240
2006-10-20,243
2006-10-21,247
2006-10-21,247
2006-10-21,246
2006-10-21,248
2006-10-22,253.5
2006-10-22,254
2006-10-22,251
2006-10-22,256
2006-10-23,261
2006-10-23,261
2006-10-23,260
2006-10-23,262
2006-10-24,263.5
2006-10-24,264
2006-10-24,264
2006-10-24,263
2006-10-25,264
2006-10-25,264
2006-10-25,264
2006-10-25,264
2006-10-26,266
2006-10-26,266
2006-10-26,265
2006-10-26,267
2006-10-27,263.5
2006-10-27,264
2006-10-27,264
2006-10-27,263
2006-10-28,262
2006-10-28,262
2006-10-28,262
2006-10-28,262
2006-10-29,260.5
2006-10-29,260
2006-10-29,261
2006-10-29,260
2006-10-30,267
2006-10-30,267
2006-10-30,266
2006-10-30,268
2006-10-31,269.5
2006-10-31,270
2006-10-31,269
2006-10-31,270
2006-11-01,273
2006-11-01,273
2006-11-01,272
2006-11-01,274
2006-11-02,276.5
2006-11-02,276
2006-11-02,276
2006-11-02,277
2006-11-03,284
2006-11-03,284
2006-11-03,280
2006-11-03,288
2006-11-04,280.5
2006-11-04,280
2006-11-04,282
2006-11-04,279
2006-11-05,274
2006-11-05,274
2006-11-05,275
2006-11-05,273
2006-11-06,275
2006-11-06,275
2006-11-06,276
2006-11-06,274
2006-11-07,277
2006-11-07,277
2006-11-07,276
2006-11-07,278
2006-11-08,280
2006-11-08,280
2006-11-08,279
2006-11-08,281
2006-11-09,286
2006-11-09,286
2006-11-09,283
2006-11-09,289
2006-11-10,295.5
2006-11-10,296
2006-11-10,293
2006-11-10,298
2006-11-11,297
2006-11-11,297
2006-11-11,298
2006-11-11,296
2006-11-12,298
2006-11-12,298
2006-11-12,298
2006-11-12,298
2006-11-13,302.5
2006-11-13,302
2006-11-13,302
2006-11-13,303
2006-11-14,307
2006-11-14,307
2006-11-14,305
2006-11-14,309
2006-11-15,313
2006-11-15,313
2006-11-15,312
2006-11-15,314
2006-11-16,324.5
2006-11-16,324
2006-11-16,321
2006-11-16,328
2006-11-17,337.5
2006-11-17,338
2006-11-17,337
2006-11-17,338
2006-11-18,341.5
2006-11-18,342
2006-11-18,340
2006-11-18,343
2006-11-19,346.5
2006-11-19,346
2006-11-19,346
2006-11-19,347
2006-11-20,348.5
2006-11-20,348
2006-11-20,348
2006-11-20,349
2006-11-21,345.5
2006-11-21,346
2006-11-21,345
2006-11-21,346
2006-11-22,346.5
2006-11-22,346
2006-11-22,348
2006-11-22,345
2006-11-23,343
2006-11-23,343
2006-11-23,344
2006-11-23,342
2006-11-24,339
2006-11-24,339
2006-11-24,340
2006-11-24,338
2006-11-25,334
2006-11-25,334
2006-11-25,335
2006-11-25,333
2006-11-26,331
2006-11-26,331
2006-11-26,332
2006-11-26,330
2006-11-27,326.5
2006-11-27,326
2006-11-27,328
2006-11-27,325
2006-11-28,321.5
2006-11-28,322
2006-11-28,323
2006-11-28,320
2006-11-29,317
2006-11-29,317
2006-11-29,318
2006-11-29,316
2006-11-30,311
2006-11-30,311
2006-11-30,312
2006-11-30,310
2006-12-01,306.5
2006-12-01,306
2006-12-01,307
2006-12-01,306
2006-12-02,303
2006-12-02,303
2006-12-02,304
2006-12-02,302
2006-12-03,303.5
2006-12-03,304
2006-12-03,303
2006-12-03,304
2006-12-04,304.5
2006-12-04,304
2006-12-04,304
2006-12-04,305
2006-12-05,303
2006-12-05,303
2006-12-05,306
2006-12-05,300
2006-12-06,308
2006-12-06,308
2006-12-06,308
2006-12-06,308
2006-12-07,311.5
2006-12-07,312
2006-12-07,310
2006-12-07,313
2006-12-08,316
2006-12-08,316
2006-12-08,315
2006-12-08,317
2006-12-09,322
2006-12-09,322
2006-12-09,320
2006-12-09,324
2006-12-10,329
2006-12-10,329
2006-12-10,328
2006-12-10,330
2006-12-11,331.5
2006-12-11,332
2006-12-11,330
2006-12-11,333
2006-12-12,345
2006-12-12,345
2006-12-12,342
2006-12-12,348
2006-12-13,352
2006-12-13,352
2006-12-13,350
2006-12-13,354
2006-12-14,361
2006-12-14,361
2006-12-14,359
2006-12-14,363
2006-12-15,374
2006-12-15,374
2006-12-15,372
2006-12-15,376
2006-12-16,384
2006-12-16,384
2006-12-16,382
2006-12-16,386
2006-12-17,397
2006-12-17,397
2006-12-17,392
2006-12-17,402
2006-12-18,409
2006-12-18,409
2006-12-18,406
2006-12-18,412
2006-12-19,417
2006-12-19,417
2006-12-19,416
2006-12-19,418
2006-12-20,424
2006-12-20,424
2006-12-20,420
2006-12-20,428
2006-12-21,434
2006-12-21,434
2006-12-21,432
2006-12-21,436
2006-12-22,443
2006-12-22,443
2006-12-22,440
2006-12-22,446
2006-12-23,453.5
2006-12-23,454
2006-12-23,450
2006-12-23,457
2006-12-24,463.5
2006-12-24,464
2006-12-24,462
2006-12-24,465
2006-12-25,469
2006-12-25,469
2006-12-25,468
2006-12-25,470
2006-12-26,473
2006-12-26,473
2006-12-26,472
2006-12-26,474
2006-12-27,474
2006-12-27,474
2006-12-27,476
2006-12-27,472
2006-12-28,473
2006-12-28,473
2006-12-28,474
2006-12-28,472
2006-12-29,471
2006-12-29,471
2006-12-29,472
2006-12-29,470
2006-12-30,467.5
2006-12-30,468
2006-12-30,468
2006-12-30,467
2006-12-31,464.5
2006-12-31,464
2006-12-31,465
2006-12-31,464
2007-01-01,462
2007-01-01,462
2007-01-01,462
2007-01-01,462
2007-01-02,459.5
2007-01-02,460
2007-01-02,459
2007-01-02,460
2007-01-03,461
2007-01-03,461
2007-01-03,460
2007-01-03,462
2007-01-04,464
2007-01-04,464
2007-01-04,460
2007-01-04,468
2007-01-05,461
2007-01-05,461
2007-01-05,462
2007-01-05,460
2007-01-06,466
2007-01-06,466
2007-01-06,464
2007-01-06,468
2007-01-07,471
2007-01-07,471
2007-01-07,470
2007-01-07,472
2007-01-08,478
2007-01-08,478
2007-01-08,476
2007-01-08,480
2007-01-09,485.5
2007-01-09,486
2007-01-09,483
2007-01-09,488
2007-01-10,492
2007-01-10,492
2007-01-10,490
2007-01-10,494
2007-01-11,498.5
2007-01-11,499
2007-01-11,497
2007-01-11,500
2007-01-12,508
2007-01-12,508
2007-01-12,506
2007-01-12,510
2007-01-13,519.5
2007-01-13,520
2007-01-13,518
2007-01-13,521
2007-01-14,530
2007-01-14,530
2007-01-14,528
2007-01-14,532
2007-01-15,539
2007-01-15,539
2007-01-15,538
2007-01-15,540
2007-01-16,546
2007-01-16,546
2007-01-16,546
2007-01-16,546
2007-01-17,556.5
2007-01-17,556
2007-01-17,556
2007-01-17,557
2007-01-18,559.5
2007-01-18,560
2007-01-18,558
2007-01-18,561
2007-01-19,567
2007-01-19,567
2007-01-19,566
2007-01-19,568
2007-01-20,571
2007-01-20,571
2007-01-20,570
2007-01-20,572
2007-01-21,573.5
2007-01-21,574
2007-01-21,574
2007-01-21,573
2007-01-22,574
2007-01-22,574
2007-01-22,574
2007-01-22,574
2007-01-23,577.5
2007-01-23,578
2007-01-23,578
2007-01-23,577
2007-01-24,576
2007-01-24,576
2007-01-24,576
2007-01-24,576
2007-01-25,574
2007-01-25,574
2007-01-25,573
2007-01-25,575
2007-01-26,571
2007-01-26,571
2007-01-26,572
2007-01-26,570
2007-01-27,567
2007-01-27,567
2007-01-27,567
2007-01-27,567
2007-01-28,565.5
2007-01-28,566
2007-01-28,566
2007-01-28,565
2007-01-29,566.5
2007-01-29,566
2007-01-29,564
2007-01-29,569
2007-01-30,562
2007-01-30,562
2007-01-30,562
2007-01-30,562
2007-01-31,564.5
2007-01-31,564
2007-01-31,563
2007-01-31,566
2007-02-01,570.5
2007-02-01,570
2007-02-01,569
2007-02-01,572
2007-02-02,584
2007-02-02,584
2007-02-02,582
2007-02-02,586
2007-02-03,593
2007-02-03,593
2007-02-03,590
2007-02-03,596
2007-02-04,607
2007-02-04,607
2007-02-04,604
2007-02-04,610
2007-02-05,619
2007-02-05,619
2007-02-05,616
2007-02-05,622
2007-02-06,642
2007-02-06,642
2007-02-06,636
2007-02-06,648
2007-02-07,659
2007-02-07,659
2007-02-07,654
2007-02-07,664
2007-02-08,680
2007-02-08,680
2007-02-08,676
2007-02-08,684
2007-02-09,692
2007-02-09,692
2007-02-09,690
2007-02-09,694
2007-02-10,705
2007-02-10,705
2007-02-10,702
2007-02-10,708
2007-02-11,715
2007-02-11,715
2007-02-11,712
2007-02-11,718
2007-02-12,725
2007-02-12,725
2007-02-12,724
2007-02-12,726
2007-02-13,730.5
2007-02-13,730
2007-02-13,729
2007-02-13,732
2007-02-14,740
2007-02-14,740
2007-02-14,738
2007-02-14,742
2007-02-15,749
2007-02-15,749
2007-02-15,746
2007-02-15,752
2007-02-16,755
2007-02-16,755
2007-02-16,754
2007-02-16,756
2007-02-17,757.5
2007-02-17,758
2007-02-17,757
2007-02-17,758
2007-02-18,761
2007-02-18,761
2007-02-18,760
2007-02-18,762
2007-02-19,764
2007-02-19,764
2007-02-19,762
2007-02-19,766
2007-02-20,769.5
2007-02-20,770
2007-02-20,769
2007-02-20,770
2007-02-21,773.5
2007-02-21,774
2007-02-21,772
2007-02-21,775
2007-02-22,780.5
2007-02-22,780
2007-02-22,779
2007-02-22,782
2007-02-23,788
2007-02-23,788
2007-02-23,786
2007-02-23,790
2007-02-24,794
2007-02-24,794
2007-02-24,794
2007-02-24,794
2007-02-25,795
2007-02-25,795
2007-02-25,795
2007-02-25,795
2007-02-26,796.5
2007-02-26,796
2007-02-26,796
2007-02-26,797
2007-02-27,798
2007-02-27,798
2007-02-27,798
2007-02-27,798
2007-02-28,799.5
2007-02-28,800
2007-02-28,799
2007-02-28,800
2007-03-01,804
2007-03-01,804
2007-03-01,802
2007-03-01,806
2007-03-02,810
2007-03-02,810.5
2007-03-02,809
2007-03-02,812
2007-03-03,815
2007-03-03,815
2007-03-03,814
2007-03-03,816
2007-03-04,818
2007-03-04,818.5
2007-03-04,818
2007-03-04,819
2007-03-05,820
2007-03-05,820.5
2007-03-05,821
2007-03-05,820
2007-03-06,825
2007-03-06,825
2007-03-06,820
2007-03-06,830
2007-03-07,833
2007-03-07,833
2007-03-07,834
2007-03-07,832
2007-03-08,831
2007-03-08,831
2007-03-08,830
2007-03-08,832
2007-03-09,833
2007-03-09,833
2007-03-09,834
2007-03-09,832
2007-03-10,829
2007-03-10,829
2007-03-10,828
2007-03-10,830
2007-03-11,831
2007-03-11,831
2007-03-11,830
2007-03-11,832
2007-03-12,833
2007-03-12,833
2007-03-12,834
2007-03-12,832
2007-03-13,833
2007-03-13,833
2007-03-13,834
2007-03-13,832
2007-03-14,829
2007-03-14,829
2007-03-14,830
2007-03-14,828
2007-03-15,822
2007-03-15,821.5
2007-03-15,822
2007-03-15,821
2007-03-16,820
2007-03-16,819.5
2007-03-16,820
2007-03-16,819
2007-03-17,816
2007-03-17,816.5
2007-03-17,817
2007-03-17,816
2007-03-18,816
2007-03-18,816.5
2007-03-18,817
2007-03-18,816
2007-03-19,812
2007-03-19,811.5
2007-03-19,812
2007-03-19,811
2007-03-20,809
2007-03-20,808.5
2007-03-20,809
2007-03-20,808
2007-03-21,807
2007-03-21,807.5
2007-03-21,808
2007-03-21,807
2007-03-22,806
2007-03-22,805.5
2007-03-22,806
2007-03-22,805
2007-03-23,801
2007-03-23,801
2007-03-23,802
2007-03-23,800
2007-03-24,796
2007-03-24,795.5
2007-03-24,796
2007-03-24,795
2007-03-25,795
2007-03-25,795
2007-03-25,795
2007-03-25,795
2007-03-26,794
2007-03-26,794
2007-03-26,794
2007-03-26,794
2007-03-27,791
2007-03-27,791
2007-03-27,792
2007-03-27,790
2007-03-28,786
2007-03-28,786.5
2007-03-28,787
2007-03-28,786
2007-03-29,785
2007-03-29,785
2007-03-29,786
2007-03-29,784
2007-03-30,786
2007-03-30,785.5
2007-03-30,785
2007-03-30,786
2007-03-31,787
2007-03-31,787
2007-03-31,788
2007-03-31,786
2007-04-01,786
2007-04-01,786
2007-04-01,787
2007-04-01,785
2007-04-02,785.5
2007-04-02,786
2007-04-02,786
2007-04-02,785
2007-04-03,783
2007-04-03,783
2007-04-03,784
2007-04-03,782
2007-04-04,781
2007-04-04,781
2007-04-04,780
2007-04-04,782
2007-04-05,779
2007-04-05,779
2007-04-05,778
2007-04-05,780
2007-04-06,777
2007-04-06,777
2007-04-06,778
2007-04-06,776
2007-04-07,774
2007-04-07,774
2007-04-07,774
2007-04-07,774
2007-04-08,770
2007-04-08,770
2007-04-08,772
2007-04-08,768
2007-04-09,762
2007-04-09,762
2007-04-09,764
2007-04-09,760
2007-04-10,752
2007-04-10,752
2007-04-10,754
2007-04-10,750
2007-04-11,750.5
2007-04-11,750
2007-04-11,751
2007-04-11,750
2007-04-12,739
2007-04-12,739
2007-04-12,740
2007-04-12,738
2007-04-13,734
2007-04-13,734
2007-04-13,734
2007-04-13,734
2007-04-14,732
2007-04-14,732
2007-04-14,732
2007-04-14,732
2007-04-15,733.5
2007-04-15,734
2007-04-15,733
2007-04-15,734
2007-04-16,732
2007-04-16,732
2007-04-16,732
2007-04-16,732
2007-04-17,729
2007-04-17,729
2007-04-17,730
2007-04-17,728
2007-04-18,727
2007-04-18,727
2007-04-18,727
2007-04-18,727
2007-04-19,722.5
2007-04-19,722
2007-04-19,720
2007-04-19,725
2007-04-20,723.5
2007-04-20,724
2007-04-20,722
2007-04-20,725
2007-04-21,726.5
2007-04-21,726
2007-04-21,725
2007-04-21,728
2007-04-22,729.5
2007-04-22,730
2007-04-22,729
2007-04-22,730
2007-04-23,735
2007-04-23,735
2007-04-23,734
2007-04-23,736
2007-04-24,740
2007-04-24,740
2007-04-24,739
2007-04-24,741
2007-04-25,741
2007-04-25,741
2007-04-25,742
2007-04-25,740
2007-04-26,737
2007-04-26,737
2007-04-26,739
2007-04-26,735
2007-04-27,731
2007-04-27,731
2007-04-27,732
2007-04-27,730
2007-04-28,726
2007-04-28,726
2007-04-28,727
2007-04-28,725
2007-04-29,723.5
2007-04-29,724
2007-04-29,725
2007-04-29,722
2007-04-30,719.5
2007-04-30,720
2007-04-30,720
2007-04-30,719
2007-05-01,718
2007-05-01,717.5
2007-05-01,718
2007-05-01,717
2007-05-02,716
2007-05-02,716
2007-05-02,716
2007-05-02,716
2007-05-03,716
2007-05-03,716.5
2007-05-03,716
2007-05-03,717
2007-05-04,718
2007-05-04,718
2007-05-04,718
2007-05-04,718
2007-05-05,720
2007-05-05,719.5
2007-05-05,719
2007-05-05,720
2007-05-06,718
2007-05-06,718
2007-05-06,718
2007-05-06,718
2007-05-07,720
2007-05-07,719.5
2007-05-07,719
2007-05-07,720
2007-05-08,722
2007-05-08,722
2007-05-08,723
2007-05-08,721
2007-05-09,719
2007-05-09,719
2007-05-09,720
2007-05-09,718
2007-05-10,718
2007-05-10,717.5
2007-05-10,718
2007-05-10,717
2007-05-11,711
2007-05-11,711
2007-05-11,712
2007-05-11,710
2007-05-12,708
2007-05-12,708.5
2007-05-12,708
2007-05-12,709
2007-05-13,703
2007-05-13,703
2007-05-13,704
2007-05-13,702
2007-05-14,700
2007-05-14,700
2007-05-14,701
2007-05-14,699
2007-05-15,698
2007-05-15,698
2007-05-15,698
2007-05-15,698
2007-05-16,695
2007-05-16,695
2007-05-16,696
2007-05-16,694
2007-05-17,692
2007-05-17,692
2007-05-17,692
2007-05-17,692
2007-05-18,689
2007-05-18,689
2007-05-18,690
2007-05-18,688
2007-05-19,686
2007-05-19,686.5
2007-05-19,687
2007-05-19,686
2007-05-20,683
2007-05-20,683
2007-05-20,684
2007-05-20,682
2007-05-21,680
2007-05-21,680
2007-05-21,680
2007-05-21,680
2007-05-22,678
2007-05-22,678
2007-05-22,678
2007-05-22,678
2007-05-23,677
2007-05-23,677
2007-05-23,677
2007-05-23,677
2007-05-24,675
2007-05-24,675
2007-05-24,676
2007-05-24,674
2007-05-25,670
2007-05-25,669.5
2007-05-25,670
2007-05-25,669
2007-05-26,664
2007-05-26,664.5
2007-05-26,665
2007-05-26,664
2007-05-27,666
2007-05-27,665.5
2007-05-27,666
2007-05-27,665
2007-05-28,668
2007-05-28,667.5
2007-05-28,668
2007-05-28,667
2007-05-29,666
2007-05-29,665.5
2007-05-29,665
2007-05-29,666
2007-05-30,666
2007-05-30,665.5
2007-05-30,665
2007-05-30,666
2007-05-31,667
2007-06-01,668
2007-06-01,668.5
2007-06-01,668
2007-06-01,669
2007-06-02,670
2007-06-02,670
2007-06-02,670
2007-06-02,670
2007-06-03,672
2007-06-03,671.5
2007-06-03,672
2007-06-03,671
2007-06-04,669
2007-06-04,669
2007-06-04,670
2007-06-04,668
2007-06-05,666
2007-06-05,666.5
2007-06-05,667
2007-06-05,666
2007-06-06,665
2007-06-06,665
2007-06-06,665
2007-06-06,665
2007-06-07,664
2007-06-07,663.5
2007-06-07,664
2007-06-07,663
2007-06-08,659
2007-06-08,659
2007-06-08,660
2007-06-08,658
2007-06-09,656
2007-06-09,656
2007-06-09,656
2007-06-09,656
2007-06-10,655
2007-06-10,655
2007-06-10,655
2007-06-10,655
2007-06-11,655
2007-06-11,655
2007-06-11,655
2007-06-11,655
2007-06-12,654
2007-06-12,653.5
2007-06-12,654
2007-06-12,653
2007-06-13,652
2007-06-13,652
2007-06-13,652
2007-06-13,652
2007-06-14,650
2007-06-14,649.5
2007-06-14,650
2007-06-14,649
2007-06-15,650
2007-06-15,650
2007-06-15,650
2007-06-15,650
2007-06-16,648
2007-06-16,647.5
2007-06-16,648
2007-06-16,647
2007-06-17,644
2007-06-17,644
2007-06-17,645
2007-06-17,643
2007-06-18,642
2007-06-18,641.5
2007-06-18,642
2007-06-18,641
2007-06-19,640
2007-06-19,639.5
2007-06-19,640
2007-06-19,639
2007-06-20,638
2007-06-20,637.5
2007-06-20,637
2007-06-20,638
2007-06-21,634
2007-06-21,634.5
2007-06-21,635
2007-06-21,634
2007-06-22,631
2007-06-22,631
2007-06-22,632
2007-06-22,630
2007-06-23,628
2007-06-23,627.5
2007-06-23,628
2007-06-23,627
2007-06-24,626
2007-06-24,626
2007-06-24,626
2007-06-24,626
2007-06-25,625
2007-06-25,625
2007-06-25,625
2007-06-25,625
2007-06-26,624
2007-06-26,624
2007-06-26,624
2007-06-26,624
2007-06-27,624
2007-06-27,624
2007-06-27,625
2007-06-27,623
2007-06-28,623
2007-06-28,623
2007-06-28,623
2007-06-28,623
2007-06-29,621
2007-06-29,621
2007-06-29,622
2007-06-29,620
2007-06-30,615
2007-06-30,615
2007-06-30,617
2007-06-30,613
2007-07-01,610
2007-07-01,610
2007-07-01,610
2007-07-01,610
2007-07-02,607
2007-07-02,607
2007-07-02,608
2007-07-02,606
2007-07-03,605
2007-07-03,605
2007-07-03,604
2007-07-03,606
2007-07-04,606
2007-07-04,606
2007-07-04,606
2007-07-04,606
2007-07-05,603.5
2007-07-05,604
2007-07-05,604
2007-07-05,603
2007-07-06,602
2007-07-06,602
2007-07-06,602
2007-07-06,602
2007-07-07,602
2007-07-07,602
2007-07-07,602
2007-07-07,602
2007-07-08,600
2007-07-08,600
2007-07-08,600
2007-07-08,600
2007-07-09,597.5
2007-07-09,598
2007-07-09,598
2007-07-09,597
2007-07-10,596
2007-07-10,596
2007-07-10,596
2007-07-10,596
2007-07-11,593
2007-07-11,593
2007-07-11,594
2007-07-11,592
2007-07-12,591
2007-07-12,591
2007-07-12,591
2007-07-12,591
2007-07-13,589.5
2007-07-13,590
2007-07-13,590
2007-07-13,589
2007-07-14,588
2007-07-14,588
2007-07-14,588
2007-07-14,588
2007-07-15,587
2007-07-15,587
2007-07-15,588
2007-07-15,586
2007-07-16,584
2007-07-16,584
2007-07-16,585
2007-07-16,583
2007-07-17,582
2007-07-17,582
2007-07-17,582
2007-07-17,582
2007-07-18,580
2007-07-18,580
2007-07-18,580
2007-07-18,580
2007-07-19,579
2007-07-19,579
2007-07-19,579
2007-07-19,579
2007-07-20,579
2007-07-20,579
2007-07-20,580
2007-07-20,578
2007-07-21,575.5
2007-07-21,576
2007-07-21,576
2007-07-21,575
2007-07-22,572.5
2007-07-22,572
2007-07-22,573
2007-07-22,572
2007-07-23,569
2007-07-23,569
2007-07-23,570
2007-07-23,568
2007-07-24,564.5
2007-07-24,564
2007-07-24,566
2007-07-24,563
2007-07-25,560.5
2007-07-25,560
2007-07-25,561
2007-07-25,560
2007-07-26,557
2007-07-26,557
2007-07-26,558
2007-07-26,556
2007-07-27,548.5
2007-07-27,548
2007-07-27,549
2007-07-27,548
2007-07-28,550.5
2007-07-28,550
2007-07-28,551
2007-07-28,550
2007-07-29,547.5
2007-07-29,548
2007-07-29,548
2007-07-29,547
2007-07-30,547
2007-07-30,547
2007-07-30,548
2007-07-30,546
2007-07-31,545.5
2007-07-31,546
2007-07-31,546
2007-07-31,545
2007-08-01,544
2007-08-01,544
2007-08-01,544
2007-08-01,544
2007-08-02,544
2007-08-02,544
2007-08-02,544
2007-08-02,544
2007-08-03,542.5
2007-08-03,542
2007-08-03,543
2007-08-03,542
2007-08-04,540
2007-08-04,540
2007-08-04,540
2007-08-04,540
2007-08-05,538
2007-08-05,538
2007-08-05,538
2007-08-05,538
2007-08-06,537.5
2007-08-06,538
2007-08-06,538
2007-08-06,537
2007-08-07,534
2007-08-07,534
2007-08-07,535
2007-08-07,533
2007-08-08,530.5
2007-08-08,530
2007-08-08,531
2007-08-08,530
2007-08-09,529
2007-08-09,529
2007-08-09,530
2007-08-09,528
2007-08-10,524.5
2007-08-10,524
2007-08-10,526
2007-08-10,523
2007-08-11,520
2007-08-11,520
2007-08-11,520
2007-08-11,520
2007-08-12,517
2007-08-12,517
2007-08-12,518
2007-08-12,516
2007-08-13,513
2007-08-13,513
2007-08-13,513
2007-08-13,513
2007-08-14,511
2007-08-14,511
2007-08-14,512
2007-08-14,510
2007-08-15,506.5
2007-08-15,507
2007-08-15,508
2007-08-15,505
2007-08-16,503
2007-08-16,503
2007-08-16,504
2007-08-16,502
2007-08-17,500
2007-08-17,500
2007-08-17,500
2007-08-17,500
2007-08-18,496.5
2007-08-18,496
2007-08-18,497
2007-08-18,496
2007-08-19,494.5
2007-08-19,494
2007-08-19,495
2007-08-19,494
2007-08-20,493.5
2007-08-20,493
2007-08-20,494
2007-08-20,493
2007-08-21,491
2007-08-21,491
2007-08-21,492
2007-08-21,490
2007-08-22,489.5
2007-08-22,489
2007-08-22,490
2007-08-22,489
2007-08-23,486.5
2007-08-23,486
2007-08-23,487
2007-08-23,486
2007-08-24,484.5
2007-08-24,484
2007-08-24,485
2007-08-24,484
2007-08-25,481.5
2007-08-25,482
2007-08-25,482
2007-08-25,481
2007-08-26,479
2007-08-26,479
2007-08-26,480
2007-08-26,478
2007-08-27,473
2007-08-27,473
2007-08-27,476
2007-08-27,470
2007-08-28,460
2007-08-28,460
2007-08-28,462
2007-08-28,458
2007-08-29,447
2007-08-29,447
2007-08-29,448
2007-08-29,446
2007-08-30,442.5
2007-08-30,442
2007-08-30,443
2007-08-30,442
2007-08-31,437.5
2007-08-31,438
2007-08-31,438
2007-08-31,437
2007-09-01,436
2007-09-01,435.5
2007-09-01,436
2007-09-01,435
2007-09-02,432
2007-09-02,432
2007-09-02,432
2007-09-02,432
2007-09-03,428
2007-09-03,427.5
2007-09-03,428
2007-09-03,427
2007-09-04,422
2007-09-04,422
2007-09-04,423
2007-09-04,421
2007-09-05,418
2007-09-05,417.5
2007-09-05,419
2007-09-05,416
2007-09-06,408
2007-09-06,408
2007-09-06,410
2007-09-06,406
2007-09-07,398
2007-09-07,398.5
2007-09-07,401
2007-09-07,396
2007-09-08,392
2007-09-08,391.5
2007-09-08,393
2007-09-08,390
2007-09-09,386
2007-09-09,386.5
2007-09-09,389
2007-09-09,384
2007-09-10,381
2007-09-10,381
2007-09-10,382
2007-09-10,380
2007-09-11,376
2007-09-11,375.5
2007-09-11,376
2007-09-11,375
2007-09-12,372
2007-09-12,372.5
2007-09-12,373
2007-09-12,372
2007-09-13,366
2007-09-13,366
2007-09-13,368
2007-09-13,364
2007-09-14,357
2007-09-14,357
2007-09-14,358
2007-09-14,356
2007-09-15,348
2007-09-15,348.5
2007-09-15,351
2007-09-15,346
2007-09-16,340
2007-09-16,339.5
2007-09-16,340
2007-09-16,339
2007-09-17,336
2007-09-17,335.5
2007-09-17,340
2007-09-17,331
2007-09-18,328
2007-09-18,328
2007-09-18,330
2007-09-18,326
2007-09-19,316
2007-09-19,316
2007-09-19,320
2007-09-19,312
2007-09-20,309
2007-09-20,309
2007-09-20,310
2007-09-20,308
2007-09-21,304
2007-09-21,304.5
2007-09-21,306
2007-09-21,303
2007-09-22,292
2007-09-22,292
2007-09-22,294
2007-09-22,290
2007-09-23,278
2007-09-23,278
2007-09-23,280
2007-09-23,276
2007-09-24,268
2007-09-24,268
2007-09-24,270
2007-09-24,266
2007-09-25,263
2007-09-25,263
2007-09-25,264
2007-09-25,262
2007-09-26,260
2007-09-26,260
2007-09-26,260
2007-09-26,260
2007-09-27,258
2007-09-27,258
2007-09-27,258
2007-09-27,258
2007-09-28,257
2007-09-28,257
2007-09-28,257
2007-09-28,257
2007-09-29,256
2007-09-29,256
2007-09-29,256
2007-09-29,256
2007-09-30,249
2007-09-30,249
2007-09-30,250
2007-09-30,248
2007-10-01,247.5
2007-10-01,248
2007-10-01,248
2007-10-01,247
2007-10-02,245.5
2007-10-02,246
2007-10-02,246
2007-10-02,245
2007-10-03,241.5
2007-10-03,242
2007-10-03,243
2007-10-03,240
2007-10-04,234
2007-10-04,234
2007-10-04,236
2007-10-04,232
2007-10-05,229
2007-10-05,229
2007-10-05,230
2007-10-05,228
2007-10-06,225
2007-10-06,225
2007-10-06,225
2007-10-06,225
2007-10-07,216
2007-10-07,216
2007-10-07,218
2007-10-07,214
2007-10-08,210
2007-10-08,210
2007-10-08,210
2007-10-08,210
2007-10-09,209
2007-10-09,209
2007-10-09,210
2007-10-09,208
2007-10-10,207.5
2007-10-10,208
2007-10-10,208
2007-10-10,207
2007-10-11,206.5
2007-10-11,206
2007-10-11,206
2007-10-11,207
2007-10-12,209.5
2007-10-12,210
2007-10-12,209
2007-10-12,210
2007-10-13,211
2007-10-13,211
2007-10-13,210
2007-10-13,212
2007-10-14,210
2007-10-14,210
2007-10-14,210
2007-10-14,210
2007-10-15,210
2007-10-15,210
2007-10-15,210
2007-10-15,210
2007-10-16,207
2007-10-16,207
2007-10-16,208
2007-10-16,206
2007-10-17,202
2007-10-17,202
2007-10-17,202
2007-10-17,202
2007-10-18,199
2007-10-18,199
2007-10-18,200
2007-10-18,198
2007-10-19,197
2007-10-19,197
2007-10-19,197
2007-10-19,197
2007-10-20,194.5
2007-10-20,194
2007-10-20,195
2007-10-20,194
2007-10-21,190
2007-10-21,190
2007-10-21,190
2007-10-21,190
2007-10-22,187.5
2007-10-22,188
2007-10-22,188
2007-10-22,187
2007-10-23,191
2007-10-23,191
2007-10-23,190
2007-10-23,192
2007-10-24,193
2007-10-24,193
2007-10-24,192
2007-10-24,194
2007-10-25,199
2007-10-25,199
2007-10-25,198
2007-10-25,200
2007-10-26,203
2007-10-26,203
2007-10-26,202
2007-10-26,204
2007-10-27,207
2007-10-27,207
2007-10-27,206
2007-10-27,208
2007-10-28,209
2007-10-28,209
2007-10-28,210
2007-10-28,208
2007-10-29,208.5
2007-10-29,208
2007-10-29,209
2007-10-29,208
2007-10-30,207.5
2007-10-30,208
2007-10-30,207
2007-10-30,208
2007-10-31,206.5
2007-10-31,206
2007-10-31,208
2007-10-31,205
2007-11-01,202
2007-11-01,202.5
2007-11-01,203
2007-11-01,202
2007-11-02,199
2007-11-02,199
2007-11-02,200
2007-11-02,198
2007-11-03,198
2007-11-03,197.5
2007-11-03,198
2007-11-03,197
2007-11-04,196
2007-11-04,196
2007-11-04,196
2007-11-04,196
2007-11-05,194
2007-11-05,194.5
2007-11-05,195
2007-11-05,194
2007-11-06,196
2007-11-06,196
2007-11-06,194
2007-11-06,198
2007-11-07,203
2007-11-07,203
2007-11-07,202
2007-11-07,204
2007-11-08,208
2007-11-08,207.5
2007-11-08,207
2007-11-08,208
2007-11-09,210
2007-11-09,210
2007-11-09,210
2007-11-09,210
2007-11-10,212
2007-11-10,212
2007-11-10,212
2007-11-10,212
2007-11-11,213
2007-11-11,213.5
2007-11-11,213
2007-11-11,214
2007-11-12,216
2007-11-12,216
2007-11-12,216
2007-11-12,216
2007-11-13,217
2007-11-13,217.5
2007-11-13,217
2007-11-13,218
2007-11-14,218
2007-11-14,218.5
2007-11-14,218
2007-11-14,219
2007-11-15,220
2007-11-15,220
2007-11-15,220
2007-11-15,220
2007-11-16,220
2007-11-16,220
2007-11-16,220
2007-11-16,220
2007-11-17,218
2007-11-17,218
2007-11-17,218
2007-11-17,218
2007-11-18,219
2007-11-18,219
2007-11-18,218
2007-11-18,220
2007-11-19,225
2007-11-19,225
2007-11-19,224
2007-11-19,226
2007-11-20,228
2007-11-20,228.5
2007-11-20,228
2007-11-20,229
2007-11-21,231
2007-11-21,231
2007-11-21,230
2007-11-21,232
2007-11-22,235
2007-11-22,234.5
2007-11-22,233
2007-11-22,236
2007-11-23,237
2007-11-23,237
2007-11-23,237
2007-11-23,237
2007-11-24,239
2007-11-24,239
2007-11-24,238
2007-11-24,240
2007-11-25,246
2007-11-25,245.5
2007-11-25,244
2007-11-25,247
2007-11-26,251
2007-11-26,251
2007-11-26,250
2007-11-26,252
2007-11-27,257
2007-11-27,257
2007-11-27,256
2007-11-27,258
2007-11-28,261
2007-11-28,261
2007-11-28,260
2007-11-28,262
2007-11-29,268
2007-11-29,267.5
2007-11-29,267
2007-11-29,268
2007-11-30,272
2007-11-30,271.5
2007-11-30,270
2007-11-30,273
2007-12-01,275
2007-12-01,275
2007-12-01,275
2007-12-01,275
2007-12-02,277
2007-12-02,277
2007-12-02,276
2007-12-02,277
2007-12-03,282
2007-12-03,282
2007-12-03,280
2007-12-03,284
2007-12-04,292
2007-12-04,292
2007-12-04,290
2007-12-04,294
2007-12-05,301
2007-12-05,301
2007-12-05,298
2007-12-05,304
2007-12-06,320
2007-12-06,320
2007-12-06,316
2007-12-06,324
2007-12-07,339
2007-12-07,339
2007-12-07,338
2007-12-07,340
2007-12-08,345
2007-12-08,345
2007-12-08,342
2007-12-08,348
2007-12-09,368
2007-12-09,368
2007-12-09,364
2007-12-09,372
2007-12-10,382
2007-12-10,382
2007-12-10,380
2007-12-10,384
2007-12-11,389
2007-12-11,389
2007-12-11,388
2007-12-11,389
2007-12-12,391
2007-12-12,391
2007-12-12,390
2007-12-12,392
2007-12-13,394
2007-12-13,394
2007-12-13,393
2007-12-13,394
2007-12-14,399
2007-12-14,399
2007-12-14,398
2007-12-14,400
2007-12-15,402
2007-12-15,402
2007-12-15,402
2007-12-15,402
2007-12-16,403
2007-12-16,403
2007-12-16,402
2007-12-16,403
2007-12-17,400
2007-12-17,400
2007-12-17,402
2007-12-17,398
2007-12-18,397
2007-12-18,397
2007-12-18,398
2007-12-18,396
2007-12-19,391
2007-12-19,391
2007-12-19,392
2007-12-19,390
2007-12-20,390
2007-12-20,390
2007-12-20,390
2007-12-20,390
2007-12-21,391
2007-12-21,391
2007-12-21,392
2007-12-21,390
2007-12-22,389
2007-12-22,389
2007-12-22,390
2007-12-22,388
2007-12-23,387
2007-12-23,387
2007-12-23,386
2007-12-23,388
2007-12-24,392
2007-12-24,392
2007-12-24,392
2007-12-24,392
2007-12-25,394
2007-12-25,394
2007-12-25,393
2007-12-25,394
2007-12-26,395
2007-12-26,395
2007-12-26,396
2007-12-26,394
2007-12-27,394
2007-12-27,394
2007-12-27,393
2007-12-27,394
2007-12-28,396
2007-12-28,396
2007-12-28,396
2007-12-28,396
2007-12-29,399
2007-12-29,399
2007-12-29,398
2007-12-29,400
2007-12-30,405
2007-12-30,405
2007-12-30,404
2007-12-30,406
2007-12-31,411
2007-12-31,411
2007-12-31,410
2007-12-31,412
2008-01-01,413.5
2008-01-01,414
2008-01-01,413
2008-01-01,414
2008-01-02,415.5
2008-01-02,416
2008-01-02,415
2008-01-02,416
2008-01-03,425
2008-01-03,425
2008-01-03,422
2008-01-03,428
2008-01-04,438.5
2008-01-04,438
2008-01-04,439
2008-01-04,438
2008-01-05,442
2008-01-05,442
2008-01-05,442
2008-01-05,442
2008-01-06,446.5
2008-01-06,446
2008-01-06,446
2008-01-06,447
2008-01-07,449
2008-01-07,449
2008-01-07,448
2008-01-07,450
2008-01-08,458.5
2008-01-08,458
2008-01-08,459
2008-01-08,458
2008-01-09,461
2008-01-09,461
2008-01-09,460
2008-01-09,462
2008-01-10,468
2008-01-10,468
2008-01-10,468
2008-01-10,468
2008-01-11,468
2008-01-11,468
2008-01-11,467
2008-01-11,469
2008-01-12,472.5
2008-01-12,472
2008-01-12,472
2008-01-12,473
2008-01-13,477
2008-01-13,477
2008-01-13,476
2008-01-13,478
2008-01-14,482
2008-01-14,482
2008-01-14,480
2008-01-14,484
2008-01-15,488.5
2008-01-15,488
2008-01-15,487
2008-01-15,490
2008-01-16,496
2008-01-16,496
2008-01-16,494
2008-01-16,498
2008-01-17,504
2008-01-17,504
2008-01-17,502
2008-01-17,506
2008-01-18,513
2008-01-18,513
2008-01-18,512
2008-01-18,514
2008-01-19,522
2008-01-19,522
2008-01-19,520
2008-01-19,524
2008-01-20,526.5
2008-01-20,526
2008-01-20,526
2008-01-20,527
2008-01-21,533
2008-01-21,533
2008-01-21,532
2008-01-21,534
2008-01-22,538
2008-01-22,538
2008-01-22,536
2008-01-22,540
2008-01-23,548
2008-01-23,548
2008-01-23,546
2008-01-23,550
2008-01-24,556
2008-01-24,556
2008-01-24,554
2008-01-24,558
2008-01-25,565
2008-01-25,565
2008-01-25,562
2008-01-25,568
2008-01-26,574
2008-01-26,574
2008-01-26,572
2008-01-26,576
2008-01-27,582
2008-01-27,582
2008-01-27,580
2008-01-27,584
2008-01-28,590
2008-01-28,590
2008-01-28,588
2008-01-28,592
2008-01-29,598
2008-01-29,598
2008-01-29,596
2008-01-29,600
2008-01-30,613.5
2008-01-30,614
2008-01-30,609
2008-01-30,618
2008-01-31,628
2008-01-31,628
2008-01-31,624
2008-01-31,632
2008-02-01,640
2008-02-01,640
2008-02-01,638
2008-02-01,642
2008-02-02,650
2008-02-02,650
2008-02-02,648
2008-02-02,652
2008-02-03,660
2008-02-03,660
2008-02-03,658
2008-02-03,662
2008-02-04,669
2008-02-04,669
2008-02-04,668
2008-02-04,670
2008-02-05,675
2008-02-05,675
2008-02-05,674
2008-02-05,676
2008-02-06,693
2008-02-06,693
2008-02-06,688
2008-02-06,698
2008-02-07,709
2008-02-07,709
2008-02-07,706
2008-02-07,712
2008-02-08,723
2008-02-08,723
2008-02-08,722
2008-02-08,724
2008-02-09,730
2008-02-09,730
2008-02-09,728
2008-02-09,732
2008-02-10,736
2008-02-10,735.5
2008-02-10,734
2008-02-10,737
2008-02-11,741
2008-02-11,741
2008-02-11,740
2008-02-11,742
2008-02-12,747
2008-02-12,747
2008-02-12,746
2008-02-12,748
2008-02-13,747
2008-02-13,747
2008-02-13,746
2008-02-13,748
2008-02-14,752
2008-02-14,751.5
2008-02-14,750
2008-02-14,753
2008-02-15,760
2008-02-15,760
2008-02-15,758
2008-02-15,762
2008-02-16,765
2008-02-16,765
2008-02-16,764
2008-02-16,766
2008-02-17,769
2008-02-17,769
2008-02-17,768
2008-02-17,770
2008-02-18,776
2008-02-18,776
2008-02-18,774
2008-02-18,778
2008-02-19,784
2008-02-19,784
2008-02-19,782
2008-02-19,786
2008-02-20,796
2008-02-20,796
2008-02-20,794
2008-02-20,798
2008-02-21,805
2008-02-21,805
2008-02-21,803
2008-02-21,807
2008-02-22,815
2008-02-22,815.5
2008-02-22,812
2008-02-22,819
2008-02-23,816
2008-02-23,816.5
2008-02-23,816
2008-02-23,817
2008-02-24,822
2008-02-24,822.5
2008-02-24,822
2008-02-24,823
2008-02-25,827
2008-02-25,827
2008-02-25,826
2008-02-25,828
2008-02-26,828
2008-02-26,828.5
2008-02-26,828
2008-02-26,829
2008-02-27,830
2008-02-27,830
2008-02-27,830
2008-02-27,830
2008-02-28,828
2008-02-28,828
2008-02-28,828
2008-02-28,828
2008-02-29,827
2008-02-29,827
2008-02-29,826
2008-02-29,828
2008-03-01,830
2008-03-01,830
2008-03-01,830
2008-03-01,830
2008-03-02,833
2008-03-02,833
2008-03-02,832
2008-03-02,834
2008-03-03,838
2008-03-03,838
2008-03-03,836
2008-03-03,840
2008-03-04,843
2008-03-04,843
2008-03-04,842
2008-03-04,844
2008-03-05,845
2008-03-05,845
2008-03-05,844
2008-03-05,846
2008-03-06,849
2008-03-06,849
2008-03-06,848
2008-03-06,850
2008-03-07,855
2008-03-07,855
2008-03-07,854
2008-03-07,856
2008-03-08,859
2008-03-08,859
2008-03-08,858
2008-03-08,860
2008-03-09,862
2008-03-09,862
2008-03-09,862
2008-03-09,862
2008-03-10,862
2008-03-10,862
2008-03-10,863
2008-03-10,860
2008-03-11,860
2008-03-11,860
2008-03-11,858
2008-03-11,862
2008-03-12,868
2008-03-12,868
2008-03-12,866
2008-03-12,870
2008-03-13,875
2008-03-13,875
2008-03-13,874
2008-03-13,875
2008-03-14,882
2008-03-14,882
2008-03-14,880
2008-03-14,884
2008-03-15,889
2008-03-15,889
2008-03-15,888
2008-03-15,890
2008-03-16,895
2008-03-16,895
2008-03-16,894
2008-03-16,896
2008-03-17,894
2008-03-17,894
2008-03-17,894
2008-03-17,894
2008-03-18,895
2008-03-18,895
2008-03-18,894
2008-03-18,896
2008-03-19,895
2008-03-19,895
2008-03-19,895
2008-03-19,894
2008-03-20,891
2008-03-20,891
2008-03-20,892
2008-03-20,890
2008-03-21,887
2008-03-21,887
2008-03-21,888
2008-03-21,886
2008-03-22,887
2008-03-22,887
2008-03-22,886
2008-03-22,888
2008-03-23,886
2008-03-23,886
2008-03-23,886
2008-03-23,886
2008-03-24,889
2008-03-24,889
2008-03-24,888
2008-03-24,890
2008-03-25,893
2008-03-25,893
2008-03-25,892
2008-03-25,894
2008-03-26,905
2008-03-26,905
2008-03-26,904
2008-03-26,906
2008-03-27,904
2008-03-27,904
2008-03-27,904
2008-03-27,904
2008-03-28,907
2008-03-28,907
2008-03-28,906
2008-03-28,908
2008-03-29,913
2008-03-29,913
2008-03-29,912
2008-03-29,914
2008-03-30,915
2008-03-30,915
2008-03-30,914
2008-03-30,915
2008-03-31,917
2008-03-31,917
2008-03-31,918
2008-03-31,916
2008-04-01,917
2008-04-01,917
2008-04-01,916
2008-04-01,918
2008-04-02,917
2008-04-02,917
2008-04-02,918
2008-04-02,916
2008-04-03,913.5
2008-04-03,914
2008-04-03,914
2008-04-03,913
2008-04-04,914
2008-04-04,914
2008-04-04,914
2008-04-04,914
2008-04-05,920
2008-04-05,920
2008-04-05,919
2008-04-05,921
2008-04-06,929
2008-04-06,929
2008-04-06,927
2008-04-06,931
2008-04-07,933
2008-04-07,933
2008-04-07,932
2008-04-07,934
2008-04-08,930.5
2008-04-08,930
2008-04-08,931
2008-04-08,930
2008-04-09,926
2008-04-09,926
2008-04-09,927
2008-04-09,925
2008-04-10,920
2008-04-10,920
2008-04-10,922
2008-04-10,918
2008-04-11,915.5
2008-04-11,915
2008-04-11,916
2008-04-11,915
2008-04-12,909.5
2008-04-12,910
2008-04-12,910
2008-04-12,909
2008-04-13,904.5
2008-04-13,904
2008-04-13,905
2008-04-13,904
2008-04-14,902
2008-04-14,902
2008-04-14,902
2008-04-14,902
2008-04-15,899
2008-04-15,899
2008-04-15,900
2008-04-15,898
2008-04-16,893
2008-04-16,893
2008-04-16,894
2008-04-16,892
2008-04-17,885
2008-04-17,885
2008-04-17,886
2008-04-17,884
2008-04-18,879
2008-04-18,879
2008-04-18,880
2008-04-18,878
2008-04-19,875
2008-04-19,875
2008-04-19,875
2008-04-19,875
2008-04-20,872
2008-04-20,872
2008-04-20,872
2008-04-20,872
2008-04-21,868.5
2008-04-21,868
2008-04-21,870
2008-04-21,867
2008-04-22,863
2008-04-22,863
2008-04-22,864
2008-04-22,862
2008-04-23,858
2008-04-23,858
2008-04-23,860
2008-04-23,856
2008-04-24,851
2008-04-24,851
2008-04-24,852
2008-04-24,850
2008-04-25,845
2008-04-25,845
2008-04-25,846
2008-04-25,844
2008-04-26,841
2008-04-26,841
2008-04-26,842
2008-04-26,840
2008-04-27,836
2008-04-27,836
2008-04-27,837
2008-04-27,835
2008-04-28,826
2008-04-28,826
2008-04-28,828
2008-04-28,824
2008-04-29,819.5
2008-04-29,820
2008-04-29,820
2008-04-29,819
2008-04-30,814
2008-04-30,814
2008-04-30,814
2008-04-30,814
2008-05-01,813.5
2008-05-01,814
2008-05-01,814
2008-05-01,813
2008-05-02,812
2008-05-02,812
2008-05-02,812
2008-05-02,812
2008-05-03,810.5
2008-05-03,810
2008-05-03,811
2008-05-03,810
2008-05-04,808.5
2008-05-04,809
2008-05-04,809
2008-05-04,808
2008-05-05,810
2008-05-05,810
2008-05-05,808
2008-05-05,812
2008-05-06,820.5
2008-05-06,820
2008-05-06,818
2008-05-06,823
2008-05-07,827
2008-05-07,827
2008-05-07,826
2008-05-07,828
2008-05-08,835
2008-05-08,835
2008-05-08,834
2008-05-08,836
2008-05-09,837.5
2008-05-09,838
2008-05-09,837
2008-05-09,838
2008-05-10,840
2008-05-10,840
2008-05-10,840
2008-05-10,840
2008-05-11,838
2008-05-11,838
2008-05-11,838
2008-05-11,838
2008-05-12,840
2008-05-12,840
2008-05-12,840
2008-05-12,840
2008-05-13,838
2008-05-13,838
2008-05-13,838
2008-05-13,838
2008-05-14,837
2008-05-14,837
2008-05-14,838
2008-05-14,836
2008-05-15,837.5
2008-05-15,838
2008-05-15,837
2008-05-15,838
2008-05-16,835
2008-05-16,835
2008-05-16,836
2008-05-16,834
2008-05-17,831
2008-05-17,831
2008-05-17,832
2008-05-17,830
2008-05-18,828.5
2008-05-18,828
2008-05-18,830
2008-05-18,827
2008-05-19,823.5
2008-05-19,824
2008-05-19,824
2008-05-19,823
2008-05-20,817
2008-05-20,817
2008-05-20,818
2008-05-20,816
2008-05-21,814
2008-05-21,814
2008-05-21,814
2008-05-21,814
2008-05-22,812
2008-05-22,812
2008-05-22,812
2008-05-22,812
2008-05-23,808.5
2008-05-23,809
2008-05-23,810
2008-05-23,807
2008-05-24,801
2008-05-24,801
2008-05-24,802
2008-05-24,800
2008-05-25,796.5
2008-05-25,796
2008-05-25,798
2008-05-25,795
2008-05-26,788.5
2008-05-26,788
2008-05-26,790
2008-05-26,787
2008-05-27,782.5
2008-05-27,782
2008-05-27,784
2008-05-27,781
2008-05-28,773.5
2008-05-28,774
2008-05-28,779
2008-05-28,768
2008-05-29,758.5
2008-05-29,758
2008-05-29,760
2008-05-29,757
2008-05-30,753
2008-05-30,753
2008-05-30,754
2008-05-30,752
2008-05-31,750
2008-05-31,750
2008-05-31,750
2008-05-31,750
2008-06-01,747
2008-06-01,747
2008-06-01,748
2008-06-01,746
2008-06-02,743.5
2008-06-02,744
2008-06-02,744
2008-06-02,743
2008-06-03,741
2008-06-03,741
2008-06-03,742
2008-06-03,740
2008-06-04,736
2008-06-04,736
2008-06-04,736
2008-06-04,736
2008-06-05,734.5
2008-06-05,734
2008-06-05,735
2008-06-05,734
2008-06-06,731
2008-06-06,731
2008-06-06,732
2008-06-06,730
2008-06-07,726.5
2008-06-07,726
2008-06-07,727
2008-06-07,726
2008-06-08,721
2008-06-08,721
2008-06-08,722
2008-06-08,720
2008-06-09,718.5
2008-06-09,718
2008-06-09,719
2008-06-09,718
2008-06-10,714.5
2008-06-10,714
2008-06-10,715
2008-06-10,714
2008-06-11,711
2008-06-11,711
2008-06-11,712
2008-06-11,710
2008-06-12,707.5
2008-06-12,708
2008-06-12,708
2008-06-12,707
2008-06-13,706.5
2008-06-13,706
2008-06-13,706
2008-06-13,707
2008-06-14,707.5
2008-06-14,708
2008-06-14,708
2008-06-14,707
2008-06-15,705.5
2008-06-15,706
2008-06-15,706
2008-06-15,705
2008-06-16,704.5
2008-06-16,704
2008-06-16,705
2008-06-16,704
2008-06-17,702.5
2008-06-17,702
2008-06-17,703
2008-06-17,702
2008-06-18,700
2008-06-18,700
2008-06-18,700
2008-06-18,700
2008-06-19,698
2008-06-19,698
2008-06-19,698
2008-06-19,698
2008-06-20,695.5
2008-06-20,696
2008-06-20,696
2008-06-20,695
2008-06-21,693.5
2008-06-21,694
2008-06-21,694
2008-06-21,693
2008-06-22,691
2008-06-22,691
2008-06-22,692
2008-06-22,690
2008-06-23,688
2008-06-23,688
2008-06-23,688
2008-06-23,688
2008-06-24,686.5
2008-06-24,686
2008-06-24,687
2008-06-24,686
2008-06-25,685.5
2008-06-25,686
2008-06-25,689
2008-06-25,682
2008-06-26,680.5
2008-06-26,680
2008-06-26,681
2008-06-26,680
2008-06-27,676.5
2008-06-27,676
2008-06-27,677
2008-06-27,676
2008-06-28,673.5
2008-06-28,674
2008-06-28,673
2008-06-28,674
2008-06-29,672
2008-06-29,672
2008-06-29,672
2008-06-29,672
2008-06-30,669
2008-06-30,669
2008-06-30,670
2008-06-30,668
2008-07-01,666
2008-07-01,666
2008-07-01,667
2008-07-01,665
2008-07-02,662.5
2008-07-02,662
2008-07-02,662
2008-07-02,663
2008-07-03,663
2008-07-03,663
2008-07-03,664
2008-07-03,662
2008-07-04,661.5
2008-07-04,662
2008-07-04,662
2008-07-04,661
2008-07-05,660
2008-07-05,660
2008-07-05,660
2008-07-05,660
2008-07-06,658
2008-07-06,658
2008-07-06,658
2008-07-06,658
2008-07-07,655.5
2008-07-07,656
2008-07-07,656
2008-07-07,655
2008-07-08,654
2008-07-08,654
2008-07-08,654
2008-07-08,654
2008-07-09,652
2008-07-09,652
2008-07-09,652
2008-07-09,652
2008-07-10,649
2008-07-10,649
2008-07-10,650
2008-07-10,648
2008-07-11,643
2008-07-11,643
2008-07-11,644
2008-07-11,642
2008-07-12,638.5
2008-07-12,638
2008-07-12,640
2008-07-12,637
2008-07-13,633
2008-07-13,633
2008-07-13,634
2008-07-13,632
2008-07-14,626.5
2008-07-14,626
2008-07-14,628
2008-07-14,625
2008-07-15,621.5
2008-07-15,622
2008-07-15,622
2008-07-15,621
2008-07-16,617.5
2008-07-16,618
2008-07-16,618
2008-07-16,617
2008-07-17,612.5
2008-07-17,612
2008-07-17,614
2008-07-17,611
2008-07-18,609
2008-07-18,609
2008-07-18,608
2008-07-18,610
2008-07-19,607
2008-07-19,607
2008-07-19,608
2008-07-19,606
2008-07-20,605
2008-07-20,605
2008-07-20,605
2008-07-20,605
2008-07-21,602
2008-07-21,602
2008-07-21,604
2008-07-21,600
2008-07-22,599
2008-07-22,599
2008-07-22,600
2008-07-22,598
2008-07-23,597.5
2008-07-23,598
2008-07-23,598
2008-07-23,597
2008-07-24,596
2008-07-24,596
2008-07-24,596
2008-07-24,596
2008-07-25,594
2008-07-25,594
2008-07-25,594
2008-07-25,594
2008-07-26,592
2008-07-26,592
2008-07-26,592
2008-07-26,592
2008-07-27,588
2008-07-27,588
2008-07-27,590
2008-07-27,586
2008-07-28,583.5
2008-07-28,584
2008-07-28,584
2008-07-28,583
2008-07-29,579
2008-07-29,579
2008-07-29,580
2008-07-29,578
2008-07-30,575
2008-07-30,575
2008-07-30,576
2008-07-30,574
2008-07-31,571.5
2008-07-31,572
2008-07-31,572
2008-07-31,571
2008-08-01,569.5
2008-08-01,570
2008-08-01,570
2008-08-01,569
2008-08-02,567.5
2008-08-02,568
2008-08-02,568
2008-08-02,567
2008-08-03,563
2008-08-03,563
2008-08-03,564
2008-08-03,562
2008-08-04,559
2008-08-04,559
2008-08-04,560
2008-08-04,558
2008-08-05,555
2008-08-05,555
2008-08-05,556
2008-08-05,554
2008-08-06,553.5
2008-08-06,554
2008-08-06,554
2008-08-06,553
2008-08-07,551
2008-08-07,551
2008-08-07,552
2008-08-07,550
2008-08-08,547
2008-08-08,547
2008-08-08,548
2008-08-08,546
2008-08-09,542.5
2008-08-09,542
2008-08-09,545
2008-08-09,540
2008-08-10,537
2008-08-10,537
2008-08-10,538
2008-08-10,536
2008-08-11,528
2008-08-11,528
2008-08-11,530
2008-08-11,526
2008-08-12,519
2008-08-12,519
2008-08-12,520
2008-08-12,518
2008-08-13,515.5
2008-08-13,516
2008-08-13,516
2008-08-13,515
2008-08-14,513.5
2008-08-14,514
2008-08-14,514
2008-08-14,513
2008-08-15,511
2008-08-15,511
2008-08-15,512
2008-08-15,510
2008-08-16,506.5
2008-08-16,507
2008-08-16,508
2008-08-16,505
2008-08-17,501
2008-08-17,501
2008-08-17,502
2008-08-17,500
2008-08-18,499
2008-08-18,499
2008-08-18,500
2008-08-18,498
2008-08-19,495
2008-08-19,495
2008-08-19,496
2008-08-19,494
2008-08-20,491
2008-08-20,491
2008-08-20,492
2008-08-20,490
2008-08-21,487
2008-08-21,487
2008-08-21,488
2008-08-21,486
2008-08-22,484.5
2008-08-22,484
2008-08-22,485
2008-08-22,484
2008-08-23,481
2008-08-23,481
2008-08-23,482
2008-08-23,480
2008-08-24,477.5
2008-08-24,478
2008-08-24,478
2008-08-24,477
2008-08-25,475.5
2008-08-25,476
2008-08-25,476
2008-08-25,475
2008-08-26,471
2008-08-26,471
2008-08-26,472
2008-08-26,470
2008-08-27,466
2008-08-27,466
2008-08-27,467
2008-08-27,465
2008-08-28,458
2008-08-28,458
2008-08-28,460
2008-08-28,456
2008-08-29,448
2008-08-29,448
2008-08-29,450
2008-08-29,446
2008-08-30,442.5
2008-08-30,442
2008-08-30,443
2008-08-30,442
2008-08-31,441
2008-08-31,441
2008-08-31,442
2008-08-31,440
2008-09-01,439
2008-09-01,439
2008-09-01,440
2008-09-01,438
2008-09-02,436.5
2008-09-02,436
2008-09-02,437
2008-09-02,436
2008-09-03,430
2008-09-03,430
2008-09-03,432
2008-09-03,428
2008-09-04,422.5
2008-09-04,422
2008-09-04,425
2008-09-04,420
2008-09-05,413.5
2008-09-05,414
2008-09-05,415
2008-09-05,412
2008-09-06,408.5
2008-09-06,408
2008-09-06,409
2008-09-06,408
2008-09-07,406.5
2008-09-07,407
2008-09-07,407
2008-09-07,406
2008-09-08,404
2008-09-08,404
2008-09-08,404
2008-09-08,404
2008-09-09,399
2008-09-09,399
2008-09-09,400
2008-09-09,398
2008-09-10,391
2008-09-10,391
2008-09-10,392
2008-09-10,390
2008-09-11,384
2008-09-11,384
2008-09-11,386
2008-09-11,382
2008-09-12,374.5
2008-09-12,374
2008-09-12,376
2008-09-12,373
2008-09-13,368.5
2008-09-13,368
2008-09-13,370
2008-09-13,367
2008-09-14,361
2008-09-14,361
2008-09-14,362
2008-09-14,360
2008-09-15,357
2008-09-15,357
2008-09-15,358
2008-09-15,356
2008-09-16,350
2008-09-16,350
2008-09-16,352
2008-09-16,348
2008-09-17,340
2008-09-17,340
2008-09-17,340
2008-09-17,340
2008-09-18,337
2008-09-18,337
2008-09-18,338
2008-09-18,336
2008-09-19,332
2008-09-19,332
2008-09-19,334
2008-09-19,330
2008-09-20,326.5
2008-09-20,326
2008-09-20,328
2008-09-20,325
2008-09-21,321.5
2008-09-21,322
2008-09-21,323
2008-09-21,320
2008-09-22,317
2008-09-22,317
2008-09-22,318
2008-09-22,316
2008-09-23,309
2008-09-23,309
2008-09-23,310
2008-09-23,308
2008-09-24,297
2008-09-24,297
2008-09-24,298
2008-09-24,296
2008-09-25,288.5
2008-09-25,288
2008-09-25,290
2008-09-25,287
2008-09-26,282
2008-09-26,282
2008-09-26,284
2008-09-26,280
2008-09-27,275.5
2008-09-27,276
2008-09-27,277
2008-09-27,274
2008-09-28,269
2008-09-28,269
2008-09-28,270
2008-09-28,268
2008-09-29,265.5
2008-09-29,266
2008-09-29,266
2008-09-29,265
2008-09-30,261
2008-09-30,261
2008-09-30,262
2008-09-30,260
2008-10-01,259
2008-10-01,259
2008-10-01,260
2008-10-01,258
2008-10-02,254
2008-10-02,254.5
2008-10-02,255
2008-10-02,254
2008-10-03,251
2008-10-03,251
2008-10-03,252
2008-10-03,250
2008-10-04,250
2008-10-04,249.5
2008-10-04,250
2008-10-04,249
2008-10-05,248
2008-10-05,248
2008-10-05,248
2008-10-05,248
2008-10-06,246
2008-10-06,245.5
2008-10-06,246
2008-10-06,245
2008-10-07,243
2008-10-07,243
2008-10-07,244
2008-10-07,242
2008-10-08,241
2008-10-08,241
2008-10-08,242
2008-10-08,240
2008-10-09,237
2008-10-09,237
2008-10-09,238
2008-10-09,236
2008-10-10,234
2008-10-10,234
2008-10-10,234
2008-10-10,234
2008-10-11,229
2008-10-11,229
2008-10-11,230
2008-10-11,228
2008-10-12,222
2008-10-12,222.5
2008-10-12,223
2008-10-12,222
2008-10-13,230
2008-10-13,230
2008-10-13,228
2008-10-13,232
2008-10-14,238
2008-10-14,238
2008-10-14,236
2008-10-14,240
2008-10-15,248
2008-10-15,248.5
2008-10-15,249
2008-10-15,248
2008-10-16,249
2008-10-16,249
2008-10-16,248
2008-10-16,250
2008-10-17,253
2008-10-17,253
2008-10-17,252
2008-10-17,254
2008-10-18,251
2008-10-18,251
2008-10-18,250
2008-10-18,252
2008-10-19,249
2008-10-19,249
2008-10-19,250
2008-10-19,248
2008-10-20,243
2008-10-20,243
2008-10-20,244
2008-10-20,242
2008-10-21,239
2008-10-21,239
2008-10-21,238
2008-10-21,240
2008-10-22,241
2008-10-22,241
2008-10-22,242
2008-10-22,240
2008-10-23,235
2008-10-23,235
2008-10-23,236
2008-10-23,234
2008-10-24,229
2008-10-24,229
2008-10-24,230
2008-10-24,228
2008-10-25,226
2008-10-25,225.5
2008-10-25,226
2008-10-25,225
2008-10-26,229
2008-10-26,229
2008-10-26,228
2008-10-26,230
2008-10-27,235
2008-10-27,234.5
2008-10-27,234
2008-10-27,235
2008-10-28,239
2008-10-28,239
2008-10-28,238
2008-10-28,240
2008-10-29,241
2008-10-29,241
2008-10-29,240
2008-10-29,242
2008-10-30,244
2008-10-30,243.5
2008-10-30,243
2008-10-30,244
2008-10-31,246
2008-10-31,246.5
2008-10-31,246
2008-10-31,247
2008-11-01,248
2008-11-01,248
2008-11-01,248
2008-11-01,248
2008-11-02,250
2008-11-02,250
2008-11-02,250
2008-11-02,250
2008-11-03,252
2008-11-03,252
2008-11-03,252
2008-11-03,252
2008-11-04,253.5
2008-11-04,254
2008-11-04,253
2008-11-04,254
2008-11-05,255.5
2008-11-05,256
2008-11-05,255
2008-11-05,256
2008-11-06,258
2008-11-06,258
2008-11-06,258
2008-11-06,258
2008-11-07,256
2008-11-07,256
2008-11-07,256
2008-11-07,256
2008-11-08,253
2008-11-08,253
2008-11-08,254
2008-11-08,252
2008-11-09,247
2008-11-09,247
2008-11-09,248
2008-11-09,246
2008-11-10,244.5
2008-11-10,244
2008-11-10,245
2008-11-10,244
2008-11-11,241
2008-11-11,241
2008-11-11,242
2008-11-11,240
2008-11-12,240
2008-11-12,240
2008-11-12,240
2008-11-12,240
2008-11-13,244
2008-11-13,244
2008-11-13,242
2008-11-13,246
2008-11-14,252
2008-11-14,252
2008-11-14,250
2008-11-14,254
2008-11-15,256
2008-11-15,256
2008-11-15,256
2008-11-15,256
2008-11-16,258.5
2008-11-16,258
2008-11-16,258
2008-11-16,259
2008-11-17,264
2008-11-17,264
2008-11-17,260
2008-11-17,268
2008-11-18,267
2008-11-18,267
2008-11-18,266
2008-11-18,268
2008-11-19,273
2008-11-19,273
2008-11-19,270
2008-11-19,276
2008-11-20,282
2008-11-20,282
2008-11-20,280
2008-11-20,284
2008-11-21,292
2008-11-21,292
2008-11-21,290
2008-11-21,294
2008-11-22,298
2008-11-22,298
2008-11-22,298
2008-11-22,298
2008-11-23,301
2008-11-23,301
2008-11-23,300
2008-11-23,302
2008-11-24,305
2008-11-24,305
2008-11-24,304
2008-11-24,306
2008-11-25,309
2008-11-25,309
2008-11-25,308
2008-11-25,310
2008-11-26,312.5
2008-11-26,312
2008-11-26,312
2008-11-26,313
2008-11-27,320
2008-11-27,320
2008-11-27,318
2008-11-27,322
2008-11-28,331
2008-11-28,331
2008-11-28,326
2008-11-28,336
2008-11-29,344
2008-11-29,344
2008-11-29,342
2008-11-29,346
2008-11-30,363.5
2008-11-30,364
2008-11-30,360
2008-11-30,367
2008-12-01,371
2008-12-01,371
2008-12-01,370
2008-12-01,372
2008-12-02,379
2008-12-02,379
2008-12-02,378
2008-12-02,380
2008-12-03,390
2008-12-03,390
2008-12-03,388
2008-12-03,392
2008-12-04,405.5
2008-12-04,406
2008-12-04,402
2008-12-04,409
2008-12-05,414
2008-12-05,414
2008-12-05,412
2008-12-05,416
2008-12-06,423
2008-12-06,423
2008-12-06,420
2008-12-06,426
2008-12-07,433
2008-12-07,433
2008-12-07,432
2008-12-07,434
2008-12-08,438
2008-12-08,438
2008-12-08,438
2008-12-08,438
2008-12-09,438
2008-12-09,438
2008-12-09,438
2008-12-09,438
2008-12-10,440
2008-12-10,440
2008-12-10,440
2008-12-10,440
2008-12-11,441
2008-12-11,441
2008-12-11,442
2008-12-11,440
2008-12-12,443
2008-12-12,443
2008-12-12,442
2008-12-12,444
2008-12-13,447.5
2008-12-13,447
2008-12-13,447
2008-12-13,448
2008-12-14,446
2008-12-14,446
2008-12-14,446
2008-12-14,446
2008-12-15,447.5
2008-12-15,447
2008-12-15,448
2008-12-15,447
2008-12-16,447
2008-12-16,447
2008-12-16,448
2008-12-16,446
2008-12-17,448
2008-12-17,448
2008-12-17,448
2008-12-17,448
2008-12-18,451
2008-12-18,451
2008-12-18,450
2008-12-18,452
2008-12-19,456.5
2008-12-19,457
2008-12-19,456
2008-12-19,457
2008-12-20,460.5
2008-12-20,461
2008-12-20,460
2008-12-20,461
2008-12-21,465
2008-12-21,465
2008-12-21,464
2008-12-21,466
2008-12-22,469
2008-12-22,469
2008-12-22,468
2008-12-22,470
2008-12-23,474
2008-12-23,474
2008-12-23,472
2008-12-23,476
2008-12-24,484
2008-12-24,484
2008-12-24,482
2008-12-24,486
2008-12-25,494
2008-12-25,494
2008-12-25,490
2008-12-25,498
2008-12-26,514
2008-12-26,514
2008-12-26,510
2008-12-26,518
2008-12-27,525
2008-12-27,525
2008-12-27,522
2008-12-27,528
2008-12-28,538
2008-12-28,538
2008-12-28,536
2008-12-28,540
2008-12-29,551
2008-12-29,551
2008-12-29,548
2008-12-29,554
2008-12-30,564
2008-12-30,564
2008-12-30,560
2008-12-30,568
2008-12-31,574
2008-12-31,574
2008-12-31,572
2008-12-31,576
2009-01-01,582
2009-01-01,582
2009-01-01,580
2009-01-01,584
2009-01-02,593
2009-01-02,593
2009-01-02,590
2009-01-02,596
2009-01-03,601
2009-01-03,601
2009-01-03,600
2009-01-03,602
2009-01-04,603
2009-01-04,603
2009-01-04,603
2009-01-04,603
2009-01-05,601
2009-01-05,601
2009-01-05,600
2009-01-05,602
2009-01-06,602
2009-01-06,602
2009-01-06,600
2009-01-06,604
2009-01-07,605.5
2009-01-07,606
2009-01-07,605
2009-01-07,606
2009-01-08,608
2009-01-08,608
2009-01-08,608
2009-01-08,608
2009-01-09,611
2009-01-09,611
2009-01-09,610
2009-01-09,612
2009-01-10,611.5
2009-01-10,612
2009-01-10,610
2009-01-10,613
2009-01-11,613.5
2009-01-11,614
2009-01-11,614
2009-01-11,613
2009-01-12,615.5
2009-01-12,616
2009-01-12,615
2009-01-12,616
2009-01-13,617
2009-01-13,617
2009-01-13,617
2009-01-13,617
2009-01-14,619
2009-01-14,619
2009-01-14,618
2009-01-14,620
2009-01-15,623
2009-01-15,623
2009-01-15,622
2009-01-15,624
2009-01-16,626
2009-01-16,626
2009-01-16,626
2009-01-16,626
2009-01-17,631
2009-01-17,631
2009-01-17,630
2009-01-17,632
2009-01-18,636.5
2009-01-18,636
2009-01-18,637
2009-01-18,636
2009-01-19,637
2009-01-19,637
2009-01-19,636
2009-01-19,638
2009-01-20,635
2009-01-20,635
2009-01-20,638
2009-01-20,632
2009-01-21,630
2009-01-21,630
2009-01-21,630
2009-01-21,630
2009-01-22,632
2009-01-22,632
2009-01-22,632
2009-01-22,632
2009-01-23,635
2009-01-23,635
2009-01-23,634
2009-01-23,636
2009-01-24,637
2009-01-24,637
2009-01-24,636
2009-01-24,638
2009-01-25,641.5
2009-01-25,642
2009-01-25,640
2009-01-25,643
2009-01-26,647
2009-01-26,647
2009-01-26,646
2009-01-26,648
2009-01-27,653.5
2009-01-27,654
2009-01-27,652
2009-01-27,655
2009-01-28,659
2009-01-28,659
2009-01-28,658
2009-01-28,660
2009-01-29,664
2009-01-29,664
2009-01-29,662
2009-01-29,666
2009-01-30,669
2009-01-30,669
2009-01-30,668
2009-01-30,670
2009-01-31,678
2009-01-31,678
2009-01-31,676
2009-01-31,680
2009-02-01,688
2009-02-01,688
2009-02-01,686
2009-02-01,690
2009-02-02,697.5
2009-02-02,698
2009-02-02,699
2009-02-02,696
2009-02-03,698
2009-02-03,698
2009-02-03,698
2009-02-03,698
2009-02-04,701
2009-02-04,701
2009-02-04,700
2009-02-04,702
2009-02-05,694
2009-02-05,694
2009-02-05,696
2009-02-05,692
2009-02-06,691
2009-02-06,691
2009-02-06,692
2009-02-06,690
2009-02-07,691
2009-02-07,691
2009-02-07,692
2009-02-07,690
2009-02-08,688
2009-02-08,688
2009-02-08,688
2009-02-08,688
2009-02-09,691
2009-02-09,691
2009-02-09,690
2009-02-09,692
2009-02-10,694
2009-02-10,694
2009-02-10,694
2009-02-10,694
2009-02-11,694.5
2009-02-11,694
2009-02-11,694
2009-02-11,695
2009-02-12,696.5
2009-02-12,696
2009-02-12,696
2009-02-12,697
2009-02-13,698
2009-02-13,698
2009-02-13,698
2009-02-13,698
2009-02-14,701
2009-02-14,701
2009-02-14,700
2009-02-14,702
2009-02-15,706.5
2009-02-15,706
2009-02-15,705
2009-02-15,708
2009-02-16,711.5
2009-02-16,712
2009-02-16,711
2009-02-16,712
2009-02-17,714.5
2009-02-17,714
2009-02-17,714
2009-02-17,715
2009-02-18,716
2009-02-18,716
2009-02-18,716
2009-02-18,716
2009-02-19,716
2009-02-19,716
2009-02-19,718
2009-02-19,714
2009-02-20,712
2009-02-20,712
2009-02-20,712
2009-02-20,712
2009-02-21,714.5
2009-02-21,714
2009-02-21,714
2009-02-21,715
2009-02-22,717
2009-02-22,717
2009-02-22,716
2009-02-22,718
2009-02-23,720
2009-02-23,720
2009-02-23,722
2009-02-23,718
2009-02-24,733
2009-02-24,733
2009-02-24,732
2009-02-24,734
2009-02-25,739
2009-02-25,739
2009-02-25,738
2009-02-25,740
2009-02-26,744.5
2009-02-26,744
2009-02-26,743
2009-02-26,746
2009-02-27,753
2009-02-27,753
2009-02-27,750
2009-02-27,756
2009-02-28,770
2009-02-28,770
2009-02-28,764
2009-02-28,776
2009-03-01,788
2009-03-01,788
2009-03-01,786
2009-03-01,790
2009-03-02,804
2009-03-02,804
2009-03-02,802
2009-03-02,806
2009-03-03,813
2009-03-03,813
2009-03-03,812
2009-03-03,814
2009-03-04,817
2009-03-04,817
2009-03-04,816
2009-03-04,818
2009-03-05,823
2009-03-05,823
2009-03-05,822
2009-03-05,824
2009-03-06,827
2009-03-06,827
2009-03-06,826
2009-03-06,828
2009-03-07,832.5
2009-03-07,832
2009-03-07,832
2009-03-07,833
2009-03-08,835
2009-03-08,835
2009-03-08,834
2009-03-08,836
2009-03-09,838
2009-03-09,838
2009-03-09,838
2009-03-09,838
2009-03-10,841
2009-03-10,841
2009-03-10,840
2009-03-10,842
2009-03-11,842
2009-03-11,842
2009-03-11,842
2009-03-11,842
2009-03-12,841
2009-03-12,841
2009-03-12,840
2009-03-12,842
2009-03-13,843.5
2009-03-13,844
2009-03-13,843
2009-03-13,844
2009-03-14,846
2009-03-14,846
2009-03-14,846
2009-03-14,846
2009-03-15,846.5
2009-03-15,846
2009-03-15,847
2009-03-15,846
2009-03-16,849
2009-03-16,849
2009-03-16,848
2009-03-16,850
2009-03-17,854
2009-03-17,854
2009-03-17,852
2009-03-17,856
2009-03-18,859
2009-03-18,859
2009-03-18,858
2009-03-18,860
2009-03-19,862
2009-03-19,862
2009-03-19,862
2009-03-19,862
2009-03-20,862
2009-03-20,862
2009-03-20,862
2009-03-20,862
2009-03-21,860
2009-03-21,860
2009-03-21,860
2009-03-21,860
2009-03-22,860
2009-03-22,860
2009-03-22,858
2009-03-22,862
2009-03-23,867
2009-03-23,867
2009-03-23,866
2009-03-23,868
2009-03-24,870
2009-03-24,870
2009-03-24,870
2009-03-24,870
2009-03-25,872
2009-03-25,872
2009-03-25,872
2009-03-25,872
2009-03-26,877
2009-03-26,877
2009-03-26,876
2009-03-26,878
2009-03-27,883
2009-03-27,883
2009-03-27,882
2009-03-27,884
2009-03-28,884.5
2009-03-28,885
2009-03-28,884
2009-03-28,885
2009-03-29,887
2009-03-29,887
2009-03-29,886
2009-03-29,888
2009-03-30,886
2009-03-30,886
2009-03-30,886
2009-03-30,886
2009-03-31,887
2009-03-31,887
2009-03-31,887
2009-03-31,887
2009-04-01,889
2009-04-01,889
2009-04-01,888
2009-04-01,890
2009-04-02,891
2009-04-02,891
2009-04-02,890
2009-04-02,892
2009-04-03,891
2009-04-03,891
2009-04-03,892
2009-04-03,890
2009-04-04,889
2009-04-04,889
2009-04-04,890
2009-04-04,888
2009-04-05,885
2009-04-05,885
2009-04-05,886
2009-04-05,884
2009-04-06,881
2009-04-06,881
2009-04-06,882
2009-04-06,880
2009-04-07,877
2009-04-07,877
2009-04-07,877
2009-04-07,877
2009-04-08,874
2009-04-08,874.5
2009-04-08,875
2009-04-08,874
2009-04-09,871
2009-04-09,871
2009-04-09,872
2009-04-09,870
2009-04-10,874
2009-04-10,874.5
2009-04-10,873
2009-04-10,876
2009-04-11,883
2009-04-11,883
2009-04-11,882
2009-04-11,884
2009-04-12,891
2009-04-12,891
2009-04-12,890
2009-04-12,892
2009-04-13,889
2009-04-13,889
2009-04-13,888
2009-04-13,890
2009-04-14,892
2009-04-14,892
2009-04-14,892
2009-04-14,892
2009-04-15,897
2009-04-15,897
2009-04-15,896
2009-04-15,898
2009-04-16,903
2009-04-16,903
2009-04-16,902
2009-04-16,904
2009-04-17,899
2009-04-17,899
2009-04-17,898
2009-04-17,900
2009-04-18,905
2009-04-18,905
2009-04-18,904
2009-04-18,906
2009-04-19,911
2009-04-19,911
2009-04-19,910
2009-04-19,912
2009-04-20,908
2009-04-20,908
2009-04-20,908
2009-04-20,908
2009-04-21,915
2009-04-21,915
2009-04-21,914
2009-04-21,916
2009-04-22,920
2009-04-22,920
2009-04-22,920
2009-04-22,920
2009-04-23,924
2009-04-23,924
2009-04-23,924
2009-04-23,924
2009-04-24,922
2009-04-24,922
2009-04-24,920
2009-04-24,924
2009-04-25,922
2009-04-25,922
2009-04-25,920
2009-04-25,924
2009-04-26,925
2009-04-26,925
2009-04-26,924
2009-04-26,926
2009-04-27,926
2009-04-27,926.5
2009-04-27,926
2009-04-27,927
2009-04-28,931
2009-04-28,931
2009-04-28,930
2009-04-28,932
2009-04-29,931
2009-04-29,931
2009-04-29,932
2009-04-29,930
2009-04-30,933
2009-04-30,933
2009-04-30,932
2009-04-30,934
2009-05-01,937
2009-05-01,937
2009-05-01,936
2009-05-01,938
2009-05-02,941
2009-05-02,941
2009-05-02,940
2009-05-02,942
2009-05-03,949
2009-05-03,949
2009-05-03,946
2009-05-03,952
2009-05-04,958
2009-05-04,958
2009-05-04,956
2009-05-04,960
2009-05-05,965
2009-05-05,965.5
2009-05-05,965
2009-05-05,966
2009-05-06,967
2009-05-06,967
2009-05-06,967
2009-05-06,967
2009-05-07,968
2009-05-07,968
2009-05-07,968
2009-05-07,968
2009-05-08,967
2009-05-08,967
2009-05-08,966
2009-05-08,968
2009-05-09,967
2009-05-09,967
2009-05-09,968
2009-05-09,966
2009-05-10,963
2009-05-10,963
2009-05-10,964
2009-05-10,962
2009-05-11,960
2009-05-11,959.5
2009-05-11,960
2009-05-11,959
2009-05-12,957
2009-05-12,957.5
2009-05-12,958
2009-05-12,957
2009-05-13,954
2009-05-13,954
2009-05-13,955
2009-05-13,953
2009-05-14,948
2009-05-14,948
2009-05-14,950
2009-05-14,946
2009-05-15,939
2009-05-15,939
2009-05-15,940
2009-05-15,938
2009-05-16,933
2009-05-16,933
2009-05-16,934
2009-05-16,932
2009-05-17,928
2009-05-17,928
2009-05-17,930
2009-05-17,926
2009-05-18,919
2009-05-18,919
2009-05-18,920
2009-05-18,918
2009-05-19,911
2009-05-19,911
2009-05-19,912
2009-05-19,910
2009-05-20,900
2009-05-20,900
2009-05-20,902
2009-05-20,898
2009-05-21,893
2009-05-21,893
2009-05-21,896
2009-05-21,890
2009-05-22,884
2009-05-22,884
2009-05-22,886
2009-05-22,882
2009-05-23,877
2009-05-23,877
2009-05-23,878
2009-05-23,876
2009-05-24,873
2009-05-24,873
2009-05-24,874
2009-05-24,872
2009-05-25,869
2009-05-25,869
2009-05-25,870
2009-05-25,868
2009-05-26,865
2009-05-26,865
2009-05-26,866
2009-05-26,864
2009-05-27,872
2009-05-27,872
2009-05-27,874
2009-05-27,870
2009-05-28,874
2009-05-28,874
2009-05-28,874
2009-05-28,874
2009-05-29,872
2009-05-29,871.5
2009-05-29,873
2009-05-29,870
2009-05-30,866
2009-05-30,866
2009-05-30,868
2009-05-30,864
2009-05-31,862
2009-05-31,862
2009-05-31,862
2009-05-31,862
2009-06-01,861
2009-06-01,861
2009-06-01,862
2009-06-01,860
2009-06-02,856
2009-06-02,856
2009-06-02,858
2009-06-02,854
2009-06-03,850
2009-06-03,850
2009-06-03,852
2009-06-03,848
2009-06-04,844
2009-06-04,844.5
2009-06-04,845
2009-06-04,844
2009-06-05,840
2009-06-05,840
2009-06-05,842
2009-06-05,838
2009-06-06,833
2009-06-06,833
2009-06-06,836
2009-06-06,830
2009-06-07,827
2009-06-07,827
2009-06-07,828
2009-06-07,826
2009-06-08,823
2009-06-08,823
2009-06-08,824
2009-06-08,822
2009-06-09,819
2009-06-09,819
2009-06-09,820
2009-06-09,818
2009-06-10,817
2009-06-10,817
2009-06-10,816
2009-06-10,818
2009-06-11,818
2009-06-11,818
2009-06-11,818
2009-06-11,818
2009-06-12,815
2009-06-12,815
2009-06-12,816
2009-06-12,814
2009-06-13,814
2009-06-13,814
2009-06-13,814
2009-06-13,814
2009-06-14,811
2009-06-14,811
2009-06-14,812
2009-06-14,810
2009-06-15,807
2009-06-15,807
2009-06-15,808
2009-06-15,806
2009-06-16,801
2009-06-16,801
2009-06-16,802
2009-06-16,800
2009-06-17,794
2009-06-17,794
2009-06-17,796
2009-06-17,792
2009-06-18,785
2009-06-18,785
2009-06-18,786
2009-06-18,784
2009-06-19,778
2009-06-19,778
2009-06-19,780
2009-06-19,776
2009-06-20,773
2009-06-20,773
2009-06-20,774
2009-06-20,772
2009-06-21,770
2009-06-21,770
2009-06-21,770
2009-06-21,770
2009-06-22,768
2009-06-22,768
2009-06-22,768
2009-06-22,768
2009-06-23,768
2009-06-23,768
2009-06-23,768
2009-06-23,768
2009-06-24,768
2009-06-24,768
2009-06-24,768
2009-06-24,768
2009-06-25,766
2009-06-25,766
2009-06-25,766
2009-06-25,766
2009-06-26,764
2009-06-26,764
2009-06-26,764
2009-06-26,764
2009-06-27,764
2009-06-27,764
2009-06-27,764
2009-06-27,764
2009-06-28,764
2009-06-28,764.5
2009-06-28,765
2009-06-28,764
2009-06-29,760
2009-06-29,760
2009-06-29,760
2009-06-29,760
2009-06-30,757
2009-06-30,757
2009-06-30,758
2009-06-30,756
2009-07-01,755
2009-07-01,755
2009-07-01,756
2009-07-01,754
2009-07-02,751
2009-07-02,751
2009-07-02,752
2009-07-02,750
2009-07-03,748
2009-07-03,748
2009-07-03,748
2009-07-03,748
2009-07-04,745
2009-07-04,745
2009-07-04,746
2009-07-04,744
2009-07-05,742
2009-07-05,742
2009-07-05,742
2009-07-05,742
2009-07-06,739
2009-07-06,739
2009-07-06,740
2009-07-06,738
2009-07-07,735
2009-07-07,735
2009-07-07,736
2009-07-07,734
2009-07-08,731
2009-07-08,731
2009-07-08,732
2009-07-08,730
2009-07-09,729
2009-07-09,729
2009-07-09,728
2009-07-09,730
2009-07-10,726
2009-07-10,726
2009-07-10,727
2009-07-10,725
2009-07-11,721
2009-07-11,721
2009-07-11,722
2009-07-11,720
2009-07-12,718
2009-07-12,717.5
2009-07-12,718
2009-07-12,717
2009-07-13,715
2009-07-13,715
2009-07-13,716
2009-07-13,714
2009-07-14,710
2009-07-14,710.5
2009-07-14,711
2009-07-14,710
2009-07-15,708
2009-07-15,708
2009-07-15,708
2009-07-15,708
2009-07-16,706
2009-07-16,705.5
2009-07-16,706
2009-07-16,705
2009-07-17,701
2009-07-17,701
2009-07-17,702
2009-07-17,700
2009-07-18,699
2009-07-18,699
2009-07-18,700
2009-07-18,698
2009-07-19,698
2009-07-19,697.5
2009-07-19,698
2009-07-19,697
2009-07-20,696
2009-07-20,696
2009-07-20,696
2009-07-20,696
2009-07-21,694
2009-07-21,694
2009-07-21,694
2009-07-21,694
2009-07-22,693
2009-07-22,693
2009-07-22,693
2009-07-22,693
2009-07-23,691
2009-07-23,691
2009-07-23,692
2009-07-23,690
2009-07-24,685
2009-07-24,685
2009-07-24,686
2009-07-24,684
2009-07-25,684
2009-07-25,684.5
2009-07-25,684
2009-07-25,685
2009-07-26,680
2009-07-26,680
2009-07-26,680
2009-07-26,680
2009-07-27,678
2009-07-27,678
2009-07-27,678
2009-07-27,678
2009-07-28,675
2009-07-28,675
2009-07-28,676
2009-07-28,674
2009-07-29,672
2009-07-29,672
2009-07-29,672
2009-07-29,672
2009-07-30,669
2009-07-30,669
2009-07-30,670
2009-07-30,668
2009-07-31,663
2009-07-31,663
2009-07-31,664
2009-07-31,662
2009-08-01,659
2009-08-01,659
2009-08-01,660
2009-08-01,658
2009-08-02,654.5
2009-08-02,654
2009-08-02,656
2009-08-02,653
2009-08-03,649
2009-08-03,649
2009-08-03,650
2009-08-03,648
2009-08-04,646
2009-08-04,646
2009-08-04,646
2009-08-04,646
2009-08-05,644
2009-08-05,644
2009-08-05,644
2009-08-05,644
2009-08-06,641.5
2009-08-06,642
2009-08-06,642
2009-08-06,641
2009-08-07,637.5
2009-08-07,638
2009-08-07,638
2009-08-07,637
2009-08-08,633
2009-08-08,633
2009-08-08,634
2009-08-08,632
2009-08-09,629
2009-08-09,629
2009-08-09,630
2009-08-09,628
2009-08-10,626
2009-08-10,626
2009-08-10,626
2009-08-10,626
2009-08-11,623
2009-08-11,623
2009-08-11,624
2009-08-11,622
2009-08-12,620
2009-08-12,620
2009-08-12,620
2009-08-12,620
2009-08-13,617
2009-08-13,617
2009-08-13,618
2009-08-13,616
2009-08-14,612
2009-08-14,612
2009-08-14,612
2009-08-14,612
2009-08-15,608.5
2009-08-15,608
2009-08-15,610
2009-08-15,607
2009-08-16,604.5
2009-08-16,604
2009-08-16,605
2009-08-16,604
2009-08-17,601
2009-08-17,601
2009-08-17,602
2009-08-17,600
2009-08-18,597
2009-08-18,597
2009-08-18,598
2009-08-18,596
2009-08-19,591
2009-08-19,591
2009-08-19,592
2009-08-19,590
2009-08-20,588
2009-08-20,588
2009-08-20,588
2009-08-20,588
2009-08-21,585.5
2009-08-21,586
2009-08-21,586
2009-08-21,585
2009-08-22,583.5
2009-08-22,584
2009-08-22,584
2009-08-22,583
2009-08-23,585.5
2009-08-23,586
2009-08-23,582
2009-08-23,589
2009-08-24,579
2009-08-24,579
2009-08-24,580
2009-08-24,578
2009-08-25,574.5
2009-08-25,574
2009-08-25,575
2009-08-25,574
2009-08-26,572
2009-08-26,572
2009-08-26,572
2009-08-26,572
2009-08-27,567
2009-08-27,567
2009-08-27,568
2009-08-27,566
2009-08-28,563
2009-08-28,563
2009-08-28,564
2009-08-28,562
2009-08-29,559
2009-08-29,559
2009-08-29,560
2009-08-29,558
2009-08-30,553
2009-08-30,553
2009-08-30,554
2009-08-30,552
2009-08-31,549
2009-08-31,549
2009-08-31,550
2009-08-31,548
2009-09-01,544
2009-09-01,544
2009-09-01,546
2009-09-01,542
2009-09-02,535
2009-09-02,535
2009-09-02,536
2009-09-02,534
2009-09-03,529
2009-09-03,529
2009-09-03,530
2009-09-03,528
2009-09-04,526
2009-09-04,526
2009-09-04,526
2009-09-04,526
2009-09-05,523.5
2009-09-05,524
2009-09-05,524
2009-09-05,523
2009-09-06,522
2009-09-06,522
2009-09-06,522
2009-09-06,522
2009-09-07,520
2009-09-07,520
2009-09-07,520
2009-09-07,520
2009-09-08,523
2009-09-08,523
2009-09-08,520
2009-09-08,526
2009-09-09,510
2009-09-09,510
2009-09-09,512
2009-09-09,508
2009-09-10,505
2009-09-10,505
2009-09-10,506
2009-09-10,504
2009-09-11,499
2009-09-11,499
2009-09-11,500
2009-09-11,498
2009-09-12,490
2009-09-12,490
2009-09-12,492
2009-09-12,488
2009-09-13,479
2009-09-13,479
2009-09-13,480
2009-09-13,478
2009-09-14,472
2009-09-14,472
2009-09-14,474
2009-09-14,470
2009-09-15,468
2009-09-15,468
2009-09-15,468
2009-09-15,468
2009-09-16,465.5
2009-09-16,466
2009-09-16,466
2009-09-16,465
2009-09-17,443.5
2009-09-17,443
2009-09-17,444
2009-09-17,443
2009-09-18,442
2009-09-18,442
2009-09-18,442
2009-09-18,442
2009-09-19,439.5
2009-09-19,439
2009-09-19,440
2009-09-19,439
2009-09-20,437.5
2009-09-20,438
2009-09-20,438
2009-09-20,437
2009-09-21,434.5
2009-09-21,434
2009-09-21,435
2009-09-21,434
2009-09-22,432.5
2009-09-22,432
2009-09-22,432
2009-09-22,433
2009-09-23,431
2009-09-23,431
2009-09-23,432
2009-09-23,430
2009-09-24,424.5
2009-09-24,424
2009-09-24,427
2009-09-24,422
2009-09-25,418
2009-09-25,418
2009-09-25,420
2009-09-25,416
2009-09-26,408
2009-09-26,408
2009-09-26,410
2009-09-26,406
2009-09-27,397
2009-09-27,397
2009-09-27,398
2009-09-27,396
2009-09-28,392.5
2009-09-28,392
2009-09-28,390
2009-09-28,395
2009-09-29,375
2009-09-29,375
2009-09-29,378
2009-09-29,372
2009-09-30,362
2009-09-30,362
2009-09-30,364
2009-09-30,360
2009-10-01,351
2009-10-01,351
2009-10-01,352
2009-10-01,350
2009-10-02,347
2009-10-02,347
2009-10-02,348
2009-10-02,346
2009-10-03,338
2009-10-03,338
2009-10-03,340
2009-10-03,336
2009-10-04,331
2009-10-04,331
2009-10-04,332
2009-10-04,330
2009-10-05,325
2009-10-05,325
2009-10-05,326
2009-10-05,324
2009-10-06,322
2009-10-06,322
2009-10-06,323
2009-10-06,321
2009-10-07,315
2009-10-07,315
2009-10-07,316
2009-10-07,314
2009-10-08,309
2009-10-08,309
2009-10-08,310
2009-10-08,308
2009-10-09,303
2009-10-09,303
2009-10-09,304
2009-10-09,302
2009-10-10,299
2009-10-10,299
2009-10-10,300
2009-10-10,298
2009-10-11,296
2009-10-11,296
2009-10-11,297
2009-10-11,295
2009-10-12,288
2009-10-12,288
2009-10-12,290
2009-10-12,286
2009-10-13,278
2009-10-13,278
2009-10-13,280
2009-10-13,276
2009-10-14,268
2009-10-14,268
2009-10-14,270
2009-10-14,266
2009-10-15,260
2009-10-15,260
2009-10-15,260
2009-10-15,260
2009-10-16,258
2009-10-16,258
2009-10-16,258
2009-10-16,258
2009-10-17,260
2009-10-17,260
2009-10-17,260
2009-10-17,260
2009-10-18,263
2009-10-18,263
2009-10-18,262
2009-10-18,264
2009-10-19,267
2009-10-19,267
2009-10-19,266
2009-10-19,268
2009-10-20,268
2009-10-20,268.5
2009-10-20,268
2009-10-20,269
2009-10-21,270
2009-10-21,270
2009-10-21,270
2009-10-21,270
2009-10-22,266
2009-10-22,266
2009-10-22,267
2009-10-22,265
2009-10-23,258
2009-10-23,258.5
2009-10-23,260
2009-10-23,257
2009-10-24,254
2009-10-24,254
2009-10-24,254
2009-10-24,254
2009-10-25,253
2009-10-25,253
2009-10-25,256
2009-10-25,250
2009-10-26,244
2009-10-26,244
2009-10-26,248
2009-10-26,240
2009-10-27,235
2009-10-27,235
2009-10-27,236
2009-10-27,234
2009-10-28,229
2009-10-28,229
2009-10-28,230
2009-10-28,228
2009-10-29,222
2009-10-29,222
2009-10-29,224
2009-10-29,220
2009-10-30,218
2009-10-30,218.5
2009-10-30,219
2009-10-30,218
2009-10-31,218
2009-10-31,218
2009-10-31,218
2009-10-31,218
2009-11-01,219
2009-11-01,219
2009-11-01,219
2009-11-01,219
2009-11-02,220
2009-11-02,220.5
2009-11-02,220
2009-11-02,221
2009-11-03,224
2009-11-03,224.5
2009-11-03,223
2009-11-03,226
2009-11-04,229
2009-11-04,229
2009-11-04,228
2009-11-04,230
2009-11-05,234
2009-11-05,234
2009-11-05,234
2009-11-05,234
2009-11-06,237
2009-11-06,236.5
2009-11-06,236
2009-11-06,237
2009-11-07,238
2009-11-07,238
2009-11-07,238
2009-11-07,238
2009-11-08,238
2009-11-08,238
2009-11-08,238
2009-11-08,238
2009-11-09,239
2009-11-09,239
2009-11-09,239
2009-11-09,239
2009-11-10,238
2009-11-10,238
2009-11-10,238
2009-11-10,238
2009-11-11,238
2009-11-11,238
2009-11-11,238
2009-11-11,238
2009-11-12,236
2009-11-12,235.5
2009-11-12,236
2009-11-12,235
2009-11-13,238
2009-11-13,237.5
2009-11-13,239
2009-11-13,236
2009-11-14,239
2009-11-14,239
2009-11-14,238
2009-11-14,240
2009-11-15,244
2009-11-15,243.5
2009-11-15,242
2009-11-15,245
2009-11-16,249
2009-11-16,249
2009-11-16,248
2009-11-16,250
2009-11-17,257
2009-11-17,257
2009-11-17,256
2009-11-17,258
2009-11-18,261
2009-11-18,261
2009-11-18,260
2009-11-18,262
2009-11-19,268
2009-11-19,267.5
2009-11-19,267
2009-11-19,268
2009-11-20,271
2009-11-20,271
2009-11-20,270
2009-11-20,272
2009-11-21,273
2009-11-21,273
2009-11-21,273
2009-11-21,273
2009-11-22,276
2009-11-22,276
2009-11-22,276
2009-11-22,276
2009-11-23,279
2009-11-23,279
2009-11-23,278
2009-11-23,280
2009-11-24,278
2009-11-24,278
2009-11-24,278
2009-11-24,278
2009-11-25,273
2009-11-25,273
2009-11-25,274
2009-11-25,272
2009-11-26,270
2009-11-26,270
2009-11-26,270
2009-11-26,270
2009-11-27,266
2009-11-27,266.5
2009-11-27,268
2009-11-27,265
2009-11-28,261
2009-11-28,261
2009-11-28,262
2009-11-28,260
2009-11-29,258
2009-11-29,257.5
2009-11-29,258
2009-11-29,257
2009-11-30,251
2009-11-30,251
2009-11-30,252
2009-11-30,250
2009-12-01,249
2009-12-01,249
2009-12-01,250
2009-12-01,248
2009-12-02,245.5
2009-12-02,246
2009-12-02,246
2009-12-02,245
2009-12-03,243
2009-12-03,243
2009-12-03,242
2009-12-03,244
2009-12-04,248.5
2009-12-04,248
2009-12-04,247
2009-12-04,250
2009-12-05,250
2009-12-05,250
2009-12-05,250
2009-12-05,250
2009-12-06,252.5
2009-12-06,252
2009-12-06,252
2009-12-06,253
2009-12-07,255
2009-12-07,255
2009-12-07,254
2009-12-07,256
2009-12-08,261
2009-12-08,261
2009-12-08,260
2009-12-08,262
2009-12-09,266
2009-12-09,266
2009-12-09,264
2009-12-09,268
2009-12-10,274
2009-12-10,274
2009-12-10,272
2009-12-10,276
2009-12-11,285
2009-12-11,285
2009-12-11,282
2009-12-11,288
2009-12-12,298
2009-12-12,298
2009-12-12,294
2009-12-12,302
2009-12-13,317.5
2009-12-13,318
2009-12-13,314
2009-12-13,321
2009-12-14,329
2009-12-14,329
2009-12-14,326
2009-12-14,332
2009-12-15,338
2009-12-15,338
2009-12-15,336
2009-12-15,340
2009-12-16,344
2009-12-16,344
2009-12-16,342
2009-12-16,346
2009-12-17,354
2009-12-17,354
2009-12-17,352
2009-12-17,356
2009-12-18,373
2009-12-18,373
2009-12-18,368
2009-12-18,378
2009-12-19,400
2009-12-19,400
2009-12-19,398
2009-12-19,402
2009-12-20,425
2009-12-20,425
2009-12-20,418
2009-12-20,432
2009-12-21,442
2009-12-21,442
2009-12-21,438
2009-12-21,446
2009-12-22,472
2009-12-22,472
2009-12-22,470
2009-12-22,474
2009-12-23,480
2009-12-23,480
2009-12-23,478
2009-12-23,482
2009-12-24,489
2009-12-24,489
2009-12-24,488
2009-12-24,490
2009-12-25,495
2009-12-25,495
2009-12-25,494
2009-12-25,496
2009-12-26,497
2009-12-26,497
2009-12-26,498
2009-12-26,496
2009-12-27,493
2009-12-27,493
2009-12-27,494
2009-12-27,492
2009-12-28,490
2009-12-28,490
2009-12-28,490
2009-12-28,490
2009-12-29,489.5
2009-12-29,489
2009-12-29,490
2009-12-29,489
2009-12-30,487
2009-12-30,487
2009-12-30,488
2009-12-30,486
2009-12-31,491
2009-12-31,491
2009-12-31,490
2009-12-31,492
2010-01-01,498
2010-01-01,498
2010-01-01,498
2010-01-01,498
2010-01-02,499.5
2010-01-02,500
2010-01-02,499
2010-01-02,500
2010-01-03,504.5
2010-01-03,504
2010-01-03,504
2010-01-03,505
2010-01-04,507
2010-01-04,507
2010-01-04,506
2010-01-04,508
2010-01-05,514
2010-01-05,514
2010-01-05,510
2010-01-05,518
2010-01-06,527
2010-01-06,527
2010-01-06,526
2010-01-06,528
2010-01-07,531
2010-01-07,531
2010-01-07,530
2010-01-07,532
2010-01-08,536.5
2010-01-08,536
2010-01-08,535
2010-01-08,538
2010-01-09,541
2010-01-09,541
2010-01-09,540
2010-01-09,542
2010-01-10,545
2010-01-10,545
2010-01-10,544
2010-01-10,546
2010-01-11,548
2010-01-11,548
2010-01-11,548
2010-01-11,548
2010-01-12,552
2010-01-12,552
2010-01-12,552
2010-01-12,552
2010-01-13,555.5
2010-01-13,556
2010-01-13,553
2010-01-13,558
2010-01-14,565
2010-01-14,565
2010-01-14,562
2010-01-14,568
2010-01-15,580
2010-01-15,580
2010-01-15,578
2010-01-15,582
2010-01-16,592
2010-01-16,592
2010-01-16,588
2010-01-16,596
2010-01-17,608
2010-01-17,608
2010-01-17,606
2010-01-17,610
2010-01-18,621
2010-01-18,621
2010-01-18,618
2010-01-18,624
2010-01-19,629
2010-01-19,629
2010-01-19,628
2010-01-19,630
2010-01-20,633
2010-01-20,633
2010-01-20,632
2010-01-20,634
2010-01-21,639
2010-01-21,639
2010-01-21,638
2010-01-21,640
2010-01-22,644.5
2010-01-22,644
2010-01-22,644
2010-01-22,645
2010-01-23,649
2010-01-23,649
2010-01-23,648
2010-01-23,650
2010-01-24,654
2010-01-24,654
2010-01-24,654
2010-01-24,654
2010-01-25,662
2010-01-25,662
2010-01-25,660
2010-01-25,664
2010-01-26,670
2010-01-26,670
2010-01-26,668
2010-01-26,672
2010-01-27,675
2010-01-27,675
2010-01-27,674
2010-01-27,676
2010-01-28,680
2010-01-28,680
2010-01-28,678
2010-01-28,682
2010-01-29,688.5
2010-01-29,688
2010-01-29,689
2010-01-29,688
2010-01-30,693
2010-01-30,693
2010-01-30,692
2010-01-30,694
2010-01-31,700
2010-01-31,700
2010-01-31,698
2010-01-31,702
2010-02-01,709
2010-02-01,709
2010-02-01,708
2010-02-01,710
2010-02-02,717
2010-02-02,717
2010-02-02,716
2010-02-02,718
2010-02-03,723
2010-02-03,723
2010-02-03,722
2010-02-03,724
2010-02-04,726
2010-02-04,726
2010-02-04,726
2010-02-04,726
2010-02-05,727.5
2010-02-05,728
2010-02-05,727
2010-02-05,728
2010-02-06,729
2010-02-06,729
2010-02-06,728
2010-02-06,730
2010-02-07,733
2010-02-07,733
2010-02-07,732
2010-02-07,734
2010-02-08,735
2010-02-08,735
2010-02-08,734
2010-02-08,736
2010-02-09,741
2010-02-09,741
2010-02-09,740
2010-02-09,742
2010-02-10,744
2010-02-10,744
2010-02-10,744
2010-02-10,744
2010-02-11,747
2010-02-11,747
2010-02-11,746
2010-02-11,748
2010-02-12,753
2010-02-12,753
2010-02-12,752
2010-02-12,754
2010-02-13,759
2010-02-13,759
2010-02-13,758
2010-02-13,760
2010-02-14,752.5
2010-02-14,752
2010-02-14,754
2010-02-14,751
2010-02-15,741
2010-02-15,741
2010-02-15,740
2010-02-15,742
2010-02-16,735
2010-02-16,735
2010-02-16,738
2010-02-16,732
2010-02-17,728
2010-02-17,728
2010-02-17,728
2010-02-17,728
2010-02-18,727
2010-02-18,727
2010-02-18,728
2010-02-18,726
2010-02-19,723.5
2010-02-19,724
2010-02-19,724
2010-02-19,723
2010-02-20,724
2010-02-20,724
2010-02-20,724
2010-02-20,724
2010-02-21,720
2010-02-21,720
2010-02-21,720
2010-02-21,720
2010-02-22,724
2010-02-22,724
2010-02-22,724
2010-02-22,724
2010-02-23,726.5
2010-02-23,726
2010-02-23,726
2010-02-23,727
2010-02-24,728
2010-02-24,728
2010-02-24,728
2010-02-24,728
2010-02-25,729
2010-02-25,729
2010-02-25,728
2010-02-25,730
2010-02-26,738
2010-02-26,738
2010-02-26,738
2010-02-26,738
2010-02-27,741
2010-02-27,741
2010-02-27,740
2010-02-27,742
2010-02-28,749
2010-02-28,749
2010-02-28,748
2010-02-28,750
2010-03-01,754
2010-03-01,754
2010-03-01,754
2010-03-01,754
2010-03-02,762
2010-03-02,762
2010-03-02,762
2010-03-02,762
2010-03-03,764
2010-03-03,764
2010-03-03,764
2010-03-03,764
2010-03-04,763
2010-03-04,763
2010-03-04,764
2010-03-04,762
2010-03-05,761
2010-03-05,761
2010-03-05,762
2010-03-05,760
2010-03-06,754
2010-03-06,754
2010-03-06,754
2010-03-06,754
2010-03-07,749
2010-03-07,749
2010-03-07,750
2010-03-07,748
2010-03-08,740
2010-03-08,740
2010-03-08,742
2010-03-08,738
2010-03-09,736
2010-03-09,736
2010-03-09,736
2010-03-09,736
2010-03-10,738
2010-03-10,738
2010-03-10,738
2010-03-10,738
2010-03-11,737
2010-03-11,737
2010-03-11,736
2010-03-11,738
2010-03-12,730
2010-03-12,730
2010-03-12,732
2010-03-12,728
2010-03-13,728
2010-03-13,728
2010-03-13,728
2010-03-13,728
2010-03-14,731
2010-03-14,731
2010-03-14,730
2010-03-14,732
2010-03-15,729
2010-03-15,729
2010-03-15,730
2010-03-15,728
2010-03-16,727
2010-03-16,727
2010-03-16,728
2010-03-16,726
2010-03-17,727.5
2010-03-17,728
2010-03-17,728
2010-03-17,727
2010-03-18,727
2010-03-18,727
2010-03-18,728
2010-03-18,726
2010-03-19,723.5
2010-03-19,724
2010-03-19,724
2010-03-19,723
2010-03-20,724
2010-03-20,724
2010-03-20,724
2010-03-20,724
2010-03-21,720
2010-03-21,720
2010-03-21,720
2010-03-21,720
2010-03-22,718
2010-03-22,718
2010-03-22,718
2010-03-22,718
2010-03-23,715.5
2010-03-23,716
2010-03-23,716
2010-03-23,715
2010-03-24,711.5
2010-03-24,712
2010-03-24,713
2010-03-24,710
2010-03-25,707.5
2010-03-25,708
2010-03-25,708
2010-03-25,707
2010-03-26,707
2010-03-26,707
2010-03-26,706
2010-03-26,708
2010-03-27,709
2010-03-27,709
2010-03-27,708
2010-03-27,710
2010-03-28,713
2010-03-28,713
2010-03-28,712
2010-03-28,714
2010-03-29,719
2010-03-29,719
2010-03-29,718
2010-03-29,720
2010-03-30,726
2010-03-30,726
2010-03-30,724
2010-03-30,728
2010-03-31,733
2010-03-31,733
2010-03-31,732
2010-03-31,734
2010-04-01,740
2010-04-01,740
2010-04-01,738
2010-04-01,742
2010-04-02,749
2010-04-02,749
2010-04-02,748
2010-04-02,750
2010-04-03,753
2010-04-03,753
2010-04-03,752
2010-04-03,754
2010-04-04,758
2010-04-04,758
2010-04-04,758
2010-04-04,758
2010-04-05,757
2010-04-05,757
2010-04-05,758
2010-04-05,756
2010-04-06,756
2010-04-06,756
2010-04-06,756
2010-04-06,756
2010-04-07,760
2010-04-07,760
2010-04-07,758
2010-04-07,762
2010-04-08,766.5
2010-04-08,766
2010-04-08,765
2010-04-08,768
2010-04-09,774
2010-04-09,774
2010-04-09,772
2010-04-09,776
2010-04-10,785
2010-04-10,785
2010-04-10,782
2010-04-10,788
2010-04-11,794
2010-04-11,794
2010-04-11,792
2010-04-11,796
2010-04-12,802
2010-04-12,802
2010-04-12,798
2010-04-12,806
2010-04-13,810
2010-04-13,810
2010-04-13,808
2010-04-13,812
2010-04-14,818
2010-04-14,818
2010-04-14,816
2010-04-14,820
2010-04-15,828
2010-04-15,828
2010-04-15,828
2010-04-15,828
2010-04-16,832
2010-04-16,832
2010-04-16,830
2010-04-16,834
2010-04-17,837
2010-04-17,837
2010-04-17,838
2010-04-17,836
2010-04-18,837
2010-04-18,837
2010-04-18,836
2010-04-18,838
2010-04-19,839
2010-04-19,839
2010-04-19,840
2010-04-19,838
2010-04-20,832
2010-04-20,832
2010-04-20,834
2010-04-20,830
2010-04-21,827
2010-04-21,827
2010-04-21,828
2010-04-21,826
2010-04-22,821
2010-04-22,821
2010-04-22,822
2010-04-22,820
2010-04-23,811
2010-04-23,811
2010-04-23,812
2010-04-23,810
2010-04-24,801
2010-04-24,801
2010-04-24,806
2010-04-24,796
2010-04-25,787
2010-04-25,787
2010-04-25,788
2010-04-25,786
2010-04-26,782
2010-04-26,782
2010-04-26,784
2010-04-26,780
2010-04-27,768
2010-04-27,768
2010-04-27,772
2010-04-27,764
2010-04-28,755
2010-04-28,755
2010-04-28,758
2010-04-28,752
2010-04-29,744
2010-04-29,744
2010-04-29,746
2010-04-29,742
2010-04-30,736
2010-04-30,736
2010-04-30,736
2010-04-30,736
2010-05-01,733
2010-05-01,733
2010-05-01,734
2010-05-01,732
2010-05-02,729
2010-05-02,729
2010-05-02,730
2010-05-02,728
2010-05-03,723
2010-05-03,723
2010-05-03,726
2010-05-03,720
2010-05-04,709
2010-05-04,709
2010-05-04,710
2010-05-04,708
2010-05-05,703
2010-05-05,703
2010-05-05,706
2010-05-05,700
2010-05-06,694
2010-05-06,694
2010-05-06,696
2010-05-06,692
2010-05-07,689.5
2010-05-07,690
2010-05-07,690
2010-05-07,689
2010-05-08,685
2010-05-08,685
2010-05-08,687
2010-05-08,683
2010-05-09,679
2010-05-09,679
2010-05-09,680
2010-05-09,678
2010-05-10,674.5
2010-05-10,674
2010-05-10,675
2010-05-10,674
2010-05-11,672
2010-05-11,672
2010-05-11,672
2010-05-11,672
2010-05-12,671
2010-05-12,671
2010-05-12,670
2010-05-12,672
2010-05-13,675
2010-05-13,675
2010-05-13,676
2010-05-13,674
2010-05-14,675
2010-05-14,675
2010-05-14,676
2010-05-14,674
2010-05-15,671.5
2010-05-15,672
2010-05-15,672
2010-05-15,671
2010-05-16,670
2010-05-16,670
2010-05-16,670
2010-05-16,670
2010-05-17,671
2010-05-17,671
2010-05-17,670
2010-05-17,672
2010-05-18,670
2010-05-18,670
2010-05-18,670
2010-05-18,670
2010-05-19,666
2010-05-19,666
2010-05-19,668
2010-05-19,664
2010-05-20,661
2010-05-20,661
2010-05-20,662
2010-05-20,660
2010-05-21,655
2010-05-21,655
2010-05-21,656
2010-05-21,654
2010-05-22,653
2010-05-23,650.5
2010-05-23,650
2010-05-23,651
2010-05-23,650
2010-05-24,646
2010-05-24,646
2010-05-24,648
2010-05-24,644
2010-05-25,642
2010-05-25,642
2010-05-25,642
2010-05-25,642
2010-05-26,644
2010-05-26,644
2010-05-26,644
2010-05-26,644
2010-05-27,646
2010-05-27,646
2010-05-27,646
2010-05-27,646
2010-05-28,651
2010-05-28,651
2010-05-28,652
2010-05-28,650
2010-05-29,653
2010-05-29,653
2010-05-29,652
2010-05-29,654
2010-05-30,654
2010-05-30,654
2010-05-30,654
2010-05-30,654
2010-05-31,657
2010-05-31,657
2010-05-31,656
2010-05-31,658
2010-06-01,658
2010-06-01,658
2010-06-01,658
2010-06-01,658
2010-06-02,660
2010-06-02,660
2010-06-02,660
2010-06-02,660
2010-06-03,658
2010-06-03,658
2010-06-03,658
2010-06-03,658
2010-06-04,656.5
2010-06-04,656
2010-06-04,657
2010-06-04,656
2010-06-05,654
2010-06-05,654
2010-06-05,654
2010-06-05,654
2010-06-06,652.5
2010-06-06,652
2010-06-06,653
2010-06-06,652
2010-06-07,650
2010-06-07,650
2010-06-07,650
2010-06-07,650
2010-06-08,650
2010-06-08,650
2010-06-08,650
2010-06-08,650
2010-06-09,648
2010-06-09,648
2010-06-09,648
2010-06-09,648
2010-06-10,647
2010-06-10,647
2010-06-10,647
2010-06-10,647
2010-06-11,646
2010-06-11,646
2010-06-11,646
2010-06-11,646
2010-06-12,644
2010-06-12,644
2010-06-12,645
2010-06-12,643
2010-06-13,642
2010-06-13,642
2010-06-13,642
2010-06-13,642
2010-06-14,639
2010-06-14,639
2010-06-14,640
2010-06-14,638
2010-06-15,638
2010-06-15,638
2010-06-15,638
2010-06-15,638
2010-06-16,636
2010-06-16,636
2010-06-16,636
2010-06-16,636
2010-06-17,633
2010-06-17,633
2010-06-17,634
2010-06-17,632
2010-06-18,632
2010-06-18,632
2010-06-18,634
2010-06-18,630
2010-06-19,627.5
2010-06-19,628
2010-06-19,628
2010-06-19,627
2010-06-20,622.5
2010-06-20,622
2010-06-20,624
2010-06-20,621
2010-06-21,619
2010-06-21,619
2010-06-21,620
2010-06-21,618
2010-06-22,616.5
2010-06-22,616
2010-06-22,617
2010-06-22,616
2010-06-23,613.5
2010-06-23,614
2010-06-23,614
2010-06-23,613
2010-06-24,612
2010-06-24,612
2010-06-24,612
2010-06-24,612
2010-06-25,610
2010-06-25,610
2010-06-25,610
2010-06-25,610
2010-06-26,607.5
2010-06-26,608
2010-06-26,608
2010-06-26,607
2010-06-27,604
2010-06-27,604
2010-06-27,604
2010-06-27,604
2010-06-28,602
2010-06-28,602
2010-06-28,602
2010-06-28,602
2010-06-29,599
2010-06-29,599
2010-06-29,600
2010-06-29,598
2010-06-30,595
2010-06-30,595
2010-06-30,596
2010-06-30,594
2010-07-01,594
2010-07-01,594
2010-07-01,594
2010-07-01,594
2010-07-02,591
2010-07-02,591
2010-07-02,592
2010-07-02,590
2010-07-03,585
2010-07-03,585
2010-07-03,586
2010-07-03,584
2010-07-04,579.5
2010-07-04,580
2010-07-04,580
2010-07-04,579
2010-07-05,576
2010-07-05,576
2010-07-05,576
2010-07-05,576
2010-07-06,573.5
2010-07-06,574
2010-07-06,574
2010-07-06,573
2010-07-07,571.5
2010-07-07,572
2010-07-07,572
2010-07-07,571
2010-07-08,568.5
2010-07-08,568
2010-07-08,569
2010-07-08,568
2010-07-09,566
2010-07-09,566
2010-07-09,567
2010-07-09,565
2010-07-10,562
2010-07-10,562
2010-07-10,563
2010-07-10,561
2010-07-11,560
2010-07-11,560
2010-07-11,560
2010-07-11,560
2010-07-12,557.5
2010-07-12,558
2010-07-12,558
2010-07-12,557
2010-07-13,555.5
2010-07-13,556
2010-07-13,556
2010-07-13,555
2010-07-14,556.5
2010-07-14,556
2010-07-14,556
2010-07-14,557
2010-07-15,556.5
2010-07-15,556
2010-07-15,557
2010-07-15,556
2010-07-16,554.5
2010-07-16,554
2010-07-16,555
2010-07-16,554
2010-07-17,554
2010-07-17,554
2010-07-17,554
2010-07-17,554
2010-07-18,553
2010-07-18,553
2010-07-18,553
2010-07-18,553
2010-07-19,551
2010-07-19,551
2010-07-19,552
2010-07-19,550
2010-07-20,550
2010-07-20,550
2010-07-20,550
2010-07-20,550
2010-07-21,547.5
2010-07-21,548
2010-07-21,548
2010-07-21,547
2010-07-22,545
2010-07-22,545
2010-07-22,546
2010-07-22,544
2010-07-23,542.5
2010-07-23,542
2010-07-23,543
2010-07-23,542
2010-07-24,540
2010-07-24,540
2010-07-24,540
2010-07-24,540
2010-07-25,537.5
2010-07-25,538
2010-07-25,538
2010-07-25,537
2010-07-26,535.5
2010-07-26,536
2010-07-26,536
2010-07-26,535
2010-07-27,534
2010-07-27,534
2010-07-27,534
2010-07-27,534
2010-07-28,532.5
2010-07-28,532
2010-07-28,533
2010-07-28,532
2010-07-29,529
2010-07-29,529
2010-07-29,530
2010-07-29,528
2010-07-30,525.5
2010-07-30,526
2010-07-30,526
2010-07-30,525
2010-07-31,522.5
2010-07-31,522
2010-07-31,523
2010-07-31,522
2010-08-01,519
2010-08-01,519
2010-08-01,520
2010-08-01,518
2010-08-02,514
2010-08-02,513.5
2010-08-02,515
2010-08-02,512
2010-08-03,504
2010-08-03,504.5
2010-08-03,506
2010-08-03,503
2010-08-04,497
2010-08-04,497.5
2010-08-04,498
2010-08-04,497
2010-08-05,492
2010-08-05,492
2010-08-05,494
2010-08-05,490
2010-08-06,486
2010-08-06,485.5
2010-08-06,487
2010-08-06,484
2010-08-07,480
2010-08-07,480
2010-08-07,480
2010-08-07,480
2010-08-08,479
2010-08-08,479
2010-08-08,480
2010-08-08,478
2010-08-09,474
2010-08-09,473.5
2010-08-09,474
2010-08-09,473
2010-08-10,478
2010-08-10,478
2010-08-10,478
2010-08-10,478
2010-08-11,464
2010-08-11,463.5
2010-08-11,464
2010-08-11,463
2010-08-12,462
2010-08-12,462.5
2010-08-12,463
2010-08-12,462
2010-08-13,461
2010-08-13,461
2010-08-13,462
2010-08-13,460
2010-08-14,458
2010-08-14,457.5
2010-08-14,458
2010-08-14,457
2010-08-15,454
2010-08-15,454
2010-08-15,455
2010-08-15,453
2010-08-16,451
2010-08-16,451
2010-08-16,452
2010-08-16,450
2010-08-17,447
2010-08-17,447
2010-08-17,448
2010-08-17,446
2010-08-18,442
2010-08-18,441.5
2010-08-18,443
2010-08-18,440
2010-08-19,437
2010-08-19,437
2010-08-19,438
2010-08-19,436
2010-08-20,428
2010-08-20,428
2010-08-20,430
2010-08-20,426
2010-08-21,420
2010-08-21,419.5
2010-08-21,421
2010-08-21,418
2010-08-22,411
2010-08-22,411
2010-08-22,412
2010-08-22,410
2010-08-23,407
2010-08-23,407
2010-08-23,408
2010-08-23,406
2010-08-24,403
2010-08-24,403
2010-08-24,404
2010-08-24,402
2010-08-25,399
2010-08-25,399
2010-08-25,400
2010-08-25,398
2010-08-26,394
2010-08-26,394
2010-08-26,396
2010-08-26,392
2010-08-27,387
2010-08-27,387
2010-08-27,388
2010-08-27,386
2010-08-28,379
2010-08-28,379
2010-08-28,382
2010-08-28,376
2010-08-29,372
2010-08-29,372
2010-08-29,374
2010-08-29,370
2010-08-30,363
2010-08-30,363
2010-08-30,366
2010-08-30,360
2010-08-31,349
2010-08-31,349
2010-08-31,352
2010-08-31,346
2010-09-01,338.5
2010-09-01,338
2010-09-01,340
2010-09-01,337
2010-09-02,331
2010-09-02,331
2010-09-02,334
2010-09-02,328
2010-09-03,318.5
2010-09-03,318
2010-09-03,320
2010-09-03,317
2010-09-04,311.5
2010-09-04,312
2010-09-04,313
2010-09-04,310
2010-09-05,308
2010-09-05,308
2010-09-05,309
2010-09-05,307
2010-09-06,305
2010-09-06,305
2010-09-06,306
2010-09-06,304
2010-09-07,298
2010-09-07,298
2010-09-07,300
2010-09-07,296
2010-09-08,287
2010-09-08,287
2010-09-08,290
2010-09-08,284
2010-09-09,279
2010-09-09,279
2010-09-09,280
2010-09-09,278
2010-09-10,275
2010-09-10,275
2010-09-10,276
2010-09-10,274
2010-09-11,269
2010-09-11,269
2010-09-11,270
2010-09-11,268
2010-09-12,265.5
2010-09-12,266
2010-09-12,266
2010-09-12,265
2010-09-13,262.5
2010-09-13,262
2010-09-13,263
2010-09-13,262
2010-09-14,260.5
2010-09-14,260
2010-09-14,261
2010-09-14,260
2010-09-15,257
2010-09-15,257
2010-09-15,258
2010-09-15,256
2010-09-16,249
2010-09-16,249
2010-09-16,250
2010-09-16,248
2010-09-17,242.5
2010-09-17,242
2010-09-17,243
2010-09-17,242
2010-09-18,238.5
2010-09-18,238
2010-09-18,240
2010-09-18,237
2010-09-19,226
2010-09-19,226
2010-09-19,230
2010-09-19,222
2010-09-20,214
2010-09-20,214
2010-09-20,218
2010-09-20,210
2010-09-21,199
2010-09-21,199
2010-09-21,200
2010-09-21,198
2010-09-22,194
2010-09-22,194
2010-09-22,195
2010-09-22,193
2010-09-23,192
2010-09-23,192
2010-09-23,192
2010-09-23,192
2010-09-24,189
2010-09-24,189
2010-09-24,190
2010-09-24,188
2010-09-25,184
2010-09-25,184
2010-09-25,185
2010-09-25,183
2010-09-26,181.5
2010-09-26,182
2010-09-26,182
2010-09-26,181
2010-09-27,177
2010-09-27,177
2010-09-27,178
2010-09-27,176
2010-09-28,172
2010-09-28,172
2010-09-28,174
2010-09-28,170
2010-09-29,168
2010-09-29,168
2010-09-29,168
2010-09-29,168
2010-09-30,166.5
2010-09-30,166
2010-09-30,167
2010-09-30,166
2010-10-01,166
2010-10-01,165.5
2010-10-01,166
2010-10-01,165
2010-10-02,162
2010-10-02,162
2010-10-02,164
2010-10-02,160
2010-10-03,156
2010-10-03,156.5
2010-10-03,157
2010-10-03,156
2010-10-04,154
2010-10-04,154
2010-10-04,155
2010-10-04,153
2010-10-05,150
2010-10-05,150
2010-10-05,150
2010-10-05,150
2010-10-06,148
2010-10-06,148
2010-10-06,148
2010-10-06,148
2010-10-07,148
2010-10-07,148
2010-10-07,148
2010-10-07,148
2010-10-08,147
2010-10-08,147
2010-10-08,147
2010-10-08,147
2010-10-09,146
2010-10-09,146.5
2010-10-09,146
2010-10-09,147
2010-10-10,149
2010-10-10,149
2010-10-10,148
2010-10-10,150
2010-10-11,159
2010-10-11,159
2010-10-11,158
2010-10-11,160
2010-10-12,162
2010-10-12,161.5
2010-10-12,163
2010-10-12,160
2010-10-13,154
2010-10-13,154
2010-10-13,154
2010-10-13,154
2010-10-14,152
2010-10-14,152.5
2010-10-14,153
2010-10-14,152
2010-10-15,152
2010-10-15,151.5
2010-10-15,152
2010-10-15,151
2010-10-16,149
2010-10-16,149
2010-10-16,150
2010-10-16,148
2010-10-17,146
2010-10-17,146
2010-10-17,147
2010-10-17,145
2010-10-18,144
2010-10-18,143.5
2010-10-18,144
2010-10-18,143
2010-10-19,142
2010-10-19,142
2010-10-19,142
2010-10-19,142
2010-10-20,140
2010-10-20,140
2010-10-20,140
2010-10-20,140
2010-10-21,138
2010-10-21,138
2010-10-21,138
2010-10-21,138
2010-10-22,136
2010-10-22,136
2010-10-22,136
2010-10-22,136
2010-10-23,132
2010-10-23,132
2010-10-23,132
2010-10-23,132
2010-10-24,140
2010-10-24,140
2010-10-24,140
2010-10-24,140
2010-10-25,147
2010-10-25,147
2010-10-25,146
2010-10-25,148
2010-10-26,152
2010-10-26,152
2010-10-26,152
2010-10-26,152
2010-10-27,154
2010-10-27,154
2010-10-27,154
2010-10-27,154
2010-10-28,155
2010-10-28,155
2010-10-28,155
2010-10-28,155
2010-10-29,159
2010-10-29,159
2010-10-29,158
2010-10-29,160
2010-10-30,161
2010-10-30,161
2010-10-30,160
2010-10-30,162
2010-10-31,162
2010-10-31,162
2010-10-31,162
2010-10-31,162
2010-11-01,160
2010-11-01,160
2010-11-01,160
2010-11-01,160
2010-11-02,158
2010-11-02,158
2010-11-02,158
2010-11-02,158
2010-11-03,161.5
2010-11-03,162
2010-11-03,160
2010-11-03,163
2010-11-04,167
2010-11-04,167
2010-11-04,166
2010-11-04,168
2010-11-05,171
2010-11-05,171
2010-11-05,170
2010-11-05,172
2010-11-06,174
2010-11-06,174
2010-11-06,174
2010-11-06,174
2010-11-07,175.5
2010-11-07,176
2010-11-07,175
2010-11-07,176
2010-11-08,178
2010-11-08,178
2010-11-08,178
2010-11-08,178
2010-11-09,180
2010-11-09,180
2010-11-09,180
2010-11-09,180
2010-11-10,178
2010-11-10,178
2010-11-10,178
2010-11-10,178
2010-11-11,181
2010-11-11,181
2010-11-11,180
2010-11-11,182
2010-11-12,186.5
2010-11-12,186
2010-11-12,186
2010-11-12,187
2010-11-13,189
2010-11-13,189
2010-11-13,188
2010-11-13,190
2010-11-14,194.5
2010-11-14,194
2010-11-14,194
2010-11-14,195
2010-11-15,203
2010-11-15,203
2010-11-15,202
2010-11-15,204
2010-11-16,206
2010-11-16,206
2010-11-16,206
2010-11-16,206
2010-11-17,209.5
2010-11-17,210
2010-11-17,208
2010-11-17,211
2010-11-18,213.5
2010-11-18,213
2010-11-18,213
2010-11-18,214
2010-11-19,219
2010-11-19,219
2010-11-19,218
2010-11-19,220
2010-11-20,223
2010-11-20,223
2010-11-20,222
2010-11-20,224
2010-11-21,224
2010-11-21,224
2010-11-21,224
2010-11-21,224
2010-11-22,226
2010-11-22,226
2010-11-22,226
2010-11-22,226
2010-11-23,227
2010-11-23,227
2010-11-23,226
2010-11-23,228
2010-11-24,231
2010-11-24,231
2010-11-24,230
2010-11-24,232
2010-11-25,237
2010-11-25,237
2010-11-25,236
2010-11-25,238
2010-11-26,241
2010-11-26,241
2010-11-26,240
2010-11-26,242
2010-11-27,244
2010-11-27,244
2010-11-27,244
2010-11-27,244
2010-11-28,246.5
2010-11-28,246
2010-11-28,246
2010-11-28,247
2010-11-29,249
2010-11-29,249
2010-11-29,248
2010-11-29,250
2010-11-30,256
2010-11-30,256
2010-11-30,254
2010-11-30,258
2010-12-01,263
2010-12-01,263
2010-12-01,262
2010-12-01,264
2010-12-02,267
2010-12-02,267
2010-12-02,266
2010-12-02,268
2010-12-03,272
2010-12-03,272
2010-12-03,270
2010-12-03,274
2010-12-04,276
2010-12-04,276
2010-12-04,276
2010-12-04,276
2010-12-05,279
2010-12-05,279
2010-12-05,278
2010-12-05,280
2010-12-06,282.5
2010-12-06,282
2010-12-06,282
2010-12-06,283
2010-12-07,287
2010-12-07,287
2010-12-07,286
2010-12-07,288
2010-12-08,293
2010-12-08,293
2010-12-08,292
2010-12-08,294
2010-12-09,296.5
2010-12-09,296
2010-12-09,295
2010-12-09,298
2010-12-10,304
2010-12-10,304
2010-12-10,304
2010-12-10,304
2010-12-11,304.5
2010-12-11,304
2010-12-11,304
2010-12-11,305
2010-12-12,305
2010-12-12,305
2010-12-12,306
2010-12-12,304
2010-12-13,301
2010-12-13,301
2010-12-13,302
2010-12-13,300
2010-12-14,296
2010-12-14,296
2010-12-14,296
2010-12-14,296
2010-12-15,295.5
2010-12-15,296
2010-12-15,296
2010-12-15,295
2010-12-16,294
2010-12-16,294
2010-12-16,294
2010-12-16,294
2010-12-17,294.5
2010-12-17,294
2010-12-17,294
2010-12-17,295
2010-12-18,297.5
2010-12-18,298
2010-12-18,297
2010-12-18,298
2010-12-19,305.5
2010-12-19,306
2010-12-19,304
2010-12-19,307
2010-12-20,312
2010-12-20,312
2010-12-20,310
2010-12-20,314
2010-12-21,320
2010-12-21,320
2010-12-21,318
2010-12-21,322
2010-12-22,331
2010-12-22,331
2010-12-22,328
2010-12-22,334
2010-12-23,342
2010-12-23,342
2010-12-23,338
2010-12-23,346
2010-12-24,364
2010-12-24,364
2010-12-24,362
2010-12-24,366
2010-12-25,369
2010-12-25,369
2010-12-25,368
2010-12-25,370
2010-12-26,379
2010-12-26,379
2010-12-26,378
2010-12-26,380
2010-12-27,388
2010-12-27,388
2010-12-27,386
2010-12-27,390
2010-12-28,395
2010-12-28,395
2010-12-28,394
2010-12-28,396
2010-12-29,398
2010-12-29,398
2010-12-29,398
2010-12-29,398
2010-12-30,399
2010-12-30,399
2010-12-30,398
2010-12-30,400
2010-12-31,401.5
2010-12-31,401
2010-12-31,401
2010-12-31,402
2011-01-01,402
2011-01-01,402
2011-01-01,402
2011-01-01,402
2011-01-02,403
2011-01-02,403
2011-01-02,403
2011-01-02,403
2011-01-03,405
2011-01-03,405
2011-01-03,404
2011-01-03,406
2011-01-04,408.5
2011-01-04,408
2011-01-04,408
2011-01-04,409
2011-01-05,412.5
2011-01-05,412
2011-01-05,412
2011-01-05,413
2011-01-06,416
2011-01-06,416
2011-01-06,415
2011-01-06,417
2011-01-07,419.5
2011-01-07,420
2011-01-07,418
2011-01-07,421
2011-01-08,427.5
2011-01-08,428
2011-01-08,425
2011-01-08,430
2011-01-09,440
2011-01-09,440
2011-01-09,438
2011-01-09,442
2011-01-10,447
2011-01-10,447
2011-01-10,446
2011-01-10,448
2011-01-11,452.5
2011-01-11,453
2011-01-11,452
2011-01-11,453
2011-01-12,457.5
2011-01-12,458
2011-01-12,456
2011-01-12,459
2011-01-13,463
2011-01-13,463
2011-01-13,462
2011-01-13,464
2011-01-14,467
2011-01-14,467
2011-01-14,466
2011-01-14,468
2011-01-15,478
2011-01-15,478
2011-01-15,478
2011-01-15,478
2011-01-16,488
2011-01-16,488
2011-01-16,486
2011-01-16,490
2011-01-17,496
2011-01-17,496
2011-01-17,494
2011-01-17,498
2011-01-18,503
2011-01-18,503
2011-01-18,502
2011-01-18,504
2011-01-19,509
2011-01-19,509
2011-01-19,502
2011-01-19,516
2011-01-20,522.5
2011-01-20,522
2011-01-20,521
2011-01-20,524
2011-01-21,533
2011-01-21,533
2011-01-21,532
2011-01-21,534
2011-01-22,540
2011-01-22,540
2011-01-22,538
2011-01-22,542
2011-01-23,547
2011-01-23,547
2011-01-23,546
2011-01-23,548
2011-01-24,555
2011-01-24,555
2011-01-24,552
2011-01-24,558
2011-01-25,585
2011-01-25,585
2011-01-25,578
2011-01-25,592
2011-01-26,601
2011-01-26,601
2011-01-26,598
2011-01-26,604
2011-01-27,610
2011-01-27,610
2011-01-27,608
2011-01-27,612
2011-01-28,623
2011-01-28,623
2011-01-28,622
2011-01-28,624
2011-01-29,633
2011-01-29,633
2011-01-29,632
2011-01-29,634
2011-01-30,640
2011-01-30,640
2011-01-30,638
2011-01-30,642
2011-01-31,651
2011-01-31,651
2011-01-31,648
2011-01-31,654
2011-02-01,660
2011-02-01,660
2011-02-01,658
2011-02-01,662
2011-02-02,668
2011-02-02,668
2011-02-02,664
2011-02-02,672
2011-02-03,679
2011-02-03,679
2011-02-03,678
2011-02-03,680
2011-02-04,687.5
2011-02-04,688
2011-02-04,692
2011-02-04,683
2011-02-05,685
2011-02-05,685
2011-02-05,684
2011-02-05,686
2011-02-06,687.5
2011-02-06,688
2011-02-06,687
2011-02-06,688
2011-02-07,687
2011-02-07,687
2011-02-07,688
2011-02-07,686
2011-02-08,689
2011-02-08,689
2011-02-08,688
2011-02-08,690
2011-02-09,696
2011-02-09,696
2011-02-09,690
2011-02-09,702
2011-02-10,703.5
2011-02-10,704
2011-02-10,704
2011-02-10,703
2011-02-11,701
2011-02-11,701
2011-02-11,702
2011-02-11,700
2011-02-12,695
2011-02-12,695
2011-02-12,696
2011-02-12,694
2011-02-13,689
2011-02-13,689
2011-02-13,690
2011-02-13,688
2011-02-14,687
2011-02-14,687
2011-02-14,686
2011-02-14,688
2011-02-15,691
2011-02-15,691
2011-02-15,690
2011-02-15,692
2011-02-16,696
2011-02-16,696
2011-02-16,696
2011-02-16,696
2011-02-17,698
2011-02-17,698
2011-02-17,698
2011-02-17,698
2011-02-18,696.5
2011-02-18,696
2011-02-18,697
2011-02-18,696
2011-02-19,700
2011-02-19,700
2011-02-19,698
2011-02-19,702
2011-02-20,705
2011-02-20,705
2011-02-20,704
2011-02-20,706
2011-02-21,711
2011-02-21,711
2011-02-21,710
2011-02-21,712
2011-02-22,715
2011-02-22,715
2011-02-22,714
2011-02-22,716
2011-02-23,723
2011-02-23,723
2011-02-23,721
2011-02-23,725
2011-02-24,732
2011-02-24,732
2011-02-24,730
2011-02-24,734
2011-02-25,741
2011-02-25,741
2011-02-25,738
2011-02-25,744
2011-02-26,750
2011-02-26,750
2011-02-26,748
2011-02-26,752
2011-02-27,765
2011-02-27,765
2011-02-27,762
2011-02-27,768
2011-02-28,778.5
2011-02-28,778
2011-02-28,779
2011-02-28,778
2011-03-01,783
2011-03-01,783
2011-03-01,782
2011-03-01,784
2011-03-02,787
2011-03-02,787
2011-03-02,786
2011-03-02,788
2011-03-03,791
2011-03-03,791
2011-03-03,790
2011-03-03,792
2011-03-04,796
2011-03-04,796
2011-03-04,796
2011-03-04,796
2011-03-05,797.5
2011-03-05,798
2011-03-05,798
2011-03-05,797
2011-03-06,800
2011-03-06,800
2011-03-06,798
2011-03-06,802
2011-03-07,807
2011-03-07,807
2011-03-07,806
2011-03-07,808
2011-03-08,813
2011-03-08,813
2011-03-08,812
2011-03-08,814
2011-03-09,816.5
2011-03-09,816
2011-03-09,816
2011-03-09,817
2011-03-10,818.5
2011-03-10,818
2011-03-10,818
2011-03-10,819
2011-03-11,821.5
2011-03-11,822
2011-03-11,821
2011-03-11,822
2011-03-12,823
2011-03-12,823
2011-03-12,823
2011-03-12,823
2011-03-13,822.5
2011-03-13,822
2011-03-13,823
2011-03-13,822
2011-03-14,821.5
2011-03-14,822
2011-03-14,821
2011-03-14,822
2011-03-15,820.5
2011-03-15,820
2011-03-15,820
2011-03-15,821
2011-03-16,821
2011-03-16,821
2011-03-16,822
2011-03-16,820
2011-03-17,821.5
2011-03-17,822
2011-03-17,822
2011-03-17,821
2011-03-18,821
2011-03-18,821
2011-03-18,820
2011-03-18,822
2011-03-19,823
2011-03-19,823
2011-03-19,823
2011-03-19,823
2011-03-20,823.5
2011-03-20,824
2011-03-20,824
2011-03-20,823
2011-03-21,819
2011-03-21,819
2011-03-21,820
2011-03-21,818
2011-03-22,816
2011-03-22,816
2011-03-22,817
2011-03-22,815
2011-03-23,812.5
2011-03-23,812
2011-03-23,813
2011-03-23,812
2011-03-24,806
2011-03-24,806
2011-03-24,808
2011-03-24,804
2011-03-25,801
2011-03-25,801
2011-03-25,802
2011-03-25,800
2011-03-26,798
2011-03-26,798
2011-03-26,798
2011-03-26,798
2011-03-27,793
2011-03-27,793
2011-03-27,794
2011-03-27,792
2011-03-28,790
2011-03-28,790
2011-03-28,790
2011-03-28,790
2011-03-29,787
2011-03-29,787
2011-03-29,788
2011-03-29,786
2011-03-30,783
2011-03-30,783
2011-03-30,784
2011-03-30,782
2011-03-31,781
2011-03-31,781
2011-03-31,780
2011-03-31,782
2011-04-01,794
2011-04-01,794
2011-04-01,786
2011-04-01,802
2011-04-02,807
2011-04-02,807
2011-04-02,806
2011-04-02,808
2011-04-03,814
2011-04-03,814
2011-04-03,812
2011-04-03,816
2011-04-04,823
2011-04-04,823
2011-04-04,822
2011-04-04,824
2011-04-05,832
2011-04-05,832
2011-04-05,830
2011-04-05,834
2011-04-06,841
2011-04-06,841
2011-04-06,840
2011-04-06,842
2011-04-07,847
2011-04-07,847
2011-04-07,846
2011-04-07,848
2011-04-08,855
2011-04-08,855
2011-04-08,854
2011-04-08,856
2011-04-09,859
2011-04-09,859
2011-04-09,858
2011-04-09,860
2011-04-10,868
2011-04-10,868
2011-04-10,864
2011-04-10,872
2011-04-11,881
2011-04-11,881
2011-04-11,878
2011-04-11,884
2011-04-12,889
2011-04-12,889
2011-04-12,888
2011-04-12,890
2011-04-13,895
2011-04-13,895
2011-04-13,894
2011-04-13,896
2011-04-14,899
2011-04-14,899
2011-04-14,898
2011-04-14,900
2011-04-15,903
2011-04-15,903
2011-04-15,902
2011-04-15,904
2011-04-16,907
2011-04-16,907
2011-04-16,906
2011-04-16,908
2011-04-17,910
2011-04-17,910.5
2011-04-17,910
2011-04-17,911
2011-04-18,912
2011-04-18,912.5
2011-04-18,912
2011-04-18,913
2011-04-19,914
2011-04-19,914.5
2011-04-19,914
2011-04-19,915
2011-04-20,916
2011-04-20,916
2011-04-20,916
2011-04-20,916
2011-04-21,918
2011-04-21,918
2011-04-21,918
2011-04-21,918
2011-04-22,918
2011-04-22,918
2011-04-22,918
2011-04-22,918
2011-04-23,918
2011-04-23,918
2011-04-23,918
2011-04-23,918
2011-04-24,915
2011-04-24,915
2011-04-24,916
2011-04-24,914
2011-04-25,912
2011-04-25,912
2011-04-25,912
2011-04-25,912
2011-04-26,909
2011-04-26,909
2011-04-26,910
2011-04-26,908
2011-04-27,905
2011-04-27,905
2011-04-27,906
2011-04-27,904
2011-04-28,897
2011-04-28,997
2011-04-28,998
2011-04-28,996
2011-04-29,890
2011-04-29,890
2011-04-29,892
2011-04-29,888
2011-04-30,882
2011-04-30,882.5
2011-04-30,885
2011-04-30,880
2011-05-01,874
2011-05-01,873.5
2011-05-01,874
2011-05-01,873
2011-05-02,864
2011-05-02,864
2011-05-02,866
2011-05-02,862
2011-05-03,856
2011-05-03,856
2011-05-03,856
2011-05-03,856
2011-05-04,855
2011-05-04,855
2011-05-04,858
2011-05-04,852
2011-05-05,838
2011-05-05,837.5
2011-05-05,840
2011-05-05,835
2011-05-06,830
2011-05-06,829.5
2011-05-06,830
2011-05-06,829
2011-05-07,824
2011-05-07,824
2011-05-07,825
2011-05-07,823
2011-05-08,818
2011-05-08,818
2011-05-08,820
2011-05-08,816
2011-05-09,810
2011-05-09,810
2011-05-09,812
2011-05-09,808
2011-05-10,798
2011-05-10,797.5
2011-05-10,796
2011-05-10,799
2011-05-11,788
2011-05-11,788
2011-05-11,790
2011-05-11,786
2011-05-12,781
2011-05-12,781
2011-05-12,782
2011-05-12,780
2011-05-13,778
2011-05-13,778
2011-05-13,778
2011-05-13,778
2011-05-14,776
2011-05-14,776
2011-05-14,776
2011-05-14,776
2011-05-15,778
2011-05-15,777.5
2011-05-15,775
2011-05-15,780
2011-05-16,788
2011-05-16,788
2011-05-16,786
2011-05-16,790
2011-05-17,788
2011-05-17,788
2011-05-17,786
2011-05-17,790
2011-05-18,784
2011-05-18,784
2011-05-18,780
2011-05-18,788
2011-05-19,786
2011-05-19,786
2011-05-19,786
2011-05-19,786
2011-05-20,786
2011-05-20,785.5
2011-05-20,786
2011-05-20,785
2011-05-21,780
2011-05-21,780
2011-05-21,780
2011-05-21,780
2011-05-22,777
2011-05-22,777
2011-05-22,778
2011-05-22,776
2011-05-23,770
2011-05-23,770
2011-05-23,772
2011-05-23,768
2011-05-24,763
2011-05-24,763
2011-05-24,764
2011-05-24,762
2011-05-25,755
2011-05-25,755
2011-05-25,756
2011-05-25,754
2011-05-26,750
2011-05-26,750
2011-05-26,750
2011-05-26,750
2011-05-27,745
2011-05-27,745
2011-05-27,746
2011-05-27,744
2011-05-28,742
2011-05-28,742
2011-05-28,742
2011-05-28,742
2011-05-29,740
2011-05-29,740
2011-05-29,740
2011-05-29,740
2011-05-30,738
2011-05-30,737.5
2011-05-30,738
2011-05-30,737
2011-05-31,735
2011-05-31,735
2011-05-31,736
2011-05-31,734
2011-06-01,731
2011-06-01,731
2011-06-01,732
2011-06-01,730
2011-06-02,724
2011-06-02,724
2011-06-02,726
2011-06-02,722
2011-06-03,717.5
2011-06-03,718
2011-06-03,718
2011-06-03,717
2011-06-04,713.5
2011-06-04,714
2011-06-04,714
2011-06-04,713
2011-06-05,711
2011-06-05,711
2011-06-05,712
2011-06-05,710
2011-06-06,708
2011-06-06,708
2011-06-06,708
2011-06-06,708
2011-06-07,706.5
2011-06-07,706
2011-06-07,707
2011-06-07,706
2011-06-08,705.5
2011-06-08,706
2011-06-08,706
2011-06-08,705
2011-06-09,703
2011-06-09,703
2011-06-09,704
2011-06-09,702
2011-06-10,699
2011-06-10,699
2011-06-10,700
2011-06-10,698
2011-06-11,695.5
2011-06-11,696
2011-06-11,696
2011-06-11,695
2011-06-12,692.5
2011-06-12,692
2011-06-12,693
2011-06-12,692
2011-06-13,691
2011-06-13,691
2011-06-13,692
2011-06-13,690
2011-06-14,690
2011-06-14,690
2011-06-14,690
2011-06-14,690
2011-06-15,687.5
2011-06-15,688
2011-06-15,688
2011-06-15,687
2011-06-16,686
2011-06-16,686
2011-06-16,686
2011-06-16,686
2011-06-17,685
2011-06-17,685
2011-06-17,685
2011-06-17,685
2011-06-18,684
2011-06-18,684
2011-06-18,684
2011-06-18,684
2011-06-19,682.5
2011-06-19,682
2011-06-19,683
2011-06-19,682
2011-06-20,679
2011-06-20,679
2011-06-20,680
2011-06-20,678
2011-06-21,675
2011-06-21,675
2011-06-21,676
2011-06-21,674
2011-06-22,674
2011-06-22,674
2011-06-22,674
2011-06-22,674
2011-06-23,671
2011-06-23,671
2011-06-23,672
2011-06-23,670
2011-06-24,667.5
2011-06-24,668
2011-06-24,668
2011-06-24,667
2011-06-25,664.5
2011-06-25,664
2011-06-25,665
2011-06-25,664
2011-06-26,659
2011-06-26,659
2011-06-26,660
2011-06-26,658
2011-06-27,655
2011-06-27,655
2011-06-27,656
2011-06-27,654
2011-06-28,651
2011-06-28,651
2011-06-28,652
2011-06-28,650
2011-06-29,647
2011-06-29,647
2011-06-29,648
2011-06-29,646
2011-06-30,646
2011-06-30,646
2011-06-30,646
2011-06-30,646
2011-07-01,647
2011-07-01,647
2011-07-01,646
2011-07-01,648
2011-07-02,653
2011-07-02,653
2011-07-02,652
2011-07-02,654
2011-07-03,656
2011-07-03,656
2011-07-03,656
2011-07-03,656
2011-07-04,656
2011-07-04,656
2011-07-04,656
2011-07-04,656
2011-07-05,658
2011-07-05,658
2011-07-05,658
2011-07-05,658
2011-07-06,659
2011-07-06,659
2011-07-06,660
2011-07-06,658
2011-07-07,653
2011-07-07,653
2011-07-07,654
2011-07-07,652
2011-07-08,646
2011-07-08,646
2011-07-08,646
2011-07-08,646
2011-07-09,644
2011-07-09,644
2011-07-09,644
2011-07-09,644
2011-07-10,643
2011-07-10,643
2011-07-10,643
2011-07-10,643
2011-07-11,641
2011-07-11,641
2011-07-11,642
2011-07-11,640
2011-07-12,636
2011-07-12,635.5
2011-07-12,636
2011-07-12,635
2011-07-13,631
2011-07-13,631
2011-07-13,632
2011-07-13,630
2011-07-14,629
2011-07-14,629
2011-07-14,629
2011-07-14,629
2011-07-15,623
2011-07-15,623
2011-07-15,624
2011-07-15,622
2011-07-16,620
2011-07-16,620
2011-07-16,620
2011-07-16,620
2011-07-17,618
2011-07-17,617.5
2011-07-17,618
2011-07-17,617
2011-07-18,614
2011-07-18,614
2011-07-18,615
2011-07-18,613
2011-07-19,612
2011-07-19,612
2011-07-19,612
2011-07-19,612
2011-07-20,610
2011-07-20,610
2011-07-20,610
2011-07-20,610
2011-07-21,607
2011-07-21,607
2011-07-21,608
2011-07-21,606
2011-07-22,604
2011-07-22,604
2011-07-22,604
2011-07-22,604
2011-07-23,604
2011-07-23,603.5
2011-07-23,604
2011-07-23,603
2011-07-24,602
2011-07-24,602.5
2011-07-24,603
2011-07-24,602
2011-07-25,599
2011-07-25,599
2011-07-25,600
2011-07-25,598
2011-07-26,596
2011-07-26,595.5
2011-07-26,596
2011-07-26,595
2011-07-27,592
2011-07-27,592.5
2011-07-27,593
2011-07-27,592
2011-07-28,580
2011-07-28,586
2011-07-29,570
2011-07-29,574
2011-07-30,567
2011-07-30,567
2011-07-30,568
2011-07-30,566
2011-07-31,564
2011-07-31,564.5
2011-07-31,565
2011-07-31,564
2011-08-01,563.5
2011-08-01,564
2011-08-01,563
2011-08-01,564
2011-08-02,563.5
2011-08-02,564
2011-08-02,564
2011-08-02,563
2011-08-03,561
2011-08-03,561
2011-08-03,562
2011-08-03,560
2011-08-04,558
2011-08-04,558
2011-08-04,558
2011-08-04,558
2011-08-05,556.5
2011-08-05,556
2011-08-05,557
2011-08-05,556
2011-08-06,554
2011-08-06,554
2011-08-06,554
2011-08-06,554
2011-08-07,552.5
2011-08-07,552
2011-08-07,553
2011-08-07,552
2011-08-08,549
2011-08-08,549
2011-08-08,550
2011-08-08,548
2011-08-09,546
2011-08-09,546
2011-08-09,546
2011-08-09,546
2011-08-10,542
2011-08-10,542
2011-08-10,542
2011-08-10,542
2011-08-11,528
2011-08-11,528
2011-08-11,528
2011-08-11,528
2011-08-12,527.5
2011-08-12,528
2011-08-12,527
2011-08-12,528
2011-08-13,530
2011-08-13,530
2011-08-13,530
2011-08-13,530
2011-08-14,529
2011-08-14,529
2011-08-14,530
2011-08-14,528
2011-08-15,524
2011-08-15,524
2011-08-15,526
2011-08-15,522
2011-08-16,519
2011-08-16,519
2011-08-16,520
2011-08-16,518
2011-08-17,514.5
2011-08-17,514
2011-08-17,516
2011-08-17,513
2011-08-18,508.5
2011-08-18,508
2011-08-18,510
2011-08-18,507
2011-08-19,501.5
2011-08-19,501
2011-08-19,503
2011-08-19,500
2011-08-20,494
2011-08-20,494
2011-08-20,496
2011-08-20,492
2011-08-21,489
2011-08-21,489
2011-08-21,490
2011-08-21,488
2011-08-22,483
2011-08-22,483
2011-08-22,484
2011-08-22,482
2011-08-23,476
2011-08-23,476
2011-08-23,478
2011-08-23,474
2011-08-24,469
2011-08-24,469
2011-08-24,470
2011-08-24,468
2011-08-25,465
2011-08-25,465
2011-08-25,466
2011-08-25,464
2011-08-26,459
2011-08-26,459
2011-08-26,460
2011-08-26,458
2011-08-27,453
2011-08-27,453
2011-08-27,454
2011-08-27,452
2011-08-28,449
2011-08-28,449
2011-08-28,450
2011-08-28,448
2011-08-29,446
2011-08-29,446
2011-08-29,447
2011-08-29,445
2011-08-30,441
2011-08-30,441
2011-08-30,442
2011-08-30,440
2011-08-31,438.5
2011-08-31,438
2011-08-31,439
2011-08-31,438
2011-09-01,436
2011-09-01,436
2011-09-01,436
2011-09-01,436
2011-09-02,435
2011-09-02,435
2011-09-02,435
2011-09-02,435
2011-09-03,433.5
2011-09-03,434
2011-09-03,434
2011-09-03,433
2011-09-04,431
2011-09-04,431
2011-09-04,432
2011-09-04,430
2011-09-05,425
2011-09-05,425
2011-09-05,426
2011-09-05,424
2011-09-06,419
2011-09-06,419
2011-09-06,420
2011-09-06,418
2011-09-07,412
2011-09-07,412
2011-09-07,414
2011-09-07,410
2011-09-08,401.5
2011-09-08,401
2011-09-08,403
2011-09-08,400
2011-09-09,390
2011-09-09,390
2011-09-09,392
2011-09-09,388
2011-09-10,383
2011-09-10,383
2011-09-10,384
2011-09-10,382
2011-09-11,375
2011-09-11,375
2011-09-11,378
2011-09-11,372
2011-09-12,364.5
2011-09-12,364
2011-09-12,365
2011-09-12,364
2011-09-13,359
2011-09-13,359
2011-09-13,360
2011-09-13,358
2011-09-14,348.5
2011-09-14,348
2011-09-14,350
2011-09-14,347
2011-09-15,339
2011-09-15,339
2011-09-15,340
2011-09-15,338
2011-09-16,328.5
2011-09-16,328
2011-09-16,330
2011-09-16,327
2011-09-17,319
2011-09-17,319
2011-09-17,320
2011-09-17,318
2011-09-18,307
2011-09-18,307
2011-09-18,310
2011-09-18,304
2011-09-19,294
2011-09-19,294
2011-09-19,296
2011-09-19,292
2011-09-20,281
2011-09-20,281
2011-09-20,284
2011-09-20,278
2011-09-21,266
2011-09-21,266
2011-09-21,268
2011-09-21,264
2011-09-22,256
2011-09-22,256
2011-09-22,258
2011-09-22,254
2011-09-23,244
2011-09-23,244
2011-09-23,246
2011-09-23,242
2011-09-24,236
2011-09-24,236
2011-09-24,238
2011-09-24,234
2011-09-25,226
2011-09-25,226
2011-09-25,228
2011-09-25,224
2011-09-26,219
2011-09-26,219
2011-09-26,220
2011-09-26,218
2011-09-27,215
2011-09-27,215
2011-09-27,216
2011-09-27,214
2011-09-28,211
2011-09-28,211
2011-09-28,212
2011-09-28,210
2011-09-29,208
2011-09-29,208
2011-09-29,208
2011-09-29,208
2011-09-30,205
2011-09-30,205
2011-09-30,206
2011-09-30,204
2011-10-01,202
2011-10-01,202
2011-10-01,202
2011-10-01,202
2011-10-02,198
2011-10-02,197.5
2011-10-02,198
2011-10-02,197
2011-10-03,192
2011-10-03,192
2011-10-03,194
2011-10-03,190
2011-10-04,186
2011-10-04,186
2011-10-04,188
2011-10-04,184
2011-10-05,179
2011-10-05,179
2011-10-05,180
2011-10-05,178
2011-10-06,172
2011-10-06,172
2011-10-06,174
2011-10-06,170
2011-10-07,168
2011-10-07,168
2011-10-07,168
2011-10-07,168
2011-10-08,166
2011-10-08,165.5
2011-10-08,167
2011-10-08,164
2011-10-09,164
2011-10-09,164
2011-10-09,164
2011-10-09,164
2011-10-10,162
2011-10-10,162
2011-10-10,162
2011-10-10,162
2011-10-11,161
2011-10-11,161
2011-10-11,160
2011-10-11,162
2011-10-12,170
2011-10-12,170
2011-10-12,170
2011-10-12,170
2011-10-13,173
2011-10-13,173
2011-10-13,172
2011-10-13,174
2011-10-14,177
2011-10-14,177
2011-10-14,176
2011-10-14,178
2011-10-15,179
2011-10-15,179
2011-10-15,180
2011-10-15,178
2011-10-16,173
2011-10-16,173
2011-10-16,174
2011-10-16,172
2011-10-17,173
2011-10-17,173
2011-10-17,170
2011-10-17,176
2011-10-18,185
2011-10-18,185
2011-10-18,184
2011-10-18,186
2011-10-19,190
2011-10-19,189.5
2011-10-19,189
2011-10-19,190
2011-10-20,195
2011-10-20,195
2011-10-20,194
2011-10-20,196
2011-10-21,203
2011-10-21,203
2011-10-21,202
2011-10-21,204
2011-10-22,202
2011-10-22,202
2011-10-22,200
2011-10-22,204
2011-10-23,208
2011-10-23,208
2011-10-23,206
2011-10-23,210
2011-10-24,217
2011-10-24,217
2011-10-24,214
2011-10-24,220
2011-10-25,230
2011-10-25,230
2011-10-25,228
2011-10-25,232
2011-10-26,237
2011-10-26,237
2011-10-26,236
2011-10-26,238
2011-10-27,237
2011-10-27,237
2011-10-27,236
2011-10-27,238
2011-10-28,238
2011-10-28,237.5
2011-10-28,237
2011-10-28,238
2011-10-29,240
2011-10-29,239.5
2011-10-29,239
2011-10-29,240
2011-10-30,242
2011-10-30,242
2011-10-30,240
2011-10-30,244
2011-10-31,249
2011-10-31,249
2011-10-31,248
2011-10-31,250
2011-11-01,250
2011-11-01,250.5
2011-11-01,250
2011-11-01,251
2011-11-02,253
2011-11-02,253
2011-11-02,252
2011-11-02,254
2011-11-03,258
2011-11-03,258.5
2011-11-03,259
2011-11-03,258
2011-11-04,260
2011-11-04,259.5
2011-11-04,259
2011-11-04,260
2011-11-05,262
2011-11-05,262
2011-11-05,262
2011-11-05,262
2011-11-06,267
2011-11-06,267
2011-11-06,266
2011-11-06,268
2011-11-07,271
2011-11-07,271
2011-11-07,270
2011-11-07,272
2011-11-08,278
2011-11-08,278
2011-11-08,276
2011-11-08,280
2011-11-09,284
2011-11-09,284
2011-11-09,283
2011-11-09,285
2011-11-10,292
2011-11-10,292.5
2011-11-10,290
2011-11-10,295
2011-11-11,299
2011-11-11,299
2011-11-11,298
2011-11-11,300
2011-11-12,304
2011-11-12,303.5
2011-11-12,302
2011-11-12,305
2011-11-13,310
2011-11-13,309.5
2011-11-13,307
2011-11-13,312
2011-11-14,318
2011-11-14,318.5
2011-11-14,317
2011-11-14,320
2011-11-15,328
2011-11-15,328
2011-11-15,326
2011-11-15,330
2011-11-16,334
2011-11-16,334
2011-11-16,333
2011-11-16,335
2011-11-17,338
2011-11-17,337.5
2011-11-17,337
2011-11-17,338
2011-11-18,345
2011-11-18,345
2011-11-18,344
2011-11-18,346
2011-11-19,342
2011-11-19,342.5
2011-11-19,343
2011-11-19,342
2011-11-20,338
2011-11-20,337.5
2011-11-20,338
2011-11-20,337
2011-11-21,334
2011-11-21,334.5
2011-11-21,335
2011-11-21,334
2011-11-22,333
2011-11-22,333
2011-11-22,333
2011-11-22,333
2011-11-23,332
2011-11-23,331.5
2011-11-23,332
2011-11-23,331
2011-11-24,329
2011-11-24,329
2011-11-24,330
2011-11-24,328
2011-11-25,324
2011-11-25,324.5
2011-11-25,326
2011-11-25,323
2011-11-26,323
2011-11-26,323
2011-11-26,324
2011-11-26,322
2011-11-27,319
2011-11-27,319
2011-11-27,320
2011-11-27,318
2011-11-28,313
2011-11-28,313
2011-11-28,314
2011-11-28,312
2011-11-29,312
2011-11-29,311.5
2011-11-29,311
2011-11-29,312
2011-11-30,316
2011-11-30,316
2011-11-30,316
2011-11-30,316
2011-12-01,322
2011-12-01,322
2011-12-01,320
2011-12-01,324
2011-12-02,340
2011-12-02,340
2011-12-02,338
2011-12-02,342
2011-12-03,340
2011-12-03,340
2011-12-03,338
2011-12-03,342
2011-12-04,355
2011-12-04,355
2011-12-04,352
2011-12-04,358
2011-12-05,369.5
2011-12-05,370
2011-12-05,367
2011-12-05,372
2011-12-06,379
2011-12-06,379
2011-12-06,378
2011-12-06,380
2011-12-07,377
2011-12-07,377
2011-12-07,378
2011-12-07,376
2011-12-08,372
2011-12-08,372
2011-12-08,374
2011-12-08,370
2011-12-09,372
2011-12-09,372
2011-12-09,374
2011-12-09,370
2011-12-10,368
2011-12-10,368
2011-12-10,368
2011-12-10,368
2011-12-11,364
2011-12-11,364
2011-12-11,364
2011-12-11,364
2011-12-12,361
2011-12-12,361
2011-12-12,362
2011-12-12,360
2011-12-13,363
2011-12-13,363
2011-12-13,364
2011-12-13,362
2011-12-14,354
2011-12-14,354
2011-12-14,358
2011-12-14,350
2011-12-15,364
2011-12-15,364
2011-12-15,363
2011-12-15,365
2011-12-16,364
2011-12-16,364
2011-12-16,360
2011-12-16,368
2011-12-17,373
2011-12-17,373
2011-12-17,370
2011-12-17,376
2011-12-18,375.5
2011-12-18,376
2011-12-18,375
2011-12-18,376
2011-12-19,380
2011-12-19,380
2011-12-19,379
2011-12-19,381
2011-12-20,387
2011-12-20,387
2011-12-20,384
2011-12-20,390
2011-12-21,397
2011-12-21,397
2011-12-21,396
2011-12-21,398
2011-12-22,405
2011-12-22,405
2011-12-22,404
2011-12-22,406
2011-12-23,410
2011-12-23,410
2011-12-23,408
2011-12-23,412
2011-12-24,417.5
2011-12-24,418
2011-12-24,416
2011-12-24,419
2011-12-25,424
2011-12-25,424
2011-12-25,422
2011-12-25,426
2011-12-26,438
2011-12-26,438
2011-12-26,434
2011-12-26,442
2011-12-27,450
2011-12-27,450
2011-12-27,448
2011-12-27,452
2011-12-28,465
2011-12-28,465
2011-12-28,462
2011-12-28,468
2011-12-29,471
2011-12-29,471
2011-12-29,470
2011-12-29,472
2011-12-30,477
2011-12-30,477
2011-12-30,476
2011-12-30,478
2011-12-31,485.5
2011-12-31,486
2011-12-31,484
2011-12-31,487
2012-01-01,491.5
2012-01-01,492
2012-01-01,489
2012-01-01,494
2012-01-02,499
2012-01-02,499
2012-01-02,498
2012-01-02,500
2012-01-03,506
2012-01-03,506
2012-01-03,504
2012-01-03,508
2012-01-04,520
2012-01-04,520
2012-01-04,518
2012-01-04,522
2012-01-05,528
2012-01-05,528
2012-01-05,526
2012-01-05,530
2012-01-06,550.5
2012-01-06,550
2012-01-06,545
2012-01-06,556
2012-01-07,566
2012-01-07,566
2012-01-07,562
2012-01-07,570
2012-01-08,584
2012-01-08,584
2012-01-08,582
2012-01-08,586
2012-01-09,591
2012-01-09,591
2012-01-09,590
2012-01-09,592
2012-01-10,595
2012-01-10,595
2012-01-10,594
2012-01-10,596
2012-01-11,598.5
2012-01-11,598
2012-01-11,598
2012-01-11,599
2012-01-12,601
2012-01-12,601
2012-01-12,600
2012-01-12,602
2012-01-13,604
2012-01-13,604
2012-01-13,604
2012-01-13,604
2012-01-14,606.5
2012-01-14,606
2012-01-14,606
2012-01-14,607
2012-01-15,609
2012-01-15,609
2012-01-15,608
2012-01-15,610
2012-01-16,609.5
2012-01-16,610
2012-01-16,608
2012-01-16,611
2012-01-17,616
2012-01-17,616
2012-01-17,616
2012-01-17,616
2012-01-18,622
2012-01-18,622
2012-01-18,620
2012-01-18,624
2012-01-19,629.5
2012-01-19,630
2012-01-19,628
2012-01-19,631
2012-01-20,641
2012-01-20,641
2012-01-20,638
2012-01-20,644
2012-01-21,651.5
2012-01-21,652
2012-01-21,648
2012-01-21,655
2012-01-22,664.5
2012-01-22,664
2012-01-22,662
2012-01-22,667
2012-01-23,674.5
2012-01-23,674
2012-01-23,667
2012-01-23,682
2012-01-24,690
2012-01-24,690
2012-01-24,688
2012-01-24,692
2012-01-25,713
2012-01-25,713
2012-01-25,708
2012-01-25,718
2012-01-26,735
2012-01-26,735
2012-01-26,728
2012-01-26,742
2012-01-27,754
2012-01-27,754
2012-01-27,752
2012-01-27,756
2012-01-28,766
2012-01-28,766
2012-01-28,764
2012-01-28,768
2012-01-29,783
2012-01-29,783
2012-01-29,780
2012-01-29,786
2012-01-30,795
2012-01-30,795
2012-01-30,792
2012-01-30,798
2012-01-31,810
2012-01-31,810
2012-01-31,808
2012-01-31,812
2012-02-01,817
2012-02-01,817
2012-02-01,816
2012-02-01,818
2012-02-02,820
2012-02-02,820
2012-02-02,820
2012-02-02,820
2012-02-03,823
2012-02-03,823
2012-02-03,822
2012-02-03,824
2012-02-04,819
2012-02-04,819
2012-02-04,820
2012-02-04,818
2012-02-05,817
2012-02-05,817
2012-02-05,818
2012-02-05,816
2012-02-06,814
2012-02-06,814
2012-02-06,814
2012-02-06,814
2012-02-07,812
2012-02-07,812
2012-02-07,812
2012-02-07,812
2012-02-08,814
2012-02-08,814
2012-02-08,814
2012-02-08,814
2012-02-09,812
2012-02-09,812.5
2012-02-09,813
2012-02-09,812
2012-02-10,814
2012-02-10,814
2012-02-10,814
2012-02-10,814
2012-02-11,818
2012-02-11,817.5
2012-02-11,817
2012-02-11,818
2012-02-12,821
2012-02-12,821
2012-02-12,820
2012-02-12,822
2012-02-13,827
2012-02-13,827
2012-02-13,826
2012-02-13,828
2012-02-14,835
2012-02-14,835
2012-02-14,834
2012-02-14,836
2012-02-15,844
2012-02-15,844
2012-02-15,842
2012-02-15,846
2012-02-16,849
2012-02-16,849
2012-02-16,846
2012-02-16,852
2012-02-17,849
2012-02-17,849
2012-02-17,850
2012-02-17,848
2012-02-18,845
2012-02-18,845
2012-02-18,846
2012-02-18,844
2012-02-19,839
2012-02-19,839
2012-02-19,840
2012-02-19,838
2012-02-20,835
2012-02-20,834.5
2012-02-20,835
2012-02-20,834
2012-02-21,831
2012-02-21,831
2012-02-21,832
2012-02-21,830
2012-02-22,829
2012-02-22,829
2012-02-22,828
2012-02-22,830
2012-02-23,833
2012-02-23,833
2012-02-23,832
2012-02-23,834
2012-02-24,834
2012-02-24,834
2012-02-24,834
2012-02-24,834
2012-02-25,836
2012-02-25,835.5
2012-02-25,835
2012-02-25,836
2012-02-26,840
2012-02-26,840
2012-02-26,838
2012-02-26,842
2012-02-27,854
2012-02-27,854
2012-02-27,852
2012-02-27,856
2012-02-28,864
2012-02-28,864
2012-02-28,862
2012-02-28,866
2012-02-29,874
2012-02-29,874
2012-02-29,872
2012-02-29,876
2012-03-01,883
2012-03-01,883
2012-03-01,882
2012-03-01,884
2012-03-02,887
2012-03-02,887
2012-03-02,886
2012-03-02,888
2012-03-03,891
2012-03-03,891
2012-03-03,890
2012-03-03,892
2012-03-04,889
2012-03-04,889
2012-03-04,886
2012-03-04,892
2012-03-05,894
2012-03-05,894
2012-03-05,894
2012-03-05,894
2012-03-06,894.5
2012-03-06,894
2012-03-06,895
2012-03-06,894
2012-03-07,894
2012-03-07,894
2012-03-07,894
2012-03-07,894
2012-03-08,892
2012-03-08,892
2012-03-08,892
2012-03-08,892
2012-03-09,897
2012-03-09,897
2012-03-09,896
2012-03-09,898
2012-03-10,899
2012-03-10,899
2012-03-10,898
2012-03-10,900
2012-03-11,901
2012-03-11,901
2012-03-11,902
2012-03-11,900
2012-03-12,902
2012-03-12,902
2012-03-12,902
2012-03-12,902
2012-03-13,903.5
2012-03-13,904
2012-03-13,903
2012-03-13,904
2012-03-14,899
2012-03-14,899
2012-03-14,900
2012-03-14,898
2012-03-15,893
2012-03-15,893
2012-03-15,894
2012-03-15,892
2012-03-16,890
2012-03-16,890
2012-03-16,890
2012-03-16,890
2012-03-17,887
2012-03-17,887
2012-03-17,888
2012-03-17,886
2012-03-18,889
2012-03-18,889
2012-03-18,888
2012-03-18,890
2012-03-19,891
2012-03-19,891
2012-03-19,890
2012-03-19,892
2012-03-20,891
2012-03-20,891
2012-03-20,892
2012-03-20,890
2012-03-21,891
2012-03-21,891
2012-03-21,892
2012-03-21,890
2012-03-22,891
2012-03-22,891
2012-03-22,892
2012-03-22,890
2012-03-23,889
2012-03-23,889
2012-03-23,888
2012-03-23,890
2012-03-24,885
2012-03-24,885
2012-03-24,886
2012-03-24,884
2012-03-25,880
2012-03-25,880
2012-03-25,880
2012-03-25,880
2012-03-26,881
2012-03-26,881
2012-03-26,880
2012-03-26,882
2012-03-27,886.5
2012-03-27,886
2012-03-27,886
2012-03-27,887
2012-03-28,889
2012-03-28,889
2012-03-28,888
2012-03-28,890
2012-03-29,895
2012-03-29,895
2012-03-29,894
2012-03-29,896
2012-03-30,897
2012-03-30,897
2012-03-30,898
2012-03-30,896
2012-03-31,893
2012-03-31,893
2012-03-31,894
2012-03-31,892
2012-04-01,888
2012-04-01,888.5
2012-04-01,890
2012-04-01,887
2012-04-02,883
2012-04-02,883
2012-04-02,884
2012-04-02,882
2012-04-03,882
2012-04-03,882
2012-04-03,882
2012-04-03,882
2012-04-04,884
2012-04-04,883.5
2012-04-04,880
2012-04-04,887
2012-04-05,883
2012-04-05,883
2012-04-05,884
2012-04-05,882
2012-04-06,878
2012-04-06,878
2012-04-06,880
2012-04-06,876
2012-04-07,866
2012-04-07,866
2012-04-07,867
2012-04-07,865
2012-04-08,863
2012-04-08,863
2012-04-08,864
2012-04-08,862
2012-04-09,857
2012-04-09,857.5
2012-04-09,858
2012-04-09,857
2012-04-10,853
2012-04-10,853
2012-04-10,854
2012-04-10,852
2012-04-11,848
2012-04-11,848.5
2012-04-11,850
2012-04-11,847
2012-04-12,844
2012-04-12,844.5
2012-04-12,845
2012-04-12,844
2012-04-13,844
2012-04-13,844.5
2012-04-13,845
2012-04-13,844
2012-04-14,846
2012-04-14,846.5
2012-04-14,845
2012-04-14,848
2012-04-15,846
2012-04-15,846
2012-04-15,846
2012-04-15,846
2012-04-16,847
2012-04-16,847
2012-04-16,848
2012-04-16,846
2012-04-17,844
2012-04-17,843.5
2012-04-17,844
2012-04-17,843
2012-04-18,840
2012-04-18,840.5
2012-04-18,841
2012-04-18,840
2012-04-19,838
2012-04-19,838
2012-04-19,838
2012-04-19,838
2012-04-20,836
2012-04-20,835.5
2012-04-20,836
2012-04-20,835
2012-04-21,830
2012-04-21,830
2012-04-21,830
2012-04-21,830
2012-04-22,828
2012-04-22,827.5
2012-04-22,828
2012-04-22,827
2012-04-23,826
2012-04-23,826
2012-04-23,826
2012-04-23,826
2012-04-24,828
2012-04-24,828
2012-04-24,828
2012-04-24,828
2012-04-25,826
2012-04-25,826.5
2012-04-25,827
2012-04-25,826
2012-04-26,824
2012-04-26,824
2012-04-26,824
2012-04-26,824
2012-04-27,826
2012-04-27,825.5
2012-04-27,825
2012-04-27,826
2012-04-28,826
2012-04-28,825.5
2012-04-28,826
2012-04-28,825
2012-04-29,824
2012-04-29,824
2012-04-29,824
2012-04-29,824
2012-04-30,822
2012-04-30,822
2012-04-30,822
2012-04-30,822
2012-05-01,820.5
2012-05-01,820
2012-05-01,821
2012-05-01,820
2012-05-02,820
2012-05-02,820
2012-05-02,820
2012-05-02,820
2012-05-03,817.5
2012-05-03,818
2012-05-03,818
2012-05-03,817
2012-05-04,816
2012-05-04,816
2012-05-04,816
2012-05-04,816
2012-05-05,818
2012-05-05,818
2012-05-05,818
2012-05-05,818
2012-05-06,820
2012-05-06,820
2012-05-06,820
2012-05-06,820
2012-05-07,818
2012-05-07,818
2012-05-07,818
2012-05-07,818
2012-05-08,818
2012-05-08,818
2012-05-08,818
2012-05-08,818
2012-05-09,816
2012-05-09,816
2012-05-09,816
2012-05-09,816
2012-05-10,812
2012-05-10,812
2012-05-10,812
2012-05-10,812
2012-05-11,809
2012-05-11,809
2012-05-11,810
2012-05-11,808
2012-05-12,805
2012-05-12,805
2012-05-12,806
2012-05-12,804
2012-05-13,799
2012-05-13,799
2012-05-13,800
2012-05-13,798
2012-05-14,790
2012-05-14,790
2012-05-14,792
2012-05-14,788
2012-05-15,783
2012-05-15,783
2012-05-15,781
2012-05-15,785
2012-05-16,782
2012-05-16,782
2012-05-16,782
2012-05-16,782
2012-05-17,780
2012-05-17,780
2012-05-17,780
2012-05-17,780
2012-05-18,777.5
2012-05-18,778
2012-05-18,778
2012-05-18,777
2012-05-19,774
2012-05-19,774
2012-05-19,774
2012-05-19,774
2012-05-20,771
2012-05-20,771
2012-05-20,772
2012-05-20,770
2012-05-21,768
2012-05-21,768
2012-05-21,768
2012-05-21,768
2012-05-22,765.5
2012-05-22,766
2012-05-22,766
2012-05-22,765
2012-05-23,768.5
2012-05-23,768
2012-05-23,768
2012-05-23,769
2012-05-24,768
2012-05-24,768
2012-05-24,768
2012-05-24,768
2012-05-25,770
2012-05-25,770
2012-05-25,770
2012-05-25,770
2012-05-26,767
2012-05-26,767
2012-05-26,768
2012-05-26,766
2012-05-27,763
2012-05-27,763
2012-05-27,764
2012-05-27,762
2012-05-28,762
2012-05-28,762
2012-05-28,762
2012-05-28,762
2012-05-29,759
2012-05-29,759
2012-05-29,760
2012-05-29,758
2012-05-30,754.5
2012-05-30,754
2012-05-30,756
2012-05-30,753
2012-05-31,754
2012-05-31,754
2012-05-31,754
2012-05-31,754
2012-06-01,752
2012-06-01,752
2012-06-01,752
2012-06-01,752
2012-06-02,749
2012-06-02,749
2012-06-02,750
2012-06-02,748
2012-06-03,748
2012-06-03,748
2012-06-03,748
2012-06-03,748
2012-06-04,746.5
2012-06-04,746
2012-06-04,747
2012-06-04,746
2012-06-05,746
2012-06-05,746
2012-06-05,746
2012-06-05,746
2012-06-06,746
2012-06-06,746
2012-06-06,746
2012-06-06,746
2012-06-07,745
2012-06-07,745
2012-06-07,745
2012-06-07,745
2012-06-08,743
2012-06-08,743
2012-06-08,744
2012-06-08,742
2012-06-09,740
2012-06-09,740
2012-06-09,740
2012-06-09,740
2012-06-10,740
2012-06-10,740
2012-06-10,740
2012-06-10,740
2012-06-11,737.5
2012-06-11,738
2012-06-11,738
2012-06-11,737
2012-06-12,735.5
2012-06-12,736
2012-06-12,736
2012-06-12,735
2012-06-13,731
2012-06-13,731
2012-06-13,732
2012-06-13,730
2012-06-14,727
2012-06-14,727
2012-06-14,728
2012-06-14,726
2012-06-15,723
2012-06-15,723
2012-06-15,724
2012-06-15,722
2012-06-16,719
2012-06-16,719
2012-06-16,720
2012-06-16,718
2012-06-17,717.5
2012-06-17,718
2012-06-17,718
2012-06-17,717
2012-06-18,713
2012-06-18,713
2012-06-18,714
2012-06-18,712
2012-06-19,707
2012-06-19,707
2012-06-19,708
2012-06-19,706
2012-06-20,701
2012-06-20,701
2012-06-20,702
2012-06-20,700
2012-06-21,697
2012-06-21,697
2012-06-21,698
2012-06-21,696
2012-06-22,693.5
2012-06-22,694
2012-06-22,694
2012-06-22,693
2012-06-23,691
2012-06-23,691
2012-06-23,692
2012-06-23,690
2012-06-24,686
2012-06-24,686
2012-06-24,686
2012-06-24,686
2012-06-25,685
2012-06-25,685
2012-06-25,685
2012-06-25,685
2012-06-26,684
2012-06-26,684
2012-06-26,684
2012-06-26,684
2012-06-27,681
2012-06-27,681
2012-06-27,682
2012-06-27,680
2012-06-28,678
2012-06-28,678
2012-06-28,678
2012-06-28,678
2012-06-29,675
2012-06-29,675
2012-06-29,676
2012-06-29,674
2012-06-30,669
2012-06-30,669
2012-06-30,670
2012-06-30,668
2012-07-01,666
2012-07-01,666
2012-07-01,667
2012-07-01,665
2012-07-02,662.5
2012-07-02,662
2012-07-02,663
2012-07-02,662
2012-07-03,663
2012-07-03,663
2012-07-03,662
2012-07-03,664
2012-07-04,664
2012-07-04,664
2012-07-04,664
2012-07-04,664
2012-07-05,663.5
2012-07-05,664
2012-07-05,664
2012-07-05,663
2012-07-06,662
2012-07-06,662
2012-07-06,662
2012-07-06,662
2012-07-07,655
2012-07-07,655
2012-07-07,660
2012-07-07,650
2012-07-08,651
2012-07-08,651
2012-07-08,652
2012-07-08,650
2012-07-09,648
2012-07-09,648
2012-07-09,648
2012-07-09,648
2012-07-10,647
2012-07-10,647
2012-07-10,648
2012-07-10,646
2012-07-11,644.5
2012-07-11,644
2012-07-11,645
2012-07-11,644
2012-07-12,644
2012-07-12,644
2012-07-12,644
2012-07-12,644
2012-07-13,642
2012-07-13,642
2012-07-13,642
2012-07-13,642
2012-07-14,639
2012-07-14,639
2012-07-14,640
2012-07-14,638
2012-07-15,635
2012-07-15,635
2012-07-15,636
2012-07-15,634
2012-07-16,626
2012-07-16,626
2012-07-16,626
2012-07-16,626
2012-07-17,626
2012-07-17,626
2012-07-17,626
2012-07-17,626
2012-07-18,623
2012-07-18,623
2012-07-18,624
2012-07-18,622
2012-07-19,620
2012-07-19,620
2012-07-19,620
2012-07-19,620
2012-07-20,619
2012-07-20,619
2012-07-20,620
2012-07-20,618
2012-07-21,618
2012-07-21,618
2012-07-21,618
2012-07-21,618
2012-07-22,617.5
2012-07-22,618
2012-07-22,618
2012-07-22,617
2012-07-23,617
2012-07-23,617
2012-07-23,617
2012-07-23,617
2012-07-24,615
2012-07-24,615
2012-07-24,615
2012-07-24,615
2012-07-25,614
2012-07-25,614
2012-07-25,614
2012-07-25,614
2012-07-26,613
2012-07-26,613
2012-07-26,614
2012-07-26,612
2012-07-27,610
2012-07-27,610
2012-07-27,610
2012-07-27,610
2012-07-28,607
2012-07-28,607
2012-07-28,608
2012-07-28,606
2012-07-29,601.5
2012-07-29,602
2012-07-29,603
2012-07-29,600
2012-07-30,597
2012-07-30,597
2012-07-30,598
2012-07-30,596
2012-07-31,595
2012-07-31,595
2012-07-31,595
2012-07-31,595
2012-08-01,591
2012-08-01,591
2012-08-01,592
2012-08-01,590
2012-08-02,589
2012-08-02,589
2012-08-02,590
2012-08-02,588
2012-08-03,583
2012-08-03,583
2012-08-03,584
2012-08-03,582
2012-08-04,579
2012-08-04,579
2012-08-04,580
2012-08-04,578
2012-08-05,574
2012-08-05,574
2012-08-05,575
2012-08-05,573
2012-08-06,571
2012-08-06,571
2012-08-06,572
2012-08-06,570
2012-08-07,567
2012-08-07,567
2012-08-07,570
2012-08-07,564
2012-08-08,561
2012-08-08,561
2012-08-08,562
2012-08-08,560
2012-08-09,555
2012-08-09,555
2012-08-09,556
2012-08-09,554
2012-08-10,552
2012-08-10,552
2012-08-10,552
2012-08-10,552
2012-08-11,549
2012-08-11,549
2012-08-11,550
2012-08-11,548
2012-08-12,543
2012-08-12,543
2012-08-12,544
2012-08-12,542
2012-08-13,540
2012-08-13,540
2012-08-13,540
2012-08-13,540
2012-08-14,537.5
2012-08-14,538
2012-08-14,538
2012-08-14,537
2012-08-15,534.5
2012-08-15,534
2012-08-15,535
2012-08-15,534
2012-08-16,531
2012-08-16,531
2012-08-16,532
2012-08-16,530
2012-08-17,528
2012-08-17,528
2012-08-17,528
2012-08-17,528
2012-08-18,525
2012-08-18,525
2012-08-18,526
2012-08-18,524
2012-08-19,522.5
2012-08-19,522
2012-08-19,523
2012-08-19,522
2012-08-20,520
2012-08-20,520
2012-08-20,520
2012-08-20,520
2012-08-21,517.5
2012-08-21,518
2012-08-21,518
2012-08-21,517
2012-08-22,515
2012-08-22,515
2012-08-22,516
2012-08-22,514
2012-08-23,511
2012-08-23,511
2012-08-23,512
2012-08-23,510
2012-08-24,504
2012-08-24,504
2012-08-24,508
2012-08-24,500
2012-08-25,494
2012-08-25,494
2012-08-25,496
2012-08-25,492
2012-08-26,489
2012-08-26,489
2012-08-26,490
2012-08-26,488
2012-08-27,484
2012-08-27,484
2012-08-27,486
2012-08-27,482
2012-08-28,481
2012-08-28,481
2012-08-28,482
2012-08-28,480
2012-08-29,476
2012-08-29,476
2012-08-29,478
2012-08-29,474
2012-08-30,464
2012-08-30,464
2012-08-30,470
2012-08-30,458
2012-08-31,450
2012-08-31,450
2012-08-31,452
2012-08-31,448
2012-09-01,445
2012-09-01,445
2012-09-01,446
2012-09-01,444
2012-09-02,439
2012-09-02,439
2012-09-02,440
2012-09-02,438
2012-09-03,430
2012-09-03,430
2012-09-03,432
2012-09-03,428
2012-09-04,420
2012-09-04,420
2012-09-04,422
2012-09-04,418
2012-09-05,410
2012-09-05,410
2012-09-05,412
2012-09-05,408
2012-09-06,401
2012-09-06,401
2012-09-06,402
2012-09-06,400
2012-09-07,395
2012-09-07,395
2012-09-07,396
2012-09-07,394
2012-09-08,391
2012-09-08,391
2012-09-08,392
2012-09-08,390
2012-09-09,384
2012-09-09,384
2012-09-09,386
2012-09-09,382
2012-09-10,375
2012-09-10,375
2012-09-10,378
2012-09-10,372
2012-09-11,370
2012-09-11,370
2012-09-11,370
2012-09-11,370
2012-09-12,367.5
2012-09-12,368
2012-09-12,368
2012-09-12,367
2012-09-13,364
2012-09-13,364
2012-09-13,364
2012-09-13,364
2012-09-14,361.5
2012-09-14,362
2012-09-14,362
2012-09-14,361
2012-09-15,357
2012-09-15,357
2012-09-15,358
2012-09-15,356
2012-09-16,350.5
2012-09-16,350
2012-09-16,351
2012-09-16,350
2012-09-17,345
2012-09-17,345
2012-09-17,346
2012-09-17,344
2012-09-18,339
2012-09-18,339
2012-09-18,340
2012-09-18,338
2012-09-19,332
2012-09-19,332
2012-09-19,334
2012-09-19,330
2012-09-20,322
2012-09-20,322
2012-09-20,324
2012-09-20,320
2012-09-21,314
2012-09-21,314
2012-09-21,316
2012-09-21,312
2012-09-22,307
2012-09-22,307
2012-09-22,308
2012-09-22,306
2012-09-23,301
2012-09-23,301
2012-09-23,302
2012-09-23,300
2012-09-24,294
2012-09-24,294
2012-09-24,296
2012-09-24,292
2012-09-25,284
2012-09-25,284
2012-09-25,286
2012-09-25,282
2012-09-26,275
2012-09-26,275
2012-09-26,276
2012-09-26,274
2012-09-27,268.5
2012-09-27,268
2012-09-27,270
2012-09-27,267
2012-09-28,263.5
2012-09-28,264
2012-09-28,265
2012-09-28,262
2012-09-29,257
2012-09-29,257
2012-09-29,258
2012-09-29,256
2012-09-30,251
2012-09-30,251
2012-09-30,252
2012-09-30,250
2012-10-01,247
2012-10-01,247
2012-10-01,248
2012-10-01,246
2012-10-02,243
2012-10-02,243
2012-10-02,244
2012-10-02,242
2012-10-03,239
2012-10-03,239
2012-10-03,240
2012-10-03,238
2012-10-04,235
2012-10-04,235
2012-10-04,236
2012-10-04,234
2012-10-05,231
2012-10-05,231
2012-10-05,232
2012-10-05,230
2012-10-06,227
2012-10-06,227
2012-10-06,228
2012-10-06,226
2012-10-07,221
2012-10-07,221
2012-10-07,222
2012-10-07,220
2012-10-08,215
2012-10-08,215
2012-10-08,216
2012-10-08,214
2012-10-09,207.5
2012-10-09,208
2012-10-09,209
2012-10-09,206
2012-10-10,198
2012-10-10,198
2012-10-10,198
2012-10-10,198
2012-10-11,196.5
2012-10-11,196
2012-10-11,196
2012-10-11,197
2012-10-12,196
2012-10-12,196
2012-10-12,196
2012-10-12,196
2012-10-13,195
2012-10-13,195
2012-10-13,194
2012-10-13,196
2012-10-14,195.5
2012-10-14,196
2012-10-14,195
2012-10-14,196
2012-10-15,197
2012-10-15,197
2012-10-15,196
2012-10-15,198
2012-10-16,205
2012-10-16,205
2012-10-16,204
2012-10-16,206
2012-10-17,209
2012-10-17,209
2012-10-17,208
2012-10-17,210
2012-10-18,217
2012-10-18,217
2012-10-18,216
2012-10-18,218
2012-10-19,217
2012-10-19,217
2012-10-19,216
2012-10-19,218
2012-10-20,220
2012-10-20,220
2012-10-20,220
2012-10-20,220
2012-10-21,220
2012-10-21,220
2012-10-21,220
2012-10-21,220
2012-10-22,222
2012-10-22,222
2012-10-22,222
2012-10-22,222
2012-10-23,227
2012-10-23,227
2012-10-23,226
2012-10-23,228
2012-10-24,228
2012-10-24,228
2012-10-24,228
2012-10-24,228
2012-10-25,229
2012-10-25,229
2012-10-25,228
2012-10-25,230
2012-10-26,227
2012-10-26,227
2012-10-26,228
2012-10-26,226
2012-10-27,224
2012-10-27,224
2012-10-27,226
2012-10-27,222
2012-10-28,218
2012-10-28,218
2012-10-28,218
2012-10-28,218
2012-10-29,213
2012-10-29,213
2012-10-29,216
2012-10-29,210
2012-10-30,205
2012-10-30,205
2012-10-30,206
2012-10-30,204
2012-10-31,200.5
2012-10-31,200
2012-10-31,201
2012-10-31,200
2012-11-01,199
2012-11-01,199
2012-11-01,200
2012-11-01,198
2012-11-02,195
2012-11-02,195
2012-11-02,196
2012-11-02,194
2012-11-03,194
2012-11-03,194
2012-11-03,194
2012-11-03,194
2012-11-04,192
2012-11-04,192
2012-11-04,192
2012-11-04,192
2012-11-05,190
2012-11-05,190
2012-11-05,190
2012-11-05,190
2012-11-06,190
2012-11-06,190
2012-11-06,190
2012-11-06,190
2012-11-07,190
2012-11-07,190
2012-11-07,190
2012-11-07,190
2012-11-08,195
2012-11-08,195
2012-11-08,194
2012-11-08,196
2012-11-09,200
2012-11-09,200
2012-11-09,198
2012-11-09,202
2012-11-10,206
2012-11-10,206
2012-11-10,204
2012-11-10,208
2012-11-11,213
2012-11-11,213
2012-11-11,212
2012-11-11,214
2012-11-12,220
2012-11-12,220
2012-11-12,218
2012-11-12,222
2012-11-13,227
2012-11-13,227
2012-11-13,226
2012-11-13,228
2012-11-14,231
2012-11-14,231
2012-11-14,230
2012-11-14,232
2012-11-15,235
2012-11-15,235
2012-11-15,234
2012-11-15,236
2012-11-16,240.5
2012-11-16,240
2012-11-16,239
2012-11-16,242
2012-11-17,244
2012-11-17,244
2012-11-17,244
2012-11-17,244
2012-11-18,245
2012-11-18,245
2012-11-18,245
2012-11-18,245
2012-11-19,246
2012-11-19,246
2012-11-19,246
2012-11-19,246
2012-11-20,247
2012-11-20,247
2012-11-20,247
2012-11-20,247
2012-11-21,249
2012-11-21,249
2012-11-21,248
2012-11-21,250
2012-11-22,252
2012-11-22,252
2012-11-22,252
2012-11-22,252
2012-11-23,254.5
2012-11-23,254
2012-11-23,254
2012-11-23,255
2012-11-24,259
2012-11-24,259
2012-11-24,258
2012-11-24,260
2012-11-25,265
2012-11-25,265
2012-11-25,264
2012-11-25,266
2012-11-26,272
2012-11-26,272
2012-11-26,270
2012-11-26,274
2012-11-27,278
2012-11-27,278
2012-11-27,278
2012-11-27,278
2012-11-28,281
2012-11-28,281
2012-11-28,280
2012-11-28,282
2012-11-29,284.5
2012-11-29,284
2012-11-29,284
2012-11-29,285
2012-11-30,289
2012-11-30,289
2012-11-30,288
2012-11-30,290
2012-12-01,297
2012-12-01,297
2012-12-01,296
2012-12-01,298
2012-12-02,306
2012-12-02,306
2012-12-02,304
2012-12-02,308
2012-12-03,320
2012-12-03,320
2012-12-03,318
2012-12-03,322
2012-12-04,326
2012-12-04,326
2012-12-04,324
2012-12-04,328
2012-12-05,337.5
2012-12-05,338
2012-12-05,336
2012-12-05,339
2012-12-06,343
2012-12-06,343
2012-12-06,342
2012-12-06,344
2012-12-07,350
2012-12-07,350
2012-12-07,348
2012-12-07,352
2012-12-08,357
2012-12-08,357
2012-12-08,356
2012-12-08,358
2012-12-09,366
2012-12-09,366
2012-12-09,364
2012-12-09,368
2012-12-10,373
2012-12-10,373
2012-12-10,372
2012-12-10,374
2012-12-11,379
2012-12-11,379
2012-12-11,378
2012-12-11,380
2012-12-12,385
2012-12-12,385
2012-12-12,384
2012-12-12,386
2012-12-13,390
2012-12-13,390
2012-12-13,390
2012-12-13,390
2012-12-14,395
2012-12-14,395
2012-12-14,394
2012-12-14,396
2012-12-15,401
2012-12-15,401
2012-12-15,400
2012-12-15,402
2012-12-16,407
2012-12-16,407
2012-12-16,406
2012-12-16,408
2012-12-17,413.5
2012-12-17,414
2012-12-17,412
2012-12-17,415
2012-12-18,421
2012-12-18,421
2012-12-18,420
2012-12-18,422
2012-12-19,427
2012-12-19,427
2012-12-19,426
2012-12-19,428
2012-12-20,431
2012-12-20,431
2012-12-20,430
2012-12-20,432
2012-12-21,435
2012-12-21,435
2012-12-21,434
2012-12-21,436
2012-12-22,439
2012-12-22,439
2012-12-22,438
2012-12-22,440
2012-12-23,443
2012-12-23,443
2012-12-23,442
2012-12-23,444
2012-12-24,443.5
2012-12-24,443
2012-12-24,443
2012-12-24,444
2012-12-25,447
2012-12-25,447
2012-12-25,446
2012-12-25,448
2012-12-26,448.5
2012-12-26,449
2012-12-26,445
2012-12-26,452
2012-12-27,454
2012-12-27,454
2012-12-27,454
2012-12-27,454
2012-12-28,448
2012-12-28,448
2012-12-28,450
2012-12-28,446
2012-12-29,441
2012-12-29,441
2012-12-29,442
2012-12-29,440
2012-12-30,431.5
2012-12-30,432
2012-12-30,431
2012-12-30,432
2012-12-31,424
2012-12-31,424
2012-12-31,426
2012-12-31,422
2013-01-01,412
2013-01-01,412
2013-01-01,414
2013-01-01,410
2013-01-02,391.5
2013-01-02,392
2013-01-02,391
2013-01-02,392
2013-01-03,379
2013-01-03,379
2013-01-03,382
2013-01-03,376
2013-01-04,371
2013-01-04,371
2013-01-04,372
2013-01-04,370
2013-01-05,364.5
2013-01-05,364
2013-01-05,364
2013-01-05,365
2013-01-06,367.5
2013-01-06,368
2013-01-06,367
2013-01-06,368
2013-01-07,373
2013-01-07,373
2013-01-07,372
2013-01-07,374
2013-01-08,379
2013-01-08,379
2013-01-08,378
2013-01-08,380
2013-01-09,382
2013-01-09,382
2013-01-09,382
2013-01-09,382
2013-01-10,383
2013-01-10,383
2013-01-10,382
2013-01-10,384
2013-01-11,384
2013-01-11,384
2013-01-11,384
2013-01-11,384
2013-01-12,399
2013-01-12,399
2013-01-12,396
2013-01-12,402
2013-01-13,414.5
2013-01-13,414
2013-01-13,412
2013-01-13,417
2013-01-14,430
2013-01-14,430
2013-01-14,428
2013-01-14,432
2013-01-15,443
2013-01-15,443
2013-01-15,440
2013-01-15,446
2013-01-16,459
2013-01-16,459
2013-01-16,454
2013-01-16,464
2013-01-17,477
2013-01-17,477
2013-01-17,472
2013-01-17,482
2013-01-18,483.5
2013-01-18,484
2013-01-18,483
2013-01-18,484
2013-01-19,484
2013-01-19,484
2013-01-19,484
2013-01-19,484
2013-01-20,483
2013-01-20,483
2013-01-20,482
2013-01-20,484
2013-01-21,489
2013-01-21,489
2013-01-21,488
2013-01-21,490
2013-01-22,502
2013-01-22,502
2013-01-22,500
2013-01-22,504
2013-01-23,519
2013-01-23,519
2013-01-23,516
2013-01-23,522
2013-01-24,549
2013-01-24,549
2013-01-24,542
2013-01-24,556
2013-01-25,582
2013-01-25,582
2013-01-25,572
2013-01-25,592
2013-01-26,622
2013-01-26,622
2013-01-26,620
2013-01-26,624
2013-01-27,638
2013-01-27,638
2013-01-27,636
2013-01-27,640
2013-01-28,649
2013-01-28,649
2013-01-28,646
2013-01-28,652
2013-01-29,654
2013-01-29,654
2013-01-29,654
2013-01-29,654
2013-01-30,654.5
2013-01-30,654
2013-01-30,654
2013-01-30,655
2013-01-31,654
2013-01-31,654
2013-01-31,654
2013-01-31,654
2013-02-01,654
2013-02-01,654
2013-02-01,654
2013-02-01,654
2013-02-02,654
2013-02-02,654
2013-02-02,653
2013-02-02,655
2013-02-03,654
2013-02-03,654
2013-02-03,654
2013-02-03,654
2013-02-04,656
2013-02-04,656
2013-02-04,656
2013-02-04,656
2013-02-05,659
2013-02-05,659
2013-02-05,658
2013-02-05,660
2013-02-06,666
2013-02-06,665.5
2013-02-06,664
2013-02-06,667
2013-02-07,674
2013-02-07,674
2013-02-07,672
2013-02-07,676
2013-02-08,680
2013-02-08,680
2013-02-08,678
2013-02-08,682
2013-02-09,690
2013-02-09,690
2013-02-09,688
2013-02-09,692
2013-02-10,697
2013-02-10,697
2013-02-10,696
2013-02-10,698
2013-02-11,704
2013-02-11,703.5
2013-02-11,702
2013-02-11,705
2013-02-12,716
2013-02-12,715.5
2013-02-12,713
2013-02-12,718
2013-02-13,731
2013-02-13,731
2013-02-13,728
2013-02-13,734
2013-02-14,747
2013-02-14,747
2013-02-14,742
2013-02-14,752
2013-02-15,756
2013-02-15,755.5
2013-02-15,754
2013-02-15,757
2013-02-16,764
2013-02-16,764
2013-02-16,762
2013-02-16,766
2013-02-17,774
2013-02-17,774
2013-02-17,772
2013-02-17,776
2013-02-18,785
2013-02-18,785
2013-02-18,784
2013-02-18,786
2013-02-19,791
2013-02-19,791
2013-02-19,790
2013-02-19,792
2013-02-20,800
2013-02-20,800
2013-02-20,798
2013-02-20,802
2013-02-21,810
2013-02-21,810
2013-02-21,808
2013-02-21,812
2013-02-22,816
2013-02-22,816
2013-02-22,814
2013-02-22,818
2013-02-23,817
2013-02-23,817
2013-02-23,816
2013-02-23,818
2013-02-24,815
2013-02-24,815
2013-02-24,816
2013-02-24,814
2013-02-25,812
2013-02-25,812
2013-02-25,812
2013-02-25,812
2013-02-26,811
2013-02-26,811
2013-02-26,810
2013-02-26,812
2013-02-27,809
2013-02-27,809
2013-02-27,810
2013-02-27,808
2013-02-28,806
2013-02-28,806
2013-02-28,806
2013-02-28,806
2013-05-01,899
2013-05-01,899
2013-05-01,902
2013-05-01,896
2013-05-02,891
2013-05-02,891
2013-05-02,892
2013-05-02,890
2013-05-03,884
2013-05-03,884
2013-05-03,886
2013-05-03,882
2013-05-04,877
2013-05-04,877
2013-05-04,880
2013-05-04,874
2013-05-05,871
2013-05-05,871
2013-05-05,872
2013-05-05,870
2013-05-06,864
2013-05-06,864
2013-05-06,866
2013-05-06,862
2013-05-07,858
2013-05-07,858
2013-05-07,860
2013-05-07,856
2013-05-08,851
2013-05-08,851
2013-05-08,852
2013-05-08,850
2013-05-09,844
2013-05-09,844
2013-05-09,846
2013-05-09,842
2013-05-10,837
2013-05-10,837
2013-05-10,838
2013-05-10,836
2013-05-11,833
2013-05-11,833
2013-05-11,834
2013-05-11,832
2013-05-12,828
2013-05-12,828
2013-05-12,830
2013-05-12,826
2013-05-13,823
2013-05-13,823
2013-05-13,824
2013-05-13,822
2013-05-14,815.5
2013-05-14,815
2013-05-14,818
2013-05-14,813
2013-05-15,810
2013-05-15,810
2013-05-15,810
2013-05-15,810
2013-05-16,808.5
2013-05-16,809
2013-05-16,809
2013-05-16,808
2013-05-17,806
2013-05-17,806
2013-05-17,806
2013-05-17,806
2013-05-18,803
2013-05-18,803
2013-05-18,804
2013-05-18,802
2013-05-19,799
2013-05-19,799
2013-05-19,800
2013-05-19,798
2013-05-20,795
2013-05-20,795
2013-05-20,796
2013-05-20,794
2013-05-21,792
2013-05-21,792
2013-05-21,792
2013-05-21,792
2013-05-22,789
2013-05-22,789
2013-05-22,790
2013-05-22,788
2013-05-23,785
2013-05-23,785
2013-05-23,786
2013-05-23,784
2013-05-24,781
2013-05-24,781
2013-05-24,782
2013-05-24,780
2013-05-25,779
2013-05-25,779
2013-05-25,780
2013-05-25,778
2013-05-26,775
2013-05-26,775
2013-05-26,776
2013-05-26,774
2013-05-27,772
2013-05-27,772
2013-05-27,772
2013-05-27,772
2013-05-28,770
2013-05-28,770
2013-05-28,770
2013-05-28,770
2013-05-29,767
2013-05-29,767
2013-05-29,768
2013-05-29,766
2013-05-30,763
2013-05-30,763
2013-05-30,764
2013-05-30,762
2013-05-31,760
2013-05-31,760
2013-05-31,760
2013-05-31,760
2013-06-01,757
2013-06-01,757
2013-06-01,758
2013-06-01,756
2013-06-02,752
2013-06-02,752
2013-06-02,752
2013-06-02,752
2013-06-03,750
2013-06-03,750
2013-06-03,750
2013-06-03,750
2013-06-04,747
2013-06-04,747
2013-06-04,748
2013-06-04,746
2013-06-05,742
2013-06-05,742
2013-06-05,742
2013-06-05,742
2013-06-06,740
2013-06-06,740
2013-06-06,740
2013-06-06,740
2013-06-07,737
2013-06-07,737
2013-06-07,738
2013-06-07,736
2013-06-08,733
2013-06-08,733
2013-06-08,734
2013-06-08,732
2013-06-09,731
2013-06-09,731
2013-06-09,732
2013-06-09,730
2013-06-10,727
2013-06-10,727
2013-06-10,728
2013-06-10,726
2013-06-11,724
2013-06-11,724
2013-06-11,724
2013-06-11,724
2013-06-12,724
2013-06-12,724
2013-06-12,724
2013-06-12,724
2013-06-13,722
2013-06-13,722
2013-06-13,722
2013-06-13,722
2013-06-14,721
2013-06-14,721
2013-06-14,722
2013-06-14,720
2013-06-15,720
2013-06-15,720
2013-06-15,720
2013-06-15,720
2013-06-16,719.5
2013-06-16,720
2013-06-16,719
2013-06-16,720
2013-06-17,720
2013-06-17,720
2013-06-17,720
2013-06-17,720
2013-06-18,718.5
2013-06-18,718
2013-06-18,719
2013-06-18,718
2013-06-19,715
2013-06-19,715
2013-06-19,716
2013-06-19,714
2013-06-20,713.5
2013-06-20,714
2013-06-20,714
2013-06-20,713
2013-06-21,711
2013-06-21,711
2013-06-21,712
2013-06-21,710
2013-06-22,708
2013-06-22,708
2013-06-22,708
2013-06-22,708
2013-06-23,705.5
2013-06-23,706
2013-06-23,706
2013-06-23,705
2013-06-24,703
2013-06-24,703
2013-06-24,704
2013-06-24,702
2013-06-25,700
2013-06-25,700
2013-06-25,700
2013-06-25,700
2013-06-26,697
2013-06-26,697
2013-06-26,698
2013-06-26,696
2013-06-27,691
2013-06-27,691
2013-06-27,692
2013-06-27,690
2013-06-28,686.5
2013-06-28,686
2013-06-28,688
2013-06-28,685
2013-06-29,685
2013-06-29,685
2013-06-29,686
2013-06-29,684
2013-06-30,681
2013-06-30,681
2013-06-30,682
2013-06-30,680
2013-07-01,677
2013-07-01,677
2013-07-01,678
2013-07-01,676
2013-07-02,672
2013-07-02,672
2013-07-02,674
2013-07-02,670
2013-07-03,667
2013-07-03,667
2013-07-03,668
2013-07-03,666
2013-07-04,664.5
2013-07-04,664
2013-07-04,665
2013-07-04,664
2013-07-05,662
2013-07-05,662
2013-07-05,662
2013-07-05,662
2013-07-06,662
2013-07-06,662
2013-07-06,662
2013-07-06,662
2013-07-07,659.5
2013-07-07,660
2013-07-07,660
2013-07-07,659
2013-07-08,658
2013-07-08,658
2013-07-08,658
2013-07-08,658
2013-07-09,655.5
2013-07-09,656
2013-07-09,656
2013-07-09,655
2013-07-10,654
2013-07-10,654
2013-07-10,654
2013-07-10,654
2013-07-11,652
2013-07-11,652
2013-07-11,652
2013-07-11,652
2013-07-12,649
2013-07-12,649
2013-07-12,650
2013-07-12,648
2013-07-13,648
2013-07-13,648
2013-07-13,648
2013-07-13,648
2013-07-14,645.5
2013-07-14,646
2013-07-14,646
2013-07-14,645
2013-07-15,642.5
2013-07-15,642
2013-07-15,643
2013-07-15,642
2013-07-16,639
2013-07-16,639
2013-07-16,640
2013-07-16,638
2013-07-17,635.5
2013-07-17,636
2013-07-17,636
2013-07-17,635
2013-07-18,633
2013-07-18,633
2013-07-18,634
2013-07-18,632
2013-07-19,629
2013-07-19,629
2013-07-19,630
2013-07-19,628
2013-07-20,625
2013-07-20,625
2013-07-20,626
2013-07-20,624
2013-07-21,621
2013-07-21,621
2013-07-21,622
2013-07-21,620
2013-07-22,617
2013-07-22,617
2013-07-22,618
2013-07-22,616
2013-07-23,613
2013-07-23,613
2013-07-23,614
2013-07-23,612
2013-07-24,609
2013-07-24,609
2013-07-24,610
2013-07-24,608
2013-07-25,605
2013-07-25,605
2013-07-25,606
2013-07-25,604
2013-07-26,599
2013-07-26,599
2013-07-26,600
2013-07-26,598
2013-07-27,595
2013-07-27,595
2013-07-27,596
2013-07-27,594
2013-07-28,592
2013-07-28,592
2013-07-28,592
2013-07-28,592
2013-07-29,589
2013-07-29,589
2013-07-29,590
2013-07-29,588
2013-07-30,585
2013-07-30,585
2013-07-30,586
2013-07-30,584
2013-07-31,581
2013-07-31,581
2013-07-31,582
2013-07-31,580
2013-08-01,577
2013-08-01,577
2013-08-01,578
2013-08-01,576
2013-08-02,574
2013-08-02,574
2013-08-02,574
2013-08-02,574
2013-08-03,571
2013-08-03,571
2013-08-03,572
2013-08-03,570
2013-08-04,569
2013-08-04,569
2013-08-04,570
2013-08-04,568
2013-08-05,566
2013-08-05,566
2013-08-05,566
2013-08-05,566
2013-08-06,564.5
2013-08-06,564
2013-08-06,565
2013-08-06,564
2013-08-07,562
2013-08-07,562
2013-08-07,562
2013-08-07,562
2013-08-08,562
2013-08-08,562
2013-08-08,562
2013-08-08,562
2013-08-09,561
2013-08-09,561
2013-08-09,562
2013-08-09,560
2013-08-10,560
2013-08-10,560
2013-08-10,560
2013-08-10,560
2013-08-11,558
2013-08-11,558
2013-08-11,558
2013-08-11,558
2013-08-12,555.5
2013-08-12,556
2013-08-12,556
2013-08-12,555
2013-08-13,552.5
2013-08-13,552
2013-08-13,553
2013-08-13,552
2013-08-14,549
2013-08-14,549
2013-08-14,550
2013-08-14,548
2013-08-15,545.5
2013-08-15,546
2013-08-15,546
2013-08-15,545
2013-08-16,542
2013-08-16,542
2013-08-16,542
2013-08-16,542
2013-08-17,539
2013-08-17,539
2013-08-17,540
2013-08-17,538
2013-08-18,536
2013-08-18,536
2013-08-18,536
2013-08-18,536
2013-08-19,536
2013-08-19,536
2013-08-19,536
2013-08-19,536
2013-08-20,533
2013-08-20,533
2013-08-20,534
2013-08-20,532
2013-08-21,529
2013-08-21,529
2013-08-21,530
2013-08-21,528
2013-08-22,525
2013-08-22,525
2013-08-22,526
2013-08-22,524
2013-08-23,521
2013-08-23,521
2013-08-23,522
2013-08-23,520
2013-08-24,517
2013-08-24,517
2013-08-24,518
2013-08-24,516
2013-08-25,513.5
2013-08-25,514
2013-08-25,514
2013-08-25,513
2013-08-26,510.5
2013-08-26,511
2013-08-26,511
2013-08-26,510
2013-08-27,507
2013-08-27,507
2013-08-27,508
2013-08-27,506
2013-08-28,503
2013-08-28,503
2013-08-28,504
2013-08-28,502
2013-08-29,499
2013-08-29,499
2013-08-29,500
2013-08-29,498
2013-08-30,495
2013-08-30,495
2013-08-30,496
2013-08-30,494
2013-08-31,491
2013-08-31,491
2013-08-31,492
2013-08-31,490
2013-09-01,493
2013-09-01,493
2013-09-01,492
2013-09-01,494
2013-09-02,496
2013-09-02,496
2013-09-02,496
2013-09-02,496
2013-09-03,496
2013-09-03,496
2013-09-03,496
2013-09-03,496
2013-09-04,496.5
2013-09-04,496
2013-09-04,496
2013-09-04,497
2013-09-05,499
2013-09-05,499
2013-09-05,498
2013-09-05,500
2013-09-06,494
2013-09-06,494
2013-09-06,496
2013-09-06,492
2013-09-07,485
2013-09-07,485
2013-09-07,486
2013-09-07,484
2013-09-08,481
2013-09-08,481
2013-09-08,482
2013-09-08,480
2013-09-09,477
2013-09-09,477
2013-09-09,478
2013-09-09,476
2013-09-10,471
2013-09-10,471
2013-09-10,472
2013-09-10,470
2013-09-11,467
2013-09-11,467
2013-09-11,468
2013-09-11,466
2013-09-12,463
2013-09-12,463
2013-09-12,464
2013-09-12,462
2013-09-13,459
2013-09-13,459
2013-09-13,460
2013-09-13,458
2013-09-14,455
2013-09-14,455
2013-09-14,456
2013-09-14,454
2013-09-15,449
2013-09-15,449
2013-09-15,450
2013-09-15,448
2013-09-16,443
2013-09-16,443
2013-09-16,444
2013-09-16,442
2013-09-17,440
2013-09-17,440
2013-09-17,440
2013-09-17,440
2013-09-18,438.5
2013-09-18,438
2013-09-18,439
2013-09-18,438
2013-09-19,437.5
2013-09-19,438
2013-09-19,438
2013-09-19,437
2013-09-20,433
2013-09-20,433
2013-09-20,434
2013-09-20,432
2013-09-21,427
2013-09-21,427
2013-09-21,428
2013-09-21,426
2013-09-22,420
2013-09-22,420
2013-09-22,422
2013-09-22,418
2013-09-23,413.5
2013-09-23,414
2013-09-23,415
2013-09-23,412
2013-09-24,407
2013-09-24,407
2013-09-24,408
2013-09-24,406
2013-09-25,401
2013-09-25,401
2013-09-25,402
2013-09-25,400
2013-09-26,397
2013-09-26,397
2013-09-26,398
2013-09-26,396
2013-09-27,395
2013-09-27,395
2013-09-27,395
2013-09-27,395
2013-09-28,391
2013-09-28,391
2013-09-28,392
2013-09-28,390
2013-09-29,384.5
2013-09-29,384
2013-09-29,386
2013-09-29,383
2013-09-30,375.5
2013-09-30,376
2013-09-30,378
2013-09-30,373
2013-10-01,371
2013-10-01,371
2013-10-01,372
2013-10-01,370
2013-10-02,366
2013-10-02,366
2013-10-02,368
2013-10-02,364
2013-10-03,363
2013-10-03,363
2013-10-03,364
2013-10-03,362
2013-10-04,360
2013-10-04,360
2013-10-04,360
2013-10-04,360
2013-10-05,355
2013-10-05,355
2013-10-05,356
2013-10-05,354
2013-10-06,352
2013-10-06,352
2013-10-06,352
2013-10-06,352
2013-10-07,347
2013-10-07,347
2013-10-07,348
2013-10-07,346
2013-10-08,341
2013-10-08,341
2013-10-08,342
2013-10-08,340
2013-10-09,335
2013-10-09,335
2013-10-09,336
2013-10-09,334
2013-10-10,329
2013-10-10,329
2013-10-10,330
2013-10-10,328
2013-10-11,323
2013-10-11,323
2013-10-11,324
2013-10-11,322
2013-10-12,318
2013-10-12,318
2013-10-12,318
2013-10-12,318
2013-10-13,316.5
2013-10-13,316
2013-10-13,317
2013-10-13,316
2013-10-14,313
2013-10-14,313
2013-10-14,314
2013-10-14,312
2013-10-15,307.5
2013-10-15,308
2013-10-15,308
2013-10-15,307
2013-10-16,303
2013-10-16,303
2013-10-16,304
2013-10-16,302
2013-10-17,299.5
2013-10-17,300
2013-10-17,300
2013-10-17,299
2013-10-18,298
2013-10-18,298
2013-10-18,298
2013-10-18,298
2013-10-19,296.5
2013-10-19,296
2013-10-19,297
2013-10-19,296
2013-10-20,296
2013-10-20,296
2013-10-20,296
2013-10-20,296
2013-10-21,295
2013-10-21,295
2013-10-21,295
2013-10-21,295
2013-10-22,293.5
2013-10-22,294
2013-10-22,294
2013-10-22,293
2013-10-23,291.5
2013-10-23,292
2013-10-23,292
2013-10-23,291
2013-10-24,289
2013-10-24,289
2013-10-24,290
2013-10-24,288
2013-10-25,285
2013-10-25,285
2013-10-25,286
2013-10-25,284
2013-10-26,282
2013-10-26,282
2013-10-26,282
2013-10-26,282
2013-10-27,279.5
2013-10-27,280
2013-10-27,280
2013-10-27,279
2013-10-28,277.5
2013-10-28,278
2013-10-28,278
2013-10-28,277
2013-10-29,277
2013-10-29,277
2013-10-29,276
2013-10-29,278
2013-10-30,280
2013-10-30,280
2013-10-30,280
2013-10-30,280
2013-10-31,281.5
2013-10-31,282
2013-10-31,281
2013-10-31,282
2013-11-01,285.5
2013-11-01,286
2013-11-01,284
2013-11-01,287
2013-11-02,294
2013-11-02,294
2013-11-02,292
2013-11-02,296
2013-11-03,300
2013-11-03,300
2013-11-03,298
2013-11-03,302
2013-11-04,307
2013-11-04,307
2013-11-04,306
2013-11-04,308
2013-11-05,315
2013-11-05,315
2013-11-05,314
2013-11-05,316
2013-11-06,321
2013-11-06,321
2013-11-06,319
2013-11-06,323
2013-11-07,329
2013-11-07,329
2013-11-07,329
2013-11-07,329
2013-11-08,329.5
2013-11-08,330
2013-11-08,329
2013-11-08,330
2013-11-09,331
2013-11-09,331
2013-11-09,330
2013-11-09,332
2013-11-10,335
2013-11-10,335
2013-11-10,334
2013-11-10,336
2013-11-11,339
2013-11-11,339
2013-11-11,338
2013-11-11,340
2013-11-12,350
2013-11-12,350
2013-11-12,348
2013-11-12,352
2013-11-13,360
2013-11-13,360
2013-11-13,358
2013-11-13,362
2013-11-14,373
2013-11-14,373
2013-11-14,370
2013-11-14,376
2013-11-15,388
2013-11-15,388
2013-11-15,384
2013-11-15,392
2013-11-16,404
2013-11-16,404
2013-11-16,402
2013-11-16,406
2013-11-17,411
2013-11-17,411
2013-11-17,410
2013-11-17,412
2013-11-18,416
2013-11-18,416
2013-11-18,416
2013-11-18,416
2013-11-19,416
2013-11-19,416
2013-11-19,415
2013-11-19,417
2013-11-20,424
2013-11-20,424
2013-11-20,423
2013-11-20,425
2013-11-21,430
2013-11-21,430
2013-11-21,428
2013-11-21,432
2013-11-22,436
2013-11-22,436
2013-11-22,435
2013-11-22,437
2013-11-23,440
2013-11-23,440
2013-11-23,440
2013-11-23,440
2013-11-24,441
2013-11-24,441
2013-11-24,440
2013-11-24,442
2013-11-25,442
2013-11-25,442
2013-11-25,442
2013-11-25,442
2013-11-26,439
2013-11-26,439
2013-11-26,440
2013-11-26,438
2013-11-27,431
2013-11-27,431
2013-11-27,432
2013-11-27,430
2013-11-28,427
2013-11-28,427
2013-11-28,428
2013-11-28,426
2013-11-29,427
2013-11-29,427
2013-11-29,426
2013-11-29,428
2013-11-30,430
2013-11-30,430
2013-11-30,430
2013-11-30,430
2013-12-01,433
2013-12-01,433
2013-12-01,432
2013-12-01,434
2013-12-02,437
2013-12-02,437
2013-12-02,436
2013-12-02,438
2013-12-03,443.5
2013-12-03,443
2013-12-03,442
2013-12-03,445
2013-12-04,449
2013-12-04,449
2013-12-04,448
2013-12-04,450
2013-12-05,454
2013-12-05,454
2013-12-05,454
2013-12-05,454
2013-12-06,456.5
2013-12-06,457
2013-12-06,456
2013-12-06,457
2013-12-07,458.5
2013-12-07,458
2013-12-07,458
2013-12-07,459
2013-12-08,454.5
2013-12-08,454
2013-12-08,457
2013-12-08,452
2013-12-09,449
2013-12-09,449
2013-12-09,450
2013-12-09,448
2013-12-10,444.5
2013-12-10,444
2013-12-10,445
2013-12-10,444
2013-12-11,441
2013-12-11,441
2013-12-11,442
2013-12-11,440
2013-12-12,440
2013-12-12,440
2013-12-12,440
2013-12-12,440
2013-12-13,437.5
2013-12-13,438
2013-12-13,438
2013-12-13,437
2013-12-14,434.5
2013-12-14,434
2013-12-14,435
2013-12-14,434
2013-12-15,431.5
2013-12-15,432
2013-12-15,432
2013-12-15,431
2013-12-16,430
2013-12-16,430
2013-12-16,430
2013-12-16,430
2013-12-17,430
2013-12-17,430
2013-12-17,430
2013-12-17,430
2013-12-18,428
2013-12-18,428
2013-12-18,428
2013-12-18,428
2013-12-19,428.5
2013-12-19,428
2013-12-19,427
2013-12-19,430
2013-12-20,435
2013-12-20,435
2013-12-20,434
2013-12-20,436
2013-12-21,441
2013-12-21,441
2013-12-21,440
2013-12-21,442
2013-12-22,456
2013-12-22,456
2013-12-22,452
2013-12-22,460
2013-12-23,485
2013-12-23,485
2013-12-23,478
2013-12-23,492
2013-12-24,506
2013-12-24,506
2013-12-24,502
2013-12-24,510
2013-12-25,521
2013-12-25,521
2013-12-25,518
2013-12-25,524
2013-12-26,539
2013-12-26,539
2013-12-26,536
2013-12-26,542
2013-12-27,551.5
2013-12-27,552
2013-12-27,549
2013-12-27,554
2013-12-28,566
2013-12-28,566
2013-12-28,562
2013-12-28,570
2013-12-29,582
2013-12-29,582
2013-12-29,578
2013-12-29,586
2013-12-30,597
2013-12-30,597
2013-12-30,594
2013-12-30,600
2013-12-31,610
2013-12-31,610
2013-12-31,608
2013-12-31,612
2014-01-01,621
2014-01-01,621
2014-01-01,620
2014-01-01,622
2014-01-02,629
2014-01-02,629
2014-01-02,628
2014-01-02,630
2014-01-03,635
2014-01-03,635
2014-01-03,634
2014-01-03,636
2014-01-04,641
2014-01-04,641
2014-01-04,640
2014-01-04,642
2014-01-05,649
2014-01-05,649
2014-01-05,648
2014-01-05,650
2014-01-06,655
2014-01-06,655
2014-01-06,654
2014-01-06,656
2014-01-07,659.5
2014-01-07,660
2014-01-07,659
2014-01-07,660
2014-01-08,662
2014-01-08,662
2014-01-08,662
2014-01-08,662
2014-01-09,664.5
2014-01-09,664
2014-01-09,663
2014-01-09,666
2014-01-10,668
2014-01-10,668
2014-01-10,667
2014-01-10,669
2014-01-11,663
2014-01-11,663
2014-01-11,664
2014-01-11,662
2014-01-12,664
2014-01-12,664
2014-01-12,664
2014-01-12,664
2014-01-13,666
2014-01-13,666
2014-01-13,666
2014-01-13,666
2014-01-14,668.5
2014-01-14,668
2014-01-14,668
2014-01-14,669
2014-01-15,671
2014-01-15,671
2014-01-15,672
2014-01-15,670
2014-01-16,671
2014-01-16,671
2014-01-16,672
2014-01-16,670
2014-01-17,667
2014-01-17,667
2014-01-17,668
2014-01-17,666
2014-01-18,657
2014-01-18,657
2014-01-18,660
2014-01-18,654
2014-01-19,648.5
2014-01-19,648
2014-01-19,650
2014-01-19,647
2014-01-20,641
2014-01-20,641
2014-01-20,642
2014-01-20,640
2014-01-21,634
2014-01-21,634
2014-01-21,636
2014-01-21,632
2014-01-22,633.5
2014-01-22,634
2014-01-22,632
2014-01-22,635
2014-01-23,639
2014-01-23,639
2014-01-23,638
2014-01-23,640
2014-01-24,643
2014-01-24,643
2014-01-24,642
2014-01-24,644
2014-01-25,646.5
2014-01-25,646
2014-01-25,646
2014-01-25,647
2014-01-26,651
2014-01-26,651
2014-01-26,650
2014-01-26,652
2014-01-27,656
2014-01-27,656
2014-01-27,655
2014-01-27,657
2014-01-28,663
2014-01-28,663
2014-01-28,662
2014-01-28,664
2014-01-29,668
2014-01-29,668
2014-01-29,667
2014-01-29,669
2014-01-30,673
2014-01-30,673
2014-01-30,672
2014-01-30,674
2014-01-31,680
2014-01-31,680
2014-01-31,678
2014-01-31,682
2014-02-01,690
2014-02-01,690
2014-02-01,688
2014-02-01,692
2014-02-02,702
2014-02-02,702
2014-02-02,700
2014-02-02,704
2014-02-03,711.5
2014-02-03,712
2014-02-03,710
2014-02-03,713
2014-02-04,718.5
2014-02-04,718
2014-02-04,717
2014-02-04,720
2014-02-05,725
2014-02-05,725
2014-02-05,724
2014-02-05,726
2014-02-06,732
2014-02-06,732
2014-02-06,730
2014-02-06,734
2014-02-07,740
2014-02-07,740
2014-02-07,738
2014-02-07,742
2014-02-08,749.5
2014-02-08,750
2014-02-08,747
2014-02-08,752
2014-02-09,757
2014-02-09,757
2014-02-09,756
2014-02-09,758
2014-02-10,762.5
2014-02-10,762
2014-02-10,762
2014-02-10,763
2014-02-11,766
2014-02-11,766
2014-02-11,765
2014-02-11,767
2014-02-12,768.5
2014-02-12,768
2014-02-12,768
2014-02-12,769
2014-02-13,771.5
2014-02-13,772
2014-02-13,771
2014-02-13,772
2014-02-14,775
2014-02-14,775
2014-02-14,774
2014-02-14,776
2014-02-15,779.5
2014-02-15,780
2014-02-15,779
2014-02-15,780
2014-02-16,783
2014-02-16,783
2014-02-16,782
2014-02-16,784
2014-02-17,792
2014-02-17,792
2014-02-17,788
2014-02-17,796
2014-02-18,803.5
2014-02-18,804
2014-02-18,802
2014-02-18,805
2014-02-19,807.5
2014-02-19,807
2014-02-19,807
2014-02-19,808
2014-02-20,811
2014-02-20,811
2014-02-20,810
2014-02-20,812
2014-02-21,817
2014-02-21,817
2014-02-21,816
2014-02-21,818
2014-02-22,821
2014-02-22,821
2014-02-22,820
2014-02-22,822
2014-02-23,826
2014-02-23,826
2014-02-23,824
2014-02-23,828
2014-02-24,833
2014-02-24,833
2014-02-24,832
2014-02-24,834
2014-02-25,840
2014-02-25,840
2014-02-25,838
2014-02-25,842
2014-02-26,846
2014-02-26,846
2014-02-26,844
2014-02-26,848
2014-02-27,856
2014-02-27,856
2014-02-27,854
2014-02-27,858
2014-02-28,868
2014-02-28,868
2014-02-28,866
2014-02-28,870
2014-03-01,888
2014-03-01,888
2014-03-01,886
2014-03-01,890
2014-03-02,900
2014-03-02,900
2014-03-02,898
2014-03-02,902
2014-03-03,910
2014-03-03,910
2014-03-03,908
2014-03-03,912
2014-03-04,921
2014-03-04,921
2014-03-04,918
2014-03-04,924
2014-03-05,933
2014-03-05,933
2014-03-05,930
2014-03-05,936
2014-03-06,946
2014-03-06,945.5
2014-03-06,944
2014-03-06,947
2014-03-07,954
2014-03-07,954
2014-03-07,952
2014-03-07,956
2014-03-08,965
2014-03-08,965
2014-03-08,962
2014-03-08,968
2014-03-09,976
2014-03-09,976.5
2014-03-09,975
2014-03-09,978
2014-03-10,986
2014-03-10,985.5
2014-03-10,985
2014-03-10,986
2014-03-11,989
2014-03-11,989
2014-03-11,988
2014-03-11,990
2014-03-12,996
2014-03-12,996.5
2014-03-12,995
2014-03-12,998
2014-03-13,1005
2014-03-13,1005
2014-03-13,1004
2014-03-13,1006
2014-03-14,1004
2014-03-14,1004
2014-03-14,1004
2014-03-14,1004
2014-03-15,1009
2014-03-15,1008.5
2014-03-15,1007
2014-03-15,1010
2014-03-16,1010
2014-03-16,1009.5
2014-03-16,1010
2014-03-16,1009
2014-03-17,1008
2014-03-17,1008
2014-03-17,1008
2014-03-17,1008
2014-03-18,1010
2014-03-18,1010
2014-03-18,1010
2014-03-18,1010
2014-03-19,1012
2014-03-19,1012.5
2014-03-19,1012
2014-03-19,1013
2014-03-20,1014
2014-03-20,1014
2014-03-20,1014
2014-03-20,1014
2014-03-21,1016
2014-03-21,1016
2014-03-21,1016
2014-03-21,1016
2014-03-22,1013
2014-03-22,1013
2014-03-22,1014
2014-03-22,1012
2014-03-23,1013
2014-03-23,1013
2014-03-23,1013
2014-03-23,1013
2014-03-24,1011
2014-03-24,1011
2014-03-24,1012
2014-03-24,1010
2014-03-25,1007
2014-03-25,1007
2014-03-25,1008
2014-03-25,1006
2014-03-26,1010
2014-03-26,1009.5
2014-03-26,1009
2014-03-26,1010
2014-03-27,1014
2014-03-27,1013.5
2014-03-27,1012
2014-03-27,1015
2014-03-28,1012
2014-03-28,1012
2014-03-28,1012
2014-03-28,1012
2014-03-29,1014
2014-03-29,1014
2014-03-29,1014
2014-03-29,1014
2014-03-30,1012
2014-03-30,1011.5
2014-03-30,1012
2014-03-30,1011
2014-03-31,1012
2014-03-31,1011.5
2014-03-31,1012
2014-03-31,1011
2014-04-01,1009.5
2014-04-01,1010
2014-04-01,1010
2014-04-01,1009
2014-04-02,1010
2014-04-02,1010
2014-04-02,1008
2014-04-02,1012
2014-04-03,1010.5
2014-04-03,1010
2014-04-03,1011
2014-04-03,1010
2014-04-04,1008.5
2014-04-04,1009
2014-04-04,1009
2014-04-04,1008
2014-04-05,1007.5
2014-04-05,1007
2014-04-05,1008
2014-04-05,1007
2014-04-06,1005.5
2014-04-06,1006
2014-04-06,1006
2014-04-06,1005
2014-04-07,1004
2014-04-07,1004
2014-04-07,1004
2014-04-07,1004
2014-04-08,999.5
2014-04-08,999
2014-04-08,1000
2014-04-08,999
2014-04-09,997.5
2014-04-09,998
2014-04-09,998
2014-04-09,997
2014-04-10,993
2014-04-10,993
2014-04-10,994
2014-04-10,992
2014-04-11,987.5
2014-04-11,988
2014-04-11,988
2014-04-11,987
2014-04-12,986
2014-04-12,986
2014-04-12,986
2014-04-12,986
2014-04-13,984
2014-04-13,984
2014-04-13,984
2014-04-13,984
2014-04-14,983.5
2014-04-14,984
2014-04-14,983
2014-04-14,984
2014-04-15,982
2014-04-15,982
2014-04-15,982
2014-04-15,982
2014-04-16,979.5
2014-04-16,980
2014-04-16,980
2014-04-16,979
2014-04-17,980
2014-04-17,980
2014-04-17,980
2014-04-17,980
2014-04-18,977.5
2014-04-18,978
2014-04-18,978
2014-04-18,977
2014-04-19,974.5
2014-04-19,974
2014-04-19,975
2014-04-19,974
2014-04-20,973
2014-04-20,973
2014-04-20,973
2014-04-20,973
2014-04-21,971
2014-04-21,971
2014-04-21,972
2014-04-21,970
2014-04-22,967.5
2014-04-22,968
2014-04-22,968
2014-04-22,967
2014-04-23,965.5
2014-04-23,965
2014-04-23,966
2014-04-23,965
2014-04-24,964
2014-04-24,964
2014-04-24,964
2014-04-24,964
2014-04-25,961.5
2014-04-25,962
2014-04-25,962
2014-04-25,961
2014-04-26,960
2014-04-26,960
2014-04-26,960
2014-04-26,960
2014-04-27,957.5
2014-04-27,957
2014-04-27,958
2014-04-27,957
2014-04-28,956
2014-04-28,956
2014-04-28,956
2014-04-28,956
2014-04-29,953.5
2014-04-29,954
2014-04-29,954
2014-04-29,953
2014-04-30,952.5
2014-04-30,952
2014-04-30,953
2014-04-30,952
2014-05-01,948
2014-05-01,948
2014-05-01,948
2014-05-01,948
2014-05-02,946
2014-05-02,946.5
2014-05-02,947
2014-05-02,946
2014-05-03,944
2014-05-03,943.5
2014-05-03,944
2014-05-03,943
2014-05-04,941
2014-05-04,941
2014-05-04,942
2014-05-04,940
2014-05-05,937
2014-05-05,937
2014-05-05,938
2014-05-05,936
2014-05-06,932
2014-05-06,932.5
2014-05-06,933
2014-05-06,932
2014-05-07,929
2014-05-07,929
2014-05-07,930
2014-05-07,928
2014-05-08,924
2014-05-08,923.5
2014-05-08,925
2014-05-08,922
2014-05-09,915
2014-05-09,915
2014-05-09,916
2014-05-09,914
2014-05-10,909
2014-05-10,909
2014-05-10,910
2014-05-10,908
2014-05-11,901
2014-05-11,901
2014-05-11,902
2014-05-11,900
2014-05-12,894
2014-05-12,893.5
2014-05-12,895
2014-05-12,892
2014-05-13,890
2014-05-13,889.5
2014-05-13,890
2014-05-13,889
2014-05-14,886
2014-05-14,886.5
2014-05-14,887
2014-05-14,886
2014-05-15,883
2014-05-15,883
2014-05-15,884
2014-05-15,882
2014-05-16,879
2014-05-16,879
2014-05-16,880
2014-05-16,878
2014-05-17,876
2014-05-17,875.5
2014-05-17,876
2014-05-17,875
2014-05-18,874
2014-05-18,873.5
2014-05-18,874
2014-05-18,873
2014-05-19,868
2014-05-19,868.5
2014-05-19,870
2014-05-19,867
2014-05-20,864
2014-05-20,864.5
2014-05-20,865
2014-05-20,864
2014-05-21,861
2014-05-21,861
2014-05-21,862
2014-05-21,860
2014-05-22,857
2014-05-22,857
2014-05-22,858
2014-05-22,856
2014-05-23,853
2014-05-23,853
2014-05-23,854
2014-05-23,852
2014-05-24,848
2014-05-24,848.5
2014-05-24,850
2014-05-24,847
2014-05-25,844
2014-05-25,844
2014-05-25,845
2014-05-25,843
2014-05-26,839
2014-05-26,839
2014-05-26,840
2014-05-26,838
2014-05-27,833
2014-05-27,833
2014-05-27,834
2014-05-27,832
2014-05-28,829
2014-05-28,829
2014-05-28,830
2014-05-28,828
2014-05-29,823
2014-05-29,823
2014-05-29,824
2014-05-29,822
2014-05-30,811
2014-05-30,811
2014-05-30,812
2014-05-30,810
2014-05-31,809
2014-05-31,808.5
2014-05-31,809
2014-05-31,808
2014-06-01,808
2014-06-01,808
2014-06-01,808
2014-06-02,803
2014-06-02,804
2014-06-02,802
2014-06-03,799
2014-06-03,800
2014-06-03,798
2014-06-04,791
2014-06-04,792
2014-06-04,790
2014-06-05,788
2014-06-05,789
2014-06-05,787
2014-06-06,784
2014-06-06,785
2014-06-06,783
2014-06-07,779.5
2014-06-07,780
2014-06-07,779
2014-06-08,776.5
2014-06-08,777
2014-06-08,776
2014-06-09,773.5
2014-06-09,774
2014-06-09,773
2014-06-10,769
2014-06-10,770
2014-06-10,768
2014-06-11,767
2014-06-11,767
2014-06-11,767
2014-06-12,766
2014-06-12,766
2014-06-12,766
2014-06-13,765
2014-06-13,765
2014-06-13,765
2014-06-14,762.5
2014-06-14,763
2014-06-14,762
2014-06-15,760
2014-06-15,760
2014-06-15,760
2014-06-16,758.5
2014-06-16,759
2014-06-16,758
2014-06-17,757
2014-06-17,757
2014-06-17,757
2014-06-18,756
2014-06-18,756
2014-06-18,756
2014-06-19,754.5
2014-06-19,755
2014-06-19,754
2014-06-20,753
2014-06-20,753
2014-06-20,753
2014-06-21,752
2014-06-21,752
2014-06-21,752
2014-06-22,750
2014-06-22,750
2014-06-22,750
2014-06-23,747.5
2014-06-23,748
2014-06-23,747
2014-06-24,747.5
2014-06-24,748
2014-06-24,747
2014-06-25,741.5
2014-06-25,743
2014-06-25,740
2014-06-26,737.5
2014-06-26,738
2014-06-26,737
2014-06-27,734
2014-06-27,735
2014-06-27,733
2014-06-28,731.5
2014-06-28,732
2014-06-28,731
2014-06-29,729.5
2014-06-29,730
2014-06-29,729
2014-06-30,728
2014-06-30,728
2014-06-30,728
2014-07-01,725.5
2014-07-01,726
2014-07-01,725
2014-07-02,724.5
2014-07-02,725
2014-07-02,724
2014-07-03,722.5
2014-07-03,723
2014-07-03,722
2014-07-04,720.5
2014-07-04,721
2014-07-04,720
2014-07-05,719
2014-07-05,719
2014-07-05,719
2014-07-06,717
2014-07-06,717
2014-07-06,717
2014-07-07,714.5
2014-07-07,715
2014-07-07,714
2014-07-08,711.5
2014-07-08,712
2014-07-08,711
2014-07-09,707
2014-07-09,708
2014-07-09,706
2014-07-10,703.5
2014-07-10,704
2014-07-10,703
2014-07-11,700
2014-07-11,700
2014-07-11,700
2014-07-12,697.5
2014-07-12,698
2014-07-12,697
2014-07-13,695.5
2014-07-13,696
2014-07-13,695
2014-07-14,695
2014-07-14,695
2014-07-14,695
2014-07-15,694
2014-07-15,694
2014-07-15,694
2014-07-16,691
2014-07-16,692
2014-07-16,690
2014-07-17,692
2014-07-17,692
2014-07-17,692
2014-07-18,693
2014-07-18,693
2014-07-18,693
2014-07-19,692
2014-07-19,692
2014-07-19,692
2014-07-20,690
2014-07-20,690
2014-07-20,690
2014-07-21,690
2014-07-21,690
2014-07-21,690
2014-07-22,690
2014-07-22,690
2014-07-22,690
2014-07-23,686.5
2014-07-23,687
2014-07-23,686
2014-07-24,683.5
2014-07-24,684
2014-07-24,683
2014-07-25,681
2014-07-25,682
2014-07-25,680
2014-07-26,680
2014-07-26,680
2014-07-26,680
2014-07-27,678.5
2014-07-27,679
2014-07-27,678
2014-07-28,678
2014-07-28,678
2014-07-28,678
2014-07-29,675
2014-07-29,676
2014-07-29,674
2014-07-30,671
2014-07-30,672
2014-07-30,670
2014-07-31,668
2014-07-31,668
2014-07-31,668
2014-08-01,667.5
2014-08-01,668
2014-08-01,667
2014-08-02,663
2014-08-02,664
2014-08-02,662
2014-08-03,658.5
2014-08-03,660
2014-08-03,657
2014-08-04,654
2014-08-04,654
2014-08-04,654
2014-08-05,651.5
2014-08-05,652
2014-08-05,651
2014-08-06,650
2014-08-06,650
2014-08-06,650
2014-08-07,648.5
2014-08-07,649
2014-08-07,648
2014-08-08,647.5
2014-08-08,648
2014-08-08,647
2014-08-09,645.5
2014-08-09,646
2014-08-09,645
2014-08-10,641
2014-08-10,642
2014-08-10,640
2014-08-11,639
2014-08-11,640
2014-08-11,638
2014-08-12,635
2014-08-12,635
2014-08-12,635
2014-08-13,634
2014-08-13,634
2014-08-13,634
2014-08-14,632
2014-08-14,632
2014-08-14,632
2014-08-15,630
2014-08-15,630
2014-08-15,630
2014-08-16,627.5
2014-08-16,628
2014-08-16,627
2014-08-17,624.5
2014-08-17,625
2014-08-17,624
2014-08-18,619
2014-08-18,620
2014-08-18,618
2014-08-19,611.5
2014-08-19,613
2014-08-19,610
2014-08-20,606.5
2014-08-20,608
2014-08-20,605
2014-08-21,602.5
2014-08-21,603
2014-08-21,602
2014-08-22,600
2014-08-22,600
2014-08-22,600
2014-08-23,597
2014-08-23,598
2014-08-23,596
2014-08-24,594
2014-08-24,595
2014-08-24,593
2014-08-25,588
2014-08-25,590
2014-08-25,586
2014-08-26,581
2014-08-26,582
2014-08-26,580
2014-08-27,576
2014-08-27,576
2014-08-27,576
2014-08-28,572
2014-08-28,572
2014-08-28,572
2014-08-29,571.5
2014-08-29,572
2014-08-29,571
2014-08-30,569
2014-08-30,570
2014-08-30,568
2014-08-31,563
2014-08-31,564
2014-08-31,562
2014-09-01,557
2014-09-01,558
2014-09-01,556
2014-09-02,552
2014-09-02,552
2014-09-02,552
2014-09-03,549
2014-09-03,550
2014-09-03,548
2014-09-04,546
2014-09-04,547
2014-09-04,545
2014-09-05,541
2014-09-05,542
2014-09-05,540
2014-09-06,536.5
2014-09-06,537
2014-09-06,536
2014-09-07,533.5
2014-09-07,534
2014-09-07,533
2014-09-08,531.5
2014-09-08,532
2014-09-08,531
2014-09-09,530
2014-09-09,530
2014-09-09,530
2014-09-10,528.5
2014-09-10,529
2014-09-10,528
2014-09-11,527
2014-09-11,527
2014-09-11,527
2014-09-12,521.5
2014-09-12,523
2014-09-12,520
2014-09-13,517.5
2014-09-13,518
2014-09-13,517
2014-09-14,513.5
2014-09-14,514
2014-09-14,513
2014-09-15,511
2014-09-15,512
2014-09-15,510
2014-09-16,505
2014-09-16,506
2014-09-16,504
2014-09-17,493
2014-09-17,496
2014-09-17,490
2014-09-18,485.5
2014-09-18,486
2014-09-18,485
2014-09-19,481
2014-09-19,482
2014-09-19,480
2014-09-20,476
2014-09-20,477
2014-09-20,475
2014-09-21,471.5
2014-09-21,472
2014-09-21,471
2014-09-22,466
2014-09-22,467
2014-09-22,465
2014-09-23,461
2014-09-23,462
2014-09-23,460
2014-09-24,456
2014-09-24,457
2014-09-24,455
2014-09-25,451
2014-09-25,452
2014-09-25,450
2014-09-26,444.5
2014-09-26,446
2014-09-26,443
2014-09-27,439
2014-09-27,440
2014-09-27,438
2014-09-28,434
2014-09-28,436
2014-09-28,432
2014-09-29,429
2014-09-29,428
2014-09-29,430
2014-09-30,429.5
2014-09-30,430
2014-09-30,429
2014-10-01,419.5
2014-10-01,422
2014-10-01,417
2014-10-02,405
2014-10-02,408
2014-10-02,402
2014-10-03,394
2014-10-03,398
2014-10-03,390
2014-10-04,384
2014-10-04,386
2014-10-04,382
2014-10-05,380
2014-10-05,380
2014-10-05,380
2014-10-06,378
2014-10-06,378
2014-10-06,378
2014-10-07,378
2014-10-07,378
2014-10-07,378
2014-10-08,375.5
2014-10-08,376
2014-10-08,375
2014-10-09,372.5
2014-10-09,373
2014-10-09,372
2014-10-10,370.5
2014-10-10,371
2014-10-10,370
2014-10-11,367.5
2014-10-11,368
2014-10-11,367
2014-10-12,361.5
2014-10-12,363
2014-10-12,360
2014-10-13,353
2014-10-13,354
2014-10-13,352
2014-10-14,344.5
2014-10-14,346
2014-10-14,343
2014-10-15,337
2014-10-15,338
2014-10-15,336
2014-10-16,333
2014-10-16,334
2014-10-16,332
2014-10-17,324.5
2014-10-17,326
2014-10-17,323
2014-10-18,311.5
2014-10-18,315
2014-10-18,308
2014-10-19,300
2014-10-19,302
2014-10-19,298
2014-10-20,293
2014-10-20,294
2014-10-20,292
2014-10-21,284
2014-10-21,286
2014-10-21,282
2014-10-22,277
2014-10-22,278
2014-10-22,276
2014-10-23,272
2014-10-23,272
2014-10-23,272
2014-10-24,272
2014-10-24,272
2014-10-24,272
2014-10-25,270
2014-10-25,270
2014-10-25,270
2014-10-26,271
2014-10-26,270
2014-10-26,272
2014-10-27,272
2014-10-27,272
2014-10-27,272
2014-10-28,269.5
2014-10-28,270
2014-10-28,269
2014-10-29,267.5
2014-10-29,267
2014-10-29,268
2014-10-30,266.5
2014-10-30,267
2014-10-30,266
2014-10-31,265
2014-10-31,265
2014-10-31,265
2014-11-01,270
2014-11-01,270
2014-11-01,270
2014-11-02,267.5
2014-11-02,268
2014-11-02,267
2014-11-03,262
2014-11-03,263
2014-11-03,261
2014-11-04,256.5
2014-11-04,257
2014-11-04,256
2014-11-05,253.5
2014-11-05,254
2014-11-05,253
2014-11-06,259.5
2014-11-06,257
2014-11-06,262
2014-11-07,276
2014-11-07,272
2014-11-07,280
2014-11-08,285
2014-11-08,284
2014-11-08,286
2014-11-09,295
2014-11-09,292
2014-11-09,298
2014-11-10,310
2014-11-10,308
2014-11-10,312
2014-11-11,317.5
2014-11-11,316
2014-11-11,319
2014-11-12,323.5
2014-11-12,323
2014-11-12,324
2014-11-13,324.5
2014-11-13,326
2014-11-13,323
2014-11-14,316
2014-11-14,318
2014-11-14,314
2014-11-15,307
2014-11-15,308
2014-11-15,306
2014-11-16,301
2014-11-16,302
2014-11-16,300
2014-11-17,295.5
2014-11-17,296
2014-11-17,295
2014-11-18,299
2014-11-18,300
2014-11-18,298
2014-11-19,295.5
2014-11-19,296
2014-11-19,295
2014-11-20,298
2014-11-20,298
2014-11-20,298
2014-11-21,301
2014-11-21,300
2014-11-21,302
2014-11-22,303.5
2014-11-22,303
2014-11-22,304
2014-11-23,305.5
2014-11-23,305
2014-11-23,306
2014-11-24,306.5
2014-11-24,306
2014-11-24,307
2014-11-25,308.5
2014-11-25,308
2014-11-25,309
2014-11-26,312
2014-11-26,312
2014-11-26,312
2014-11-27,312.5
2014-11-27,312
2014-11-27,313
2014-11-28,314
2014-11-28,314
2014-11-28,314
2014-11-29,315
2014-11-29,315
2014-11-29,315
2014-11-30,317
2014-11-30,317
2014-11-30,317
2014-12-01,322
2014-12-01,322
2014-12-01,322
2014-12-02,321.5
2014-12-02,322
2014-12-02,321
2014-12-03,320
2014-12-03,320
2014-12-03,320
2014-12-04,321
2014-12-04,320
2014-12-04,322
2014-12-05,327
2014-12-05,326
2014-12-05,328
2014-12-06,333
2014-12-06,332
2014-12-06,334
2014-12-07,339
2014-12-07,338
2014-12-07,340
2014-12-08,349
2014-12-08,348
2014-12-08,350
2014-12-09,355
2014-12-09,354
2014-12-09,356
2014-12-10,359.5
2014-12-10,358
2014-12-10,361
2014-12-11,366
2014-12-11,364
2014-12-11,368
2014-12-12,375
2014-12-12,374
2014-12-12,376
2014-12-13,384
2014-12-13,382
2014-12-13,386
2014-12-14,395
2014-12-14,392
2014-12-14,398
2014-12-15,406
2014-12-15,404
2014-12-15,408
2014-12-16,421
2014-12-16,418
2014-12-16,424
2014-12-17,436.5
2014-12-17,435
2014-12-17,438
2014-12-18,449
2014-12-18,446
2014-12-18,452
2014-12-19,462
2014-12-19,460
2014-12-19,464
2014-12-20,470
2014-12-20,468
2014-12-20,472
2014-12-21,477.5
2014-12-21,476
2014-12-21,479
2014-12-22,484.5
2014-12-22,484
2014-12-22,485
2014-12-23,489
2014-12-23,488
2014-12-23,490
2014-12-24,486
2014-12-24,487
2014-12-24,485
2014-12-25,477.5
2014-12-25,480
2014-12-25,475
2014-12-26,471
2014-12-26,472
2014-12-26,470
2014-12-27,472.5
2014-12-27,472
2014-12-27,473
2014-12-28,477.5
2014-12-28,476
2014-12-28,479
2014-12-29,486.5
2014-12-29,485
2014-12-29,488
2014-12-30,494
2014-12-30,493
2014-12-30,495
2014-12-31,504
2014-12-31,498
2014-12-31,510
2015-01-01,503
2015-01-01,502
2015-01-01,504
2015-01-02,509
2015-01-02,507
2015-01-02,511
2015-01-03,512
2015-01-03,512
2015-01-03,512
2015-01-04,513.5
2015-01-04,513
2015-01-04,514
2015-01-05,516.5
2015-01-05,516
2015-01-05,517
2015-01-06,519
2015-01-06,518
2015-01-06,520
2015-01-07,516.5
2015-01-07,518
2015-01-07,515
2015-01-08,508
2015-01-08,510
2015-01-08,506
2015-01-09,497
2015-01-09,498
2015-01-09,496
2015-01-10,486
2015-01-10,488
2015-01-10,484
2015-01-11,473
2015-01-11,475
2015-01-11,471
2015-01-12,465.5
2015-01-12,466
2015-01-12,465
2015-01-13,462
2015-01-13,464
2015-01-13,460
2015-01-14,456
2015-01-14,457
2015-01-14,455
2015-01-15,452.5
2015-01-15,453
2015-01-15,452
2015-01-16,454
2015-01-16,452
2015-01-16,456
2015-01-17,465
2015-01-17,464
2015-01-17,466
2015-01-18,474
2015-01-18,472
2015-01-18,476
2015-01-19,485.5
2015-01-19,484
2015-01-19,487
2015-01-20,486
2015-01-20,484
2015-01-20,488
2015-01-21,497.5
2015-01-21,498
2015-01-21,497
2015-01-22,499
2015-01-22,500
2015-01-22,498
2015-01-23,501.5
2015-01-23,500
2015-01-23,503
2015-01-24,509
2015-01-24,508
2015-01-24,510
2015-01-25,511.5
2015-01-25,511
2015-01-25,512
2015-01-26,515.5
2015-01-26,514
2015-01-26,517
2015-01-27,518
2015-01-27,518
2015-01-27,518
2015-01-28,518.5
2015-01-28,518
2015-01-28,519
2015-01-29,520.5
2015-01-29,520
2015-01-29,521
2015-01-30,525
2015-01-30,524
2015-01-30,526
2015-01-31,532
2015-01-31,530
2015-01-31,534
2015-02-01,542
2015-02-01,540
2015-02-01,544
2015-02-02,555
2015-02-02,552
2015-02-02,558
2015-02-03,566
2015-02-03,564
2015-02-03,568
2015-02-04,576
2015-02-04,574
2015-02-04,578
2015-02-05,587
2015-02-05,586
2015-02-05,588
2015-02-06,592.5
2015-02-06,592
2015-02-06,593
2015-02-07,595
2015-02-07,595
2015-02-07,595
2015-02-08,596
2015-02-08,596
2015-02-08,596
2015-02-09,596.5
2015-02-09,597
2015-02-09,596
2015-02-10,598
2015-02-10,598
2015-02-10,598
2015-02-11,597
2015-02-11,597
2015-02-11,597
2015-02-12,599.5
2015-02-12,599
2015-02-12,600
2015-02-13,602
2015-02-13,602
2015-02-13,602
2015-02-14,603.5
2015-02-14,603
2015-02-14,604
2015-02-15,609
2015-02-15,608
2015-02-15,610
2015-02-16,613.5
2015-02-16,613
2015-02-16,614
2015-02-17,615.5
2015-02-17,615
2015-02-17,616
2015-02-18,620
2015-02-18,618
2015-02-18,622
2015-02-19,636.5
2015-02-19,635
2015-02-19,638
2015-02-20,646
2015-02-20,644
2015-02-20,648
2015-02-21,659
2015-02-21,656
2015-02-21,662
2015-02-22,676
2015-02-22,674
2015-02-22,678
2015-02-23,685.5
2015-02-23,684
2015-02-23,687
2015-02-24,695
2015-02-24,692
2015-02-24,698
2015-02-25,705
2015-02-25,702
2015-02-25,708
2015-02-26,713
2015-02-26,712
2015-02-26,714
2015-02-27,718
2015-02-27,716
2015-02-27,720
2015-02-28,727
2015-02-28,726
2015-02-28,728
2015-03-01,733
2015-03-01,732
2015-03-01,734
2015-03-02,740
2015-03-02,738
2015-03-02,742
2015-03-03,749.5
2015-03-03,747
2015-03-03,752
2015-03-04,756.5
2015-03-04,755
2015-03-04,758
2015-03-05,764.5
2015-03-05,764
2015-03-05,765
2015-03-06,767.5
2015-03-06,767
2015-03-06,768
2015-03-07,768.5
2015-03-07,768
2015-03-07,769
2015-03-08,770
2015-03-08,770
2015-03-08,770
2015-03-09,767
2015-03-09,768
2015-03-09,766
2015-03-10,763.5
2015-03-10,764
2015-03-10,763
2015-03-11,762
2015-03-11,762
2015-03-11,762
2015-03-12,760.5
2015-03-12,761
2015-03-12,760
2015-03-13,757.5
2015-03-13,758
2015-03-13,757
2015-03-14,767
2015-03-14,764
2015-03-14,770
2015-03-15,767.5
2015-03-15,768
2015-03-15,767
2015-03-16,765
2015-03-16,766
2015-03-16,764
2015-03-17,767
2015-03-17,766
2015-03-17,768
2015-03-18,771
2015-03-18,770
2015-03-18,772
2015-03-19,776.5
2015-03-19,776
2015-03-19,777
2015-03-20,780
2015-03-20,778
2015-03-20,782
2015-03-21,791.5
2015-03-21,790
2015-03-21,793
2015-03-22,800
2015-03-22,798
2015-03-22,802
2015-03-23,807
2015-03-23,806
2015-03-23,808
2015-03-24,815.5
2015-03-24,814
2015-03-24,817
2015-03-25,827
2015-03-25,826
2015-03-25,828
2015-03-26,837
2015-03-26,836
2015-03-26,838
2015-03-27,840
2015-03-27,838
2015-03-27,842
2015-03-28,844.5
2015-03-28,844
2015-03-28,845
2015-03-29,846.5
2015-03-29,846
2015-03-29,847
2015-03-30,849.5
2015-03-30,848
2015-03-30,851
2015-03-31,854.5
2015-03-31,853
2015-03-31,856
2015-04-01,858
2015-04-01,858
2015-04-01,858
2015-04-02,860
2015-04-02,860
2015-04-02,860
2015-04-03,858
2015-04-03,858
2015-04-03,858
2015-04-04,857
2015-04-04,856
2015-04-04,858
2015-04-05,854
2015-04-05,855
2015-04-05,853
2015-04-06,853
2015-04-06,852
2015-04-06,854
2015-04-07,854
2015-04-07,854
2015-04-07,854
2015-05-01,817
2015-05-01,817
2015-05-02,816
2015-05-02,815
2015-05-03,815
2015-05-03,814
2015-05-04,814
2015-05-04,813
2015-05-05,811
2015-05-05,810
2015-05-06,810
2015-05-06,810
2015-05-07,807
2015-05-07,806
2015-05-08,803
2015-05-08,802
2015-05-09,805
2015-05-09,806
2015-05-10,809
2015-05-10,811
2015-05-11,813
2015-05-11,814
2015-05-12,818
2015-05-12,821
2015-05-13,823
2015-05-13,826
2015-05-14,829
2015-05-14,831
2015-05-15,832
2015-05-15,833
2015-05-16,835
2015-05-16,836
2015-05-17,838
2015-05-17,838
2015-05-18,839
2015-05-18,839
2015-05-19,837
2015-05-19,834
2015-05-20,832
2015-05-20,832
2015-05-21,831
2015-05-21,830
2015-05-22,827
2015-05-22,826
2015-05-23,824
2015-05-23,822
2015-05-24,819
2015-05-24,817
2015-05-25,815
2015-05-25,813
2015-05-26,810
2015-05-26,807
2015-05-27,803
2015-05-27,802
2015-05-28,798
2015-05-28,796
2015-05-29,794
2015-05-29,762
2015-05-30,789
2015-05-30,787
2015-05-31,785
2015-05-31,784
2015-06-01,782
2015-06-01,781
2015-06-02,780
2015-06-02,777
2015-06-03,774
2015-06-03,772
2015-06-04,770
2015-06-04,770
2015-06-05,768
2015-06-05,767
2015-06-06,765
2015-06-06,764
2015-06-07,761
2015-06-07,760
2015-06-08,759
2015-06-08,759
2015-06-09,758
2015-06-09,757
2015-06-10,756
2015-06-10,754
2015-06-11,750
2015-06-11,749
2015-06-12,746
2015-06-12,745
2015-06-13,743
2015-06-13,742
2015-06-14,742
2015-06-14,742
2015-06-15,741
2015-06-15,741
2015-06-16,740
2015-06-16,740
2015-06-17,740
2015-06-17,740
2015-06-18,737
2015-06-18,736
2015-06-19,733
2015-06-19,732
2015-06-20,728
2015-06-20,725
2015-06-21,721
2015-06-21,720
2015-06-22,718
2015-06-22,717
2015-06-23,715
2015-06-23,715
2015-06-24,714
2015-06-24,714
2015-06-25,713
2015-06-25,713
2015-06-26,713
2015-06-26,713
2015-06-27,712
2015-06-27,712
2015-06-28,712
2015-06-28,711
2015-06-29,710
2015-06-29,710
2015-06-30,710
2015-06-30,710
2015-07-01,709
2015-07-01,709
2015-07-01,709
2015-07-02,707.5
2015-07-02,708
2015-07-02,707
2015-07-03,704.5
2015-07-03,705
2015-07-03,704
2015-07-04,704
2015-07-04,704
2015-07-04,704
2015-07-05,704
2015-07-05,704
2015-07-05,704
2015-07-06,701.5
2015-07-06,702
2015-07-06,701
2015-07-07,703
2015-07-07,703
2015-07-07,703
2015-07-08,703
2015-07-08,703
2015-07-08,703
2015-07-09,703
2015-07-09,703
2015-07-09,703
2015-07-10,704
2015-07-10,704
2015-07-10,704
2015-07-11,704
2015-07-11,704
2015-07-11,704
2015-07-12,700
2015-07-12,700
2015-07-12,700
2015-07-13,697.5
2015-07-13,698
2015-07-13,697
2015-07-14,694
2015-07-14,695
2015-07-14,693
2015-07-15,689.5
2015-07-15,690
2015-07-15,689
2015-07-16,686.5
2015-07-16,687
2015-07-16,686
2015-07-17,685
2015-07-17,685
2015-07-17,685
2015-07-18,683
2015-07-18,684
2015-07-18,682
2015-07-19,680
2015-07-19,680
2015-07-19,680
2015-07-20,677
2015-07-20,678
2015-07-20,676
2015-07-21,675.5
2015-07-21,676
2015-07-21,675
2015-07-22,673
2015-07-22,673
2015-07-22,673
2015-07-23,670
2015-07-23,672
2015-07-23,668
2015-07-24,667.5
2015-07-24,668
2015-07-24,667
2015-07-25,665
2015-07-25,665
2015-07-25,665
2015-07-26,662.5
2015-07-26,663
2015-07-26,662
2015-07-27,660
2015-07-27,660
2015-07-27,660
2015-07-28,657
2015-07-28,658
2015-07-28,656
2015-07-29,653.5
2015-07-29,654
2015-07-29,653
2015-07-30,652
2015-07-30,652
2015-07-30,652
2015-07-31,654.5
2015-07-31,654
2015-07-31,655
2015-08-01,654
2015-08-01,654
2015-08-01,654
2015-08-02,651.5
2015-08-02,652
2015-08-02,651
2015-08-03,650
2015-08-03,650
2015-08-03,650
2015-08-04,647.5
2015-08-04,648
2015-08-04,647
2015-08-05,644
2015-08-05,645
2015-08-05,643
2015-08-06,641.5
2015-08-06,642
2015-08-06,641
2015-08-07,640
2015-08-07,640
2015-08-07,640
2015-08-08,638
2015-08-08,638
2015-08-08,638
2015-08-09,637
2015-08-09,637
2015-08-09,637
2015-08-10,635.5
2015-08-10,636
2015-08-10,635
2015-08-11,632.5
2015-08-11,633
2015-08-11,632
2015-08-12,627
2015-08-12,628
2015-08-12,626
2015-08-13,622
2015-08-13,623
2015-08-13,621
2015-08-14,617.5
2015-08-14,618
2015-08-14,617
2015-08-15,613.5
2015-08-15,614
2015-08-15,613
2015-08-16,610.5
2015-08-16,611
2015-08-16,610
2015-08-17,609.5
2015-08-17,610
2015-08-17,609
2015-08-18,607.5
2015-08-18,608
2015-08-18,607
2015-08-19,603
2015-08-19,604
2015-08-19,602
2015-08-20,599
2015-08-20,600
2015-08-20,598
2015-08-21,593
2015-08-21,594
2015-08-21,592
2015-08-22,587
2015-08-22,588
2015-08-22,586
2015-08-23,583.5
2015-08-23,584
2015-08-23,583
2015-08-24,581.5
2015-08-24,582
2015-08-24,581
2015-08-25,580
2015-08-25,580
2015-08-25,580
2015-08-26,578.5
2015-08-26,579
2015-08-26,578
2015-08-27,578
2015-08-27,578
2015-08-27,578
2015-08-28,577
2015-08-28,577
2015-08-28,577
2015-08-29,576
2015-08-29,576
2015-08-29,576
2015-08-30,576.5
2015-08-30,577
2015-08-30,576
2015-08-31,575.5
2015-08-31,577
2015-08-31,574
2015-09-01,568
2015-09-01,568
2015-09-01,568
2015-09-02,567.5
2015-09-02,568
2015-09-02,567
2015-09-03,563
2015-09-03,564
2015-09-03,562
2015-09-04,559
2015-09-04,560
2015-09-04,558
2015-09-05,556
2015-09-05,556
2015-09-05,556
2015-09-06,553
2015-09-06,554
2015-09-06,552
2015-09-07,547
2015-09-07,548
2015-09-07,546
2015-09-08,543
2015-09-08,544
2015-09-08,542
2015-09-09,537
2015-09-09,538
2015-09-09,536
2015-09-10,530
2015-09-10,532
2015-09-10,528
2015-09-11,519.5
2015-09-11,520
2015-09-11,519
2015-09-12,515.5
2015-09-12,516
2015-09-12,515
2015-09-13,511
2015-09-13,512
2015-09-13,510
2015-09-14,507
2015-09-14,508
2015-09-14,506
2015-09-15,500.5
2015-09-15,501
2015-09-15,500
2015-09-16,495
2015-09-16,496
2015-09-16,494
2015-09-17,491
2015-09-17,492
2015-09-17,490
2015-09-18,487.5
2015-09-18,488
2015-09-18,487
2015-09-19,484.5
2015-09-19,485
2015-09-19,484
2015-09-20,481.5
2015-09-20,482
2015-09-20,481
2015-09-21,479
2015-09-21,480
2015-09-21,478
2015-09-22,470
2015-09-22,472
2015-09-22,468
2015-09-23,461.5
2015-09-23,463
2015-09-23,460
2015-09-24,454
2015-09-24,456
2015-09-24,452
2015-09-25,444
2015-09-25,446
2015-09-25,442
2015-09-26,436.5
2015-09-26,438
2015-09-26,435
2015-09-27,429
2015-09-27,430
2015-09-27,428
2015-09-28,427
2015-09-28,426
2015-09-28,428
2015-09-29,425.5
2015-09-29,424
2015-09-29,427
2015-09-30,422
2015-09-30,422
2015-09-30,422
2015-10-01,417
2015-10-01,418
2015-10-01,416
2015-10-02,410
2015-10-02,412
2015-10-02,408
2015-10-03,399
2015-10-03,400
2015-10-03,398
2015-10-04,388
2015-10-04,390
2015-10-04,386
2015-10-05,379
2015-10-05,380
2015-10-05,378
2015-10-06,370
2015-10-06,372
2015-10-06,368
2015-10-07,354
2015-10-07,360
2015-10-07,348
2015-10-08,337.5
2015-10-08,340
2015-10-08,335
2015-10-09,328
2015-10-09,330
2015-10-09,326
2015-10-10,319
2015-10-10,320
2015-10-10,318
2015-10-11,311.5
2015-10-11,313
2015-10-11,310
2015-10-12,305.5
2015-10-12,307
2015-10-12,304
2015-10-13,295.5
2015-10-13,296
2015-10-13,295
2015-10-14,289
2015-10-14,290
2015-10-14,288
2015-10-15,287.5
2015-10-15,289
2015-10-15,286
2015-10-16,275
2015-10-16,274
2015-10-16,276
2015-10-17,264
2015-10-17,266
2015-10-17,262
2015-10-18,254
2015-10-18,256
2015-10-18,252
2015-10-19,248.5
2015-10-19,250
2015-10-19,247
2015-10-20,240
2015-10-20,242
2015-10-20,238
2015-10-21,236
2015-10-21,240
2015-10-21,232
2015-10-22,220.5
2015-10-22,223
2015-10-22,218
2015-10-23,208
2015-10-23,210
2015-10-23,206
2015-10-24,200
2015-10-24,200
2015-10-24,200
2015-10-25,197.5
2015-10-25,198
2015-10-25,197
2015-10-26,194
2015-10-26,196
2015-10-26,192
2015-10-27,187.5
2015-10-27,188
2015-10-27,187
2015-10-28,185.5
2015-10-28,186
2015-10-28,185
2015-10-29,185.5
2015-10-29,189
2015-10-29,182
2015-10-30,180
2015-10-30,180
2015-10-30,180
2015-10-31,177
2015-10-31,178
2015-10-31,176
2015-11-01,176
2015-11-01,176
2015-11-01,176
2015-11-02,178
2015-11-02,178
2015-11-02,178
2015-11-03,178
2015-11-03,178
2015-11-03,178
2015-11-04,181
2015-11-04,180
2015-11-04,182
2015-11-05,185
2015-11-05,184
2015-11-05,186
2015-11-06,182
2015-11-06,182
2015-11-06,182
2015-11-07,182.5
2015-11-07,182
2015-11-07,183
2015-11-08,185
2015-11-08,184
2015-11-08,186
2015-11-09,187
2015-11-09,186
2015-11-09,188
2015-11-10,187
2015-11-10,186
2015-11-10,188
2015-11-11,195
2015-11-11,194
2015-11-11,196
2015-11-12,201
2015-11-12,200
2015-11-12,202
2015-11-13,204.5
2015-11-13,204
2015-11-13,205
2015-11-14,207
2015-11-14,206
2015-11-14,208
2015-11-15,210.5
2015-11-15,210
2015-11-15,211
2015-11-16,210.5
2015-11-16,211
2015-11-16,210
2015-11-17,210
2015-11-17,210
2015-11-17,210
2015-11-18,207
2015-11-18,206
2015-11-18,208
2015-11-19,205.5
2015-11-19,209
2015-11-19,202
2015-11-20,199
2015-11-20,200
2015-11-20,198
2015-11-21,193
2015-11-21,194
2015-11-21,192
2015-11-22,189
2015-11-22,190
2015-11-22,188
2015-11-23,190
2015-11-23,190
2015-11-23,190
2015-11-24,187
2015-11-24,186
2015-11-24,188
2015-11-25,182
2015-11-25,182
2015-11-25,182
2015-11-26,182
2015-11-26,182
2015-11-26,182
2015-11-27,184
2015-11-27,184
2015-11-27,184
2015-11-28,185.5
2015-11-28,185
2015-11-28,186
2015-11-29,185
2015-11-29,185
2015-11-29,185
2015-11-30,184
2015-11-30,184
2015-11-30,184
2015-12-01,182
2015-12-01,182
2015-12-01,182
2015-12-02,180
2015-12-02,180
2015-12-02,180
2015-12-03,177
2015-12-03,178
2015-12-03,176
2015-12-04,173.5
2015-12-04,174
2015-12-04,173
2015-12-05,172.5
2015-12-05,172
2015-12-05,173
2015-12-06,174.5
2015-12-06,174
2015-12-06,175
2015-12-07,177
2015-12-07,176
2015-12-07,178
2015-12-08,175.5
2015-12-08,176
2015-12-08,175
2015-12-09,177
2015-12-09,176
2015-12-09,178
2015-12-10,180
2015-12-10,180
2015-12-10,180
2015-12-11,182.5
2015-12-11,182
2015-12-11,183
2015-12-12,182.5
2015-12-12,183
2015-12-12,182
2015-12-13,187.5
2015-12-13,189
2015-12-13,186
2015-12-14,189
2015-12-14,188
2015-12-14,190
2015-12-15,193.5
2015-12-15,193
2015-12-15,194
2015-12-16,196
2015-12-16,196
2015-12-16,196
2015-12-17,196
2015-12-17,194
2015-12-17,198
2015-12-18,197.5
2015-12-18,198
2015-12-18,197
2015-12-19,196
2015-12-19,196
2015-12-19,196
2015-12-20,194.5
2015-12-20,195
2015-12-20,194
2015-12-21,195
2015-12-21,194
2015-12-21,196
2015-12-22,199
2015-12-22,198
2015-12-22,200
2015-12-23,202.5
2015-12-23,202
2015-12-23,203
2015-12-24,204
2015-12-24,204
2015-12-24,204
2015-12-25,205
2015-12-25,205
2015-12-25,205
2015-12-26,205.5
2015-12-26,206
2015-12-26,205
2015-12-27,205
2015-12-27,204
2015-12-27,206
2015-12-28,209.5
2015-12-28,208
2015-12-28,211
2015-12-29,214
2015-12-29,213
2015-12-29,215
2015-12-30,218
2015-12-30,217
2015-12-30,219
2015-12-31,221.5
2015-12-31,221
2015-12-31,222
2016-01-01,223.5
2016-01-01,223
2016-01-01,224
2016-01-02,225.5
2016-01-02,225
2016-01-02,226
2016-01-03,227
2016-01-03,227
2016-01-03,227
2016-01-04,228.5
2016-01-04,228
2016-01-04,229
2016-01-05,230.5
2016-01-05,230
2016-01-05,231
2016-01-06,231.5
2016-01-06,230
2016-01-06,233
2016-01-07,237.5
2016-01-07,235
2016-01-07,240
2016-01-08,248
2016-01-08,246
2016-01-08,250
2016-01-09,260.5
2016-01-09,258
2016-01-09,263
2016-01-10,270
2016-01-10,268
2016-01-10,272
2016-01-11,280
2016-01-11,278
2016-01-11,282
2016-01-12,292
2016-01-12,290
2016-01-12,294
2016-01-13,298.5
2016-01-13,298
2016-01-13,299
2016-01-14,303
2016-01-14,302
2016-01-14,304
2016-01-15,314
2016-01-15,312
2016-01-15,316
2016-01-16,323
2016-01-16,322
2016-01-16,324
2016-01-17,330
2016-01-17,330
2016-01-17,330
2016-01-18,340
2016-01-18,338
2016-01-18,342
2016-01-19,347.5
2016-01-19,346
2016-01-19,349
2016-01-20,356
2016-01-20,354
2016-01-20,358
2016-01-21,368
2016-01-21,366
2016-01-21,370
2016-01-22,375.5
2016-01-22,374
2016-01-22,377
2016-01-23,383.5
2016-01-23,382
2016-01-23,385
2016-01-24,389
2016-01-24,388
2016-01-24,390
2016-01-25,395
2016-01-25,394
2016-01-25,396
2016-01-26,400
2016-01-26,399
2016-01-26,401
2016-01-27,402.5
2016-01-27,402
2016-01-27,403
2016-01-28,404.5
2016-01-28,404
2016-01-28,405
2016-01-29,409
2016-01-29,408
2016-01-29,410
2016-01-30,412.5
2016-01-30,412
2016-01-30,413
2016-01-31,418
2016-01-31,417
2016-01-31,419
2016-02-01,422.5
2016-02-01,421
2016-02-01,424
2016-02-02,425.5
2016-02-02,425
2016-02-02,426
2016-02-03,427
2016-02-03,428
2016-02-03,426
2016-02-04,430.5
2016-02-04,429
2016-02-04,432
2016-02-05,439
2016-02-05,438
2016-02-05,440
2016-02-06,445
2016-02-06,444
2016-02-06,446
2016-02-07,453
2016-02-07,452
2016-02-07,454
2016-02-08,460.5
2016-02-08,458
2016-02-08,463
2016-02-09,466.5
2016-02-09,465
2016-02-09,468
2016-02-10,476
2016-02-10,474
2016-02-10,478
2016-02-11,489
2016-02-11,488
2016-02-11,490
2016-02-12,491
2016-02-12,492
2016-02-12,490
2016-02-13,482
2016-02-13,484
2016-02-13,480
2016-02-14,473
2016-02-14,474
2016-02-14,472
2016-02-15,469
2016-02-15,470
2016-02-15,468
2016-02-16,464
2016-02-16,465
2016-02-16,463
2016-02-17,462
2016-02-17,462
2016-02-17,462
2016-02-18,461
2016-02-18,462
2016-02-18,460
2016-02-19,448
2016-02-19,450
2016-02-19,446
2016-02-20,441
2016-02-20,442
2016-02-20,440
2016-02-21,434
2016-02-21,436
2016-02-21,432
2016-02-22,424
2016-02-22,426
2016-02-22,422
2016-02-23,417
2016-02-23,418
2016-02-23,416
2016-02-24,411
2016-02-24,412
2016-02-24,410
2016-02-25,408
2016-02-25,408
2016-02-25,408
2016-02-26,405.5
2016-02-26,406
2016-02-26,405
2016-02-27,402.5
2016-02-27,403
2016-02-27,402
2016-02-28,402
2016-02-28,402
2016-02-28,402
2016-02-29,403
2016-02-29,404
2016-02-29,402
2016-03-01,401
2016-03-01,400
2016-03-01,402
2016-03-02,403.5
2016-03-02,403
2016-03-02,404
2016-03-03,405.5
2016-03-03,405
2016-03-03,406
2016-03-04,407.5
2016-03-04,407
2016-03-04,408
2016-03-05,413
2016-03-05,412
2016-03-05,414
2016-03-06,420
2016-03-06,418
2016-03-06,422
2016-03-07,432
2016-03-07,430
2016-03-07,434
2016-03-08,441.5
2016-03-08,440
2016-03-08,443
2016-03-09,449
2016-03-09,448
2016-03-09,450
2016-03-10,456
2016-03-10,454
2016-03-10,458
2016-03-11,467
2016-03-11,464
2016-03-11,470
2016-03-12,480
2016-03-12,478
2016-03-12,482
2016-03-13,496
2016-03-13,490
2016-03-13,502
2016-03-14,514
2016-03-14,512
2016-03-14,516
2016-03-15,526
2016-03-15,524
2016-03-15,528
2016-03-16,538.5
2016-03-16,536
2016-03-16,541
2016-03-17,550.5
2016-03-17,548
2016-03-17,553
2016-03-18,564
2016-03-18,562
2016-03-18,566
2016-03-19,573
2016-03-19,572
2016-03-19,574
2016-03-20,580
2016-03-20,578
2016-03-20,582
2016-03-21,589.5
2016-03-21,588
2016-03-21,591
2016-03-22,599
2016-03-22,596
2016-03-22,602
2016-03-23,606.5
2016-03-23,605
2016-03-23,608
2016-03-24,614
2016-03-24,612
2016-03-24,616
2016-03-25,624.5
2016-03-25,622
2016-03-25,627
2016-03-26,636
2016-03-26,634
2016-03-26,638
2016-03-27,642
2016-03-27,640
2016-03-27,644
2016-03-28,655
2016-03-28,652
2016-03-28,658
2016-03-29,664
2016-03-29,663
2016-03-29,665
2016-03-30,670
2016-03-30,668
2016-03-30,672
2016-03-31,675.5
2016-03-31,674
2016-03-31,677
2016-04-01,677
2016-04-01,676
2016-04-01,678
2016-04-02,683
2016-04-02,682
2016-04-02,684
2016-04-03,686.5
2016-04-03,686
2016-04-03,687
2016-04-04,689
2016-04-04,688
2016-04-04,690
2016-04-05,693.5
2016-04-05,692
2016-04-05,695
2016-04-06,695
2016-04-06,697
2016-04-06,693
2016-04-07,686
2016-04-07,688
2016-04-07,684
2016-04-08,679
2016-04-08,680
2016-04-08,678
2016-04-09,673
2016-04-09,674
2016-04-09,672
2016-04-10,667
2016-04-10,668
2016-04-10,666
2016-04-11,663
2016-04-11,664
2016-04-11,662
2016-04-12,659
2016-04-12,660
2016-04-12,658
2016-04-13,653.5
2016-04-13,654
2016-04-13,653
2016-04-14,651.5
2016-04-14,652
2016-04-14,651
2016-04-15,648.5
2016-04-15,650
2016-04-15,647
2016-04-16,642
2016-04-16,643
2016-04-16,641
2016-04-17,637.5
2016-04-17,638
2016-04-17,637
2016-04-18,637.5
2016-04-18,638
2016-04-18,637
2016-04-19,635
2016-04-19,636
2016-04-19,634
2016-04-20,636
2016-04-20,636
2016-04-20,636
2016-04-21,637.5
2016-04-21,638
2016-04-21,637
2016-04-22,635.5
2016-04-22,636
2016-04-22,635
2016-04-23,631.5
2016-04-23,632
2016-04-23,631
2016-04-24,626.5
2016-04-24,627
2016-04-24,626
2016-04-25,623
2016-04-25,624
2016-04-25,622
2016-04-26,615.5
2016-04-26,617
2016-04-26,614
2016-04-27,610
2016-04-27,611
2016-04-27,609
2016-04-28,607.5
2016-04-28,608
2016-04-28,607
2016-04-29,603
2016-04-29,604
2016-04-29,602
2016-04-30,507
2016-04-30,508
2016-04-30,506
2016-05-01,593
2016-05-01,594
2016-05-01,592
2016-05-02,589
2016-05-02,590
2016-05-02,588
2016-05-03,584.5
2016-05-03,585
2016-05-03,584
2016-05-04,580.5
2016-05-04,582
2016-05-04,579
2016-05-05,586.5
2016-05-05,585
2016-05-05,588
2016-05-06,592
2016-05-06,592
2016-05-06,592
2016-05-07,593.5
2016-05-07,593
2016-05-07,594
2016-05-08,595.5
2016-05-08,596
2016-05-08,595
2016-05-09,594.5
2016-05-09,594
2016-05-09,595
2016-05-10,592.5
2016-05-10,593
2016-05-10,592
2016-05-11,589
2016-05-11,590
2016-05-11,588
2016-05-12,586.5
2016-05-12,585
2016-05-12,588
2016-05-13,591
2016-05-13,590
2016-05-13,592
2016-05-14,590
2016-05-14,590
2016-05-14,590
2016-05-15,589
2016-05-15,588
2016-05-15,590
2016-05-16,592
2016-05-16,592
2016-05-16,592
2016-05-17,592
2016-05-17,593
2016-05-17,591
2016-05-18,589.5
2016-05-18,590
2016-05-18,589
2016-05-19,587.5
2016-05-19,588
2016-05-19,587
2016-05-20,583.5
2016-05-20,585
2016-05-20,582
2016-05-21,579.5
2016-05-21,580
2016-05-21,579
2016-05-22,578
2016-05-22,578
2016-05-22,578
2016-05-23,576
2016-05-23,576
2016-05-23,576
2016-05-24,573
2016-05-24,574
2016-05-24,572
2016-05-25,569
2016-05-25,570
2016-05-25,568
2016-05-26,567.5
2016-05-26,568
2016-05-26,567
2016-05-27,566
2016-05-27,567
2016-05-27,565
2016-05-28,563
2016-05-28,563
2016-05-28,563
2016-05-29,562
2016-05-29,562
2016-05-29,562
2016-05-30,560.5
2016-05-30,561
2016-05-30,560
2016-05-31,560
2016-05-31,560
2016-05-31,560
2016-06-01,557.5
2016-06-01,558
2016-06-01,557
2016-06-02,559
2016-06-02,558
2016-06-02,560
2016-06-03,562
2016-06-03,562
2016-06-03,562
2016-06-04,563.5
2016-06-04,563
2016-06-04,564
2016-06-05,565
2016-06-05,565
2016-06-05,565
2016-06-06,564
2016-06-06,564
2016-06-06,564
2016-06-07,563.5
2016-06-07,564
2016-06-07,563
2016-06-08,562
2016-06-08,562
2016-06-08,562
2016-06-09,562
2016-06-09,562
2016-06-09,562
2016-06-10,560
2016-06-10,560
2016-06-10,560
2016-06-11,559.5
2016-06-11,560
2016-06-11,559
2016-06-12,558
2016-06-12,558
2016-06-12,558
2016-06-13,557
2016-06-13,557
2016-06-13,557
2016-06-14,556
2016-06-14,556
2016-06-14,556
2016-06-15,555.5
2016-06-15,555
2016-06-15,556
2016-06-16,556.5
2016-06-16,556
2016-06-16,557
2016-06-17,557.5
2016-06-17,558
2016-06-17,557
2016-06-18,553
2016-06-18,554
2016-06-18,552
2016-06-19,551.5
2016-06-19,551
2016-06-19,552
2016-06-20,552
2016-06-20,548
2016-06-20,556
2016-06-21,548.5
2016-06-21,550
2016-06-21,547
2016-06-22,549
2016-06-22,550
2016-06-22,548
2016-06-23,545.5
2016-06-23,546
2016-06-23,545
2016-06-24,544
2016-06-24,544
2016-06-24,544
2016-06-25,544
2016-06-25,544
2016-06-25,544
2016-06-26,542.5
2016-06-26,543
2016-06-26,542
2016-06-27,543
2016-06-27,543
2016-06-27,543
2016-06-28,542.5
2016-06-28,544
2016-06-28,541
2016-06-29,542
2016-06-29,542
2016-06-29,542
2016-06-30,540
2016-06-30,540
2016-06-30,540
2016-07-01,537.5
2016-07-01,538
2016-07-01,537
2016-07-02,537
2016-07-02,537
2016-07-02,537
2016-07-03,534.5
2016-07-03,535
2016-07-03,534
2016-07-04,532
2016-07-04,532
2016-07-04,532
2016-07-05,532
2016-07-05,532
2016-07-05,532
2016-07-06,532.5
2016-07-06,533
2016-07-06,532
2016-07-07,530
2016-08-01,491.5
2016-08-01,492
2016-08-01,491
2016-08-02,490
2016-08-02,490
2016-08-02,490
2016-08-03,487.5
2016-08-03,488
2016-08-03,487
2016-08-04,486
2016-08-04,486
2016-08-04,486
2016-08-05,485.5
2016-08-05,486
2016-08-05,485
2016-08-06,485
2016-08-06,485
2016-08-06,485
2016-08-07,484.5
2016-08-07,485
2016-08-07,484
2016-08-08,481.5
2016-08-08,482
2016-08-08,481
2016-08-09,482
2016-08-09,482
2016-08-09,482
2016-08-10,480.5
2016-08-10,481
2016-08-10,480
2016-08-11,481
2016-08-11,480
2016-08-11,482
2016-08-12,479
2016-08-12,480
2016-08-12,478
2016-08-13,475
2016-08-13,476
2016-08-13,474
2016-08-14,469.5
2016-08-14,471
2016-08-14,468
2016-08-15,462
2016-08-15,463
2016-08-15,461
2016-08-16,460
2016-08-16,460
2016-08-16,460
2016-08-17,457
2016-08-17,458
2016-08-17,456
2016-08-18,453
2016-08-18,454
2016-08-18,452
2016-08-19,448.5
2016-08-19,447
2016-08-19,450
2016-08-20,446
2016-08-20,447
2016-08-20,445
2016-08-21,439
2016-08-21,440
2016-08-21,438
2016-08-22,432.5
2016-08-22,433
2016-08-22,432
2016-08-23,431
2016-08-23,431
2016-08-23,431
2016-08-24,430
2016-08-24,430
2016-08-24,430
2016-08-25,427
2016-08-25,428
2016-08-25,426
2016-08-26,421
2016-08-26,422
2016-08-26,420
2016-08-27,417.5
2016-08-27,418
2016-08-27,417
2016-08-28,414.5
2016-08-28,415
2016-08-28,414
2016-08-29,411
2016-08-29,412
2016-08-29,410
2016-08-30,406.5
2016-08-30,407
2016-08-30,406
2016-08-31,403
2016-08-31,403
2016-08-31,403
2016-09-01,400
2016-09-01,401
2016-09-01,399
2016-09-02,395.5
2016-09-02,396
2016-09-02,395
2016-09-03,392.5
2016-09-03,393
2016-09-03,392
2016-09-04,388
2016-09-04,389
2016-09-04,387
2016-09-05,384
2016-09-05,385
2016-09-05,383
2016-09-06,379.5
2016-09-06,380
2016-09-06,379
2016-09-07,375
2016-09-07,376
2016-09-07,374
2016-09-08,371
2016-09-08,372
2016-09-08,370
2016-09-09,366
2016-09-09,367
2016-09-09,365
2016-09-10,361
2016-09-10,362
2016-09-10,360
2016-09-11,356.5
2016-09-11,357
2016-09-11,356
2016-09-12,351.5
2016-09-12,353
2016-09-12,350
2016-09-13,342
2016-09-13,344
2016-09-13,340
2016-09-14,331
2016-09-14,332
2016-09-14,330
2016-09-15,328
2016-09-15,328
2016-09-15,328
2016-09-16,324
2016-09-16,324
2016-09-16,324
2016-09-17,322
2016-09-17,320
2016-09-17,324
2016-09-18,317
2016-09-18,318
2016-09-18,316
2016-09-19,313
2016-09-19,314
2016-09-19,312
2016-09-20,309
2016-09-20,310
2016-09-20,308
2016-09-21,305
2016-09-21,306
2016-09-21,304
2016-09-22,293.5
2016-09-22,295
2016-09-22,292
2016-09-23,286
2016-09-23,288
2016-09-23,284
2016-09-24,275.5
2016-09-24,278
2016-09-24,273
2016-09-25,266
2016-09-25,268
2016-09-25,264
2016-09-26,256
2016-09-26,258
2016-09-26,254
2016-09-27,244
2016-09-27,246
2016-09-27,242
2016-09-28,235
2016-09-28,236
2016-09-28,234
2016-09-29,231.5
2016-09-29,232
2016-09-29,231
2016-09-30,227
2016-09-30,228
2016-09-30,226
2016-10-01,223.5
2016-10-01,224
2016-10-01,223
2016-10-02,220.5
2016-10-02,221
2016-10-02,220
2016-10-03,218.5
2016-10-03,219
2016-10-03,218
2016-10-04,223
2016-10-04,222
2016-10-04,224
2016-10-05,218
2016-10-05,220
2016-10-05,216
2016-10-06,210
2016-10-06,210
2016-10-06,210
2016-10-07,208
2016-10-07,209
2016-10-07,207
2016-10-08,205.5
2016-10-08,206
2016-10-08,205
2016-10-09,202.5
2016-10-09,203
2016-10-09,202
2016-10-10,200.5
2016-10-10,201
2016-10-10,200
2016-10-11,197
2016-10-11,198
2016-10-11,196
2016-10-12,193
2016-10-12,194
2016-10-12,192
2016-10-13,190
2016-10-13,190
2016-10-13,190
2016-10-14,191
2016-10-14,190
2016-10-14,192
2016-10-15,197
2016-10-15,196
2016-10-15,198
2016-10-16,201.5
2016-10-16,200
2016-10-16,203
2016-10-17,203
2016-10-17,202
2016-10-17,204
2016-10-18,201.5
2016-10-18,198
2016-10-18,205
2016-10-19,201
2016-10-19,202
2016-10-19,200
2016-10-20,197.5
2016-10-20,198
2016-10-20,197
2016-10-21,194.5
2016-10-21,196
2016-10-21,193
2016-10-22,190.5
2016-10-22,191
2016-10-22,190
2016-10-23,188.5
2016-10-23,189
2016-10-23,188
2016-10-24,185
2016-10-24,186
2016-10-24,184
2016-10-25,180.5
2016-10-25,180
2016-10-25,181
2016-10-26,178.5
2016-10-26,179
2016-10-26,178
2016-10-27,178.5
2016-10-27,178
2016-10-27,179
2016-10-28,180.5
2016-10-28,180
2016-10-28,181
2016-10-29,178.5
2016-10-29,178
2016-10-29,179
2016-10-30,182.5
2016-10-30,182
2016-10-30,183
2016-10-31,186.5
2016-10-31,186
2016-10-31,187
2016-11-01,190
2016-11-01,189
2016-11-01,191
2016-11-02,192.5
2016-11-02,192
2016-11-02,193
2016-11-03,194.5
2016-11-03,194
2016-11-03,195
2016-11-04,198.5
2016-11-04,198
2016-11-04,199
2016-11-05,200.5
2016-11-05,200
2016-11-05,201
2016-11-06,198.5
2016-11-06,198
2016-11-06,199
2016-11-07,204
2016-11-07,203
2016-11-07,205
2016-11-08,210.5
2016-11-08,209
2016-11-08,212
2016-11-09,216
2016-11-09,215
2016-11-09,217
2016-11-10,217
2016-11-10,217
2016-11-10,217
2016-11-11,223
2016-11-11,222
2016-11-11,224
2016-11-12,225
2016-11-12,225
2016-11-12,225
2016-11-13,227
2016-11-13,227
2016-11-13,227
2016-11-14,226.5
2016-11-14,227
2016-11-14,226
2016-11-15,227
2016-11-15,226
2016-11-15,228
2016-11-16,232
2016-11-16,231
2016-11-16,233
2016-11-17,237
2016-11-17,236
2016-11-17,238
2016-11-18,243
2016-11-18,242
2016-11-18,244
2016-11-19,244.5
2016-11-19,243
2016-11-19,246
2016-11-20,250
2016-11-20,248
2016-11-20,252
2016-11-21,258
2016-11-21,257
2016-11-21,259
2016-11-22,268
2016-11-22,267
2016-11-22,269
2016-11-23,274
2016-11-23,273
2016-11-23,275
2016-11-24,280
2016-11-24,278
2016-11-24,282
2016-11-25,288
2016-11-25,287
2016-11-25,289
2016-11-26,293
2016-11-26,292
2016-11-26,294
2016-11-27,298
2016-11-27,297
2016-11-27,299
2016-11-28,303
2016-11-28,302
2016-11-28,304
2016-11-29,307
2016-11-29,307
2016-11-29,307
2016-11-30,312
2016-11-30,310
2016-11-30,314
2016-12-01,312
2016-12-01,312
2016-12-01,312
2016-12-02,309.5
2016-12-02,310
2016-12-02,309
2016-12-03,308.5
2016-12-03,309
2016-12-03,308
2016-12-04,307
2016-12-04,308
2016-12-04,306
2016-12-05,305.5
2016-12-05,306
2016-12-05,305
2016-12-06,302.5
2016-12-06,303
2016-12-06,302
2016-12-07,300.5
2016-12-07,301
2016-12-07,300
2016-12-08,295
2016-12-08,296
2016-12-08,294
2016-12-09,289
2016-12-09,290
2016-12-09,288
2016-12-10,286
2016-12-10,286
2016-12-10,286
2016-12-11,287
2016-12-11,287
2016-12-11,287
2016-12-12,288
2016-12-12,288
2016-12-12,288
2016-12-13,290
2016-12-13,290
2016-12-13,290
2016-12-14,295
2016-12-14,295
2016-12-14,295
2016-12-15,289
2016-12-15,298
2016-12-15,280
2016-12-16,305
2016-12-16,304
2016-12-16,306
2016-12-17,310
2016-12-17,308
2016-12-17,312
2016-12-18,320.5
2016-12-18,318
2016-12-18,323
2016-12-19,330.5
2016-12-19,327
2016-12-19,338
2016-12-20,333.5
2016-12-20,332
2016-12-20,335
2016-12-21,342
2016-12-21,340
2016-12-21,344
2016-12-22,355
2016-12-22,352
2016-12-22,358
2016-12-23,379
2016-12-23,372
2016-12-23,386
2016-12-24,407
2016-12-24,402
2016-12-24,412
2016-12-25,430
2016-12-25,426
2016-12-25,434
2016-12-26,451.5
2016-12-26,446
2016-12-26,457
2016-12-27,472
2016-12-27,468
2016-12-27,476
2016-12-28,489.5
2016-12-28,486
2016-12-28,493
2016-12-29,507
2016-12-29,502
2016-12-29,512
2016-12-30,523
2016-12-30,522
2016-12-30,524
2016-12-31,527
2016-12-31,526
2016-12-31,528
2017-01-01,532.5
2017-01-01,530
2017-01-01,535
2017-01-02,533
2017-01-02,532
2017-01-02,534
2017-01-03,534.5
2017-01-03,535
2017-01-03,534
2017-01-04,534.5
2017-01-04,535
2017-01-04,534
2017-01-05,534
2017-01-05,535
2017-01-05,533
2017-01-06,530
2017-01-06,531
2017-01-06,529
2017-01-07,522.5
2017-01-07,525
2017-01-07,520
2017-01-08,510.5
2017-01-08,512
2017-01-08,509
2017-01-09,503
2017-01-09,505
2017-01-09,501
2017-01-10,496.5
2017-01-10,498
2017-01-10,495
2017-01-11,493
2017-01-11,493
2017-01-11,493
2017-01-12,488.5
2017-01-12,490
2017-01-12,487
2017-01-13,483
2017-01-13,484
2017-01-13,482
2017-01-14,485
2017-01-14,484
2017-01-14,486
2017-01-15,483.5
2017-01-15,483
2017-01-15,484
2017-01-16,481.5
2017-01-16,482
2017-01-16,481
2017-01-17,481
2017-01-17,480
2017-01-17,482
2017-01-18,492
2017-01-18,490
2017-01-18,494
2017-01-19,498
2017-01-19,497
2017-01-19,499
2017-01-20,504
2017-01-20,502
2017-01-20,506
2017-01-21,512
2017-01-21,510
2017-01-21,514
2017-01-22,519.5
2017-01-22,518
2017-01-22,521
2017-01-23,527
2017-01-23,526
2017-01-23,528
2017-01-24,528.5
2017-01-24,530
2017-01-24,532
2017-01-25,536.5
2017-01-25,535
2017-01-25,538
2017-01-26,543.5
2017-01-26,542
2017-01-26,545
2017-01-27,551.5
2017-01-27,550
2017-01-27,553
2017-01-28,560.5
2017-01-28,558
2017-01-28,563
2017-01-29,575.5
2017-01-29,573
2017-01-29,578
2017-01-30,589
2017-01-30,586
2017-01-30,592
2017-01-31,602
2017-01-31,600
2017-01-31,604
2017-02-01,615
2017-02-01,612
2017-02-01,618
2017-02-02,624
2017-02-02,622
2017-02-02,626
2017-02-03,635
2017-02-03,632
2017-02-03,638
2017-02-04,649
2017-02-04,646
2017-02-04,652
2017-02-05,670
2017-02-05,668
2017-02-05,672
2017-02-06,680
2017-02-06,678
2017-02-06,682
2017-02-07,689
2017-02-07,686
2017-02-07,692
2017-02-08,701.5
2017-02-08,702
2017-02-08,702
2017-02-09,706
2017-02-09,704
2017-02-09,708
2017-02-10,714
2017-02-10,714
2017-02-10,714
2017-02-11,723.5
2017-02-11,721
2017-02-11,726
2017-02-12,733
2017-02-12,732
2017-02-12,734
2017-02-13,740
2017-02-13,738
2017-02-13,742
2017-02-14,747.5
2017-02-14,746
2017-02-14,749
2017-02-15,757.5
2017-02-15,756
2017-02-15,759
2017-02-16,766.5
2017-02-16,765
2017-02-16,768
2017-02-17,775.5
2017-02-17,773
2017-02-17,778
2017-02-18,789
2017-02-18,786
2017-02-18,792
2017-02-19,798
2017-02-19,797
2017-02-19,799
2017-02-20,807
2017-02-20,804
2017-02-20,810
2017-02-21,815.5
2017-02-21,814
2017-02-21,817
2017-02-22,825.5
2017-02-22,823
2017-02-22,828
2017-02-23,826.5
2017-02-23,827
2017-02-23,826
2017-02-24,832
2017-02-24,830
2017-02-24,834
2017-02-25,845
2017-02-25,842
2017-02-25,848
2017-02-26,855
2017-02-26,853
2017-02-26,857
2017-02-27,862
2017-02-27,861
2017-02-27,863
2017-02-28,865
2017-02-28,865
2017-02-28,865
2017-03-01,865.5
2017-03-01,865
2017-03-01,866
2017-03-02,867.5
2017-03-02,867
2017-03-02,868
2017-03-03,869
2017-03-03,870
2017-03-03,868
2017-03-04,872
2017-03-04,872
2017-03-04,872
2017-03-05,872
2017-03-05,872
2017-03-05,872
2017-03-06,870
2017-03-06,870
2017-03-06,870
2017-03-07,866.5
2017-03-07,868
2017-03-07,865
2017-03-08,862.5
2017-03-08,863
2017-03-08,862
2017-03-09,860.5
2017-03-09,861
2017-03-09,860
2017-03-10,863
2017-03-10,862
2017-03-10,864
2017-03-11,869
2017-03-11,868
2017-03-11,870
2017-03-12,874
2017-03-12,868
2017-03-12,880
2017-03-13,865.5
2017-03-13,866
2017-03-13,865
2017-03-14,865
2017-03-14,864
2017-03-14,866
2017-03-15,866
2017-03-15,868
2017-03-15,864
2017-03-16,861
2017-03-16,860
2017-03-16,862
2017-03-17,870
2017-03-17,870
2017-03-17,870
2017-03-18,867.5
2017-03-18,868
2017-03-18,867
2017-03-20,868.5
2017-03-20,868
2017-03-20,869
2017-03-21,864.5
2017-03-21,865
2017-03-21,864
2017-03-22,861
2017-03-22,860
2017-03-22,862
2017-03-23,860
2017-03-23,861
2017-03-23,859
2017-03-24,861
2017-03-24,860
2017-03-24,862
2017-03-25,864.5
2017-03-25,864
2017-03-25,865
2017-03-26,866.5
2017-03-26,866
2017-03-26,867
2017-03-27,864.5
2017-03-27,865
2017-03-27,864
2017-03-28,865
2017-03-28,864
2017-03-28,866
2017-03-29,869.5
2017-03-29,869
2017-03-29,870
2017-03-30,872.5
2017-03-30,872
2017-03-30,873
2017-03-31,871.5
2017-03-31,874
2017-03-31,869
2017-04-01,873
2017-04-01,872
2017-04-01,874
2017-04-02,875.5
2017-04-02,875
2017-04-02,876
2017-04-03,876.5
2017-04-03,877
2017-04-03,876
2017-04-04,875.5
2017-04-04,874
2017-04-04,877
2017-04-05,883
2017-04-05,882
2017-04-05,884
2017-04-06,886.5
2017-04-06,886
2017-04-06,887
2017-04-07,883
2017-04-07,884
2017-04-07,882
2017-04-08,884.5
2017-04-08,884
2017-04-08,885
2017-04-09,885.5
2017-04-09,886
2017-04-09,885
2017-04-10,885
2017-04-10,886
2017-04-10,884
2017-04-11,879
2017-04-11,880
2017-04-11,878
2017-04-12,873
2017-04-12,874
2017-04-12,872
2017-04-13,870
2017-04-13,870
2017-04-13,870
2017-04-14,871.5
2017-04-14,871
2017-04-14,872
2017-04-15,873.5
2017-04-15,874
2017-04-15,873
2017-04-16,876.5
2017-04-16,876
2017-04-16,877
2017-04-17,875.5
2017-04-17,876
2017-04-17,875
2017-04-18,875
2017-04-18,874
2017-04-18,876
2017-04-19,878.5
2017-04-19,878
2017-04-19,879
2017-04-20,883
2017-04-20,882
2017-04-20,884
2017-04-21,880.5
2017-04-21,882
2017-04-21,879
2017-04-22,876.5
2017-04-22,878
2017-04-22,875
2017-04-23,871
2017-04-23,872
2017-04-23,870
2017-04-24,866
2017-04-24,867
2017-04-24,865
2017-04-25,863
2017-04-25,864
2017-04-25,862
2017-04-26,859.5
2017-04-26,860
2017-04-26,859
2017-04-27,855.5
2017-04-27,858
2017-04-27,853
2017-04-28,850.5
2017-04-28,851
2017-04-28,850
2017-04-29,847.5
2017-04-29,848
2017-04-29,847
2017-04-30,839.5
2017-04-30,842
2017-04-30,837
2017-05-01,833.5
2017-05-01,831
2017-05-01,836
2017-05-02,839.5
2017-05-02,838
2017-05-02,841
2017-05-03,845
2017-05-03,844
2017-05-03,846
2017-05-04,842
2017-05-04,844
2017-05-04,840
2017-05-05,835.5
2017-05-05,837
2017-05-05,834
2017-05-06,829
2017-05-06,830
2017-05-06,828
2017-05-07,826
2017-05-07,827
2017-05-07,825
2017-05-08,820
2017-05-08,822
2017-05-08,818
2017-05-09,813
2017-05-09,814
2017-05-09,812
2017-05-10,807
2017-05-10,807
2017-05-10,807
2017-05-11,801
2017-05-11,802
2017-05-11,800
2017-05-12,795
2017-05-12,797
2017-05-12,793
2017-05-13,786
2017-05-13,788
2017-05-13,784
2017-05-14,781
2017-05-14,782
2017-05-14,780
2017-05-15,777
2017-05-15,778
2017-05-15,776
2017-05-16,772
2017-05-16,774
2017-05-16,770
2017-05-17,763
2017-05-17,765
2017-05-17,761
2017-05-18,755.5
2017-05-18,757
2017-05-18,754
2017-05-19,749
2017-05-19,750
2017-05-19,748
2017-05-20,743.5
2017-05-20,745
2017-05-20,742
2017-05-21,738
2017-05-21,739
2017-05-21,737
2017-05-22,733
2017-05-22,734
2017-05-22,732
2017-05-23,730
2017-05-23,730
2017-05-23,730
2017-05-24,728.5
2017-05-24,729
2017-05-24,728
2017-05-25,725.5
2017-05-25,726
2017-05-25,725
2017-05-26,723.5
2017-05-26,724
2017-05-26,723
2017-05-27,722
2017-05-27,722
2017-05-27,722
2017-05-28,719
2017-05-28,720
2017-05-28,718
2017-05-29,716
2017-05-29,716
2017-05-29,716
2017-05-30,716
2017-05-30,719
2017-05-30,713
2017-05-31,711
2017-05-31,712
2017-05-31,710
2017-06-01,708.5
2017-06-01,708
2017-06-01,709
2017-06-02,720
2017-06-02,720
2017-06-02,720
2017-06-03,718
2017-06-03,718
2017-06-03,718
2017-06-04,717
2017-06-04,717
2017-06-04,717
2017-06-05,716.5
2017-06-05,717
2017-06-05,716
2017-06-06,715.5
2017-06-06,716
2017-06-06,715
2017-06-07,713.5
2017-06-07,714
2017-06-07,713
2017-06-08,709
2017-06-08,710
2017-06-08,708
2017-06-09,703
2017-06-09,704
2017-06-09,702
2017-06-10,700.5
2017-06-10,701
2017-06-10,700
2017-06-11,699
2017-06-11,700
2017-06-11,698
2017-06-12,694
2017-06-12,695
2017-06-12,693
2017-06-13,691
2017-06-13,690
2017-06-13,692
2017-06-14,688.5
2017-06-14,690
2017-06-14,687
2017-06-15,683
2017-06-15,684
2017-06-15,682
2017-06-16,679
2017-06-16,680
2017-06-16,678
2017-06-17,673
2017-06-17,674
2017-06-17,672
2017-06-18,670
2017-06-18,670
2017-06-18,670
2017-06-19,667
2017-06-19,668
2017-06-19,666
2017-06-20,661.5
2017-06-20,663
2017-06-20,660
2017-06-21,656
2017-06-21,657
2017-06-21,655
2017-06-22,653.5
2017-06-22,654
2017-06-22,653
2017-06-23,652
2017-06-23,652
2017-06-23,652
2017-06-24,651
2017-06-24,652
2017-06-24,650
2017-06-25,651
2017-06-25,650
2017-06-25,652
2017-06-26,650
2017-06-26,650
2017-06-26,650
2017-06-27,650
2017-06-27,650
2017-06-27,650
2017-06-28,647.5
2017-06-28,648
2017-06-28,647
2017-06-29,646
2017-06-29,647
2017-06-29,645
2017-06-30,641
2017-06-30,642
2017-06-30,640
2017-07-01,639.5
2017-07-01,640
2017-07-01,639
2017-07-02,636.5
2017-07-02,637
2017-07-02,636
2017-07-03,632.5
2017-07-03,633
2017-07-03,632
2017-07-04,630.5
2017-07-04,631
2017-07-04,630
2017-07-05,628
2017-07-05,628
2017-07-05,628
2017-07-06,625.5
2017-07-06,626
2017-07-06,625
2017-07-07,622.5
2017-07-07,623
2017-07-07,622
2017-07-08,619
2017-07-08,620
2017-07-08,618
2017-07-09,616
2017-07-09,617
2017-07-09,615
2017-07-10,613.5
2017-07-10,614
2017-07-10,613
2017-07-11,611.5
2017-07-11,612
2017-07-11,611
2017-07-12,610
2017-07-12,610
2017-07-12,610
2017-07-13,609.5
2017-07-13,610
2017-07-13,609
2017-07-14,608.5
2017-07-14,608
2017-07-14,609
2017-07-15,604.5
2017-07-15,605
2017-07-15,604
2017-07-16,601
2017-07-16,601
2017-07-16,601
2017-07-17,599
2017-07-17,600
2017-07-17,598
2017-07-18,593
2017-07-18,594
2017-07-18,592
2017-07-19,588
2017-07-19,590
2017-07-19,586
2017-07-20,585.5
2017-07-20,586
2017-07-20,585
2017-07-21,584.5
2017-07-21,585
2017-07-21,584
2017-07-22,584
2017-07-22,584
2017-07-22,584
2017-07-23,583.5
2017-07-23,584
2017-07-23,583
2017-07-24,582
2017-07-24,582
2017-07-24,582
2017-07-25,582
2017-07-25,582
2017-07-25,582
2017-07-26,581
2017-07-26,580
2017-07-26,582
2017-07-27,581
2017-07-27,582
2017-07-27,580
2017-07-28,577
2017-07-28,578
2017-07-28,576
2017-07-29,574.5
2017-07-29,575
2017-07-29,574
2017-07-30,571
2017-07-30,572
2017-07-30,570
2017-07-31,567
2017-07-31,568
2017-07-31,566
2017-08-01,562
2017-08-01,564
2017-08-01,560
2017-08-02,556
2017-08-02,558
2017-08-02,554
2017-08-03,553
2017-08-03,554
2017-08-03,552
2017-08-04,550
2017-08-04,550
2017-08-04,550
2017-08-05,547.5
2017-08-05,548
2017-08-05,547
2017-08-06,544.5
2017-08-06,545
2017-08-06,544
2017-08-07,540
2017-08-07,542
2017-08-07,538
2017-08-08,535
2017-08-08,536
2017-08-08,534
2017-08-09,530
2017-08-09,530
2017-08-09,530
2017-08-10,526.5
2017-08-10,528
2017-08-10,525
2017-08-11,519
2017-08-11,520
2017-08-11,518
2017-08-12,515
2017-08-12,515
2017-08-12,515
2017-08-13,514.5
2017-08-13,515
2017-08-13,514
2017-08-14,511
2017-08-14,512
2017-08-14,510
2017-08-15,509
2017-08-15,510
2017-08-15,508
2017-08-16,507
2017-08-16,508
2017-08-16,506
2017-08-17,502
2017-08-17,502
2017-08-17,502
2017-08-18,497.5
2017-08-18,498
2017-08-18,497
2017-08-19,492.5
2017-08-19,494
2017-08-19,491
2017-08-20,487.5
2017-08-20,488
2017-08-20,487
2017-08-21,483.5
2017-08-21,485
2017-08-21,482
2017-08-22,477
2017-08-22,477
2017-08-22,477
2017-08-23,474.5
2017-08-23,476
2017-08-23,473
2017-08-24,466.5
2017-08-24,468
2017-08-24,465
2017-08-25,461
2017-08-25,462
2017-08-25,460
2017-08-26,455
2017-08-26,457
2017-08-26,453
2017-08-27,450.5
2017-08-27,451
2017-08-27,450
2017-08-28,451.5
2017-08-28,450
2017-08-28,453
2017-08-29,444
2017-08-29,445
2017-08-29,443
2017-08-30,429
2017-08-30,430
2017-08-30,428
2017-08-31,420.5
2017-08-31,421
2017-08-31,420
2017-09-01,410.5
2017-09-01,411
2017-09-01,410
2017-09-02,401
2017-09-02,402
2017-09-02,400
2017-09-03,396.5
2017-09-03,398
2017-09-03,395
2017-09-04,389
2017-09-04,390
2017-09-04,388
2017-09-05,377
2017-09-05,380
2017-09-05,374
2017-09-06,367
2017-09-06,370
2017-09-06,364
2017-09-07,361
2017-09-07,362
2017-09-07,360
2017-09-08,356.5
2017-09-08,358
2017-09-08,355
2017-09-09,347.5
2017-09-09,350
2017-09-09,345
2017-09-10,338
2017-09-10,340
2017-09-10,336
2017-09-11,328.5
2017-09-11,330
2017-09-11,327
2017-09-12,326
2017-09-12,327
2017-09-12,325
2017-09-13,314.5
2017-09-13,317
2017-09-13,312
2017-09-14,306
2017-09-14,307
2017-09-14,305
2017-09-15,296.5
2017-09-15,298
2017-09-15,295
2017-09-16,279
2017-09-16,280
2017-09-16,278
2017-09-17,272
2017-09-17,274
2017-09-17,270
2017-09-18,263
2017-09-18,266
2017-09-18,260
2017-09-19,256
2017-09-19,258
2017-09-19,254
2017-09-20,250
2017-09-20,250
2017-09-20,250
2017-09-21,246.5
2017-09-21,248
2017-09-21,245
2017-09-22,241.5
2017-09-22,243
2017-09-22,240
2017-09-23,236.5
2017-09-23,238
2017-09-23,235
2017-09-24,234
2017-09-24,235
2017-09-24,233
2017-09-25,227.5
2017-09-25,230
2017-09-25,225
2017-09-26,220
2017-09-26,220
2017-09-26,220
2017-09-27,212.5
2017-09-27,215
2017-09-27,210
2017-09-28,202
2017-09-28,204
2017-09-28,200
2017-09-29,194
2017-09-29,195
2017-09-29,193
2017-09-30,189
2017-09-30,190
2017-09-30,188
2017-10-01,182.5
2017-10-01,185
2017-10-01,180
2017-10-02,177
2017-10-02,178
2017-10-02,176
2017-10-03,174
2017-10-03,174
2017-10-03,174
2017-10-04,174
2017-10-04,174
2017-10-04,174
2017-10-05,173
2017-10-05,174
2017-10-05,172
2017-10-06,171
2017-10-06,172
2017-10-06,170
2017-10-07,167
2017-10-07,168
2017-10-07,166
2017-10-08,164
2017-10-08,165
2017-10-08,163
2017-10-09,159
2017-10-09,160
2017-10-09,158
2017-10-10,157.5
2017-10-10,158
2017-10-10,157
2017-10-11,161
2017-10-11,160
2017-10-11,162
2017-10-12,163
2017-10-12,163
2017-10-12,163
2017-10-13,170
2017-10-13,168
2017-10-13,172
2017-10-14,174.5
2017-10-14,174
2017-10-14,175
2017-10-15,176
2017-10-15,176
2017-10-15,176
2017-10-16,180
2017-10-16,178
2017-10-16,182
2017-10-17,181
2017-10-17,180
2017-10-17,182
2017-10-18,183.5
2017-10-18,184
2017-10-18,183
2017-10-19,190
2017-10-19,188
2017-10-19,192
2017-10-20,190
2017-10-20,190
2017-10-20,190
2017-10-21,192
2017-10-21,192
2017-10-21,192
2017-10-22,190.5
2017-10-22,191
2017-10-22,190
2017-10-23,191
2017-10-23,190
2017-10-23,192
2017-10-24,186
2017-10-24,188
2017-10-24,184
2017-10-25,180
2017-10-25,180
2017-10-25,180
2017-10-26,177.5
2017-10-26,178
2017-10-26,177
2017-10-27,174
2017-10-27,175
2017-10-27,173
2017-10-28,172
2017-10-28,172
2017-10-28,172
2017-10-29,170
2017-10-29,170
2017-10-29,170
2017-10-30,173
2017-10-30,172
2017-10-30,174
2017-10-31,178
2017-10-31,178
2017-10-31,178
2017-11-01,178
2017-11-01,178
2017-11-01,178
2017-11-02,181
2017-11-02,180
2017-11-02,182
2017-11-03,185
2017-11-03,184
2017-11-03,186
2017-11-04,187
2017-11-04,187
2017-11-04,187
2017-11-05,191.5
2017-11-05,191
2017-11-05,192
2017-11-06,194.5
2017-11-06,194
2017-11-06,195
2017-11-07,197
2017-11-07,196
2017-11-07,198
2017-11-08,197.5
2017-11-08,198
2017-11-08,197
2017-11-09,197
2017-11-09,196
2017-11-09,198
2017-11-10,197.5
2017-11-10,198
2017-11-10,197
2017-11-11,200.5
2017-11-11,199
2017-11-11,202
2017-11-12,204.5
2017-11-12,204
2017-11-12,205
2017-11-13,203.5
2017-11-13,203
2017-11-13,204
2017-11-14,205
2017-11-14,204
2017-11-14,206
2017-11-15,206
2017-11-15,205
2017-11-15,207
2017-11-16,210
2017-11-16,208
2017-11-16,212
2017-11-17,220
2017-11-17,218
2017-11-17,222
2017-11-18,225
2017-11-18,224
2017-11-18,226
2017-11-19,230
2017-11-19,228
2017-11-19,232
2017-11-20,239
2017-11-20,238
2017-11-20,240
2017-11-21,244.5
2017-11-21,243
2017-11-21,246
2017-11-22,254
2017-11-22,252
2017-11-22,256
2017-11-23,265
2017-11-23,262
2017-11-23,268
2017-11-24,273.5
2017-11-24,271
2017-11-24,276
2017-11-25,282.5
2017-11-25,281
2017-11-25,284
2017-11-26,289.5
2017-11-26,288
2017-11-26,291
2017-11-27,293
2017-11-27,292
2017-11-27,294
2017-11-28,294.5
2017-11-28,293
2017-11-28,296
2017-11-29,301
2017-11-29,302
2017-11-29,300
2017-11-30,298
2017-11-30,298
2017-11-30,298
2017-12-01,300.5
2017-12-01,300
2017-12-01,301
2017-12-02,303.5
2017-12-02,303
2017-12-02,304
2017-12-03,307
2017-12-03,306
2017-12-03,308
2017-12-04,309
2017-12-04,308
2017-12-04,310
2017-12-05,311.5
2017-12-05,311
2017-12-05,312
2017-12-06,314
2017-12-06,314
2017-12-06,314
2017-12-07,316
2017-12-07,316
2017-12-07,316
2017-12-08,317.5
2017-12-08,317
2017-12-08,318
2017-12-09,320
2017-12-09,320
2017-12-09,320
2017-12-10,322
2017-12-10,322
2017-12-10,322
2017-12-11,327
2017-12-11,324
2017-12-11,330
2017-12-12,333
2017-12-12,332
2017-12-12,334
2017-12-13,341
2017-12-13,340
2017-12-13,342
2017-12-14,348
2017-12-14,346
2017-12-14,350
2017-12-15,356.5
2017-12-15,355
2017-12-15,358
2017-12-16,365
2017-12-16,362
2017-12-16,368
2017-12-17,376
2017-12-17,372
2017-12-17,380
2017-12-18,394
2017-12-18,390
2017-12-18,398
2017-12-19,411
2017-12-19,410
2017-12-19,412
2017-12-20,416.5
2017-12-20,415
2017-12-20,418
2017-12-21,421
2017-12-21,421
2017-12-21,421
2017-12-22,424
2017-12-22,423
2017-12-22,425
2017-12-23,425.5
2017-12-23,428
2017-12-23,423
2017-12-24,432
2017-12-24,432
2017-12-24,432
2017-12-25,436.5
2017-12-25,435
2017-12-25,438
2017-12-26,442.5
2017-12-26,441
2017-12-26,444
2017-12-27,449
2017-12-27,448
2017-12-27,450
2017-12-28,456.5
2017-12-28,455
2017-12-28,458
2017-12-29,461.5
2017-12-29,460
2017-12-29,463
2017-12-30,470
2017-12-30,468
2017-12-30,472
2017-12-31,484
2017-12-31,478
2017-12-31,490
2018-01-01,481
2018-01-01,480
2018-01-01,482
2018-01-02,487
2018-01-02,486
2018-01-02,488
2018-01-03,491
2018-01-03,490
2018-01-03,492
2018-01-04,490
2018-01-04,490
2018-01-04,490
2018-01-05,487
2018-01-05,488
2018-01-05,486
2018-01-06,483
2018-01-06,484
2018-01-06,482
2018-01-07,484
2018-01-07,480
2018-01-07,488
2018-01-08,479
2018-01-08,478
2018-01-08,480
2018-01-09,479
2018-01-09,480
2018-01-09,478
2018-01-10,481
2018-01-10,480
2018-01-10,482
2018-01-11,486.5
2018-01-11,486
2018-01-11,487
2018-01-12,491
2018-01-12,490
2018-01-12,492
2018-01-13,495
2018-01-13,495
2018-01-13,495
2018-01-14,499
2018-01-14,498
2018-01-14,500
2018-01-15,503
2018-01-15,502
2018-01-15,504
2018-01-16,512.5
2018-01-16,510
2018-01-16,515
2018-01-17,521.5
2018-01-17,520
2018-01-17,523
2018-01-18,527
2018-01-18,526
2018-01-18,528
2018-01-19,533
2018-01-19,532
2018-01-19,534
2018-01-20,537
2018-01-20,536
2018-01-20,538
2018-01-21,540.5
2018-01-21,540
2018-01-21,541
2018-01-22,544.5
2018-01-22,543
2018-01-22,546
2018-01-23,546.5
2018-01-23,546
2018-01-23,547
2018-01-24,547.5
2018-01-24,548
2018-01-24,547
2018-01-25,546
2018-01-25,546
2018-01-25,546
2018-01-26,548
2018-01-26,548
2018-01-26,548
2018-01-27,547.5
2018-01-27,548
2018-01-27,547
2018-01-28,546
2018-01-28,546
2018-01-28,546
2018-01-29,544.5
2018-01-29,545
2018-01-29,544
2018-01-30,542
2018-01-30,542
2018-01-30,542
2018-01-31,543
2018-01-31,544
2018-01-31,542
2018-02-01,550.5
2018-02-01,549
2018-02-01,552
2018-02-02,577.5
2018-02-02,556
2018-02-02,599
2018-02-03,563
2018-02-03,562
2018-02-03,564
2018-02-04,572
2018-02-04,568
2018-02-04,576
2018-02-05,588
2018-02-05,584
2018-02-05,592
2018-02-06,601
2018-02-06,598
2018-02-06,604
2018-02-07,612
2018-02-07,612
2018-02-07,612
2018-02-08,624
2018-02-08,622
2018-02-08,626
2018-02-09,634.5
2018-02-09,631
2018-02-09,638
2018-02-10,645
2018-02-10,642
2018-02-10,648
2018-02-11,659
2018-02-11,656
2018-02-11,662
2018-02-12,673
2018-02-12,670
2018-02-12,676
2018-02-13,690.5
2018-02-13,684
2018-02-13,697
2018-02-14,710
2018-02-14,708
2018-02-14,712
2018-02-15,722
2018-02-15,718
2018-02-15,726
2018-02-16,732
2018-02-16,730
2018-02-16,734
2018-02-17,745
2018-02-17,742
2018-02-17,748
2018-02-18,760
2018-02-18,756
2018-02-18,764
2018-02-19,775
2018-02-19,772
2018-02-19,778
2018-02-20,789
2018-02-20,786
2018-02-20,792
2018-02-21,806
2018-02-21,802
2018-02-21,810
2018-02-22,823
2018-02-22,820
2018-02-22,826
2018-02-23,834
2018-02-23,832
2018-02-23,836
2018-02-24,843
2018-02-24,842
2018-02-24,844
2018-02-25,845.5
2018-02-25,845
2018-02-25,846
2018-02-26,849
2018-02-26,848
2018-02-26,850
2018-02-27,849
2018-02-27,850
2018-02-27,848
2018-02-28,843
2018-02-28,844
2018-02-28,842
2018-03-01,840
2018-03-01,840
2018-03-01,840
2018-03-02,837.5
2018-03-02,838
2018-03-02,837
2018-03-03,836
2018-03-03,836
2018-03-03,836
2018-03-04,833.5
2018-03-04,834
2018-03-04,833
2018-03-05,834
2018-03-05,834
2018-03-05,834
2018-03-06,831.5
2018-03-06,832
2018-03-06,831
2018-03-07,829
2018-03-07,830
2018-03-07,828
2018-03-08,825
2018-03-08,826
2018-03-08,824
2018-03-09,823
2018-03-09,824
2018-03-09,822
2018-03-10,821.5
2018-03-10,822
2018-03-10,821
2018-03-11,819.5
2018-03-11,820
2018-03-11,819
2018-03-12,816.5
2018-03-12,818
2018-03-12,815
2018-03-13,806.5
2018-03-13,810
2018-03-13,803
2018-03-14,785
2018-03-14,788
2018-03-14,782
2018-03-15,778
2018-03-15,780
2018-03-15,776
2018-03-16,777
2018-03-16,778
2018-03-16,776
2018-03-17,771.5
2018-03-17,773
2018-03-17,770
2018-03-18,765.5
2018-03-18,767
2018-03-18,764
2018-03-19,761
2018-03-19,762
2018-03-19,760
2018-03-20,755
2018-03-20,758
2018-03-20,752
2018-03-21,748.5
2018-03-21,750
2018-03-21,747
2018-03-22,746.5
2018-03-22,745
2018-03-22,748
2018-03-23,752
2018-03-23,750
2018-03-23,754
2018-03-24,761
2018-03-24,758
2018-03-24,764
2018-03-25,770
2018-03-25,768
2018-03-25,772
2018-03-26,781
2018-03-26,778
2018-03-26,784
2018-03-27,790
2018-03-27,788
2018-03-27,792
2018-03-28,797
2018-03-28,796
2018-03-28,798
2018-03-29,799
2018-03-29,798
2018-03-29,800
2018-03-30,805
2018-03-30,804
2018-03-30,806
2018-03-31,808
2018-03-31,808
2018-03-31,808
2018-04-01,811
2018-04-01,810
2018-04-01,812
2018-04-02,815.5
2018-04-02,814
2018-04-02,817
2018-04-03,824
2018-04-03,822
2018-04-03,826
2018-04-04,833
2018-04-04,832
2018-04-04,834
2018-04-05,839
2018-04-05,838
2018-04-05,840
2018-04-06,845
2018-04-06,844
2018-04-06,846
2018-04-07,850
2018-04-07,848
2018-04-07,852
2018-04-08,855
2018-04-08,854
2018-04-08,856
2018-04-09,858
2018-04-09,858
2018-04-09,858
2018-04-10,860
2018-04-10,858
2018-04-10,862
2018-04-11,873
2018-04-11,870
2018-04-11,876
2018-04-12,884
2018-04-12,882
2018-04-12,886
2018-04-13,890
2018-04-13,888
2018-04-13,892
2018-04-14,895
2018-04-14,894
2018-04-14,896
2018-04-15,891
2018-04-15,892
2018-04-15,890
2018-04-16,886
2018-04-16,886
2018-04-16,886
2018-04-17,885
2018-04-17,886
2018-04-17,884
2018-04-18,881
2018-04-18,882
2018-04-18,880
2018-04-19,880.5
2018-04-19,880
2018-04-19,881
2018-04-20,887
2018-04-20,885
2018-04-20,889
2018-04-21,890.5
2018-04-21,889
2018-04-21,892
2018-04-22,896.5
2018-04-22,895
2018-04-22,898
2018-04-23,891
2018-04-23,892
2018-04-23,890
2018-04-24,883.5
2018-04-24,882
2018-04-24,885
2018-04-25,869
2018-04-25,870
2018-04-25,868
2018-04-26,857.5
2018-04-26,860
2018-04-26,855
2018-04-27,850
2018-04-27,850
2018-04-27,850
2018-04-28,840
2018-04-28,840
2018-04-28,840
2018-04-29,833
2018-04-29,836
2018-04-29,830
2018-04-30,820
2018-04-30,820
2018-04-30,820
2018-05-01,806
2018-05-01,810
2018-05-01,802
2018-05-02,795
2018-05-02,798
2018-05-02,792
2018-05-03,787
2018-05-03,788
2018-05-03,786
2018-05-04,779
2018-05-04,780
2018-05-04,778
2018-05-05,773
2018-05-05,776
2018-05-05,770
2018-05-06,762
2018-05-06,764
2018-05-06,760
2018-05-07,758
2018-05-07,760
2018-05-07,756
2018-05-08,752
2018-05-08,754
2018-05-08,750
2018-05-09,745
2018-05-09,746
2018-05-09,744
2018-05-10,739
2018-05-10,740
2018-05-10,738
2018-05-11,736
2018-05-11,736
2018-05-11,736
2018-05-12,734
2018-05-12,734
2018-05-12,734
2018-05-13,736
2018-05-13,738
2018-05-13,734
2018-05-14,732
2018-05-14,734
2018-05-14,730
2018-05-15,727
2018-05-15,728
2018-05-15,726
2018-05-16,723.5
2018-05-16,724
2018-05-16,723
2018-05-17,720
2018-05-17,720
2018-05-17,720
2018-05-18,718
2018-05-18,718
2018-05-18,718
2018-05-19,717
2018-05-19,717
2018-05-19,717
2018-05-20,716
2018-05-20,716
2018-05-20,716
2018-05-21,717
2018-05-21,716
2018-05-21,718
2018-05-22,719.5
2018-05-22,719
2018-05-22,720
2018-05-23,722
2018-05-23,722
2018-05-23,722
2018-05-24,721.5
2018-05-24,721
2018-05-24,722
2018-05-25,720.5
2018-05-25,721
2018-05-25,720
2018-05-26,720
2018-05-26,720
2018-05-26,720
2018-05-27,719.5
2018-05-27,719
2018-05-27,720
2018-05-28,717
2018-05-28,718
2018-05-28,716
2018-05-29,713.5
2018-05-29,714
2018-05-29,713
2018-05-30,709
2018-05-30,710
2018-05-30,708
2018-05-31,705.5
2018-05-31,706
2018-05-31,705
2018-06-01,701
2018-06-01,702
2018-06-01,700
2018-06-02,697.5
2018-06-02,698
2018-06-02,697
2018-06-03,692.5
2018-06-03,694
2018-06-03,691
2018-06-04,687.5
2018-06-04,688
2018-06-04,687
2018-06-05,685
2018-06-05,686
2018-06-05,684
2018-06-06,679
2018-06-06,680
2018-06-06,678
2018-06-07,674.5
2018-06-07,675
2018-06-07,674
2018-06-08,669
2018-06-08,670
2018-06-08,668
2018-06-09,666.5
2018-06-09,665
2018-06-09,668
2018-06-10,669
2018-06-10,668
2018-06-10,670
2018-06-11,669
2018-06-11,670
2018-06-11,668
2018-06-12,665.5
2018-06-12,667
2018-06-12,664
2018-06-13,664
2018-06-13,664
2018-06-13,664
2018-06-14,661
2018-06-14,662
2018-06-14,660
2018-06-15,659
2018-06-15,658
2018-06-15,660
2018-06-16,662.5
2018-06-16,662
2018-06-16,663
2018-06-17,660.5
2018-06-17,661
2018-06-17,660
2018-06-18,661
2018-06-18,660
2018-06-18,662
2018-06-19,664
2018-06-19,664
2018-06-19,664
2018-06-20,664.5
2018-06-20,665
2018-06-20,664
2018-06-21,661
2018-06-21,662
2018-06-21,660
2018-06-22,660
2018-06-22,660
2018-06-22,660
2018-06-23,657
2018-06-23,658
2018-06-23,656
2018-06-24,653
2018-06-24,654
2018-06-24,652
2018-06-25,649
2018-06-25,650
2018-06-25,648
2018-06-26,646.5
2018-06-26,647
2018-06-26,646
2018-06-27,642
2018-06-27,643
2018-06-27,641
2018-06-28,639
2018-06-28,640
2018-06-28,638
2018-06-29,637.5
2018-06-29,638
2018-06-29,637
2018-06-30,635.5
2018-06-30,636
2018-06-30,635
2018-07-01,633.5
2018-07-01,634
2018-07-01,633
2018-07-02,630.5
2018-07-02,631
2018-07-02,630
2018-07-03,629
2018-07-03,630
2018-07-03,628
2018-07-04,629
2018-07-04,628
2018-07-04,630
2018-07-05,629
2018-07-05,630
2018-07-05,628
2018-07-06,623.5
2018-07-06,625
2018-07-06,622
2018-07-07,621
2018-07-07,622
2018-07-07,620
2018-07-08,615.5
2018-07-08,617
2018-07-08,614
2018-07-09,610
2018-07-09,610
2018-07-09,610
2018-07-10,612.5
2018-07-10,613
2018-07-10,612
2018-07-11,613
2018-07-11,613
2018-07-11,613
2018-07-12,612
2018-07-12,612
2018-07-12,612
2018-07-13,611.5
2018-07-13,611
2018-07-13,612
2018-07-14,614
2018-07-14,614
2018-07-14,614
2018-07-15,613
2018-07-15,613
2018-07-15,613
2018-07-16,612
2018-07-16,612
2018-07-16,612
2018-07-17,613
2018-07-17,612
2018-07-17,614
2018-07-18,614
2018-07-18,614
2018-07-18,614
2018-07-19,611.5
2018-07-19,612
2018-07-19,611
2018-07-20,609.5
2018-07-20,610
2018-07-20,609
2018-07-21,605.5
2018-07-21,606
2018-07-21,605
2018-07-22,602
2018-07-22,602
2018-07-22,602
2018-07-23,598.5
2018-07-23,600
2018-07-23,597
2018-07-24,593
2018-07-24,594
2018-07-24,592
2018-07-25,590
2018-07-25,590
2018-07-25,590
2018-07-26,586
2018-07-26,587
2018-07-26,585
2018-07-27,587
2018-07-27,586
2018-07-27,588
2018-07-28,586
2018-07-28,585
2018-07-28,587
2018-07-29,584.5
2018-07-29,584
2018-07-29,585
2018-07-30,583
2018-07-30,582
2018-07-30,584
2018-07-31,581
2018-07-31,580
2018-07-31,582
2018-08-01,577
2018-08-01,578
2018-08-01,576
2018-08-02,574
2018-08-02,574
2018-08-02,574
2018-08-03,571
2018-08-03,572
2018-08-03,570
2018-08-04,567.5
2018-08-04,568
2018-08-04,567
2018-08-05,567
2018-08-05,567
2018-08-05,567
2018-08-06,564.5
2018-08-06,565
2018-08-06,564
2018-08-07,561.5
2018-08-07,560
2018-08-07,563
2018-08-08,563
2018-08-08,562
2018-08-08,564
2018-08-09,563
2018-08-09,564
2018-08-09,562
2018-08-10,560
2018-08-10,560
2018-08-10,560
2018-08-15,542
2018-08-15,541
2018-08-15,543
2018-08-16,538.5
2018-08-16,539
2018-08-16,538
2018-08-17,536
2018-08-17,537
2018-08-17,535
2018-08-18,532
2018-08-18,532
2018-08-18,532
2018-08-19,530
2018-08-19,530
2018-08-19,530
2018-08-20,529.5
2018-08-20,529
2018-08-20,530
2018-08-21,527.5
2018-08-21,528
2018-08-21,527
2018-08-22,521
2018-08-22,524
2018-08-22,518
2018-08-23,511
2018-08-23,512
2018-08-23,510
2018-08-24,509
2018-08-24,508
2018-08-24,510
2018-08-25,506
2018-08-25,504
2018-08-25,508
2018-08-26,502
2018-08-26,502
2018-08-26,502
2018-08-27,502
2018-08-27,500
2018-08-27,504
2018-08-28,501
2018-08-28,500
2018-08-28,502
2018-08-29,498
2018-08-29,498
2018-08-29,498
2018-08-30,495
2018-08-30,494
2018-08-30,496
2018-08-31,492.5
2018-08-31,492
2018-08-31,493
2018-09-01,487
2018-09-01,488
2018-09-01,486
2018-09-02,483
2018-09-02,484
2018-09-02,482
2018-09-03,471
2018-09-03,472
2018-09-03,470
2018-09-04,465
2018-09-04,466
2018-09-04,464
2018-09-05,458.5
2018-09-05,460
2018-09-05,457
2018-09-06,454
2018-09-06,455
2018-09-06,453
2018-09-07,450
2018-09-07,450
2018-09-07,450
2018-09-08,447.5
2018-09-08,448
2018-09-08,447
2018-09-09,444.5
2018-09-09,446
2018-09-09,443
2018-09-10,440.5
2018-09-10,441
2018-09-10,440
2018-09-11,437
2018-09-11,438
2018-09-11,436
2018-09-12,435
2018-09-12,436
2018-09-12,434
2018-09-13,432.5
2018-09-13,432
2018-09-13,433
2018-09-14,430.5
2018-09-14,430
2018-09-14,431
2018-09-15,425.5
2018-09-15,427
2018-09-15,424
2018-09-16,421
2018-09-16,422
2018-09-16,420
2018-09-17,416
2018-09-17,417
2018-09-17,415
2018-09-18,412
2018-09-18,413
2018-09-18,411
2018-09-19,407
2018-09-19,408
2018-09-19,406
2018-09-20,404.5
2018-09-20,404
2018-09-20,405
2018-09-21,398
2018-09-21,400
2018-09-21,396
2018-09-22,388
2018-09-22,390
2018-09-22,386
2018-09-23,381.5
2018-09-23,383
2018-09-23,380
2018-09-24,380
2018-09-24,378
2018-09-24,382
2018-09-25,373
2018-09-25,370
2018-09-25,376
2018-09-26,371
2018-09-26,370
2018-09-26,372
2018-09-27,364.5
2018-09-27,366
2018-09-27,363
2018-09-28,359
2018-09-28,360
2018-09-28,358
2018-09-29,355
2018-09-29,356
2018-09-29,354
2018-09-30,351
2018-09-30,350
2018-09-30,352
2018-10-01,353
2018-10-01,354
2018-10-01,352
2018-10-02,345
2018-10-02,346
2018-10-02,344
2018-10-03,339
2018-10-03,340
2018-10-03,338
2018-10-04,332
2018-10-04,334
2018-10-04,330
2018-10-05,321
2018-10-05,322
2018-10-05,320
2018-10-06,316
2018-10-06,318
2018-10-06,314
2018-10-07,311
2018-10-07,312
2018-10-07,310
2018-10-08,307
2018-10-08,308
2018-10-08,306
2018-10-09,301
2018-10-09,302
2018-10-09,300
2018-10-10,297
2018-10-10,298
2018-10-10,296
2018-10-11,294.5
2018-10-11,295
2018-10-11,294
2018-10-12,292.5
2018-10-12,292
2018-10-12,293
2018-10-13,289
2018-10-13,288
2018-10-13,290
2018-10-14,284
2018-10-14,286
2018-10-14,282
2018-10-15,272
2018-10-15,276
2018-10-15,268
2018-10-16,259
2018-10-16,260
2018-10-16,258
2018-10-17,250
2018-10-17,252
2018-10-17,248
2018-10-18,242
2018-10-18,244
2018-10-18,240
2018-10-19,236
2018-10-19,238
2018-10-19,234
2018-10-20,232
2018-10-20,232
2018-10-20,232
2018-10-21,231
2018-10-21,230
2018-10-21,232
2018-10-22,230
2018-10-22,228
2018-10-22,232
2018-10-23,225
2018-10-23,226
2018-10-23,224
2018-10-24,221
2018-10-24,220
2018-10-24,222
2018-10-25,227
2018-10-25,226
2018-10-25,228
2018-10-26,227
2018-10-26,224
2018-10-26,230
2018-10-27,222.5
2018-10-27,223
2018-10-27,222
2018-10-28,221.5
2018-10-28,221
2018-10-28,222
2018-10-29,220.5
2018-10-29,220
2018-10-29,221
2018-10-30,220
2018-10-30,220
2018-10-30,220
2018-10-31,219
2018-10-31,218
2018-10-31,220
2018-11-01,222.5
2018-11-01,222
2018-11-01,223
2018-11-02,222
2018-11-02,222
2018-11-02,222
2018-11-03,224
2018-11-03,224
2018-11-03,224
2018-11-04,227
2018-11-04,226
2018-11-04,228
2018-11-05,228.5
2018-11-05,228
2018-11-05,229
2018-11-06,231.5
2018-11-06,230
2018-11-06,233
2018-11-07,232
2018-11-07,232
2018-11-07,232
2018-11-08,234.5
2018-11-08,234
2018-11-08,235
2018-11-09,241
2018-11-09,240
2018-11-09,242
2018-11-10,244.5
2018-11-10,244
2018-11-10,245
2018-11-11,247
2018-11-11,247
2018-11-11,247
2018-11-12,242
2018-11-12,242
2018-11-12,242
2018-11-13,244
2018-11-13,244
2018-11-13,244
2018-11-14,242
2018-11-14,242
2018-11-14,242
2018-11-15,240
2018-11-15,240
2018-11-15,240
2018-11-16,243
2018-11-16,242
2018-11-16,244
2018-11-17,244.5
2018-11-17,244
2018-11-17,245
2018-11-18,248
2018-11-18,248
2018-11-18,248
2018-11-19,248
2018-11-19,248
2018-11-19,248
2018-11-20,252
2018-11-20,250
2018-11-20,254
2018-11-21,260
2018-11-21,258
2018-11-21,262
2018-11-22,266
2018-11-22,264
2018-11-22,268
2018-11-23,275
2018-11-23,272
2018-11-23,278
2018-11-24,284
2018-11-24,282
2018-11-24,286
2018-11-25,289
2018-11-25,288
2018-11-25,290
2018-11-26,295
2018-11-26,292
2018-11-26,298
2018-11-27,310
2018-11-27,308
2018-11-27,312
2018-11-28,316
2018-11-28,316
2018-11-28,316
2018-11-29,321
2018-11-29,320
2018-11-29,322
2018-11-30,331
2018-11-30,328
2018-11-30,334
2018-12-01,342
2018-12-01,340
2018-12-01,344
2018-12-02,360
2018-12-02,352
2018-12-02,368
2018-12-03,380
2018-12-03,376
2018-12-03,384
2018-12-04,398
2018-12-04,394
2018-12-04,402
2018-12-05,418
2018-12-05,412
2018-12-05,424
2018-12-06,437
2018-12-06,432
2018-12-06,442
2018-12-07,454
2018-12-07,450
2018-12-07,458
2018-12-08,468
2018-12-08,464
2018-12-08,472
2018-12-09,477.5
2018-12-09,476
2018-12-09,479
2018-12-10,486
2018-12-10,484
2018-12-10,488
2018-12-11,508
2018-12-11,506
2018-12-11,510
2018-12-12,515
2018-12-12,514
2018-12-12,516
2018-12-13,522
2018-12-13,520
2018-12-13,524
2018-12-14,530
2018-12-14,528
2018-12-14,532
2018-12-15,536
2018-12-15,534
2018-12-15,538
2018-12-16,540
2018-12-16,540
2018-12-16,540
2018-12-17,543
2018-12-17,542
2018-12-17,544
2018-12-18,546
2018-12-18,546
2018-12-18,546
2018-12-19,544
2018-12-19,544
2018-12-19,544
2018-12-20,541
2018-12-20,542
2018-12-20,540
2018-12-21,535.5
2018-12-21,538
2018-12-21,533
2018-12-22,529
2018-12-22,530
2018-12-22,528
2018-12-23,523.5
2018-12-23,525
2018-12-23,522
2018-12-24,519
2018-12-24,520
2018-12-24,518
2018-12-25,518
2018-12-25,518
2018-12-25,518
2018-12-26,515
2018-12-26,516
2018-12-26,514
2018-12-27,511.5
2018-12-27,512
2018-12-27,511
2018-12-28,510
2018-12-28,510
2018-12-28,510
2018-12-29,508
2018-12-29,508
2018-12-29,508
2018-12-30,506
2018-12-30,506
2018-12-30,506
2018-12-31,501
2018-12-31,502
2018-12-31,500
2019-01-01,503
2019-01-01,502
2019-01-01,504
2019-01-02,509
2019-01-02,508
2019-01-02,510
2019-01-03,515
2019-01-03,514
2019-01-03,516
2019-01-04,518
2019-01-04,518
2019-01-04,518
2019-01-05,521
2019-01-05,520
2019-01-05,522
2019-01-06,527
2019-01-06,526
2019-01-06,528
2019-01-07,532
2019-01-07,530
2019-01-07,534
2019-01-08,541
2019-01-08,540
2019-01-08,542
2019-01-09,542.5
2019-01-09,542
2019-01-09,543
2019-01-10,550
2019-01-10,548
2019-01-10,552
2019-01-11,563
2019-01-11,560
2019-01-11,566
2019-01-12,574
2019-01-12,572
2019-01-12,576
2019-01-13,582
2019-01-13,580
2019-01-13,584
2019-01-14,590
2019-01-14,588
2019-01-14,592
2019-01-15,598
2019-01-15,596
2019-01-15,600
2019-01-16,607
2019-01-16,606
2019-01-16,608
2019-01-17,615
2019-01-17,612
2019-01-17,618
2019-01-18,626
2019-01-18,624
2019-01-18,628
2019-01-19,630
2019-01-19,630
2019-01-19,630
2019-01-21,625
2019-01-21,625
2019-01-21,625
2019-01-22,631
2019-01-22,630
2019-01-22,632
2019-01-23,633
2019-01-23,632
2019-01-23,634
2019-01-24,634
2019-01-24,634
2019-01-24,634
2019-01-25,635
2019-01-25,635
2019-01-25,635
2019-01-26,632.5
2019-01-26,633
2019-01-26,632
2019-01-27,626.5
2019-01-27,628
2019-01-27,625
2019-01-28,619.5
2019-01-28,620
2019-01-28,619
2019-01-29,617
2019-01-29,618
2019-01-29,616
2019-01-30,614
2019-01-30,614
2019-01-30,614
2019-01-31,612
2019-01-31,612
2019-01-31,612
2019-02-01,615
2019-02-01,614
2019-02-01,616
2019-02-02,617.5
2019-02-02,618
2019-02-02,617
2019-02-03,620.5
2019-02-03,620
2019-02-03,621
2019-02-04,623.5
2019-02-04,623
2019-02-04,624
2019-02-05,629.5
2019-02-05,627
2019-02-05,632
2019-02-06,638
2019-02-06,636
2019-02-06,640
2019-02-07,645
2019-02-07,644
2019-02-07,646
2019-02-08,652
2019-02-08,650
2019-02-08,654
2019-02-09,656.5
2019-02-09,656
2019-02-09,657
2019-02-10,661
2019-02-10,660
2019-02-10,662
2019-02-11,667
2019-02-11,666
2019-02-11,668
2019-02-12,671
2019-02-12,670
2019-02-12,672
2019-02-13,671
2019-02-13,672
2019-02-13,670
2019-02-14,667.5
2019-02-14,668
2019-02-14,667
2019-02-15,668
2019-02-15,668
2019-02-15,668
2019-02-16,669
2019-02-16,668
2019-02-16,670
2019-02-17,672
2019-02-17,672
2019-02-17,672
2019-02-18,677
2019-02-18,674
2019-02-18,680
2019-02-19,684
2019-02-19,682
2019-02-19,686
2019-02-20,689
2019-02-20,688
2019-02-20,690
2019-02-21,693
2019-02-21,692
2019-02-21,694
2019-02-22,698
2019-02-22,696
2019-02-22,700
2019-02-23,708
2019-02-23,706
2019-02-23,710
2019-02-24,718
2019-02-24,714
2019-02-24,722
2019-02-25,734
2019-02-25,732
2019-02-25,736
2019-02-26,741
2019-02-26,740
2019-02-26,742
2019-02-27,748
2019-02-27,746
2019-02-27,750
2019-02-28,759
2019-02-28,756
2019-02-28,762
2019-03-01,765
2019-03-01,764
2019-03-01,766
2019-03-02,776
2019-03-02,772
2019-03-02,780
2019-03-03,797
2019-03-03,792
2019-03-03,802
2019-03-04,818
2019-03-04,816
2019-03-04,820
2019-03-05,826
2019-03-05,824
2019-03-05,828
2019-03-06,833
2019-03-06,832
2019-03-06,834
2019-03-07,838
2019-03-07,836
2019-03-07,840
2019-03-08,843
2019-03-08,842
2019-03-08,844
2019-03-09,848.5
2019-03-09,847
2019-03-09,850
2019-03-10,854
2019-03-10,852
2019-03-10,856
2019-03-11,860
2019-03-11,858
2019-03-11,862
2019-03-12,865
2019-03-12,865
2019-03-12,865
2019-03-13,867
2019-03-13,867
2019-03-13,867
2019-03-14,869
2019-03-14,868
2019-03-14,870
2019-03-15,873
2019-03-15,872
2019-03-15,874
2019-03-16,876
2019-03-16,876
2019-03-16,876
2019-03-17,870
2019-03-17,872
2019-03-17,868
2019-03-18,863.5
2019-03-18,864
2019-03-18,863
2019-03-19,861
2019-03-19,862
2019-03-19,860
2019-03-20,859
2019-03-20,860
2019-03-20,858
2019-03-21,860
2019-03-21,860
2019-03-21,860
2019-03-22,857
2019-03-22,858
2019-03-22,856
2019-03-23,856.5
2019-03-23,856
2019-03-23,857
2019-03-24,861
2019-03-24,860
2019-03-24,862
2019-03-25,866
2019-03-25,864
2019-03-25,868
2019-03-26,870
2019-03-26,870
2019-03-26,870
2019-03-27,871
2019-03-27,872
2019-03-27,870
2019-03-28,866
2019-03-28,868
2019-03-28,864
2019-03-29,861
2019-03-29,860
2019-03-29,862
2019-03-30,864
2019-03-30,864
2019-03-30,864
2019-03-31,865
2019-03-31,866
2019-03-31,864
2019-04-01,861
2019-04-01,860
2019-04-01,862
2019-04-02,859
2019-04-02,860
2019-04-02,858
2019-04-03,858
2019-04-03,858
2019-04-03,858
2019-04-04,864
2019-04-04,862
2019-04-04,866
2019-04-05,871
2019-04-05,870
2019-04-05,872
2019-04-06,876.5
2019-04-06,875
2019-04-06,878
2019-04-07,883
2019-04-07,882
2019-04-07,884
2019-04-08,888.5
2019-04-08,887
2019-04-08,890
2019-04-09,892.5
2019-04-09,892
2019-04-09,893
2019-04-10,894
2019-04-10,894
2019-04-10,894
2019-04-11,896.5
2019-04-11,896
2019-04-11,897
2019-04-12,898
2019-04-12,898
2019-04-12,898
2019-04-13,897
2019-04-13,896
2019-04-13,898
2019-04-14,903
2019-04-14,902
2019-04-14,904
2019-04-15,908.5
2019-04-15,907
2019-04-15,910
2019-04-16,914.5
2019-04-16,913
2019-04-16,916
2019-04-17,918
2019-04-17,918
2019-04-17,918
2019-04-18,920.5
2019-04-18,920
2019-04-18,921
2019-04-19,922.5
2019-04-19,922
2019-04-19,923
2019-04-20,925
2019-04-20,924
2019-04-20,926
2019-04-21,924.5
2019-04-21,925
2019-04-21,924
2019-04-22,921
2019-04-22,922
2019-04-22,920
2019-04-23,917
2019-04-23,918
2019-04-23,916
2019-04-24,915.5
2019-04-24,917
2019-04-24,914
2019-04-25,914
2019-04-25,914
2019-04-25,914
2019-04-26,911
2019-04-26,912
2019-04-26,910
2019-04-27,906
2019-04-27,907
2019-04-27,905
2019-04-28,902
2019-04-28,902
2019-04-28,902
2019-04-29,899
2019-04-29,900
2019-04-29,898
2019-04-30,896
2019-04-30,896
2019-04-30,896
2019-05-01,894.5
2019-05-01,895
2019-05-01,894
2019-05-02,890
2019-05-02,893
2019-05-02,887
2019-05-03,876
2019-05-03,880
2019-05-03,872
2019-05-04,867
2019-05-04,870
2019-05-04,864
2019-05-08,841
2019-05-08,842
2019-05-08,840
2019-05-09,833.5
2019-05-09,835
2019-05-09,832
2019-05-10,829
2019-05-10,830
2019-05-10,828
2019-05-11,819
2019-05-11,822
2019-05-11,816
2019-05-12,810.5
2019-05-12,813
2019-05-12,808
2019-05-13,802
2019-05-13,804
2019-05-13,800
2019-05-14,795
2019-05-14,796
2019-05-14,794
2019-05-15,792.5
2019-05-15,793
2019-05-15,792
2019-05-16,792
2019-05-16,792
2019-05-16,792
2019-05-17,790.5
2019-05-17,791
2019-05-17,790
2019-05-18,791.5
2019-05-18,790
2019-05-18,793
2019-05-19,795.5
2019-05-19,795
2019-05-19,796
2019-05-20,794
2019-05-20,794
2019-05-20,794
2019-05-21,793.5
2019-05-21,793
2019-05-21,794
2019-05-22,793.5
2019-05-22,794
2019-05-22,793
2019-05-23,790
2019-05-23,790
2019-05-23,790
2019-05-24,786
2019-05-24,787
2019-05-24,785
2019-05-25,782
2019-05-25,783
2019-05-25,781
2019-05-26,778
2019-05-26,778
2019-05-26,778
2019-05-27,777
2019-05-27,776
2019-05-27,778
2019-05-28,775
2019-05-28,776
2019-05-28,774
2019-05-29,769
2019-05-29,770
2019-05-29,768
2019-05-30,765.5
2019-05-30,766
2019-05-30,765
2019-05-31,763
2019-05-31,764
2019-05-31,762
2019-06-01,759
2019-06-01,760
2019-06-01,758
2019-06-02,756.5
2019-06-02,757
2019-06-02,756
2019-06-03,753
2019-06-03,754
2019-06-03,752
2019-06-04,755
2019-06-04,756
2019-06-04,754
2019-06-05,753
2019-06-05,752
2019-06-05,754
2019-06-06,753
2019-06-06,754
2019-06-06,752
2019-06-07,750
2019-06-07,750
2019-06-07,750
2019-06-08,747
2019-06-08,748
2019-06-08,746
2019-06-09,745
2019-06-09,746
2019-06-09,744
2019-06-10,743
2019-06-10,744
2019-06-10,742
2019-06-11,739
2019-06-11,740
2019-06-11,738
2019-06-12,735.5
2019-06-12,737
2019-06-12,734
2019-06-13,735
2019-06-13,736
2019-06-13,734
2019-06-14,732
2019-06-14,732
2019-06-14,732
2019-06-15,730
2019-06-15,730
2019-06-15,730
2019-06-16,728.5
2019-06-16,729
2019-06-16,728
2019-06-17,726
2019-06-17,727
2019-06-17,725
2019-06-18,724
2019-06-18,724
2019-06-18,724
2019-06-19,724
2019-06-19,724
2019-06-19,724
2019-06-20,722
2019-06-20,723
2019-06-20,721
2019-06-21,720.5
2019-06-21,721
2019-06-21,720
2019-06-22,717
2019-06-22,718
2019-06-22,716
2019-06-23,713.5
2019-06-23,714
2019-06-23,713
2019-06-24,711
2019-06-24,712
2019-06-24,710
2019-06-25,707
2019-06-25,708
2019-06-25,706
2019-06-26,703
2019-06-26,704
2019-06-26,702
2019-06-27,699.5
2019-06-27,701
2019-06-27,698
2019-06-28,695
2019-06-28,696
2019-06-28,694
2019-06-29,692.5
2019-06-29,693
2019-06-29,692
2019-06-30,690
2019-06-30,690
2019-06-30,690
2019-07-01,687.5
2019-07-01,688
2019-07-01,687
2019-07-02,685
2019-07-02,685
2019-07-02,685
2019-07-03,684
2019-07-03,684
2019-07-03,684
2019-07-04,683
2019-07-04,683
2019-07-04,683
2019-07-05,682
2019-07-05,682
2019-07-05,682
2019-07-06,682
2019-07-06,682
2019-07-06,682
2019-07-07,682
2019-07-07,682
2019-07-07,682
2019-07-08,682
2019-07-08,682
2019-07-08,682
2019-07-09,680
2019-07-09,680
2019-07-09,680
2019-07-10,680
2019-07-10,680
2019-07-10,680
2019-07-11,677
2019-07-11,678
2019-07-11,676
2019-07-12,673
2019-07-12,674
2019-07-12,672
2019-07-13,670
2019-07-13,670
2019-07-13,670
2019-07-14,667.5
2019-07-14,668
2019-07-14,667
2019-07-15,664.5
2019-07-15,665
2019-07-15,664
2019-07-16,661
2019-07-16,662
2019-07-16,660
2019-07-17,657.5
2019-07-17,658
2019-07-17,657
2019-07-18,655.5
2019-07-18,656
2019-07-18,655
2019-07-19,652.5
2019-07-19,653
2019-07-19,652
2019-07-20,651.5
2019-07-20,653
2019-07-20,650
2019-07-21,647
2019-07-21,648
2019-07-21,646
2019-07-22,643.5
2019-07-22,645
2019-07-22,642
2019-07-23,639
2019-07-23,640
2019-07-23,638
2019-07-24,635
2019-07-24,636
2019-07-24,634
2019-07-25,631.5
2019-07-25,632
2019-07-25,631
2019-07-26,629
2019-07-26,630
2019-07-26,628
2019-07-27,625.5
2019-07-27,626
2019-07-27,625
2019-07-28,622.5
2019-07-28,623
2019-07-28,622
2019-07-29,620
2019-07-29,621
2019-07-29,619
2019-07-30,614.5
2019-07-30,616
2019-07-30,613
2019-07-31,612
2019-07-31,612
2019-07-31,612
2019-08-01,612
2019-08-01,612
2019-08-01,612
2019-08-02,609.5
2019-08-02,610
2019-08-02,609
2019-08-03,607
2019-08-03,607
2019-08-03,607
2019-08-04,605.5
2019-08-04,606
2019-08-04,605
2019-08-05,604.5
2019-08-05,604
2019-08-05,605
2019-08-06,606.5
2019-08-06,607
2019-08-06,606
2019-08-07,604
2019-08-07,605
2019-08-07,603
2019-08-08,599
2019-08-08,600
2019-08-08,598
2019-08-09,595
2019-08-09,596
2019-08-09,594
2019-08-10,589
2019-08-10,590
2019-08-10,588
2019-08-11,585.5
2019-08-11,586
2019-08-11,585
2019-08-12,581
2019-08-12,582
2019-08-12,580
2019-08-13,576.5
2019-08-13,577
2019-08-13,576
2019-08-14,575
2019-08-14,575
2019-08-14,575
2019-08-15,575.5
2019-08-15,576
2019-08-15,575
2019-08-16,571
2019-08-16,572
2019-08-16,570
2019-08-17,566
2019-08-17,568
2019-08-17,564
2019-08-18,563.5
2019-08-18,563
2019-08-18,564
2019-08-19,561
2019-08-19,562
2019-08-19,560
2019-08-20,557
2019-08-20,558
2019-08-20,556
2019-08-21,556
2019-08-21,554
2019-08-21,558
2019-08-22,555
2019-08-22,554
2019-08-22,556
2019-08-23,548
2019-08-23,546
2019-08-23,550
2019-08-24,545
2019-08-24,542
2019-08-24,548
2019-08-25,537
2019-08-25,536
2019-08-25,538
2019-08-26,535
2019-08-26,533
2019-08-26,537
2019-08-27,530
2019-08-27,528
2019-08-27,532
2019-08-28,526.5
2019-08-28,525
2019-08-28,528
2019-08-29,520.5
2019-08-29,521
2019-08-29,520
2019-08-30,512
2019-08-30,514
2019-08-30,510
2019-09-01,514
2019-09-01,512
2019-09-01,516
2019-09-02,512
2019-09-02,510
2019-09-02,514
2019-09-03,508
2019-09-03,506
2019-09-03,510
2019-09-04,508
2019-09-04,504
2019-09-04,512
2019-09-05,506.5
2019-09-05,504
2019-09-05,509
2019-09-06,506
2019-09-06,504
2019-09-06,508
2019-09-07,493
2019-09-07,492
2019-09-07,494
2019-09-08,494
2019-09-08,496
2019-09-08,492
2019-09-09,487
2019-09-09,490
2019-09-09,484
2019-09-10,472
2019-09-10,474
2019-09-10,470
2019-09-11,467
2019-09-11,466
2019-09-11,468
2019-09-12,463
2019-09-12,462
2019-09-12,464
2019-09-13,459
2019-09-13,458
2019-09-13,460
2019-09-14,455
2019-09-14,452
2019-09-14,458
2019-09-15,449
2019-09-15,446
2019-09-15,452
2019-09-16,442
2019-09-16,440
2019-09-16,444
2019-09-17,434
2019-09-17,434
2019-09-17,434
2019-09-18,435
2019-09-18,431
2019-09-18,439
2019-09-19,428
2019-09-19,426
2019-09-19,430
2019-09-20,420.5
2019-09-20,423
2019-09-20,418
2019-09-21,408
2019-09-21,410
2019-09-21,406
2019-09-22,404
2019-09-22,406
2019-09-22,402
2019-09-23,395
2019-09-23,394
2019-09-23,396
2019-09-24,384
2019-09-24,386
2019-09-24,382
2019-09-25,375
2019-09-25,378
2019-09-25,372
2019-09-26,363
2019-09-26,364
2019-09-26,362
2019-09-27,358
2019-09-27,360
2019-09-27,356
2019-09-28,351
2019-09-28,352
2019-09-28,350
2019-09-29,347
2019-09-29,348
2019-09-29,346
2019-09-30,343
2019-09-30,344
2019-09-30,342
2019-10-01,344
2019-10-01,342
2019-10-01,346
2019-10-02,335
2019-10-02,332
2019-10-02,338
2019-10-03,331
2019-10-03,328
2019-10-03,334
2019-10-04,320
2019-10-04,318
2019-10-04,322
2019-10-05,316
2019-10-05,314
2019-10-05,318
2019-10-06,305
2019-10-06,308
2019-10-06,302
2019-10-07,292
2019-10-07,294
2019-10-07,290
2019-10-08,282
2019-10-08,282
2019-10-08,282
2019-10-09,279
2019-10-09,280
2019-10-09,278
2019-10-10,275
2019-10-10,276
2019-10-10,274
2019-10-11,272
2019-10-11,272
2019-10-11,272
2019-10-12,271
2019-10-12,270
2019-10-12,272
2019-10-13,270
2019-10-13,270
2019-10-13,270
2019-10-14,271.5
2019-10-14,270
2019-10-14,273
2019-10-15,271
2019-10-15,270
2019-10-15,272
2019-10-16,272
2019-10-16,274
2019-10-16,270
2019-10-17,267
2019-10-17,266
2019-10-17,268
2019-10-18,263
2019-10-18,264
2019-10-18,262
2019-10-19,260
2019-10-19,260
2019-10-19,260
2019-10-20,257
2019-10-20,258
2019-10-20,256
2019-10-21,255
2019-10-21,254
2019-10-21,256
2019-10-22,253.5
2019-10-22,253
2019-10-22,254
2019-10-23,254
2019-10-23,252
2019-10-23,256
2019-10-24,255
2019-10-24,254
2019-10-24,256
2019-10-25,259
2019-10-25,258
2019-10-25,260
2019-10-26,265.5
2019-10-26,264
2019-10-26,267
2019-10-27,270
2019-10-27,270
2019-10-27,270
2019-10-28,273.5
2019-10-28,272
2019-10-28,275
2019-10-29,274
2019-10-29,274
2019-10-29,274
2019-10-30,272
2019-10-30,272
2019-10-30,272
2019-10-31,270
2019-10-31,270
2019-10-31,270
2019-11-01,270
2019-11-01,270
2019-11-01,270
2019-11-02,270
2019-11-02,270
2019-11-02,270
2019-11-03,267
2019-11-03,268
2019-11-03,266
2019-11-04,267.5
2019-11-04,267
2019-11-04,268
2019-11-05,263.5
2019-11-05,264
2019-11-05,263
2019-11-06,259
2019-11-06,260
2019-11-06,258
2019-11-07,255
2019-11-07,256
2019-11-07,254
2019-11-08,252
2019-11-08,252
2019-11-08,252
2019-11-09,252.5
2019-11-09,253
2019-11-09,252
2019-11-10,253.5
2019-11-10,254
2019-11-10,253
2019-11-11,254.5
2019-11-11,254
2019-11-11,255
2019-11-12,255.5
2019-11-12,256
2019-11-12,255
2019-11-13,262.5
2019-11-13,257
2019-11-13,268
2019-11-14,264
2019-11-14,262
2019-11-14,266
2019-11-15,269
2019-11-15,268
2019-11-15,270
2019-11-16,273.5
2019-11-16,272
2019-11-16,275
2019-11-17,277
2019-11-17,276
2019-11-17,278
2019-11-18,283
2019-11-18,282
2019-11-18,284
2019-11-19,289
2019-11-19,288
2019-11-19,290
2019-11-20,296
2019-11-20,294
2019-11-20,298
2019-11-21,302
2019-11-21,300
2019-11-21,304
2019-11-22,310
2019-11-22,308
2019-11-22,312
2019-11-23,317
2019-11-23,316
2019-11-23,318
2019-11-24,325
2019-11-24,322
2019-11-24,328
2019-11-25,338
2019-11-25,336
2019-11-25,340
2019-11-26,348
2019-11-26,346
2019-11-26,350
2019-11-27,355
2019-11-27,354
2019-11-27,356
2019-11-28,357
2019-11-28,356
2019-11-28,358
2019-11-29,356
2019-11-29,356
2019-11-29,356
2019-11-30,361
2019-11-30,360
2019-11-30,362
2019-12-01,363
2019-12-01,364
2019-12-01,362
2019-12-02,359
2019-12-02,360
2019-12-02,358
2019-12-03,352
2019-12-03,352
2019-12-03,352
2019-12-04,347.5
2019-12-04,348
2019-12-04,347
2019-12-05,351
2019-12-05,350
2019-12-05,352
2019-12-06,354
2019-12-06,354
2019-12-06,354
2019-12-07,356
2019-12-07,356
2019-12-07,356
2019-12-08,356.5
2019-12-08,356
2019-12-08,357
2019-12-09,359
2019-12-09,358
2019-12-09,360
2019-12-10,362.5
2019-12-10,362
2019-12-10,363
2019-12-11,366
2019-12-11,365
2019-12-11,367
2019-12-12,372
2019-12-12,370
2019-12-12,374
2019-12-13,381
2019-12-13,380
2019-12-13,382
2019-12-14,386
2019-12-14,385
2019-12-14,387
2019-12-15,392
2019-12-15,390
2019-12-15,394
2019-12-16,402
2019-12-16,400
2019-12-16,404
2019-12-17,413.5
2019-12-17,411
2019-12-17,416
2019-12-18,422.5
2019-12-18,421
2019-12-18,424
2019-12-19,430
2019-12-19,428
2019-12-19,432
2019-12-20,437
2019-12-20,436
2019-12-20,438
2019-12-21,438
2019-12-21,438
2019-12-21,438
2019-12-22,440.5
2019-12-22,440
2019-12-22,441
2019-12-23,442
2019-12-23,442
2019-12-23,442
2019-12-24,440
2019-12-24,440
2019-12-24,440
2019-12-25,443
2019-12-25,442
2019-12-25,444
2019-12-26,445
2019-12-26,444
2019-12-26,446
2019-12-27,447
2019-12-27,446
2019-12-27,448
2019-12-28,452
2019-12-28,450
2019-12-28,454
2019-12-29,458.5
2019-12-29,457
2019-12-29,460
2019-12-30,466
2019-12-30,464
2019-12-30,468
2019-12-31,476
2019-12-31,474
2019-12-31,478
2020-01-01,486
2020-01-01,484
2020-01-01,488
2020-01-02,487
2020-01-02,486
2020-01-02,488
2020-01-03,495
2020-01-03,494
2020-01-03,496
2020-01-04,504
2020-01-04,502
2020-01-04,506
2020-01-05,514
2020-01-05,512
2020-01-05,516
2020-01-06,528
2020-01-06,524
2020-01-06,532
2020-01-07,554
2020-01-07,549
2020-01-07,559
2020-01-08,570
2020-01-08,567
2020-01-08,573
2020-01-09,584
2020-01-09,582
2020-01-09,586
2020-01-10,594
2020-01-10,592
2020-01-10,596
2020-01-11,600
2020-01-11,598
2020-01-11,602
2020-01-12,609
2020-01-12,606
2020-01-12,612
2020-01-13,618.5
2020-01-13,616
2020-01-13,621
2020-01-14,624
2020-01-14,623
2020-01-14,625
2020-01-15,627.5
2020-01-15,627
2020-01-15,628
2020-01-16,629.5
2020-01-16,629
2020-01-16,630
2020-01-17,633.5
2020-01-17,632
2020-01-17,635
2020-01-18,636
2020-01-18,636
2020-01-18,636
2020-01-19,634
2020-01-19,634
2020-01-19,634
2020-01-20,633
2020-01-20,632
2020-01-20,634
2020-01-21,636
2020-01-21,638
2020-01-21,634
2020-01-22,627
2020-01-22,628
2020-01-22,626
2020-01-23,622
2020-01-23,623
2020-01-23,621
2020-01-24,616
2020-01-24,618
2020-01-24,614
2020-01-25,611
2020-01-25,612
2020-01-25,610
2020-01-26,604
2020-01-26,606
2020-01-26,602
2020-01-27,599
2020-01-27,600
2020-01-27,598
2020-01-28,593
2020-01-28,594
2020-01-28,592
2020-01-29,586
2020-01-29,586
2020-01-29,586
2020-01-30,583
2020-01-30,584
2020-01-30,582
2020-01-31,584
2020-01-31,583
2020-01-31,585
2020-02-01,586
2020-02-01,586
2020-02-01,586
2020-02-02,588.5
2020-02-02,588
2020-02-02,589
2020-02-03,590
2020-02-03,590
2020-02-03,590
2020-02-04,593
2020-02-04,592
2020-02-04,594
2020-02-05,595
2020-02-05,595
2020-02-05,595
2020-02-06,596.5
2020-02-06,596
2020-02-06,597
2020-02-07,596
2020-02-07,595
2020-02-07,597
2020-02-08,598.5
2020-02-08,598
2020-02-08,599
2020-02-09,603
2020-02-09,602
2020-02-09,604
2020-02-10,609
2020-02-10,608
2020-02-10,610
2020-02-11,617.5
2020-02-11,615
2020-02-11,620
2020-02-12,630.5
2020-02-12,627
2020-02-12,634
2020-02-13,642.5
2020-02-13,640
2020-02-13,645
2020-02-14,654.5
2020-02-14,652
2020-02-14,657
2020-02-15,663
2020-02-15,662
2020-02-15,664
2020-02-16,666.5
2020-02-16,665
2020-02-16,668
2020-02-17,675
2020-02-17,674
2020-02-17,676
2020-02-18,680
2020-02-18,678
2020-02-18,682
2020-02-19,686.5
2020-02-19,685
2020-02-19,688
2020-02-20,695
2020-02-20,692
2020-02-20,698
2020-02-21,706
2020-02-21,702
2020-02-21,710
2020-02-22,717
2020-02-22,714
2020-02-22,720
2020-02-23,723.5
2020-02-23,722
2020-02-23,725
2020-02-24,728
2020-02-24,726
2020-02-24,730
2020-02-25,733.5
2020-02-25,732
2020-02-25,735
2020-02-26,739
2020-02-26,738
2020-02-26,740
2020-02-27,742
2020-02-27,742
2020-02-27,742
2020-02-28,747
2020-02-28,746
2020-02-28,748
2020-02-29,751
2020-02-29,750
2020-02-29,752
2020-03-01,756.5
2020-03-01,755
2020-03-01,758
2020-03-02,763
2020-03-02,762
2020-03-02,764
2020-03-03,765.5
2020-03-03,765
2020-03-03,766
2020-03-04,767.5
2020-03-04,767
2020-03-04,768
2020-03-05,766.5
2020-03-05,766
2020-03-05,767
2020-03-06,771
2020-03-06,768
2020-03-06,774
2020-03-07,785
2020-03-07,782
2020-03-07,788
2020-03-08,799
2020-03-08,794
2020-03-08,804
2020-03-09,818
2020-03-09,816
2020-03-09,820
2020-03-10,829.5
2020-03-10,827
2020-03-10,832
2020-03-11,840
2020-03-11,837
2020-03-11,843
2020-03-12,850
2020-03-12,848
2020-03-12,852
2020-03-13,858
2020-03-13,856
2020-03-13,860
2020-03-14,865.5
2020-03-14,864
2020-03-14,867
2020-03-15,875.5
2020-03-15,874
2020-03-15,877
2020-03-16,882.5
2020-03-16,880
2020-03-16,885
2020-03-17,895.5
2020-03-17,889
2020-03-17,902
2020-03-18,907
2020-03-18,906
2020-03-18,908
2020-03-19,911
2020-03-19,910
2020-03-19,912
2020-03-20,914.5
2020-03-20,914
2020-03-20,915
2020-03-21,917
2020-03-21,916
2020-03-21,918
2020-03-22,917
2020-03-22,917
2020-03-22,917
2020-03-23,914.5
2020-03-23,915
2020-03-23,914
2020-03-24,913.5
2020-03-24,914
2020-03-24,913
2020-03-25,908
2020-03-25,910
2020-03-25,906
2020-03-26,897
2020-03-26,898
2020-03-26,896
2020-03-27,893
2020-03-27,894
2020-03-27,892
2020-03-28,890.5
2020-03-28,891
2020-03-28,890
2020-03-29,887.5
2020-03-29,888
2020-03-29,887
2020-03-30,885.5
2020-03-30,886
2020-03-30,885
2020-03-31,884.5
2020-03-31,885
2020-03-31,884
2020-04-01,882
2020-04-01,882
2020-04-01,882
2020-04-02,879.5
2020-04-02,880
2020-04-02,879
2020-04-03,877
2020-04-03,878
2020-04-03,876
2020-04-04,871
2020-04-04,872
2020-04-04,870
2020-04-05,867.5
2020-04-05,868
2020-04-05,867
2020-04-06,864.5
2020-04-06,865
2020-04-06,864
2020-04-07,862.5
2020-04-07,863
2020-04-07,862
2020-04-20,832
2020-04-20,830
2020-04-20,834
2020-04-21,838
2020-04-21,836
2020-04-21,840
2020-04-22,845
2020-04-22,844
2020-04-22,846
2020-04-23,849
2020-04-23,848
2020-04-23,850
2020-04-24,860.5
2020-04-24,858
2020-04-24,863
2020-10-01,239
2020-10-01,240
2020-10-01,238
2020-10-02,233
2020-10-02,234
2020-10-02,232
2020-10-03,228.5
2020-10-03,230
2020-10-03,227
2020-10-04,220.5
2020-10-04,223
2020-10-04,218
2020-10-05,211
2020-10-05,212
2020-10-05,210
2020-10-06,208
2020-10-06,208
2020-10-06,208
2020-10-07,205.5
2020-10-07,206
2020-10-07,205
2020-10-08,202.5
2020-10-08,203
2020-10-08,202
2020-10-09,199
2020-10-09,200
2020-10-09,198
2020-10-10,194.5
2020-10-10,196
2020-10-10,193
2020-10-11,187
2020-10-11,188
2020-10-11,186
2020-10-12,183
2020-10-12,184
2020-10-12,182
2020-10-13,179
2020-10-13,180
2020-10-13,178
2020-10-14,177
2020-10-14,176
2020-10-14,178
2020-10-15,177.5
2020-10-15,178
2020-10-15,177
2020-10-16,177
2020-10-16,178
2020-10-16,176
2020-10-17,179
2020-10-17,178
2020-10-17,180
2020-10-18,180.5
2020-10-18,179
2020-10-18,182
2020-10-19,181
2020-10-19,180
2020-10-19,182
2020-10-20,180
2020-10-20,180
2020-10-20,180
2020-10-21,182.5
2020-10-21,182
2020-10-21,183
2020-10-22,185
2020-10-22,186
2020-10-22,184
2020-10-23,183
2020-10-23,182
2020-10-23,184
2020-10-24,185
2020-10-24,184
2020-10-24,186
2020-10-25,187
2020-10-25,186
2020-10-25,188
2020-10-26,191
2020-10-26,190
2020-10-26,192
2020-10-27,195
2020-10-27,194
2020-10-27,196
2020-10-28,201
2020-10-28,200
2020-10-28,202
2020-10-29,205
2020-10-29,204
2020-10-29,206
2020-10-30,210
2020-10-30,210
2020-10-30,210
2020-10-31,208
2020-10-31,208
2020-10-31,208
2020-11-01,210
2020-11-01,210
2020-11-01,210
2020-11-02,211.5
2020-11-02,211
2020-11-02,212
2020-11-03,210.5
2020-11-03,211
2020-11-03,210
2020-11-04,211
2020-11-04,210
2020-11-04,212
2020-11-05,214
2020-11-05,213
2020-11-05,215
2020-11-06,219
2020-11-06,218
2020-11-06,220
2020-11-07,221.5
2020-11-07,221
2020-11-07,222
2020-11-08,220.5
2020-11-08,220
2020-11-08,221
2020-11-09,223.5
2020-11-09,223
2020-11-09,224
2020-11-10,225.5
2020-11-10,225
2020-11-10,226
2020-11-11,221
2020-11-11,222
2020-11-11,220
2020-11-12,221
2020-11-12,222
2020-11-12,220
2020-11-13,217.5
2020-11-13,218
2020-11-13,217
2020-11-14,219
2020-11-14,218
2020-11-14,220
2020-11-15,217
2020-11-15,218
2020-11-15,216
2020-11-16,214.5
2020-11-16,215
2020-11-16,214
2020-11-17,213.5
2020-11-17,213
2020-11-17,214
2020-11-18,220
2020-11-18,218
2020-11-18,222
2020-11-19,227
2020-11-19,226
2020-11-19,228
2020-11-20,233
2020-11-20,232
2020-11-20,234
2020-11-21,237.5
2020-11-21,237
2020-11-21,238
2020-11-22,243.5
2020-11-22,242
2020-11-22,245
2020-11-23,250
2020-11-23,248
2020-11-23,252
2020-11-24,256
2020-11-24,254
2020-11-24,258
2020-11-25,265.5
2020-11-25,263
2020-11-25,268
2020-11-26,278
2020-11-26,274
2020-11-26,282
2020-11-27,294
2020-11-27,292
2020-11-27,296
2020-11-28,298
2020-11-28,298
2020-11-28,298
2020-11-29,299.5
2020-11-29,299
2020-11-29,300
2020-11-30,300.5
2020-11-30,301
2020-11-30,300
2020-12-01,298
2020-12-01,298
2020-12-01,298
2020-12-02,295
2020-12-02,296
2020-12-02,294
2020-12-03,291
2020-12-03,292
2020-12-03,290
2020-12-04,285
2020-12-04,286
2020-12-04,284
2020-12-05,275
2020-12-05,278
2020-12-05,272
2020-12-06,263
2020-12-06,266
2020-12-06,260
2020-12-07,257
2020-12-07,256
2020-12-07,258
2020-12-08,253
2020-12-08,254
2020-12-08,252
2020-12-09,251
2020-12-09,250
2020-12-09,252
2020-12-10,257
2020-12-10,256
2020-12-10,258
2020-12-11,264
2020-12-11,262
2020-12-11,266
2020-12-12,270
2020-12-12,268
2020-12-12,272
2020-12-13,275
2020-12-13,274
2020-12-13,276
2020-12-14,278
2020-12-14,278
2020-12-14,278
2020-12-15,283
2020-12-15,280
2020-12-15,286
2020-12-16,290.5
2020-12-16,290
2020-12-16,291
2020-12-17,292.5
2020-12-17,292
2020-12-17,293
2020-12-18,294
2021-06-01,763
2021-06-01,764
2021-06-01,762
2021-06-02,760
2021-06-02,760
2021-06-02,760
2021-06-03,757.5
2021-06-03,758
2021-06-03,757
2021-06-04,755
2021-06-04,756
2021-06-04,754
2021-06-05,752.5
2021-06-05,753
2021-06-05,752
2021-06-06,749.5
2021-06-06,750
2021-06-06,749
2021-06-07,745
2021-06-07,746
2021-06-07,744
2021-06-08,742.5
2021-06-08,743
2021-06-08,742
2021-06-09,739
2021-06-09,740
2021-06-09,738
2021-06-10,737.5
2021-06-10,738
2021-06-10,737
2021-06-11,735.5
2021-06-11,736
2021-06-11,735
2021-06-12,732.5
2021-06-12,733
2021-06-12,732
2021-06-13,729.5
2021-06-13,730
2021-06-13,729
2021-06-14,728.5
2021-06-14,729
2021-06-14,728
2021-06-15,727.5
2021-06-15,728
2021-06-15,727
2021-06-16,733
2021-06-16,734
2021-06-16,732
2021-06-17,730.5
2021-06-17,731
2021-06-17,730
2021-06-18,729
2021-06-18,728
2021-06-18,730
2021-06-19,733
2021-06-19,732
2021-06-19,734
2021-06-20,736.5
2021-06-20,736
2021-06-20,737
2021-06-21,732
2021-06-21,734
2021-06-21,730
2021-06-22,733
2021-06-22,732
2021-06-22,734
2021-06-23,733.5
2021-06-23,735
2021-06-23,732
2021-06-24,734
2021-06-24,734
2021-06-24,734
2021-06-25,729
2021-06-25,730
2021-06-25,728
2021-06-26,724.5
2021-06-26,725
2021-06-26,724
2021-06-27,723.5
2021-06-27,723
2021-06-27,724
2021-06-28,721
2021-06-28,722
2021-06-28,720
2021-06-29,721
2021-06-29,720
2021-06-29,722
2021-06-30,720.5
2021-06-30,720
2021-06-30,721
2021-07-01,722.5
2021-07-01,722
2021-07-01,723
2021-07-02,719
2021-07-02,720
2021-07-02,718
2021-07-03,714.5
2021-07-03,716
2021-07-03,713
2021-07-04,712
2021-07-04,712
2021-07-04,712
2021-07-05,708.5
2021-07-05,710
2021-07-05,707
2021-07-06,703
2021-07-06,704
2021-07-06,702
2021-07-07,697.5
2021-07-07,698
2021-07-07,697
2021-07-08,696
2021-07-08,696
2021-07-08,696
2021-07-09,695
2021-07-09,695
2021-07-09,695
2021-07-10,693
2021-07-10,694
2021-07-10,692
2021-07-11,694.5
2021-07-11,694
2021-07-11,695
2021-07-12,693.5
2021-07-12,694
2021-07-12,693
2021-07-13,691.5
2021-07-13,692
2021-07-13,691
2021-07-14,689.5
2021-07-14,690
2021-07-14,689
2021-07-15,687.5
2021-07-15,688
2021-07-15,687
2021-07-16,684.5
2021-07-16,685
2021-07-16,684
2021-07-17,682
2021-07-17,683
2021-07-17,681
2021-07-18,679
2021-07-18,680
2021-07-18,678
2021-07-19,677.5
2021-07-19,678
2021-07-19,677
2021-07-20,673.5
2021-07-20,675
2021-07-20,672
2021-07-21,670
2021-07-21,670
2021-07-21,670
2021-07-22,667.5
2021-07-22,668
2021-07-22,667
2021-07-23,665.5
2021-07-23,666
2021-07-23,665
2021-07-24,664
2021-07-24,663
2021-07-24,665
2021-07-25,663
2021-07-25,664
2021-07-25,662
2021-07-26,660
2021-07-26,660
2021-07-26,660
2021-07-27,659
2021-07-27,660
2021-07-27,658
2021-07-28,657
2021-07-28,656
2021-07-28,658
2021-07-29,657.5
2021-07-29,657
2021-07-29,658
2021-07-30,653.5
2021-07-30,654
2021-07-30,653
2021-07-31,651.5
2021-07-31,652
2021-07-31,651
2021-08-01,645.5
2021-08-01,647
2021-08-01,644
2021-08-02,638.5
2021-08-02,640
2021-08-02,637
2021-08-03,635
2021-08-03,634
2021-08-03,636
2021-08-04,633
2021-08-04,634
2021-08-04,632
2021-08-05,627
2021-08-05,628
2021-08-05,626
2021-08-06,621
2021-08-06,622
2021-08-06,620
2021-08-07,617.5
2021-08-07,618
2021-08-07,617
2021-08-13,611.5
2021-08-13,612
2021-08-13,611
2021-08-14,607
2021-08-14,608
2021-08-14,606
2021-08-15,603.5
2021-08-15,604
2021-08-15,603
2021-08-16,601
2021-08-16,602
2021-08-16,600
2021-08-20,584.5
2021-08-20,585
2021-08-20,584
2021-08-21,581.5
2021-08-21,582
2021-08-21,581
2021-08-22,581.5
2021-08-22,579
2021-08-22,584
2021-08-23,579
2021-08-23,576
2021-08-23,582
2021-08-24,577
2021-08-24,572
2021-08-24,582
2021-08-25,574.5
2021-08-25,569
2021-08-25,580
2021-08-26,568.5
2021-08-26,567
2021-08-26,570
2021-08-27,565
2021-08-27,564
2021-08-27,566
2021-08-28,563
2021-08-28,562
2021-08-28,564
2021-08-29,556
2021-08-29,558
2021-08-29,554
2021-08-30,549
2021-08-30,548
2021-08-30,550
2021-08-31,544.5
2021-08-31,543
2021-08-31,546
2021-09-01,534.5
2021-09-01,533
2021-09-01,536
2021-09-02,524.5
2021-09-02,526
2021-09-02,523
2021-09-03,521.5
2021-09-03,522
2021-09-03,521
2021-09-04,521
2021-09-04,520
2021-09-04,522
2021-09-05,519
2021-09-05,518
2021-09-05,520
2021-09-06,515.5
2021-09-06,516
2021-09-06,515
2021-09-07,510.5
2021-09-07,508
2021-09-07,513
2021-09-08,507
2021-09-08,504
2021-09-08,510
2021-09-09,512
2021-09-09,510
2021-09-09,514
2021-09-10,507
2021-09-10,508
2021-09-10,506
2021-09-11,503
2021-09-11,504
2021-09-11,502
2021-09-12,488
2021-09-13,489
2021-09-13,490
2021-09-13,488
2021-09-14,480
2021-09-14,482
2021-09-14,478
2021-09-15,472
2021-09-15,474
2021-09-15,470
2021-09-16,463
2021-09-16,464
2021-09-16,462
2021-09-17,457.5
2021-09-17,458
2021-09-17,457
2021-09-18,453.5
2021-09-18,455
2021-09-18,452
2021-09-19,447
2021-09-19,448
2021-09-19,446
2021-09-20,444
2021-09-20,443
2021-09-20,445
2021-09-21,440
2021-09-21,442
2021-09-21,438
2021-09-22,433.5
2021-09-22,434
2021-09-22,433
2021-09-23,428
2021-09-23,430
2021-09-23,426
2021-09-24,426.5
2021-09-24,428
2021-09-24,425
2021-09-25,416
2021-09-25,418
2021-09-25,414
2021-09-26,409
2021-09-26,410
2021-09-26,408
2021-09-27,402
2021-09-27,404
2021-09-27,400
2021-09-28,397
2021-09-28,398
2021-09-28,396
2021-09-29,390
2021-09-29,392
2021-09-29,388
2021-09-30,377
2021-09-30,380
2021-09-30,374
2021-10-01,367
2021-10-01,366
2021-10-01,368
2021-10-02,363
2021-10-02,364
2021-10-02,362
2021-10-03,359
2021-10-03,360
2021-10-03,358
2021-10-04,356
2021-10-04,354
2021-10-04,358
2021-10-05,361
2021-10-05,360
2021-10-05,362
2021-10-06,349
2021-10-06,350
2021-10-06,348
2021-10-07,345
2021-10-07,344
2021-10-07,346
2021-10-08,345.5
2021-10-08,347
2021-10-08,344
2021-10-09,341
2021-10-09,342
2021-10-09,340
2021-10-10,337.5
2021-10-10,338
2021-10-10,337
2021-10-11,333.5
2021-10-11,335
2021-10-11,332
2021-10-12,328
2021-10-12,330
2021-10-12,326
2021-10-13,321
2021-10-13,322
2021-10-13,320
2021-10-14,314
2021-10-14,316
2021-10-14,312
2021-10-15,304
2021-10-15,306
2021-10-15,302
2021-10-16,296
2021-10-16,298
2021-10-16,294
2021-10-17,291
2021-10-17,292
2021-10-17,290
2021-10-18,284
2021-10-18,286
2021-10-18,282
2021-10-19,278
2021-10-19,280
2021-10-19,276
2021-10-20,276.5
2021-10-20,278
2021-10-20,275
2021-10-21,269
2021-10-21,270
2021-10-21,268
2021-10-22,263
2021-10-22,264
2021-10-22,262
2021-10-23,260
2021-10-23,260
2021-10-23,260
2021-10-24,262.5
2021-10-24,262
2021-10-24,263
2021-10-25,261
2021-10-25,262
2021-10-25,260
2021-10-26,259
2021-10-26,258
2021-10-26,260
2021-10-27,255
2021-10-27,256
2021-10-27,254
2021-10-28,251
2021-10-28,250
2021-10-28,252
2021-10-29,247.5
2021-10-29,248
2021-10-29,247
2021-10-30,245
2021-10-30,246
2021-10-30,244
2021-10-31,239
2021-10-31,240
2021-10-31,238
2021-11-01,247
2021-11-01,246
2021-11-01,248
2021-11-02,248
2021-11-02,246
2021-11-02,250
2021-11-03,254
2021-11-03,252
2021-11-03,255
2021-11-04,259
2021-11-04,258
2021-11-04,260
2021-11-05,264
2021-11-05,262
2021-11-05,265
2021-11-06,263
2021-11-06,264
2021-11-06,262
2021-11-07,261
2021-11-07,260
2021-11-07,262
2021-11-08,266
2021-11-08,264
2021-11-08,268
2021-11-09,272
2021-11-09,270
2021-11-09,274
2021-11-10,277
2021-11-10,276
2021-11-10,278
2021-11-11,286
2021-11-11,284
2021-11-11,288
2021-11-12,293
2021-11-12,292
2021-11-12,293
2021-11-13,297
2021-11-13,296
2021-11-13,298
2021-11-14,310
2021-11-14,308
2021-11-14,312
2021-11-15,320
2021-11-15,318
2021-11-15,322
2021-11-16,337
2021-11-16,334
2021-11-16,340
2021-11-17,354
2021-11-17,350
2021-11-17,358
2021-11-18,374
2021-11-18,370
2021-11-18,377
2021-11-19,392
2021-11-19,388
2021-11-19,395
2021-11-20,408
2021-11-20,404
2021-11-20,411
2021-11-21,423
2021-11-21,420
2021-11-21,425
2021-11-22,433
2021-11-22,430
2021-11-22,436
2021-11-23,443
2021-11-23,441
2021-11-23,445
2021-11-24,453
2021-11-24,450
2021-11-24,456
2021-11-25,459
2021-11-25,460
2021-11-25,458
2021-11-26,464
2021-11-26,463
2021-11-26,465
2021-11-27,467
2021-11-27,468
2021-11-27,466
2021-11-28,466
2021-11-28,465
2021-11-28,466
2021-11-29,466
2021-11-29,467
2021-11-29,465
2021-11-30,465
2021-11-30,466
2021-11-30,464
2021-12-01,466
2021-12-01,466
2021-12-01,466
2021-12-02,467
2021-12-02,468
2021-12-02,466
2021-12-03,470.5
2021-12-03,469
2021-12-03,472
2021-12-04,478.5
2021-12-04,475
2021-12-04,482
2021-12-05,485
2021-12-05,485
2021-12-05,485
2021-12-06,491.5
2021-12-06,490
2021-12-06,493
2021-12-07,501
2021-12-07,498
2021-12-07,504
2021-12-08,512
2021-12-08,510
2021-12-08,514
2021-12-09,522
2021-12-09,520
2021-12-09,524
2021-12-10,529
2021-12-10,528
2021-12-10,530
2021-12-11,533
2021-12-11,532
2021-12-11,534
2021-12-12,535.5
2021-12-12,535
2021-12-12,536
2021-12-13,537.5
2021-12-13,537
2021-12-13,538
2021-12-14,542
2021-12-14,541
2021-12-14,543
2021-12-15,545
2021-12-15,544
2021-12-15,546
2021-12-16,549.5
2021-12-16,548
2021-12-16,551
2021-12-17,555.5
2021-12-17,554
2021-12-17,557
2021-12-18,564.5
2021-12-18,562
2021-12-18,567
2021-12-19,573
2021-12-19,570
2021-12-19,576
2021-12-20,585
2021-12-20,582
2021-12-20,588
2021-12-21,596
2021-12-21,594
2021-12-21,598
2021-12-22,603.5
2021-12-22,602
2021-12-22,605
2021-12-23,610
2021-12-23,608
2021-12-23,612
2021-12-24,618
2021-12-24,616
2021-12-24,620
2021-12-25,623.5
2021-12-25,623
2021-12-25,624
2021-12-26,630
2021-12-26,628
2021-12-26,632
2021-12-27,640
2021-12-27,638
2021-12-27,642
2021-12-28,650
2021-12-28,648
2021-12-28,652
2021-12-29,659
2021-12-29,656
2021-12-29,662
2021-12-30,674
2021-12-30,670
2021-12-30,678
2021-12-31,692.5
2021-12-31,687
2021-12-31,698
2022-01-01,710
2022-01-01,708
2022-01-01,712
2022-01-02,718.5
2022-01-02,717
2022-01-02,720
2022-01-03,730
2022-01-03,726
2022-01-03,734
2022-01-04,745
2022-01-04,742
2022-01-04,748
2022-01-05,758
2022-01-05,756
2022-01-05,760
2022-01-06,769
2022-01-06,766
2022-01-06,772
2022-01-07,780
2022-01-07,778
2022-01-07,782
2022-01-08,786
2022-01-08,784
2022-01-08,788
2022-01-09,794
2022-01-09,792
2022-01-09,796
2022-01-10,803
2022-01-10,801
2022-01-10,805
2022-01-11,804
2022-01-11,802
2022-01-11,806
2022-01-12,808
2022-01-12,808
2022-01-12,808
2022-01-13,809
2022-01-13,810
2022-01-13,808
2022-01-14,813
2022-01-14,812
2022-01-14,814
2022-01-15,811
2022-01-15,812
2022-01-15,810
2022-01-16,807.5
2022-01-16,808
2022-01-16,807
2022-01-17,805.5
2022-01-17,806
2022-01-17,805
2022-01-18,803
2022-01-18,804
2022-01-18,802
2022-01-19,799
2022-01-19,800
2022-01-19,798
2022-01-20,797
2022-01-20,796
2022-01-20,798
2022-01-21,783
2022-01-21,786
2022-01-21,780
2022-01-22,775
2022-01-22,776
2022-01-22,774
2022-01-23,769.5
2022-01-23,770
2022-01-23,769
2022-01-24,765
2022-01-24,766
2022-01-24,764
2022-01-25,760
2022-01-25,760
2022-01-25,760
2022-01-26,759
2022-01-26,758
2022-01-26,760
2022-01-27,755
2022-01-27,756
2022-01-27,754
2022-01-28,753
2022-01-28,752
2022-01-28,754
2022-01-29,756.5
2022-01-29,756
2022-01-29,757
2022-01-30,757
2022-01-30,756
2022-01-30,758
2022-01-31,763.5
2022-01-31,760
2022-01-31,767
2022-02-01,760
2022-02-01,760
2022-02-01,760
2022-02-02,758.5
2022-02-02,758
2022-02-02,759
2022-02-03,756.5
2022-02-03,757
2022-02-03,756
2022-02-04,756.5
2022-02-04,758
2022-02-04,755
2022-02-05,757
2022-02-05,757
2022-02-05,757
2022-02-06,750
2022-02-06,750
2022-02-06,750
2022-02-07,744
2022-02-07,744
2022-02-07,744
2022-02-08,743.5
2022-02-08,742
2022-02-08,745
2022-02-09,743
2022-02-09,744
2022-02-09,742
2022-02-10,747.5
2022-02-10,747
2022-02-10,748
2022-02-11,755
2022-02-11,754
2022-02-11,756
2022-02-12,762.5
2022-02-12,760
2022-02-12,765
2022-02-13,777
2022-02-13,776
2022-02-13,778
2022-02-14,783
2022-02-14,782
2022-02-14,784
2022-02-15,789
2022-02-15,788
2022-02-15,790
2022-02-16,795
2022-02-16,794
2022-02-16,796
2022-02-17,799
2022-02-17,798
2022-02-17,800
2022-02-18,803
2022-02-18,802
2022-02-18,804
2022-02-19,806
2022-02-19,806
2022-02-19,806
2022-02-20,807.5
2022-02-20,807
2022-02-20,808
2022-02-21,813
2022-02-21,812
2022-02-21,814
2022-02-22,819
2022-02-22,818
2022-02-22,820
2022-02-23,822.5
2022-02-23,822
2022-02-23,823
2022-02-24,825
2022-02-24,824
2022-02-24,826
2022-02-25,828
2022-02-25,827
2022-02-25,829
2022-02-26,833.5
2022-02-26,832
2022-02-26,835
2022-02-27,836.5
2022-02-27,836
2022-02-27,837
2022-02-28,840
2022-02-28,839
2022-02-28,841
2022-03-01,845.5
2022-03-01,844
2022-03-01,847
2022-03-02,851.5
2022-03-02,850
2022-03-02,853
2022-03-03,855.5
2022-03-03,855
2022-03-03,856
2022-03-04,859.5
2022-03-04,858
2022-03-04,861
2022-03-05,864.5
2022-03-05,864
2022-03-05,865
2022-03-06,868.5
2022-03-06,868
2022-03-06,869
2022-03-07,872.5
2022-03-07,870
2022-03-07,875
2022-03-08,872.5
2022-03-08,873
2022-03-08,872
2022-03-09,871
2022-03-09,870
2022-03-09,872
2022-03-10,873
2022-03-10,873
2022-03-10,873
2022-03-11,870.5
2022-03-11,871
2022-03-11,870
2022-03-12,867
2022-03-12,868
2022-03-12,866
2022-03-13,864.5
2022-03-13,865
2022-03-13,864
2022-03-14,863.5
2022-03-14,863
2022-03-14,864
2022-03-15,865
2022-03-15,864
2022-03-15,866
2022-03-16,864.5
2022-03-16,865
2022-03-16,864
2022-03-17,867
2022-03-17,866
2022-03-17,868
2022-03-18,871.5
2022-03-18,870
2022-03-18,873
2022-03-19,873.5
2022-03-19,872
2022-03-19,875
2022-03-20,880
2022-03-20,878
2022-03-20,882
2022-03-21,888.5
2022-03-21,886
2022-03-21,891
2022-03-22,894
2022-03-22,893
2022-03-22,895
2022-03-23,894
2022-03-23,893
2022-03-23,895
2022-03-24,895.5
2022-03-24,895
2022-03-24,896
2022-03-25,896.5
2022-03-25,896
2022-03-25,897
2022-03-26,897.5
2022-03-26,898
2022-03-26,897
2022-03-27,896
2022-03-27,896
2022-03-27,896
2022-03-28,897.5
2022-03-28,897
2022-03-28,898
2022-03-29,906
2022-03-29,904
2022-03-29,908
2022-03-30,911
2022-03-30,910
2022-03-30,912
2022-03-31,914.5
2022-03-31,914
2022-03-31,915
2022-04-01,918
2022-04-01,917
2022-04-01,919
2022-04-02,923
2022-04-02,922
2022-04-02,924
2022-04-03,929
2022-04-03,927
2022-04-03,931
2022-04-04,938
2022-04-04,936
2022-04-04,940
2022-04-05,945
2022-04-05,944
2022-04-05,946
2022-04-06,947.5
2022-04-06,947
2022-04-06,948
2022-04-07,951
2022-04-07,950
2022-04-07,952
2022-04-08,950
2022-04-08,950
2022-04-08,950
2022-04-09,952
2022-04-09,952
2022-04-09,952
2022-04-10,950
2022-04-10,950
2022-04-10,950
2022-04-11,947.5
2022-04-11,948
2022-04-11,947
2022-04-12,945
2022-04-12,945
2022-04-12,945
2022-04-13,943.5
2022-04-13,944
2022-04-13,943
2022-04-14,940
2022-04-14,940
2022-04-14,940
2022-04-15,937
2022-04-15,938
2022-04-15,936
2022-04-16,931
2022-04-16,932
2022-04-16,930
2022-04-17,931
2022-04-17,930
2022-04-17,932
2022-04-18,927
2022-04-18,928
2022-04-18,926
2022-04-19,924.5
2022-04-19,924
2022-04-19,925
2022-04-20,920.5
2022-04-20,922
2022-04-20,919
2022-04-21,916
2022-04-21,917
2022-04-21,915
2022-04-22,911.5
2022-04-22,912
2022-04-22,911
2022-04-23,910
2022-04-23,910
2022-04-23,910
2022-04-24,908.5
2022-04-24,909
2022-04-24,908
2022-04-25,907.5
2022-04-25,908
2022-04-25,907
2022-04-26,901
2022-04-26,902
2022-04-26,900
2022-04-27,894
2022-04-27,896
2022-04-27,892
2022-04-28,885.5
2022-04-28,887
2022-04-28,884
2022-04-29,877
2022-04-29,879
2022-04-29,875
2022-04-30,872
2022-04-30,873
2022-04-30,871
2022-05-01,866
2022-05-01,868
2022-05-01,864
2022-05-02,859
2022-05-02,860
2022-05-02,858
2022-05-03,853
2022-05-03,854
2022-05-03,852
2022-05-04,848.5
2022-05-04,850
2022-05-04,847
2022-05-05,841.5
2022-05-05,843
2022-05-05,840
2022-05-06,834
2022-05-06,836
2022-05-06,832
2022-05-07,829.5
2022-05-07,830
2022-05-07,829
2022-05-08,824
2022-05-08,826
2022-05-08,822
2022-05-09,819
2022-05-09,820
2022-05-09,818
2022-05-10,812
2022-05-10,814
2022-05-10,810
2022-05-11,856
2022-05-11,907
2022-05-11,805
2022-05-12,801
2022-05-12,802
2022-05-12,800
2022-05-13,792
2022-05-13,794
2022-05-13,790
2022-05-14,785.5
2022-05-14,787
2022-05-14,784
2022-05-15,781
2022-05-15,782
2022-05-15,780
2022-05-16,775
2022-05-16,778
2022-05-16,772
2022-05-17,774.5
2022-05-17,775
2022-05-17,774
2022-05-18,772
2022-05-18,772
2022-05-18,772
2022-05-19,770
2022-05-19,770
2022-05-19,770
2022-05-20,769
2022-05-20,769
2022-05-20,769
2022-05-21,768
2022-05-21,768
2022-05-21,768
2022-05-22,766.5
2022-05-22,767
2022-05-22,766
2022-05-23,765
2022-05-23,765
2022-05-23,765
2022-05-24,764.5
2022-05-24,765
2022-05-24,764
2022-05-25,763
2022-05-25,764
2022-05-25,762
2022-05-26,759
2022-05-26,760
2022-05-26,758
2022-05-27,756.5
2022-05-27,757
2022-05-27,756
2022-05-28,755
2022-05-28,755
2022-05-28,755
2022-05-29,752.5
2022-05-29,754
2022-05-29,751
2022-05-30,749.5
2022-05-30,749
2022-05-30,750
2022-05-31,748
2022-05-31,748
2022-05-31,748
2022-06-01,744.5
2022-06-01,746
2022-06-01,743
2022-06-02,741
2022-06-02,742
2022-06-02,740
2022-06-03,740
2022-06-03,740
2022-06-03,740
2022-06-04,741.5
2022-06-04,742
2022-06-04,741
2022-06-05,739.5
2022-06-05,740
2022-06-05,739
2022-06-06,739
2022-06-06,738
2022-06-06,740
2022-06-07,739
2022-06-07,741
2022-06-07,737
2022-06-08,741
2022-06-08,742
2022-06-08,740
2022-06-09,739
2022-06-09,740
2022-06-09,738
2022-06-10,740
2022-06-10,741
2022-06-10,739
2022-06-11,744.5
2022-06-11,756
2022-06-11,733
2022-06-12,730.5
2022-06-12,730
2022-06-12,731
2022-06-13,729
2022-06-13,729
2022-06-13,729
2022-06-14,728.5
2022-06-14,728
2022-06-14,729
2022-06-15,731
2022-06-15,730
2022-06-15,732
2022-06-16,734
2022-06-16,734
2022-06-16,734
2022-06-17,734.5
2022-06-17,735
2022-06-17,734
2022-06-18,733.5
2022-06-18,734
2022-06-18,733
2022-06-19,734
2022-06-19,734
2022-06-19,734
2022-06-20,732
2022-06-20,732
2022-06-20,732
2022-06-21,730.5
2022-06-21,731
2022-06-21,730
2022-06-22,728
2022-06-22,728
2022-06-22,728
2022-06-23,725.5
2022-06-23,726
2022-06-23,725
2022-06-24,724
2022-06-24,724
2022-06-24,724
2022-06-25,721
2022-06-25,722
2022-06-25,720
2022-06-26,715
2022-06-26,717
2022-06-26,713
2022-06-27,709
2022-06-27,710
2022-06-27,708
2022-06-28,706
2022-06-28,707
2022-06-28,705
2022-06-29,702.5
2022-06-29,703
2022-06-29,702
2022-06-30,701
2022-06-30,700
2022-06-30,702
2022-07-01,699
2022-07-01,700
2022-07-01,698
2022-07-02,701
2022-07-02,700
2022-07-02,702
2022-07-03,699
2022-07-03,700
2022-07-03,698
2022-07-04,697.5
2022-07-04,697
2022-07-04,698
2022-07-05,696.5
2022-07-05,696
2022-07-05,697
2022-07-06,693.5
2022-07-06,695
2022-07-06,692
2022-07-07,689
2022-07-07,690
2022-07-07,688
2022-07-08,683.5
2022-07-08,685
2022-07-08,682
2022-07-09,679.5
2022-07-09,680
2022-07-09,679
2022-07-10,679
2022-07-10,680
2022-07-10,678
2022-07-11,678.5
2022-07-11,680
2022-07-11,677
2022-07-12,674.5
2022-07-12,675
2022-07-12,674
2022-07-13,672.5
2022-07-13,672
2022-07-13,673
2022-07-14,672
2022-07-14,672
2022-07-14,672
2022-07-15,670.5
2022-07-15,670
2022-07-15,671
2022-07-16,671
2022-07-16,672
2022-07-16,670
2022-07-17,670
2022-07-17,670
2022-07-17,670
2022-07-18,667.5
2022-07-18,668
2022-07-18,667
2022-07-19,664.5
2022-07-19,665
2022-07-19,664
2022-07-20,659
2022-07-20,660
2022-07-20,658
2022-07-21,654
2022-07-21,655
2022-07-21,653
2022-07-22,651
2022-07-22,652
2022-07-22,650
2022-07-23,646.5
2022-07-23,647
2022-07-23,646
2022-07-24,641.5
2022-07-24,643
2022-07-24,640
2022-07-25,636
2022-07-25,638
2022-07-25,634
2022-07-26,631.5
2022-07-26,632
2022-07-26,631
2022-07-27,629
2022-07-27,630
2022-07-27,628
2022-07-28,625.5
2022-07-28,625
2022-07-28,626
2022-07-29,623
2022-07-29,624
2022-07-29,622
2022-07-30,620.5
2022-07-30,620
2022-07-30,621
2022-07-31,616
2022-07-31,620
2022-07-31,612
2022-08-01,617.5
2022-08-01,618
2022-08-01,617
2022-08-02,615
2022-08-02,615
2022-08-02,615
2022-08-03,613.5
2022-08-03,614
2022-08-03,613
2022-08-04,610
2022-08-04,610
2022-08-04,610
2022-08-05,608.5
2022-08-05,609
2022-08-05,608
2022-08-06,604.5
2022-08-06,605
2022-08-06,604
2022-08-07,602.5
2022-08-07,603
2022-08-07,602
2022-08-08,599
2022-08-08,600
2022-08-08,598
2022-08-09,593
2022-08-09,598
2022-08-09,588
2022-08-10,590.5
2022-08-10,592
2022-08-10,589
2022-08-11,585.5
2022-08-11,587
2022-08-11,584
2022-08-12,582.5
2022-08-12,583
2022-08-12,582
2022-08-13,579.5
2022-08-13,580
2022-08-13,579
2022-08-14,577.5
2022-08-14,578
2022-08-14,577
2022-08-15,577.5
2022-08-15,577
2022-08-15,578
2022-08-16,575.5
2022-08-16,577
2022-08-16,574
2022-08-17,573
2022-08-17,572
2022-08-17,574
2022-08-18,572
2022-08-18,571
2022-08-18,573
2022-08-19,566
2022-08-19,564
2022-08-19,568
2022-08-20,563
2022-08-20,562
2022-08-20,564
2022-08-21,558
2022-08-21,560
2022-08-21,556
2022-08-22,550.5
2022-08-22,553
2022-08-22,548
2022-08-23,541.5
2022-08-23,542
2022-08-23,541
2022-08-24,538
2022-08-24,539
2022-08-24,537
2022-08-25,534
2022-08-25,535
2022-08-25,533
2022-08-26,530.5
2022-08-26,531
2022-08-26,530
2022-08-27,527.5
2022-08-27,528
2022-08-27,527
2022-08-28,524.5
2022-08-28,525
2022-08-28,524
2022-08-29,522
2022-08-29,522
2022-08-29,522
2022-08-30,519
2022-08-30,520
2022-08-30,518
2022-08-31,515.5
2022-08-31,516
2022-08-31,515
2022-09-01,514
2022-09-01,513
2022-09-01,515
2022-09-02,511
2022-09-02,510
2022-09-02,512
2022-09-03,509
2022-09-03,510
2022-09-03,508
2022-09-04,505
2022-09-04,507
2022-09-04,503
2022-09-05,500
2022-09-05,498
2022-09-05,502
2022-09-06,494
2022-09-06,492
2022-09-06,496
2022-09-07,491
2022-09-07,492
2022-09-07,490
2022-09-08,490
2022-09-08,488
2022-09-08,492
2022-09-09,488
2022-09-09,486
2022-09-09,490
2022-09-10,488
2022-09-10,488
2022-09-10,488
2022-09-11,477
2022-09-11,478
2022-09-11,476
2022-09-12,469
2022-09-12,468
2022-09-12,470
2022-09-13,467
2022-09-13,468
2022-09-13,466
2022-09-14,460.5
2022-09-14,458
2022-09-14,463
2022-09-15,459
2022-09-15,460
2022-09-15,458
2022-09-16,452.5
2022-09-16,455
2022-09-16,450
2022-09-17,444
2022-09-17,446
2022-09-17,442
2022-09-18,435
2022-09-18,438
2022-09-18,432
2022-09-19,424.5
2022-09-19,426
2022-09-19,423
2022-09-20,413
2022-09-20,416
2022-09-20,410
2022-09-21,406
2022-09-21,404
2022-09-21,408
2022-09-22,399
2022-09-22,402
2022-09-22,396
2022-09-23,389
2022-09-23,392
2022-09-23,386
2022-09-24,374
2022-09-24,378
2022-09-24,370
2022-09-25,367
2022-09-25,362
2022-09-25,372
2022-09-26,369
2022-09-26,370
2022-09-26,368
2022-09-27,364
2022-09-27,365
2022-09-27,363
2022-09-28,359
2022-09-28,360
2022-09-28,358
2022-09-29,358
2022-09-29,354
2022-09-29,362
2022-09-30,350
2022-09-30,347
2022-09-30,353
2022-10-01,346.5
2022-10-01,348
2022-10-01,345
2022-10-02,336
2022-10-02,340
2022-10-02,332
2022-10-03,319
2022-10-03,322
2022-10-03,316
2022-10-04,310.5
2022-10-04,312
2022-10-04,309
2022-10-05,301
2022-10-05,300
2022-10-05,302
2022-10-06,298.5
2022-10-06,300
2022-10-06,297
2022-10-07,288
2022-10-07,290
2022-10-07,286
2022-10-08,279
2022-10-08,280
2022-10-08,278
2022-10-09,273
2022-10-09,274
2022-10-09,272
2022-10-10,271.5
2022-10-10,270
2022-10-10,273
2022-10-11,265
2022-10-11,268
2022-10-11,262
2022-10-12,258
2022-10-12,260
2022-10-12,256
2022-10-13,251
2022-10-13,252
2022-10-13,250
2022-10-14,247
2022-10-14,248
2022-10-14,246
2022-10-15,246.5
2022-10-15,244
2022-10-15,249
2022-10-16,242
2022-10-16,240
2022-10-16,244
2022-10-17,241
2022-10-17,242
2022-10-17,240
2022-10-18,236
2022-10-18,237
2022-10-18,235
2022-10-19,233
2022-10-19,233
2022-10-19,233
2022-10-20,233
2022-10-20,234
2022-10-20,232
2022-10-21,231
2022-10-21,232
2022-10-21,230
2022-10-22,232.5
2022-10-22,233
2022-10-22,232
2022-10-23,234.5
2022-10-23,234
2022-10-23,235
2022-10-24,233.5
2022-10-24,235
2022-10-24,232
2022-10-25,230
2022-10-25,230
2022-10-25,230
2022-10-26,228
2022-10-26,228
2022-10-26,228
2022-10-27,227.5
2022-10-27,227
2022-10-27,228
2022-10-28,229
2022-10-28,228
2022-10-28,230
2022-10-29,229
2022-10-29,230
2022-10-29,228
2022-10-30,227.5
2022-10-30,227
2022-10-30,228
2022-10-31,235
2022-10-31,232
2022-10-31,238
2022-11-01,250.5
2022-11-01,247
2022-11-01,254
2022-11-02,259
2022-11-02,260
2022-11-02,258
2022-11-03,262
2022-11-03,260
2022-11-03,264
2022-11-04,267.5
2022-11-04,267
2022-11-04,268
2022-11-05,267.5
2022-11-05,268
2022-11-05,267
2022-11-06,267
2022-11-06,268
2022-11-06,266
2022-11-07,263
2022-11-07,262
2022-11-07,264
2022-11-08,261
2022-11-08,262
2022-11-08,260
2022-11-09,259
2022-11-09,260
2022-11-09,258
2022-11-10,257.5
2022-11-10,258
2022-11-10,257
2022-11-11,254.5
2022-11-11,255
2022-11-11,254
2022-11-12,252.5
2022-11-12,253
2022-11-12,252
2022-11-13,247
2022-11-13,248
2022-11-13,246
2022-11-14,243.5
2022-11-14,245
2022-11-14,242
2022-11-15,239
2022-11-15,240
2022-11-15,238
2022-11-16,235.5
2022-11-16,237
2022-11-16,234
2022-11-17,229
2022-11-17,230
2022-11-17,228
2022-11-18,227.5
2022-11-18,228
2022-11-18,227
2022-11-19,227.5
2022-11-19,227
2022-11-19,228
2022-11-20,228.5
2022-11-20,229
2022-11-20,228
2022-11-21,225.5
2022-11-21,226
2022-11-21,225
2022-11-22,226
2022-11-22,224
2022-11-22,228
2022-11-23,230
2022-11-23,229
2022-11-23,231
2022-11-24,235.5
2022-11-24,234
2022-11-24,237
2022-11-25,239
2022-11-25,238
2022-11-25,240
2022-11-26,246
2022-11-26,244
2022-11-26,248
2022-11-27,254
2022-11-27,252
2022-11-27,256
2022-11-28,262
2022-11-28,261
2022-11-28,263
2022-11-29,266.5
2022-11-29,266
2022-11-29,267
2022-11-30,265.5
2022-11-30,265
2022-11-30,266
2022-12-01,268
2022-12-01,267
2022-12-01,269
2022-12-02,274
2022-12-02,272
2022-12-02,276
2022-12-03,279.5
2022-12-03,278
2022-12-03,281
2022-12-04,285.5
2022-12-04,284
2022-12-04,287
2022-12-05,290
2022-12-05,290
2022-12-05,290
2022-12-06,292.5
2022-12-06,292
2022-12-06,293
2022-12-07,291
2022-12-07,290
2022-12-07,292
2022-12-08,295
2022-12-08,294
2022-12-08,296
2022-12-09,298.5
2022-12-09,298
2022-12-09,299
2022-12-10,301
2022-12-10,300
2022-12-10,302
2022-12-11,305.5
2022-12-11,305
2022-12-11,306
2022-12-12,309.5
2022-12-12,308
2022-12-12,311
2022-12-13,314.5
2022-12-13,314
2022-12-13,315
2022-12-14,317
2022-12-14,316
2022-12-14,318
2022-12-15,321.5
2022-12-15,321
2022-12-15,322
2022-12-16,323
2022-12-16,323
2022-12-16,323
2022-12-17,322.5
2022-12-17,323
2022-12-17,322
2022-12-18,323.5
2022-12-18,323
2022-12-18,324
2022-12-19,324.5
2022-12-19,324
2022-12-19,325
2022-12-20,327
2022-12-20,327
2022-12-20,327
2022-12-21,329
2022-12-21,328
2022-12-21,330
2022-12-22,333.5
2022-12-22,332
2022-12-22,335
2022-12-23,339
2022-12-23,338
2022-12-23,340
2022-12-24,345.5
2022-12-24,344
2022-12-24,347
2022-12-25,349
2022-12-25,348
2022-12-25,350
2022-12-26,366
2022-12-26,366
2022-12-26,366
2022-12-27,371
2022-12-27,369
2022-12-27,373
2022-12-28,388
2022-12-28,382
2022-12-28,394
2022-12-29,412
2022-12-29,408
2022-12-29,416
2022-12-30,427
2022-12-30,424
2022-12-30,430
2022-12-31,450
2022-12-31,448
2022-12-31,452
2023-01-01,472
2023-01-01,468
2023-01-01,476
2023-01-02,501
2023-01-02,496
2023-01-02,506
2023-01-03,520.5
2023-01-03,518
2023-01-03,523
2023-01-04,526.5
2023-01-04,525
2023-01-04,528
2023-01-05,529
2023-01-05,528
2023-01-05,530
2023-01-06,529.5
2023-01-06,528
2023-01-06,531
2023-01-07,534
2023-01-07,534
2023-01-07,534
2023-01-08,540
2023-01-08,538
2023-01-08,542
2023-01-09,544.5
2023-01-09,544
2023-01-09,545
2023-01-10,550
2023-01-10,548
2023-01-10,552
2023-01-11,560
2023-01-11,558
2023-01-11,562
2023-01-12,569.5
2023-01-12,568
2023-01-12,571
2023-01-13,576
2023-01-13,575
2023-01-13,577
2023-01-14,578.5
2023-01-14,578
2023-01-14,579
2023-01-15,580
2023-01-15,578
2023-01-15,582
2023-01-16,583
2023-01-16,584
2023-01-16,582
2023-01-17,581
2023-01-17,580
2023-01-17,582
2023-01-18,586
2023-01-18,585
2023-01-18,587
2023-01-19,588
2023-01-19,588
2023-01-19,588
2023-01-20,585
2023-01-20,586
2023-01-20,584
2023-01-21,585
2023-01-21,584
2023-01-21,586
2023-01-22,584.5
2023-01-22,585
2023-01-22,584
2023-01-23,583
2023-01-23,583
2023-01-23,583
2023-01-24,585.5
2023-01-24,587
2023-01-24,584
2023-01-25,587.5
2023-01-25,587
2023-01-25,588
2023-01-26,589
2023-01-26,588
2023-01-26,590
2023-01-27,591
2023-01-27,592
2023-01-27,590
2023-01-28,588.5
2023-01-28,589
2023-01-28,588
2023-01-29,585.5
2023-01-29,586
2023-01-29,585
2023-01-30,584.5
2023-01-30,583
2023-01-30,586
2023-01-31,585.5
2023-01-31,585
2023-01-31,586
2023-02-01,587.5
2023-02-01,587
2023-02-01,588
2023-02-02,591.5
2023-02-02,590
2023-02-02,593
2023-02-03,597
2023-02-03,596
2023-02-03,598
2023-02-04,603.5
2023-02-04,602
2023-02-04,605
2023-02-05,608.5
2023-02-05,608
2023-02-05,609
2023-02-06,613.5
2023-02-06,612
2023-02-06,615
2023-02-07,621
2023-02-07,618
2023-02-07,624
2023-02-08,630
2023-02-08,628
2023-02-08,632
2023-02-09,637
2023-02-09,636
2023-02-09,638
2023-02-10,643.5
2023-02-10,642
2023-02-10,645
2023-02-11,647
2023-02-11,646
2023-02-11,648
2023-02-12,654.5
2023-02-12,655
2023-02-12,654
2023-02-13,656.5
2023-02-13,657
2023-02-13,656
2023-02-14,655
2023-02-14,654
2023-02-14,656
2023-02-15,656.5
2023-02-15,657
2023-02-15,656
2023-02-16,662
2023-02-16,661
2023-02-16,663
2023-02-17,666
2023-02-17,665
2023-02-17,667
2023-02-18,668.5
2023-02-18,668
2023-02-18,669
2023-02-19,670.5
2023-02-19,670
2023-02-19,671
2023-02-20,671
2023-02-20,670
2023-02-20,672
2023-02-21,674
2023-02-21,673
2023-02-21,675
2023-02-22,679
2023-02-22,678
2023-02-22,680
2023-02-23,685
2023-02-23,683
2023-02-23,687
2023-02-24,696
2023-02-24,694
2023-02-24,698
2023-02-25,704.5
2023-02-25,703
2023-02-25,706
2023-02-26,713.5
2023-02-26,711
2023-02-26,716
2023-02-27,724
2023-02-27,722
2023-02-27,726
2023-02-28,730
2023-02-28,728
2023-02-28,732
2023-03-01,733
2023-03-01,734
2023-03-01,732
2023-03-02,733
2023-03-02,734
2023-03-02,732
2023-03-03,734.5
2023-03-03,734
2023-03-03,735
2023-03-04,736.5
2023-03-04,736
2023-03-04,737
2023-03-05,738
2023-03-05,738
2023-03-05,738
2023-03-06,744.5
2023-03-06,740
2023-03-06,749
2023-03-07,745.5
2023-03-07,744
2023-03-07,747
2023-03-08,750
2023-03-08,749
2023-03-08,751
2023-03-09,754.5
2023-03-09,754
2023-03-09,755
2023-03-10,757.5
2023-03-10,757
2023-03-10,758
2023-03-11,762
2023-03-11,761
2023-03-11,763
2023-03-12,764.5
2023-03-12,764
2023-03-12,765
2023-03-13,767
2023-03-13,768
2023-03-13,766
2023-03-14,771
2023-03-14,770
2023-03-14,772
2023-03-15,776.5
2023-03-15,775
2023-03-15,778
2023-03-16,776.5
2023-03-16,777
2023-03-16,776
2023-03-17,779
2023-03-17,778
2023-03-17,780
2023-03-18,784
2023-03-18,782
2023-03-18,786
2023-03-19,799.5
2023-03-19,792
2023-03-19,807
2023-03-20,815
2023-03-20,814
2023-03-20,816
2023-03-21,822.5
2023-03-21,820
2023-03-21,825
2023-03-22,830
2023-03-22,823
2023-03-22,837
2023-03-23,845.5
2023-03-23,843
2023-03-23,848
2023-03-24,853.5
2023-03-24,852
2023-03-24,855
2023-03-25,860
2023-03-25,858
2023-03-25,862
2023-03-26,864.5
2023-03-26,863
2023-03-26,866
2023-03-27,871.5
2023-03-27,870
2023-03-27,873
2023-03-28,875.5
2023-03-28,875
2023-03-28,876
2023-03-29,877.5
2023-03-29,877
2023-03-29,878
2023-03-30,879.5
2023-03-30,879
2023-03-30,880
2023-03-31,885.5
2023-03-31,884
2023-03-31,887
2023-04-01,890.5
2023-04-01,889
2023-04-01,892
2023-04-02,894
2023-04-02,893
2023-04-02,895
2023-04-03,898
2023-04-03,897
2023-04-03,899
2023-04-04,905.5
2023-04-04,903
2023-04-04,908
2023-04-05,913.5
2023-04-05,912
2023-04-05,915
2023-04-06,916.5
2023-04-06,916
2023-04-06,917
2023-04-07,921
2023-04-07,920
2023-04-07,922
2023-04-08,924
2023-04-08,923
2023-04-08,925
2023-04-09,927.5
2023-04-09,927
2023-04-09,928
2023-04-10,925
2023-04-10,926
2023-04-10,924
2023-04-11,921
2023-04-11,922
2023-04-11,920
2023-04-12,927.5
2023-04-12,928
2023-04-12,927
2023-04-13,927
2023-04-13,928
2023-04-13,926
2023-04-14,932
2023-04-14,930
2023-04-14,934
2023-04-15,944
2023-04-15,942
2023-04-15,946
2023-04-16,953.5
2023-04-16,953
2023-04-16,954
2023-04-17,957
2023-04-17,956
2023-04-17,958
2023-04-18,949
2023-04-18,952
2023-04-18,946
2023-04-19,935
2023-04-19,938
2023-04-19,932
2023-04-20,926
2023-04-20,928
2023-04-20,924
2023-04-21,917
2023-04-21,919
2023-04-21,915
2023-04-22,906
2023-04-22,908
2023-04-22,904
2023-04-23,899
2023-04-23,902
2023-04-23,896
2023-04-24,887
2023-04-24,890
2023-04-24,884
2023-04-25,876.5
2023-04-25,878
2023-04-25,875
2023-04-26,870.5
2023-04-26,872
2023-04-26,869
2023-04-27,866
2023-04-27,867
2023-04-27,865
2023-04-28,860.5
2023-04-28,863
2023-04-28,858
2023-04-29,853
2023-04-29,854
2023-04-29,852
2023-04-30,849
2023-04-30,850
2023-04-30,848
2023-05-01,843.5
2023-05-01,845
2023-05-01,842
2023-05-02,837.5
2023-05-02,839
2023-05-02,836
2023-05-03,830
2023-05-03,832
2023-05-03,828
2023-05-04,825.5
2023-05-04,827
2023-05-04,824
2023-05-05,819.5
2023-05-05,821
2023-05-05,818
2023-05-06,816.5
2023-05-06,817
2023-05-06,816
2023-05-07,811.5
2023-05-07,812
2023-05-07,811
2023-05-08,809.5
2023-05-08,810
2023-05-08,809
2023-05-09,807
2023-05-09,808
2023-05-09,806
2023-05-10,804
2023-05-10,803
2023-05-10,805
2023-05-11,810
2023-05-11,808
2023-05-11,812
2023-05-12,808
2023-05-12,810
2023-05-12,806
2023-05-13,799
2023-05-13,802
2023-05-13,796
2023-05-14,790
2023-05-14,792
2023-05-14,788
2023-05-15,782
2023-05-15,784
2023-05-15,780
2023-05-16,773.5
2023-05-16,775
2023-05-16,772
2023-05-17,768
2023-05-17,768
2023-05-17,768
2023-05-18,765.5
2023-05-18,766
2023-05-18,765
2023-05-19,764.5
2023-05-19,765
2023-05-19,764
2023-05-20,760.5
2023-05-20,762
2023-05-20,759
2023-05-21,756.5
2023-05-21,757
2023-05-21,756
2023-05-22,753
2023-05-22,755
2023-05-22,751
2023-05-23,746
2023-05-23,748
2023-05-23,744
2023-05-24,741
2023-05-24,742
2023-05-24,740
2023-05-25,736.5
2023-05-25,738
2023-05-25,735
2023-05-26,728.5
2023-05-26,731
2023-05-26,726
2023-05-27,719
2023-05-27,720
2023-05-27,718
2023-05-28,714
2023-05-28,715
2023-05-28,713
2023-05-29,709
2023-05-29,710
2023-05-29,708
2023-05-30,703.5
2023-05-30,704
2023-05-30,703
2023-05-31,699
2023-05-31,700
2023-05-31,698
2023-06-01,693.5
2023-06-01,695
2023-06-01,692
2023-06-02,689
2023-06-02,690
2023-06-02,688
2023-06-03,686
2023-06-03,688
2023-06-03,684
2023-06-04,681
2023-06-04,682
2023-06-04,680
2023-06-05,678
2023-06-05,678
2023-06-05,678
2023-06-06,675.5
2023-06-06,676
2023-06-06,675
2023-06-07,676.5
2023-06-07,675
2023-06-07,678
2023-06-08,678
2023-06-08,678
2023-06-08,678
2023-06-09,673.5
2023-06-09,674
2023-06-09,673
2023-06-10,669.5
2023-06-10,671
2023-06-10,668
2023-06-11,666
2023-06-11,667
2023-06-11,665
2023-06-12,663
2023-06-12,664
2023-06-12,662
2023-06-13,663.5
2023-06-13,669
2023-06-13,658
2023-06-14,657
2023-06-14,657
2023-06-14,657
2023-06-15,655
2023-06-15,656
2023-06-15,654
2023-06-16,652
2023-06-16,652
2023-06-16,652
2023-06-17,653.5
2023-06-17,653
2023-06-17,654
2023-06-18,653
2023-06-18,653
2023-06-18,653
2023-06-19,652
2023-06-19,652
2023-06-19,652
2023-06-20,650.5
2023-06-20,651
2023-06-20,650
2023-06-21,652
2023-06-21,652
2023-06-21,652
2023-06-22,649.5
2023-06-22,650
2023-06-22,649
2023-06-23,645.5
2023-06-23,648
2023-06-23,643
2023-06-24,637.5
2023-06-24,640
2023-06-24,635
2023-06-25,627
2023-06-25,630
2023-06-25,624
2023-06-26,617
2023-06-26,618
2023-06-26,616
2023-06-27,612.5
2023-06-27,613
2023-06-27,612
2023-06-28,611.5
2023-06-28,612
2023-06-28,611
2023-06-29,613
2023-06-29,612
2023-06-29,614
2023-06-30,612
2023-06-30,612
2023-06-30,612
2023-07-01,614.5
2023-07-01,614
2023-07-01,615
2023-07-02,614.5
2023-07-02,615
2023-07-02,614
2023-07-03,613.5
2023-07-03,613
2023-07-03,614
2023-07-04,615
2023-07-04,615
2023-07-04,615
2023-07-05,614
2023-07-05,614
2023-07-05,614
2023-07-06,616
2023-07-06,617
2023-07-06,615
2023-07-07,613
2023-07-07,614
2023-07-07,612
2023-07-08,610
2023-07-08,610
2023-07-08,610
2023-07-09,608.5
2023-07-09,609
2023-07-09,608
2023-07-10,607.5
2023-07-10,608
2023-07-10,607
2023-07-11,605.5
2023-07-11,606
2023-07-11,605
2023-07-12,603
2023-07-12,604
2023-07-12,602
2023-07-13,601
2023-07-13,602
2023-07-13,600
2023-07-14,599
2023-07-14,600
2023-07-14,598
2023-07-15,595.5
2023-07-15,596
2023-07-15,595
2023-07-16,591
2023-07-16,592
2023-07-16,590
2023-07-17,586
2023-07-17,588
2023-07-17,584
2023-07-18,581
2023-07-18,582
2023-07-18,580
2023-07-19,578
2023-07-19,578
2023-07-19,578
2023-07-20,577
2023-07-20,576
2023-07-20,578
2023-07-21,577.5
2023-07-21,577
2023-07-21,578
2023-07-22,575.5
2023-07-22,576
2023-07-22,575
2023-07-23,576
2023-07-23,573
2023-07-23,579
2023-07-24,560
2023-07-24,562
2023-07-24,558
2023-07-25,555
2023-07-25,556
2023-07-25,554
2023-07-26,550.5
2023-07-26,552
2023-07-26,549
2023-07-27,544.5
2023-07-27,546
2023-07-27,543
2023-07-28,540
2023-07-28,541
2023-07-28,539
2023-07-29,534
2023-07-29,536
2023-07-29,532
2023-07-30,529
2023-07-30,530
2023-07-30,528
2023-07-31,524
2023-07-31,525
2023-07-31,523
2023-08-01,520.5
2023-08-01,521
2023-08-01,520
2023-08-02,519
2023-08-02,519
2023-08-02,519
2023-08-03,520
2023-08-03,518
2023-08-03,522
2023-08-04,522
2023-08-04,521
2023-08-04,523
2023-08-05,519
2023-08-05,520
2023-08-05,518
2023-08-06,517.5
2023-08-06,518
2023-08-06,517
2023-08-07,514.5
2023-08-07,515
2023-08-07,514
2023-08-08,510.5
2023-08-08,511
2023-08-08,510
2023-08-09,509.5
2023-08-09,510
2023-08-09,509
2023-08-10,504.5
2023-08-10,506
2023-08-10,503
2023-08-11,499.5
2023-08-11,500
2023-08-11,499
2023-08-12,497
2023-08-12,498
2023-08-12,496
2023-08-13,490
2023-08-13,492
2023-08-13,488
2023-08-14,484
2023-08-14,485
2023-08-14,483
2023-08-15,480.5
2023-08-15,481
2023-08-15,480
2023-08-16,477
2023-08-16,478
2023-08-16,476
2023-08-17,471
2023-08-17,472
2023-08-17,470
2023-08-18,466
2023-08-18,468
2023-08-18,464
2023-08-19,461.5
2023-08-19,462
2023-08-19,461
2023-08-20,460
2023-08-20,460
2023-08-20,460
2023-08-21,457.5
2023-08-21,458
2023-08-21,457
2023-08-22,454
2023-08-22,456
2023-08-22,452
2023-08-23,447
2023-08-23,448
2023-08-23,446
2023-08-24,441.5
2023-08-24,443
2023-08-24,440
2023-08-25,436
2023-08-25,437
2023-08-25,435
2023-08-26,431
2023-08-26,432
2023-08-26,430
2023-08-27,426
2023-08-27,427
2023-08-27,425
2023-08-28,416
2023-08-28,418
2023-08-28,414
2023-08-29,412.5
2023-08-29,412
2023-08-29,413
2023-08-30,409
2023-08-30,410
2023-08-30,408
2023-08-31,402.5
2023-08-31,404
2023-08-31,401
2023-09-01,397
2023-09-01,398
2023-09-01,396
2023-09-02,393.5
2023-09-02,394
2023-09-02,393
2023-09-03,391.5
2023-09-03,392
2023-09-03,391
2023-09-04,392
2023-09-04,390
2023-09-04,394
2023-09-05,389
2023-09-05,390
2023-09-05,388
2023-09-06,383.5
2023-09-06,385
2023-09-06,382
2023-09-07,376.5
2023-09-07,378
2023-09-07,375
2023-09-08,370
2023-09-08,372
2023-09-08,368
2023-09-09,359.5
2023-09-09,362
2023-09-09,357
2023-09-10,348
2023-09-10,352
2023-09-10,344
2023-09-11,336
2023-09-11,338
2023-09-11,334
2023-09-12,329
2023-09-12,328
2023-09-12,330
2023-09-13,320
2023-09-13,322
2023-09-13,318
2023-09-14,312
2023-09-14,312
2023-09-14,312
2023-09-15,309
2023-09-15,310
2023-09-15,308
2023-09-16,308
2023-09-16,306
2023-09-16,310
2023-09-17,301.5
2023-09-17,303
2023-09-17,300
2023-11-14,152.5
2023-11-14,152
2023-11-14,153
2023-11-17,143
2023-11-17,144
2023-11-17,142
2023-11-18,141.5
2023-11-18,142
2023-11-18,141
2023-11-19,140
2023-11-19,140
2023-11-19,140
2023-11-20,138
2023-11-20,138
2023-11-20,138
2023-11-21,136.5
2023-11-21,137
2023-11-21,136
2023-11-22,133.5
2023-11-22,134
2023-11-22,133
2023-11-23,136.5
2023-11-23,135
2023-11-23,138
2023-11-24,141
2023-11-24,140
2023-11-24,142
2023-11-25,149
2023-11-25,146
2023-11-25,152
2023-11-26,160
2023-11-26,158
2023-11-26,162
2023-11-27,167.5
2023-11-27,167
2023-11-27,168
2023-11-28,168
2023-11-28,168
2023-11-28,168
2023-11-29,171
2023-11-29,170
2023-11-29,172
2023-12-01,177
2023-12-01,176
2023-12-01,178
2023-12-02,177.5
2023-12-02,176
2023-12-02,179
2023-12-03,176.5
2023-12-03,177
2023-12-03,176
2023-12-04,177.5
2023-12-04,177
2023-12-04,178
2023-12-05,179.5
2023-12-05,180
2023-12-05,179
2023-12-06,177.5
2023-12-06,177
2023-12-06,178
2023-12-07,176
2023-12-07,176
2023-12-07,176
2023-12-08,174.5
2023-12-08,175
2023-12-08,174
2023-12-09,172
2023-12-09,172
2023-12-09,172
2023-12-10,172.5
2023-12-10,173
2023-12-10,172
2023-12-11,171.5
2023-12-11,172
2023-12-11,171
2023-12-12,171
2023-12-12,170
2023-12-12,172
2023-12-13,178
2023-12-13,176
2023-12-13,180
2023-12-14,185
2023-12-14,184
2023-12-14,186
2023-12-15,191
2023-12-15,190
2023-12-15,192
2023-12-16,196.5
2023-12-16,195
2023-12-16,198
2023-12-17,201.5
2023-12-17,200
2023-12-17,203
2023-12-18,207
2023-12-18,206
2023-12-18,208
2023-12-19,205
2023-12-19,206
2023-12-19,204
2023-12-20,203
2023-12-20,203
2023-12-20,203
2023-12-21,202.5
2023-12-21,202
2023-12-21,203
2023-12-22,206
2023-12-22,205
2023-12-22,207
2023-12-23,211.5
2023-12-23,210
2023-12-23,213
2023-12-24,215
2023-12-24,214
2023-12-24,216
2023-12-25,219
2023-12-25,218
2023-12-25,220
2023-12-26,220.5
2023-12-26,214
2023-12-26,227
2023-12-27,233
2023-12-27,232
2023-12-27,234
2023-12-28,239.5
2023-12-28,237
2023-12-28,242
2023-12-29,247.5
2023-12-29,246
2023-12-29,249
2023-12-30,255.5
2023-12-30,253
2023-12-30,258
2023-12-31,263.5
2023-12-31,263
2023-12-31,264
2024-01-01,267
2024-01-01,266
2024-01-01,268
2024-01-02,272.5
2024-01-02,272
2024-01-02,273
2024-01-03,275
2024-01-03,274
2024-01-03,276
2024-01-04,279
2024-01-04,278
2024-01-04,280
2024-01-05,293.5
2024-01-05,293
2024-01-05,294
2024-01-06,288.5
2024-01-06,287
2024-01-06,290
2024-01-07,295.5
2024-01-07,294
2024-01-07,297
2024-01-08,300.5
2024-01-08,299
2024-01-08,302
2024-01-09,308.5
2024-01-09,306
2024-01-09,311
2024-01-10,316.5
2024-01-10,315
2024-01-10,318
2024-01-11,321
2024-01-11,320
2024-01-11,322
2024-01-12,326.5
2024-01-12,325
2024-01-12,328
2024-01-13,337
2024-01-13,334
2024-01-13,340
2024-01-14,351
2024-01-14,348
2024-01-14,354
2024-01-15,362.5
2024-01-15,360
2024-01-15,365
2024-01-16,372
2024-01-16,370
2024-01-16,374
2024-01-17,381
2024-01-17,379
2024-01-17,383
2024-01-18,381
2024-01-18,380
2024-01-18,382
2024-01-19,383.5
2024-01-19,383
2024-01-19,384
2024-01-20,384
2024-01-20,384
2024-01-20,384
2024-01-21,384.5
2024-01-21,384
2024-01-21,385
2024-01-22,387
2024-01-22,386
2024-01-22,388
2024-01-23,390
2024-01-23,389
2024-01-23,391
2024-01-24,392.5
2024-01-24,392
2024-01-24,393
2024-01-25,395
2024-01-25,394
2024-01-25,396
2024-02-01,421
2024-02-01,420
2024-02-01,422
2024-02-02,428.5
2024-02-02,426
2024-02-02,431
2024-02-03,441.5
2024-02-03,436
2024-02-03,447
2024-02-04,458
2024-02-04,456
2024-02-04,460
2024-02-05,464
2024-02-05,463
2024-02-05,465
2024-02-06,470
2024-02-06,468
2024-02-06,472
2024-02-07,475
2024-02-07,474
2024-02-07,476
2024-02-08,480
2024-02-08,478
2024-02-08,482
2024-02-09,484
2024-02-09,483
2024-02-09,485
2024-02-10,483.5
2024-02-10,484
2024-02-10,483
2024-02-11,487
2024-02-11,486
2024-02-11,488
2024-02-12,493
2024-02-12,492
2024-02-12,494
2024-02-13,498
2024-02-13,497
2024-02-13,499
2024-02-14,502.5
2024-02-14,502
2024-02-14,503
2024-02-15,505.5
2024-02-15,505
2024-02-15,506
2024-02-16,506.5
2024-02-16,507
2024-02-16,506
2024-02-17,505
2024-02-17,505
2024-02-17,505
2024-02-18,507.5
2024-02-18,507
2024-02-18,508
2024-02-19,511
2024-02-19,510
2024-02-19,512
2024-02-20,516.5
2024-02-20,515
2024-02-20,518
2024-02-21,523.5
2024-02-21,522
2024-02-21,525
2024-02-22,528
2024-02-22,528
2024-02-22,528
2024-02-23,526.5
2024-02-23,527
2024-02-23,526
2024-02-24,525.5
2024-02-24,526
2024-02-24,525
2024-02-25,523.5
2024-02-25,524
2024-02-25,523
2024-02-26,527
2024-02-26,526
2024-02-26,528
2024-02-27,524
2024-02-27,525
2024-02-27,523
2024-02-28,523.5
2024-02-28,522
2024-02-28,525
2024-02-29,528
2024-02-29,528
2024-02-29,528
2024-03-01,531
2024-03-01,530
2024-03-01,532
2024-03-02,534.5
2024-03-02,534
2024-03-02,535
2024-03-03,536
2024-03-03,536
2024-03-03,536
2024-03-04,537.5
2024-03-04,537
2024-03-04,538
2024-03-05,542
2024-03-05,542
2024-03-05,542
2024-03-06,542.5
2024-03-06,543
2024-03-06,542
2024-03-07,545
2024-03-07,544
2024-03-07,546
2024-03-08,544.5
2024-03-08,544
2024-03-08,545
2024-03-09,545
2024-03-09,546
2024-03-09,544
2024-03-10,545
2024-03-10,545
2024-03-10,545
2024-03-11,546
2024-03-11,546
2024-03-11,546
2024-03-12,546
2024-03-12,545
2024-03-12,547
2024-03-13,550.5
2024-03-13,549
2024-03-13,552
2024-03-14,556
2024-03-14,554
2024-03-14,558
2024-03-15,562.5
2024-03-15,562
2024-03-15,563
2024-03-16,566
2024-03-16,565
2024-03-16,567
2024-03-17,568
2024-03-17,568
2024-03-17,568
2024-03-18,570
2024-03-18,570
2024-03-18,570
2024-03-19,573
2024-03-19,572
2024-03-19,574
2024-03-20,577
2024-03-20,576
2024-03-20,578
2024-03-21,582.5
2024-03-21,582
2024-03-21,583
2024-03-22,586
2024-03-22,586
2024-03-22,586
2024-03-23,587.5
2024-03-23,587
2024-03-23,588
2024-03-24,586.5
2024-03-24,586
2024-03-24,587
2024-03-25,589
2024-03-25,588
2024-03-25,590
2024-03-26,593
2024-03-26,592
2024-03-26,594
2024-03-27,597
2024-03-27,597
2024-03-27,597
2024-03-28,592
2024-03-28,586
2024-03-28,598
2024-03-29,598.5
2024-03-29,598
2024-03-29,599
2024-03-30,602.5
2024-03-30,602
2024-03-30,603
2024-03-31,603.5
2024-03-31,603
2024-03-31,604
2024-04-01,605.5
2024-04-01,605
2024-04-01,606
2024-04-02,610.5
2024-04-02,609
2024-04-02,612
2024-04-03,618
2024-04-03,616
2024-04-03,620
2024-04-04,629.5
2024-04-04,629
2024-04-04,630
2024-04-05,637.5
2024-04-05,637
2024-04-05,638
2024-04-06,639.5
2024-04-06,639
2024-04-06,640
2024-04-07,644.5
2024-04-07,643
2024-04-07,646
2024-04-08,651
2024-04-08,649
2024-04-08,653
2024-04-09,657
2024-04-09,656
2024-04-09,658
2024-04-10,662
2024-04-10,660
2024-04-10,664
2024-04-11,671
2024-04-11,668
2024-04-11,674
2024-04-12,677
2024-04-12,676
2024-04-12,678
2024-04-13,683.5
2024-04-13,683
2024-04-13,684
2024-04-14,687
2024-04-14,686
2024-04-14,688
2024-04-15,688
2024-04-15,690
2024-04-15,686
2024-04-16,684.5
2024-04-16,685
2024-04-16,684
2024-04-17,682.5
2024-04-17,683
2024-04-17,682
2024-04-18,684.5
2024-04-18,684
2024-04-18,685
2024-04-19,690
2024-04-19,688
2024-04-19,692
2024-04-20,697
2024-04-20,696
2024-04-20,698
2024-04-21,705.5
2024-04-21,704
2024-04-21,707
2024-04-22,712
2024-04-22,710
2024-04-22,714
2024-04-23,716.5
2024-04-23,715
2024-04-23,718
2024-04-24,724
2024-04-24,722
2024-04-24,726
2024-04-25,732
2024-04-25,730
2024-04-25,734
2024-04-26,741
2024-04-26,738
2024-04-26,744
2024-04-27,750
2024-04-27,748
2024-04-27,752
2024-04-28,746
2024-04-28,747
2024-04-28,745
2024-04-29,741
2024-04-29,742
2024-04-29,740
2024-04-30,735.5
2024-04-30,737
2024-04-30,734
2024-05-01,731
2024-05-01,732
2024-05-01,730
2024-05-02,725
2024-05-02,726
2024-05-02,724
2024-05-03,719.5
2024-05-03,721
2024-05-03,718
2024-05-04,713
2024-05-04,714
2024-05-04,712
2024-05-05,707
2024-05-05,709
2024-05-05,705
2024-05-06,700
2024-05-06,702
2024-05-06,698
2024-05-07,693.5
2024-05-07,695
2024-05-07,692
2024-05-08,688
2024-05-08,690
2024-05-08,686
2024-05-09,689
2024-05-09,692
2024-05-09,686
2024-05-10,672.5
2024-05-10,678
2024-05-10,667
2024-05-11,661
2024-05-11,662
2024-05-11,660
2024-05-12,655.5
2024-05-12,657
2024-05-12,654
2024-05-13,643.5
2024-05-13,646
2024-05-13,641
2024-05-14,632.5
2024-05-14,634
2024-05-14,631
2024-05-15,625
2024-05-15,626
2024-05-15,624
2024-05-16,622
2024-05-16,623
2024-05-16,621
2024-05-17,618
2024-05-17,620
2024-05-17,616
2024-05-18,612
2024-05-18,613
2024-05-18,611
2024-05-19,610
2024-05-19,610
2024-05-19,610
2024-05-20,607
2024-05-20,608
2024-05-20,606
2024-05-21,604
2024-05-21,604
2024-05-21,604
2024-05-22,602.5
2024-05-22,603
2024-05-22,602
2024-05-23,601.5
2024-05-23,602
2024-05-23,601
2024-05-24,600
2024-05-24,600
2024-05-24,600
2024-05-25,598.5
2024-05-25,599
2024-05-25,598
2024-05-26,597.5
2024-05-26,598
2024-05-26,597
2024-05-27,596.5
2024-05-27,597
2024-05-27,596
2024-05-28,598
2024-05-28,598
2024-05-28,598
2024-05-29,597
2024-05-29,596
2024-05-29,598
2024-05-30,593
2024-05-30,594
2024-05-30,592
2024-05-31,589
2024-05-31,590
2024-05-31,588
2024-06-01,589
2024-06-01,590
2024-06-01,588
2024-06-02,586
2024-06-02,587
2024-06-02,585
2024-06-03,581
2024-06-03,582
2024-06-03,580
2024-06-04,583
2024-06-04,582
2024-06-04,584
2024-06-05,581.5
2024-06-05,582
2024-06-05,581
2024-06-06,579.5
2024-06-06,580
2024-06-06,579
2024-06-07,577
2024-06-07,578
2024-06-07,576
2024-06-08,577.5
2024-06-08,578
2024-06-08,577
2024-06-09,576
2024-06-09,576
2024-06-09,576
2024-06-10,577.5
2024-06-10,578
2024-06-10,577
2024-06-11,574
2024-06-11,575
2024-06-11,573
2024-06-12,569.5
2024-06-12,571
2024-06-12,568
2024-06-13,567
2024-06-13,568
2024-06-13,566
2024-06-14,564
2024-06-14,565
2024-06-14,563
2024-06-15,561.5
2024-06-15,562
2024-06-15,561
2024-06-16,559.5
2024-06-16,560
2024-06-16,559
2024-06-17,556.5
2024-06-17,557
2024-06-17,556
2024-06-18,552.5
2024-06-18,554
2024-06-18,551
2024-06-19,553
2024-06-19,554
2024-06-19,552
2024-06-20,547.5
2024-06-20,548
2024-06-20,547
2024-06-21,545.5
2024-06-21,547
2024-06-21,544
2024-06-22,542.5
2024-06-22,543
2024-06-22,542
2024-06-23,541.5
2024-06-23,542
2024-06-23,541
2024-06-24,539.5
2024-06-24,540
2024-06-24,539
2024-06-25,534
2024-06-25,535
2024-06-25,533
2024-06-26,539
2024-06-26,540
2024-06-26,538
2024-06-27,538
2024-06-27,539
2024-06-27,537
2024-06-28,535.5
2024-06-28,536
2024-06-28,535
2024-06-29,532
2024-06-29,533
2024-06-29,531
2024-06-30,530
2024-06-30,530
2024-06-30,530
2024-07-01,528.5
2024-07-01,529
2024-07-01,528
2024-07-02,526
2024-07-02,527
2024-07-02,525
2024-07-03,525.5
2024-07-03,526
2024-07-03,525
2024-07-04,528.5
2024-07-04,528
2024-07-04,529
2024-07-05,525
2024-07-05,526
2024-07-05,524
2024-07-06,521.5
2024-07-06,522
2024-07-06,521
2024-07-07,519.5
2024-07-07,520
2024-07-07,519
2024-07-08,514
2024-07-08,515
2024-07-08,513
2024-07-09,514
2024-07-09,515
2024-07-09,513
2024-07-10,509
2024-07-10,510
2024-07-10,508
2024-07-11,510.5
2024-07-11,508
2024-07-11,513
2024-07-12,505.5
2024-07-12,509
2024-07-12,502
2024-07-13,497
2024-07-13,498
2024-07-13,496
2024-07-14,494
2024-07-14,495
2024-07-14,493
2024-07-15,491
2024-07-15,492
2024-07-15,490
2024-07-16,487
2024-07-16,488
2024-07-16,486
2024-07-17,480
2024-07-17,482
2024-07-17,478
2024-07-18,476.5
2024-07-18,477
2024-07-18,476
2024-07-19,477.5
2024-07-19,478
2024-07-19,477
2024-07-20,474.5
2024-07-20,475
2024-07-20,474
2024-07-21,472.5
2024-07-21,473
2024-07-21,472
2024-07-22,469.5
2024-07-22,470
2024-07-22,469
2024-07-23,467.5
2024-07-23,468
2024-07-23,467
2024-07-24,467
2024-07-24,466
2024-07-24,468
2024-07-25,464.5
2024-07-25,466
2024-07-25,463
2024-07-26,461
2024-07-26,462
2024-07-26,460
2024-07-27,458.5
2024-07-27,459
2024-07-27,458
2024-07-28,456.5
2024-07-28,457
2024-07-28,456
2024-07-29,454
2024-07-29,455
2024-07-29,453
2024-07-30,451
2024-07-30,452
2024-07-30,450
2024-07-31,446.5
2024-07-31,448
2024-07-31,445
2024-08-01,442
2024-08-01,443
2024-08-01,441
2024-08-02,440
2024-08-02,440
2024-08-02,440
2024-08-03,437.5
2024-08-03,439
2024-08-03,436
2024-08-04,432
2024-08-04,434
2024-08-04,430
2024-08-05,425.5
2024-08-05,426
2024-08-05,425
2024-08-06,422
2024-08-06,424
2024-08-06,420
2024-08-07,415.5
2024-08-07,418
2024-08-07,413
2024-08-08,410
2024-08-08,411
2024-08-08,409
2024-08-09,407.5
2024-08-09,408
2024-08-09,407
2024-08-10,406
2024-08-10,407
2024-08-10,405
2024-08-11,406
2024-08-11,409
2024-08-11,403
2024-08-12,394.5
2024-08-12,401
2024-08-12,388
2024-08-13,383.5
2024-08-13,386
2024-08-13,381
2024-08-14,377
2024-08-14,378
2024-08-14,376
2024-08-15,372
2024-08-15,374
2024-08-15,370
2024-08-16,363
2024-08-16,366
2024-08-16,360
2024-08-17,359.5
2024-08-17,361
2024-08-17,358
2024-08-18,352
2024-08-18,354
2024-08-18,350
2024-08-19,347
2024-08-19,346
2024-08-19,348
2024-08-20,341.5
2024-08-20,343
2024-08-20,340
2024-08-21,334.5
2024-08-21,330
2024-08-21,339
2024-08-22,334
2024-08-22,335
2024-08-22,333
2024-08-23,334.5
2024-08-23,330
2024-08-23,339
2024-08-24,333
2024-08-24,335
2024-08-24,331
2024-08-25,328.5
2024-08-25,326
2024-08-25,331
2024-08-26,318.5
2024-08-26,318
2024-08-26,319
2024-08-27,304
2024-08-27,306
2024-08-27,302
2024-08-28,295
2024-08-28,298
2024-08-28,292
2024-08-29,286
2024-08-29,288
2024-08-29,284
2024-08-30,277
2024-08-30,280
2024-08-30,274
2024-08-31,265.5
2024-08-31,268
2024-08-31,263
2024-09-01,255
2024-09-01,258
2024-09-01,252
2024-09-02,243
2024-09-02,245
2024-09-02,241
2024-09-03,237
2024-09-03,238
2024-09-03,236
2024-09-04,233
2024-09-04,234
2024-09-04,232
2024-09-05,227
2024-09-05,229
2024-09-05,225
2024-09-06,221.5
2024-09-06,223
2024-09-06,220
2024-09-07,214
2024-09-07,215
2024-09-07,213
2024-09-08,209
2024-09-08,210
2024-09-08,208
2024-09-09,203
2024-09-09,204
2024-09-09,202
2024-09-10,200
2024-09-18,133.5
2024-09-18,134
2024-09-18,133
2024-09-19,131.5
2024-09-19,132
2024-09-19,131
2024-09-20,126
2024-09-20,125
2024-09-20,127
2024-09-21,131
2024-09-21,128
2024-09-21,134
2024-09-22,126
2024-09-22,128
2024-09-22,124
2024-09-23,119
2024-09-23,122
2024-09-23,116
2024-09-24,112
2024-09-24,113
2024-09-24,111
2024-09-25,107
2024-09-25,109
2024-09-25,105
2024-09-26,98.5
2024-09-26,100
2024-09-26,97
2024-09-27,94
2024-09-27,95
2024-09-27,93
2024-09-28,89
2024-09-28,90
2024-09-28,88
2024-09-29,85
2024-09-29,86
2024-09-29,84
2024-09-30,82.5
2024-09-30,83
2024-09-30,82
2024-10-01,94.5
2024-10-01,93
2024-10-01,96
2024-10-02,92
2024-10-02,94
2024-10-02,90
2024-10-03,85
2024-10-03,86
2024-10-03,84
2024-10-04,83.5
2024-10-04,83
2024-10-04,84
2024-10-05,85.5
2024-10-05,85
2024-10-05,86
2024-10-06,87
2024-10-06,87
2024-10-06,87
2024-10-07,88
2024-10-07,89
2024-10-07,87
2024-10-08,87.5
2024-10-08,88
2024-10-08,87
2024-10-09,87.5
2024-10-09,88
2024-10-09,87
2024-10-10,86
2024-10-10,86
2024-10-10,86
2024-10-11,84.5
2024-10-11,85
2024-10-11,84
2024-10-12,85.5
2024-10-12,85
2024-10-12,86
2024-10-13,85.5
2024-10-13,86
2024-10-13,85
2024-10-14,86.5
2024-10-14,87
2024-10-14,86
2024-10-15,87.5
2024-10-15,88
2024-10-15,87
2024-10-16,90
2024-10-16,91
2024-10-16,89
2024-10-17,90.5
2024-10-17,91
2024-10-17,90
2024-10-18,92.5
2024-10-18,93
2024-10-18,92
2024-10-19,92.5
2024-10-19,92
2024-10-19,93
2024-10-20,93.5
2024-10-20,93
2024-10-20,94
2024-10-21,96.5
2024-10-21,95
2024-10-21,98
2024-10-22,100
2024-10-22,100
2024-10-22,100
2024-10-23,101.5
2024-10-23,101
2024-10-23,102
2024-10-24,102.5
2024-10-24,102
2024-10-24,103
2024-10-25,101.5
2024-10-25,102
2024-10-25,101
2024-10-26,100
2024-10-26,100
2024-10-26,100
2024-10-27,98.5
2024-10-27,99
2024-10-27,98
2024-10-28,98.5
2024-10-28,98
2024-10-28,99
2024-10-29,104
2024-10-29,102
2024-10-29,106
2024-10-30,110
2024-10-30,108
2024-10-30,112
2024-10-31,112.5
2024-10-31,112
2024-10-31,113
2024-11-01,116
2024-11-01,115
2024-11-01,117
2024-11-02,121.5
2024-11-02,120
2024-11-02,123
2024-11-03,126
2024-11-03,125
2024-11-03,127
2024-11-04,130.5
2024-11-04,130
2024-11-04,131
2024-11-05,132
2024-11-05,131
2024-11-05,133
2024-11-06,137
2024-11-06,136
2024-11-06,138
2024-11-07,140.5
2024-11-07,140
2024-11-07,141
2024-11-08,143.5
2024-11-08,143
2024-11-08,144
2024-11-09,146
2024-11-09,145
2024-11-09,147
2024-11-10,149.5
2024-11-10,148
2024-11-10,151
2024-11-11,152.5
2024-11-11,152
2024-11-11,153
2024-11-12,156
2024-11-12,155
2024-11-12,157
2024-11-13,159.5
2024-11-13,159
2024-11-13,160
2024-11-14,164
2024-11-14,162
2024-11-14,166
2024-11-15,166
2024-11-15,170
2024-11-15,162
2024-11-16,182
2024-11-16,178
2024-11-16,186
2024-11-17,191
2024-11-17,192
2024-11-17,190
2024-11-18,207
2024-11-18,204
2024-11-18,210
2024-11-19,216.5
2024-11-19,215
2024-11-19,218
2024-11-20,226.5
2024-11-20,225
2024-11-20,228
2024-11-21,235
2024-11-21,233
2024-11-21,237
2024-11-22,240.5
2024-11-22,240
2024-11-22,241
2024-11-23,243
2024-11-23,243
2024-11-23,243
2024-11-24,244.5
2024-11-24,244
2024-11-24,245
2024-11-25,246
2024-11-25,245
2024-11-25,247
2024-11-26,249
2024-11-26,249
2024-11-26,249
2024-11-27,237.5
2024-11-27,239
2024-11-27,236
2024-11-28,232
2024-11-28,233
2024-11-28,231
2024-11-29,230.5
2024-11-29,231
2024-11-29,230
2024-11-30,227.5
2024-11-30,228
2024-11-30,227
2024-12-01,221.5
2024-12-01,222
2024-12-01,221
2024-12-02,220
2024-12-02,220
2024-12-02,220
2024-12-03,219.5
2024-12-03,219
2024-12-03,220
2024-12-04,222
2024-12-04,221
2024-12-04,223
2024-12-05,226.5
2024-12-05,226
2024-12-05,227
2024-12-06,229.5
2024-12-06,229
2024-12-06,230
2024-12-07,231.5
2024-12-07,231
2024-12-07,232
2024-12-08,233
2024-12-08,230
2024-12-08,236
2024-12-09,241.5
2024-12-09,240
2024-12-09,243
2024-12-10,244.5
2024-12-10,237
2024-12-10,252
2024-12-11,256.5
2024-12-11,254
2024-12-11,259
2024-12-12,261
2024-12-12,260
2024-12-12,262
2024-12-13,266.5
2024-12-13,266
2024-12-13,267
2024-12-14,271.5
2024-12-14,270
2024-12-14,273
2024-12-15,276
2024-12-15,275
2024-12-15,277
2024-12-16,281
2024-12-16,280
2024-12-16,282
2024-12-17,285
2024-12-17,284
2024-12-17,286
2024-12-18,291.5
2024-12-18,289
2024-12-18,294
2024-12-19,296
2024-12-19,295
2024-12-19,297
2024-12-20,300.5
2024-12-20,299
2024-12-20,302
2024-12-21,307.5
2024-12-21,306
2024-12-21,309
2025-01-01,392
2025-01-01,390
2025-01-01,394
2025-01-02,398.5
2025-01-02,397
2025-01-02,400
2025-01-03,412.5
2025-01-03,409
2025-01-03,416
2025-01-04,425
2025-01-04,422
2025-01-04,428
2025-01-05,437
2025-01-05,434
2025-01-05,440
2025-01-06,448.5
2025-01-06,446
2025-01-06,451
2025-01-07,459
2025-01-07,456
2025-01-07,462
2025-01-08,473
2025-01-08,470
2025-01-08,476
2025-01-09,486.5
2025-01-09,484
2025-01-09,489
2025-01-10,501
2025-01-10,498
2025-01-10,504
2025-01-11,508
2025-01-11,507
2025-01-11,509
2025-01-12,513
2025-01-12,512
2025-01-12,514
2025-01-13,517
2025-01-13,516
2025-01-13,518
2025-01-14,523.5
2025-01-14,521
2025-01-14,526
2025-01-15,533.5
2025-01-15,529
2025-01-15,538
2025-01-16,553
2025-01-16,549
2025-01-16,557
2025-01-17,564
2025-01-17,561
2025-01-17,567
2025-01-18,580
2025-01-18,578
2025-01-18,582
2025-01-19,589.5
2025-01-19,588
2025-01-19,591
2025-01-20,597
2025-01-20,596
2025-01-20,598
2025-01-21,606
2025-01-21,604
2025-01-21,608
2025-01-22,615
2025-01-22,614
2025-01-22,616
2025-01-23,618.5
2025-01-23,618
2025-01-23,619
2025-01-24,622
2025-01-24,621
2025-01-24,623
2025-01-25,624.5
2025-01-25,624
2025-01-25,625
2025-01-26,626.5
2025-01-26,625
2025-01-26,628
2025-01-27,632.5
2025-01-27,631
2025-01-27,634
2025-01-28,637.5
2025-01-28,638
2025-01-28,637
2025-01-29,635.5
2025-01-29,636
2025-01-29,635
2025-01-30,633.5
2025-01-30,633
2025-01-30,634
2025-01-31,635
2025-01-31,636
2025-01-31,634
2025-02-01,632
2025-02-01,633
2025-02-01,631
2025-02-02,629
2025-02-02,629
2025-02-02,629
2025-02-03,630
2025-02-03,630
2025-02-03,630
2025-02-04,632.5
2025-02-04,631
2025-02-04,634
2025-02-05,638.5
2025-02-05,638
2025-02-05,639
2025-02-06,642
2025-02-06,641
2025-02-06,643
2025-02-07,647.5
2025-02-07,646
2025-02-07,649
2025-02-08,654.5
2025-02-08,652
2025-02-08,657
2025-02-09,663
2025-02-09,661
2025-02-09,665
2025-02-10,672
2025-02-10,670
2025-02-10,674
2025-02-11,678
2025-02-11,676
2025-02-11,680
2025-02-12,685.5
2025-02-12,685
2025-02-12,686
2025-02-13,690
2025-02-13,689
2025-02-13,691
2025-02-14,701
2025-02-14,700
2025-02-14,702
2025-02-15,715
2025-02-15,712
2025-02-15,718
2025-02-16,728
2025-02-16,725
2025-02-16,731
2025-02-17,742
2025-02-17,739
2025-02-17,745
2025-02-18,755
2025-02-18,751
2025-02-18,759
2025-02-19,758.5
2025-02-19,759
2025-02-19,758
2025-02-20,763
2025-02-20,767
2025-02-20,759
2025-02-21,758
2025-02-21,758
2025-02-21,758
2025-02-22,755.5
2025-02-22,756
2025-02-22,755
2025-02-23,754
2025-02-23,755
2025-02-23,753
2025-02-24,751.5
2025-02-24,752
2025-02-24,751
2025-02-25,748.5
2025-02-25,749
2025-02-25,748
2025-02-26,746.5
2025-02-26,746
2025-02-26,747
2025-02-27,748.5
2025-02-27,748
2025-02-27,749
2025-02-28,750.5
2025-02-28,750
2025-02-28,751
2025-03-01,756
2025-03-01,755
2025-03-01,757
2025-03-02,758.5
2025-03-02,758
2025-03-02,759
2025-03-03,759
2025-03-03,759
2025-03-03,759
2025-03-04,761.5
2025-03-04,761
2025-03-04,762
2025-03-05,763.5
2025-03-05,764
2025-03-05,763
2025-03-06,765
2025-03-06,765
2025-03-06,765
2025-03-07,765
2025-03-07,765
2025-03-07,765
2025-03-08,771.5
2025-03-08,769
2025-03-08,774
2025-03-09,774.5
2025-03-09,773
2025-03-09,776
2025-03-10,779.5
2025-03-10,778
2025-03-10,781
2025-03-11,792.5
2025-03-11,790
2025-03-11,795
2025-03-12,805.5
2025-03-12,802
2025-03-12,809
2025-03-13,813.5
2025-03-13,812
2025-03-13,815
2025-03-14,818
2025-03-14,817
2025-03-14,819
2025-03-15,822.5
2025-03-15,821
2025-03-15,824
2025-03-16,826.5
2025-03-16,825
2025-03-16,828
2025-03-17,830
2025-03-17,829
2025-03-17,831
2025-03-18,834
2025-03-18,833
2025-03-18,835
2025-03-19,837.5
2025-03-19,837
2025-03-19,838
2025-03-20,843.5
2025-03-20,843
2025-03-20,844
2025-03-21,843.5
2025-03-21,843
2025-03-21,844
2025-03-22,845.5
2025-03-22,845
2025-03-22,846
2025-03-23,847.5
2025-03-23,847
2025-03-23,848
2025-03-24,849
2025-03-24,849
2025-03-24,849
2025-03-25,851
2025-03-25,851
2025-03-25,851
2025-03-26,852
2025-03-26,852
2025-03-26,852
2025-03-27,854.5
2025-03-27,854
2025-03-27,855
2025-03-28,857.5
2025-03-28,857
2025-03-28,858
2025-03-29,860
2025-03-29,859
2025-03-29,861
2025-03-30,862.5
2025-03-30,862
2025-03-30,863
2025-03-31,865.5
2025-03-31,865
2025-03-31,866
2025-04-01,866
2025-04-01,866
2025-04-01,866
2025-04-02,863.5
2025-04-02,864
2025-04-02,863
2025-04-03,862
2025-04-03,862
2025-04-03,862
2025-04-04,860.5
2025-04-04,861
2025-04-04,860
2025-04-05,858.5
2025-04-05,859
2025-04-05,858
2025-04-06,857
2025-04-06,857
2025-04-06,857
2025-04-07,859
2025-04-07,858
2025-04-07,860
2025-04-08,860.5
2025-04-08,860
2025-04-08,861
2025-04-09,861.5
2025-04-09,861
2025-04-09,862
2025-04-10,860.5
2025-04-10,862
2025-04-10,859
2025-04-11,862
2025-04-11,863
2025-04-11,861
2025-04-12,862
2025-04-12,862
2025-04-12,862
2025-04-13,863
2025-04-13,863
2025-04-13,863
2025-04-14,862.5
2025-04-14,862
2025-04-14,863
2025-04-15,862
2025-04-15,863
2025-04-15,861
2025-04-16,860.5
2025-04-16,861
2025-04-16,860
2025-04-17,857
2025-04-17,859
2025-04-17,855
2025-04-18,850.5
2025-04-18,851
2025-04-18,850
2025-04-19,843.5
2025-04-19,845
2025-04-19,842
2025-04-20,838.5
2025-04-20,840
2025-04-20,837
2025-04-21,832.5
2025-04-21,834
2025-04-21,831
2025-04-22,829.5
2025-04-22,829
2025-04-22,830
2025-04-23,826.5
2025-04-23,829
2025-04-23,824
2025-04-24,820.5
2025-04-24,821
2025-04-24,820
2025-04-25,818.5
2025-04-25,819
2025-04-25,818
2025-04-26,816.5
2025-04-26,817
2025-04-26,816
2025-04-27,811
2025-04-27,812
2025-04-27,810
2025-04-28,807.5
2025-04-28,808
2025-04-28,807
2025-04-29,808
2025-04-29,808
2025-04-29,808
2025-04-30,808
2025-04-30,808
2025-04-30,808
2025-05-01,808
2025-05-01,808
2025-05-01,808
2025-05-02,811
2025-05-02,810
2025-05-02,812
2025-05-03,811
2025-05-03,812
2025-05-03,810
2025-05-04,809.5
2025-05-04,809
2025-05-04,810
2025-05-05,806
2025-05-05,807
2025-05-05,805
2025-05-06,803.5
2025-05-06,805
2025-05-06,802
2025-05-07,799.5
2025-05-07,801
2025-05-07,798
2025-05-08,793.5
2025-05-08,795
2025-05-08,792
2025-05-09,786
2025-05-09,787
2025-05-09,785
2025-05-10,783
2025-05-10,784
2025-05-10,782
2025-05-11,780
2025-05-11,781
2025-05-11,779
2025-05-12,776
2025-05-12,777
2025-05-12,775
2025-05-13,772
2025-05-13,772
2025-05-13,772
2025-05-14,771
2025-05-14,771
2025-05-14,771
2025-05-15,769.5
2025-05-15,770
2025-05-15,769
2025-05-16,768
2025-05-16,768
2025-05-16,768
2025-05-17,766.5
2025-05-17,767
2025-05-17,766
2025-05-18,757.5
2025-05-18,758
2025-05-18,757
2025-05-19,753
2025-05-19,755
2025-05-19,751
2025-05-20,747
2025-05-20,749
2025-05-20,745
2025-05-21,739.5
2025-05-21,741
2025-05-21,738
2025-05-22,735
2025-05-22,736
2025-05-22,734
2025-05-23,730
2025-05-23,731
2025-05-23,729
2025-05-24,726.5
2025-05-24,728
2025-05-24,725
2025-05-25,722.5
2025-05-25,723
2025-05-25,722
2025-05-26,719
2025-05-26,720
2025-05-26,718
2025-05-27,714.5
2025-05-27,715
2025-05-27,714
2025-05-28,714
2025-05-28,713
2025-05-28,715
2025-05-29,714.5
2025-05-29,714
2025-05-29,715
2025-05-30,711
2025-05-30,713
2025-05-30,709
2025-05-31,708
2025-05-31,708
2025-05-31,708
2025-06-01,707
2025-06-01,707
2025-06-01,707
2025-06-02,705.5
2025-06-02,706
2025-06-02,705
2025-06-03,701.5
2025-06-03,703
2025-06-03,700
2025-06-04,697
2025-06-04,697
2025-06-04,697
2025-06-05,695.5
2025-06-05,695
2025-06-05,696
2025-06-06,693.5
2025-06-06,694
2025-06-06,693
2025-06-07,691.5
2025-06-07,692
2025-06-07,691
2025-06-08,690
2025-06-08,690
2025-06-08,690
2025-06-09,689.5
2025-06-09,689
2025-06-09,690
2025-06-10,688
2025-06-10,688
2025-06-10,688
2025-06-11,688
2025-06-11,689
2025-06-11,687
2025-06-12,685.5
2025-06-12,686
2025-06-12,685
2025-06-13,685
2025-06-13,685
2025-06-13,685
2025-06-14,682.5
2025-06-14,683
2025-06-14,682
2025-06-15,681.5
2025-06-15,682
2025-06-15,681
2025-06-16,678.5
2025-06-16,679
2025-06-16,678
2025-06-17,679
2025-06-17,679
2025-06-17,679
2025-06-18,676.5
2025-06-18,677
2025-06-18,676
2025-06-19,674
2025-06-19,674
2025-06-19,674
2025-06-20,674
2025-06-20,674
2025-06-20,674
2025-06-21,672.5
2025-06-21,673
2025-06-21,672
2025-06-22,672.5
2025-06-22,673
2025-06-22,672
2025-06-23,672
2025-06-23,672
2025-06-23,672
2025-06-24,672
2025-06-24,672
2025-06-24,672
2025-06-25,669.5
2025-06-25,670
2025-06-25,669
2025-06-26,668.5
2025-06-26,669
2025-06-26,668
2025-06-27,669
2025-06-27,668
2025-06-27,670
2025-06-28,670
2025-06-28,670
2025-06-28,670
2025-06-29,669
2025-06-29,669
2025-06-29,669
2025-06-30,667.5
2025-06-30,668
2025-06-30,667
2025-07-01,668
2025-07-01,669
2025-07-01,667
2025-07-02,666
2025-07-02,666
2025-07-02,666
2025-07-03,665
2025-07-03,665
2025-07-03,665
2025-07-04,663.5
2025-07-04,664
2025-07-04,663
2025-07-05,664
2025-07-05,664
2025-07-05,664
2025-07-06,662
2025-07-06,662
2025-07-06,662
2025-07-07,658.5
2025-07-07,660
2025-07-07,657
2025-07-08,654
2025-07-08,657
2025-07-08,651
2025-07-09,650
2025-07-09,650
2025-07-09,650
2025-07-10,650
2025-07-10,649
2025-07-10,651
2025-07-11,649.5
2025-07-11,650
2025-07-11,649
2025-07-12,649
2025-07-12,649
2025-07-12,649
2025-07-13,648
2025-07-13,648
2025-07-13,648
2025-07-14,646
2025-07-14,646
2025-07-14,646
2025-07-15,645.5
2025-07-15,645
2025-07-15,646
2025-07-16,646
2025-07-16,646
2025-07-16,646
2025-07-17,645
2025-07-17,645
2025-07-17,645
2025-07-18,643
2025-07-18,643
2025-07-18,643
2025-07-19,642
2025-07-19,642
2025-07-19,642
2025-07-20,641
2025-07-20,641
2025-07-20,641
2025-07-21,639.5
2025-07-21,640
2025-07-21,639
2025-07-22,638.5
2025-07-22,639
2025-07-22,638
2025-07-23,636
2025-07-23,637
2025-07-23,635
2025-07-24,634.5
2025-07-24,635
2025-07-24,634
2025-07-25,633.5
2025-07-25,634
2025-07-25,633
2025-07-26,632.5
2025-07-26,633
2025-07-26,632
2025-07-27,630.5
2025-07-27,631
2025-07-27,630
2025-07-28,629
2025-07-28,630
2025-07-28,628
2025-07-29,627
2025-07-29,627
2025-07-29,627
2025-07-30,625
2025-07-30,626
2025-07-30,624
2025-07-31,623.5
2025-07-31,624
2025-07-31,623
2025-08-01,624
2025-08-01,625
2025-08-01,623
2025-08-02,619
2025-08-02,620
2025-08-02,618
2025-08-03,616.5
2025-08-03,617
2025-08-03,616
2025-08-04,612.5
2025-08-04,613
2025-08-04,612
2025-08-05,611
2025-08-05,611
2025-08-05,611
2025-08-06,609.5
2025-08-06,610
2025-08-06,609
2025-08-07,605.5
2025-08-07,609
2025-08-07,602
2025-08-08,597
2025-08-08,598
2025-08-08,596
2025-08-09,591.5
2025-08-09,593
2025-08-09,590
2025-08-10,589
2025-08-10,590
2025-08-10,588
2025-08-11,586.5
2025-08-11,587
2025-08-11,586
2025-08-12,582.5
2025-08-12,583
2025-08-12,582
2025-08-13,579.5
2025-08-13,580
2025-08-13,579
2025-08-14,580
2025-08-14,580
2025-08-14,580
2025-08-15,581.5
2025-08-15,582
2025-08-15,581
2025-08-16,580
2025-08-16,580
2025-08-16,580
2025-08-17,575
2025-08-17,572
2025-08-17,578
2025-08-18,577.5
2025-08-18,578
2025-08-18,577
2025-08-19,576.5
2025-08-19,577
2025-08-19,576
2025-08-20,571
2025-08-20,572
2025-08-20,570
2025-08-21,567
2025-08-21,568
2025-08-21,566
2025-08-22,563.5
2025-08-22,565
2025-08-22,562
2025-08-23,559
2025-08-23,560
2025-08-23,558
2025-08-24,555
2025-08-24,556
2025-08-24,554
2025-08-25,557.5
2025-08-25,558
2025-08-25,557
2025-08-26,559
2025-08-26,558
2025-08-26,560
2025-08-27,558.5
2025-08-27,559
2025-08-27,558
2025-08-28,550
2025-08-28,552
2025-08-28,548
2025-08-29,542
2025-08-29,544
2025-08-29,540
2025-08-30,543
2025-08-30,544
2025-08-30,542
2025-08-31,536
2025-08-31,538
2025-08-31,534
2025-09-01,531
2025-09-01,530
2025-09-01,532
2025-09-02,532
2025-09-02,528
2025-09-02,536
2025-09-03,523
2025-09-03,522
2025-09-03,524
2025-09-04,517.5
2025-09-04,519
2025-09-04,516
2025-09-05,516.5
2025-09-05,514
2025-09-05,519
2025-09-06,506
2025-09-06,508
2025-09-06,504
2025-09-07,499
2025-09-07,500
2025-09-07,498
2025-09-08,492.5
2025-09-08,494
2025-09-08,491
2025-09-09,492.5
2025-09-09,491
2025-09-09,494
2025-09-10,492
2025-09-10,488
2025-09-10,496
2025-09-11,487
2025-09-11,484
2025-09-11,490
2025-09-12,485
2025-09-12,484
2025-09-12,486
2025-09-13,482.5
2025-09-13,484
2025-09-13,481
2025-09-14,474
2025-09-14,476
2025-09-14,472
2025-09-15,469
2025-09-15,468
2025-09-15,470
2025-09-16,463
2025-09-16,462
2025-09-16,464
2025-09-17,453
2025-09-17,452
2025-09-17,454
2025-09-18,449.5
2025-09-18,448
2025-09-18,451
2025-09-19,443
2025-09-19,442
2025-09-19,444
2025-09-20,434
2025-09-20,436
2025-09-20,432
2025-09-21,428
2025-09-21,430
2025-09-21,426
2025-09-22,429.5
2025-09-22,421
2025-09-22,438
2025-09-23,423
2025-09-23,420
2025-09-23,426
2025-09-24,415
2025-09-24,412
2025-09-24,418
2025-09-25,409
2025-09-25,408
2025-09-25,410
2025-09-26,395
2025-09-26,396
2025-09-26,394
2025-09-27,390
2025-09-27,392
2025-09-27,388
2025-09-28,384
2025-09-28,386
2025-09-28,382
2025-09-29,381
2025-09-29,378
2025-09-29,384
2025-09-30,375.5
2025-09-30,377
2025-09-30,374
2025-10-01,385
2025-10-01,384
2025-10-01,386
2025-10-02,390
2025-10-02,388
2025-10-02,392
2025-10-03,395
2025-10-03,394
2025-10-03,396
2025-10-04,400
2025-10-04,398
2025-10-04,402
2025-10-05,405
2025-10-05,404
2025-10-05,406
2025-10-06,409
2025-10-06,408
2025-10-06,410
2025-10-07,414
2025-10-07,412
2025-10-07,416
2025-10-08,419
2025-10-08,418
2025-10-08,420
2025-10-09,425
2025-10-09,424
2025-10-09,426
2025-10-10,429
2025-10-10,428
2025-10-10,430
2025-10-11,429
2025-10-11,430
2025-10-11,428
2025-10-12,417
2025-10-12,416
2025-10-12,418
2025-10-13,415
2025-10-13,416
2025-10-13,414
2025-10-14,409
2025-10-14,410
2025-10-14,408
2025-10-15,400
2025-10-15,402
2025-10-15,398
2025-10-16,392
2025-10-16,394
2025-10-16,390
2025-10-17,380
2025-10-17,382
2025-10-17,378
2025-10-18,373
2025-10-18,374
2025-10-18,372
2025-10-19,369
2025-10-19,370
2025-10-19,368
2025-10-20,363
2025-10-20,364
2025-10-20,362
2025-10-21,357.5
2025-10-21,360
2025-10-21,355
2025-10-22,348
2025-10-22,350
2025-10-22,346
2025-10-23,340
2025-10-23,342
2025-10-23,338
2025-10-24,328
2025-10-24,330
2025-10-24,326
2025-10-25,316
2025-10-25,320
2025-10-25,312
2025-10-26,301.5
2025-10-26,305
2025-10-26,298
2025-10-27,289
2025-10-27,292
2025-10-27,286
2025-10-28,275
2025-10-28,278
2025-10-28,272
2025-10-29,267
2025-10-29,268
2025-10-29,266
2025-10-30,264
2025-10-30,264
2025-10-30,264
2025-10-31,262.5
2025-10-31,263
2025-10-31,262
2025-11-01,248.31
2025-11-02,245.57
2025-11-03,250.01
2025-11-04,248.78
2025-11-05,242.23
2025-11-06,243.64
2025-11-07,246.57
2025-11-08,250.6
2025-11-09,254.71
2025-11-10,263.86
2025-11-11,260.09
2025-11-12,258.02
2025-11-13,260.46
2025-11-14,260.41
2025-11-15,258.85
2025-11-16,256.62
2025-11-17,258.95
2025-11-18,255.18
2025-11-19,253.15
2025-11-20,256.6
2025-11-21,259.83
2025-11-22,261.77
2025-11-23,263.36
2025-11-24,267.34
2025-11-25,271.72
2025-11-26,275.96
2025-11-27,278.73
2025-11-28,279.06
2025-11-29,280.0
2025-11-30,285.15
2025-12-01,289.32
2025-12-02,294.89
2025-12-03,303.47
2025-12-04,311.94
2025-12-05,320.53
2025-12-06,326.08
2025-12-07,332.92
2025-12-08,341.46
2025-12-09,351.15
2025-12-10,360.46
2025-12-11,366.56
2025-12-12,370.36
2025-12-13,373.07
2025-12-14,376.92
2025-12-15,381.08
2025-12-16,383.25
2025-12-17,384.32
2025-12-18,388.29
2025-12-19,394.26
2025-12-20,401.35
2025-12-21,411.85
2025-12-22,418.85
2025-12-23,425.86
2025-12-24,439.27
2025-12-25,454.66
2025-12-26,467.79
2025-12-27,479.63
2025-12-28,487.43
2025-12-29,490.0
2025-12-30,491.98
2025-12-31,496.31
2026-01-01,501.23
2026-01-02,504.16
2026-01-03,504.31
2026-01-04,504.58
2026-01-05,505.96
2026-01-06,507.71
2026-01-07,510.16
2026-01-08,512.47
2026-01-09,515.19
2026-01-10,515.52
2026-01-11,516.01
2026-01-12,518.87
2026-01-13,517.97
2026-01-14,518.64
2026-01-15,520.47
2026-01-16,525.52
2026-01-17,532.46
2026-01-18,536.28
2026-01-19,538.23
2026-01-20,538.21
2026-01-21,537.05
2026-01-22,536.8
2026-01-23,539.59
2026-01-24,544.13
2026-01-25,550.88
2026-01-26,566.77
2026-01-27,582.14
2026-01-28,593.71
2026-01-29,601.21
2026-01-30,606.74
2026-01-31,609.88
2026-02-01,612.45
2026-02-02,614.07
2026-02-03,614.84
2026-02-04,614.02
2026-02-05,613.42
2026-02-06,614.79
2026-02-07,620.24
2026-02-08,628.1
2026-02-09,630.77
2026-02-10,634.2
2026-02-11,637.96
2026-02-12,641.58
2026-02-13,651.52
2026-02-14,661.67
2026-02-15,670.35
2026-02-16,677.72
2026-02-17,684.33
2026-02-18,690.53
2026-02-19,696.71
2026-02-20,703.69
2026-02-21,713.19
2026-02-22,726.09
2026-02-23,734.84
2026-02-24,746.52
2026-02-25,753.61
2026-02-26,759.44
2026-02-27,776.28
2026-02-28,793.25
2026-03-01,802.72
2026-03-02,807.84
2026-03-03,810.23
2026-03-04,811.15
2026-03-05,810.33
2026-03-06,810.83
2026-03-07,811.12
2026-03-08,812.38
2026-03-09,815.64
2026-03-10,819.55
2026-03-11,824.67
2026-03-12,829.98
2026-03-13,838.9
2026-03-14,843.91
2026-03-15,846.57
2026-03-16,847.23
2026-03-17,846.29
2026-03-18,846.86
2026-03-19,850.38
2026-03-20,853.96
2026-03-21,852.92
2026-03-22,848.1
2026-03-23,843.67
2026-03-24,841.94
2026-03-25,840.72
2026-03-26,839.57
2026-03-27,837.76
2026-03-28,838.04
2026-03-29,839.17
2026-03-30,842.55
2026-03-31,843.85
2026-04-01,844.1
2026-04-02,843.39
2026-04-03,840.1
2026-04-04,835.4
2026-04-05,831.15
2026-04-06,826.12
2026-04-07,821.84
2026-04-08,816.36
2026-04-09,818.51
2026-04-10,816.31
2026-04-11,813.32
2026-04-12,809.82
2026-04-13,803.44
2026-04-14,796.64
2026-04-15,790.07
2026-04-16,786.36
2026-04-17,781.68
2026-04-18,776.86
2026-04-19,780.42
2026-04-20,783.53
2026-04-21,786.57
2026-04-22,786.99
2026-04-23,786.32
2026-04-24,784.23
2026-04-25,779.84
2026-04-26,776.59
2026-04-27,776.45
2026-04-28,778.12
2026-04-29,781.01
2026-04-30,784.29
2026-05-01,788.48
2026-05-02,788.7
2026-05-03,788.52
2026-05-04,790.22
2026-05-05,788.04
2026-05-06,785.8
2026-05-07,778.89
2026-05-08,772.58
2026-05-09,765.6
2026-05-10,758.3
2026-05-11,751.5
2026-05-12,745.28
2026-05-13,741.03
2026-05-14,737.67
2026-05-15,731.84
2026-05-16,728.32
2026-05-17,723.95
2026-05-18,719.22
2026-05-19,714.26
2026-05-20,711.71
2026-05-21,711.93
2026-05-22,715.48
2026-05-23,714.49
2026-05-24,716.82
2026-05-25,713.73
2026-05-26,709.76
2026-05-27,702.84
2026-05-28,697.48
2026-05-29,693.5
2026-05-30,691.25
2026-05-31,688.81
2026-06-01,682.5
2026-06-02,680.6
2026-06-03,678.95
2026-06-04,677.82
2026-06-05,676.99
2026-06-06,676.36
2026-06-07,675.44
2026-06-08,672.64
2026-06-09,672.83
2026-06-10,668.92
2026-06-11,668.94
2026-06-12,669.38
2026-06-13,669.79
2026-06-14,669.26
2026-06-15,668.79
2026-06-16,668.68
2026-06-17,668.97
2026-06-18,670.38
2026-06-19,669.26
2026-06-20,667.66
2026-06-21,665.49
2026-06-22,665.32
2026-06-23,661.04
2026-06-24,658.06
2026-06-25,655.01
2026-06-26,650.49
2026-06-27,651.08
2026-06-28,648.43
2026-06-29,647.2
2026-06-30,648.25
2026-07-01,644.46
2026-07-02,641.68
2026-07-03,638.98
2026-07-04,635.97
2026-07-05,634.27
2026-07-06,635.3
2026-07-07,632.53
2026-07-08,629.52
2026-07-09,629.52
2026-07-10,626.18
2026-07-11,626.55
2026-07-12,621.62
2026-07-13,617.65
2026-07-14,618.69
2026-07-15,614.34
2026-07-16,617.68
2026-07-17,615.64
2026-07-18,614.49
2026-07-19,609.96
2026-07-20,608.82
2026-07-21,608.11
2026-07-22,606.65
2026-07-23,601.09
2026-07-24,599.15
2026-07-25,593.69
2026-07-26,587.01
2026-07-27,579.75
2026-07-28,576.99
2026-07-29,575.81
2026-07-30,572.65
2026-07-31,573.2
2026-08-01,570.67
2026-08-02,565.46
2026-08-03,562.71
2026-08-04,559.57
2026-08-05,556.14
2026-08-06,553.2
2026-08-07,548.35
2026-08-08,543.78
2026-08-09,541.62
2026-08-10,535.73
2026-08-11,531.46
2026-08-12,525.78
2026-08-13,520.24
2026-08-14,514.69
2026-08-15,515.47
2026-08-16,512.46
2026-08-17,510.77
2026-08-18,509.45
2026-08-19,500.39
2026-08-20,493.28
2026-08-21,487.52
2026-08-22,481.46
2026-08-23,474.3
2026-08-24,464.14
2026-08-25,455.65
2026-08-26,451.23
2026-08-27,451.83
2026-08-28,443.85
2026-08-29,439.99
2026-08-30,436.93
2026-08-31,431.97
2026-09-01,430.69
2026-09-02,422.74
2026-09-03,416.11
2026-09-04,409.61
2026-09-05,402.01
2026-09-06,391.49
2026-09-07,385.73
2026-09-08,377.62
2026-09-09,372.39
2026-09-10,369.17
2026-09-11,365.1
2026-09-12,361.58
2026-09-13,358.2
2026-09-14,354.72
2026-09-15,347.54
2026-09-16,338.69
2026-09-17,334.3
2026-09-18,324.06
2026-09-19,315.55
2026-09-20,306.75
2026-09-21,296.51
2026-09-22,283.96
2026-09-23,272.05
2026-09-24,266.62
2026-09-25,261.88
2026-09-26,257.46
2026-09-27,250.41
2026-09-28,251.51
