Data,Cota
1968-07-28,820
1968-07-29,818
1968-07-30,816
1968-07-31,815
1968-08-01,812
1968-08-02,809
1968-08-03,805
1968-08-04,801
1968-08-05,796
1968-08-06,791
1968-08-07,786
1968-08-08,781
1968-08-09,776
1968-08-10,774
1968-08-11,771
1968-08-12,767
1968-08-13,763
1968-08-14,759
1968-08-15,754
1968-08-16,749
1968-08-17,745
1968-08-18,739
1968-08-19,733
1968-08-20,728
1968-08-21,722
1968-08-22,718
1968-08-23,713
1968-08-24,708
1968-08-25,707
1968-08-26,705
1968-08-27,703
1968-08-28,701
1968-08-29,698
1968-08-30,695
1968-08-31,692
1968-09-01,687
1968-09-02,681
1968-09-03,676
1968-09-04,671
1968-09-05,667
1968-09-06,663
1968-09-07,657
1968-09-08,654
1968-09-09,652
1968-09-10,650
1968-09-11,646
1968-09-12,644
1968-09-13,642
1968-09-14,638
1968-09-15,633
1968-09-16,629
1968-09-17,625
1968-09-18,621
1968-09-19,616
1968-09-20,614
1968-09-21,614
1968-09-22,616
1968-09-23,616
1968-09-24,618
1968-09-25,618
1968-09-26,617
1968-09-27,617
1968-09-28,616
1968-09-29,615
1968-09-30,614
1968-10-01,612
1968-10-02,608
1968-10-03,606
1968-10-04,604
1968-10-05,602
1968-10-06,600
1968-10-07,599
1968-10-08,599
1968-10-09,598
1968-10-10,596
1968-10-11,593
1968-10-12,589
1968-10-13,585
1968-10-14,581
1968-10-15,578
1968-10-16,574
1968-10-17,571
1968-10-18,569
1968-10-19,569
1968-10-20,567
1968-10-21,567
1968-10-22,569
1968-10-23,569
1968-10-24,571
1968-10-25,571
1968-10-26,570
1968-10-27,568
1968-10-28,564
1968-10-29,562
1968-10-30,558
1968-10-31,555
1968-11-01,551
1968-11-02,549
1968-11-03,548
1968-11-04,547
1968-11-05,546
1968-11-06,543
1968-11-07,543
1968-11-08,540
1968-11-09,538
1968-11-10,534
1968-11-11,531
1968-11-12,528
1968-11-13,522
1968-11-14,518
1968-11-15,517
1968-11-16,515
1968-11-17,519
1968-11-18,520
1968-11-19,520
1968-11-20,523
1968-11-21,526
1968-11-22,530
1968-11-23,532
1968-11-24,535
1968-11-25,537
1968-11-26,539
1968-11-27,539
1968-11-28,540
1968-11-29,544
1968-11-30,546
1968-12-01,550
1968-12-02,556
1968-12-03,562
1968-12-04,566
1968-12-05,569
1968-12-06,573
1968-12-07,576
1968-12-08,579
1968-12-09,581
1968-12-10,582
1968-12-11,584
1968-12-12,586
1968-12-13,585
1968-12-14,585
1968-12-15,586
1968-12-16,585
1968-12-17,584
1968-12-18,584
1968-12-19,582
1968-12-20,583
1968-12-21,583
1968-12-22,585
1968-12-23,584
1968-12-24,582
1968-12-25,581
1968-12-26,581
1968-12-27,577
1968-12-28,574
1968-12-29,571
1968-12-30,570
1968-12-31,570
1969-01-01,570
1969-01-02,571
1969-01-03,572
1969-01-04,576
1969-01-05,579
1969-01-06,582
1969-01-07,585
1969-01-08,588
1969-01-09,591
1969-01-10,593
1969-01-11,595
1969-01-12,596
1969-01-13,595
1969-01-14,596
1969-01-15,597
1969-01-16,599
1969-01-17,601
1969-01-18,603
1969-01-19,605
1969-01-20,610
1969-01-21,615
1969-01-22,619
1969-01-23,624
1969-01-24,628
1969-01-25,630
1969-01-26,632
1969-01-27,634
1969-01-28,634
1969-01-29,634
1969-01-30,635
1969-01-31,638
1969-02-01,641
1969-02-02,-1928
1969-02-03,-1936
1969-02-04,-7663
1969-02-05,-4691
1969-02-06,-8336
1969-02-07,-8303
1969-02-08,2311
1969-02-09,2432
1969-02-10,1159
1969-02-11,1168
1969-02-12,-6888
1969-02-13,9536
1969-02-14,-6816
1969-02-15,-6049
1969-02-16,7633
1969-02-17,3425
1969-02-18,478
1969-02-19,760
1969-02-20,1020
1969-02-21,376
1969-02-22,1276
1969-02-23,1224
1969-02-24,7632
1969-02-25,3075
1969-02-26,11
1969-02-27,3083
1969-02-28,1122
1969-03-01,-9749
1969-03-02,-7701
1969-03-03,-2581
1969-03-04,491
1969-03-05,6635
1969-03-06,9707
1969-03-07,1175
1969-03-08,8661
1969-03-09,3541
1969-03-10,-555
1969-03-11,-555
1969-03-12,-555
1969-03-13,-1579
1969-03-14,-1579
1969-03-15,1173
1969-03-16,1162
1969-03-17,1162
1969-03-18,1162
1969-03-19,1162
1969-03-20,1162
1969-03-21,1162
1969-03-22,1162
1969-03-23,1162
1969-03-24,1162
1969-03-25,1162
1969-03-26,1162
1969-03-27,1162
1969-03-28,1162
1969-03-29,1162
1969-03-30,1162
1969-03-31,1162
1969-04-01,1162
1969-04-02,1162
1969-04-03,1162
1969-04-04,1162
1969-04-05,1162
1969-04-06,1162
1969-04-07,1162
1969-04-08,1162
1969-04-09,1162
1969-04-10,1162
1969-04-11,1162
1969-04-12,1162
1969-04-13,1162
1969-04-14,1162
1969-04-15,1162
1969-04-16,1162
1969-04-17,1162
1969-04-18,1162
1969-04-19,1162
1969-04-20,1162
1969-04-21,1162
1969-04-22,1162
1969-04-23,1162
1969-04-24,1162
1969-04-25,1162
1969-04-26,1162
1969-04-27,1162
1969-04-28,1162
1969-04-29,1162
1969-04-30,1162
1969-05-01,1162
1969-05-02,1162
1969-05-03,1162
1969-05-04,1162
1969-05-05,1162
1969-05-06,1162
1969-05-07,1162
1969-05-08,1162
1969-05-09,1162
1969-05-10,1162
1969-05-11,1162
1969-05-12,1162
1969-05-13,1162
1969-05-14,1162
1969-05-15,1162
1969-05-16,1162
1969-05-17,1162
1969-05-18,1162
1969-05-19,1162
1969-05-20,1162
1969-05-21,1162
1969-05-22,1162
1969-05-23,1162
1969-05-24,1162
1969-05-25,1162
1969-05-26,1162
1969-05-27,1162
1969-05-28,1162
1969-05-29,1162
1969-05-30,1162
1969-05-31,1162
1969-06-01,1162
1969-06-02,1162
1969-06-03,1162
1969-06-04,1162
1969-06-05,1162
1969-06-06,1162
1969-06-07,1162
1969-06-08,1162
1969-06-09,1162
1969-06-10,1162
1969-06-11,1162
1969-06-12,1162
1969-06-13,1162
1969-06-14,1162
1969-06-15,1162
1969-06-16,1162
1969-06-17,1162
1969-06-18,1162
1969-06-19,1162
1969-06-20,1162
1969-06-21,1162
1969-06-22,1162
1969-06-23,1162
1969-06-24,1162
1969-06-25,1162
1969-06-26,1162
1969-06-27,1162
1969-06-28,1162
1969-06-29,1162
1969-06-30,1162
1969-07-01,1162
1969-07-02,1162
1969-07-03,1162
1969-07-04,1162
1969-07-05,1162
1969-07-06,1162
1969-07-07,1162
1969-07-08,1162
1969-07-09,1162
1969-07-10,1162
1969-07-11,1162
1969-07-12,1162
1969-07-13,1162
1969-07-14,1162
1969-07-15,1162
1969-07-16,1162
1969-07-17,1162
1969-07-18,1162
1969-07-19,1162
1969-07-20,1162
1969-07-21,1162
1969-07-22,1162
1969-07-23,1162
1969-07-24,1162
1969-07-25,1162
1969-07-26,1162
1969-07-27,1162
1969-07-28,1162
1969-07-29,1162
1969-07-30,1162
1969-07-31,1162
1969-08-01,1162
1969-08-02,1162
1969-08-03,-3495
1969-08-04,2848
1969-08-05,2848
1969-08-06,2848
1969-08-07,2848
1969-08-08,2848
1969-08-09,2848
1969-08-10,2848
1969-08-11,2848
1969-08-12,2848
1969-08-13,2848
1969-08-14,2848
1969-08-15,2848
1969-08-16,2848
1969-08-17,2848
1969-08-18,2848
1969-08-19,2848
1969-08-20,2848
1969-08-21,2848
1969-08-22,2848
1969-08-23,2848
1969-08-24,2848
1969-08-25,2848
1969-08-26,2848
1969-08-27,2848
1969-08-28,2848
1969-08-29,2848
1969-08-30,2848
1969-08-31,2848
1969-09-01,2848
1969-09-02,2848
1969-09-03,2848
1969-09-04,2848
1969-09-05,2848
1969-09-06,2848
1969-09-07,2848
1969-09-08,2848
1969-09-09,2848
1969-09-10,2848
1969-09-11,2848
1969-09-12,2848
1969-09-13,2848
1969-09-14,2848
1969-09-15,2848
1969-09-16,2848
1969-09-17,2848
1969-09-18,2848
1969-09-19,2848
1969-09-20,2848
1969-09-21,2848
1969-09-22,2848
1969-09-23,2848
1969-09-24,2848
1969-09-25,2848
1969-09-26,2848
1969-09-27,2848
1969-09-28,2848
1969-09-29,2848
1969-09-30,2848
1969-10-01,2848
1969-10-02,2848
1969-10-03,2848
1969-10-04,2848
1969-10-05,2848
1969-10-06,2848
1969-10-07,2848
1969-10-08,2848
1969-10-09,2848
1969-10-10,2848
1969-10-11,2848
1969-10-12,2848
1969-10-13,2848
1969-10-14,2848
1969-10-15,2848
1969-10-16,2848
1969-10-17,2848
1969-10-18,2848
1969-10-19,2848
1969-10-20,2848
1969-10-21,2848
1969-10-22,2848
1969-10-23,2848
1969-10-24,2848
1969-10-25,2848
1969-10-26,2848
1969-10-27,2848
1969-10-28,2848
1969-10-29,2848
1969-10-30,2848
1969-10-31,2848
1969-11-01,2848
1969-11-02,2848
1969-11-03,2848
1969-11-04,2848
1969-11-05,2848
1969-11-06,2848
1969-11-07,2848
1969-11-08,2848
1969-11-09,2848
1969-11-10,2848
1969-11-11,2848
1969-11-12,2848
1969-11-13,2848
1969-11-14,2848
1969-11-15,2848
1969-11-16,2848
1969-11-17,2848
1969-11-18,2848
1969-11-19,2848
1969-11-20,2848
1969-11-21,2848
1969-11-22,2848
1969-11-23,2848
1969-11-24,2848
1969-11-25,2848
1969-11-26,2848
1969-11-27,2848
1969-11-28,2848
1969-11-29,2848
1969-11-30,2848
1969-12-01,2848
1969-12-02,2848
1969-12-03,2848
1969-12-04,2848
1969-12-05,2848
1969-12-06,2848
1969-12-07,2848
1969-12-08,2848
1969-12-09,2848
1969-12-10,2848
1969-12-11,2848
1969-12-12,2848
1969-12-13,2848
1969-12-14,2848
1969-12-15,2848
1969-12-16,2848
1969-12-17,2848
1969-12-18,2848
1969-12-19,2848
1969-12-20,2848
1969-12-21,2848
1969-12-22,2848
1969-12-23,2848
1969-12-24,2848
1969-12-25,2848
1969-12-26,2848
1969-12-27,2848
1969-12-28,2848
1969-12-29,2848
1969-12-30,2848
1969-12-31,2848
1970-10-01,316
1970-10-01,316
1970-10-02,308
1970-10-02,308
1970-10-03,302
1970-10-03,302
1970-10-04,293
1970-10-04,293
1970-10-05,284
1970-10-05,284
1970-10-06,277
1970-10-06,277
1970-10-07,273
1970-10-07,273
1970-10-08,267
1970-10-08,267
1970-10-09,261
1970-10-09,261
1970-10-10,256
1970-10-10,256
1970-10-11,249
1970-10-11,249
1970-10-12,243
1970-10-12,243
1970-10-13,240
1970-10-13,240
1970-10-14,235
1970-10-14,235
1970-10-15,227
1970-10-15,227
1970-10-16,220
1970-10-16,220
1970-10-17,216
1970-10-17,216
1970-10-18,211
1970-10-18,211
1970-10-19,207
1970-10-19,207
1970-10-20,204
1970-10-20,204
1970-10-21,198
1970-10-21,198
1970-10-22,189
1970-10-22,189
1970-10-23,182
1970-10-23,182
1970-10-24,173
1970-10-24,173
1970-10-25,166
1970-10-25,166
1970-10-26,161
1970-10-26,161
1970-10-27,156
1970-10-27,156
1970-10-28,150
1970-10-28,150
1970-10-29,144
1970-10-29,144
1970-10-30,139
1970-10-30,139
1970-10-31,132
1970-10-31,132
1970-11-01,126
1970-11-01,126
1970-11-02,121
1970-11-02,121
1970-11-03,117
1970-11-03,117
1970-11-04,110
1970-11-04,110
1970-11-05,102
1970-11-05,102
1970-11-06,95
1970-11-06,95
1970-11-07,87
1970-11-07,87
1970-11-08,77
1970-11-08,77
1970-11-09,65
1970-11-09,65
1970-11-10,50
1970-11-10,50
1970-11-11,50
1970-11-11,50
1970-11-12,53
1970-11-12,53
1970-11-13,54
1970-11-13,54
1970-11-14,55
1970-11-14,55
1970-11-15,56
1970-11-15,56
1970-11-16,57
1970-11-16,57
1970-11-17,57
1970-11-17,57
1970-11-18,55
1970-11-18,55
1970-11-19,53
1970-11-19,53
1970-11-20,52
1970-11-20,52
1970-11-21,51
1970-11-21,51
1970-11-22,51
1970-11-22,51
1970-11-23,51
1970-11-23,51
1970-11-24,52
1970-11-24,52
1970-11-25,55
1970-11-25,55
1970-11-26,56
1970-11-26,56
1970-11-27,56
1970-11-27,56
1970-11-28,61
1970-11-28,61
1970-11-29,63
1970-11-29,63
1970-11-30,64
1970-11-30,64
1970-12-01,66
1970-12-01,66
1970-12-02,64
1970-12-02,64
1970-12-03,62
1970-12-03,62
1970-12-04,60
1970-12-04,60
1970-12-05,58
1970-12-05,58
1970-12-06,55
1970-12-06,55
1970-12-07,52
1970-12-07,52
1970-12-08,49
1970-12-08,49
1970-12-09,46
1970-12-09,46
1970-12-10,45
1970-12-10,45
1970-12-11,45
1970-12-11,45
1970-12-12,46
1970-12-12,46
1970-12-13,46
1970-12-13,46
1970-12-14,45
1970-12-14,45
1970-12-15,41
1970-12-15,41
1970-12-16,41
1970-12-16,41
1970-12-17,39
1970-12-17,39
1970-12-18,36
1970-12-18,36
1970-12-19,34
1970-12-19,34
1970-12-20,32
1970-12-20,32
1970-12-21,32
1970-12-21,32
1970-12-22,32
1970-12-22,32
1970-12-23,31
1970-12-23,31
1970-12-24,29
1970-12-24,29
1970-12-25,31
1970-12-25,31
1970-12-26,34
1970-12-26,34
1970-12-27,34
1970-12-27,34
1970-12-28,38
1970-12-28,38
1970-12-29,49
1970-12-29,49
1970-12-30,54
1970-12-30,54
1970-12-31,59
1970-12-31,59
1971-01-01,69
1971-01-01,69
1971-01-02,78
1971-01-02,78
1971-01-03,82
1971-01-03,82
1971-01-04,85
1971-01-04,85
1971-01-05,90
1971-01-05,90
1971-01-06,90
1971-01-06,90
1971-01-07,93
1971-01-07,93
1971-01-08,97
1971-01-08,97
1971-01-09,101
1971-01-09,101
1971-01-10,105
1971-01-10,105
1971-01-11,109
1971-01-11,109
1971-01-12,111
1971-01-12,111
1971-01-13,117
1971-01-13,117
1971-01-14,126
1971-01-14,126
1971-01-15,131
1971-01-15,131
1971-01-16,135
1971-01-16,135
1971-01-17,143
1971-01-17,143
1971-01-18,147
1971-01-18,147
1971-01-19,155
1971-01-19,155
1971-01-20,159
1971-01-20,159
1971-01-21,164
1971-01-21,164
1971-01-22,172
1971-01-22,172
1971-01-23,181
1971-01-23,181
1971-01-24,186
1971-01-24,186
1971-01-25,197
1971-01-25,197
1971-01-26,205
1971-01-26,205
1971-01-27,220
1971-01-27,220
1971-01-28,235
1971-01-28,235
1971-01-29,241
1971-01-29,241
1971-01-30,247
1971-01-30,247
1971-01-31,254
1971-01-31,254
1971-02-01,264
1971-02-01,264
1971-02-02,273
1971-02-02,273
1971-02-03,283
1971-02-03,283
1971-02-04,296
1971-02-04,296
1971-02-05,290
1971-02-05,290
1971-02-06,294
1971-02-06,294
1971-02-07,302
1971-02-07,302
1971-02-08,308
1971-02-08,308
1971-02-09,314
1971-02-09,314
1971-02-10,326
1971-02-10,326
1971-02-11,333
1971-02-11,333
1971-02-12,340
1971-02-12,340
1971-02-13,345
1971-02-13,345
1971-02-14,350
1971-02-14,350
1971-02-15,358
1971-02-15,358
1971-02-16,366
1971-02-16,366
1971-02-17,372
1971-02-17,372
1971-02-18,378
1971-02-18,378
1971-02-19,386
1971-02-19,386
1971-02-20,393
1971-02-20,393
1971-02-21,398
1971-02-21,398
1971-02-22,400
1971-02-22,400
1971-02-23,405
1971-02-23,405
1971-02-24,411
1971-02-24,411
1971-02-25,418
1971-02-25,418
1971-02-26,425
1971-02-26,425
1971-02-27,433
1971-02-27,433
1971-02-28,440
1971-02-28,440
1971-03-01,448
1971-03-01,448
1971-03-01,446
1971-03-01,449
1971-03-02,455
1971-03-02,455
1971-03-02,454
1971-03-02,456
1971-03-03,460
1971-03-03,460
1971-03-03,459
1971-03-03,460
1971-03-04,463
1971-03-04,463
1971-03-04,462
1971-03-04,463
1971-03-05,467
1971-03-05,467
1971-03-05,466
1971-03-05,468
1971-03-06,471
1971-03-06,471
1971-03-06,470
1971-03-06,471
1971-03-07,473
1971-03-07,473
1971-03-07,473
1971-03-07,473
1971-03-08,475
1971-03-08,475
1971-03-08,474
1971-03-08,475
1971-03-09,476
1971-03-09,476
1971-03-09,476
1971-03-09,476
1971-03-10,479
1971-03-10,479
1971-03-10,478
1971-03-10,479
1971-03-11,483
1971-03-11,483
1971-03-11,482
1971-03-11,484
1971-03-12,488
1971-03-12,488
1971-03-12,487
1971-03-12,488
1971-03-13,492
1971-03-13,492
1971-03-13,491
1971-03-13,492
1971-03-14,495
1971-03-14,495
1971-03-14,494
1971-03-14,496
1971-03-15,500
1971-03-15,500
1971-03-15,499
1971-03-15,500
1971-03-16,503
1971-03-16,503
1971-03-16,502
1971-03-16,504
1971-03-17,507
1971-03-17,507
1971-03-17,506
1971-03-17,507
1971-03-18,513
1971-03-18,513
1971-03-18,511
1971-03-18,514
1971-03-19,521
1971-03-19,521
1971-03-19,519
1971-03-19,522
1971-03-20,525
1971-03-20,525
1971-03-20,524
1971-03-20,525
1971-03-21,527
1971-03-21,527
1971-03-21,527
1971-03-21,527
1971-03-22,531
1971-03-22,531
1971-03-22,530
1971-03-22,532
1971-03-23,536
1971-03-23,536
1971-03-23,535
1971-03-23,537
1971-03-24,541
1971-03-24,541
1971-03-24,541
1971-03-24,541
1971-03-25,544
1971-03-25,544
1971-03-25,543
1971-03-25,544
1971-03-26,546
1971-03-26,546
1971-03-26,546
1971-03-26,546
1971-03-27,549
1971-03-27,549
1971-03-27,548
1971-03-27,549
1971-03-28,552
1971-03-28,552
1971-03-28,551
1971-03-28,553
1971-03-29,559
1971-03-29,559
1971-03-29,558
1971-03-29,560
1971-03-30,565
1971-03-30,565
1971-03-30,564
1971-03-30,566
1971-03-31,568
1971-03-31,568
1971-03-31,568
1971-03-31,568
1971-04-01,571
1971-04-01,571
1971-04-01,570
1971-04-01,572
1971-04-02,575
1971-04-02,575
1971-04-02,574
1971-04-02,576
1971-04-03,580
1971-04-03,580
1971-04-03,578
1971-04-03,582
1971-04-04,586
1971-04-04,586
1971-04-04,586
1971-04-04,586
1971-04-05,589
1971-04-05,589
1971-04-05,588
1971-04-05,589
1971-04-06,593
1971-04-06,593
1971-04-06,591
1971-04-06,594
1971-04-07,593
1971-04-07,593
1971-04-07,598
1971-04-07,598
1971-04-08,603
1971-04-08,603
1971-04-08,602
1971-04-08,604
1971-04-09,610
1971-04-09,610
1971-04-09,608
1971-04-09,612
1971-04-10,615
1971-04-10,615
1971-04-10,614
1971-04-10,616
1971-04-11,621
1971-04-11,621
1971-04-11,620
1971-04-11,622
1971-04-12,629
1971-04-12,629
1971-04-12,628
1971-04-12,630
1971-04-13,638
1971-04-13,638
1971-04-13,636
1971-04-13,640
1971-04-14,647
1971-04-14,647
1971-04-14,646
1971-04-14,648
1971-04-15,653
1971-04-15,653
1971-04-15,652
1971-04-15,654
1971-04-16,664
1971-04-16,664
1971-04-16,662
1971-04-16,666
1971-04-17,669
1971-04-17,669
1971-04-17,668
1971-04-17,670
1971-04-18,673
1971-04-18,673
1971-04-18,672
1971-04-18,674
1971-04-19,672
1971-04-19,672
1971-04-19,676
1971-04-19,678
1971-04-20,681
1971-04-20,681
1971-04-20,680
1971-04-20,682
1971-04-21,684
1971-04-21,684
1971-04-21,684
1971-04-21,684
1971-04-22,685
1971-04-22,685
1971-04-22,684
1971-04-22,685
1971-04-23,688
1971-04-23,688
1971-04-23,687
1971-04-23,688
1971-04-24,690
1971-04-24,690
1971-04-24,689
1971-04-24,690
1971-04-25,694
1971-04-25,694
1971-04-25,693
1971-04-25,694
1971-04-26,695
1971-04-26,695
1971-04-26,694
1971-04-26,695
1971-04-27,697
1971-04-27,697
1971-04-27,696
1971-04-27,697
1971-04-28,699
1971-04-28,699
1971-04-28,698
1971-04-28,700
1971-04-29,701
1971-04-29,701
1971-04-29,701
1971-04-29,701
1971-04-30,702
1971-04-30,702
1971-04-30,702
1971-04-30,702
1971-05-01,707
1971-05-01,707
1971-05-01,706
1971-05-01,708
1971-05-02,709
1971-05-02,709
1971-05-02,708
1971-05-02,710
1971-05-03,710
1971-05-03,710
1971-05-03,710
1971-05-03,710
1971-05-04,710
1971-05-04,710
1971-05-04,710
1971-05-04,710
1971-05-05,715
1971-05-05,715
1971-05-05,714
1971-05-05,716
1971-05-06,720
1971-05-06,720
1971-05-06,720
1971-05-06,720
1971-05-07,720
1971-05-07,720
1971-05-07,720
1971-05-07,720
1971-05-08,722
1971-05-08,722
1971-05-08,722
1971-05-08,722
1971-05-09,722
1971-05-09,722
1971-05-09,722
1971-05-09,722
1971-05-10,723
1971-05-10,723
1971-05-10,722
1971-05-10,724
1971-05-11,720
1971-05-11,720
1971-05-11,726
1971-05-11,730
1971-05-12,730
1971-05-12,730
1971-05-12,730
1971-05-12,730
1971-05-13,733
1971-05-13,733
1971-05-13,732
1971-05-13,734
1971-05-14,735
1971-05-14,735
1971-05-14,734
1971-05-14,736
1971-05-15,736
1971-05-15,736
1971-05-15,736
1971-05-15,736
1971-05-16,736
1971-05-16,736
1971-05-16,736
1971-05-16,736
1971-05-17,736
1971-05-17,736
1971-05-17,736
1971-05-17,736
1971-05-18,736
1971-05-18,736
1971-05-18,736
1971-05-18,736
1971-05-19,736
1971-05-19,736
1971-05-19,736
1971-05-19,736
1971-05-20,736
1971-05-20,736
1971-05-20,736
1971-05-20,736
1971-05-21,736
1971-05-21,736
1971-05-21,736
1971-05-21,736
1971-05-22,736
1971-05-22,736
1971-05-22,736
1971-05-22,736
1971-05-23,736
1971-05-23,736
1971-05-23,736
1971-05-23,736
1971-05-24,736
1971-05-24,736
1971-05-24,736
1971-05-24,736
1971-05-25,738
1971-05-25,738
1971-05-25,735
1971-05-25,740
1971-05-26,740
1971-05-26,740
1971-05-26,740
1971-05-26,740
1971-05-27,740
1971-05-27,740
1971-05-27,740
1971-05-27,740
1971-05-28,743
1971-05-28,743
1971-05-28,742
1971-05-28,744
1971-05-29,747
1971-05-29,747
1971-05-29,746
1971-05-29,748
1971-05-30,749
1971-05-30,749
1971-05-30,748
1971-05-30,750
1971-05-31,751
1971-05-31,751
1971-05-31,750
1971-05-31,752
1971-06-01,752
1971-06-01,752
1971-06-01,752
1971-06-01,752
1971-06-02,750
1971-06-02,750
1971-06-02,750
1971-06-02,750
1971-06-03,750
1971-06-03,750
1971-06-03,750
1971-06-03,750
1971-06-04,751
1971-06-04,751
1971-06-04,750
1971-06-04,752
1971-06-05,752
1971-06-05,752
1971-06-05,752
1971-06-05,752
1971-06-06,752
1971-06-06,752
1971-06-06,752
1971-06-06,752
1971-06-07,752
1971-06-07,752
1971-06-07,752
1971-06-07,752
1971-06-08,752
1971-06-08,752
1971-06-08,752
1971-06-08,752
1971-06-09,754
1971-06-09,754
1971-06-09,754
1971-06-09,754
1971-06-10,755
1971-06-10,755
1971-06-10,754
1971-06-10,756
1971-06-11,756
1971-06-11,756
1971-06-11,756
1971-06-11,756
1971-06-12,756
1971-06-12,756
1971-06-12,756
1971-06-12,756
1971-06-13,758
1971-06-13,758
1971-06-13,758
1971-06-13,758
1971-06-14,760
1971-06-14,760
1971-06-14,760
1971-06-14,760
1971-06-15,763
1971-06-15,763
1971-06-15,762
1971-06-15,764
1971-06-16,762
1971-06-16,762
1971-06-16,762
1971-06-16,762
1971-06-17,760
1971-06-17,760
1971-06-17,760
1971-06-17,760
1971-06-18,760
1971-06-18,760
1971-06-18,760
1971-06-18,760
1971-06-19,759
1971-06-19,759
1971-06-19,760
1971-06-19,758
1971-06-20,757
1971-06-20,757
1971-06-20,758
1971-06-20,756
1971-06-21,754
1971-06-21,754
1971-06-21,754
1971-06-21,754
1971-06-22,752
1971-06-22,752
1971-06-22,752
1971-06-22,752
1971-06-23,750
1971-06-23,750
1971-06-23,750
1971-06-23,750
1971-06-24,749
1971-06-24,749
1971-06-24,750
1971-06-24,748
1971-06-25,745
1971-06-25,745
1971-06-25,746
1971-06-25,744
1971-06-26,744
1971-06-26,744
1971-06-26,744
1971-06-26,744
1971-06-27,741
1971-06-27,741
1971-06-27,742
1971-06-27,740
1971-06-28,738
1971-06-28,738
1971-06-28,738
1971-06-28,738
1971-06-29,738
1971-06-29,738
1971-06-29,738
1971-06-29,738
1971-06-30,738
1971-06-30,738
1971-06-30,738
1971-06-30,738
1971-07-01,736
1971-07-01,736
1971-07-01,736
1971-07-01,736
1971-07-02,734
1971-07-02,734
1971-07-02,734
1971-07-02,734
1971-07-03,732
1971-07-03,732
1971-07-03,732
1971-07-03,732
1971-07-04,730
1971-07-04,730
1971-07-04,730
1971-07-04,730
1971-07-05,732
1971-07-05,732
1971-07-05,732
1971-07-05,732
1971-07-06,730
1971-07-06,730
1971-07-06,730
1971-07-06,730
1971-07-07,728
1971-07-07,728
1971-07-07,728
1971-07-07,728
1971-07-08,728
1971-07-08,728
1971-07-08,728
1971-07-08,728
1971-07-09,726
1971-07-09,726
1971-07-09,726
1971-07-09,726
1971-07-10,724
1971-07-10,724
1971-07-10,724
1971-07-10,724
1971-07-11,724
1971-07-11,724
1971-07-11,724
1971-07-11,724
1971-07-12,723
1971-07-12,723
1971-07-12,724
1971-07-12,722
1971-07-13,721
1971-07-13,721
1971-07-13,722
1971-07-13,720
1971-07-14,720
1971-07-14,720
1971-07-14,720
1971-07-14,720
1971-07-15,718
1971-07-15,718
1971-07-15,718
1971-07-15,718
1971-07-16,716
1971-07-16,716
1971-07-16,716
1971-07-16,716
1971-07-17,712
1971-07-17,712
1971-07-17,712
1971-07-17,712
1971-07-18,709
1971-07-18,709
1971-07-18,710
1971-07-18,708
1971-07-19,708
1971-07-19,708
1971-07-19,708
1971-07-19,708
1971-07-20,706
1971-07-20,706
1971-07-20,706
1971-07-20,706
1971-07-21,704
1971-07-21,704
1971-07-21,704
1971-07-21,704
1971-07-22,704
1971-07-22,704
1971-07-22,704
1971-07-22,704
1971-07-23,701
1971-07-23,701
1971-07-23,702
1971-07-23,700
1971-07-24,698
1971-07-24,698
1971-07-24,698
1971-07-24,698
1971-07-25,696
1971-07-25,696
1971-07-25,696
1971-07-25,696
1971-07-26,694
1971-07-26,694
1971-07-26,694
1971-07-26,694
1971-07-27,691
1971-07-27,691
1971-07-27,692
1971-07-27,690
1971-07-28,688
1971-07-28,688
1971-07-28,688
1971-07-28,688
1971-07-29,683
1971-07-29,683
1971-07-29,684
1971-07-29,682
1971-07-30,681
1971-07-30,681
1971-07-30,682
1971-07-30,680
1971-07-31,677
1971-07-31,677
1971-07-31,678
1971-07-31,676
1971-08-01,671
1971-08-01,671
1971-08-01,546
1971-08-01,544
1971-08-02,667
1971-08-02,667
1971-08-02,540
1971-08-02,538
1971-08-03,661
1971-08-03,661
1971-08-03,536
1971-08-03,534
1971-08-04,655
1971-08-04,655
1971-08-04,532
1971-08-04,530
1971-08-05,653
1971-08-05,653
1971-08-05,528
1971-08-05,526
1971-08-06,650
1971-08-06,650
1971-08-06,524
1971-08-06,520
1971-08-07,646
1971-08-07,646
1971-08-07,518
1971-08-07,518
1971-08-08,643
1971-08-08,643
1971-08-08,516
1971-08-08,514
1971-08-09,640
1971-08-09,640
1971-08-09,510
1971-08-09,508
1971-08-10,638
1971-08-10,638
1971-08-10,506
1971-08-10,502
1971-08-11,635
1971-08-11,635
1971-08-11,500
1971-08-11,498
1971-08-12,632
1971-08-12,632
1971-08-12,494
1971-08-12,490
1971-08-13,629
1971-08-13,629
1971-08-13,488
1971-08-13,484
1971-08-14,626
1971-08-14,626
1971-08-14,482
1971-08-14,480
1971-08-15,625
1971-08-15,625
1971-08-15,478
1971-08-15,474
1971-08-16,619
1971-08-16,619
1971-08-16,468
1971-08-16,466
1971-08-17,613
1971-08-17,613
1971-08-17,462
1971-08-17,460
1971-08-18,606
1971-08-18,606
1971-08-18,460
1971-08-18,458
1971-08-19,603
1971-08-19,603
1971-08-19,456
1971-08-19,454
1971-08-20,599
1971-08-20,599
1971-08-20,452
1971-08-20,450
1971-08-21,596
1971-08-21,596
1971-08-21,448
1971-08-21,448
1971-08-22,593
1971-08-22,593
1971-08-22,444
1971-08-22,440
1971-08-23,589
1971-08-23,589
1971-08-23,438
1971-08-23,434
1971-08-24,585
1971-08-24,585
1971-08-24,430
1971-08-24,424
1971-08-25,581
1971-08-25,581
1971-08-25,420
1971-08-25,418
1971-08-26,577
1971-08-26,577
1971-08-26,414
1971-08-26,412
1971-08-27,571
1971-08-27,571
1971-08-27,408
1971-08-27,404
1971-08-28,565
1971-08-28,565
1971-08-28,402
1971-08-28,398
1971-08-29,562
1971-08-29,562
1971-08-29,394
1971-08-29,392
1971-08-30,557
1971-08-30,557
1971-08-30,390
1971-08-30,386
1971-08-31,550
1971-08-31,550
1971-09-01,545
1971-09-01,545
1971-09-01,546
1971-09-01,544
1971-09-02,539
1971-09-02,539
1971-09-02,540
1971-09-02,538
1971-09-03,535
1971-09-03,535
1971-09-03,536
1971-09-03,534
1971-09-04,531
1971-09-04,531
1971-09-04,532
1971-09-04,530
1971-09-05,527
1971-09-05,527
1971-09-05,528
1971-09-05,526
1971-09-06,522
1971-09-06,522
1971-09-06,524
1971-09-06,520
1971-09-07,518
1971-09-07,518
1971-09-07,518
1971-09-07,518
1971-09-08,515
1971-09-08,515
1971-09-08,516
1971-09-08,514
1971-09-09,509
1971-09-09,509
1971-09-09,510
1971-09-09,508
1971-09-10,504
1971-09-10,504
1971-09-10,506
1971-09-10,502
1971-09-11,499
1971-09-11,499
1971-09-11,500
1971-09-11,498
1971-09-12,492
1971-09-12,492
1971-09-12,494
1971-09-12,490
1971-09-13,486
1971-09-13,486
1971-09-13,488
1971-09-13,484
1971-09-14,481
1971-09-14,481
1971-09-14,482
1971-09-14,480
1971-09-15,476
1971-09-15,476
1971-09-15,478
1971-09-15,474
1971-09-16,467
1971-09-16,467
1971-09-16,468
1971-09-16,466
1971-09-17,461
1971-09-17,461
1971-09-17,462
1971-09-17,460
1971-09-18,459
1971-09-18,459
1971-09-18,460
1971-09-18,458
1971-09-19,455
1971-09-19,455
1971-09-19,456
1971-09-19,454
1971-09-20,451
1971-09-20,451
1971-09-20,452
1971-09-20,450
1971-09-21,448
1971-09-21,448
1971-09-21,448
1971-09-21,448
1971-09-22,442
1971-09-22,442
1971-09-22,444
1971-09-22,440
1971-09-23,436
1971-09-23,436
1971-09-23,438
1971-09-23,434
1971-09-24,427
1971-09-24,427
1971-09-24,430
1971-09-24,424
1971-09-25,419
1971-09-25,419
1971-09-25,420
1971-09-25,418
1971-09-26,413
1971-09-26,413
1971-09-26,414
1971-09-26,412
1971-09-27,406
1971-09-27,406
1971-09-27,408
1971-09-27,404
1971-09-28,400
1971-09-28,400
1971-09-28,402
1971-09-28,398
1971-09-29,393
1971-09-29,393
1971-09-29,394
1971-09-29,392
1971-09-30,388
1971-09-30,388
1971-09-30,390
1971-09-30,386
1971-10-01,380
1971-10-01,380
1971-10-01,382
1971-10-01,278
1971-10-02,372
1971-10-02,372
1971-10-02,274
1971-10-02,270
1971-10-03,365
1971-10-03,365
1971-10-03,266
1971-10-03,264
1971-10-04,359
1971-10-04,359
1971-10-04,260
1971-10-04,258
1971-10-05,353
1971-10-05,353
1971-10-05,254
1971-10-05,252
1971-10-06,349
1971-10-06,349
1971-10-06,352
1971-10-06,346
1971-10-07,341
1971-10-07,341
1971-10-07,344
1971-10-07,338
1971-10-08,335
1971-10-08,335
1971-10-08,336
1971-10-08,334
1971-10-09,329
1971-10-09,329
1971-10-09,332
1971-10-09,326
1971-10-10,318
1971-10-10,318
1971-10-10,320
1971-10-10,316
1971-10-11,312
1971-10-11,312
1971-10-11,314
1971-10-11,310
1971-10-12,307
1971-10-12,307
1971-10-12,310
1971-10-12,304
1971-10-13,299
1971-10-13,299
1971-10-13,300
1971-10-13,298
1971-10-14,292
1971-10-14,292
1971-10-14,294
1971-10-14,290
1971-10-15,284
1971-10-15,284
1971-10-15,286
1971-10-15,282
1971-10-16,274
1971-10-16,274
1971-10-16,276
1971-10-16,272
1971-10-17,266
1971-10-17,266
1971-10-17,268
1971-10-17,264
1971-10-18,256
1971-10-18,256
1971-10-18,258
1971-10-18,254
1971-10-19,250
1971-10-19,250
1971-10-19,252
1971-10-19,248
1971-10-20,244
1971-10-20,244
1971-10-20,246
1971-10-20,242
1971-10-21,240
1971-10-21,240
1971-10-21,240
1971-10-21,240
1971-10-22,237
1971-10-22,237
1971-10-22,238
1971-10-22,236
1971-10-23,228
1971-10-23,228
1971-10-23,230
1971-10-23,226
1971-10-24,222
1971-10-24,222
1971-10-24,224
1971-10-24,220
1971-10-25,221
1971-10-25,221
1971-10-25,220
1971-10-25,222
1971-10-26,221
1971-10-26,221
1971-10-26,220
1971-10-26,222
1971-10-27,223
1971-10-27,223
1971-10-27,224
1971-10-27,222
1971-10-28,219
1971-10-28,219
1971-10-28,220
1971-10-28,218
1971-10-29,213
1971-10-29,213
1971-10-29,214
1971-10-29,212
1971-10-30,208
1971-10-30,208
1971-10-30,210
1971-10-30,206
1971-10-31,202
1971-10-31,202
1971-10-31,202
1971-10-31,202
1971-11-01,202
1971-11-01,202
1971-11-01,202
1971-11-01,202
1971-11-02,202
1971-11-02,202
1971-11-02,202
1971-11-02,202
1971-11-03,203
1971-11-03,203
1971-11-03,204
1971-11-03,202
1971-11-04,203
1971-11-04,203
1971-11-04,203
1971-11-04,203
1971-11-05,200
1971-11-05,200
1971-11-05,200
1971-11-05,199
1971-11-06,202
1971-11-06,202
1971-11-06,202
1971-11-06,202
1971-11-07,202
1971-11-07,202
1971-11-07,203
1971-11-07,200
1971-11-08,199
1971-11-08,199
1971-11-08,200
1971-11-08,198
1971-11-09,198
1971-11-09,198
1971-11-09,198
1971-11-09,198
1971-11-10,195
1971-11-10,195
1971-11-10,196
1971-11-10,194
1971-11-11,193
1971-11-11,193
1971-11-11,193
1971-11-11,192
1971-11-12,190
1971-11-12,190
1971-11-12,190
1971-11-12,189
1971-11-13,188
1971-11-13,188
1971-11-13,188
1971-11-13,187
1971-11-14,186
1971-11-14,186
1971-11-14,185
1971-11-14,187
1971-11-15,188
1971-11-15,188
1971-11-15,187
1971-11-15,188
1971-11-16,189
1971-11-16,189
1971-11-16,189
1971-11-16,189
1971-11-17,192
1971-11-17,192
1971-11-17,191
1971-11-17,192
1971-11-18,192
1971-11-18,192
1971-11-18,192
1971-11-18,192
1971-11-19,193
1971-11-19,193
1971-11-19,192
1971-11-19,193
1971-11-20,195
1971-11-20,195
1971-11-20,194
1971-11-20,196
1971-11-21,200
1971-11-21,200
1971-11-21,200
1971-11-21,200
1971-11-22,203
1971-11-22,203
1971-11-22,202
1971-11-22,203
1971-11-23,204
1971-11-23,204
1971-11-23,204
1971-11-23,204
1971-11-24,203
1971-11-24,203
1971-11-24,203
1971-11-24,203
1971-11-25,205
1971-11-25,205
1971-11-25,204
1971-11-25,205
1971-11-26,208
1971-11-26,208
1971-11-26,207
1971-11-26,209
1971-11-27,213
1971-11-27,213
1971-11-27,211
1971-11-27,214
1971-11-28,217
1971-11-28,217
1971-11-28,216
1971-11-28,218
1971-11-29,221
1971-11-29,221
1971-11-29,220
1971-11-29,221
1971-11-30,223
1971-11-30,223
1971-11-30,222
1971-11-30,224
1971-12-01,227
1971-12-01,227
1971-12-01,226
1971-12-01,228
1971-12-02,231
1971-12-02,231
1971-12-02,230
1971-12-02,232
1971-12-03,235
1971-12-03,235
1971-12-03,234
1971-12-03,235
1971-12-04,237
1971-12-04,237
1971-12-04,236
1971-12-04,237
1971-12-05,240
1971-12-05,240
1971-12-05,240
1971-12-05,240
1971-12-06,241
1971-12-06,241
1971-12-06,241
1971-12-06,240
1971-12-07,240
1971-12-07,240
1971-12-07,240
1971-12-07,240
1971-12-08,240
1971-12-08,240
1971-12-08,240
1971-12-08,240
1971-12-09,240
1971-12-09,240
1971-12-09,240
1971-12-09,240
1971-12-10,237
1971-12-10,237
1971-12-10,238
1971-12-10,236
1971-12-11,237
1971-12-11,237
1971-12-11,236
1971-12-11,237
1971-12-12,236
1971-12-12,236
1971-12-12,236
1971-12-12,236
1971-12-13,235
1971-12-13,235
1971-12-13,236
1971-12-13,232
1971-12-14,232
1971-12-14,232
1971-12-14,232
1971-12-14,231
1971-12-15,231
1971-12-15,231
1971-12-15,231
1971-12-15,231
1971-12-16,230
1971-12-16,230
1971-12-16,230
1971-12-16,230
1971-12-17,230
1971-12-17,230
1971-12-17,230
1971-12-17,230
1971-12-18,231
1971-12-18,231
1971-12-18,230
1971-12-18,231
1971-12-19,232
1971-12-19,232
1971-12-19,232
1971-12-19,232
1971-12-20,231
1971-12-20,231
1971-12-20,231
1971-12-20,230
1971-12-21,231
1971-12-21,231
1971-12-21,231
1971-12-21,231
1971-12-22,230
1971-12-22,230
1971-12-22,230
1971-12-22,230
1971-12-23,235
1971-12-23,235
1971-12-23,234
1971-12-23,235
1971-12-24,234
1971-12-24,234
1971-12-24,234
1971-12-24,234
1971-12-25,233
1971-12-25,233
1971-12-25,235
1971-12-25,233
1971-12-26,233
1971-12-26,233
1971-12-26,233
1971-12-26,233
1971-12-27,233
1971-12-27,233
1971-12-27,233
1971-12-27,232
1971-12-28,231
1971-12-28,231
1971-12-28,231
1971-12-28,231
1971-12-29,228
1971-12-29,228
1971-12-29,229
1971-12-29,226
1971-12-30,228
1971-12-30,228
1971-12-30,228
1971-12-30,228
1971-12-31,231
1971-12-31,231
1971-12-31,230
1971-12-31,231
1972-01-01,233
1972-01-01,233
1972-01-01,231
1972-01-01,231
1972-01-02,233
1972-01-02,233
1972-01-02,232
1972-01-02,233
1972-01-03,234
1972-01-03,234
1972-01-03,234
1972-01-03,234
1972-01-04,234
1972-01-04,234
1972-01-04,234
1972-01-04,233
1972-01-05,234
1972-01-05,234
1972-01-05,234
1972-01-05,234
1972-01-06,235
1972-01-06,235
1972-01-06,236
1972-01-06,234
1972-01-07,234
1972-01-07,234
1972-01-07,234
1972-01-07,234
1972-01-08,234
1972-01-08,234
1972-01-08,234
1972-01-08,233
1972-01-09,231
1972-01-09,231
1972-01-09,232
1972-01-09,230
1972-01-10,225
1972-01-10,225
1972-01-10,226
1972-01-10,224
1972-01-11,226
1972-01-11,226
1972-01-11,226
1972-01-11,226
1972-01-12,225
1972-01-12,225
1972-01-12,226
1972-01-12,224
1972-01-13,226
1972-01-13,226
1972-01-13,226
1972-01-13,226
1972-01-14,227
1972-01-14,227
1972-01-14,226
1972-01-14,228
1972-01-15,231
1972-01-15,231
1972-01-15,230
1972-01-15,232
1972-01-16,234
1972-01-16,234
1972-01-16,233
1972-01-16,235
1972-01-17,235
1972-01-17,235
1972-01-17,237
1972-01-17,238
1972-01-18,241
1972-01-18,241
1972-01-18,240
1972-01-18,242
1972-01-19,245
1972-01-19,245
1972-01-19,244
1972-01-19,246
1972-01-20,247
1972-01-20,247
1972-01-20,246
1972-01-20,247
1972-01-21,251
1972-01-21,251
1972-01-21,250
1972-01-21,251
1972-01-22,256
1972-01-22,256
1972-01-22,255
1972-01-22,257
1972-01-23,262
1972-01-23,262
1972-01-23,260
1972-01-23,264
1972-01-24,268
1972-01-24,268
1972-01-24,266
1972-01-24,270
1972-01-25,274
1972-01-25,274
1972-01-25,272
1972-01-25,274
1972-01-26,280
1972-01-26,280
1972-01-26,278
1972-01-26,282
1972-01-27,290
1972-01-27,290
1972-01-27,288
1972-01-27,292
1972-01-28,296
1972-01-28,296
1972-01-28,294
1972-01-28,298
1972-01-29,303
1972-01-29,303
1972-01-29,301
1972-01-29,304
1972-01-30,309
1972-01-30,309
1972-01-30,308
1972-01-30,310
1972-01-31,316
1972-01-31,316
1972-01-31,314
1972-01-31,317
1972-02-01,323
1972-02-01,323
1972-02-01,321
1972-02-01,324
1972-02-02,329
1972-02-02,329
1972-02-02,327
1972-02-02,330
1972-02-03,336
1972-02-03,336
1972-02-03,335
1972-02-03,337
1972-02-04,343
1972-02-04,343
1972-02-04,341
1972-02-04,345
1972-02-05,351
1972-02-05,351
1972-02-05,350
1972-02-05,352
1972-02-06,357
1972-02-06,357
1972-02-06,356
1972-02-06,358
1972-02-07,364
1972-02-07,364
1972-02-07,362
1972-02-07,366
1972-02-08,370
1972-02-08,370
1972-02-08,368
1972-02-08,372
1972-02-09,379
1972-02-09,379
1972-02-09,376
1972-02-09,381
1972-02-10,386
1972-02-10,386
1972-02-10,384
1972-02-10,387
1972-02-11,391
1972-02-11,391
1972-02-11,390
1972-02-11,392
1972-02-12,397
1972-02-12,397
1972-02-12,394
1972-02-12,398
1972-02-13,402
1972-02-13,402
1972-02-13,401
1972-02-13,402
1972-02-14,405
1972-02-14,405
1972-02-14,403
1972-02-14,407
1972-02-15,412
1972-02-15,412
1972-02-15,410
1972-02-15,413
1972-02-16,416
1972-02-16,416
1972-02-16,415
1972-02-16,417
1972-02-17,422
1972-02-17,422
1972-02-17,421
1972-02-17,423
1972-02-18,426
1972-02-18,426
1972-02-18,425
1972-02-18,427
1972-02-19,431
1972-02-19,431
1972-02-19,430
1972-02-19,432
1972-02-20,436
1972-02-20,436
1972-02-20,434
1972-02-20,437
1972-02-21,442
1972-02-21,442
1972-02-21,441
1972-02-21,443
1972-02-22,452
1972-02-22,452
1972-02-22,450
1972-02-22,454
1972-02-23,461
1972-02-23,461
1972-02-23,459
1972-02-23,462
1972-02-24,457
1972-02-24,457
1972-02-24,465
1972-02-24,468
1972-02-25,475
1972-02-25,475
1972-02-25,472
1972-02-25,477
1972-02-26,485
1972-02-26,485
1972-02-26,483
1972-02-26,487
1972-02-27,493
1972-02-27,493
1972-02-27,492
1972-02-27,494
1972-02-28,497
1972-02-28,497
1972-02-28,496
1972-02-28,498
1972-02-29,502
1972-02-29,502
1972-02-29,501
1972-02-29,503
1972-03-01,508
1972-03-01,508
1972-03-01,506
1972-03-01,509
1972-03-02,512
1972-03-02,512
1972-03-02,511
1972-03-02,513
1972-03-03,516
1972-03-03,516
1972-03-03,514
1972-03-03,517
1972-03-04,521
1972-03-04,521
1972-03-04,521
1972-03-04,521
1972-03-05,527
1972-03-05,527
1972-03-05,526
1972-03-05,528
1972-03-06,531
1972-03-06,531
1972-03-06,530
1972-03-06,532
1972-03-07,541
1972-03-07,541
1972-03-07,539
1972-03-07,542
1972-03-08,545
1972-03-08,545
1972-03-08,544
1972-03-08,546
1972-03-09,546
1972-03-09,546
1972-03-09,546
1972-03-09,546
1972-03-10,548
1972-03-10,548
1972-03-10,548
1972-03-10,548
1972-03-11,550
1972-03-11,550
1972-03-11,550
1972-03-11,550
1972-03-12,550
1972-03-12,550
1972-03-12,550
1972-03-12,550
1972-03-13,549
1972-03-13,549
1972-03-13,549
1972-03-13,549
1972-03-14,555
1972-03-14,555
1972-03-14,554
1972-03-14,556
1972-03-15,559
1972-03-15,559
1972-03-15,559
1972-03-15,559
1972-03-16,565
1972-03-16,565
1972-03-16,562
1972-03-16,564
1972-03-17,567
1972-03-17,567
1972-03-17,566
1972-03-17,567
1972-03-18,571
1972-03-18,571
1972-03-18,570
1972-03-18,572
1972-03-19,578
1972-03-19,578
1972-03-19,576
1972-03-19,579
1972-03-20,582
1972-03-20,582
1972-03-20,581
1972-03-20,583
1972-03-21,587
1972-03-21,587
1972-03-21,586
1972-03-21,587
1972-03-22,591
1972-03-22,591
1972-03-22,590
1972-03-22,591
1972-03-23,593
1972-03-23,593
1972-03-23,592
1972-03-23,593
1972-03-24,594
1972-03-24,594
1972-03-24,593
1972-03-24,594
1972-03-25,597
1972-03-25,597
1972-03-25,595
1972-03-25,598
1972-03-26,599
1972-03-26,599
1972-03-26,599
1972-03-26,599
1972-03-27,601
1972-03-27,601
1972-03-27,601
1972-03-27,601
1972-03-28,602
1972-03-28,602
1972-03-28,602
1972-03-28,602
1972-03-29,604
1972-03-29,604
1972-03-29,604
1972-03-29,604
1972-03-30,606
1972-03-30,606
1972-03-30,605
1972-03-30,606
1972-03-31,610
1972-03-31,610
1972-03-31,611
1972-03-31,608
1972-04-01,611
1972-04-01,611
1972-04-01,606
1972-04-01,615
1972-04-02,617
1972-04-02,617
1972-04-02,616
1972-04-02,618
1972-04-03,618
1972-04-03,618
1972-04-03,618
1972-04-03,618
1972-04-04,620
1972-04-04,620
1972-04-04,620
1972-04-04,620
1972-04-05,620
1972-04-05,620
1972-04-05,620
1972-04-05,620
1972-04-06,621
1972-04-06,621
1972-04-06,621
1972-04-06,621
1972-04-07,621
1972-04-07,621
1972-04-07,621
1972-04-07,621
1972-04-08,619
1972-04-08,619
1972-04-08,619
1972-04-08,618
1972-04-09,617
1972-04-09,617
1972-04-09,617
1972-04-09,616
1972-04-10,616
1972-04-10,616
1972-04-10,616
1972-04-10,615
1972-04-11,614
1972-04-11,614
1972-04-11,614
1972-04-11,614
1972-04-12,615
1972-04-12,615
1972-04-12,614
1972-04-12,616
1972-04-13,616
1972-04-13,616
1972-04-13,616
1972-04-13,615
1972-04-14,616
1972-04-14,616
1972-04-14,615
1972-04-14,617
1972-04-15,618
1972-04-15,618
1972-04-15,617
1972-04-15,618
1972-04-16,627
1972-04-16,627
1972-04-16,625
1972-04-16,628
1972-04-17,629
1972-04-17,629
1972-04-17,628
1972-04-17,629
1972-04-18,633
1972-04-18,633
1972-04-18,631
1972-04-18,634
1972-04-19,638
1972-04-19,638
1972-04-19,636
1972-04-19,639
1972-04-20,641
1972-04-20,641
1972-04-20,641
1972-04-20,641
1972-04-21,649
1972-04-21,649
1972-04-21,648
1972-04-21,650
1972-04-22,653
1972-04-22,653
1972-04-22,652
1972-04-22,654
1972-04-23,654
1972-04-23,654
1972-04-23,653
1972-04-23,654
1972-04-24,661
1972-04-24,661
1972-04-24,659
1972-04-24,662
1972-04-25,665
1972-04-25,665
1972-04-25,664
1972-04-25,666
1972-04-26,668
1972-04-26,668
1972-04-26,667
1972-04-26,668
1972-04-27,668
1972-04-27,668
1972-04-27,667
1972-04-27,668
1972-04-28,668
1972-04-28,668
1972-04-28,668
1972-04-28,668
1972-04-29,668
1972-04-29,668
1972-04-29,668
1972-04-29,668
1972-04-30,675
1972-04-30,675
1972-04-30,671
1972-04-30,678
1972-05-01,688
1972-05-01,688
1972-05-01,685
1972-05-01,686
1972-05-02,689
1972-05-02,689
1972-05-02,688
1972-05-02,689
1972-05-03,692
1972-05-03,692
1972-05-03,692
1972-05-03,691
1972-05-04,693
1972-05-04,693
1972-05-04,693
1972-05-04,693
1972-05-05,695
1972-05-05,695
1972-05-05,694
1972-05-05,696
1972-05-06,697
1972-05-06,697
1972-05-06,697
1972-05-06,697
1972-05-07,701
1972-05-07,701
1972-05-07,700
1972-05-07,701
1972-05-08,703
1972-05-08,703
1972-05-08,702
1972-05-08,704
1972-05-09,704
1972-05-09,704
1972-05-09,704
1972-05-09,704
1972-05-10,707
1972-05-10,707
1972-05-10,706
1972-05-10,707
1972-05-11,708
1972-05-11,708
1972-05-11,707
1972-05-11,708
1972-05-12,709
1972-05-12,709
1972-05-12,708
1972-05-12,709
1972-05-13,710
1972-05-13,710
1972-05-13,709
1972-05-13,710
1972-05-14,711
1972-05-14,711
1972-05-14,710
1972-05-14,711
1972-05-15,712
1972-05-15,712
1972-05-15,712
1972-05-15,712
1972-05-16,712
1972-05-16,712
1972-05-16,712
1972-05-16,712
1972-05-17,712
1972-05-17,712
1972-05-17,712
1972-05-17,712
1972-05-18,712
1972-05-18,712
1972-05-18,712
1972-05-18,712
1972-05-19,713
1972-05-19,713
1972-05-19,713
1972-05-19,713
1972-05-20,713
1972-05-20,713
1972-05-20,713
1972-05-20,712
1972-05-21,713
1972-05-21,713
1972-05-21,713
1972-05-21,713
1972-05-22,713
1972-05-22,713
1972-05-22,713
1972-05-22,713
1972-05-23,714
1972-05-23,714
1972-05-23,714
1972-05-23,713
1972-05-24,714
1972-05-24,714
1972-05-24,714
1972-05-24,714
1972-05-25,714
1972-05-25,714
1972-05-25,714
1972-05-25,714
1972-05-26,714
1972-05-26,714
1972-05-26,714
1972-05-26,714
1972-05-27,713
1972-05-27,713
1972-05-27,713
1972-05-27,713
1972-05-28,713
1972-05-28,713
1972-05-28,713
1972-05-28,713
1972-05-29,713
1972-05-29,713
1972-05-29,713
1972-05-29,713
1972-05-30,713
1972-05-30,713
1972-05-30,713
1972-05-30,713
1972-05-31,713
1972-05-31,713
1972-05-31,713
1972-05-31,713
1972-06-01,712
1972-06-01,712
1972-06-01,712
1972-06-01,712
1972-06-02,712
1972-06-02,712
1972-06-02,712
1972-06-02,712
1972-06-03,711
1972-06-03,711
1972-06-03,711
1972-06-03,711
1972-06-04,712
1972-06-04,712
1972-06-04,711
1972-06-04,712
1972-06-05,711
1972-06-05,711
1972-06-05,711
1972-06-05,710
1972-06-06,710
1972-06-06,710
1972-06-06,710
1972-06-06,709
1972-06-07,708
1972-06-07,708
1972-06-07,708
1972-06-07,708
1972-06-08,708
1972-06-08,708
1972-06-08,708
1972-06-08,707
1972-06-09,704
1972-06-09,704
1972-06-09,704
1972-06-09,704
1972-06-10,703
1972-06-10,703
1972-06-10,703
1972-06-10,703
1972-06-11,702
1972-06-11,702
1972-06-11,702
1972-06-11,702
1972-06-12,701
1972-06-12,701
1972-06-12,701
1972-06-12,701
1972-06-13,701
1972-06-13,701
1972-06-13,701
1972-06-13,701
1972-06-14,701
1972-06-14,701
1972-06-14,701
1972-06-14,701
1972-06-15,702
1972-06-15,702
1972-06-15,702
1972-06-15,702
1972-06-16,705
1972-06-16,705
1972-06-16,705
1972-06-16,704
1972-06-17,704
1972-06-17,704
1972-06-17,704
1972-06-17,704
1972-06-18,703
1972-06-18,703
1972-06-18,703
1972-06-18,702
1972-06-19,701
1972-06-19,701
1972-06-19,701
1972-06-19,700
1972-06-20,699
1972-06-20,699
1972-06-20,699
1972-06-20,699
1972-06-21,698
1972-06-21,698
1972-06-21,698
1972-06-21,697
1972-06-22,695
1972-06-22,695
1972-06-22,696
1972-06-22,694
1972-06-23,692
1972-06-23,692
1972-06-23,693
1972-06-23,690
1972-06-24,688
1972-06-24,688
1972-06-24,688
1972-06-24,687
1972-06-25,686
1972-06-25,686
1972-06-25,686
1972-06-25,686
1972-06-26,686
1972-06-26,686
1972-06-26,686
1972-06-26,685
1972-06-27,680
1972-06-27,680
1972-06-27,681
1972-06-27,678
1972-06-28,677
1972-06-28,677
1972-06-28,678
1972-06-28,676
1972-06-29,675
1972-06-29,675
1972-06-29,676
1972-06-29,674
1972-06-30,674
1972-06-30,674
1972-06-30,674
1972-06-30,674
1972-07-01,672
1972-07-01,672
1972-07-01,672
1972-07-01,671
1972-07-02,671
1972-07-02,671
1972-07-02,671
1972-07-02,670
1972-07-03,665
1972-07-03,665
1972-07-03,669
1972-07-03,669
1972-07-04,670
1972-07-04,670
1972-07-04,669
1972-07-04,670
1972-07-05,669
1972-07-05,669
1972-07-05,669
1972-07-05,668
1972-07-06,667
1972-07-06,667
1972-07-06,668
1972-07-06,666
1972-07-07,666
1972-07-07,666
1972-07-07,666
1972-07-07,665
1972-07-08,664
1972-07-08,664
1972-07-08,665
1972-07-08,663
1972-07-09,663
1972-07-09,663
1972-07-09,663
1972-07-09,662
1972-07-10,661
1972-07-10,661
1972-07-10,661
1972-07-10,660
1972-07-11,660
1972-07-11,660
1972-07-11,660
1972-07-11,659
1972-07-12,659
1972-07-12,659
1972-07-12,659
1972-07-12,658
1972-07-13,658
1972-07-13,658
1972-07-13,656
1972-07-13,655
1972-07-14,654
1972-07-14,654
1972-07-14,655
1972-07-14,653
1972-07-15,651
1972-07-15,651
1972-07-15,651
1972-07-15,650
1972-07-16,647
1972-07-16,647
1972-07-16,648
1972-07-16,646
1972-07-17,649
1972-07-17,649
1972-07-17,646
1972-07-17,644
1972-07-18,641
1972-07-18,641
1972-07-18,642
1972-07-18,640
1972-07-19,639
1972-07-19,639
1972-07-19,640
1972-07-19,638
1972-07-20,636
1972-07-20,636
1972-07-20,637
1972-07-20,635
1972-07-21,633
1972-07-21,633
1972-07-21,634
1972-07-21,632
1972-07-22,630
1972-07-22,630
1972-07-22,631
1972-07-22,629
1972-07-23,627
1972-07-23,627
1972-07-23,628
1972-07-23,626
1972-07-24,623
1972-07-24,623
1972-07-24,624
1972-07-24,622
1972-07-25,620
1972-07-25,620
1972-07-25,621
1972-07-25,619
1972-07-26,616
1972-07-26,616
1972-07-26,617
1972-07-26,615
1972-07-27,613
1972-07-27,613
1972-07-27,614
1972-07-27,611
1972-07-28,609
1972-07-28,609
1972-07-28,610
1972-07-28,608
1972-07-29,607
1972-07-29,607
1972-07-29,608
1972-07-29,606
1972-07-30,604
1972-07-30,604
1972-07-30,605
1972-07-30,603
1972-07-31,601
1972-07-31,601
1972-07-31,602
1972-07-31,600
1972-08-01,599
1972-08-01,599
1972-08-01,600
1972-08-01,598
1972-08-02,596
1972-08-02,596
1972-08-02,596
1972-08-02,596
1972-08-03,594
1972-08-03,594
1972-08-03,596
1972-08-03,591
1972-08-04,589
1972-08-04,589
1972-08-04,590
1972-08-04,588
1972-08-05,585
1972-08-05,585
1972-08-05,586
1972-08-05,584
1972-08-06,581
1972-08-06,581
1972-08-06,582
1972-08-06,580
1972-08-07,578
1972-08-07,578
1972-08-07,578
1972-08-07,577
1972-08-08,578
1972-08-08,578
1972-08-08,577
1972-08-08,575
1972-08-09,574
1972-08-09,574
1972-08-09,575
1972-08-09,572
1972-08-10,571
1972-08-10,571
1972-08-10,572
1972-08-10,570
1972-08-11,570
1972-08-11,570
1972-08-11,571
1972-08-11,569
1972-08-12,568
1972-08-12,568
1972-08-12,569
1972-08-12,566
1972-08-13,565
1972-08-13,565
1972-08-13,566
1972-08-13,564
1972-08-14,563
1972-08-14,563
1972-08-14,564
1972-08-14,561
1972-08-15,559
1972-08-15,559
1972-08-15,560
1972-08-15,558
1972-08-16,550
1972-08-16,550
1972-08-16,557
1972-08-16,555
1972-08-17,553
1972-08-17,553
1972-08-17,554
1972-08-17,551
1972-08-18,547
1972-08-18,547
1972-08-18,549
1972-08-18,545
1972-08-19,540
1972-08-19,540
1972-08-19,542
1972-08-19,538
1972-08-20,534
1972-08-20,534
1972-08-20,536
1972-08-20,532
1972-08-21,528
1972-08-21,528
1972-08-21,530
1972-08-21,526
1972-08-22,524
1972-08-22,524
1972-08-22,526
1972-08-22,522
1972-08-23,519
1972-08-23,519
1972-08-23,520
1972-08-23,518
1972-08-24,515
1972-08-24,515
1972-08-24,516
1972-08-24,513
1972-08-25,510
1972-08-25,510
1972-08-25,511
1972-08-25,508
1972-08-26,506
1972-08-26,506
1972-08-26,507
1972-08-26,505
1972-08-27,501
1972-08-27,501
1972-08-27,502
1972-08-27,500
1972-08-28,498
1972-08-28,498
1972-08-28,499
1972-08-28,496
1972-08-29,494
1972-08-29,494
1972-08-29,496
1972-08-29,492
1972-08-30,490
1972-08-30,490
1972-08-30,492
1972-08-30,488
1972-08-31,487
1972-08-31,487
1972-08-31,488
1972-08-31,486
1972-09-01,482
1972-09-01,482
1972-09-01,483
1972-09-01,481
1972-09-02,480
1972-09-02,480
1972-09-02,481
1972-09-02,479
1972-09-03,476
1972-09-03,476
1972-09-03,477
1972-09-03,474
1972-09-04,471
1972-09-04,471
1972-09-04,472
1972-09-04,469
1972-09-05,466
1972-09-05,466
1972-09-05,467
1972-09-05,464
1972-09-06,461
1972-09-06,461
1972-09-06,462
1972-09-06,459
1972-09-07,456
1972-09-07,456
1972-09-07,458
1972-09-07,454
1972-09-08,452
1972-09-08,452
1972-09-08,453
1972-09-08,451
1972-09-09,449
1972-09-09,449
1972-09-09,450
1972-09-09,448
1972-09-10,446
1972-09-10,446
1972-09-10,448
1972-09-10,444
1972-09-11,444
1972-09-11,444
1972-09-11,445
1972-09-11,442
1972-09-12,440
1972-09-12,440
1972-09-12,441
1972-09-12,439
1972-09-13,436
1972-09-13,436
1972-09-13,438
1972-09-13,434
1972-09-14,431
1972-09-14,431
1972-09-14,432
1972-09-14,429
1972-09-15,427
1972-09-15,427
1972-09-15,428
1972-09-15,426
1972-09-16,425
1972-09-16,425
1972-09-16,425
1972-09-16,424
1972-09-17,417
1972-09-17,417
1972-09-17,419
1972-09-17,414
1972-09-18,407
1972-09-18,407
1972-09-18,409
1972-09-18,404
1972-09-19,399
1972-09-19,399
1972-09-19,401
1972-09-19,396
1972-09-20,394
1972-09-20,394
1972-09-20,395
1972-09-20,393
1972-09-21,391
1972-09-21,391
1972-09-21,392
1972-09-21,390
1972-09-22,387
1972-09-22,387
1972-09-22,389
1972-09-22,385
1972-09-23,382
1972-09-23,382
1972-09-23,383
1972-09-23,381
1972-09-24,379
1972-09-24,379
1972-09-24,380
1972-09-24,378
1972-09-25,377
1972-09-25,377
1972-09-25,378
1972-09-25,376
1972-09-26,374
1972-09-26,374
1972-09-26,375
1972-09-26,373
1972-09-27,371
1972-09-27,371
1972-09-27,372
1972-09-27,370
1972-09-28,367
1972-09-28,367
1972-09-28,369
1972-09-28,364
1972-09-29,361
1972-09-29,361
1972-09-29,362
1972-09-29,360
1972-09-30,357
1972-09-30,357
1972-09-30,359
1972-09-30,354
1972-10-01,351
1972-10-01,351
1972-10-01,352
1972-10-01,349
1972-10-02,347
1972-10-02,347
1972-10-02,348
1972-10-02,346
1972-10-03,342
1972-10-03,342
1972-10-03,344
1972-10-03,339
1972-10-04,332
1972-10-04,332
1972-10-04,334
1972-10-04,330
1972-10-05,326
1972-10-05,326
1972-10-05,328
1972-10-05,324
1972-10-06,322
1972-10-06,322
1972-10-06,323
1972-10-06,321
1972-10-07,317
1972-10-07,317
1972-10-07,319
1972-10-07,314
1972-10-08,310
1972-10-08,310
1972-10-08,312
1972-10-08,307
1972-10-09,304
1972-10-09,304
1972-10-09,305
1972-10-09,303
1972-10-10,302
1972-10-10,302
1972-10-10,302
1972-10-10,301
1972-10-11,298
1972-10-11,298
1972-10-11,299
1972-10-11,297
1972-10-12,292
1972-10-12,292
1972-10-12,294
1972-10-12,289
1972-10-13,283
1972-10-13,283
1972-10-13,285
1972-10-13,280
1972-10-14,273
1972-10-14,273
1972-10-14,274
1972-10-14,272
1972-10-15,268
1972-10-15,268
1972-10-15,269
1972-10-15,266
1972-10-16,262
1972-10-16,262
1972-10-16,264
1972-10-16,260
1972-10-17,254
1972-10-17,254
1972-10-17,256
1972-10-17,251
1972-10-18,246
1972-10-18,246
1972-10-18,248
1972-10-18,243
1972-10-19,239
1972-10-19,239
1972-10-19,241
1972-10-19,236
1972-10-20,234
1972-10-20,234
1972-10-20,236
1972-10-20,231
1972-10-21,230
1972-10-21,230
1972-10-21,231
1972-10-21,228
1972-10-22,227
1972-10-22,227
1972-10-22,228
1972-10-22,226
1972-10-23,225
1972-10-23,225
1972-10-23,226
1972-10-23,223
1972-10-24,222
1972-10-24,222
1972-10-24,223
1972-10-24,220
1972-10-25,220
1972-10-25,220
1972-10-25,221
1972-10-25,219
1972-10-26,216
1972-10-26,216
1972-10-26,218
1972-10-26,214
1972-10-27,209
1972-10-27,209
1972-10-27,211
1972-10-27,206
1972-10-28,202
1972-10-28,202
1972-10-28,204
1972-10-28,200
1972-10-29,197
1972-10-29,197
1972-10-29,198
1972-10-29,196
1972-10-30,193
1972-10-30,193
1972-10-30,196
1972-10-30,189
1972-10-31,183
1972-10-31,183
1972-10-31,184
1972-10-31,181
1972-11-01,178
1972-11-01,178
1972-11-01,180
1972-11-01,176
1972-11-02,174
1972-11-02,174
1972-11-02,176
1972-11-02,172
1972-11-03,166
1972-11-03,166
1972-11-03,168
1972-11-03,164
1972-11-04,161
1972-11-04,161
1972-11-04,162
1972-11-04,160
1972-11-05,158
1972-11-05,158
1972-11-05,160
1972-11-05,156
1972-11-06,157
1972-11-06,157
1972-11-06,157
1972-11-06,156
1972-11-07,151
1972-11-07,151
1972-11-07,153
1972-11-07,148
1972-11-08,145
1972-11-08,145
1972-11-08,146
1972-11-08,144
1972-11-09,142
1972-11-09,142
1972-11-09,144
1972-11-09,140
1972-11-10,138
1972-11-10,138
1972-11-10,140
1972-11-10,136
1972-11-11,134
1972-11-11,134
1972-11-11,136
1972-11-11,132
1972-11-12,130
1972-11-12,130
1972-11-12,132
1972-11-12,128
1972-11-13,156
1972-11-13,136
1972-11-13,128
1972-11-13,123
1972-11-14,121
1972-11-14,121
1972-11-14,122
1972-11-14,119
1972-11-15,118
1972-11-15,118
1972-11-15,119
1972-11-15,116
1972-11-16,116
1972-11-16,116
1972-11-16,116
1972-11-16,116
1972-11-17,116
1972-11-17,116
1972-11-17,116
1972-11-17,116
1972-11-18,117
1972-11-18,117
1972-11-18,117
1972-11-18,117
1972-11-19,119
1972-11-19,119
1972-11-19,118
1972-11-19,119
1972-11-20,119
1972-11-20,119
1972-11-20,119
1972-11-20,119
1972-11-21,119
1972-11-21,119
1972-11-21,120
1972-11-21,117
1972-11-22,119
1972-11-22,119
1972-11-22,118
1972-11-22,120
1972-11-23,126
1972-11-23,126
1972-11-23,126
1972-11-23,126
1972-11-24,126
1972-11-24,126
1972-11-24,126
1972-11-24,126
1972-11-25,125
1972-11-25,125
1972-11-25,126
1972-11-25,124
1972-11-26,127
1972-11-26,127
1972-11-26,128
1972-11-26,126
1972-11-27,126
1972-11-27,126
1972-11-27,125
1972-11-27,127
1972-11-28,125
1972-11-28,125
1972-11-28,125
1972-11-28,124
1972-11-29,124
1972-11-29,124
1972-11-29,124
1972-11-29,124
1972-11-30,124
1972-11-30,124
1972-11-30,124
1972-11-30,124
1972-12-01,124
1972-12-01,124
1972-12-01,124
1972-12-01,124
1972-12-02,125
1972-12-02,125
1972-12-02,124
1972-12-02,126
1972-12-03,130
1972-12-03,130
1972-12-03,130
1972-12-03,130
1972-12-04,133
1972-12-04,133
1972-12-04,132
1972-12-04,133
1972-12-05,136
1972-12-05,136
1972-12-05,135
1972-12-05,136
1972-12-06,141
1972-12-06,141
1972-12-06,139
1972-12-06,142
1972-12-07,145
1972-12-07,145
1972-12-07,144
1972-12-07,145
1972-12-08,146
1972-12-08,146
1972-12-08,145
1972-12-08,146
1972-12-09,146
1972-12-09,146
1972-12-09,146
1972-12-09,146
1972-12-10,150
1972-12-10,150
1972-12-10,148
1972-12-10,151
1972-12-11,156
1972-12-11,156
1972-12-11,154
1972-12-11,157
1972-12-12,157
1972-12-12,157
1972-12-12,157
1972-12-12,157
1972-12-13,158
1972-12-13,158
1972-12-13,158
1972-12-13,158
1972-12-14,160
1972-12-14,160
1972-12-14,160
1972-12-14,160
1972-12-15,162
1972-12-15,162
1972-12-15,162
1972-12-15,162
1972-12-16,163
1972-12-16,163
1972-12-16,162
1972-12-16,164
1972-12-17,166
1972-12-17,166
1972-12-17,165
1972-12-17,166
1972-12-18,171
1972-12-18,171
1972-12-18,169
1972-12-18,171
1972-12-19,176
1972-12-19,176
1972-12-19,175
1972-12-19,176
1972-12-20,180
1972-12-20,180
1972-12-20,179
1972-12-20,181
1972-12-21,187
1972-12-21,187
1972-12-21,186
1972-12-21,188
1972-12-22,190
1972-12-22,190
1972-12-22,188
1972-12-22,191
1972-12-23,199
1972-12-23,199
1972-12-23,194
1972-12-23,195
1972-12-24,197
1972-12-24,197
1972-12-24,196
1972-12-24,197
1972-12-25,201
1972-12-25,201
1972-12-25,200
1972-12-25,202
1972-12-26,206
1972-12-26,206
1972-12-26,204
1972-12-26,207
1972-12-27,210
1972-12-27,210
1972-12-27,209
1972-12-27,210
1972-12-28,212
1972-12-28,212
1972-12-28,212
1972-12-28,212
1972-12-29,216
1972-12-29,216
1972-12-29,215
1972-12-29,216
1972-12-30,220
1972-12-30,220
1972-12-30,219
1972-12-30,220
1972-12-31,222
1972-12-31,222
1972-12-31,222
1972-12-31,222
1973-01-01,226
1973-01-01,226
1973-01-01,225
1973-01-01,226
1973-01-02,231
1973-01-02,231
1973-01-02,230
1973-01-02,232
1973-01-03,236
1973-01-03,236
1973-01-03,235
1973-01-03,236
1973-01-04,239
1973-01-04,239
1973-01-04,239
1973-01-04,239
1973-01-05,245
1973-01-05,245
1973-01-05,244
1973-01-05,246
1973-01-06,251
1973-01-06,251
1973-01-06,250
1973-01-06,252
1973-01-07,256
1973-01-07,256
1973-01-07,255
1973-01-07,256
1973-01-08,260
1973-01-08,260
1973-01-08,259
1973-01-08,261
1973-01-09,265
1973-01-09,265
1973-01-09,264
1973-01-09,265
1973-01-10,270
1973-01-10,270
1973-01-10,268
1973-01-10,271
1973-01-11,274
1973-01-11,274
1973-01-11,273
1973-01-11,274
1973-01-12,276
1973-01-12,276
1973-01-12,275
1973-01-12,276
1973-01-13,278
1973-01-13,278
1973-01-13,278
1973-01-13,278
1973-01-14,278
1973-01-14,278
1973-01-14,278
1973-01-14,278
1973-01-15,281
1973-01-15,281
1973-01-15,280
1973-01-15,281
1973-01-16,282
1973-01-16,282
1973-01-16,282
1973-01-16,282
1973-01-17,282
1973-01-17,282
1973-01-17,282
1973-01-17,281
1973-01-18,282
1973-01-18,282
1973-01-18,282
1973-01-18,281
1973-01-19,283
1973-01-19,283
1973-01-19,282
1973-01-19,283
1973-01-20,286
1973-01-20,286
1973-01-20,285
1973-01-20,286
1973-01-21,289
1973-01-21,289
1973-01-21,289
1973-01-21,289
1973-01-22,291
1973-01-22,291
1973-01-22,290
1973-01-22,291
1973-01-23,293
1973-01-23,293
1973-01-23,292
1973-01-23,293
1973-01-24,295
1973-01-24,295
1973-01-24,295
1973-01-24,295
1973-01-25,295
1973-01-25,295
1973-01-25,296
1973-01-25,294
1973-01-26,295
1973-01-26,295
1973-01-26,295
1973-01-26,294
1973-01-27,292
1973-01-27,292
1973-01-27,292
1973-01-27,291
1973-01-28,290
1973-01-28,290
1973-01-28,291
1973-01-28,289
1973-01-29,290
1973-01-29,290
1973-01-29,291
1973-01-29,289
1973-01-30,291
1973-01-30,291
1973-01-30,291
1973-01-30,290
1973-01-31,293
1973-01-31,293
1973-01-31,292
1973-01-31,293
1973-02-01,295
1973-02-01,295
1973-02-01,295
1973-02-01,295
1973-02-02,296
1973-02-02,296
1973-02-02,296
1973-02-02,296
1973-02-03,299
1973-02-03,299
1973-02-03,297
1973-02-03,300
1973-02-04,306
1973-02-04,306
1973-02-04,305
1973-02-04,307
1973-02-05,312
1973-02-05,312
1973-02-05,312
1973-02-05,312
1973-02-06,314
1973-02-06,314
1973-02-06,313
1973-02-06,314
1973-02-07,318
1973-02-07,318
1973-02-07,317
1973-02-07,318
1973-02-08,319
1973-02-08,319
1973-02-08,319
1973-02-08,319
1973-02-09,321
1973-02-09,321
1973-02-09,321
1973-02-09,320
1973-02-10,321
1973-02-10,321
1973-02-10,319
1973-02-10,323
1973-02-11,327
1973-02-11,327
1973-02-11,325
1973-02-11,328
1973-02-12,327
1973-02-12,327
1973-02-12,325
1973-02-12,328
1973-02-13,326
1973-02-13,326
1973-02-13,327
1973-02-13,325
1973-02-14,329
1973-02-14,329
1973-02-14,328
1973-02-14,329
1973-02-15,333
1973-02-15,333
1973-02-15,332
1973-02-15,334
1973-02-16,336
1973-02-16,336
1973-02-16,336
1973-02-16,336
1973-02-17,339
1973-02-17,339
1973-02-17,338
1973-02-17,339
1973-02-18,342
1973-02-18,342
1973-02-18,341
1973-02-18,343
1973-02-19,345
1973-02-19,345
1973-02-19,345
1973-02-19,345
1973-02-20,348
1973-02-20,348
1973-02-20,347
1973-02-20,348
1973-02-21,352
1973-02-21,352
1973-02-21,351
1973-02-21,352
1973-02-22,357
1973-02-22,357
1973-02-22,356
1973-02-22,358
1973-02-23,361
1973-02-23,361
1973-02-23,360
1973-02-23,362
1973-02-24,366
1973-02-24,366
1973-02-24,366
1973-02-24,366
1973-02-25,369
1973-02-25,369
1973-02-25,368
1973-02-25,369
1973-02-26,372
1973-02-26,372
1973-02-26,371
1973-02-26,372
1973-02-27,375
1973-02-27,375
1973-02-27,375
1973-02-27,375
1973-02-28,378
1973-02-28,378
1973-02-28,377
1973-02-28,378
1973-03-01,382
1973-03-01,382
1973-03-01,381
1973-03-01,383
1973-03-02,386
1973-03-02,386
1973-03-02,385
1973-03-02,386
1973-03-03,388
1973-03-03,388
1973-03-03,388
1973-03-03,388
1973-03-04,393
1973-03-04,393
1973-03-04,392
1973-03-04,394
1973-03-05,397
1973-03-05,397
1973-03-05,396
1973-03-05,398
1973-03-06,402
1973-03-06,402
1973-03-06,401
1973-03-06,403
1973-03-07,406
1973-03-07,406
1973-03-07,405
1973-03-07,406
1973-03-08,411
1973-03-08,411
1973-03-08,410
1973-03-08,412
1973-03-09,415
1973-03-09,415
1973-03-09,413
1973-03-09,417
1973-03-10,419
1973-03-10,419
1973-03-10,418
1973-03-10,419
1973-03-11,427
1973-03-11,427
1973-03-11,425
1973-03-11,428
1973-03-12,430
1973-03-12,430
1973-03-12,430
1973-03-12,430
1973-03-13,431
1973-03-13,431
1973-03-13,430
1973-03-13,431
1973-03-14,431
1973-03-14,431
1973-03-14,431
1973-03-14,431
1973-03-15,434
1973-03-15,434
1973-03-15,432
1973-03-15,435
1973-03-16,436
1973-03-16,436
1973-03-16,436
1973-03-16,435
1973-03-17,439
1973-03-17,439
1973-03-17,438
1973-03-17,439
1973-03-18,441
1973-03-18,441
1973-03-18,440
1973-03-18,441
1973-03-19,443
1973-03-19,443
1973-03-19,442
1973-03-19,443
1973-03-20,445
1973-03-20,445
1973-03-20,445
1973-03-20,445
1973-03-21,448
1973-03-21,448
1973-03-21,447
1973-03-21,449
1973-03-22,452
1973-03-22,452
1973-03-22,452
1973-03-22,451
1973-03-23,457
1973-03-23,457
1973-03-23,456
1973-03-23,457
1973-03-24,461
1973-03-24,461
1973-03-24,459
1973-03-24,463
1973-03-25,464
1973-03-25,464
1973-03-25,463
1973-03-25,464
1973-03-26,465
1973-03-26,465
1973-03-26,465
1973-03-26,465
1973-03-27,468
1973-03-27,468
1973-03-27,467
1973-03-27,468
1973-03-28,469
1973-03-28,469
1973-03-28,469
1973-03-28,469
1973-03-29,471
1973-03-29,471
1973-03-29,471
1973-03-29,470
1973-03-30,471
1973-03-30,471
1973-03-30,471
1973-03-30,470
1973-03-31,471
1973-03-31,471
1973-03-31,471
1973-03-31,471
1973-04-01,477
1973-04-01,477
1973-04-01,475
1973-04-01,478
1973-04-02,482
1973-04-02,482
1973-04-02,478
1973-04-02,485
1973-04-03,489
1973-04-03,489
1973-04-03,488
1973-04-03,485
1973-04-04,494
1973-04-04,494
1973-04-04,493
1973-04-04,495
1973-04-05,500
1973-04-05,500
1973-04-05,498
1973-04-05,501
1973-04-06,504
1973-04-06,504
1973-04-06,502
1973-04-06,505
1973-04-07,507
1973-04-07,507
1973-04-07,506
1973-04-07,507
1973-04-08,511
1973-04-08,511
1973-04-08,510
1973-04-08,511
1973-04-09,513
1973-04-09,513
1973-04-09,512
1973-04-09,513
1973-04-10,515
1973-04-10,515
1973-04-10,515
1973-04-10,515
1973-04-11,518
1973-04-11,518
1973-04-11,517
1973-04-11,518
1973-04-12,519
1973-04-12,519
1973-04-12,519
1973-04-12,519
1973-04-13,520
1973-04-13,520
1973-04-13,520
1973-04-13,520
1973-04-14,521
1973-04-14,521
1973-04-14,521
1973-04-14,520
1973-04-15,521
1973-04-15,521
1973-04-15,521
1973-04-15,521
1973-04-16,524
1973-04-16,524
1973-04-16,523
1973-04-16,524
1973-04-17,529
1973-04-17,529
1973-04-17,528
1973-04-17,529
1973-04-18,530
1973-04-18,530
1973-04-18,530
1973-04-18,530
1973-04-19,531
1973-04-19,531
1973-04-19,531
1973-04-19,531
1973-04-20,532
1973-04-20,532
1973-04-20,531
1973-04-20,532
1973-04-21,535
1973-04-21,535
1973-04-21,534
1973-04-21,536
1973-04-22,538
1973-04-22,538
1973-04-22,538
1973-04-22,538
1973-04-23,540
1973-04-23,540
1973-04-23,539
1973-04-23,541
1973-04-24,547
1973-04-24,547
1973-04-24,545
1973-04-24,548
1973-04-25,552
1973-04-25,552
1973-04-25,552
1973-04-25,552
1973-04-26,554
1973-04-26,554
1973-04-26,553
1973-04-26,554
1973-04-27,556
1973-04-27,556
1973-04-27,555
1973-04-27,556
1973-04-28,560
1973-04-28,560
1973-04-28,559
1973-04-28,560
1973-04-29,563
1973-04-29,563
1973-04-29,562
1973-04-29,563
1973-04-30,567
1973-04-30,567
1973-04-30,566
1973-04-30,567
1973-05-01,571
1973-05-01,571
1973-05-01,570
1973-05-01,572
1973-05-02,576
1973-05-02,576
1973-05-02,574
1973-05-02,577
1973-05-03,578
1973-05-03,578
1973-05-03,577
1973-05-03,578
1973-05-04,581
1973-05-04,581
1973-05-04,580
1973-05-04,582
1973-05-05,586
1973-05-05,586
1973-05-05,585
1973-05-05,587
1973-05-06,592
1973-05-06,592
1973-05-06,590
1973-05-06,594
1973-05-07,600
1973-05-07,600
1973-05-07,600
1973-05-07,600
1973-05-08,603
1973-05-08,603
1973-05-08,603
1973-05-08,603
1973-05-09,610
1973-05-09,610
1973-05-09,609
1973-05-09,610
1973-05-10,618
1973-05-10,618
1973-05-10,616
1973-05-10,619
1973-05-11,620
1973-05-11,620
1973-05-11,619
1973-05-11,621
1973-05-12,623
1973-05-12,623
1973-05-12,622
1973-05-12,623
1973-05-13,625
1973-05-13,625
1973-05-13,624
1973-05-13,625
1973-05-14,631
1973-05-14,631
1973-05-14,630
1973-05-14,632
1973-05-15,635
1973-05-15,635
1973-05-15,634
1973-05-15,635
1973-05-16,636
1973-05-16,636
1973-05-16,635
1973-05-16,636
1973-05-17,639
1973-05-17,639
1973-05-17,639
1973-05-17,639
1973-05-18,644
1973-05-18,644
1973-05-18,642
1973-05-18,645
1973-05-19,650
1973-05-19,650
1973-05-19,649
1973-05-19,650
1973-05-20,656
1973-05-20,656
1973-05-20,654
1973-05-20,657
1973-05-21,661
1973-05-21,661
1973-05-21,660
1973-05-21,661
1973-05-22,662
1973-05-22,662
1973-05-22,661
1973-05-22,663
1973-05-23,668
1973-05-23,668
1973-05-23,666
1973-05-23,669
1973-05-24,670
1973-05-24,670
1973-05-24,670
1973-05-24,670
1973-05-25,673
1973-05-25,673
1973-05-25,672
1973-05-25,674
1973-05-26,674
1973-05-26,674
1973-05-26,672
1973-05-26,676
1973-05-27,679
1973-05-27,679
1973-05-27,678
1973-05-27,680
1973-05-28,681
1973-05-28,681
1973-05-28,680
1973-05-28,682
1973-05-29,685
1973-05-29,685
1973-05-29,684
1973-05-29,685
1973-05-30,687
1973-05-30,687
1973-05-30,686
1973-05-30,687
1973-05-31,691
1973-05-31,691
1973-05-31,689
1973-05-31,692
1973-06-01,693
1973-06-01,693
1973-06-01,692
1973-06-01,694
1973-06-02,696
1973-06-02,696
1973-06-02,694
1973-06-02,697
1973-06-03,698
1973-06-03,698
1973-06-03,697
1973-06-03,699
1973-06-04,699
1973-06-04,699
1973-06-04,699
1973-06-04,699
1973-06-05,700
1973-06-05,700
1973-06-05,699
1973-06-05,700
1973-06-06,701
1973-06-06,701
1973-06-06,700
1973-06-06,701
1973-06-07,702
1973-06-07,702
1973-06-07,702
1973-06-07,702
1973-06-08,702
1973-06-08,702
1973-06-08,702
1973-06-08,702
1973-06-09,703
1973-06-09,703
1973-06-09,702
1973-06-09,703
1973-06-10,703
1973-06-10,703
1973-06-10,703
1973-06-10,702
1973-06-11,702
1973-06-11,702
1973-06-11,702
1973-06-11,702
1973-06-12,701
1973-06-12,701
1973-06-12,701
1973-06-12,701
1973-06-13,700
1973-06-13,700
1973-06-13,700
1973-06-13,700
1973-06-14,699
1973-06-14,699
1973-06-14,699
1973-06-14,699
1973-06-15,698
1973-06-15,698
1973-06-15,698
1973-06-15,698
1973-06-16,697
1973-06-16,697
1973-06-16,697
1973-06-16,697
1973-06-17,697
1973-06-17,697
1973-06-17,697
1973-06-17,697
1973-06-18,697
1973-06-18,697
1973-06-18,696
1973-06-18,697
1973-06-19,697
1973-06-19,697
1973-06-19,697
1973-06-19,696
1973-06-20,698
1973-06-20,698
1973-06-20,697
1973-06-20,699
1973-06-21,699
1973-06-21,699
1973-06-21,699
1973-06-21,699
1973-06-22,702
1973-06-22,702
1973-06-22,702
1973-06-22,702
1973-06-23,702
1973-06-23,702
1973-06-23,702
1973-06-23,702
1973-06-24,701
1973-06-24,701
1973-06-24,701
1973-06-24,701
1973-06-25,701
1973-06-25,701
1973-06-25,701
1973-06-25,700
1973-06-26,699
1973-06-26,699
1973-06-26,699
1973-06-26,699
1973-06-27,697
1973-06-27,697
1973-06-27,698
1973-06-27,696
1973-06-28,695
1973-06-28,695
1973-06-28,695
1973-06-28,695
1973-06-29,693
1973-06-29,693
1973-06-29,693
1973-06-29,693
1973-06-30,691
1973-06-30,691
1973-06-30,691
1973-06-30,690
1973-07-01,689
1973-07-01,689
1973-07-01,689
1973-07-01,688
1973-07-02,689
1973-07-02,689
1973-07-02,688
1973-07-02,689
1973-07-03,687
1973-07-03,687
1973-07-03,688
1973-07-03,686
1973-07-04,686
1973-07-04,686
1973-07-04,686
1973-07-04,685
1973-07-05,684
1973-07-05,684
1973-07-05,684
1973-07-05,683
1973-07-06,682
1973-07-06,682
1973-07-06,683
1973-07-06,681
1973-07-07,681
1973-07-07,681
1973-07-07,681
1973-07-07,680
1973-07-08,679
1973-07-08,679
1973-07-08,679
1973-07-08,678
1973-07-09,676
1973-07-09,676
1973-07-09,677
1973-07-09,675
1973-07-10,674
1973-07-10,674
1973-07-10,678
1973-07-10,672
1973-07-11,669
1973-07-11,669
1973-07-11,670
1973-07-11,668
1973-07-12,665
1973-07-12,665
1973-07-12,666
1973-07-12,664
1973-07-13,662
1973-07-13,662
1973-07-13,662
1973-07-13,661
1973-07-14,661
1973-07-14,661
1973-07-14,661
1973-07-14,660
1973-07-15,660
1973-07-15,660
1973-07-15,660
1973-07-15,659
1973-07-16,659
1973-07-16,659
1973-07-16,659
1973-07-16,659
1973-07-17,659
1973-07-17,659
1973-07-17,659
1973-07-17,658
1973-07-18,657
1973-07-18,657
1973-07-18,657
1973-07-18,657
1973-07-19,656
1973-07-19,656
1973-07-19,656
1973-07-19,656
1973-07-20,655
1973-07-20,655
1973-07-20,655
1973-07-20,654
1973-07-21,653
1973-07-21,653
1973-07-21,653
1973-07-21,653
1973-07-22,654
1973-07-22,654
1973-07-22,653
1973-07-22,654
1973-07-23,652
1973-07-23,652
1973-07-23,652
1973-07-23,651
1973-07-24,649
1973-07-24,649
1973-07-24,649
1973-07-24,648
1973-07-25,649
1973-07-25,649
1973-07-25,649
1973-07-25,649
1973-07-26,649
1973-07-26,649
1973-07-26,648
1973-07-26,649
1973-07-27,649
1973-07-27,649
1973-07-27,649
1973-07-27,648
1973-07-28,649
1973-07-28,649
1973-07-28,649
1973-07-28,648
1973-07-29,648
1973-07-29,648
1973-07-29,647
1973-07-29,648
1973-07-30,648
1973-07-30,648
1973-07-30,648
1973-07-30,647
1973-07-31,646
1973-07-31,646
1973-07-31,646
1973-07-31,645
1973-08-01,643
1973-08-01,643
1973-08-01,643
1973-08-01,642
1973-08-02,641
1973-08-02,641
1973-08-02,642
1973-08-02,640
1973-08-03,638
1973-08-03,638
1973-08-03,638
1973-08-03,637
1973-08-04,635
1973-08-04,635
1973-08-04,636
1973-08-04,634
1973-08-05,635
1973-08-05,635
1973-08-05,633
1973-08-05,632
1973-08-06,629
1973-08-06,629
1973-08-06,630
1973-08-06,628
1973-08-07,626
1973-08-07,626
1973-08-07,627
1973-08-07,625
1973-08-08,624
1973-08-08,624
1973-08-08,624
1973-08-08,623
1973-08-09,621
1973-08-09,621
1973-08-09,622
1973-08-09,620
1973-08-10,618
1973-08-10,618
1973-08-10,619
1973-08-10,617
1973-08-11,614
1973-08-11,614
1973-08-11,614
1973-08-11,613
1973-08-12,611
1973-08-12,611
1973-08-12,612
1973-08-12,610
1973-08-13,605
1973-08-13,605
1973-08-13,605
1973-08-13,605
1973-08-14,602
1973-08-14,602
1973-08-14,603
1973-08-14,601
1973-08-15,598
1973-08-15,598
1973-08-15,599
1973-08-15,596
1973-08-16,593
1973-08-16,593
1973-08-16,594
1973-08-16,592
1973-08-17,591
1973-08-17,591
1973-08-17,591
1973-08-17,590
1973-08-18,587
1973-08-18,587
1973-08-18,588
1973-08-18,585
1973-08-19,583
1973-08-19,583
1973-08-19,583
1973-08-19,585
1973-08-20,585
1973-08-20,585
1973-08-20,585
1973-08-20,584
1973-08-21,583
1973-08-21,583
1973-08-21,584
1973-08-21,582
1973-08-22,581
1973-08-22,581
1973-08-22,581
1973-08-22,580
1973-08-23,578
1973-08-23,578
1973-08-23,579
1973-08-23,577
1973-08-24,575
1973-08-24,575
1973-08-24,576
1973-08-24,573
1973-08-25,569
1973-08-25,569
1973-08-25,571
1973-08-25,567
1973-08-26,563
1973-08-26,563
1973-08-26,565
1973-08-26,561
1973-08-27,557
1973-08-27,557
1973-08-27,559
1973-08-27,555
1973-08-28,553
1973-08-28,553
1973-08-28,554
1973-08-28,552
1973-08-29,550
1973-08-29,550
1973-08-29,551
1973-08-29,548
1973-08-30,547
1973-08-30,547
1973-08-30,547
1973-08-30,546
1973-08-31,544
1973-08-31,544
1973-08-31,545
1973-08-31,542
1973-09-01,541
1973-09-01,541
1973-09-01,542
1973-09-01,540
1973-09-02,538
1973-09-02,538
1973-09-02,539
1973-09-02,536
1973-09-03,537
1973-09-03,537
1973-09-03,537
1973-09-03,536
1973-09-04,536
1973-09-04,536
1973-09-04,537
1973-09-04,534
1973-09-05,531
1973-09-05,531
1973-09-05,532
1973-09-05,530
1973-09-06,527
1973-09-06,527
1973-09-06,528
1973-09-06,526
1973-09-07,523
1973-09-07,523
1973-09-07,524
1973-09-07,522
1973-09-08,521
1973-09-08,521
1973-09-08,521
1973-09-08,520
1973-09-09,518
1973-09-09,518
1973-09-09,518
1973-09-09,517
1973-09-10,515
1973-09-10,515
1973-09-10,516
1973-09-10,513
1973-09-11,509
1973-09-11,509
1973-09-11,509
1973-09-11,508
1973-09-12,506
1973-09-12,506
1973-09-12,506
1973-09-12,505
1973-09-13,503
1973-09-13,503
1973-09-13,504
1973-09-13,502
1973-09-14,498
1973-09-14,498
1973-09-14,498
1973-09-14,497
1973-09-15,495
1973-09-15,495
1973-09-15,495
1973-09-15,494
1973-09-16,493
1973-09-16,493
1973-09-16,493
1973-09-16,492
1973-09-17,490
1973-09-17,490
1973-09-17,490
1973-09-17,489
1973-09-18,487
1973-09-18,487
1973-09-18,488
1973-09-18,486
1973-09-19,483
1973-09-19,483
1973-09-19,484
1973-09-19,482
1973-09-20,480
1973-09-20,480
1973-09-20,480
1973-09-20,479
1973-09-21,474
1973-09-21,474
1973-09-21,476
1973-09-21,471
1973-09-22,469
1973-09-22,469
1973-09-22,469
1973-09-22,468
1973-09-23,466
1973-09-23,466
1973-09-23,467
1973-09-23,465
1973-09-24,462
1973-09-24,462
1973-09-24,463
1973-09-24,460
1973-09-25,458
1973-09-25,458
1973-09-25,458
1973-09-25,458
1973-09-26,457
1973-09-26,457
1973-09-26,457
1973-09-26,457
1973-09-27,457
1973-09-27,457
1973-09-27,457
1973-09-27,456
1973-09-28,454
1973-09-28,454
1973-09-28,454
1973-09-28,453
1973-09-29,451
1973-09-29,451
1973-09-29,451
1973-09-29,450
1973-09-30,447
1973-09-30,447
1973-09-30,448
1973-09-30,445
1973-10-01,441
1973-10-01,441
1973-10-01,441
1973-10-01,440
1973-10-02,437
1973-10-02,437
1973-10-02,438
1973-10-02,436
1973-10-03,433
1973-10-03,433
1973-10-03,434
1973-10-03,432
1973-10-04,428
1973-10-04,428
1973-10-04,429
1973-10-04,426
1973-10-05,422
1973-10-05,422
1973-10-05,428
1973-10-05,421
1973-10-06,417
1973-10-06,417
1973-10-06,418
1973-10-06,416
1973-10-07,412
1973-10-07,412
1973-10-07,413
1973-10-07,410
1973-10-08,407
1973-10-08,407
1973-10-08,408
1973-10-08,405
1973-10-09,401
1973-10-09,401
1973-10-09,402
1973-10-09,400
1973-10-10,396
1973-10-10,396
1973-10-10,397
1973-10-10,394
1973-10-11,390
1973-10-11,390
1973-10-11,392
1973-10-11,388
1973-10-12,385
1973-10-12,385
1973-10-12,386
1973-10-12,384
1973-10-13,379
1973-10-13,379
1973-10-13,380
1973-10-13,378
1973-10-14,375
1973-10-14,375
1973-10-14,376
1973-10-14,374
1973-10-15,371
1973-10-15,371
1973-10-15,372
1973-10-15,369
1973-10-16,367
1973-10-16,367
1973-10-16,368
1973-10-16,366
1973-10-17,364
1973-10-17,364
1973-10-17,365
1973-10-17,363
1973-10-18,360
1973-10-18,360
1973-10-18,360
1973-10-18,359
1973-10-19,357
1973-10-19,357
1973-10-19,358
1973-10-19,356
1973-10-20,355
1973-10-20,355
1973-10-20,355
1973-10-20,355
1973-10-21,355
1973-10-21,355
1973-10-21,355
1973-10-21,354
1973-10-22,353
1973-10-22,353
1973-10-22,353
1973-10-22,352
1973-10-23,349
1973-10-23,349
1973-10-23,350
1973-10-23,347
1973-10-24,345
1973-10-24,345
1973-10-24,345
1973-10-24,344
1973-10-25,341
1973-10-25,341
1973-10-25,340
1973-10-25,341
1973-10-26,336
1973-10-26,336
1973-10-26,337
1973-10-26,335
1973-10-27,333
1973-10-27,333
1973-10-27,333
1973-10-27,332
1973-10-28,330
1973-10-28,330
1973-10-28,330
1973-10-28,329
1973-10-29,327
1973-10-29,327
1973-10-29,328
1973-10-29,325
1973-10-30,321
1973-10-30,321
1973-10-30,323
1973-10-30,318
1973-10-31,313
1973-10-31,313
1973-10-31,315
1973-10-31,310
1973-11-01,306
1973-11-01,306
1973-11-01,308
1973-11-01,304
1973-11-02,299
1973-11-02,299
1973-11-02,300
1973-11-02,298
1973-11-03,293
1973-11-03,293
1973-11-03,294
1973-11-03,292
1973-11-04,289
1973-11-04,289
1973-11-04,290
1973-11-04,288
1973-11-05,282
1973-11-05,282
1973-11-05,284
1973-11-05,280
1973-11-06,277
1973-11-06,277
1973-11-06,278
1973-11-06,276
1973-11-07,271
1973-11-07,271
1973-11-07,274
1973-11-07,268
1973-11-08,265
1973-11-08,265
1973-11-08,266
1973-11-08,263
1973-11-09,262
1973-11-09,262
1973-11-09,263
1973-11-09,261
1973-11-10,260
1973-11-10,260
1973-11-10,260
1973-11-10,260
1973-11-11,257
1973-11-11,257
1973-11-11,259
1973-11-11,254
1973-11-12,251
1973-11-12,251
1973-11-12,252
1973-11-12,520
1973-11-13,246
1973-11-13,246
1973-11-13,248
1973-11-13,243
1973-11-14,242
1973-11-14,242
1973-11-14,245
1973-11-14,239
1973-11-15,236
1973-11-15,236
1973-11-15,236
1973-11-15,235
1973-11-16,231
1973-11-16,231
1973-11-16,232
1973-11-16,230
1973-11-17,228
1973-11-17,228
1973-11-17,229
1973-11-17,227
1973-11-18,224
1973-11-18,224
1973-11-18,225
1973-11-18,222
1973-11-19,219
1973-11-19,219
1973-11-19,220
1973-11-19,218
1973-11-20,215
1973-11-20,215
1973-11-20,215
1973-11-20,214
1973-11-21,213
1973-11-21,213
1973-11-21,214
1973-11-21,212
1973-11-22,212
1973-11-22,212
1973-11-22,212
1973-11-22,211
1973-11-23,210
1973-11-23,210
1973-11-23,210
1973-11-23,209
1973-11-24,209
1973-11-24,209
1973-11-24,209
1973-11-24,209
1973-11-25,209
1973-11-25,209
1973-11-25,210
1973-11-25,208
1973-11-26,211
1973-11-26,211
1973-11-26,211
1973-11-26,210
1973-11-27,211
1973-11-27,211
1973-11-27,211
1973-11-27,211
1973-11-28,213
1973-11-28,213
1973-11-28,212
1973-11-28,213
1973-11-29,216
1973-11-29,216
1973-11-29,216
1973-11-29,215
1973-11-30,215
1973-11-30,215
1973-11-30,215
1973-11-30,215
1973-12-01,217
1973-12-01,217
1973-12-01,217
1973-12-01,217
1973-12-02,220
1973-12-02,220
1973-12-02,219
1973-12-02,220
1973-12-03,222
1973-12-03,222
1973-12-03,221
1973-12-03,223
1973-12-04,226
1973-12-04,226
1973-12-04,226
1973-12-04,226
1973-12-05,229
1973-12-05,229
1973-12-05,228
1973-12-05,229
1973-12-06,232
1973-12-06,232
1973-12-06,232
1973-12-06,232
1973-12-07,237
1973-12-07,237
1973-12-07,237
1973-12-07,237
1973-12-08,243
1973-12-08,243
1973-12-08,240
1973-12-08,245
1973-12-09,250
1973-12-09,250
1973-12-09,249
1973-12-09,251
1973-12-10,254
1973-12-10,254
1973-12-10,252
1973-12-10,255
1973-12-11,261
1973-12-11,261
1973-12-11,259
1973-12-11,262
1973-12-12,264
1973-12-12,264
1973-12-12,263
1973-12-12,265
1973-12-13,274
1973-12-13,274
1973-12-13,271
1973-12-13,276
1973-12-14,279
1973-12-14,279
1973-12-14,277
1973-12-14,281
1973-12-15,285
1973-12-15,285
1973-12-15,285
1973-12-15,285
1973-12-16,291
1973-12-16,291
1973-12-16,290
1973-12-16,291
1973-12-17,295
1973-12-17,295
1973-12-17,294
1973-12-17,296
1973-12-18,299
1973-12-18,299
1973-12-18,296
1973-12-18,301
1973-12-19,302
1973-12-19,302
1973-12-19,302
1973-12-19,302
1973-12-20,305
1973-12-20,305
1973-12-20,304
1973-12-20,306
1973-12-21,310
1973-12-21,310
1973-12-21,309
1973-12-21,311
1973-12-22,312
1973-12-22,312
1973-12-22,312
1973-12-22,312
1973-12-23,316
1973-12-23,316
1973-12-23,314
1973-12-23,318
1973-12-24,316
1973-12-24,316
1973-12-24,316
1973-12-24,316
1973-12-25,319
1973-12-25,319
1973-12-25,318
1973-12-25,319
1973-12-26,321
1973-12-26,321
1973-12-26,320
1973-12-26,322
1973-12-27,325
1973-12-27,325
1973-12-27,324
1973-12-27,325
1973-12-28,326
1973-12-28,326
1973-12-28,326
1973-12-28,326
1973-12-29,327
1973-12-29,327
1973-12-29,328
1973-12-29,326
1973-12-30,326
1973-12-30,326
1973-12-30,326
1973-12-30,326
1973-12-31,328
1973-12-31,328
1973-12-31,329
1973-12-31,327
1974-01-01,328
1974-01-01,328
1974-01-01,329
1974-01-01,327
1974-01-02,325
1974-01-02,325
1974-01-02,326
1974-01-02,325
1974-01-03,326
1974-01-03,326
1974-01-03,325
1974-01-03,328
1974-01-04,329
1974-01-04,329
1974-01-04,329
1974-01-04,329
1974-01-05,329
1974-01-05,329
1974-01-05,329
1974-01-05,329
1974-01-06,329
1974-01-06,329
1974-01-06,329
1974-01-06,329
1974-01-07,331
1974-01-07,331
1974-01-07,330
1974-01-07,332
1974-01-08,334
1974-01-08,334
1974-01-08,334
1974-01-08,335
1974-01-09,337
1974-01-09,337
1974-01-09,337
1974-01-09,338
1974-01-10,340
1974-01-10,340
1974-01-10,339
1974-01-10,342
1974-01-11,345
1974-01-11,345
1974-01-11,345
1974-01-11,345
1974-01-12,346
1974-01-12,346
1974-01-12,346
1974-01-12,346
1974-01-13,349
1974-01-13,349
1974-01-13,348
1974-01-13,350
1974-01-14,351
1974-01-14,351
1974-01-14,351
1974-01-14,352
1974-01-15,355
1974-01-15,355
1974-01-15,354
1974-01-15,356
1974-01-16,356
1974-01-16,356
1974-01-16,356
1974-01-16,357
1974-01-17,359
1974-01-17,359
1974-01-17,358
1974-01-17,360
1974-01-18,360
1974-01-18,360
1974-01-18,360
1974-01-18,360
1974-01-19,361
1974-01-19,361
1974-01-19,361
1974-01-19,362
1974-01-20,363
1974-01-20,363
1974-01-20,364
1974-01-20,362
1974-01-21,370
1974-01-21,370
1974-01-21,368
1974-01-21,373
1974-01-22,376
1974-01-22,376
1974-01-22,375
1974-01-22,377
1974-01-23,380
1974-01-23,380
1974-01-23,379
1974-01-23,381
1974-01-24,382
1974-01-24,382
1974-01-24,382
1974-01-24,382
1974-01-25,384
1974-01-25,384
1974-01-25,382
1974-01-25,386
1974-01-26,391
1974-01-26,391
1974-01-26,391
1974-01-26,392
1974-01-27,394
1974-01-27,394
1974-01-27,393
1974-01-27,395
1974-01-28,399
1974-01-28,399
1974-01-28,398
1974-01-28,400
1974-01-29,404
1974-01-29,404
1974-01-29,402
1974-01-29,406
1974-01-30,410
1974-01-30,410
1974-01-30,409
1974-01-30,411
1974-01-31,417
1974-01-31,417
1974-01-31,416
1974-01-31,418
1974-02-01,420
1974-02-01,420
1974-02-01,420
1974-02-01,421
1974-02-02,424
1974-02-02,424
1974-02-02,423
1974-02-02,425
1974-02-03,429
1974-02-03,429
1974-02-03,428
1974-02-03,430
1974-02-04,435
1974-02-04,435
1974-02-04,434
1974-02-04,436
1974-02-05,441
1974-02-05,441
1974-02-05,440
1974-02-05,442
1974-02-06,446
1974-02-06,446
1974-02-06,445
1974-02-06,447
1974-02-07,451
1974-02-07,451
1974-02-07,450
1974-02-07,453
1974-02-08,460
1974-02-08,460
1974-02-08,458
1974-02-08,462
1974-02-09,467
1974-02-09,467
1974-02-09,465
1974-02-09,469
1974-02-10,476
1974-02-10,476
1974-02-10,474
1974-02-10,478
1974-02-11,486
1974-02-11,486
1974-02-11,485
1974-02-11,488
1974-02-12,490
1974-02-12,490
1974-02-12,490
1974-02-12,490
1974-02-13,493
1974-02-13,493
1974-02-13,493
1974-02-13,493
1974-02-14,495
1974-02-14,495
1974-02-14,495
1974-02-14,495
1974-02-15,496
1974-02-15,496
1974-02-15,495
1974-02-15,497
1974-02-16,498
1974-02-16,498
1974-02-16,498
1974-02-16,498
1974-02-17,498
1974-02-17,498
1974-02-17,498
1974-02-17,498
1974-02-18,502
1974-02-18,502
1974-02-18,502
1974-02-18,502
1974-02-19,504
1974-02-19,504
1974-02-19,503
1974-02-19,506
1974-02-20,509
1974-02-20,509
1974-02-20,509
1974-02-20,510
1974-02-21,515
1974-02-21,515
1974-02-21,515
1974-02-21,516
1974-02-22,521
1974-02-22,521
1974-02-22,519
1974-02-22,524
1974-02-23,528
1974-02-23,528
1974-02-23,527
1974-02-23,529
1974-02-24,531
1974-02-24,531
1974-02-24,531
1974-02-24,532
1974-02-25,535
1974-02-25,535
1974-02-25,534
1974-02-25,537
1974-02-26,539
1974-02-26,539
1974-02-26,538
1974-02-26,540
1974-02-27,543
1974-02-27,543
1974-02-27,542
1974-02-27,545
1974-02-28,547
1974-02-28,547
1974-02-28,547
1974-02-28,548
1974-03-01,549
1974-03-01,549
1974-03-01,549
1974-03-01,550
1974-03-02,552
1974-03-02,552
1974-03-02,551
1974-03-02,554
1974-03-03,554
1974-03-03,554
1974-03-03,554
1974-03-03,554
1974-03-04,556
1974-03-04,556
1974-03-04,556
1974-03-04,557
1974-03-05,557
1974-03-05,557
1974-03-05,557
1974-03-05,558
1974-03-06,561
1974-03-06,561
1974-03-06,561
1974-03-06,562
1974-03-07,563
1974-03-07,563
1974-03-07,563
1974-03-07,563
1974-03-08,564
1974-03-08,564
1974-03-08,564
1974-03-08,564
1974-03-09,564
1974-03-09,564
1974-03-09,564
1974-03-09,565
1974-03-10,567
1974-03-10,567
1974-03-10,567
1974-03-10,568
1974-03-11,572
1974-03-11,572
1974-03-11,571
1974-03-11,573
1974-03-12,575
1974-03-12,575
1974-03-12,575
1974-03-12,575
1974-03-13,579
1974-03-13,579
1974-03-13,578
1974-03-13,580
1974-03-14,583
1974-03-14,583
1974-03-14,582
1974-03-14,584
1974-03-15,584
1974-03-15,584
1974-03-15,584
1974-03-15,584
1974-03-16,585
1974-03-16,585
1974-03-16,585
1974-03-16,585
1974-03-17,585
1974-03-17,585
1974-03-17,585
1974-03-17,585
1974-03-18,584
1974-03-18,584
1974-03-18,584
1974-03-18,584
1974-03-19,583
1974-03-19,583
1974-03-19,583
1974-03-19,583
1974-03-20,582
1974-03-20,582
1974-03-20,582
1974-03-20,582
1974-03-21,583
1974-03-21,583
1974-03-21,583
1974-03-21,584
1974-03-22,584
1974-03-22,584
1974-03-22,584
1974-03-22,584
1974-03-23,587
1974-03-23,587
1974-03-23,585
1974-03-23,589
1974-03-24,596
1974-03-24,596
1974-03-24,593
1974-03-24,599
1974-03-25,601
1974-03-25,601
1974-03-25,601
1974-03-25,602
1974-03-26,605
1974-03-26,605
1974-03-26,604
1974-03-26,606
1974-03-27,607
1974-03-27,607
1974-03-27,607
1974-03-27,607
1974-03-28,608
1974-03-28,608
1974-03-28,608
1974-03-28,609
1974-03-29,616
1974-03-29,616
1974-03-29,615
1974-03-29,618
1974-03-30,619
1974-03-30,619
1974-03-30,619
1974-03-30,619
1974-03-31,621
1974-03-31,621
1974-03-31,621
1974-03-31,622
1974-04-01,625
1974-04-01,625
1974-04-01,624
1974-04-01,626
1974-04-02,628
1974-04-02,628
1974-04-02,628
1974-04-02,628
1974-04-03,630
1974-04-03,630
1974-04-03,629
1974-04-03,631
1974-04-04,637
1974-04-04,637
1974-04-04,635
1974-04-04,639
1974-04-05,642
1974-04-05,642
1974-04-05,642
1974-04-05,643
1974-04-06,644
1974-04-06,644
1974-04-06,644
1974-04-06,645
1974-04-07,649
1974-04-07,649
1974-04-07,648
1974-04-07,650
1974-04-08,652
1974-04-08,652
1974-04-08,652
1974-04-08,653
1974-04-09,655
1974-04-09,655
1974-04-09,655
1974-04-09,656
1974-04-10,658
1974-04-10,658
1974-04-10,658
1974-04-10,659
1974-04-11,663
1974-04-11,663
1974-04-11,662
1974-04-11,664
1974-04-12,665
1974-04-12,665
1974-04-12,665
1974-04-12,665
1974-04-13,666
1974-04-13,666
1974-04-13,666
1974-04-13,666
1974-04-14,666
1974-04-14,666
1974-04-14,666
1974-04-14,666
1974-04-15,665
1974-04-15,665
1974-04-15,666
1974-04-15,665
1974-04-16,663
1974-04-16,663
1974-04-16,664
1974-04-16,663
1974-04-17,660
1974-04-17,660
1974-04-17,660
1974-04-17,661
1974-04-18,661
1974-04-18,661
1974-04-18,661
1974-04-18,661
1974-04-19,662
1974-04-19,662
1974-04-19,662
1974-04-19,662
1974-04-20,662
1974-04-20,662
1974-04-20,662
1974-04-20,663
1974-04-21,663
1974-04-21,663
1974-04-21,663
1974-04-21,663
1974-04-22,662
1974-04-22,662
1974-04-22,663
1974-04-22,662
1974-04-23,661
1974-04-23,661
1974-04-23,661
1974-04-23,662
1974-04-24,663
1974-04-24,663
1974-04-24,663
1974-04-24,664
1974-04-25,665
1974-04-25,665
1974-04-25,665
1974-04-25,665
1974-04-26,666
1974-04-26,666
1974-04-26,666
1974-04-26,666
1974-04-27,668
1974-04-27,668
1974-04-27,668
1974-04-27,669
1974-04-28,673
1974-04-28,673
1974-04-28,672
1974-04-28,674
1974-04-29,678
1974-04-29,678
1974-04-29,677
1974-04-29,679
1974-04-30,681
1974-04-30,681
1974-04-30,681
1974-04-30,681
1974-05-01,682
1974-05-01,682
1974-05-01,682
1974-05-01,683
1974-05-02,683
1974-05-02,683
1974-05-02,683
1974-05-02,684
1974-05-03,685
1974-05-03,685
1974-05-03,685
1974-05-03,686
1974-05-04,687
1974-05-04,687
1974-05-04,687
1974-05-04,687
1974-05-05,687
1974-05-05,687
1974-05-05,687
1974-05-05,687
1974-05-06,689
1974-05-06,689
1974-05-06,689
1974-05-06,690
1974-05-07,692
1974-05-07,692
1974-05-07,692
1974-05-07,693
1974-05-08,695
1974-05-08,695
1974-05-08,695
1974-05-08,695
1974-05-09,698
1974-05-09,698
1974-05-09,697
1974-05-09,700
1974-05-10,701
1974-05-10,701
1974-05-10,701
1974-05-10,701
1974-05-11,703
1974-05-11,703
1974-05-11,703
1974-05-11,704
1974-05-12,706
1974-05-12,706
1974-05-12,706
1974-05-12,707
1974-05-13,711
1974-05-13,711
1974-05-13,711
1974-05-13,711
1974-05-14,714
1974-05-14,714
1974-05-14,714
1974-05-14,714
1974-05-15,716
1974-05-15,716
1974-05-15,716
1974-05-15,716
1974-05-16,717
1974-05-16,717
1974-05-16,717
1974-05-16,717
1974-05-17,716
1974-05-17,716
1974-05-17,716
1974-05-17,716
1974-05-18,714
1974-05-18,714
1974-05-18,715
1974-05-18,714
1974-05-19,713
1974-05-19,713
1974-05-19,713
1974-05-19,713
1974-05-20,714
1974-05-20,714
1974-05-20,714
1974-05-20,714
1974-05-21,714
1974-05-21,714
1974-05-21,714
1974-05-21,714
1974-05-22,715
1974-05-22,715
1974-05-22,715
1974-05-22,716
1974-05-23,717
1974-05-23,717
1974-05-23,717
1974-05-23,718
1974-05-24,720
1974-05-24,720
1974-05-24,720
1974-05-24,721
1974-05-25,721
1974-05-25,721
1974-05-25,722
1974-05-25,721
1974-05-26,722
1974-05-26,722
1974-05-26,723
1974-05-26,722
1974-05-27,721
1974-05-27,721
1974-05-27,722
1974-05-27,721
1974-05-28,723
1974-05-28,723
1974-05-28,723
1974-05-28,723
1974-05-29,724
1974-05-29,724
1974-05-29,724
1974-05-29,625
1974-05-30,723
1974-05-30,723
1974-05-30,723
1974-05-30,723
1974-05-31,723
1974-05-31,723
1974-05-31,723
1974-05-31,723
1974-06-01,723
1974-06-01,723
1974-06-01,723
1974-06-01,723
1974-06-02,724
1974-06-02,724
1974-06-02,724
1974-06-02,725
1974-06-03,727
1974-06-03,727
1974-06-03,727
1974-06-03,727
1974-06-04,729
1974-06-04,729
1974-06-04,728
1974-06-04,730
1974-06-05,730
1974-06-05,730
1974-06-05,730
1974-06-05,731
1974-06-06,730
1974-06-06,730
1974-06-06,730
1974-06-06,730
1974-06-07,730
1974-06-07,730
1974-06-07,731
1974-06-07,730
1974-06-08,729
1974-06-08,729
1974-06-08,729
1974-06-08,729
1974-06-09,729
1974-06-09,729
1974-06-09,729
1974-06-09,729
1974-06-10,729
1974-06-10,729
1974-06-10,729
1974-06-10,730
1974-06-11,730
1974-06-11,730
1974-06-11,730
1974-06-11,730
1974-06-12,730
1974-06-12,730
1974-06-12,730
1974-06-12,730
1974-06-13,728
1974-06-13,728
1974-06-13,729
1974-06-13,728
1974-06-14,726
1974-06-14,726
1974-06-14,726
1974-06-14,726
1974-06-15,725
1974-06-15,725
1974-06-15,726
1974-06-15,725
1974-06-16,724
1974-06-16,724
1974-06-16,724
1974-06-16,724
1974-06-17,723
1974-06-17,723
1974-06-17,723
1974-06-17,723
1974-06-18,722
1974-06-18,722
1974-06-18,722
1974-06-18,722
1974-06-19,722
1974-06-19,722
1974-06-19,722
1974-06-19,722
1974-06-20,723
1974-06-20,723
1974-06-20,723
1974-06-20,723
1974-06-21,722
1974-06-21,722
1974-06-21,722
1974-06-21,722
1974-06-22,722
1974-06-22,722
1974-06-22,722
1974-06-22,722
1974-06-23,724
1974-06-23,724
1974-06-23,724
1974-06-23,724
1974-06-24,723
1974-06-24,723
1974-06-24,723
1974-06-24,724
1974-06-25,726
1974-06-25,726
1974-06-25,726
1974-06-25,726
1974-06-26,726
1974-06-26,726
1974-06-26,726
1974-06-26,726
1974-06-27,726
1974-06-27,726
1974-06-27,726
1974-06-27,726
1974-06-28,725
1974-06-28,725
1974-06-28,725
1974-06-28,725
1974-06-29,723
1974-06-29,723
1974-06-29,723
1974-06-29,723
1974-06-30,721
1974-06-30,721
1974-06-30,722
1974-06-30,721
1974-07-01,719
1974-07-01,719
1974-07-01,720
1974-07-01,718
1974-07-02,717
1974-07-02,717
1974-07-02,718
1974-07-02,717
1974-07-03,716
1974-07-03,716
1974-07-03,717
1974-07-03,716
1974-07-04,713
1974-07-04,713
1974-07-04,714
1974-07-04,713
1974-07-05,710
1974-07-05,710
1974-07-05,712
1974-07-05,709
1974-07-06,707
1974-07-06,707
1974-07-06,708
1974-07-06,706
1974-07-07,704
1974-07-07,704
1974-07-07,705
1974-07-07,703
1974-07-08,701
1974-07-08,701
1974-07-08,702
1974-07-08,701
1974-07-09,701
1974-07-09,701
1974-07-09,701
1974-07-09,701
1974-07-10,698
1974-07-10,698
1974-07-10,699
1974-07-10,698
1974-07-11,695
1974-07-11,695
1974-07-11,696
1974-07-11,694
1974-07-12,695
1974-07-12,695
1974-07-12,696
1974-07-12,694
1974-07-13,692
1974-07-13,692
1974-07-13,693
1974-07-13,692
1974-07-14,690
1974-07-14,690
1974-07-14,691
1974-07-14,689
1974-07-15,686
1974-07-15,686
1974-07-15,687
1974-07-15,686
1974-07-16,684
1974-07-16,684
1974-07-16,685
1974-07-16,684
1974-07-17,682
1974-07-17,682
1974-07-17,682
1974-07-17,682
1974-07-18,680
1974-07-18,680
1974-07-18,680
1974-07-18,680
1974-07-19,680
1974-07-19,680
1974-07-19,680
1974-07-19,680
1974-07-20,679
1974-07-20,679
1974-07-20,679
1974-07-20,679
1974-07-21,678
1974-07-21,678
1974-07-21,678
1974-07-21,678
1974-07-22,678
1974-07-22,678
1974-07-22,678
1974-07-22,678
1974-07-23,678
1974-07-23,678
1974-07-23,678
1974-07-23,678
1974-07-24,676
1974-07-24,676
1974-07-24,677
1974-07-24,676
1974-07-25,675
1974-07-25,675
1974-07-25,675
1974-07-25,675
1974-07-26,673
1974-07-26,673
1974-07-26,674
1974-07-26,673
1974-07-27,671
1974-07-27,671
1974-07-27,671
1974-07-27,671
1974-07-28,668
1974-07-28,668
1974-07-28,668
1974-07-28,668
1974-07-29,665
1974-07-29,665
1974-07-29,666
1974-07-29,664
1974-07-30,661
1974-07-30,661
1974-07-30,661
1974-07-30,661
1974-07-31,660
1974-07-31,660
1974-07-31,661
1974-07-31,659
1974-08-01,656
1974-08-01,656
1974-08-01,657
1974-08-01,655
1974-08-02,652
1974-08-02,652
1974-08-02,654
1974-08-02,651
1974-08-03,649
1974-08-03,649
1974-08-03,650
1974-08-03,649
1974-08-04,547
1974-08-04,647
1974-08-04,647
1974-08-04,647
1974-08-05,643
1974-08-05,643
1974-08-05,644
1974-08-05,642
1974-08-06,639
1974-08-06,639
1974-08-06,641
1974-08-06,638
1974-08-07,635
1974-08-07,635
1974-08-07,636
1974-08-07,634
1974-08-08,631
1974-08-08,631
1974-08-08,632
1974-08-08,630
1974-08-09,628
1974-08-09,628
1974-08-09,628
1974-08-09,628
1974-08-10,626
1974-08-10,626
1974-08-10,626
1974-08-10,626
1974-08-11,625
1974-08-11,625
1974-08-11,625
1974-08-11,625
1974-08-12,622
1974-08-12,622
1974-08-12,623
1974-08-12,621
1974-08-13,620
1974-08-13,620
1974-08-13,620
1974-08-13,620
1974-08-14,616
1974-08-14,616
1974-08-14,617
1974-08-14,615
1974-08-15,611
1974-08-15,611
1974-08-15,612
1974-08-15,610
1974-08-16,607
1974-08-16,607
1974-08-16,608
1974-08-16,606
1974-08-17,602
1974-08-17,602
1974-08-17,602
1974-08-17,602
1974-08-18,601
1974-08-18,601
1974-08-18,602
1974-08-18,600
1974-08-19,597
1974-08-19,597
1974-08-19,598
1974-08-19,597
1974-08-20,594
1974-08-20,594
1974-08-20,595
1974-08-20,593
1974-08-21,590
1974-08-21,590
1974-08-21,591
1974-08-21,590
1974-08-22,587
1974-08-22,587
1974-08-22,588
1974-08-22,586
1974-08-23,582
1974-08-23,582
1974-08-23,584
1974-08-23,581
1974-08-24,577
1974-08-24,577
1974-08-24,578
1974-08-24,576
1974-08-25,572
1974-08-25,572
1974-08-25,574
1974-08-25,571
1974-08-26,567
1974-08-26,567
1974-08-26,568
1974-08-26,566
1974-08-27,562
1974-08-27,562
1974-08-27,564
1974-08-27,560
1974-08-28,557
1974-08-28,557
1974-08-28,558
1974-08-28,556
1974-08-29,551
1974-08-29,551
1974-08-29,552
1974-08-29,550
1974-08-30,546
1974-08-30,546
1974-08-30,548
1974-08-30,544
1974-08-31,541
1974-08-31,541
1974-08-31,543
1974-08-31,540
1974-09-01,538
1974-09-01,538
1974-09-01,540
1974-09-01,536
1974-09-02,533
1974-09-02,533
1974-09-02,534
1974-09-02,532
1974-09-03,530
1974-09-03,530
1974-09-03,531
1974-09-03,530
1974-09-04,537
1974-09-04,537
1974-09-04,528
1974-09-04,526
1974-09-05,525
1974-09-05,525
1974-09-05,526
1974-09-05,524
1974-09-06,521
1974-09-06,521
1974-09-06,522
1974-09-06,520
1974-09-07,518
1974-09-07,518
1974-09-07,519
1974-09-07,518
1974-09-08,515
1974-09-08,515
1974-09-08,516
1974-09-08,514
1974-09-09,511
1974-09-09,511
1974-09-09,512
1974-09-09,510
1974-09-10,506
1974-09-10,506
1974-09-10,507
1974-09-10,505
1974-09-11,501
1974-09-11,501
1974-09-11,502
1974-09-11,500
1974-09-12,496
1974-09-12,496
1974-09-12,498
1974-09-12,495
1974-09-13,490
1974-09-13,490
1974-09-13,492
1974-09-13,488
1974-09-14,486
1974-09-14,486
1974-09-14,488
1974-09-14,484
1974-09-15,483
1974-09-15,483
1974-09-15,484
1974-09-15,482
1974-09-16,479
1974-09-16,479
1974-09-16,480
1974-09-16,478
1974-09-17,476
1974-09-17,476
1974-09-17,476
1974-09-17,476
1974-09-18,471
1974-09-18,471
1974-09-18,472
1974-09-18,470
1974-09-19,467
1974-09-19,467
1974-09-19,468
1974-09-19,466
1974-09-20,464
1974-09-20,464
1974-09-20,465
1974-09-20,463
1974-09-21,459
1974-09-21,459
1974-09-21,460
1974-09-21,458
1974-09-22,455
1974-09-22,455
1974-09-22,457
1974-09-22,454
1974-09-23,450
1974-09-23,450
1974-09-23,452
1974-09-23,449
1974-09-24,444
1974-09-24,444
1974-09-24,446
1974-09-24,443
1974-09-25,438
1974-09-25,438
1974-09-25,441
1974-09-25,436
1974-09-26,432
1974-09-26,432
1974-09-26,434
1974-09-26,431
1974-09-27,426
1974-09-27,426
1974-09-27,429
1974-09-27,424
1974-09-28,420
1974-09-28,420
1974-09-28,421
1974-09-28,419
1974-09-29,413
1974-09-29,413
1974-09-29,414
1974-09-29,412
1974-09-30,406
1974-09-30,406
1974-09-30,409
1974-09-30,404
1974-10-01,401
1974-10-01,401
1974-10-01,402
1974-10-01,400
1974-10-02,397
1974-10-02,397
1974-10-02,398
1974-10-02,396
1974-10-03,396
1974-10-03,396
1974-10-03,397
1974-10-03,396
1974-10-04,392
1974-10-04,392
1974-10-04,394
1974-10-04,390
1974-10-05,385
1974-10-05,385
1974-10-05,388
1974-10-05,382
1974-10-06,378
1974-10-06,378
1974-10-06,379
1974-10-06,377
1974-10-07,374
1974-10-07,374
1974-10-07,376
1974-10-07,372
1974-10-08,368
1974-10-08,368
1974-10-08,371
1974-10-08,366
1974-10-09,362
1974-10-09,362
1974-10-09,364
1974-10-09,360
1974-10-10,354
1974-10-10,354
1974-10-10,357
1974-10-10,352
1974-10-11,348
1974-10-11,348
1974-10-11,349
1974-10-11,347
1974-10-12,343
1974-10-12,343
1974-10-12,344
1974-10-12,342
1974-10-13,341
1974-10-13,341
1974-10-13,342
1974-10-13,340
1974-10-14,336
1974-10-14,336
1974-10-14,337
1974-10-14,336
1974-10-15,334
1974-10-15,334
1974-10-15,335
1974-10-15,334
1974-10-16,335
1974-10-16,335
1974-10-16,336
1974-10-16,334
1974-10-17,331
1974-10-17,331
1974-10-17,332
1974-10-17,330
1974-10-18,328
1974-10-18,328
1974-10-18,329
1974-10-18,327
1974-10-19,322
1974-10-19,322
1974-10-19,324
1974-10-19,321
1974-10-20,316
1974-10-20,316
1974-10-20,318
1974-10-20,315
1974-10-21,312
1974-10-21,312
1974-10-21,313
1974-10-21,311
1974-10-22,307
1974-10-22,307
1974-10-22,309
1974-10-22,305
1974-10-23,301
1974-10-23,301
1974-10-23,302
1974-10-23,300
1974-10-24,296
1974-10-24,296
1974-10-24,299
1974-10-24,294
1974-10-25,289
1974-10-25,289
1974-10-25,290
1974-10-25,288
1974-10-26,286
1974-10-26,286
1974-10-26,287
1974-10-26,285
1974-10-27,282
1974-10-27,282
1974-10-27,283
1974-10-27,281
1974-10-28,277
1974-10-28,277
1974-10-28,279
1974-10-28,276
1974-10-29,278
1974-10-29,278
1974-10-29,274
1974-10-29,272
1974-10-30,270
1974-10-30,270
1974-10-30,270
1974-10-30,271
1974-10-31,271
1974-10-31,271
1974-10-31,271
1974-10-31,271
1974-11-01,271
1974-11-01,271
1974-11-01,271
1974-11-01,272
1974-11-02,274
1974-11-02,274
1974-11-02,274
1974-11-02,274
1974-11-03,273
1974-11-03,273
1974-11-03,273
1974-11-03,273
1974-11-04,272
1974-11-04,272
1974-11-04,273
1974-11-04,272
1974-11-05,270
1974-11-05,270
1974-11-05,271
1974-11-05,269
1974-11-06,267
1974-11-06,267
1974-11-06,267
1974-11-06,267
1974-11-07,264
1974-11-07,264
1974-11-07,266
1974-11-07,262
1974-11-08,264
1974-11-08,264
1974-11-08,265
1974-11-08,263
1974-11-09,263
1974-11-09,263
1974-11-09,265
1974-11-09,261
1974-11-10,258
1974-11-10,258
1974-11-10,259
1974-11-10,258
1974-11-11,257
1974-11-11,257
1974-11-11,258
1974-11-11,256
1974-11-12,254
1974-11-12,254
1974-11-12,255
1974-11-12,254
1974-11-13,254
1974-11-13,254
1974-11-13,255
1974-11-13,253
1974-11-14,254
1974-11-14,254
1974-11-14,254
1974-11-14,255
1974-11-15,254
1974-11-15,254
1974-11-15,255
1974-11-15,254
1974-11-16,253
1974-11-16,253
1974-11-16,253
1974-11-16,253
1974-11-17,255
1974-11-17,255
1974-11-17,255
1974-11-17,255
1974-11-18,253
1974-11-18,253
1974-11-18,255
1974-11-18,252
1974-11-19,250
1974-11-19,250
1974-11-19,252
1974-11-19,249
1974-11-20,248
1974-11-20,248
1974-11-20,249
1974-11-20,247
1974-11-21,246
1974-11-21,246
1974-11-21,247
1974-11-21,245
1974-11-22,248
1974-11-22,248
1974-11-22,244
1974-11-22,242
1974-11-23,240
1974-11-23,240
1974-11-23,241
1974-11-23,239
1974-11-24,238
1974-11-24,238
1974-11-24,238
1974-11-24,238
1974-11-25,234
1974-11-25,234
1974-11-25,235
1974-11-25,233
1974-11-26,235
1974-11-26,235
1974-11-26,235
1974-11-26,235
1974-11-27,234
1974-11-27,234
1974-11-27,235
1974-11-27,233
1974-11-28,233
1974-11-28,233
1974-11-28,234
1974-11-28,232
1974-11-29,234
1974-11-29,234
1974-11-29,235
1974-11-29,233
1974-11-30,235
1974-11-30,235
1974-11-30,235
1974-11-30,235
1974-12-01,235
1974-12-01,235
1974-12-01,235
1974-12-01,235
1974-12-02,235
1974-12-02,235
1974-12-02,235
1974-12-02,236
1974-12-03,235
1974-12-03,235
1974-12-03,235
1974-12-03,235
1974-12-04,233
1974-12-04,233
1974-12-04,234
1974-12-04,233
1974-12-05,232
1974-12-05,232
1974-12-05,232
1974-12-05,232
1974-12-06,237
1974-12-06,237
1974-12-06,237
1974-12-06,238
1974-12-07,239
1974-12-07,239
1974-12-07,239
1974-12-07,239
1974-12-08,239
1974-12-08,239
1974-12-08,239
1974-12-08,240
1974-12-09,240
1974-12-09,240
1974-12-09,241
1974-12-09,240
1974-12-10,244
1974-12-10,244
1974-12-10,245
1974-12-10,243
1974-12-11,242
1974-12-11,242
1974-12-11,242
1974-12-11,242
1974-12-12,242
1974-12-12,242
1974-12-12,242
1974-12-12,242
1974-12-13,244
1974-12-13,244
1974-12-13,244
1974-12-13,244
1974-12-14,244
1974-12-14,244
1974-12-14,245
1974-12-14,244
1974-12-15,248
1974-12-15,248
1974-12-15,248
1974-12-15,248
1974-12-16,249
1974-12-16,249
1974-12-16,249
1974-12-16,250
1974-12-17,252
1974-12-17,252
1974-12-17,252
1974-12-17,253
1974-12-18,254
1974-12-18,254
1974-12-18,254
1974-12-18,254
1974-12-19,257
1974-12-19,257
1974-12-19,257
1974-12-19,257
1974-12-20,260
1974-12-20,260
1974-12-20,260
1974-12-20,260
1974-12-21,261
1974-12-21,261
1974-12-21,261
1974-12-21,261
1974-12-22,261
1974-12-22,261
1974-12-22,261
1974-12-22,261
1974-12-23,262
1974-12-23,262
1974-12-23,262
1974-12-23,263
1974-12-24,264
1974-12-24,264
1974-12-24,264
1974-12-24,264
1974-12-25,266
1974-12-25,266
1974-12-25,266
1974-12-25,266
1974-12-26,267
1974-12-26,267
1974-12-26,267
1974-12-26,267
1974-12-27,267
1974-12-27,267
1974-12-27,267
1974-12-27,268
1974-12-28,273
1974-12-28,273
1974-12-28,272
1974-12-28,274
1974-12-29,277
1974-12-29,277
1974-12-29,276
1974-12-29,278
1974-12-30,280
1974-12-30,280
1974-12-30,280
1974-12-30,280
1974-12-31,280
1974-12-31,280
1974-12-31,280
1974-12-31,281
1975-01-01,281
1975-01-01,282
1975-01-02,282
1975-01-02,285
1975-01-03,290
1975-01-03,293
1975-01-04,303
1975-01-04,307
1975-01-05,309
1975-01-05,312
1975-01-06,316
1975-01-06,317
1975-01-07,319
1975-01-07,320
1975-01-08,321
1975-01-08,321
1975-01-09,324
1975-01-09,324
1975-01-10,326
1975-01-10,326
1975-01-11,228
1975-01-11,330
1975-01-12,331
1975-01-12,332
1975-01-13,333
1975-01-13,334
1975-01-14,334
1975-01-14,335
1975-01-15,337
1975-01-15,338
1975-01-16,339
1975-01-16,338
1975-01-17,341
1975-01-17,342
1975-01-18,344
1975-01-18,344
1975-01-19,345
1975-01-19,345
1975-01-20,346
1975-01-20,345
1975-01-21,347
1975-01-21,349
1975-01-22,349
1975-01-22,348
1975-01-23,349
1975-01-23,349
1975-01-24,349
1975-01-24,350
1975-01-25,358
1975-01-25,359
1975-01-26,360
1975-01-26,360
1975-01-27,361
1975-01-27,363
1975-01-28,366
1975-01-28,368
1975-01-29,373
1975-01-29,375
1975-01-30,377
1975-01-30,378
1975-01-31,379
1975-01-31,381
1975-02-01,392
1975-02-01,394
1975-02-02,398
1975-02-02,401
1975-02-03,405
1975-02-03,408
1975-02-04,409
1975-02-04,411
1975-02-05,415
1975-02-05,417
1975-02-06,420
1975-02-06,421
1975-02-07,423
1975-02-07,424
1975-02-08,425
1975-02-08,427
1975-02-09,430
1975-02-09,432
1975-02-10,434
1975-02-10,437
1975-02-11,349
1975-02-11,439
1975-02-12,444
1975-02-12,446
1975-02-13,449
1975-02-13,451
1975-02-14,455
1975-02-14,456
1975-02-15,459
1975-02-15,458
1975-02-16,465
1975-02-16,465
1975-02-17,466
1975-02-17,469
1975-02-18,471
1975-02-18,473
1975-02-19,476
1975-02-19,476
1975-02-20,478
1975-02-20,479
1975-02-21,480
1975-02-21,481
1975-02-22,483
1975-02-22,483
1975-02-23,483
1975-02-23,484
1975-02-24,486
1975-02-24,489
1975-02-25,491
1975-02-25,492
1975-02-26,492
1975-02-26,497
1975-02-27,501
1975-02-27,502
1975-02-28,505
1975-02-28,507
1975-03-01,510
1975-03-01,513
1975-03-02,516
1975-03-02,518
1975-03-03,520
1975-03-03,523
1975-03-04,525
1975-03-04,526
1975-03-05,528
1975-03-05,529
1975-03-06,530
1975-03-06,530
1975-03-07,532
1975-03-07,533
1975-03-08,534
1975-03-08,536
1975-03-09,534
1975-03-09,535
1975-03-10,534
1975-03-10,536
1975-03-11,534
1975-03-11,532
1975-03-12,535
1975-03-12,538
1975-03-13,539
1975-03-13,540
1975-03-14,543
1975-03-14,543
1975-03-15,544
1975-03-15,545
1975-03-16,550
1975-03-16,551
1975-03-17,554
1975-03-17,558
1975-03-18,560
1975-03-18,561
1975-03-19,565
1975-03-19,566
1975-03-20,568
1975-03-20,568
1975-03-21,568
1975-03-21,568
1975-03-22,571
1975-03-22,572
1975-03-23,573
1975-03-23,575
1975-03-24,578
1975-03-24,580
1975-03-25,582
1975-03-25,585
1975-03-26,588
1975-03-26,590
1975-03-27,592
1975-03-27,594
1975-03-28,597
1975-03-28,598
1975-03-29,599
1975-03-29,600
1975-03-30,602
1975-03-30,603
1975-03-31,604
1975-03-31,604
1975-04-01,605
1975-04-01,606
1975-04-02,609
1975-04-02,610
1975-04-03,613
1975-04-03,615
1975-04-04,618
1975-04-04,620
1975-04-05,620
1975-04-05,621
1975-04-06,623
1975-04-06,624
1975-04-07,628
1975-04-07,630
1975-04-08,633
1975-04-08,636
1975-04-09,636
1975-04-09,638
1975-04-10,638
1975-04-10,640
1975-04-11,640
1975-04-11,642
1975-04-12,645
1975-04-12,649
1975-04-13,650
1975-04-13,653
1975-04-14,654
1975-04-14,655
1975-04-15,658
1975-04-15,660
1975-04-16,662
1975-04-16,665
1975-04-17,668
1975-04-17,670
1975-04-18,680
1975-04-18,682
1975-04-19,685
1975-04-19,685
1975-04-20,688
1975-04-20,688
1975-04-21,691
1975-04-21,695
1975-04-22,697
1975-04-22,698
1975-04-23,698
1975-04-23,700
1975-04-24,700
1975-04-24,700
1975-04-25,702
1975-04-25,703
1975-04-26,703
1975-04-26,704
1975-04-27,704
1975-04-27,705
1975-04-28,705
1975-04-28,707
1975-04-29,707
1975-04-29,707
1975-04-30,709
1975-04-30,710
1975-05-01,711
1975-05-01,712
1975-05-02,713
1975-05-02,713
1975-05-03,713
1975-05-03,713
1975-05-04,715
1975-05-04,719
1975-05-05,721
1975-05-05,722
1975-05-06,725
1975-05-06,727
1975-05-07,727
1975-05-07,727
1975-05-08,728
1975-05-08,728
1975-05-09,730
1975-05-09,730
1975-05-10,732
1975-05-10,734
1975-05-11,735
1975-05-11,733
1975-05-12,733
1975-05-12,735
1975-05-13,735
1975-05-13,737
1975-05-14,738
1975-05-14,738
1975-05-15,740
1975-05-15,742
1975-05-16,743
1975-05-16,744
1975-05-17,744
1975-05-17,745
1975-05-18,741
1975-05-18,741
1975-05-19,740
1975-05-19,739
1975-05-20,740
1975-05-20,739
1975-05-21,742
1975-05-21,742
1975-05-22,742
1975-05-22,743
1975-05-23,743
1975-05-23,743
1975-05-24,745
1975-05-24,748
1975-05-25,750
1975-05-25,750
1975-05-26,752
1975-05-26,753
1975-05-27,753
1975-05-27,754
1975-05-28,754
1975-05-28,756
1975-05-29,760
1975-05-29,761
1975-05-30,761
1975-05-30,763
1975-05-31,763
1975-05-31,764
1975-06-01,762
1975-06-01,764
1975-06-02,763
1975-06-02,765
1975-06-03,765
1975-06-03,765
1975-06-04,763
1975-06-04,765
1975-06-05,765
1975-06-05,768
1975-06-06,765
1975-06-06,768
1975-06-07,765
1975-06-07,768
1975-06-08,768
1975-06-08,769
1975-06-09,770
1975-06-09,770
1975-06-10,770
1975-06-10,771
1975-06-11,771
1975-06-11,772
1975-06-12,772
1975-06-12,773
1975-06-13,772
1975-06-13,771
1975-06-14,772
1975-06-14,772
1975-06-15,772
1975-06-15,770
1975-06-16,769
1975-06-16,770
1975-06-17,770
1975-06-17,769
1975-06-18,767
1975-06-18,766
1975-06-19,766
1975-06-19,765
1975-06-20,764
1975-06-20,765
1975-06-21,760
1975-06-21,760
1975-06-22,759
1975-06-22,758
1975-06-23,756
1975-06-23,755
1975-06-24,754
1975-06-24,753
1975-06-25,752
1975-06-25,750
1975-06-26,750
1975-06-26,750
1975-06-27,750
1975-06-27,750
1975-06-28,748
1975-06-28,748
1975-06-29,745
1975-06-29,745
1975-06-30,742
1975-06-30,742
1975-07-01,740
1975-07-01,740
1975-07-02,738
1975-07-02,738
1975-07-03,736
1975-07-03,736
1975-07-04,735
1975-07-04,734
1975-07-05,732
1975-07-05,730
1975-07-06,730
1975-07-06,728
1975-07-07,728
1975-07-07,727
1975-07-08,725
1975-07-08,724
1975-07-09,722
1975-07-09,722
1975-07-10,721
1975-07-10,721
1975-07-11,720
1975-07-11,725
1975-07-12,724
1975-07-12,726
1975-07-13,730
1975-07-13,731
1975-07-14,731
1975-07-14,732
1975-07-15,733
1975-07-15,733
1975-07-16,733
1975-07-16,733
1975-07-17,733
1975-07-17,733
1975-07-18,733
1975-07-18,732
1975-07-19,730
1975-07-19,730
1975-07-20,727
1975-07-20,724
1975-07-21,720
1975-07-21,720
1975-07-22,718
1975-07-22,718
1975-07-23,715
1975-07-23,715
1975-07-24,713
1975-07-24,710
1975-07-25,710
1975-07-25,707
1975-07-26,705
1975-07-26,703
1975-07-27,702
1975-07-27,701
1975-07-28,700
1975-07-28,698
1975-07-29,698
1975-07-29,695
1975-07-30,695
1975-07-30,692
1975-07-31,692
1975-07-31,692
1975-08-01,693
1975-08-01,693
1975-08-02,690
1975-08-02,690
1975-08-03,690
1975-08-03,690
1975-08-04,689
1975-08-04,688
1975-08-05,687
1975-08-05,687
1975-08-06,683
1975-08-06,681
1975-08-07,681
1975-08-07,681
1975-08-08,680
1975-08-08,680
1975-08-09,680
1975-08-09,676
1975-08-10,675
1975-08-10,673
1975-08-11,671
1975-08-11,670
1975-08-12,670
1975-08-12,668
1975-08-13,666
1975-08-13,662
1975-08-14,661
1975-08-14,661
1975-08-15,660
1975-08-15,657
1975-08-16,657
1975-08-16,653
1975-08-17,650
1975-08-17,647
1975-08-18,643
1975-08-18,641
1975-08-19,639
1975-08-19,636
1975-08-20,632
1975-08-20,631
1975-08-21,630
1975-08-21,630
1975-08-22,628
1975-08-22,627
1975-08-23,627
1975-08-23,624
1975-08-24,622
1975-08-24,622
1975-08-25,620
1975-08-25,618
1975-08-26,616
1975-08-26,615
1975-08-27,612
1975-08-27,612
1975-08-28,612
1975-08-28,610
1975-08-29,610
1975-08-29,608
1975-08-30,605
1975-08-30,602
1975-08-31,602
1975-08-31,600
1975-09-01,597
1975-09-01,595
1975-09-02,592
1975-09-02,590
1975-09-03,587
1975-09-03,585
1975-09-04,582
1975-09-04,580
1975-09-05,576
1975-09-05,574
1975-09-06,574
1975-09-06,570
1975-09-07,568
1975-09-07,568
1975-09-08,568
1975-09-08,565
1975-09-09,565
1975-09-09,565
1975-09-10,564
1975-09-10,562
1975-09-11,560
1975-09-11,558
1975-09-12,557
1975-09-12,553
1975-09-13,551
1975-09-13,550
1975-09-14,548
1975-09-14,544
1975-09-15,540
1975-09-15,537
1975-09-16,533
1975-09-16,530
1975-09-17,527
1975-09-17,524
1975-09-18,520
1975-09-18,518
1975-09-19,514
1975-09-19,510
1975-09-20,510
1975-09-20,506
1975-09-21,503
1975-09-21,503
1975-09-22,500
1975-09-22,497
1975-09-23,495
1975-09-23,492
1975-09-24,492
1975-09-24,490
1975-09-25,488
1975-09-25,485
1975-09-26,480
1975-09-26,476
1975-09-27,475
1975-09-27,470
1975-09-28,469
1975-09-28,464
1975-09-29,462
1975-09-29,458
1975-09-30,453
1975-09-30,450
1975-10-01,442
1975-10-01,444
1975-10-02,441
1975-10-02,436
1975-10-03,435
1975-10-03,430
1975-10-04,430
1975-10-04,428
1975-10-05,425
1975-10-05,422
1975-10-06,420
1975-10-06,418
1975-10-07,418
1975-10-07,412
1975-10-08,410
1975-10-08,408
1975-10-09,406
1975-10-09,400
1975-10-10,400
1975-10-10,398
1975-10-11,394
1975-10-11,390
1975-10-12,387
1975-10-12,382
1975-10-13,380
1975-10-13,374
1975-10-14,370
1975-10-14,365
1975-10-15,360
1975-10-15,355
1975-10-16,350
1975-10-16,350
1975-10-17,345
1975-10-17,340
1975-10-18,335
1975-10-18,330
1975-10-19,330
1975-10-19,325
1975-10-20,320
1975-10-20,315
1975-10-21,310
1975-10-21,310
1975-10-22,310
1975-10-22,305
1975-10-23,302
1975-10-23,297
1975-10-24,292
1975-10-24,290
1975-10-25,285
1975-10-25,280
1975-10-26,278
1975-10-26,273
1975-10-27,270
1975-10-27,265
1975-10-28,260
1975-10-28,255
1975-10-29,252
1975-10-29,250
1975-10-30,245
1975-10-30,240
1975-10-31,235
1975-10-31,230
1975-11-01,228
1975-11-01,225
1975-11-02,220
1975-11-02,220
1975-11-03,220
1975-11-03,215
1975-11-04,210
1975-11-04,210
1975-11-05,207
1975-11-05,205
1975-11-06,205
1975-11-06,200
1975-11-07,198
1975-11-07,196
1975-11-08,186
1975-11-08,180
1975-11-09,178
1975-11-09,175
1975-11-10,175
1975-11-10,170
1975-11-11,170
1975-11-11,165
1975-11-12,164
1975-11-12,160
1975-11-13,154
1975-11-13,150
1975-11-14,148
1975-11-14,140
1975-11-15,138
1975-11-15,138
1975-11-16,134
1975-11-16,130
1975-11-17,128
1975-11-17,130
1975-11-18,128
1975-11-18,127
1975-11-19,124
1975-11-19,120
1975-11-20,123
1975-11-20,120
1975-11-21,121
1975-11-21,118
1975-11-22,120
1975-11-22,114
1975-11-23,115
1975-11-23,110
1975-11-24,110
1975-11-24,108
1975-11-25,108
1975-11-25,100
1975-11-26,104
1975-11-26,102
1975-11-27,102
1975-11-27,100
1975-11-28,100
1975-11-28,100
1975-11-29,101
1975-11-29,100
1975-11-30,100
1975-11-30,100
1975-12-01,100
1975-12-01,103
1975-12-02,108
1975-12-02,110
1975-12-03,110
1975-12-03,112
1975-12-04,112
1975-12-04,113
1975-12-05,113
1975-12-05,113
1975-12-06,115
1975-12-06,114
1975-12-07,121
1975-12-07,120
1975-12-08,124
1975-12-08,124
1975-12-09,128
1975-12-09,128
1975-12-10,129
1975-12-10,130
1975-12-11,130
1975-12-11,130
1975-12-12,132
1975-12-12,133
1975-12-13,133
1975-12-13,133
1975-12-14,135
1975-12-14,138
1975-12-15,140
1975-12-15,140
1975-12-16,143
1975-12-16,143
1975-12-17,144
1975-12-17,144
1975-12-18,148
1975-12-18,150
1975-12-19,153
1975-12-19,154
1975-12-20,154
1975-12-20,154
1975-12-21,155
1975-12-21,158
1975-12-22,160
1975-12-22,160
1975-12-23,163
1975-12-23,163
1975-12-24,165
1975-12-24,165
1975-12-25,170
1975-12-25,173
1975-12-26,172
1975-12-26,173
1975-12-27,173
1975-12-27,175
1975-12-28,175
1975-12-28,178
1975-12-29,178
1975-12-29,178
1975-12-30,180
1975-12-30,183
1975-12-31,183
1975-12-31,184
1976-01-01,184
1976-01-01,191
1976-01-02,192
1976-01-02,193
1976-01-03,192
1976-01-03,200
1976-01-04,208
1976-01-04,210
1976-01-05,213
1976-01-05,215
1976-01-06,220
1976-01-06,221
1976-01-07,225
1976-01-07,225
1976-01-08,230
1976-01-08,233
1976-01-09,235
1976-01-09,238
1976-01-10,240
1976-01-10,240
1976-01-11,242
1976-01-11,243
1976-01-12,245
1976-01-12,245
1976-01-13,251
1976-01-13,253
1976-01-14,258
1976-01-14,260
1976-01-15,263
1976-01-15,270
1976-01-16,272
1976-01-16,275
1976-01-17,281
1976-01-17,282
1976-01-18,289
1976-01-18,290
1976-01-19,295
1976-01-19,298
1976-01-20,303
1976-01-20,303
1976-01-21,303
1976-01-21,311
1976-01-22,315
1976-01-22,317
1976-01-23,321
1976-01-23,323
1976-01-24,324
1976-01-24,329
1976-01-25,332
1976-01-25,332
1976-01-26,337
1976-01-26,337
1976-01-27,340
1976-01-27,343
1976-01-28,345
1976-01-28,348
1976-01-29,353
1976-01-29,355
1976-01-30,359
1976-01-30,360
1976-01-31,364
1976-01-31,370
1976-02-01,375
1976-02-01,380
1976-02-02,383
1976-02-02,384
1976-02-03,388
1976-02-03,390
1976-02-04,393
1976-02-04,396
1976-02-05,400
1976-02-05,403
1976-02-06,408
1976-02-06,408
1976-02-07,411
1976-02-07,412
1976-02-08,420
1976-02-08,423
1976-02-09,423
1976-02-09,424
1976-02-10,428
1976-02-10,430
1976-02-11,433
1976-02-11,433
1976-02-12,436
1976-02-12,440
1976-02-13,442
1976-02-13,443
1976-02-14,444
1976-02-14,448
1976-02-15,450
1976-02-15,453
1976-02-16,453
1976-02-16,453
1976-02-17,455
1976-02-17,455
1976-02-18,460
1976-02-18,460
1976-02-19,463
1976-02-19,463
1976-02-20,468
1976-02-20,468
1976-02-21,472
1976-02-21,472
1976-02-22,475
1976-02-22,475
1976-02-23,476
1976-02-23,480
1976-02-24,482
1976-02-24,483
1976-02-25,485
1976-02-25,488
1976-02-26,491
1976-02-26,493
1976-02-27,494
1976-02-27,496
1976-02-28,500
1976-02-28,503
1976-02-29,505
1976-02-29,506
1976-03-01,508
1976-03-01,508
1976-03-02,510
1976-03-02,510
1976-03-03,510
1976-03-03,510
1976-03-04,512
1976-03-04,512
1976-03-05,512
1976-03-05,512
1976-03-06,513
1976-03-06,513
1976-03-07,513
1976-03-07,514
1976-03-08,515
1976-03-08,518
1976-03-09,520
1976-03-09,520
1976-03-10,520
1976-03-10,520
1976-03-11,525
1976-03-11,528
1976-03-12,530
1976-03-12,533
1976-03-13,535
1976-03-13,538
1976-03-14,542
1976-03-14,545
1976-03-15,550
1976-03-15,553
1976-03-16,555
1976-03-16,559
1976-03-17,562
1976-03-17,565
1976-03-18,570
1976-03-18,571
1976-03-19,574
1976-03-19,578
1976-03-20,583
1976-03-20,583
1976-03-21,590
1976-03-21,590
1976-03-22,595
1976-03-22,600
1976-03-23,603
1976-03-23,604
1976-03-24,603
1976-03-24,606
1976-03-25,606
1976-03-25,608
1976-03-26,608
1976-03-26,608
1976-03-27,610
1976-03-27,610
1976-03-28,613
1976-03-28,613
1976-03-29,615
1976-03-29,618
1976-03-30,620
1976-03-30,623
1976-03-31,624
1976-03-31,625
1976-04-01,628
1976-04-01,630
1976-04-02,633
1976-04-02,633
1976-04-03,634
1976-04-03,636
1976-04-04,640
1976-04-04,643
1976-04-05,644
1976-04-05,645
1976-04-06,649
1976-04-06,650
1976-04-07,653
1976-04-07,655
1976-04-08,655
1976-04-08,659
1976-04-09,660
1976-04-09,663
1976-04-10,663
1976-04-10,664
1976-04-11,664
1976-04-11,665
1976-04-12,668
1976-04-12,668
1976-04-13,676
1976-04-13,680
1976-04-14,682
1976-04-14,683
1976-04-15,684
1976-04-15,688
1976-04-16,690
1976-04-16,693
1976-04-17,700
1976-04-17,703
1976-04-18,704
1976-04-18,704
1976-04-19,705
1976-04-19,708
1976-04-20,710
1976-04-20,713
1976-04-21,713
1976-04-21,713
1976-04-22,713
1976-04-22,715
1976-04-23,717
1976-04-23,717
1976-04-24,720
1976-04-24,720
1976-04-25,723
1976-04-25,724
1976-04-26,728
1976-04-26,730
1976-04-27,733
1976-04-27,733
1976-04-28,734
1976-04-28,735
1976-04-29,738
1976-04-29,738
1976-04-30,740
1976-04-30,742
1976-05-01,742
1976-05-01,743
1976-05-02,744
1976-05-02,745
1976-05-03,750
1976-05-03,750
1976-05-04,752
1976-05-04,754
1976-05-05,758
1976-05-05,760
1976-05-06,763
1976-05-06,763
1976-05-07,764
1976-05-07,767
1976-05-08,768
1976-05-08,770
1976-05-09,770
1976-05-09,770
1976-05-10,772
1976-05-10,772
1976-05-11,770
1976-05-11,770
1976-05-12,772
1976-05-12,772
1976-05-13,772
1976-05-13,773
1976-05-14,773
1976-05-14,773
1976-05-15,773
1976-05-15,774
1976-05-16,773
1976-05-16,773
1976-05-17,773
1976-05-17,773
1976-05-18,774
1976-05-18,774
1976-05-19,775
1976-05-19,774
1976-05-20,775
1976-05-20,775
1976-05-21,774
1976-05-21,774
1976-05-22,772
1976-05-22,773
1976-05-23,773
1976-05-23,772
1976-05-24,771
1976-05-24,770
1976-05-25,770
1976-05-25,769
1976-05-26,768
1976-05-26,767
1976-05-27,765
1976-05-27,765
1976-05-28,765
1976-05-28,764
1976-05-29,764
1976-05-29,764
1976-05-30,762
1976-05-30,765
1976-05-31,765
1976-05-31,765
1976-06-01,765
1976-06-01,765
1976-06-02,768
1976-06-02,768
1976-06-03,767
1976-06-03,769
1976-06-04,770
1976-06-04,770
1976-06-05,770
1976-06-05,770
1976-06-06,768
1976-06-06,770
1976-06-07,770
1976-06-07,770
1976-06-08,768
1976-06-08,768
1976-06-09,768
1976-06-09,767
1976-06-10,765
1976-06-10,765
1976-06-11,765
1976-06-11,766
1976-06-12,765
1976-06-12,765
1976-06-13,763
1976-06-13,763
1976-06-14,763
1976-06-14,763
1976-06-15,762
1976-06-15,762
1976-06-16,762
1976-06-16,762
1976-06-17,762
1976-06-17,762
1976-06-18,762
1976-06-18,762
1976-06-19,762
1976-06-19,762
1976-06-20,762
1976-06-20,762
1976-06-21,760
1976-06-21,760
1976-06-22,760
1976-06-22,760
1976-06-23,760
1976-06-23,760
1976-06-24,757
1976-06-24,757
1976-06-25,755
1976-06-25,754
1976-06-26,752
1976-06-26,751
1976-06-27,752
1976-06-27,751
1976-06-28,750
1976-06-28,750
1976-06-29,750
1976-06-29,750
1976-06-30,750
1976-06-30,750
1976-07-01,750
1976-07-01,750
1976-07-02,750
1976-07-02,750
1976-07-03,750
1976-07-03,750
1976-07-04,748
1976-07-04,748
1976-07-05,748
1976-07-05,748
1976-07-06,747
1976-07-06,747
1976-07-07,743
1976-07-07,743
1976-07-08,742
1976-07-08,742
1976-07-09,742
1976-07-09,742
1976-07-10,741
1976-07-10,741
1976-07-11,740
1976-07-11,738
1976-07-12,738
1976-07-12,738
1976-07-13,733
1976-07-13,733
1976-07-14,732
1976-07-14,732
1976-07-15,732
1976-07-15,732
1976-07-16,732
1976-07-16,730
1976-07-17,728
1976-07-17,725
1976-07-18,722
1976-07-18,722
1976-07-19,720
1976-07-19,718
1976-07-20,714
1976-07-20,712
1976-07-21,712
1976-07-21,708
1976-07-22,706
1976-07-22,704
1976-07-23,702
1976-07-23,700
1976-07-24,698
1976-07-24,695
1976-07-25,692
1976-07-25,690
1976-07-26,690
1976-07-26,688
1976-07-27,684
1976-07-27,682
1976-07-28,682
1976-07-28,680
1976-07-29,678
1976-07-29,676
1976-07-30,674
1976-07-30,672
1976-07-31,672
1976-07-31,670
1976-08-01,668
1976-08-01,666
1976-08-02,664
1976-08-02,662
1976-08-03,660
1976-08-03,660
1976-08-04,660
1976-08-04,658
1976-08-05,652
1976-08-05,650
1976-08-06,650
1976-08-06,645
1976-08-07,642
1976-08-07,640
1976-08-08,638
1976-08-08,634
1976-08-09,632
1976-08-09,630
1976-08-10,628
1976-08-10,622
1976-08-11,620
1976-08-11,617
1976-08-12,617
1976-08-12,612
1976-08-13,612
1976-08-13,610
1976-08-14,607
1976-08-14,602
1976-08-15,602
1976-08-15,600
1976-08-16,597
1976-08-16,592
1976-08-17,590
1976-08-17,583
1976-08-18,582
1976-08-18,580
1976-08-19,578
1976-08-19,574
1976-08-20,572
1976-08-20,570
1976-08-21,562
1976-08-21,560
1976-08-22,558
1976-08-22,554
1976-08-23,552
1976-08-23,547
1976-08-24,547
1976-08-24,543
1976-08-25,542
1976-08-25,540
1976-08-26,540
1976-08-26,539
1976-08-27,534
1976-08-27,532
1976-08-28,532
1976-08-28,532
1976-08-29,528
1976-08-29,525
1976-08-30,521
1976-08-30,518
1976-08-31,517
1976-08-31,512
1976-09-01,512
1976-09-01,508
1976-09-02,504
1976-09-02,502
1976-09-03,500
1976-09-03,495
1976-09-04,490
1976-09-04,486
1976-09-05,482
1976-09-05,480
1976-09-06,475
1976-09-06,472
1976-09-07,470
1976-09-07,463
1976-09-08,462
1976-09-08,460
1976-09-09,456
1976-09-09,450
1976-09-10,450
1976-09-10,445
1976-09-11,442
1976-09-11,440
1976-09-12,434
1976-09-12,430
1976-09-13,427
1976-09-13,420
1976-09-14,420
1976-09-14,412
1976-09-15,410
1976-09-15,407
1976-09-16,400
1976-09-16,398
1976-09-17,392
1976-09-17,390
1976-09-18,384
1976-09-18,380
1976-09-19,375
1976-09-19,370
1976-09-20,367
1976-09-20,360
1976-09-21,360
1976-09-21,352
1976-09-22,352
1976-09-22,348
1976-09-23,342
1976-09-23,340
1976-09-24,337
1976-09-24,332
1976-09-25,330
1976-09-25,325
1976-09-26,322
1976-09-26,320
1976-09-27,317
1976-09-27,312
1976-09-28,310
1976-09-28,304
1976-09-29,302
1976-09-29,296
1976-09-30,292
1976-09-30,287
1976-10-01,282
1976-10-01,275
1976-10-02,272
1976-10-02,269
1976-10-03,262
1976-10-03,257
1976-10-04,252
1976-10-04,248
1976-10-05,242
1976-10-05,240
1976-10-06,238
1976-10-06,230
1976-10-07,225
1976-10-07,220
1976-10-08,218
1976-10-08,212
1976-10-09,210
1976-10-09,205
1976-10-10,202
1976-10-10,200
1976-10-11,194
1976-10-11,186
1976-10-12,184
1976-10-12,180
1976-10-13,174
1976-10-13,170
1976-10-14,163
1976-10-14,160
1976-10-15,153
1976-10-15,143
1976-10-16,142
1976-10-16,140
1976-10-17,140
1976-10-17,128
1976-10-18,123
1976-10-18,120
1976-10-19,118
1976-10-19,112
1976-10-20,110
1976-10-20,110
1976-10-21,108
1976-10-21,105
1976-10-22,104
1976-10-22,102
1976-10-23,102
1976-10-23,102
1976-10-24,102
1976-10-24,100
1976-10-25,100
1976-10-25,100
1976-10-26,100
1976-10-26,100
1976-10-27,100
1976-10-27,94
1976-10-28,94
1976-10-28,100
1976-10-29,95
1976-10-29,90
1976-10-30,80
1976-10-30,80
1976-10-31,75
1976-10-31,70
1976-11-01,68
1976-11-01,65
1976-11-02,60
1976-11-02,60
1976-11-03,60
1976-11-03,59
1976-11-04,58
1976-11-04,55
1976-11-05,55
1976-11-05,55
1976-11-06,55
1976-11-06,52
1976-11-07,50
1976-11-07,50
1976-11-08,50
1976-11-08,50
1976-11-09,50
1976-11-09,50
1976-11-10,52
1976-11-10,50
1976-11-11,50
1976-11-11,45
1976-11-12,50
1976-11-12,50
1976-11-13,42
1976-11-13,40
1976-11-14,40
1976-11-14,34
1976-11-15,34
1976-11-15,32
1976-11-16,32
1976-11-16,30
1976-11-17,30
1976-11-17,30
1976-11-18,32
1976-11-18,30
1976-11-19,30
1976-11-19,30
1976-11-20,33
1976-11-20,33
1976-11-21,35
1976-11-21,40
1976-11-22,43
1976-11-22,42
1976-11-23,45
1976-11-23,45
1976-11-24,48
1976-11-24,48
1976-11-25,48
1976-11-25,42
1976-11-26,42
1976-11-26,45
1976-11-27,50
1976-11-27,50
1976-11-28,47
1976-11-28,50
1976-11-29,40
1976-11-29,50
1976-11-30,50
1976-11-30,50
1976-12-01,50
1976-12-01,50
1976-12-02,50
1976-12-02,50
1976-12-03,53
1976-12-03,53
1976-12-04,55
1976-12-04,58
1976-12-05,62
1976-12-05,65
1976-12-06,70
1976-12-06,70
1976-12-07,73
1976-12-07,75
1976-12-08,80
1976-12-08,80
1976-12-09,83
1976-12-09,85
1976-12-10,88
1976-12-10,88
1976-12-11,92
1976-12-11,100
1976-12-12,93
1976-12-12,93
1976-12-13,95
1976-12-13,95
1976-12-14,98
1976-12-14,100
1976-12-15,103
1976-12-15,106
1976-12-16,100
1976-12-16,103
1976-12-17,104
1976-12-17,105
1976-12-18,108
1976-12-18,108
1976-12-19,111
1976-12-19,111
1976-12-20,113
1976-12-20,113
1976-12-21,119
1976-12-21,120
1976-12-22,124
1976-12-22,125
1976-12-23,128
1976-12-23,126
1976-12-24,130
1976-12-24,126
1976-12-25,133
1976-12-25,134
1976-12-26,134
1976-12-26,134
1976-12-27,136
1976-12-27,138
1976-12-28,135
1976-12-28,138
1976-12-29,140
1976-12-29,140
1976-12-30,143
1976-12-30,144
1976-12-31,144
1976-12-31,144
1977-01-01,148
1977-01-01,150
1977-01-02,150
1977-01-02,155
1977-01-03,158
1977-01-03,160
1977-01-04,163
1977-01-04,165
1977-01-05,170
1977-01-05,173
1977-01-06,175
1977-01-06,180
1977-01-07,183
1977-01-07,185
1977-01-08,190
1977-01-08,190
1977-01-09,198
1977-01-09,200
1977-01-10,203
1977-01-10,205
1977-01-11,208
1977-01-11,210
1977-01-12,213
1977-01-12,220
1977-01-13,222
1977-01-13,225
1977-01-14,228
1977-01-14,230
1977-01-15,232
1977-01-15,233
1977-01-16,238
1977-01-16,240
1977-01-17,244
1977-01-17,250
1977-01-18,253
1977-01-18,258
1977-01-19,263
1977-01-19,268
1977-01-20,272
1977-01-20,273
1977-01-21,279
1977-01-21,281
1977-01-22,283
1977-01-22,285
1977-01-23,290
1977-01-23,290
1977-01-24,293
1977-01-24,293
1977-01-25,298
1977-01-25,298
1977-01-26,300
1977-01-26,300
1977-01-27,303
1977-01-27,303
1977-01-28,304
1977-01-28,304
1977-01-29,304
1977-01-29,304
1977-01-30,304
1977-01-30,304
1977-01-31,305
1977-01-31,308
1977-02-01,308
1977-02-01,310
1977-02-02,311
1977-02-02,312
1977-02-03,313
1977-02-03,318
1977-02-04,320
1977-02-04,320
1977-02-05,320
1977-02-05,320
1977-02-06,322
1977-02-06,322
1977-02-07,325
1977-02-07,325
1977-02-08,327
1977-02-08,328
1977-02-09,329
1977-02-09,328
1977-02-10,329
1977-02-10,328
1977-02-11,328
1977-02-11,329
1977-02-12,328
1977-02-12,327
1977-02-13,327
1977-02-13,327
1977-02-14,324
1977-02-14,323
1977-02-15,321
1977-02-15,314
1977-02-16,320
1977-02-16,320
1977-02-17,319
1977-02-17,320
1977-02-18,319
1977-02-18,318
1977-02-19,318
1977-02-19,317
1977-02-20,319
1977-02-20,319
1977-02-21,318
1977-02-21,318
1977-02-22,318
1977-02-22,319
1977-02-23,318
1977-02-23,317
1977-02-24,316
1977-02-24,317
1977-02-25,316
1977-02-25,318
1977-02-26,320
1977-02-26,323
1977-02-27,321
1977-02-27,320
1977-02-28,320
1977-02-28,320
1977-03-01,320
1977-03-01,321
1977-03-02,324
1977-03-02,328
1977-03-03,331
1977-03-03,335
1977-03-04,338
1977-03-04,340
1977-03-05,345
1977-03-05,348
1977-03-06,352
1977-03-06,354
1977-03-07,360
1977-03-07,364
1977-03-08,368
1977-03-08,370
1977-03-09,375
1977-03-09,378
1977-03-10,381
1977-03-10,383
1977-03-11,385
1977-03-11,392
1977-03-12,396
1977-03-12,402
1977-03-13,403
1977-03-13,405
1977-03-14,408
1977-03-14,410
1977-03-15,413
1977-03-15,415
1977-03-16,415
1977-03-16,418
1977-03-17,420
1977-03-17,420
1977-03-18,423
1977-03-18,424
1977-03-19,428
1977-03-19,430
1977-03-20,433
1977-03-20,435
1977-03-21,438
1977-03-21,440
1977-03-22,442
1977-03-22,445
1977-03-23,450
1977-03-23,452
1977-03-24,453
1977-03-24,455
1977-03-25,463
1977-03-25,465
1977-03-26,465
1977-03-26,465
1977-03-27,470
1977-03-27,470
1977-03-28,472
1977-03-28,473
1977-03-29,473
1977-03-29,473
1977-03-30,483
1977-03-30,483
1977-03-31,484
1977-03-31,484
1977-04-01,485
1977-04-01,485
1977-04-02,485
1977-04-02,485
1977-04-03,490
1977-04-03,490
1977-04-04,492
1977-04-04,493
1977-04-05,495
1977-04-05,498
1977-04-06,500
1977-04-06,500
1977-04-07,502
1977-04-07,505
1977-04-08,511
1977-04-08,513
1977-04-09,515
1977-04-09,520
1977-04-10,522
1977-04-10,524
1977-04-11,528
1977-04-11,530
1977-04-12,532
1977-04-12,533
1977-04-13,533
1977-04-13,535
1977-04-14,538
1977-04-14,540
1977-04-15,540
1977-04-15,540
1977-04-16,543
1977-04-16,543
1977-04-17,543
1977-04-17,543
1977-04-18,552
1977-04-18,553
1977-04-19,558
1977-04-19,560
1977-04-20,563
1977-04-20,565
1977-04-21,570
1977-04-21,573
1977-04-22,578
1977-04-22,580
1977-04-23,582
1977-04-23,587
1977-04-24,590
1977-04-24,592
1977-04-25,595
1977-04-25,600
1977-04-26,602
1977-04-26,605
1977-04-27,608
1977-04-27,610
1977-04-28,613
1977-04-28,618
1977-04-29,620
1977-04-29,620
1977-04-30,622
1977-04-30,623
1977-05-01,626
1977-05-01,630
1977-05-02,630
1977-05-02,630
1977-05-03,633
1977-05-03,633
1977-05-04,634
1977-05-04,636
1977-05-05,639
1977-05-05,640
1977-05-06,642
1977-05-06,645
1977-05-07,650
1977-05-07,652
1977-05-08,653
1977-05-08,654
1977-05-09,658
1977-05-09,660
1977-05-10,662
1977-05-10,664
1977-05-11,665
1977-05-11,668
1977-05-12,668
1977-05-12,670
1977-05-13,670
1977-05-13,670
1977-05-14,670
1977-05-14,670
1977-05-15,672
1977-05-15,672
1977-05-16,673
1977-05-16,673
1977-05-17,675
1977-05-17,679
1977-05-18,682
1977-05-18,686
1977-05-19,688
1977-05-19,690
1977-05-20,691
1977-05-20,691
1977-05-21,692
1977-05-21,692
1977-05-22,694
1977-05-22,695
1977-05-23,696
1977-05-23,699
1977-05-24,699
1977-05-24,700
1977-05-25,703
1977-05-25,703
1977-05-26,703
1977-05-26,703
1977-05-27,703
1977-05-27,703
1977-05-28,703
1977-05-28,704
1977-05-29,704
1977-05-29,704
1977-05-30,704
1977-05-30,705
1977-05-31,706
1977-05-31,706
1977-06-01,707
1977-06-01,708
1977-06-02,708
1977-06-02,709
1977-06-03,710
1977-06-03,711
1977-06-04,711
1977-06-04,713
1977-06-05,715
1977-06-05,715
1977-06-06,715
1977-06-06,718
1977-06-07,718
1977-06-07,719
1977-06-08,719
1977-06-08,719
1977-06-09,719
1977-06-09,718
1977-06-10,718
1977-06-10,717
1977-06-11,713
1977-06-11,713
1977-06-12,713
1977-06-12,713
1977-06-13,712
1977-06-13,712
1977-06-14,712
1977-06-14,712
1977-06-15,712
1977-06-15,712
1977-06-16,712
1977-06-16,712
1977-06-17,710
1977-06-17,708
1977-06-18,708
1977-06-18,708
1977-06-19,703
1977-06-19,703
1977-06-20,702
1977-06-20,702
1977-06-21,702
1977-06-21,702
1977-06-22,703
1977-06-22,703
1977-06-23,703
1977-06-23,700
1977-06-24,700
1977-06-24,697
1977-06-25,696
1977-06-25,696
1977-06-26,694
1977-06-26,693
1977-06-27,693
1977-06-27,692
1977-06-28,692
1977-06-28,692
1977-06-29,692
1977-06-29,690
1977-06-30,690
1977-06-30,688
1977-07-01,688
1977-07-01,685
1977-07-02,685
1977-07-02,684
1977-07-03,684
1977-07-03,684
1977-07-04,684
1977-07-04,684
1977-07-05,684
1977-07-05,684
1977-07-06,684
1977-07-06,684
1977-07-07,684
1977-07-07,684
1977-07-08,685
1977-07-08,685
1977-07-09,682
1977-07-09,682
1977-07-10,681
1977-07-10,681
1977-07-11,680
1977-07-11,680
1977-07-12,678
1977-07-12,678
1977-07-13,677
1977-07-13,676
1977-07-14,674
1977-07-14,673
1977-07-15,673
1977-07-15,672
1977-07-16,670
1977-07-16,668
1977-07-17,667
1977-07-17,664
1977-07-18,662
1977-07-18,660
1977-07-19,656
1977-07-19,655
1977-07-20,653
1977-07-20,653
1977-07-21,650
1977-07-21,648
1977-07-22,642
1977-07-22,642
1977-07-23,641
1977-07-23,640
1977-07-24,638
1977-07-24,634
1977-07-25,634
1977-07-25,630
1977-07-26,630
1977-07-26,630
1977-07-27,627
1977-07-27,624
1977-07-28,622
1977-07-28,620
1977-07-29,620
1977-07-29,617
1977-07-30,615
1977-07-30,613
1977-07-31,610
1977-07-31,610
1977-08-01,610
1977-08-01,607
1977-08-02,604
1977-08-02,604
1977-08-03,604
1977-08-03,600
1977-08-04,598
1977-08-04,595
1977-08-05,595
1977-08-05,590
1977-08-06,580
1977-08-06,580
1977-08-07,578
1977-08-07,578
1977-08-08,578
1977-08-08,580
1977-08-09,580
1977-08-09,577
1977-08-10,574
1977-08-10,570
1977-08-11,570
1977-08-11,565
1977-08-12,562
1977-08-12,560
1977-08-13,560
1977-08-13,555
1977-08-14,552
1977-08-14,550
1977-08-15,550
1977-08-15,546
1977-08-16,546
1977-08-16,544
1977-08-17,544
1977-08-17,540
1977-08-18,540
1977-08-18,535
1977-08-19,533
1977-08-19,530
1977-08-20,530
1977-08-20,525
1977-08-21,522
1977-08-21,520
1977-08-22,520
1977-08-22,514
1977-08-23,512
1977-08-23,510
1977-08-24,507
1977-08-24,505
1977-08-25,502
1977-08-25,500
1977-08-26,498
1977-08-26,494
1977-08-27,492
1977-08-27,490
1977-08-28,485
1977-08-28,483
1977-08-29,480
1977-08-29,475
1977-08-30,472
1977-08-30,470
1977-08-31,470
1977-08-31,467
1977-09-01,463
1977-09-01,463
1977-09-02,460
1977-09-02,455
1977-09-03,453
1977-09-03,450
1977-09-04,450
1977-09-04,445
1977-09-05,442
1977-09-05,440
1977-09-06,440
1977-09-06,430
1977-09-07,428
1977-09-07,423
1977-09-08,420
1977-09-08,413
1977-09-09,412
1977-09-09,410
1977-09-10,405
1977-09-10,400
1977-09-11,397
1977-09-11,392
1977-09-12,390
1977-09-12,384
1977-09-13,382
1977-09-13,380
1977-09-14,374
1977-09-14,370
1977-09-15,370
1977-09-15,365
1977-09-16,360
1977-09-16,357
1977-09-17,355
1977-09-17,350
1977-09-18,350
1977-09-18,345
1977-09-19,342
1977-09-19,335
1977-09-20,332
1977-09-20,325
1977-09-21,322
1977-09-21,317
1977-09-22,312
1977-09-22,305
1977-09-23,304
1977-09-23,300
1977-09-24,297
1977-09-24,292
1977-09-25,288
1977-09-25,280
1977-09-26,280
1977-09-26,275
1977-09-27,272
1977-09-27,270
1977-09-28,267
1977-09-28,264
1977-09-29,260
1977-09-29,257
1977-09-30,257
1977-09-30,254
1977-10-01,252
1977-10-01,248
1977-10-02,246
1977-10-02,243
1977-10-03,237
1977-10-03,232
1977-10-04,230
1977-10-04,224
1977-10-05,221
1977-10-05,218
1977-10-06,213
1977-10-06,206
1977-10-07,206
1977-10-07,202
1977-10-08,199
1977-10-08,196
1977-10-09,192
1977-10-09,189
1977-10-10,186
1977-10-10,184
1977-10-11,184
1977-10-11,181
1977-10-12,183
1977-10-12,180
1977-10-13,181
1977-10-13,180
1977-10-14,179
1977-10-14,178
1977-10-15,181
1977-10-15,180
1977-10-16,181
1977-10-16,180
1977-10-17,180
1977-10-17,179
1977-10-18,179
1977-10-18,178
1977-10-19,178
1977-10-19,176
1977-10-20,177
1977-10-20,172
1977-10-21,176
1977-10-21,172
1977-10-22,175
1977-10-22,170
1977-10-23,170
1977-10-23,170
1977-10-24,170
1977-10-24,171
1977-10-25,172
1977-10-25,172
1977-10-26,173
1977-10-26,172
1977-10-27,173
1977-10-27,172
1977-10-28,174
1977-10-28,175
1977-10-29,175
1977-10-29,177
1977-10-30,177
1977-10-30,177
1977-10-31,177
1977-10-31,176
1977-11-01,176
1977-11-01,177
1977-11-02,178
1977-11-02,178
1977-11-03,178
1977-11-03,176
1977-11-04,178
1977-11-04,177
1977-11-05,179
1977-11-05,179
1977-11-06,180
1977-11-06,179
1977-11-07,181
1977-11-07,182
1977-11-08,184
1977-11-08,184
1977-11-09,188
1977-11-09,190
1977-11-10,193
1977-11-10,194
1977-11-11,197
1977-11-11,196
1977-11-12,196
1977-11-12,201
1977-11-13,205
1977-11-13,210
1977-11-14,210
1977-11-14,211
1977-11-15,212
1977-11-15,213
1977-11-16,214
1977-11-16,215
1977-11-17,215
1977-11-17,214
1977-11-18,216
1977-11-18,215
1977-11-19,217
1977-11-19,215
1977-11-20,215
1977-11-20,213
1977-11-21,216
1977-11-21,215
1977-11-22,218
1977-11-22,217
1977-11-23,219
1977-11-23,217
1977-11-24,219
1977-11-24,219
1977-11-25,222
1977-11-25,221
1977-11-26,224
1977-11-26,224
1977-11-27,226
1977-11-27,226
1977-11-28,227
1977-11-28,228
1977-11-29,229
1977-11-29,229
1977-11-30,231
1977-11-30,231
1977-12-01,231
1977-12-01,231
1977-12-02,234
1977-12-02,234
1977-12-03,236
1977-12-03,234
1977-12-04,237
1977-12-04,237
1977-12-05,237
1977-12-05,237
1977-12-06,240
1977-12-06,238
1977-12-07,240
1977-12-07,240
1977-12-08,243
1977-12-08,245
1977-12-09,246
1977-12-09,248
1977-12-10,250
1977-12-10,253
1977-12-11,255
1977-12-11,258
1977-12-12,260
1977-12-12,260
1977-12-13,263
1977-12-13,264
1977-12-14,268
1977-12-14,265
1977-12-15,270
1977-12-15,270
1977-12-16,273
1977-12-16,270
1977-12-17,273
1977-12-17,273
1977-12-18,273
1977-12-18,273
1977-12-19,275
1977-12-19,278
1977-12-20,279
1977-12-20,280
1977-12-21,280
1977-12-21,283
1977-12-22,284
1977-12-22,285
1977-12-23,288
1977-12-23,288
1977-12-24,290
1977-12-24,290
1977-12-25,294
1977-12-25,298
1977-12-26,300
1977-12-26,304
1977-12-27,304
1977-12-27,308
1977-12-28,310
1977-12-28,310
1977-12-29,315
1977-12-29,315
1977-12-30,320
1977-12-30,320
1977-12-31,324
1977-12-31,325
1978-01-01,325
1978-01-01,328
1978-01-02,330
1978-01-02,332
1978-01-03,333
1978-01-03,334
1978-01-04,338
1978-01-04,340
1978-01-05,344
1978-01-05,345
1978-01-06,350
1978-01-06,353
1978-01-07,354
1978-01-07,360
1978-01-08,363
1978-01-08,366
1978-01-09,372
1978-01-09,374
1978-01-10,380
1978-01-10,383
1978-01-11,388
1978-01-11,390
1978-01-12,393
1978-01-12,396
1978-01-13,400
1978-01-13,400
1978-01-14,403
1978-01-14,406
1978-01-15,408
1978-01-15,409
1978-01-16,410
1978-01-16,413
1978-01-17,420
1978-01-17,420
1978-01-18,420
1978-01-18,420
1978-01-19,420
1978-01-19,420
1978-01-20,423
1978-01-20,423
1978-01-21,424
1978-01-21,426
1978-01-22,426
1978-01-22,426
1978-01-23,428
1978-01-23,430
1978-01-24,430
1978-01-24,430
1978-01-25,433
1978-01-25,433
1978-01-26,434
1978-01-26,435
1978-01-27,440
1978-01-27,440
1978-01-28,440
1978-01-28,440
1978-01-29,443
1978-01-29,440
1978-01-30,443
1978-01-30,443
1978-01-31,443
1978-01-31,443
1978-02-01,443
1978-02-01,443
1978-02-02,443
1978-02-02,440
1978-02-03,440
1978-02-03,440
1978-02-04,440
1978-02-04,440
1978-02-05,437
1978-02-05,435
1978-02-06,437
1978-02-06,437
1978-02-07,437
1978-02-07,436
1978-02-08,434
1978-02-08,434
1978-02-09,434
1978-02-09,434
1978-02-10,435
1978-02-10,436
1978-02-11,436
1978-02-11,436
1978-02-12,436
1978-02-12,434
1978-02-13,438
1978-02-13,440
1978-02-14,440
1978-02-14,438
1978-02-15,438
1978-02-15,438
1978-02-16,438
1978-02-16,440
1978-02-17,438
1978-02-17,438
1978-02-18,438
1978-02-18,435
1978-02-19,434
1978-02-19,436
1978-02-20,434
1978-02-20,436
1978-02-21,439
1978-02-21,439
1978-02-22,443
1978-02-22,444
1978-02-23,445
1978-02-23,445
1978-02-24,448
1978-02-24,450
1978-02-25,453
1978-02-25,453
1978-02-26,455
1978-02-26,460
1978-02-27,465
1978-02-27,470
1978-02-28,470
1978-02-28,470
1978-03-01,473
1978-03-01,474
1978-03-02,475
1978-03-02,473
1978-03-03,476
1978-03-03,480
1978-03-04,483
1978-03-04,483
1978-03-05,484
1978-03-05,486
1978-03-06,486
1978-03-06,488
1978-03-07,489
1978-03-07,489
1978-03-08,492
1978-03-08,493
1978-03-09,494
1978-03-09,496
1978-03-10,498
1978-03-10,500
1978-03-11,503
1978-03-11,504
1978-03-12,505
1978-03-12,506
1978-03-13,506
1978-03-13,508
1978-03-14,510
1978-03-14,513
1978-03-15,513
1978-03-15,515
1978-03-16,518
1978-03-16,519
1978-03-17,520
1978-03-17,520
1978-03-18,523
1978-03-18,523
1978-03-19,523
1978-03-19,523
1978-03-20,524
1978-03-20,524
1978-03-21,525
1978-03-21,525
1978-03-22,524
1978-03-22,524
1978-03-23,528
1978-03-23,529
1978-03-24,532
1978-03-24,533
1978-03-25,533
1978-03-25,534
1978-03-26,538
1978-03-26,538
1978-03-27,543
1978-03-27,543
1978-03-28,544
1978-03-28,545
1978-03-29,550
1978-03-29,553
1978-03-30,533
1978-03-30,555
1978-03-31,555
1978-03-31,558
1978-04-01,560
1978-04-01,560
1978-04-02,563
1978-04-02,563
1978-04-03,563
1978-04-03,563
1978-04-04,568
1978-04-04,570
1978-04-05,571
1978-04-05,571
1978-04-06,572
1978-04-06,570
1978-04-07,572
1978-04-07,570
1978-04-08,573
1978-04-08,573
1978-04-09,573
1978-04-09,574
1978-04-10,578
1978-04-10,580
1978-04-11,580
1978-04-11,580
1978-04-12,581
1978-04-12,583
1978-04-13,584
1978-04-13,588
1978-04-14,590
1978-04-14,593
1978-04-15,594
1978-04-15,598
1978-04-16,598
1978-04-16,600
1978-04-17,600
1978-04-17,603
1978-04-18,603
1978-04-18,604
1978-04-19,604
1978-04-19,605
1978-04-20,608
1978-04-20,610
1978-04-21,610
1978-04-21,610
1978-04-22,612
1978-04-22,613
1978-04-23,619
1978-04-23,619
1978-04-24,622
1978-04-24,623
1978-04-25,624
1978-04-25,624
1978-04-26,625
1978-04-26,625
1978-04-27,625
1978-04-27,625
1978-04-28,625
1978-04-28,625
1978-04-29,628
1978-04-29,628
1978-04-30,628
1978-04-30,628
1978-05-01,625
1978-05-01,625
1978-05-02,625
1978-05-02,625
1978-05-03,628
1978-05-03,630
1978-05-04,633
1978-05-04,633
1978-05-05,633
1978-05-05,634
1978-05-06,643
1978-05-06,644
1978-05-07,644
1978-05-07,645
1978-05-08,645
1978-05-08,645
1978-05-09,648
1978-05-09,650
1978-05-10,632
1978-05-10,653
1978-05-11,654
1978-05-11,658
1978-05-12,660
1978-05-12,660
1978-05-13,661
1978-05-13,663
1978-05-14,664
1978-05-14,664
1978-05-15,665
1978-05-15,668
1978-05-16,670
1978-05-16,670
1978-05-17,672
1978-05-17,674
1978-05-18,674
1978-05-18,678
1978-05-19,678
1978-05-19,678
1978-05-20,678
1978-05-20,678
1978-05-21,680
1978-05-21,682
1978-05-22,683
1978-05-22,684
1978-05-23,685
1978-05-23,685
1978-05-24,685
1978-05-24,688
1978-05-25,688
1978-05-25,688
1978-05-26,690
1978-05-26,690
1978-05-27,690
1978-05-27,690
1978-05-28,690
1978-05-28,692
1978-05-29,693
1978-05-29,693
1978-05-30,694
1978-05-30,694
1978-05-31,695
1978-05-31,695
1978-06-01,698
1978-06-01,700
1978-06-02,697
1978-06-02,695
1978-06-03,695
1978-06-03,695
1978-06-04,694
1978-06-04,694
1978-06-05,693
1978-06-05,693
1978-06-06,692
1978-06-06,692
1978-06-07,691
1978-06-07,690
1978-06-08,690
1978-06-08,690
1978-06-09,687
1978-06-09,685
1978-06-10,685
1978-06-10,684
1978-06-11,683
1978-06-11,683
1978-06-12,683
1978-06-12,680
1978-06-13,677
1978-06-13,676
1978-06-14,673
1978-06-14,673
1978-06-15,672
1978-06-15,671
1978-06-16,671
1978-06-16,670
1978-06-17,670
1978-06-17,670
1978-06-18,670
1978-06-18,668
1978-06-19,670
1978-06-19,668
1978-06-20,670
1978-06-20,670
1978-06-21,670
1978-06-21,670
1978-06-22,670
1978-06-22,670
1978-06-23,670
1978-06-23,670
1978-06-24,670
1978-06-24,670
1978-06-25,675
1978-06-25,670
1978-06-26,670
1978-06-26,670
1978-06-27,670
1978-06-27,667
1978-06-28,666
1978-06-28,664
1978-06-29,662
1978-06-29,662
1978-06-30,662
1978-06-30,660
1978-07-01,660
1978-07-01,660
1978-07-02,657
1978-07-02,655
1978-07-03,654
1978-07-03,655
1978-07-04,652
1978-07-04,652
1978-07-05,652
1978-07-05,652
1978-07-06,652
1978-07-06,650
1978-07-07,648
1978-07-07,646
1978-07-08,645
1978-07-08,642
1978-07-09,642
1978-07-09,642
1978-07-10,642
1978-07-10,642
1978-07-11,642
1978-07-11,640
1978-07-12,638
1978-07-12,637
1978-07-13,637
1978-07-13,633
1978-07-14,633
1978-07-14,633
1978-07-15,633
1978-07-15,630
1978-07-16,630
1978-07-16,628
1978-07-17,627
1978-07-17,624
1978-07-18,622
1978-07-18,620
1978-07-19,620
1978-07-19,620
1978-07-20,617
1978-07-20,614
1978-07-21,613
1978-07-21,612
1978-07-22,612
1978-07-22,610
1978-07-23,610
1978-07-23,610
1978-07-24,610
1978-07-24,608
1978-07-25,607
1978-07-25,604
1978-07-26,604
1978-07-26,604
1978-07-27,603
1978-07-27,600
1978-07-28,597
1978-07-28,593
1978-07-29,593
1978-07-29,592
1978-07-30,590
1978-07-30,585
1978-07-31,584
1978-07-31,580
1978-08-01,575
1978-08-01,575
1978-08-02,575
1978-08-02,575
1978-08-03,575
1978-08-03,573
1978-08-04,572
1978-08-04,570
1978-08-05,570
1978-08-05,568
1978-08-06,567
1978-08-06,564
1978-08-07,564
1978-08-07,560
1978-08-08,560
1978-08-08,555
1978-08-09,553
1978-08-09,550
1978-08-10,550
1978-08-10,545
1978-08-11,545
1978-08-11,543
1978-08-12,540
1978-08-12,538
1978-08-13,535
1978-08-13,532
1978-08-14,532
1978-08-14,530
1978-08-15,530
1978-08-15,523
1978-08-16,523
1978-08-16,520
1978-08-17,517
1978-08-17,510
1978-08-18,510
1978-08-18,508
1978-08-19,505
1978-08-19,502
1978-08-20,502
1978-08-20,502
1978-08-21,502
1978-08-21,500
1978-08-22,498
1978-08-22,492
1978-08-23,492
1978-08-23,490
1978-08-24,490
1978-08-24,485
1978-08-25,482
1978-08-25,480
1978-08-26,477
1978-08-26,473
1978-08-27,472
1978-08-27,470
1978-08-28,467
1978-08-28,463
1978-08-29,463
1978-08-29,457
1978-08-30,453
1978-08-30,450
1978-08-31,450
1978-08-31,443
1978-09-01,443
1978-09-01,440
1978-09-02,437
1978-09-02,433
1978-09-03,430
1978-09-03,427
1978-09-04,424
1978-09-04,420
1978-09-05,419
1978-09-05,404
1978-09-06,402
1978-09-06,402
1978-09-07,402
1978-09-07,402
1978-09-08,400
1978-09-08,392
1978-09-09,390
1978-09-09,388
1978-09-10,387
1978-09-10,383
1978-09-11,380
1978-09-11,378
1978-09-12,374
1978-09-12,370
1978-09-13,368
1978-09-13,363
1978-09-14,360
1978-09-14,355
1978-09-15,353
1978-09-15,350
1978-09-16,345
1978-09-16,340
1978-09-17,340
1978-09-17,336
1978-09-18,333
1978-09-18,330
1978-09-19,330
1978-09-19,322
1978-09-20,320
1978-09-20,315
1978-09-21,312
1978-09-21,310
1978-09-22,305
1978-09-22,300
1978-09-23,295
1978-09-23,290
1978-09-24,285
1978-09-24,282
1978-09-25,273
1978-09-25,263
1978-09-26,263
1978-09-26,260
1978-09-27,252
1978-09-27,244
1978-09-28,242
1978-09-28,240
1978-09-29,238
1978-09-29,232
1978-09-30,230
1978-09-30,225
1978-10-01,220
1978-10-01,218
1978-10-02,217
1978-10-02,212
1978-10-03,210
1978-10-03,207
1978-10-04,203
1978-10-04,200
1978-10-05,198
1978-10-05,190
1978-10-06,188
1978-10-06,188
1978-10-07,183
1978-10-07,183
1978-10-08,183
1978-10-08,180
1978-10-09,178
1978-10-09,173
1978-10-10,170
1978-10-10,167
1978-10-11,162
1978-10-11,160
1978-10-12,160
1978-10-12,156
1978-10-13,156
1978-10-13,153
1978-10-14,150
1978-10-14,153
1978-10-15,150
1978-10-15,150
1978-10-16,150
1978-10-16,153
1978-10-17,153
1978-10-17,153
1978-10-18,153
1978-10-18,153
1978-10-19,159
1978-10-19,153
1978-10-20,153
1978-10-20,150
1978-10-21,150
1978-10-21,150
1978-10-22,150
1978-10-22,150
1978-10-23,150
1978-10-23,150
1978-10-24,146
1978-10-24,146
1978-10-25,144
1978-10-25,142
1978-10-26,143
1978-10-26,143
1978-10-27,140
1978-10-27,140
1978-10-28,140
1978-10-28,140
1978-10-29,140
1978-10-29,140
1978-10-30,140
1978-10-30,143
1978-10-31,143
1978-10-31,143
1978-11-01,150
1978-11-01,150
1978-11-02,150
1978-11-02,150
1978-11-03,155
1978-11-03,152
1978-11-04,155
1978-11-04,152
1978-11-05,160
1978-11-05,155
1978-11-06,155
1978-11-06,150
1978-11-07,150
1978-11-07,150
1978-11-08,155
1978-11-08,150
1978-11-09,150
1978-11-09,150
1978-11-10,150
1978-11-10,150
1978-11-11,150
1978-11-11,150
1978-11-12,150
1978-11-12,150
1978-11-13,150
1978-11-13,150
1978-11-14,150
1978-11-14,150
1978-11-15,150
1978-11-15,148
1978-11-16,150
1978-11-16,150
1978-11-17,150
1978-11-17,150
1978-11-18,150
1978-11-18,148
1978-11-19,148
1978-11-19,148
1978-11-20,148
1978-11-20,145
1978-11-21,148
1978-11-21,144
1978-11-22,144
1978-11-22,144
1978-11-23,140
1978-11-23,140
1978-11-24,140
1978-11-24,140
1978-11-25,137
1978-11-25,136
1978-11-26,135
1978-11-26,134
1978-11-27,132
1978-11-27,130
1978-11-28,135
1978-11-28,132
1978-11-29,140
1978-11-29,139
1978-11-30,138
1978-11-30,140
1978-12-01,143
1978-12-01,143
1978-12-02,140
1978-12-02,144
1978-12-03,140
1978-12-03,145
1978-12-04,150
1978-12-04,145
1978-12-05,146
1978-12-05,143
1978-12-06,143
1978-12-06,143
1978-12-07,145
1978-12-07,143
1978-12-08,148
1978-12-08,142
1978-12-09,143
1978-12-09,145
1978-12-10,144
1978-12-10,140
1978-12-11,145
1978-12-11,145
1978-12-12,150
1978-12-12,145
1978-12-13,148
1978-12-13,160
1978-12-14,160
1978-12-14,160
1978-12-15,160
1978-12-15,165
1978-12-16,170
1978-12-16,170
1978-12-17,175
1978-12-17,175
1978-12-18,175
1978-12-18,180
1978-12-19,185
1978-12-19,188
1978-12-20,192
1978-12-20,192
1978-12-21,200
1978-12-21,203
1978-12-22,205
1978-12-22,210
1978-12-23,213
1978-12-23,215
1978-12-24,220
1978-12-24,223
1978-12-25,226
1978-12-25,230
1978-12-26,233
1978-12-26,236
1978-12-27,240
1978-12-27,243
1978-12-28,243
1978-12-28,250
1978-12-29,255
1978-12-29,260
1978-12-30,263
1978-12-30,266
1978-12-31,273
1978-12-31,274
1979-01-01,283
1979-01-01,284
1979-01-02,290
1979-01-02,290
1979-01-03,294
1979-01-03,296
1979-01-04,300
1979-01-04,303
1979-01-05,305
1979-01-05,308
1979-01-06,312
1979-01-06,315
1979-01-07,315
1979-01-07,318
1979-01-08,320
1979-01-08,320
1979-01-09,324
1979-01-09,328
1979-01-10,331
1979-01-10,333
1979-01-11,334
1979-01-11,336
1979-01-12,340
1979-01-12,340
1979-01-13,343
1979-01-13,345
1979-01-14,350
1979-01-14,350
1979-01-15,353
1979-01-15,355
1979-01-16,358
1979-01-16,360
1979-01-17,362
1979-01-17,364
1979-01-18,364
1979-01-18,365
1979-01-19,368
1979-01-19,370
1979-01-20,370
1979-01-20,370
1979-01-21,373
1979-01-21,373
1979-01-22,373
1979-01-22,373
1979-01-23,373
1979-01-23,373
1979-01-24,375
1979-01-24,380
1979-01-25,380
1979-01-25,380
1979-01-26,383
1979-01-26,383
1979-01-27,384
1979-01-27,385
1979-01-28,388
1979-01-28,388
1979-01-29,392
1979-01-29,393
1979-01-30,398
1979-01-30,398
1979-01-31,402
1979-01-31,402
1979-02-01,408
1979-02-01,410
1979-02-02,412
1979-02-02,412
1979-02-03,412
1979-02-03,412
1979-02-04,414
1979-02-04,414
1979-02-05,414
1979-02-05,414
1979-02-06,416
1979-02-06,416
1979-02-07,413
1979-02-07,413
1979-02-08,413
1979-02-08,410
1979-02-09,414
1979-02-09,413
1979-02-10,410
1979-02-10,413
1979-02-11,410
1979-02-11,410
1979-02-12,412
1979-02-12,412
1979-02-13,412
1979-02-13,413
1979-02-14,413
1979-02-14,413
1979-02-15,418
1979-02-15,416
1979-02-16,418
1979-02-16,418
1979-02-17,420
1979-02-17,420
1979-02-18,420
1979-02-18,420
1979-02-19,423
1979-02-19,423
1979-02-20,423
1979-02-20,423
1979-02-21,423
1979-02-21,423
1979-02-22,423
1979-02-22,423
1979-02-23,423
1979-02-23,423
1979-02-24,425
1979-02-24,428
1979-02-25,430
1979-02-25,430
1979-02-26,433
1979-02-26,433
1979-02-27,434
1979-02-27,436
1979-02-28,438
1979-02-28,440
1979-03-01,443
1979-03-01,443
1979-03-02,444
1979-03-02,443
1979-03-03,446
1979-03-03,446
1979-03-04,448
1979-03-04,448
1979-03-05,448
1979-03-05,448
1979-03-06,450
1979-03-06,450
1979-03-07,453
1979-03-07,450
1979-03-08,450
1979-03-08,448
1979-03-09,450
1979-03-09,450
1979-03-10,453
1979-03-10,453
1979-03-11,453
1979-03-11,455
1979-03-12,460
1979-03-12,463
1979-03-13,464
1979-03-13,465
1979-03-14,470
1979-03-14,473
1979-03-15,475
1979-03-15,478
1979-03-16,480
1979-03-16,483
1979-03-17,488
1979-03-17,490
1979-03-18,493
1979-03-18,493
1979-03-19,494
1979-03-19,495
1979-03-20,500
1979-03-20,500
1979-03-21,500
1979-03-21,500
1979-03-22,500
1979-03-22,500
1979-03-23,503
1979-03-23,503
1979-03-24,503
1979-03-24,500
1979-03-25,503
1979-03-25,504
1979-03-26,504
1979-03-26,504
1979-03-27,506
1979-03-27,510
1979-03-28,510
1979-03-28,503
1979-03-29,518
1979-03-29,520
1979-03-30,522
1979-03-30,525
1979-03-31,532
1979-03-31,535
1979-04-01,540
1979-04-01,540
1979-04-02,545
1979-04-02,548
1979-04-03,550
1979-04-03,553
1979-04-04,554
1979-04-04,554
1979-04-05,554
1979-04-05,554
1979-04-06,554
1979-04-06,554
1979-04-07,554
1979-04-07,554
1979-04-08,560
1979-04-08,563
1979-04-09,563
1979-04-09,563
1979-04-10,568
1979-04-10,570
1979-04-11,573
1979-04-11,573
1979-04-12,574
1979-04-12,575
1979-04-13,580
1979-04-13,580
1979-04-14,581
1979-04-14,582
1979-04-15,583
1979-04-15,584
1979-04-16,586
1979-04-16,588
1979-04-17,593
1979-04-17,588
1979-04-18,598
1979-04-18,600
1979-04-19,601
1979-04-19,604
1979-04-20,604
1979-04-20,608
1979-04-21,610
1979-04-21,612
1979-04-22,613
1979-04-22,613
1979-04-23,613
1979-04-23,615
1979-04-24,620
1979-04-24,625
1979-04-25,626
1979-04-25,628
1979-04-26,630
1979-04-26,632
1979-04-27,633
1979-04-27,634
1979-04-28,635
1979-04-28,640
1979-04-29,643
1979-04-29,644
1979-04-30,650
1979-04-30,653
1979-05-01,654
1979-05-01,658
1979-05-02,659
1979-05-02,660
1979-05-03,663
1979-05-03,664
1979-05-04,664
1979-05-04,664
1979-05-05,665
1979-05-05,665
1979-05-06,668
1979-05-06,668
1979-05-07,669
1979-05-07,669
1979-05-08,670
1979-05-08,670
1979-05-09,670
1979-05-09,670
1979-05-10,670
1979-05-10,670
1979-05-11,670
1979-05-11,670
1979-05-12,670
1979-05-12,670
1979-05-13,670
1979-05-13,670
1979-05-14,670
1979-05-14,672
1979-05-15,674
1979-05-15,676
1979-05-16,680
1979-05-16,683
1979-05-17,685
1979-05-17,688
1979-05-18,692
1979-05-18,693
1979-05-19,694
1979-05-19,695
1979-05-20,698
1979-05-20,700
1979-05-21,700
1979-05-21,700
1979-05-22,703
1979-05-22,704
1979-05-23,703
1979-05-23,704
1979-05-24,704
1979-05-24,704
1979-05-25,704
1979-05-25,705
1979-05-26,709
1979-05-26,709
1979-05-27,710
1979-05-27,712
1979-05-28,712
1979-05-28,713
1979-05-29,713
1979-05-29,715
1979-05-30,716
1979-05-30,718
1979-05-31,718
1979-05-31,718
1979-06-01,718
1979-06-01,720
1979-06-02,720
1979-06-02,720
1979-06-03,719
1979-06-03,720
1979-06-04,718
1979-06-04,717
1979-06-05,715
1979-06-05,713
1979-06-06,714
1979-06-06,713
1979-06-07,713
1979-06-07,712
1979-06-08,712
1979-06-08,712
1979-06-09,712
1979-06-09,712
1979-06-10,710
1979-06-10,712
1979-06-11,712
1979-06-11,712
1979-06-12,712
1979-06-12,712
1979-06-13,713
1979-06-13,713
1979-06-14,714
1979-06-14,715
1979-06-15,715
1979-06-15,718
1979-06-16,718
1979-06-16,718
1979-06-17,719
1979-06-17,719
1979-06-18,719
1979-06-18,719
1979-06-19,720
1979-06-19,720
1979-06-20,723
1979-06-20,714
1979-06-21,714
1979-06-21,711
1979-06-22,713
1979-06-22,712
1979-06-23,710
1979-06-23,710
1979-06-24,708
1979-06-24,706
1979-06-25,703
1979-06-25,702
1979-06-26,702
1979-06-26,702
1979-06-27,700
1979-06-27,697
1979-06-28,692
1979-06-28,693
1979-06-29,693
1979-06-29,692
1979-06-30,690
1979-06-30,688
1979-07-01,685
1979-07-01,682
1979-07-02,680
1979-07-02,678
1979-07-03,675
1979-07-03,672
1979-07-04,673
1979-07-04,672
1979-07-05,670
1979-07-05,668
1979-07-06,665
1979-07-06,663
1979-07-07,662
1979-07-07,662
1979-07-08,659
1979-07-08,657
1979-07-09,653
1979-07-09,652
1979-07-10,650
1979-07-10,648
1979-07-11,643
1979-07-11,642
1979-07-12,640
1979-07-12,640
1979-07-13,637
1979-07-13,635
1979-07-14,637
1979-07-14,635
1979-07-15,634
1979-07-15,634
1979-07-16,633
1979-07-16,632
1979-07-17,632
1979-07-17,630
1979-07-18,628
1979-07-18,628
1979-07-19,626
1979-07-19,624
1979-07-20,622
1979-07-20,620
1979-07-21,617
1979-07-21,616
1979-07-22,612
1979-07-22,610
1979-07-23,610
1979-07-23,605
1979-07-24,602
1979-07-24,600
1979-07-25,595
1979-07-25,594
1979-07-26,592
1979-07-26,590
1979-07-27,585
1979-07-27,583
1979-07-28,580
1979-07-28,578
1979-07-29,574
1979-07-29,573
1979-07-30,570
1979-07-30,568
1979-07-31,562
1979-07-31,562
1979-08-01,560
1979-08-01,556
1979-08-02,553
1979-08-02,550
1979-08-03,550
1979-08-03,545
1979-08-04,542
1979-08-04,540
1979-08-05,538
1979-08-05,534
1979-08-06,532
1979-08-06,530
1979-08-07,527
1979-08-07,523
1979-08-08,520
1979-08-08,516
1979-08-09,513
1979-08-09,511
1979-08-10,510
1979-08-10,505
1979-08-11,503
1979-08-11,502
1979-08-12,500
1979-08-12,497
1979-08-13,493
1979-08-13,490
1979-08-14,490
1979-08-14,485
1979-08-15,482
1979-08-15,480
1979-08-16,477
1979-08-16,473
1979-08-17,470
1979-08-17,465
1979-08-18,463
1979-08-18,460
1979-08-19,453
1979-08-19,450
1979-08-20,444
1979-08-20,440
1979-08-21,433
1979-08-21,430
1979-08-22,425
1979-08-22,421
1979-08-23,420
1979-08-23,418
1979-08-24,414
1979-08-24,412
1979-08-25,410
1979-08-25,408
1979-08-26,402
1979-08-26,400
1979-08-27,398
1979-08-27,392
1979-08-28,390
1979-08-28,385
1979-08-29,380
1979-08-29,373
1979-08-30,370
1979-08-30,365
1979-08-31,362
1979-08-31,357
1979-09-01,352
1979-09-01,347
1979-09-02,342
1979-09-02,340
1979-09-03,332
1979-09-03,330
1979-09-04,323
1979-09-04,320
1979-09-05,318
1979-09-05,315
1979-09-06,312
1979-09-06,310
1979-09-07,306
1979-09-07,304
1979-09-08,302
1979-09-08,300
1979-09-09,295
1979-09-09,290
1979-09-10,290
1979-09-10,283
1979-09-11,280
1979-09-11,275
1979-09-12,272
1979-09-12,270
1979-09-13,263
1979-09-13,256
1979-09-14,252
1979-09-14,250
1979-09-15,242
1979-09-15,235
1979-09-16,230
1979-09-16,225
1979-09-17,220
1979-09-17,215
1979-09-18,212
1979-09-18,206
1979-09-19,203
1979-09-19,198
1979-09-20,194
1979-09-20,190
1979-09-21,190
1979-09-21,188
1979-09-22,182
1979-09-22,180
1979-09-23,180
1979-09-23,175
1979-09-24,172
1979-09-24,168
1979-09-25,163
1979-09-25,160
1979-09-26,158
1979-09-26,153
1979-09-27,150
1979-09-27,142
1979-09-28,142
1979-09-28,138
1979-09-29,133
1979-09-29,125
1979-09-30,120
1979-09-30,117
1979-10-01,114
1979-10-01,110
1979-10-02,108
1979-10-02,102
1979-10-03,100
1979-10-03,95
1979-10-04,92
1979-10-04,92
1979-10-05,92
1979-10-05,90
1979-10-06,88
1979-10-06,83
1979-10-07,88
1979-10-07,84
1979-10-08,82
1979-10-08,80
1979-10-09,80
1979-10-09,72
1979-10-10,72
1979-10-10,64
1979-10-11,62
1979-10-11,55
1979-10-12,53
1979-10-12,47
1979-10-13,42
1979-10-13,40
1979-10-14,22
1979-10-14,30
1979-10-15,27
1979-10-15,20
1979-10-16,20
1979-10-16,18
1979-10-17,14
1979-10-17,12
1979-10-18,11
1979-10-18,10
1979-10-19,10
1979-10-19,8
1979-10-20,7
1979-10-20,7
1979-10-21,6
1979-10-21,8
1979-10-22,8
1979-10-22,7
1979-10-23,6
1979-10-23,10
1979-10-24,10
1979-10-24,9
1979-10-25,11
1979-10-25,11
1979-10-26,11
1979-10-26,12
1979-10-27,13
1979-10-27,14
1979-10-28,16
1979-10-28,16
1979-10-29,15
1979-10-29,12
1979-10-30,13
1979-10-30,12
1979-10-31,12
1979-10-31,18
1979-11-01,18
1979-11-01,20
1979-11-02,22
1979-11-02,28
1979-11-03,30
1979-11-03,30
1979-11-04,35
1979-11-04,38
1979-11-05,42
1979-11-05,42
1979-11-06,30
1979-11-06,32
1979-11-07,38
1979-11-07,42
1979-11-08,48
1979-11-08,42
1979-11-09,50
1979-11-09,58
1979-11-10,48
1979-11-10,45
1979-11-11,42
1979-11-11,40
1979-11-12,38
1979-11-12,40
1979-11-13,36
1979-11-13,30
1979-11-14,30
1979-11-14,30
1979-11-15,30
1979-11-15,30
1979-11-16,28
1979-11-16,25
1979-11-17,31
1979-11-17,30
1979-11-18,30
1979-11-18,30
1979-11-19,30
1979-11-19,25
1979-11-20,28
1979-11-20,30
1979-11-21,30
1979-11-21,30
1979-11-22,30
1979-11-22,30
1979-11-23,30
1979-11-23,28
1979-11-24,25
1979-11-24,25
1979-11-25,25
1979-11-25,20
1979-11-26,20
1979-11-26,20
1979-11-27,20
1979-11-27,20
1979-11-28,20
1979-11-28,20
1979-11-29,18
1979-11-29,20
1979-11-30,20
1979-11-30,20
1979-12-01,25
1979-12-01,30
1979-12-02,30
1979-12-02,33
1979-12-03,38
1979-12-03,40
1979-12-04,43
1979-12-04,43
1979-12-05,45
1979-12-05,42
1979-12-06,50
1979-12-06,50
1979-12-07,53
1979-12-07,48
1979-12-08,50
1979-12-08,46
1979-12-09,48
1979-12-09,45
1979-12-10,50
1979-12-10,48
1979-12-11,48
1979-12-11,45
1979-12-12,48
1979-12-12,46
1979-12-13,48
1979-12-13,48
1979-12-14,46
1979-12-14,48
1979-12-15,48
1979-12-15,53
1979-12-16,55
1979-12-16,52
1979-12-17,48
1979-12-17,60
1979-12-18,63
1979-12-18,65
1979-12-19,68
1979-12-19,72
1979-12-20,74
1979-12-20,76
1979-12-21,80
1979-12-21,83
1979-12-22,92
1979-12-22,90
1979-12-23,95
1979-12-23,92
1979-12-24,98
1979-12-24,96
1979-12-25,102
1979-12-25,104
1979-12-26,106
1979-12-26,104
1979-12-27,108
1979-12-27,110
1979-12-28,113
1979-12-28,113
1979-12-29,117
1979-12-29,120
1979-12-30,126
1979-12-30,126
1979-12-31,126
1979-12-31,130
1980-01-01,136
1980-01-01,138
1980-01-02,143
1980-01-02,143
1980-01-03,150
1980-01-03,150
1980-01-04,153
1980-01-04,157
1980-01-05,162
1980-01-05,168
1980-01-06,164
1980-01-06,170
1980-01-07,173
1980-01-07,174
1980-01-08,178
1980-01-08,178
1980-01-09,178
1980-01-09,180
1980-01-10,183
1980-01-10,183
1980-01-11,184
1980-01-11,184
1980-01-12,188
1980-01-12,188
1980-01-13,190
1980-01-13,200
1980-01-14,190
1980-01-14,193
1980-01-15,194
1980-01-15,196
1980-01-16,198
1980-01-16,198
1980-01-17,200
1980-01-17,202
1980-01-18,204
1980-01-18,204
1980-01-19,210
1980-01-19,210
1980-01-20,213
1980-01-20,213
1980-01-21,220
1980-01-21,220
1980-01-22,223
1980-01-22,223
1980-01-23,230
1980-01-23,233
1980-01-24,235
1980-01-24,238
1980-01-25,240
1980-01-25,240
1980-01-26,243
1980-01-26,243
1980-01-27,246
1980-01-27,248
1980-01-28,248
1980-01-28,250
1980-01-29,253
1980-01-29,254
1980-01-30,256
1980-01-30,258
1980-01-31,260
1980-01-31,260
1980-02-01,263
1980-02-01,263
1980-02-02,265
1980-02-02,265
1980-02-03,265
1980-02-03,265
1980-02-04,268
1980-02-04,268
1980-02-05,270
1980-02-05,273
1980-02-06,274
1980-02-06,274
1980-02-07,274
1980-02-07,274
1980-02-08,274
1980-02-08,274
1980-02-09,274
1980-02-09,274
1980-02-10,274
1980-02-10,274
1980-02-11,274
1980-02-11,274
1980-02-12,274
1980-02-12,274
1980-02-13,274
1980-02-13,274
1980-02-14,276
1980-02-14,278
1980-02-15,280
1980-02-15,284
1980-02-16,286
1980-02-16,288
1980-02-17,292
1980-02-17,292
1980-02-18,297
1980-02-18,297
1980-02-19,300
1980-02-19,300
1980-02-20,303
1980-02-20,303
1980-02-21,305
1980-02-21,305
1980-02-22,308
1980-02-22,308
1980-02-23,309
1980-02-23,309
1980-02-24,308
1980-02-24,308
1980-02-25,308
1980-02-25,303
1980-02-26,304
1980-02-26,304
1980-02-27,304
1980-02-27,302
1980-02-28,303
1980-02-28,304
1980-02-29,304
1980-02-29,305
1980-03-01,305
1980-03-01,304
1980-03-02,305
1980-03-02,304
1980-03-03,308
1980-03-03,308
1980-03-04,310
1980-03-04,308
1980-03-05,310
1980-03-05,312
1980-03-06,312
1980-03-06,312
1980-03-07,313
1980-03-07,310
1980-03-08,313
1980-03-08,314
1980-03-09,315
1980-03-09,315
1980-03-10,315
1980-03-10,312
1980-03-11,312
1980-03-11,312
1980-03-12,312
1980-03-12,312
1980-03-13,313
1980-03-13,313
1980-03-14,314
1980-03-14,314
1980-03-15,315
1980-03-15,315
1980-03-16,318
1980-03-16,318
1980-03-17,322
1980-03-17,322
1980-03-18,328
1980-03-18,330
1980-03-19,330
1980-03-19,333
1980-03-20,336
1980-03-20,342
1980-03-21,343
1980-03-21,343
1980-03-22,349
1980-03-22,347
1980-03-23,350
1980-03-23,350
1980-03-24,350
1980-03-24,350
1980-03-25,353
1980-03-25,350
1980-03-26,350
1980-03-26,350
1980-03-27,350
1980-03-27,350
1980-03-28,350
1980-03-28,350
1980-03-29,353
1980-03-29,354
1980-03-30,356
1980-03-30,354
1980-03-31,358
1980-03-31,360
1980-04-01,363
1980-04-01,363
1980-04-02,368
1980-04-02,370
1980-04-03,372
1980-04-03,373
1980-04-04,376
1980-04-04,380
1980-04-05,380
1980-04-05,380
1980-04-06,382
1980-04-06,383
1980-04-07,390
1980-04-07,393
1980-04-08,395
1980-04-08,397
1980-04-09,400
1980-04-09,400
1980-04-10,400
1980-04-10,400
1980-04-11,403
1980-04-11,403
1980-04-12,404
1980-04-12,406
1980-04-13,411
1980-04-13,415
1980-04-14,415
1980-04-14,420
1980-04-15,423
1980-04-15,423
1980-04-16,424
1980-04-16,429
1980-04-17,432
1980-04-17,432
1980-04-18,438
1980-04-18,440
1980-04-19,443
1980-04-19,445
1980-04-20,450
1980-04-20,453
1980-04-21,455
1980-04-21,457
1980-04-22,458
1980-04-22,460
1980-04-23,460
1980-04-23,460
1980-04-24,463
1980-04-24,463
1980-04-25,464
1980-04-25,464
1980-04-26,464
1980-04-26,465
1980-04-27,470
1980-04-27,470
1980-04-28,470
1980-04-28,470
1980-04-29,473
1980-04-29,474
1980-04-30,474
1980-04-30,474
1980-05-01,478
1980-05-01,478
1980-05-02,480
1980-05-02,480
1980-05-03,483
1980-05-03,484
1980-05-04,485
1980-05-04,485
1980-05-05,486
1980-05-05,486
1980-05-06,488
1980-05-06,488
1980-05-07,488
1980-05-07,490
1980-05-08,490
1980-05-08,490
1980-05-09,487
1980-05-09,487
1980-05-10,485
1980-05-10,485
1980-05-11,485
1980-05-11,485
1980-05-12,485
1980-05-12,485
1980-05-13,482
1980-05-13,482
1980-05-14,482
1980-05-14,482
1980-05-15,485
1980-05-15,485
1980-05-16,485
1980-05-16,488
1980-05-17,488
1980-05-17,488
1980-05-18,490
1980-05-18,490
1980-05-19,492
1980-05-19,490
1980-05-20,493
1980-05-20,493
1980-05-21,493
1980-05-21,493
1980-05-22,493
1980-05-22,493
1980-05-23,494
1980-05-23,494
1980-05-24,494
1980-05-24,494
1980-05-25,494
1980-05-25,494
1980-05-26,494
1980-05-26,490
1980-05-27,492
1980-05-27,492
1980-05-28,493
1980-05-28,493
1980-05-29,495
1980-05-29,495
1980-05-30,495
1980-05-30,495
1980-05-31,498
1980-05-31,500
1980-06-01,500
1980-06-01,500
1980-06-02,500
1980-06-02,503
1980-06-03,504
1980-06-03,504
1980-06-04,504
1980-06-04,504
1980-06-05,504
1980-06-05,502
1980-06-06,503
1980-06-06,505
1980-06-07,508
1980-06-07,508
1980-06-08,510
1980-06-08,510
1980-06-09,512
1980-06-09,510
1980-06-10,513
1980-06-10,510
1980-06-11,513
1980-06-11,513
1980-06-12,513
1980-06-12,513
1980-06-13,513
1980-06-13,510
1980-06-14,513
1980-06-14,512
1980-06-15,512
1980-06-15,512
1980-06-16,512
1980-06-16,512
1980-06-17,512
1980-06-17,510
1980-06-18,510
1980-06-18,508
1980-06-19,505
1980-06-19,502
1980-06-20,502
1980-06-20,502
1980-06-21,503
1980-06-21,503
1980-06-22,503
1980-06-22,503
1980-06-23,503
1980-06-23,503
1980-06-24,503
1980-06-24,500
1980-06-25,500
1980-06-25,500
1980-06-26,500
1980-06-26,500
1980-06-27,500
1980-06-27,500
1980-06-28,500
1980-06-28,500
1980-06-29,497
1980-06-29,495
1980-06-30,495
1980-06-30,493
1980-07-01,493
1980-07-01,492
1980-07-02,492
1980-07-02,492
1980-07-03,492
1980-07-03,490
1980-07-04,490
1980-07-04,490
1980-07-05,493
1980-07-05,493
1980-07-06,493
1980-07-06,493
1980-07-07,493
1980-07-07,490
1980-07-08,493
1980-07-08,490
1980-07-09,490
1980-07-09,490
1980-07-10,488
1980-07-10,487
1980-07-11,486
1980-07-11,485
1980-07-12,482
1980-07-12,482
1980-07-13,482
1980-07-13,482
1980-07-14,482
1980-07-14,482
1980-07-15,482
1980-07-15,480
1980-07-16,480
1980-07-16,478
1980-07-17,475
1980-07-17,470
1980-07-18,470
1980-07-18,470
1980-07-19,470
1980-07-19,470
1980-07-20,465
1980-07-20,463
1980-07-21,460
1980-07-21,455
1980-07-22,452
1980-07-22,452
1980-07-23,450
1980-07-23,447
1980-07-24,445
1980-07-24,444
1980-07-25,442
1980-07-25,440
1980-07-26,440
1980-07-26,435
1980-07-27,434
1980-07-27,434
1980-07-28,432
1980-07-28,430
1980-07-29,430
1980-07-29,430
1980-07-30,428
1980-07-30,423
1980-07-31,422
1980-07-31,420
1980-08-01,420
1980-08-01,418
1980-08-02,416
1980-08-02,415
1980-08-03,414
1980-08-03,413
1980-08-04,410
1980-08-04,408
1980-08-05,402
1980-08-05,400
1980-08-06,400
1980-08-06,395
1980-08-07,392
1980-08-07,390
1980-08-08,390
1980-08-08,385
1980-08-09,384
1980-08-09,380
1980-08-10,380
1980-08-10,372
1980-08-11,372
1980-08-11,370
1980-08-12,370
1980-08-12,367
1980-08-13,362
1980-08-13,360
1980-08-14,360
1980-08-14,354
1980-08-15,352
1980-08-15,350
1980-08-16,347
1980-08-16,342
1980-08-17,340
1980-08-17,335
1980-08-18,332
1980-08-18,330
1980-08-19,326
1980-08-19,322
1980-08-20,318
1980-08-20,312
1980-08-21,312
1980-08-21,304
1980-08-22,302
1980-08-22,298
1980-08-23,292
1980-08-23,292
1980-08-24,290
1980-08-24,285
1980-08-25,282
1980-08-25,280
1980-08-26,272
1980-08-26,272
1980-08-27,272
1980-08-27,268
1980-08-28,266
1980-08-28,262
1980-08-29,260
1980-08-29,257
1980-08-30,257
1980-08-30,252
1980-08-31,252
1980-08-31,246
1980-09-01,242
1980-09-01,240
1980-09-02,235
1980-09-02,231
1980-09-03,230
1980-09-03,222
1980-09-04,220
1980-09-04,212
1980-09-05,210
1980-09-05,204
1980-09-06,202
1980-09-06,194
1980-09-07,192
1980-09-07,190
1980-09-08,185
1980-09-08,182
1980-09-09,180
1980-09-09,175
1980-09-10,172
1980-09-10,170
1980-09-11,165
1980-09-11,162
1980-09-12,162
1980-09-12,152
1980-09-13,150
1980-09-13,143
1980-09-14,142
1980-09-14,142
1980-09-15,132
1980-09-15,127
1980-09-16,122
1980-09-16,120
1980-09-17,116
1980-09-17,115
1980-09-18,110
1980-09-18,102
1980-09-19,98
1980-09-19,92
1980-09-20,87
1980-09-20,82
1980-09-21,78
1980-09-21,75
1980-09-22,70
1980-09-22,70
1980-09-23,68
1980-09-23,62
1980-09-24,62
1980-09-24,62
1980-09-25,60
1980-09-25,60
1980-09-26,60
1980-09-26,57
1980-09-27,54
1980-09-27,50
1980-09-28,50
1980-09-28,50
1980-09-29,50
1980-09-29,45
1980-09-30,40
1980-09-30,40
1980-10-01,35
1980-10-01,30
1980-10-02,30
1980-10-02,30
1980-10-03,28
1980-10-03,28
1980-10-04,20
1980-10-04,20
1980-10-05,20
1980-10-05,20
1980-10-06,10
1980-10-06,5
1980-10-07,5
1980-10-07,5
1980-10-08,10
1980-10-08,5
1980-10-09,5
1980-10-09,5
1980-10-10,10
1980-10-14,10
1980-10-24,10
1980-10-24,10
1980-10-25,30
1980-10-25,30
1980-10-26,35
1980-10-26,35
1980-10-27,40
1980-10-27,40
1980-10-28,43
1980-10-28,43
1980-10-29,43
1980-10-29,43
1980-10-30,43
1980-10-30,43
1980-10-31,40
1980-10-31,40
1980-11-01,40
1980-11-01,40
1980-11-02,40
1980-11-02,40
1980-11-03,40
1980-11-03,40
1980-11-04,40
1980-11-04,40
1980-11-05,45
1980-11-05,45
1980-11-06,50
1980-11-06,50
1980-11-07,55
1980-11-07,55
1980-11-08,55
1980-11-08,55
1980-11-09,60
1980-11-09,65
1980-11-10,70
1980-11-10,75
1980-11-11,80
1980-11-11,75
1980-11-12,75
1980-11-12,70
1980-11-13,82
1980-11-13,82
1980-11-14,75
1980-11-14,75
1980-11-15,90
1980-11-15,94
1980-11-16,94
1980-11-16,94
1980-11-17,96
1980-11-17,100
1980-11-18,103
1980-11-18,103
1980-11-19,110
1980-11-19,113
1980-11-20,115
1980-11-20,120
1980-11-21,122
1980-11-21,130
1980-11-22,133
1980-11-22,134
1980-11-23,135
1980-11-23,135
1980-11-24,138
1980-11-24,138
1980-11-25,140
1980-11-25,140
1980-11-26,144
1980-11-26,144
1980-11-27,142
1980-11-27,144
1980-11-28,144
1980-11-28,144
1980-11-29,143
1980-11-29,140
1980-11-30,140
1980-11-30,138
1980-12-01,137
1980-12-01,137
1980-12-02,132
1980-12-02,130
1980-12-03,133
1980-12-03,132
1980-12-04,130
1980-12-04,133
1980-12-05,130
1980-12-05,130
1980-12-06,135
1980-12-06,130
1980-12-07,140
1980-12-07,140
1980-12-08,140
1980-12-08,140
1980-12-09,142
1980-12-09,140
1980-12-10,143
1980-12-10,143
1980-12-11,145
1980-12-11,146
1980-12-12,148
1980-12-12,145
1980-12-13,150
1980-12-13,150
1980-12-14,152
1980-12-14,152
1980-12-15,154
1980-12-15,156
1980-12-16,153
1980-12-16,154
1980-12-17,155
1980-12-17,158
1980-12-18,160
1980-12-18,160
1980-12-19,163
1980-12-19,164
1980-12-20,163
1980-12-20,164
1980-12-21,168
1980-12-21,168
1980-12-22,170
1980-12-22,173
1980-12-23,173
1980-12-23,176
1980-12-24,178
1980-12-24,175
1980-12-25,175
1980-12-25,173
1980-12-26,180
1980-12-26,178
1980-12-27,178
1980-12-27,180
1980-12-28,180
1980-12-28,183
1980-12-29,184
1980-12-29,180
1980-12-30,180
1980-12-30,180
1980-12-31,183
1980-12-31,177
1981-01-01,180
1981-01-01,180
1981-01-02,182
1981-01-02,180
1981-01-03,180
1981-01-03,180
1981-01-04,180
1981-01-04,183
1981-01-05,187
1981-01-05,190
1981-01-06,190
1981-01-06,190
1981-01-07,191
1981-01-07,191
1981-01-08,196
1981-01-08,196
1981-01-09,200
1981-01-09,200
1981-01-10,203
1981-01-10,203
1981-01-11,203
1981-01-11,206
1981-01-12,206
1981-01-12,206
1981-01-13,206
1981-01-13,209
1981-01-14,204
1981-01-14,210
1981-01-15,208
1981-01-15,210
1981-01-16,220
1981-01-16,220
1981-01-17,215
1981-01-17,215
1981-01-18,220
1981-01-18,220
1981-01-19,222
1981-01-19,210
1981-01-20,215
1981-01-20,230
1981-01-21,215
1981-01-21,230
1981-01-22,233
1981-01-22,230
1981-01-23,240
1981-01-23,245
1981-01-24,245
1981-01-24,250
1981-01-25,260
1981-01-25,253
1981-01-26,255
1981-01-26,256
1981-01-27,260
1981-01-27,262
1981-01-28,260
1981-01-28,264
1981-01-29,265
1981-01-29,265
1981-01-30,268
1981-01-30,270
1981-01-31,280
1981-01-31,280
1981-02-01,280
1981-02-01,283
1981-02-02,284
1981-02-02,287
1981-02-03,293
1981-02-03,290
1981-02-04,293
1981-02-04,295
1981-02-05,300
1981-02-05,300
1981-02-06,303
1981-02-06,308
1981-02-07,305
1981-02-07,310
1981-02-08,313
1981-02-08,313
1981-02-09,320
1981-02-09,320
1981-02-10,323
1981-02-10,324
1981-02-11,325
1981-02-11,328
1981-02-12,327
1981-02-12,325
1981-02-13,328
1981-02-13,330
1981-02-14,330
1981-02-14,330
1981-02-15,333
1981-02-15,334
1981-02-16,335
1981-02-16,336
1981-02-17,338
1981-02-17,340
1981-02-18,343
1981-02-18,344
1981-02-19,345
1981-02-19,348
1981-02-20,350
1981-02-20,348
1981-02-21,350
1981-02-21,352
1981-02-22,353
1981-02-22,354
1981-02-23,355
1981-02-23,356
1981-02-24,360
1981-02-24,360
1981-02-25,364
1981-02-25,362
1981-02-26,365
1981-02-26,366
1981-02-27,367
1981-02-27,368
1981-02-28,372
1981-02-28,372
1981-03-01,368
1981-03-01,370
1981-03-02,370
1981-03-02,370
1981-03-03,373
1981-03-03,373
1981-03-04,374
1981-03-04,375
1981-03-05,378
1981-03-05,380
1981-03-06,383
1981-03-06,385
1981-03-07,385
1981-03-07,385
1981-03-08,390
1981-03-08,393
1981-03-09,398
1981-03-09,396
1981-03-10,402
1981-03-10,403
1981-03-11,406
1981-03-11,408
1981-03-12,410
1981-03-12,410
1981-03-13,412
1981-03-13,414
1981-03-14,416
1981-03-14,416
1981-03-15,417
1981-03-15,415
1981-03-16,418
1981-03-16,420
1981-03-17,420
1981-03-17,420
1981-03-18,423
1981-03-18,425
1981-03-19,428
1981-03-19,426
1981-03-20,432
1981-03-20,434
1981-03-21,434
1981-03-21,434
1981-03-22,440
1981-03-22,440
1981-03-23,444
1981-03-23,446
1981-03-24,450
1981-03-24,450
1981-03-25,453
1981-03-25,453
1981-03-26,456
1981-03-26,460
1981-03-27,464
1981-03-27,465
1981-03-28,466
1981-03-28,468
1981-03-29,470
1981-03-29,470
1981-03-30,472
1981-03-30,474
1981-03-31,475
1981-03-31,475
1981-04-01,480
1981-04-01,183
1981-04-02,483
1981-04-02,486
1981-04-03,486
1981-04-03,490
1981-04-04,493
1981-04-04,495
1981-04-05,495
1981-04-05,495
1981-04-06,500
1981-04-06,503
1981-04-07,503
1981-04-07,505
1981-04-08,508
1981-04-08,508
1981-04-09,512
1981-04-09,510
1981-04-10,515
1981-04-10,515
1981-04-11,510
1981-04-11,515
1981-04-12,518
1981-04-12,520
1981-04-13,520
1981-04-13,515
1981-04-14,520
1981-04-14,520
1981-04-15,520
1981-04-15,520
1981-04-16,523
1981-04-16,526
1981-04-17,525
1981-04-17,525
1981-04-18,526
1981-04-18,526
1981-04-19,528
1981-04-19,528
1981-04-20,533
1981-04-20,536
1981-04-21,536
1981-04-21,535
1981-04-22,535
1981-04-22,540
1981-04-23,535
1981-04-23,536
1981-04-24,538
1981-04-24,540
1981-04-25,540
1981-04-25,540
1981-04-26,538
1981-04-26,538
1981-04-27,538
1981-04-27,537
1981-04-28,535
1981-04-28,535
1981-04-29,536
1981-04-29,533
1981-04-30,538
1981-04-30,536
1981-05-01,538
1981-05-01,543
1981-05-02,545
1981-05-02,548
1981-05-03,542
1981-05-03,538
1981-05-04,542
1981-05-04,545
1981-05-05,545
1981-05-05,545
1981-05-06,545
1981-05-06,550
1981-05-07,550
1981-05-07,553
1981-05-08,553
1981-05-08,555
1981-05-09,555
1981-05-09,555
1981-05-10,555
1981-05-10,555
1981-05-11,558
1981-05-11,558
1981-05-12,558
1981-05-12,558
1981-05-13,558
1981-05-13,556
1981-05-14,558
1981-05-14,558
1981-05-15,558
1981-05-15,553
1981-05-16,553
1981-05-16,553
1981-05-17,553
1981-05-17,555
1981-05-18,553
1981-05-18,553
1981-05-19,553
1981-05-19,553
1981-05-20,553
1981-05-20,553
1981-05-21,555
1981-05-21,555
1981-05-22,552
1981-05-22,552
1981-05-23,555
1981-05-23,550
1981-05-24,556
1981-05-24,558
1981-05-25,553
1981-05-25,553
1981-05-26,553
1981-05-26,553
1981-05-27,551
1981-05-27,551
1981-05-28,551
1981-05-28,551
1981-05-29,553
1981-05-29,553
1981-05-30,553
1981-05-30,553
1981-06-01,553
1981-06-01,553
1981-06-02,553
1981-06-02,553
1981-06-03,553
1981-06-03,553
1981-06-04,554
1981-06-04,554
1981-06-05,558
1981-06-05,558
1981-06-06,555
1981-06-06,555
1981-06-07,555
1981-06-07,555
1981-06-08,555
1981-06-08,555
1981-06-09,555
1981-06-09,555
1981-06-10,555
1981-06-10,555
1981-06-11,555
1981-06-11,555
1981-06-12,552
1981-06-12,550
1981-06-13,550
1981-06-13,550
1981-06-14,547
1981-06-14,545
1981-06-15,543
1981-06-15,540
1981-06-16,543
1981-06-16,543
1981-06-17,543
1981-06-17,543
1981-06-18,543
1981-06-18,543
1981-06-19,543
1981-06-19,543
1981-06-20,543
1981-06-20,543
1981-06-21,543
1981-06-21,543
1981-06-22,543
1981-06-22,543
1981-06-23,543
1981-06-23,540
1981-06-24,540
1981-06-24,540
1981-06-25,540
1981-06-25,540
1981-06-26,535
1981-06-26,532
1981-06-27,532
1981-06-27,532
1981-06-28,532
1981-06-28,530
1981-06-29,530
1981-06-29,528
1981-06-30,528
1981-06-30,530
1981-07-01,530
1981-07-01,530
1981-07-02,533
1981-07-02,533
1981-07-03,533
1981-07-03,533
1981-07-04,533
1981-07-04,533
1981-07-05,533
1981-07-05,533
1981-07-06,540
1981-07-06,540
1981-07-07,540
1981-07-07,540
1981-07-08,537
1981-07-08,537
1981-07-09,540
1981-07-09,540
1981-07-10,540
1981-07-10,535
1981-07-11,535
1981-07-11,532
1981-07-12,532
1981-07-12,530
1981-07-13,530
1981-07-13,528
1981-07-14,525
1981-07-14,520
1981-07-15,518
1981-07-15,518
1981-07-16,518
1981-07-16,516
1981-07-17,514
1981-07-17,514
1981-07-18,516
1981-07-18,516
1981-07-19,514
1981-07-19,512
1981-07-20,515
1981-07-20,512
1981-07-21,510
1981-07-21,505
1981-07-22,504
1981-07-22,503
1981-07-23,502
1981-07-23,502
1981-07-24,510
1981-07-24,512
1981-07-25,510
1981-07-25,510
1981-07-26,505
1981-07-26,504
1981-07-27,504
1981-07-27,504
1981-07-28,503
1981-07-28,500
1981-07-29,493
1981-07-29,493
1981-07-30,493
1981-07-30,488
1981-07-31,495
1981-07-31,495
1981-08-01,495
1981-08-01,495
1981-08-02,493
1981-08-02,493
1981-08-03,492
1981-08-03,490
1981-08-04,490
1981-08-04,486
1981-08-05,485
1981-08-05,484
1981-08-06,482
1981-08-06,480
1981-08-07,477
1981-08-07,474
1981-08-08,472
1981-08-08,470
1981-08-09,468
1981-08-09,465
1981-08-10,462
1981-08-10,460
1981-08-11,455
1981-08-11,453
1981-08-12,452
1981-08-12,450
1981-08-13,448
1981-08-13,442
1981-08-14,442
1981-08-14,440
1981-08-15,440
1981-08-15,438
1981-08-16,435
1981-08-16,432
1981-08-17,430
1981-08-17,428
1981-08-18,427
1981-08-18,422
1981-08-19,422
1981-08-19,420
1981-08-20,420
1981-08-20,418
1981-08-21,415
1981-08-21,410
1981-08-22,408
1981-08-22,408
1981-08-23,406
1981-08-23,403
1981-08-24,402
1981-08-24,400
1981-08-25,398
1981-08-25,394
1981-08-26,392
1981-08-26,390
1981-08-27,387
1981-08-27,384
1981-08-28,381
1981-08-28,380
1981-08-29,375
1981-08-29,372
1981-08-30,370
1981-08-30,367
1981-08-31,362
1981-08-31,361
1981-09-01,360
1981-09-01,354
1981-09-02,352
1981-09-02,350
1981-09-03,350
1981-09-03,350
1981-09-04,342
1981-09-04,336
1981-09-05,332
1981-09-05,330
1981-09-06,322
1981-09-06,320
1981-09-07,310
1981-09-07,310
1981-09-08,302
1981-09-08,300
1981-09-09,290
1981-09-09,287
1981-09-10,285
1981-09-10,280
1981-09-11,274
1981-09-11,270
1981-09-12,265
1981-09-12,262
1981-09-13,260
1981-09-13,255
1981-09-14,250
1981-09-14,245
1981-09-15,235
1981-09-15,235
1981-09-16,230
1981-09-16,226
1981-09-17,226
1981-09-17,226
1981-09-18,220
1981-09-18,220
1981-09-19,210
1981-09-19,208
1981-09-20,208
1981-09-20,205
1981-09-21,200
1981-09-21,200
1981-09-22,200
1981-09-22,190
1981-09-23,180
1981-09-23,175
1981-09-24,170
1981-09-24,160
1981-09-25,155
1981-09-25,150
1981-09-26,146
1981-09-26,140
1981-09-27,140
1981-09-27,140
1981-09-28,140
1981-09-28,140
1981-09-29,135
1981-09-29,130
1981-09-30,130
1981-09-30,125
1981-10-01,120
1981-10-01,118
1981-10-02,110
1981-10-02,110
1981-10-03,107
1981-10-03,105
1981-10-04,100
1981-10-04,97
1981-10-05,85
1981-10-05,80
1981-10-06,80
1981-10-06,80
1981-10-07,70
1981-10-07,67
1981-10-08,60
1981-10-08,60
1981-10-09,60
1981-10-09,50
1981-10-10,40
1981-10-10,45
1981-10-11,42
1981-10-11,40
1981-10-12,40
1981-10-12,45
1981-10-13,42
1981-10-13,42
1981-10-14,43
1981-10-14,42
1981-10-15,40
1981-10-15,43
1981-10-16,40
1981-10-16,40
1981-10-17,35
1981-10-17,30
1981-10-18,30
1981-10-18,30
1981-10-19,30
1981-10-19,20
1981-10-20,20
1981-10-20,20
1981-10-21,25
1981-10-21,27
1981-10-22,15
1981-10-22,12
1981-11-28,21
1981-11-28,20
1981-11-29,21
1981-11-29,21
1981-11-30,24
1981-11-30,20
1981-12-01,22
1981-12-01,20
1981-12-02,17
1981-12-02,19
1981-12-03,20
1981-12-03,20
1981-12-04,22
1981-12-04,22
1981-12-05,22
1981-12-05,21
1981-12-06,22
1981-12-06,23
1981-12-07,24
1981-12-07,25
1981-12-08,30
1981-12-08,30
1981-12-09,34
1981-12-09,35
1981-12-10,39
1981-12-10,40
1981-12-11,43
1981-12-11,48
1981-12-12,49
1981-12-12,52
1981-12-13,56
1981-12-13,60
1981-12-14,60
1981-12-14,58
1981-12-15,61
1981-12-15,61
1981-12-16,66
1981-12-16,62
1981-12-17,68
1981-12-17,70
1981-12-18,70
1981-12-18,72
1981-12-19,72
1981-12-19,76
1981-12-20,78
1981-12-20,78
1981-12-21,80
1981-12-21,80
1981-12-22,80
1981-12-22,84
1981-12-23,89
1981-12-23,90
1981-12-24,89
1981-12-24,90
1981-12-25,95
1981-12-25,97
1981-12-26,100
1981-12-26,105
1981-12-27,110
1981-12-27,112
1981-12-28,118
1981-12-28,120
1981-12-29,125
1981-12-29,130
1981-12-30,134
1981-12-30,138
1981-12-31,144
1981-12-31,145
1982-01-01,155
1982-01-01,155
1982-01-02,159
1982-01-02,160
1982-01-03,165
1982-01-03,168
1982-01-04,171
1982-01-04,175
1982-01-05,175
1982-01-05,179
1982-01-06,189
1982-01-06,190
1982-01-07,195
1982-01-07,197
1982-01-08,202
1982-01-08,206
1982-01-09,210
1982-01-09,218
1982-01-10,226
1982-01-10,230
1982-01-11,235
1982-01-11,240
1982-01-12,245
1982-01-12,248
1982-01-13,255
1982-01-13,258
1982-01-14,263
1982-01-14,267
1982-01-15,273
1982-01-15,275
1982-01-16,278
1982-01-16,280
1982-01-17,286
1982-01-17,288
1982-01-18,292
1982-01-18,294
1982-01-19,298
1982-01-19,303
1982-01-20,306
1982-01-20,310
1982-01-21,315
1982-01-21,317
1982-01-22,320
1982-01-22,322
1982-01-23,327
1982-01-23,330
1982-01-24,340
1982-01-24,344
1982-01-25,349
1982-01-25,354
1982-01-26,355
1982-01-26,360
1982-01-27,363
1982-01-27,364
1982-01-28,370
1982-01-28,375
1982-01-29,375
1982-01-29,372
1982-01-30,382
1982-01-30,383
1982-01-31,385
1982-01-31,388
1982-02-01,393
1982-02-01,392
1982-02-02,400
1982-02-02,402
1982-02-03,407
1982-02-03,410
1982-02-04,413
1982-02-04,414
1982-02-05,416
1982-02-05,415
1982-02-06,420
1982-02-06,423
1982-02-07,429
1982-02-07,430
1982-02-08,435
1982-02-08,438
1982-02-09,441
1982-02-09,442
1982-02-10,445
1982-02-10,446
1982-02-11,449
1982-02-11,452
1982-02-12,455
1982-02-12,454
1982-02-13,460
1982-02-13,465
1982-02-14,470
1982-02-14,472
1982-02-15,472
1982-02-15,473
1982-02-16,479
1982-02-16,480
1982-02-17,483
1982-02-17,485
1982-02-18,485
1982-02-18,488
1982-02-19,484
1982-02-19,484
1982-02-20,487
1982-02-20,487
1982-02-21,492
1982-02-21,492
1982-02-22,494
1982-02-22,495
1982-02-23,498
1982-02-23,498
1982-02-24,500
1982-02-24,500
1982-02-25,504
1982-02-25,506
1982-02-26,508
1982-02-26,510
1982-02-27,511
1982-02-27,511
1982-02-28,513
1982-02-28,513
1982-03-01,515
1982-03-01,516
1982-03-02,520
1982-03-02,523
1982-03-03,526
1982-03-03,528
1982-03-04,528
1982-03-04,528
1982-03-05,530
1982-03-05,530
1982-03-06,532
1982-03-06,534
1982-03-07,539
1982-03-07,539
1982-03-08,544
1982-03-08,544
1982-03-09,547
1982-03-09,547
1982-03-10,548
1982-03-10,548
1982-03-11,550
1982-03-11,551
1982-03-12,552
1982-03-12,553
1982-03-13,555
1982-03-13,556
1982-03-14,559
1982-03-14,560
1982-03-15,561
1982-03-15,563
1982-03-16,563
1982-03-16,564
1982-03-17,566
1982-03-17,566
1982-03-18,566
1982-03-18,566
1982-03-19,566
1982-03-19,570
1982-03-20,570
1982-03-20,570
1982-03-21,572
1982-03-21,572
1982-03-22,572
1982-03-22,572
1982-03-23,575
1982-03-23,575
1982-03-24,577
1982-03-24,577
1982-03-25,578
1982-03-25,579
1982-03-26,580
1982-03-26,580
1982-03-27,582
1982-03-27,582
1982-03-28,583
1982-03-28,583
1982-03-29,584
1982-03-29,584
1982-03-30,586
1982-03-30,588
1982-03-31,594
1982-03-31,596
1982-04-01,600
1982-04-01,602
1982-04-02,604
1982-04-02,606
1982-04-03,607
1982-04-03,608
1982-04-04,610
1982-04-04,610
1982-04-05,612
1982-04-05,614
1982-04-06,615
1982-04-06,618
1982-04-07,620
1982-04-07,620
1982-04-08,623
1982-04-08,623
1982-04-09,626
1982-04-09,628
1982-04-10,630
1982-04-10,632
1982-04-11,633
1982-04-11,637
1982-04-12,646
1982-04-12,648
1982-04-13,650
1982-04-13,652
1982-04-14,654
1982-04-14,656
1982-04-15,658
1982-04-15,660
1982-04-16,662
1982-04-16,663
1982-04-17,666
1982-04-17,668
1982-04-18,668
1982-04-18,669
1982-04-19,670
1982-04-19,671
1982-04-20,671
1982-04-20,671
1982-04-21,672
1982-04-21,671
1982-04-22,672
1982-04-22,672
1982-04-23,674
1982-04-23,674
1982-04-24,675
1982-04-24,676
1982-04-25,678
1982-04-25,680
1982-04-26,683
1982-04-26,686
1982-04-27,687
1982-04-27,690
1982-04-28,694
1982-04-28,696
1982-04-29,702
1982-04-29,705
1982-04-30,707
1982-04-30,712
1982-05-01,714
1982-05-01,715
1982-05-02,719
1982-05-02,722
1982-05-03,724
1982-05-03,726
1982-05-04,730
1982-05-04,733
1982-05-05,735
1982-05-05,759
1982-05-06,741
1982-05-06,743
1982-05-07,743
1982-05-07,745
1982-05-08,746
1982-05-08,747
1982-05-09,748
1982-05-09,750
1982-05-10,751
1982-05-10,752
1982-05-11,752
1982-05-11,755
1982-05-12,754
1982-05-12,756
1982-05-13,754
1982-05-13,754
1982-05-14,755
1982-05-14,755
1982-05-15,754
1982-05-15,754
1982-05-16,754
1982-05-16,754
1982-05-17,752
1982-05-17,752
1982-05-18,752
1982-05-18,751
1982-05-19,750
1982-05-19,750
1982-05-20,749
1982-05-20,748
1982-05-21,747
1982-05-21,746
1982-05-22,747
1982-05-22,747
1982-05-23,746
1982-05-23,746
1982-05-24,746
1982-05-24,746
1982-05-25,747
1982-05-25,748
1982-05-26,749
1982-05-26,750
1982-05-27,750
1982-05-27,751
1982-05-28,752
1982-05-28,755
1982-05-29,755
1982-05-29,756
1982-05-30,757
1982-05-30,758
1982-05-31,758
1982-05-31,759
1982-06-01,760
1982-06-01,760
1982-06-02,760
1982-06-02,760
1982-06-03,760
1982-06-03,760
1982-06-04,760
1982-06-04,761
1982-06-05,760
1982-06-05,761
1982-06-06,760
1982-06-06,760
1982-06-07,759
1982-06-07,760
1982-06-08,759
1982-06-08,760
1982-06-09,759
1982-06-09,759
1982-06-10,758
1982-06-10,757
1982-06-11,756
1982-06-11,756
1982-06-12,756
1982-06-12,756
1982-06-13,756
1982-06-13,755
1982-06-14,752
1982-06-14,752
1982-06-15,750
1982-06-15,750
1982-06-16,748
1982-06-16,746
1982-06-17,746
1982-06-17,744
1982-06-18,742
1982-06-18,742
1982-06-19,740
1982-06-19,738
1982-06-20,737
1982-06-20,736
1982-06-21,734
1982-06-21,732
1982-06-22,732
1982-06-22,730
1982-06-23,730
1982-06-23,729
1982-06-24,729
1982-06-24,727
1982-06-25,726
1982-06-25,726
1982-06-26,725
1982-06-26,724
1982-06-27,720
1982-06-27,721
1982-06-28,721
1982-06-28,720
1982-06-29,719
1982-06-29,717
1982-06-30,716
1982-06-30,714
1982-07-01,714
1982-07-01,712
1982-07-02,711
1982-07-02,709
1982-07-03,708
1982-07-03,706
1982-07-04,706
1982-07-04,704
1982-07-05,704
1982-07-05,703
1982-07-06,702
1982-07-06,702
1982-07-07,700
1982-07-07,700
1982-07-08,698
1982-07-08,697
1982-07-09,696
1982-07-09,695
1982-07-10,694
1982-07-10,694
1982-07-11,692
1982-07-11,696
1982-07-12,689
1982-07-12,687
1982-07-13,686
1982-07-13,686
1982-07-14,685
1982-07-14,682
1982-07-15,679
1982-07-15,677
1982-07-16,676
1982-07-16,672
1982-07-17,670
1982-07-17,668
1982-07-18,666
1982-07-18,665
1982-07-19,664
1982-07-19,660
1982-07-20,658
1982-07-20,656
1982-07-21,654
1982-07-21,652
1982-07-22,650
1982-07-22,650
1982-07-23,648
1982-07-23,646
1982-07-24,644
1982-07-24,642
1982-07-25,641
1982-07-25,639
1982-07-26,638
1982-07-26,638
1982-07-27,636
1982-07-27,636
1982-07-28,633
1982-07-28,631
1982-07-29,630
1982-07-29,628
1982-07-30,626
1982-07-30,624
1982-07-31,622
1982-07-31,620
1982-08-01,616
1982-08-01,614
1982-08-02,612
1982-08-02,608
1982-08-03,606
1982-08-03,606
1982-08-04,602
1982-08-04,598
1982-08-05,596
1982-08-05,592
1982-08-06,590
1982-08-06,588
1982-08-07,586
1982-08-07,582
1982-08-08,582
1982-08-08,579
1982-08-09,576
1982-08-09,574
1982-08-10,572
1982-08-10,570
1982-08-11,568
1982-08-11,566
1982-08-12,562
1982-08-12,559
1982-08-13,556
1982-08-13,554
1982-08-14,551
1982-08-14,549
1982-08-15,547
1982-08-15,545
1982-08-16,542
1982-08-16,539
1982-08-17,536
1982-08-17,534
1982-08-18,531
1982-08-18,528
1982-08-19,527
1982-08-19,524
1982-08-20,522
1982-08-20,519
1982-08-21,517
1982-08-21,514
1982-08-22,513
1982-08-22,510
1982-08-23,509
1982-08-23,506
1982-08-24,504
1982-08-24,502
1982-08-25,499
1982-08-25,496
1982-08-26,494
1982-08-26,490
1982-08-27,487
1982-08-27,485
1982-08-28,480
1982-08-28,476
1982-08-29,473
1982-08-29,469
1982-08-30,466
1982-08-30,462
1982-08-31,459
1982-08-31,455
1982-09-01,452
1982-09-01,448
1982-09-02,445
1982-09-02,441
1982-09-03,440
1982-09-03,438
1982-09-04,435
1982-09-04,431
1982-09-05,429
1982-09-05,426
1982-09-06,424
1982-09-06,422
1982-09-07,420
1982-09-07,416
1982-09-08,414
1982-09-08,410
1982-09-09,408
1982-09-09,404
1982-09-10,402
1982-09-10,398
1982-09-11,396
1982-09-11,390
1982-09-12,387
1982-09-12,383
1982-09-13,380
1982-09-13,375
1982-09-14,372
1982-09-14,368
1982-09-15,364
1982-09-15,359
1982-09-16,356
1982-09-16,351
1982-09-17,348
1982-09-17,344
1982-09-18,342
1982-09-18,338
1982-09-19,336
1982-09-19,332
1982-09-20,329
1982-09-20,326
1982-09-21,322
1982-09-21,320
1982-09-22,314
1982-09-22,310
1982-09-23,306
1982-09-23,302
1982-09-24,297
1982-09-24,292
1982-09-25,287
1982-09-25,282
1982-09-26,278
1982-09-26,274
1982-09-27,272
1982-09-27,267
1982-09-28,262
1982-09-28,256
1982-09-29,248
1982-09-29,245
1982-09-30,238
1982-09-30,234
1982-10-01,232
1982-10-01,228
1982-10-02,224
1982-10-02,220
1982-10-03,218
1982-10-03,214
1982-10-04,212
1982-10-04,208
1982-10-05,206
1982-10-05,201
1982-10-06,198
1982-10-06,196
1982-10-07,194
1982-10-07,189
1982-10-08,184
1982-10-08,180
1982-10-09,178
1982-10-09,172
1982-10-10,170
1982-10-10,166
1982-10-11,162
1982-10-11,157
1982-10-12,152
1982-10-12,146
1982-10-13,144
1982-10-13,140
1982-10-14,137
1982-10-14,133
1982-10-15,130
1982-10-15,126
1982-10-16,124
1982-10-16,122
1982-10-17,121
1982-10-17,118
1982-10-18,118
1982-10-18,115
1982-10-19,114
1982-10-19,111
1982-10-20,110
1982-10-20,106
1982-10-21,104
1982-10-21,100
1982-10-22,98
1982-10-22,95
1982-10-23,94
1982-10-23,90
1982-10-24,86
1982-10-24,82
1982-10-25,80
1982-10-25,76
1982-10-26,73
1982-10-26,70
1982-10-27,68
1982-10-27,64
1982-10-28,62
1982-10-28,59
1982-10-29,58
1982-10-29,55
1982-10-30,54
1982-10-30,52
1982-10-31,52
1982-10-31,54
1982-11-01,54
1982-11-01,55
1982-11-02,56
1982-11-02,57
1982-11-03,59
1982-11-03,60
1982-11-04,62
1982-11-04,60
1982-11-05,62
1982-11-05,59
1982-11-06,59
1982-11-06,56
1982-11-07,57
1982-11-07,55
1982-11-08,54
1982-11-08,54
1982-11-09,55
1982-11-09,54
1982-11-10,54
1982-11-10,55
1982-11-11,54
1982-11-11,54
1982-11-12,56
1982-11-12,57
1982-11-13,60
1982-11-13,58
1982-11-14,62
1982-11-14,62
1982-11-15,63
1982-11-15,63
1982-11-16,66
1982-11-16,64
1982-11-17,67
1982-11-17,66
1982-11-18,71
1982-11-18,68
1982-11-19,72
1982-11-19,68
1982-11-20,70
1982-11-20,67
1982-11-21,69
1982-11-21,67
1982-11-22,68
1982-11-22,67
1982-11-23,68
1982-11-23,67
1982-11-24,68
1982-11-24,66
1982-11-25,67
1982-11-25,66
1982-11-26,68
1982-11-26,70
1982-11-27,72
1982-11-27,74
1982-11-28,76
1982-11-28,77
1982-11-29,79
1982-11-29,82
1982-11-30,86
1982-11-30,88
1982-12-01,90
1982-12-01,92
1982-12-02,98
1982-12-02,101
1982-12-03,105
1982-12-03,108
1982-12-04,113
1982-12-04,115
1982-12-05,118
1982-12-05,118
1982-12-06,121
1982-12-06,123
1982-12-07,125
1982-12-07,124
1982-12-08,126
1982-12-08,126
1982-12-09,130
1982-12-09,132
1982-12-10,135
1982-12-10,136
1982-12-11,138
1982-12-11,140
1982-12-12,142
1982-12-12,243
1982-12-13,246
1982-12-13,246
1982-12-14,230
1982-12-14,251
1982-12-15,255
1982-12-15,255
1982-12-16,258
1982-12-16,260
1982-12-17,264
1982-12-17,266
1982-12-18,268
1982-12-18,266
1982-12-19,270
1982-12-19,268
1982-12-20,272
1982-12-20,272
1982-12-21,276
1982-12-21,277
1982-12-22,278
1982-12-22,278
1982-12-23,281
1982-12-23,282
1982-12-24,284
1982-12-24,284
1982-12-25,288
1982-12-25,290
1982-12-26,296
1982-12-26,298
1982-12-27,298
1982-12-27,300
1982-12-28,305
1982-12-28,308
1982-12-29,311
1982-12-29,314
1982-12-30,318
1982-12-30,320
1982-12-31,323
1982-12-31,325
1983-01-01,329
1983-01-01,330
1983-01-02,335
1983-01-02,337
1983-01-03,341
1983-01-03,342
1983-01-04,348
1983-01-04,348
1983-01-05,354
1983-01-05,354
1983-01-06,356
1983-01-06,358
1983-01-07,361
1983-01-07,362
1983-01-08,366
1983-01-08,368
1983-01-09,369
1983-01-09,369
1983-01-10,370
1983-01-10,371
1983-01-11,373
1983-01-11,374
1983-01-12,375
1983-01-12,376
1983-01-13,378
1983-01-13,378
1983-01-14,381
1983-01-14,381
1983-01-15,383
1983-01-15,383
1983-01-16,384
1983-01-16,384
1983-01-17,387
1983-01-17,388
1983-01-18,389
1983-01-18,389
1983-01-19,390
1983-01-19,392
1983-01-20,394
1983-01-20,394
1983-01-21,396
1983-01-21,396
1983-01-22,397
1983-01-22,397
1983-01-23,398
1983-01-23,398
1983-01-24,399
1983-01-24,399
1983-01-25,401
1983-01-25,401
1983-01-26,402
1983-01-26,404
1983-01-27,408
1983-01-27,409
1983-01-28,409
1983-01-28,410
1983-01-29,413
1983-01-29,414
1983-01-30,418
1983-01-30,419
1983-01-31,421
1983-01-31,425
1983-02-01,426
1983-02-01,426
1983-02-02,428
1983-02-02,430
1983-02-03,432
1983-02-03,431
1983-02-04,433
1983-02-04,433
1983-02-05,434
1983-02-05,434
1983-02-06,434
1983-02-06,435
1983-02-07,436
1983-02-07,436
1983-02-08,437
1983-02-08,437
1983-02-09,438
1983-02-09,438
1983-02-10,439
1983-02-10,439
1983-02-11,439
1983-02-11,439
1983-02-12,443
1983-02-12,444
1983-02-13,446
1983-02-13,447
1983-02-14,449
1983-02-14,449
1983-02-15,451
1983-02-15,450
1983-02-16,452
1983-02-16,453
1983-02-17,455
1983-02-17,454
1983-02-18,456
1983-02-18,456
1983-02-19,458
1983-02-19,458
1983-02-20,459
1983-02-20,460
1983-02-21,462
1983-02-21,462
1983-02-22,464
1983-02-22,462
1983-02-23,465
1983-02-23,463
1983-02-24,466
1983-02-24,465
1983-02-25,465
1983-02-25,463
1983-02-26,466
1983-02-26,465
1983-02-27,468
1983-02-27,466
1983-02-28,469
1983-02-28,468
1983-03-01,471
1983-03-01,469
1983-03-02,472
1983-03-02,471
1983-03-03,473
1983-03-03,471
1983-03-04,473
1983-03-04,472
1983-03-05,473
1983-03-05,472
1983-03-06,473
1983-03-06,472
1983-03-07,472
1983-03-07,473
1983-03-08,476
1983-03-08,475
1983-03-09,474
1983-03-09,471
1983-03-10,472
1983-03-10,469
1983-03-11,469
1983-03-11,466
1983-03-12,467
1983-03-12,466
1983-03-13,467
1983-03-13,466
1983-03-14,468
1983-03-14,466
1983-03-15,468
1983-03-15,467
1983-03-16,468
1983-03-16,468
1983-03-17,470
1983-03-17,470
1983-03-18,471
1983-03-18,469
1983-03-19,472
1983-03-19,471
1983-03-20,474
1983-03-20,475
1983-03-21,479
1983-03-21,478
1983-03-22,479
1983-03-22,478
1983-03-23,478
1983-03-23,478
1983-03-24,481
1983-03-24,481
1983-03-25,482
1983-03-25,483
1983-03-26,486
1983-03-26,490
1983-03-27,492
1983-03-27,495
1983-03-28,498
1983-03-28,500
1983-03-29,502
1983-03-29,504
1983-03-30,508
1983-03-30,510
1983-03-31,515
1983-03-31,518
1983-04-01,521
1983-04-01,521
1983-04-02,521
1983-04-02,524
1983-04-03,527
1983-04-03,527
1983-04-04,529
1983-04-04,530
1983-04-05,531
1983-04-05,532
1983-04-06,534
1983-04-06,535
1983-04-07,536
1983-04-07,536
1983-04-08,538
1983-04-08,538
1983-04-09,540
1983-04-09,540
1983-04-10,542
1983-04-10,543
1983-04-11,546
1983-04-11,547
1983-04-12,548
1983-04-12,549
1983-04-13,550
1983-04-13,550
1983-04-14,552
1983-04-14,552
1983-04-15,555
1983-04-15,554
1983-04-16,558
1983-04-16,558
1983-04-17,560
1983-04-17,561
1983-04-18,564
1983-04-18,565
1983-04-19,567
1983-04-19,567
1983-04-20,569
1983-04-20,569
1983-04-21,570
1983-04-21,568
1983-04-22,570
1983-04-22,570
1983-04-23,573
1983-04-23,574
1983-04-24,576
1983-04-24,578
1983-04-25,579
1983-04-25,578
1983-04-26,581
1983-04-26,580
1983-04-27,584
1983-04-27,583
1983-04-28,586
1983-04-28,585
1983-04-29,586
1983-04-29,586
1983-04-30,587
1983-04-30,587
1983-05-01,588
1983-05-01,587
1983-05-02,588
1983-05-02,587
1983-05-03,584
1983-05-03,586
1983-05-04,587
1983-05-04,587
1983-05-05,588
1983-05-05,586
1983-05-06,587
1983-05-06,585
1983-05-07,587
1983-05-07,585
1983-05-08,586
1983-05-08,586
1983-05-09,586
1983-05-09,584
1983-05-10,587
1983-05-10,586
1983-05-11,589
1983-05-11,590
1983-05-12,592
1983-05-12,591
1983-05-13,594
1983-05-13,594
1983-05-14,596
1983-05-14,597
1983-05-15,599
1983-05-15,600
1983-05-16,601
1983-05-16,601
1983-05-17,603
1983-05-17,602
1983-05-18,604
1983-05-18,604
1983-05-19,605
1983-05-19,606
1983-05-20,606
1983-05-20,607
1983-05-21,608
1983-05-21,606
1983-05-22,607
1983-05-22,606
1983-05-23,608
1983-05-23,607
1983-05-24,608
1983-05-24,608
1983-05-25,609
1983-05-25,608
1983-05-26,610
1983-05-26,610
1983-05-27,611
1983-05-27,612
1983-05-28,613
1983-05-28,613
1983-05-29,614
1983-05-29,614
1983-05-30,616
1983-05-30,615
1983-05-31,616
1983-05-31,615
1983-06-01,616
1983-06-01,615
1983-06-02,615
1983-06-02,614
1983-06-03,615
1983-06-03,614
1983-06-04,615
1983-06-04,613
1983-06-05,614
1983-06-05,612
1983-06-06,612
1983-06-06,611
1983-06-07,611
1983-06-07,610
1983-06-08,610
1983-06-08,609
1983-06-09,608
1983-06-09,607
1983-06-10,608
1983-06-10,607
1983-06-11,608
1983-06-11,608
1983-06-12,609
1983-06-12,610
1983-06-13,610
1983-06-13,609
1983-06-14,610
1983-06-14,609
1983-06-15,610
1983-06-15,608
1983-06-16,610
1983-06-16,610
1983-06-17,612
1983-06-17,611
1983-06-18,612
1983-06-18,611
1983-06-19,611
1983-06-19,611
1983-06-20,610
1983-06-20,609
1983-06-21,608
1983-06-21,605
1983-06-22,606
1983-06-22,604
1983-06-23,604
1983-06-23,603
1983-06-24,602
1983-06-24,601
1983-06-25,601
1983-06-25,598
1983-06-26,598
1983-06-26,595
1983-06-27,596
1983-06-27,594
1983-06-28,594
1983-06-28,591
1983-06-29,591
1983-06-29,589
1983-06-30,588
1983-06-30,586
1983-07-01,586
1983-07-01,584
1983-07-02,583
1983-07-02,581
1983-07-03,580
1983-07-03,578
1983-07-04,578
1983-07-04,576
1983-07-05,574
1983-07-05,574
1983-07-06,571
1983-07-06,568
1983-07-07,566
1983-07-07,564
1983-07-08,564
1983-07-08,562
1983-07-09,561
1983-07-09,559
1983-07-10,558
1983-07-10,556
1983-07-11,556
1983-07-11,554
1983-07-12,553
1983-07-12,551
1983-07-13,551
1983-07-13,549
1983-07-14,549
1983-07-14,546
1983-07-15,546
1983-07-15,544
1983-07-16,544
1983-07-16,542
1983-07-17,541
1983-07-17,539
1983-07-18,538
1983-07-18,535
1983-07-19,535
1983-07-19,531
1983-07-20,531
1983-07-20,528
1983-07-21,526
1983-07-21,523
1983-07-22,521
1983-07-22,518
1983-07-23,518
1983-07-23,515
1983-07-24,514
1983-07-24,510
1983-07-25,509
1983-07-25,505
1983-07-26,505
1983-07-26,502
1983-07-27,500
1983-07-27,496
1983-07-28,494
1983-07-28,491
1983-07-29,489
1983-07-29,485
1983-07-30,483
1983-07-30,480
1983-07-31,478
1983-07-31,474
1983-08-01,472
1983-08-01,467
1983-08-02,464
1983-08-02,461
1983-08-03,458
1983-08-03,454
1983-08-04,450
1983-08-04,446
1983-08-05,443
1983-08-05,439
1983-08-06,435
1983-08-06,431
1983-08-07,428
1983-08-07,425
1983-08-08,421
1983-08-08,418
1983-08-09,414
1983-08-09,410
1983-08-10,407
1983-08-10,402
1983-08-11,400
1983-08-11,396
1983-08-12,392
1983-08-12,390
1983-08-13,385
1983-08-13,380
1983-08-14,375
1983-08-14,372
1983-08-15,368
1983-08-15,362
1983-08-16,359
1983-08-16,354
1983-08-17,347
1983-08-17,342
1983-08-18,336
1983-08-18,332
1983-08-19,326
1983-08-19,320
1983-08-20,315
1983-08-20,310
1983-08-21,308
1983-08-21,303
1983-08-22,300
1983-08-22,300
1983-08-23,292
1983-08-23,289
1983-08-24,286
1983-08-24,281
1983-08-25,281
1983-08-25,277
1983-08-26,274
1983-08-26,270
1983-08-27,269
1983-08-27,264
1983-08-28,263
1983-08-28,258
1983-08-29,256
1983-08-29,251
1983-08-30,248
1983-08-30,244
1983-08-31,238
1983-08-31,234
1983-09-01,230
1983-09-01,226
1983-09-02,221
1983-09-02,216
1983-09-03,212
1983-09-03,208
1983-09-04,205
1983-09-04,202
1983-09-05,200
1983-09-05,197
1983-09-06,197
1983-09-06,192
1983-09-07,196
1983-09-07,193
1983-09-08,195
1983-09-08,194
1983-09-09,194
1983-09-09,192
1983-09-10,192
1983-09-10,188
1983-09-11,190
1983-09-11,187
1983-09-12,186
1983-09-12,182
1983-09-13,180
1983-09-13,178
1983-09-14,174
1983-09-14,170
1983-09-15,169
1983-09-15,164
1983-09-16,163
1983-09-16,161
1983-09-17,158
1983-09-17,155
1983-09-18,153
1983-09-18,150
1983-09-19,151
1983-09-19,149
1983-09-20,149
1983-09-20,147
1983-09-21,148
1983-09-21,145
1983-09-22,149
1983-09-22,149
1983-09-23,152
1983-09-23,152
1983-09-24,152
1983-09-24,150
1983-09-25,153
1983-09-25,153
1983-09-26,152
1983-09-26,149
1983-09-27,150
1983-09-27,148
1983-09-28,148
1983-09-28,144
1983-09-29,145
1983-09-29,141
1983-09-30,140
1983-09-30,138
1983-10-01,137
1983-10-01,135
1983-10-02,136
1983-10-02,136
1983-10-03,137
1983-10-03,136
1983-10-04,134
1983-10-04,136
1983-10-05,135
1983-10-05,134
1983-10-06,135
1983-10-06,135
1983-10-07,139
1983-10-07,138
1983-10-08,140
1983-10-08,138
1983-10-09,142
1983-10-09,139
1983-10-10,140
1983-10-10,135
1983-10-11,133
1983-10-11,128
1983-10-12,124
1983-10-12,119
1983-10-13,116
1983-10-13,111
1983-10-14,108
1983-10-14,103
1983-10-15,100
1983-10-18,80
1983-10-18,79
1983-10-19,78
1983-10-19,77
1983-10-20,76
1983-10-20,75
1983-10-21,77
1983-10-21,76
1983-10-22,78
1983-10-22,79
1983-10-23,79
1983-10-23,76
1983-10-24,79
1983-10-24,78
1983-10-25,80
1983-10-25,76
1983-10-26,73
1983-10-26,72
1983-10-27,72
1983-10-27,71
1983-10-28,69
1983-10-28,69
1983-10-29,70
1983-10-29,68
1983-10-30,67
1983-10-30,67
1983-10-31,66
1983-10-31,66
1983-11-01,69
1983-11-01,74
1983-11-02,74
1983-11-02,76
1983-11-03,80
1983-11-03,83
1983-11-04,85
1983-11-04,87
1983-11-05,88
1983-11-05,90
1983-11-06,92
1983-11-06,93
1983-11-07,97
1983-11-07,95
1983-11-08,96
1983-11-08,94
1983-11-09,95
1983-11-09,93
1983-11-10,94
1983-11-10,92
1983-11-11,93
1983-11-11,91
1983-11-12,92
1983-11-12,90
1983-11-13,91
1983-11-13,91
1983-11-14,91
1983-11-14,92
1983-11-15,93
1983-11-15,95
1983-11-16,98
1983-11-16,100
1983-11-17,105
1983-11-17,107
1983-11-18,109
1983-11-18,111
1983-11-19,115
1983-11-19,117
1983-11-20,122
1983-11-20,125
1983-11-21,128
1983-11-21,130
1983-11-22,135
1983-11-22,137
1983-11-23,139
1983-11-23,140
1983-11-24,142
1983-11-24,141
1983-11-25,143
1983-11-25,143
1983-11-26,143
1983-11-26,144
1983-11-27,145
1983-11-27,146
1983-11-28,148
1983-11-28,149
1983-11-29,150
1983-11-29,152
1983-11-30,153
1983-11-30,155
1983-12-01,155
1983-12-01,156
1983-12-02,157
1983-12-02,159
1983-12-03,161
1983-12-03,162
1983-12-04,167
1983-12-04,169
1983-12-05,169
1983-12-05,169
1983-12-06,172
1983-12-06,172
1983-12-07,171
1983-12-07,169
1983-12-08,172
1983-12-08,170
1983-12-09,171
1983-12-09,169
1983-12-10,170
1983-12-10,170
1983-12-11,168
1983-12-11,168
1983-12-12,171
1983-12-12,169
1983-12-13,169
1983-12-13,168
1983-12-14,170
1983-12-14,170
1983-12-15,173
1983-12-15,176
1983-12-16,180
1983-12-16,183
1983-12-17,184
1983-12-17,187
1983-12-18,191
1983-12-18,194
1983-12-19,199
1983-12-19,202
1983-12-20,206
1983-12-20,210
1983-12-21,215
1983-12-21,219
1983-12-22,223
1983-12-22,225
1983-12-23,229
1983-12-23,230
1983-12-24,233
1983-12-24,235
1983-12-25,237
1983-12-25,238
1983-12-26,241
1983-12-26,244
1983-12-27,247
1983-12-27,250
1983-12-28,254
1983-12-28,256
1983-12-29,257
1983-12-29,257
1983-12-30,260
1983-12-30,262
1983-12-31,263
1983-12-31,265
1984-01-01,268
1984-01-01,269
1984-01-02,275
1984-01-02,278
1984-01-03,280
1984-01-03,280
1984-01-04,282
1984-01-04,284
1984-01-05,286
1984-01-05,288
1984-01-06,293
1984-01-06,295
1984-01-07,298
1984-01-07,300
1984-01-08,304
1984-01-08,306
1984-01-09,311
1984-01-09,313
1984-01-10,314
1984-01-10,316
1984-01-11,318
1984-01-11,320
1984-01-12,324
1984-01-12,324
1984-01-13,328
1984-01-13,330
1984-01-14,335
1984-01-14,335
1984-01-15,340
1984-01-15,342
1984-01-16,347
1984-01-16,349
1984-01-17,355
1984-01-17,357
1984-01-18,364
1984-01-18,367
1984-01-19,372
1984-01-19,375
1984-01-20,381
1984-01-20,385
1984-01-21,389
1984-01-21,392
1984-01-22,398
1984-01-22,399
1984-01-23,404
1984-01-23,405
1984-01-24,412
1984-01-24,414
1984-01-25,417
1984-01-25,420
1984-01-26,422
1984-01-26,422
1984-01-27,425
1984-01-27,425
1984-01-28,424
1984-01-28,424
1984-01-29,426
1984-01-29,426
1984-01-30,427
1984-01-30,428
1984-01-31,429
1984-01-31,430
1984-02-01,431
1984-02-01,431
1984-02-02,435
1984-02-02,435
1984-02-03,437
1984-02-03,440
1984-02-04,441
1984-02-04,442
1984-02-05,443
1984-02-05,444
1984-02-06,446
1984-02-06,447
1984-02-07,448
1984-02-07,448
1984-02-08,451
1984-02-08,452
1984-02-09,454
1984-02-09,456
1984-02-10,460
1984-02-10,465
1984-02-11,463
1984-02-11,464
1984-02-12,464
1984-02-12,465
1984-02-13,470
1984-02-13,474
1984-02-14,476
1984-02-14,476
1984-02-15,479
1984-02-15,480
1984-02-16,484
1984-02-16,485
1984-02-17,488
1984-02-17,489
1984-02-18,492
1984-02-18,495
1984-02-19,497
1984-02-19,498
1984-02-20,501
1984-02-20,503
1984-02-21,507
1984-02-21,510
1984-02-22,513
1984-02-22,515
1984-02-23,517
1984-02-23,518
1984-02-24,521
1984-02-24,522
1984-02-25,524
1984-02-25,526
1984-02-26,529
1984-02-26,529
1984-02-27,531
1984-02-27,532
1984-02-28,534
1984-02-28,534
1984-02-29,535
1984-02-29,536
1984-03-01,539
1984-03-01,542
1984-03-02,546
1984-03-02,550
1984-03-03,551
1984-03-03,552
1984-03-04,556
1984-03-04,556
1984-03-05,558
1984-03-05,559
1984-03-06,566
1984-03-06,571
1984-03-07,575
1984-03-07,577
1984-03-08,579
1984-03-08,581
1984-03-09,582
1984-03-09,584
1984-03-10,585
1984-03-10,585
1984-03-11,587
1984-03-11,587
1984-03-12,587
1984-03-12,587
1984-03-13,595
1984-03-13,598
1984-03-14,600
1984-03-14,600
1984-03-15,601
1984-03-15,601
1984-03-16,603
1984-03-16,603
1984-03-17,604
1984-03-17,604
1984-03-18,606
1984-03-18,606
1984-03-19,608
1984-03-19,610
1984-03-20,614
1984-03-20,618
1984-03-21,622
1984-03-21,624
1984-03-22,629
1984-03-22,631
1984-03-23,633
1984-03-23,635
1984-03-24,637
1984-03-24,639
1984-03-25,641
1984-03-25,641
1984-03-26,641
1984-03-26,641
1984-03-27,642
1984-03-27,642
1984-03-28,642
1984-03-28,642
1984-03-29,643
1984-03-29,642
1984-03-30,644
1984-03-30,644
1984-03-31,647
1984-03-31,648
1984-04-01,653
1984-04-01,657
1984-04-02,661
1984-04-02,662
1984-04-03,665
1984-04-03,665
1984-04-04,664
1984-04-04,664
1984-04-05,666
1984-04-05,666
1984-04-06,666
1984-04-06,666
1984-04-07,668
1984-04-07,669
1984-04-08,670
1984-04-08,670
1984-04-09,670
1984-04-09,669
1984-04-10,670
1984-04-10,670
1984-04-11,671
1984-04-11,671
1984-04-12,670
1984-04-12,670
1984-04-13,671
1984-04-13,671
1984-04-14,676
1984-04-14,678
1984-04-15,679
1984-04-15,682
1984-04-16,685
1984-04-16,687
1984-04-17,690
1984-04-17,692
1984-04-18,695
1984-04-18,697
1984-04-19,700
1984-04-19,702
1984-04-20,704
1984-04-20,706
1984-04-21,708
1984-04-21,709
1984-04-22,711
1984-04-22,711
1984-04-23,715
1984-04-23,716
1984-04-24,718
1984-04-24,720
1984-04-25,722
1984-04-25,724
1984-04-26,725
1984-04-26,726
1984-04-27,733
1984-04-27,735
1984-04-28,738
1984-04-28,740
1984-04-29,742
1984-04-29,744
1984-04-30,749
1984-04-30,752
1984-05-01,754
1984-05-01,755
1984-05-02,758
1984-05-02,760
1984-05-03,762
1984-05-03,763
1984-05-04,765
1984-05-04,765
1984-05-05,762
1984-05-05,762
1984-05-06,762
1984-05-06,764
1984-05-07,766
1984-05-07,768
1984-05-08,769
1984-05-08,770
1984-05-09,773
1984-05-09,774
1984-05-10,775
1984-05-10,777
1984-05-11,778
1984-05-11,778
1984-05-12,780
1984-05-12,780
1984-05-13,781
1984-05-13,782
1984-05-14,782
1984-05-14,782
1984-05-15,782
1984-05-15,783
1984-05-16,786
1984-05-16,788
1984-05-17,788
1984-05-17,790
1984-05-18,791
1984-05-18,790
1984-05-19,792
1984-05-19,793
1984-05-20,793
1984-05-20,793
1984-05-21,792
1984-05-21,792
1984-05-22,792
1984-05-22,792
1984-05-23,796
1984-05-23,796
1984-05-24,796
1984-05-24,797
1984-05-25,797
1984-05-25,797
1984-05-26,797
1984-05-26,798
1984-05-27,798
1984-05-27,799
1984-05-28,799
1984-05-28,799
1984-05-29,799
1984-05-29,799
1984-05-30,798
1984-05-30,799
1984-05-31,798
1984-05-31,798
1984-06-01,798
1984-06-01,798
1984-06-02,797
1984-06-02,796
1984-06-03,795
1984-06-03,795
1984-06-04,794
1984-06-04,794
1984-06-05,792
1984-06-05,791
1984-06-06,789
1984-06-06,788
1984-06-07,787
1984-06-07,786
1984-06-08,786
1984-06-08,786
1984-06-09,785
1984-06-09,785
1984-06-10,784
1984-06-10,784
1984-06-11,784
1984-06-11,784
1984-06-12,783
1984-06-12,783
1984-06-13,782
1984-06-13,782
1984-06-14,781
1984-06-14,781
1984-06-15,779
1984-06-15,777
1984-06-16,776
1984-06-16,775
1984-06-17,774
1984-06-17,772
1984-06-18,771
1984-06-18,769
1984-06-19,768
1984-06-19,768
1984-06-20,766
1984-06-20,765
1984-06-21,763
1984-06-21,762
1984-06-22,762
1984-06-22,760
1984-06-23,761
1984-06-23,758
1984-06-24,758
1984-06-24,757
1984-06-25,756
1984-06-25,755
1984-06-26,753
1984-06-26,752
1984-06-27,751
1984-06-27,749
1984-06-28,748
1984-06-28,746
1984-06-29,746
1984-06-29,745
1984-06-30,744
1984-06-30,744
1984-07-01,744
1984-07-01,743
1984-07-02,744
1984-07-02,744
1984-07-03,745
1984-07-03,745
1984-07-04,746
1984-07-04,745
1984-07-05,746
1984-07-05,747
1984-07-06,746
1984-07-06,746
1984-07-07,746
1984-07-07,745
1984-07-08,744
1984-07-08,743
1984-07-09,743
1984-07-09,742
1984-07-10,740
1984-07-10,740
1984-07-11,738
1984-07-11,737
1984-07-12,736
1984-07-12,734
1984-07-13,734
1984-07-13,733
1984-07-14,733
1984-07-14,732
1984-07-15,732
1984-07-15,731
1984-07-16,731
1984-07-16,730
1984-07-17,730
1984-07-17,730
1984-07-18,728
1984-07-18,728
1984-07-19,728
1984-07-19,728
1984-07-20,729
1984-07-20,729
1984-07-21,727
1984-07-21,725
1984-07-22,724
1984-07-22,723
1984-07-23,720
1984-07-23,718
1984-07-24,716
1984-07-24,715
1984-07-25,712
1984-07-25,710
1984-07-26,709
1984-07-26,708
1984-07-27,706
1984-07-27,704
1984-07-28,702
1984-07-28,700
1984-07-29,699
1984-07-29,697
1984-07-30,696
1984-07-30,694
1984-07-31,693
1984-07-31,691
1984-08-01,689
1984-08-01,687
1984-08-02,685
1984-08-02,684
1984-08-03,682
1984-08-03,681
1984-08-04,679
1984-08-04,676
1984-08-05,675
1984-08-05,672
1984-08-06,670
1984-08-06,668
1984-08-07,665
1984-08-07,662
1984-08-08,660
1984-08-08,658
1984-08-09,655
1984-08-09,652
1984-08-10,650
1984-08-10,648
1984-08-11,646
1984-08-11,643
1984-08-12,640
1984-08-12,638
1984-08-13,637
1984-08-13,634
1984-08-14,632
1984-08-14,630
1984-08-15,629
1984-08-15,627
1984-08-16,624
1984-08-16,622
1984-08-17,621
1984-08-17,619
1984-08-18,618
1984-08-18,615
1984-08-19,614
1984-08-19,612
1984-08-20,610
1984-08-20,608
1984-08-21,606
1984-08-21,604
1984-08-22,602
1984-08-22,599
1984-08-23,596
1984-08-23,593
1984-08-24,590
1984-08-24,587
1984-08-25,583
1984-08-25,580
1984-08-26,577
1984-08-26,573
1984-08-27,571
1984-08-27,569
1984-08-28,566
1984-08-28,564
1984-08-29,562
1984-08-29,560
1984-08-30,558
1984-08-30,556
1984-08-31,555
1984-08-31,554
1984-09-01,551
1984-09-01,550
1984-09-02,548
1984-09-02,544
1984-09-03,542
1984-09-03,538
1984-09-04,536
1984-09-04,533
1984-09-05,532
1984-09-05,530
1984-09-06,528
1984-09-06,525
1984-09-07,522
1984-09-07,519
1984-09-08,516
1984-09-08,514
1984-09-09,512
1984-09-09,509
1984-09-10,507
1984-09-10,504
1984-09-11,501
1984-09-11,497
1984-09-12,494
1984-09-12,490
1984-09-13,487
1984-09-13,484
1984-09-14,481
1984-09-14,478
1984-09-15,475
1984-09-15,471
1984-09-16,469
1984-09-16,466
1984-09-17,463
1984-09-17,460
1984-09-18,456
1984-09-18,453
1984-09-19,449
1984-09-19,445
1984-09-20,442
1984-09-20,439
1984-09-21,434
1984-09-21,430
1984-09-22,427
1984-09-22,424
1984-09-23,420
1984-09-23,417
1984-09-24,413
1984-09-24,412
1984-09-25,409
1984-09-25,406
1984-09-26,403
1984-09-26,400
1984-09-27,398
1984-09-27,394
1984-09-28,393
1984-09-28,391
1984-09-29,389
1984-09-29,386
1984-09-30,383
1984-09-30,378
1984-10-01,375
1984-10-01,371
1984-10-02,367
1984-10-02,362
1984-10-03,358
1984-10-03,353
1984-10-04,349
1984-10-04,344
1984-10-05,340
1984-10-05,336
1984-10-06,331
1984-10-06,327
1984-10-07,322
1984-10-07,318
1984-10-08,317
1984-10-08,314
1984-10-09,311
1984-10-09,308
1984-10-10,307
1984-10-10,304
1984-10-11,302
1984-10-11,298
1984-10-12,297
1984-10-12,294
1984-10-13,291
1984-10-13,288
1984-10-14,285
1984-10-14,282
1984-10-15,279
1984-10-15,275
1984-10-16,271
1984-10-16,266
1984-10-17,264
1984-10-17,261
1984-10-18,257
1984-10-18,253
1984-10-19,250
1984-10-19,246
1984-10-20,243
1984-10-20,239
1984-10-21,237
1984-10-21,234
1984-10-22,232
1984-10-22,229
1984-10-23,228
1984-10-23,227
1984-10-24,226
1984-10-24,225
1984-10-25,224
1984-10-25,222
1984-10-26,224
1984-10-26,224
1984-10-27,224
1984-10-27,223
1984-10-28,221
1984-10-28,220
1984-10-29,218
1984-10-29,215
1984-10-30,212
1984-10-30,210
1984-10-31,211
1984-10-31,208
1984-11-01,207
1984-11-01,204
1984-11-02,200
1984-11-02,200
1984-11-03,198
1984-11-03,197
1984-11-04,197
1984-11-04,198
1984-11-05,198
1984-11-05,197
1984-11-06,200
1984-11-06,200
1984-11-07,202
1984-11-07,202
1984-11-08,205
1984-11-08,205
1984-11-09,209
1984-11-09,210
1984-11-10,211
1984-11-10,210
1984-11-11,213
1984-11-11,211
1984-11-12,214
1984-11-12,213
1984-11-13,217
1984-11-13,218
1984-11-14,220
1984-11-14,220
1984-11-15,221
1984-11-15,221
1984-11-16,221
1984-11-16,221
1984-11-17,220
1984-11-17,219
1984-11-18,221
1984-11-18,222
1984-11-19,225
1984-11-19,225
1984-11-20,227
1984-11-20,228
1984-11-21,230
1984-11-21,230
1984-11-22,233
1984-11-22,234
1984-11-23,238
1984-11-23,237
1984-11-24,239
1984-11-24,239
1984-11-25,240
1984-11-25,240
1984-11-26,242
1984-11-26,239
1984-11-27,239
1984-11-27,238
1984-11-28,238
1984-11-28,237
1984-11-29,236
1984-11-29,234
1984-11-30,234
1984-11-30,232
1984-12-01,230
1984-12-01,228
1984-12-02,228
1984-12-02,227
1984-12-03,227
1984-12-03,226
1984-12-04,227
1984-12-04,226
1984-12-05,225
1984-12-05,226
1984-12-06,227
1984-12-06,227
1984-12-07,228
1984-12-07,228
1984-12-08,230
1984-12-08,232
1984-12-09,233
1984-12-09,234
1984-12-10,236
1984-12-10,237
1984-12-11,239
1984-12-11,240
1984-12-12,243
1984-12-12,245
1984-12-13,246
1984-12-13,246
1984-12-14,249
1984-12-14,251
1984-12-15,252
1984-12-15,252
1984-12-16,255
1984-12-16,257
1984-12-17,259
1984-12-17,260
1984-12-18,264
1984-12-18,265
1984-12-19,269
1984-12-19,270
1984-12-20,274
1984-12-20,278
1984-12-21,280
1984-12-21,284
1984-12-22,289
1984-12-22,292
1984-12-23,293
1984-12-23,297
1984-12-24,300
1984-12-24,302
1984-12-25,304
1984-12-25,306
1984-12-26,310
1984-12-26,312
1984-12-27,314
1984-12-27,315
1984-12-28,317
1984-12-28,318
1984-12-29,321
1984-12-29,324
1984-12-30,326
1984-12-30,330
1984-12-31,330
1984-12-31,331
1985-01-01,334
1985-01-01,334
1985-01-02,336
1985-01-02,338
1985-01-03,341
1985-01-03,342
1985-01-04,344
1985-01-04,345
1985-01-05,347
1985-01-05,348
1985-01-06,351
1985-01-06,352
1985-01-07,356
1985-01-07,358
1985-01-08,362
1985-01-08,364
1985-01-09,369
1985-01-09,374
1985-01-10,378
1985-01-10,381
1985-01-11,386
1985-01-11,389
1985-01-12,393
1985-01-12,396
1985-01-13,400
1985-01-13,403
1985-01-14,407
1985-01-14,411
1985-01-15,416
1985-01-15,428
1985-01-16,424
1985-01-16,427
1985-01-17,432
1985-01-17,436
1985-01-18,441
1985-01-18,444
1985-01-19,449
1985-01-19,452
1985-01-20,456
1985-01-20,460
1985-01-21,465
1985-01-21,470
1985-01-22,475
1985-01-22,479
1985-01-23,485
1985-01-23,489
1985-01-24,493
1985-01-24,496
1985-01-25,499
1985-01-25,502
1985-01-26,505
1985-01-26,508
1985-01-27,512
1985-01-27,514
1985-01-28,516
1985-01-28,518
1985-01-29,520
1985-01-29,522
1985-01-30,525
1985-01-30,526
1985-01-31,527
1985-01-31,528
1985-02-01,530
1985-02-01,532
1985-02-02,533
1985-02-02,534
1985-02-03,536
1985-02-03,538
1985-02-04,544
1985-02-04,548
1985-02-05,547
1985-02-05,548
1985-02-06,550
1985-02-06,551
1985-02-07,554
1985-02-07,554
1985-02-08,556
1985-02-08,556
1985-02-09,560
1985-02-09,561
1985-02-10,564
1985-02-10,564
1985-02-11,565
1985-02-11,566
1985-02-12,567
1985-02-12,567
1985-02-13,567
1985-02-13,568
1985-02-14,568
1985-02-14,568
1985-02-15,568
1985-02-15,567
1985-02-16,566
1985-02-16,565
1985-02-17,565
1985-02-17,563
1985-02-18,563
1985-02-18,562
1985-02-19,562
1985-02-19,561
1985-02-20,561
1985-02-20,561
1985-02-21,562
1985-02-21,561
1985-02-22,562
1985-02-22,562
1985-02-23,562
1985-02-23,563
1985-02-24,564
1985-02-24,564
1985-02-25,564
1985-02-25,563
1985-02-26,562
1985-02-26,561
1985-02-27,560
1985-02-27,560
1985-02-28,559
1985-02-28,558
1985-03-01,558
1985-03-01,557
1985-03-02,557
1985-03-02,555
1985-03-03,555
1985-03-03,554
1985-03-04,554
1985-03-04,553
1985-03-05,554
1985-03-05,553
1985-03-06,554
1985-03-06,554
1985-03-07,555
1985-03-07,555
1985-03-08,556
1985-03-08,557
1985-03-09,559
1985-03-09,559
1985-03-10,560
1985-03-10,560
1985-03-11,562
1985-03-11,562
1985-03-12,564
1985-03-12,564
1985-03-13,564
1985-03-13,563
1985-03-14,565
1985-03-14,564
1985-03-15,564
1985-03-15,563
1985-03-16,563
1985-03-16,562
1985-03-17,563
1985-03-17,565
1985-03-18,569
1985-03-18,570
1985-03-19,570
1985-03-19,572
1985-03-20,573
1985-03-20,572
1985-03-21,574
1985-03-21,575
1985-03-22,577
1985-03-22,578
1985-03-23,578
1985-03-23,578
1985-03-24,578
1985-03-24,577
1985-03-25,578
1985-03-25,578
1985-03-26,580
1985-03-26,581
1985-03-27,581
1985-03-27,580
1985-03-28,581
1985-03-28,580
1985-03-29,580
1985-03-29,580
1985-03-30,580
1985-03-30,579
1985-03-31,578
1985-03-31,577
1985-04-01,578
1985-04-01,578
1985-04-02,577
1985-04-02,576
1985-04-03,576
1985-04-03,576
1985-04-04,580
1985-04-04,582
1985-04-05,582
1985-04-05,582
1985-04-06,583
1985-04-06,582
1985-04-07,583
1985-04-07,583
1985-04-08,584
1985-04-08,584
1985-04-09,585
1985-04-09,584
1985-04-10,585
1985-04-10,584
1985-04-11,584
1985-04-11,582
1985-04-12,583
1985-04-12,582
1985-04-13,583
1985-04-13,582
1985-04-14,582
1985-04-14,580
1985-04-15,579
1985-04-15,578
1985-04-16,576
1985-04-16,575
1985-04-17,575
1985-04-17,573
1985-04-18,573
1985-04-18,572
1985-04-19,573
1985-04-19,572
1985-04-20,572
1985-04-20,572
1985-04-21,574
1985-04-21,573
1985-04-22,577
1985-04-22,576
1985-04-23,576
1985-04-23,575
1985-04-24,576
1985-04-24,575
1985-04-25,575
1985-04-25,575
1985-04-26,577
1985-04-26,579
1985-04-27,580
1985-04-27,581
1985-04-28,582
1985-04-28,582
1985-04-29,583
1985-04-29,586
1985-04-30,586
1985-04-30,586
1985-05-01,588
1985-05-01,588
1985-05-02,589
1985-05-02,588
1985-05-03,589
1985-05-03,591
1985-05-04,598
1985-05-04,600
1985-05-05,601
1985-05-05,604
1985-05-06,605
1985-05-06,606
1985-05-07,609
1985-05-07,612
1985-05-08,614
1985-05-08,616
1985-05-09,618
1985-05-09,619
1985-05-10,622
1985-05-10,624
1985-05-11,629
1985-05-11,630
1985-05-12,634
1985-05-12,635
1985-05-13,636
1985-05-13,637
1985-05-14,637
1985-05-14,638
1985-05-15,638
1985-05-15,639
1985-05-16,640
1985-05-16,641
1985-05-17,641
1985-05-17,642
1985-05-18,643
1985-05-18,644
1985-05-19,647
1985-05-19,648
1985-05-20,649
1985-05-20,652
1985-05-21,655
1985-05-21,656
1985-05-22,659
1985-05-22,662
1985-05-23,665
1985-05-23,668
1985-05-24,669
1985-05-24,671
1985-05-25,672
1985-05-25,672
1985-05-26,671
1985-05-26,671
1985-05-27,670
1985-05-27,670
1985-05-28,670
1985-05-28,670
1985-05-29,670
1985-05-29,670
1985-05-30,670
1985-05-30,671
1985-05-31,671
1985-05-31,671
1985-06-01,672
1985-06-01,672
1985-06-02,672
1985-06-02,672
1985-06-03,672
1985-06-03,672
1985-06-04,671
1985-06-04,672
1985-06-05,671
1985-06-05,671
1985-06-06,672
1985-06-06,672
1985-06-07,673
1985-06-07,675
1985-06-08,675
1985-06-08,676
1985-06-09,676
1985-06-09,677
1985-06-10,677
1985-06-10,677
1985-06-11,677
1985-06-11,675
1985-06-12,673
1985-06-12,673
1985-06-13,672
1985-06-13,672
1985-06-14,670
1985-06-14,669
1985-06-15,669
1985-06-15,669
1985-06-16,669
1985-06-16,669
1985-06-17,669
1985-06-17,670
1985-06-18,670
1985-06-18,669
1985-06-19,670
1985-06-19,670
1985-06-20,670
1985-06-20,670
1985-06-21,670
1985-06-21,670
1985-06-22,670
1985-06-22,670
1985-06-23,669
1985-06-23,669
1985-06-24,669
1985-06-24,668
1985-06-25,668
1985-06-25,667
1985-06-26,666
1985-06-26,664
1985-06-27,663
1985-06-27,662
1985-06-28,661
1985-06-28,660
1985-06-29,660
1985-06-29,659
1985-06-30,658
1985-06-30,657
1985-07-01,656
1985-07-01,656
1985-07-02,655
1985-07-02,656
1985-07-03,656
1985-07-03,655
1985-07-04,655
1985-07-04,654
1985-07-05,653
1985-07-05,652
1985-07-06,652
1985-07-06,651
1985-07-07,650
1985-07-07,649
1985-07-08,648
1985-07-08,646
1985-07-09,645
1985-07-09,643
1985-07-10,641
1985-07-10,640
1985-07-11,638
1985-07-11,636
1985-07-12,634
1985-07-12,634
1985-07-13,632
1985-07-13,630
1985-07-14,629
1985-07-14,628
1985-07-15,628
1985-07-15,626
1985-07-16,626
1985-07-16,624
1985-07-17,624
1985-07-17,622
1985-07-18,622
1985-07-18,621
1985-07-19,621
1985-07-19,620
1985-07-20,619
1985-07-20,618
1985-07-21,617
1985-07-21,616
1985-07-22,616
1985-07-22,615
1985-07-23,614
1985-07-23,613
1985-07-24,613
1985-07-24,612
1985-07-25,612
1985-07-25,612
1985-07-26,612
1985-07-26,612
1985-07-27,612
1985-07-27,610
1985-07-28,610
1985-07-28,608
1985-07-29,608
1985-07-29,606
1985-07-30,605
1985-07-30,604
1985-07-31,603
1985-07-31,601
1985-08-01,601
1985-08-01,600
1985-08-02,598
1985-08-02,596
1985-08-03,594
1985-08-03,591
1985-08-04,589
1985-08-04,586
1985-08-05,584
1985-08-05,581
1985-08-06,579
1985-08-06,576
1985-08-07,574
1985-08-07,571
1985-08-08,569
1985-08-08,567
1985-08-09,565
1985-08-09,564
1985-08-10,561
1985-08-10,559
1985-08-11,557
1985-08-11,556
1985-08-12,554
1985-08-12,552
1985-08-13,550
1985-08-13,548
1985-08-14,546
1985-08-14,546
1985-08-15,546
1985-08-15,545
1985-08-16,545
1985-08-16,545
1985-08-17,545
1985-08-17,545
1985-08-18,545
1985-08-18,545
1985-08-19,545
1985-08-19,544
1985-08-20,545
1985-08-20,544
1985-08-21,544
1985-08-21,542
1985-08-22,541
1985-08-22,539
1985-08-23,538
1985-08-23,536
1985-08-24,533
1985-08-24,531
1985-08-25,528
1985-08-25,526
1985-08-26,523
1985-08-26,520
1985-08-27,518
1985-08-27,514
1985-08-28,513
1985-08-28,511
1985-08-29,507
1985-08-29,504
1985-08-30,504
1985-08-30,502
1985-08-31,501
1985-08-31,599
1985-09-01,498
1985-09-01,496
1985-09-02,494
1985-09-02,492
1985-09-03,489
1985-09-03,487
1985-09-04,486
1985-09-04,483
1985-09-05,482
1985-09-05,479
1985-09-06,478
1985-09-06,475
1985-09-07,473
1985-09-07,469
1985-09-08,467
1985-09-08,466
1985-09-09,462
1985-09-09,460
1985-09-10,459
1985-09-10,456
1985-09-11,452
1985-09-11,451
1985-09-12,449
1985-09-12,447
1985-09-13,447
1985-09-13,445
1985-09-14,443
1985-09-14,441
1985-09-15,441
1985-09-15,440
1985-09-16,439
1985-09-16,437
1985-09-17,436
1985-09-17,433
1985-09-18,431
1985-09-18,428
1985-09-19,427
1985-09-19,425
1985-09-20,422
1985-09-20,419
1985-09-21,416
1985-09-21,414
1985-09-22,409
1985-09-22,405
1985-09-23,403
1985-09-23,400
1985-09-24,394
1985-09-24,390
1985-09-25,388
1985-09-25,384
1985-09-26,382
1985-09-26,378
1985-09-27,376
1985-09-27,372
1985-09-28,371
1985-09-28,368
1985-09-29,367
1985-09-29,365
1985-09-30,362
1985-09-30,360
1985-10-01,357
1985-10-01,352
1985-10-02,352
1985-10-02,348
1985-10-03,347
1985-10-03,345
1985-10-04,342
1985-10-04,338
1985-10-05,335
1985-10-05,333
1985-10-06,330
1985-10-06,327
1985-10-07,323
1985-10-07,320
1985-10-08,316
1985-10-08,312
1985-10-09,308
1985-10-09,303
1985-10-10,301
1985-10-10,298
1985-10-11,294
1985-10-11,293
1985-10-12,292
1985-10-12,290
1985-10-13,290
1985-10-13,288
1985-10-14,286
1985-10-14,285
1985-10-15,284
1985-10-15,282
1985-10-16,281
1985-10-16,280
1985-10-17,279
1985-10-17,278
1985-10-18,279
1985-10-18,275
1985-10-19,275
1985-10-19,273
1985-10-20,271
1985-10-20,269
1985-10-21,269
1985-10-21,266
1985-10-22,264
1985-10-22,262
1985-10-23,260
1985-10-23,258
1985-10-24,256
1985-10-24,254
1985-10-25,253
1985-10-25,252
1985-10-26,250
1985-10-26,249
1985-10-27,248
1985-10-27,246
1985-10-28,247
1985-10-28,245
1985-10-29,245
1985-10-29,245
1985-10-30,248
1985-10-30,248
1985-10-31,248
1985-10-31,246
1985-11-01,247
1985-11-01,244
1985-11-02,242
1985-11-02,244
1985-11-03,245
1985-11-03,246
1985-11-04,246
1985-11-04,246
1985-11-05,246
1985-11-05,243
1985-11-06,244
1985-11-06,241
1985-11-07,243
1985-11-07,243
1985-11-08,242
1985-11-08,241
1985-11-09,240
1985-11-09,241
1985-11-10,243
1985-11-10,244
1985-11-11,245
1985-11-11,245
1985-11-12,247
1985-11-12,247
1985-11-13,251
1985-11-13,253
1985-11-14,254
1985-11-14,256
1985-11-15,257
1985-11-15,255
1985-11-16,254
1985-11-16,254
1985-11-17,258
1985-11-17,254
1985-11-18,254
1985-11-18,250
1985-11-19,251
1985-11-19,249
1985-11-20,248
1985-11-20,247
1985-11-21,246
1985-11-21,245
1985-11-22,242
1985-11-22,243
1985-11-23,240
1985-11-23,239
1985-11-24,238
1985-11-24,238
1985-11-25,238
1985-11-25,237
1985-11-26,238
1985-11-26,236
1985-11-27,238
1985-11-27,239
1985-11-28,239
1985-11-28,236
1985-11-29,238
1985-11-29,238
1985-11-30,239
1985-11-30,237
1985-12-01,239
1985-12-01,239
1985-12-02,240
1985-12-02,241
1985-12-03,243
1985-12-03,244
1985-12-04,245
1985-12-04,246
1985-12-05,247
1985-12-05,248
1985-12-06,250
1985-12-06,251
1985-12-07,252
1985-12-07,253
1985-12-08,258
1985-12-08,260
1985-12-09,264
1985-12-09,264
1985-12-10,276
1985-12-10,279
1985-12-11,283
1985-12-11,285
1985-12-12,290
1985-12-12,294
1985-12-13,299
1985-12-13,301
1985-12-14,307
1985-12-14,310
1985-12-15,315
1985-12-15,316
1985-12-16,320
1985-12-16,323
1985-12-17,326
1985-12-17,329
1985-12-18,333
1985-12-18,336
1985-12-19,338
1985-12-19,340
1985-12-20,344
1985-12-20,348
1985-12-21,350
1985-12-21,352
1985-12-22,355
1985-12-22,357
1985-12-23,358
1985-12-23,358
1985-12-24,361
1985-12-24,362
1985-12-25,365
1985-12-25,367
1985-12-26,370
1985-12-26,373
1985-12-27,375
1985-12-27,376
1985-12-28,379
1985-12-28,380
1985-12-29,382
1985-12-29,383
1985-12-30,386
1985-12-30,387
1985-12-31,389
1985-12-31,389
1986-01-01,391
1986-01-01,392
1986-01-02,393
1986-01-02,394
1986-01-03,396
1986-01-03,399
1986-01-04,399
1986-01-04,401
1986-01-05,404
1986-01-05,406
1986-01-06,410
1986-01-06,414
1986-01-07,416
1986-01-07,420
1986-01-08,425
1986-01-08,426
1986-01-09,429
1986-01-09,431
1986-01-10,435
1986-01-10,436
1986-01-11,439
1986-01-11,439
1986-01-12,442
1986-01-12,443
1986-01-13,444
1986-01-13,444
1986-01-14,445
1986-01-14,444
1986-01-15,444
1986-01-15,443
1986-01-16,442
1986-01-16,441
1986-01-17,440
1986-01-17,439
1986-01-18,438
1986-01-18,438
1986-01-19,437
1986-01-19,436
1986-01-20,435
1986-01-20,434
1986-01-21,432
1986-01-21,430
1986-01-22,429
1986-01-22,428
1986-01-23,427
1986-01-23,426
1986-01-24,425
1986-01-24,425
1986-01-25,426
1986-01-25,426
1986-01-26,429
1986-01-26,429
1986-01-27,431
1986-01-27,434
1986-01-28,437
1986-01-28,438
1986-01-29,439
1986-01-29,440
1986-01-30,442
1986-01-30,446
1986-01-31,447
1986-01-31,449
1986-02-01,452
1986-02-01,452
1986-02-02,455
1986-02-02,456
1986-02-03,459
1986-02-03,463
1986-02-04,463
1986-02-04,463
1986-02-05,464
1986-02-05,466
1986-02-06,466
1986-02-06,466
1986-02-07,468
1986-02-07,470
1986-02-08,470
1986-02-08,470
1986-02-09,473
1986-02-09,473
1986-02-10,477
1986-02-10,481
1986-02-11,484
1986-02-11,487
1986-02-12,489
1986-02-12,490
1986-02-13,494
1986-02-13,494
1986-02-14,497
1986-02-14,498
1986-02-15,502
1986-02-15,504
1986-02-16,507
1986-02-16,509
1986-02-17,510
1986-02-17,512
1986-02-18,514
1986-02-18,515
1986-02-19,516
1986-02-19,518
1986-02-20,519
1986-02-20,519
1986-02-21,519
1986-02-21,518
1986-02-22,519
1986-02-22,519
1986-02-23,520
1986-02-23,520
1986-02-24,522
1986-02-24,522
1986-02-25,525
1986-02-25,526
1986-02-26,530
1986-02-26,534
1986-02-27,536
1986-02-27,539
1986-02-28,542
1986-02-28,544
1986-03-01,549
1986-03-01,551
1986-03-02,556
1986-03-02,562
1986-03-03,564
1986-03-03,565
1986-03-04,566
1986-03-04,567
1986-03-05,568
1986-03-05,568
1986-03-06,568
1986-03-06,568
1986-03-07,571
1986-03-07,575
1986-03-08,576
1986-03-08,577
1986-03-09,578
1986-03-09,578
1986-03-10,579
1986-03-10,579
1986-03-11,587
1986-03-11,590
1986-03-12,592
1986-03-12,593
1986-03-13,596
1986-03-13,597
1986-03-14,599
1986-03-14,601
1986-03-15,604
1986-03-15,606
1986-03-16,609
1986-03-16,612
1986-03-17,614
1986-03-17,615
1986-03-18,616
1986-03-18,617
1986-03-19,617
1986-03-19,617
1986-03-20,618
1986-03-20,623
1986-03-21,628
1986-03-21,628
1986-03-22,628
1986-03-22,628
1986-03-23,628
1986-03-23,628
1986-03-24,629
1986-03-24,629
1986-03-25,630
1986-03-25,630
1986-03-26,633
1986-03-26,633
1986-03-27,635
1986-03-27,636
1986-03-28,638
1986-03-28,639
1986-03-29,642
1986-03-29,643
1986-03-30,646
1986-03-30,647
1986-03-31,652
1986-03-31,656
1986-04-01,658
1986-04-01,663
1986-04-02,664
1986-04-02,666
1986-04-03,667
1986-04-03,668
1986-04-04,670
1986-04-04,670
1986-04-05,672
1986-04-05,674
1986-04-06,674
1986-04-06,675
1986-04-07,680
1986-04-07,681
1986-04-08,684
1986-04-08,684
1986-04-09,686
1986-04-09,687
1986-04-10,689
1986-04-10,690
1986-04-11,692
1986-04-11,692
1986-04-12,694
1986-04-12,695
1986-04-13,696
1986-04-13,696
1986-04-14,698
1986-04-14,699
1986-04-15,700
1986-04-15,700
1986-04-16,700
1986-04-16,702
1986-04-17,702
1986-04-17,702
1986-04-18,705
1986-04-18,709
1986-04-19,711
1986-04-19,713
1986-04-20,714
1986-04-20,715
1986-04-21,716
1986-04-21,716
1986-04-22,720
1986-04-22,721
1986-04-23,722
1986-04-23,723
1986-04-24,724
1986-04-24,726
1986-04-25,726
1986-04-25,727
1986-04-26,728
1986-04-26,725
1986-04-27,730
1986-04-27,730
1986-04-28,732
1986-04-28,734
1986-04-29,734
1986-04-29,736
1986-04-30,736
1986-04-30,736
1986-05-01,737
1986-05-01,737
1986-05-02,738
1986-05-02,738
1986-05-03,739
1986-05-03,739
1986-05-04,740
1986-05-04,740
1986-05-05,742
1986-05-05,744
1986-05-06,752
1986-05-06,757
1986-05-07,761
1986-05-07,764
1986-05-08,766
1986-05-08,768
1986-05-09,769
1986-05-09,770
1986-05-10,772
1986-05-10,772
1986-05-11,773
1986-05-11,773
1986-05-12,773
1986-05-12,774
1986-05-13,774
1986-05-13,773
1986-05-14,773
1986-05-14,772
1986-05-15,770
1986-05-15,769
1986-05-16,769
1986-05-16,768
1986-05-17,767
1986-05-17,765
1986-05-18,763
1986-05-18,762
1986-05-19,760
1986-05-19,759
1986-05-20,759
1986-05-20,757
1986-05-21,757
1986-05-21,757
1986-05-22,756
1986-05-22,755
1986-05-23,754
1986-05-23,753
1986-05-24,753
1986-05-24,753
1986-05-25,753
1986-05-25,753
1986-05-26,753
1986-05-26,753
1986-05-27,754
1986-05-27,754
1986-05-28,755
1986-06-01,762
1986-06-01,764
1986-06-02,769
1986-06-02,770
1986-06-03,771
1986-06-03,770
1986-06-04,770
1986-06-04,770
1986-06-05,770
1986-06-05,770
1986-06-06,770
1986-06-06,770
1986-06-07,770
1986-06-07,770
1986-06-08,770
1986-06-08,770
1986-06-09,772
1986-06-09,772
1986-06-10,771
1986-06-10,772
1986-06-11,772
1986-06-11,774
1986-06-12,774
1986-06-12,774
1986-06-13,774
1986-06-13,774
1986-06-14,775
1986-06-14,775
1986-06-15,776
1986-06-15,776
1986-06-16,777
1986-06-16,776
1986-06-17,775
1986-06-17,775
1986-06-18,774
1986-06-18,774
1986-06-19,774
1986-06-19,774
1986-06-20,773
1986-06-20,773
1986-06-21,775
1986-06-21,774
1986-06-22,775
1986-06-22,775
1986-06-23,775
1986-06-23,775
1986-06-24,775
1986-06-24,774
1986-06-25,774
1986-06-25,774
1986-06-26,773
1986-06-26,772
1986-06-27,772
1986-06-27,772
1986-06-28,771
1986-06-28,770
1986-06-29,769
1986-06-29,768
1986-06-30,767
1986-06-30,767
1986-07-01,766
1986-07-01,766
1986-07-02,766
1986-07-02,766
1986-07-03,765
1986-07-03,765
1986-07-04,764
1986-07-04,763
1986-07-05,764
1986-07-05,764
1986-07-06,764
1986-07-06,764
1986-07-07,765
1986-07-07,764
1986-07-08,765
1986-07-08,764
1986-07-09,763
1986-07-09,763
1986-07-10,763
1986-07-10,762
1986-07-11,762
1986-07-11,762
1986-07-12,762
1986-07-12,762
1986-07-13,761
1986-07-13,761
1986-07-14,760
1986-07-14,760
1986-07-15,760
1986-07-15,759
1986-07-16,759
1986-07-16,759
1986-07-17,759
1986-07-17,758
1986-07-18,758
1986-07-18,758
1986-07-19,756
1986-07-19,756
1986-07-20,754
1986-07-20,753
1986-07-21,751
1986-07-21,750
1986-07-22,749
1986-07-22,749
1986-07-23,748
1986-07-23,746
1986-07-24,745
1986-07-24,745
1986-07-25,745
1986-07-25,744
1986-07-26,744
1986-07-26,743
1986-07-27,741
1986-07-27,740
1986-07-28,739
1986-07-28,737
1986-07-29,737
1986-07-29,736
1986-07-30,734
1986-07-30,732
1986-07-31,732
1986-07-31,729
1986-08-01,727
1986-08-01,726
1986-08-02,724
1986-08-02,723
1986-08-03,721
1986-08-03,720
1986-08-04,718
1986-08-04,716
1986-08-05,714
1986-08-05,710
1986-08-06,710
1986-08-06,708
1986-08-07,707
1986-08-07,705
1986-08-08,704
1986-08-08,701
1986-08-09,701
1986-08-09,701
1986-08-10,698
1986-08-10,696
1986-08-11,695
1986-08-11,692
1986-08-12,690
1986-08-12,687
1986-08-13,687
1986-08-13,685
1986-08-14,685
1986-08-14,682
1986-08-15,680
1986-08-15,677
1986-08-16,675
1986-08-16,672
1986-08-17,670
1986-08-17,668
1986-08-18,666
1986-08-18,665
1986-08-19,664
1986-08-19,660
1986-08-20,657
1986-08-20,654
1986-08-21,652
1986-08-21,650
1986-08-22,648
1986-08-22,645
1986-08-23,645
1986-08-23,643
1986-08-24,640
1986-08-24,638
1986-08-25,635
1986-08-25,634
1986-08-26,632
1986-08-26,630
1986-08-27,625
1986-08-27,621
1986-08-28,619
1986-08-28,615
1986-08-29,613
1986-08-29,609
1986-08-30,605
1986-08-30,602
1986-08-31,597
1986-08-31,594
1986-09-01,590
1986-09-01,586
1986-09-02,584
1986-09-02,580
1986-09-03,578
1986-09-03,574
1986-09-04,572
1986-09-04,570
1986-09-05,568
1986-09-05,566
1986-09-06,565
1986-09-06,562
1986-09-07,562
1986-09-07,557
1986-09-08,555
1986-09-08,552
1986-09-09,550
1986-09-09,548
1986-09-10,544
1986-09-10,540
1986-09-11,538
1986-09-11,534
1986-09-12,532
1986-09-12,528
1986-09-13,526
1986-09-13,522
1986-09-14,519
1986-09-14,514
1986-09-15,513
1986-09-15,512
1986-09-16,511
1986-09-16,499
1986-09-17,495
1986-09-17,491
1986-09-18,489
1986-09-18,484
1986-09-19,482
1986-09-19,480
1986-09-20,478
1986-09-20,471
1986-09-21,469
1986-09-21,465
1986-09-22,461
1986-09-22,457
1986-09-23,453
1986-09-23,448
1986-09-24,445
1986-09-24,440
1986-09-25,436
1986-09-25,430
1986-09-26,428
1986-09-26,422
1986-09-27,420
1986-09-27,415
1986-09-28,409
1986-09-28,405
1986-09-29,402
1986-09-29,398
1986-09-30,393
1986-09-30,390
1986-10-01,386
1986-10-01,383
1986-10-02,380
1986-10-02,379
1986-10-03,375
1986-10-03,372
1986-10-04,370
1986-10-04,367
1986-10-05,366
1986-10-05,363
1986-10-06,362
1986-10-06,360
1986-10-07,357
1986-10-07,354
1986-10-08,353
1986-10-08,348
1986-10-09,346
1986-10-09,345
1986-10-10,342
1986-10-10,340
1986-10-11,337
1986-10-11,334
1986-10-12,333
1986-10-12,330
1986-10-13,330
1986-10-13,328
1986-10-14,326
1986-10-14,326
1986-10-15,329
1986-10-15,329
1986-10-16,329
1986-10-16,328
1986-10-17,330
1986-10-17,329
1986-10-18,329
1986-10-18,329
1986-10-19,330
1986-10-19,330
1986-10-20,330
1986-10-20,329
1986-10-21,330
1986-10-21,328
1986-10-22,328
1986-10-22,328
1986-10-23,328
1986-10-23,323
1986-10-24,327
1986-10-24,327
1986-10-25,327
1986-10-25,325
1986-10-26,326
1986-10-26,322
1986-10-27,325
1986-10-27,321
1986-10-28,322
1986-10-28,321
1986-10-29,321
1986-10-29,321
1986-10-30,321
1986-10-30,320
1986-10-31,323
1986-10-31,323
1986-11-01,326
1986-11-01,327
1986-11-02,331
1986-11-02,332
1986-11-03,336
1986-11-03,336
1986-11-04,340
1986-11-04,341
1986-11-05,344
1986-11-05,345
1986-11-06,346
1986-11-06,348
1986-11-07,348
1986-11-07,348
1986-11-08,350
1986-11-08,350
1986-11-09,350
1986-11-09,351
1986-11-10,350
1986-11-10,350
1986-11-11,350
1986-11-11,350
1986-11-12,352
1986-11-12,352
1986-11-13,352
1986-11-13,353
1986-11-14,352
1986-11-14,352
1986-11-15,353
1986-11-15,354
1986-11-16,355
1986-11-16,355
1986-11-17,357
1986-11-17,356
1986-11-18,357
1986-11-18,357
1986-11-19,359
1986-11-19,357
1986-11-20,359
1986-11-20,358
1986-11-21,358
1986-11-21,357
1986-11-22,357
1986-11-22,357
1986-11-23,356
1986-11-23,356
1986-11-24,357
1986-11-24,358
1986-11-25,360
1986-11-25,360
1986-11-26,360
1986-11-26,360
1986-11-27,361
1986-11-27,361
1986-11-28,362
1986-11-28,362
1986-11-29,365
1986-11-29,367
1986-11-30,369
1986-11-30,370
1986-12-01,375
1986-12-01,376
1986-12-02,377
1986-12-02,378
1986-12-03,380
1986-12-03,380
1986-12-04,382
1986-12-04,383
1986-12-05,383
1986-12-05,387
1986-12-06,390
1986-12-06,391
1986-12-07,393
1986-12-07,395
1986-12-08,396
1986-12-08,396
1986-12-09,397
1986-12-09,397
1986-12-10,399
1986-12-10,398
1986-12-11,399
1986-12-11,401
1986-12-12,402
1986-12-12,402
1986-12-13,406
1986-12-13,406
1986-12-14,407
1986-12-14,407
1986-12-15,407
1986-12-15,408
1986-12-16,410
1986-12-16,412
1986-12-17,412
1986-12-17,413
1986-12-18,415
1986-12-18,414
1986-12-19,416
1986-12-19,416
1986-12-20,417
1986-12-20,417
1986-12-21,418
1986-12-21,417
1986-12-22,418
1986-12-22,416
1986-12-23,418
1986-12-23,418
1986-12-24,417
1986-12-24,420
1986-12-25,418
1986-12-25,418
1986-12-26,420
1986-12-26,420
1986-12-27,416
1986-12-27,415
1986-12-28,417
1986-12-28,419
1986-12-29,422
1986-12-29,424
1986-12-30,427
1986-12-30,428
1986-12-31,431
1986-12-31,432
1987-01-01,435
1987-01-01,435
1987-01-01,434
1987-01-01,435
1987-01-02,441
1987-01-02,441
1987-01-02,440
1987-01-02,442
1987-01-03,446
1987-01-03,446
1987-01-03,445
1987-01-03,446
1987-01-04,451
1987-01-04,451
1987-01-04,450
1987-01-04,452
1987-01-05,455
1987-01-05,455
1987-01-05,454
1987-01-05,456
1987-01-06,457
1987-01-06,457
1987-01-06,456
1987-01-06,457
1987-01-07,460
1987-01-07,460
1987-01-07,460
1987-01-07,460
1987-01-08,462
1987-01-08,462
1987-01-08,462
1987-01-08,461
1987-01-09,463
1987-01-09,463
1987-01-09,463
1987-01-09,463
1987-01-10,464
1987-01-10,464
1987-01-10,464
1987-01-10,464
1987-01-11,464
1987-01-11,464
1987-01-11,464
1987-01-11,464
1987-01-12,464
1987-01-12,464
1987-01-12,464
1987-01-12,464
1987-01-13,464
1987-01-13,464
1987-01-13,464
1987-01-13,464
1987-01-14,464
1987-01-14,464
1987-01-14,464
1987-01-14,464
1987-01-15,466
1987-01-15,466
1987-01-15,466
1987-01-15,466
1987-01-16,469
1987-01-16,469
1987-01-16,468
1987-01-16,470
1987-01-17,470
1987-01-17,470
1987-01-17,470
1987-01-17,470
1987-01-18,474
1987-01-18,474
1987-01-18,473
1987-01-18,475
1987-01-19,476
1987-01-19,476
1987-01-19,475
1987-01-19,477
1987-01-20,479
1987-01-20,479
1987-01-20,478
1987-01-20,479
1987-01-21,482
1987-01-21,482
1987-01-21,481
1987-01-21,483
1987-01-22,483
1987-01-22,483
1987-01-22,483
1987-01-22,482
1987-01-23,484
1987-01-23,484
1987-01-23,484
1987-01-23,483
1987-01-24,485
1987-01-24,485
1987-01-24,484
1987-01-24,486
1987-01-25,486
1987-01-25,486
1987-01-25,486
1987-01-25,486
1987-01-26,489
1987-01-26,489
1987-01-26,488
1987-01-26,490
1987-01-27,492
1987-01-27,492
1987-01-27,492
1987-01-27,491
1987-01-28,495
1987-01-28,495
1987-01-28,494
1987-01-28,495
1987-01-29,498
1987-01-29,498
1987-01-29,497
1987-01-29,499
1987-01-30,501
1987-01-30,501
1987-01-30,501
1987-01-30,501
1987-01-31,503
1987-01-31,503
1987-01-31,503
1987-01-31,503
1987-02-01,506
1987-02-01,506
1987-02-01,506
1987-02-01,506
1987-02-02,508
1987-02-02,508
1987-02-02,508
1987-02-02,508
1987-02-03,510
1987-02-03,510
1987-02-03,510
1987-02-03,510
1987-02-04,512
1987-02-04,512
1987-02-04,512
1987-02-04,512
1987-02-05,514
1987-02-05,514
1987-02-05,514
1987-02-05,514
1987-02-06,514
1987-02-06,514
1987-02-06,514
1987-02-06,514
1987-02-07,514
1987-02-07,514
1987-02-07,514
1987-02-07,514
1987-02-08,514
1987-02-08,514
1987-02-08,514
1987-02-08,513
1987-02-09,515
1987-02-09,515
1987-02-09,515
1987-02-09,514
1987-02-10,516
1987-02-10,516
1987-02-10,515
1987-02-10,516
1987-02-11,517
1987-02-11,517
1987-02-11,517
1987-02-11,517
1987-02-12,520
1987-02-12,520
1987-02-12,520
1987-02-12,520
1987-02-13,524
1987-02-13,524
1987-02-13,523
1987-02-13,524
1987-02-14,527
1987-02-14,527
1987-02-14,526
1987-02-14,527
1987-02-15,532
1987-02-15,532
1987-02-15,529
1987-02-15,534
1987-02-16,536
1987-02-16,536
1987-02-16,535
1987-02-16,536
1987-02-17,543
1987-02-17,543
1987-02-17,542
1987-02-17,543
1987-02-18,546
1987-02-18,546
1987-02-18,546
1987-02-18,546
1987-02-19,549
1987-02-19,549
1987-02-19,549
1987-02-19,549
1987-02-20,552
1987-02-20,552
1987-02-20,551
1987-02-20,552
1987-02-21,555
1987-02-21,555
1987-02-21,554
1987-02-21,555
1987-02-22,560
1987-02-22,560
1987-02-22,559
1987-02-22,560
1987-02-23,563
1987-02-23,563
1987-02-23,562
1987-02-23,563
1987-02-24,565
1987-02-24,565
1987-02-24,564
1987-02-24,565
1987-02-25,567
1987-02-25,567
1987-02-25,567
1987-02-25,567
1987-02-26,569
1987-02-26,569
1987-02-26,569
1987-02-26,569
1987-02-27,573
1987-02-27,573
1987-02-27,572
1987-02-27,573
1987-02-28,576
1987-02-28,576
1987-02-28,576
1987-02-28,576
1987-03-01,578
1987-03-01,578
1987-03-01,578
1987-03-01,578
1987-03-02,582
1987-03-02,582
1987-03-02,581
1987-03-02,583
1987-03-03,590
1987-03-03,590
1987-03-03,588
1987-03-03,592
1987-03-04,594
1987-03-04,594
1987-03-04,594
1987-03-04,594
1987-03-05,596
1987-03-05,596
1987-03-05,596
1987-03-05,596
1987-03-06,599
1987-03-06,599
1987-03-06,598
1987-03-06,600
1987-03-07,602
1987-03-07,602
1987-03-07,601
1987-03-07,602
1987-03-08,603
1987-03-08,603
1987-03-08,603
1987-03-08,603
1987-03-09,603
1987-03-09,603
1987-03-09,603
1987-03-09,602
1987-03-10,602
1987-03-10,602
1987-03-10,602
1987-03-10,601
1987-03-11,602
1987-03-11,602
1987-03-11,602
1987-03-11,601
1987-03-12,606
1987-03-12,606
1987-03-12,606
1987-03-12,606
1987-03-13,609
1987-03-13,609
1987-03-13,607
1987-03-13,610
1987-03-14,612
1987-03-14,612
1987-03-14,612
1987-03-14,612
1987-03-15,614
1987-03-15,614
1987-03-15,613
1987-03-15,614
1987-03-16,617
1987-03-16,617
1987-03-16,616
1987-03-16,617
1987-03-17,621
1987-03-17,621
1987-03-17,620
1987-03-17,622
1987-03-18,628
1987-03-18,628
1987-03-18,627
1987-03-18,629
1987-03-19,633
1987-03-19,633
1987-03-19,632
1987-03-19,634
1987-03-20,637
1987-03-20,637
1987-03-20,636
1987-03-20,637
1987-03-21,641
1987-03-21,641
1987-03-21,640
1987-03-21,641
1987-03-22,645
1987-03-22,645
1987-03-22,644
1987-03-22,645
1987-03-23,648
1987-03-23,648
1987-03-23,648
1987-03-23,648
1987-03-24,651
1987-03-24,651
1987-03-24,651
1987-03-24,651
1987-03-25,654
1987-03-25,654
1987-03-25,653
1987-03-25,654
1987-03-26,656
1987-03-26,656
1987-03-26,656
1987-03-26,656
1987-03-27,660
1987-03-27,660
1987-03-27,659
1987-03-27,661
1987-03-28,662
1987-03-28,662
1987-03-28,662
1987-03-28,662
1987-03-29,662
1987-03-29,662
1987-03-29,662
1987-03-29,662
1987-03-30,664
1987-03-30,664
1987-03-30,664
1987-03-30,664
1987-03-31,666
1987-03-31,666
1987-03-31,666
1987-03-31,665
1987-04-01,667
1987-04-01,667
1987-04-01,667
1987-04-01,667
1987-04-02,668
1987-04-02,668
1987-04-02,668
1987-04-02,668
1987-04-03,669
1987-04-03,669
1987-04-03,669
1987-04-03,669
1987-04-04,670
1987-04-04,670
1987-04-04,670
1987-04-04,670
1987-04-05,673
1987-04-05,673
1987-04-05,672
1987-04-05,673
1987-04-06,673
1987-04-06,673
1987-04-06,673
1987-04-06,673
1987-04-07,671
1987-04-07,671
1987-04-07,672
1987-04-07,671
1987-04-08,669
1987-04-08,669
1987-04-08,670
1987-04-08,669
1987-04-09,668
1987-04-09,668
1987-04-09,668
1987-04-09,668
1987-04-10,667
1987-04-10,667
1987-04-10,667
1987-04-10,667
1987-04-11,670
1987-04-11,670
1987-04-11,669
1987-04-11,670
1987-04-12,672
1987-04-12,672
1987-04-12,671
1987-04-12,672
1987-04-13,679
1987-04-13,679
1987-04-13,677
1987-04-13,679
1987-04-14,683
1987-04-14,683
1987-04-14,682
1987-04-14,683
1987-04-15,685
1987-04-15,685
1987-04-15,684
1987-04-15,685
1987-04-16,689
1987-04-16,689
1987-04-16,689
1987-04-16,689
1987-04-17,691
1987-04-17,691
1987-04-17,690
1987-04-17,691
1987-04-18,697
1987-04-18,697
1987-04-18,695
1987-04-18,697
1987-04-19,703
1987-04-19,703
1987-04-19,702
1987-04-19,703
1987-04-20,706
1987-04-20,706
1987-04-20,705
1987-04-20,706
1987-04-21,706
1987-04-21,706
1987-04-21,706
1987-04-21,706
1987-04-22,707
1987-04-22,707
1987-04-22,707
1987-04-22,707
1987-04-23,708
1987-04-23,708
1987-04-23,708
1987-04-23,708
1987-04-24,711
1987-04-24,711
1987-04-24,710
1987-04-24,711
1987-04-25,719
1987-04-25,719
1987-04-25,718
1987-04-25,719
1987-04-26,723
1987-04-26,723
1987-04-26,722
1987-04-26,723
1987-04-27,728
1987-04-27,728
1987-04-27,727
1987-04-27,728
1987-04-28,731
1987-04-28,731
1987-04-28,730
1987-04-28,731
1987-04-29,732
1987-04-29,732
1987-04-29,732
1987-04-29,732
1987-04-30,732
1987-04-30,732
1987-04-30,732
1987-04-30,732
1987-05-01,737
1987-05-01,737
1987-05-01,736
1987-05-01,737
1987-05-02,740
1987-05-02,740
1987-05-02,739
1987-05-02,740
1987-05-03,745
1987-05-03,745
1987-05-03,744
1987-05-03,745
1987-05-04,748
1987-05-04,748
1987-05-04,747
1987-05-04,748
1987-05-05,749
1987-05-05,749
1987-05-05,749
1987-05-05,749
1987-05-06,749
1987-05-06,749
1987-05-06,749
1987-05-06,749
1987-05-07,749
1987-05-07,749
1987-05-07,749
1987-05-07,749
1987-05-08,749
1987-05-08,749
1987-05-08,749
1987-05-08,749
1987-05-09,749
1987-05-09,749
1987-05-09,749
1987-05-09,749
1987-05-10,749
1987-05-10,749
1987-05-10,749
1987-05-10,749
1987-05-11,749
1987-05-11,749
1987-05-11,749
1987-05-11,749
1987-05-12,749
1987-05-12,749
1987-05-12,749
1987-05-12,749
1987-05-13,749
1987-05-13,749
1987-05-13,749
1987-05-13,749
1987-05-14,749
1987-05-14,749
1987-05-14,749
1987-05-14,749
1987-05-15,749
1987-05-15,749
1987-05-15,749
1987-05-15,749
1987-05-16,748
1987-05-16,748
1987-05-16,748
1987-05-16,748
1987-05-17,747
1987-05-17,747
1987-05-17,747
1987-05-17,747
1987-05-18,747
1987-05-18,747
1987-05-18,747
1987-05-18,747
1987-05-19,746
1987-05-19,746
1987-05-19,746
1987-05-19,746
1987-05-20,745
1987-05-20,745
1987-05-20,745
1987-05-20,745
1987-05-21,744
1987-05-21,744
1987-05-21,744
1987-05-21,744
1987-05-22,743
1987-05-22,743
1987-05-22,743
1987-05-22,743
1987-05-23,741
1987-05-23,741
1987-05-23,741
1987-05-23,741
1987-05-24,740
1987-05-24,740
1987-05-24,740
1987-05-24,740
1987-05-25,740
1987-05-25,740
1987-05-25,740
1987-05-25,740
1987-05-26,741
1987-05-26,741
1987-05-26,740
1987-05-26,741
1987-05-27,742
1987-05-27,742
1987-05-27,742
1987-05-27,742
1987-05-28,743
1987-05-28,743
1987-05-28,743
1987-05-28,743
1987-05-29,743
1987-05-29,743
1987-05-29,743
1987-05-29,743
1987-05-30,743
1987-05-30,743
1987-05-30,743
1987-05-30,743
1987-05-31,742
1987-05-31,742
1987-05-31,742
1987-05-31,742
1987-06-01,742
1987-06-01,742
1987-06-01,742
1987-06-01,742
1987-06-02,741
1987-06-02,741
1987-06-02,741
1987-06-02,741
1987-06-03,740
1987-06-03,740
1987-06-03,740
1987-06-03,740
1987-06-04,738
1987-06-04,738
1987-06-04,738
1987-06-04,738
1987-06-05,735
1987-06-05,735
1987-06-05,735
1987-06-05,735
1987-06-06,733
1987-06-06,733
1987-06-06,733
1987-06-06,733
1987-06-07,730
1987-06-07,730
1987-06-07,731
1987-06-07,730
1987-06-08,728
1987-06-08,728
1987-06-08,728
1987-06-08,728
1987-06-09,726
1987-06-09,726
1987-06-09,726
1987-06-09,726
1987-06-10,724
1987-06-10,724
1987-06-10,724
1987-06-10,724
1987-06-11,722
1987-06-11,722
1987-06-11,722
1987-06-11,722
1987-06-12,721
1987-06-12,721
1987-06-12,721
1987-06-12,721
1987-06-13,722
1987-06-13,722
1987-06-13,722
1987-06-13,722
1987-06-14,722
1987-06-14,722
1987-06-14,722
1987-06-14,722
1987-06-15,724
1987-06-15,724
1987-06-15,724
1987-06-15,724
1987-06-16,724
1987-06-16,724
1987-06-16,724
1987-06-16,724
1987-06-17,723
1987-06-17,723
1987-06-17,723
1987-06-17,723
1987-06-18,722
1987-06-18,722
1987-06-18,722
1987-06-18,722
1987-06-19,722
1987-06-19,722
1987-06-19,722
1987-06-19,722
1987-06-20,721
1987-06-20,721
1987-06-20,721
1987-06-20,721
1987-06-21,720
1987-06-21,720
1987-06-21,720
1987-06-21,720
1987-06-22,718
1987-06-22,718
1987-06-22,719
1987-06-22,718
1987-06-23,717
1987-06-23,717
1987-06-23,718
1987-06-23,717
1987-06-24,715
1987-06-24,715
1987-06-24,716
1987-06-24,715
1987-06-25,713
1987-06-25,713
1987-06-25,714
1987-06-25,713
1987-06-26,711
1987-06-26,711
1987-06-26,711
1987-06-26,711
1987-06-27,709
1987-06-27,709
1987-06-27,710
1987-06-27,709
1987-06-28,706
1987-06-28,706
1987-06-28,707
1987-06-28,706
1987-06-29,702
1987-06-29,702
1987-06-29,703
1987-06-29,702
1987-06-30,699
1987-06-30,699
1987-06-30,700
1987-06-30,699
1987-07-01,696
1987-07-01,696
1987-07-01,696
1987-07-01,696
1987-07-02,693
1987-07-02,693
1987-07-02,694
1987-07-02,693
1987-07-03,690
1987-07-03,690
1987-07-03,691
1987-07-03,690
1987-07-04,687
1987-07-04,687
1987-07-04,688
1987-07-04,687
1987-07-05,683
1987-07-05,683
1987-07-05,684
1987-07-05,683
1987-07-06,680
1987-07-06,680
1987-07-06,680
1987-07-06,680
1987-07-07,676
1987-07-07,676
1987-07-07,677
1987-07-07,676
1987-07-08,675
1987-07-08,675
1987-07-08,675
1987-07-08,675
1987-07-09,673
1987-07-09,673
1987-07-09,674
1987-07-09,673
1987-07-10,672
1987-07-10,672
1987-07-10,672
1987-07-10,672
1987-07-11,672
1987-07-11,672
1987-07-11,672
1987-07-11,672
1987-07-12,671
1987-07-12,671
1987-07-12,671
1987-07-12,671
1987-07-13,669
1987-07-13,669
1987-07-13,670
1987-07-13,669
1987-07-14,666
1987-07-14,666
1987-07-14,667
1987-07-14,666
1987-07-15,663
1987-07-15,663
1987-07-15,664
1987-07-15,663
1987-07-16,659
1987-07-16,659
1987-07-16,660
1987-07-16,659
1987-07-17,655
1987-07-17,655
1987-07-17,656
1987-07-17,655
1987-07-18,651
1987-07-18,651
1987-07-18,652
1987-07-18,651
1987-07-19,647
1987-07-19,647
1987-07-19,648
1987-07-19,647
1987-07-20,642
1987-07-20,642
1987-07-20,643
1987-07-20,642
1987-07-21,638
1987-07-21,638
1987-07-21,639
1987-07-21,638
1987-07-22,632
1987-07-22,632
1987-07-22,633
1987-07-22,632
1987-07-23,627
1987-07-23,627
1987-07-23,628
1987-07-23,627
1987-07-24,621
1987-07-24,621
1987-07-24,622
1987-07-24,621
1987-07-25,617
1987-07-25,617
1987-07-25,618
1987-07-25,617
1987-07-26,613
1987-07-26,613
1987-07-26,614
1987-07-26,613
1987-07-27,610
1987-07-27,610
1987-07-27,611
1987-07-27,610
1987-07-28,606
1987-07-28,606
1987-07-28,607
1987-07-28,606
1987-07-29,602
1987-07-29,602
1987-07-29,603
1987-07-29,602
1987-07-30,599
1987-07-30,599
1987-07-30,600
1987-07-30,599
1987-07-31,595
1987-07-31,595
1987-07-31,596
1987-07-31,595
1987-08-01,593
1987-08-01,593
1987-08-01,593
1987-08-01,593
1987-08-02,589
1987-08-02,589
1987-08-02,590
1987-08-02,589
1987-08-03,585
1987-08-03,585
1987-08-03,584
1987-08-03,585
1987-08-04,581
1987-08-04,581
1987-08-04,582
1987-08-04,581
1987-08-05,576
1987-08-05,576
1987-08-05,578
1987-08-05,576
1987-08-06,570
1987-08-06,570
1987-08-06,572
1987-08-06,570
1987-08-07,565
1987-08-07,565
1987-08-07,566
1987-08-07,565
1987-08-08,560
1987-08-08,560
1987-08-08,561
1987-08-08,560
1987-08-09,555
1987-08-09,555
1987-08-09,556
1987-08-09,555
1987-08-10,549
1987-08-10,549
1987-08-10,552
1987-08-10,549
1987-08-11,547
1987-08-11,547
1987-08-11,548
1987-08-11,547
1987-08-12,543
1987-08-12,543
1987-08-12,543
1987-08-12,543
1987-08-13,538
1987-08-13,538
1987-08-13,539
1987-08-13,538
1987-08-14,534
1987-08-14,534
1987-08-14,536
1987-08-14,534
1987-08-15,529
1987-08-15,529
1987-08-15,530
1987-08-15,529
1987-08-16,522
1987-08-16,522
1987-08-16,524
1987-08-16,522
1987-08-17,517
1987-08-17,517
1987-08-17,518
1987-08-17,517
1987-08-18,508
1987-08-18,508
1987-08-18,510
1987-08-18,508
1987-08-19,501
1987-08-19,501
1987-08-19,503
1987-08-19,501
1987-08-20,494
1987-08-20,494
1987-08-20,496
1987-08-20,494
1987-08-21,487
1987-08-21,487
1987-08-21,488
1987-08-21,487
1987-08-22,481
1987-08-22,481
1987-08-22,482
1987-08-22,481
1987-08-23,476
1987-08-23,476
1987-08-23,477
1987-08-23,476
1987-08-24,470
1987-08-24,470
1987-08-24,472
1987-08-24,470
1987-08-25,465
1987-08-25,465
1987-08-25,466
1987-08-25,465
1987-08-26,459
1987-08-26,459
1987-08-26,460
1987-08-26,459
1987-08-27,454
1987-08-27,454
1987-08-27,456
1987-08-27,454
1987-08-28,449
1987-08-28,449
1987-08-28,450
1987-08-28,449
1987-08-29,443
1987-08-29,443
1987-08-29,445
1987-08-29,443
1987-08-30,438
1987-08-30,438
1987-08-30,440
1987-08-30,438
1987-08-31,430
1987-08-31,430
1987-08-31,432
1987-08-31,430
1987-09-01,424
1987-09-01,424
1987-09-02,417
1987-09-02,417
1987-09-03,409
1987-09-03,409
1987-09-04,401
1987-09-04,401
1987-09-05,396
1987-09-05,396
1987-09-06,389
1987-09-06,389
1987-09-07,384
1987-09-07,384
1987-09-08,379
1987-09-08,379
1987-09-09,374
1987-09-09,374
1987-09-10,370
1987-09-10,370
1987-09-11,363
1987-09-11,363
1987-09-12,356
1987-09-12,356
1987-09-13,350
1987-09-13,350
1987-09-14,339
1987-09-14,339
1987-09-15,331
1987-09-15,331
1987-09-16,320
1987-09-16,320
1987-09-17,310
1987-09-17,310
1987-09-18,300
1987-09-18,300
1987-09-19,290
1987-09-19,290
1987-09-20,282
1987-09-20,282
1987-09-21,276
1987-09-21,276
1987-09-22,270
1987-09-22,270
1987-09-23,264
1987-09-23,264
1987-09-24,261
1987-09-24,261
1987-09-25,255
1987-09-25,255
1987-09-26,248
1987-09-26,248
1987-09-27,241
1987-09-27,241
1987-09-28,235
1987-09-28,235
1987-09-29,227
1987-09-29,227
1987-09-30,223
1987-09-30,223
1987-10-01,216
1987-10-01,216
1987-10-01,218
1987-10-01,214
1987-10-02,210
1987-10-02,210
1987-10-02,211
1987-10-02,208
1987-10-03,204
1987-10-03,204
1987-10-03,205
1987-10-03,202
1987-10-04,197
1987-10-04,197
1987-10-04,198
1987-10-04,196
1987-10-05,193
1987-10-05,193
1987-10-05,193
1987-10-05,192
1987-10-06,191
1987-10-06,191
1987-10-06,191
1987-10-06,190
1987-10-07,187
1987-10-07,187
1987-10-07,188
1987-10-07,186
1987-10-08,184
1987-10-08,184
1987-10-08,185
1987-10-08,182
1987-10-09,182
1987-10-09,182
1987-10-09,182
1987-10-09,182
1987-10-10,178
1987-10-10,178
1987-10-10,179
1987-10-10,176
1987-10-11,172
1987-10-11,172
1987-10-11,174
1987-10-11,170
1987-10-12,165
1987-10-12,165
1987-10-12,167
1987-10-12,162
1987-10-13,158
1987-10-13,158
1987-10-13,160
1987-10-13,156
1987-10-14,151
1987-10-14,151
1987-10-14,152
1987-10-14,149
1987-10-15,144
1987-10-15,144
1987-10-15,146
1987-10-15,141
1987-10-16,138
1987-10-16,138
1987-10-16,139
1987-10-16,137
1987-10-17,132
1987-10-17,132
1987-10-17,134
1987-10-17,130
1987-10-18,129
1987-10-18,129
1987-10-18,130
1987-10-18,128
1987-10-19,128
1987-10-19,128
1987-10-19,128
1987-10-19,127
1987-10-20,126
1987-10-20,126
1987-10-20,126
1987-10-20,125
1987-10-21,124
1987-10-21,124
1987-10-21,124
1987-10-21,123
1987-10-22,126
1987-10-22,126
1987-10-22,124
1987-10-22,127
1987-10-23,129
1987-10-23,129
1987-10-23,129
1987-10-23,129
1987-10-24,133
1987-10-24,133
1987-10-24,129
1987-10-24,137
1987-10-25,145
1987-10-25,145
1987-10-25,141
1987-10-25,148
1987-10-26,140
1987-10-26,140
1987-10-26,151
1987-10-26,128
1987-10-27,133
1987-10-27,133
1987-10-27,131
1987-10-27,134
1987-10-28,130
1987-10-28,130
1987-10-28,137
1987-10-28,123
1987-10-29,122
1987-10-29,122
1987-10-29,122
1987-10-29,121
1987-10-30,120
1987-10-30,120
1987-10-30,121
1987-10-30,119
1987-10-31,116
1987-10-31,116
1987-10-31,117
1987-10-31,114
1987-11-01,113
1987-11-01,113
1987-11-01,113
1987-11-01,113
1987-11-02,113
1987-11-02,113
1987-11-02,112
1987-11-02,113
1987-11-03,115
1987-11-03,115
1987-11-03,114
1987-11-03,115
1987-11-04,119
1987-11-04,119
1987-11-04,117
1987-11-04,119
1987-11-05,125
1987-11-05,125
1987-11-05,123
1987-11-05,125
1987-11-06,127
1987-11-06,127
1987-11-06,127
1987-11-06,127
1987-11-07,133
1987-11-07,133
1987-11-07,129
1987-11-07,133
1987-11-08,137
1987-11-08,137
1987-11-08,139
1987-11-08,137
1987-11-09,137
1987-11-09,137
1987-11-09,137
1987-11-09,137
1987-11-10,129
1987-11-10,129
1987-11-10,136
1987-11-10,129
1987-11-11,122
1987-11-11,122
1987-11-11,123
1987-11-11,122
1987-11-12,116
1987-11-12,116
1987-11-12,115
1987-11-12,116
1987-11-13,117
1987-11-13,117
1987-11-13,117
1987-11-13,117
1987-11-14,114
1987-11-14,114
1987-11-14,115
1987-11-14,114
1987-11-15,114
1987-11-15,114
1987-11-15,115
1987-11-15,114
1987-11-16,115
1987-11-16,115
1987-11-16,113
1987-11-16,115
1987-11-17,115
1987-11-17,115
1987-11-17,115
1987-11-17,115
1987-11-18,117
1987-11-18,117
1987-11-18,117
1987-11-18,117
1987-11-19,118
1987-11-19,118
1987-11-19,117
1987-11-19,118
1987-11-20,124
1987-11-20,124
1987-11-20,123
1987-11-20,124
1987-11-21,129
1987-11-21,129
1987-11-21,129
1987-11-21,129
1987-11-22,133
1987-11-22,133
1987-11-22,131
1987-11-22,133
1987-11-23,140
1987-11-23,140
1987-11-23,139
1987-11-23,140
1987-11-24,144
1987-11-24,144
1987-11-24,143
1987-11-24,144
1987-11-25,147
1987-11-25,147
1987-11-25,147
1987-11-25,147
1987-11-26,149
1987-11-26,149
1987-11-26,149
1987-11-26,149
1987-11-27,152
1987-11-27,152
1987-11-27,151
1987-11-27,152
1987-11-28,154
1987-11-28,154
1987-11-28,153
1987-11-28,154
1987-11-29,154
1987-11-29,154
1987-11-29,154
1987-11-29,154
1987-11-30,155
1987-11-30,155
1987-11-30,154
1987-11-30,155
1987-12-01,157
1987-12-01,157
1987-12-01,156
1987-12-01,157
1987-12-02,159
1987-12-02,159
1987-12-02,159
1987-12-02,159
1987-12-03,164
1987-12-03,164
1987-12-03,162
1987-12-03,164
1987-12-04,167
1987-12-04,167
1987-12-04,166
1987-12-04,167
1987-12-05,168
1987-12-05,168
1987-12-05,168
1987-12-05,168
1987-12-06,171
1987-12-06,171
1987-12-06,171
1987-12-06,171
1987-12-07,175
1987-12-07,175
1987-12-07,174
1987-12-07,175
1987-12-08,177
1987-12-08,177
1987-12-08,177
1987-12-08,177
1987-12-09,179
1987-12-09,179
1987-12-09,179
1987-12-09,179
1987-12-10,180
1987-12-10,180
1987-12-10,180
1987-12-10,180
1987-12-11,181
1987-12-11,181
1987-12-11,181
1987-12-11,181
1987-12-12,184
1987-12-12,184
1987-12-12,183
1987-12-12,184
1987-12-13,186
1987-12-13,186
1987-12-13,185
1987-12-13,186
1987-12-14,189
1987-12-14,189
1987-12-14,188
1987-12-14,189
1987-12-15,193
1987-12-15,193
1987-12-15,191
1987-12-15,193
1987-12-16,198
1987-12-16,198
1987-12-16,196
1987-12-16,198
1987-12-17,202
1987-12-17,202
1987-12-17,201
1987-12-17,202
1987-12-18,207
1987-12-18,207
1987-12-18,205
1987-12-18,207
1987-12-19,215
1987-12-19,215
1987-12-19,213
1987-12-19,215
1987-12-20,222
1987-12-20,222
1987-12-20,220
1987-12-20,222
1987-12-21,228
1987-12-21,228
1987-12-21,228
1987-12-21,228
1987-12-22,234
1987-12-22,234
1987-12-22,231
1987-12-22,234
1987-12-23,247
1987-12-23,247
1987-12-23,240
1987-12-23,247
1987-12-24,259
1987-12-24,259
1987-12-24,258
1987-12-24,259
1987-12-25,264
1987-12-25,264
1987-12-25,263
1987-12-25,264
1987-12-26,269
1987-12-26,269
1987-12-26,269
1987-12-26,269
1987-12-27,273
1987-12-27,273
1987-12-27,273
1987-12-27,273
1987-12-28,271
1987-12-28,271
1987-12-28,277
1987-12-28,271
1987-12-29,271
1987-12-29,271
1987-12-29,270
1987-12-29,271
1987-12-30,273
1987-12-30,273
1987-12-30,272
1987-12-30,273
1987-12-31,274
1987-12-31,274
1987-12-31,274
1987-12-31,274
1988-01-01,276
1988-01-01,276
1988-01-02,280
1988-01-02,280
1988-01-03,282
1988-01-03,282
1988-01-04,289
1988-01-04,289
1988-01-05,293
1988-01-05,293
1988-01-06,296
1988-01-06,296
1988-01-07,299
1988-01-07,299
1988-01-08,303
1988-01-08,303
1988-01-09,308
1988-01-09,308
1988-01-10,314
1988-01-10,314
1988-01-11,316
1988-01-11,316
1988-01-12,320
1988-01-12,320
1988-01-13,323
1988-01-13,323
1988-01-14,329
1988-01-14,329
1988-01-15,336
1988-01-15,336
1988-01-16,340
1988-01-16,340
1988-01-17,345
1988-01-17,345
1988-01-18,358
1988-01-18,358
1988-01-19,360
1988-01-19,360
1988-01-20,366
1988-01-20,366
1988-01-21,371
1988-01-21,371
1988-01-22,379
1988-01-22,379
1988-01-23,386
1988-01-23,386
1988-01-24,392
1988-01-24,392
1988-01-25,402
1988-01-25,402
1988-01-26,408
1988-01-26,408
1988-01-27,413
1988-01-27,413
1988-01-28,413
1988-01-28,413
1988-01-29,417
1988-01-29,417
1988-01-30,419
1988-01-30,419
1988-01-31,421
1988-01-31,421
1988-02-01,424
1988-02-01,424
1988-02-02,430
1988-02-02,430
1988-02-03,435
1988-02-03,435
1988-02-04,437
1988-02-04,437
1988-02-05,442
1988-02-05,442
1988-02-06,448
1988-02-06,448
1988-02-07,453
1988-02-07,453
1988-02-08,458
1988-02-08,458
1988-02-09,462
1988-02-09,462
1988-02-10,466
1988-02-10,466
1988-02-11,467
1988-02-11,467
1988-02-12,471
1988-02-12,471
1988-02-13,472
1988-02-13,472
1988-02-14,473
1988-02-14,473
1988-02-15,476
1988-02-15,476
1988-02-16,478
1988-02-16,478
1988-02-17,490
1988-02-17,490
1988-02-18,496
1988-02-18,496
1988-02-19,503
1988-02-19,503
1988-02-20,509
1988-02-20,509
1988-02-21,516
1988-02-21,516
1988-02-22,520
1988-02-22,520
1988-02-23,526
1988-02-23,526
1988-02-24,530
1988-02-24,530
1988-02-25,535
1988-02-25,535
1988-02-26,539
1988-02-26,539
1988-02-27,541
1988-02-27,541
1988-02-28,550
1988-02-28,550
1988-02-29,552
1988-02-29,552
1988-03-01,555
1988-03-01,555
1988-03-02,558
1988-03-02,558
1988-03-03,561
1988-03-03,561
1988-03-04,564
1988-03-04,564
1988-03-05,568
1988-03-05,568
1988-03-06,572
1988-03-06,572
1988-03-07,576
1988-03-07,576
1988-03-08,581
1988-03-08,581
1988-03-09,586
1988-03-09,586
1988-03-10,591
1988-03-10,591
1988-03-11,595
1988-03-11,595
1988-03-12,596
1988-03-12,596
1988-03-13,599
1988-03-13,599
1988-03-14,601
1988-03-14,601
1988-03-15,603
1988-03-15,603
1988-03-16,605
1988-03-16,605
1988-03-17,608
1988-03-17,608
1988-03-18,613
1988-03-18,613
1988-03-19,616
1988-03-19,616
1988-03-20,619
1988-03-20,619
1988-03-21,622
1988-03-21,622
1988-03-22,625
1988-03-22,625
1988-03-23,626
1988-03-23,626
1988-03-24,626
1988-03-24,626
1988-03-25,627
1988-03-25,627
1988-03-26,627
1988-03-26,627
1988-03-27,629
1988-03-27,629
1988-03-28,629
1988-03-28,629
1988-03-29,630
1988-03-29,630
1988-03-30,631
1988-03-30,631
1988-03-31,632
1988-03-31,632
1988-04-01,631
1988-04-01,631
1988-04-02,635
1988-04-02,635
1988-04-03,635
1988-04-03,635
1988-04-04,637
1988-04-04,637
1988-04-05,638
1988-04-05,638
1988-04-06,639
1988-04-06,639
1988-04-07,640
1988-04-07,640
1988-04-08,641
1988-04-08,641
1988-04-09,642
1988-04-09,642
1988-04-10,642
1988-04-10,642
1988-04-11,644
1988-04-11,644
1988-04-12,647
1988-04-12,647
1988-04-13,650
1988-04-13,650
1988-04-14,650
1988-04-14,650
1988-04-15,650
1988-04-15,650
1988-04-16,652
1988-04-16,652
1988-04-17,654
1988-04-17,654
1988-04-18,653
1988-04-18,653
1988-04-19,654
1988-04-19,654
1988-04-20,656
1988-04-20,656
1988-04-21,660
1988-04-21,660
1988-04-22,660
1988-04-22,660
1988-04-23,661
1988-04-23,661
1988-04-24,661
1988-04-24,661
1988-04-25,661
1988-04-25,661
1988-04-26,660
1988-04-26,660
1988-04-27,659
1988-04-27,659
1988-04-28,660
1988-04-28,660
1988-04-29,662
1988-04-29,662
1988-04-30,662
1988-04-30,662
1988-05-01,669
1988-05-01,669
1988-05-02,674
1988-05-02,674
1988-05-03,679
1988-05-03,679
1988-05-04,683
1988-05-04,683
1988-05-05,691
1988-05-05,691
1988-05-06,695
1988-05-06,695
1988-05-07,701
1988-05-07,701
1988-05-08,707
1988-05-08,707
1988-05-09,712
1988-05-09,712
1988-05-10,717
1988-05-10,717
1988-05-11,720
1988-05-11,720
1988-05-12,721
1988-05-12,721
1988-05-13,723
1988-05-13,723
1988-05-14,725
1988-05-14,725
1988-05-15,728
1988-05-15,728
1988-05-16,730
1988-05-16,730
1988-05-17,735
1988-05-17,735
1988-05-18,737
1988-05-18,737
1988-05-19,738
1988-05-19,738
1988-05-20,740
1988-05-20,740
1988-05-21,743
1988-05-21,743
1988-05-22,743
1988-05-22,743
1988-05-23,743
1988-05-23,743
1988-05-24,742
1988-05-24,742
1988-05-25,744
1988-05-25,744
1988-05-26,744
1988-05-26,744
1988-05-27,747
1988-05-27,747
1988-05-28,749
1988-05-28,749
1988-05-29,750
1988-05-29,750
1988-05-30,751
1988-05-30,751
1988-05-31,752
1988-05-31,752
1988-06-01,752
1988-06-01,752
1988-06-02,753
1988-06-02,753
1988-06-03,755
1988-06-03,755
1988-06-04,757
1988-06-04,757
1988-06-05,762
1988-06-05,762
1988-06-06,763
1988-06-06,763
1988-06-07,763
1988-06-07,763
1988-06-08,763
1988-06-08,763
1988-06-09,763
1988-06-09,763
1988-06-10,763
1988-06-10,763
1988-06-11,761
1988-06-11,761
1988-06-12,760
1988-06-12,760
1988-06-13,757
1988-06-13,757
1988-06-14,757
1988-06-14,757
1988-06-15,762
1988-06-15,762
1988-06-16,763
1988-06-16,763
1988-06-17,764
1988-06-17,764
1988-06-18,763
1988-06-18,763
1988-06-19,762
1988-06-19,762
1988-06-20,761
1988-06-20,761
1988-06-21,760
1988-06-21,760
1988-06-22,759
1988-06-22,759
1988-06-23,758
1988-06-23,758
1988-06-24,758
1988-06-24,758
1988-06-25,757
1988-06-25,757
1988-06-26,757
1988-06-26,757
1988-06-27,756
1988-06-27,756
1988-06-28,757
1988-06-28,757
1988-06-29,757
1988-06-29,757
1988-06-30,755
1988-06-30,755
1988-07-01,755
1988-07-01,755
1988-07-02,755
1988-07-02,755
1988-07-03,755
1988-07-03,755
1988-07-04,754
1988-07-04,754
1988-07-05,753
1988-07-05,753
1988-07-06,751
1988-07-06,751
1988-07-07,749
1988-07-07,749
1988-07-08,742
1988-07-08,742
1988-07-09,738
1988-07-09,738
1988-07-10,735
1988-07-10,735
1988-07-11,731
1988-07-11,731
1988-07-12,729
1988-07-12,729
1988-07-13,727
1988-07-13,727
1988-07-14,727
1988-07-14,727
1988-07-15,725
1988-07-15,725
1988-07-16,724
1988-07-16,724
1988-07-17,722
1988-07-17,722
1988-07-18,719
1988-07-18,719
1988-07-19,716
1988-07-19,716
1988-07-20,714
1988-07-20,714
1988-07-21,711
1988-07-21,711
1988-07-22,707
1988-07-22,707
1988-07-23,703
1988-07-23,703
1988-07-24,699
1988-07-24,699
1988-07-25,693
1988-07-25,693
1988-07-26,688
1988-07-26,688
1988-07-27,683
1988-07-27,683
1988-07-28,680
1988-07-28,680
1988-07-29,676
1988-07-29,676
1988-07-30,673
1988-07-30,673
1988-07-31,673
1988-07-31,673
1988-08-01,672
1988-08-01,672
1988-08-02,670
1988-08-02,670
1988-08-03,667
1988-08-03,667
1988-08-04,665
1988-08-04,665
1988-08-05,661
1988-08-05,661
1988-08-06,657
1988-08-06,657
1988-08-07,653
1988-08-07,653
1988-08-08,649
1988-08-08,649
1988-08-09,644
1988-08-09,644
1988-08-10,639
1988-08-10,639
1988-08-11,635
1988-08-11,635
1988-08-12,629
1988-08-12,629
1988-08-13,624
1988-08-13,624
1988-08-14,618
1988-08-14,618
1988-08-15,613
1988-08-15,613
1988-08-16,608
1988-08-16,608
1988-08-17,602
1988-08-17,602
1988-08-18,597
1988-08-18,597
1988-08-19,591
1988-08-19,591
1988-08-20,584
1988-08-20,584
1988-08-21,578
1988-08-21,578
1988-08-22,571
1988-08-22,571
1988-08-23,565
1988-08-23,565
1988-08-24,560
1988-08-24,560
1988-08-25,555
1988-08-25,555
1988-08-26,548
1988-08-26,548
1988-08-27,541
1988-08-27,541
1988-08-28,538
1988-08-28,538
1988-08-29,533
1988-08-29,533
1988-08-30,529
1988-08-30,529
1988-08-31,524
1988-08-31,524
1988-09-01,516
1988-09-01,516
1988-09-02,508
1988-09-02,508
1988-09-03,502
1988-09-03,502
1988-09-04,493
1988-09-04,493
1988-09-05,485
1988-09-05,485
1988-09-06,475
1988-09-06,475
1988-09-07,466
1988-09-07,466
1988-09-08,456
1988-09-08,456
1988-09-09,446
1988-09-09,446
1988-09-10,437
1988-09-10,437
1988-09-11,426
1988-09-11,426
1988-09-12,416
1988-09-12,416
1988-09-13,406
1988-09-13,406
1988-09-14,393
1988-09-14,393
1988-09-15,381
1988-09-15,381
1988-09-16,369
1988-09-16,369
1988-09-17,356
1988-09-17,356
1988-09-18,344
1988-09-18,344
1988-09-19,330
1988-09-19,330
1988-09-20,317
1988-09-20,317
1988-09-21,304
1988-09-21,304
1988-09-22,292
1988-09-22,292
1988-09-23,280
1988-09-23,280
1988-09-24,271
1988-09-24,271
1988-09-25,261
1988-09-25,261
1988-09-26,253
1988-09-26,253
1988-09-27,247
1988-09-27,247
1988-09-28,239
1988-09-28,239
1988-09-29,233
1988-09-29,233
1988-09-30,224
1988-09-30,224
1988-10-01,213
1988-10-01,213
1988-10-02,206
1988-10-02,206
1988-10-03,196
1988-10-03,196
1988-10-04,185
1988-10-04,185
1988-10-05,172
1988-10-05,172
1988-10-06,166
1988-10-06,166
1988-10-07,157
1988-10-07,157
1988-10-08,147
1988-10-08,147
1988-10-09,141
1988-10-09,141
1988-10-10,136
1988-10-10,136
1988-10-11,133
1988-10-11,133
1988-10-12,130
1988-10-12,130
1988-10-13,129
1988-10-13,129
1988-10-14,127
1988-10-14,127
1988-10-15,125
1988-10-15,125
1988-10-16,122
1988-10-16,122
1988-10-17,119
1988-10-17,119
1988-10-18,126
1988-10-18,126
1988-10-19,122
1988-10-19,122
1988-10-20,117
1988-10-20,117
1988-10-21,116
1988-10-21,116
1988-10-22,117
1988-10-22,117
1988-10-23,120
1988-10-23,120
1988-10-24,124
1988-10-24,124
1988-10-25,128
1988-10-25,128
1988-10-26,131
1988-10-26,131
1988-10-27,136
1988-10-27,136
1988-10-28,139
1988-10-28,139
1988-10-29,138
1988-10-29,138
1988-10-30,137
1988-10-30,137
1988-10-31,133
1988-10-31,133
1988-11-01,134
1988-11-01,134
1988-11-02,130
1988-11-02,130
1988-11-03,130
1988-11-03,130
1988-11-04,128
1988-11-04,128
1988-11-05,123
1988-11-05,123
1988-11-06,122
1988-11-06,122
1988-11-07,126
1988-11-07,126
1988-11-08,129
1988-11-08,129
1988-11-09,131
1988-11-09,131
1988-11-10,133
1988-11-10,133
1988-11-11,135
1988-11-11,135
1988-11-12,130
1988-11-12,130
1988-11-13,140
1988-11-13,140
1988-11-14,140
1988-11-14,140
1988-11-15,140
1988-11-15,140
1988-11-16,130
1988-11-16,130
1988-11-17,130
1988-11-17,130
1988-11-18,148
1988-11-18,148
1988-11-19,143
1988-11-19,143
1988-11-20,145
1988-11-20,145
1988-11-21,152
1988-11-21,152
1988-11-22,152
1988-11-22,152
1988-11-23,163
1988-11-23,163
1988-11-24,162
1988-11-24,162
1988-11-25,175
1988-11-25,175
1988-11-26,181
1988-11-26,181
1988-11-27,185
1988-11-27,185
1988-11-28,188
1988-11-28,188
1988-11-29,195
1988-11-29,195
1988-11-30,202
1988-11-30,202
1988-12-01,204
1988-12-01,204
1988-12-02,207
1988-12-02,207
1988-12-03,210
1988-12-03,210
1988-12-04,221
1988-12-04,221
1988-12-05,225
1988-12-05,225
1988-12-06,231
1988-12-06,231
1988-12-07,236
1988-12-07,236
1988-12-08,241
1988-12-08,241
1988-12-09,248
1988-12-09,248
1988-12-10,255
1988-12-10,255
1988-12-11,262
1988-12-11,262
1988-12-12,260
1988-12-12,260
1988-12-13,274
1988-12-13,274
1988-12-14,280
1988-12-14,280
1988-12-15,285
1988-12-15,285
1988-12-16,298
1988-12-16,298
1988-12-17,301
1988-12-17,301
1988-12-18,311
1988-12-18,311
1988-12-19,311
1988-12-19,311
1988-12-20,311
1988-12-20,311
1988-12-21,315
1988-12-21,315
1988-12-22,322
1988-12-22,322
1988-12-23,322
1988-12-23,322
1988-12-24,334
1988-12-24,334
1988-12-25,339
1988-12-25,339
1988-12-26,346
1988-12-26,346
1988-12-27,354
1988-12-27,354
1988-12-28,363
1988-12-28,363
1988-12-29,365
1988-12-29,365
1988-12-30,368
1988-12-30,368
1988-12-31,371
1988-12-31,371
1991-01-01,318
1991-01-01,318
1991-01-01,316
1991-01-01,320
1991-01-02,326
1991-01-02,326
1991-01-02,325
1991-01-02,327
1991-01-03,329
1991-01-03,329
1991-01-03,329
1991-01-03,329
1991-01-04,334
1991-01-04,334
1991-01-04,333
1991-01-04,335
1991-01-05,341
1991-01-05,341
1991-01-05,339
1991-01-05,343
1991-01-06,346
1991-01-06,346
1991-01-06,345
1991-01-06,347
1991-01-07,351
1991-01-07,351
1991-01-07,349
1991-01-07,352
1991-01-08,355
1991-01-08,355
1991-01-08,354
1991-01-08,356
1991-01-09,359
1991-01-09,359
1991-01-09,358
1991-01-09,359
1991-01-10,362
1991-01-10,362
1991-01-10,361
1991-01-10,362
1991-01-11,364
1991-01-11,364
1991-01-11,363
1991-01-11,365
1991-01-12,371
1991-01-12,371
1991-01-12,369
1991-01-12,373
1991-01-13,376
1991-01-13,376
1991-01-13,375
1991-01-13,377
1991-01-14,382
1991-01-14,382
1991-01-14,381
1991-01-14,383
1991-01-15,388
1991-01-15,388
1991-01-15,385
1991-01-15,390
1991-01-16,398
1991-01-16,398
1991-01-16,396
1991-01-16,399
1991-01-17,404
1991-01-17,404
1991-01-17,402
1991-01-17,405
1991-01-18,413
1991-01-18,413
1991-01-18,410
1991-01-18,415
1991-01-19,423
1991-01-19,423
1991-01-19,421
1991-01-19,424
1991-01-20,428
1991-01-20,428
1991-01-20,427
1991-01-20,429
1991-01-21,433
1991-01-21,433
1991-01-21,432
1991-01-21,433
1991-01-22,441
1991-01-22,441
1991-01-22,438
1991-01-22,443
1991-01-23,449
1991-01-23,449
1991-01-23,446
1991-01-23,452
1991-01-24,457
1991-01-24,457
1991-01-24,455
1991-01-24,458
1991-01-25,463
1991-01-25,463
1991-01-25,462
1991-01-25,464
1991-01-26,470
1991-01-26,470
1991-01-26,468
1991-01-26,472
1991-01-27,479
1991-01-27,479
1991-01-27,477
1991-01-27,480
1991-01-28,485
1991-01-28,485
1991-01-28,483
1991-01-28,487
1991-01-29,489
1991-01-29,489
1991-01-29,487
1991-01-29,491
1991-01-30,195
1991-01-30,495
1991-01-30,193
1991-01-30,196
1991-01-31,502
1991-01-31,502
1991-01-31,500
1991-01-31,504
1991-02-01,507
1991-02-01,507
1991-02-01,503
1991-02-01,510
1991-02-02,516
1991-02-02,516
1991-02-02,513
1991-02-02,519
1991-02-03,523
1991-02-03,523
1991-02-03,523
1991-02-03,523
1991-02-04,526
1991-02-04,526
1991-02-04,525
1991-02-04,527
1991-02-05,529
1991-02-05,529
1991-02-05,528
1991-02-05,529
1991-02-06,535
1991-02-06,535
1991-02-06,533
1991-02-06,536
1991-02-07,535
1991-02-07,535
1991-02-07,533
1991-02-07,536
1991-02-08,532
1991-02-08,532
1991-02-08,532
1991-02-08,532
1991-02-09,532
1991-02-09,532
1991-02-09,532
1991-02-09,532
1991-02-10,535
1991-02-10,535
1991-02-10,535
1991-02-10,535
1991-02-11,535
1991-02-11,535
1991-02-11,535
1991-02-11,535
1991-02-12,535
1991-02-12,535
1991-02-12,535
1991-02-12,535
1991-02-13,537
1991-02-13,537
1991-02-13,537
1991-02-13,537
1991-02-14,536
1991-02-14,536
1991-02-14,536
1991-02-14,536
1991-02-15,536
1991-02-15,536
1991-02-15,536
1991-02-15,536
1991-02-16,536
1991-02-16,536
1991-02-16,536
1991-02-16,536
1991-02-17,539
1991-02-17,539
1991-02-17,538
1991-02-17,539
1991-02-18,541
1991-02-18,541
1991-02-18,540
1991-02-18,541
1991-02-19,543
1991-02-19,543
1991-02-19,543
1991-02-19,543
1991-02-20,545
1991-02-20,545
1991-02-20,545
1991-02-20,544
1991-02-21,550
1991-02-21,550
1991-02-21,549
1991-02-21,551
1991-02-22,550
1991-02-22,550
1991-02-22,551
1991-02-22,549
1991-02-23,548
1991-02-23,548
1991-02-23,549
1991-02-23,547
1991-02-24,545
1991-02-24,545
1991-02-24,546
1991-02-24,543
1991-02-25,544
1991-02-25,544
1991-02-25,543
1991-02-25,544
1991-02-26,543
1991-02-26,543
1991-02-26,543
1991-02-26,543
1991-02-27,544
1991-02-27,544
1991-02-27,543
1991-02-27,545
1991-02-28,545
1991-02-28,545
1991-02-28,545
1991-02-28,545
1991-03-01,547
1991-03-01,547
1991-03-01,545
1991-03-01,548
1991-03-02,548
1991-03-02,548
1991-03-02,548
1991-03-02,548
1991-03-03,548
1991-03-03,548
1991-03-03,548
1991-03-03,548
1991-03-04,548
1991-03-04,548
1991-03-04,548
1991-03-04,547
1991-03-05,546
1991-03-05,546
1991-03-05,546
1991-03-05,546
1991-03-06,546
1991-03-06,546
1991-03-06,546
1991-03-06,545
1991-03-07,546
1991-03-07,546
1991-03-07,545
1991-03-07,547
1991-03-08,548
1991-03-08,548
1991-03-08,548
1991-03-08,548
1991-03-09,549
1991-03-09,549
1991-03-09,549
1991-03-09,549
1991-03-10,548
1991-03-10,548
1991-03-10,549
1991-03-10,547
1991-03-11,548
1991-03-11,548
1991-03-11,548
1991-03-11,547
1991-03-12,547
1991-03-12,547
1991-03-12,547
1991-03-12,547
1991-03-13,550
1991-03-13,550
1991-03-13,549
1991-03-13,551
1991-03-14,554
1991-03-14,554
1991-03-14,553
1991-03-14,555
1991-03-15,556
1991-03-15,556
1991-03-15,555
1991-03-15,556
1991-03-16,558
1991-03-16,558
1991-03-16,558
1991-03-16,558
1991-03-17,562
1991-03-17,562
1991-03-17,561
1991-03-17,562
1991-03-18,563
1991-03-18,563
1991-03-18,563
1991-03-18,563
1991-03-19,563
1991-03-19,563
1991-03-19,563
1991-03-19,563
1991-03-20,565
1991-03-20,565
1991-03-20,565
1991-03-20,565
1991-03-21,567
1991-03-21,567
1991-03-21,566
1991-03-21,567
1991-03-22,570
1991-03-22,570
1991-03-22,569
1991-03-22,570
1991-03-23,573
1991-03-23,573
1991-03-23,572
1991-03-23,574
1991-03-24,575
1991-03-24,575
1991-03-24,575
1991-03-24,575
1991-03-25,575
1991-03-25,575
1991-03-25,575
1991-03-25,575
1991-03-26,576
1991-03-26,576
1991-03-26,575
1991-03-26,577
1991-03-27,579
1991-03-27,579
1991-03-27,577
1991-03-27,580
1991-03-28,584
1991-03-28,584
1991-03-28,582
1991-03-28,586
1991-03-29,587
1991-03-29,587
1991-03-29,586
1991-03-29,588
1991-03-30,592
1991-03-30,592
1991-03-30,591
1991-03-30,593
1991-03-31,598
1991-03-31,598
1991-03-31,596
1991-03-31,600
1991-04-01,605
1991-04-01,605
1991-04-01,604
1991-04-01,606
1991-04-02,610
1991-04-02,610
1991-04-02,609
1991-04-02,610
1991-04-03,613
1991-04-03,613
1991-04-03,612
1991-04-03,614
1991-04-04,617
1991-04-04,617
1991-04-04,616
1991-04-04,618
1991-04-05,623
1991-04-05,623
1991-04-05,622
1991-04-05,623
1991-04-06,627
1991-04-06,627
1991-04-06,626
1991-04-06,628
1991-04-07,632
1991-04-07,632
1991-04-07,631
1991-04-07,632
1991-04-08,636
1991-04-08,636
1991-04-08,635
1991-04-08,637
1991-04-09,639
1991-04-09,639
1991-04-09,639
1991-04-09,639
1991-04-10,645
1991-04-10,645
1991-04-10,643
1991-04-10,646
1991-04-11,650
1991-04-11,650
1991-04-11,648
1991-04-11,651
1991-04-12,653
1991-04-12,653
1991-04-12,652
1991-04-12,654
1991-04-13,656
1991-04-13,656
1991-04-13,655
1991-04-13,657
1991-04-14,659
1991-04-14,659
1991-04-14,658
1991-04-14,660
1991-04-15,662
1991-04-15,662
1991-04-15,661
1991-04-15,662
1991-04-16,665
1991-04-16,665
1991-04-16,664
1991-04-16,665
1991-04-17,667
1991-04-17,667
1991-04-17,666
1991-04-17,668
1991-04-18,670
1991-04-18,670
1991-04-18,669
1991-04-18,671
1991-04-19,673
1991-04-19,673
1991-04-19,672
1991-04-19,673
1991-04-20,683
1991-04-20,683
1991-04-20,682
1991-04-20,683
1991-04-21,684
1991-04-21,684
1991-04-21,683
1991-04-21,684
1991-04-22,689
1991-04-22,689
1991-04-22,687
1991-04-22,690
1991-04-23,692
1991-04-23,692
1991-04-23,691
1991-04-23,693
1991-04-24,694
1991-04-24,694
1991-04-24,693
1991-04-24,694
1991-04-25,699
1991-04-25,699
1991-04-25,697
1991-04-25,700
1991-04-26,701
1991-04-26,701
1991-04-26,700
1991-04-26,702
1991-04-27,708
1991-04-27,708
1991-04-27,707
1991-04-27,708
1991-04-28,710
1991-04-28,710
1991-04-28,709
1991-04-28,710
1991-04-29,711
1991-04-29,711
1991-04-29,710
1991-04-29,711
1991-04-30,713
1991-04-30,713
1991-04-30,712
1991-04-30,713
1991-05-01,715
1991-05-01,715
1991-05-01,714
1991-05-01,716
1991-05-02,717
1991-05-02,717
1991-05-02,716
1991-05-02,717
1991-05-03,721
1991-05-03,721
1991-05-03,720
1991-05-03,721
1991-05-04,723
1991-05-04,723
1991-05-04,722
1991-05-04,723
1991-05-05,725
1991-05-05,725
1991-05-05,724
1991-05-05,726
1991-05-06,729
1991-05-06,729
1991-05-06,728
1991-05-06,730
1991-05-07,730
1991-05-07,730
1991-05-07,730
1991-05-07,730
1991-05-08,730
1991-05-08,730
1991-05-08,730
1991-05-08,730
1991-05-09,731
1991-05-09,731
1991-05-09,731
1991-05-09,731
1991-05-10,733
1991-05-10,733
1991-05-10,733
1991-05-10,733
1991-05-11,734
1991-05-11,734
1991-05-11,734
1991-05-11,734
1991-05-12,735
1991-05-12,735
1991-05-12,734
1991-05-12,736
1991-05-13,736
1991-05-13,736
1991-05-13,736
1991-05-13,736
1991-05-14,738
1991-05-14,738
1991-05-14,739
1991-05-14,737
1991-05-15,747
1991-05-15,747
1991-05-15,747
1991-05-15,747
1991-05-16,747
1991-05-16,747
1991-05-16,747
1991-05-16,747
1991-05-17,749
1991-05-17,749
1991-05-17,749
1991-05-17,749
1991-05-18,753
1991-05-18,753
1991-05-18,752
1991-05-18,753
1991-05-19,759
1991-05-19,759
1991-05-19,757
1991-05-19,760
1991-05-20,766
1991-05-20,766
1991-05-20,764
1991-05-20,767
1991-05-21,769
1991-05-21,769
1991-05-21,768
1991-05-21,769
1991-05-22,771
1991-05-22,771
1991-05-22,770
1991-05-22,771
1991-05-23,771
1991-05-23,771
1991-05-23,771
1991-05-23,771
1991-05-24,772
1991-05-24,772
1991-05-24,772
1991-05-24,772
1991-05-25,776
1991-05-25,776
1991-05-25,775
1991-05-25,776
1991-05-26,776
1991-05-26,776
1991-05-26,775
1991-05-26,777
1991-05-27,778
1991-05-27,778
1991-05-27,777
1991-05-27,778
1991-05-28,779
1991-05-28,779
1991-05-28,779
1991-05-28,779
1991-05-29,780
1991-05-29,780
1991-05-29,780
1991-05-29,780
1991-05-30,780
1991-05-30,780
1991-05-30,780
1991-05-30,780
1991-05-31,780
1991-05-31,780
1991-05-31,780
1991-05-31,780
1991-06-01,783
1991-06-01,783
1991-06-01,782
1991-06-01,783
1991-06-02,783
1991-06-02,783
1991-06-02,782
1991-06-02,783
1991-06-03,782
1991-06-03,782
1991-06-03,782
1991-06-03,781
1991-06-04,781
1991-06-04,781
1991-06-04,781
1991-06-04,780
1991-06-05,780
1991-06-05,780
1991-06-05,780
1991-06-05,779
1991-06-06,781
1991-06-06,781
1991-06-06,780
1991-06-06,781
1991-06-07,780
1991-06-07,780
1991-06-07,780
1991-06-07,780
1991-06-08,783
1991-06-08,783
1991-06-08,782
1991-06-08,784
1991-06-09,786
1991-06-09,786
1991-06-09,784
1991-06-09,787
1991-06-10,786
1991-06-10,786
1991-06-10,786
1991-06-10,785
1991-06-11,785
1991-06-11,785
1991-06-11,785
1991-06-11,785
1991-06-12,785
1991-06-12,785
1991-06-12,785
1991-06-12,785
1991-06-13,785
1991-06-13,785
1991-06-13,785
1991-06-13,785
1991-06-14,785
1991-06-14,785
1991-06-14,785
1991-06-14,785
1991-06-15,788
1991-06-15,788
1991-06-15,787
1991-06-15,788
1991-06-16,788
1991-06-16,788
1991-06-16,788
1991-06-16,788
1991-06-17,788
1991-06-17,788
1991-06-17,788
1991-06-17,788
1991-06-18,789
1991-06-18,789
1991-06-18,788
1991-06-18,789
1991-06-19,790
1991-06-19,790
1991-06-19,790
1991-06-19,790
1991-06-20,790
1991-06-20,790
1991-06-20,790
1991-06-20,789
1991-06-21,789
1991-06-21,789
1991-06-21,789
1991-06-21,788
1991-06-22,787
1991-06-22,787
1991-06-22,787
1991-06-22,787
1991-06-23,785
1991-06-23,785
1991-06-23,785
1991-06-23,784
1991-06-24,783
1991-06-24,783
1991-06-24,783
1991-06-24,782
1991-06-25,781
1991-06-25,781
1991-06-25,781
1991-06-25,780
1991-06-26,778
1991-06-26,778
1991-06-26,778
1991-06-26,777
1991-06-27,775
1991-06-27,775
1991-06-27,775
1991-06-27,774
1991-06-28,772
1991-06-28,772
1991-06-28,772
1991-06-28,771
1991-06-29,770
1991-06-29,770
1991-06-29,771
1991-06-29,769
1991-06-30,766
1991-06-30,766
1991-06-30,767
1991-06-30,765
1991-07-01,763
1991-07-01,763
1991-07-01,764
1991-07-01,762
1991-07-02,759
1991-07-02,759
1991-07-02,760
1991-07-02,758
1991-07-03,757
1991-07-03,757
1991-07-03,757
1991-07-03,756
1991-07-04,753
1991-07-04,753
1991-07-04,754
1991-07-04,752
1991-07-05,750
1991-07-05,750
1991-07-05,750
1991-07-05,749
1991-07-06,746
1991-07-06,746
1991-07-06,747
1991-07-06,745
1991-07-07,744
1991-07-07,744
1991-07-07,744
1991-07-07,743
1991-07-08,742
1991-07-08,742
1991-07-08,742
1991-07-08,741
1991-07-09,740
1991-07-09,740
1991-07-09,740
1991-07-09,740
1991-07-10,739
1991-07-10,739
1991-07-10,739
1991-07-10,739
1991-07-11,738
1991-07-11,738
1991-07-11,738
1991-07-11,738
1991-07-12,737
1991-07-12,737
1991-07-12,737
1991-07-12,736
1991-07-13,735
1991-07-13,735
1991-07-13,735
1991-07-13,734
1991-07-14,734
1991-07-14,734
1991-07-14,734
1991-07-14,733
1991-07-15,732
1991-07-15,732
1991-07-15,732
1991-07-15,731
1991-07-16,730
1991-07-16,730
1991-07-16,730
1991-07-16,729
1991-07-17,728
1991-07-17,728
1991-07-17,728
1991-07-17,728
1991-07-18,725
1991-07-18,725
1991-07-18,726
1991-07-18,724
1991-07-19,721
1991-07-19,721
1991-07-19,721
1991-07-19,720
1991-07-20,717
1991-07-20,717
1991-07-20,718
1991-07-20,716
1991-07-21,713
1991-07-21,713
1991-07-21,714
1991-07-21,712
1991-07-22,709
1991-07-22,709
1991-07-22,710
1991-07-22,708
1991-07-23,703
1991-07-23,703
1991-07-23,704
1991-07-23,701
1991-07-24,698
1991-07-24,698
1991-07-24,699
1991-07-24,696
1991-07-25,693
1991-07-25,693
1991-07-25,694
1991-07-25,692
1991-07-26,691
1991-07-26,691
1991-07-26,691
1991-07-26,691
1991-07-27,690
1991-07-27,690
1991-07-27,690
1991-07-27,689
1991-07-28,688
1991-07-28,688
1991-07-28,688
1991-07-28,687
1991-07-29,687
1991-07-29,687
1991-07-29,687
1991-07-29,687
1991-07-30,687
1991-07-30,687
1991-07-30,687
1991-07-30,686
1991-07-31,685
1991-07-31,685
1991-07-31,685
1991-07-31,685
1991-08-01,684
1991-08-01,684
1991-08-01,684
1991-08-01,683
1991-08-02,682
1991-08-02,682
1991-08-02,682
1991-08-02,682
1991-08-03,682
1991-08-03,682
1991-08-03,682
1991-08-03,682
1991-08-04,682
1991-08-04,682
1991-08-04,682
1991-08-04,682
1991-08-05,681
1991-08-05,681
1991-08-05,681
1991-08-05,680
1991-08-06,679
1991-08-06,679
1991-08-06,679
1991-08-06,679
1991-08-07,678
1991-08-07,678
1991-08-07,678
1991-08-07,677
1991-08-08,676
1991-08-08,676
1991-08-08,677
1991-08-08,675
1991-08-09,675
1991-08-09,675
1991-08-09,675
1991-08-09,674
1991-08-10,672
1991-08-10,672
1991-08-10,673
1991-08-10,671
1991-08-11,670
1991-08-11,670
1991-08-11,670
1991-08-11,669
1991-08-12,667
1991-08-12,667
1991-08-12,667
1991-08-12,666
1991-08-13,663
1991-08-13,663
1991-08-13,664
1991-08-13,662
1991-08-14,659
1991-08-14,659
1991-08-14,660
1991-08-14,657
1991-08-15,654
1991-08-15,654
1991-08-15,655
1991-08-15,653
1991-08-16,650
1991-08-16,650
1991-08-16,651
1991-08-16,649
1991-08-17,645
1991-08-17,645
1991-08-17,646
1991-08-17,643
1991-08-18,639
1991-08-18,639
1991-08-18,640
1991-08-18,638
1991-08-19,634
1991-08-19,634
1991-08-19,635
1991-08-19,632
1991-08-20,628
1991-08-20,628
1991-08-20,629
1991-08-20,627
1991-08-21,623
1991-08-21,623
1991-08-21,625
1991-08-21,621
1991-08-22,616
1991-08-22,616
1991-08-22,617
1991-08-22,615
1991-08-23,609
1991-08-23,609
1991-08-23,611
1991-08-23,607
1991-08-24,604
1991-08-24,604
1991-08-24,605
1991-08-24,603
1991-08-25,600
1991-08-25,600
1991-08-25,600
1991-08-25,599
1991-08-26,596
1991-08-26,596
1991-08-26,596
1991-08-26,595
1991-08-27,592
1991-08-27,592
1991-08-27,593
1991-08-27,590
1991-08-28,587
1991-08-28,587
1991-08-28,588
1991-08-28,586
1991-08-29,582
1991-08-29,582
1991-08-29,583
1991-08-29,581
1991-08-30,579
1991-08-30,579
1991-08-30,580
1991-08-30,578
1991-08-31,575
1991-08-31,575
1991-08-31,576
1991-08-31,573
1991-09-01,575
1991-09-01,575
1991-09-01,571
1991-09-01,578
1991-09-02,563
1991-09-02,563
1991-09-02,565
1991-09-02,561
1991-09-03,557
1991-09-03,557
1991-09-03,558
1991-09-03,556
1991-09-04,550
1991-09-04,550
1991-09-04,552
1991-09-04,548
1991-09-05,543
1991-09-05,543
1991-09-05,545
1991-09-05,541
1991-09-06,537
1991-09-06,537
1991-09-06,538
1991-09-06,535
1991-09-07,530
1991-09-07,530
1991-09-07,532
1991-09-07,528
1991-09-08,525
1991-09-08,525
1991-09-08,526
1991-09-08,524
1991-09-09,519
1991-09-09,519
1991-09-09,520
1991-09-09,517
1991-09-10,513
1991-09-10,513
1991-09-10,514
1991-09-10,511
1991-09-11,505
1991-09-11,505
1991-09-11,507
1991-09-11,503
1991-09-12,498
1991-09-12,498
1991-09-12,500
1991-09-12,495
1991-09-13,489
1991-09-13,489
1991-09-13,491
1991-09-13,487
1991-09-14,481
1991-09-14,481
1991-09-14,483
1991-09-14,478
1991-09-15,478
1991-09-15,478
1991-09-15,486
1991-09-15,469
1991-09-16,453
1991-09-16,453
1991-09-16,446
1991-09-16,459
1991-09-17,450
1991-09-17,450
1991-09-17,453
1991-09-17,447
1991-09-18,439
1991-09-18,439
1991-09-18,441
1991-09-18,436
1991-09-19,427
1991-09-19,427
1991-09-19,430
1991-09-19,423
1991-09-20,416
1991-09-20,416
1991-09-20,419
1991-09-20,413
1991-09-21,405
1991-09-21,405
1991-09-21,407
1991-09-21,402
1991-09-22,395
1991-09-22,395
1991-09-22,397
1991-09-22,393
1991-09-23,384
1991-09-23,384
1991-09-23,386
1991-09-23,382
1991-09-24,375
1991-09-24,375
1991-09-24,377
1991-09-24,372
1991-09-25,365
1991-09-25,365
1991-09-25,367
1991-09-25,363
1991-09-26,356
1991-09-26,356
1991-09-26,358
1991-09-26,353
1991-09-27,347
1991-09-27,347
1991-09-27,349
1991-09-27,344
1991-09-28,336
1991-09-28,336
1991-09-28,339
1991-09-28,333
1991-09-29,326
1991-09-29,326
1991-09-29,328
1991-09-29,323
1991-09-30,316
1991-09-30,316
1991-09-30,318
1991-09-30,313
1991-10-01,305
1991-10-01,305
1991-10-01,307
1991-10-01,302
1991-10-02,294
1991-10-02,294
1991-10-02,296
1991-10-02,291
1991-10-03,282
1991-10-03,282
1991-10-03,285
1991-10-03,279
1991-10-04,271
1991-10-04,271
1991-10-04,273
1991-10-04,268
1991-10-05,259
1991-10-05,259
1991-10-05,262
1991-10-05,256
1991-10-06,249
1991-10-06,249
1991-10-06,251
1991-10-06,247
1991-10-07,241
1991-10-07,241
1991-10-07,243
1991-10-07,239
1991-10-08,234
1991-10-08,234
1991-10-08,236
1991-10-08,231
1991-10-09,225
1991-10-09,225
1991-10-09,227
1991-10-09,223
1991-10-10,221
1991-10-10,221
1991-10-10,226
1991-10-10,216
1991-10-11,212
1991-10-11,212
1991-10-12,204
1991-10-12,211
1991-10-13,195
1991-10-13,203
1991-10-14,187
1991-10-14,192
1991-10-15,178
1991-10-15,186
1991-10-16,170
1991-10-16,169
1991-10-17,161
1991-10-17,159
1991-10-18,153
1991-10-18,150
1991-10-19,144
1991-10-19,142
1991-10-20,136
1991-10-20,133
1991-10-21,128
1991-10-21,128
1991-10-21,128
1991-10-21,127
1991-10-22,125
1991-10-22,125
1991-10-22,125
1991-10-22,124
1991-10-23,122
1991-10-23,122
1991-10-23,122
1991-10-23,122
1991-10-24,121
1991-10-24,121
1991-10-24,122
1991-10-24,119
1991-10-25,118
1991-10-25,118
1991-10-25,119
1991-10-25,117
1991-10-26,116
1991-10-26,116
1991-10-26,117
1991-10-26,114
1991-10-27,110
1991-10-27,110
1991-10-27,112
1991-10-27,107
1991-10-28,103
1991-10-28,103
1991-10-28,106
1991-10-28,100
1991-10-29,96
1991-10-29,96
1991-10-29,99
1991-10-29,93
1991-10-30,89
1991-10-30,89
1991-10-30,91
1991-10-30,86
1991-10-31,83
1991-10-31,83
1991-10-31,84
1991-10-31,81
1991-11-01,75
1991-11-01,75
1991-11-01,77
1991-11-01,72
1991-11-02,68
1991-11-02,68
1991-11-02,68
1991-11-02,67
1991-11-03,63
1991-11-03,63
1991-11-03,62
1991-11-03,63
1991-11-04,61
1991-11-04,61
1991-11-04,61
1991-11-04,60
1991-11-05,59
1991-11-05,59
1991-11-05,60
1991-11-05,58
1991-11-06,58
1991-11-06,58
1991-11-06,58
1991-11-06,57
1991-11-07,59
1991-11-07,59
1991-11-07,59
1991-11-07,59
1991-11-08,60
1991-11-08,60
1991-11-08,61
1991-11-08,59
1991-11-09,59
1991-11-09,59
1991-11-09,61
1991-11-09,56
1991-11-10,53
1991-11-10,53
1991-11-10,56
1991-11-10,50
1991-11-11,48
1991-11-11,48
1991-11-11,50
1991-11-11,45
1991-11-12,42
1991-11-12,42
1991-11-12,43
1991-11-12,41
1991-11-13,42
1991-11-13,42
1991-11-13,41
1991-11-13,42
1991-11-14,41
1991-11-14,41
1991-11-14,42
1991-11-14,40
1991-11-15,41
1991-11-15,41
1991-11-15,41
1991-11-15,41
1991-11-16,41
1991-11-16,41
1991-11-16,41
1991-11-16,41
1991-11-17,39
1991-11-17,39
1991-11-17,39
1991-11-17,39
1991-11-18,44
1991-11-18,44
1991-11-18,43
1991-11-18,45
1991-11-19,47
1991-11-19,47
1991-11-19,46
1991-11-19,48
1991-11-20,52
1991-11-20,52
1991-11-20,50
1991-11-20,54
1991-11-21,60
1991-11-21,60
1991-11-21,58
1991-11-21,62
1991-11-22,64
1991-11-22,64
1991-11-22,58
1991-11-22,69
1991-11-23,72
1991-11-23,72
1991-11-23,71
1991-11-23,72
1991-11-24,74
1991-11-24,74
1991-11-24,73
1991-11-24,74
1991-11-25,76
1991-11-25,76
1991-11-25,75
1991-11-25,77
1991-11-26,80
1991-11-26,80
1991-11-26,78
1991-11-26,81
1991-11-27,83
1991-11-27,83
1991-11-27,83
1991-11-27,83
1991-11-28,83
1991-11-28,83
1991-11-28,83
1991-11-28,83
1991-11-29,85
1991-11-29,85
1991-11-29,84
1991-11-29,85
1991-11-30,94
1991-11-30,94
1991-11-30,100
1991-11-30,87
1991-12-01,95
1991-12-02,96
1991-12-03,96
1991-12-04,97
1991-12-05,98
1991-12-06,99
1991-12-07,99
1991-12-08,100
1991-12-09,101
1991-12-10,102
1991-12-11,102
1991-12-12,103
1991-12-13,104
1991-12-14,105
1991-12-15,105
1991-12-16,106
1991-12-16,106
1991-12-17,109
1991-12-17,109
1991-12-18,110
1991-12-18,110
1991-12-19,116
1991-12-19,116
1991-12-20,121
1991-12-20,121
1991-12-21,129
1991-12-21,129
1991-12-22,135
1991-12-22,135
1991-12-23,140
1991-12-23,140
1991-12-24,145
1991-12-24,145
1991-12-25,151
1991-12-25,151
1991-12-26,155
1991-12-26,155
1991-12-27,158
1991-12-27,158
1991-12-28,160
1991-12-28,160
1991-12-29,161
1991-12-29,161
1991-12-30,161
1991-12-30,161
1991-12-31,163
1991-12-31,163
1992-01-01,164
1992-01-01,164
1992-01-02,164
1992-01-02,164
1992-01-03,166
1992-01-03,166
1992-01-04,167
1992-01-04,167
1992-01-05,169
1992-01-05,169
1992-01-06,170
1992-01-06,170
1992-01-07,171
1992-01-07,171
1992-01-08,171
1992-01-08,171
1992-01-09,173
1992-01-09,173
1992-01-10,172
1992-01-10,172
1992-01-11,170
1992-01-11,170
1992-01-12,170
1992-01-12,170
1992-01-13,170
1992-01-13,170
1992-01-14,171
1992-01-14,171
1992-01-15,171
1992-01-15,171
1992-01-16,173
1992-01-16,173
1992-01-17,178
1992-01-17,178
1992-01-18,181
1992-01-18,181
1992-01-19,188
1992-01-19,188
1992-01-20,195
1992-01-20,195
1992-01-21,203
1992-01-21,203
1992-01-22,212
1992-01-22,212
1992-01-23,221
1992-01-23,221
1992-01-24,229
1992-01-24,229
1992-01-25,235
1992-01-25,235
1992-01-26,240
1992-01-26,240
1992-01-27,242
1992-01-27,242
1992-01-28,247
1992-01-28,247
1992-01-29,250
1992-01-29,250
1992-01-30,253
1992-01-30,253
1992-01-31,255
1992-01-31,255
1992-02-01,259
1992-02-01,259
1992-02-02,263
1992-02-02,263
1992-02-03,268
1992-02-03,268
1992-02-04,273
1992-02-04,273
1992-02-05,278
1992-02-05,278
1992-02-06,281
1992-02-06,281
1992-02-07,285
1992-02-07,285
1992-02-08,285
1992-02-08,285
1992-02-09,284
1992-02-09,284
1992-02-10,283
1992-02-10,283
1992-02-11,282
1992-02-11,282
1992-02-12,279
1992-02-12,279
1992-02-13,278
1992-02-13,278
1992-02-14,277
1992-02-14,277
1992-02-15,274
1992-02-15,274
1992-02-16,271
1992-02-16,271
1992-02-17,272
1992-02-17,272
1992-02-18,275
1992-02-18,275
1992-02-19,281
1992-02-19,281
1992-02-20,287
1992-02-20,287
1992-02-21,289
1992-02-21,289
1992-02-22,293
1992-02-22,293
1992-02-23,292
1992-02-23,292
1992-02-24,291
1992-02-24,291
1992-02-25,290
1992-02-25,290
1992-02-26,291
1992-02-26,291
1992-02-27,291
1992-02-27,291
1992-02-28,290
1992-02-28,290
1992-02-29,290
1992-02-29,290
1992-03-01,293
1992-03-01,293
1992-03-02,298
1992-03-02,298
1992-03-03,302
1992-03-03,302
1992-03-04,306
1992-03-04,306
1992-03-05,311
1992-03-05,311
1992-03-06,316
1992-03-06,316
1992-03-07,321
1992-03-07,321
1992-03-08,327
1992-03-08,327
1992-03-09,332
1992-03-09,332
1992-03-10,340
1992-03-10,340
1992-03-11,347
1992-03-11,347
1992-03-12,354
1992-03-12,354
1992-03-13,359
1992-03-13,359
1992-03-14,364
1992-03-14,364
1992-03-15,370
1992-03-15,370
1992-03-16,378
1992-03-16,378
1992-03-17,387
1992-03-17,387
1992-03-18,395
1992-03-18,395
1992-03-19,405
1992-03-19,405
1992-03-20,417
1992-03-20,417
1992-03-21,427
1992-03-21,427
1992-03-22,434
1992-03-22,434
1992-03-23,442
1992-03-23,442
1992-03-24,455
1992-03-24,455
1992-03-25,461
1992-03-25,461
1992-03-26,468
1992-03-26,468
1992-03-27,474
1992-03-27,474
1992-03-28,629
1992-03-28,480
1992-03-29,486
1992-03-29,486
1992-03-30,492
1992-03-30,492
1992-03-31,499
1992-03-31,499
1992-04-01,508
1992-04-01,508
1992-04-02,516
1992-04-02,516
1992-04-03,522
1992-04-03,522
1992-04-04,526
1992-04-04,526
1992-04-05,530
1992-04-05,530
1992-04-06,534
1992-04-06,534
1992-04-07,532
1992-04-07,532
1992-04-08,541
1992-04-08,541
1992-04-09,545
1992-04-09,545
1992-04-10,548
1992-04-10,548
1992-04-11,550
1992-04-11,550
1992-04-12,554
1992-04-12,554
1992-04-13,557
1992-04-13,557
1992-04-14,561
1992-04-14,561
1992-04-15,568
1992-04-15,568
1992-04-16,573
1992-04-16,573
1992-04-17,576
1992-04-17,576
1992-04-18,580
1992-04-18,580
1992-04-19,583
1992-04-19,583
1992-04-20,585
1992-04-20,585
1992-04-21,588
1992-04-21,588
1992-04-22,590
1992-04-22,590
1992-04-23,591
1992-04-23,591
1992-04-24,593
1992-04-24,593
1992-04-25,595
1992-04-25,595
1992-04-26,593
1992-04-26,593
1992-04-27,593
1992-04-27,593
1992-04-28,592
1992-04-28,592
1992-04-29,594
1992-04-29,594
1992-04-30,596
1992-04-30,596
1992-05-01,597
1992-05-01,597
1992-05-02,599
1992-05-02,599
1992-05-03,601
1992-05-03,601
1992-05-04,602
1992-05-04,602
1992-05-05,603
1992-05-05,603
1992-05-06,605
1992-05-06,605
1992-05-07,606
1992-05-07,606
1992-05-08,607
1992-05-08,607
1992-05-09,608
1992-05-09,608
1992-05-10,608
1992-05-10,608
1992-05-11,607
1992-05-11,607
1992-05-12,607
1992-05-12,607
1992-05-13,606
1992-05-13,606
1992-05-14,606
1992-05-14,606
1992-05-15,606
1992-05-15,606
1992-05-16,606
1992-05-16,606
1992-05-17,605
1992-05-17,605
1992-05-18,605
1992-05-18,605
1992-05-19,605
1992-05-19,605
1992-05-20,604
1992-05-20,604
1992-05-21,603
1992-05-21,603
1992-05-22,601
1992-05-22,601
1992-05-23,599
1992-05-23,599
1992-05-24,597
1992-05-24,597
1992-05-25,593
1992-05-25,593
1992-05-26,591
1992-05-26,591
1992-05-27,588
1992-05-27,588
1992-05-28,586
1992-05-28,586
1992-05-29,584
1992-05-29,584
1992-05-30,583
1992-05-30,583
1992-05-31,580
1992-05-31,580
1992-06-01,578
1992-06-01,578
1992-06-02,577
1992-06-02,577
1992-06-03,577
1992-06-03,577
1992-06-04,577
1992-06-04,577
1992-06-05,576
1992-06-05,576
1992-06-06,574
1992-06-06,574
1992-06-07,572
1992-06-07,572
1992-06-08,571
1992-06-08,571
1992-06-09,570
1992-06-09,570
1992-06-10,567
1992-06-10,567
1992-06-11,565
1992-06-11,565
1992-06-12,563
1992-06-12,563
1992-06-13,561
1992-06-13,561
1992-06-14,559
1992-06-14,559
1992-06-15,558
1992-06-15,558
1992-06-16,556
1992-06-16,556
1992-06-17,553
1992-06-17,553
1992-06-18,550
1992-06-18,550
1992-06-19,547
1992-06-19,547
1992-06-20,543
1992-06-20,543
1992-06-21,539
1992-06-21,539
1992-06-22,535
1992-06-22,535
1992-06-23,532
1992-06-23,532
1992-06-24,529
1992-06-24,529
1992-06-25,525
1992-06-25,525
1992-06-26,523
1992-06-26,523
1992-06-27,518
1992-06-27,518
1992-06-28,515
1992-06-28,515
1992-06-29,511
1992-06-29,511
1992-06-30,508
1992-06-30,508
1992-07-01,505
1992-07-01,505
1992-07-02,503
1992-07-02,503
1992-07-03,500
1992-07-03,500
1992-07-04,498
1992-07-04,498
1992-07-05,496
1992-07-05,496
1992-07-06,494
1992-07-06,494
1992-07-07,491
1992-07-07,491
1992-07-08,487
1992-07-08,487
1992-07-09,483
1992-07-09,483
1992-07-10,480
1992-07-10,480
1992-07-11,476
1992-07-11,476
1992-07-12,471
1992-07-12,471
1992-07-13,467
1992-07-13,467
1992-07-14,463
1992-07-14,463
1992-07-15,461
1992-07-15,461
1992-07-16,459
1992-07-16,459
1992-07-17,456
1992-07-17,456
1992-07-18,453
1992-07-18,453
1992-07-19,450
1992-07-19,450
1992-07-20,446
1992-07-20,446
1992-07-21,443
1992-07-21,443
1992-07-22,439
1992-07-22,439
1992-07-23,435
1992-07-23,435
1992-07-24,431
1992-07-24,431
1992-07-25,427
1992-07-25,427
1992-07-26,422
1992-07-26,422
1992-07-27,419
1992-07-27,419
1992-07-28,417
1992-07-28,417
1992-07-29,416
1992-07-29,416
1992-07-30,415
1992-07-30,415
1992-07-31,413
1992-07-31,413
1992-08-01,412
1992-08-01,412
1992-08-02,411
1992-08-02,411
1992-08-03,408
1992-08-03,408
1992-08-04,405
1992-08-04,405
1992-08-05,403
1992-08-05,403
1992-08-06,398
1992-08-06,398
1992-08-07,393
1992-08-07,393
1992-08-08,388
1992-08-08,388
1992-08-09,381
1992-08-09,381
1992-08-10,375
1992-08-10,375
1992-08-11,369
1992-08-11,369
1992-08-12,367
1992-08-12,367
1992-08-13,362
1992-08-13,362
1992-08-14,359
1992-08-14,359
1992-08-15,356
1992-08-15,356
1992-08-16,350
1992-08-16,350
1992-08-17,346
1992-08-17,346
1992-08-18,341
1992-08-18,341
1992-08-19,334
1992-08-19,334
1992-08-20,329
1992-08-20,329
1992-08-21,322
1992-08-21,322
1992-08-22,316
1992-08-22,316
1992-08-23,309
1992-08-23,309
1992-08-24,301
1992-08-24,301
1992-08-25,344
1992-08-25,294
1992-08-26,289
1992-08-26,289
1992-08-27,284
1992-08-27,284
1992-08-28,279
1992-08-28,279
1992-08-29,278
1992-08-29,278
1992-08-30,276
1992-08-30,276
1992-08-31,276
1992-08-31,276
1992-09-01,273
1992-09-01,273
1992-09-02,270
1992-09-02,270
1992-09-03,268
1992-09-03,268
1992-09-04,263
1992-09-04,263
1992-09-05,260
1992-09-05,260
1992-09-06,255
1992-09-06,255
1992-09-07,250
1992-09-07,250
1992-09-08,245
1992-09-08,245
1992-09-09,242
1992-09-09,242
1992-09-10,239
1992-09-10,239
1992-09-11,237
1992-09-11,237
1992-09-12,236
1992-09-12,236
1992-09-13,235
1992-09-13,235
1992-09-14,234
1992-09-14,234
1992-09-15,233
1992-09-15,233
1992-09-16,231
1992-09-16,231
1992-09-17,229
1992-09-17,229
1992-09-18,225
1992-09-18,225
1992-09-19,222
1992-09-19,222
1992-09-20,218
1992-09-20,218
1992-09-21,212
1992-09-21,212
1992-09-22,209
1992-09-22,209
1992-09-23,206
1992-09-23,206
1992-09-24,205
1992-09-24,205
1992-09-25,205
1992-09-25,205
1992-09-26,205
1992-09-26,205
1992-09-27,209
1992-09-27,209
1992-09-28,211
1992-09-28,211
1992-09-29,211
1992-09-29,211
1992-09-30,211
1992-09-30,211
1992-10-01,210
1992-10-01,210
1992-10-02,204
1992-10-02,204
1992-10-03,199
1992-10-03,199
1992-10-04,195
1992-10-04,195
1992-10-05,191
1992-10-05,191
1992-10-06,186
1992-10-06,186
1992-10-07,184
1992-10-07,184
1992-10-08,183
1992-10-08,183
1992-10-09,181
1992-10-09,181
1992-10-10,180
1992-10-10,180
1992-10-11,179
1992-10-11,179
1992-10-12,179
1992-10-12,179
1992-10-13,178
1992-10-13,178
1992-10-14,178
1992-10-14,178
1992-10-15,178
1992-10-15,178
1992-10-16,176
1992-10-16,176
1992-10-17,174
1992-10-17,174
1992-10-18,169
1992-10-18,169
1992-10-19,166
1992-10-19,166
1992-10-20,162
1992-10-20,162
1992-10-21,157
1992-10-21,157
1992-10-22,152
1992-10-22,152
1992-10-23,149
1992-10-23,149
1992-10-24,145
1992-10-24,145
1992-10-25,142
1992-10-25,142
1992-10-26,145
1992-10-26,145
1992-10-27,144
1992-10-27,144
1992-10-28,142
1992-10-28,142
1992-10-29,138
1992-10-29,138
1992-10-30,135
1992-10-30,135
1992-10-31,130
1992-10-31,130
1992-11-01,123
1992-11-01,123
1992-11-02,117
1992-11-02,117
1992-11-03,111
1992-11-03,111
1992-11-04,107
1992-11-04,107
1992-11-05,102
1992-11-05,102
1992-11-06,100
1992-11-06,100
1992-11-07,99
1992-11-07,99
1992-11-08,97
1992-11-08,97
1992-11-09,97
1992-11-09,97
1992-11-10,99
1992-11-10,99
1992-11-11,101
1992-11-11,101
1992-11-12,104
1992-11-12,104
1992-11-13,106
1992-11-13,106
1992-11-14,106
1992-11-14,106
1992-11-15,105
1992-11-15,105
1992-11-16,105
1992-11-16,105
1992-11-17,106
1992-11-17,106
1992-11-18,106
1992-11-18,106
1992-11-19,106
1992-11-19,106
1992-11-20,107
1992-11-20,107
1992-11-21,109
1992-11-21,109
1992-11-22,114
1992-11-22,114
1992-11-23,113
1992-11-23,113
1992-11-24,120
1992-11-24,120
1992-11-25,124
1992-11-25,124
1992-11-26,126
1992-11-26,126
1992-11-27,135
1992-11-27,135
1992-11-28,140
1992-11-28,140
1992-11-29,140
1992-11-29,140
1992-11-30,139
1992-11-30,139
1992-12-01,140
1992-12-01,140
1992-12-02,143
1992-12-02,143
1992-12-03,145
1992-12-03,145
1992-12-04,148
1992-12-04,148
1992-12-05,155
1992-12-05,155
1992-12-06,157
1992-12-06,157
1992-12-07,163
1992-12-07,163
1992-12-08,170
1992-12-08,170
1992-12-09,179
1992-12-09,179
1992-12-10,189
1992-12-10,189
1992-12-11,198
1992-12-11,198
1992-12-12,206
1992-12-12,206
1992-12-13,214
1992-12-13,214
1992-12-14,222
1992-12-14,222
1992-12-15,231
1992-12-15,231
1992-12-16,239
1992-12-16,239
1992-12-17,248
1992-12-17,248
1992-12-18,250
1992-12-18,250
1992-12-19,256
1992-12-19,256
1992-12-20,253
1992-12-20,253
1992-12-21,261
1992-12-21,261
1992-12-22,277
1992-12-22,277
1992-12-23,284
1992-12-23,284
1992-12-24,292
1992-12-24,292
1992-12-25,298
1992-12-25,298
1992-12-26,305
1992-12-26,305
1992-12-27,311
1992-12-27,311
1992-12-28,317
1992-12-28,317
1992-12-29,321
1992-12-29,321
1992-12-30,326
1992-12-30,326
1992-12-31,331
1992-12-31,331
1993-01-01,334
1993-01-01,334
1993-01-02,337
1993-01-02,337
1993-01-03,339
1993-01-03,339
1993-01-04,344
1993-01-04,344
1993-01-05,348
1993-01-05,348
1993-01-06,352
1993-01-06,352
1993-01-07,359
1993-01-07,359
1993-01-08,367
1993-01-08,367
1993-01-09,374
1993-01-09,374
1993-01-10,378
1993-01-10,378
1993-01-11,385
1993-01-11,385
1993-01-12,391
1993-01-12,391
1993-01-13,400
1993-01-13,400
1993-01-14,405
1993-01-14,405
1993-01-15,411
1993-01-15,411
1993-01-16,417
1993-01-16,417
1993-01-17,420
1993-01-17,420
1993-01-18,423
1993-01-18,423
1993-01-19,427
1993-01-19,427
1993-01-20,431
1993-01-20,431
1993-01-21,435
1993-01-21,435
1993-01-22,440
1993-01-22,440
1993-01-23,446
1993-01-23,446
1993-01-24,449
1993-01-24,449
1993-01-25,452
1993-01-25,452
1993-01-26,456
1993-01-26,456
1993-01-27,460
1993-01-27,460
1993-01-28,463
1993-01-28,463
1993-01-29,465
1993-01-29,465
1993-01-30,468
1993-01-30,468
1993-01-31,474
1993-01-31,474
1993-02-01,476
1993-02-01,476
1993-02-02,476
1993-02-02,476
1993-02-03,475
1993-02-03,475
1993-02-04,477
1993-02-04,477
1993-02-05,481
1993-02-05,481
1993-02-06,485
1993-02-06,485
1993-02-07,489
1993-02-07,489
1993-02-08,493
1993-02-08,493
1993-02-09,497
1993-02-09,497
1993-02-10,502
1993-02-10,502
1993-02-11,508
1993-02-11,508
1993-02-12,515
1993-02-12,515
1993-02-13,518
1993-02-13,518
1993-02-14,520
1993-02-14,520
1993-02-15,521
1993-02-15,521
1993-02-16,523
1993-02-16,523
1993-02-17,526
1993-02-17,526
1993-02-18,531
1993-02-18,531
1993-02-19,533
1993-02-19,533
1993-02-20,536
1993-02-20,536
1993-02-21,537
1993-02-21,537
1993-02-22,540
1993-02-22,540
1993-02-23,545
1993-02-23,545
1993-02-24,556
1993-02-24,556
1993-02-25,560
1993-02-25,560
1993-02-26,564
1993-02-26,564
1993-02-27,566
1993-02-27,566
1993-02-28,570
1993-02-28,570
1993-03-01,575
1993-03-01,575
1993-03-02,580
1993-03-02,580
1993-03-03,583
1993-03-03,583
1993-03-04,587
1993-03-04,587
1993-03-05,590
1993-03-05,590
1993-03-06,596
1993-03-06,596
1993-03-07,602
1993-03-07,602
1993-03-08,605
1993-03-08,605
1993-03-09,609
1993-03-09,609
1993-03-10,613
1993-03-10,613
1993-03-11,619
1993-03-11,619
1993-03-12,623
1993-03-12,623
1993-03-13,628
1993-03-13,628
1993-03-14,632
1993-03-14,632
1993-03-15,635
1993-03-15,635
1993-03-16,641
1993-03-16,641
1993-03-17,644
1993-03-17,644
1993-03-18,648
1993-03-18,648
1993-03-19,651
1993-03-19,651
1993-03-20,654
1993-03-20,654
1993-03-21,656
1993-03-21,656
1993-03-22,656
1993-03-22,656
1993-03-23,658
1993-03-23,658
1993-03-24,663
1993-03-24,663
1993-03-25,667
1993-03-25,667
1993-03-26,672
1993-03-26,672
1993-03-27,675
1993-03-27,675
1993-03-28,678
1993-03-28,678
1993-03-29,683
1993-03-29,683
1993-03-30,687
1993-03-30,687
1993-03-31,692
1993-03-31,692
1993-04-01,696
1993-04-01,696
1993-04-02,698
1993-04-02,698
1993-04-03,702
1993-04-03,702
1993-04-04,707
1993-04-04,707
1993-04-05,709
1993-04-05,709
1993-04-06,711
1993-04-06,711
1993-04-07,714
1993-04-07,714
1993-04-08,720
1993-04-08,720
1993-04-09,725
1993-04-09,725
1993-04-10,729
1993-04-10,729
1993-04-11,735
1993-04-11,735
1993-04-12,740
1993-04-12,740
1993-04-13,742
1993-04-13,742
1993-04-14,744
1993-04-14,744
1993-04-15,746
1993-04-15,746
1993-04-16,746
1993-04-16,746
1993-04-17,750
1993-04-17,750
1993-04-18,752
1993-04-18,752
1993-04-19,753
1993-04-19,753
1993-04-20,754
1993-04-20,754
1993-04-21,757
1993-04-21,757
1993-04-22,758
1993-04-22,758
1993-04-23,761
1993-04-23,761
1993-04-24,764
1993-04-24,764
1993-04-25,766
1993-04-25,766
1993-04-26,772
1993-04-26,772
1993-04-27,778
1993-04-27,778
1993-04-28,782
1993-04-28,782
1993-04-29,785
1993-04-29,785
1993-04-30,786
1993-04-30,786
1993-05-01,787
1993-05-01,787
1993-05-02,788
1993-05-02,788
1993-05-03,790
1993-05-03,790
1993-05-04,792
1993-05-04,792
1993-05-05,793
1993-05-05,793
1993-05-06,794
1993-05-06,794
1993-05-07,797
1993-05-07,797
1993-05-08,799
1993-05-08,799
1993-05-09,799
1993-05-09,799
1993-05-10,800
1993-05-10,800
1993-05-11,799
1993-05-11,799
1993-05-12,799
1993-05-12,799
1993-05-13,799
1993-05-13,799
1993-05-14,798
1993-05-14,798
1993-05-15,799
1993-05-15,799
1993-05-16,801
1993-05-16,801
1993-05-17,803
1993-05-17,803
1993-05-18,803
1993-05-18,803
1993-05-19,803
1993-05-19,803
1993-05-20,803
1993-05-20,803
1993-05-21,804
1993-05-21,804
1993-05-22,805
1993-05-22,805
1993-05-23,806
1993-05-23,806
1993-05-24,807
1993-05-24,807
1993-05-25,808
1993-05-25,808
1993-05-26,808
1993-05-26,808
1993-05-27,807
1993-05-27,807
1993-05-28,806
1993-05-28,806
1993-05-29,803
1993-05-29,803
1993-05-30,801
1993-05-30,801
1993-05-31,800
1993-05-31,800
1993-06-01,799
1993-06-01,799
1993-06-02,797
1993-06-02,797
1993-06-03,793
1993-06-03,793
1993-06-04,792
1993-06-04,792
1993-06-05,791
1993-06-05,791
1993-06-06,790
1993-06-06,790
1993-06-07,790
1993-06-07,790
1993-06-08,790
1993-06-08,790
1993-06-09,789
1993-06-09,789
1993-06-10,789
1993-06-10,789
1993-06-11,789
1993-06-11,789
1993-06-12,789
1993-06-12,789
1993-06-13,789
1993-06-13,789
1993-06-14,788
1993-06-14,788
1993-06-15,787
1993-06-15,787
1993-06-16,785
1993-06-16,785
1993-06-17,783
1993-06-17,783
1993-06-18,780
1993-06-18,780
1993-06-19,778
1993-06-19,778
1993-06-20,775
1993-06-20,775
1993-06-21,774
1993-06-21,774
1993-06-22,774
1993-06-22,774
1993-06-23,774
1993-06-23,774
1993-06-24,774
1993-06-24,774
1993-06-25,774
1993-06-25,774
1993-06-26,772
1993-06-26,772
1993-06-27,771
1993-06-27,771
1993-06-28,769
1993-06-28,769
1993-06-29,767
1993-06-29,767
1993-06-30,766
1993-06-30,766
1993-07-01,764
1993-07-01,764
1993-07-02,761
1993-07-02,761
1993-07-03,758
1993-07-03,758
1993-07-04,755
1993-07-04,755
1993-07-05,751
1993-07-05,751
1993-07-06,749
1993-07-06,749
1993-07-07,747
1993-07-07,747
1993-07-08,742
1993-07-08,742
1993-07-09,739
1993-07-09,739
1993-07-10,735
1993-07-10,735
1993-07-11,732
1993-07-11,732
1993-07-12,731
1993-07-12,731
1993-07-13,730
1993-07-13,730
1993-07-14,726
1993-07-14,726
1993-07-15,725
1993-07-15,725
1993-07-16,725
1993-07-16,725
1993-07-17,721
1993-07-17,721
1993-07-18,720
1993-07-18,720
1993-07-19,718
1993-07-19,718
1993-07-20,717
1993-07-20,717
1993-07-21,714
1993-07-21,714
1993-07-22,712
1993-07-22,712
1993-07-23,710
1993-07-23,710
1993-07-24,708
1993-07-24,708
1993-07-25,707
1993-07-25,707
1993-07-26,705
1993-07-26,705
1993-07-27,703
1993-07-27,703
1993-07-28,701
1993-07-28,701
1993-07-29,698
1993-07-29,698
1993-07-30,694
1993-07-30,694
1993-07-31,689
1993-07-31,689
1993-08-01,686
1993-08-01,686
1993-08-02,680
1993-08-02,680
1993-08-03,674
1993-08-03,674
1993-08-04,669
1993-08-04,669
1993-08-05,664
1993-08-05,664
1993-08-06,660
1993-08-06,660
1993-08-07,657
1993-08-07,657
1993-08-08,652
1993-08-08,652
1993-08-09,647
1993-08-09,647
1993-08-10,643
1993-08-10,643
1993-08-11,638
1993-08-11,638
1993-08-12,632
1993-08-12,632
1993-08-13,628
1993-08-13,628
1993-08-14,621
1993-08-14,621
1993-08-15,616
1993-08-15,616
1993-08-16,613
1993-08-16,613
1993-08-17,608
1993-08-17,608
1993-08-18,604
1993-08-18,604
1993-08-19,601
1993-08-19,601
1993-08-20,597
1993-08-20,597
1993-08-21,594
1993-08-21,594
1993-08-22,589
1993-08-22,589
1993-08-23,584
1993-08-23,584
1993-08-24,579
1993-08-24,579
1993-08-25,573
1993-08-25,573
1993-08-26,568
1993-08-26,568
1993-08-27,561
1993-08-27,561
1993-08-28,554
1993-08-28,554
1993-08-29,548
1993-08-29,548
1993-08-30,540
1993-08-30,540
1993-08-31,533
1993-08-31,533
1993-09-01,526
1993-09-01,526
1993-09-02,521
1993-09-02,521
1993-09-03,516
1993-09-03,516
1993-09-04,510
1993-09-04,510
1993-09-05,506
1993-09-05,506
1993-09-06,498
1993-09-06,498
1993-09-07,491
1993-09-07,491
1993-09-08,485
1993-09-08,485
1993-09-09,478
1993-09-09,478
1993-09-10,471
1993-09-10,471
1993-09-11,463
1993-09-11,463
1993-09-12,457
1993-09-12,457
1993-09-13,450
1993-09-13,450
1993-09-14,445
1993-09-14,445
1993-09-15,439
1993-09-15,439
1993-09-16,435
1993-09-16,435
1993-09-17,431
1993-09-17,431
1993-09-18,427
1993-09-18,427
1993-09-19,423
1993-09-19,423
1993-09-20,418
1993-09-20,418
1993-09-21,410
1993-09-21,410
1993-09-22,403
1993-09-22,403
1993-09-23,393
1993-09-23,393
1993-09-24,385
1993-09-24,385
1993-09-25,378
1993-09-25,378
1993-09-26,370
1993-09-26,370
1993-09-27,363
1993-09-27,363
1993-09-28,356
1993-09-28,356
1993-09-29,350
1993-09-29,350
1993-09-30,345
1993-09-30,345
1993-10-01,340
1993-10-01,340
1993-10-02,336
1993-10-02,336
1993-10-03,331
1993-10-03,331
1993-10-04,326
1993-10-04,326
1993-10-05,320
1993-10-05,320
1993-10-06,313
1993-10-06,313
1993-10-07,306
1993-10-07,306
1993-10-08,299
1993-10-08,299
1993-10-09,293
1993-10-09,293
1993-10-10,285
1993-10-10,285
1993-10-11,279
1993-10-11,279
1993-10-12,273
1993-10-12,273
1993-10-13,269
1993-10-13,269
1993-10-14,266
1993-10-14,266
1993-10-15,264
1993-10-15,264
1993-10-16,262
1993-10-16,262
1993-10-17,259
1993-10-17,259
1993-10-18,255
1993-10-18,255
1993-10-19,251
1993-10-19,251
1993-10-20,245
1993-10-20,245
1993-10-21,239
1993-10-21,239
1993-10-22,232
1993-10-22,232
1993-10-23,226
1993-10-23,226
1993-10-24,219
1993-10-24,219
1993-10-25,213
1993-10-25,213
1993-10-26,208
1993-10-26,208
1993-10-27,205
1993-10-27,205
1993-10-28,202
1993-10-28,202
1993-10-29,200
1993-10-29,200
1993-10-30,199
1993-10-30,199
1993-10-31,199
1993-10-31,199
1993-11-01,198
1993-11-01,198
1993-11-02,198
1993-11-02,198
1993-11-03,198
1993-11-03,198
1993-11-04,197
1993-11-04,197
1993-11-05,196
1993-11-05,196
1993-11-06,196
1993-11-06,196
1993-11-07,195
1993-11-07,195
1993-11-08,194
1993-11-08,194
1993-11-09,196
1993-11-09,196
1993-11-10,202
1993-11-10,202
1993-11-11,205
1993-11-11,205
1993-11-12,208
1993-11-12,208
1993-11-13,214
1993-11-13,214
1993-11-14,219
1993-11-14,219
1993-11-15,226
1993-11-15,226
1993-11-16,235
1993-11-16,235
1993-11-17,238
1993-11-17,238
1993-11-18,243
1993-11-18,243
1993-11-19,244
1993-11-19,244
1993-11-20,247
1993-11-20,247
1993-11-21,249
1993-11-21,249
1993-11-22,251
1993-11-22,251
1993-11-23,253
1993-11-23,253
1993-11-24,259
1993-11-24,259
1993-11-25,264
1993-11-25,264
1993-11-26,269
1993-11-26,269
1993-11-27,276
1993-11-27,276
1993-11-28,281
1993-11-28,281
1993-11-29,287
1993-11-29,287
1993-11-30,298
1993-11-30,298
1993-12-01,302
1993-12-01,302
1993-12-02,308
1993-12-02,308
1993-12-03,314
1993-12-03,314
1993-12-04,319
1993-12-04,319
1993-12-05,324
1993-12-05,324
1993-12-06,330
1993-12-06,330
1993-12-07,333
1993-12-07,333
1993-12-08,339
1993-12-08,339
1993-12-09,344
1993-12-09,344
1993-12-10,348
1993-12-10,348
1993-12-11,354
1993-12-11,354
1993-12-12,359
1993-12-12,359
1993-12-13,365
1993-12-13,365
1993-12-14,369
1993-12-14,369
1993-12-15,373
1993-12-15,373
1993-12-16,378
1993-12-16,378
1993-12-17,381
1993-12-17,381
1993-12-18,384
1993-12-18,384
1993-12-19,389
1993-12-19,389
1993-12-20,392
1993-12-20,392
1993-12-21,393
1993-12-21,393
1993-12-22,395
1993-12-22,395
1993-12-23,397
1993-12-23,397
1993-12-24,401
1993-12-24,401
1993-12-25,405
1993-12-25,405
1993-12-26,409
1993-12-26,409
1993-12-27,415
1993-12-27,415
1993-12-28,422
1993-12-28,422
1993-12-29,427
1993-12-29,427
1993-12-30,433
1993-12-30,433
1993-12-31,441
1993-12-31,441
1994-01-01,448
1994-01-01,448
1994-01-02,455
1994-01-02,455
1994-01-03,464
1994-01-03,464
1994-01-04,473
1994-01-04,473
1994-01-05,480
1994-01-05,480
1994-01-06,485
1994-01-06,485
1994-01-07,491
1994-01-07,491
1994-01-08,495
1994-01-08,495
1994-01-09,499
1994-01-09,499
1994-01-10,505
1994-01-10,505
1994-01-11,510
1994-01-11,510
1994-01-12,516
1994-01-12,516
1994-01-13,521
1994-01-13,521
1994-01-14,525
1994-01-14,525
1994-01-15,529
1994-01-15,529
1994-01-16,537
1994-01-16,537
1994-01-17,541
1994-01-17,541
1994-01-18,544
1994-01-18,544
1994-01-19,547
1994-01-19,547
1994-01-20,550
1994-01-20,550
1994-01-21,552
1994-01-21,552
1994-01-22,554
1994-01-22,554
1994-01-23,558
1994-01-23,558
1994-01-24,562
1994-01-24,562
1994-01-25,564
1994-01-25,564
1994-01-26,565
1994-01-26,565
1994-01-27,567
1994-01-27,567
1994-01-28,570
1994-01-28,570
1994-01-29,573
1994-01-29,573
1994-01-30,578
1994-01-30,578
1994-01-31,585
1994-01-31,585
1994-02-01,592
1994-02-01,592
1994-02-02,596
1994-02-02,596
1994-02-03,598
1994-02-03,598
1994-02-04,600
1994-02-04,600
1994-02-05,602
1994-02-05,602
1994-02-06,610
1994-02-06,610
1994-02-07,613
1994-02-07,613
1994-02-08,614
1994-02-08,614
1994-02-09,615
1994-02-09,615
1994-02-10,618
1994-02-10,618
1994-02-11,621
1994-02-11,621
1994-02-12,625
1994-02-12,625
1994-02-13,630
1994-02-13,630
1994-02-14,635
1994-02-14,635
1994-02-15,637
1994-02-15,637
1994-02-16,639
1994-02-16,639
1994-02-17,642
1994-02-17,642
1994-02-18,645
1994-02-18,645
1994-02-19,646
1994-02-19,646
1994-02-20,646
1994-02-20,646
1994-02-21,648
1994-02-21,648
1994-02-22,650
1994-02-22,650
1994-02-23,653
1994-02-23,653
1994-02-24,655
1994-02-24,655
1994-02-25,656
1994-02-25,656
1994-02-26,661
1994-02-26,661
1994-02-27,666
1994-02-27,666
1994-02-28,671
1994-02-28,671
1994-03-01,676
1994-03-01,676
1994-03-02,678
1994-03-02,678
1994-03-03,685
1994-03-03,685
1994-03-04,690
1994-03-04,690
1994-03-05,700
1994-03-05,700
1994-03-06,705
1994-03-06,705
1994-03-07,708
1994-03-07,708
1994-03-08,711
1994-03-08,711
1994-03-09,713
1994-03-09,713
1994-03-10,714
1994-03-10,714
1994-03-11,715
1994-03-11,715
1994-03-12,715
1994-03-12,715
1994-03-13,718
1994-03-13,718
1994-03-14,722
1994-03-14,722
1994-03-15,723
1994-03-15,723
1994-03-16,726
1994-03-16,726
1994-03-17,730
1994-03-17,730
1994-03-18,731
1994-03-18,731
1994-03-19,734
1994-03-19,734
1994-03-20,736
1994-03-20,736
1994-03-21,736
1994-03-21,736
1994-03-22,738
1994-03-22,738
1994-03-23,739
1994-03-23,739
1994-03-24,740
1994-03-24,740
1994-03-25,740
1994-03-25,740
1994-03-26,740
1994-03-26,740
1994-03-27,742
1994-03-27,742
1994-03-28,744
1994-03-28,744
1994-03-29,745
1994-03-29,745
1994-03-30,749
1994-03-30,749
1994-03-31,753
1994-03-31,753
1994-04-01,759
1994-04-01,759
1994-04-02,767
1994-04-02,767
1994-04-03,770
1994-04-03,770
1994-04-04,775
1994-04-04,775
1994-04-05,780
1994-04-05,780
1994-04-06,784
1994-04-06,784
1994-04-07,786
1994-04-07,786
1994-04-08,790
1994-04-08,790
1994-04-09,794
1994-04-09,794
1994-04-10,798
1994-04-10,798
1994-04-11,798
1994-04-11,798
1994-04-12,796
1994-04-12,796
1994-04-13,793
1994-04-13,793
1994-04-14,790
1994-04-14,790
1994-04-15,789
1994-04-15,789
1994-04-16,789
1994-04-16,789
1994-04-17,787
1994-04-17,787
1994-04-18,787
1994-04-18,787
1994-04-19,786
1994-04-19,786
1994-04-20,786
1994-04-20,786
1994-04-21,790
1994-04-21,790
1994-04-22,792
1994-04-22,792
1994-04-23,793
1994-04-23,793
1994-04-24,796
1994-04-24,796
1994-04-25,797
1994-04-25,797
1994-04-26,802
1994-04-26,802
1994-04-27,805
1994-04-27,805
1994-04-28,810
1994-04-28,810
1994-04-29,815
1994-04-29,815
1994-04-30,819
1994-04-30,819
1994-05-01,822
1994-05-01,822
1994-05-02,827
1994-05-02,827
1994-05-03,831
1994-05-03,831
1994-05-04,831
1994-05-04,831
1994-05-05,832
1994-05-05,832
1994-05-06,832
1994-05-06,832
1994-05-07,832
1994-05-07,832
1994-05-08,833
1994-05-08,833
1994-05-09,832
1994-05-09,832
1994-05-10,832
1994-05-10,832
1994-05-11,833
1994-05-11,833
1994-05-12,833
1994-05-12,833
1994-05-13,834
1994-05-13,834
1994-05-14,834
1994-05-14,834
1994-05-15,836
1994-05-15,836
1994-05-16,836
1994-05-16,836
1994-05-17,838
1994-05-17,838
1994-05-18,841
1994-05-18,841
1994-05-19,842
1994-05-19,842
1994-05-20,841
1994-05-20,841
1994-05-21,844
1994-05-21,844
1994-05-22,846
1994-05-22,846
1994-05-23,847
1994-05-23,847
1994-05-24,848
1994-05-24,848
1994-05-25,849
1994-05-25,849
1994-05-26,852
1994-05-26,852
1994-05-27,853
1994-05-27,853
1994-05-28,854
1994-05-28,854
1994-05-29,857
1994-05-29,857
1994-05-30,858
1994-05-30,858
1994-05-31,858
1994-05-31,858
1994-06-01,859
1994-06-01,859
1994-06-02,859
1994-06-02,859
1994-06-03,858
1994-06-03,858
1994-06-04,856
1994-06-04,856
1994-06-05,855
1994-06-05,855
1994-06-06,853
1994-06-06,853
1994-06-07,851
1994-06-07,851
1994-06-08,848
1994-06-08,848
1994-06-09,847
1994-06-09,847
1994-06-10,845
1994-06-10,845
1994-06-11,845
1994-06-11,845
1994-06-12,843
1994-06-12,843
1994-06-13,843
1994-06-13,843
1994-06-14,843
1994-06-14,843
1994-06-15,841
1994-06-15,841
1994-06-16,841
1994-06-16,841
1994-06-17,840
1994-06-17,840
1994-06-18,839
1994-06-18,839
1994-06-19,837
1994-06-19,837
1994-06-20,836
1994-06-20,836
1994-06-21,836
1994-06-21,836
1994-06-22,836
1994-06-22,836
1994-06-23,834
1994-06-23,834
1994-06-24,833
1994-06-24,833
1994-06-25,831
1994-06-25,831
1994-06-26,831
1994-06-26,831
1994-06-27,829
1994-06-27,829
1994-06-28,834
1994-06-28,834
1994-06-29,836
1994-06-29,836
1994-06-30,837
1994-06-30,837
1994-07-01,839
1994-07-01,839
1994-07-02,838
1994-07-02,838
1994-07-03,837
1994-07-03,837
1994-07-04,834
1994-07-04,834
1994-07-05,833
1994-07-05,833
1994-07-06,830
1994-07-06,830
1994-07-07,827
1994-07-07,827
1994-07-08,825
1994-07-08,825
1994-07-09,824
1994-07-09,824
1994-07-10,824
1994-07-10,824
1994-07-11,825
1994-07-11,825
1994-07-12,824
1994-07-12,824
1994-07-13,824
1994-07-13,824
1994-07-14,823
1994-07-14,823
1994-07-15,821
1994-07-15,821
1994-07-16,819
1994-07-16,819
1994-07-17,816
1994-07-17,816
1994-07-18,814
1994-07-18,814
1994-07-19,811
1994-07-19,811
1994-07-20,807
1994-07-20,807
1994-07-21,804
1994-07-21,804
1994-07-22,800
1994-07-22,800
1994-07-23,796
1994-07-23,796
1994-07-24,792
1994-07-24,792
1994-07-25,788
1994-07-25,788
1994-07-26,784
1994-07-26,784
1994-07-27,780
1994-07-27,780
1994-07-28,776
1994-07-28,776
1994-07-29,772
1994-07-29,772
1994-07-30,768
1994-07-30,768
1994-07-31,764
1994-07-31,764
1994-08-01,759
1994-08-01,759
1994-08-02,754
1994-08-02,754
1994-08-03,750
1994-08-03,750
1994-08-04,747
1994-08-04,747
1994-08-05,745
1994-08-05,745
1994-08-06,743
1994-08-06,743
1994-08-07,742
1994-08-07,742
1994-08-08,740
1994-08-08,740
1994-08-09,736
1994-08-09,736
1994-08-10,732
1994-08-10,732
1994-08-11,728
1994-08-11,728
1994-08-12,724
1994-08-12,724
1994-08-13,721
1994-08-13,721
1994-08-14,717
1994-08-14,717
1994-08-15,713
1994-08-15,713
1994-08-16,710
1994-08-16,710
1994-08-17,706
1994-08-17,706
1994-08-18,702
1994-08-18,702
1994-08-19,696
1994-08-19,696
1994-08-20,691
1994-08-20,691
1994-08-21,687
1994-08-21,687
1994-08-22,684
1994-08-22,684
1994-08-23,679
1994-08-23,679
1994-08-24,675
1994-08-24,675
1994-08-25,670
1994-08-25,670
1994-08-26,666
1994-08-26,666
1994-08-27,661
1994-08-27,661
1994-08-28,657
1994-08-28,657
1994-08-29,650
1994-08-29,650
1994-08-30,646
1994-08-30,646
1994-08-31,639
1994-08-31,639
1994-09-01,634
1994-09-01,634
1994-09-02,629
1994-09-02,629
1994-09-03,622
1994-09-03,622
1994-09-04,616
1994-09-04,616
1994-09-05,611
1994-09-05,611
1994-09-06,608
1994-09-06,608
1994-09-07,604
1994-09-07,604
1994-09-08,600
1994-09-08,600
1994-09-09,595
1994-09-09,595
1994-09-10,592
1994-09-10,592
1994-09-11,589
1994-09-11,589
1994-09-12,583
1994-09-12,583
1994-09-13,580
1994-09-13,580
1994-09-14,575
1994-09-14,575
1994-09-15,570
1994-09-15,570
1994-09-16,563
1994-09-16,563
1994-09-17,557
1994-09-17,557
1994-09-18,552
1994-09-18,552
1994-09-19,546
1994-09-19,546
1994-09-20,539
1994-09-20,539
1994-09-21,533
1994-09-21,533
1994-09-22,528
1994-09-22,528
1994-09-23,521
1994-09-23,521
1994-09-24,514
1994-09-24,514
1994-09-25,508
1994-09-25,508
1994-09-26,501
1994-09-26,501
1994-09-27,495
1994-09-27,495
1994-09-28,488
1994-09-28,488
1994-09-29,481
1994-09-29,481
1994-09-30,471
1994-09-30,471
1994-10-01,463
1994-10-01,463
1994-10-02,456
1994-10-02,456
1994-10-03,450
1994-10-03,450
1994-10-04,442
1994-10-04,442
1994-10-05,437
1994-10-05,437
1994-10-06,434
1994-10-06,434
1994-10-07,429
1994-10-07,429
1994-10-08,425
1994-10-08,425
1994-10-09,420
1994-10-09,420
1994-10-10,416
1994-10-10,416
1994-10-11,412
1994-10-11,412
1994-10-12,406
1994-10-12,406
1994-10-13,400
1994-10-13,400
1994-10-14,394
1994-10-14,394
1994-10-15,386
1994-10-15,386
1994-10-16,379
1994-10-16,379
1994-10-17,372
1994-10-17,372
1994-10-18,366
1994-10-18,366
1994-10-19,361
1994-10-19,361
1994-10-20,354
1994-10-20,354
1994-10-21,350
1994-10-21,350
1994-10-22,345
1994-10-22,345
1994-10-23,341
1994-10-23,341
1994-10-24,335
1994-10-24,335
1994-10-25,328
1994-10-25,328
1994-10-26,322
1994-10-26,322
1994-10-27,315
1994-10-27,315
1994-10-28,307
1994-10-28,307
1994-10-29,299
1994-10-29,299
1994-10-30,294
1994-10-30,294
1994-10-31,289
1994-10-31,289
1994-11-01,286
1994-11-01,286
1994-11-02,283
1994-11-02,283
1994-11-03,281
1994-11-03,281
1994-11-04,278
1994-11-04,278
1994-11-05,276
1994-11-05,276
1994-11-06,274
1994-11-06,274
1994-11-07,272
1994-11-07,272
1994-11-08,267
1994-11-08,267
1994-11-09,263
1994-11-09,263
1994-11-10,258
1994-11-10,258
1994-11-11,251
1994-11-11,251
1994-11-12,247
1994-11-12,247
1994-11-13,241
1994-11-13,241
1994-11-14,236
1994-11-14,236
1994-11-15,231
1994-11-15,231
1994-11-16,226
1994-11-16,226
1994-11-17,223
1994-11-17,223
1994-11-18,221
1994-11-18,221
1994-11-19,218
1994-11-19,218
1994-11-20,216
1994-11-20,216
1994-11-21,212
1994-11-21,212
1994-11-22,211
1994-11-22,211
1994-11-23,208
1994-11-23,208
1994-11-24,204
1994-11-24,204
1994-11-25,204
1994-11-25,204
1994-11-26,203
1994-11-26,203
1994-11-27,202
1994-11-27,202
1994-11-28,201
1994-11-28,201
1994-11-29,201
1994-11-29,201
1994-11-30,203
1994-11-30,203
1994-12-01,205
1994-12-01,205
1994-12-02,209
1994-12-02,209
1994-12-03,212
1994-12-03,212
1994-12-04,218
1994-12-04,218
1994-12-05,224
1994-12-05,224
1994-12-06,228
1994-12-06,228
1994-12-07,232
1994-12-07,232
1994-12-08,235
1994-12-08,235
1994-12-09,238
1994-12-09,238
1994-12-10,238
1994-12-10,238
1994-12-11,238
1994-12-11,238
1994-12-12,240
1994-12-12,240
1994-12-13,243
1994-12-13,243
1994-12-14,245
1994-12-14,245
1994-12-15,251
1994-12-15,251
1994-12-16,254
1994-12-16,254
1994-12-17,258
1994-12-17,258
1994-12-18,263
1994-12-18,263
1994-12-19,267
1994-12-19,267
1994-12-20,270
1994-12-20,270
1994-12-21,274
1994-12-21,274
1994-12-22,280
1994-12-22,280
1994-12-23,283
1994-12-23,283
1994-12-24,287
1994-12-24,287
1994-12-25,293
1994-12-25,293
1994-12-26,297
1994-12-26,297
1994-12-27,300
1994-12-27,300
1994-12-28,303
1994-12-28,303
1994-12-29,307
1994-12-29,307
1994-12-30,313
1994-12-30,313
1994-12-31,322
1994-12-31,322
1995-01-01,330
1995-01-01,330
1995-01-02,339
1995-01-02,339
1995-01-03,346
1995-01-03,346
1995-01-04,354
1995-01-04,354
1995-01-05,361
1995-01-05,361
1995-01-06,366
1995-01-06,366
1995-01-07,371
1995-01-07,371
1995-01-08,375
1995-01-08,375
1995-01-09,377
1995-01-09,377
1995-01-10,380
1995-01-10,380
1995-01-11,379
1995-01-11,379
1995-01-12,382
1995-01-12,382
1995-01-13,383
1995-01-13,383
1995-01-14,387
1995-01-14,387
1995-01-15,391
1995-01-15,391
1995-01-16,395
1995-01-16,395
1995-01-17,398
1995-01-17,398
1995-01-18,400
1995-01-18,400
1995-01-19,404
1995-01-19,404
1995-01-20,407
1995-01-20,407
1995-01-21,409
1995-01-21,409
1995-01-22,413
1995-01-22,413
1995-01-23,414
1995-01-23,414
1995-01-24,416
1995-01-24,416
1995-01-25,417
1995-01-25,417
1995-01-26,419
1995-01-26,419
1995-01-27,421
1995-01-27,421
1995-01-28,422
1995-01-28,422
1995-01-29,423
1995-01-29,423
1995-01-30,425
1995-01-30,425
1995-01-31,426
1995-01-31,426
1995-02-01,428
1995-02-01,428
1995-02-02,429
1995-02-02,429
1995-02-03,430
1995-02-03,430
1995-02-04,430
1995-02-04,430
1995-02-05,429
1995-02-05,429
1995-02-06,427
1995-02-06,427
1995-02-07,425
1995-02-07,425
1995-02-08,425
1995-02-08,425
1995-02-09,425
1995-02-09,425
1995-02-10,426
1995-02-10,426
1995-02-11,425
1995-02-11,425
1995-02-12,427
1995-02-12,427
1995-02-13,427
1995-02-13,427
1995-02-14,429
1995-02-14,429
1995-02-15,430
1995-02-15,430
1995-02-16,433
1995-02-16,433
1995-02-17,437
1995-02-17,437
1995-02-18,441
1995-02-18,441
1995-02-19,444
1995-02-19,444
1995-02-20,449
1995-02-20,449
1995-02-21,453
1995-02-21,453
1995-02-22,458
1995-02-22,458
1995-02-23,461
1995-02-23,461
1995-02-24,464
1995-02-24,464
1995-02-25,466
1995-02-25,466
1995-02-26,467
1995-02-26,467
1995-02-27,468
1995-02-27,468
1995-02-28,470
1995-02-28,470
1995-03-01,471
1995-03-01,471
1995-03-02,472
1995-03-02,472
1995-03-03,475
1995-03-03,475
1995-03-04,477
1995-03-04,477
1995-03-05,479
1995-03-05,479
1995-03-06,482
1995-03-06,482
1995-03-07,483
1995-03-07,483
1995-03-08,484
1995-03-08,484
1995-03-09,487
1995-03-09,487
1995-03-10,487
1995-03-10,487
1995-03-11,488
1995-03-11,488
1995-03-12,489
1995-03-12,489
1995-03-13,490
1995-03-13,490
1995-03-14,492
1995-03-14,492
1995-03-15,493
1995-03-15,493
1995-03-16,496
1995-03-16,496
1995-03-17,502
1995-03-17,502
1995-03-18,507
1995-03-18,507
1995-03-19,508
1995-03-19,508
1995-03-20,509
1995-03-20,509
1995-03-21,510
1995-03-21,510
1995-03-22,512
1995-03-22,512
1995-03-23,516
1995-03-23,516
1995-03-24,519
1995-03-24,519
1995-03-25,520
1995-03-25,520
1995-03-26,520
1995-03-26,520
1995-03-27,519
1995-03-27,519
1995-03-28,520
1995-03-28,520
1995-03-29,521
1995-03-29,521
1995-03-30,524
1995-03-30,524
1995-03-31,527
1995-03-31,527
1995-04-01,533
1995-04-01,533
1995-04-02,535
1995-04-02,535
1995-04-03,538
1995-04-03,538
1995-04-04,547
1995-04-04,547
1995-04-05,551
1995-04-05,551
1995-04-06,555
1995-04-06,555
1995-04-07,558
1995-04-07,558
1995-04-08,560
1995-04-08,560
1995-04-09,564
1995-04-09,564
1995-04-10,567
1995-04-10,567
1995-04-11,570
1995-04-11,570
1995-04-12,574
1995-04-12,574
1995-04-13,580
1995-04-13,580
1995-04-14,586
1995-04-14,586
1995-04-15,591
1995-04-15,591
1995-04-16,595
1995-04-16,595
1995-04-17,600
1995-04-17,600
1995-04-18,606
1995-04-18,606
1995-04-19,609
1995-04-19,609
1995-04-20,614
1995-04-20,614
1995-04-21,616
1995-04-21,616
1995-04-22,623
1995-04-22,623
1995-04-23,632
1995-04-23,632
1995-04-24,641
1995-04-24,641
1995-04-25,644
1995-04-25,644
1995-04-26,646
1995-04-26,646
1995-04-27,648
1995-04-27,648
1995-04-28,651
1995-04-28,651
1995-04-29,657
1995-04-29,657
1995-04-30,665
1995-04-30,665
1995-05-01,670
1995-05-01,670
1995-05-02,673
1995-05-02,673
1995-05-03,677
1995-05-03,677
1995-05-04,681
1995-05-04,681
1995-05-05,683
1995-05-05,683
1995-05-06,685
1995-05-06,685
1995-05-07,686
1995-05-07,686
1995-05-08,687
1995-05-08,687
1995-05-09,697
1995-05-09,697
1995-05-10,698
1995-05-10,698
1995-05-11,699
1995-05-11,699
1995-05-12,698
1995-05-12,698
1995-05-13,698
1995-05-13,698
1995-05-14,697
1995-05-14,697
1995-05-15,696
1995-05-15,696
1995-05-16,696
1995-05-16,696
1995-05-17,699
1995-05-17,699
1995-05-18,702
1995-05-18,702
1995-05-19,705
1995-05-19,705
1995-05-20,712
1995-05-20,712
1995-05-21,719
1995-05-21,719
1995-05-22,722
1995-05-22,722
1995-05-23,727
1995-05-23,727
1995-05-24,730
1995-05-24,730
1995-05-25,733
1995-05-25,733
1995-05-26,735
1995-05-26,735
1995-05-27,737
1995-05-27,737
1995-05-28,739
1995-05-28,739
1995-05-29,742
1995-05-29,742
1995-05-30,745
1995-05-30,745
1995-05-31,747
1995-05-31,747
1995-06-01,748
1995-06-01,748
1995-06-02,750
1995-06-02,750
1995-06-03,751
1995-06-03,751
1995-06-04,752
1995-06-04,752
1995-06-05,753
1995-06-05,753
1995-06-06,754
1995-06-06,754
1995-06-07,753
1995-06-07,753
1995-06-08,752
1995-06-08,752
1995-06-09,751
1995-06-09,751
1995-06-10,749
1995-06-10,749
1995-06-11,748
1995-06-11,748
1995-06-12,747
1995-06-12,747
1995-06-13,747
1995-06-13,747
1995-06-14,747
1995-06-14,747
1995-06-15,747
1995-06-15,747
1995-06-16,748
1995-06-16,748
1995-06-17,748
1995-06-17,748
1995-06-18,748
1995-06-18,748
1995-06-19,748
1995-06-19,748
1995-06-20,747
1995-06-20,747
1995-06-21,746
1995-06-21,746
1995-06-22,745
1995-06-22,745
1995-06-23,743
1995-06-23,743
1995-06-24,741
1995-06-24,741
1995-06-25,739
1995-06-25,739
1995-06-26,737
1995-06-26,737
1995-06-27,735
1995-06-27,735
1995-06-28,734
1995-06-28,734
1995-06-29,733
1995-06-29,733
1995-06-30,731
1995-06-30,731
1995-07-01,730
1995-07-01,730
1995-07-02,728
1995-07-02,728
1995-07-03,726
1995-07-03,726
1995-07-04,726
1995-07-04,726
1995-07-05,723
1995-07-05,723
1995-07-06,720
1995-07-06,720
1995-07-07,718
1995-07-07,718
1995-07-08,714
1995-07-08,714
1995-07-09,711
1995-07-09,711
1995-07-10,707
1995-07-10,707
1995-07-11,703
1995-07-11,703
1995-07-12,699
1995-07-12,699
1995-07-13,695
1995-07-13,695
1995-07-14,692
1995-07-14,692
1995-07-15,689
1995-07-15,689
1995-07-16,685
1995-07-16,685
1995-07-17,681
1995-07-17,681
1995-07-18,677
1995-07-18,677
1995-07-19,673
1995-07-19,673
1995-07-20,669
1995-07-20,669
1995-07-21,665
1995-07-21,665
1995-07-22,660
1995-07-22,660
1995-07-23,656
1995-07-23,656
1995-07-24,651
1995-07-24,651
1995-07-25,647
1995-07-25,647
1995-07-26,643
1995-07-26,643
1995-07-27,640
1995-07-27,640
1995-07-28,636
1995-07-28,636
1995-07-29,633
1995-07-29,633
1995-07-30,628
1995-07-30,628
1995-07-31,625
1995-07-31,625
1995-08-01,621
1995-08-01,621
1995-08-02,617
1995-08-02,617
1995-08-03,613
1995-08-03,613
1995-08-04,608
1995-08-04,608
1995-08-05,603
1995-08-05,603
1995-08-06,598
1995-08-06,598
1995-08-07,594
1995-08-07,594
1995-08-08,589
1995-08-08,589
1995-08-09,585
1995-08-09,585
1995-08-10,581
1995-08-10,581
1995-08-11,577
1995-08-11,577
1995-08-12,574
1995-08-12,574
1995-08-13,570
1995-08-13,570
1995-08-14,567
1995-08-14,567
1995-08-15,563
1995-08-15,563
1995-08-16,558
1995-08-16,558
1995-08-17,552
1995-08-17,552
1995-08-18,545
1995-08-18,545
1995-08-19,538
1995-08-19,538
1995-08-20,531
1995-08-20,531
1995-08-21,523
1995-08-21,523
1995-08-22,515
1995-08-22,515
1995-08-23,506
1995-08-23,506
1995-08-24,498
1995-08-24,498
1995-08-25,488
1995-08-25,488
1995-08-26,481
1995-08-26,481
1995-08-27,473
1995-08-27,473
1995-08-28,463
1995-08-28,463
1995-08-29,454
1995-08-29,454
1995-08-30,443
1995-08-30,443
1995-08-31,433
1995-08-31,433
1995-09-01,421
1995-09-01,421
1995-09-02,409
1995-09-02,409
1995-09-03,395
1995-09-04,381
1995-09-04,381
1995-09-05,368
1995-09-05,368
1995-09-06,355
1995-09-06,355
1995-09-07,343
1995-09-07,343
1995-09-08,331
1995-09-08,331
1995-09-09,318
1995-09-09,318
1995-09-10,306
1995-09-10,306
1995-09-11,293
1995-09-11,293
1995-09-12,281
1995-09-12,281
1995-09-13,266
1995-09-13,266
1995-09-14,252
1995-09-14,252
1995-09-15,238
1995-09-15,238
1995-09-16,221
1995-09-16,221
1995-09-17,208
1995-09-18,195
1995-09-19,182
1995-09-20,170
1995-09-21,157
1995-09-22,144
1995-09-22,129
1995-09-23,131
1995-09-23,122
1995-09-24,118
1995-09-24,118
1995-09-25,115
1995-09-25,115
1995-09-26,110
1995-09-26,110
1995-09-27,103
1995-09-27,103
1995-09-28,97
1995-09-28,97
1995-09-29,92
1995-09-29,92
1995-09-30,85
1995-09-30,85
1995-10-01,78
1995-10-01,78
1995-10-02,70
1995-10-02,70
1995-10-03,60
1995-10-03,60
1995-10-04,54
1995-10-04,54
1995-10-05,48
1995-10-05,48
1995-10-06,45
1995-10-06,45
1995-10-07,45
1995-10-07,45
1995-10-08,49
1995-10-08,49
1995-10-09,49
1995-10-09,49
1995-10-10,47
1995-10-10,47
1995-10-11,44
1995-10-11,44
1995-10-12,43
1995-10-12,43
1995-10-13,36
1995-10-13,36
1995-10-14,30
1995-10-14,30
1995-10-15,24
1995-10-15,24
1995-10-16,17
1995-10-16,17
1995-10-17,10
1995-10-17,10
1995-10-18,1
1995-10-18,1
1995-10-19,4
1995-10-19,4
1995-10-20,4
1995-10-20,4
1995-10-21,4
1995-10-21,4
1995-10-22,3
1995-10-22,3
1995-10-23,2
1995-10-23,2
1995-10-24,9
1995-10-24,9
1995-10-25,13
1995-10-25,13
1995-10-26,13
1995-10-26,13
1995-10-27,16
1995-10-27,16
1995-10-28,13
1995-10-28,13
1995-10-29,7
1995-10-29,7
1995-10-30,1
1995-10-30,1
1995-10-31,1
1995-10-31,1
1995-11-01,6
1995-11-01,-6
1995-11-02,11
1995-11-02,-11
1995-11-03,8
1995-11-03,-8
1995-11-04,6
1995-11-04,-6
1995-11-05,3
1995-11-05,-3
1995-11-06,4
1995-11-06,4
1995-11-07,9
1995-11-07,9
1995-11-08,16
1995-11-08,16
1995-11-09,18
1995-11-09,18
1995-11-10,19
1995-11-10,19
1995-11-11,20
1995-11-11,20
1995-11-12,20
1995-11-12,20
1995-11-13,20
1995-11-13,20
1995-11-14,22
1995-11-14,22
1995-11-15,23
1995-11-15,23
1995-11-16,23
1995-11-16,23
1995-11-17,27
1995-11-17,27
1995-11-18,32
1995-11-18,32
1995-11-19,39
1995-11-19,39
1995-11-20,48
1995-11-20,48
1995-11-21,57
1995-11-21,57
1995-11-22,68
1995-11-22,68
1995-11-23,80
1995-11-23,80
1995-11-24,89
1995-11-24,89
1995-11-25,96
1995-11-25,96
1995-11-26,105
1995-11-26,105
1995-11-27,109
1995-11-27,109
1995-11-28,113
1995-11-28,113
1995-11-29,119
1995-11-29,119
1995-11-30,120
1995-11-30,120
1995-12-01,124
1995-12-01,124
1995-12-02,127
1995-12-02,127
1995-12-03,135
1995-12-03,135
1995-12-04,143
1995-12-04,143
1995-12-05,153
1995-12-05,153
1995-12-06,160
1995-12-06,160
1995-12-07,168
1995-12-07,168
1995-12-08,176
1995-12-08,176
1995-12-09,186
1995-12-09,186
1995-12-10,193
1995-12-10,193
1995-12-11,200
1995-12-11,200
1995-12-12,205
1995-12-12,205
1995-12-13,209
1995-12-13,209
1995-12-14,216
1995-12-14,216
1995-12-15,222
1995-12-15,222
1995-12-16,227
1995-12-16,227
1995-12-17,231
1995-12-17,231
1995-12-18,236
1995-12-18,236
1995-12-19,241
1995-12-19,241
1995-12-20,248
1995-12-20,248
1995-12-21,256
1995-12-21,256
1995-12-22,262
1995-12-22,262
1995-12-23,270
1995-12-23,270
1995-12-24,276
1995-12-24,276
1995-12-25,283
1995-12-25,283
1995-12-26,290
1995-12-26,290
1995-12-27,292
1995-12-27,292
1995-12-28,294
1995-12-28,294
1995-12-29,297
1995-12-29,297
1995-12-30,298
1995-12-30,298
1995-12-31,297
1995-12-31,297
1996-01-01,299
1996-01-01,299
1996-01-02,299
1996-01-02,299
1996-01-03,300
1996-01-03,300
1996-01-04,302
1996-01-04,302
1996-01-05,309
1996-01-05,309
1996-01-06,315
1996-01-06,315
1996-01-07,321
1996-01-07,321
1996-01-08,324
1996-01-08,324
1996-01-09,330
1996-01-09,330
1996-01-10,334
1996-01-10,334
1996-01-11,338
1996-01-11,338
1996-01-12,343
1996-01-12,343
1996-01-13,347
1996-01-13,347
1996-01-14,351
1996-01-14,351
1996-01-15,362
1996-01-15,362
1996-01-16,369
1996-01-16,369
1996-01-17,373
1996-01-17,373
1996-01-18,379
1996-01-18,379
1996-01-19,386
1996-01-19,386
1996-01-20,396
1996-01-20,396
1996-01-21,401
1996-01-21,401
1996-01-22,408
1996-01-22,408
1996-01-23,413
1996-01-23,413
1996-01-24,418
1996-01-24,418
1996-01-25,424
1996-01-25,424
1996-01-26,427
1996-01-26,427
1996-01-27,430
1996-01-27,430
1996-01-28,432
1996-01-28,432
1996-01-29,436
1996-01-29,436
1996-01-30,438
1996-01-30,438
1996-01-31,440
1996-01-31,440
1996-02-01,443
1996-02-01,443
1996-02-02,447
1996-02-02,447
1996-02-03,450
1996-02-03,450
1996-02-04,458
1996-02-04,458
1996-02-05,467
1996-02-05,467
1996-02-06,473
1996-02-06,473
1996-02-07,479
1996-02-07,479
1996-02-08,482
1996-02-08,482
1996-02-09,486
1996-02-09,486
1996-02-10,491
1996-02-10,491
1996-02-11,494
1996-02-11,494
1996-02-12,493
1996-02-12,493
1996-02-13,495
1996-02-13,495
1996-02-14,498
1996-02-14,498
1996-02-15,504
1996-02-15,504
1996-02-16,507
1996-02-16,507
1996-02-17,513
1996-02-17,513
1996-02-18,520
1996-02-18,520
1996-02-19,526
1996-02-19,526
1996-02-20,530
1996-02-20,530
1996-02-21,538
1996-02-21,538
1996-02-22,541
1996-02-22,541
1996-02-23,545
1996-02-23,545
1996-02-24,548
1996-02-24,548
1996-02-25,552
1996-02-25,552
1996-02-26,553
1996-02-26,553
1996-02-27,554
1996-02-27,554
1996-02-28,556
1996-02-28,556
1996-02-29,559
1996-02-29,559
1996-03-01,562
1996-03-01,562
1996-03-02,566
1996-03-02,566
1996-03-03,571
1996-03-03,571
1996-03-04,582
1996-03-04,582
1996-03-05,589
1996-03-05,589
1996-03-06,594
1996-03-06,594
1996-03-07,598
1996-03-07,598
1996-03-08,604
1996-03-08,604
1996-03-09,606
1996-03-09,606
1996-03-10,609
1996-03-10,609
1996-03-11,614
1996-03-11,614
1996-03-12,619
1996-03-12,619
1996-03-13,623
1996-03-13,623
1996-03-14,626
1996-03-14,626
1996-03-15,632
1996-03-15,632
1996-03-16,644
1996-03-16,644
1996-03-17,653
1996-03-17,653
1996-03-18,658
1996-03-18,658
1996-03-19,664
1996-03-19,664
1996-03-20,668
1996-03-20,668
1996-03-21,672
1996-03-21,672
1996-03-22,679
1996-03-22,679
1996-03-23,683
1996-03-23,683
1996-03-24,686
1996-03-24,686
1996-03-25,691
1996-03-25,691
1996-03-26,697
1996-03-26,697
1996-03-27,702
1996-03-27,702
1996-03-28,704
1996-03-28,704
1996-03-29,707
1996-03-29,707
1996-03-30,711
1996-03-30,711
1996-03-31,715
1996-03-31,715
1996-04-01,716
1996-04-01,716
1996-04-02,718
1996-04-02,718
1996-04-03,719
1996-04-03,719
1996-04-04,720
1996-04-04,720
1996-04-05,722
1996-04-05,722
1996-04-06,723
1996-04-06,723
1996-04-07,724
1996-04-07,724
1996-04-08,725
1996-04-08,725
1996-04-09,728
1996-04-09,728
1996-04-10,730
1996-04-10,730
1996-04-11,734
1996-04-11,734
1996-04-12,741
1996-04-12,741
1996-04-13,746
1996-04-13,746
1996-04-14,748
1996-04-14,748
1996-04-15,750
1996-04-15,750
1996-04-16,756
1996-04-16,756
1996-04-17,758
1996-04-17,758
1996-04-18,760
1996-04-18,760
1996-04-19,763
1996-04-19,763
1996-04-20,766
1996-04-20,766
1996-04-21,777
1996-04-21,777
1996-04-22,779
1996-04-22,779
1996-04-23,781
1996-04-23,781
1996-04-24,786
1996-04-24,786
1996-04-25,788
1996-04-25,788
1996-04-26,789
1996-04-26,789
1996-04-27,792
1996-04-27,792
1996-04-28,791
1996-04-28,791
1996-04-29,789
1996-04-29,789
1996-04-30,788
1996-04-30,788
1996-05-01,786
1996-05-01,786
1996-05-02,786
1996-05-02,786
1996-05-03,785
1996-05-03,785
1996-05-04,786
1996-05-04,786
1996-05-05,790
1996-05-05,790
1996-05-06,792
1996-05-06,792
1996-05-07,798
1996-05-07,798
1996-05-08,801
1996-05-08,801
1996-05-09,805
1996-05-09,805
1996-05-10,811
1996-05-10,811
1996-05-11,814
1996-05-11,814
1996-05-12,819
1996-05-12,819
1996-05-13,825
1996-05-13,825
1996-05-14,829
1996-05-14,829
1996-05-15,831
1996-05-15,831
1996-05-16,831
1996-05-16,831
1996-05-17,832
1996-05-17,832
1996-05-18,831
1996-05-18,831
1996-05-19,830
1996-05-19,830
1996-05-20,830
1996-05-20,830
1996-05-21,829
1996-05-21,829
1996-05-22,829
1996-05-22,829
1996-05-23,828
1996-05-23,828
1996-05-24,826
1996-05-24,826
1996-05-25,826
1996-05-25,826
1996-05-26,824
1996-05-26,824
1996-05-27,825
1996-05-27,825
1996-05-28,826
1996-05-28,826
1996-05-29,824
1996-05-29,824
1996-05-30,825
1996-05-30,825
1996-05-31,825
1996-05-31,825
1996-06-01,825
1996-06-01,825
1996-06-02,826
1996-06-02,826
1996-06-03,827
1996-06-03,827
1996-06-04,829
1996-06-04,829
1996-06-05,831
1996-06-05,831
1996-06-06,832
1996-06-06,832
1996-06-07,834
1996-06-07,834
1996-06-08,835
1996-06-08,835
1996-06-09,836
1996-06-09,836
1996-06-10,836
1996-06-10,836
1996-06-11,835
1996-06-11,835
1996-06-12,836
1996-06-12,836
1996-06-13,835
1996-06-13,835
1996-06-14,833
1996-06-14,833
1996-06-15,831
1996-06-15,831
1996-06-16,830
1996-06-16,830
1996-06-17,829
1996-06-17,829
1996-06-18,829
1996-06-18,829
1996-06-19,827
1996-06-19,827
1996-06-20,826
1996-06-20,826
1996-06-21,824
1996-06-21,824
1996-06-22,822
1996-06-22,822
1996-06-23,820
1996-06-23,820
1996-06-24,817
1996-06-24,817
1996-06-25,813
1996-06-25,813
1996-06-26,812
1996-06-26,812
1996-06-27,810
1996-06-27,810
1996-06-28,806
1996-06-28,806
1996-06-29,805
1996-06-29,805
1996-06-30,805
1996-06-30,805
1996-07-01,802
1996-07-01,802
1996-07-02,800
1996-07-02,800
1996-07-03,799
1996-07-03,799
1996-07-04,799
1996-07-04,799
1996-07-05,796
1996-07-05,796
1996-07-06,794
1996-07-06,794
1996-07-07,791
1996-07-07,791
1996-07-08,790
1996-07-08,790
1996-07-09,787
1996-07-09,787
1996-07-10,783
1996-07-10,783
1996-07-11,779
1996-07-11,779
1996-07-12,776
1996-07-12,776
1996-07-13,773
1996-07-13,773
1996-07-14,769
1996-07-14,769
1996-07-15,769
1996-07-15,769
1996-07-16,767
1996-07-16,767
1996-07-17,765
1996-07-17,765
1996-07-18,763
1996-07-18,763
1996-07-19,761
1996-07-19,761
1996-07-20,759
1996-07-20,759
1996-07-21,756
1996-07-21,756
1996-07-22,755
1996-07-22,755
1996-07-23,750
1996-07-23,750
1996-07-24,749
1996-07-24,749
1996-07-25,746
1996-07-25,746
1996-07-26,741
1996-07-26,741
1996-07-27,737
1996-07-27,737
1996-07-28,733
1996-07-28,733
1996-07-29,729
1996-07-29,729
1996-07-30,727
1996-07-30,727
1996-07-31,726
1996-07-31,726
1996-08-01,726
1996-08-01,726
1996-08-02,723
1996-08-02,723
1996-08-03,720
1996-08-03,720
1996-08-04,718
1996-08-04,718
1996-08-05,716
1996-08-05,716
1996-08-06,713
1996-08-06,713
1996-08-07,708
1996-08-07,708
1996-08-08,703
1996-08-08,703
1996-08-09,697
1996-08-09,697
1996-08-10,691
1996-08-10,691
1996-08-11,685
1996-08-11,685
1996-08-12,677
1996-08-12,677
1996-08-13,669
1996-08-13,669
1996-08-14,662
1996-08-14,662
1996-08-15,655
1996-08-15,655
1996-08-16,649
1996-08-16,649
1996-08-17,643
1996-08-17,643
1996-08-18,636
1996-08-18,636
1996-08-19,633
1996-08-19,633
1996-08-20,627
1996-08-20,627
1996-08-21,623
1996-08-21,623
1996-08-22,617
1996-08-22,617
1996-08-23,612
1996-08-23,612
1996-08-24,606
1996-08-24,606
1996-08-25,600
1996-08-25,600
1996-08-26,595
1996-08-26,595
1996-08-27,589
1996-08-27,589
1996-08-28,584
1996-08-28,584
1996-08-29,580
1996-08-29,580
1996-08-30,575
1996-08-30,575
1996-08-31,572
1996-08-31,572
1996-09-01,568
1996-09-01,568
1996-09-02,564
1996-09-02,564
1996-09-03,559
1996-09-03,559
1996-09-04,553
1996-09-04,553
1996-09-05,546
1996-09-05,546
1996-09-06,539
1996-09-06,539
1996-09-07,530
1996-09-07,530
1996-09-08,521
1996-09-08,521
1996-09-09,513
1996-09-09,513
1996-09-10,505
1996-09-10,505
1996-09-11,498
1996-09-11,498
1996-09-12,491
1996-09-12,491
1996-09-13,485
1996-09-13,485
1996-09-14,478
1996-09-14,478
1996-09-15,471
1996-09-15,471
1996-09-16,463
1996-09-16,463
1996-09-17,455
1996-09-17,455
1996-09-18,447
1996-09-18,447
1996-09-19,439
1996-09-19,439
1996-09-20,430
1996-09-20,430
1996-09-21,421
1996-09-21,421
1996-09-22,411
1996-09-22,411
1996-09-23,402
1996-09-23,402
1996-09-24,390
1996-09-24,390
1996-09-25,381
1996-09-25,381
1996-09-26,371
1996-09-26,371
1996-09-27,363
1996-09-27,363
1996-09-28,355
1996-09-28,355
1996-09-29,347
1996-09-29,347
1996-09-30,337
1996-09-30,337
1996-10-01,327
1996-10-01,327
1996-10-02,317
1996-10-02,317
1996-10-03,309
1996-10-03,309
1996-10-04,295
1996-10-04,295
1996-10-05,285
1996-10-05,285
1996-10-06,273
1996-10-06,273
1996-10-07,262
1996-10-07,262
1996-10-08,252
1996-10-08,252
1996-10-09,244
1996-10-09,244
1996-10-10,238
1996-10-10,238
1996-10-11,233
1996-10-11,233
1996-10-12,229
1996-10-12,229
1996-10-13,224
1996-10-13,224
1996-10-14,222
1996-10-14,222
1996-10-15,220
1996-10-15,220
1996-10-16,216
1996-10-16,216
1996-10-17,211
1996-10-17,211
1996-10-18,208
1996-10-18,208
1996-10-19,203
1996-10-19,203
1996-10-20,200
1996-10-20,200
1996-10-21,197
1996-10-21,197
1996-10-22,196
1996-10-22,196
1996-10-23,194
1996-10-23,194
1996-10-24,196
1996-10-24,196
1996-10-25,196
1996-10-25,196
1996-10-26,198
1996-10-26,198
1996-10-27,200
1996-10-27,200
1996-10-28,201
1996-10-28,201
1996-10-29,202
1996-10-29,202
1996-10-30,201
1996-10-30,201
1996-10-31,200
1996-10-31,200
1996-11-01,198
1996-11-01,198
1996-11-02,196
1996-11-02,196
1996-11-03,192
1996-11-03,192
1996-11-04,190
1996-11-04,190
1996-11-05,188
1996-11-05,188
1996-11-06,187
1996-11-06,187
1996-11-07,186
1996-11-07,186
1996-11-08,186
1996-11-08,186
1996-11-09,188
1996-11-09,188
1996-11-10,191
1996-11-10,191
1996-11-11,195
1996-11-11,195
1996-11-12,199
1996-11-12,199
1996-11-13,204
1996-11-13,204
1996-11-14,205
1996-11-14,205
1996-11-15,206
1996-11-15,206
1996-11-16,207
1996-11-16,207
1996-11-17,211
1996-11-17,211
1996-11-18,211
1996-11-18,211
1996-11-19,212
1996-11-19,212
1996-11-20,214
1996-11-20,214
1996-11-21,219
1996-11-21,219
1996-11-22,223
1996-11-22,223
1996-11-23,227
1996-11-23,227
1996-11-24,230
1996-11-24,230
1996-11-25,235
1996-11-25,235
1996-11-26,240
1996-11-26,240
1996-11-27,245
1996-11-27,245
1996-11-28,249
1996-11-28,249
1996-11-29,252
1996-11-29,252
1996-11-30,254
1996-11-30,254
1996-12-01,258
1996-12-01,258
1996-12-02,261
1996-12-02,261
1996-12-03,263
1996-12-03,263
1996-12-04,264
1996-12-04,264
1996-12-05,266
1996-12-05,266
1996-12-06,270
1996-12-06,270
1996-12-07,271
1996-12-07,271
1996-12-08,275
1996-12-08,275
1996-12-09,278
1996-12-09,278
1996-12-10,280
1996-12-10,280
1996-12-11,283
1996-12-11,283
1996-12-12,286
1996-12-12,286
1996-12-13,288
1996-12-13,288
1996-12-14,290
1996-12-14,290
1996-12-15,290
1996-12-15,290
1996-12-16,289
1996-12-16,289
1996-12-17,289
1996-12-17,289
1996-12-18,290
1996-12-18,290
1996-12-19,287
1996-12-19,287
1996-12-20,286
1996-12-20,286
1996-12-21,287
1996-12-21,287
1996-12-22,286
1996-12-22,286
1996-12-23,288
1996-12-23,288
1996-12-24,290
1996-12-24,290
1996-12-25,292
1996-12-25,292
1996-12-26,294
1996-12-26,294
1996-12-27,295
1996-12-27,295
1996-12-28,298
1996-12-28,298
1996-12-29,299
1996-12-29,299
1996-12-30,302
1996-12-30,302
1996-12-31,303
1996-12-31,303
1997-01-01,306
1997-01-01,306
1997-01-02,305
1997-01-02,305
1997-01-03,305
1997-01-03,305
1997-01-04,307
1997-01-04,307
1997-01-05,311
1997-01-05,311
1997-01-06,315
1997-01-06,315
1997-01-07,318
1997-01-07,318
1997-01-08,326
1997-01-08,326
1997-01-09,333
1997-01-09,333
1997-01-10,338
1997-01-10,338
1997-01-11,344
1997-01-11,344
1997-01-12,354
1997-01-12,354
1997-01-13,362
1997-01-13,362
1997-01-14,369
1997-01-14,369
1997-01-15,375
1997-01-15,375
1997-01-16,383
1997-01-16,383
1997-01-17,387
1997-01-17,387
1997-01-18,392
1997-01-18,392
1997-01-19,394
1997-01-19,394
1997-01-20,398
1997-01-20,398
1997-01-21,400
1997-01-21,400
1997-01-22,408
1997-01-22,408
1997-01-23,415
1997-01-23,415
1997-01-24,419
1997-01-24,419
1997-01-25,423
1997-01-25,423
1997-01-26,427
1997-01-26,427
1997-01-27,430
1997-01-27,430
1997-01-28,434
1997-01-28,434
1997-01-29,443
1997-01-29,443
1997-01-30,446
1997-01-30,446
1997-01-31,447
1997-01-31,447
1997-02-01,449
1997-02-01,449
1997-02-02,448
1997-02-02,448
1997-02-03,448
1997-02-03,448
1997-02-04,449
1997-02-04,449
1997-02-05,451
1997-02-05,451
1997-02-06,455
1997-02-06,455
1997-02-07,458
1997-02-07,458
1997-02-08,462
1997-02-08,462
1997-02-09,468
1997-02-09,468
1997-02-10,474
1997-02-10,474
1997-02-11,479
1997-02-11,479
1997-02-12,483
1997-02-12,483
1997-02-13,488
1997-02-13,488
1997-02-14,494
1997-02-14,494
1997-02-15,497
1997-02-15,497
1997-02-16,497
1997-02-16,497
1997-02-17,498
1997-02-17,498
1997-02-18,500
1997-02-18,500
1997-02-19,503
1997-02-19,503
1997-02-20,504
1997-02-20,504
1997-02-21,504
1997-02-21,504
1997-02-22,507
1997-02-22,507
1997-02-23,514
1997-02-23,514
1997-02-24,518
1997-02-24,518
1997-02-25,520
1997-02-25,520
1997-02-26,523
1997-02-26,523
1997-02-27,526
1997-02-27,526
1997-02-28,529
1997-02-28,529
1997-03-01,531
1997-03-01,531
1997-03-02,531
1997-03-02,531
1997-03-03,533
1997-03-03,533
1997-03-04,534
1997-03-04,534
1997-03-05,539
1997-03-05,539
1997-03-06,544
1997-03-06,544
1997-03-07,552
1997-03-07,552
1997-03-08,557
1997-03-08,557
1997-03-09,563
1997-03-09,563
1997-03-10,571
1997-03-10,571
1997-03-11,581
1997-03-11,581
1997-03-12,588
1997-03-12,588
1997-03-13,595
1997-03-13,595
1997-03-14,601
1997-03-14,601
1997-03-15,607
1997-03-15,607
1997-03-16,617
1997-03-16,617
1997-03-17,625
1997-03-17,625
1997-03-18,631
1997-03-18,631
1997-03-19,636
1997-03-19,636
1997-03-20,641
1997-03-20,641
1997-03-21,646
1997-03-21,646
1997-03-22,650
1997-03-22,650
1997-03-23,656
1997-03-23,656
1997-03-24,660
1997-03-24,660
1997-03-25,665
1997-03-25,665
1997-03-26,670
1997-03-26,670
1997-03-27,675
1997-03-27,675
1997-03-28,680
1997-03-28,680
1997-03-29,685
1997-03-29,685
1997-03-30,691
1997-03-30,691
1997-03-31,696
1997-03-31,696
1997-04-01,699
1997-04-01,699
1997-04-02,702
1997-04-02,702
1997-04-03,705
1997-04-03,705
1997-04-04,707
1997-04-04,707
1997-04-05,710
1997-04-05,710
1997-04-06,714
1997-04-06,714
1997-04-07,719
1997-04-07,719
1997-04-08,727
1997-04-08,727
1997-04-09,732
1997-04-09,732
1997-04-10,737
1997-04-10,737
1997-04-11,743
1997-04-11,743
1997-04-12,748
1997-04-12,748
1997-04-13,758
1997-04-13,758
1997-04-14,763
1997-04-14,763
1997-04-15,767
1997-04-15,767
1997-04-16,772
1997-04-16,772
1997-04-17,773
1997-04-17,773
1997-04-18,776
1997-04-18,776
1997-04-19,776
1997-04-19,776
1997-04-20,777
1997-04-20,777
1997-04-21,779
1997-04-21,779
1997-04-22,781
1997-04-22,781
1997-04-23,784
1997-04-23,784
1997-04-24,791
1997-04-24,791
1997-04-25,795
1997-04-25,795
1997-04-26,799
1997-04-26,799
1997-04-27,803
1997-04-27,803
1997-04-28,806
1997-04-28,806
1997-04-29,810
1997-04-29,810
1997-04-30,812
1997-04-30,812
1997-05-01,813
1997-05-01,813
1997-05-02,814
1997-05-02,814
1997-05-03,814
1997-05-03,814
1997-05-04,814
1997-05-04,814
1997-05-05,817
1997-05-05,817
1997-05-06,821
1997-05-06,821
1997-05-07,826
1997-05-07,826
1997-05-08,830
1997-05-08,830
1997-05-09,835
1997-05-09,835
1997-05-10,841
1997-05-10,841
1997-05-11,844
1997-05-11,844
1997-05-12,847
1997-05-12,847
1997-05-13,850
1997-05-13,850
1997-05-14,852
1997-05-14,852
1997-05-15,854
1997-05-15,854
1997-05-16,855
1997-05-16,855
1997-05-17,857
1997-05-17,857
1997-05-18,857
1997-05-18,857
1997-05-19,856
1997-05-19,856
1997-05-20,855
1997-05-20,855
1997-05-21,854
1997-05-21,854
1997-05-22,853
1997-05-22,853
1997-05-23,851
1997-05-23,851
1997-05-24,850
1997-05-24,850
1997-05-25,848
1997-05-25,848
1997-05-26,848
1997-05-26,848
1997-05-27,847
1997-05-27,847
1997-05-28,847
1997-05-28,847
1997-05-29,848
1997-05-29,848
1997-05-30,848
1997-05-30,848
1997-05-31,848
1997-05-31,848
1997-06-01,847
1997-06-01,847
1997-06-02,846
1997-06-02,846
1997-06-03,844
1997-06-03,844
1997-06-04,843
1997-06-04,843
1997-06-05,841
1997-06-05,841
1997-06-06,841
1997-06-06,841
1997-06-07,839
1997-06-07,839
1997-06-08,838
1997-06-08,838
1997-06-09,836
1997-06-09,836
1997-06-10,834
1997-06-10,834
1997-06-11,832
1997-06-11,832
1997-06-12,829
1997-06-12,829
1997-06-13,827
1997-06-13,827
1997-06-14,824
1997-06-14,824
1997-06-15,821
1997-06-15,821
1997-06-16,818
1997-06-16,818
1997-06-17,815
1997-06-17,815
1997-06-18,812
1997-06-18,812
1997-06-19,810
1997-06-19,810
1997-06-20,807
1997-06-20,807
1997-06-21,805
1997-06-21,805
1997-06-22,804
1997-06-22,804
1997-06-23,802
1997-06-23,802
1997-06-24,801
1997-06-24,801
1997-06-25,799
1997-06-25,799
1997-06-26,798
1997-06-26,798
1997-06-27,798
1997-06-27,798
1997-06-28,795
1997-06-28,795
1997-06-29,794
1997-06-29,794
1997-06-30,791
1997-06-30,791
1997-07-01,788
1997-07-01,788
1997-07-02,785
1997-07-02,785
1997-07-03,782
1997-07-03,782
1997-07-04,779
1997-07-04,779
1997-07-05,775
1997-07-05,775
1997-07-06,771
1997-07-06,771
1997-07-07,767
1997-07-07,767
1997-07-08,764
1997-07-08,764
1997-07-09,761
1997-07-09,761
1997-07-10,758
1997-07-10,758
1997-07-11,754
1997-07-11,754
1997-07-12,749
1997-07-12,749
1997-07-13,744
1997-07-13,744
1997-07-14,739
1997-07-14,739
1997-07-15,734
1997-07-15,734
1997-07-16,730
1997-07-16,730
1997-07-17,725
1997-07-17,725
1997-07-18,721
1997-07-18,721
1997-07-19,716
1997-07-19,716
1997-07-20,713
1997-07-20,713
1997-07-21,708
1997-07-21,708
1997-07-22,704
1997-07-22,704
1997-07-23,700
1997-07-23,700
1997-07-24,696
1997-07-24,696
1997-07-25,694
1997-07-25,694
1997-07-26,689
1997-07-26,689
1997-07-27,685
1997-07-27,685
1997-07-28,680
1997-07-28,680
1997-07-29,675
1997-07-29,675
1997-07-30,670
1997-07-30,670
1997-07-31,665
1997-07-31,665
1997-08-01,660
1997-08-01,660
1997-08-02,656
1997-08-02,656
1997-08-03,650
1997-08-03,650
1997-08-04,645
1997-08-04,645
1997-08-05,639
1997-08-05,639
1997-08-06,635
1997-08-06,635
1997-08-07,630
1997-08-07,630
1997-08-08,625
1997-08-08,625
1997-08-09,621
1997-08-09,621
1997-08-10,616
1997-08-10,616
1997-08-11,612
1997-08-11,612
1997-08-12,607
1997-08-12,607
1997-08-13,603
1997-08-13,603
1997-08-14,599
1997-08-14,599
1997-08-15,592
1997-08-15,592
1997-08-16,587
1997-08-16,587
1997-08-17,581
1997-08-17,581
1997-08-18,575
1997-08-18,575
1997-08-19,569
1997-08-19,569
1997-08-20,564
1997-08-20,564
1997-08-21,558
1997-08-21,558
1997-08-22,551
1997-08-22,551
1997-08-23,544
1997-08-23,544
1997-08-24,536
1997-08-24,536
1997-08-25,529
1997-08-25,529
1997-08-26,520
1997-08-26,520
1997-08-27,511
1997-08-27,511
1997-08-28,501
1997-08-28,501
1997-08-29,493
1997-08-29,493
1997-08-30,483
1997-08-30,483
1997-08-31,472
1997-08-31,472
1997-09-01,463
1997-09-01,463
1997-09-02,454
1997-09-02,454
1997-09-03,445
1997-09-03,445
1997-09-04,436
1997-09-04,436
1997-09-05,426
1997-09-05,426
1997-09-06,417
1997-09-06,417
1997-09-07,406
1997-09-07,406
1997-09-08,396
1997-09-08,396
1997-09-09,384
1997-09-09,384
1997-09-10,372
1997-09-10,372
1997-09-11,359
1997-09-11,359
1997-09-12,347
1997-09-12,347
1997-09-13,333
1997-09-13,333
1997-09-14,322
1997-09-14,322
1997-09-15,312
1997-09-15,312
1997-09-16,301
1997-09-16,301
1997-09-17,290
1997-09-17,290
1997-09-18,280
1997-09-18,280
1997-09-19,271
1997-09-19,271
1997-09-20,260
1997-09-20,260
1997-09-21,248
1997-09-21,248
1997-09-22,234
1997-09-22,234
1997-09-23,220
1997-09-23,220
1997-09-24,206
1997-09-24,206
1997-09-25,189
1997-09-25,189
1997-09-26,174
1997-09-26,174
1997-09-27,158
1997-09-27,158
1997-09-28,143
1997-09-28,143
1997-09-29,129
1997-09-29,129
1997-09-30,119
1997-09-30,119
1997-10-01,108
1997-10-01,108
1997-10-02,96
1997-10-02,96
1997-10-03,84
1997-10-03,84
1997-10-04,73
1997-10-04,73
1997-10-05,66
1997-10-05,66
1997-10-06,56
1997-10-06,56
1997-10-07,46
1997-10-07,46
1997-10-08,34
1997-10-08,34
1997-10-09,26
1997-10-09,26
1997-10-10,20
1997-10-10,20
1997-10-11,15
1997-10-11,15
1997-10-12,11
1997-10-12,11
1997-10-13,11
1997-10-13,11
1997-10-14,14
1997-10-14,14
1997-10-15,21
1997-10-15,21
1997-10-16,26
1997-10-16,26
1997-10-17,29
1997-10-17,29
1997-10-18,29
1997-10-18,29
1997-10-19,29
1997-10-19,29
1997-10-20,20
1997-10-20,20
1997-10-21,13
1997-10-21,13
1997-10-22,8
1997-10-22,8
1997-10-23,3
1997-10-23,3
1997-10-24,-3
1997-10-24,-3
1997-10-25,-9
1997-10-25,-9
1997-10-26,-17
1997-10-26,-17
1997-10-27,-18
1997-10-27,-18
1997-10-28,-21
1997-10-28,-21
1997-10-29,-22
1997-10-29,-22
1997-10-30,-23
1997-10-30,-23
1997-10-31,-23
1997-10-31,-23
1997-11-01,-20
1997-11-01,-20
1997-11-02,-20
1997-11-02,-20
1997-11-03,-24
1997-11-03,-24
1997-11-04,-27
1997-11-04,-27
1997-11-05,-32
1997-11-05,-32
1997-11-06,-33
1997-11-06,-33
1997-11-07,-36
1997-11-07,-36
1997-11-08,-39
1997-11-08,-39
1997-11-09,-41
1997-11-09,-41
1997-11-10,-41
1997-11-10,-41
1997-11-11,-35
1997-11-11,-35
1997-11-12,-32
1997-11-12,-32
1997-11-13,-24
1997-11-13,-24
1997-11-14,-14
1997-11-14,-14
1997-11-15,-6
1997-11-15,-6
1997-11-16,-3
1997-11-16,-3
1997-11-17,-2
1997-11-17,-2
1997-11-18,-3
1997-11-18,-3
1997-11-19,-5
1997-11-19,-5
1997-11-20,0
1997-11-20,0
1997-11-21,-3
1997-11-21,-3
1997-11-22,0
1997-11-22,0
1997-11-23,6
1997-11-23,6
1997-11-24,9
1997-11-24,9
1997-11-25,14
1997-11-25,14
1997-11-26,19
1997-11-26,19
1997-11-27,27
1997-11-27,27
1997-11-28,36
1997-11-28,36
1997-11-29,45
1997-11-29,45
1997-11-30,52
1997-11-30,52
1997-12-01,58
1997-12-01,58
1997-12-02,63
1997-12-02,63
1997-12-03,68
1997-12-03,68
1997-12-04,71
1997-12-04,71
1997-12-05,74
1997-12-05,74
1997-12-06,76
1997-12-06,76
1997-12-07,74
1997-12-07,74
1997-12-08,77
1997-12-08,77
1997-12-09,79
1997-12-09,79
1997-12-10,81
1997-12-10,81
1997-12-11,84
1997-12-11,84
1997-12-12,90
1997-12-12,90
1997-12-13,95
1997-12-13,95
1997-12-14,105
1997-12-14,105
1997-12-15,110
1997-12-15,110
1997-12-16,115
1997-12-16,115
1997-12-17,118
1997-12-17,118
1997-12-18,121
1997-12-18,121
1997-12-19,127
1997-12-19,127
1997-12-20,128
1997-12-20,128
1997-12-21,127
1997-12-21,127
1997-12-22,128
1997-12-22,128
1997-12-23,130
1997-12-23,130
1997-12-24,132
1997-12-24,132
1997-12-25,135
1997-12-25,135
1997-12-26,141
1997-12-26,141
1997-12-27,149
1997-12-27,149
1997-12-28,157
1997-12-28,157
1997-12-29,165
1997-12-29,165
1997-12-30,173
1997-12-30,173
1997-12-31,180
1997-12-31,180
1998-01-01,190
1998-01-01,190
1998-01-02,194
1998-01-02,194
1998-01-03,199
1998-01-03,199
1998-01-04,202
1998-01-04,202
1998-01-05,206
1998-01-05,206
1998-01-06,209
1998-01-06,209
1998-01-07,211
1998-01-07,211
1998-01-08,213
1998-01-08,213
1998-01-09,219
1998-01-09,219
1998-01-10,219
1998-01-10,219
1998-01-11,225
1998-01-11,225
1998-01-12,229
1998-01-12,229
1998-01-13,232
1998-01-13,232
1998-01-14,237
1998-01-14,237
1998-01-15,243
1998-01-15,243
1998-01-16,247
1998-01-16,247
1998-01-17,250
1998-01-17,250
1998-01-18,253
1998-01-18,253
1998-01-19,254
1998-01-19,254
1998-01-20,260
1998-01-20,260
1998-01-21,263
1998-01-21,263
1998-01-22,267
1998-01-22,267
1998-01-23,271
1998-01-23,271
1998-01-24,276
1998-01-24,276
1998-01-25,279
1998-01-25,279
1998-01-26,283
1998-01-26,283
1998-01-27,287
1998-01-27,287
1998-01-28,292
1998-01-28,292
1998-01-29,298
1998-01-29,298
1998-01-30,302
1998-01-30,302
1998-01-31,307
1998-01-31,307
1998-02-01,310
1998-02-01,310
1998-02-02,315
1998-02-02,315
1998-02-03,316
1998-02-03,316
1998-02-04,318
1998-02-04,318
1998-02-05,320
1998-02-05,320
1998-02-06,320
1998-02-06,320
1998-02-07,321
1998-02-07,321
1998-02-08,321
1998-02-08,321
1998-02-09,321
1998-02-09,321
1998-02-10,323
1998-02-10,323
1998-02-11,324
1998-02-11,324
1998-02-12,327
1998-02-12,327
1998-02-13,329
1998-02-13,329
1998-02-14,332
1998-02-14,332
1998-02-15,334
1998-02-15,334
1998-02-16,335
1998-02-16,335
1998-02-17,336
1998-02-17,336
1998-02-18,337
1998-02-18,337
1998-02-19,337
1998-02-19,337
1998-02-20,338
1998-02-20,338
1998-02-21,345
1998-02-21,345
1998-02-22,346
1998-02-22,346
1998-02-23,345
1998-02-23,345
1998-02-24,347
1998-02-24,347
1998-02-25,351
1998-02-25,351
1998-02-26,357
1998-02-26,357
1998-02-27,361
1998-02-27,361
1998-02-28,365
1998-02-28,365
1998-03-01,373
1998-03-01,373
1998-03-02,379
1998-03-02,379
1998-03-03,385
1998-03-03,385
1998-03-04,390
1998-03-04,390
1998-03-05,394
1998-03-05,394
1998-03-06,397
1998-03-06,397
1998-03-07,401
1998-03-07,401
1998-03-08,407
1998-03-08,407
1998-03-09,414
1998-03-09,414
1998-03-10,419
1998-03-10,419
1998-03-11,422
1998-03-11,422
1998-03-12,425
1998-03-12,425
1998-03-13,429
1998-03-13,429
1998-03-14,432
1998-03-14,432
1998-03-15,437
1998-03-15,437
1998-03-16,445
1998-03-16,445
1998-03-17,449
1998-03-17,449
1998-03-18,454
1998-03-18,454
1998-03-19,457
1998-03-19,457
1998-03-20,459
1998-03-20,459
1998-03-21,463
1998-03-21,463
1998-03-22,465
1998-03-22,465
1998-03-23,468
1998-03-23,468
1998-03-24,470
1998-03-24,470
1998-03-25,472
1998-03-25,472
1998-03-26,477
1998-03-26,477
1998-03-27,479
1998-03-27,479
1998-03-28,485
1998-03-28,485
1998-03-29,489
1998-03-29,489
1998-03-30,493
1998-03-30,493
1998-03-31,498
1998-03-31,498
1998-04-01,501
1998-04-01,501
1998-04-02,504
1998-04-02,504
1998-04-03,506
1998-04-03,506
1998-04-04,512
1998-04-04,512
1998-04-05,518
1998-04-05,518
1998-04-06,521
1998-04-06,521
1998-04-07,522
1998-04-07,522
1998-04-08,523
1998-04-08,523
1998-04-09,525
1998-04-09,525
1998-04-10,528
1998-04-10,528
1998-04-11,532
1998-04-11,532
1998-04-12,537
1998-04-12,537
1998-04-13,539
1998-04-13,539
1998-04-14,544
1998-04-14,544
1998-04-15,547
1998-04-15,547
1998-04-16,551
1998-04-16,551
1998-04-17,554
1998-04-17,554
1998-04-18,555
1998-04-18,555
1998-04-19,556
1998-04-19,556
1998-04-20,560
1998-04-20,560
1998-04-21,563
1998-04-21,563
1998-04-22,565
1998-04-22,565
1998-04-23,566
1998-04-23,566
1998-04-24,566
1998-04-24,566
1998-04-25,569
1998-04-25,569
1998-04-26,573
1998-04-26,573
1998-04-27,576
1998-04-27,576
1998-04-28,580
1998-04-28,580
1998-04-29,583
1998-04-29,583
1998-04-30,587
1998-04-30,587
1998-05-01,590
1998-05-01,590
1998-05-02,598
1998-05-02,598
1998-05-03,602
1998-05-03,602
1998-05-04,607
1998-05-04,607
1998-05-05,611
1998-05-05,611
1998-05-06,613
1998-05-06,613
1998-05-07,614
1998-05-07,614
1998-05-08,616
1998-05-08,616
1998-05-09,620
1998-05-09,620
1998-05-10,622
1998-05-10,622
1998-05-11,625
1998-05-11,625
1998-05-12,629
1998-05-12,629
1998-05-13,633
1998-05-13,633
1998-05-14,636
1998-05-14,636
1998-05-15,639
1998-05-15,639
1998-05-16,643
1998-05-16,643
1998-05-17,645
1998-05-17,645
1998-05-18,650
1998-05-18,650
1998-05-19,655
1998-05-19,655
1998-05-20,659
1998-05-20,659
1998-05-21,660
1998-05-21,660
1998-05-22,663
1998-05-22,663
1998-05-23,666
1998-05-23,666
1998-05-24,670
1998-05-24,670
1998-05-25,673
1998-05-25,673
1998-05-26,675
1998-05-26,675
1998-05-27,677
1998-05-27,677
1998-05-28,679
1998-05-28,679
1998-05-29,680
1998-05-29,680
1998-05-30,681
1998-05-30,681
1998-05-31,680
1998-05-31,680
1998-06-01,680
1998-06-01,680
1998-06-02,681
1998-06-02,681
1998-06-03,680
1998-06-03,680
1998-06-04,678
1998-06-04,678
1998-06-05,676
1998-06-05,676
1998-06-06,674
1998-06-06,674
1998-06-07,673
1998-06-07,673
1998-06-08,674
1998-06-08,674
1998-06-09,673
1998-06-09,673
1998-06-10,673
1998-06-10,673
1998-06-11,673
1998-06-11,673
1998-06-12,672
1998-06-12,672
1998-06-13,673
1998-06-13,673
1998-06-14,674
1998-06-14,674
1998-06-15,672
1998-06-15,672
1998-06-16,676
1998-06-16,676
1998-06-17,677
1998-06-17,677
1998-06-18,678
1998-06-18,678
1998-06-19,680
1998-06-19,680
1998-06-20,679
1998-06-20,679
1998-06-21,679
1998-06-21,679
1998-06-22,678
1998-06-22,678
1998-06-23,678
1998-06-23,678
1998-06-24,679
1998-06-24,679
1998-06-25,679
1998-06-25,679
1998-06-26,678
1998-06-26,678
1998-06-27,678
1998-06-27,678
1998-06-28,678
1998-06-28,678
1998-06-29,678
1998-06-29,678
1998-06-30,677
1998-06-30,677
1998-07-01,676
1998-07-01,676
1998-07-02,676
1998-07-02,676
1998-07-03,674
1998-07-03,674
1998-07-04,672
1998-07-04,672
1998-07-05,670
1998-07-05,670
1998-07-06,668
1998-07-06,668
1998-07-07,665
1998-07-07,665
1998-07-08,666
1998-07-08,666
1998-07-09,664
1998-07-09,664
1998-07-10,662
1998-07-10,662
1998-07-11,662
1998-07-11,662
1998-07-12,662
1998-07-12,662
1998-07-13,663
1998-07-13,663
1998-07-14,663
1998-07-14,663
1998-07-15,662
1998-07-15,662
1998-07-16,661
1998-07-16,661
1998-07-17,660
1998-07-17,660
1998-07-18,658
1998-07-18,658
1998-07-19,657
1998-07-19,657
1998-07-20,656
1998-07-20,656
1998-07-21,653
1998-07-21,653
1998-07-22,650
1998-07-22,650
1998-07-23,649
1998-07-23,649
1998-07-24,647
1998-07-24,647
1998-07-25,645
1998-07-25,645
1998-07-26,644
1998-07-26,644
1998-07-27,641
1998-07-27,641
1998-07-28,638
1998-07-28,638
1998-07-29,636
1998-07-29,636
1998-07-30,633
1998-07-30,633
1998-07-31,629
1998-07-31,629
1998-08-01,626
1998-08-01,626
1998-08-02,623
1998-08-02,623
1998-08-03,618
1998-08-03,618
1998-08-04,615
1998-08-04,615
1998-08-05,610
1998-08-05,610
1998-08-06,607
1998-08-06,607
1998-08-07,603
1998-08-07,603
1998-08-08,598
1998-08-08,598
1998-08-09,594
1998-08-09,594
1998-08-10,590
1998-08-10,590
1998-08-11,587
1998-08-11,587
1998-08-12,583
1998-08-12,583
1998-08-13,580
1998-08-13,580
1998-08-14,576
1998-08-14,576
1998-08-15,570
1998-08-15,570
1998-08-16,565
1998-08-16,565
1998-08-17,560
1998-08-17,560
1998-08-18,555
1998-08-18,555
1998-08-19,547
1998-08-19,547
1998-08-20,541
1998-08-20,541
1998-08-21,535
1998-08-21,535
1998-08-22,529
1998-08-22,529
1998-08-23,523
1998-08-23,523
1998-08-24,519
1998-08-24,519
1998-08-25,511
1998-08-25,511
1998-08-26,506
1998-08-26,506
1998-08-27,499
1998-08-27,499
1998-08-28,494
1998-08-28,494
1998-08-29,486
1998-08-29,486
1998-08-30,477
1998-08-30,477
1998-08-31,469
1998-08-31,469
1998-09-01,462
1998-09-01,462
1998-09-02,454
1998-09-02,454
1998-09-03,445
1998-09-03,445
1998-09-04,437
1998-09-04,437
1998-09-05,430
1998-09-05,430
1998-09-06,423
1998-09-06,423
1998-09-07,415
1998-09-07,415
1998-09-08,408
1998-09-08,408
1998-09-09,401
1998-09-09,401
1998-09-10,392
1998-09-10,392
1998-09-11,383
1998-09-11,383
1998-09-12,373
1998-09-12,373
1998-09-13,362
1998-09-13,362
1998-09-14,349
1998-09-14,349
1998-09-15,335
1998-09-15,335
1998-09-16,323
1998-09-16,323
1998-09-17,309
1998-09-17,309
1998-09-18,295
1998-09-18,295
1998-09-19,284
1998-09-19,284
1998-09-20,272
1998-09-20,272
1998-09-21,263
1998-09-21,263
1998-09-22,254
1998-09-22,254
1998-09-23,242
1998-09-23,242
1998-09-24,231
1998-09-24,231
1998-09-25,221
1998-09-25,221
1998-09-26,210
1998-09-26,210
1998-09-27,198
1998-09-27,198
1998-09-28,187
1998-09-28,187
1998-09-29,175
1998-09-29,175
1998-09-30,165
1998-09-30,165
1998-10-01,155
1998-10-01,155
1998-10-02,144
1998-10-02,144
1998-10-03,137
1998-10-03,137
1998-10-04,131
1998-10-04,131
1998-10-05,130
1998-10-05,130
1998-10-06,128
1998-10-06,128
1998-10-07,127
1998-10-07,127
1998-10-08,124
1998-10-08,124
1998-10-09,120
1998-10-09,120
1998-10-10,112
1998-10-10,112
1998-10-11,100
1998-10-11,100
1998-10-12,88
1998-10-12,88
1998-10-13,79
1998-10-13,79
1998-10-14,70
1998-10-14,70
1998-10-15,61
1998-10-15,61
1998-10-16,51
1998-10-16,51
1998-10-17,45
1998-10-17,45
1998-10-18,40
1998-10-18,40
1998-10-19,37
1998-10-19,37
1998-10-20,32
1998-10-20,32
1998-10-21,26
1998-10-21,26
1998-10-22,25
1998-10-22,25
1998-10-23,20
1998-10-23,20
1998-10-24,12
1998-10-24,12
1998-10-25,9
1998-10-25,9
1998-10-26,1
1998-10-26,1
1998-10-27,-3
1998-10-27,-3
1998-10-28,-8
1998-10-28,-8
1998-10-29,-15
1998-10-29,-15
1998-10-30,-12
1998-10-30,-12
1998-10-31,-13
1998-10-31,-13
1998-11-01,-12
1998-11-01,-12
1998-11-02,-8
1998-11-02,-8
1998-11-03,-3
1998-11-03,-3
1998-11-04,-2
1998-11-04,-2
1998-11-05,20
1998-11-05,20
1998-11-06,23
1998-11-06,23
1998-11-07,22
1998-11-07,22
1998-11-08,24
1998-11-08,24
1998-11-09,25
1998-11-09,25
1998-11-10,27
1998-11-10,27
1998-11-11,32
1998-11-11,32
1998-11-12,37
1998-11-12,37
1998-11-13,44
1998-11-13,44
1998-11-14,50
1998-11-14,50
1998-11-15,59
1998-11-15,59
1998-11-16,68
1998-11-16,68
1998-11-17,78
1998-11-17,78
1998-11-18,86
1998-11-18,86
1998-11-19,93
1998-11-19,93
1998-11-20,100
1998-11-20,100
1998-11-21,107
1998-11-21,107
1998-11-22,112
1998-11-22,112
1998-11-23,117
1998-11-23,117
1998-11-24,121
1998-11-24,121
1998-11-25,125
1998-11-25,125
1998-11-26,130
1998-11-26,130
1998-11-27,136
1998-11-27,136
1998-11-28,146
1998-11-28,146
1998-11-29,152
1998-11-29,152
1998-11-30,157
1998-11-30,157
1998-12-01,162
1998-12-01,162
1998-12-02,172
1998-12-02,172
1998-12-03,179
1998-12-03,179
1998-12-04,190
1998-12-04,190
1998-12-05,199
1998-12-05,199
1998-12-06,205
1998-12-06,205
1998-12-07,211
1998-12-07,211
1998-12-08,215
1998-12-08,215
1998-12-09,218
1998-12-09,218
1998-12-10,221
1998-12-10,221
1998-12-11,223
1998-12-11,223
1998-12-12,225
1998-12-12,225
1998-12-13,229
1998-12-13,229
1998-12-14,233
1998-12-14,233
1998-12-15,235
1998-12-15,235
1998-12-16,239
1998-12-16,239
1998-12-17,243
1998-12-17,243
1998-12-18,247
1998-12-18,247
1998-12-19,251
1998-12-19,251
1998-12-20,254
1998-12-20,254
1998-12-21,257
1998-12-21,257
1998-12-22,257
1998-12-22,257
1998-12-23,258
1998-12-23,258
1998-12-24,257
1998-12-24,257
1998-12-25,256
1998-12-25,256
1998-12-26,254
1998-12-26,254
1998-12-27,254
1998-12-27,254
1998-12-28,256
1998-12-28,256
1998-12-29,256
1998-12-29,256
1998-12-30,258
1998-12-30,258
1998-12-31,259
1998-12-31,259
1999-01-01,262
1999-01-01,262
1999-01-02,265
1999-01-02,265
1999-01-03,266
1999-01-03,266
1999-01-04,268
1999-01-04,268
1999-01-05,271
1999-01-05,271
1999-01-06,276
1999-01-06,276
1999-01-07,277
1999-01-07,277
1999-01-08,277
1999-01-08,277
1999-01-09,282
1999-01-09,282
1999-01-10,281
1999-01-10,281
1999-01-11,285
1999-01-11,285
1999-01-12,287
1999-01-12,287
1999-01-13,291
1999-01-13,291
1999-01-14,299
1999-01-14,299
1999-01-15,306
1999-01-15,306
1999-01-16,316
1999-01-16,316
1999-01-17,329
1999-01-17,329
1999-01-18,339
1999-01-18,339
1999-01-19,348
1999-01-19,348
1999-01-20,356
1999-01-20,356
1999-01-21,365
1999-01-21,365
1999-01-22,375
1999-01-22,375
1999-01-23,381
1999-01-23,381
1999-01-24,388
1999-01-24,388
1999-01-25,396
1999-01-25,396
1999-01-26,401
1999-01-26,401
1999-01-27,412
1999-01-27,412
1999-01-28,418
1999-01-28,418
1999-01-29,424
1999-01-29,424
1999-01-30,429
1999-01-30,429
1999-01-31,435
1999-01-31,435
1999-02-01,439
1999-02-01,439
1999-02-02,444
1999-02-02,444
1999-02-03,448
1999-02-03,448
1999-02-04,450
1999-02-04,450
1999-02-05,455
1999-02-05,455
1999-02-06,462
1999-02-06,462
1999-02-07,471
1999-02-07,471
1999-02-08,477
1999-02-08,477
1999-02-09,482
1999-02-09,482
1999-02-10,484
1999-02-10,484
1999-02-11,488
1999-02-11,488
1999-02-12,491
1999-02-12,491
1999-02-13,495
1999-02-13,495
1999-02-14,501
1999-02-14,501
1999-02-15,508
1999-02-15,508
1999-02-16,515
1999-02-16,515
1999-02-17,525
1999-02-17,525
1999-02-18,532
1999-02-18,532
1999-02-19,541
1999-02-19,541
1999-02-20,549
1999-02-20,549
1999-02-21,557
1999-02-21,557
1999-02-22,564
1999-02-22,564
1999-02-23,571
1999-02-23,571
1999-02-24,574
1999-02-24,574
1999-02-25,582
1999-02-25,582
1999-02-26,586
1999-02-26,586
1999-02-27,589
1999-02-27,589
1999-02-28,594
1999-02-28,594
1999-03-01,607
1999-03-01,607
1999-03-02,612
1999-03-02,612
1999-03-03,617
1999-03-03,617
1999-03-04,621
1999-03-04,621
1999-03-05,626
1999-03-05,626
1999-03-06,631
1999-03-06,631
1999-03-07,637
1999-03-07,637
1999-03-08,638
1999-03-08,638
1999-03-09,640
1999-03-09,640
1999-03-10,645
1999-03-10,645
1999-03-11,648
1999-03-11,648
1999-03-12,652
1999-03-12,652
1999-03-13,656
1999-03-13,656
1999-03-14,659
1999-03-14,659
1999-03-15,663
1999-03-15,663
1999-03-16,667
1999-03-16,667
1999-03-17,669
1999-03-17,669
1999-03-18,676
1999-03-18,676
1999-03-19,678
1999-03-19,678
1999-03-20,680
1999-03-20,680
1999-03-21,685
1999-03-21,685
1999-03-22,689
1999-03-22,689
1999-03-23,696
1999-03-23,696
1999-03-24,700
1999-03-24,700
1999-03-25,705
1999-03-25,705
1999-03-26,711
1999-03-26,711
1999-03-27,715
1999-03-27,715
1999-03-28,718
1999-03-28,718
1999-03-29,721
1999-03-29,721
1999-03-30,725
1999-03-30,725
1999-03-31,729
1999-03-31,729
1999-04-01,734
1999-04-01,734
1999-04-02,737
1999-04-02,737
1999-04-03,740
1999-04-03,740
1999-04-04,744
1999-04-04,744
1999-04-05,748
1999-04-05,748
1999-04-06,752
1999-04-06,752
1999-04-07,757
1999-04-07,757
1999-04-08,758
1999-04-08,758
1999-04-09,759
1999-04-09,759
1999-04-10,759
1999-04-10,759
1999-04-11,763
1999-04-11,763
1999-04-12,763
1999-04-12,763
1999-04-13,763
1999-04-13,763
1999-04-14,763
1999-04-14,763
1999-04-15,762
1999-04-15,762
1999-04-16,763
1999-04-16,763
1999-04-17,764
1999-04-17,764
1999-04-18,768
1999-04-18,768
1999-04-19,771
1999-04-19,771
1999-04-20,776
1999-04-20,776
1999-04-21,779
1999-04-21,779
1999-04-22,781
1999-04-22,781
1999-04-23,783
1999-04-23,783
1999-04-24,785
1999-04-24,785
1999-04-25,789
1999-04-25,789
1999-04-26,791
1999-04-26,791
1999-04-27,792
1999-04-27,792
1999-04-28,794
1999-04-28,794
1999-04-29,796
1999-04-29,796
1999-04-30,797
1999-04-30,797
1999-05-01,800
1999-05-01,800
1999-05-02,803
1999-05-02,803
1999-05-03,806
1999-05-03,806
1999-05-04,808
1999-05-04,808
1999-05-05,809
1999-05-05,809
1999-05-06,809
1999-05-06,809
1999-05-07,808
1999-05-07,808
1999-05-08,810
1999-05-08,810
1999-05-09,814
1999-05-09,814
1999-05-10,817
1999-05-10,817
1999-05-11,817
1999-05-11,817
1999-05-12,825
1999-05-12,825
1999-05-13,824
1999-05-13,824
1999-05-14,828
1999-05-14,828
1999-05-15,832
1999-05-15,832
1999-05-16,835
1999-05-16,835
1999-05-17,837
1999-05-17,837
1999-05-18,840
1999-05-18,840
1999-05-19,844
1999-05-19,844
1999-05-20,849
1999-05-20,849
1999-05-21,852
1999-05-21,852
1999-05-22,857
1999-05-22,857
1999-05-23,861
1999-05-23,861
1999-05-24,865
1999-05-24,865
1999-05-25,868
1999-05-25,868
1999-05-26,868
1999-05-26,868
1999-05-27,869
1999-05-27,869
1999-05-28,871
1999-05-28,871
1999-05-29,871
1999-05-29,871
1999-05-30,871
1999-05-30,871
1999-05-31,870
1999-05-31,870
1999-06-01,869
1999-06-01,869
1999-06-02,870
1999-06-02,870
1999-06-03,870
1999-06-03,870
1999-06-04,870
1999-06-04,870
1999-06-05,870
1999-06-05,870
1999-06-06,870
1999-06-06,870
1999-06-07,870
1999-06-07,870
1999-06-08,870
1999-06-08,870
1999-06-09,870
1999-06-09,870
1999-06-10,869
1999-06-10,869
1999-06-11,869
1999-06-11,869
1999-06-12,867
1999-06-12,867
1999-06-13,869
1999-06-13,869
1999-06-14,869
1999-06-14,869
1999-06-15,869
1999-06-15,869
1999-06-16,869
1999-06-16,869
1999-06-17,869
1999-06-17,869
1999-06-18,869
1999-06-18,869
1999-06-19,868
1999-06-19,868
1999-06-20,868
1999-06-20,868
1999-06-21,866
1999-06-21,866
1999-06-22,865
1999-06-22,865
1999-06-23,863
1999-06-23,863
1999-06-24,862
1999-06-24,862
1999-06-25,859
1999-06-25,859
1999-06-26,856
1999-06-26,856
1999-06-27,854
1999-06-27,854
1999-06-28,851
1999-06-28,851
1999-06-29,848
1999-06-29,848
1999-06-30,845
1999-06-30,845
1999-07-01,843
1999-07-01,843
1999-07-02,841
1999-07-02,841
1999-07-03,840
1999-07-03,840
1999-07-04,839
1999-07-04,839
1999-07-05,837
1999-07-05,837
1999-07-06,836
1999-07-06,836
1999-07-07,835
1999-07-07,835
1999-07-08,833
1999-07-08,833
1999-07-09,831
1999-07-09,831
1999-07-10,828
1999-07-10,828
1999-07-11,826
1999-07-11,826
1999-07-12,824
1999-07-12,824
1999-07-13,823
1999-07-13,823
1999-07-14,822
1999-07-14,822
1999-07-15,821
1999-07-15,821
1999-07-16,820
1999-07-16,820
1999-07-17,819
1999-07-17,819
1999-07-18,818
1999-07-18,818
1999-07-19,816
1999-07-19,816
1999-07-20,813
1999-07-20,813
1999-07-21,811
1999-07-21,811
1999-07-22,808
1999-07-22,808
1999-07-23,805
1999-07-23,805
1999-07-24,802
1999-07-24,802
1999-07-25,799
1999-07-25,799
1999-07-26,796
1999-07-26,796
1999-07-27,793
1999-07-27,793
1999-07-28,789
1999-07-28,789
1999-07-29,786
1999-07-29,786
1999-07-30,783
1999-07-30,783
1999-07-31,781
1999-07-31,781
1999-08-01,778
1999-08-01,778
1999-08-02,775
1999-08-02,775
1999-08-03,772
1999-08-03,772
1999-08-04,768
1999-08-04,768
1999-08-05,764
1999-08-05,764
1999-08-06,760
1999-08-06,760
1999-08-07,756
1999-08-07,756
1999-08-08,752
1999-08-08,752
1999-08-09,749
1999-08-09,749
1999-08-10,746
1999-08-10,746
1999-08-11,744
1999-08-11,744
1999-08-12,743
1999-08-12,743
1999-08-13,742
1999-08-13,742
1999-08-14,740
1999-08-14,740
1999-08-15,737
1999-08-15,737
1999-08-16,735
1999-08-16,735
1999-08-17,731
1999-08-17,731
1999-08-18,724
1999-08-18,724
1999-08-19,719
1999-08-19,719
1999-08-20,715
1999-08-20,715
1999-08-21,709
1999-08-21,709
1999-08-22,705
1999-08-22,705
1999-08-23,700
1999-08-23,700
1999-08-24,695
1999-08-24,695
1999-08-25,689
1999-08-25,689
1999-08-26,685
1999-08-26,685
1999-08-27,681
1999-08-27,681
1999-08-28,677
1999-08-28,677
1999-08-29,673
1999-08-29,673
1999-08-30,669
1999-08-30,669
1999-08-31,665
1999-08-31,665
1999-09-01,660
1999-09-01,660
1999-09-02,655
1999-09-02,655
1999-09-03,650
1999-09-03,650
1999-09-04,644
1999-09-04,644
1999-09-05,639
1999-09-05,639
1999-09-06,633
1999-09-06,633
1999-09-07,627
1999-09-07,627
1999-09-08,621
1999-09-08,621
1999-09-09,615
1999-09-09,615
1999-09-10,609
1999-09-10,609
1999-09-11,603
1999-09-11,603
1999-09-12,597
1999-09-12,597
1999-09-13,592
1999-09-13,592
1999-09-14,586
1999-09-14,586
1999-09-15,580
1999-09-15,580
1999-09-16,572
1999-09-16,572
1999-09-17,564
1999-09-17,564
1999-09-18,554
1999-09-18,554
1999-09-19,546
1999-09-19,546
1999-09-20,536
1999-09-20,536
1999-09-21,525
1999-09-21,525
1999-09-22,514
1999-09-22,514
1999-09-23,505
1999-09-23,505
1999-09-24,494
1999-09-24,494
1999-09-25,485
1999-09-25,485
1999-09-26,478
1999-09-26,478
1999-09-27,470
1999-09-27,470
1999-09-28,461
1999-09-28,461
1999-09-29,451
1999-09-29,451
1999-09-30,442
1999-09-30,442
1999-10-01,432
1999-10-01,432
1999-10-02,419
1999-10-02,419
1999-10-03,404
1999-10-03,404
1999-10-04,391
1999-10-04,391
1999-10-05,379
1999-10-05,379
1999-10-06,366
1999-10-06,366
1999-10-07,354
1999-10-07,354
1999-10-08,344
1999-10-08,344
1999-10-09,334
1999-10-09,334
1999-10-10,325
1999-10-10,325
1999-10-11,317
1999-10-11,317
1999-10-12,309
1999-10-12,309
1999-10-13,300
1999-10-13,300
1999-10-14,291
1999-10-14,291
1999-10-15,282
1999-10-15,282
1999-10-16,273
1999-10-16,273
1999-10-17,262
1999-10-17,262
1999-10-18,251
1999-10-18,251
1999-10-19,242
1999-10-19,242
1999-10-20,235
1999-10-20,235
1999-10-21,230
1999-10-21,230
1999-10-22,225
1999-10-22,225
1999-10-23,222
1999-10-23,222
1999-10-24,219
1999-10-24,219
1999-10-25,217
1999-10-25,217
1999-10-26,215
1999-10-26,215
1999-10-27,213
1999-10-27,213
1999-10-28,209
1999-10-28,209
1999-10-29,204
1999-10-29,204
1999-10-30,201
1999-10-30,201
1999-10-31,195
1999-10-31,195
1999-11-01,188
1999-11-01,188
1999-11-02,183
1999-11-02,183
1999-11-03,176
1999-11-03,176
1999-11-04,171
1999-11-04,171
1999-11-05,168
1999-11-05,168
1999-11-06,164
1999-11-06,164
1999-11-07,160
1999-11-07,160
1999-11-08,156
1999-11-08,156
1999-11-09,153
1999-11-09,153
1999-11-10,148
1999-11-10,148
1999-11-11,143
1999-11-11,143
1999-11-12,136
1999-11-12,136
1999-11-13,130
1999-11-13,130
1999-11-14,125
1999-11-14,125
1999-11-15,117
1999-11-15,117
1999-11-16,109
1999-11-16,109
1999-11-17,103
1999-11-17,103
1999-11-18,99
1999-11-18,99
1999-11-19,97
1999-11-19,97
1999-11-20,97
1999-11-20,97
1999-11-21,98
1999-11-21,98
1999-11-22,97
1999-11-22,97
1999-11-23,102
1999-11-23,102
1999-11-24,107
1999-11-24,107
1999-11-25,109
1999-11-25,109
1999-11-26,110
1999-11-26,110
1999-11-27,110
1999-11-27,110
1999-11-28,110
1999-11-28,110
1999-11-29,110
1999-11-29,110
1999-11-30,107
1999-11-30,107
1999-12-01,107
1999-12-01,107
1999-12-02,107
1999-12-02,107
1999-12-03,108
1999-12-03,108
1999-12-04,108
1999-12-04,108
1999-12-05,111
1999-12-05,111
1999-12-06,112
1999-12-06,112
1999-12-07,113
1999-12-07,113
1999-12-08,117
1999-12-08,117
1999-12-09,118
1999-12-09,118
1999-12-10,120
1999-12-10,120
1999-12-11,118
1999-12-11,118
1999-12-12,118
1999-12-12,118
1999-12-13,119
1999-12-13,119
1999-12-14,118
1999-12-14,118
1999-12-15,118
1999-12-15,118
1999-12-16,118
1999-12-16,118
1999-12-17,117
1999-12-17,117
1999-12-18,117
1999-12-18,117
1999-12-19,118
1999-12-19,118
1999-12-20,120
1999-12-20,120
1999-12-21,126
1999-12-21,126
1999-12-22,137
1999-12-22,137
1999-12-23,143
1999-12-23,143
1999-12-24,154
1999-12-24,154
1999-12-25,160
1999-12-25,160
1999-12-26,166
1999-12-26,166
1999-12-27,171
1999-12-27,171
1999-12-28,178
1999-12-28,178
1999-12-29,184
1999-12-29,184
1999-12-30,191
1999-12-30,191
1999-12-31,196
1999-12-31,196
2000-01-01,204
2000-01-01,204
2000-01-02,213
2000-01-02,213
2000-01-03,223
2000-01-03,223
2000-01-04,231
2000-01-04,231
2000-01-05,238
2000-01-05,238
2000-01-06,246
2000-01-06,246
2000-01-07,254
2000-01-07,254
2000-01-08,262
2000-01-08,262
2000-01-09,269
2000-01-09,269
2000-01-10,275
2000-01-10,275
2000-01-11,282
2000-01-11,282
2000-01-12,292
2000-01-12,292
2000-01-13,299
2000-01-13,299
2000-01-14,305
2000-01-14,305
2000-01-15,311
2000-01-15,311
2000-01-16,319
2000-01-16,319
2000-01-17,328
2000-01-17,328
2000-01-18,334
2000-01-18,334
2000-01-19,341
2000-01-19,341
2000-01-20,349
2000-01-20,349
2000-01-21,355
2000-01-21,355
2000-01-22,359
2000-01-22,359
2000-01-23,367
2000-01-23,367
2000-01-24,372
2000-01-24,372
2000-01-25,382
2000-01-25,382
2000-01-26,384
2000-01-26,384
2000-01-27,386
2000-01-27,386
2000-01-28,386
2000-01-28,386
2000-01-29,384
2000-01-29,384
2000-01-30,385
2000-01-30,385
2000-01-31,387
2000-01-31,387
2000-02-01,388
2000-02-02,389
2000-02-03,391
2000-02-04,396
2000-02-05,401
2000-02-06,407
2000-02-07,412
2000-02-08,416
2000-02-09,419
2000-02-10,423
2000-02-11,428
2000-02-12,432
2000-02-13,438
2000-02-14,440
2000-02-15,442
2000-02-16,444
2000-02-17,451
2000-02-18,455
2000-02-19,463
2000-02-20,469
2000-02-21,478
2000-02-22,488
2000-02-23,495
2000-02-24,501
2000-02-25,507
2000-02-26,514
2000-02-27,517
2000-02-28,517
2000-02-29,517
2000-03-01,517
2000-03-02,517
2000-03-03,519
2000-03-04,521
2000-03-05,527
2000-03-06,531
2000-03-07,537
2000-03-08,543
2000-03-09,550
2000-03-10,553
2000-03-11,558
2000-03-12,568
2000-03-13,574
2000-03-14,579
2000-03-15,583
2000-03-16,590
2000-03-17,599
2000-03-18,607
2000-03-19,614
2000-03-20,619
2000-03-21,623
2000-03-22,627
2000-03-23,630
2000-03-24,631
2000-03-25,635
2000-03-26,638
2000-03-27,641
2000-03-28,649
2000-03-29,653
2000-03-30,657
2000-03-31,661
2000-04-01,666
2000-04-02,671
2000-04-03,678
2000-04-04,681
2000-04-05,685
2000-04-06,689
2000-04-07,691
2000-04-08,695
2000-04-09,698
2000-04-10,702
2000-04-11,708
2000-04-12,713
2000-04-13,721
2000-04-14,726
2000-04-15,730
2000-04-16,736
2000-04-17,741
2000-04-18,745
2000-04-19,751
2000-04-20,756
2000-04-21,763
2000-04-22,768
2000-04-23,773
2000-04-24,776
2000-04-25,777
2000-04-26,784
2000-04-27,787
2000-04-28,792
2000-04-29,796
2000-04-30,799
2000-05-01,802
2000-05-02,803
2000-05-03,803
2000-05-04,805
2000-05-05,806
2000-05-06,810
2000-05-07,817
2000-05-08,819
2000-05-09,822
2000-05-10,824
2000-05-11,826
2000-05-12,827
2000-05-13,829
2000-05-14,830
2000-05-15,831
2000-05-16,832
2000-05-17,836
2000-05-18,840
2000-05-19,844
2000-05-20,846
2000-05-21,848
2000-05-22,852
2000-05-23,853
2000-05-24,855
2000-05-25,857
2000-05-26,859
2000-05-27,858
2000-05-28,859
2000-05-29,859
2000-05-30,858
2000-05-31,858
2000-06-01,858
2000-06-02,858
2000-06-03,858
2000-06-04,857
2000-06-05,856
2000-06-06,854
2000-06-07,853
2000-06-08,851
2000-06-09,848
2000-06-10,845
2000-06-11,843
2000-06-12,839
2000-06-13,835
2000-06-14,832
2000-06-15,829
2000-06-16,828
2000-06-17,826
2000-06-18,824
2000-06-19,822
2000-06-20,820
2000-06-21,820
2000-06-22,818
2000-06-23,815
2000-06-24,814
2000-06-25,813
2000-06-26,811
2000-06-27,809
2000-06-28,808
2000-06-29,806
2000-06-30,805
2000-07-01,802
2000-07-02,801
2000-07-03,799
2000-07-04,798
2000-07-05,796
2000-07-06,795
2000-07-07,795
2000-07-08,793
2000-07-09,792
2000-07-10,790
2000-07-11,789
2000-07-12,789
2000-07-13,789
2000-07-14,791
2000-07-15,791
2000-07-16,789
2000-07-17,785
2000-07-18,784
2000-07-19,782
2000-07-20,781
2000-07-21,780
2000-07-22,780
2000-07-23,779
2000-07-24,778
2000-07-25,776
2000-07-26,774
2000-07-27,772
2000-07-28,768
2000-07-29,765
2000-07-30,761
2000-07-31,758
2000-08-01,755
2000-08-02,751
2000-08-03,748
2000-08-04,746
2000-08-05,743
2000-08-06,741
2000-08-07,739
2000-08-08,736
2000-08-09,732
2000-08-10,728
2000-08-11,724
2000-08-12,719
2000-08-13,715
2000-08-14,709
2000-08-15,704
2000-08-16,700
2000-08-17,696
2000-08-18,692
2000-08-19,689
2000-08-20,686
2000-08-21,681
2000-08-22,678
2000-08-23,675
2000-08-24,671
2000-08-25,666
2000-08-26,659
2000-08-27,656
2000-08-28,653
2000-08-29,648
2000-08-30,643
2000-08-31,640
2000-09-01,636
2000-09-01,637
2000-09-01,635
2000-09-02,632
2000-09-02,633
2000-09-02,630
2000-09-03,627
2000-09-03,628
2000-09-03,626
2000-09-04,622
2000-09-04,624
2000-09-04,620
2000-09-05,617
2000-09-05,618
2000-09-05,616
2000-09-06,612
2000-09-06,612
2000-09-06,611
2000-09-07,607
2000-09-07,608
2000-09-07,606
2000-09-08,602
2000-09-08,603
2000-09-08,600
2000-09-09,595
2000-09-09,597
2000-09-09,593
2000-09-10,588
2000-09-10,590
2000-09-10,586
2000-09-11,582
2000-09-11,584
2000-09-11,580
2000-09-12,576
2000-09-12,578
2000-09-12,575
2000-09-13,571
2000-09-13,572
2000-09-13,570
2000-09-14,565
2000-09-14,567
2000-09-14,563
2000-09-15,559
2000-09-15,560
2000-09-15,558
2000-09-16,553
2000-09-16,554
2000-09-16,552
2000-09-17,548
2000-09-17,549
2000-09-17,547
2000-09-18,544
2000-09-18,545
2000-09-18,543
2000-09-19,538
2000-09-19,539
2000-09-19,537
2000-09-20,532
2000-09-20,534
2000-09-20,531
2000-09-21,526
2000-09-21,528
2000-09-21,525
2000-09-22,520
2000-09-22,521
2000-09-22,518
2000-09-23,512
2000-09-23,514
2000-09-23,510
2000-09-24,505
2000-09-24,507
2000-09-24,503
2000-09-25,498
2000-09-25,500
2000-09-25,496
2000-09-26,491
2000-09-26,493
2000-09-26,489
2000-09-27,484
2000-09-27,486
2000-09-27,482
2000-09-28,480
2000-09-28,481
2000-09-28,478
2000-09-29,474
2000-09-29,475
2000-09-29,473
2000-09-30,470
2000-09-30,471
2000-09-30,468
2000-10-01,462
2000-10-01,463
2000-10-01,461
2000-10-02,458
2000-10-02,459
2000-10-02,456
2000-10-03,450
2000-10-03,452
2000-10-03,448
2000-10-04,441
2000-10-04,443
2000-10-04,439
2000-10-05,432
2000-10-05,434
2000-10-05,430
2000-10-06,421
2000-10-06,424
2000-10-06,418
2000-10-07,412
2000-10-07,414
2000-10-07,409
2000-10-08,399
2000-10-08,401
2000-10-08,397
2000-10-09,390
2000-10-09,392
2000-10-09,387
2000-10-10,386
2000-10-10,393
2000-10-10,378
2000-10-11,374
2000-10-11,375
2000-10-11,372
2000-10-12,366
2000-10-12,367
2000-10-12,364
2000-10-13,357
2000-10-13,359
2000-10-13,355
2000-10-14,354
2000-10-14,355
2000-10-14,353
2000-10-15,350
2000-10-15,352
2000-10-15,348
2000-10-16,345
2000-10-16,347
2000-10-16,343
2000-10-17,340
2000-10-17,342
2000-10-17,338
2000-10-18,334
2000-10-18,337
2000-10-18,332
2000-10-19,330
2000-10-19,331
2000-10-19,328
2000-10-20,325
2000-10-20,326
2000-10-20,324
2000-10-21,319
2000-10-21,321
2000-10-21,317
2000-10-22,314
2000-10-22,315
2000-10-22,312
2000-10-23,308
2000-10-23,310
2000-10-23,307
2000-10-24,304
2000-10-24,306
2000-10-24,303
2000-10-25,300
2000-10-25,302
2000-10-25,299
2000-10-26,298
2000-10-26,299
2000-10-26,296
2000-10-27,294
2000-10-27,296
2000-10-27,293
2000-10-28,293
2000-10-28,294
2000-10-28,292
2000-10-29,291
2000-10-29,292
2000-10-29,290
2000-10-30,288
2000-10-30,290
2000-10-30,287
2000-10-31,284
2000-10-31,286
2000-10-31,282
2000-11-01,279
2000-11-01,279
2000-11-01,281
2000-11-01,276
2000-11-02,275
2000-11-02,275
2000-11-02,276
2000-11-02,274
2000-11-03,269
2000-11-03,269
2000-11-03,270
2000-11-03,268
2000-11-04,263
2000-11-04,263
2000-11-04,264
2000-11-04,261
2000-11-05,257
2000-11-05,257
2000-11-05,258
2000-11-05,255
2000-11-06,252
2000-11-06,252
2000-11-06,253
2000-11-06,250
2000-11-07,250
2000-11-07,250
2000-11-07,250
2000-11-07,249
2000-11-08,245
2000-11-08,245
2000-11-08,246
2000-11-08,244
2000-11-09,243
2000-11-09,243
2000-11-09,243
2000-11-09,243
2000-11-10,244
2000-11-10,244
2000-11-10,243
2000-11-10,243
2000-11-11,244
2000-11-11,244
2000-11-11,244
2000-11-11,244
2000-11-12,245
2000-11-12,245
2000-11-12,244
2000-11-12,245
2000-11-13,245
2000-11-13,245
2000-11-13,245
2000-11-13,244
2000-11-14,246
2000-11-14,246
2000-11-14,246
2000-11-14,246
2000-11-15,252
2000-11-15,252
2000-11-15,253
2000-11-15,250
2000-11-16,249
2000-11-16,249
2000-11-16,250
2000-11-16,247
2000-11-17,247
2000-11-17,247
2000-11-17,248
2000-11-17,246
2000-11-18,245
2000-11-18,245
2000-11-18,245
2000-11-18,244
2000-11-19,244
2000-11-19,244
2000-11-19,244
2000-11-19,243
2000-11-20,241
2000-11-20,241
2000-11-20,241
2000-11-20,241
2000-11-21,241
2000-11-21,241
2000-11-21,241
2000-11-21,240
2000-11-22,241
2000-11-22,241
2000-11-22,241
2000-11-22,241
2000-11-23,243
2000-11-23,243
2000-11-23,244
2000-11-23,242
2000-11-24,242
2000-11-24,242
2000-11-24,242
2000-11-24,241
2000-11-25,241
2000-11-25,241
2000-11-25,241
2000-11-25,241
2000-11-26,241
2000-11-26,241
2000-11-26,241
2000-11-26,240
2000-11-27,238
2000-11-27,238
2000-11-27,239
2000-11-27,237
2000-11-28,236
2000-11-28,236
2000-11-28,237
2000-11-28,234
2000-11-29,232
2000-11-29,232
2000-11-29,234
2000-11-29,230
2000-11-30,229
2000-11-30,229
2000-11-30,232
2000-11-30,226
2000-12-01,225
2000-12-01,225
2000-12-01,226
2000-12-01,224
2000-12-02,217
2000-12-02,217
2000-12-02,219
2000-12-02,215
2000-12-03,211
2000-12-03,211
2000-12-03,213
2000-12-03,208
2000-12-04,204
2000-12-04,204
2000-12-04,205
2000-12-04,202
2000-12-05,198
2000-12-05,198
2000-12-05,199
2000-12-05,196
2000-12-06,193
2000-12-06,193
2000-12-06,194
2000-12-06,192
2000-12-07,188
2000-12-07,188
2000-12-07,189
2000-12-07,186
2000-12-08,184
2000-12-08,184
2000-12-08,184
2000-12-08,183
2000-12-09,183
2000-12-09,183
2000-12-09,183
2000-12-09,183
2000-12-10,183
2000-12-10,183
2000-12-10,183
2000-12-10,183
2000-12-11,184
2000-12-11,184
2000-12-11,183
2000-12-11,184
2000-12-12,186
2000-12-12,186
2000-12-12,185
2000-12-12,186
2000-12-13,188
2000-12-13,188
2000-12-13,186
2000-12-13,189
2000-12-14,191
2000-12-14,191
2000-12-14,191
2000-12-14,190
2000-12-15,193
2000-12-15,193
2000-12-15,193
2000-12-15,192
2000-12-16,194
2000-12-16,194
2000-12-16,194
2000-12-16,194
2000-12-17,198
2000-12-17,198
2000-12-17,198
2000-12-17,198
2000-12-18,202
2000-12-18,202
2000-12-18,200
2000-12-18,203
2000-12-19,205
2000-12-19,205
2000-12-19,204
2000-12-19,205
2000-12-20,207
2000-12-20,207
2000-12-20,206
2000-12-20,208
2000-12-21,212
2000-12-21,212
2000-12-21,210
2000-12-21,214
2000-12-22,218
2000-12-22,218
2000-12-22,216
2000-12-22,219
2000-12-23,223
2000-12-23,223
2000-12-23,222
2000-12-23,224
2000-12-24,231
2000-12-24,231
2000-12-24,229
2000-12-24,232
2000-12-25,240
2000-12-25,240
2000-12-25,238
2000-12-25,241
2000-12-26,248
2000-12-26,248
2000-12-26,247
2000-12-26,249
2000-12-27,255
2000-12-27,255
2000-12-27,254
2000-12-27,255
2000-12-28,260
2000-12-28,260
2000-12-28,260
2000-12-28,260
2000-12-29,265
2000-12-29,265
2000-12-29,265
2000-12-29,264
2000-12-30,268
2000-12-30,268
2000-12-30,268
2000-12-30,268
2000-12-31,271
2000-12-31,271
2000-12-31,271
2000-12-31,270
2001-01-01,274
2001-01-01,274
2001-01-01,274
2001-01-01,273
2001-01-02,274
2001-01-02,274
2001-01-02,274
2001-01-02,274
2001-01-03,275
2001-01-03,275
2001-01-03,275
2001-01-03,274
2001-01-04,274
2001-01-04,274
2001-01-04,274
2001-01-04,274
2001-01-05,276
2001-01-05,276
2001-01-05,275
2001-01-05,276
2001-01-06,276
2001-01-06,276
2001-01-06,276
2001-01-06,276
2001-01-07,277
2001-01-07,277
2001-01-07,276
2001-01-07,278
2001-01-08,281
2001-01-08,281
2001-01-08,280
2001-01-08,282
2001-01-09,290
2001-01-09,290
2001-01-09,288
2001-01-09,292
2001-01-10,297
2001-01-10,297
2001-01-10,295
2001-01-10,298
2001-01-11,302
2001-01-11,302
2001-01-11,300
2001-01-11,304
2001-01-12,307
2001-01-12,307
2001-01-12,307
2001-01-12,307
2001-01-13,311
2001-01-13,311
2001-01-13,311
2001-01-13,310
2001-01-14,316
2001-01-14,316
2001-01-14,315
2001-01-14,316
2001-01-15,319
2001-01-15,319
2001-01-15,318
2001-01-15,319
2001-01-16,322
2001-01-16,322
2001-01-16,321
2001-01-16,322
2001-01-17,327
2001-01-17,327
2001-01-17,326
2001-01-17,328
2001-01-18,337
2001-01-18,337
2001-01-18,335
2001-01-18,338
2001-01-19,346
2001-01-19,346
2001-01-19,344
2001-01-19,347
2001-01-20,353
2001-01-20,353
2001-01-20,352
2001-01-20,354
2001-01-21,363
2001-01-21,363
2001-01-21,362
2001-01-21,364
2001-01-22,371
2001-01-22,371
2001-01-22,370
2001-01-22,372
2001-01-23,379
2001-01-23,379
2001-01-23,377
2001-01-23,380
2001-01-24,388
2001-01-24,388
2001-01-24,386
2001-01-24,390
2001-01-25,395
2001-01-25,395
2001-01-25,394
2001-01-25,396
2001-01-26,401
2001-01-26,401
2001-01-26,400
2001-01-26,402
2001-01-27,410
2001-01-27,410
2001-01-27,407
2001-01-27,412
2001-01-28,418
2001-01-28,418
2001-01-28,416
2001-01-28,419
2001-01-29,425
2001-01-29,425
2001-01-29,423
2001-01-29,427
2001-01-30,431
2001-01-30,431
2001-01-30,430
2001-01-30,432
2001-01-31,437
2001-01-31,437
2001-01-31,436
2001-01-31,438
2001-02-01,445
2001-02-01,445
2001-02-01,443
2001-02-01,447
2001-02-02,449
2001-02-02,449
2001-02-02,448
2001-02-02,449
2001-02-03,455
2001-02-03,455
2001-02-03,454
2001-02-03,455
2001-02-04,461
2001-02-04,461
2001-02-04,459
2001-02-04,463
2001-02-05,467
2001-02-05,467
2001-02-05,466
2001-02-05,468
2001-02-06,472
2001-02-06,472
2001-02-06,471
2001-02-06,472
2001-02-07,477
2001-02-07,477
2001-02-07,476
2001-02-07,478
2001-02-08,483
2001-02-08,483
2001-02-08,482
2001-02-08,484
2001-02-09,490
2001-02-09,490
2001-02-09,489
2001-02-09,491
2001-02-10,497
2001-02-10,497
2001-02-10,496
2001-02-10,498
2001-02-11,504
2001-02-11,504
2001-02-11,503
2001-02-11,505
2001-02-12,511
2001-02-12,511
2001-02-12,510
2001-02-12,512
2001-02-13,519
2001-02-13,519
2001-02-13,517
2001-02-13,520
2001-02-14,526
2001-02-14,526
2001-02-14,524
2001-02-14,527
2001-02-15,531
2001-02-15,531
2001-02-15,530
2001-02-15,532
2001-02-16,536
2001-02-16,536
2001-02-16,535
2001-02-16,537
2001-02-17,538
2001-02-17,538
2001-02-17,538
2001-02-17,538
2001-02-18,539
2001-02-18,539
2001-02-18,539
2001-02-18,539
2001-02-19,540
2001-02-19,540
2001-02-19,540
2001-02-19,540
2001-02-20,541
2001-02-20,541
2001-02-20,540
2001-02-20,541
2001-02-21,546
2001-02-21,546
2001-02-21,546
2001-02-21,546
2001-02-22,550
2001-02-22,550
2001-02-22,550
2001-02-22,550
2001-02-23,555
2001-02-23,555
2001-02-23,554
2001-02-23,556
2001-02-24,559
2001-02-24,559
2001-02-24,558
2001-02-24,559
2001-02-25,565
2001-02-25,565
2001-02-25,563
2001-02-25,567
2001-02-26,570
2001-02-26,570
2001-02-26,569
2001-02-26,571
2001-02-27,576
2001-02-27,576
2001-02-27,575
2001-02-27,577
2001-02-28,581
2001-02-28,581
2001-02-28,580
2001-02-28,582
2001-03-01,585
2001-03-01,585
2001-03-01,584
2001-03-01,586
2001-03-02,590
2001-03-02,590
2001-03-02,589
2001-03-02,590
2001-03-03,597
2001-03-03,597
2001-03-03,595
2001-03-03,599
2001-03-04,604
2001-03-04,604
2001-03-04,603
2001-03-04,605
2001-03-05,609
2001-03-05,609
2001-03-05,608
2001-03-05,609
2001-03-06,615
2001-03-06,615
2001-03-06,614
2001-03-06,616
2001-03-07,619
2001-03-07,619
2001-03-07,618
2001-03-07,619
2001-03-08,623
2001-03-08,623
2001-03-08,623
2001-03-08,623
2001-03-09,627
2001-03-09,627
2001-03-09,626
2001-03-09,627
2001-03-10,629
2001-03-10,629
2001-03-10,629
2001-03-10,629
2001-03-11,632
2001-03-11,632
2001-03-11,631
2001-03-11,632
2001-03-12,634
2001-03-12,634
2001-03-12,634
2001-03-12,634
2001-03-13,637
2001-03-13,637
2001-03-13,636
2001-03-13,637
2001-03-14,639
2001-03-14,639
2001-03-14,639
2001-03-14,639
2001-03-15,640
2001-03-15,640
2001-03-15,640
2001-03-15,640
2001-03-16,643
2001-03-16,643
2001-03-16,642
2001-03-16,644
2001-03-17,646
2001-03-17,646
2001-03-17,645
2001-03-17,646
2001-03-18,648
2001-03-18,648
2001-03-18,648
2001-03-18,648
2001-03-19,651
2001-03-19,651
2001-03-19,650
2001-03-19,652
2001-03-20,652
2001-03-20,652
2001-03-20,652
2001-03-20,651
2001-03-21,652
2001-03-21,652
2001-03-21,652
2001-03-21,651
2001-03-22,652
2001-03-22,652
2001-03-22,652
2001-03-22,651
2001-03-23,657
2001-03-23,657
2001-03-23,656
2001-03-23,657
2001-03-24,660
2001-03-24,660
2001-03-24,659
2001-03-24,660
2001-03-25,662
2001-03-25,662
2001-03-25,661
2001-03-25,663
2001-03-26,666
2001-03-26,666
2001-03-26,665
2001-03-26,666
2001-03-27,670
2001-03-27,670
2001-03-27,669
2001-03-27,671
2001-03-28,680
2001-03-28,680
2001-03-28,679
2001-03-28,681
2001-03-29,687
2001-03-29,687
2001-03-29,686
2001-03-29,688
2001-03-30,692
2001-03-30,692
2001-03-30,691
2001-03-30,693
2001-03-31,701
2001-03-31,701
2001-03-31,700
2001-03-31,701
2001-04-01,706
2001-04-01,706
2001-04-01,704
2001-04-01,708
2001-04-02,711
2001-04-02,711
2001-04-02,710
2001-04-02,711
2001-04-03,715
2001-04-03,715
2001-04-03,714
2001-04-03,716
2001-04-04,716
2001-04-04,716
2001-04-04,716
2001-04-04,716
2001-04-05,719
2001-04-05,719
2001-04-05,719
2001-04-05,719
2001-04-06,723
2001-04-06,723
2001-04-06,721
2001-04-06,724
2001-04-07,727
2001-04-07,727
2001-04-07,725
2001-04-07,728
2001-04-08,732
2001-04-08,732
2001-04-08,729
2001-04-08,734
2001-04-09,739
2001-04-09,739
2001-04-09,736
2001-04-09,741
2001-04-10,748
2001-04-10,748
2001-04-10,746
2001-04-10,750
2001-04-11,755
2001-04-11,755
2001-04-11,754
2001-04-11,756
2001-04-12,764
2001-04-12,764
2001-04-12,761
2001-04-12,766
2001-04-13,769
2001-04-13,769
2001-04-13,768
2001-04-13,770
2001-04-14,773
2001-04-14,773
2001-04-14,772
2001-04-14,774
2001-04-15,777
2001-04-15,777
2001-04-15,776
2001-04-15,778
2001-04-16,782
2001-04-16,782
2001-04-16,781
2001-04-16,783
2001-04-17,784
2001-04-17,784
2001-04-17,783
2001-04-17,784
2001-04-18,786
2001-04-18,786
2001-04-18,786
2001-04-18,786
2001-04-19,787
2001-04-19,787
2001-04-19,787
2001-04-19,787
2001-04-20,788
2001-04-20,788
2001-04-20,788
2001-04-20,788
2001-04-21,788
2001-04-21,788
2001-04-21,787
2001-04-21,788
2001-04-22,787
2001-04-22,787
2001-04-22,787
2001-04-22,787
2001-04-23,787
2001-04-23,787
2001-04-23,787
2001-04-23,786
2001-04-24,786
2001-04-24,786
2001-04-24,786
2001-04-24,786
2001-04-25,784
2001-04-25,784
2001-04-25,784
2001-04-25,784
2001-04-26,784
2001-04-26,784
2001-04-26,784
2001-04-26,783
2001-04-27,783
2001-04-27,783
2001-04-27,783
2001-04-27,783
2001-04-28,785
2001-04-28,785
2001-04-28,784
2001-04-28,785
2001-04-29,784
2001-04-29,784
2001-04-29,784
2001-04-29,784
2001-04-30,785
2001-04-30,785
2001-04-30,785
2001-04-30,785
2001-05-01,786
2001-05-01,786
2001-05-01,786
2001-05-01,786
2001-05-02,787.5
2001-05-02,788
2001-05-02,787
2001-05-02,788
2001-05-03,789.5
2001-05-03,790
2001-05-03,789
2001-05-03,790
2001-05-04,792.5
2001-05-04,792
2001-05-04,792
2001-05-04,793
2001-05-05,795.5
2001-05-05,796
2001-05-05,795
2001-05-05,796
2001-05-06,797.5
2001-05-06,798
2001-05-06,797
2001-05-06,798
2001-05-07,800.5
2001-05-07,801
2001-05-07,800
2001-05-07,801
2001-05-08,805
2001-05-08,805
2001-05-08,804
2001-05-08,806
2001-05-09,807
2001-05-09,807
2001-05-09,807
2001-05-09,807
2001-05-10,810
2001-05-10,810
2001-05-10,809
2001-05-10,811
2001-05-11,815
2001-05-11,815
2001-05-11,814
2001-05-11,816
2001-05-12,817.5
2001-05-12,818
2001-05-12,817
2001-05-12,818
2001-05-13,818
2001-05-13,818
2001-05-13,818
2001-05-13,818
2001-05-14,819
2001-05-14,819
2001-05-14,819
2001-05-14,819
2001-05-15,818
2001-05-15,818
2001-05-15,818
2001-05-15,818
2001-05-16,819
2001-05-16,819
2001-05-16,818
2001-05-16,820
2001-05-17,818
2001-05-17,818
2001-05-17,818
2001-05-17,818
2001-05-18,817.5
2001-05-18,818
2001-05-18,818
2001-05-18,817
2001-05-19,815
2001-05-19,815
2001-05-19,815
2001-05-19,815
2001-05-20,813.5
2001-05-20,814
2001-05-20,814
2001-05-20,813
2001-05-21,811.5
2001-05-21,812
2001-05-21,812
2001-05-21,811
2001-05-22,810.5
2001-05-22,810
2001-05-22,811
2001-05-22,810
2001-05-23,809
2001-05-23,809
2001-05-23,809
2001-05-23,809
2001-05-24,807.5
2001-05-24,807
2001-05-24,808
2001-05-24,807
2001-05-25,806
2001-05-25,806
2001-05-25,806
2001-05-25,806
2001-05-26,804
2001-05-26,804
2001-05-26,804
2001-05-26,804
2001-05-27,803
2001-05-27,803
2001-05-27,803
2001-05-27,803
2001-05-28,802
2001-05-28,802
2001-05-28,802
2001-05-28,802
2001-05-29,801.5
2001-05-29,802
2001-05-29,802
2001-05-29,801
2001-05-30,801
2001-05-30,801
2001-05-30,801
2001-05-30,801
2001-05-31,799
2001-05-31,799
2001-05-31,799
2001-05-31,799
2001-06-01,797
2001-06-01,797
2001-06-01,797
2001-06-01,797
2001-06-02,796
2001-06-02,796
2001-06-02,796
2001-06-02,796
2001-06-03,797
2001-06-03,797
2001-06-03,796
2001-06-03,798
2001-06-04,797
2001-06-04,797
2001-06-04,797
2001-06-04,797
2001-06-05,795
2001-06-05,795
2001-06-05,795
2001-06-05,795
2001-06-06,794
2001-06-06,794
2001-06-06,794
2001-06-06,794
2001-06-07,793
2001-06-07,793
2001-06-07,793
2001-06-07,793
2001-06-08,792
2001-06-08,792
2001-06-08,792
2001-06-08,792
2001-06-09,793
2001-06-09,793
2001-06-09,793
2001-06-09,793
2001-06-10,794
2001-06-10,794
2001-06-10,794
2001-06-10,794
2001-06-11,794.5
2001-06-11,794
2001-06-11,794
2001-06-11,795
2001-06-12,795.5
2001-06-12,796
2001-06-12,795
2001-06-12,796
2001-06-13,797
2001-06-13,797
2001-06-13,797
2001-06-13,797
2001-06-14,796
2001-06-14,796
2001-06-14,796
2001-06-14,796
2001-06-15,796.5
2001-06-15,796
2001-06-15,796
2001-06-15,797
2001-06-16,797
2001-06-16,797
2001-06-16,797
2001-06-16,797
2001-06-17,796
2001-06-17,796
2001-06-17,796
2001-06-17,796
2001-06-18,795.5
2001-06-18,796
2001-06-18,795
2001-06-18,796
2001-06-19,795
2001-06-19,795
2001-06-19,795
2001-06-19,795
2001-06-20,796
2001-06-20,796
2001-06-20,796
2001-06-20,796
2001-06-21,796
2001-06-21,796
2001-06-21,796
2001-06-21,796
2001-06-22,796
2001-06-22,796
2001-06-22,796
2001-06-22,796
2001-06-23,796
2001-06-23,796
2001-06-23,796
2001-06-23,796
2001-06-24,796
2001-06-24,796
2001-06-24,796
2001-06-24,796
2001-06-25,796
2001-06-25,796
2001-06-25,796
2001-06-25,796
2001-06-26,796
2001-06-26,796
2001-06-26,796
2001-06-26,796
2001-06-27,795.5
2001-06-27,796
2001-06-27,796
2001-06-27,795
2001-06-28,794.5
2001-06-28,794
2001-06-28,794
2001-06-28,795
2001-06-29,793.5
2001-06-29,794
2001-06-29,794
2001-06-29,793
2001-06-30,792.5
2001-06-30,792
2001-06-30,793
2001-06-30,792
2001-07-01,790.5
2001-07-01,790
2001-07-01,791
2001-07-01,790
2001-07-02,788.5
2001-07-02,788
2001-07-02,789
2001-07-02,788
2001-07-03,786.5
2001-07-03,786
2001-07-03,787
2001-07-03,786
2001-07-04,784.5
2001-07-04,784
2001-07-04,785
2001-07-04,784
2001-07-05,781
2001-07-05,781
2001-07-05,782
2001-07-05,780
2001-07-06,783.5
2001-07-06,784
2001-07-06,779
2001-07-06,788
2001-07-07,775.5
2001-07-07,776
2001-07-07,776
2001-07-07,775
2001-07-08,773.5
2001-07-08,774
2001-07-08,774
2001-07-08,773
2001-07-09,769.5
2001-07-09,770
2001-07-09,771
2001-07-09,768
2001-07-10,765
2001-07-10,765
2001-07-10,766
2001-07-10,764
2001-07-11,761
2001-07-11,761
2001-07-11,762
2001-07-11,760
2001-07-12,756
2001-07-12,756
2001-07-12,757
2001-07-12,755
2001-07-13,751.5
2001-07-13,752
2001-07-13,753
2001-07-13,750
2001-07-14,747
2001-07-14,747
2001-07-14,748
2001-07-14,746
2001-07-15,744
2001-07-15,744
2001-07-15,745
2001-07-15,743
2001-07-16,740.5
2001-07-16,740
2001-07-16,742
2001-07-16,739
2001-07-17,738
2001-07-17,738
2001-07-17,738
2001-07-17,738
2001-07-18,735.5
2001-07-18,736
2001-07-18,736
2001-07-18,735
2001-07-19,733
2001-07-19,733
2001-07-19,734
2001-07-19,732
2001-07-20,730
2001-07-20,730
2001-07-20,731
2001-07-20,729
2001-07-21,727
2001-07-21,727
2001-07-21,728
2001-07-21,726
2001-07-22,724
2001-07-22,724
2001-07-22,725
2001-07-22,723
2001-07-23,721
2001-07-23,721
2001-07-23,722
2001-07-23,720
2001-07-24,718.5
2001-07-24,718
2001-07-24,719
2001-07-24,718
2001-07-25,715.5
2001-07-25,716
2001-07-25,716
2001-07-25,715
2001-07-26,711
2001-07-26,711
2001-07-26,712
2001-07-26,710
2001-07-27,707
2001-07-27,707
2001-07-27,708
2001-07-27,706
2001-07-28,703
2001-07-28,703
2001-07-28,704
2001-07-28,702
2001-07-29,699
2001-07-29,699
2001-07-29,700
2001-07-29,698
2001-07-30,695
2001-07-30,695
2001-07-30,696
2001-07-30,694
2001-07-31,689
2001-07-31,689
2001-07-31,690
2001-07-31,688
2001-08-01,684.5
2001-08-01,684
2001-08-01,686
2001-08-01,683
2001-08-02,680
2001-08-02,680
2001-08-02,681
2001-08-02,679
2001-08-03,676
2001-08-03,676
2001-08-03,677
2001-08-03,675
2001-08-04,672
2001-08-04,672
2001-08-04,673
2001-08-04,671
2001-08-05,667.5
2001-08-05,668
2001-08-05,669
2001-08-05,666
2001-08-06,663
2001-08-06,663
2001-08-06,664
2001-08-06,662
2001-08-07,658.5
2001-08-07,658
2001-08-07,660
2001-08-07,657
2001-08-08,653.5
2001-08-08,654
2001-08-08,655
2001-08-08,652
2001-08-09,648.5
2001-08-09,648
2001-08-09,650
2001-08-09,647
2001-08-10,643.5
2001-08-10,644
2001-08-10,645
2001-08-10,642
2001-08-11,639.5
2001-08-11,640
2001-08-11,641
2001-08-11,638
2001-08-12,634.5
2001-08-12,634
2001-08-12,636
2001-08-12,633
2001-08-13,630.5
2001-08-13,630
2001-08-13,631
2001-08-13,630
2001-08-14,624
2001-08-14,624
2001-08-14,626
2001-08-14,622
2001-08-15,619.5
2001-08-15,620
2001-08-15,621
2001-08-15,618
2001-08-16,614.5
2001-08-16,614
2001-08-16,616
2001-08-16,613
2001-08-17,610
2001-08-17,610
2001-08-17,612
2001-08-17,608
2001-08-18,605.5
2001-08-18,606
2001-08-18,607
2001-08-18,604
2001-08-19,601
2001-08-19,601
2001-08-19,603
2001-08-19,599
2001-08-20,596
2001-08-20,596
2001-08-20,598
2001-08-20,594
2001-08-21,591.5
2001-08-21,592
2001-08-21,593
2001-08-21,590
2001-08-22,588
2001-08-22,588
2001-08-22,589
2001-08-22,587
2001-08-23,584
2001-08-23,584
2001-08-23,585
2001-08-23,583
2001-08-24,579.5
2001-08-24,580
2001-08-24,581
2001-08-24,578
2001-08-25,575
2001-08-25,575
2001-08-25,576
2001-08-25,574
2001-08-26,569.5
2001-08-26,570
2001-08-26,571
2001-08-26,568
2001-08-27,563
2001-08-27,563
2001-08-27,565
2001-08-27,561
2001-08-28,556
2001-08-28,556
2001-08-28,558
2001-08-28,554
2001-08-29,548.5
2001-08-29,548
2001-08-29,550
2001-08-29,547
2001-08-30,540
2001-08-30,540
2001-08-30,542
2001-08-30,538
2001-08-31,532.5
2001-08-31,532
2001-08-31,535
2001-08-31,530
2001-09-01,526
2001-09-01,526
2001-09-01,528
2001-09-01,524
2001-09-02,520
2001-09-02,520
2001-09-02,521
2001-09-02,519
2001-09-03,514.5
2001-09-03,514
2001-09-03,517
2001-09-03,512
2001-09-04,507
2001-09-04,507
2001-09-04,509
2001-09-04,505
2001-09-05,502.5
2001-09-05,503
2001-09-05,505
2001-09-05,500
2001-09-06,495
2001-09-06,495
2001-09-06,497
2001-09-06,493
2001-09-07,489.5
2001-09-07,489
2001-09-07,491
2001-09-07,488
2001-09-08,483
2001-09-08,483
2001-09-08,485
2001-09-08,481
2001-09-09,476.5
2001-09-09,476
2001-09-09,478
2001-09-09,475
2001-09-10,469
2001-09-10,469
2001-09-10,471
2001-09-10,467
2001-09-11,460.5
2001-09-11,461
2001-09-11,463
2001-09-11,458
2001-09-12,452
2001-09-12,452
2001-09-12,454
2001-09-12,450
2001-09-13,444
2001-09-13,444
2001-09-13,446
2001-09-13,442
2001-09-14,435
2001-09-14,435
2001-09-14,437
2001-09-14,433
2001-09-15,426.5
2001-09-15,426
2001-09-15,429
2001-09-15,424
2001-09-16,418
2001-09-16,418
2001-09-16,420
2001-09-16,416
2001-09-17,410.5
2001-09-17,411
2001-09-17,412
2001-09-17,409
2001-09-18,403.5
2001-09-18,404
2001-09-18,406
2001-09-18,401
2001-09-19,395
2001-09-19,395
2001-09-19,397
2001-09-19,393
2001-09-20,389
2001-09-20,389
2001-09-20,391
2001-09-20,387
2001-09-21,384
2001-09-21,384
2001-09-21,384
2001-09-21,384
2001-09-22,375
2001-09-22,375
2001-09-22,377
2001-09-22,373
2001-09-23,366.5
2001-09-23,366
2001-09-23,369
2001-09-23,364
2001-09-24,357.5
2001-09-24,358
2001-09-24,360
2001-09-24,355
2001-09-25,349.5
2001-09-25,350
2001-09-25,352
2001-09-25,347
2001-09-26,339.5
2001-09-26,340
2001-09-26,342
2001-09-26,337
2001-09-27,330
2001-09-27,330
2001-09-27,332
2001-09-27,328
2001-09-28,315
2001-09-28,315
2001-09-28,317
2001-09-28,313
2001-09-29,311
2001-09-29,311
2001-09-29,312
2001-09-29,310
2001-09-30,305
2001-09-30,305
2001-09-30,307
2001-09-30,303
2001-10-01,297
2001-10-01,297
2001-10-01,299
2001-10-01,295
2001-10-02,289
2001-10-02,289
2001-10-02,291
2001-10-02,287
2001-10-03,283
2001-10-03,283
2001-10-03,285
2001-10-03,281
2001-10-04,277
2001-10-04,277
2001-10-04,279
2001-10-04,275
2001-10-05,270.5
2001-10-05,270
2001-10-05,273
2001-10-05,268
2001-10-06,264
2001-10-06,264
2001-10-06,266
2001-10-06,262
2001-10-07,257
2001-10-07,257
2001-10-07,259
2001-10-07,255
2001-10-08,248
2001-10-08,248
2001-10-08,251
2001-10-08,245
2001-10-09,240.5
2001-10-09,240
2001-10-09,242
2001-10-09,239
2001-10-10,232.5
2001-10-10,233
2001-10-10,235
2001-10-10,230
2001-10-11,222.5
2001-10-11,222
2001-10-11,225
2001-10-11,220
2001-10-12,216
2001-10-12,216
2001-10-12,218
2001-10-12,214
2001-10-13,209.5
2001-10-13,210
2001-10-13,211
2001-10-13,208
2001-10-14,203.5
2001-10-14,204
2001-10-14,205
2001-10-14,202
2001-10-15,197
2001-10-15,197
2001-10-15,198
2001-10-15,196
2001-10-16,193.5
2001-10-16,194
2001-10-16,194
2001-10-16,193
2001-10-17,190.5
2001-10-17,190
2001-10-17,192
2001-10-17,189
2001-10-18,185.5
2001-10-18,186
2001-10-18,187
2001-10-18,184
2001-10-19,180.5
2001-10-19,180
2001-10-19,182
2001-10-19,179
2001-10-20,172.5
2001-10-20,172
2001-10-20,177
2001-10-20,168
2001-10-21,165.5
2001-10-21,166
2001-10-21,169
2001-10-21,162
2001-10-22,154.5
2001-10-22,154
2001-10-22,158
2001-10-22,151
2001-10-23,145
2001-10-23,145
2001-10-23,148
2001-10-23,142
2001-10-24,133.5
2001-10-24,134
2001-10-24,137
2001-10-24,130
2001-10-25,122
2001-10-25,122
2001-10-25,124
2001-10-25,120
2001-10-26,115
2001-10-26,115
2001-10-26,116
2001-10-26,114
2001-10-27,106
2001-10-27,106
2001-10-27,108
2001-10-27,104
2001-10-28,97
2001-10-28,97
2001-10-28,98
2001-10-28,96
2001-10-29,92.5
2001-10-29,92
2001-10-29,93
2001-10-29,92
2001-10-30,90.5
2001-10-30,90
2001-10-30,91
2001-10-30,90
2001-10-31,93.5
2001-10-31,94
2001-10-31,93
2001-10-31,94
2001-11-01,95.5
2001-11-01,96
2001-11-01,95
2001-11-01,96
2001-11-02,93.5
2001-11-02,94
2001-11-02,94
2001-11-02,93
2001-11-03,93
2001-11-03,93
2001-11-03,93
2001-11-03,93
2001-11-04,90
2001-11-04,90
2001-11-04,94
2001-11-04,86
2001-11-05,92
2001-11-05,92
2001-11-05,95
2001-11-05,89
2001-11-06,91
2001-11-06,91
2001-11-06,94
2001-11-06,88
2001-11-07,89
2001-11-07,89
2001-11-07,91
2001-11-07,87
2001-11-08,86.5
2001-11-08,86
2001-11-08,87
2001-11-08,86
2001-11-09,86
2001-11-09,86
2001-11-09,86
2001-11-09,86
2001-11-10,86
2001-11-10,86
2001-11-10,86
2001-11-10,86
2001-11-11,87
2001-11-11,87
2001-11-11,87
2001-11-11,87
2001-11-12,89
2001-11-12,89
2001-11-12,88
2001-11-12,90
2001-11-13,94
2001-11-13,94
2001-11-13,92
2001-11-13,96
2001-11-14,101.5
2001-11-14,101
2001-11-14,99
2001-11-14,104
2001-11-15,109
2001-11-15,109
2001-11-15,107
2001-11-15,111
2001-11-16,114
2001-11-16,114
2001-11-16,113
2001-11-16,115
2001-11-17,118.5
2001-11-17,118
2001-11-17,118
2001-11-17,119
2001-11-18,121
2001-11-18,121
2001-11-18,121
2001-11-18,121
2001-11-19,121
2001-11-19,121
2001-11-19,123
2001-11-19,119
2001-11-20,120
2001-11-20,120
2001-11-20,123
2001-11-20,117
2001-11-21,118.5
2001-11-21,118
2001-11-21,119
2001-11-21,118
2001-11-22,117
2001-11-22,117
2001-11-22,118
2001-11-22,116
2001-11-23,115.5
2001-11-23,116
2001-11-23,116
2001-11-23,115
2001-11-24,114
2001-11-24,114
2001-11-24,114
2001-11-24,114
2001-11-25,112
2001-11-25,112
2001-11-25,112
2001-11-25,112
2001-11-26,111.5
2001-11-26,112
2001-11-26,112
2001-11-26,111
2001-11-27,114
2001-11-27,114
2001-11-27,114
2001-11-27,114
2001-11-28,116.5
2001-11-28,116
2001-11-28,115
2001-11-28,118
2001-11-29,119.5
2001-11-29,120
2001-11-29,118
2001-11-29,121
2001-11-30,124.5
2001-11-30,125
2001-11-30,124
2001-11-30,125
2001-12-01,128
2001-12-01,128
2001-12-01,127
2001-12-01,129
2001-12-02,133
2001-12-02,133
2001-12-02,132
2001-12-02,134
2001-12-03,135.5
2001-12-03,136
2001-12-03,138
2001-12-03,133
2001-12-04,135
2001-12-04,135
2001-12-04,137
2001-12-04,133
2001-12-05,134
2001-12-05,134
2001-12-05,136
2001-12-05,132
2001-12-06,134
2001-12-06,134
2001-12-06,136
2001-12-06,132
2001-12-07,133
2001-12-07,133
2001-12-07,134
2001-12-07,132
2001-12-08,135
2001-12-08,135
2001-12-08,134
2001-12-08,136
2001-12-09,137
2001-12-09,137
2001-12-09,136
2001-12-09,138
2001-12-10,140
2001-12-10,140
2001-12-10,139
2001-12-10,141
2001-12-11,143.5
2001-12-11,144
2001-12-11,143
2001-12-11,144
2001-12-12,147
2001-12-12,147
2001-12-12,146
2001-12-12,148
2001-12-13,155.5
2001-12-13,156
2001-12-13,154
2001-12-13,157
2001-12-14,163.5
2001-12-14,164
2001-12-14,162
2001-12-14,165
2001-12-15,169.5
2001-12-15,170
2001-12-15,169
2001-12-15,170
2001-12-16,176
2001-12-16,176
2001-12-16,175
2001-12-16,177
2001-12-17,182
2001-12-17,182
2001-12-17,182
2001-12-17,182
2001-12-18,188
2001-12-18,188
2001-12-18,188
2001-12-18,188
2001-12-19,193
2001-12-19,193
2001-12-19,194
2001-12-19,192
2001-12-20,196
2001-12-20,196
2001-12-20,196
2001-12-20,196
2001-12-21,200
2001-12-21,200
2001-12-21,200
2001-12-21,200
2001-12-22,205
2001-12-22,205
2001-12-22,204
2001-12-22,206
2001-12-23,208.5
2001-12-23,208
2001-12-23,208
2001-12-23,209
2001-12-24,214
2001-12-24,214
2001-12-24,213
2001-12-24,215
2001-12-25,219.5
2001-12-25,219
2001-12-25,219
2001-12-25,220
2001-12-26,225
2001-12-26,225
2001-12-26,224
2001-12-26,226
2001-12-27,234
2001-12-27,234
2001-12-27,232
2001-12-27,236
2001-12-28,241
2001-12-28,241
2001-12-28,240
2001-12-28,242
2001-12-29,248.5
2001-12-29,248
2001-12-29,247
2001-12-29,250
2001-12-30,259.5
2001-12-30,260
2001-12-30,257
2001-12-30,262
2001-12-31,268.5
2001-12-31,268
2001-12-31,267
2001-12-31,270
2002-01-01,278.5
2002-01-01,278
2002-01-01,277
2002-01-01,280
2002-01-02,289.5
2002-01-02,290
2002-01-02,289
2002-01-02,290
2002-01-03,300.5
2002-01-03,300
2002-01-03,300
2002-01-03,301
2002-01-04,309.5
2002-01-04,310
2002-01-04,309
2002-01-04,310
2002-01-05,319
2002-01-05,319
2002-01-05,318
2002-01-05,320
2002-01-06,329
2002-01-06,329
2002-01-06,328
2002-01-06,330
2002-01-07,337.5
2002-01-07,338
2002-01-07,336
2002-01-07,339
2002-01-08,349.5
2002-01-08,350
2002-01-08,349
2002-01-08,350
2002-01-09,353
2002-01-09,353
2002-01-09,352
2002-01-09,354
2002-01-10,361.5
2002-01-10,362
2002-01-10,360
2002-01-10,363
2002-01-11,369.5
2002-01-11,370
2002-01-11,367
2002-01-11,372
2002-01-12,380
2002-01-12,380
2002-01-12,376
2002-01-12,384
2002-01-13,384.5
2002-01-13,384
2002-01-13,384
2002-01-13,385
2002-01-14,393.5
2002-01-14,394
2002-01-14,393
2002-01-14,394
2002-01-15,401.5
2002-01-15,401
2002-01-15,400
2002-01-15,403
2002-01-16,409.5
2002-01-16,410
2002-01-16,409
2002-01-16,410
2002-01-17,413.5
2002-01-17,414
2002-01-17,413
2002-01-17,414
2002-01-18,418
2002-01-18,418
2002-01-18,417
2002-01-18,419
2002-01-19,423
2002-01-19,423
2002-01-19,422
2002-01-19,424
2002-01-20,431.5
2002-01-20,432
2002-01-20,429
2002-01-20,434
2002-01-21,436
2002-01-21,436
2002-01-21,436
2002-01-21,436
2002-01-22,438
2002-01-22,438
2002-01-22,438
2002-01-22,438
2002-01-23,440
2002-01-23,440
2002-01-23,440
2002-01-23,440
2002-01-24,443
2002-01-24,443
2002-01-24,442
2002-01-24,444
2002-01-25,446
2002-01-25,446
2002-01-25,446
2002-01-25,446
2002-01-26,448
2002-01-26,448
2002-01-26,448
2002-01-26,448
2002-01-27,451
2002-01-27,451
2002-01-27,451
2002-01-27,451
2002-01-28,453
2002-01-28,453
2002-01-28,453
2002-01-28,453
2002-01-29,454
2002-01-29,454
2002-01-29,454
2002-01-29,454
2002-01-30,458
2002-01-30,458
2002-01-30,458
2002-01-30,458
2002-01-31,458
2002-01-31,458
2002-01-31,458
2002-01-31,458
2002-02-01,460
2002-02-01,460
2002-02-01,460
2002-02-01,460
2002-02-02,460
2002-02-02,460
2002-02-02,460
2002-02-02,460
2002-02-03,459.5
2002-02-03,460
2002-02-03,460
2002-02-03,459
2002-02-04,459
2002-02-04,459
2002-02-04,458
2002-02-04,460
2002-02-05,457.5
2002-02-05,458
2002-02-05,458
2002-02-05,457
2002-02-06,456.5
2002-02-06,457
2002-02-06,458
2002-02-06,455
2002-02-07,453
2002-02-07,453
2002-02-07,454
2002-02-07,452
2002-02-08,453
2002-02-08,453
2002-02-08,452
2002-02-08,454
2002-02-09,453
2002-02-09,453
2002-02-09,453
2002-02-09,453
2002-02-10,451
2002-02-10,451
2002-02-10,452
2002-02-10,450
2002-02-11,450
2002-02-11,450
2002-02-11,450
2002-02-11,450
2002-02-12,450
2002-02-12,450
2002-02-12,450
2002-02-12,450
2002-02-13,450
2002-02-13,450
2002-02-13,450
2002-02-13,450
2002-02-14,453
2002-02-14,453
2002-02-14,451
2002-02-14,455
2002-02-15,456
2002-02-15,456
2002-02-15,456
2002-02-15,456
2002-02-16,459.5
2002-02-16,460
2002-02-16,459
2002-02-16,460
2002-02-17,466.5
2002-02-17,466
2002-02-17,466
2002-02-17,467
2002-02-18,469
2002-02-18,469
2002-02-18,469
2002-02-18,469
2002-02-19,473
2002-02-19,473
2002-02-19,473
2002-02-19,473
2002-02-20,478.5
2002-02-20,478
2002-02-20,477
2002-02-20,480
2002-02-21,487.5
2002-02-21,488
2002-02-21,487
2002-02-21,488
2002-02-22,492.5
2002-02-22,492
2002-02-22,492
2002-02-22,493
2002-02-23,496.5
2002-02-23,496
2002-02-23,496
2002-02-23,497
2002-02-24,500
2002-02-24,500
2002-02-24,499
2002-02-24,501
2002-02-25,505
2002-02-25,505
2002-02-25,504
2002-02-25,506
2002-02-26,510
2002-02-26,510
2002-02-26,509
2002-02-26,511
2002-02-27,516.5
2002-02-27,516
2002-02-27,515
2002-02-27,518
2002-02-28,523
2002-02-28,523
2002-02-28,522
2002-02-28,524
2002-03-01,529.5
2002-03-01,530
2002-03-01,529
2002-03-01,530
2002-03-02,536.5
2002-03-02,536
2002-03-02,535
2002-03-02,538
2002-03-03,543
2002-03-03,543
2002-03-03,542
2002-03-03,544
2002-03-04,548.5
2002-03-04,548
2002-03-04,548
2002-03-04,549
2002-03-05,551.5
2002-03-05,552
2002-03-05,551
2002-03-05,552
2002-03-06,555.5
2002-03-06,556
2002-03-06,555
2002-03-06,556
2002-03-07,559.5
2002-03-07,560
2002-03-07,559
2002-03-07,560
2002-03-08,562
2002-03-08,562
2002-03-08,562
2002-03-08,562
2002-03-09,564.5
2002-03-09,564
2002-03-09,564
2002-03-09,565
2002-03-10,570.5
2002-03-10,570
2002-03-10,570
2002-03-10,571
2002-03-11,573.5
2002-03-11,574
2002-03-11,573
2002-03-11,574
2002-03-12,575
2002-03-12,575
2002-03-12,575
2002-03-12,575
2002-03-13,576
2002-03-13,576
2002-03-13,576
2002-03-13,576
2002-03-14,577
2002-03-14,577
2002-03-14,576
2002-03-14,578
2002-03-15,580
2002-03-15,580
2002-03-15,580
2002-03-15,580
2002-03-16,585
2002-03-16,585
2002-03-16,584
2002-03-16,586
2002-03-17,588.5
2002-03-17,588
2002-03-17,588
2002-03-17,589
2002-03-18,593
2002-03-18,593
2002-03-18,592
2002-03-18,594
2002-03-19,596.5
2002-03-19,596
2002-03-19,596
2002-03-19,597
2002-03-20,599
2002-03-20,599
2002-03-20,599
2002-03-20,599
2002-03-21,604
2002-03-21,604
2002-03-21,604
2002-03-21,604
2002-03-22,611.5
2002-03-22,612
2002-03-22,610
2002-03-22,613
2002-03-23,615
2002-03-23,615
2002-03-23,614
2002-03-23,616
2002-03-24,618.5
2002-03-24,618
2002-03-24,618
2002-03-24,619
2002-03-25,621.5
2002-03-25,622
2002-03-25,621
2002-03-25,622
2002-03-26,624.5
2002-03-26,624
2002-03-26,624
2002-03-26,625
2002-03-27,626.5
2002-03-27,626
2002-03-27,626
2002-03-27,627
2002-03-28,628
2002-03-28,628
2002-03-28,628
2002-03-28,628
2002-03-29,629
2002-03-29,629
2002-03-29,629
2002-03-29,629
2002-03-30,629
2002-03-30,629
2002-03-30,629
2002-03-30,629
2002-03-31,628.5
2002-03-31,628
2002-03-31,629
2002-03-31,628
2002-04-01,630.5
2002-04-01,630
2002-04-01,631
2002-04-01,630
2002-04-02,631.5
2002-04-02,632
2002-04-02,631
2002-04-02,632
2002-04-03,637
2002-04-03,637
2002-04-03,636
2002-04-03,638
2002-04-04,642.5
2002-04-04,642
2002-04-04,641
2002-04-04,644
2002-04-05,648.5
2002-04-05,648
2002-04-05,647
2002-04-05,650
2002-04-06,658.5
2002-04-06,658
2002-04-06,658
2002-04-06,659
2002-04-07,660.5
2002-04-07,660
2002-04-07,660
2002-04-07,661
2002-04-08,666
2002-04-08,666
2002-04-08,664
2002-04-08,668
2002-04-09,672
2002-04-09,672
2002-04-09,670
2002-04-09,674
2002-04-10,683.5
2002-04-10,684
2002-04-10,682
2002-04-10,685
2002-04-11,686.5
2002-04-11,686
2002-04-11,686
2002-04-11,687
2002-04-12,687.5
2002-04-12,688
2002-04-12,687
2002-04-12,688
2002-04-13,689
2002-04-13,689
2002-04-13,689
2002-04-13,689
2002-04-14,693.5
2002-04-14,694
2002-04-14,690
2002-04-14,697
2002-04-15,697
2002-04-15,697
2002-04-15,696
2002-04-15,698
2002-04-16,696
2002-04-16,696
2002-04-16,696
2002-04-16,696
2002-04-17,698
2002-04-17,698
2002-04-17,696
2002-04-17,700
2002-04-18,700.5
2002-04-18,700
2002-04-18,700
2002-04-18,701
2002-04-19,701.5
2002-04-19,702
2002-04-19,701
2002-04-19,702
2002-04-20,702.5
2002-04-20,702
2002-04-20,702
2002-04-20,703
2002-04-21,705.5
2002-04-21,706
2002-04-21,704
2002-04-21,707
2002-04-22,708
2002-04-22,708
2002-04-22,708
2002-04-22,708
2002-04-23,711
2002-04-23,711
2002-04-23,710
2002-04-23,712
2002-04-24,715.5
2002-04-24,716
2002-04-24,714
2002-04-24,717
2002-04-25,719
2002-04-25,719
2002-04-25,718
2002-04-25,720
2002-04-26,723
2002-04-26,723
2002-04-26,722
2002-04-26,724
2002-04-27,728
2002-04-27,728
2002-04-27,727
2002-04-27,729
2002-04-28,732
2002-04-28,732
2002-04-28,731
2002-04-28,733
2002-04-29,738
2002-04-29,738
2002-04-29,736
2002-04-29,740
2002-04-30,741.5
2002-04-30,742
2002-04-30,741
2002-04-30,742
2002-05-01,743.5
2002-05-01,744
2002-05-01,744
2002-05-01,743
2002-05-02,744.5
2002-05-02,744
2002-05-02,744
2002-05-02,745
2002-05-03,746.5
2002-05-03,746
2002-05-03,746
2002-05-03,747
2002-05-04,748.5
2002-05-04,748
2002-05-04,748
2002-05-04,749
2002-05-05,751
2002-05-05,751
2002-05-05,750
2002-05-05,752
2002-05-06,753
2002-05-06,753
2002-05-06,753
2002-05-06,753
2002-05-07,753.5
2002-05-07,754
2002-05-07,753
2002-05-07,754
2002-05-08,754.5
2002-05-08,754
2002-05-08,754
2002-05-08,755
2002-05-09,755
2002-05-09,755
2002-05-09,755
2002-05-09,755
2002-05-10,754
2002-05-10,754
2002-05-10,754
2002-05-10,754
2002-05-11,753.5
2002-05-11,754
2002-05-11,754
2002-05-11,753
2002-05-12,753
2002-05-12,753
2002-05-12,753
2002-05-12,753
2002-05-13,754.5
2002-05-13,754
2002-05-13,754
2002-05-13,755
2002-05-14,754.5
2002-05-14,754
2002-05-14,755
2002-05-14,754
2002-05-15,755
2002-05-15,755
2002-05-15,755
2002-05-15,755
2002-05-16,756
2002-05-16,756
2002-05-16,756
2002-05-16,756
2002-05-17,758.5
2002-05-17,758
2002-05-17,758
2002-05-17,759
2002-05-18,765
2002-05-18,765
2002-05-18,764
2002-05-18,766
2002-05-19,768.5
2002-05-19,768
2002-05-19,768
2002-05-19,769
2002-05-20,770.5
2002-05-20,770
2002-05-20,770
2002-05-20,771
2002-05-21,772.5
2002-05-21,772
2002-05-21,772
2002-05-21,773
2002-05-22,772.5
2002-05-22,772
2002-05-22,773
2002-05-22,772
2002-05-23,773.5
2002-05-23,774
2002-05-23,773
2002-05-23,774
2002-05-24,773.5
2002-05-24,774
2002-05-24,774
2002-05-24,773
2002-05-25,775.5
2002-05-25,776
2002-05-25,775
2002-05-25,776
2002-05-26,776.5
2002-05-26,776
2002-05-26,776
2002-05-26,777
2002-05-27,777.5
2002-05-27,778
2002-05-27,777
2002-05-27,778
2002-05-28,778
2002-05-28,778
2002-05-28,778
2002-05-28,778
2002-05-29,778
2002-05-29,778
2002-05-29,778
2002-05-29,778
2002-05-30,779
2002-05-30,779
2002-05-30,779
2002-05-30,779
2002-05-31,779.5
2002-05-31,780
2002-05-31,779
2002-05-31,780
2002-06-01,781
2002-06-01,781
2002-06-01,781
2002-06-01,781
2002-06-02,782
2002-06-02,782
2002-06-02,782
2002-06-02,782
2002-06-03,783
2002-06-03,783
2002-06-03,783
2002-06-03,783
2002-06-04,783
2002-06-04,783
2002-06-04,783
2002-06-04,783
2002-06-05,783
2002-06-05,783
2002-06-05,783
2002-06-05,783
2002-06-06,781
2002-06-06,781
2002-06-06,781
2002-06-06,781
2002-06-07,780
2002-06-07,780
2002-06-07,780
2002-06-07,780
2002-06-08,781
2002-06-08,781
2002-06-08,781
2002-06-08,781
2002-06-09,781
2002-06-09,781
2002-06-09,781
2002-06-09,781
2002-06-10,782
2002-06-10,782
2002-06-10,782
2002-06-10,782
2002-06-11,783.5
2002-06-11,784
2002-06-11,783
2002-06-11,784
2002-06-12,785.5
2002-06-12,786
2002-06-12,785
2002-06-12,786
2002-06-13,786.5
2002-06-13,786
2002-06-13,786
2002-06-13,787
2002-06-14,790
2002-06-14,790
2002-06-14,789
2002-06-14,791
2002-06-15,792.5
2002-06-15,792
2002-06-15,792
2002-06-15,793
2002-06-16,795.5
2002-06-16,796
2002-06-16,795
2002-06-16,796
2002-06-17,796.5
2002-06-17,796
2002-06-17,796
2002-06-17,797
2002-06-18,798
2002-06-18,798
2002-06-18,798
2002-06-18,798
2002-06-19,799
2002-06-19,799
2002-06-19,799
2002-06-19,799
2002-06-20,799
2002-06-20,799
2002-06-20,799
2002-06-20,799
2002-06-21,799
2002-06-21,799
2002-06-21,799
2002-06-21,799
2002-06-22,799
2002-06-22,799
2002-06-22,799
2002-06-22,799
2002-06-23,798
2002-06-23,798
2002-06-23,798
2002-06-23,798
2002-06-24,797
2002-06-24,797
2002-06-24,797
2002-06-24,797
2002-06-25,797
2002-06-25,797
2002-06-25,797
2002-06-25,797
2002-06-26,797
2002-06-26,797
2002-06-26,797
2002-06-26,797
2002-06-27,797
2002-06-27,797
2002-06-27,797
2002-06-27,797
2002-06-28,798
2002-06-28,798
2002-06-28,798
2002-06-28,798
2002-06-29,798
2002-06-29,798
2002-06-29,798
2002-06-29,798
2002-06-30,797.5
2002-06-30,798
2002-06-30,798
2002-06-30,797
2002-07-01,795.5
2002-07-01,796
2002-07-01,796
2002-07-01,795
2002-07-02,793.5
2002-07-02,794
2002-07-02,793
2002-07-02,794
2002-07-03,794
2002-07-03,794
2002-07-03,794
2002-07-03,794
2002-07-04,792.5
2002-07-04,792
2002-07-04,793
2002-07-04,792
2002-07-05,789
2002-07-05,789
2002-07-05,790
2002-07-05,788
2002-07-06,786
2002-07-06,786
2002-07-06,787
2002-07-06,785
2002-07-07,783
2002-07-07,783
2002-07-07,784
2002-07-07,782
2002-07-08,779
2002-07-08,779
2002-07-08,780
2002-07-08,778
2002-07-09,776
2002-07-09,776
2002-07-09,777
2002-07-09,775
2002-07-10,773
2002-07-10,773
2002-07-10,774
2002-07-10,772
2002-07-11,770.5
2002-07-11,770
2002-07-11,771
2002-07-11,770
2002-07-12,768.5
2002-07-12,768
2002-07-12,769
2002-07-12,768
2002-07-13,767.5
2002-07-13,768
2002-07-13,768
2002-07-13,767
2002-07-14,765.5
2002-07-14,766
2002-07-14,766
2002-07-14,765
2002-07-15,763.5
2002-07-15,764
2002-07-15,764
2002-07-15,763
2002-07-16,762.5
2002-07-16,762
2002-07-16,763
2002-07-16,762
2002-07-17,760
2002-07-17,760
2002-07-17,761
2002-07-17,759
2002-07-18,758.5
2002-07-18,758
2002-07-18,759
2002-07-18,758
2002-07-19,756
2002-07-19,756
2002-07-19,757
2002-07-19,755
2002-07-20,753.5
2002-07-20,754
2002-07-20,754
2002-07-20,753
2002-07-21,751
2002-07-21,751
2002-07-21,752
2002-07-21,750
2002-07-22,748
2002-07-22,748
2002-07-22,749
2002-07-22,747
2002-07-23,745
2002-07-23,745
2002-07-23,746
2002-07-23,744
2002-07-24,743
2002-07-24,743
2002-07-24,744
2002-07-24,742
2002-07-25,741
2002-07-25,741
2002-07-25,742
2002-07-25,740
2002-07-26,740
2002-07-26,740
2002-07-26,740
2002-07-26,740
2002-07-27,738
2002-07-27,738
2002-07-27,738
2002-07-27,738
2002-07-28,737
2002-07-28,737
2002-07-28,738
2002-07-28,736
2002-07-29,734
2002-07-29,734
2002-07-29,735
2002-07-29,733
2002-07-30,731
2002-07-30,731
2002-07-30,732
2002-07-30,730
2002-07-31,728
2002-07-31,728
2002-07-31,729
2002-07-31,727
2002-08-01,724.5
2002-08-01,724
2002-08-01,725
2002-08-01,724
2002-08-02,721.5
2002-08-02,722
2002-08-02,723
2002-08-02,720
2002-08-03,718
2002-08-03,718
2002-08-03,719
2002-08-03,717
2002-08-04,713.5
2002-08-04,714
2002-08-04,716
2002-08-04,711
2002-08-05,709
2002-08-05,709
2002-08-05,710
2002-08-05,708
2002-08-06,706
2002-08-06,706
2002-08-06,707
2002-08-06,705
2002-08-07,702.5
2002-08-07,702
2002-08-07,704
2002-08-07,701
2002-08-08,698
2002-08-08,698
2002-08-08,699
2002-08-08,697
2002-08-09,695
2002-08-09,695
2002-08-09,696
2002-08-09,694
2002-08-10,692.5
2002-08-10,692
2002-08-10,693
2002-08-10,692
2002-08-11,690
2002-08-11,690
2002-08-11,691
2002-08-11,689
2002-08-12,687
2002-08-12,687
2002-08-12,688
2002-08-12,686
2002-08-13,685
2002-08-13,685
2002-08-13,686
2002-08-13,684
2002-08-14,682.5
2002-08-14,682
2002-08-14,683
2002-08-14,682
2002-08-15,680
2002-08-15,680
2002-08-15,681
2002-08-15,679
2002-08-16,677
2002-08-16,677
2002-08-16,678
2002-08-16,676
2002-08-17,673
2002-08-17,673
2002-08-17,674
2002-08-17,672
2002-08-18,668.5
2002-08-18,668
2002-08-18,670
2002-08-18,667
2002-08-19,663.5
2002-08-19,664
2002-08-19,665
2002-08-19,662
2002-08-20,658.5
2002-08-20,658
2002-08-20,660
2002-08-20,657
2002-08-21,653.5
2002-08-21,654
2002-08-21,655
2002-08-21,652
2002-08-22,648
2002-08-22,648
2002-08-22,650
2002-08-22,646
2002-08-23,643.5
2002-08-23,644
2002-08-23,645
2002-08-23,642
2002-08-24,639.5
2002-08-24,640
2002-08-24,641
2002-08-24,638
2002-08-25,635
2002-08-25,635
2002-08-25,636
2002-08-25,634
2002-08-26,630.5
2002-08-26,630
2002-08-26,632
2002-08-26,629
2002-08-27,626
2002-08-27,626
2002-08-27,628
2002-08-27,624
2002-08-28,621.5
2002-08-28,622
2002-08-28,623
2002-08-28,620
2002-08-29,616.5
2002-08-29,616
2002-08-29,618
2002-08-29,615
2002-08-30,611.5
2002-08-30,612
2002-08-30,613
2002-08-30,610
2002-08-31,606.5
2002-08-31,606
2002-08-31,608
2002-08-31,605
2002-09-01,601.5
2002-09-01,602
2002-09-01,603
2002-09-01,600
2002-09-02,596
2002-09-02,596
2002-09-02,598
2002-09-02,594
2002-09-03,589.5
2002-09-03,590
2002-09-03,591
2002-09-03,588
2002-09-04,583.5
2002-09-04,584
2002-09-04,585
2002-09-04,582
2002-09-05,577.5
2002-09-05,578
2002-09-05,579
2002-09-05,576
2002-09-06,573
2002-09-06,573
2002-09-06,575
2002-09-06,571
2002-09-07,567.5
2002-09-07,568
2002-09-07,569
2002-09-07,566
2002-09-08,564
2002-09-08,564
2002-09-08,565
2002-09-08,563
2002-09-09,560
2002-09-09,560
2002-09-09,561
2002-09-09,559
2002-09-10,556
2002-09-10,556
2002-09-10,557
2002-09-10,555
2002-09-11,551.5
2002-09-11,552
2002-09-11,554
2002-09-11,549
2002-09-12,547
2002-09-12,547
2002-09-12,548
2002-09-12,546
2002-09-13,543
2002-09-13,543
2002-09-13,544
2002-09-13,542
2002-09-14,537
2002-09-14,537
2002-09-14,539
2002-09-14,535
2002-09-15,530
2002-09-15,530
2002-09-15,532
2002-09-15,528
2002-09-16,524
2002-09-16,524
2002-09-16,526
2002-09-16,522
2002-09-17,516.5
2002-09-17,516
2002-09-17,519
2002-09-17,514
2002-09-18,510
2002-09-18,510
2002-09-18,512
2002-09-18,508
2002-09-19,505.5
2002-09-19,506
2002-09-19,507
2002-09-19,504
2002-09-20,498
2002-09-20,498
2002-09-20,500
2002-09-20,496
2002-09-21,492
2002-09-21,492
2002-09-21,494
2002-09-21,490
2002-09-22,485
2002-09-22,485
2002-09-22,487
2002-09-22,483
2002-09-23,478.5
2002-09-23,478
2002-09-23,481
2002-09-23,476
2002-09-24,472
2002-09-24,472
2002-09-24,474
2002-09-24,470
2002-09-25,465.5
2002-09-25,466
2002-09-25,468
2002-09-25,463
2002-09-26,458.5
2002-09-26,458
2002-09-26,461
2002-09-26,456
2002-09-27,451
2002-09-27,451
2002-09-27,453
2002-09-27,449
2002-09-28,443.5
2002-09-28,443
2002-09-28,446
2002-09-28,441
2002-09-29,435
2002-09-29,435
2002-09-29,438
2002-09-29,432
2002-09-30,426
2002-09-30,426
2002-09-30,428
2002-09-30,424
2002-10-01,417
2002-10-01,417
2002-10-01,420
2002-10-01,414
2002-10-02,406
2002-10-02,406
2002-10-02,409
2002-10-02,403
2002-10-03,397
2002-10-03,397
2002-10-03,399
2002-10-03,394
2002-10-04,387
2002-10-04,387
2002-10-04,390
2002-10-04,384
2002-10-05,379
2002-10-05,379
2002-10-05,381
2002-10-05,377
2002-10-06,371
2002-10-06,371
2002-10-06,373
2002-10-06,369
2002-10-07,364
2002-10-07,364
2002-10-07,366
2002-10-07,362
2002-10-08,358
2002-10-08,358
2002-10-08,360
2002-10-08,355
2002-10-09,350
2002-10-09,350
2002-10-09,353
2002-10-09,347
2002-10-10,342
2002-10-10,342
2002-10-10,345
2002-10-10,338
2002-10-11,331
2002-10-11,331
2002-10-11,335
2002-10-11,326
2002-10-12,321
2002-10-12,321
2002-10-12,324
2002-10-12,317
2002-10-13,306
2002-10-13,306
2002-10-13,310
2002-10-13,301
2002-10-14,295
2002-10-14,295
2002-10-14,297
2002-10-14,292
2002-10-15,282
2002-10-15,282
2002-10-15,285
2002-10-15,279
2002-10-16,269
2002-10-16,269
2002-10-16,272
2002-10-16,265
2002-10-17,256
2002-10-17,256
2002-10-17,259
2002-10-17,253
2002-10-18,243
2002-10-18,243
2002-10-18,246
2002-10-18,240
2002-10-19,232
2002-10-19,232
2002-10-19,235
2002-10-19,228
2002-10-20,221
2002-10-20,221
2002-10-20,223
2002-10-20,218
2002-10-21,213
2002-10-21,213
2002-10-21,215
2002-10-21,211
2002-10-22,204
2002-10-22,204
2002-10-22,206
2002-10-22,201
2002-10-23,194
2002-10-23,194
2002-10-23,196
2002-10-23,191
2002-10-24,184
2002-10-24,184
2002-10-24,187
2002-10-24,181
2002-10-25,173
2002-10-25,173
2002-10-25,177
2002-10-25,168
2002-10-26,160
2002-10-26,160
2002-10-26,163
2002-10-26,156
2002-10-27,150
2002-10-27,150
2002-10-27,152
2002-10-27,147
2002-10-28,141
2002-10-28,141
2002-10-28,145
2002-10-28,137
2002-10-29,131
2002-10-29,131
2002-10-29,133
2002-10-29,129
2002-10-30,121
2002-10-30,121
2002-10-30,123
2002-10-30,118
2002-10-31,114
2002-10-31,114
2002-10-31,114
2002-10-31,113
2002-11-01,111
2002-11-01,111
2002-11-01,110
2002-11-01,111
2002-11-02,109
2002-11-02,109
2002-11-02,109
2002-11-02,109
2002-11-03,112
2002-11-03,112
2002-11-03,109
2002-11-03,115
2002-11-04,117
2002-11-04,117
2002-11-04,115
2002-11-04,118
2002-11-05,121
2002-11-05,121
2002-11-05,119
2002-11-05,123
2002-11-06,128
2002-11-06,128
2002-11-06,126
2002-11-06,130
2002-11-07,130
2002-11-07,130
2002-11-07,128
2002-11-07,131
2002-11-08,133
2002-11-08,133
2002-11-08,131
2002-11-08,134
2002-11-09,134
2002-11-09,134
2002-11-09,134
2002-11-09,134
2002-11-10,134
2002-11-10,134
2002-11-10,134
2002-11-10,134
2002-11-11,132
2002-11-11,132
2002-11-11,132
2002-11-11,131
2002-11-12,132
2002-11-12,132
2002-11-12,132
2002-11-12,132
2002-11-13,133
2002-11-13,133
2002-11-13,133
2002-11-13,132
2002-11-14,135
2002-11-14,135
2002-11-14,134
2002-11-14,135
2002-11-15,141
2002-11-15,141
2002-11-15,140
2002-11-15,141
2002-11-16,144
2002-11-16,144
2002-11-16,144
2002-11-16,144
2002-11-17,147
2002-11-17,147
2002-11-17,145
2002-11-17,148
2002-11-18,154
2002-11-18,154
2002-11-18,153
2002-11-18,154
2002-11-19,160
2002-11-19,160
2002-11-19,159
2002-11-19,161
2002-11-20,166
2002-11-20,166
2002-11-20,165
2002-11-20,166
2002-11-21,171
2002-11-21,171
2002-11-21,170
2002-11-21,171
2002-11-22,176
2002-11-22,176
2002-11-22,176
2002-11-22,175
2002-11-23,182
2002-11-23,182
2002-11-23,181
2002-11-23,183
2002-11-24,185
2002-11-24,185
2002-11-24,184
2002-11-24,185
2002-11-25,184
2002-11-25,184
2002-11-25,186
2002-11-25,182
2002-11-26,187
2002-11-26,187
2002-11-26,187
2002-11-26,187
2002-11-27,191
2002-11-27,191
2002-11-27,191
2002-11-27,191
2002-11-28,194
2002-11-28,194
2002-11-28,194
2002-11-28,194
2002-11-29,197
2002-11-29,197
2002-11-29,196
2002-11-29,197
2002-11-30,200
2002-11-30,200
2002-11-30,200
2002-11-30,200
2002-12-01,204
2002-12-01,204
2002-12-01,204
2002-12-01,204
2002-12-02,209
2002-12-02,209
2002-12-02,208
2002-12-02,209
2002-12-03,214
2002-12-03,214
2002-12-03,213
2002-12-03,215
2002-12-04,219
2002-12-04,219
2002-12-04,219
2002-12-04,219
2002-12-05,224
2002-12-05,224
2002-12-05,224
2002-12-05,224
2002-12-06,229
2002-12-06,229
2002-12-06,229
2002-12-06,229
2002-12-07,233
2002-12-07,233
2002-12-07,233
2002-12-07,232
2002-12-08,234
2002-12-08,234
2002-12-08,234
2002-12-08,234
2002-12-09,235
2002-12-09,235
2002-12-09,235
2002-12-09,235
2002-12-10,239
2002-12-10,239
2002-12-10,239
2002-12-10,238
2002-12-11,242
2002-12-11,242
2002-12-11,242
2002-12-11,242
2002-12-12,242
2002-12-12,242
2002-12-12,242
2002-12-12,241
2002-12-13,242
2002-12-13,242
2002-12-13,241
2002-12-13,243
2002-12-14,244
2002-12-14,244
2002-12-14,243
2002-12-14,244
2002-12-15,246
2002-12-15,246
2002-12-15,245
2002-12-15,246
2002-12-16,249
2002-12-16,249
2002-12-16,248
2002-12-16,250
2002-12-17,253
2002-12-17,253
2002-12-17,252
2002-12-17,254
2002-12-18,258
2002-12-18,258
2002-12-18,258
2002-12-18,258
2002-12-19,266
2002-12-19,266
2002-12-19,264
2002-12-19,268
2002-12-20,273
2002-12-20,273
2002-12-20,272
2002-12-20,273
2002-12-21,276
2002-12-21,276
2002-12-21,276
2002-12-21,276
2002-12-22,281
2002-12-22,281
2002-12-22,281
2002-12-22,281
2002-12-23,288
2002-12-23,288
2002-12-23,288
2002-12-23,288
2002-12-24,294
2002-12-24,294
2002-12-24,295
2002-12-24,293
2002-12-25,300
2002-12-25,300
2002-12-25,299
2002-12-25,300
2002-12-26,305
2002-12-26,305
2002-12-26,304
2002-12-26,306
2002-12-27,309
2002-12-27,309
2002-12-27,308
2002-12-27,310
2002-12-28,312
2002-12-28,312
2002-12-28,311
2002-12-28,313
2002-12-29,315
2002-12-29,315
2002-12-29,315
2002-12-29,315
2002-12-30,318
2002-12-30,318
2002-12-30,317
2002-12-30,319
2002-12-31,323
2002-12-31,323
2002-12-31,322
2002-12-31,324
2003-01-01,328
2003-01-01,328
2003-01-01,326
2003-01-01,329
2003-01-02,332
2003-01-02,332
2003-01-02,331
2003-01-02,332
2003-01-03,336
2003-01-03,336
2003-01-03,335
2003-01-03,336
2003-01-04,340
2003-01-04,340
2003-01-04,340
2003-01-04,340
2003-01-05,344
2003-01-05,344
2003-01-05,344
2003-01-05,344
2003-01-06,349
2003-01-06,349
2003-01-06,348
2003-01-06,349
2003-01-07,351
2003-01-07,351
2003-01-07,350
2003-01-07,351
2003-01-08,352
2003-01-08,352
2003-01-08,352
2003-01-08,352
2003-01-09,354
2003-01-09,354
2003-01-09,353
2003-01-09,354
2003-01-10,356
2003-01-10,356
2003-01-10,355
2003-01-10,356
2003-01-11,358
2003-01-11,358
2003-01-11,357
2003-01-11,358
2003-01-12,359
2003-01-12,359
2003-01-12,359
2003-01-12,359
2003-01-13,361
2003-01-13,361
2003-01-13,360
2003-01-13,361
2003-01-14,364
2003-01-14,364
2003-01-14,363
2003-01-14,364
2003-01-15,365
2003-01-15,365
2003-01-15,364
2003-01-15,365
2003-01-16,368
2003-01-16,368
2003-01-16,368
2003-01-16,368
2003-01-17,370
2003-01-17,370
2003-01-17,369
2003-01-17,370
2003-01-18,373
2003-01-18,373
2003-01-18,372
2003-01-18,373
2003-01-19,375
2003-01-19,375
2003-01-19,374
2003-01-19,375
2003-01-20,376
2003-01-20,376
2003-01-20,376
2003-01-20,376
2003-01-21,377
2003-01-21,377
2003-01-21,377
2003-01-21,377
2003-01-22,378
2003-01-22,378
2003-01-22,378
2003-01-22,378
2003-01-23,379
2003-01-23,379
2003-01-23,379
2003-01-23,379
2003-01-24,381
2003-01-24,381
2003-01-24,380
2003-01-24,381
2003-01-25,384
2003-01-25,384
2003-01-25,383
2003-01-25,384
2003-01-26,387
2003-01-26,387
2003-01-26,386
2003-01-26,388
2003-01-27,389
2003-01-27,389
2003-01-27,389
2003-01-27,389
2003-01-28,391
2003-01-28,391
2003-01-28,391
2003-01-28,391
2003-01-29,394
2003-01-29,394
2003-01-29,393
2003-01-29,394
2003-01-30,397
2003-01-30,397
2003-01-30,396
2003-01-30,397
2003-01-31,400
2003-01-31,400
2003-01-31,399
2003-01-31,400
2003-02-01,405
2003-02-01,405
2003-02-01,403
2003-02-01,406
2003-02-02,409
2003-02-02,409
2003-02-02,409
2003-02-02,408
2003-02-03,410
2003-02-03,410
2003-02-03,410
2003-02-03,410
2003-02-04,415
2003-02-04,415
2003-02-04,414
2003-02-04,415
2003-02-05,420
2003-02-05,420
2003-02-05,419
2003-02-05,420
2003-02-06,421
2003-02-06,421
2003-02-06,421
2003-02-06,421
2003-02-07,424
2003-02-07,424
2003-02-07,424
2003-02-07,424
2003-02-08,427
2003-02-08,427
2003-02-08,427
2003-02-08,427
2003-02-09,429
2003-02-09,429
2003-02-09,429
2003-02-09,429
2003-02-10,430
2003-02-10,430
2003-02-10,430
2003-02-10,430
2003-02-11,432
2003-02-11,432
2003-02-11,431
2003-02-11,432
2003-02-12,434
2003-02-12,434
2003-02-12,433
2003-02-12,434
2003-02-13,435
2003-02-13,435
2003-02-13,435
2003-02-13,435
2003-02-14,437
2003-02-14,437
2003-02-14,436
2003-02-14,437
2003-02-15,438
2003-02-15,438
2003-02-15,437
2003-02-15,438
2003-02-16,440
2003-02-16,440
2003-02-16,439
2003-02-16,441
2003-02-17,444
2003-02-17,444
2003-02-17,443
2003-02-17,445
2003-02-18,447
2003-02-18,447
2003-02-18,446
2003-02-18,448
2003-02-19,453
2003-02-19,453
2003-02-19,452
2003-02-19,454
2003-02-20,458
2003-02-20,458
2003-02-20,457
2003-02-20,458
2003-02-21,463
2003-02-21,463
2003-02-21,461
2003-02-21,464
2003-02-22,465
2003-02-22,465
2003-02-22,465
2003-02-22,465
2003-02-23,467
2003-02-23,467
2003-02-23,466
2003-02-23,467
2003-02-24,470
2003-02-24,470
2003-02-24,469
2003-02-24,471
2003-02-25,473
2003-02-25,473
2003-02-25,472
2003-02-25,474
2003-02-26,475
2003-02-26,475
2003-02-26,474
2003-02-26,476
2003-02-27,477
2003-02-27,477
2003-02-27,476
2003-02-27,477
2003-02-28,479
2003-02-28,479
2003-02-28,478
2003-02-28,480
2003-03-01,484
2003-03-01,484
2003-03-01,483
2003-03-01,484
2003-03-02,486
2003-03-02,486
2003-03-02,486
2003-03-02,486
2003-03-03,492
2003-03-03,492
2003-03-03,490
2003-03-03,493
2003-03-04,494
2003-03-04,494
2003-03-04,494
2003-03-04,494
2003-03-05,497
2003-03-05,497
2003-03-05,495
2003-03-05,498
2003-03-06,503
2003-03-06,503
2003-03-06,502
2003-03-06,504
2003-03-07,507
2003-03-07,507
2003-03-07,505
2003-03-07,508
2003-03-08,510
2003-03-08,510
2003-03-08,510
2003-03-08,510
2003-03-09,512
2003-03-09,512
2003-03-09,511
2003-03-09,512
2003-03-10,513
2003-03-10,513
2003-03-10,513
2003-03-10,513
2003-03-11,514
2003-03-11,514
2003-03-11,514
2003-03-11,514
2003-03-12,516
2003-03-12,516
2003-03-12,515
2003-03-12,516
2003-03-13,517
2003-03-13,517
2003-03-13,517
2003-03-13,517
2003-03-14,514
2003-03-14,514
2003-03-14,513
2003-03-14,514
2003-03-15,514
2003-03-15,514
2003-03-15,514
2003-03-15,514
2003-03-16,515
2003-03-16,515
2003-03-16,515
2003-03-16,515
2003-03-17,516
2003-03-17,516
2003-03-17,516
2003-03-17,516
2003-03-18,517
2003-03-18,517
2003-03-18,516
2003-03-18,517
2003-03-19,519
2003-03-19,519
2003-03-19,519
2003-03-19,519
2003-03-20,522
2003-03-20,522
2003-03-20,522
2003-03-20,522
2003-03-21,526
2003-03-21,526
2003-03-21,525
2003-03-21,526
2003-03-22,531
2003-03-22,531
2003-03-22,531
2003-03-22,531
2003-03-23,534
2003-03-23,534
2003-03-23,533
2003-03-23,534
2003-03-24,538
2003-03-24,538
2003-03-24,537
2003-03-24,538
2003-03-25,545
2003-03-25,545
2003-03-25,545
2003-03-25,545
2003-03-26,546
2003-03-26,546
2003-03-26,546
2003-03-26,546
2003-03-27,553
2003-03-27,553
2003-03-27,552
2003-03-27,553
2003-03-28,555
2003-03-28,555
2003-03-28,554
2003-03-28,555
2003-03-29,557
2003-03-29,557
2003-03-29,557
2003-03-29,557
2003-03-30,560
2003-03-30,560
2003-03-30,559
2003-03-30,560
2003-03-31,564
2003-03-31,564
2003-03-31,564
2003-03-31,564
2003-04-01,566
2003-04-01,566
2003-04-01,566
2003-04-01,566
2003-04-02,573
2003-04-02,573
2003-04-02,572
2003-04-02,573
2003-04-03,579
2003-04-03,579
2003-04-03,578
2003-04-03,580
2003-04-04,587
2003-04-04,587
2003-04-04,585
2003-04-04,588
2003-04-05,592
2003-04-05,592
2003-04-05,592
2003-04-05,592
2003-04-06,597
2003-04-06,597
2003-04-06,596
2003-04-06,598
2003-04-07,602
2003-04-07,602
2003-04-07,602
2003-04-07,602
2003-04-08,605
2003-04-08,605
2003-04-08,605
2003-04-08,605
2003-04-09,608
2003-04-09,608
2003-04-09,607
2003-04-09,608
2003-04-10,609
2003-04-10,609
2003-04-10,609
2003-04-10,609
2003-04-11,611
2003-04-11,611
2003-04-11,610
2003-04-11,611
2003-04-12,614
2003-04-12,614
2003-04-12,614
2003-04-12,614
2003-04-13,618
2003-04-13,618
2003-04-13,617
2003-04-13,618
2003-04-14,627
2003-04-14,627
2003-04-14,625
2003-04-14,628
2003-04-15,637
2003-04-15,637
2003-04-15,634
2003-04-15,640
2003-04-16,644
2003-04-16,644
2003-04-16,642
2003-04-16,645
2003-04-17,650
2003-04-17,650
2003-04-17,647
2003-04-17,652
2003-04-18,657
2003-04-18,657
2003-04-18,655
2003-04-18,658
2003-04-19,663
2003-04-19,663
2003-04-19,662
2003-04-19,664
2003-04-20,667
2003-04-20,667
2003-04-20,666
2003-04-20,667
2003-04-21,670
2003-04-21,670
2003-04-21,670
2003-04-21,670
2003-04-22,673
2003-04-22,673
2003-04-22,673
2003-04-22,673
2003-04-23,678
2003-04-23,678
2003-04-23,677
2003-04-23,678
2003-04-24,682
2003-04-24,682
2003-04-24,681
2003-04-24,682
2003-04-25,685
2003-04-25,685
2003-04-25,684
2003-04-25,685
2003-04-26,688
2003-04-26,688
2003-04-26,686
2003-04-26,689
2003-04-27,691
2003-04-27,691
2003-04-27,690
2003-04-27,692
2003-04-28,694
2003-04-28,694
2003-04-28,693
2003-04-28,695
2003-04-29,696
2003-04-29,696
2003-04-29,695
2003-04-29,696
2003-04-30,702
2003-04-30,702
2003-04-30,701
2003-04-30,702
2003-05-01,707
2003-05-01,707
2003-05-01,706
2003-05-01,708
2003-05-02,710
2003-05-02,710
2003-05-02,710
2003-05-02,710
2003-05-03,714
2003-05-03,714
2003-05-03,713
2003-05-03,715
2003-05-04,718
2003-05-04,718
2003-05-04,717
2003-05-04,719
2003-05-05,723
2003-05-05,723
2003-05-05,722
2003-05-05,724
2003-05-06,726
2003-05-06,726
2003-05-06,725
2003-05-06,727
2003-05-07,731
2003-05-07,731
2003-05-07,730
2003-05-07,731
2003-05-08,733
2003-05-08,733
2003-05-08,732
2003-05-08,734
2003-05-09,734
2003-05-09,734
2003-05-09,734
2003-05-09,734
2003-05-10,735
2003-05-10,735
2003-05-10,735
2003-05-10,735
2003-05-11,735
2003-05-11,735
2003-05-11,735
2003-05-11,734
2003-05-12,735
2003-05-12,735
2003-05-12,735
2003-05-12,734
2003-05-13,735
2003-05-13,735
2003-05-13,734
2003-05-13,735
2003-05-14,735
2003-05-14,735
2003-05-14,735
2003-05-14,735
2003-05-15,736
2003-05-15,736
2003-05-15,735
2003-05-15,736
2003-05-16,734
2003-05-16,734
2003-05-16,734
2003-05-16,734
2003-05-17,734
2003-05-17,734
2003-05-17,734
2003-05-17,734
2003-05-18,734
2003-05-18,734
2003-05-18,734
2003-05-18,734
2003-05-19,734
2003-05-19,734
2003-05-19,734
2003-05-19,734
2003-05-20,735
2003-05-20,735
2003-05-20,734
2003-05-20,735
2003-05-21,736
2003-05-21,736
2003-05-21,736
2003-05-21,736
2003-05-22,738
2003-05-22,738
2003-05-22,737
2003-05-22,738
2003-05-23,739
2003-05-23,739
2003-05-23,738
2003-05-23,739
2003-05-24,740
2003-05-24,740
2003-05-24,740
2003-05-24,740
2003-05-25,740
2003-05-25,740
2003-05-25,740
2003-05-25,740
2003-05-26,742
2003-05-26,742
2003-05-26,742
2003-05-26,742
2003-05-27,743
2003-05-27,743
2003-05-27,743
2003-05-27,742
2003-05-28,742
2003-05-28,742
2003-05-28,741
2003-05-28,742
2003-05-29,743
2003-05-29,743
2003-05-29,743
2003-05-29,743
2003-05-30,743
2003-05-30,743
2003-05-30,743
2003-05-30,743
2003-05-31,742
2003-05-31,742
2003-05-31,742
2003-05-31,742
2003-06-01,743
2003-06-01,743
2003-06-01,743
2003-06-01,743
2003-06-02,743
2003-06-02,743
2003-06-02,743
2003-06-02,743
2003-06-03,744
2003-06-03,744
2003-06-03,744
2003-06-03,744
2003-06-04,742
2003-06-04,742
2003-06-04,742
2003-06-04,742
2003-06-05,741
2003-06-05,741
2003-06-05,741
2003-06-05,740
2003-06-06,741
2003-06-06,741
2003-06-06,741
2003-06-06,741
2003-06-07,740
2003-06-07,740
2003-06-07,740
2003-06-07,740
2003-06-08,741
2003-06-08,741
2003-06-08,740
2003-06-08,741
2003-06-09,742
2003-06-09,742
2003-06-09,742
2003-06-09,742
2003-06-10,743
2003-06-10,743
2003-06-10,743
2003-06-10,743
2003-06-11,747
2003-06-11,747
2003-06-11,747
2003-06-11,747
2003-06-12,747
2003-06-12,747
2003-06-12,746
2003-06-12,747
2003-06-13,748
2003-06-13,748
2003-06-13,748
2003-06-13,748
2003-06-14,750
2003-06-14,750
2003-06-14,750
2003-06-14,750
2003-06-15,753
2003-06-15,753
2003-06-15,753
2003-06-15,753
2003-06-16,754
2003-06-16,754
2003-06-16,753
2003-06-16,754
2003-06-17,756
2003-06-17,756
2003-06-17,756
2003-06-17,756
2003-06-18,757
2003-06-18,757
2003-06-18,757
2003-06-18,757
2003-06-19,757
2003-06-19,757
2003-06-19,757
2003-06-19,757
2003-06-20,757
2003-06-20,757
2003-06-20,757
2003-06-20,757
2003-06-21,758
2003-06-21,758
2003-06-21,757
2003-06-21,758
2003-06-22,758
2003-06-22,758
2003-06-22,758
2003-06-22,758
2003-06-23,758
2003-06-23,758
2003-06-23,758
2003-06-23,758
2003-06-24,758
2003-06-24,758
2003-06-24,758
2003-06-24,758
2003-06-25,756
2003-06-25,756
2003-06-25,756
2003-06-25,756
2003-06-26,753
2003-06-26,753
2003-06-26,753
2003-06-26,752
2003-06-27,749
2003-06-27,749
2003-06-27,750
2003-06-27,748
2003-06-28,748
2003-06-28,748
2003-06-28,748
2003-06-28,748
2003-06-29,745
2003-06-29,745
2003-06-29,745
2003-06-29,745
2003-06-30,740
2003-06-30,740
2003-06-30,740
2003-06-30,740
2003-07-01,736
2003-07-01,736
2003-07-01,736
2003-07-01,736
2003-07-02,734
2003-07-02,734
2003-07-02,734
2003-07-02,734
2003-07-03,733
2003-07-03,733
2003-07-03,733
2003-07-03,733
2003-07-04,733
2003-07-04,733
2003-07-04,733
2003-07-04,733
2003-07-05,733
2003-07-05,733
2003-07-05,733
2003-07-05,733
2003-07-06,732
2003-07-06,732
2003-07-06,732
2003-07-06,732
2003-07-07,732
2003-07-07,732
2003-07-07,732
2003-07-07,732
2003-07-08,733
2003-07-08,733
2003-07-08,733
2003-07-08,732
2003-07-09,732
2003-07-09,732
2003-07-09,732
2003-07-09,731
2003-07-10,730
2003-07-10,730
2003-07-10,730
2003-07-10,730
2003-07-11,730
2003-07-11,730
2003-07-11,730
2003-07-11,730
2003-07-12,728
2003-07-12,728
2003-07-12,728
2003-07-12,727
2003-07-13,726
2003-07-13,726
2003-07-13,726
2003-07-13,726
2003-07-14,724
2003-07-14,724
2003-07-14,724
2003-07-14,724
2003-07-15,723
2003-07-15,723
2003-07-15,723
2003-07-15,722
2003-07-16,722
2003-07-16,722
2003-07-16,722
2003-07-16,721
2003-07-17,720
2003-07-17,720
2003-07-17,720
2003-07-17,720
2003-07-18,718
2003-07-18,718
2003-07-18,718
2003-07-18,717
2003-07-19,715
2003-07-19,715
2003-07-19,715
2003-07-19,714
2003-07-20,711
2003-07-20,711
2003-07-20,712
2003-07-20,710
2003-07-21,709
2003-07-21,709
2003-07-21,710
2003-07-21,708
2003-07-22,706
2003-07-22,706
2003-07-22,707
2003-07-22,704
2003-07-23,703
2003-07-23,703
2003-07-23,704
2003-07-23,701
2003-07-24,699
2003-07-24,699
2003-07-24,700
2003-07-24,697
2003-07-25,696
2003-07-25,696
2003-07-25,697
2003-07-25,695
2003-07-26,694
2003-07-26,694
2003-07-26,694
2003-07-26,693
2003-07-27,691
2003-07-27,691
2003-07-27,691
2003-07-27,691
2003-07-28,690
2003-07-28,690
2003-07-28,690
2003-07-28,690
2003-07-29,688
2003-07-29,688
2003-07-29,688
2003-07-29,687
2003-07-30,685
2003-07-30,685
2003-07-30,685
2003-07-30,684
2003-07-31,683
2003-07-31,683
2003-07-31,683
2003-07-31,682
2003-08-01,681
2003-08-01,681
2003-08-01,681
2003-08-01,681
2003-08-02,680
2003-08-02,680
2003-08-02,680
2003-08-02,680
2003-08-03,678.5
2003-08-03,678
2003-08-03,679
2003-08-03,678
2003-08-04,676
2003-08-04,676
2003-08-04,677
2003-08-04,675
2003-08-05,671
2003-08-05,671
2003-08-05,671
2003-08-05,671
2003-08-06,669
2003-08-06,669
2003-08-06,670
2003-08-06,668
2003-08-07,663.5
2003-08-07,664
2003-08-07,664
2003-08-07,663
2003-08-08,663
2003-08-08,663
2003-08-08,663
2003-08-08,663
2003-08-09,656
2003-08-09,656
2003-08-09,656
2003-08-09,656
2003-08-10,653.5
2003-08-10,654
2003-08-10,654
2003-08-10,653
2003-08-11,651.5
2003-08-11,652
2003-08-11,652
2003-08-11,651
2003-08-12,649.5
2003-08-12,650
2003-08-12,650
2003-08-12,649
2003-08-13,645.5
2003-08-13,646
2003-08-13,646
2003-08-13,645
2003-08-14,644.5
2003-08-14,644
2003-08-14,645
2003-08-14,644
2003-08-15,643.5
2003-08-15,644
2003-08-15,644
2003-08-15,643
2003-08-16,641.5
2003-08-16,642
2003-08-16,643
2003-08-16,640
2003-08-17,638.5
2003-08-17,638
2003-08-17,639
2003-08-17,638
2003-08-18,635.5
2003-08-18,636
2003-08-18,636
2003-08-18,635
2003-08-19,633
2003-08-19,633
2003-08-19,634
2003-08-19,632
2003-08-20,629.5
2003-08-20,630
2003-08-20,631
2003-08-20,628
2003-08-21,625.5
2003-08-21,626
2003-08-21,626
2003-08-21,625
2003-08-22,620
2003-08-22,620
2003-08-22,621
2003-08-22,619
2003-08-23,615
2003-08-23,615
2003-08-23,616
2003-08-23,614
2003-08-24,610.5
2003-08-24,610
2003-08-24,612
2003-08-24,609
2003-08-25,606.5
2003-08-25,606
2003-08-25,607
2003-08-25,606
2003-08-26,603.5
2003-08-26,604
2003-08-26,604
2003-08-26,603
2003-08-27,598
2003-08-27,598
2003-08-27,599
2003-08-27,597
2003-08-28,593
2003-08-28,593
2003-08-28,594
2003-08-28,592
2003-08-29,587
2003-08-29,587
2003-08-29,588
2003-08-29,586
2003-08-30,583
2003-08-30,583
2003-08-30,584
2003-08-30,582
2003-08-31,579.5
2003-08-31,580
2003-08-31,580
2003-08-31,579
2003-09-01,576
2003-09-01,576
2003-09-01,577
2003-09-01,575
2003-09-02,573.5
2003-09-02,574
2003-09-02,574
2003-09-02,573
2003-09-03,570
2003-09-03,570
2003-09-03,571
2003-09-03,569
2003-09-04,567
2003-09-04,567
2003-09-04,568
2003-09-04,566
2003-09-05,563.5
2003-09-05,564
2003-09-05,564
2003-09-05,563
2003-09-06,561
2003-09-06,561
2003-09-06,562
2003-09-06,560
2003-09-07,555.5
2003-09-07,556
2003-09-07,557
2003-09-07,554
2003-09-08,548
2003-09-08,548
2003-09-08,550
2003-09-08,546
2003-09-09,543
2003-09-09,543
2003-09-09,544
2003-09-09,542
2003-09-10,536.5
2003-09-10,536
2003-09-10,537
2003-09-10,536
2003-09-11,533
2003-09-11,533
2003-09-11,534
2003-09-11,532
2003-09-12,529.5
2003-09-12,530
2003-09-12,530
2003-09-12,529
2003-09-13,525
2003-09-13,525
2003-09-13,526
2003-09-13,524
2003-09-14,520
2003-09-14,520
2003-09-14,521
2003-09-14,519
2003-09-15,515
2003-09-15,515
2003-09-15,516
2003-09-15,514
2003-09-16,506.5
2003-09-16,507
2003-09-16,507
2003-09-16,506
2003-09-17,497.5
2003-09-17,497
2003-09-17,498
2003-09-17,497
2003-09-18,495
2003-09-18,495
2003-09-18,496
2003-09-18,494
2003-09-19,486
2003-09-19,486
2003-09-19,488
2003-09-19,484
2003-09-20,477
2003-09-20,477
2003-09-20,480
2003-09-20,474
2003-09-21,468
2003-09-21,468
2003-09-21,470
2003-09-21,466
2003-09-22,459
2003-09-22,459
2003-09-22,461
2003-09-22,457
2003-09-23,452.5
2003-09-23,453
2003-09-23,454
2003-09-23,451
2003-09-24,442.5
2003-09-24,442
2003-09-24,445
2003-09-24,440
2003-09-25,434.5
2003-09-25,434
2003-09-25,436
2003-09-25,433
2003-09-26,428
2003-09-26,428
2003-09-26,430
2003-09-26,426
2003-09-27,419.5
2003-09-27,420
2003-09-27,422
2003-09-27,417
2003-09-28,413.5
2003-09-28,414
2003-09-28,415
2003-09-28,412
2003-09-29,408.5
2003-09-29,408
2003-09-29,410
2003-09-29,407
2003-09-30,403.5
2003-09-30,404
2003-09-30,405
2003-09-30,402
2003-10-01,397.5
2003-10-01,398
2003-10-01,399
2003-10-01,396
2003-10-02,388.5
2003-10-02,388
2003-10-02,390
2003-10-02,387
2003-10-03,380
2003-10-03,380
2003-10-03,384
2003-10-03,376
2003-10-04,367.5
2003-10-04,368
2003-10-04,370
2003-10-04,365
2003-10-05,357.5
2003-10-05,358
2003-10-05,360
2003-10-05,355
2003-10-06,347
2003-10-06,347
2003-10-06,350
2003-10-06,344
2003-10-07,336.5
2003-10-07,336
2003-10-07,339
2003-10-07,334
2003-10-08,328
2003-10-08,328
2003-10-08,330
2003-10-08,326
2003-10-09,318
2003-10-09,318
2003-10-09,320
2003-10-09,316
2003-10-10,309.5
2003-10-10,310
2003-10-10,312
2003-10-10,307
2003-10-11,301.5
2003-10-11,302
2003-10-11,304
2003-10-11,299
2003-10-12,293
2003-10-12,293
2003-10-12,295
2003-10-12,291
2003-10-13,285
2003-10-13,285
2003-10-13,287
2003-10-13,283
2003-10-14,277
2003-10-14,277
2003-10-14,279
2003-10-14,275
2003-10-15,265.5
2003-10-15,266
2003-10-15,268
2003-10-15,263
2003-10-16,256.5
2003-10-16,256
2003-10-16,259
2003-10-16,254
2003-10-17,248.5
2003-10-17,248
2003-10-17,250
2003-10-17,247
2003-10-18,241.5
2003-10-18,242
2003-10-18,243
2003-10-18,240
2003-10-19,233.5
2003-10-19,234
2003-10-19,236
2003-10-19,231
2003-10-20,226.5
2003-10-20,226
2003-10-20,228
2003-10-20,225
2003-10-21,221
2003-10-21,221
2003-10-21,222
2003-10-21,220
2003-10-22,217
2003-10-22,217
2003-10-22,218
2003-10-22,216
2003-10-23,214
2003-10-23,214
2003-10-23,215
2003-10-23,213
2003-10-24,213
2003-10-24,213
2003-10-24,213
2003-10-24,213
2003-10-25,213
2003-10-25,213
2003-10-25,213
2003-10-25,213
2003-10-26,213.5
2003-10-26,213
2003-10-26,213
2003-10-26,214
2003-10-27,213.5
2003-10-27,213
2003-10-27,213
2003-10-27,214
2003-10-28,214.5
2003-10-28,214
2003-10-28,214
2003-10-28,215
2003-10-29,214
2003-10-29,214
2003-10-29,214
2003-10-29,214
2003-10-30,211.5
2003-10-30,212
2003-10-30,212
2003-10-30,211
2003-10-31,209
2003-10-31,209
2003-10-31,210
2003-10-31,208
2003-11-01,203
2003-11-01,203
2003-11-01,204
2003-11-01,202
2003-11-02,198
2003-11-02,198
2003-11-02,200
2003-11-02,196
2003-11-03,194.5
2003-11-03,194
2003-11-03,195
2003-11-03,194
2003-11-04,194
2003-11-04,194
2003-11-04,194
2003-11-04,194
2003-11-05,190
2003-11-05,190
2003-11-05,190
2003-11-05,190
2003-11-06,191.5
2003-11-06,192
2003-11-06,192
2003-11-06,191
2003-11-07,190
2003-11-07,190
2003-11-07,190
2003-11-07,190
2003-11-08,188.5
2003-11-08,188
2003-11-08,189
2003-11-08,188
2003-11-09,188
2003-11-09,188
2003-11-09,188
2003-11-09,188
2003-11-10,191
2003-11-10,191
2003-11-10,190
2003-11-10,192
2003-11-11,193
2003-11-11,193
2003-11-11,194
2003-11-11,192
2003-11-12,191
2003-11-12,191
2003-11-12,192
2003-11-12,190
2003-11-13,190
2003-11-13,190
2003-11-13,191
2003-11-13,189
2003-11-14,188
2003-11-14,188
2003-11-14,188
2003-11-14,188
2003-11-15,185
2003-11-15,185
2003-11-15,186
2003-11-15,184
2003-11-16,181
2003-11-16,181
2003-11-16,182
2003-11-16,180
2003-11-17,178.5
2003-11-17,178
2003-11-17,179
2003-11-17,178
2003-11-18,178.5
2003-11-18,178
2003-11-18,178
2003-11-18,179
2003-11-19,179.5
2003-11-19,180
2003-11-19,179
2003-11-19,180
2003-11-20,183
2003-11-20,183
2003-11-20,182
2003-11-20,184
2003-11-21,185
2003-11-21,185
2003-11-21,184
2003-11-21,186
2003-11-22,186
2003-11-22,186
2003-11-22,186
2003-11-22,186
2003-11-23,187
2003-11-23,187
2003-11-23,186
2003-11-23,188
2003-11-24,191.5
2003-11-24,192
2003-11-24,190
2003-11-24,193
2003-11-25,195.5
2003-11-25,196
2003-11-25,195
2003-11-25,196
2003-11-26,199
2003-11-26,199
2003-11-26,198
2003-11-26,200
2003-11-27,202
2003-11-27,202
2003-11-27,202
2003-11-27,202
2003-11-28,204
2003-11-28,204
2003-11-28,204
2003-11-28,204
2003-11-29,201.5
2003-11-29,202
2003-11-29,202
2003-11-29,201
2003-11-30,199
2003-11-30,199
2003-11-30,200
2003-11-30,198
2003-12-01,196
2003-12-01,196
2003-12-01,196
2003-12-01,196
2003-12-02,195
2003-12-02,195
2003-12-02,195
2003-12-02,195
2003-12-03,195
2003-12-03,195
2003-12-03,195
2003-12-03,195
2003-12-04,193.5
2003-12-04,194
2003-12-04,194
2003-12-04,193
2003-12-05,193.5
2003-12-05,194
2003-12-05,193
2003-12-05,194
2003-12-06,194
2003-12-06,194
2003-12-06,194
2003-12-06,194
2003-12-07,195
2003-12-07,195
2003-12-07,195
2003-12-07,195
2003-12-08,193
2003-12-08,193
2003-12-08,193
2003-12-08,193
2003-12-09,194
2003-12-09,194
2003-12-09,194
2003-12-09,194
2003-12-10,195
2003-12-10,195
2003-12-10,195
2003-12-10,195
2003-12-11,194.5
2003-12-11,194
2003-12-11,194
2003-12-11,195
2003-12-12,196
2003-12-12,196
2003-12-12,196
2003-12-12,196
2003-12-13,195.5
2003-12-13,196
2003-12-13,195
2003-12-13,196
2003-12-14,198
2003-12-14,198
2003-12-14,199
2003-12-14,197
2003-12-15,198.5
2003-12-15,198
2003-12-15,198
2003-12-15,199
2003-12-16,198.5
2003-12-16,198
2003-12-16,199
2003-12-16,198
2003-12-17,197
2003-12-17,197
2003-12-17,197
2003-12-17,197
2003-12-18,197.5
2003-12-18,198
2003-12-18,197
2003-12-18,198
2003-12-19,196.5
2003-12-19,196
2003-12-19,196
2003-12-19,197
2003-12-20,196
2003-12-20,196
2003-12-20,196
2003-12-20,196
2003-12-21,197
2003-12-21,197
2003-12-21,197
2003-12-21,197
2003-12-22,201
2003-12-22,201
2003-12-22,200
2003-12-22,202
2003-12-23,202.5
2003-12-23,202
2003-12-23,202
2003-12-23,203
2003-12-24,205
2003-12-24,205
2003-12-24,205
2003-12-24,205
2003-12-25,208.5
2003-12-25,208
2003-12-25,208
2003-12-25,209
2003-12-26,209.5
2003-12-26,210
2003-12-26,209
2003-12-26,210
2003-12-27,213
2003-12-27,213
2003-12-27,213
2003-12-27,213
2003-12-28,212.5
2003-12-28,212
2003-12-28,213
2003-12-28,212
2003-12-29,214
2003-12-29,214
2003-12-29,214
2003-12-29,214
2003-12-30,214.5
2003-12-30,214
2003-12-30,215
2003-12-30,214
2003-12-31,213.5
2003-12-31,213
2003-12-31,214
2003-12-31,213
2004-01-01,214
2004-01-01,214
2004-01-01,214
2004-01-01,214
2004-01-02,214
2004-01-02,214
2004-01-02,214
2004-01-02,214
2004-01-03,216
2004-01-03,216
2004-01-03,216
2004-01-03,216
2004-01-04,219
2004-01-04,219
2004-01-04,219
2004-01-04,219
2004-01-05,224.5
2004-01-05,224
2004-01-05,224
2004-01-05,225
2004-01-06,229
2004-01-06,229
2004-01-06,228
2004-01-06,230
2004-01-07,235
2004-01-07,235
2004-01-07,234
2004-01-07,236
2004-01-08,242
2004-01-08,242
2004-01-08,241
2004-01-08,243
2004-01-09,248.5
2004-01-09,248
2004-01-09,247
2004-01-09,250
2004-01-10,256.5
2004-01-10,256
2004-01-10,255
2004-01-10,258
2004-01-11,263
2004-01-11,263
2004-01-11,262
2004-01-11,264
2004-01-12,270
2004-01-12,270
2004-01-12,270
2004-01-12,270
2004-01-13,280.5
2004-01-13,280
2004-01-13,278
2004-01-13,283
2004-01-14,288
2004-01-14,288
2004-01-14,287
2004-01-14,289
2004-01-15,295
2004-01-15,295
2004-01-15,294
2004-01-15,296
2004-01-16,307.5
2004-01-16,308
2004-01-16,305
2004-01-16,310
2004-01-17,318
2004-01-17,318
2004-01-17,316
2004-01-17,320
2004-01-18,326
2004-01-18,326
2004-01-18,324
2004-01-18,328
2004-01-19,333.5
2004-01-19,334
2004-01-19,332
2004-01-19,335
2004-01-20,340
2004-01-20,340
2004-01-20,338
2004-01-20,342
2004-01-21,348
2004-01-21,348
2004-01-21,347
2004-01-21,349
2004-01-22,356.5
2004-01-22,356
2004-01-22,355
2004-01-22,358
2004-01-23,364.5
2004-01-23,364
2004-01-23,362
2004-01-23,367
2004-01-24,375
2004-01-24,375
2004-01-24,374
2004-01-24,376
2004-01-25,381
2004-01-25,381
2004-01-25,380
2004-01-25,382
2004-01-26,388
2004-01-26,388
2004-01-26,386
2004-01-26,390
2004-01-27,393
2004-01-27,393
2004-01-27,392
2004-01-27,394
2004-01-28,397.5
2004-01-28,398
2004-01-28,397
2004-01-28,398
2004-01-29,402
2004-01-29,402
2004-01-29,401
2004-01-29,403
2004-01-30,407.5
2004-01-30,408
2004-01-30,407
2004-01-30,408
2004-01-31,411
2004-01-31,411
2004-01-31,410
2004-01-31,412
2004-02-01,412.5
2004-02-01,412
2004-02-01,412
2004-02-01,413
2004-02-02,415.5
2004-02-02,416
2004-02-02,415
2004-02-02,416
2004-02-03,418.5
2004-02-03,418
2004-02-03,418
2004-02-03,419
2004-02-04,423
2004-02-04,423
2004-02-04,422
2004-02-04,424
2004-02-05,426.5
2004-02-05,426
2004-02-05,426
2004-02-05,427
2004-02-06,429.5
2004-02-06,430
2004-02-06,429
2004-02-06,430
2004-02-07,433
2004-02-07,433
2004-02-07,432
2004-02-07,434
2004-02-08,435.5
2004-02-08,436
2004-02-08,435
2004-02-08,436
2004-02-09,439
2004-02-09,439
2004-02-09,438
2004-02-09,440
2004-02-10,442
2004-02-10,442
2004-02-10,442
2004-02-10,442
2004-02-11,445
2004-02-11,445
2004-02-11,445
2004-02-11,445
2004-02-12,448.5
2004-02-12,449
2004-02-12,448
2004-02-12,449
2004-02-13,451.5
2004-02-13,451
2004-02-13,450
2004-02-13,453
2004-02-14,454.5
2004-02-14,454
2004-02-14,454
2004-02-14,455
2004-02-15,456.5
2004-02-15,457
2004-02-15,456
2004-02-15,457
2004-02-16,458.5
2004-02-16,458
2004-02-16,458
2004-02-16,459
2004-02-17,460
2004-02-17,460
2004-02-17,460
2004-02-17,460
2004-02-18,461.5
2004-02-18,462
2004-02-18,461
2004-02-18,462
2004-02-19,468
2004-02-19,468
2004-02-19,467
2004-02-19,469
2004-02-20,471
2004-02-20,471
2004-02-20,470
2004-02-20,472
2004-02-21,475.5
2004-02-21,476
2004-02-21,475
2004-02-21,476
2004-02-22,480.5
2004-02-22,480
2004-02-22,480
2004-02-22,481
2004-02-23,482.5
2004-02-23,482
2004-02-23,482
2004-02-23,483
2004-02-24,486
2004-02-24,486
2004-02-24,485
2004-02-24,487
2004-02-25,492
2004-02-25,492
2004-02-25,490
2004-02-25,494
2004-02-26,496.5
2004-02-26,496
2004-02-26,496
2004-02-26,497
2004-02-27,498
2004-02-27,498
2004-02-27,498
2004-02-27,498
2004-02-28,499
2004-02-28,499
2004-02-28,499
2004-02-28,499
2004-02-29,500.5
2004-02-29,500
2004-02-29,500
2004-02-29,501
2004-03-01,501.5
2004-03-01,501
2004-03-01,501
2004-03-01,502
2004-03-02,502
2004-03-02,502
2004-03-02,502
2004-03-02,502
2004-03-03,503
2004-03-03,503
2004-03-03,503
2004-03-03,503
2004-03-04,503.5
2004-03-04,504
2004-03-04,503
2004-03-04,504
2004-03-05,504.5
2004-03-05,504
2004-03-05,504
2004-03-05,505
2004-03-06,511.5
2004-03-06,512
2004-03-06,509
2004-03-06,514
2004-03-07,515.5
2004-03-07,516
2004-03-07,515
2004-03-07,516
2004-03-08,522
2004-03-08,522
2004-03-08,520
2004-03-08,524
2004-03-09,525.5
2004-03-09,526
2004-03-09,525
2004-03-09,526
2004-03-10,529.5
2004-03-10,530
2004-03-10,529
2004-03-10,530
2004-03-11,532
2004-03-11,532
2004-03-11,532
2004-03-11,532
2004-03-12,535.5
2004-03-12,536
2004-03-12,535
2004-03-12,536
2004-03-13,540.5
2004-03-13,540
2004-03-13,540
2004-03-13,541
2004-03-14,542.5
2004-03-14,542
2004-03-14,542
2004-03-14,543
2004-03-15,545.5
2004-03-15,546
2004-03-15,545
2004-03-15,546
2004-03-16,547.5
2004-03-16,548
2004-03-16,547
2004-03-16,548
2004-03-17,550.5
2004-03-17,550
2004-03-17,550
2004-03-17,551
2004-03-18,551.5
2004-03-18,552
2004-03-18,551
2004-03-18,552
2004-03-19,552.5
2004-03-19,552
2004-03-19,552
2004-03-19,553
2004-03-20,555.5
2004-03-20,556
2004-03-20,555
2004-03-20,556
2004-03-21,557
2004-03-21,557
2004-03-21,556
2004-03-21,558
2004-03-22,561.5
2004-03-22,562
2004-03-22,560
2004-03-22,563
2004-03-23,566
2004-03-23,566
2004-03-23,565
2004-03-23,567
2004-03-24,568.5
2004-03-24,568
2004-03-24,568
2004-03-24,569
2004-03-25,571.5
2004-03-25,572
2004-03-25,570
2004-03-25,573
2004-03-26,585.5
2004-03-26,586
2004-03-26,583
2004-03-26,588
2004-03-27,596
2004-03-27,596
2004-03-27,595
2004-03-27,597
2004-03-28,603
2004-03-28,603
2004-03-28,601
2004-03-28,605
2004-03-29,608.5
2004-03-29,608
2004-03-29,608
2004-03-29,609
2004-03-30,613.5
2004-03-30,614
2004-03-30,612
2004-03-30,615
2004-03-31,616.5
2004-03-31,616
2004-03-31,616
2004-03-31,617
2004-04-01,621
2004-04-01,621
2004-04-01,620
2004-04-01,622
2004-04-02,625
2004-04-02,625
2004-04-02,624
2004-04-02,626
2004-04-03,629
2004-04-03,629
2004-04-03,628
2004-04-03,630
2004-04-04,630.5
2004-04-04,630
2004-04-04,630
2004-04-04,631
2004-04-05,632.5
2004-04-05,632
2004-04-05,632
2004-04-05,633
2004-04-06,634.5
2004-04-06,634
2004-04-06,634
2004-04-06,635
2004-04-07,637.5
2004-04-07,638
2004-04-07,637
2004-04-07,638
2004-04-08,639
2004-04-08,639
2004-04-08,639
2004-04-08,639
2004-04-09,639.5
2004-04-09,640
2004-04-09,639
2004-04-09,640
2004-04-10,641.5
2004-04-10,642
2004-04-10,641
2004-04-10,642
2004-04-11,647
2004-04-11,647
2004-04-11,646
2004-04-11,648
2004-04-12,651.5
2004-04-12,652
2004-04-12,650
2004-04-12,653
2004-04-13,656
2004-04-13,656
2004-04-13,655
2004-04-13,657
2004-04-14,659.5
2004-04-14,660
2004-04-14,659
2004-04-14,660
2004-04-15,662.5
2004-04-15,662
2004-04-15,662
2004-04-15,663
2004-04-16,663.5
2004-04-16,664
2004-04-16,663
2004-04-16,664
2004-04-17,664.5
2004-04-17,664
2004-04-17,664
2004-04-17,665
2004-04-18,665
2004-04-18,665
2004-04-18,665
2004-04-18,665
2004-04-19,666.5
2004-04-19,666
2004-04-19,666
2004-04-19,667
2004-04-20,668.5
2004-04-20,668
2004-04-20,668
2004-04-20,669
2004-04-21,671
2004-04-21,671
2004-04-21,670
2004-04-21,672
2004-04-22,674.5
2004-04-22,674
2004-04-22,673
2004-04-22,676
2004-04-23,679.5
2004-04-23,680
2004-04-23,679
2004-04-23,680
2004-04-24,685.5
2004-04-24,686
2004-04-24,684
2004-04-24,687
2004-04-25,689
2004-04-25,689
2004-04-25,688
2004-04-25,690
2004-04-26,692.5
2004-04-26,692
2004-04-26,692
2004-04-26,693
2004-04-27,694
2004-04-27,694
2004-04-27,694
2004-04-27,694
2004-04-28,696
2004-04-28,696
2004-04-28,695
2004-04-28,697
2004-04-29,698.5
2004-04-29,698
2004-04-29,698
2004-04-29,699
2004-04-30,701
2004-04-30,701
2004-04-30,700
2004-04-30,702
2004-05-01,704.5
2004-05-01,704
2004-05-01,704
2004-05-01,705
2004-05-02,706
2004-05-02,706
2004-05-02,706
2004-05-02,706
2004-05-03,708.5
2004-05-03,708
2004-05-03,708
2004-05-03,709
2004-05-04,709.5
2004-05-04,710
2004-05-04,709
2004-05-04,710
2004-05-05,711
2004-05-05,711
2004-05-05,710
2004-05-05,712
2004-05-06,716.5
2004-05-06,716
2004-05-06,715
2004-05-06,718
2004-05-07,722.5
2004-05-07,722
2004-05-07,720
2004-05-07,725
2004-05-08,730
2004-05-08,730
2004-05-08,728
2004-05-08,732
2004-05-09,736.5
2004-05-09,736
2004-05-09,735
2004-05-09,738
2004-05-10,741
2004-05-10,741
2004-05-10,740
2004-05-10,742
2004-05-11,743
2004-05-11,743
2004-05-11,743
2004-05-11,743
2004-05-12,744
2004-05-12,744
2004-05-12,744
2004-05-12,744
2004-05-13,745.5
2004-05-13,746
2004-05-13,745
2004-05-13,746
2004-05-14,747
2004-05-14,747
2004-05-14,747
2004-05-14,747
2004-05-15,747.5
2004-05-15,748
2004-05-15,748
2004-05-15,747
2004-05-16,745
2004-05-16,745
2004-05-16,746
2004-05-16,744
2004-05-17,744.5
2004-05-17,744
2004-05-17,744
2004-05-17,745
2004-05-18,743
2004-05-18,743
2004-05-18,743
2004-05-18,743
2004-05-19,741.5
2004-05-19,742
2004-05-19,742
2004-05-19,741
2004-05-20,740
2004-05-20,740
2004-05-20,740
2004-05-20,740
2004-05-21,738
2004-05-21,738
2004-05-21,738
2004-05-21,738
2004-05-22,737.5
2004-05-22,738
2004-05-22,738
2004-05-22,737
2004-05-23,734.5
2004-05-23,734
2004-05-23,735
2004-05-23,734
2004-05-24,733.5
2004-05-24,734
2004-05-24,734
2004-05-24,733
2004-05-25,731.5
2004-05-25,732
2004-05-25,732
2004-05-25,731
2004-05-26,729.5
2004-05-26,730
2004-05-26,730
2004-05-26,729
2004-05-27,727.5
2004-05-27,728
2004-05-27,728
2004-05-27,727
2004-05-28,724.5
2004-05-28,724
2004-05-28,725
2004-05-28,724
2004-05-29,723.5
2004-05-29,724
2004-05-29,724
2004-05-29,723
2004-05-30,722.5
2004-05-30,722
2004-05-30,723
2004-05-30,722
2004-05-31,721
2004-05-31,721
2004-05-31,721
2004-05-31,721
2004-06-01,720
2004-06-01,720
2004-06-01,720
2004-06-01,720
2004-06-02,718
2004-06-02,718
2004-06-02,718
2004-06-02,718
2004-06-03,717
2004-06-03,717
2004-06-03,717
2004-06-03,717
2004-06-04,717
2004-06-04,717
2004-06-04,717
2004-06-04,717
2004-06-05,716
2004-06-05,716
2004-06-05,716
2004-06-05,716
2004-06-06,716
2004-06-06,716
2004-06-06,716
2004-06-06,716
2004-06-07,716
2004-06-07,716
2004-06-07,716
2004-06-07,716
2004-06-08,715
2004-06-08,715
2004-06-08,715
2004-06-08,715
2004-06-09,714
2004-06-09,714
2004-06-09,714
2004-06-09,714
2004-06-10,714
2004-06-10,714
2004-06-10,714
2004-06-10,714
2004-06-11,712
2004-06-11,712
2004-06-11,712
2004-06-11,712
2004-06-12,714
2004-06-12,714
2004-06-12,714
2004-06-12,714
2004-06-13,709.5
2004-06-13,710
2004-06-13,710
2004-06-13,709
2004-06-14,708
2004-06-14,708
2004-06-14,708
2004-06-14,708
2004-06-15,707
2004-06-15,707
2004-06-15,707
2004-06-15,707
2004-06-16,705.5
2004-06-16,706
2004-06-16,706
2004-06-16,705
2004-06-17,702
2004-06-17,702
2004-06-17,702
2004-06-17,702
2004-06-18,697
2004-06-18,697
2004-06-18,698
2004-06-18,696
2004-06-19,696
2004-06-19,696
2004-06-19,696
2004-06-19,696
2004-06-20,694.5
2004-06-20,694
2004-06-20,695
2004-06-20,694
2004-06-21,692.5
2004-06-21,692
2004-06-21,693
2004-06-21,692
2004-06-22,692
2004-06-22,692
2004-06-22,692
2004-06-22,692
2004-06-23,690
2004-06-23,690
2004-06-23,690
2004-06-23,690
2004-06-24,688
2004-06-24,688
2004-06-24,688
2004-06-24,688
2004-06-25,686.5
2004-06-25,686
2004-06-25,687
2004-06-25,686
2004-06-26,684
2004-06-26,684
2004-06-26,685
2004-06-26,683
2004-06-27,682
2004-06-27,682
2004-06-27,682
2004-06-27,682
2004-06-28,676.5
2004-06-28,676
2004-06-28,677
2004-06-28,676
2004-06-29,674
2004-06-29,674
2004-06-29,674
2004-06-29,674
2004-06-30,672
2004-06-30,672
2004-06-30,672
2004-06-30,672
2004-07-01,670.5
2004-07-01,670
2004-07-01,671
2004-07-01,670
2004-07-02,667.5
2004-07-02,668
2004-07-02,668
2004-07-02,667
2004-07-03,666
2004-07-03,666
2004-07-03,666
2004-07-03,666
2004-07-04,664.5
2004-07-04,664
2004-07-04,665
2004-07-04,664
2004-07-05,662
2004-07-05,662
2004-07-05,663
2004-07-05,661
2004-07-06,660.5
2004-07-06,660
2004-07-06,661
2004-07-06,660
2004-07-07,659.5
2004-07-07,660
2004-07-07,660
2004-07-07,659
2004-07-08,657.5
2004-07-08,658
2004-07-08,658
2004-07-08,657
2004-07-09,655.5
2004-07-09,656
2004-07-09,656
2004-07-09,655
2004-07-10,653.5
2004-07-10,654
2004-07-10,654
2004-07-10,653
2004-07-11,651
2004-07-11,651
2004-07-11,652
2004-07-11,650
2004-07-12,648.5
2004-07-12,648
2004-07-12,649
2004-07-12,648
2004-07-13,646.5
2004-07-13,646
2004-07-13,647
2004-07-13,646
2004-07-14,643
2004-07-14,643
2004-07-14,644
2004-07-14,642
2004-07-15,639
2004-07-15,639
2004-07-15,640
2004-07-15,638
2004-07-16,635
2004-07-16,635
2004-07-16,636
2004-07-16,634
2004-07-17,631.5
2004-07-17,632
2004-07-17,632
2004-07-17,631
2004-07-18,628
2004-07-18,628
2004-07-18,629
2004-07-18,627
2004-07-19,626
2004-07-19,626
2004-07-19,626
2004-07-19,626
2004-07-20,625.5
2004-07-20,626
2004-07-20,626
2004-07-20,625
2004-07-21,624
2004-07-21,624
2004-07-21,624
2004-07-21,624
2004-07-22,622.5
2004-07-22,622
2004-07-22,623
2004-07-22,622
2004-07-23,621.5
2004-07-23,622
2004-07-23,622
2004-07-23,621
2004-07-24,621
2004-07-24,621
2004-07-24,621
2004-07-24,621
2004-07-25,619.5
2004-07-25,620
2004-07-25,620
2004-07-25,619
2004-07-26,617
2004-07-26,617
2004-07-26,618
2004-07-26,616
2004-07-27,613.5
2004-07-27,614
2004-07-27,614
2004-07-27,613
2004-07-28,611.5
2004-07-28,612
2004-07-28,612
2004-07-28,611
2004-07-29,608
2004-07-29,608
2004-07-29,609
2004-07-29,607
2004-07-30,604.5
2004-07-30,604
2004-07-30,605
2004-07-30,604
2004-07-31,601
2004-07-31,601
2004-07-31,602
2004-07-31,600
2004-08-01,597.5
2004-08-01,598
2004-08-01,598
2004-08-01,597
2004-08-02,594.5
2004-08-02,594
2004-08-02,595
2004-08-02,594
2004-08-03,591
2004-08-03,591
2004-08-03,592
2004-08-03,590
2004-08-04,587
2004-08-04,587
2004-08-04,588
2004-08-04,586
2004-08-05,585
2004-08-05,585
2004-08-05,586
2004-08-05,584
2004-08-06,582.5
2004-08-06,582
2004-08-06,583
2004-08-06,582
2004-08-07,578.5
2004-08-07,578
2004-08-07,579
2004-08-07,578
2004-08-08,575.5
2004-08-08,576
2004-08-08,576
2004-08-08,575
2004-08-09,573
2004-08-09,573
2004-08-09,574
2004-08-09,572
2004-08-10,569.5
2004-08-10,570
2004-08-10,570
2004-08-10,569
2004-08-11,566.5
2004-08-11,566
2004-08-11,567
2004-08-11,566
2004-08-12,564
2004-08-12,564
2004-08-12,564
2004-08-12,564
2004-08-13,563
2004-08-13,563
2004-08-13,564
2004-08-13,562
2004-08-14,559.5
2004-08-14,560
2004-08-14,560
2004-08-14,559
2004-08-15,558
2004-08-15,558
2004-08-15,558
2004-08-15,558
2004-08-16,558
2004-08-16,558
2004-08-16,558
2004-08-16,558
2004-08-17,557
2004-08-17,557
2004-08-17,557
2004-08-17,557
2004-08-18,556
2004-08-18,556
2004-08-18,556
2004-08-18,556
2004-08-19,555.5
2004-08-19,556
2004-08-19,556
2004-08-19,555
2004-08-20,552
2004-08-20,552
2004-08-20,553
2004-08-20,551
2004-08-21,547.5
2004-08-21,548
2004-08-21,548
2004-08-21,547
2004-08-22,544.5
2004-08-22,544
2004-08-22,545
2004-08-22,544
2004-08-23,541.5
2004-08-23,542
2004-08-23,543
2004-08-23,540
2004-08-24,535
2004-08-24,535
2004-08-24,536
2004-08-24,534
2004-08-25,529
2004-08-25,529
2004-08-25,530
2004-08-25,528
2004-08-26,522
2004-08-26,522
2004-08-26,524
2004-08-26,520
2004-08-27,517
2004-08-27,517
2004-08-27,518
2004-08-27,516
2004-08-28,512.5
2004-08-28,512
2004-08-28,514
2004-08-28,511
2004-08-29,509
2004-08-29,509
2004-08-29,509
2004-08-29,509
2004-08-30,504.5
2004-08-30,504
2004-08-30,505
2004-08-30,504
2004-08-31,500
2004-08-31,500
2004-08-31,501
2004-08-31,499
2004-09-01,497
2004-09-01,497
2004-09-01,498
2004-09-01,496
2004-09-02,494
2004-09-02,494
2004-09-02,495
2004-09-02,493
2004-09-03,489.5
2004-09-03,489
2004-09-03,490
2004-09-03,489
2004-09-04,487
2004-09-04,487
2004-09-04,488
2004-09-04,486
2004-09-05,481
2004-09-05,481
2004-09-05,482
2004-09-05,480
2004-09-06,476.5
2004-09-06,476
2004-09-06,478
2004-09-06,475
2004-09-07,471.5
2004-09-07,472
2004-09-07,473
2004-09-07,470
2004-09-08,462
2004-09-08,462
2004-09-08,464
2004-09-08,460
2004-09-09,455
2004-09-09,455
2004-09-09,458
2004-09-09,452
2004-09-10,446.5
2004-09-10,446
2004-09-10,448
2004-09-10,445
2004-09-11,440
2004-09-11,440
2004-09-11,440
2004-09-11,440
2004-09-12,437
2004-09-12,437
2004-09-12,439
2004-09-12,435
2004-09-13,431
2004-09-13,431
2004-09-13,432
2004-09-13,430
2004-09-14,427
2004-09-14,427
2004-09-14,428
2004-09-14,426
2004-09-15,423.5
2004-09-15,424
2004-09-15,425
2004-09-15,422
2004-09-16,420
2004-09-16,420
2004-09-16,420
2004-09-16,420
2004-09-17,416.5
2004-09-17,416
2004-09-17,418
2004-09-17,415
2004-09-18,410.5
2004-09-18,411
2004-09-18,412
2004-09-18,409
2004-09-19,404.5
2004-09-19,404
2004-09-19,406
2004-09-19,403
2004-09-20,398
2004-09-20,398
2004-09-20,400
2004-09-20,396
2004-09-21,391
2004-09-21,391
2004-09-21,393
2004-09-21,389
2004-09-22,384
2004-09-22,384
2004-09-22,386
2004-09-22,382
2004-09-23,376.5
2004-09-23,376
2004-09-23,378
2004-09-23,375
2004-09-24,369.5
2004-09-24,370
2004-09-24,371
2004-09-24,368
2004-09-25,363.5
2004-09-25,364
2004-09-25,364
2004-09-25,363
2004-09-26,358
2004-09-26,358
2004-09-26,360
2004-09-26,356
2004-09-27,350.5
2004-09-27,350
2004-09-27,353
2004-09-27,348
2004-09-28,345.5
2004-09-28,346
2004-09-28,346
2004-09-28,345
2004-09-29,343
2004-09-29,343
2004-09-29,344
2004-09-29,342
2004-09-30,338.5
2004-09-30,338
2004-09-30,340
2004-09-30,337
2004-10-01,334
2004-10-01,334
2004-10-01,335
2004-10-01,333
2004-10-02,330
2004-10-02,330
2004-10-02,331
2004-10-02,329
2004-10-03,325
2004-10-03,325
2004-10-03,327
2004-10-03,323
2004-10-04,318.5
2004-10-04,318
2004-10-04,320
2004-10-04,317
2004-10-05,314
2004-10-05,314
2004-10-05,315
2004-10-05,313
2004-10-06,307.5
2004-10-06,308
2004-10-06,310
2004-10-06,305
2004-10-07,302.5
2004-10-07,302
2004-10-07,303
2004-10-07,302
2004-10-08,294.5
2004-10-08,294
2004-10-08,296
2004-10-08,293
2004-10-09,287.5
2004-10-09,288
2004-10-09,289
2004-10-09,286
2004-10-10,282
2004-10-10,282
2004-10-10,284
2004-10-10,280
2004-10-11,275.5
2004-10-11,276
2004-10-11,276
2004-10-11,275
2004-10-12,274.5
2004-10-12,274
2004-10-12,275
2004-10-12,274
2004-10-13,273.5
2004-10-13,274
2004-10-13,274
2004-10-13,273
2004-10-14,271.5
2004-10-14,272
2004-10-14,272
2004-10-14,271
2004-10-15,268
2004-10-15,268
2004-10-15,270
2004-10-15,266
2004-10-16,264
2004-10-16,264
2004-10-16,266
2004-10-16,262
2004-10-17,260.5
2004-10-17,260
2004-10-17,262
2004-10-17,259
2004-10-18,257.5
2004-10-18,258
2004-10-18,259
2004-10-18,256
2004-10-19,251.5
2004-10-19,252
2004-10-19,254
2004-10-19,249
2004-10-20,245.5
2004-10-20,246
2004-10-20,246
2004-10-20,245
2004-10-21,241.5
2004-10-21,242
2004-10-21,245
2004-10-21,238
2004-10-22,241
2004-10-22,241
2004-10-22,242
2004-10-22,240
2004-10-23,236
2004-10-23,236
2004-10-23,238
2004-10-23,234
2004-10-24,231
2004-10-24,231
2004-10-24,232
2004-10-24,230
2004-10-25,228.5
2004-10-25,228
2004-10-25,229
2004-10-25,228
2004-10-26,228
2004-10-26,228
2004-10-26,228
2004-10-26,228
2004-10-27,227
2004-10-27,227
2004-10-27,227
2004-10-27,227
2004-10-28,225.5
2004-10-28,226
2004-10-28,226
2004-10-28,225
2004-10-29,224
2004-10-29,224
2004-10-29,225
2004-10-29,223
2004-10-30,224.5
2004-10-30,224
2004-10-30,225
2004-10-30,224
2004-10-31,222
2004-10-31,222
2004-10-31,223
2004-10-31,221
2004-11-01,218.5
2004-11-01,218
2004-11-01,220
2004-11-01,217
2004-11-02,215.5
2004-11-02,215
2004-11-02,217
2004-11-02,214
2004-11-03,211
2004-11-03,211
2004-11-03,213
2004-11-03,209
2004-11-04,207
2004-11-04,207
2004-11-04,209
2004-11-04,205
2004-11-05,204
2004-11-05,204
2004-11-05,205
2004-11-05,203
2004-11-06,201
2004-11-06,201
2004-11-06,202
2004-11-06,200
2004-11-07,198
2004-11-07,198
2004-11-07,199
2004-11-07,197
2004-11-08,196
2004-11-08,196
2004-11-08,196
2004-11-08,196
2004-11-09,195
2004-11-09,195
2004-11-09,195
2004-11-09,195
2004-11-10,194
2004-11-10,194
2004-11-10,194
2004-11-10,194
2004-11-11,195.5
2004-11-11,196
2004-11-11,195
2004-11-11,196
2004-11-12,197
2004-11-12,197
2004-11-12,196
2004-11-12,198
2004-11-13,200.5
2004-11-13,200
2004-11-13,200
2004-11-13,201
2004-11-14,201.5
2004-11-14,202
2004-11-14,202
2004-11-14,201
2004-11-15,201.5
2004-11-15,202
2004-11-15,202
2004-11-15,201
2004-11-16,201.5
2004-11-16,202
2004-11-16,203
2004-11-16,200
2004-11-17,199
2004-11-17,199
2004-11-17,201
2004-11-17,197
2004-11-18,197
2004-11-18,197
2004-11-18,198
2004-11-18,196
2004-11-19,194
2004-11-19,194
2004-11-19,195
2004-11-19,193
2004-11-20,192.5
2004-11-20,192
2004-11-20,194
2004-11-20,191
2004-11-21,189
2004-11-21,189
2004-11-21,190
2004-11-21,188
2004-11-22,188
2004-11-22,188
2004-11-22,188
2004-11-22,188
2004-11-23,187.5
2004-11-23,188
2004-11-23,188
2004-11-23,187
2004-11-24,187
2004-11-24,187
2004-11-24,187
2004-11-24,187
2004-11-25,188.5
2004-11-25,188
2004-11-25,188
2004-11-25,189
2004-11-26,190
2004-11-26,190
2004-11-26,190
2004-11-26,190
2004-11-27,193
2004-11-27,193
2004-11-27,193
2004-11-27,193
2004-11-28,193.5
2004-11-28,194
2004-11-28,194
2004-11-28,193
2004-11-29,194.5
2004-11-29,194
2004-11-29,195
2004-11-29,194
2004-11-30,195.5
2004-11-30,196
2004-11-30,197
2004-11-30,194
2004-12-01,198
2004-12-01,198
2004-12-01,199
2004-12-01,197
2004-12-02,199
2004-12-02,199
2004-12-02,199
2004-12-02,199
2004-12-03,200.5
2004-12-03,200
2004-12-03,200
2004-12-03,201
2004-12-04,202.5
2004-12-04,202
2004-12-04,202
2004-12-04,203
2004-12-05,204
2004-12-05,204
2004-12-05,203
2004-12-05,205
2004-12-06,207
2004-12-06,207
2004-12-06,207
2004-12-06,207
2004-12-07,209
2004-12-07,209
2004-12-07,208
2004-12-07,210
2004-12-08,212
2004-12-08,212
2004-12-08,211
2004-12-08,213
2004-12-09,215.5
2004-12-09,215
2004-12-09,215
2004-12-09,216
2004-12-10,220
2004-12-10,220
2004-12-10,219
2004-12-10,221
2004-12-11,224
2004-12-11,224
2004-12-11,224
2004-12-11,224
2004-12-12,229.5
2004-12-12,230
2004-12-12,229
2004-12-12,230
2004-12-13,234.5
2004-12-13,235
2004-12-13,233
2004-12-13,236
2004-12-14,239.5
2004-12-14,240
2004-12-14,239
2004-12-14,240
2004-12-15,243
2004-12-15,243
2004-12-15,243
2004-12-15,243
2004-12-16,246.5
2004-12-16,246
2004-12-16,247
2004-12-16,246
2004-12-17,249
2004-12-17,249
2004-12-17,249
2004-12-17,249
2004-12-18,253.5
2004-12-18,254
2004-12-18,253
2004-12-18,254
2004-12-19,255
2004-12-19,255
2004-12-19,255
2004-12-19,255
2004-12-20,257
2004-12-20,257
2004-12-20,257
2004-12-20,257
2004-12-21,257
2004-12-21,257
2004-12-21,257
2004-12-21,257
2004-12-22,259
2004-12-22,259
2004-12-22,259
2004-12-22,259
2004-12-23,262
2004-12-23,262
2004-12-23,261
2004-12-23,263
2004-12-24,267.5
2004-12-24,268
2004-12-24,266
2004-12-24,269
2004-12-25,270
2004-12-25,270
2004-12-25,270
2004-12-25,270
2004-12-26,273
2004-12-26,273
2004-12-26,273
2004-12-26,273
2004-12-27,278
2004-12-27,278
2004-12-27,278
2004-12-27,278
2004-12-28,283
2004-12-28,283
2004-12-28,282
2004-12-28,284
2004-12-29,286.5
2004-12-29,286
2004-12-29,286
2004-12-29,287
2004-12-30,288.5
2004-12-30,288
2004-12-30,288
2004-12-30,289
2004-12-31,292
2004-12-31,292
2004-12-31,292
2004-12-31,292
2005-01-01,295.5
2005-01-01,296
2005-01-01,295
2005-01-01,296
2005-01-02,300.5
2005-01-02,300
2005-01-02,300
2005-01-02,301
2005-01-03,304
2005-01-03,304
2005-01-03,304
2005-01-03,304
2005-01-04,306
2005-01-04,306
2005-01-04,306
2005-01-04,306
2005-01-05,309
2005-01-05,309
2005-01-05,309
2005-01-05,309
2005-01-06,313
2005-01-06,313
2005-01-06,313
2005-01-06,313
2005-01-07,317
2005-01-07,317
2005-01-07,317
2005-01-07,317
2005-01-08,321.5
2005-01-08,322
2005-01-08,321
2005-01-08,322
2005-01-09,327
2005-01-09,327
2005-01-09,326
2005-01-09,328
2005-01-10,330.5
2005-01-10,330
2005-01-10,330
2005-01-10,331
2005-01-11,335
2005-01-11,335
2005-01-11,334
2005-01-11,336
2005-01-12,340
2005-01-12,340
2005-01-12,339
2005-01-12,341
2005-01-13,344.5
2005-01-13,344
2005-01-13,344
2005-01-13,345
2005-01-14,347.5
2005-01-14,348
2005-01-14,347
2005-01-14,348
2005-01-15,350
2005-01-15,350
2005-01-15,350
2005-01-15,350
2005-01-16,353.5
2005-01-16,354
2005-01-16,354
2005-01-16,353
2005-01-17,354
2005-01-17,354
2005-01-17,354
2005-01-17,354
2005-01-18,361
2005-01-18,361
2005-01-18,361
2005-01-18,361
2005-01-19,359
2005-01-19,359
2005-01-19,359
2005-01-19,359
2005-01-20,358.5
2005-01-20,358
2005-01-20,359
2005-01-20,358
2005-01-21,360
2005-01-21,360
2005-01-21,360
2005-01-21,360
2005-01-22,360
2005-01-22,360
2005-01-22,360
2005-01-22,360
2005-01-23,360
2005-01-23,360
2005-01-23,360
2005-01-23,360
2005-01-24,361
2005-01-24,361
2005-01-24,361
2005-01-24,361
2005-01-25,362
2005-01-25,362
2005-01-25,362
2005-01-25,362
2005-01-26,364
2005-01-26,364
2005-01-26,364
2005-01-26,364
2005-01-27,368.5
2005-01-27,368
2005-01-27,368
2005-01-27,369
2005-01-28,370
2005-01-28,370
2005-01-28,370
2005-01-28,370
2005-01-29,374
2005-01-29,374
2005-01-29,374
2005-01-29,374
2005-01-30,377.5
2005-01-30,378
2005-01-30,377
2005-01-30,378
2005-01-31,383
2005-01-31,383
2005-01-31,382
2005-01-31,384
2005-02-01,387
2005-02-01,387
2005-02-01,386
2005-02-01,388
2005-02-02,389.5
2005-02-02,390
2005-02-02,389
2005-02-02,390
2005-02-03,396.5
2005-02-03,396
2005-02-03,394
2005-02-03,399
2005-02-04,400
2005-02-04,400
2005-02-04,400
2005-02-04,400
2005-02-05,401
2005-02-05,401
2005-02-05,401
2005-02-05,401
2005-02-06,403
2005-02-06,403
2005-02-06,403
2005-02-06,403
2005-02-07,404
2005-02-07,404
2005-02-07,404
2005-02-07,404
2005-02-08,407
2005-02-08,407
2005-02-08,407
2005-02-08,407
2005-02-09,411
2005-02-09,411
2005-02-09,410
2005-02-09,412
2005-02-10,414.5
2005-02-10,414
2005-02-10,414
2005-02-10,415
2005-02-11,418.5
2005-02-11,418
2005-02-11,418
2005-02-11,419
2005-02-12,422.5
2005-02-12,422
2005-02-12,422
2005-02-12,423
2005-02-13,428
2005-02-13,428
2005-02-13,428
2005-02-13,428
2005-02-14,433.5
2005-02-14,434
2005-02-14,433
2005-02-14,434
2005-02-15,436
2005-02-15,436
2005-02-15,436
2005-02-15,436
2005-02-16,437.5
2005-02-16,438
2005-02-16,437
2005-02-16,438
2005-02-17,441
2005-02-17,441
2005-02-17,440
2005-02-17,442
2005-02-18,440.5
2005-02-18,440
2005-02-18,441
2005-02-18,440
2005-02-19,441
2005-02-19,441
2005-02-19,441
2005-02-19,441
2005-02-20,441
2005-02-20,441
2005-02-20,441
2005-02-20,441
2005-02-21,444
2005-02-21,444
2005-02-21,443
2005-02-21,445
2005-02-22,454
2005-02-22,454
2005-02-22,454
2005-02-22,454
2005-02-23,454.5
2005-02-23,454
2005-02-23,454
2005-02-23,455
2005-02-24,460
2005-02-24,460
2005-02-24,459
2005-02-24,461
2005-02-25,469
2005-02-25,469
2005-02-25,468
2005-02-25,470
2005-02-26,478
2005-02-26,478
2005-02-26,477
2005-02-26,479
2005-02-27,487
2005-02-27,487
2005-02-27,486
2005-02-27,488
2005-02-28,492.5
2005-02-28,492
2005-02-28,491
2005-02-28,494
2005-03-01,504
2005-03-01,504
2005-03-01,503
2005-03-01,505
2005-03-02,511
2005-03-02,510.5
2005-03-02,509
2005-03-02,512
2005-03-03,518
2005-03-03,517.5
2005-03-03,516
2005-03-03,519
2005-03-04,527
2005-03-04,527
2005-03-04,526
2005-03-04,528
2005-03-05,534
2005-03-05,534.5
2005-03-05,533
2005-03-05,536
2005-03-06,542
2005-03-06,542
2005-03-06,541
2005-03-06,543
2005-03-07,547
2005-03-07,547
2005-03-07,546
2005-03-07,548
2005-03-08,554
2005-03-08,554
2005-03-08,553
2005-03-08,555
2005-03-09,560
2005-03-09,560
2005-03-09,559
2005-03-09,561
2005-03-10,569
2005-03-10,569
2005-03-10,568
2005-03-10,570
2005-03-11,574
2005-03-11,574
2005-03-11,573
2005-03-11,575
2005-03-12,583
2005-03-12,583
2005-03-12,581
2005-03-12,585
2005-03-13,592
2005-03-13,592
2005-03-13,590
2005-03-13,594
2005-03-14,604
2005-03-14,604.5
2005-03-14,603
2005-03-14,606
2005-03-15,615
2005-03-15,615
2005-03-15,614
2005-03-15,616
2005-03-16,624
2005-03-16,623.5
2005-03-16,622
2005-03-16,625
2005-03-17,630
2005-03-17,630.5
2005-03-17,629
2005-03-17,632
2005-03-18,638
2005-03-18,638
2005-03-18,637
2005-03-18,639
2005-03-19,641
2005-03-19,641
2005-03-19,640
2005-03-19,642
2005-03-20,646
2005-03-20,645.5
2005-03-20,645
2005-03-20,646
2005-03-21,646
2005-03-21,646
2005-03-21,646
2005-03-21,646
2005-03-22,648
2005-03-22,648
2005-03-22,647
2005-03-22,649
2005-03-23,654
2005-03-23,654.5
2005-03-23,654
2005-03-23,655
2005-03-24,661
2005-03-24,661
2005-03-24,660
2005-03-24,662
2005-03-25,666
2005-03-25,665.5
2005-03-25,665
2005-03-25,666
2005-03-26,669
2005-03-26,669
2005-03-26,668
2005-03-26,670
2005-03-27,674
2005-03-27,674.5
2005-03-27,674
2005-03-27,675
2005-03-28,678
2005-03-28,677.5
2005-03-28,677
2005-03-28,678
2005-03-29,681
2005-03-29,681
2005-03-29,680
2005-03-29,682
2005-03-30,685
2005-03-30,685
2005-03-30,684
2005-03-30,686
2005-03-31,697
2005-03-31,697
2005-03-31,696
2005-03-31,698
2005-04-01,700
2005-04-01,700
2005-04-01,700
2005-04-01,700
2005-04-02,703
2005-04-02,703
2005-04-02,703
2005-04-02,703
2005-04-03,704
2005-04-03,704
2005-04-03,704
2005-04-03,704
2005-04-04,706
2005-04-04,706
2005-04-04,706
2005-04-04,706
2005-04-05,708
2005-04-05,708
2005-04-05,708
2005-04-05,708
2005-04-06,710
2005-04-06,710
2005-04-06,710
2005-04-06,710
2005-04-07,715.5
2005-04-07,716
2005-04-07,715
2005-04-07,716
2005-04-08,719.5
2005-04-08,720
2005-04-08,719
2005-04-08,720
2005-04-09,724
2005-04-09,724
2005-04-09,723
2005-04-09,725
2005-04-10,729.5
2005-04-10,730
2005-04-10,729
2005-04-10,730
2005-04-11,734
2005-04-11,734
2005-04-11,733
2005-04-11,735
2005-04-12,738
2005-04-12,738
2005-04-12,737
2005-04-12,739
2005-04-13,741.5
2005-04-13,742
2005-04-13,741
2005-04-13,742
2005-04-14,745.5
2005-04-14,746
2005-04-14,745
2005-04-14,746
2005-04-15,748.5
2005-04-15,748
2005-04-15,748
2005-04-15,749
2005-04-16,751
2005-04-16,751
2005-04-16,751
2005-04-16,751
2005-04-17,753.5
2005-04-17,754
2005-04-17,753
2005-04-17,754
2005-04-18,755.5
2005-04-18,756
2005-04-18,755
2005-04-18,756
2005-04-19,757
2005-04-19,757
2005-04-19,757
2005-04-19,757
2005-04-20,758
2005-04-20,758
2005-04-20,758
2005-04-20,758
2005-04-21,758
2005-04-21,758
2005-04-21,758
2005-04-21,758
2005-04-22,758.5
2005-04-22,758
2005-04-22,758
2005-04-22,759
2005-04-23,760.5
2005-04-23,760
2005-04-23,760
2005-04-23,761
2005-04-24,763.5
2005-04-24,764
2005-04-24,763
2005-04-24,764
2005-04-25,765.5
2005-04-25,766
2005-04-25,765
2005-04-25,766
2005-04-26,767
2005-04-26,767
2005-04-26,767
2005-04-26,767
2005-04-27,768.5
2005-04-27,768
2005-04-27,768
2005-04-27,769
2005-04-28,770.5
2005-04-28,770
2005-04-28,770
2005-04-28,771
2005-04-29,772.5
2005-04-29,772
2005-04-29,772
2005-04-29,773
2005-04-30,776
2005-04-30,776
2005-04-30,774
2005-04-30,778
2005-05-01,778
2005-05-01,778
2005-05-01,777
2005-05-01,779
2005-05-02,781
2005-05-02,781
2005-05-02,780
2005-05-02,782
2005-05-03,783.5
2005-05-03,784
2005-05-03,783
2005-05-03,784
2005-05-04,786
2005-05-04,786
2005-05-04,785
2005-05-04,787
2005-05-05,792
2005-05-05,792
2005-05-05,791
2005-05-05,793
2005-05-06,795
2005-05-06,795
2005-05-06,795
2005-05-06,795
2005-05-07,800
2005-05-07,800
2005-05-07,800
2005-05-07,800
2005-05-08,803
2005-05-08,803
2005-05-08,802
2005-05-08,804
2005-05-09,807
2005-05-09,807
2005-05-09,806
2005-05-09,808
2005-05-10,809.5
2005-05-10,810
2005-05-10,809
2005-05-10,810
2005-05-11,812.5
2005-05-11,812
2005-05-11,812
2005-05-11,813
2005-05-12,814.5
2005-05-12,814
2005-05-12,814
2005-05-12,815
2005-05-13,815
2005-05-13,815
2005-05-13,815
2005-05-13,815
2005-05-14,815.5
2005-05-14,815
2005-05-14,815
2005-05-14,816
2005-05-15,816
2005-05-15,816
2005-05-15,816
2005-05-15,816
2005-05-16,817
2005-05-16,817
2005-05-16,817
2005-05-16,817
2005-05-17,817
2005-05-17,817
2005-05-17,817
2005-05-17,817
2005-05-18,817
2005-05-18,817
2005-05-18,817
2005-05-18,817
2005-05-19,817
2005-05-19,817
2005-05-19,818
2005-05-19,816
2005-05-20,817
2005-05-20,817
2005-05-20,817
2005-05-20,817
2005-05-21,816
2005-05-21,816
2005-05-21,816
2005-05-21,816
2005-05-22,814.5
2005-05-22,814
2005-05-22,815
2005-05-22,814
2005-05-23,812.5
2005-05-23,812
2005-05-23,813
2005-05-23,812
2005-05-24,811.5
2005-05-24,812
2005-05-24,812
2005-05-24,811
2005-05-25,810
2005-05-25,810
2005-05-25,810
2005-05-25,810
2005-05-26,810
2005-05-26,810
2005-05-26,810
2005-05-26,810
2005-05-27,809
2005-05-27,809
2005-05-27,809
2005-05-27,809
2005-05-28,808.5
2005-05-28,809
2005-05-28,809
2005-05-28,808
2005-05-29,808.5
2005-05-29,809
2005-05-29,808
2005-05-29,809
2005-05-30,809
2005-05-30,809
2005-05-30,809
2005-05-30,809
2005-05-31,806.5
2005-05-31,806
2005-05-31,807
2005-05-31,806
2005-06-01,806
2005-06-01,805.5
2005-06-02,804
2005-06-02,803.5
2005-06-03,802
2005-06-03,801.5
2005-06-04,800
2005-06-04,799.5
2005-06-05,798
2005-06-05,797.5
2005-06-06,796
2005-06-06,795.5
2005-06-07,793
2005-06-07,793
2005-06-08,790
2005-06-08,790.5
2005-06-09,788
2005-06-09,787.5
2005-06-10,786
2005-06-10,785.5
2005-06-11,784
2005-06-11,784
2005-06-12,783
2005-06-12,783
2005-06-13,775
2005-06-13,775
2005-06-14,771
2005-06-14,771
2005-06-15,768
2005-06-15,768.5
2005-06-16,764
2005-06-16,764.5
2005-06-17,760
2005-06-17,760
2005-06-18,760
2005-06-18,759.5
2005-06-19,754
2005-06-19,754
2005-06-20,750
2005-06-20,750
2005-06-21,744
2005-06-21,744.5
2005-06-22,742
2005-06-22,742.5
2005-06-23,740
2005-06-23,739.5
2005-06-24,736
2005-06-24,736.5
2005-06-25,734
2005-06-25,733.5
2005-06-26,732
2005-06-26,732.5
2005-06-27,732
2005-06-27,731.5
2005-06-28,729
2005-06-28,729
2005-06-29,726
2005-06-29,725.5
2005-06-30,723
2005-06-30,723
2005-07-01,719.5
2005-07-01,720
2005-07-02,717
2005-07-02,717
2005-07-03,714.5
2005-07-03,714
2005-07-04,712.5
2005-07-04,712
2005-07-05,710
2005-07-05,710
2005-07-06,706
2005-07-06,706
2005-07-07,698.5
2005-07-07,698
2005-07-08,695.5
2005-07-08,696
2005-07-09,694
2005-07-09,694
2005-07-10,694
2005-07-10,694
2005-07-11,693
2005-07-11,693
2005-07-12,691
2005-07-12,691
2005-07-13,689
2005-07-13,689
2005-07-14,683.5
2005-07-14,684
2005-07-15,682
2005-07-15,682
2005-07-16,677.5
2005-07-16,678
2005-07-17,674.5
2005-07-17,674
2005-07-18,670
2005-07-18,670
2005-07-19,666.5
2005-07-19,666
2005-07-20,661
2005-07-20,661
2005-07-21,655
2005-07-21,655
2005-07-22,651
2005-07-22,651
2005-07-23,647
2005-07-23,647
2005-07-24,643
2005-07-24,643
2005-07-25,636
2005-07-25,636
2005-07-26,630
2005-07-26,630
2005-07-27,625.5
2005-07-27,626
2005-07-28,619.5
2005-07-28,620
2005-07-29,615
2005-07-29,615
2005-07-30,609
2005-07-30,609
2005-07-31,603.5
2005-07-31,604
2005-08-01,598
2005-08-01,597.5
2005-08-02,592
2005-08-02,591.5
2005-08-03,584
2005-08-03,584.5
2005-08-04,577
2005-08-04,577
2005-08-05,570
2005-08-05,570
2005-08-06,564
2005-08-06,564
2005-08-07,556
2005-08-07,556
2005-08-08,550
2005-08-08,550
2005-08-09,544
2005-08-09,543.5
2005-08-10,537
2005-08-10,537
2005-08-11,531
2005-08-11,531
2005-08-12,528
2005-08-12,528.5
2005-08-13,522
2005-08-13,522
2005-08-14,514
2005-08-14,514
2005-08-15,504
2005-08-15,503.5
2005-08-16,494
2005-08-16,494
2005-08-17,487
2005-08-17,487
2005-08-18,480
2005-08-18,480
2005-08-19,471
2005-08-19,471
2005-08-20,462
2005-08-20,462
2005-08-21,454
2005-08-21,453.5
2005-08-22,444
2005-08-22,444.5
2005-08-23,438
2005-08-23,438.5
2005-08-24,431
2005-08-24,431
2005-08-25,422
2005-08-25,421.5
2005-08-26,411
2005-08-26,411
2005-08-27,395
2005-08-27,395
2005-08-28,380
2005-08-28,380.5
2005-08-29,368
2005-08-29,368
2005-08-30,356
2005-08-30,355.5
2005-08-31,343
2005-08-31,343
2005-09-01,330
2005-09-01,330
2005-09-02,319.5
2005-09-02,320
2005-09-03,308.5
2005-09-03,308
2005-09-04,299.5
2005-09-04,300
2005-09-05,291
2005-09-05,291
2005-09-06,282
2005-09-06,282
2005-09-07,273.5
2005-09-07,274
2005-09-08,263
2005-09-08,263
2005-09-09,256
2005-09-09,256
2005-09-10,246.5
2005-09-10,246
2005-09-11,235
2005-09-11,235
2005-09-12,227
2005-09-12,227
2005-09-13,214
2005-09-13,214
2005-09-14,204
2005-09-14,204
2005-09-15,197.5
2005-09-15,198
2005-09-16,188
2005-09-16,188
2005-09-17,182
2005-09-17,182
2005-09-18,175
2005-09-18,175
2005-09-19,171
2005-09-19,171
2005-09-20,166.5
2005-09-20,166
2005-09-21,160.5
2005-09-21,160
2005-09-22,155
2005-09-22,155
2005-09-23,145
2005-09-23,145
2005-09-24,133.5
2005-09-24,134
2005-09-25,120.5
2005-09-25,120
2005-09-26,111
2005-09-26,111
2005-09-27,95.5
2005-09-27,96
2005-09-28,88
2005-09-28,88
2005-09-29,77
2005-09-29,77
2005-09-30,72
2005-09-30,72
2005-10-01,67
2005-10-01,67
2005-10-02,61
2005-10-02,61
2005-10-03,61
2005-10-03,61
2005-10-04,62
2005-10-04,61.5
2005-10-05,62
2005-10-05,61.5
2005-10-06,61
2005-10-06,61
2005-10-07,53
2005-10-07,53
2005-10-08,50
2005-10-08,50.5
2005-10-09,42
2005-10-09,42.5
2005-10-10,32
2005-10-10,32.5
2005-10-11,24
2005-10-11,24.5
2005-10-12,14
2005-10-12,14
2005-10-13,7
2005-10-13,7
2005-10-14,6
2005-10-14,6
2005-10-15,10
2005-10-15,9.5
2005-10-16,16
2005-10-16,16
2005-10-17,21
2005-10-17,21
2005-10-18,22
2005-10-18,22.5
2005-10-19,22
2005-10-19,22
2005-10-20,16
2005-10-20,16.5
2005-10-21,10
2005-10-21,9.5
2005-10-22,4
2005-10-22,4.5
2005-10-23,6
2005-10-23,6
2005-10-24,15
2005-10-24,15
2005-10-25,22
2005-10-25,22.5
2005-10-26,31
2005-10-26,31
2005-10-27,34
2005-10-27,34.5
2005-10-28,33
2005-10-28,33
2005-10-29,30
2005-10-29,30
2005-10-30,21
2005-10-30,21
2005-10-31,14
2005-10-31,13.5
2005-11-01,8.5
2005-11-01,8
2005-11-02,1
2005-11-02,1
2005-11-03,9
2005-11-03,9
2005-11-04,12
2005-11-04,12
2005-11-05,17.5
2005-11-05,18
2005-11-06,23
2005-11-06,23
2005-11-07,28
2005-11-07,28
2005-11-08,28.5
2005-11-08,28
2005-11-09,29.5
2005-11-09,30
2005-11-10,36
2005-11-10,36
2005-11-11,42.5
2005-11-11,42
2005-11-12,49.5
2005-11-12,50
2005-11-13,58.5
2005-11-13,58
2005-11-14,67
2005-11-14,67
2005-11-15,76
2005-11-15,76
2005-11-16,85.5
2005-11-16,86
2005-11-17,92.5
2005-11-17,92
2005-11-18,96
2005-11-18,96
2005-11-19,101.5
2005-11-19,101
2005-11-20,102.5
2005-11-20,102
2005-11-21,106.5
2005-11-21,106
2005-11-22,108.5
2005-11-22,108
2005-11-23,108
2005-11-23,108
2005-11-24,109.5
2005-11-24,110
2005-11-25,111.5
2005-11-25,112
2005-11-26,115.5
2005-11-26,116
2005-11-27,120.5
2005-11-27,120
2005-11-28,126
2005-11-28,126
2005-11-29,133
2005-11-29,133
2005-11-30,144
2005-11-30,144
2005-12-01,151
2005-12-01,151
2005-12-02,158
2005-12-02,157.5
2005-12-03,164
2005-12-03,164
2005-12-04,172
2005-12-04,172
2005-12-05,176
2005-12-05,176
2005-12-06,180
2005-12-06,180.5
2005-12-07,186
2005-12-07,186.5
2005-12-08,191
2005-12-08,191
2005-12-09,194
2005-12-09,194.5
2005-12-10,198
2005-12-10,197.5
2005-12-11,202
2005-12-11,202
2005-12-12,208
2005-12-12,208
2005-12-13,214
2005-12-13,214.5
2005-12-14,217
2005-12-14,217.5
2005-12-15,223
2005-12-15,223
2005-12-16,231
2005-12-16,230.5
2005-12-17,235
2005-12-17,235
2005-12-18,240
2005-12-18,240
2005-12-19,243
2005-12-19,243
2005-12-20,250
2005-12-20,250
2005-12-21,256
2005-12-21,255.5
2005-12-22,261
2005-12-22,261
2005-12-23,264
2005-12-23,264.5
2005-12-24,272
2005-12-24,272.5
2005-12-25,276
2005-12-25,275.5
2005-12-26,280
2005-12-26,280
2005-12-27,283
2005-12-27,283
2005-12-28,288
2005-12-28,288.5
2005-12-29,298
2005-12-29,298
2005-12-30,304
2005-12-30,304
2005-12-31,308
2005-12-31,308
2006-01-01,313.5
2006-01-01,314
2006-01-02,319.5
2006-01-02,320
2006-01-03,330
2006-01-03,330
2006-01-04,341
2006-01-04,341
2006-01-05,350.5
2006-01-05,350
2006-01-06,355.5
2006-01-06,356
2006-01-07,361
2006-01-07,361
2006-01-08,373.5
2006-01-08,374
2006-01-09,380.5
2006-01-09,380
2006-01-10,387.5
2006-01-10,388
2006-01-11,393
2006-01-11,393
2006-01-12,403
2006-01-12,403
2006-01-13,412
2006-01-13,412
2006-01-14,419.5
2006-01-14,420
2006-01-15,425.5
2006-01-15,426
2006-01-16,429
2006-01-16,429
2006-01-17,435
2006-01-17,435
2006-01-18,437.5
2006-01-18,438
2006-01-19,442.5
2006-01-19,442
2006-01-20,449
2006-01-20,449
2006-01-21,452
2006-01-21,452
2006-01-22,456
2006-01-22,456
2006-01-23,457.5
2006-01-23,458
2006-01-24,460.5
2006-01-24,461
2006-01-25,464.5
2006-01-25,464
2006-01-26,469.5
2006-01-26,470
2006-01-27,475
2006-01-27,475
2006-01-28,481
2006-01-28,481
2006-01-29,484.5
2006-01-29,484
2006-01-30,487.5
2006-01-30,488
2006-01-31,492.5
2006-01-31,492
2006-02-01,497
2006-02-01,497.5
2006-02-02,505
2006-02-02,505
2006-02-03,512
2006-02-03,512
2006-02-04,522
2006-02-04,522.5
2006-02-05,532
2006-02-05,532
2006-02-06,535
2006-02-06,535
2006-02-07,539
2006-02-07,539
2006-02-08,542
2006-02-08,541.5
2006-02-09,545
2006-02-09,545
2006-02-10,546
2006-02-10,546.5
2006-02-11,554
2006-02-11,554.5
2006-02-12,560
2006-02-12,559.5
2006-02-13,566
2006-02-13,566
2006-02-14,572
2006-02-14,571.5
2006-02-15,574
2006-02-15,573.5
2006-02-16,579
2006-02-16,579
2006-02-17,588
2006-02-17,588.5
2006-02-18,596
2006-02-18,596
2006-02-19,600
2006-02-19,600
2006-02-20,603
2006-02-20,603
2006-02-21,608
2006-02-21,608
2006-02-22,617
2006-02-22,617
2006-02-23,622
2006-02-23,621.5
2006-02-24,622
2006-02-24,622.5
2006-02-25,626
2006-02-25,625.5
2006-02-26,629
2006-02-26,629
2006-02-27,634
2006-02-27,633.5
2006-02-28,641
2006-02-28,641
2006-03-01,645
2006-03-01,645
2006-03-02,649
2006-03-02,649
2006-03-03,656
2006-03-03,656
2006-03-04,662.5
2006-03-04,662
2006-03-05,666.5
2006-03-05,666
2006-03-06,670.5
2006-03-06,670
2006-03-07,675
2006-03-07,675
2006-03-08,678.5
2006-03-08,678
2006-03-09,682
2006-03-09,682
2006-03-10,684
2006-03-10,684
2006-03-11,688
2006-03-11,688
2006-03-12,691
2006-03-12,691
2006-03-13,695
2006-03-13,695
2006-03-14,699
2006-03-14,699
2006-03-15,702
2006-03-15,702
2006-03-16,703.5
2006-03-16,704
2006-03-17,707.5
2006-03-17,708
2006-03-18,713.5
2006-03-18,714
2006-03-19,717
2006-03-19,717
2006-03-20,718.5
2006-03-20,718
2006-03-21,720.5
2006-03-21,720
2006-03-22,724
2006-03-22,724
2006-03-23,728
2006-03-23,728
2006-03-24,731.5
2006-03-24,732
2006-03-25,736
2006-03-25,736
2006-03-26,740
2006-03-26,740
2006-03-27,742.5
2006-03-27,742
2006-03-28,744.5
2006-03-28,744
2006-03-29,747.5
2006-03-29,748
2006-03-30,750
2006-03-30,750
2006-03-31,752.5
2006-03-31,752
2006-04-01,754
2006-04-01,754
2006-04-02,757
2006-04-02,757
2006-04-03,760
2006-04-03,759.5
2006-04-04,760
2006-04-04,760.5
2006-04-05,762
2006-04-05,761.5
2006-04-06,761
2006-04-06,761
2006-04-07,760
2006-04-07,760.5
2006-04-08,762
2006-04-08,761.5
2006-04-09,762
2006-04-09,761.5
2006-04-10,764
2006-04-10,764
2006-04-11,765
2006-04-11,765
2006-04-12,766
2006-04-12,765.5
2006-04-13,766
2006-04-13,766.5
2006-04-14,768
2006-04-14,768.5
2006-04-15,774
2006-04-15,773.5
2006-04-16,778
2006-04-16,778.5
2006-04-17,782
2006-04-17,781.5
2006-04-18,784
2006-04-18,784
2006-04-19,788
2006-04-19,787.5
2006-04-20,792
2006-04-20,791.5
2006-04-21,795
2006-04-21,795
2006-04-22,798
2006-04-22,797.5
2006-04-23,799
2006-04-23,799
2006-04-24,802
2006-04-24,801.5
2006-04-25,806
2006-04-25,806
2006-04-26,809
2006-04-26,808.5
2006-04-27,810
2006-04-27,810
2006-04-28,812
2006-04-28,812
2006-04-29,820
2006-04-29,820
2006-04-30,824
2006-04-30,824.5
2006-05-01,827.5
2006-05-01,828
2006-05-02,829.5
2006-05-02,830
2006-05-03,833
2006-05-03,833
2006-05-04,835.5
2006-05-04,836
2006-05-05,839
2006-05-05,839
2006-05-06,843
2006-05-06,843
2006-05-07,845.5
2006-05-07,846
2006-05-08,849.5
2006-05-08,849
2006-05-09,854
2006-05-09,854
2006-05-10,857
2006-05-10,857
2006-05-11,860
2006-05-11,860
2006-05-12,864
2006-05-12,864
2006-05-13,868
2006-05-13,868
2006-05-14,872
2006-05-14,872
2006-05-15,875
2006-05-15,875
2006-05-16,878
2006-05-16,878
2006-05-17,881
2006-05-17,881
2006-05-18,885
2006-05-18,885
2006-05-19,887.5
2006-05-19,888
2006-05-20,889.5
2006-05-20,890
2006-05-21,891
2006-05-21,891
2006-05-22,890.5
2006-05-22,890
2006-05-23,891.5
2006-05-23,891
2006-05-24,890.5
2006-05-24,890
2006-05-25,889
2006-05-25,889
2006-05-26,888.5
2006-05-26,888
2006-05-27,889
2006-05-27,889
2006-05-28,888.5
2006-05-28,888
2006-05-29,889
2006-05-29,889
2006-05-30,889
2006-05-30,889
2006-05-31,888.5
2006-05-31,888
2006-06-01,887
2006-06-01,887
2006-06-02,888
2006-06-02,887.5
2006-06-03,886
2006-06-03,886
2006-06-04,885
2006-06-04,884.5
2006-06-05,884
2006-06-05,884
2006-06-06,883
2006-06-06,883
2006-06-07,882
2006-06-07,881.5
2006-06-08,879
2006-06-08,879
2006-06-09,876
2006-06-09,876.5
2006-06-10,874
2006-06-10,874.5
2006-06-11,874
2006-06-11,874.5
2006-06-12,872
2006-06-12,872.5
2006-06-13,870
2006-06-13,870.5
2006-06-14,868
2006-06-14,868.5
2006-06-15,866
2006-06-15,866.5
2006-06-16,865
2006-06-16,865
2006-06-17,865
2006-06-17,865.5
2006-06-18,866
2006-06-18,866
2006-06-19,865
2006-06-19,865.5
2006-06-20,865
2006-06-20,865.5
2006-06-21,864
2006-06-21,863.5
2006-06-22,861
2006-06-22,861
2006-06-23,859
2006-06-23,858.5
2006-06-24,856
2006-06-24,856.5
2006-06-25,854
2006-06-25,854.5
2006-06-26,858
2006-06-26,858
2006-06-27,846
2006-06-27,846.5
2006-06-28,846
2006-06-28,846
2006-06-29,843
2006-06-29,842.5
2006-06-30,840
2006-06-30,839.5
2006-07-01,835
2006-07-01,835
2006-07-01,836
2006-07-01,834
2006-07-02,831
2006-07-02,831
2006-07-02,832
2006-07-02,830
2006-07-03,829
2006-07-03,829
2006-07-03,829
2006-07-03,829
2006-07-04,827
2006-07-04,827
2006-07-04,828
2006-07-04,826
2006-07-05,822
2006-07-05,821.5
2006-07-05,822
2006-07-05,821
2006-07-06,817
2006-07-06,817
2006-07-06,818
2006-07-06,816
2006-07-07,812
2006-07-07,812
2006-07-07,813
2006-07-07,811
2006-07-08,807
2006-07-08,807
2006-07-08,808
2006-07-08,806
2006-07-09,802
2006-07-09,802.5
2006-07-09,803
2006-07-09,802
2006-07-10,800
2006-07-10,800
2006-07-10,801
2006-07-10,799
2006-07-11,796
2006-07-11,796.5
2006-07-11,797
2006-07-11,796
2006-07-12,792
2006-07-12,792.5
2006-07-12,793
2006-07-12,792
2006-07-13,788
2006-07-13,788
2006-07-13,789
2006-07-13,787
2006-07-14,784
2006-07-14,784.5
2006-07-14,786
2006-07-14,783
2006-07-15,782
2006-07-15,781.5
2006-07-15,782
2006-07-15,781
2006-07-16,778
2006-07-16,778.5
2006-07-16,779
2006-07-16,778
2006-07-17,775
2006-07-17,775
2006-07-17,775
2006-07-17,775
2006-07-18,770
2006-07-18,770
2006-07-18,772
2006-07-18,768
2006-07-19,764
2006-07-19,763.5
2006-07-19,764
2006-07-19,763
2006-07-20,760
2006-07-20,760
2006-07-20,761
2006-07-20,759
2006-07-21,757
2006-07-21,757
2006-07-21,759
2006-07-21,755
2006-07-22,753
2006-07-22,753
2006-07-22,754
2006-07-22,752
2006-07-23,748
2006-07-23,748
2006-07-23,749
2006-07-23,747
2006-07-24,744
2006-07-24,743.5
2006-07-24,745
2006-07-24,742
2006-07-25,738
2006-07-25,738.5
2006-07-25,739
2006-07-25,738
2006-07-26,735
2006-07-26,735
2006-07-26,736
2006-07-26,734
2006-07-27,730
2006-07-27,730.5
2006-07-27,731
2006-07-27,730
2006-07-28,727
2006-07-28,727
2006-07-28,728
2006-07-28,726
2006-07-29,719
2006-07-29,719
2006-07-29,720
2006-07-29,718
2006-07-30,712
2006-07-30,712
2006-07-30,712
2006-07-30,712
2006-07-31,710
2006-07-31,709.5
2006-07-31,710
2006-07-31,709
2006-08-01,705
2006-08-01,705
2006-08-01,707
2006-08-01,703
2006-08-02,697
2006-08-02,697
2006-08-02,699
2006-08-02,695
2006-08-03,690
2006-08-03,690.5
2006-08-03,692
2006-08-03,689
2006-08-04,682
2006-08-04,682.5
2006-08-04,685
2006-08-04,680
2006-08-05,676
2006-08-05,676.5
2006-08-05,678
2006-08-05,675
2006-08-06,670
2006-08-06,670.5
2006-08-06,673
2006-08-06,668
2006-08-07,664
2006-08-07,664
2006-08-07,666
2006-08-07,662
2006-08-08,658
2006-08-08,658
2006-08-08,660
2006-08-08,656
2006-08-09,652
2006-08-09,652.5
2006-08-09,654
2006-08-09,651
2006-08-10,647
2006-08-10,647
2006-08-10,649
2006-08-10,645
2006-08-11,642
2006-08-11,641.5
2006-08-11,643
2006-08-11,640
2006-08-12,636
2006-08-12,635.5
2006-08-12,637
2006-08-12,634
2006-08-13,630
2006-08-13,630.5
2006-08-13,632
2006-08-13,629
2006-08-14,626
2006-08-14,626
2006-08-14,627
2006-08-14,625
2006-08-15,622
2006-08-15,622
2006-08-15,623
2006-08-15,621
2006-08-16,616
2006-08-16,616
2006-08-16,618
2006-08-16,614
2006-08-17,610
2006-08-17,610.5
2006-08-17,612
2006-08-17,609
2006-08-18,604
2006-08-18,603.5
2006-08-18,606
2006-08-18,601
2006-08-19,596
2006-08-19,595.5
2006-08-19,597
2006-08-19,594
2006-08-20,586
2006-08-20,586
2006-08-20,588
2006-08-20,584
2006-08-21,580
2006-08-21,580
2006-08-21,582
2006-08-21,578
2006-08-22,574
2006-08-22,573.5
2006-08-22,575
2006-08-22,572
2006-08-23,567
2006-08-23,567
2006-08-23,569
2006-08-23,565
2006-08-24,558
2006-08-24,558
2006-08-24,560
2006-08-24,556
2006-08-25,551
2006-08-25,551
2006-08-25,552
2006-08-25,550
2006-08-26,544
2006-08-26,543.5
2006-08-26,545
2006-08-26,542
2006-08-27,538
2006-08-27,537.5
2006-08-27,540
2006-08-27,535
2006-08-28,530
2006-08-28,529.5
2006-08-28,531
2006-08-28,528
2006-08-29,521
2006-08-29,521
2006-08-29,523
2006-08-29,519
2006-08-30,513
2006-08-30,513
2006-08-30,515
2006-08-30,511
2006-08-31,504
2006-08-31,503.5
2006-08-31,506
2006-08-31,501
2006-09-01,492
2006-09-01,492
2006-09-01,494
2006-09-01,490
2006-09-02,482
2006-09-02,481.5
2006-09-02,484
2006-09-02,479
2006-09-03,470
2006-09-03,470.5
2006-09-03,473
2006-09-03,468
2006-09-04,457
2006-09-04,457
2006-09-04,461
2006-09-04,453
2006-09-05,446
2006-09-05,446
2006-09-05,448
2006-09-05,444
2006-09-06,440
2006-09-06,440
2006-09-06,442
2006-09-06,438
2006-09-07,434
2006-09-07,434
2006-09-07,436
2006-09-07,432
2006-09-08,426
2006-09-08,426.5
2006-09-08,428
2006-09-08,425
2006-09-09,421
2006-09-09,421
2006-09-09,422
2006-09-09,420
2006-09-10,414
2006-09-10,414
2006-09-10,416
2006-09-10,412
2006-09-11,407
2006-09-11,406.5
2006-09-11,409
2006-09-11,404
2006-09-12,398
2006-09-12,397.5
2006-09-12,399
2006-09-12,396
2006-09-13,390
2006-09-13,389.5
2006-09-13,392
2006-09-13,387
2006-09-14,380
2006-09-14,380.5
2006-09-14,382
2006-09-14,379
2006-09-15,372
2006-09-15,372.5
2006-09-15,375
2006-09-15,370
2006-09-16,364
2006-09-16,364
2006-09-16,366
2006-09-16,362
2006-09-17,354
2006-09-17,354
2006-09-17,357
2006-09-17,351
2006-09-18,342
2006-09-18,341.5
2006-09-18,344
2006-09-18,339
2006-09-19,332
2006-09-19,332.5
2006-09-19,335
2006-09-19,330
2006-09-20,323
2006-09-20,323
2006-09-20,326
2006-09-20,320
2006-09-21,313
2006-09-21,313
2006-09-21,315
2006-09-21,311
2006-09-22,304
2006-09-22,304.5
2006-09-22,307
2006-09-22,302
2006-09-23,294
2006-09-23,294.5
2006-09-23,297
2006-09-23,292
2006-09-24,284
2006-09-24,284.5
2006-09-24,287
2006-09-24,282
2006-09-25,277
2006-09-25,277
2006-09-25,280
2006-09-25,274
2006-09-26,266
2006-09-26,266
2006-09-26,268
2006-09-26,264
2006-09-27,257
2006-09-27,257
2006-09-27,260
2006-09-27,254
2006-09-28,248
2006-09-28,247.5
2006-09-28,250
2006-09-28,245
2006-09-29,240
2006-09-29,240
2006-09-29,242
2006-09-29,238
2006-09-30,231
2006-09-30,231
2006-09-30,236
2006-09-30,226
2006-10-01,218
2006-10-01,218.5
2006-10-01,220
2006-10-01,217
2006-10-02,208
2006-10-02,208.5
2006-10-02,211
2006-10-02,206
2006-10-03,198
2006-10-03,198.5
2006-10-03,200
2006-10-03,197
2006-10-04,192
2006-10-04,192
2006-10-04,194
2006-10-04,190
2006-10-05,185
2006-10-05,185
2006-10-05,186
2006-10-05,184
2006-10-06,183
2006-10-06,183
2006-10-06,183
2006-10-06,183
2006-10-07,180
2006-10-07,180
2006-10-07,182
2006-10-07,178
2006-10-08,174
2006-10-08,174
2006-10-08,176
2006-10-08,172
2006-10-09,174
2006-10-09,174.5
2006-10-09,175
2006-10-09,174
2006-10-10,166
2006-10-10,166
2006-10-10,168
2006-10-10,164
2006-10-11,160
2006-10-11,160
2006-10-11,162
2006-10-11,158
2006-10-12,152
2006-10-12,152.5
2006-10-12,155
2006-10-12,150
2006-10-13,146
2006-10-13,146
2006-10-13,150
2006-10-13,142
2006-10-14,136
2006-10-14,135.5
2006-10-14,138
2006-10-14,133
2006-10-15,126
2006-10-15,126
2006-10-15,128
2006-10-15,124
2006-10-16,119
2006-10-16,119
2006-10-16,120
2006-10-16,118
2006-10-17,115
2006-10-17,115
2006-10-17,116
2006-10-17,114
2006-10-18,111
2006-10-18,111
2006-10-18,112
2006-10-18,110
2006-10-19,106
2006-10-19,106.5
2006-10-19,108
2006-10-19,105
2006-10-20,105
2006-10-20,105
2006-10-20,105
2006-10-20,105
2006-10-21,104
2006-10-21,104
2006-10-21,104
2006-10-21,104
2006-10-22,102
2006-10-22,102.5
2006-10-22,103
2006-10-22,102
2006-10-23,101
2006-10-23,101.5
2006-10-23,102
2006-10-23,101
2006-10-24,98
2006-10-24,98.5
2006-10-24,99
2006-10-24,98
2006-10-25,98
2006-10-25,98
2006-10-25,98
2006-10-25,98
2006-10-26,95
2006-10-26,95
2006-10-26,96
2006-10-26,94
2006-10-27,91
2006-10-27,91
2006-10-27,92
2006-10-27,90
2006-10-28,88
2006-10-28,88
2006-10-28,90
2006-10-28,86
2006-10-29,82
2006-10-29,82
2006-10-29,84
2006-10-29,80
2006-10-30,80
2006-10-30,80.5
2006-10-30,82
2006-10-30,79
2006-10-31,80
2006-10-31,80.5
2006-10-31,80
2006-10-31,81
2006-11-01,80
2006-11-01,80.5
2006-11-01,80
2006-11-01,81
2006-11-02,90
2006-11-02,90.5
2006-11-02,88
2006-11-02,93
2006-11-03,97
2006-11-03,97
2006-11-03,94
2006-11-03,100
2006-11-04,101
2006-11-04,101.5
2006-11-04,100
2006-11-04,103
2006-11-05,106
2006-11-05,106.5
2006-11-05,105
2006-11-05,108
2006-11-06,108
2006-11-06,107.5
2006-11-06,111
2006-11-06,104
2006-11-07,116
2006-11-07,116
2006-11-07,116
2006-11-07,116
2006-11-08,119
2006-11-08,119
2006-11-08,120
2006-11-08,118
2006-11-09,120
2006-11-09,120.5
2006-11-09,121
2006-11-09,120
2006-11-10,118
2006-11-10,117.5
2006-11-10,119
2006-11-10,116
2006-11-11,115
2006-11-11,115
2006-11-11,116
2006-11-11,114
2006-11-12,111
2006-11-12,111
2006-11-12,112
2006-11-12,110
2006-11-13,107
2006-11-13,107
2006-11-13,107
2006-11-13,107
2006-11-14,108
2006-11-14,107.5
2006-11-14,107
2006-11-14,108
2006-11-15,108
2006-11-15,107.5
2006-11-15,107
2006-11-15,108
2006-11-16,108
2006-11-16,108
2006-11-16,108
2006-11-16,108
2006-11-17,112
2006-11-17,111.5
2006-11-17,110
2006-11-17,113
2006-11-18,118
2006-11-18,118
2006-11-18,117
2006-11-18,119
2006-11-19,124
2006-11-19,124
2006-11-19,123
2006-11-19,125
2006-11-20,130
2006-11-20,130
2006-11-20,128
2006-11-20,132
2006-11-21,138
2006-11-21,137.5
2006-11-21,136
2006-11-21,139
2006-11-22,142
2006-11-22,142.5
2006-11-22,141
2006-11-22,144
2006-11-23,150
2006-11-23,149.5
2006-11-23,150
2006-11-23,149
2006-11-24,154
2006-11-24,153.5
2006-11-24,154
2006-11-24,153
2006-11-25,161
2006-11-25,161
2006-11-25,160
2006-11-25,162
2006-11-26,165
2006-11-26,165
2006-11-26,164
2006-11-26,166
2006-11-27,169
2006-11-27,169
2006-11-27,168
2006-11-27,170
2006-11-28,174
2006-11-28,173.5
2006-11-28,173
2006-11-28,174
2006-11-29,177
2006-11-29,177
2006-11-29,176
2006-11-29,178
2006-11-30,182
2006-11-30,182
2006-11-30,180
2006-11-30,184
2006-12-01,187
2006-12-01,187
2006-12-01,186
2006-12-01,188
2006-12-02,194
2006-12-02,194.5
2006-12-02,193
2006-12-02,196
2006-12-03,199
2006-12-03,199
2006-12-03,198
2006-12-03,200
2006-12-04,203
2006-12-04,203
2006-12-04,202
2006-12-04,204
2006-12-05,212
2006-12-05,211.5
2006-12-05,210
2006-12-05,213
2006-12-06,217
2006-12-06,217.5
2006-12-06,216
2006-12-06,219
2006-12-07,221
2006-12-07,221
2006-12-07,220
2006-12-07,222
2006-12-08,226
2006-12-08,225.5
2006-12-08,224
2006-12-08,227
2006-12-09,231
2006-12-09,231
2006-12-09,230
2006-12-09,232
2006-12-10,234
2006-12-10,233.5
2006-12-10,233
2006-12-10,234
2006-12-11,236
2006-12-11,235.5
2006-12-11,235
2006-12-11,236
2006-12-12,237
2006-12-12,237
2006-12-12,236
2006-12-12,238
2006-12-13,241
2006-12-13,241
2006-12-13,240
2006-12-13,242
2006-12-14,245
2006-12-14,245
2006-12-14,244
2006-12-14,246
2006-12-15,247
2006-12-15,247
2006-12-15,246
2006-12-15,248
2006-12-16,251
2006-12-16,251
2006-12-16,250
2006-12-16,252
2006-12-17,256
2006-12-17,256
2006-12-17,255
2006-12-17,257
2006-12-18,261
2006-12-18,261
2006-12-18,260
2006-12-18,262
2006-12-19,267
2006-12-19,267
2006-12-19,265
2006-12-19,269
2006-12-20,275
2006-12-20,275
2006-12-20,273
2006-12-20,277
2006-12-21,282
2006-12-21,282.5
2006-12-21,280
2006-12-21,285
2006-12-22,292
2006-12-22,292.5
2006-12-22,291
2006-12-22,294
2006-12-23,300
2006-12-23,299.5
2006-12-23,298
2006-12-23,301
2006-12-24,307
2006-12-24,307
2006-12-24,306
2006-12-24,308
2006-12-25,311
2006-12-25,311
2006-12-25,310
2006-12-25,312
2006-12-26,317
2006-12-26,317
2006-12-26,315
2006-12-26,319
2006-12-27,320
2006-12-27,320.5
2006-12-27,320
2006-12-27,321
2006-12-28,323
2006-12-28,323
2006-12-28,322
2006-12-28,324
2006-12-29,328
2006-12-29,328.5
2006-12-29,327
2006-12-29,330
2006-12-30,330
2006-12-30,330.5
2006-12-30,330
2006-12-30,331
2006-12-31,333
2006-12-31,333
2006-12-31,333
2006-12-31,333
2007-01-01,336
2007-01-01,336
2007-01-01,336
2007-01-01,336
2007-01-02,339.5
2007-01-02,340
2007-01-02,339
2007-01-02,340
2007-01-03,345
2007-01-03,345
2007-01-03,344
2007-01-03,346
2007-01-04,347.5
2007-01-04,348
2007-01-04,347
2007-01-04,348
2007-01-05,358
2007-01-05,358
2007-01-05,351
2007-01-05,365
2007-01-06,356.5
2007-01-06,356
2007-01-06,355
2007-01-06,358
2007-01-07,361
2007-01-07,361
2007-01-07,360
2007-01-07,362
2007-01-08,363
2007-01-08,363
2007-01-08,365
2007-01-08,361
2007-01-09,369.5
2007-01-09,370
2007-01-09,369
2007-01-09,370
2007-01-10,375
2007-01-10,375
2007-01-10,373
2007-01-10,377
2007-01-11,379.5
2007-01-11,380
2007-01-11,379
2007-01-11,380
2007-01-12,384
2007-01-12,384
2007-01-12,383
2007-01-12,385
2007-01-13,381
2007-01-13,381
2007-01-13,381
2007-01-13,381
2007-01-14,392
2007-01-14,392
2007-01-14,391
2007-01-14,393
2007-01-15,396.5
2007-01-15,396
2007-01-15,395
2007-01-15,398
2007-01-16,403.5
2007-01-16,404
2007-01-16,402
2007-01-16,405
2007-01-17,411.5
2007-01-17,412
2007-01-17,410
2007-01-17,413
2007-01-18,417.5
2007-01-18,418
2007-01-18,416
2007-01-18,419
2007-01-19,421
2007-01-19,421
2007-01-19,420
2007-01-19,422
2007-01-20,422.5
2007-01-20,422
2007-01-20,422
2007-01-20,423
2007-01-21,428
2007-01-21,428
2007-01-21,427
2007-01-21,429
2007-01-22,433
2007-01-22,433
2007-01-22,432
2007-01-22,434
2007-01-23,438.5
2007-01-23,438
2007-01-23,438
2007-01-23,439
2007-01-24,443
2007-01-24,443
2007-01-24,442
2007-01-24,444
2007-01-25,448
2007-01-25,448
2007-01-25,447
2007-01-25,449
2007-01-26,452.5
2007-01-26,453
2007-01-26,452
2007-01-26,453
2007-01-27,456.5
2007-01-27,457
2007-01-27,456
2007-01-27,457
2007-01-28,459.5
2007-01-28,460
2007-01-28,459
2007-01-28,460
2007-01-29,461.5
2007-01-29,462
2007-01-29,461
2007-01-29,462
2007-01-30,463.5
2007-01-30,464
2007-01-30,463
2007-01-30,464
2007-01-31,465
2007-01-31,465
2007-01-31,465
2007-01-31,465
2007-02-01,468
2007-02-01,468
2007-02-01,467
2007-02-01,469
2007-02-02,472
2007-02-02,472
2007-02-02,471
2007-02-02,473
2007-02-03,475.5
2007-02-03,476
2007-02-03,475
2007-02-03,476
2007-02-04,479.5
2007-02-04,480
2007-02-04,479
2007-02-04,480
2007-02-05,483
2007-02-05,483
2007-02-05,482
2007-02-05,484
2007-02-06,485.5
2007-02-06,486
2007-02-06,485
2007-02-06,486
2007-02-07,490
2007-02-07,490
2007-02-07,489
2007-02-07,491
2007-02-08,494
2007-02-08,494
2007-02-08,493
2007-02-08,495
2007-02-09,497
2007-02-09,497
2007-02-09,497
2007-02-09,497
2007-02-10,500
2007-02-10,500
2007-02-10,498
2007-02-10,502
2007-02-11,504.5
2007-02-11,504
2007-02-11,504
2007-02-11,505
2007-02-12,505.5
2007-02-12,506
2007-02-12,505
2007-02-12,506
2007-02-13,507.5
2007-02-13,508
2007-02-13,507
2007-02-13,508
2007-02-14,509.5
2007-02-14,510
2007-02-14,509
2007-02-14,510
2007-02-15,512.5
2007-02-15,512
2007-02-15,512
2007-02-15,513
2007-02-16,514.5
2007-02-16,514
2007-02-16,514
2007-02-16,515
2007-02-17,517.5
2007-02-17,518
2007-02-17,517
2007-02-17,518
2007-02-18,519.5
2007-02-18,520
2007-02-18,519
2007-02-18,520
2007-02-19,522.5
2007-02-19,522
2007-02-19,522
2007-02-19,523
2007-02-20,525.5
2007-02-20,526
2007-02-20,525
2007-02-20,526
2007-02-21,527.5
2007-02-21,528
2007-02-21,527
2007-02-21,528
2007-02-22,529.5
2007-02-22,530
2007-02-22,529
2007-02-22,530
2007-02-23,532.5
2007-02-23,532
2007-02-23,532
2007-02-23,533
2007-02-24,535.5
2007-02-24,536
2007-02-24,535
2007-02-24,536
2007-02-25,537.5
2007-02-25,538
2007-02-25,537
2007-02-25,538
2007-02-26,538.5
2007-02-26,538
2007-02-26,538
2007-02-26,539
2007-02-27,541
2007-02-27,541
2007-02-27,540
2007-02-27,542
2007-02-28,544.5
2007-02-28,544
2007-02-28,544
2007-02-28,545
2007-03-01,546.5
2007-03-01,546
2007-03-01,546
2007-03-01,547
2007-03-02,548.5
2007-03-02,548
2007-03-02,548
2007-03-02,549
2007-03-03,551.5
2007-03-03,552
2007-03-03,551
2007-03-03,552
2007-03-04,555
2007-03-04,555
2007-03-04,554
2007-03-04,556
2007-03-05,558.5
2007-03-05,558
2007-03-05,558
2007-03-05,559
2007-03-06,561
2007-03-06,561
2007-03-06,560
2007-03-06,562
2007-03-07,565
2007-03-07,565
2007-03-07,564
2007-03-07,566
2007-03-08,567.5
2007-03-08,568
2007-03-08,567
2007-03-08,568
2007-03-09,571
2007-03-09,571
2007-03-09,570
2007-03-09,572
2007-03-10,575.5
2007-03-10,576
2007-03-10,575
2007-03-10,576
2007-03-11,577.5
2007-03-11,578
2007-03-11,577
2007-03-11,578
2007-03-12,578.5
2007-03-12,578
2007-03-12,578
2007-03-12,579
2007-03-13,580.5
2007-03-13,580
2007-03-13,580
2007-03-13,581
2007-03-14,581.5
2007-03-14,582
2007-03-14,581
2007-03-14,582
2007-03-15,582.5
2007-03-15,582
2007-03-15,582
2007-03-15,583
2007-03-16,584
2007-03-16,584
2007-03-16,584
2007-03-16,584
2007-03-17,584.5
2007-03-17,584
2007-03-17,584
2007-03-17,585
2007-03-18,588
2007-03-18,588
2007-03-18,587
2007-03-18,589
2007-03-19,592.5
2007-03-19,592
2007-03-19,590
2007-03-19,595
2007-03-20,595.5
2007-03-20,596
2007-03-20,595
2007-03-20,596
2007-03-21,597
2007-03-21,597
2007-03-21,597
2007-03-21,597
2007-03-22,598
2007-03-22,598
2007-03-22,598
2007-03-22,598
2007-03-23,599
2007-03-23,599
2007-03-23,599
2007-03-23,599
2007-03-24,599
2007-03-24,599
2007-03-24,599
2007-03-24,599
2007-03-25,600.5
2007-03-25,600
2007-03-25,600
2007-03-25,601
2007-03-26,601.5
2007-03-26,602
2007-03-26,601
2007-03-26,602
2007-03-27,603.5
2007-03-27,604
2007-03-27,603
2007-03-27,604
2007-03-28,604
2007-03-28,604
2007-03-28,604
2007-03-28,604
2007-03-29,607.5
2007-03-29,608
2007-03-29,606
2007-03-29,609
2007-03-30,610.5
2007-03-30,610
2007-03-30,610
2007-03-30,611
2007-03-31,612.5
2007-03-31,612
2007-03-31,612
2007-03-31,613
2007-04-01,617
2007-04-01,617
2007-04-01,616
2007-04-01,618
2007-04-02,621
2007-04-02,621
2007-04-02,620
2007-04-02,622
2007-04-03,625
2007-04-03,625
2007-04-03,624
2007-04-03,626
2007-04-04,629.5
2007-04-04,630
2007-04-04,628
2007-04-04,631
2007-04-05,634
2007-04-05,634
2007-04-05,633
2007-04-05,635
2007-04-06,636.5
2007-04-06,636
2007-04-06,636
2007-04-06,637
2007-04-07,639.5
2007-04-07,640
2007-04-07,639
2007-04-07,640
2007-04-08,642.5
2007-04-08,642
2007-04-08,642
2007-04-08,643
2007-04-09,646
2007-04-09,646
2007-04-09,645
2007-04-09,647
2007-04-10,652
2007-04-10,652
2007-04-10,651
2007-04-10,653
2007-04-11,656
2007-04-11,656
2007-04-11,655
2007-04-11,657
2007-04-12,659
2007-04-12,659
2007-04-12,658
2007-04-12,660
2007-04-13,663
2007-04-13,663
2007-04-13,663
2007-04-13,663
2007-04-14,662.5
2007-04-14,662
2007-04-14,663
2007-04-14,662
2007-04-15,662
2007-04-15,662
2007-04-15,662
2007-04-15,662
2007-04-16,661.5
2007-04-16,662
2007-04-16,661
2007-04-16,662
2007-04-17,664.5
2007-04-17,664
2007-04-17,663
2007-04-17,666
2007-04-18,667.5
2007-04-18,668
2007-04-18,667
2007-04-18,668
2007-04-19,668.5
2007-04-19,668
2007-04-19,668
2007-04-19,669
2007-04-20,674.5
2007-04-20,674
2007-04-20,673
2007-04-20,676
2007-04-21,678
2007-04-21,678
2007-04-21,678
2007-04-21,678
2007-04-22,687.5
2007-04-22,688
2007-04-22,685
2007-04-22,690
2007-04-23,696
2007-04-23,696
2007-04-23,694
2007-04-23,698
2007-04-24,699.5
2007-04-24,700
2007-04-24,699
2007-04-24,700
2007-04-25,705
2007-04-25,705
2007-04-25,704
2007-04-25,706
2007-04-26,709.5
2007-04-26,710
2007-04-26,708
2007-04-26,711
2007-04-27,718
2007-04-27,718
2007-04-27,716
2007-04-27,720
2007-04-28,723.5
2007-04-28,724
2007-04-28,722
2007-04-28,725
2007-04-29,726.5
2007-04-29,726
2007-04-29,726
2007-04-29,727
2007-04-30,730
2007-04-30,730
2007-04-30,729
2007-04-30,731
2007-05-01,733
2007-05-01,733
2007-05-01,732
2007-05-01,734
2007-05-02,735.5
2007-05-02,736
2007-05-02,735
2007-05-02,736
2007-05-03,738.5
2007-05-03,738
2007-05-03,738
2007-05-03,739
2007-05-04,740.5
2007-05-04,740
2007-05-04,740
2007-05-04,741
2007-05-05,742
2007-05-05,742
2007-05-05,742
2007-05-05,742
2007-05-06,744.5
2007-05-06,744
2007-05-06,744
2007-05-06,745
2007-05-07,747
2007-05-07,747
2007-05-07,746
2007-05-07,748
2007-05-08,751
2007-05-08,751
2007-05-08,750
2007-05-08,752
2007-05-09,753.5
2007-05-09,754
2007-05-09,753
2007-05-09,754
2007-05-10,758.5
2007-05-10,758
2007-05-10,757
2007-05-10,760
2007-05-11,764
2007-05-11,764
2007-05-11,763
2007-05-11,765
2007-05-12,768.5
2007-05-12,768
2007-05-12,768
2007-05-12,769
2007-05-13,771
2007-05-13,771
2007-05-13,770
2007-05-13,772
2007-05-14,774
2007-05-14,774
2007-05-14,773
2007-05-14,775
2007-05-15,777.5
2007-05-15,778
2007-05-15,777
2007-05-15,778
2007-05-16,781.5
2007-05-16,782
2007-05-16,781
2007-05-16,782
2007-05-17,784.5
2007-05-17,784
2007-05-17,784
2007-05-17,785
2007-05-18,787.5
2007-05-18,788
2007-05-18,787
2007-05-18,788
2007-05-19,789.5
2007-05-19,790
2007-05-19,789
2007-05-19,790
2007-05-20,792.5
2007-05-20,792
2007-05-20,792
2007-05-20,793
2007-05-21,794.5
2007-05-21,794
2007-05-21,794
2007-05-21,795
2007-05-22,795
2007-05-22,795
2007-05-22,795
2007-05-22,795
2007-05-23,795
2007-05-23,795
2007-05-23,795
2007-05-23,795
2007-05-24,796
2007-05-24,796
2007-05-24,796
2007-05-24,796
2007-05-25,797.5
2007-05-25,798
2007-05-25,797
2007-05-25,798
2007-05-26,801.5
2007-05-26,802
2007-05-26,800
2007-05-26,803
2007-05-27,803.5
2007-05-27,804
2007-05-27,803
2007-05-27,804
2007-05-28,805.5
2007-05-28,806
2007-05-28,805
2007-05-28,806
2007-05-29,807.5
2007-05-29,807
2007-05-29,807
2007-05-29,808
2007-05-30,810.5
2007-05-30,810
2007-05-30,810
2007-05-30,811
2007-05-31,811
2007-05-31,811
2007-05-31,811
2007-05-31,811
2007-06-01,812
2007-06-01,812
2007-06-01,812
2007-06-01,812
2007-06-02,813
2007-06-02,813
2007-06-02,813
2007-06-02,813
2007-06-03,813
2007-06-03,813
2007-06-03,813
2007-06-03,813
2007-06-04,814
2007-06-04,814
2007-06-04,814
2007-06-04,814
2007-06-05,813.5
2007-06-05,814
2007-06-05,814
2007-06-05,813
2007-06-06,813
2007-06-06,813
2007-06-06,813
2007-06-06,813
2007-06-07,813
2007-06-07,813
2007-06-07,813
2007-06-07,813
2007-06-08,813
2007-06-08,813
2007-06-08,813
2007-06-08,813
2007-06-09,813
2007-06-09,813
2007-06-09,813
2007-06-09,813
2007-06-10,812
2007-06-10,812
2007-06-10,812
2007-06-10,812
2007-06-11,811.5
2007-06-11,812
2007-06-11,811
2007-06-11,812
2007-06-12,810
2007-06-12,810
2007-06-12,811
2007-06-12,809
2007-06-13,809.5
2007-06-13,810
2007-06-13,810
2007-06-13,809
2007-06-14,808
2007-06-14,808
2007-06-14,808
2007-06-14,808
2007-06-15,807
2007-06-15,807
2007-06-15,807
2007-06-15,807
2007-06-16,806
2007-06-16,806
2007-06-16,806
2007-06-16,806
2007-06-17,804.5
2007-06-17,804
2007-06-17,805
2007-06-17,804
2007-06-18,804
2007-06-18,804
2007-06-18,804
2007-06-18,804
2007-06-19,803.5
2007-06-19,804
2007-06-19,803
2007-06-19,804
2007-06-20,803
2007-06-20,803
2007-06-20,803
2007-06-20,803
2007-06-21,801.5
2007-06-21,802
2007-06-21,802
2007-06-21,801
2007-06-22,802.5
2007-06-22,802
2007-06-22,806
2007-06-22,799
2007-06-23,796.5
2007-06-23,796
2007-06-23,797
2007-06-23,796
2007-06-24,794.5
2007-06-24,794
2007-06-24,795
2007-06-24,794
2007-06-25,792.5
2007-06-25,792
2007-06-25,793
2007-06-25,792
2007-06-26,789
2007-06-26,789
2007-06-26,790
2007-06-26,788
2007-06-27,786
2007-06-27,786
2007-06-27,787
2007-06-27,785
2007-06-28,782.5
2007-06-28,782
2007-06-28,783
2007-06-28,782
2007-06-29,780
2007-06-29,780
2007-06-29,780
2007-06-29,780
2007-06-30,777.5
2007-06-30,778
2007-06-30,778
2007-06-30,777
2007-07-01,775.5
2007-07-01,776
2007-07-01,776
2007-07-01,775
2007-07-02,773.5
2007-07-02,774
2007-07-02,774
2007-07-02,773
2007-07-03,771.5
2007-07-03,772
2007-07-03,772
2007-07-03,771
2007-07-04,769.5
2007-07-04,770
2007-07-04,770
2007-07-04,769
2007-07-05,766.5
2007-07-05,766
2007-07-05,767
2007-07-05,766
2007-07-06,764.5
2007-07-06,764
2007-07-06,765
2007-07-06,764
2007-07-07,761
2007-07-07,761
2007-07-07,762
2007-07-07,760
2007-07-08,757.5
2007-07-08,758
2007-07-08,758
2007-07-08,757
2007-07-09,755
2007-07-09,755
2007-07-09,756
2007-07-09,754
2007-07-10,754
2007-07-10,754
2007-07-10,754
2007-07-10,754
2007-07-11,752.5
2007-07-11,752
2007-07-11,753
2007-07-11,752
2007-07-12,749.5
2007-07-12,750
2007-07-12,750
2007-07-12,749
2007-07-13,746.5
2007-07-13,746
2007-07-13,747
2007-07-13,746
2007-07-14,744
2007-07-14,744
2007-07-14,745
2007-07-14,743
2007-07-15,741
2007-07-15,741
2007-07-15,742
2007-07-15,740
2007-07-16,739
2007-07-16,739
2007-07-16,739
2007-07-16,739
2007-07-17,736.5
2007-07-17,736
2007-07-17,737
2007-07-17,736
2007-07-18,734.5
2007-07-18,734
2007-07-18,735
2007-07-18,734
2007-07-19,731
2007-07-19,731
2007-07-19,732
2007-07-19,730
2007-07-20,728.5
2007-07-20,728
2007-07-20,729
2007-07-20,728
2007-07-21,725
2007-07-21,725
2007-07-21,726
2007-07-21,724
2007-07-22,722.5
2007-07-22,722
2007-07-22,723
2007-07-22,722
2007-07-23,719
2007-07-23,719
2007-07-23,720
2007-07-23,718
2007-07-24,715
2007-07-24,715
2007-07-24,716
2007-07-24,714
2007-07-25,711
2007-07-25,711
2007-07-25,712
2007-07-25,710
2007-07-26,707
2007-07-26,707
2007-07-26,708
2007-07-26,706
2007-07-27,703
2007-07-27,703
2007-07-27,704
2007-07-27,702
2007-07-28,699
2007-07-28,699
2007-07-28,700
2007-07-28,698
2007-07-29,695
2007-07-29,695
2007-07-29,696
2007-07-29,694
2007-07-30,691
2007-07-30,691
2007-07-30,692
2007-07-30,690
2007-07-31,688.5
2007-07-31,688
2007-07-31,689
2007-07-31,688
2007-08-01,685
2007-08-01,685
2007-08-01,686
2007-08-01,684
2007-08-02,681
2007-08-02,681
2007-08-02,682
2007-08-02,680
2007-08-03,679
2007-08-03,679
2007-08-03,679
2007-08-03,678
2007-08-04,677
2007-08-04,677
2007-08-04,677
2007-08-04,676
2007-08-05,676
2007-08-05,676
2007-08-05,676
2007-08-05,675
2007-08-06,673
2007-08-06,673
2007-08-06,673
2007-08-06,672
2007-08-07,669
2007-08-07,669
2007-08-07,670
2007-08-07,668
2007-08-08,665
2007-08-08,665
2007-08-08,666
2007-08-08,664
2007-08-09,663
2007-08-09,663
2007-08-09,663
2007-08-09,662
2007-08-10,657
2007-08-10,657
2007-08-10,658
2007-08-10,656
2007-08-11,654
2007-08-11,654
2007-08-11,654
2007-08-11,653
2007-08-12,650
2007-08-12,650
2007-08-12,651
2007-08-12,648
2007-08-13,647
2007-08-13,647
2007-08-13,647
2007-08-13,646
2007-08-14,645
2007-08-14,645
2007-08-14,645
2007-08-14,644
2007-08-15,641
2007-08-15,641
2007-08-15,642
2007-08-15,640
2007-08-16,639
2007-08-16,639
2007-08-16,639
2007-08-16,638
2007-08-17,630
2007-08-17,630
2007-08-17,630
2007-08-17,630
2007-08-18,626
2007-08-18,626
2007-08-18,628
2007-08-18,624
2007-08-19,619
2007-08-19,619
2007-08-19,620
2007-08-19,618
2007-08-20,616
2007-08-20,616
2007-08-20,616
2007-08-20,615
2007-08-21,609
2007-08-21,609
2007-08-21,610
2007-08-21,607
2007-08-22,603
2007-08-22,603
2007-08-22,605
2007-08-22,600
2007-08-23,597
2007-08-23,597
2007-08-23,598
2007-08-23,595
2007-08-24,592
2007-08-24,592
2007-08-24,593
2007-08-24,590
2007-08-25,586
2007-08-25,586
2007-08-25,587
2007-08-25,585
2007-08-26,581
2007-08-26,581
2007-08-26,582
2007-08-26,580
2007-08-27,576
2007-08-27,576
2007-08-27,578
2007-08-27,574
2007-08-28,569
2007-08-28,569
2007-08-28,570
2007-08-28,568
2007-08-29,563
2007-08-29,563
2007-08-29,565
2007-08-29,560
2007-08-30,558
2007-08-30,558
2007-08-30,559
2007-08-30,557
2007-08-31,551
2007-08-31,551
2007-08-31,552
2007-08-31,550
2007-09-01,543.5
2007-09-01,544
2007-09-01,546
2007-09-01,541
2007-09-02,535.5
2007-09-02,536
2007-09-02,537
2007-09-02,534
2007-09-03,528
2007-09-03,528
2007-09-03,530
2007-09-03,526
2007-09-04,519.5
2007-09-04,520
2007-09-04,522
2007-09-04,517
2007-09-05,509.5
2007-09-05,510
2007-09-05,512
2007-09-05,507
2007-09-06,500.5
2007-09-06,500
2007-09-06,503
2007-09-06,498
2007-09-07,491
2007-09-07,491
2007-09-07,493
2007-09-07,489
2007-09-08,481
2007-09-08,481
2007-09-08,484
2007-09-08,478
2007-09-09,471
2007-09-09,471
2007-09-09,473
2007-09-09,469
2007-09-10,461
2007-09-10,461
2007-09-10,464
2007-09-10,458
2007-09-11,451
2007-09-11,451
2007-09-11,453
2007-09-11,449
2007-09-12,442
2007-09-12,442
2007-09-12,445
2007-09-12,439
2007-09-13,432
2007-09-13,432
2007-09-13,435
2007-09-13,429
2007-09-14,421.5
2007-09-14,422
2007-09-14,424
2007-09-14,419
2007-09-15,412
2007-09-15,412
2007-09-15,415
2007-09-15,409
2007-09-16,402
2007-09-16,402
2007-09-16,404
2007-09-16,400
2007-09-17,390
2007-09-17,390
2007-09-17,394
2007-09-17,386
2007-09-18,379.5
2007-09-18,380
2007-09-18,382
2007-09-18,377
2007-09-19,367
2007-09-19,367
2007-09-19,370
2007-09-19,364
2007-09-20,355
2007-09-20,355
2007-09-20,358
2007-09-20,352
2007-09-21,342
2007-09-21,342
2007-09-21,345
2007-09-21,339
2007-09-22,330
2007-09-22,330
2007-09-22,332
2007-09-22,328
2007-09-23,317.5
2007-09-23,318
2007-09-23,320
2007-09-23,315
2007-09-24,307
2007-09-24,307
2007-09-24,310
2007-09-24,304
2007-09-25,297.5
2007-09-25,298
2007-09-25,300
2007-09-25,295
2007-09-26,290
2007-09-26,290
2007-09-26,292
2007-09-26,288
2007-09-27,284
2007-09-27,284
2007-09-27,286
2007-09-27,282
2007-09-28,277.5
2007-09-28,278
2007-09-28,279
2007-09-28,276
2007-09-29,271.5
2007-09-29,272
2007-09-29,273
2007-09-29,270
2007-09-30,266.5
2007-09-30,266
2007-09-30,268
2007-09-30,265
2007-10-01,258.5
2007-10-01,258
2007-10-01,261
2007-10-01,256
2007-10-02,251
2007-10-02,251
2007-10-02,253
2007-10-02,249
2007-10-03,242
2007-10-03,242
2007-10-03,244
2007-10-03,240
2007-10-04,232
2007-10-04,232
2007-10-04,234
2007-10-04,230
2007-10-05,222.5
2007-10-05,222
2007-10-05,223
2007-10-05,222
2007-10-06,212
2007-10-06,212
2007-10-06,214
2007-10-06,210
2007-10-07,202.5
2007-10-07,202
2007-10-07,204
2007-10-07,201
2007-10-08,196.5
2007-10-08,196
2007-10-08,197
2007-10-08,196
2007-10-09,192
2007-10-09,192
2007-10-09,193
2007-10-09,191
2007-10-10,188
2007-10-10,188
2007-10-10,189
2007-10-10,187
2007-10-11,184
2007-10-11,184
2007-10-11,185
2007-10-11,183
2007-10-12,181
2007-10-12,181
2007-10-12,181
2007-10-12,181
2007-10-13,176.5
2007-10-13,176
2007-10-13,179
2007-10-13,174
2007-10-14,170
2007-10-14,170
2007-10-14,172
2007-10-14,168
2007-10-15,164
2007-10-15,164
2007-10-15,165
2007-10-15,163
2007-10-16,159.5
2007-10-16,160
2007-10-16,163
2007-10-16,156
2007-10-17,154
2007-10-17,154
2007-10-17,156
2007-10-17,152
2007-10-18,146.5
2007-10-18,146
2007-10-18,149
2007-10-18,144
2007-10-19,140.5
2007-10-19,140
2007-10-19,142
2007-10-19,139
2007-10-20,133.5
2007-10-20,134
2007-10-20,135
2007-10-20,132
2007-10-21,126
2007-10-21,126
2007-10-21,128
2007-10-21,124
2007-10-22,123
2007-10-22,123
2007-10-22,124
2007-10-22,122
2007-10-23,122.5
2007-10-23,123
2007-10-23,122
2007-10-23,123
2007-10-24,121.5
2007-10-24,122
2007-10-24,121
2007-10-24,122
2007-10-25,123
2007-10-25,123
2007-10-25,123
2007-10-25,123
2007-10-26,125.5
2007-10-26,125
2007-10-26,124
2007-10-26,127
2007-10-27,129
2007-10-27,129
2007-10-27,128
2007-10-27,130
2007-10-28,132.5
2007-10-28,132
2007-10-28,132
2007-10-28,133
2007-10-29,133.5
2007-10-29,134
2007-10-29,133
2007-10-29,134
2007-10-30,131
2007-10-30,131
2007-10-30,132
2007-10-30,130
2007-10-31,130
2007-10-31,130
2007-10-31,129
2007-10-31,131
2007-11-01,130.5
2007-11-01,130
2007-11-01,131
2007-11-01,130
2007-11-02,126
2007-11-02,126
2007-11-02,127
2007-11-02,125
2007-11-03,123.5
2007-11-03,124
2007-11-03,124
2007-11-03,123
2007-11-04,123
2007-11-04,123
2007-11-04,123
2007-11-04,123
2007-11-05,123.5
2007-11-05,124
2007-11-05,123
2007-11-05,124
2007-11-06,125.5
2007-11-06,125
2007-11-06,125
2007-11-06,126
2007-11-07,127.5
2007-11-07,127
2007-11-07,127
2007-11-07,128
2007-11-08,131
2007-11-08,131
2007-11-08,130
2007-11-08,132
2007-11-09,133.5
2007-11-09,134
2007-11-09,133
2007-11-09,134
2007-11-10,140
2007-11-10,140
2007-11-10,140
2007-11-10,140
2007-11-11,141
2007-11-11,141
2007-11-11,141
2007-11-11,141
2007-11-12,143.5
2007-11-12,144
2007-11-12,142
2007-11-12,145
2007-11-13,146
2007-11-13,146
2007-11-13,146
2007-11-13,146
2007-11-14,147.5
2007-11-14,148
2007-11-14,147
2007-11-14,148
2007-11-15,149
2007-11-15,149
2007-11-15,149
2007-11-15,149
2007-11-16,149.5
2007-11-16,150
2007-11-16,149
2007-11-16,150
2007-11-17,152.5
2007-11-17,152
2007-11-17,152
2007-11-17,153
2007-11-18,155.5
2007-11-18,156
2007-11-18,155
2007-11-18,156
2007-11-19,157
2007-11-19,157
2007-11-19,156
2007-11-19,158
2007-11-20,161.5
2007-11-20,162
2007-11-20,160
2007-11-20,163
2007-11-21,164.5
2007-11-21,164
2007-11-21,164
2007-11-21,165
2007-11-22,167
2007-11-22,167
2007-11-22,166
2007-11-22,168
2007-11-23,171.5
2007-11-23,172
2007-11-23,170
2007-11-23,173
2007-11-24,177.5
2007-11-24,178
2007-11-24,176
2007-11-24,179
2007-11-25,181.5
2007-11-25,182
2007-11-25,180
2007-11-25,183
2007-11-26,186
2007-11-26,186
2007-11-26,185
2007-11-26,187
2007-11-27,188.5
2007-11-27,188
2007-11-27,188
2007-11-27,189
2007-11-28,193
2007-11-28,193
2007-11-28,191
2007-11-28,195
2007-11-29,198.5
2007-11-29,198
2007-11-29,198
2007-11-29,199
2007-11-30,199.5
2007-11-30,200
2007-11-30,199
2007-11-30,200
2007-12-01,200
2007-12-01,200
2007-12-01,200
2007-12-01,200
2007-12-02,200.5
2007-12-02,200
2007-12-02,200
2007-12-02,201
2007-12-03,203.5
2007-12-03,204
2007-12-03,202
2007-12-03,205
2007-12-04,207
2007-12-04,207
2007-12-04,206
2007-12-04,208
2007-12-05,209.5
2007-12-05,210
2007-12-05,209
2007-12-05,210
2007-12-06,212.5
2007-12-06,212
2007-12-06,212
2007-12-06,213
2007-12-07,217.5
2007-12-07,217
2007-12-07,216
2007-12-07,219
2007-12-08,226
2007-12-08,226
2007-12-08,224
2007-12-08,228
2007-12-09,232.5
2007-12-09,233
2007-12-09,232
2007-12-09,233
2007-12-10,237
2007-12-10,237
2007-12-10,234
2007-12-10,240
2007-12-11,244
2007-12-11,244
2007-12-11,242
2007-12-11,246
2007-12-12,250.5
2007-12-12,250
2007-12-12,249
2007-12-12,252
2007-12-13,257
2007-12-13,257
2007-12-13,256
2007-12-13,258
2007-12-14,265.5
2007-12-14,266
2007-12-14,264
2007-12-14,267
2007-12-15,273
2007-12-15,273
2007-12-15,270
2007-12-15,276
2007-12-16,276
2007-12-16,276
2007-12-16,276
2007-12-16,276
2007-12-17,277.5
2007-12-17,278
2007-12-17,278
2007-12-17,277
2007-12-18,280
2007-12-18,280
2007-12-18,280
2007-12-18,280
2007-12-19,283
2007-12-19,283
2007-12-19,282
2007-12-19,284
2007-12-20,289.5
2007-12-20,290
2007-12-20,288
2007-12-20,291
2007-12-21,294
2007-12-21,294
2007-12-21,293
2007-12-21,295
2007-12-22,297.5
2007-12-22,298
2007-12-22,297
2007-12-22,298
2007-12-23,304.5
2007-12-23,304
2007-12-23,303
2007-12-23,306
2007-12-24,311
2007-12-24,311
2007-12-24,310
2007-12-24,312
2007-12-25,314
2007-12-25,314
2007-12-25,313
2007-12-25,315
2007-12-26,319.5
2007-12-26,320
2007-12-26,319
2007-12-26,320
2007-12-27,322
2007-12-27,322
2007-12-27,322
2007-12-27,322
2007-12-28,324.5
2007-12-28,324
2007-12-28,324
2007-12-28,325
2007-12-29,333
2007-12-29,333
2007-12-29,331
2007-12-29,335
2007-12-30,339
2007-12-30,339
2007-12-30,338
2007-12-30,340
2007-12-31,343
2007-12-31,343
2007-12-31,342
2007-12-31,344
2008-01-01,346.5
2008-01-01,346
2008-01-01,346
2008-01-01,347
2008-01-02,349
2008-01-02,349
2008-01-02,348
2008-01-02,350
2008-01-03,352
2008-01-03,352
2008-01-03,351
2008-01-03,353
2008-01-04,356
2008-01-04,356
2008-01-04,355
2008-01-04,357
2008-01-05,359.5
2008-01-05,360
2008-01-05,359
2008-01-05,360
2008-01-06,364.5
2008-01-06,364
2008-01-06,364
2008-01-06,365
2008-01-07,370
2008-01-07,370
2008-01-07,369
2008-01-07,371
2008-01-08,376
2008-01-08,376
2008-01-08,375
2008-01-08,377
2008-01-09,381.5
2008-01-09,382
2008-01-09,379
2008-01-09,384
2008-01-10,389.5
2008-01-10,390
2008-01-10,387
2008-01-10,392
2008-01-11,397
2008-01-11,397
2008-01-11,396
2008-01-11,398
2008-01-12,400
2008-01-12,400
2008-01-12,400
2008-01-12,400
2008-01-13,403
2008-01-13,403
2008-01-13,401
2008-01-13,405
2008-01-14,410
2008-01-14,410
2008-01-14,407
2008-01-14,413
2008-01-15,419.5
2008-01-15,420
2008-01-15,418
2008-01-15,421
2008-01-16,427.5
2008-01-16,428
2008-01-16,425
2008-01-16,430
2008-01-17,435
2008-01-17,435
2008-01-17,433
2008-01-17,437
2008-01-18,441.5
2008-01-18,442
2008-01-18,440
2008-01-18,443
2008-01-19,449
2008-01-19,449
2008-01-19,448
2008-01-19,450
2008-01-20,455
2008-01-20,455
2008-01-20,454
2008-01-20,456
2008-01-21,461
2008-01-21,461
2008-01-21,459
2008-01-21,463
2008-01-22,467
2008-01-22,467
2008-01-22,466
2008-01-22,468
2008-01-23,472.5
2008-01-23,472
2008-01-23,470
2008-01-23,475
2008-01-24,477
2008-01-24,477
2008-01-24,476
2008-01-24,478
2008-01-25,483
2008-01-25,483
2008-01-25,480
2008-01-25,486
2008-01-26,489
2008-01-26,489
2008-01-26,488
2008-01-26,490
2008-01-27,493.5
2008-01-27,493
2008-01-27,492
2008-01-27,495
2008-01-28,500.5
2008-01-28,500
2008-01-28,497
2008-01-28,504
2008-01-29,509
2008-01-29,509
2008-01-29,508
2008-01-29,510
2008-01-30,514.5
2008-01-30,514
2008-01-30,513
2008-01-30,516
2008-01-31,521
2008-01-31,521
2008-01-31,520
2008-01-31,522
2008-02-01,525
2008-02-01,525
2008-02-01,524
2008-02-01,526
2008-02-02,528
2008-02-02,527.5
2008-02-02,527
2008-02-02,528
2008-02-03,528
2008-02-03,528.5
2008-02-03,528
2008-02-03,529
2008-02-04,531
2008-02-04,531
2008-02-04,530
2008-02-04,532
2008-02-05,538
2008-02-05,537.5
2008-02-05,536
2008-02-05,539
2008-02-06,544
2008-02-06,543.5
2008-02-06,542
2008-02-06,545
2008-02-07,549
2008-02-07,549
2008-02-07,548
2008-02-07,550
2008-02-08,554
2008-02-08,554
2008-02-08,553
2008-02-08,555
2008-02-09,556
2008-02-09,556.5
2008-02-09,556
2008-02-09,557
2008-02-10,559
2008-02-10,559
2008-02-10,558
2008-02-10,560
2008-02-11,565
2008-02-11,565
2008-02-11,564
2008-02-11,566
2008-02-12,570
2008-02-12,569.5
2008-02-12,569
2008-02-12,570
2008-02-13,574
2008-02-13,573.5
2008-02-13,572
2008-02-13,575
2008-02-14,578
2008-02-14,578
2008-02-14,577
2008-02-14,579
2008-02-15,582
2008-02-15,582
2008-02-15,581
2008-02-15,583
2008-02-16,588
2008-02-16,587.5
2008-02-16,586
2008-02-16,589
2008-02-17,592
2008-02-17,591.5
2008-02-17,590
2008-02-17,593
2008-02-18,596
2008-02-18,595.5
2008-02-18,595
2008-02-18,596
2008-02-19,600
2008-02-19,600
2008-02-19,598
2008-02-19,602
2008-02-20,606
2008-02-20,606.5
2008-02-20,605
2008-02-20,608
2008-02-21,613
2008-02-21,613
2008-02-21,612
2008-02-21,614
2008-02-22,618
2008-02-22,618.5
2008-02-22,617
2008-02-22,620
2008-02-23,624
2008-02-23,624.5
2008-02-23,624
2008-02-23,625
2008-02-24,629
2008-02-24,629
2008-02-24,628
2008-02-24,630
2008-02-25,634
2008-02-25,634
2008-02-25,633
2008-02-25,635
2008-02-26,636
2008-02-26,636.5
2008-02-26,636
2008-02-26,637
2008-02-27,640
2008-02-27,639.5
2008-02-27,639
2008-02-27,640
2008-02-28,642
2008-02-28,641.5
2008-02-28,641
2008-02-28,642
2008-02-29,642
2008-02-29,642.5
2008-02-29,642
2008-02-29,643
2008-03-01,647
2008-03-01,647
2008-03-01,646
2008-03-01,648
2008-03-02,650
2008-03-02,650
2008-03-02,650
2008-03-02,650
2008-03-03,651
2008-03-03,651
2008-03-03,651
2008-03-03,651
2008-03-04,652
2008-03-04,652
2008-03-04,652
2008-03-04,652
2008-03-05,653
2008-03-05,653
2008-03-05,653
2008-03-05,653
2008-03-06,660
2008-03-06,660
2008-03-06,658
2008-03-06,662
2008-03-07,664.5
2008-03-07,664
2008-03-07,663
2008-03-07,666
2008-03-08,670
2008-03-08,670
2008-03-08,670
2008-03-08,670
2008-03-09,672.5
2008-03-09,672
2008-03-09,672
2008-03-09,673
2008-03-10,676.5
2008-03-10,676
2008-03-10,676
2008-03-10,677
2008-03-11,684.5
2008-03-11,684
2008-03-11,686
2008-03-11,683
2008-03-12,694.5
2008-03-12,694
2008-03-12,693
2008-03-12,696
2008-03-13,701.5
2008-03-13,702
2008-03-13,700
2008-03-13,703
2008-03-14,708.5
2008-03-14,708
2008-03-14,706
2008-03-14,711
2008-03-15,715.5
2008-03-15,716
2008-03-15,715
2008-03-15,716
2008-03-16,719
2008-03-16,719
2008-03-16,718
2008-03-16,720
2008-03-17,722
2008-03-17,722
2008-03-17,722
2008-03-17,722
2008-03-18,723.5
2008-03-18,724
2008-03-18,723
2008-03-18,724
2008-03-19,724
2008-03-19,724
2008-03-19,724
2008-03-19,724
2008-03-20,724.5
2008-03-20,724
2008-03-20,725
2008-03-20,724
2008-03-21,725
2008-03-21,725
2008-03-21,725
2008-03-21,725
2008-03-22,725
2008-03-22,725
2008-03-22,725
2008-03-22,725
2008-03-23,727
2008-03-23,727
2008-03-23,726
2008-03-23,728
2008-03-24,731.5
2008-03-24,732
2008-03-24,731
2008-03-24,732
2008-03-25,734
2008-03-25,734
2008-03-25,734
2008-03-25,734
2008-03-26,737.5
2008-03-26,738
2008-03-26,737
2008-03-26,738
2008-03-27,741
2008-03-27,741
2008-03-27,739
2008-03-27,743
2008-03-28,745
2008-03-28,745
2008-03-28,744
2008-03-28,746
2008-03-29,748.5
2008-03-29,748
2008-03-29,748
2008-03-29,749
2008-03-30,750
2008-03-30,750
2008-03-30,750
2008-03-30,750
2008-03-31,755.5
2008-03-31,756
2008-03-31,754
2008-03-31,757
2008-04-01,759
2008-04-01,759
2008-04-01,758
2008-04-01,760
2008-04-02,764
2008-04-02,763.5
2008-04-02,763
2008-04-02,764
2008-04-03,766
2008-04-03,765.5
2008-04-03,765
2008-04-03,766
2008-04-04,769
2008-04-04,769
2008-04-04,768
2008-04-04,770
2008-04-05,772
2008-04-05,772.5
2008-04-05,772
2008-04-05,773
2008-04-06,774
2008-04-06,774.5
2008-04-06,774
2008-04-06,775
2008-04-07,776
2008-04-07,776.5
2008-04-07,776
2008-04-07,777
2008-04-08,778
2008-04-08,777.5
2008-04-08,777
2008-04-08,778
2008-04-09,778
2008-04-09,778
2008-04-09,778
2008-04-09,778
2008-04-10,778
2008-04-10,778
2008-04-10,778
2008-04-10,778
2008-04-11,779
2008-04-11,779
2008-04-11,778
2008-04-11,780
2008-04-12,782
2008-04-12,782
2008-04-12,781
2008-04-12,783
2008-04-13,786
2008-04-13,785.5
2008-04-13,785
2008-04-13,786
2008-04-14,788
2008-04-14,787.5
2008-04-14,787
2008-04-14,788
2008-04-15,790
2008-04-15,789.5
2008-04-15,789
2008-04-15,790
2008-04-16,791
2008-04-16,791
2008-04-16,790
2008-04-16,792
2008-04-17,792
2008-04-17,792.5
2008-04-17,792
2008-04-17,793
2008-04-18,794
2008-04-18,794
2008-04-18,793
2008-04-18,795
2008-04-19,798
2008-04-19,798
2008-04-19,798
2008-04-19,798
2008-04-20,802
2008-04-20,802
2008-04-20,802
2008-04-20,802
2008-04-21,804
2008-04-21,804
2008-04-21,804
2008-04-21,804
2008-04-22,806
2008-04-22,806.5
2008-04-22,805
2008-04-22,808
2008-04-23,811
2008-04-23,811
2008-04-23,810
2008-04-23,812
2008-04-24,814
2008-04-24,814.5
2008-04-24,814
2008-04-24,815
2008-04-25,816
2008-04-25,816.5
2008-04-25,816
2008-04-25,817
2008-04-26,820
2008-04-26,820.5
2008-04-26,820
2008-04-26,821
2008-04-27,822
2008-04-27,822.5
2008-04-27,822
2008-04-27,823
2008-04-28,824
2008-04-28,824
2008-04-28,823
2008-04-28,825
2008-04-29,828
2008-04-29,828.5
2008-04-29,828
2008-04-29,829
2008-04-30,829
2008-04-30,829
2008-04-30,829
2008-04-30,829
2008-05-01,827.5
2008-05-01,828
2008-05-01,828
2008-05-01,827
2008-05-02,826.5
2008-05-02,826
2008-05-02,826
2008-05-02,827
2008-05-03,828
2008-05-03,828
2008-05-03,827
2008-05-03,829
2008-05-04,830.5
2008-05-04,830
2008-05-04,830
2008-05-04,831
2008-05-05,831.5
2008-05-05,832
2008-05-05,832
2008-05-05,831
2008-05-06,830
2008-05-06,830
2008-05-06,830
2008-05-06,830
2008-05-07,832.5
2008-05-07,832
2008-05-07,832
2008-05-07,833
2008-05-08,834.5
2008-05-08,835
2008-05-08,834
2008-05-08,835
2008-05-09,838
2008-05-09,838
2008-05-09,836
2008-05-09,840
2008-05-10,841
2008-05-10,841
2008-05-10,840
2008-05-10,842
2008-05-11,842
2008-05-11,842
2008-05-11,842
2008-05-11,842
2008-05-12,845
2008-05-12,845
2008-05-12,844
2008-05-12,846
2008-05-13,845.5
2008-05-13,846
2008-05-13,845
2008-05-13,846
2008-05-14,847.5
2008-05-14,848
2008-05-14,846
2008-05-14,849
2008-05-15,848.5
2008-05-15,848
2008-05-15,849
2008-05-15,848
2008-05-16,848
2008-05-16,848
2008-05-16,848
2008-05-16,848
2008-05-17,848
2008-05-17,848
2008-05-17,848
2008-05-17,848
2008-05-18,849
2008-05-18,849
2008-05-18,849
2008-05-18,849
2008-05-19,849.5
2008-05-19,849
2008-05-19,849
2008-05-19,850
2008-05-20,850.5
2008-05-20,851
2008-05-20,850
2008-05-20,851
2008-05-21,852.5
2008-05-21,852
2008-05-21,852
2008-05-21,853
2008-05-22,853.5
2008-05-22,854
2008-05-22,853
2008-05-22,854
2008-05-23,855
2008-05-23,855
2008-05-23,855
2008-05-23,855
2008-05-24,853.5
2008-05-24,854
2008-05-24,853
2008-05-24,854
2008-05-25,854
2008-05-25,854
2008-05-25,854
2008-05-25,854
2008-05-26,854.5
2008-05-26,854
2008-05-26,855
2008-05-26,854
2008-05-27,853.5
2008-05-27,854
2008-05-27,853
2008-05-27,854
2008-05-28,854
2008-05-28,854
2008-05-28,854
2008-05-28,854
2008-05-29,855
2008-05-29,855
2008-05-29,855
2008-05-29,855
2008-05-30,853.5
2008-05-30,854
2008-05-30,854
2008-05-30,853
2008-05-31,853.5
2008-05-31,854
2008-05-31,853
2008-05-31,854
2008-06-01,855.5
2008-06-01,856
2008-06-01,855
2008-06-01,856
2008-06-02,854.5
2008-06-02,854
2008-06-02,855
2008-06-02,854
2008-06-03,854.5
2008-06-03,854
2008-06-03,854
2008-06-03,855
2008-06-04,856
2008-06-04,856
2008-06-04,856
2008-06-04,856
2008-06-05,856
2008-06-05,856
2008-06-05,856
2008-06-05,856
2008-06-06,855
2008-06-06,855
2008-06-06,855
2008-06-06,855
2008-06-07,856
2008-06-07,856
2008-06-07,856
2008-06-07,856
2008-06-08,855
2008-06-08,855
2008-06-08,855
2008-06-08,855
2008-06-09,856
2008-06-09,856
2008-06-09,856
2008-06-09,856
2008-06-10,855.5
2008-06-10,856
2008-06-10,855
2008-06-10,856
2008-06-11,855
2008-06-11,855
2008-06-11,855
2008-06-11,855
2008-06-12,855
2008-06-12,855
2008-06-12,855
2008-06-12,855
2008-06-13,856.5
2008-06-13,856
2008-06-13,856
2008-06-13,857
2008-06-14,855
2008-06-14,855
2008-06-14,855
2008-06-14,855
2008-06-15,855.5
2008-06-15,856
2008-06-15,856
2008-06-15,855
2008-06-16,856
2008-06-16,856
2008-06-16,856
2008-06-16,856
2008-06-17,855
2008-06-17,855
2008-06-17,855
2008-06-17,855
2008-06-18,856.5
2008-06-18,856
2008-06-18,855
2008-06-18,858
2008-06-19,857
2008-06-19,857
2008-06-19,857
2008-06-19,857
2008-06-20,857
2008-06-20,857
2008-06-20,857
2008-06-20,857
2008-06-21,856.5
2008-06-21,856
2008-06-21,856
2008-06-21,857
2008-06-22,856.5
2008-06-22,856
2008-06-22,857
2008-06-22,856
2008-06-23,855
2008-06-23,855
2008-06-23,855
2008-06-23,855
2008-06-24,854
2008-06-24,854
2008-06-24,854
2008-06-24,854
2008-06-25,853
2008-06-25,853
2008-06-25,853
2008-06-25,853
2008-06-26,852
2008-06-26,852
2008-06-26,852
2008-06-26,852
2008-06-27,850.5
2008-06-27,851
2008-06-27,851
2008-06-27,850
2008-06-28,847.5
2008-06-28,848
2008-06-28,848
2008-06-28,847
2008-06-29,846
2008-06-29,846
2008-06-29,846
2008-06-29,846
2008-06-30,843
2008-06-30,843
2008-06-30,844
2008-06-30,842
2008-07-01,840.5
2008-07-01,840
2008-07-01,841
2008-07-01,840
2008-07-02,837.5
2008-07-02,838
2008-07-02,838
2008-07-02,837
2008-07-03,835
2008-07-03,835
2008-07-03,835
2008-07-03,835
2008-07-04,834
2008-07-04,834
2008-07-04,834
2008-07-04,834
2008-07-05,831
2008-07-05,831
2008-07-05,832
2008-07-05,830
2008-07-06,827.5
2008-07-06,828
2008-07-06,828
2008-07-06,827
2008-07-07,825
2008-07-07,825
2008-07-07,826
2008-07-07,824
2008-07-08,821.5
2008-07-08,822
2008-07-08,822
2008-07-08,821
2008-07-09,819.5
2008-07-09,820
2008-07-09,820
2008-07-09,819
2008-07-10,816.5
2008-07-10,816
2008-07-10,817
2008-07-10,816
2008-07-11,814.5
2008-07-11,814
2008-07-11,815
2008-07-11,814
2008-07-12,811.5
2008-07-12,812
2008-07-12,813
2008-07-12,810
2008-07-13,807
2008-07-13,807
2008-07-13,808
2008-07-13,806
2008-07-14,803
2008-07-14,803
2008-07-14,804
2008-07-14,802
2008-07-15,797.5
2008-07-15,798
2008-07-15,799
2008-07-15,796
2008-07-16,792
2008-07-16,792
2008-07-16,794
2008-07-16,790
2008-07-17,786
2008-07-17,786
2008-07-17,788
2008-07-17,784
2008-07-18,780.5
2008-07-18,780
2008-07-18,782
2008-07-18,779
2008-07-19,775.5
2008-07-19,776
2008-07-19,777
2008-07-19,774
2008-07-20,770.5
2008-07-20,770
2008-07-20,771
2008-07-20,770
2008-07-21,766
2008-07-21,766
2008-07-21,768
2008-07-21,764
2008-07-22,760.5
2008-07-22,760
2008-07-22,761
2008-07-22,760
2008-07-23,758.5
2008-07-23,758
2008-07-23,759
2008-07-23,758
2008-07-24,754
2008-07-24,754
2008-07-24,755
2008-07-24,753
2008-07-25,751
2008-07-25,751
2008-07-25,751
2008-07-25,751
2008-07-26,748.5
2008-07-26,748
2008-07-26,750
2008-07-26,747
2008-07-27,743.5
2008-07-27,744
2008-07-27,745
2008-07-27,742
2008-07-28,739
2008-07-28,739
2008-07-28,740
2008-07-28,738
2008-07-29,735
2008-07-29,735
2008-07-29,736
2008-07-29,734
2008-07-30,732
2008-07-30,732
2008-07-30,732
2008-07-30,732
2008-07-31,729.5
2008-07-31,730
2008-07-31,730
2008-07-31,729
2008-08-01,726
2008-08-01,726
2008-08-01,727
2008-08-01,725
2008-08-02,720
2008-08-02,720
2008-08-02,722
2008-08-02,718
2008-08-03,714
2008-08-03,714
2008-08-03,715
2008-08-03,713
2008-08-04,709
2008-08-04,709
2008-08-04,710
2008-08-04,708
2008-08-05,705
2008-08-05,705
2008-08-05,706
2008-08-05,704
2008-08-06,701
2008-08-06,701
2008-08-06,702
2008-08-06,700
2008-08-07,698
2008-08-07,698
2008-08-07,699
2008-08-07,697
2008-08-08,692.5
2008-08-08,692
2008-08-08,695
2008-08-08,690
2008-08-09,684
2008-08-09,684
2008-08-09,686
2008-08-09,682
2008-08-10,679
2008-08-10,679
2008-08-10,680
2008-08-10,678
2008-08-11,671.5
2008-08-11,672
2008-08-11,675
2008-08-11,668
2008-08-12,663
2008-08-12,663
2008-08-12,664
2008-08-12,662
2008-08-13,656.5
2008-08-13,656
2008-08-13,659
2008-08-13,654
2008-08-14,649.5
2008-08-14,650
2008-08-14,651
2008-08-14,648
2008-08-15,645
2008-08-15,645
2008-08-15,646
2008-08-15,644
2008-08-16,638
2008-08-16,638
2008-08-16,640
2008-08-16,636
2008-08-17,630
2008-08-17,630
2008-08-17,632
2008-08-17,628
2008-08-18,624.5
2008-08-18,624
2008-08-18,625
2008-08-18,624
2008-08-19,621.5
2008-08-19,622
2008-08-19,622
2008-08-19,621
2008-08-20,619
2008-08-20,619
2008-08-20,620
2008-08-20,618
2008-08-21,615
2008-08-21,615
2008-08-21,616
2008-08-21,614
2008-08-22,610
2008-08-22,610
2008-08-22,612
2008-08-22,608
2008-08-23,603
2008-08-23,603
2008-08-23,604
2008-08-23,602
2008-08-24,599
2008-08-24,599
2008-08-24,600
2008-08-24,598
2008-08-25,593
2008-08-25,593
2008-08-25,595
2008-08-25,591
2008-08-26,587
2008-08-26,587
2008-08-26,588
2008-08-26,586
2008-08-27,581
2008-08-27,581
2008-08-27,582
2008-08-27,580
2008-08-28,576.5
2008-08-28,576
2008-08-28,578
2008-08-28,575
2008-08-29,569.5
2008-08-29,570
2008-08-29,572
2008-08-29,567
2008-08-30,561.5
2008-08-30,562
2008-08-30,563
2008-08-30,560
2008-08-31,555
2008-08-31,555
2008-08-31,557
2008-08-31,553
2008-09-01,549
2008-09-01,549
2008-09-01,550
2008-09-01,548
2008-09-02,543
2008-09-02,543
2008-09-02,544
2008-09-02,542
2008-09-03,537.5
2008-09-03,538
2008-09-03,540
2008-09-03,535
2008-09-04,529
2008-09-04,529
2008-09-04,532
2008-09-04,526
2008-09-05,519.5
2008-09-05,520
2008-09-05,522
2008-09-05,517
2008-09-06,515.5
2008-09-06,516
2008-09-06,514
2008-09-06,517
2008-09-07,501
2008-09-07,501
2008-09-07,503
2008-09-07,499
2008-09-08,493
2008-09-08,493
2008-09-08,495
2008-09-08,491
2008-09-09,484
2008-09-09,484
2008-09-09,487
2008-09-09,481
2008-09-10,472
2008-09-10,472
2008-09-10,475
2008-09-10,469
2008-09-11,461.5
2008-09-11,462
2008-09-11,465
2008-09-11,458
2008-09-12,448
2008-09-12,448
2008-09-12,450
2008-09-12,446
2008-09-13,440
2008-09-13,440
2008-09-13,442
2008-09-13,438
2008-09-14,427.5
2008-09-14,428
2008-09-14,433
2008-09-14,422
2008-09-15,422
2008-09-15,422
2008-09-15,424
2008-09-15,420
2008-09-16,414
2008-09-16,414
2008-09-16,416
2008-09-16,412
2008-09-17,406.5
2008-09-17,407
2008-09-17,409
2008-09-17,404
2008-09-18,399.5
2008-09-18,400
2008-09-18,400
2008-09-18,399
2008-09-19,393
2008-09-19,393
2008-09-19,395
2008-09-19,391
2008-09-20,378
2008-09-20,378
2008-09-20,380
2008-09-20,376
2008-09-21,367.5
2008-09-21,368
2008-09-21,370
2008-09-21,365
2008-09-22,355.5
2008-09-22,356
2008-09-22,355
2008-09-22,356
2008-09-23,348.5
2008-09-23,348
2008-09-23,349
2008-09-23,348
2008-09-24,345
2008-09-24,345
2008-09-24,346
2008-09-24,344
2008-09-25,341
2008-09-25,341
2008-09-25,342
2008-09-25,340
2008-09-26,337
2008-09-26,337
2008-09-26,338
2008-09-26,336
2008-09-27,329
2008-09-27,329
2008-09-27,330
2008-09-27,328
2008-09-28,325.5
2008-09-28,326
2008-09-28,326
2008-09-28,325
2008-09-29,299
2008-09-29,299
2008-09-29,300
2008-09-29,298
2008-09-30,291.5
2008-09-30,292
2008-09-30,295
2008-09-30,288
2008-10-01,285
2008-10-01,285
2008-10-01,286
2008-10-01,284
2008-10-02,278
2008-10-02,278
2008-10-02,280
2008-10-02,276
2008-10-03,270
2008-10-03,270
2008-10-03,272
2008-10-03,268
2008-10-04,262
2008-10-04,262
2008-10-04,264
2008-10-04,260
2008-10-05,256
2008-10-05,255.5
2008-10-05,257
2008-10-05,254
2008-10-06,250
2008-10-06,250
2008-10-06,251
2008-10-06,249
2008-10-07,244
2008-10-07,244.5
2008-10-07,246
2008-10-07,243
2008-10-08,232
2008-10-08,232
2008-10-08,234
2008-10-08,230
2008-10-09,224
2008-10-09,223.5
2008-10-09,225
2008-10-09,222
2008-10-10,217
2008-10-10,217.5
2008-10-10,218
2008-10-10,217
2008-10-11,212
2008-10-11,212
2008-10-11,213
2008-10-11,211
2008-10-12,210
2008-10-12,210
2008-10-12,210
2008-10-12,210
2008-10-13,210
2008-10-13,210.5
2008-10-13,211
2008-10-13,210
2008-10-14,210
2008-10-14,210
2008-10-14,210
2008-10-14,210
2008-10-15,211
2008-10-15,211
2008-10-15,212
2008-10-15,210
2008-10-16,211
2008-10-16,211
2008-10-16,212
2008-10-16,210
2008-10-17,210
2008-10-17,210.5
2008-10-17,212
2008-10-17,209
2008-10-18,207
2008-10-18,207
2008-10-18,209
2008-10-18,205
2008-10-19,204
2008-10-19,204
2008-10-19,206
2008-10-19,202
2008-10-20,198
2008-10-20,197.5
2008-10-20,199
2008-10-20,196
2008-10-21,194
2008-10-21,193.5
2008-10-21,195
2008-10-21,192
2008-10-22,190
2008-10-22,189.5
2008-10-22,191
2008-10-22,188
2008-10-23,185
2008-10-23,185
2008-10-23,185
2008-10-23,185
2008-10-24,180
2008-10-24,180
2008-10-24,181
2008-10-24,179
2008-10-25,178
2008-10-25,178
2008-10-25,179
2008-10-25,177
2008-10-26,180
2008-10-26,179.5
2008-10-26,181
2008-10-26,178
2008-10-27,175
2008-10-27,175
2008-10-27,176
2008-10-27,174
2008-10-28,173
2008-10-28,173
2008-10-28,174
2008-10-28,172
2008-10-29,172
2008-10-29,171.5
2008-10-29,173
2008-10-29,170
2008-10-30,171
2008-10-30,171
2008-10-30,171
2008-10-30,171
2008-10-31,171
2008-10-31,171
2008-10-31,171
2008-10-31,171
2008-11-01,168
2008-11-01,168
2008-11-01,170
2008-11-01,166
2008-11-02,167.5
2008-11-02,168
2008-11-02,169
2008-11-02,166
2008-11-03,165.5
2008-11-03,166
2008-11-03,167
2008-11-03,164
2008-11-04,163
2008-11-04,163
2008-11-04,164
2008-11-04,162
2008-11-05,162.5
2008-11-05,162
2008-11-05,163
2008-11-05,162
2008-11-06,162
2008-11-06,162
2008-11-06,162
2008-11-06,162
2008-11-07,159
2008-11-07,159
2008-11-07,160
2008-11-07,158
2008-11-08,157
2008-11-08,157
2008-11-08,157
2008-11-08,157
2008-11-09,154.5
2008-11-09,154
2008-11-09,155
2008-11-09,154
2008-11-10,156.5
2008-11-10,156
2008-11-10,156
2008-11-10,157
2008-11-11,160.5
2008-11-11,160
2008-11-11,160
2008-11-11,161
2008-11-12,165
2008-11-12,165
2008-11-12,164
2008-11-12,166
2008-11-13,170
2008-11-13,170
2008-11-13,169
2008-11-13,171
2008-11-14,174
2008-11-14,174
2008-11-14,174
2008-11-14,174
2008-11-15,178.5
2008-11-15,178
2008-11-15,179
2008-11-15,178
2008-11-16,183
2008-11-16,183
2008-11-16,183
2008-11-16,183
2008-11-17,188
2008-11-17,188
2008-11-17,185
2008-11-17,191
2008-11-18,193
2008-11-18,193
2008-11-18,193
2008-11-18,193
2008-11-19,193
2008-11-19,193
2008-11-19,193
2008-11-19,193
2008-11-20,194
2008-11-20,194
2008-11-20,193
2008-11-20,195
2008-11-21,197
2008-11-21,197
2008-11-21,196
2008-11-21,198
2008-11-22,200
2008-11-22,200
2008-11-22,199
2008-11-22,201
2008-11-23,202
2008-11-23,202
2008-11-23,202
2008-11-23,202
2008-11-24,204
2008-11-24,204
2008-11-24,204
2008-11-24,204
2008-11-25,207
2008-11-25,207
2008-11-25,207
2008-11-25,207
2008-11-26,210
2008-11-26,210
2008-11-26,210
2008-11-26,210
2008-11-27,214
2008-11-27,214
2008-11-27,213
2008-11-27,215
2008-11-28,218
2008-11-28,218
2008-11-28,217
2008-11-28,219
2008-11-29,219.5
2008-11-29,219
2008-11-29,220
2008-11-29,219
2008-11-30,223
2008-11-30,223
2008-11-30,223
2008-11-30,223
2008-12-01,224
2008-12-01,224
2008-12-01,224
2008-12-01,224
2008-12-02,231
2008-12-02,230.5
2008-12-02,230
2008-12-02,231
2008-12-03,234
2008-12-03,234
2008-12-03,233
2008-12-03,235
2008-12-04,237
2008-12-04,236.5
2008-12-04,236
2008-12-04,237
2008-12-05,239
2008-12-05,239
2008-12-05,239
2008-12-05,239
2008-12-06,242
2008-12-06,241.5
2008-12-06,241
2008-12-06,242
2008-12-07,243
2008-12-07,243
2008-12-07,244
2008-12-07,242
2008-12-08,254
2008-12-08,253.5
2008-12-08,252
2008-12-08,255
2008-12-09,258
2008-12-09,257.5
2008-12-09,257
2008-12-09,258
2008-12-10,261
2008-12-10,261
2008-12-10,260
2008-12-10,262
2008-12-11,268
2008-12-11,267.5
2008-12-11,267
2008-12-11,268
2008-12-12,273
2008-12-12,273
2008-12-12,272
2008-12-12,274
2008-12-13,279
2008-12-13,279
2008-12-13,278
2008-12-13,280
2008-12-14,286
2008-12-14,285.5
2008-12-14,285
2008-12-14,286
2008-12-15,290
2008-12-15,290.5
2008-12-15,288
2008-12-15,293
2008-12-16,298
2008-12-16,298
2008-12-16,296
2008-12-16,300
2008-12-17,306
2008-12-17,306.5
2008-12-17,305
2008-12-17,308
2008-12-18,310
2008-12-18,310
2008-12-18,308
2008-12-18,312
2008-12-19,322
2008-12-19,322.5
2008-12-19,321
2008-12-19,324
2008-12-20,326
2008-12-20,326
2008-12-20,325
2008-12-20,327
2008-12-21,330
2008-12-21,330.5
2008-12-21,330
2008-12-21,331
2008-12-22,334
2008-12-22,333.5
2008-12-22,333
2008-12-22,334
2008-12-23,337
2008-12-23,337
2008-12-23,336
2008-12-23,338
2008-12-24,341
2008-12-24,341
2008-12-24,341
2008-12-24,341
2008-12-25,346
2008-12-25,346.5
2008-12-25,343
2008-12-25,350
2008-12-26,354
2008-12-26,353.5
2008-12-26,353
2008-12-26,354
2008-12-27,360
2008-12-27,360
2008-12-27,359
2008-12-27,361
2008-12-28,368
2008-12-28,368
2008-12-28,368
2008-12-28,368
2008-12-29,373
2008-12-29,373
2008-12-29,372
2008-12-29,374
2008-12-30,378
2008-12-30,378.5
2008-12-30,378
2008-12-30,379
2008-12-31,388
2008-12-31,388
2008-12-31,386
2008-12-31,390
2009-01-01,397.5
2009-01-01,398
2009-01-01,396
2009-01-01,399
2009-01-02,403
2009-01-02,403
2009-01-02,402
2009-01-02,404
2009-01-03,409
2009-01-03,409
2009-01-03,408
2009-01-03,410
2009-01-04,415
2009-01-04,415
2009-01-04,414
2009-01-04,416
2009-01-05,420
2009-01-05,420
2009-01-05,420
2009-01-05,420
2009-01-06,424.5
2009-01-06,424
2009-01-06,423
2009-01-06,426
2009-01-07,427.5
2009-01-07,428
2009-01-07,428
2009-01-07,427
2009-01-08,428.5
2009-01-08,428
2009-01-08,429
2009-01-08,428
2009-01-09,433.5
2009-01-09,434
2009-01-09,434
2009-01-09,433
2009-01-10,435.5
2009-01-10,436
2009-01-10,434
2009-01-10,437
2009-01-11,442
2009-01-11,442
2009-01-11,441
2009-01-11,443
2009-01-12,449.5
2009-01-12,450
2009-01-12,449
2009-01-12,450
2009-01-13,455
2009-01-13,455
2009-01-13,454
2009-01-13,456
2009-01-14,460.5
2009-01-14,461
2009-01-14,459
2009-01-14,462
2009-01-15,464
2009-01-15,464
2009-01-15,464
2009-01-15,464
2009-01-16,470
2009-01-16,470
2009-01-16,468
2009-01-16,472
2009-01-17,476.5
2009-01-17,476
2009-01-17,476
2009-01-17,477
2009-01-18,482
2009-01-18,482
2009-01-18,481
2009-01-18,483
2009-01-19,486
2009-01-19,486
2009-01-19,485
2009-01-19,487
2009-01-20,491
2009-01-20,491
2009-01-20,490
2009-01-20,492
2009-01-21,497
2009-01-21,497
2009-01-21,496
2009-01-21,498
2009-01-22,502
2009-01-22,502
2009-01-22,501
2009-01-22,503
2009-01-23,507.5
2009-01-23,508
2009-01-23,507
2009-01-23,508
2009-01-24,511.5
2009-01-24,512
2009-01-24,511
2009-01-24,512
2009-01-25,515
2009-01-25,515
2009-01-25,514
2009-01-25,516
2009-01-26,521
2009-01-26,521
2009-01-26,520
2009-01-26,522
2009-01-27,525
2009-01-27,525
2009-01-27,524
2009-01-27,526
2009-01-28,533.5
2009-01-28,534
2009-01-28,532
2009-01-28,535
2009-01-29,539
2009-01-29,539
2009-01-29,538
2009-01-29,540
2009-01-30,547
2009-01-30,547
2009-01-30,546
2009-01-30,548
2009-01-31,553.5
2009-01-31,554
2009-01-31,552
2009-01-31,555
2009-02-01,560
2009-02-01,559.5
2009-02-01,558
2009-02-01,561
2009-02-02,567
2009-02-02,567
2009-02-02,566
2009-02-02,568
2009-02-03,572
2009-02-03,572
2009-02-03,571
2009-02-03,573
2009-02-04,578
2009-02-04,578.5
2009-02-04,577
2009-02-04,580
2009-02-05,582
2009-02-05,582.5
2009-02-05,582
2009-02-05,583
2009-02-06,588
2009-02-06,588.5
2009-02-06,588
2009-02-06,589
2009-02-07,593
2009-02-07,593
2009-02-07,592
2009-02-07,594
2009-02-08,598
2009-02-08,598.5
2009-02-08,597
2009-02-08,600
2009-02-09,604
2009-02-09,604
2009-02-09,603
2009-02-09,605
2009-02-10,610
2009-02-10,610
2009-02-10,608
2009-02-10,612
2009-02-11,614
2009-02-11,614
2009-02-11,613
2009-02-11,615
2009-02-12,620
2009-02-12,620.5
2009-02-12,619
2009-02-12,622
2009-02-13,626
2009-02-13,626
2009-02-13,625
2009-02-13,627
2009-02-14,632
2009-02-14,632.5
2009-02-14,630
2009-02-14,635
2009-02-15,644
2009-02-15,643.5
2009-02-15,642
2009-02-15,645
2009-02-16,649
2009-02-16,649
2009-02-16,648
2009-02-16,650
2009-02-17,650
2009-02-17,650.5
2009-02-17,650
2009-02-17,651
2009-02-18,653
2009-02-18,653
2009-02-18,653
2009-02-18,653
2009-02-19,654
2009-02-19,654
2009-02-19,654
2009-02-19,654
2009-02-20,656
2009-02-20,656.5
2009-02-20,655
2009-02-20,658
2009-02-21,662
2009-02-21,662
2009-02-21,660
2009-02-21,664
2009-02-22,664
2009-02-22,664.5
2009-02-22,659
2009-02-22,670
2009-02-23,673
2009-02-23,673
2009-02-23,672
2009-02-23,674
2009-02-24,680
2009-02-24,680
2009-02-24,678
2009-02-24,682
2009-02-25,687
2009-02-25,687
2009-02-25,686
2009-02-25,688
2009-02-26,693
2009-02-26,693
2009-02-26,692
2009-02-26,694
2009-02-27,698
2009-02-27,697.5
2009-02-27,697
2009-02-27,698
2009-02-28,704
2009-02-28,703.5
2009-02-28,702
2009-02-28,705
2009-03-01,710
2009-03-01,710
2009-03-01,708
2009-03-01,712
2009-03-02,717.5
2009-03-02,718
2009-03-02,716
2009-03-02,719
2009-03-03,722.5
2009-03-03,722
2009-03-03,721
2009-03-03,724
2009-03-04,728.5
2009-03-04,728
2009-03-04,727
2009-03-04,730
2009-03-05,736.5
2009-03-05,736
2009-03-05,735
2009-03-05,738
2009-03-06,744
2009-03-06,744
2009-03-06,742
2009-03-06,746
2009-03-07,752.5
2009-03-07,752
2009-03-07,750
2009-03-07,755
2009-03-08,758
2009-03-08,758
2009-03-08,758
2009-03-08,758
2009-03-09,759
2009-03-09,759
2009-03-09,758
2009-03-09,760
2009-03-10,765.5
2009-03-10,766
2009-03-10,763
2009-03-10,768
2009-03-11,772.5
2009-03-11,772
2009-03-11,771
2009-03-11,774
2009-03-12,777
2009-03-12,777
2009-03-12,776
2009-03-12,778
2009-03-13,779
2009-03-13,779
2009-03-13,778
2009-03-13,780
2009-03-14,784.5
2009-03-14,784
2009-03-14,784
2009-03-14,785
2009-03-15,789
2009-03-15,789
2009-03-15,788
2009-03-15,790
2009-03-16,791
2009-03-16,791
2009-03-16,790
2009-03-16,792
2009-03-17,793
2009-03-17,793
2009-03-17,793
2009-03-17,793
2009-03-18,794.5
2009-03-18,794
2009-03-18,794
2009-03-18,795
2009-03-19,795.5
2009-03-19,796
2009-03-19,795
2009-03-19,796
2009-03-20,795.5
2009-03-20,796
2009-03-20,795
2009-03-20,796
2009-03-21,796
2009-03-21,796
2009-03-21,796
2009-03-21,796
2009-03-22,801.5
2009-03-22,802
2009-03-22,800
2009-03-22,803
2009-03-23,805
2009-03-23,805
2009-03-23,805
2009-03-23,805
2009-03-24,811.5
2009-03-24,812
2009-03-24,810
2009-03-24,813
2009-03-25,816
2009-03-25,816
2009-03-25,816
2009-03-25,816
2009-03-26,820.5
2009-03-26,820
2009-03-26,820
2009-03-26,821
2009-03-27,824.5
2009-03-27,824
2009-03-27,824
2009-03-27,825
2009-03-28,825.5
2009-03-28,826
2009-03-28,825
2009-03-28,826
2009-03-29,826
2009-03-29,826
2009-03-29,826
2009-03-29,826
2009-03-30,837.5
2009-03-30,838
2009-03-30,837
2009-03-30,838
2009-03-31,838
2009-03-31,838
2009-03-31,838
2009-03-31,838
2009-04-01,840
2009-04-01,840
2009-04-01,839
2009-04-01,841
2009-04-02,843
2009-04-02,843
2009-04-02,841
2009-04-02,845
2009-04-03,846.5
2009-04-03,846
2009-04-03,845
2009-04-03,848
2009-04-04,848
2009-04-04,848
2009-04-04,848
2009-04-04,848
2009-04-05,849
2009-04-05,849
2009-04-05,848
2009-04-05,850
2009-04-06,850
2009-04-06,850
2009-04-06,850
2009-04-06,850
2009-04-07,850.5
2009-04-07,851
2009-04-07,851
2009-04-07,850
2009-04-08,851
2009-04-08,851
2009-04-08,850
2009-04-08,852
2009-04-09,852.5
2009-04-09,852
2009-04-09,852
2009-04-09,853
2009-04-10,854.5
2009-04-10,854
2009-04-10,854
2009-04-10,855
2009-04-11,858
2009-04-11,858
2009-04-11,856
2009-04-11,860
2009-04-12,860
2009-04-12,860
2009-04-12,860
2009-04-12,860
2009-04-13,860.5
2009-04-13,860
2009-04-13,860
2009-04-13,861
2009-04-14,862
2009-04-14,862
2009-04-14,862
2009-04-14,862
2009-04-15,862
2009-04-15,862
2009-04-15,862
2009-04-15,862
2009-04-16,865.5
2009-04-16,865
2009-04-16,865
2009-04-16,866
2009-04-17,873
2009-04-17,873
2009-04-17,872
2009-04-17,874
2009-04-18,876.5
2009-04-18,876
2009-04-18,876
2009-04-18,877
2009-04-19,879
2009-04-19,879
2009-04-19,878
2009-04-19,880
2009-04-20,880.5
2009-04-20,880
2009-04-20,880
2009-04-20,881
2009-04-21,883
2009-04-21,883
2009-04-21,882
2009-04-21,884
2009-04-22,883
2009-04-22,883
2009-04-22,883
2009-04-22,883
2009-04-23,882.5
2009-04-23,882
2009-04-23,883
2009-04-23,882
2009-04-24,882.5
2009-04-24,882
2009-04-24,882
2009-04-24,883
2009-04-25,884.5
2009-04-25,885
2009-04-25,884
2009-04-25,885
2009-04-26,885
2009-04-26,885
2009-04-26,885
2009-04-26,885
2009-04-27,886
2009-04-27,886
2009-04-27,886
2009-04-27,886
2009-04-28,888
2009-04-28,888
2009-04-28,887
2009-04-28,889
2009-04-29,890
2009-04-29,890
2009-04-29,890
2009-04-29,890
2009-04-30,892.5
2009-04-30,893
2009-04-30,892
2009-04-30,893
2009-05-01,903
2009-05-01,903
2009-05-01,902
2009-05-01,904
2009-05-02,905
2009-05-02,905
2009-05-02,905
2009-05-02,905
2009-05-03,908.5
2009-05-03,909
2009-05-03,905
2009-05-03,912
2009-05-04,909
2009-05-04,909
2009-05-04,909
2009-05-04,909
2009-05-05,909
2009-05-05,909
2009-05-05,909
2009-05-05,909
2009-05-06,909.5
2009-05-06,910
2009-05-06,909
2009-05-06,910
2009-05-07,911
2009-05-07,911
2009-05-07,911
2009-05-07,911
2009-05-08,911
2009-05-08,911
2009-05-08,911
2009-05-08,911
2009-05-09,912
2009-05-09,912
2009-05-09,912
2009-05-09,912
2009-05-10,914.5
2009-05-10,914
2009-05-10,914
2009-05-10,915
2009-05-11,917
2009-05-11,917
2009-05-11,916
2009-05-11,918
2009-05-12,921
2009-05-12,921
2009-05-12,920
2009-05-12,922
2009-05-13,922.5
2009-05-13,922
2009-05-13,922
2009-05-13,923
2009-05-14,921.5
2009-05-14,922
2009-05-14,922
2009-05-14,921
2009-05-15,920
2009-05-15,920
2009-05-15,920
2009-05-15,920
2009-05-16,919.5
2009-05-16,920
2009-05-16,920
2009-05-16,919
2009-05-17,918
2009-05-17,918
2009-05-17,918
2009-05-17,918
2009-05-18,918
2009-05-18,918
2009-05-18,918
2009-05-18,918
2009-05-19,918
2009-05-19,918
2009-05-19,918
2009-05-19,918
2009-05-20,918
2009-05-20,918
2009-05-20,918
2009-05-20,918
2009-05-21,918
2009-05-21,918
2009-05-21,918
2009-05-21,918
2009-05-22,918
2009-05-22,918
2009-05-22,918
2009-05-22,918
2009-05-23,918
2009-05-23,918
2009-05-23,918
2009-05-23,918
2009-05-24,920
2009-05-24,920
2009-05-24,920
2009-05-24,920
2009-05-25,922
2009-05-25,922
2009-05-25,922
2009-05-25,922
2009-05-26,923
2009-05-26,923
2009-05-26,923
2009-05-26,923
2009-05-27,925.5
2009-05-27,926
2009-05-27,923
2009-05-27,928
2009-05-28,929
2009-05-28,929
2009-05-28,928
2009-05-28,930
2009-05-29,929
2009-05-29,929
2009-05-29,928
2009-05-29,930
2009-05-30,932
2009-05-30,932
2009-05-30,932
2009-05-30,932
2009-05-31,932
2009-05-31,932
2009-05-31,932
2009-05-31,932
2009-06-01,932
2009-06-01,932
2009-06-01,932
2009-06-01,932
2009-06-02,932
2009-06-02,932
2009-06-02,932
2009-06-02,932
2009-06-03,930
2009-06-03,930
2009-06-03,930
2009-06-03,930
2009-06-04,930
2009-06-04,930
2009-06-04,930
2009-06-04,930
2009-06-05,928
2009-06-05,928
2009-06-05,928
2009-06-05,928
2009-06-06,930
2009-06-06,930
2009-06-06,930
2009-06-06,930
2009-06-07,930
2009-06-07,930
2009-06-07,930
2009-06-07,930
2009-06-08,928
2009-06-08,928
2009-06-08,928
2009-06-08,928
2009-06-09,927
2009-06-09,927
2009-06-09,927
2009-06-09,927
2009-06-10,927
2009-06-10,927
2009-06-10,927
2009-06-10,927
2009-06-11,927
2009-06-11,927
2009-06-11,927
2009-06-11,927
2009-06-12,928
2009-06-12,928
2009-06-12,928
2009-06-12,928
2009-06-13,928
2009-06-13,928
2009-06-13,928
2009-06-13,928
2009-06-14,928
2009-06-14,928
2009-06-14,928
2009-06-14,928
2009-06-15,930
2009-06-15,930
2009-06-15,930
2009-06-15,930
2009-06-16,930
2009-06-16,930
2009-06-16,930
2009-06-16,930
2009-06-17,928
2009-06-17,928.5
2009-06-17,929
2009-06-17,928
2009-06-18,928
2009-06-18,927.5
2009-06-18,928
2009-06-18,927
2009-06-19,926
2009-06-19,926
2009-06-19,926
2009-06-19,926
2009-06-20,926
2009-06-20,926
2009-06-20,926
2009-06-20,926
2009-06-21,926
2009-06-21,925.5
2009-06-21,926
2009-06-21,925
2009-06-22,924
2009-06-22,924
2009-06-22,924
2009-06-22,924
2009-06-23,924
2009-06-23,924
2009-06-23,924
2009-06-23,924
2009-06-24,922
2009-06-24,922
2009-06-24,922
2009-06-24,922
2009-06-25,922
2009-06-25,922
2009-06-25,922
2009-06-25,922
2009-06-26,921
2009-06-26,921
2009-06-26,921
2009-06-26,921
2009-06-27,920
2009-06-27,919.5
2009-06-27,920
2009-06-27,919
2009-06-28,918
2009-06-28,917.5
2009-06-28,918
2009-06-28,917
2009-06-29,916
2009-06-29,916
2009-06-29,916
2009-06-29,916
2009-06-30,915
2009-06-30,915
2009-06-30,915
2009-06-30,915
2009-07-01,913.5
2009-07-01,914
2009-07-01,914
2009-07-01,913
2009-07-02,912
2009-07-02,912
2009-07-02,912
2009-07-02,912
2009-07-03,910
2009-07-03,910
2009-07-03,910
2009-07-03,910
2009-07-04,906
2009-07-04,906
2009-07-04,906
2009-07-04,906
2009-07-05,903.5
2009-07-05,904
2009-07-05,904
2009-07-05,903
2009-07-06,902
2009-07-06,902
2009-07-06,902
2009-07-06,902
2009-07-07,899.5
2009-07-07,899
2009-07-07,900
2009-07-07,899
2009-07-08,896
2009-07-08,896
2009-07-08,896
2009-07-08,896
2009-07-09,894
2009-07-09,894
2009-07-09,894
2009-07-09,894
2009-07-10,893
2009-07-10,893
2009-07-10,893
2009-07-10,893
2009-07-11,891
2009-07-11,891
2009-07-11,891
2009-07-11,891
2009-07-12,889
2009-07-12,889
2009-07-12,889
2009-07-12,889
2009-07-13,885.5
2009-07-13,886
2009-07-13,886
2009-07-13,885
2009-07-14,882
2009-07-14,882
2009-07-14,883
2009-07-14,881
2009-07-15,879
2009-07-15,879
2009-07-15,879
2009-07-15,879
2009-07-16,877.5
2009-07-16,878
2009-07-16,878
2009-07-16,877
2009-07-17,874
2009-07-17,874
2009-07-17,874
2009-07-17,874
2009-07-18,873
2009-07-18,873
2009-07-18,873
2009-07-18,873
2009-07-19,869
2009-07-19,869
2009-07-19,869
2009-07-19,869
2009-07-20,866
2009-07-20,866
2009-07-20,866
2009-07-20,866
2009-07-21,864
2009-07-21,864
2009-07-21,864
2009-07-21,864
2009-07-22,862
2009-07-22,862
2009-07-22,862
2009-07-22,862
2009-07-23,859.5
2009-07-23,860
2009-07-23,860
2009-07-23,859
2009-07-24,858.5
2009-07-24,859
2009-07-24,859
2009-07-24,858
2009-07-25,856
2009-07-25,856
2009-07-25,856
2009-07-25,856
2009-07-26,854
2009-07-26,854
2009-07-26,854
2009-07-26,854
2009-07-27,852
2009-07-27,852
2009-07-27,853
2009-07-27,851
2009-07-28,850
2009-07-28,850
2009-07-28,850
2009-07-28,850
2009-07-29,846
2009-07-29,846
2009-07-29,847
2009-07-29,845
2009-07-30,843
2009-07-30,843
2009-07-30,844
2009-07-30,842
2009-07-31,839
2009-07-31,840
2009-08-01,835
2009-08-01,835
2009-08-01,836
2009-08-01,834
2009-08-02,832
2009-08-02,832.5
2009-08-02,833
2009-08-02,832
2009-08-03,828
2009-08-03,827.5
2009-08-03,829
2009-08-03,826
2009-08-04,823
2009-08-04,823
2009-08-04,824
2009-08-04,822
2009-08-05,818
2009-08-05,818
2009-08-05,819
2009-08-05,817
2009-08-06,814
2009-08-06,814.5
2009-08-06,815
2009-08-06,814
2009-08-07,810
2009-08-07,810.5
2009-08-07,812
2009-08-07,809
2009-08-08,806
2009-08-08,806
2009-08-08,807
2009-08-08,805
2009-08-09,802
2009-08-09,801.5
2009-08-09,803
2009-08-09,800
2009-08-10,796
2009-08-10,795.5
2009-08-10,797
2009-08-10,794
2009-08-11,791
2009-08-11,791
2009-08-11,792
2009-08-11,790
2009-08-12,787
2009-08-12,787
2009-08-12,788
2009-08-12,786
2009-08-13,783
2009-08-13,783
2009-08-13,784
2009-08-13,782
2009-08-14,776
2009-08-14,776
2009-08-14,778
2009-08-14,774
2009-08-15,770
2009-08-15,770
2009-08-15,772
2009-08-15,768
2009-08-16,767
2009-08-16,767
2009-08-16,768
2009-08-16,766
2009-08-17,763
2009-08-17,763
2009-08-17,764
2009-08-17,762
2009-08-18,757
2009-08-18,757
2009-08-18,758
2009-08-18,756
2009-08-19,753
2009-08-19,753
2009-08-19,754
2009-08-19,752
2009-08-20,748
2009-08-20,747.5
2009-08-20,749
2009-08-20,746
2009-08-21,743
2009-08-21,743
2009-08-21,744
2009-08-21,742
2009-08-22,737
2009-08-22,737
2009-08-22,738
2009-08-22,736
2009-08-23,732
2009-08-23,731.5
2009-08-23,733
2009-08-23,730
2009-08-24,725
2009-08-24,725
2009-08-24,726
2009-08-24,724
2009-08-25,721
2009-08-25,721
2009-08-25,722
2009-08-25,720
2009-08-26,718
2009-08-26,718
2009-08-26,719
2009-08-26,717
2009-08-27,712
2009-08-27,711.5
2009-08-27,713
2009-08-27,710
2009-08-28,706
2009-08-28,706.5
2009-08-28,708
2009-08-28,705
2009-08-29,700
2009-08-29,700.5
2009-08-29,703
2009-08-29,698
2009-08-30,692
2009-08-30,692
2009-08-30,694
2009-08-30,690
2009-08-31,684
2009-08-31,684.5
2009-08-31,686
2009-08-31,683
2009-09-01,678
2009-09-01,678
2009-09-01,680
2009-09-01,676
2009-09-02,669
2009-09-02,669
2009-09-02,670
2009-09-02,668
2009-09-03,657
2009-09-03,657
2009-09-03,660
2009-09-03,654
2009-09-04,651
2009-09-04,651
2009-09-04,652
2009-09-04,650
2009-09-05,649
2009-09-05,649
2009-09-05,650
2009-09-05,648
2009-09-06,645
2009-09-06,645
2009-09-06,644
2009-09-06,646
2009-09-07,635
2009-09-07,635
2009-09-07,636
2009-09-07,634
2009-09-08,628
2009-09-08,628
2009-09-08,630
2009-09-08,626
2009-09-09,623
2009-09-09,623
2009-09-09,626
2009-09-09,620
2009-09-10,616
2009-09-10,616
2009-09-10,618
2009-09-10,614
2009-09-11,607
2009-09-11,607
2009-09-11,610
2009-09-11,604
2009-09-12,600
2009-09-12,600.5
2009-09-12,602
2009-09-12,599
2009-09-13,595
2009-09-13,595
2009-09-13,596
2009-09-13,594
2009-09-14,586
2009-09-14,586.5
2009-09-14,589
2009-09-14,584
2009-09-15,580
2009-09-15,580
2009-09-15,584
2009-09-15,576
2009-09-16,566
2009-09-16,566.5
2009-09-16,569
2009-09-16,564
2009-09-17,562
2009-09-17,562
2009-09-17,564
2009-09-17,560
2009-09-18,554
2009-09-18,553.5
2009-09-18,556
2009-09-18,551
2009-09-19,546
2009-09-19,545.5
2009-09-19,549
2009-09-19,542
2009-09-20,534
2009-09-20,534.5
2009-09-20,539
2009-09-20,530
2009-09-21,528
2009-09-21,528
2009-09-21,532
2009-09-21,524
2009-09-22,522
2009-09-22,522
2009-09-22,524
2009-09-22,520
2009-09-23,513
2009-09-23,513
2009-09-23,516
2009-09-23,510
2009-09-24,503
2009-09-24,503
2009-09-24,506
2009-09-24,500
2009-09-25,498
2009-09-25,498
2009-09-25,500
2009-09-25,496
2009-09-26,482
2009-09-26,482
2009-09-26,484
2009-09-26,480
2009-09-27,467
2009-09-27,467
2009-09-27,470
2009-09-27,464
2009-09-28,455
2009-09-28,455
2009-09-28,460
2009-09-28,450
2009-09-29,445
2009-09-29,445
2009-09-29,446
2009-09-29,444
2009-09-30,431
2009-09-30,431
2009-09-30,434
2009-09-30,428
2009-10-01,417.5
2009-10-01,418
2009-10-01,420
2009-10-01,415
2009-10-02,407
2009-10-02,407
2009-10-02,409
2009-10-02,405
2009-10-03,397.5
2009-10-03,398
2009-10-03,399
2009-10-03,396
2009-10-04,389.5
2009-10-04,390
2009-10-04,392
2009-10-04,387
2009-10-05,370.5
2009-10-05,370
2009-10-05,371
2009-10-05,370
2009-10-06,355.5
2009-10-06,356
2009-10-06,360
2009-10-06,351
2009-10-07,346.5
2009-10-07,346
2009-10-07,350
2009-10-07,343
2009-10-08,334
2009-10-08,334
2009-10-08,337
2009-10-08,331
2009-10-09,324
2009-10-09,324
2009-10-09,326
2009-10-09,322
2009-10-10,314
2009-10-10,314
2009-10-10,319
2009-10-10,309
2009-10-11,296
2009-10-11,296
2009-10-11,300
2009-10-11,292
2009-10-12,283
2009-10-12,283
2009-10-12,286
2009-10-12,280
2009-10-13,271
2009-10-13,271
2009-10-13,274
2009-10-13,268
2009-10-14,260
2009-10-14,260
2009-10-14,260
2009-10-14,260
2009-10-15,248
2009-10-15,248
2009-10-15,250
2009-10-15,246
2009-10-16,241
2009-10-16,241
2009-10-16,242
2009-10-16,240
2009-10-17,236.5
2009-10-17,237
2009-10-17,238
2009-10-17,235
2009-10-18,228
2009-10-18,228
2009-10-18,233
2009-10-18,223
2009-10-19,215
2009-10-19,215
2009-10-19,217
2009-10-19,213
2009-10-20,208
2009-10-20,208
2009-10-20,210
2009-10-20,206
2009-10-21,201
2009-10-21,201
2009-10-21,203
2009-10-21,199
2009-10-22,193
2009-10-22,193
2009-10-22,196
2009-10-22,190
2009-10-23,183
2009-10-23,183
2009-10-23,186
2009-10-23,180
2009-10-24,173.5
2009-10-24,174
2009-10-24,177
2009-10-24,170
2009-10-25,165
2009-10-25,165
2009-10-25,168
2009-10-25,162
2009-10-26,154.5
2009-10-26,154
2009-10-26,157
2009-10-26,152
2009-10-27,146
2009-10-27,146
2009-10-27,148
2009-10-27,144
2009-10-28,140
2009-10-28,140
2009-10-28,140
2009-10-28,140
2009-10-29,135.5
2009-10-29,136
2009-10-29,137
2009-10-29,134
2009-10-30,134
2009-10-30,134
2009-10-30,134
2009-10-30,134
2009-10-31,134.5
2009-10-31,134
2009-10-31,134
2009-10-31,135
2009-11-01,136
2009-11-01,136
2009-11-01,135
2009-11-01,137
2009-11-02,136
2009-11-02,136
2009-11-02,135
2009-11-02,137
2009-11-03,136
2009-11-03,136
2009-11-03,136
2009-11-03,136
2009-11-04,134
2009-11-04,134
2009-11-04,134
2009-11-04,134
2009-11-05,140.5
2009-11-05,140
2009-11-05,141
2009-11-05,140
2009-11-06,140
2009-11-06,140
2009-11-06,140
2009-11-06,140
2009-11-07,142
2009-11-07,142
2009-11-07,142
2009-11-07,142
2009-11-08,135
2009-11-08,135
2009-11-08,140
2009-11-08,130
2009-11-09,134.5
2009-11-09,134
2009-11-09,136
2009-11-09,133
2009-11-10,130
2009-11-10,130
2009-11-10,131
2009-11-10,129
2009-11-11,127
2009-11-11,127
2009-11-11,128
2009-11-11,126
2009-11-12,123.5
2009-11-12,124
2009-11-12,124
2009-11-12,123
2009-11-13,120
2009-11-13,120
2009-11-13,120
2009-11-13,120
2009-11-14,123
2009-11-14,123
2009-11-14,122
2009-11-14,124
2009-11-15,124
2009-11-15,124
2009-11-15,124
2009-11-15,124
2009-11-16,124
2009-11-16,124
2009-11-16,124
2009-11-16,124
2009-11-17,121
2009-11-17,121
2009-11-17,122
2009-11-17,120
2009-11-18,116.5
2009-11-18,116
2009-11-18,117
2009-11-18,116
2009-11-19,116
2009-11-19,116
2009-11-19,116
2009-11-19,116
2009-11-20,111.5
2009-11-20,112
2009-11-20,114
2009-11-20,109
2009-11-21,109
2009-11-21,109
2009-11-21,109
2009-11-21,109
2009-11-22,102.5
2009-11-22,102
2009-11-22,105
2009-11-22,100
2009-11-23,97.5
2009-11-23,98
2009-11-23,100
2009-11-23,95
2009-11-24,90.5
2009-11-24,90
2009-11-24,93
2009-11-24,88
2009-11-25,82
2009-11-25,82
2009-11-25,84
2009-11-25,80
2009-11-26,74
2009-11-26,74
2009-11-26,75
2009-11-26,73
2009-11-27,69
2009-11-27,69
2009-11-27,70
2009-11-27,68
2009-11-28,64.5
2009-11-28,64
2009-11-28,65
2009-11-28,64
2009-11-29,64
2009-11-29,64
2009-11-29,64
2009-11-29,64
2009-11-30,61.5
2009-11-30,62
2009-11-30,62
2009-11-30,61
2009-12-01,61
2009-12-01,61
2009-12-01,61
2009-12-01,61
2009-12-02,60
2009-12-02,59.5
2009-12-02,59
2009-12-02,60
2009-12-03,60
2009-12-03,60
2009-12-03,60
2009-12-03,60
2009-12-04,64
2009-12-04,63.5
2009-12-04,62
2009-12-04,65
2009-12-05,66
2009-12-05,66
2009-12-05,67
2009-12-05,65
2009-12-06,70
2009-12-06,70
2009-12-06,70
2009-12-06,70
2009-12-07,75
2009-12-07,75
2009-12-07,75
2009-12-07,75
2009-12-08,72
2009-12-08,71.5
2009-12-08,75
2009-12-08,68
2009-12-09,72
2009-12-09,71.5
2009-12-09,70
2009-12-09,73
2009-12-10,74
2009-12-10,74
2009-12-10,74
2009-12-10,74
2009-12-11,75
2009-12-11,75
2009-12-11,74
2009-12-11,76
2009-12-12,83
2009-12-12,83
2009-12-12,82
2009-12-12,84
2009-12-13,80
2009-12-13,79.5
2009-12-13,79
2009-12-13,80
2009-12-14,97
2009-12-14,97
2009-12-14,94
2009-12-14,100
2009-12-15,106
2009-12-15,106
2009-12-15,102
2009-12-15,110
2009-12-16,119
2009-12-16,119
2009-12-16,117
2009-12-16,121
2009-12-17,127
2009-12-17,127
2009-12-17,124
2009-12-17,130
2009-12-18,138
2009-12-18,138
2009-12-18,135
2009-12-18,141
2009-12-19,148
2009-12-19,148
2009-12-19,146
2009-12-19,150
2009-12-20,158
2009-12-20,158.5
2009-12-20,158
2009-12-20,159
2009-12-21,167
2009-12-21,167
2009-12-21,166
2009-12-21,168
2009-12-22,177
2009-12-22,177
2009-12-22,177
2009-12-22,177
2009-12-23,187
2009-12-23,187
2009-12-23,186
2009-12-23,188
2009-12-24,191
2009-12-24,191
2009-12-24,189
2009-12-24,193
2009-12-25,200
2009-12-25,200
2009-12-25,198
2009-12-25,202
2009-12-26,206
2009-12-26,206
2009-12-26,204
2009-12-26,208
2009-12-27,216
2009-12-27,216
2009-12-27,214
2009-12-27,218
2009-12-28,225
2009-12-28,225
2009-12-28,222
2009-12-28,228
2009-12-29,236
2009-12-29,235.5
2009-12-29,232
2009-12-29,239
2009-12-30,245
2009-12-30,245
2009-12-30,242
2009-12-30,248
2009-12-31,252
2009-12-31,252
2009-12-31,252
2009-12-31,252
2010-01-01,256.5
2010-01-01,256
2010-01-01,255
2010-01-01,258
2010-01-02,269.5
2010-01-02,270
2010-01-02,266
2010-01-02,273
2010-01-03,283
2010-01-03,283
2010-01-03,281
2010-01-03,285
2010-01-04,292.5
2010-01-04,292
2010-01-04,291
2010-01-04,294
2010-01-05,300
2010-01-05,300
2010-01-05,300
2010-01-05,300
2010-01-06,307
2010-01-06,307
2010-01-06,307
2010-01-06,307
2010-01-07,314
2010-01-07,314
2010-01-07,314
2010-01-07,314
2010-01-08,319
2010-01-08,319
2010-01-08,319
2010-01-08,319
2010-01-09,323
2010-01-09,323
2010-01-09,322
2010-01-09,324
2010-01-10,326.5
2010-01-10,326
2010-01-10,325
2010-01-10,328
2010-01-11,330
2010-01-11,330
2010-01-11,330
2010-01-11,330
2010-01-12,335
2010-01-12,335
2010-01-12,334
2010-01-12,336
2010-01-13,341
2010-01-13,341
2010-01-13,341
2010-01-13,341
2010-01-14,345
2010-01-14,345
2010-01-14,344
2010-01-14,346
2010-01-15,349
2010-01-15,349
2010-01-15,349
2010-01-15,349
2010-01-16,354
2010-01-16,354
2010-01-16,354
2010-01-16,354
2010-01-17,359
2010-01-17,359
2010-01-17,359
2010-01-17,359
2010-01-18,365.5
2010-01-18,366
2010-01-18,365
2010-01-18,366
2010-01-19,370
2010-01-19,370
2010-01-19,370
2010-01-19,370
2010-01-20,375
2010-01-20,375
2010-01-20,375
2010-01-20,375
2010-01-21,378
2010-01-21,378
2010-01-21,378
2010-01-21,378
2010-01-22,384
2010-01-22,384
2010-01-22,384
2010-01-22,384
2010-01-23,389
2010-01-23,389
2010-01-23,388
2010-01-23,390
2010-01-24,393.5
2010-01-24,394
2010-01-24,393
2010-01-24,394
2010-01-25,395
2010-01-25,395
2010-01-25,396
2010-01-25,394
2010-01-26,398
2010-01-26,398
2010-01-26,398
2010-01-26,398
2010-01-27,402
2010-01-27,402
2010-01-27,402
2010-01-27,402
2010-01-28,406
2010-01-28,406
2010-01-28,406
2010-01-28,406
2010-01-29,412
2010-01-29,412
2010-01-29,411
2010-01-29,413
2010-01-30,416.5
2010-01-30,416
2010-01-30,415
2010-01-30,418
2010-01-31,421
2010-01-31,421
2010-01-31,420
2010-01-31,422
2010-02-01,430
2010-02-01,430
2010-02-01,428
2010-02-01,432
2010-02-02,435
2010-02-02,435
2010-02-02,435
2010-02-02,435
2010-02-03,440
2010-02-03,440
2010-02-03,438
2010-02-03,442
2010-02-04,446.5
2010-02-04,446
2010-02-04,446
2010-02-04,447
2010-02-05,449
2010-02-05,449
2010-02-05,447
2010-02-05,451
2010-02-06,453
2010-02-06,453
2010-02-06,453
2010-02-06,453
2010-02-07,457
2010-02-07,457
2010-02-07,457
2010-02-07,457
2010-02-08,461
2010-02-08,461
2010-02-08,459
2010-02-08,463
2010-02-09,463
2010-02-09,463
2010-02-09,463
2010-02-09,463
2010-02-10,466
2010-02-10,466
2010-02-10,466
2010-02-10,466
2010-02-11,469.5
2010-02-11,470
2010-02-11,469
2010-02-11,470
2010-02-12,474
2010-02-12,474
2010-02-12,472
2010-02-12,476
2010-02-13,479
2010-02-13,479
2010-02-13,478
2010-02-13,480
2010-02-14,482
2010-02-14,482
2010-02-14,482
2010-02-14,482
2010-02-15,486.5
2010-02-15,486
2010-02-15,486
2010-02-15,487
2010-02-16,488
2010-02-16,488
2010-02-16,488
2010-02-16,488
2010-02-17,489
2010-02-17,489
2010-02-17,489
2010-02-17,489
2010-02-18,493
2010-02-18,493
2010-02-18,492
2010-02-18,494
2010-02-19,495
2010-02-19,495
2010-02-19,495
2010-02-19,495
2010-02-20,496.5
2010-02-20,496
2010-02-20,496
2010-02-20,497
2010-02-21,497.5
2010-02-21,497
2010-02-21,497
2010-02-21,498
2010-02-22,500
2010-02-22,500
2010-02-22,500
2010-02-22,500
2010-02-23,501
2010-02-23,501
2010-02-23,501
2010-02-23,501
2010-02-24,501
2010-02-24,501
2010-02-24,501
2010-02-24,501
2010-02-25,501
2010-02-25,501
2010-02-25,501
2010-02-25,501
2010-02-26,504
2010-02-26,504
2010-02-26,504
2010-02-26,504
2010-02-27,511
2010-02-27,511
2010-02-27,511
2010-02-27,511
2010-02-28,513.5
2010-02-28,514
2010-02-28,513
2010-02-28,514
2010-03-01,516
2010-03-01,516
2010-03-01,516
2010-03-01,516
2010-03-02,520
2010-03-02,520
2010-03-02,520
2010-03-02,520
2010-03-03,521
2010-03-03,521
2010-03-03,521
2010-03-03,521
2010-03-04,525
2010-03-04,525
2010-03-04,525
2010-03-04,525
2010-03-05,529
2010-03-05,529
2010-03-05,529
2010-03-05,529
2010-03-06,533
2010-03-06,533
2010-03-06,533
2010-03-06,533
2010-03-07,535
2010-03-07,535
2010-03-07,535
2010-03-07,535
2010-03-08,535
2010-03-08,535
2010-03-08,535
2010-03-08,535
2010-03-09,535
2010-03-09,535
2010-03-09,535
2010-03-09,535
2010-03-10,536
2010-03-10,536
2010-03-10,536
2010-03-10,536
2010-03-11,536
2010-03-11,536
2010-03-11,536
2010-03-11,536
2010-03-12,537
2010-03-12,537
2010-03-12,537
2010-03-12,537
2010-03-13,538
2010-03-13,538
2010-03-13,538
2010-03-13,538
2010-03-14,538
2010-03-14,538
2010-03-14,538
2010-03-14,538
2010-03-15,540
2010-03-15,540
2010-03-15,540
2010-03-15,540
2010-03-16,542
2010-03-16,542
2010-03-16,541
2010-03-16,543
2010-03-17,546
2010-03-17,545.5
2010-03-17,545
2010-03-17,546
2010-03-18,548
2010-03-18,548
2010-03-18,548
2010-03-18,548
2010-03-19,550
2010-03-19,550
2010-03-19,550
2010-03-19,550
2010-03-20,552
2010-03-20,552.5
2010-03-20,552
2010-03-20,553
2010-03-21,555
2010-03-21,555
2010-03-21,555
2010-03-21,555
2010-03-22,557
2010-03-22,557
2010-03-22,557
2010-03-22,557
2010-03-23,557
2010-03-23,557
2010-03-23,557
2010-03-23,557
2010-03-24,558
2010-03-24,558
2010-03-24,558
2010-03-24,558
2010-03-25,560
2010-03-25,560
2010-03-25,559
2010-03-25,561
2010-03-26,561
2010-03-26,561
2010-03-26,560
2010-03-26,562
2010-03-27,565
2010-03-27,565
2010-03-27,564
2010-03-27,566
2010-03-28,573
2010-03-28,573
2010-03-28,571
2010-03-28,575
2010-03-29,576
2010-03-29,575.5
2010-03-29,575
2010-03-29,576
2010-03-30,580
2010-03-30,579.5
2010-03-30,579
2010-03-30,580
2010-03-31,585
2010-03-31,585
2010-03-31,584
2010-03-31,586
2010-04-01,590.5
2010-04-01,590
2010-04-01,589
2010-04-01,592
2010-04-02,602
2010-04-02,602
2010-04-02,600
2010-04-02,604
2010-04-03,608.5
2010-04-03,608
2010-04-03,608
2010-04-03,609
2010-04-04,612.5
2010-04-04,612
2010-04-04,612
2010-04-04,613
2010-04-05,615
2010-04-05,615
2010-04-05,614
2010-04-05,616
2010-04-06,618.5
2010-04-06,618
2010-04-06,618
2010-04-06,619
2010-04-07,628
2010-04-07,628
2010-04-07,627
2010-04-07,629
2010-04-08,634.5
2010-04-08,634
2010-04-08,634
2010-04-08,635
2010-04-09,638
2010-04-09,638
2010-04-09,637
2010-04-09,639
2010-04-10,645.5
2010-04-10,646
2010-04-10,644
2010-04-10,647
2010-04-11,651
2010-04-11,651
2010-04-11,651
2010-04-11,651
2010-04-12,658
2010-04-12,658
2010-04-12,657
2010-04-12,659
2010-04-13,662
2010-04-13,662
2010-04-13,662
2010-04-13,662
2010-04-14,667.5
2010-04-14,668
2010-04-14,666
2010-04-14,669
2010-04-15,674.5
2010-04-15,674
2010-04-15,673
2010-04-15,676
2010-04-16,684
2010-04-16,684
2010-04-16,682
2010-04-16,686
2010-04-17,687.5
2010-04-17,688
2010-04-17,687
2010-04-17,688
2010-04-18,694
2010-04-18,694
2010-04-18,693
2010-04-18,695
2010-04-19,699
2010-04-19,699
2010-04-19,699
2010-04-19,699
2010-04-20,704
2010-04-20,704
2010-04-20,703
2010-04-20,705
2010-04-21,709.5
2010-04-21,710
2010-04-21,709
2010-04-21,710
2010-04-22,718
2010-04-22,718
2010-04-22,717
2010-04-22,719
2010-04-23,720
2010-04-23,720
2010-04-23,720
2010-04-23,720
2010-04-24,724
2010-04-24,724
2010-04-24,724
2010-04-24,724
2010-04-25,728
2010-04-25,728
2010-04-25,728
2010-04-25,728
2010-04-26,732
2010-04-26,732
2010-04-26,732
2010-04-26,732
2010-04-27,734.5
2010-04-27,734
2010-04-27,734
2010-04-27,735
2010-04-28,738
2010-04-28,738
2010-04-28,738
2010-04-28,738
2010-04-29,742
2010-04-29,742
2010-04-29,740
2010-04-29,744
2010-04-30,748.5
2010-04-30,748
2010-04-30,748
2010-04-30,749
2010-05-01,750
2010-05-01,750
2010-05-01,749
2010-05-01,751
2010-05-02,754
2010-05-02,753.5
2010-05-02,753
2010-05-02,754
2010-05-03,757
2010-05-03,757
2010-05-03,756
2010-05-03,758
2010-05-04,760
2010-05-04,760
2010-05-04,759
2010-05-04,761
2010-05-05,764
2010-05-05,763.5
2010-05-05,763
2010-05-05,764
2010-05-06,768
2010-05-06,768.5
2010-05-06,768
2010-05-06,769
2010-05-07,770
2010-05-07,770
2010-05-07,770
2010-05-07,770
2010-05-08,770
2010-05-08,770.5
2010-05-08,771
2010-05-08,770
2010-05-09,770
2010-05-09,770.5
2010-05-09,770
2010-05-09,771
2010-05-10,771
2010-05-10,771
2010-05-10,771
2010-05-10,771
2010-05-11,774
2010-05-11,773.5
2010-05-11,773
2010-05-11,774
2010-05-12,775
2010-05-12,775
2010-05-12,775
2010-05-12,775
2010-05-13,777
2010-05-13,777
2010-05-13,777
2010-05-13,777
2010-05-14,781
2010-05-14,781
2010-05-14,781
2010-05-14,781
2010-05-15,783
2010-05-15,783
2010-05-15,782
2010-05-15,784
2010-05-16,785
2010-05-16,785
2010-05-16,785
2010-05-16,785
2010-05-17,786
2010-05-17,786.5
2010-05-17,786
2010-05-17,787
2010-05-18,788
2010-05-18,788
2010-05-18,788
2010-05-18,788
2010-05-19,786
2010-05-19,786.5
2010-05-19,784
2010-05-19,789
2010-05-20,790
2010-05-20,790.5
2010-05-20,790
2010-05-20,791
2010-05-21,792
2010-05-21,792.5
2010-05-21,792
2010-05-21,793
2010-05-22,792
2010-05-22,792.5
2010-05-22,792
2010-05-22,793
2010-05-23,796
2010-05-23,796
2010-05-23,795
2010-05-23,797
2010-05-24,797
2010-05-24,797
2010-05-24,798
2010-05-24,796
2010-05-25,796
2010-05-25,796.5
2010-05-25,796
2010-05-25,797
2010-05-26,796
2010-05-26,796
2010-05-26,796
2010-05-26,796
2010-05-27,796
2010-05-27,796
2010-05-27,796
2010-05-27,796
2010-05-28,797
2010-05-28,797
2010-05-28,796
2010-05-28,798
2010-05-29,800
2010-05-29,799.5
2010-05-29,799
2010-05-29,800
2010-05-30,804
2010-05-30,804
2010-05-30,804
2010-05-30,804
2010-05-31,804
2010-05-31,804
2010-05-31,804
2010-05-31,804
2010-06-01,803
2010-06-01,803
2010-06-01,803
2010-06-01,803
2010-06-02,803.5
2010-06-02,804
2010-06-02,803
2010-06-02,804
2010-06-03,804
2010-06-03,804
2010-06-03,804
2010-06-03,804
2010-06-04,804
2010-06-04,804
2010-06-04,804
2010-06-04,804
2010-06-05,803.5
2010-06-05,804
2010-06-05,804
2010-06-05,803
2010-06-06,802.5
2010-06-06,802
2010-06-06,803
2010-06-06,802
2010-06-07,800.5
2010-06-07,801
2010-06-07,801
2010-06-07,800
2010-06-08,798.5
2010-06-08,798
2010-06-08,799
2010-06-08,798
2010-06-09,798
2010-06-09,798
2010-06-09,798
2010-06-09,798
2010-06-10,798
2010-06-10,798
2010-06-10,798
2010-06-10,798
2010-06-11,796
2010-06-11,796
2010-06-11,796
2010-06-11,796
2010-06-12,793
2010-06-12,793
2010-06-12,794
2010-06-12,792
2010-06-13,791
2010-06-13,791
2010-06-13,791
2010-06-13,791
2010-06-14,788.5
2010-06-14,788
2010-06-14,789
2010-06-14,788
2010-06-15,785
2010-06-15,785
2010-06-15,786
2010-06-15,784
2010-06-16,782
2010-06-16,782
2010-06-16,782
2010-06-16,782
2010-06-17,780
2010-06-17,780
2010-06-17,780
2010-06-17,780
2010-06-18,781
2010-06-18,781
2010-06-18,782
2010-06-18,780
2010-06-19,779
2010-06-19,779
2010-06-19,779
2010-06-19,779
2010-06-20,776.5
2010-06-20,776
2010-06-20,777
2010-06-20,776
2010-06-21,775
2010-06-21,775
2010-06-21,776
2010-06-21,774
2010-06-22,770
2010-06-22,770
2010-06-22,770
2010-06-22,770
2010-06-23,769
2010-06-23,769
2010-06-23,770
2010-06-23,768
2010-06-24,766
2010-06-24,766
2010-06-24,767
2010-06-24,765
2010-06-25,762
2010-06-25,762
2010-06-25,763
2010-06-25,761
2010-06-26,759
2010-06-26,759
2010-06-26,759
2010-06-26,759
2010-06-27,755
2010-06-27,755
2010-06-27,756
2010-06-27,754
2010-06-28,751.5
2010-06-28,752
2010-06-28,753
2010-06-28,750
2010-06-29,748.5
2010-06-29,748
2010-06-29,749
2010-06-29,748
2010-06-30,744.5
2010-06-30,744
2010-06-30,745
2010-06-30,744
2010-07-01,740
2010-07-01,740.5
2010-07-01,741
2010-07-01,740
2010-07-02,737
2010-07-02,737
2010-07-02,738
2010-07-02,736
2010-07-03,733
2010-07-03,733
2010-07-03,734
2010-07-03,732
2010-07-04,728
2010-07-04,728.5
2010-07-04,729
2010-07-04,728
2010-07-05,725
2010-07-05,725
2010-07-05,726
2010-07-05,724
2010-07-06,724
2010-07-06,723.5
2010-07-06,724
2010-07-06,723
2010-07-07,722
2010-07-07,722
2010-07-07,722
2010-07-07,722
2010-07-08,720
2010-07-08,720
2010-07-08,720
2010-07-08,720
2010-07-09,717
2010-07-09,717
2010-07-09,718
2010-07-09,716
2010-07-10,714
2010-07-10,713.5
2010-07-10,714
2010-07-10,713
2010-07-11,710
2010-07-11,710.5
2010-07-11,711
2010-07-11,710
2010-07-12,710
2010-07-12,709.5
2010-07-12,710
2010-07-12,709
2010-07-13,708
2010-07-13,707.5
2010-07-13,708
2010-07-13,707
2010-07-14,705
2010-07-14,705
2010-07-14,706
2010-07-14,704
2010-07-15,702
2010-07-15,702
2010-07-15,702
2010-07-15,702
2010-07-16,700
2010-07-16,699.5
2010-07-16,700
2010-07-16,699
2010-07-17,698
2010-07-17,698.5
2010-07-17,699
2010-07-17,698
2010-07-18,698
2010-07-18,698
2010-07-18,698
2010-07-18,698
2010-07-19,696
2010-07-19,695.5
2010-07-19,694
2010-07-19,697
2010-07-20,694
2010-07-20,694.5
2010-07-20,695
2010-07-20,694
2010-07-21,690
2010-07-21,690.5
2010-07-21,691
2010-07-21,690
2010-07-22,685
2010-07-22,685
2010-07-22,685
2010-07-22,685
2010-07-23,682
2010-07-23,682
2010-07-23,683
2010-07-23,681
2010-07-24,677
2010-07-24,677
2010-07-24,679
2010-07-24,675
2010-07-25,671
2010-07-25,671
2010-07-25,672
2010-07-25,670
2010-07-26,666
2010-07-26,666.5
2010-07-26,668
2010-07-26,665
2010-07-27,664
2010-07-27,663.5
2010-07-27,665
2010-07-27,662
2010-07-28,660
2010-07-28,659.5
2010-07-28,660
2010-07-28,659
2010-07-29,657
2010-07-29,657
2010-07-29,658
2010-07-29,656
2010-07-30,654
2010-07-30,654
2010-07-30,654
2010-07-30,654
2010-07-31,650
2010-07-31,650
2010-07-31,650
2010-07-31,650
2010-08-01,645
2010-08-01,645
2010-08-01,646
2010-08-01,644
2010-08-02,640
2010-08-02,640.5
2010-08-02,642
2010-08-02,639
2010-08-03,636
2010-08-03,635.5
2010-08-03,637
2010-08-03,634
2010-08-04,630
2010-08-04,630
2010-08-04,630
2010-08-04,630
2010-08-05,625
2010-08-05,625
2010-08-05,626
2010-08-05,624
2010-08-06,621
2010-08-06,621
2010-08-06,622
2010-08-06,620
2010-08-07,615
2010-08-07,615
2010-08-07,617
2010-08-07,613
2010-08-08,609
2010-08-08,609
2010-08-08,610
2010-08-08,608
2010-08-09,603
2010-08-09,603
2010-08-09,604
2010-08-09,602
2010-08-10,598
2010-08-10,598.5
2010-08-10,600
2010-08-10,597
2010-08-11,595
2010-08-11,595
2010-08-11,595
2010-08-11,595
2010-08-12,590
2010-08-12,590.5
2010-08-12,592
2010-08-12,589
2010-08-13,587
2010-08-13,587
2010-08-13,588
2010-08-13,586
2010-08-14,584
2010-08-14,584.5
2010-08-14,586
2010-08-14,583
2010-08-15,580
2010-08-15,580
2010-08-15,580
2010-08-15,580
2010-08-16,575
2010-08-16,575
2010-08-16,576
2010-08-16,574
2010-08-17,567
2010-08-17,567
2010-08-17,568
2010-08-17,566
2010-08-18,560
2010-08-18,560.5
2010-08-18,562
2010-08-18,559
2010-08-19,554
2010-08-19,553.5
2010-08-19,555
2010-08-19,552
2010-08-20,544
2010-08-20,544.5
2010-08-20,546
2010-08-20,543
2010-08-21,536
2010-08-21,536
2010-08-21,538
2010-08-21,534
2010-08-22,528
2010-08-22,528
2010-08-22,530
2010-08-22,526
2010-08-23,520
2010-08-23,520.5
2010-08-23,522
2010-08-23,519
2010-08-24,514
2010-08-24,513.5
2010-08-24,515
2010-08-24,512
2010-08-25,507
2010-08-25,507
2010-08-25,508
2010-08-25,506
2010-08-26,500
2010-08-26,499.5
2010-08-26,501
2010-08-26,498
2010-08-27,492
2010-08-27,492
2010-08-27,494
2010-08-27,490
2010-08-28,482
2010-08-28,482
2010-08-28,486
2010-08-28,478
2010-08-29,474
2010-08-29,473.5
2010-08-29,475
2010-08-29,472
2010-08-30,464
2010-08-30,464
2010-08-30,466
2010-08-30,462
2010-08-31,453
2010-08-31,453
2010-08-31,456
2010-08-31,450
2010-09-01,439
2010-09-01,439
2010-09-01,442
2010-09-01,436
2010-09-02,426
2010-09-02,426.5
2010-09-02,429
2010-09-02,424
2010-09-03,413
2010-09-03,413
2010-09-03,416
2010-09-03,410
2010-09-04,399
2010-09-04,399
2010-09-04,400
2010-09-04,398
2010-09-05,385
2010-09-05,385
2010-09-05,388
2010-09-05,382
2010-09-06,372
2010-09-06,372
2010-09-06,374
2010-09-06,370
2010-09-07,362
2010-09-07,362
2010-09-07,362
2010-09-07,362
2010-09-08,350
2010-09-08,349.5
2010-09-08,352
2010-09-08,347
2010-09-09,339
2010-09-09,339
2010-09-09,340
2010-09-09,338
2010-09-10,330
2010-09-10,330
2010-09-10,332
2010-09-10,328
2010-09-11,320
2010-09-11,320
2010-09-11,322
2010-09-11,318
2010-09-12,309
2010-09-12,309
2010-09-12,312
2010-09-12,306
2010-09-13,299
2010-09-13,299
2010-09-13,302
2010-09-13,296
2010-09-14,286
2010-09-14,286
2010-09-14,290
2010-09-14,282
2010-09-15,272
2010-09-15,272
2010-09-15,274
2010-09-15,270
2010-09-16,258
2010-09-16,258
2010-09-16,260
2010-09-16,256
2010-09-17,243
2010-09-17,243
2010-09-17,246
2010-09-17,240
2010-09-18,227
2010-09-18,227
2010-09-18,230
2010-09-18,224
2010-09-19,212
2010-09-19,212.5
2010-09-19,215
2010-09-19,210
2010-09-20,199
2010-09-20,199
2010-09-20,200
2010-09-20,198
2010-09-21,188
2010-09-21,187.5
2010-09-21,189
2010-09-21,186
2010-09-22,175
2010-09-22,175
2010-09-22,178
2010-09-22,172
2010-09-23,166
2010-09-23,166.5
2010-09-23,168
2010-09-23,165
2010-09-24,159
2010-09-24,159
2010-09-24,160
2010-09-24,158
2010-09-25,152
2010-09-25,152
2010-09-25,154
2010-09-25,150
2010-09-26,147
2010-09-26,147
2010-09-26,148
2010-09-26,146
2010-09-27,138
2010-09-27,138
2010-09-27,140
2010-09-27,136
2010-09-28,130
2010-09-28,130
2010-09-28,134
2010-09-28,126
2010-09-29,122
2010-09-29,122
2010-09-29,126
2010-09-29,118
2010-09-30,112
2010-09-30,112
2010-09-30,116
2010-09-30,108
2010-10-01,98
2010-10-01,98.5
2010-10-01,103
2010-10-01,94
2010-10-02,92
2010-10-02,92
2010-10-02,94
2010-10-02,90
2010-10-03,83
2010-10-03,83
2010-10-03,84
2010-10-03,82
2010-10-04,75
2010-10-04,75
2010-10-04,76
2010-10-04,74
2010-10-05,68
2010-10-05,68
2010-10-05,72
2010-10-05,64
2010-10-06,72
2010-10-06,72
2010-10-06,72
2010-10-06,72
2010-10-07,71
2010-10-07,71
2010-10-07,70
2010-10-07,72
2010-10-08,69
2010-10-08,69
2010-10-08,68
2010-10-08,70
2010-10-09,68
2010-10-09,67.5
2010-10-09,66
2010-10-09,69
2010-10-10,67
2010-10-10,67
2010-10-10,68
2010-10-10,66
2010-10-11,58
2010-10-11,58.5
2010-10-11,62
2010-10-11,55
2010-10-12,50
2010-10-12,50
2010-10-12,56
2010-10-12,44
2010-10-13,38
2010-10-13,38.5
2010-10-13,44
2010-10-13,33
2010-10-14,25
2010-10-14,25
2010-10-14,30
2010-10-14,20
2010-10-15,10
2010-10-15,10.5
2010-10-15,13
2010-10-15,8
2010-10-16,5
2010-10-16,5
2010-10-16,5
2010-10-16,5
2010-10-17,18
2010-10-17,18
2010-10-17,14
2010-10-17,22
2010-10-18,28
2010-10-18,28.5
2010-10-18,26
2010-10-18,31
2010-10-19,41
2010-10-19,41
2010-10-19,41
2010-10-19,41
2010-10-20,40
2010-10-20,40
2010-10-20,41
2010-10-20,39
2010-10-21,47
2010-10-21,47
2010-10-21,52
2010-10-21,42
2010-10-22,50
2010-10-22,49.5
2010-10-22,52
2010-10-22,47
2010-10-23,46
2010-10-23,46
2010-10-23,46
2010-10-23,46
2010-10-24,43
2010-10-24,43
2010-10-24,41
2010-10-24,45
2010-10-25,43
2010-10-25,43
2010-10-25,41
2010-10-25,45
2010-10-26,44
2010-10-26,44
2010-10-26,43
2010-10-26,45
2010-10-27,41
2010-10-27,41
2010-10-27,42
2010-10-27,40
2010-10-28,52
2010-10-28,51.5
2010-10-28,45
2010-10-28,58
2010-10-29,56
2010-10-29,56
2010-10-29,50
2010-10-29,62
2010-10-30,52
2010-10-30,52.5
2010-10-30,46
2010-10-30,59
2010-10-31,48
2010-10-31,48.5
2010-10-31,45
2010-10-31,52
2010-11-01,49
2010-11-01,49
2010-11-01,48
2010-11-01,50
2010-11-02,50
2010-11-02,50
2010-11-02,49
2010-11-02,51
2010-11-03,43.5
2010-11-03,44
2010-11-03,46
2010-11-03,41
2010-11-04,35.5
2010-11-04,36
2010-11-04,42
2010-11-04,29
2010-11-05,32
2010-11-05,32
2010-11-05,42
2010-11-05,22
2010-11-06,23.5
2010-11-06,24
2010-11-06,31
2010-11-06,16
2010-11-07,14
2010-11-07,14
2010-11-07,18
2010-11-07,10
2010-11-08,11
2010-11-08,11
2010-11-08,8
2010-11-08,14
2010-11-09,17.5
2010-11-09,18
2010-11-09,12
2010-11-09,23
2010-11-10,22
2010-11-10,22
2010-11-10,14
2010-11-10,30
2010-11-11,24
2010-11-11,24
2010-11-11,18
2010-11-11,30
2010-11-12,23.5
2010-11-12,24
2010-11-12,17
2010-11-12,30
2010-11-13,34
2010-11-13,34
2010-11-13,31
2010-11-13,37
2010-11-14,38
2010-11-14,38
2010-11-14,38
2010-11-14,38
2010-11-15,40.5
2010-11-15,40
2010-11-15,38
2010-11-15,43
2010-11-16,43
2010-11-16,43
2010-11-16,43
2010-11-16,43
2010-11-17,39
2010-11-17,39
2010-11-17,43
2010-11-17,35
2010-11-18,31.5
2010-11-18,32
2010-11-18,33
2010-11-18,30
2010-11-19,29
2010-11-19,29
2010-11-19,31
2010-11-19,27
2010-11-20,18.5
2010-11-20,18
2010-11-20,23
2010-11-20,14
2010-11-21,9.5
2010-11-21,10
2010-11-21,14
2010-11-21,5
2010-11-22,2.5
2010-11-22,2
2010-11-22,1
2010-11-22,4
2010-11-23,5
2010-11-23,5
2010-11-23,6
2010-11-23,4
2010-11-24,16.5
2010-11-24,16
2010-11-24,14
2010-11-24,19
2010-11-25,23
2010-11-25,23
2010-11-25,26
2010-11-25,20
2010-11-26,32
2010-11-26,32
2010-11-26,34
2010-11-26,30
2010-11-27,36
2010-11-27,36
2010-11-27,34
2010-11-27,38
2010-11-28,37
2010-11-28,37
2010-11-28,36
2010-11-28,38
2010-11-29,41
2010-11-29,41
2010-11-29,40
2010-11-29,42
2010-11-30,46.5
2010-11-30,46
2010-11-30,45
2010-11-30,48
2010-12-01,53
2010-12-01,53
2010-12-01,50
2010-12-01,55
2010-12-02,60
2010-12-02,60
2010-12-02,58
2010-12-02,62
2010-12-03,67
2010-12-03,67
2010-12-03,66
2010-12-03,68
2010-12-04,73
2010-12-04,73
2010-12-04,72
2010-12-04,74
2010-12-05,79
2010-12-05,79
2010-12-05,78
2010-12-05,80
2010-12-06,89
2010-12-06,89
2010-12-06,84
2010-12-06,94
2010-12-07,98
2010-12-07,98
2010-12-07,96
2010-12-07,99
2010-12-08,106
2010-12-08,106
2010-12-08,102
2010-12-08,109
2010-12-09,112
2010-12-09,112
2010-12-09,112
2010-12-09,112
2010-12-10,118
2010-12-10,118
2010-12-10,118
2010-12-10,118
2010-12-11,120
2010-12-11,120
2010-12-11,122
2010-12-11,118
2010-12-12,122
2010-12-12,122
2010-12-12,122
2010-12-12,122
2010-12-13,120
2010-12-13,120
2010-12-13,120
2010-12-13,120
2010-12-14,120
2010-12-14,120
2010-12-14,120
2010-12-14,120
2010-12-15,120
2010-12-15,120
2010-12-15,120
2010-12-15,120
2010-12-16,120
2010-12-16,120
2010-12-16,120
2010-12-16,120
2010-12-17,125
2010-12-17,125
2010-12-17,122
2010-12-17,127
2010-12-18,127
2010-12-18,127
2010-12-18,127
2010-12-18,127
2010-12-19,127
2010-12-19,127
2010-12-19,127
2010-12-19,127
2010-12-20,138
2010-12-20,138
2010-12-20,138
2010-12-20,138
2010-12-21,149
2010-12-21,149
2010-12-21,149
2010-12-21,148
2010-12-22,151
2010-12-22,151
2010-12-22,150
2010-12-22,152
2010-12-23,158
2010-12-23,158
2010-12-23,158
2010-12-23,158
2010-12-24,164
2010-12-24,164
2010-12-24,164
2010-12-24,164
2010-12-25,168
2010-12-25,168
2010-12-25,168
2010-12-25,168
2010-12-26,176
2010-12-26,176
2010-12-26,176
2010-12-26,176
2010-12-27,182
2010-12-27,182
2010-12-27,182
2010-12-27,182
2010-12-28,190
2010-12-28,190
2010-12-28,190
2010-12-28,190
2010-12-29,190
2010-12-29,190
2010-12-29,190
2010-12-29,190
2010-12-30,192
2010-12-30,192
2010-12-30,192
2010-12-30,192
2010-12-31,196
2010-12-31,196
2010-12-31,196
2010-12-31,196
2011-01-01,200.5
2011-01-01,200
2011-01-01,202
2011-01-01,199
2011-01-02,200
2011-01-02,200
2011-01-02,201
2011-01-02,199
2011-01-03,200
2011-01-03,200
2011-01-03,200
2011-01-03,200
2011-01-04,203
2011-01-04,203
2011-01-04,202
2011-01-04,204
2011-01-05,205.5
2011-01-05,206
2011-01-05,205
2011-01-05,206
2011-01-06,212
2011-01-06,212
2011-01-06,210
2011-01-06,214
2011-01-07,216
2011-01-07,216
2011-01-07,216
2011-01-07,216
2011-01-08,220
2011-01-08,220
2011-01-08,220
2011-01-08,220
2011-01-09,226
2011-01-09,226
2011-01-09,226
2011-01-09,226
2011-01-10,232
2011-01-10,232
2011-01-10,232
2011-01-10,232
2011-01-11,236
2011-01-11,236
2011-01-11,236
2011-01-11,236
2011-01-12,243
2011-01-12,243
2011-01-12,242
2011-01-12,244
2011-01-13,248
2011-01-13,248
2011-01-13,246
2011-01-13,250
2011-01-14,250
2011-01-14,250
2011-01-14,250
2011-01-14,250
2011-01-15,250.5
2011-01-15,250
2011-01-15,250
2011-01-15,251
2011-01-16,251
2011-01-16,251
2011-01-16,251
2011-01-16,251
2011-01-17,260
2011-01-17,260
2011-01-17,260
2011-01-17,260
2011-01-18,266
2011-01-18,266
2011-01-18,264
2011-01-18,268
2011-01-19,278
2011-01-19,278
2011-01-19,276
2011-01-19,280
2011-01-20,288
2011-01-20,288
2011-01-20,286
2011-01-20,290
2011-01-21,299
2011-01-21,299
2011-01-21,298
2011-01-21,300
2011-01-22,307.5
2011-01-22,308
2011-01-22,306
2011-01-22,309
2011-01-23,315
2011-01-23,315
2011-01-23,314
2011-01-23,316
2011-01-24,320
2011-01-24,320
2011-01-24,320
2011-01-24,320
2011-01-25,327
2011-01-25,327
2011-01-25,326
2011-01-25,328
2011-01-26,335
2011-01-26,335
2011-01-26,334
2011-01-26,336
2011-01-27,340
2011-01-27,340
2011-01-27,340
2011-01-27,340
2011-01-28,344
2011-01-28,344
2011-01-28,342
2011-01-28,346
2011-01-29,350
2011-01-29,350
2011-01-29,350
2011-01-29,350
2011-01-30,354
2011-01-30,354
2011-01-30,354
2011-01-30,354
2011-01-31,357
2011-01-31,357
2011-01-31,356
2011-01-31,358
2011-02-01,367
2011-02-01,367
2011-02-01,366
2011-02-01,368
2011-02-02,374
2011-02-02,374
2011-02-02,372
2011-02-02,376
2011-02-03,380
2011-02-03,380
2011-02-03,380
2011-02-03,380
2011-02-04,390
2011-02-04,390
2011-02-04,390
2011-02-04,390
2011-02-05,400
2011-02-05,400
2011-02-05,400
2011-02-05,400
2011-02-06,408
2011-02-06,408
2011-02-06,408
2011-02-06,408
2011-02-07,414
2011-02-07,414
2011-02-07,413
2011-02-07,415
2011-02-08,420.5
2011-02-08,420
2011-02-08,420
2011-02-08,421
2011-02-09,429
2011-02-09,429
2011-02-09,428
2011-02-09,430
2011-02-10,434
2011-02-10,434
2011-02-10,434
2011-02-10,434
2011-02-11,438.5
2011-02-11,438
2011-02-11,439
2011-02-11,438
2011-02-12,439
2011-02-12,439
2011-02-12,438
2011-02-12,440
2011-02-13,444
2011-02-13,444
2011-02-13,444
2011-02-13,444
2011-02-14,447
2011-02-14,447
2011-02-14,446
2011-02-14,448
2011-02-15,452
2011-02-15,452
2011-02-15,452
2011-02-15,452
2011-02-16,456
2011-02-16,456
2011-02-16,456
2011-02-16,456
2011-02-17,461
2011-02-17,461
2011-02-17,460
2011-02-17,462
2011-02-18,466
2011-02-18,466
2011-02-18,466
2011-02-18,466
2011-02-19,474
2011-02-19,474
2011-02-19,472
2011-02-19,476
2011-02-20,478
2011-02-20,478
2011-02-20,478
2011-02-20,478
2011-02-21,486
2011-02-21,486
2011-02-21,482
2011-02-21,490
2011-02-22,494
2011-02-22,494
2011-02-22,492
2011-02-22,496
2011-02-23,499
2011-02-23,499
2011-02-23,498
2011-02-23,500
2011-02-24,507
2011-02-24,507
2011-02-24,504
2011-02-24,510
2011-02-25,513
2011-02-25,513
2011-02-25,511
2011-02-25,515
2011-02-26,522
2011-02-26,522
2011-02-26,520
2011-02-26,524
2011-02-27,532
2011-02-27,532
2011-02-27,530
2011-02-27,534
2011-02-28,536.5
2011-02-28,536
2011-02-28,536
2011-02-28,537
2011-03-01,540
2011-03-01,540
2011-03-01,540
2011-03-01,540
2011-03-02,542
2011-03-02,542
2011-03-02,542
2011-03-02,542
2011-03-03,546
2011-03-03,546.5
2011-03-03,546
2011-03-03,547
2011-03-04,550
2011-03-04,550
2011-03-04,550
2011-03-04,550
2011-03-05,552
2011-03-05,552
2011-03-05,552
2011-03-05,552
2011-03-06,560
2011-03-06,560
2011-03-06,557
2011-03-06,563
2011-03-07,566
2011-03-07,566
2011-03-07,565
2011-03-07,567
2011-03-08,571
2011-03-08,571
2011-03-08,570
2011-03-08,572
2011-03-09,576
2011-03-09,575.5
2011-03-09,574
2011-03-09,577
2011-03-10,580
2011-03-10,580
2011-03-10,578
2011-03-10,582
2011-03-11,590
2011-03-11,590
2011-03-11,588
2011-03-11,592
2011-03-12,595
2011-03-12,595
2011-03-12,594
2011-03-12,596
2011-03-13,601
2011-03-13,601
2011-03-13,600
2011-03-13,602
2011-03-14,606
2011-03-14,606.5
2011-03-14,606
2011-03-14,607
2011-03-15,614
2011-03-15,614.5
2011-03-15,613
2011-03-15,616
2011-03-16,619
2011-03-16,619
2011-03-16,618
2011-03-16,620
2011-03-17,624
2011-03-17,623.5
2011-03-17,622
2011-03-17,625
2011-03-18,626
2011-03-18,626.5
2011-03-18,626
2011-03-18,627
2011-03-19,632
2011-03-19,632.5
2011-03-19,629
2011-03-19,636
2011-03-20,638
2011-03-20,638
2011-03-20,637
2011-03-20,639
2011-03-21,643
2011-03-21,643
2011-03-21,642
2011-03-21,644
2011-03-22,645
2011-03-22,645
2011-03-22,644
2011-03-22,646
2011-03-23,652
2011-03-23,652
2011-03-23,652
2011-03-23,652
2011-03-24,660
2011-03-24,659.5
2011-03-24,659
2011-03-24,660
2011-03-25,665
2011-03-25,665
2011-03-25,664
2011-03-25,666
2011-03-26,671
2011-03-26,671
2011-03-26,670
2011-03-26,672
2011-03-27,678
2011-03-27,678
2011-03-27,678
2011-03-27,678
2011-03-28,683
2011-03-28,683
2011-03-28,682
2011-03-28,684
2011-03-29,686
2011-03-29,685.5
2011-03-29,685
2011-03-29,686
2011-03-30,688
2011-03-30,688.5
2011-03-30,688
2011-03-30,689
2011-03-31,692
2011-03-31,692.5
2011-03-31,692
2011-03-31,693
2011-04-01,697
2011-04-01,697
2011-04-01,696
2011-04-01,698
2011-04-02,704
2011-04-02,704
2011-04-02,704
2011-04-02,704
2011-04-03,708
2011-04-03,708
2011-04-03,708
2011-04-03,708
2011-04-04,711
2011-04-04,711
2011-04-04,711
2011-04-04,711
2011-04-05,712
2011-04-05,712
2011-04-05,712
2011-04-05,712
2011-04-06,713
2011-04-06,713
2011-04-06,712
2011-04-06,714
2011-04-07,717
2011-04-07,717
2011-04-07,716
2011-04-07,718
2011-04-08,729
2011-04-08,729
2011-04-08,728
2011-04-08,730
2011-04-09,732
2011-04-09,732
2011-04-09,732
2011-04-09,732
2011-04-10,742
2011-04-10,742
2011-04-10,742
2011-04-10,742
2011-04-11,743
2011-04-11,743
2011-04-11,742
2011-04-11,744
2011-04-12,747
2011-04-12,747
2011-04-12,746
2011-04-12,748
2011-04-13,751
2011-04-13,751
2011-04-13,750
2011-04-13,752
2011-04-14,756
2011-04-14,756
2011-04-14,754
2011-04-14,758
2011-04-15,764
2011-04-15,764
2011-04-15,764
2011-04-15,764
2011-04-16,764
2011-04-16,764
2011-04-16,764
2011-04-16,764
2011-04-17,769
2011-04-17,769
2011-04-17,768
2011-04-17,770
2011-04-18,775
2011-04-18,775
2011-04-18,774
2011-04-18,776
2011-04-19,779
2011-04-19,779
2011-04-19,778
2011-04-19,780
2011-04-20,782
2011-04-20,782.5
2011-04-20,782
2011-04-20,783
2011-04-21,785
2011-04-21,785
2011-04-21,784
2011-04-21,786
2011-04-22,788
2011-04-22,788
2011-04-22,788
2011-04-22,788
2011-04-23,800
2011-04-23,800
2011-04-23,800
2011-04-23,800
2011-04-24,802
2011-04-24,802
2011-04-24,802
2011-04-24,802
2011-04-25,805
2011-04-25,805
2011-04-25,804
2011-04-25,806
2011-04-26,808
2011-04-26,808
2011-04-26,808
2011-04-26,808
2011-04-27,813
2011-04-27,813
2011-04-27,812
2011-04-27,814
2011-04-28,814
2011-04-28,814
2011-04-28,814
2011-04-28,814
2011-04-29,816
2011-04-29,816.5
2011-04-29,816
2011-04-29,817
2011-04-30,818
2011-04-30,817.5
2011-04-30,818
2011-04-30,817
2011-05-01,820
2011-05-01,820
2011-05-01,820
2011-05-01,820
2011-05-02,820
2011-05-02,820
2011-05-02,820
2011-05-02,820
2011-05-03,822
2011-05-03,822
2011-05-03,822
2011-05-03,822
2011-05-04,823
2011-05-04,823
2011-05-04,822
2011-05-04,824
2011-05-05,825
2011-05-05,825
2011-05-05,825
2011-05-05,825
2011-05-06,825.5
2011-05-06,826
2011-05-06,825
2011-05-06,826
2011-05-07,826.5
2011-05-07,826
2011-05-07,826
2011-05-07,827
2011-05-08,828
2011-05-08,828
2011-05-08,828
2011-05-08,828
2011-05-09,828
2011-05-09,828
2011-05-09,828
2011-05-09,828
2011-05-10,828
2011-05-10,828
2011-05-10,828
2011-05-10,828
2011-05-11,828
2011-05-11,828
2011-05-11,828
2011-05-11,828
2011-05-12,831
2011-05-12,831
2011-05-12,831
2011-05-12,831
2011-05-13,834.5
2011-05-13,835
2011-05-13,834
2011-05-13,835
2011-05-14,836
2011-05-14,836
2011-05-14,836
2011-05-14,836
2011-05-15,836.5
2011-05-15,836
2011-05-15,836
2011-05-15,837
2011-05-16,838
2011-05-16,838
2011-05-16,838
2011-05-16,838
2011-05-17,839
2011-05-17,839
2011-05-17,838
2011-05-17,840
2011-05-18,845
2011-05-18,845
2011-05-18,844
2011-05-18,846
2011-05-19,848
2011-05-19,848
2011-05-19,848
2011-05-19,848
2011-05-20,848
2011-05-20,848
2011-05-20,848
2011-05-20,848
2011-05-21,849
2011-05-21,849
2011-05-21,849
2011-05-21,849
2011-05-22,851
2011-05-22,851
2011-05-22,850
2011-05-22,852
2011-05-23,852
2011-05-23,852
2011-05-23,852
2011-05-23,852
2011-05-24,852
2011-05-24,852
2011-05-24,852
2011-05-24,852
2011-05-25,852
2011-05-25,852
2011-05-25,852
2011-05-25,852
2011-05-26,853.5
2011-05-26,854
2011-05-26,853
2011-05-26,854
2011-05-27,854
2011-05-27,854
2011-05-27,854
2011-05-27,854
2011-05-28,854
2011-05-28,854
2011-05-28,854
2011-05-28,854
2011-05-29,854
2011-05-29,854
2011-05-29,854
2011-05-29,854
2011-05-30,854.5
2011-05-30,854
2011-05-30,854
2011-05-30,855
2011-05-31,857
2011-05-31,857
2011-05-31,856
2011-05-31,858
2011-06-01,858
2011-06-01,858
2011-06-01,858
2011-06-01,858
2011-06-02,858
2011-06-02,858
2011-06-02,858
2011-06-02,858
2011-06-03,858
2011-06-03,858
2011-06-03,858
2011-06-03,858
2011-06-04,858
2011-06-04,858
2011-06-04,858
2011-06-04,858
2011-06-05,858
2011-06-05,858
2011-06-05,858
2011-06-05,858
2011-06-06,857
2011-06-06,857
2011-06-06,858
2011-06-06,856
2011-06-07,856
2011-06-07,856
2011-06-07,856
2011-06-07,856
2011-06-08,856
2011-06-08,856
2011-06-08,856
2011-06-08,856
2011-06-09,856
2011-06-09,856
2011-06-09,856
2011-06-09,856
2011-06-10,854
2011-06-10,854
2011-06-10,854
2011-06-10,854
2011-06-11,854
2011-06-11,854
2011-06-11,854
2011-06-11,854
2011-06-12,854
2011-06-12,854
2011-06-12,854
2011-06-12,854
2011-06-13,852
2011-06-13,852
2011-06-13,852
2011-06-13,852
2011-06-14,850
2011-06-14,850
2011-06-14,850
2011-06-14,850
2011-06-15,849
2011-06-15,849
2011-06-15,849
2011-06-15,849
2011-06-16,848
2011-06-16,848
2011-06-16,848
2011-06-16,848
2011-06-17,846
2011-06-17,846
2011-06-17,846
2011-06-17,846
2011-06-18,844
2011-06-18,844
2011-06-18,844
2011-06-18,844
2011-06-19,842
2011-06-19,842
2011-06-19,842
2011-06-19,842
2011-06-20,840
2011-06-20,840
2011-06-20,840
2011-06-20,840
2011-06-21,836
2011-06-21,836
2011-06-21,836
2011-06-21,836
2011-06-22,834.5
2011-06-22,835
2011-06-22,835
2011-06-22,834
2011-06-23,832
2011-06-23,832
2011-06-23,832
2011-06-23,832
2011-06-24,830
2011-06-24,830
2011-06-24,830
2011-06-24,830
2011-06-25,827
2011-06-25,827
2011-06-25,828
2011-06-25,826
2011-06-26,823
2011-06-26,823
2011-06-26,824
2011-06-26,822
2011-06-27,819
2011-06-27,819
2011-06-27,820
2011-06-27,818
2011-06-28,817
2011-06-28,817
2011-06-28,817
2011-06-28,817
2011-06-29,815
2011-06-29,815
2011-06-29,816
2011-06-29,814
2011-06-30,812
2011-06-30,812
2011-06-30,812
2011-06-30,812
2011-07-01,810
2011-07-01,810
2011-07-01,810
2011-07-01,810
2011-07-02,808
2011-07-02,808
2011-07-02,808
2011-07-02,808
2011-07-03,806.5
2011-07-03,806
2011-07-03,807
2011-07-03,806
2011-07-04,806
2011-07-04,806
2011-07-04,806
2011-07-04,806
2011-07-05,806
2011-07-05,806
2011-07-05,806
2011-07-05,806
2011-07-06,803
2011-07-06,803
2011-07-06,804
2011-07-06,802
2011-07-07,801
2011-07-07,801
2011-07-07,802
2011-07-07,800
2011-07-08,798
2011-07-08,798
2011-07-08,798
2011-07-08,798
2011-07-09,796
2011-07-09,796
2011-07-09,796
2011-07-09,796
2011-07-10,794
2011-07-10,794
2011-07-10,794
2011-07-10,794
2011-07-11,792
2011-07-11,792
2011-07-11,794
2011-07-11,790
2011-07-12,788
2011-07-12,788
2011-07-12,788
2011-07-12,788
2011-07-13,786
2011-07-13,786
2011-07-13,786
2011-07-13,786
2011-07-14,784
2011-07-14,784
2011-07-14,784
2011-07-14,784
2011-07-15,782
2011-07-15,782
2011-07-15,782
2011-07-15,782
2011-07-16,780
2011-07-16,780
2011-07-16,780
2011-07-16,780
2011-07-17,772.5
2011-07-17,772
2011-07-17,773
2011-07-17,772
2011-07-18,770
2011-07-18,770
2011-07-18,772
2011-07-18,768
2011-07-19,765
2011-07-19,765
2011-07-19,766
2011-07-19,764
2011-07-20,761.5
2011-07-20,762
2011-07-20,763
2011-07-20,760
2011-07-21,757
2011-07-21,757
2011-07-21,758
2011-07-21,756
2011-07-22,754
2011-07-22,754
2011-07-22,754
2011-07-22,754
2011-07-23,751
2011-07-23,751
2011-07-23,752
2011-07-23,750
2011-07-24,746
2011-07-24,746
2011-07-24,748
2011-07-24,744
2011-07-25,741
2011-07-25,741
2011-07-25,742
2011-07-25,740
2011-07-26,737
2011-07-26,737
2011-07-26,738
2011-07-26,736
2011-07-27,733
2011-07-27,733
2011-07-27,734
2011-07-27,732
2011-07-28,728
2011-07-28,728
2011-07-28,730
2011-07-28,726
2011-07-29,723
2011-07-29,723
2011-07-29,724
2011-07-29,722
2011-07-30,718
2011-07-30,718
2011-07-30,720
2011-07-30,716
2011-07-31,715
2011-07-31,715
2011-07-31,716
2011-07-31,714
2011-08-01,711
2011-08-01,711
2011-08-01,712
2011-08-01,710
2011-08-02,705
2011-08-02,705
2011-08-02,706
2011-08-02,704
2011-08-03,701
2011-08-03,701
2011-08-03,702
2011-08-03,700
2011-08-04,697
2011-08-04,697
2011-08-04,698
2011-08-04,696
2011-08-05,693
2011-08-05,693
2011-08-05,694
2011-08-05,692
2011-08-06,689
2011-08-06,689
2011-08-06,690
2011-08-06,688
2011-08-07,686
2011-08-07,686
2011-08-07,686
2011-08-07,686
2011-08-08,683
2011-08-08,683
2011-08-08,684
2011-08-08,682
2011-08-09,677
2011-08-09,677
2011-08-09,678
2011-08-09,676
2011-08-10,673
2011-08-10,673
2011-08-10,674
2011-08-10,672
2011-08-11,666
2011-08-11,666
2011-08-11,668
2011-08-11,664
2011-08-12,660
2011-08-12,660
2011-08-12,662
2011-08-12,658
2011-08-13,653
2011-08-13,653
2011-08-13,654
2011-08-13,652
2011-08-14,647
2011-08-14,647
2011-08-14,648
2011-08-14,646
2011-08-15,643
2011-08-15,643
2011-08-15,644
2011-08-15,642
2011-08-16,639
2011-08-16,639
2011-08-16,640
2011-08-16,638
2011-08-17,635
2011-08-17,635
2011-08-17,636
2011-08-17,634
2011-08-18,630
2011-08-18,630
2011-08-18,632
2011-08-18,628
2011-08-19,625
2011-08-19,625
2011-08-19,626
2011-08-19,624
2011-08-20,619
2011-08-20,619
2011-08-20,620
2011-08-20,618
2011-08-21,613
2011-08-21,613
2011-08-21,614
2011-08-21,612
2011-08-22,607
2011-08-22,607
2011-08-22,608
2011-08-22,606
2011-08-23,600
2011-08-23,600
2011-08-23,602
2011-08-23,598
2011-08-24,595
2011-08-24,595
2011-08-24,596
2011-08-24,594
2011-08-25,590
2011-08-25,590
2011-08-25,592
2011-08-25,588
2011-08-26,585
2011-08-26,585
2011-08-26,586
2011-08-26,584
2011-08-27,580
2011-08-27,580
2011-08-27,582
2011-08-27,578
2011-08-28,573
2011-08-28,573
2011-08-28,574
2011-08-28,572
2011-08-29,568
2011-08-29,568
2011-08-29,570
2011-08-29,566
2011-08-30,559
2011-08-30,559
2011-08-30,560
2011-08-30,558
2011-08-31,553.5
2011-08-31,554
2011-08-31,555
2011-08-31,552
2011-09-01,549
2011-09-01,549
2011-09-01,550
2011-09-01,548
2011-09-02,542
2011-09-02,542
2011-09-02,544
2011-09-02,540
2011-09-03,534
2011-09-03,534
2011-09-03,536
2011-09-03,532
2011-09-04,526
2011-09-04,526
2011-09-04,528
2011-09-04,524
2011-09-05,518
2011-09-05,518
2011-09-05,520
2011-09-05,516
2011-09-06,508
2011-09-06,508
2011-09-06,510
2011-09-06,506
2011-09-07,496
2011-09-07,496
2011-09-07,498
2011-09-07,494
2011-09-08,486
2011-09-08,486
2011-09-08,488
2011-09-08,484
2011-09-09,471
2011-09-09,471
2011-09-09,474
2011-09-09,468
2011-09-10,459
2011-09-10,459
2011-09-10,462
2011-09-10,456
2011-09-11,443
2011-09-11,443
2011-09-11,448
2011-09-11,438
2011-09-12,433
2011-09-12,433
2011-09-12,436
2011-09-12,430
2011-09-13,420
2011-09-13,420
2011-09-13,422
2011-09-13,418
2011-09-14,407
2011-09-14,407
2011-09-14,410
2011-09-14,404
2011-09-15,394
2011-09-15,394
2011-09-15,396
2011-09-15,392
2011-09-16,375
2011-09-16,375
2011-09-16,380
2011-09-16,370
2011-09-17,359
2011-09-17,359
2011-09-17,362
2011-09-17,356
2011-09-18,343
2011-09-18,343
2011-09-18,346
2011-09-18,340
2011-09-19,326
2011-09-19,326
2011-09-19,330
2011-09-19,322
2011-09-20,309
2011-09-20,309
2011-09-20,312
2011-09-20,306
2011-09-21,291
2011-09-21,291
2011-09-21,294
2011-09-21,288
2011-09-22,275
2011-09-22,275
2011-09-22,280
2011-09-22,270
2011-09-23,256
2011-09-23,256
2011-09-23,260
2011-09-23,252
2011-09-24,240
2011-09-24,240
2011-09-24,244
2011-09-24,236
2011-09-25,227.5
2011-09-25,228
2011-09-25,230
2011-09-25,225
2011-09-26,216
2011-09-26,216
2011-09-26,218
2011-09-26,214
2011-09-27,204
2011-09-27,204
2011-09-27,206
2011-09-27,202
2011-09-28,195
2011-09-28,195
2011-09-28,198
2011-09-28,192
2011-09-29,178.5
2011-09-29,178
2011-09-29,180
2011-09-29,177
2011-09-30,172.5
2011-09-30,172
2011-09-30,175
2011-09-30,170
2011-10-01,168
2011-10-01,168.5
2011-10-01,169
2011-10-01,168
2011-10-02,161
2011-10-02,161
2011-10-02,166
2011-10-02,156
2011-10-03,148
2011-10-03,148
2011-10-03,150
2011-10-03,146
2011-10-04,136
2011-10-04,136.5
2011-10-04,140
2011-10-04,133
2011-10-05,125
2011-10-05,125
2011-10-05,128
2011-10-05,122
2011-10-06,116
2011-10-06,116
2011-10-06,118
2011-10-06,114
2011-10-07,107
2011-10-07,107
2011-10-07,108
2011-10-07,106
2011-10-08,103
2011-10-08,103
2011-10-08,104
2011-10-08,102
2011-10-09,100
2011-10-09,100
2011-10-09,100
2011-10-09,100
2011-10-10,100
2011-10-10,100
2011-10-10,100
2011-10-10,100
2011-10-11,98
2011-10-11,98
2011-10-11,98
2011-10-11,98
2011-10-12,96
2011-10-12,96
2011-10-12,96
2011-10-12,96
2011-10-13,94
2011-10-13,94
2011-10-13,94
2011-10-13,94
2011-10-14,95
2011-10-14,95
2011-10-14,94
2011-10-14,96
2011-10-15,98
2011-10-15,98
2011-10-15,98
2011-10-15,98
2011-10-16,100
2011-10-16,100
2011-10-16,100
2011-10-16,100
2011-10-17,100
2011-10-17,100
2011-10-17,100
2011-10-17,100
2011-10-18,98
2011-10-18,98.5
2011-10-18,100
2011-10-18,97
2011-10-19,96
2011-10-19,96
2011-10-19,96
2011-10-19,96
2011-10-20,98
2011-10-20,98
2011-10-20,98
2011-10-20,98
2011-10-21,96
2011-10-21,96
2011-10-21,98
2011-10-21,94
2011-10-22,97
2011-10-22,97
2011-10-22,96
2011-10-22,98
2011-10-23,99
2011-10-23,99
2011-10-23,98
2011-10-23,100
2011-10-24,106
2011-10-24,106
2011-10-24,104
2011-10-24,108
2011-10-25,115
2011-10-25,115
2011-10-25,114
2011-10-25,116
2011-10-26,128
2011-10-26,128
2011-10-26,126
2011-10-26,130
2011-10-27,133
2011-10-27,133
2011-10-27,130
2011-10-27,136
2011-10-28,138
2011-10-28,138
2011-10-28,138
2011-10-28,138
2011-10-29,143
2011-10-29,143
2011-10-29,142
2011-10-29,144
2011-10-30,150
2011-10-30,150
2011-10-30,148
2011-10-30,152
2011-10-31,154
2011-10-31,154
2011-10-31,154
2011-10-31,154
2011-11-01,149.5
2011-11-01,150
2011-11-01,152
2011-11-01,147
2011-11-02,144
2011-11-02,144
2011-11-02,145
2011-11-02,143
2011-11-03,141
2011-11-03,141
2011-11-03,141
2011-11-03,141
2011-11-04,140
2011-11-04,140
2011-11-04,140
2011-11-04,140
2011-11-05,138
2011-11-05,138
2011-11-05,138
2011-11-05,138
2011-11-06,136
2011-11-06,136
2011-11-06,136
2011-11-06,136
2011-11-07,134
2011-11-07,134
2011-11-07,134
2011-11-07,134
2011-11-08,131.5
2011-11-08,132
2011-11-08,133
2011-11-08,130
2011-11-09,130
2011-11-09,130
2011-11-09,130
2011-11-09,130
2011-11-10,126
2011-11-10,126
2011-11-10,126
2011-11-10,126
2011-11-11,126
2011-11-11,126
2011-11-11,128
2011-11-11,124
2011-11-12,128
2011-11-12,128
2011-11-12,128
2011-11-12,128
2011-11-13,128
2011-11-13,128
2011-11-13,128
2011-11-13,128
2011-11-14,128
2011-11-14,128
2011-11-14,128
2011-11-14,128
2011-11-15,126
2011-11-15,126
2011-11-15,128
2011-11-15,124
2011-11-16,120.5
2011-11-16,120
2011-11-16,124
2011-11-16,117
2011-11-17,121
2011-11-17,121
2011-11-17,122
2011-11-17,120
2011-11-18,118
2011-11-18,118
2011-11-18,118
2011-11-18,118
2011-11-19,117
2011-11-19,117
2011-11-19,117
2011-11-19,117
2011-11-20,116
2011-11-20,116
2011-11-20,116
2011-11-20,116
2011-11-21,115
2011-11-21,115
2011-11-21,115
2011-11-21,115
2011-11-22,115
2011-11-22,115
2011-11-22,115
2011-11-22,115
2011-11-23,118
2011-11-23,118
2011-11-23,116
2011-11-23,120
2011-11-24,122
2011-11-24,122
2011-11-24,122
2011-11-24,122
2011-11-25,125
2011-11-25,125
2011-11-25,124
2011-11-25,126
2011-11-26,129
2011-11-26,129
2011-11-26,128
2011-11-26,130
2011-11-27,133
2011-11-27,133
2011-11-27,132
2011-11-27,134
2011-11-28,136
2011-11-28,136
2011-11-28,136
2011-11-28,136
2011-11-29,137.5
2011-11-29,138
2011-11-29,137
2011-11-29,138
2011-11-30,140
2011-11-30,140
2011-11-30,140
2011-11-30,140
2011-12-01,142
2011-12-01,141.5
2011-12-01,141
2011-12-01,142
2011-12-02,142
2011-12-02,142
2011-12-02,142
2011-12-02,142
2011-12-03,144
2011-12-03,144
2011-12-03,144
2011-12-03,144
2011-12-04,146
2011-12-04,145.5
2011-12-04,145
2011-12-04,146
2011-12-05,148
2011-12-05,147.5
2011-12-05,147
2011-12-05,148
2011-12-06,151
2011-12-06,151
2011-12-06,150
2011-12-06,152
2011-12-07,155
2011-12-07,155
2011-12-07,154
2011-12-07,156
2011-12-08,159
2011-12-08,159
2011-12-08,158
2011-12-08,160
2011-12-09,166
2011-12-09,166
2011-12-09,164
2011-12-09,168
2011-12-10,172
2011-12-10,143
2011-12-10,142
2011-12-10,144
2011-12-11,177
2011-12-11,177
2011-12-11,176
2011-12-11,178
2011-12-12,183
2011-12-12,183
2011-12-12,182
2011-12-12,184
2011-12-13,186
2011-12-13,186
2011-12-13,186
2011-12-13,186
2011-12-14,189
2011-12-14,189
2011-12-14,188
2011-12-14,190
2011-12-15,195
2011-12-15,195
2011-12-15,194
2011-12-15,196
2011-12-16,199
2011-12-16,199
2011-12-16,198
2011-12-16,200
2011-12-17,200
2011-12-17,200
2011-12-17,200
2011-12-17,200
2011-12-18,200
2011-12-18,200
2011-12-18,200
2011-12-18,200
2011-12-19,202
2011-12-19,202
2011-12-19,202
2011-12-19,202
2011-12-20,204
2011-12-20,204
2011-12-20,204
2011-12-20,204
2011-12-21,207
2011-12-21,207
2011-12-21,206
2011-12-21,208
2011-12-22,211
2011-12-22,211
2011-12-22,210
2011-12-22,212
2011-12-23,214
2011-12-23,214
2011-12-23,214
2011-12-23,214
2011-12-24,224
2011-12-24,224
2011-12-24,220
2011-12-24,228
2011-12-25,235
2011-12-25,235
2011-12-25,232
2011-12-25,238
2011-12-26,246
2011-12-26,246.5
2011-12-26,244
2011-12-26,249
2011-12-27,251
2011-12-27,251
2011-12-27,250
2011-12-27,252
2011-12-28,259
2011-12-28,259
2011-12-28,256
2011-12-28,262
2011-12-29,267
2011-12-29,267
2011-12-29,266
2011-12-29,268
2011-12-30,271
2011-12-30,271
2011-12-30,270
2011-12-30,272
2011-12-31,275
2011-12-31,275
2011-12-31,274
2011-12-31,276
2012-01-01,278
2012-01-01,278.5
2012-01-01,278
2012-01-01,279
2012-01-02,284
2012-01-02,283.5
2012-01-02,282
2012-01-02,285
2012-01-03,290
2012-01-03,290.5
2012-01-03,289
2012-01-03,292
2012-01-04,296
2012-01-04,296
2012-01-04,296
2012-01-04,296
2012-01-05,305
2012-01-05,305
2012-01-05,305
2012-01-05,305
2012-01-06,306
2012-01-06,306.5
2012-01-06,305
2012-01-06,308
2012-01-07,317
2012-01-07,317
2012-01-07,315
2012-01-07,319
2012-01-08,326
2012-01-08,325.5
2012-01-08,324
2012-01-08,327
2012-01-09,333
2012-01-09,333
2012-01-09,331
2012-01-09,335
2012-01-10,342
2012-01-10,342
2012-01-10,340
2012-01-10,344
2012-01-11,352
2012-01-11,352
2012-01-11,350
2012-01-11,354
2012-01-12,361
2012-01-12,361
2012-01-12,359
2012-01-12,363
2012-01-13,368
2012-01-13,368
2012-01-13,367
2012-01-13,369
2012-01-14,376
2012-01-14,376.5
2012-01-14,375
2012-01-14,378
2012-01-15,386
2012-01-15,386
2012-01-15,384
2012-01-15,388
2012-01-16,396
2012-01-16,395.5
2012-01-16,393
2012-01-16,398
2012-01-17,404
2012-01-17,403.5
2012-01-17,401
2012-01-17,406
2012-01-18,410
2012-01-18,409.5
2012-01-18,408
2012-01-18,411
2012-01-19,417
2012-01-19,417
2012-01-19,416
2012-01-19,418
2012-01-20,424
2012-01-20,424
2012-01-20,422
2012-01-20,426
2012-01-21,432
2012-01-21,432
2012-01-21,430
2012-01-21,434
2012-01-22,438
2012-01-22,437.5
2012-01-22,436
2012-01-22,439
2012-01-23,448
2012-01-23,448
2012-01-23,444
2012-01-23,452
2012-01-24,457
2012-01-24,456.5
2012-01-24,455
2012-01-24,458
2012-01-25,468
2012-01-25,467.5
2012-01-25,466
2012-01-25,469
2012-01-26,474
2012-01-26,474
2012-01-26,472
2012-01-26,476
2012-01-27,480
2012-01-27,480
2012-01-27,478
2012-01-27,482
2012-01-28,488
2012-01-28,488
2012-01-28,486
2012-01-28,490
2012-01-29,498
2012-01-29,498
2012-01-29,496
2012-01-29,500
2012-01-30,508
2012-01-30,508
2012-01-30,506
2012-01-30,510
2012-01-31,517
2012-01-31,517
2012-01-31,516
2012-01-31,518
2012-02-01,522
2012-02-01,522
2012-02-01,520
2012-02-01,524
2012-02-02,527
2012-02-02,527
2012-02-02,526
2012-02-02,528
2012-02-03,531
2012-02-03,531
2012-02-03,530
2012-02-03,532
2012-02-04,536
2012-02-04,536
2012-02-04,534
2012-02-04,538
2012-02-05,543
2012-02-05,543
2012-02-05,542
2012-02-05,544
2012-02-06,547
2012-02-06,547
2012-02-06,546
2012-02-06,548
2012-02-07,553
2012-02-07,553
2012-02-07,552
2012-02-07,554
2012-02-08,558
2012-02-08,558
2012-02-08,556
2012-02-08,560
2012-02-09,564
2012-02-09,564.5
2012-02-09,563
2012-02-09,566
2012-02-10,568
2012-02-10,568
2012-02-10,570
2012-02-10,566
2012-02-11,578
2012-02-11,577.5
2012-02-11,576
2012-02-11,579
2012-02-12,584
2012-02-12,584.5
2012-02-12,583
2012-02-12,586
2012-02-13,591
2012-02-13,591
2012-02-13,590
2012-02-13,592
2012-02-14,602
2012-02-14,602.5
2012-02-14,599
2012-02-14,606
2012-02-15,612
2012-02-15,612
2012-02-15,611
2012-02-15,613
2012-02-16,622
2012-02-16,621.5
2012-02-16,621
2012-02-16,622
2012-02-17,624
2012-02-17,624
2012-02-17,623
2012-02-17,625
2012-02-18,628
2012-02-18,628
2012-02-18,627
2012-02-18,629
2012-02-19,633
2012-02-19,633
2012-02-19,632
2012-02-19,634
2012-02-20,637
2012-02-20,637
2012-02-20,636
2012-02-20,638
2012-02-21,642
2012-02-21,642.5
2012-02-21,642
2012-02-21,643
2012-02-22,651
2012-02-22,651
2012-02-22,649
2012-02-22,653
2012-02-23,656
2012-02-23,655.5
2012-02-23,655
2012-02-23,656
2012-02-24,666
2012-02-24,666.5
2012-02-24,663
2012-02-24,670
2012-02-25,673
2012-02-25,673
2012-02-25,671
2012-02-25,675
2012-02-26,680
2012-02-26,679.5
2012-02-26,678
2012-02-26,681
2012-02-27,688
2012-02-27,688
2012-02-27,687
2012-02-27,689
2012-02-28,696
2012-02-28,696
2012-02-28,694
2012-02-28,698
2012-02-29,698
2012-02-29,698
2012-02-29,698
2012-02-29,698
2012-06-01,886.5
2012-06-01,886
2012-06-01,887
2012-06-01,886
2012-06-02,886
2012-06-02,886
2012-06-02,886
2012-06-02,886
2012-06-03,886
2012-06-03,886
2012-06-03,886
2012-06-03,886
2012-06-04,884
2012-06-04,884
2012-06-04,884
2012-06-04,884
2012-06-05,883.5
2012-06-05,884
2012-06-05,884
2012-06-05,883
2012-06-06,883
2012-06-06,883
2012-06-06,883
2012-06-06,883
2012-06-07,883
2012-06-07,883
2012-06-07,883
2012-06-07,883
2012-06-08,883
2012-06-08,883
2012-06-08,883
2012-06-08,883
2012-06-09,882
2012-06-09,882
2012-06-09,882
2012-06-09,882
2012-06-10,882
2012-06-10,882
2012-06-10,882
2012-06-10,882
2012-06-11,882
2012-06-11,882
2012-06-11,882
2012-06-11,882
2012-06-12,881
2012-06-12,881
2012-06-12,881
2012-06-12,881
2012-06-13,879.5
2012-06-13,880
2012-06-13,880
2012-06-13,879
2012-06-14,877
2012-06-14,877
2012-06-14,878
2012-06-14,876
2012-06-15,874
2012-06-15,874
2012-06-15,874
2012-06-15,874
2012-06-16,873
2012-06-16,873
2012-06-16,874
2012-06-16,872
2012-06-17,869
2012-06-17,869
2012-06-17,870
2012-06-17,868
2012-06-18,865
2012-06-18,865
2012-06-18,866
2012-06-18,864
2012-06-19,861.5
2012-06-19,862
2012-06-19,863
2012-06-19,860
2012-06-20,857.5
2012-06-20,857
2012-06-20,858
2012-06-20,857
2012-06-21,855.5
2012-06-21,856
2012-06-21,856
2012-06-21,855
2012-06-22,853
2012-06-22,853
2012-06-22,854
2012-06-22,852
2012-06-23,850
2012-06-23,850
2012-06-23,850
2012-06-23,850
2012-06-24,848.5
2012-06-24,848
2012-06-24,849
2012-06-24,848
2012-06-25,846
2012-06-25,846
2012-06-25,846
2012-06-25,846
2012-06-26,843
2012-06-26,843
2012-06-26,844
2012-06-26,842
2012-06-27,841
2012-06-27,841
2012-06-27,842
2012-06-27,840
2012-06-28,837
2012-06-28,837
2012-06-28,838
2012-06-28,836
2012-06-29,833.5
2012-06-29,834
2012-06-29,834
2012-06-29,833
2012-06-30,831
2012-06-30,831
2012-06-30,832
2012-06-30,830
2012-07-01,830
2012-07-01,830
2012-07-01,830
2012-07-01,830
2012-07-02,829
2012-07-02,829
2012-07-02,829
2012-07-02,829
2012-07-03,828
2012-07-03,828
2012-07-03,828
2012-07-03,828
2012-07-04,827.5
2012-07-04,828
2012-07-04,828
2012-07-04,827
2012-07-05,826
2012-07-05,826
2012-07-05,826
2012-07-05,826
2012-07-06,824
2012-07-06,824
2012-07-06,824
2012-07-06,824
2012-07-07,821
2012-07-07,821
2012-07-07,822
2012-07-07,820
2012-07-08,818
2012-07-08,818
2012-07-08,818
2012-07-08,818
2012-07-09,820
2012-07-09,820
2012-07-09,816
2012-07-09,824
2012-07-10,812
2012-07-10,812
2012-07-10,812
2012-07-10,812
2012-07-11,818
2012-07-11,818
2012-07-11,816
2012-07-11,820
2012-07-12,808
2012-07-12,808
2012-07-12,808
2012-07-12,808
2012-07-13,806
2012-07-13,806
2012-07-13,806
2012-07-13,806
2012-07-14,804
2012-07-14,804
2012-07-14,804
2012-07-14,804
2012-07-15,802
2012-07-15,802
2012-07-15,802
2012-07-15,802
2012-07-16,800
2012-07-16,800
2012-07-16,800
2012-07-16,800
2012-07-17,798
2012-07-17,798
2012-07-17,798
2012-07-17,798
2012-07-18,796
2012-07-18,796
2012-07-18,796
2012-07-18,796
2012-07-19,794
2012-07-19,794
2012-07-19,794
2012-07-19,794
2012-07-20,792
2012-07-20,792
2012-07-20,792
2012-07-20,792
2012-07-21,790
2012-07-21,790
2012-07-21,790
2012-07-21,790
2012-07-22,788
2012-07-22,788
2012-07-22,788
2012-07-22,788
2012-07-23,785
2012-07-23,785
2012-07-23,784
2012-07-23,786
2012-07-24,782
2012-07-24,782
2012-07-24,780
2012-07-24,784
2012-07-25,779
2012-07-25,779
2012-07-25,776
2012-07-25,782
2012-07-26,775
2012-07-26,775
2012-07-26,772
2012-07-26,778
2012-07-27,772
2012-07-27,772
2012-07-27,768
2012-07-27,776
2012-07-28,768
2012-07-28,768
2012-07-28,766
2012-07-28,770
2012-07-29,765
2012-07-29,765
2012-07-29,764
2012-07-29,766
2012-07-30,764.5
2012-07-30,764
2012-07-30,762
2012-07-30,767
2012-07-31,757
2012-07-31,757
2012-07-31,752
2012-07-31,762
2012-08-01,747
2012-08-01,747
2012-08-01,750
2012-08-01,744
2012-08-02,741
2012-08-02,741
2012-08-02,742
2012-08-02,740
2012-08-03,737
2012-08-03,737
2012-08-03,738
2012-08-03,736
2012-08-04,733
2012-08-04,733
2012-08-04,734
2012-08-04,732
2012-08-05,726
2012-08-05,726
2012-08-05,730
2012-08-05,722
2012-08-06,719
2012-08-06,719
2012-08-06,720
2012-08-06,718
2012-08-07,716
2012-08-07,716
2012-08-07,716
2012-08-07,716
2012-08-08,714
2012-08-08,714
2012-08-08,716
2012-08-08,712
2012-08-09,702
2012-08-09,702
2012-08-09,706
2012-08-09,698
2012-08-10,694
2012-08-10,694
2012-08-10,695
2012-08-10,693
2012-08-11,688.5
2012-08-11,688
2012-08-11,689
2012-08-11,688
2012-08-12,684
2012-08-12,684
2012-08-12,686
2012-08-12,682
2012-08-13,679.5
2012-08-13,680
2012-08-13,680
2012-08-13,679
2012-08-14,677.5
2012-08-14,678
2012-08-14,678
2012-08-14,677
2012-08-15,675
2012-08-15,675
2012-08-15,676
2012-08-15,674
2012-08-16,671
2012-08-16,671
2012-08-16,672
2012-08-16,670
2012-08-17,667
2012-08-17,667
2012-08-17,668
2012-08-17,666
2012-08-18,663
2012-08-18,663
2012-08-18,664
2012-08-18,662
2012-08-19,657
2012-08-19,657
2012-08-19,658
2012-08-19,656
2012-08-20,653
2012-08-20,653
2012-08-20,654
2012-08-20,652
2012-08-21,645
2012-08-21,645
2012-08-21,648
2012-08-21,642
2012-08-22,637
2012-08-22,637
2012-08-22,638
2012-08-22,636
2012-08-23,632
2012-08-23,632
2012-08-23,634
2012-08-23,630
2012-08-24,645
2012-08-24,626
2012-08-24,626
2012-08-24,664
2012-08-25,620
2012-08-25,620
2012-08-25,620
2012-08-25,620
2012-08-26,613
2012-08-26,613
2012-08-26,616
2012-08-26,610
2012-08-27,605
2012-08-27,605
2012-08-27,606
2012-08-27,604
2012-08-28,596
2012-08-28,596
2012-08-28,598
2012-08-28,594
2012-08-29,590
2012-08-29,590
2012-08-29,590
2012-08-29,590
2012-08-30,578
2012-08-30,578
2012-08-30,580
2012-08-30,576
2012-08-31,573
2012-08-31,573
2012-08-31,574
2012-08-31,572
2012-09-01,568
2012-09-01,568
2012-09-01,568
2012-09-01,568
2012-09-02,555
2012-09-02,555
2012-09-02,560
2012-09-02,550
2012-09-03,543
2012-09-03,543
2012-09-03,544
2012-09-03,542
2012-09-04,537
2012-09-04,537
2012-09-04,538
2012-09-04,536
2012-09-05,522.5
2012-09-05,522
2012-09-05,521
2012-09-05,524
2012-09-06,512.5
2012-09-06,512
2012-09-06,510
2012-09-06,515
2012-09-07,510
2012-09-07,510
2012-09-07,518
2012-09-07,502
2012-09-08,485.5
2012-09-08,486
2012-09-08,498
2012-09-08,473
2012-09-09,484
2012-09-09,484
2012-09-09,488
2012-09-09,480
2012-09-10,471.5
2012-09-10,472
2012-09-10,475
2012-09-10,468
2012-09-11,458
2012-09-11,458
2012-09-11,460
2012-09-11,456
2012-09-12,452
2012-09-12,452
2012-09-12,458
2012-09-12,446
2012-09-13,432.5
2012-09-13,432
2012-09-13,437
2012-09-13,428
2012-09-14,421.5
2012-09-14,422
2012-09-14,425
2012-09-14,418
2012-09-15,410.5
2012-09-15,411
2012-09-15,413
2012-09-15,408
2012-09-16,400.5
2012-09-16,400
2012-09-16,403
2012-09-16,398
2012-09-17,390
2012-09-17,390
2012-09-17,395
2012-09-17,385
2012-09-18,382.5
2012-09-18,382
2012-09-18,385
2012-09-18,380
2012-09-19,386.5
2012-09-19,386
2012-09-19,398
2012-09-19,375
2012-09-20,373
2012-09-20,373
2012-09-20,378
2012-09-20,368
2012-09-21,360
2012-09-21,360
2012-09-21,363
2012-09-21,357
2012-09-22,348.5
2012-09-22,348
2012-09-22,350
2012-09-22,347
2012-09-23,327.5
2012-09-23,328
2012-09-23,330
2012-09-23,325
2012-09-24,315.5
2012-09-24,316
2012-09-24,318
2012-09-24,313
2012-09-25,307.5
2012-09-25,308
2012-09-25,308
2012-09-25,307
2012-09-26,296.5
2012-09-26,296
2012-09-26,295
2012-09-26,298
2012-09-27,290
2012-09-27,290
2012-09-27,289
2012-09-27,291
2012-09-28,275
2012-09-28,275
2012-09-28,268
2012-09-28,282
2012-09-29,257
2012-09-29,257
2012-09-29,258
2012-09-29,256
2012-09-30,250
2012-09-30,250
2012-09-30,252
2012-09-30,248
2012-10-01,242.5
2012-10-01,242
2012-10-01,245
2012-10-01,240
2012-10-02,235
2012-10-02,235
2012-10-02,236
2012-10-02,234
2012-10-03,231
2012-10-03,231
2012-10-03,232
2012-10-03,230
2012-10-04,227
2012-10-04,227
2012-10-04,228
2012-10-04,226
2012-10-05,218
2012-10-05,218
2012-10-05,220
2012-10-05,216
2012-10-06,205
2012-10-06,205
2012-10-06,210
2012-10-06,200
2012-10-07,185
2012-10-07,185
2012-10-07,190
2012-10-07,180
2012-10-08,163
2012-10-08,163
2012-10-08,168
2012-10-08,158
2012-10-09,147
2012-10-09,147
2012-10-09,148
2012-10-09,146
2012-10-10,143
2012-10-10,143
2012-10-10,144
2012-10-10,142
2012-10-11,139.5
2012-10-11,140
2012-10-11,140
2012-10-11,139
2012-10-12,137
2012-10-12,137
2012-10-12,138
2012-10-12,136
2012-10-13,133
2012-10-13,133
2012-10-13,134
2012-10-13,132
2012-10-14,130.5
2012-10-14,130
2012-10-14,131
2012-10-14,130
2012-10-15,126.5
2012-10-15,126
2012-10-15,126
2012-10-15,127
2012-10-16,125
2012-10-16,125
2012-10-16,126
2012-10-16,124
2012-10-17,121
2012-10-17,121
2012-10-17,122
2012-10-17,120
2012-10-18,119.5
2012-10-18,120
2012-10-18,120
2012-10-18,119
2012-10-19,117
2012-10-19,117
2012-10-19,118
2012-10-19,116
2012-10-20,113
2012-10-20,113
2012-10-20,114
2012-10-20,112
2012-10-21,110.5
2012-10-21,110
2012-10-21,111
2012-10-21,110
2012-10-22,107
2012-10-22,107
2012-10-22,108
2012-10-22,106
2012-10-23,102
2012-10-23,102
2012-10-23,104
2012-10-23,100
2012-10-24,98.5
2012-10-24,98
2012-10-24,99
2012-10-24,98
2012-10-25,97.5
2012-10-25,98
2012-10-25,98
2012-10-25,97
2012-10-26,96
2012-10-26,96
2012-10-26,96
2012-10-26,96
2012-10-27,95
2012-10-27,95
2012-10-27,95
2012-10-27,95
2012-10-28,93
2012-10-28,93
2012-10-28,94
2012-10-28,92
2012-10-29,90
2012-10-29,90
2012-10-29,90
2012-10-29,90
2012-10-30,87.5
2012-10-30,88
2012-10-30,87
2012-10-30,88
2012-10-31,87
2012-10-31,87
2012-10-31,87
2012-10-31,87
2012-11-01,86
2012-11-01,86
2012-11-01,86
2012-11-01,86
2012-11-02,85
2012-11-02,85
2012-11-02,84
2012-11-02,86
2012-11-03,81
2012-11-03,81
2012-11-03,82
2012-11-03,80
2012-11-04,79
2012-11-04,79
2012-11-04,80
2012-11-04,78
2012-11-05,76.5
2012-11-05,76
2012-11-05,78
2012-11-05,75
2012-11-06,74
2012-11-06,74
2012-11-06,75
2012-11-06,73
2012-11-07,72.5
2012-11-07,72
2012-11-07,73
2012-11-07,72
2012-11-08,71.5
2012-11-08,72
2012-11-08,72
2012-11-08,71
2012-11-09,71
2012-11-09,71
2012-11-09,71
2012-11-09,71
2012-11-10,70.5
2012-11-10,70
2012-11-10,71
2012-11-10,70
2012-11-11,72.5
2012-11-11,72
2012-11-11,70
2012-11-11,75
2012-11-12,76.5
2012-11-12,76
2012-11-12,75
2012-11-12,78
2012-11-13,79.5
2012-11-13,80
2012-11-13,79
2012-11-13,80
2012-11-14,83.5
2012-11-14,84
2012-11-14,83
2012-11-14,84
2012-11-15,84
2012-11-15,84
2012-11-15,86
2012-11-15,82
2012-11-16,88
2012-11-16,88
2012-11-16,90
2012-11-16,86
2012-11-17,84.5
2012-11-17,84
2012-11-17,87
2012-11-17,82
2012-11-18,87
2012-11-18,87
2012-11-18,87
2012-11-18,87
2012-11-19,80
2012-11-19,80
2012-11-19,87
2012-11-19,73
2012-11-20,68.5
2012-11-20,68
2012-11-20,71
2012-11-20,66
2012-11-21,63.5
2012-11-21,64
2012-11-21,65
2012-11-21,62
2012-11-22,58.5
2012-11-22,58
2012-11-22,60
2012-11-22,57
2012-11-23,51.5
2012-11-23,52
2012-11-23,52
2012-11-23,51
2012-11-24,50
2012-11-24,50
2012-11-24,50
2012-11-24,50
2012-11-25,48
2012-11-25,48
2012-11-25,48
2012-11-25,48
2012-11-26,45
2012-11-26,45
2012-11-26,46
2012-11-26,44
2012-11-27,46
2012-11-27,46
2012-11-27,46
2012-11-27,46
2012-11-28,45.5
2012-11-28,46
2012-11-28,46
2012-11-28,45
2012-11-29,45
2012-11-29,45
2012-11-29,45
2012-11-29,45
2012-11-30,46.5
2012-11-30,46
2012-11-30,46
2012-11-30,47
2012-12-01,47
2012-12-01,47
2012-12-01,49
2012-12-01,45
2012-12-02,49.5
2012-12-02,50
2012-12-02,47
2012-12-02,52
2012-12-03,53.5
2012-12-03,54
2012-12-03,55
2012-12-03,52
2012-12-04,54
2012-12-04,54
2012-12-04,54
2012-12-04,54
2012-12-05,55
2012-12-05,55
2012-12-05,55
2012-12-05,55
2012-12-06,63
2012-12-06,63
2012-12-06,60
2012-12-06,66
2012-12-07,65
2012-12-07,65
2012-12-07,64
2012-12-07,66
2012-12-08,71.5
2012-12-08,72
2012-12-08,70
2012-12-08,73
2012-12-09,78
2012-12-09,78
2012-12-09,76
2012-12-09,80
2012-12-10,83
2012-12-10,83
2012-12-10,81
2012-12-10,85
2012-12-11,92.5
2012-12-11,92
2012-12-11,90
2012-12-11,95
2012-12-12,102
2012-12-12,102
2012-12-12,100
2012-12-12,104
2012-12-13,109
2012-12-13,109
2012-12-13,110
2012-12-13,108
2012-12-14,119
2012-12-14,119
2012-12-14,114
2012-12-14,124
2012-12-15,128.5
2012-12-15,128
2012-12-15,129
2012-12-15,128
2012-12-16,133
2012-12-16,133
2012-12-16,132
2012-12-16,134
2012-12-17,139.5
2012-12-17,140
2012-12-17,140
2012-12-17,139
2012-12-18,143.5
2012-12-18,144
2012-12-18,144
2012-12-18,143
2012-12-19,146.5
2012-12-19,146
2012-12-19,145
2012-12-19,148
2012-12-20,150.5
2012-12-20,150
2012-12-20,149
2012-12-20,152
2012-12-21,151.5
2012-12-21,152
2012-12-21,151
2012-12-21,152
2012-12-22,154.5
2012-12-22,154
2012-12-22,155
2012-12-22,154
2012-12-23,156.5
2012-12-23,156
2012-12-23,157
2012-12-23,156
2012-12-24,157
2012-12-24,157
2012-12-24,156
2012-12-24,158
2012-12-25,159
2012-12-25,159
2012-12-25,160
2012-12-25,158
2012-12-26,160.5
2012-12-26,160
2012-12-26,159
2012-12-26,162
2012-12-27,165
2012-12-27,165
2012-12-27,164
2012-12-27,166
2012-12-28,172.5
2012-12-28,172
2012-12-28,172
2012-12-28,173
2012-12-29,178
2012-12-29,178
2012-12-29,178
2012-12-29,178
2012-12-30,186.5
2012-12-30,186
2012-12-30,189
2012-12-30,184
2012-12-31,188
2012-12-31,188
2012-12-31,189
2012-12-31,187
2013-01-01,192
2013-01-01,192
2013-01-01,192
2013-01-01,192
2013-01-02,199
2013-01-02,199
2013-01-02,198
2013-01-02,200
2013-01-03,206.5
2013-01-03,206
2013-01-03,204
2013-01-03,209
2013-01-04,210
2013-01-04,210
2013-01-04,209
2013-01-04,211
2013-01-05,216
2013-01-05,216
2013-01-05,215
2013-01-05,217
2013-01-06,224
2013-01-06,224
2013-01-06,222
2013-01-06,226
2013-01-07,231
2013-01-07,231
2013-01-07,229
2013-01-07,233
2013-01-08,245.5
2013-01-08,246
2013-01-08,238
2013-01-08,253
2013-01-09,253.5
2013-01-09,254
2013-01-09,247
2013-01-09,260
2013-01-10,282.5
2013-01-10,263
2013-01-10,296
2013-01-10,269
2013-01-11,268
2013-01-11,273
2013-01-11,265
2013-01-11,271
2013-01-12,282
2013-01-12,282
2013-01-12,276
2013-01-12,288
2013-01-13,295
2013-01-13,295
2013-01-13,293
2013-01-13,297
2013-01-14,301.5
2013-01-14,302
2013-01-14,297
2013-01-14,306
2013-01-15,309
2013-01-15,309
2013-01-15,304
2013-01-15,314
2013-01-16,319
2013-01-16,319
2013-01-16,313
2013-01-16,325
2013-01-17,326
2013-01-17,326
2013-01-17,323
2013-01-17,329
2013-01-18,333.5
2013-01-18,334
2013-01-18,328
2013-01-18,339
2013-01-19,340
2013-01-19,340
2013-01-19,334
2013-01-19,346
2013-01-20,346.5
2013-01-20,346
2013-01-20,343
2013-01-20,350
2013-01-21,353.5
2013-01-21,354
2013-01-21,350
2013-01-21,357
2013-01-22,351.5
2013-01-22,352
2013-01-22,350
2013-01-22,353
2013-01-23,347
2013-01-23,361
2013-01-23,354
2013-01-23,340
2013-01-24,370.5
2013-01-24,369
2013-01-24,369
2013-01-24,372
2013-01-25,378
2013-01-25,378
2013-01-25,374
2013-01-25,382
2013-01-26,384.5
2013-01-26,384
2013-01-26,384
2013-01-26,385
2013-01-27,388
2013-01-27,388
2013-01-27,387
2013-01-27,389
2013-01-28,391.5
2013-01-28,392
2013-01-28,391
2013-01-28,392
2013-01-29,395
2013-01-29,395
2013-01-29,394
2013-01-29,396
2013-01-30,400.5
2013-01-30,400
2013-01-30,399
2013-01-30,402
2013-01-31,412.5
2013-01-31,412
2013-01-31,408
2013-01-31,417
2013-02-01,427
2013-02-01,427
2013-02-01,427
2013-02-01,427
2013-02-02,430
2013-02-02,430
2013-02-02,428
2013-02-02,432
2013-02-03,434.5
2013-02-03,434
2013-02-03,433
2013-02-03,436
2013-02-04,435
2013-02-04,435
2013-02-04,439
2013-02-04,431
2013-02-05,442.5
2013-02-05,442
2013-02-05,442
2013-02-05,443
2013-02-06,446.5
2013-02-06,446
2013-02-06,444
2013-02-06,449
2013-02-07,454
2013-02-07,454
2013-02-07,452
2013-02-07,456
2013-02-08,459.5
2013-02-08,460
2013-02-08,459
2013-02-08,460
2013-02-09,465.5
2013-02-09,466
2013-02-09,462
2013-02-09,469
2013-02-10,476.5
2013-02-10,476
2013-02-10,472
2013-02-10,481
2013-02-11,481.5
2013-02-11,482
2013-02-11,479
2013-02-11,484
2013-02-12,487.5
2013-02-12,488
2013-02-12,482
2013-02-12,493
2013-02-13,500.5
2013-02-13,500
2013-02-13,499
2013-02-13,502
2013-02-14,510
2013-02-14,510
2013-02-14,506
2013-02-14,514
2013-02-15,518
2013-02-15,518
2013-02-15,513
2013-02-15,523
2013-02-16,523
2013-02-16,523
2013-02-16,519
2013-02-16,527
2013-02-17,528.5
2013-02-17,528
2013-02-17,525
2013-02-17,532
2013-02-18,533
2013-02-18,533
2013-02-18,530
2013-02-18,536
2013-02-19,538.5
2013-02-19,538
2013-02-19,534
2013-02-19,543
2013-02-20,544.5
2013-02-20,544
2013-02-20,541
2013-02-20,548
2013-02-21,553.5
2013-02-21,554
2013-02-21,553
2013-02-21,554
2013-02-22,559
2013-02-22,559
2013-02-22,559
2013-02-22,559
2013-02-23,563
2013-02-23,563
2013-02-23,558
2013-02-23,568
2013-02-24,569
2013-02-24,569
2013-02-24,564
2013-02-24,574
2013-02-25,572.5
2013-02-25,572
2013-02-25,571
2013-02-25,574
2013-02-26,579
2013-02-26,579
2013-02-26,572
2013-02-26,586
2013-02-27,585.5
2013-02-27,586
2013-02-27,584
2013-02-27,587
2013-02-28,589
2013-02-28,589
2013-02-28,588
2013-02-28,590
2013-03-01,596
2013-03-01,596
2013-03-01,595
2013-03-01,597
2013-03-02,602.5
2013-03-02,602
2013-03-02,601
2013-03-02,604
2013-03-03,607.5
2013-03-03,608
2013-03-03,606
2013-03-03,609
2013-03-04,613
2013-03-04,613
2013-03-04,612
2013-03-04,614
2013-03-05,618.5
2013-03-05,618
2013-03-05,618
2013-03-05,619
2013-03-06,623
2013-03-06,623
2013-03-06,622
2013-03-06,624
2013-03-07,630
2013-03-07,630
2013-03-07,629
2013-03-07,631
2013-03-08,634
2013-03-08,634
2013-03-08,634
2013-03-08,634
2013-03-09,641
2013-03-09,641
2013-03-09,640
2013-03-09,642
2013-03-10,645
2013-03-10,645
2013-03-10,644
2013-03-10,646
2013-03-11,648
2013-03-11,648
2013-03-11,650
2013-03-11,646
2013-03-12,653.5
2013-03-12,654
2013-03-12,655
2013-03-12,652
2013-03-13,657
2013-03-13,657
2013-03-13,658
2013-03-13,656
2013-03-14,664
2013-03-14,664
2013-03-14,662
2013-03-14,666
2013-03-15,665.5
2013-03-15,666
2013-03-15,667
2013-03-15,664
2013-03-16,669.5
2013-03-16,670
2013-03-16,671
2013-03-16,668
2013-03-17,674.5
2013-03-17,674
2013-03-17,676
2013-03-17,673
2013-03-18,684
2013-03-18,684
2013-03-18,689
2013-03-18,679
2013-03-19,690.5
2013-03-19,690
2013-03-19,693
2013-03-19,688
2013-03-20,698
2013-03-20,698
2013-03-20,702
2013-03-20,694
2013-03-21,706.5
2013-03-21,706
2013-03-21,708
2013-03-21,705
2013-03-22,724.5
2013-03-22,711
2013-03-22,722
2013-03-22,727
2013-03-23,716
2013-03-23,716
2013-03-23,723
2013-03-23,709
2013-03-24,717.5
2013-03-24,718
2013-03-24,724
2013-03-24,711
2013-03-25,721.5
2013-03-25,722
2013-03-25,725
2013-03-25,718
2013-03-26,724.5
2013-03-26,724
2013-03-26,724
2013-03-26,725
2013-03-27,725.5
2013-03-27,726
2013-03-27,722
2013-03-27,729
2013-03-28,733.5
2013-03-28,734
2013-03-28,735
2013-03-28,732
2013-03-29,747
2013-03-29,747
2013-03-29,744
2013-03-29,750
2013-03-30,757
2013-03-30,757
2013-03-30,756
2013-03-30,758
2013-03-31,763
2013-03-31,763
2013-03-31,762
2013-03-31,764
2013-04-01,764.5
2013-04-01,764
2013-04-01,767
2013-04-01,762
2013-04-02,771.5
2013-04-02,772
2013-04-02,771
2013-04-02,772
2013-04-03,774.5
2013-04-03,774
2013-04-03,774
2013-04-03,775
2013-04-04,776.5
2013-04-04,776
2013-04-04,774
2013-04-04,779
2013-04-05,781.5
2013-04-05,782
2013-04-05,781
2013-04-05,782
2013-04-06,786
2013-04-06,786
2013-04-06,785
2013-04-06,787
2013-04-07,791
2013-04-07,791
2013-04-07,790
2013-04-07,792
2013-04-08,793
2013-04-08,793
2013-04-08,793
2013-04-08,793
2013-04-09,794
2013-04-09,794
2013-04-09,794
2013-04-09,794
2013-04-10,795.5
2013-04-10,796
2013-04-10,795
2013-04-10,796
2013-04-11,797.5
2013-04-11,798
2013-04-11,797
2013-04-11,798
2013-04-12,801
2013-04-12,801
2013-04-12,802
2013-04-12,800
2013-04-13,802.5
2013-04-13,802
2013-04-13,802
2013-04-13,803
2013-04-14,804
2013-04-14,804
2013-04-14,804
2013-04-14,804
2013-04-15,804
2013-04-15,804
2013-04-15,804
2013-04-15,804
2013-04-16,804
2013-04-16,804
2013-04-16,804
2013-04-16,804
2013-04-17,808.5
2013-04-17,809
2013-04-17,808
2013-04-17,809
2013-04-18,809.5
2013-04-18,810
2013-04-18,809
2013-04-18,810
2013-04-19,811.5
2013-04-19,812
2013-04-19,811
2013-04-19,812
2013-04-20,816
2013-04-20,816
2013-04-20,818
2013-04-20,814
2013-04-21,817.5
2013-04-21,818
2013-04-21,818
2013-04-21,817
2013-04-22,820
2013-04-22,820
2013-04-22,819
2013-04-22,821
2013-04-23,822.5
2013-04-23,822
2013-04-23,822
2013-04-23,823
2013-04-24,823.5
2013-04-24,824
2013-04-24,823
2013-04-24,824
2013-04-25,826
2013-04-25,826
2013-04-25,825
2013-04-25,827
2013-04-26,834
2013-04-26,834
2013-04-26,829
2013-04-26,839
2013-04-27,832
2013-04-27,832
2013-04-27,831
2013-04-27,833
2013-04-28,836.5
2013-04-28,836
2013-04-28,836
2013-04-28,837
2013-04-29,839
2013-04-29,839
2013-04-29,839
2013-04-29,839
2013-04-30,841.5
2013-04-30,841
2013-04-30,841
2013-04-30,842
2013-05-01,845
2013-05-01,845
2013-05-01,844
2013-05-01,846
2013-05-02,849.5
2013-05-02,849
2013-05-02,849
2013-05-02,850
2013-05-03,853
2013-05-03,853
2013-05-03,853
2013-05-03,853
2013-05-04,855.5
2013-05-04,856
2013-05-04,855
2013-05-04,856
2013-05-05,857
2013-05-05,857
2013-05-05,857
2013-05-05,857
2013-05-06,858.5
2013-05-06,859
2013-05-06,858
2013-05-06,859
2013-05-07,861
2013-05-07,861
2013-05-07,861
2013-05-07,861
2013-05-08,864.5
2013-05-08,864
2013-05-08,864
2013-05-08,865
2013-05-09,865
2013-05-09,865
2013-05-09,865
2013-05-09,865
2013-05-10,867
2013-05-10,867
2013-05-10,866
2013-05-10,868
2013-05-11,869.5
2013-05-11,870
2013-05-11,869
2013-05-11,870
2013-05-12,872.5
2013-05-12,872
2013-05-12,872
2013-05-12,873
2013-05-13,875.5
2013-05-13,876
2013-05-13,875
2013-05-13,876
2013-05-14,877.5
2013-05-14,878
2013-05-14,877
2013-05-14,878
2013-05-15,879.5
2013-05-15,880
2013-05-15,879
2013-05-15,880
2013-05-16,881.5
2013-05-16,882
2013-05-16,881
2013-05-16,882
2013-05-17,885.5
2013-05-17,886
2013-05-17,885
2013-05-17,886
2013-05-18,887
2013-05-18,887
2013-05-18,887
2013-05-18,887
2013-05-19,887.5
2013-05-19,888
2013-05-19,887
2013-05-19,888
2013-05-20,888.5
2013-05-20,888
2013-05-20,888
2013-05-20,889
2013-05-21,889
2013-05-21,889
2013-05-21,889
2013-05-21,889
2013-05-22,890
2013-05-22,890
2013-05-22,890
2013-05-22,890
2013-05-23,892
2013-05-23,892
2013-05-23,891
2013-05-23,893
2013-05-24,894
2013-05-24,894
2013-05-24,893
2013-05-24,895
2013-05-25,898.5
2013-05-25,898
2013-05-25,898
2013-05-25,899
2013-05-26,899.5
2013-05-26,899
2013-05-26,899
2013-05-26,900
2013-05-27,901.5
2013-05-27,902
2013-05-27,901
2013-05-27,902
2013-05-28,902.5
2013-05-28,902
2013-05-28,902
2013-05-28,903
2013-05-29,902
2013-05-29,902
2013-05-29,902
2013-05-29,902
2013-05-30,902
2013-05-30,902
2013-05-30,902
2013-05-30,902
2013-05-31,902.5
2013-05-31,902
2013-05-31,903
2013-05-31,902
2013-06-01,902
2013-06-01,902
2013-06-01,902
2013-06-01,902
2013-06-02,903
2013-06-02,903
2013-06-02,903
2013-06-02,902
2013-06-03,900
2013-06-03,900
2013-06-03,900
2013-06-03,899
2013-06-04,897
2013-06-04,897
2013-06-04,897
2013-06-04,897
2013-06-05,893
2013-06-05,893
2013-06-05,893
2013-06-05,893
2013-06-06,890
2013-06-06,890
2013-06-06,891
2013-06-06,889
2013-06-07,887
2013-06-07,887
2013-06-07,888
2013-06-07,886
2013-06-08,884
2013-06-08,884
2013-06-08,885
2013-06-08,883
2013-06-09,882
2013-06-09,882
2013-06-09,882
2013-06-09,881
2013-06-10,879
2013-06-10,879
2013-06-10,879
2013-06-10,878
2013-06-11,875
2013-06-11,875
2013-06-11,875
2013-06-11,875
2013-06-12,874
2013-06-12,874
2013-06-12,874
2013-06-12,873
2013-06-13,872
2013-06-13,872
2013-06-13,873
2013-06-13,871
2013-06-14,871
2013-06-14,871
2013-06-14,871
2013-06-14,871
2013-06-15,869
2013-06-15,869
2013-06-15,869
2013-06-15,869
2013-06-16,868
2013-06-16,868
2013-06-16,868
2013-06-16,868
2013-06-17,866
2013-06-17,866
2013-06-17,867
2013-06-17,865
2013-06-18,863
2013-06-18,863
2013-06-18,863
2013-06-18,862
2013-06-19,861
2013-06-19,861
2013-06-19,861
2013-06-19,860
2013-06-20,856
2013-06-20,856
2013-06-20,859
2013-06-20,852
2013-06-21,856
2013-06-21,856
2013-06-21,857
2013-06-21,854
2013-06-22,853
2013-06-22,853
2013-06-22,854
2013-06-22,852
2013-06-23,851
2013-06-23,851
2013-06-23,851
2013-06-23,850
2013-06-24,848
2013-06-24,848
2013-06-24,847
2013-06-24,848
2013-06-25,845
2013-06-25,845
2013-06-25,846
2013-06-25,844
2013-06-26,842
2013-06-26,842
2013-06-26,843
2013-06-26,841
2013-06-27,841
2013-06-27,841
2013-06-27,841
2013-06-27,840
2013-06-28,838
2013-06-28,838
2013-06-28,839
2013-06-28,836
2013-06-29,835
2013-06-29,835
2013-06-29,836
2013-06-29,834
2013-06-30,834
2013-06-30,834
2013-06-30,834
2013-06-30,834
2013-07-01,834.5
2013-07-01,835
2013-07-01,835
2013-07-01,834
2013-07-02,832.5
2013-07-02,832
2013-07-02,833
2013-07-02,832
2013-07-03,829.5
2013-07-03,830
2013-07-03,830
2013-07-03,829
2013-07-04,828
2013-07-04,828
2013-07-04,828
2013-07-04,828
2013-07-05,827
2013-07-05,827
2013-07-05,828
2013-07-05,826
2013-07-06,825.5
2013-07-06,826
2013-07-06,826
2013-07-06,825
2013-07-07,823.5
2013-07-07,824
2013-07-07,824
2013-07-07,823
2013-07-08,821.5
2013-07-08,822
2013-07-08,823
2013-07-08,820
2013-07-09,819
2013-07-09,819
2013-07-09,820
2013-07-09,818
2013-07-10,817
2013-07-10,817
2013-07-10,818
2013-07-10,816
2013-07-11,814.5
2013-07-11,814
2013-07-11,815
2013-07-11,814
2013-07-12,813
2013-07-12,813
2013-07-12,814
2013-07-12,812
2013-07-13,810.5
2013-07-13,810
2013-07-13,811
2013-07-13,810
2013-07-14,806
2013-07-14,806
2013-07-14,808
2013-07-14,804
2013-07-15,803.5
2013-07-15,804
2013-07-15,804
2013-07-15,803
2013-07-16,801
2013-07-16,801
2013-07-16,802
2013-07-16,800
2013-07-17,798.5
2013-07-17,798
2013-07-17,799
2013-07-17,798
2013-07-18,795.5
2013-07-18,796
2013-07-18,797
2013-07-18,794
2013-07-19,790.5
2013-07-19,790
2013-07-19,792
2013-07-19,789
2013-07-20,787
2013-07-20,787
2013-07-20,788
2013-07-20,786
2013-07-21,783
2013-07-21,783
2013-07-21,784
2013-07-21,782
2013-07-22,779
2013-07-22,779
2013-07-22,780
2013-07-22,778
2013-07-23,773
2013-07-23,773
2013-07-23,776
2013-07-23,770
2013-07-24,770.5
2013-07-24,770
2013-07-24,772
2013-07-24,769
2013-07-25,768
2013-07-25,768
2013-07-25,770
2013-07-25,766
2013-07-26,765.5
2013-07-26,766
2013-07-26,767
2013-07-26,764
2013-07-27,764
2013-07-27,764
2013-07-27,766
2013-07-27,762
2013-07-28,760.5
2013-07-28,760
2013-07-28,762
2013-07-28,759
2013-07-29,757
2013-07-29,757
2013-07-29,759
2013-07-29,755
2013-07-30,753.5
2013-07-30,754
2013-07-30,757
2013-07-30,750
2013-07-31,751
2013-07-31,751
2013-07-31,753
2013-07-31,749
2013-08-01,747
2013-08-01,747
2013-08-01,748
2013-08-01,746
2013-08-02,742
2013-08-02,742
2013-08-02,744
2013-08-02,740
2013-08-03,738
2013-08-03,738
2013-08-03,739
2013-08-03,737
2013-08-04,736
2013-08-04,735.5
2013-08-04,739
2013-08-04,732
2013-08-05,726
2013-08-05,726.5
2013-08-05,728
2013-08-05,725
2013-08-06,721
2013-08-06,721
2013-08-06,722
2013-08-06,720
2013-08-07,717
2013-08-07,717
2013-08-07,718
2013-08-07,716
2013-08-08,712
2013-08-08,711.5
2013-08-08,713
2013-08-08,710
2013-08-09,708
2013-08-09,708.5
2013-08-09,709
2013-08-09,708
2013-08-10,703
2013-08-10,703
2013-08-10,704
2013-08-10,702
2013-08-11,698
2013-08-11,697.5
2013-08-11,698
2013-08-11,697
2013-08-12,695
2013-08-12,695
2013-08-12,696
2013-08-12,694
2013-08-13,691
2013-08-13,691
2013-08-13,692
2013-08-13,690
2013-08-14,687
2013-08-14,687
2013-08-14,688
2013-08-14,686
2013-08-15,683
2013-08-15,683
2013-08-15,684
2013-08-15,682
2013-08-16,678
2013-08-16,678.5
2013-08-16,679
2013-08-16,678
2013-08-17,674
2013-08-17,674.5
2013-08-17,675
2013-08-17,674
2013-08-18,672
2013-08-18,672.5
2013-08-18,673
2013-08-18,672
2013-08-19,670
2013-08-19,669.5
2013-08-19,670
2013-08-19,669
2013-08-20,666
2013-08-20,666.5
2013-08-20,667
2013-08-20,666
2013-08-21,664
2013-08-21,663.5
2013-08-21,664
2013-08-21,663
2013-08-22,660
2013-08-22,659.5
2013-08-22,661
2013-08-22,658
2013-08-23,656
2013-08-23,656
2013-08-23,657
2013-08-23,655
2013-08-24,651
2013-08-24,651
2013-08-24,652
2013-08-24,650
2013-08-25,648
2013-08-25,648
2013-08-25,648
2013-08-25,648
2013-08-26,640
2013-08-26,640
2013-08-26,642
2013-08-26,638
2013-08-27,632
2013-08-27,632.5
2013-08-27,634
2013-08-27,631
2013-08-28,626
2013-08-28,626.5
2013-08-28,627
2013-08-28,626
2013-08-29,622
2013-08-29,622.5
2013-08-29,624
2013-08-29,621
2013-08-30,618
2013-08-30,617.5
2013-08-30,619
2013-08-30,616
2013-08-31,615
2013-08-31,615
2013-08-31,616
2013-08-31,614
2013-09-01,609
2013-09-01,609
2013-09-01,610
2013-09-01,608
2013-09-02,604
2013-09-02,604
2013-09-02,606
2013-09-02,602
2013-09-03,602
2013-09-03,602
2013-09-03,602
2013-09-03,602
2013-09-04,599
2013-09-04,599
2013-09-04,600
2013-09-04,598
2013-09-05,595
2013-09-05,595
2013-09-05,596
2013-09-05,594
2013-09-06,589.5
2013-09-06,590
2013-09-06,591
2013-09-06,588
2013-09-07,585
2013-09-07,585
2013-09-07,586
2013-09-07,584
2013-09-08,581
2013-09-08,581
2013-09-08,582
2013-09-08,580
2013-09-09,576
2013-09-09,576
2013-09-09,577
2013-09-09,575
2013-09-10,570.5
2013-09-10,570
2013-09-10,571
2013-09-10,570
2013-09-11,564.5
2013-09-11,564
2013-09-11,566
2013-09-11,563
2013-09-12,559
2013-09-12,559
2013-09-12,560
2013-09-12,558
2013-09-13,555
2013-09-13,555
2013-09-13,556
2013-09-13,554
2013-09-14,549.5
2013-09-14,550
2013-09-14,551
2013-09-14,548
2013-09-15,546
2013-09-15,546
2013-09-15,544
2013-09-15,548
2013-09-16,541.5
2013-09-16,542
2013-09-16,541
2013-09-16,542
2013-09-17,533
2013-09-17,533
2013-09-17,534
2013-09-17,532
2013-09-18,527.5
2013-09-18,528
2013-09-18,529
2013-09-18,526
2013-09-19,521.5
2013-09-19,522
2013-09-19,523
2013-09-19,520
2013-09-20,516.5
2013-09-20,516
2013-09-20,518
2013-09-20,515
2013-09-21,514
2013-09-21,514
2013-09-21,513
2013-09-21,515
2013-09-22,505.5
2013-09-22,506
2013-09-22,507
2013-09-22,504
2013-09-23,500
2013-09-23,500
2013-09-23,502
2013-09-23,498
2013-09-24,492.5
2013-09-24,492
2013-09-24,495
2013-09-24,490
2013-09-25,487
2013-09-25,487
2013-09-25,489
2013-09-25,485
2013-09-26,480
2013-09-26,480
2013-09-26,482
2013-09-26,478
2013-09-27,471
2013-09-27,471
2013-09-27,474
2013-09-27,468
2013-09-28,463
2013-09-28,463
2013-09-28,465
2013-09-28,461
2013-09-29,454.5
2013-09-29,454
2013-09-29,458
2013-09-29,451
2013-09-30,445.5
2013-09-30,446
2013-09-30,448
2013-09-30,443
2013-10-01,438.5
2013-10-01,438
2013-10-01,440
2013-10-01,437
2013-10-02,430
2013-10-02,430
2013-10-02,432
2013-10-02,428
2013-10-03,421
2013-10-03,421
2013-10-03,424
2013-10-03,418
2013-10-04,415
2013-10-04,415
2013-10-04,416
2013-10-04,414
2013-10-05,411.5
2013-10-05,412
2013-10-05,413
2013-10-05,410
2013-10-06,407
2013-10-06,407
2013-10-06,408
2013-10-06,406
2013-10-07,398.5
2013-10-07,398
2013-10-07,400
2013-10-07,397
2013-10-08,391.5
2013-10-08,392
2013-10-08,393
2013-10-08,390
2013-10-09,383
2013-10-09,383
2013-10-09,384
2013-10-09,382
2013-10-10,374.5
2013-10-10,374
2013-10-10,377
2013-10-10,372
2013-10-11,367
2013-10-11,367
2013-10-11,368
2013-10-11,366
2013-10-12,360
2013-10-12,360
2013-10-12,363
2013-10-12,357
2013-10-13,351
2013-10-13,351
2013-10-13,355
2013-10-13,347
2013-10-14,338.5
2013-10-14,338
2013-10-14,341
2013-10-14,336
2013-10-15,331
2013-10-15,331
2013-10-15,333
2013-10-15,329
2013-10-16,322.5
2013-10-16,322
2013-10-16,325
2013-10-16,320
2013-10-17,316.5
2013-10-17,316
2013-10-17,318
2013-10-17,315
2013-10-18,308.5
2013-10-18,308
2013-10-18,310
2013-10-18,307
2013-10-19,300.5
2013-10-19,300
2013-10-19,303
2013-10-19,298
2013-10-20,294.5
2013-10-20,294
2013-10-20,296
2013-10-20,293
2013-10-21,289
2013-10-21,289
2013-10-21,291
2013-10-21,287
2013-10-22,282.5
2013-10-22,282
2013-10-22,285
2013-10-22,280
2013-10-23,275
2013-10-23,275
2013-10-23,278
2013-10-23,272
2013-10-24,267
2013-10-24,267
2013-10-24,269
2013-10-24,265
2013-10-25,260
2013-10-25,260
2013-10-25,263
2013-10-25,257
2013-10-26,252.5
2013-10-26,252
2013-10-26,254
2013-10-26,251
2013-10-27,246
2013-10-27,246
2013-10-27,247
2013-10-27,245
2013-10-28,238.5
2013-10-28,238
2013-10-28,240
2013-10-28,237
2013-10-29,233.5
2013-10-29,234
2013-10-29,234
2013-10-29,233
2013-10-30,229
2013-10-30,229
2013-10-30,230
2013-10-30,228
2013-10-31,226
2013-10-31,226
2013-10-31,226
2013-10-31,226
2013-11-01,226
2013-11-01,226
2013-11-01,226
2013-11-01,226
2013-11-02,228
2013-11-02,228
2013-11-02,228
2013-11-02,228
2013-11-03,228
2013-11-03,228
2013-11-03,228
2013-11-03,228
2013-11-04,230.5
2013-11-04,231
2013-11-04,230
2013-11-04,231
2013-11-05,234.5
2013-11-05,235
2013-11-05,234
2013-11-05,235
2013-11-06,236
2013-11-06,236
2013-11-06,236
2013-11-06,236
2013-11-07,236.5
2013-11-07,237
2013-11-07,236
2013-11-07,237
2013-11-08,239
2013-11-08,239
2013-11-08,239
2013-11-08,239
2013-11-09,240.5
2013-11-09,240
2013-11-09,240
2013-11-09,241
2013-11-10,242
2013-11-10,242
2013-11-10,242
2013-11-10,242
2013-11-11,240
2013-11-11,240
2013-11-11,241
2013-11-11,239
2013-11-12,240
2013-11-12,240
2013-11-12,240
2013-11-12,240
2013-11-13,243
2013-11-13,243
2013-11-13,243
2013-11-13,243
2013-11-14,245
2013-11-14,245
2013-11-14,245
2013-11-14,245
2013-11-15,248
2013-11-15,248
2013-11-15,247
2013-11-15,249
2013-11-16,251.5
2013-11-16,252
2013-11-16,251
2013-11-16,252
2013-11-17,254.5
2013-11-17,254
2013-11-17,254
2013-11-17,255
2013-11-18,257
2013-11-18,257
2013-11-18,257
2013-11-18,257
2013-11-19,259
2013-11-19,259
2013-11-19,258
2013-11-19,260
2013-11-20,265
2013-11-20,265
2013-11-20,264
2013-11-20,266
2013-11-21,269
2013-11-21,269
2013-11-21,269
2013-11-21,269
2013-11-22,270.5
2013-11-22,270
2013-11-22,271
2013-11-22,270
2013-11-23,270
2013-11-23,270
2013-11-23,270
2013-11-23,270
2013-11-24,272
2013-11-24,272
2013-11-24,272
2013-11-24,272
2013-11-25,271
2013-11-25,271
2013-11-25,272
2013-11-25,270
2013-11-26,273
2013-11-26,273
2013-11-26,273
2013-11-26,273
2013-11-27,275
2013-11-27,275
2013-11-27,274
2013-11-27,276
2013-11-28,276.5
2013-11-28,276
2013-11-28,276
2013-11-28,277
2013-11-29,279
2013-11-29,279
2013-11-29,279
2013-11-29,279
2013-11-30,282
2013-11-30,282
2013-11-30,281
2013-11-30,283
2013-12-01,288.5
2013-12-01,288
2013-12-01,287
2013-12-01,290
2013-12-02,294.5
2013-12-02,294
2013-12-02,294
2013-12-02,295
2013-12-03,301
2013-12-03,301
2013-12-03,300
2013-12-03,302
2013-12-04,307.5
2013-12-04,308
2013-12-04,307
2013-12-04,308
2013-12-05,314
2013-12-05,314
2013-12-05,313
2013-12-05,315
2013-12-06,319.5
2013-12-06,320
2013-12-06,319
2013-12-06,320
2013-12-07,324
2013-12-07,324
2013-12-07,323
2013-12-07,325
2013-12-08,328
2013-12-08,328
2013-12-08,328
2013-12-08,328
2013-12-09,330.5
2013-12-09,330
2013-12-09,331
2013-12-09,330
2013-12-10,334
2013-12-10,334
2013-12-10,334
2013-12-10,334
2013-12-11,335
2013-12-11,335
2013-12-11,335
2013-12-11,335
2013-12-12,336
2013-12-12,336
2013-12-12,336
2013-12-12,336
2013-12-13,337.5
2013-12-13,338
2013-12-13,337
2013-12-13,338
2013-12-14,339
2013-12-14,339
2013-12-14,339
2013-12-14,339
2013-12-15,341
2013-12-15,341
2013-12-15,340
2013-12-15,342
2013-12-16,344
2013-12-16,344
2013-12-16,344
2013-12-16,344
2013-12-17,345.5
2013-12-17,346
2013-12-17,345
2013-12-17,346
2013-12-18,349.5
2013-12-18,350
2013-12-18,349
2013-12-18,350
2013-12-19,351
2013-12-19,351
2013-12-19,351
2013-12-19,351
2013-12-20,352
2013-12-20,352
2013-12-20,352
2013-12-20,352
2013-12-21,355.5
2013-12-21,356
2013-12-21,355
2013-12-21,356
2013-12-22,359
2013-12-22,359
2013-12-22,359
2013-12-22,359
2013-12-23,360
2013-12-23,360
2013-12-23,360
2013-12-23,360
2013-12-24,362.5
2013-12-24,362
2013-12-24,361
2013-12-24,364
2013-12-25,367
2013-12-25,367
2013-12-25,367
2013-12-25,367
2013-12-26,370.5
2013-12-26,370
2013-12-26,369
2013-12-26,372
2013-12-27,377
2013-12-27,377
2013-12-27,376
2013-12-27,378
2013-12-28,385.5
2013-12-28,386
2013-12-28,383
2013-12-28,388
2013-12-29,391
2013-12-29,391
2013-12-29,388
2013-12-29,394
2013-12-30,403.5
2013-12-30,404
2013-12-30,402
2013-12-30,405
2013-12-31,409
2013-12-31,409
2013-12-31,408
2013-12-31,410
2014-01-01,414.5
2014-01-01,414
2014-01-01,413
2014-01-01,416
2014-01-02,420
2014-01-02,420
2014-01-02,420
2014-01-02,420
2014-01-03,424
2014-01-03,424
2014-01-03,424
2014-01-03,424
2014-01-04,429.5
2014-01-04,430
2014-01-04,429
2014-01-04,430
2014-01-05,433
2014-01-05,433
2014-01-05,433
2014-01-05,433
2014-01-06,436.5
2014-01-06,436
2014-01-06,436
2014-01-06,437
2014-01-07,439.5
2014-01-07,439
2014-01-07,439
2014-01-07,440
2014-01-08,443.5
2014-01-08,443
2014-01-08,443
2014-01-08,444
2014-01-09,443.5
2014-01-09,443
2014-01-09,443
2014-01-09,444
2014-01-10,446
2014-01-10,446
2014-01-10,446
2014-01-10,446
2014-01-11,447.5
2014-01-11,447
2014-01-11,447
2014-01-11,448
2014-01-12,448.5
2014-01-12,449
2014-01-12,448
2014-01-12,449
2014-01-13,453
2014-01-13,453
2014-01-13,452
2014-01-13,454
2014-01-14,455.5
2014-01-14,456
2014-01-14,455
2014-01-14,456
2014-01-15,457
2014-01-15,457
2014-01-15,457
2014-01-15,457
2014-01-16,459.5
2014-01-16,460
2014-01-16,459
2014-01-16,460
2014-01-17,461.5
2014-01-17,462
2014-01-17,461
2014-01-17,462
2014-01-18,464.5
2014-01-18,464
2014-01-18,464
2014-01-18,465
2014-01-19,467.5
2014-01-19,468
2014-01-19,467
2014-01-19,468
2014-01-20,471.5
2014-01-20,472
2014-01-20,471
2014-01-20,472
2014-01-21,474.5
2014-01-21,474
2014-01-21,474
2014-01-21,475
2014-01-22,475.5
2014-01-22,476
2014-01-22,475
2014-01-22,476
2014-01-23,478
2014-01-23,478
2014-01-23,478
2014-01-23,478
2014-01-24,479
2014-01-24,479
2014-01-24,479
2014-01-24,479
2014-01-25,482
2014-01-25,482
2014-01-25,482
2014-01-25,482
2014-01-26,482
2014-01-26,482
2014-01-26,482
2014-01-26,482
2014-01-27,483
2014-01-27,483
2014-01-27,483
2014-01-27,483
2014-01-28,485.5
2014-01-28,486
2014-01-28,485
2014-01-28,486
2014-01-29,491
2014-01-29,491
2014-01-29,490
2014-01-29,492
2014-01-30,496
2014-01-30,496
2014-01-30,495
2014-01-30,497
2014-01-31,502.5
2014-01-31,503
2014-01-31,501
2014-01-31,504
2014-02-01,509
2014-02-01,509
2014-02-01,508
2014-02-01,510
2014-02-02,515.5
2014-02-02,516
2014-02-02,515
2014-02-02,516
2014-02-03,520.5
2014-02-03,520
2014-02-03,520
2014-02-03,521
2014-02-04,524
2014-02-04,524
2014-02-04,524
2014-02-04,524
2014-02-05,526.5
2014-02-05,526
2014-02-05,525
2014-02-05,528
2014-02-06,529.5
2014-02-06,530
2014-02-06,529
2014-02-06,530
2014-02-07,535
2014-02-07,535
2014-02-07,534
2014-02-07,536
2014-02-08,539
2014-02-08,539
2014-02-08,539
2014-02-08,539
2014-02-09,543
2014-02-09,543
2014-02-09,542
2014-02-09,544
2014-02-10,547
2014-02-10,547
2014-02-10,546
2014-02-10,548
2014-02-11,552.5
2014-02-11,552
2014-02-11,552
2014-02-11,553
2014-02-12,555.5
2014-02-12,556
2014-02-12,555
2014-02-12,556
2014-02-13,562
2014-02-13,562
2014-02-13,562
2014-02-13,562
2014-02-14,563.5
2014-02-14,564
2014-02-14,563
2014-02-14,564
2014-02-15,569
2014-02-15,569
2014-02-15,567
2014-02-15,571
2014-02-16,575
2014-02-16,575
2014-02-16,571
2014-02-16,579
2014-02-17,582.5
2014-02-17,582
2014-02-17,579
2014-02-17,586
2014-02-18,590
2014-02-18,590
2014-02-18,590
2014-02-18,590
2014-02-19,593.5
2014-02-19,594
2014-02-19,593
2014-02-19,594
2014-02-20,598
2014-02-20,598
2014-02-20,597
2014-02-20,599
2014-02-21,602.5
2014-02-21,602
2014-02-21,602
2014-02-21,603
2014-02-22,605
2014-02-22,605
2014-02-22,605
2014-02-22,605
2014-02-23,606.5
2014-02-23,606
2014-02-23,606
2014-02-23,607
2014-02-24,611
2014-02-24,611
2014-02-24,611
2014-02-24,611
2014-02-25,611.5
2014-02-25,612
2014-02-25,611
2014-02-25,612
2014-02-26,614.5
2014-02-26,614
2014-02-26,614
2014-02-26,615
2014-02-27,619
2014-02-27,619
2014-02-27,618
2014-02-27,620
2014-02-28,623
2014-02-28,623
2014-02-28,622
2014-02-28,624
2014-03-01,627.5
2014-03-01,628
2014-03-01,627
2014-03-01,628
2014-03-02,636.5
2014-03-02,636
2014-03-02,634
2014-03-02,639
2014-03-03,643
2014-03-03,643
2014-03-03,642
2014-03-03,644
2014-03-04,648.5
2014-03-04,648
2014-03-04,648
2014-03-04,649
2014-03-05,655.5
2014-03-05,656
2014-03-05,655
2014-03-05,656
2014-03-06,660.5
2014-03-06,660
2014-03-06,659
2014-03-06,662
2014-03-07,665
2014-03-07,665
2014-03-07,665
2014-03-07,665
2014-03-08,671
2014-03-08,671
2014-03-08,670
2014-03-08,672
2014-03-09,678.5
2014-03-09,678
2014-03-09,677
2014-03-09,680
2014-03-10,682.5
2014-03-10,682
2014-03-10,682
2014-03-10,683
2014-03-11,685
2014-03-11,685
2014-03-11,684
2014-03-11,686
2014-03-12,692
2014-03-12,692
2014-03-12,690
2014-03-12,694
2014-03-13,696.5
2014-03-13,696
2014-03-13,696
2014-03-13,697
2014-03-14,700
2014-03-14,700
2014-03-14,699
2014-03-14,701
2014-03-15,707.5
2014-03-15,708
2014-03-15,707
2014-03-15,708
2014-03-16,711
2014-03-16,711
2014-03-16,710
2014-03-16,712
2014-03-17,713.5
2014-03-17,714
2014-03-17,713
2014-03-17,714
2014-03-18,717.5
2014-03-18,718
2014-03-18,717
2014-03-18,718
2014-03-19,722
2014-03-19,722
2014-03-19,721
2014-03-19,723
2014-03-20,727
2014-03-20,727
2014-03-20,726
2014-03-20,728
2014-03-21,732
2014-03-21,732
2014-03-21,731
2014-03-21,733
2014-03-22,738
2014-03-22,738
2014-03-22,737
2014-03-22,739
2014-03-23,743
2014-03-23,743
2014-03-23,742
2014-03-23,744
2014-03-24,748.5
2014-03-24,748
2014-03-24,748
2014-03-24,749
2014-03-25,758
2014-03-25,758
2014-03-25,757
2014-03-25,759
2014-03-26,763
2014-03-26,763
2014-03-26,762
2014-03-26,764
2014-03-27,769
2014-03-27,769
2014-03-27,768
2014-03-27,770
2014-03-28,777
2014-03-28,777
2014-03-28,776
2014-03-28,778
2014-03-29,782
2014-03-29,782
2014-03-29,781
2014-03-29,783
2014-03-30,785.5
2014-03-30,786
2014-03-30,785
2014-03-30,786
2014-03-31,789.5
2014-03-31,790
2014-03-31,789
2014-03-31,790
2014-04-01,799
2014-04-01,799
2014-04-01,796
2014-04-01,802
2014-04-02,809
2014-04-02,809
2014-04-02,807
2014-04-02,811
2014-04-03,816
2014-04-03,816
2014-04-03,815
2014-04-03,817
2014-04-04,821
2014-04-04,821
2014-04-04,820
2014-04-04,822
2014-04-05,823
2014-04-05,823
2014-04-05,823
2014-04-05,823
2014-04-06,824
2014-04-06,824
2014-04-06,824
2014-04-06,824
2014-04-07,824
2014-04-07,824
2014-04-07,824
2014-04-07,824
2014-04-08,824
2014-04-08,824
2014-04-08,824
2014-04-08,824
2014-04-09,825
2014-04-09,825
2014-04-09,825
2014-04-09,825
2014-04-10,825
2014-04-10,825
2014-04-10,825
2014-04-10,825
2014-04-11,825
2014-04-11,825
2014-04-11,825
2014-04-11,825
2014-04-12,825
2014-04-12,825
2014-04-12,825
2014-04-12,825
2014-04-13,826
2014-04-13,826
2014-04-13,826
2014-04-13,826
2014-04-14,826
2014-04-14,826
2014-04-14,826
2014-04-14,826
2014-04-15,826
2014-04-15,826
2014-04-15,826
2014-04-15,826
2014-04-16,829
2014-04-16,829
2014-04-16,829
2014-04-16,829
2014-04-17,833
2014-04-17,833
2014-04-17,832
2014-04-17,834
2014-04-18,839
2014-04-18,839
2014-04-18,838
2014-04-18,840
2014-04-19,845
2014-04-19,845
2014-04-19,843
2014-04-19,847
2014-04-20,849.5
2014-04-20,849
2014-04-20,849
2014-04-20,850
2014-04-21,853
2014-04-21,853
2014-04-21,852
2014-04-21,854
2014-04-22,857.5
2014-04-22,857
2014-04-22,856
2014-04-22,859
2014-04-23,861.5
2014-04-23,862
2014-04-23,860
2014-04-23,863
2014-04-24,864
2014-04-24,864
2014-04-24,864
2014-04-24,864
2014-04-25,866
2014-04-25,866
2014-04-25,865
2014-04-25,867
2014-04-26,869.5
2014-04-26,870
2014-04-26,869
2014-04-26,870
2014-04-27,873
2014-04-27,873
2014-04-27,872
2014-04-27,874
2014-04-28,879
2014-04-28,879
2014-04-28,878
2014-04-28,880
2014-04-29,882
2014-04-29,882
2014-04-29,882
2014-04-29,882
2014-04-30,883
2014-04-30,883
2014-04-30,883
2014-04-30,883
2014-05-01,884
2014-05-01,884
2014-05-01,884
2014-05-01,884
2014-05-02,889.5
2014-05-02,890
2014-05-02,889
2014-05-02,890
2014-05-03,892.5
2014-05-03,893
2014-05-03,892
2014-05-03,893
2014-05-04,896
2014-05-04,896
2014-05-04,895
2014-05-04,897
2014-05-05,900.5
2014-05-05,901
2014-05-05,900
2014-05-05,901
2014-05-06,904
2014-05-06,904
2014-05-06,903
2014-05-06,905
2014-05-07,907
2014-05-07,907
2014-05-07,907
2014-05-07,907
2014-05-08,907
2014-05-08,907
2014-05-08,907
2014-05-08,907
2014-05-09,908
2014-05-09,908
2014-05-09,908
2014-05-09,908
2014-05-10,909.5
2014-05-10,910
2014-05-10,909
2014-05-10,910
2014-05-11,910.5
2014-05-11,910
2014-05-11,910
2014-05-11,911
2014-05-12,915.5
2014-05-12,915
2014-05-12,912
2014-05-12,919
2014-05-13,912
2014-05-13,912
2014-05-13,912
2014-05-13,912
2014-05-14,912
2014-05-14,912
2014-05-14,912
2014-05-14,912
2014-05-15,912
2014-05-15,912
2014-05-15,912
2014-05-15,912
2014-05-16,912
2014-05-16,912
2014-05-16,912
2014-05-16,912
2014-05-17,912
2014-05-17,912
2014-05-17,912
2014-05-17,912
2014-05-18,912
2014-05-18,912
2014-05-18,912
2014-05-18,912
2014-05-19,911.5
2014-05-19,912
2014-05-19,911
2014-05-19,912
2014-05-20,912
2014-05-20,912
2014-05-20,912
2014-05-20,912
2014-05-21,912
2014-05-21,912
2014-05-21,912
2014-05-21,912
2014-05-22,915
2014-05-22,915
2014-05-22,914
2014-05-22,916
2014-05-23,917
2014-05-23,917
2014-05-23,917
2014-05-23,917
2014-05-24,918
2014-05-24,918
2014-05-24,918
2014-05-24,918
2014-05-25,919
2014-05-25,919
2014-05-25,919
2014-05-25,919
2014-05-26,919
2014-05-26,919
2014-05-26,919
2014-05-26,919
2014-05-27,918
2014-05-27,918
2014-05-27,919
2014-05-27,917
2014-05-28,918
2014-05-28,918
2014-05-28,918
2014-05-28,918
2014-05-29,917
2014-05-29,917
2014-05-29,916
2014-05-29,918
2014-05-30,917
2014-05-30,917
2014-05-30,917
2014-05-30,917
2014-05-31,916
2014-05-31,916
2014-05-31,916
2014-05-31,916
2014-06-01,917
2014-06-01,917
2014-06-01,917
2014-06-01,917
2014-06-02,917
2014-06-02,917
2014-06-02,917
2014-06-02,917
2014-06-03,917
2014-06-03,917
2014-06-03,917
2014-06-03,917
2014-06-04,917.5
2014-06-04,918
2014-06-04,918
2014-06-04,917
2014-06-05,918.5
2014-06-05,918
2014-06-05,918
2014-06-05,919
2014-06-06,918
2014-06-06,918
2014-06-06,918
2014-06-06,918
2014-06-07,917.5
2014-06-07,918
2014-06-07,918
2014-06-07,917
2014-06-08,917
2014-06-08,917
2014-06-08,917
2014-06-08,917
2014-06-09,915.5
2014-06-09,915
2014-06-09,916
2014-06-09,915
2014-06-10,913.5
2014-06-10,914
2014-06-10,914
2014-06-10,913
2014-06-11,912
2014-06-11,912
2014-06-11,912
2014-06-11,912
2014-06-12,912
2014-06-12,912
2014-06-12,912
2014-06-12,912
2014-06-13,910.5
2014-06-13,910
2014-06-13,911
2014-06-13,910
2014-06-14,908.5
2014-06-14,909
2014-06-14,909
2014-06-14,908
2014-06-15,905.5
2014-06-15,906
2014-06-15,906
2014-06-15,905
2014-06-16,902
2014-06-16,902
2014-06-16,902
2014-06-16,902
2014-06-17,902
2014-06-17,902
2014-06-17,902
2014-06-17,902
2014-06-18,902.5
2014-06-18,902
2014-06-18,903
2014-06-18,902
2014-06-19,903
2014-06-19,903
2014-06-19,903
2014-06-19,903
2014-06-20,903
2014-06-20,903
2014-06-20,903
2014-06-20,903
2014-06-21,904
2014-06-21,904
2014-06-21,904
2014-06-21,904
2014-06-22,902.5
2014-06-22,902
2014-06-22,903
2014-06-22,902
2014-06-23,901.5
2014-06-23,902
2014-06-23,902
2014-06-23,901
2014-06-24,897.5
2014-06-24,898
2014-06-24,899
2014-06-24,896
2014-06-25,895.5
2014-06-25,896
2014-06-25,897
2014-06-25,894
2014-06-26,895.5
2014-06-26,896
2014-06-26,895
2014-06-26,896
2014-06-27,893.5
2014-06-27,894
2014-06-27,893
2014-06-27,894
2014-06-28,890.5
2014-06-28,890
2014-06-28,891
2014-06-28,890
2014-06-29,889
2014-06-29,889
2014-06-29,889
2014-06-29,889
2014-06-30,890.5
2014-06-30,890
2014-06-30,891
2014-06-30,890
2014-07-01,891
2014-07-01,891
2014-07-01,891
2014-07-01,891
2014-07-02,890
2014-07-02,890
2014-07-02,890
2014-07-02,890
2014-07-03,888
2014-07-03,888.5
2014-07-03,889
2014-07-03,888
2014-07-04,886
2014-07-04,886.5
2014-07-04,887
2014-07-04,886
2014-07-05,885
2014-07-05,884.5
2014-07-05,885
2014-07-05,884
2014-07-06,882
2014-07-06,881.5
2014-07-06,882
2014-07-06,881
2014-07-07,880
2014-07-07,880
2014-07-07,881
2014-07-07,879
2014-07-08,876
2014-07-08,876.5
2014-07-08,877
2014-07-08,876
2014-07-09,875
2014-07-09,875
2014-07-09,876
2014-07-09,874
2014-07-10,873
2014-07-10,873
2014-07-10,873
2014-07-10,873
2014-07-11,872
2014-07-11,871.5
2014-07-11,872
2014-07-11,871
2014-07-12,870
2014-07-12,870.5
2014-07-12,871
2014-07-12,870
2014-07-13,870
2014-07-13,869.5
2014-07-13,870
2014-07-13,869
2014-07-14,868
2014-07-14,868
2014-07-14,868
2014-07-14,868
2014-07-15,868
2014-07-15,867.5
2014-07-15,868
2014-07-15,867
2014-07-16,865
2014-07-16,865.5
2014-07-16,866
2014-07-16,865
2014-07-17,865
2014-07-17,865
2014-07-17,865
2014-07-17,865
2014-07-18,864
2014-07-18,864.5
2014-07-18,865
2014-07-18,864
2014-07-19,862
2014-07-19,862.5
2014-07-19,863
2014-07-19,862
2014-07-20,860
2014-07-20,860.5
2014-07-20,861
2014-07-20,860
2014-07-21,859
2014-07-21,858.5
2014-07-21,859
2014-07-21,858
2014-07-22,855
2014-07-22,855
2014-07-22,856
2014-07-22,854
2014-07-23,852
2014-07-23,851.5
2014-07-23,853
2014-07-23,850
2014-07-24,852
2014-07-24,852.5
2014-07-24,856
2014-07-24,849
2014-07-25,846
2014-07-25,846.5
2014-07-25,847
2014-07-25,846
2014-07-26,844
2014-07-26,844
2014-07-26,845
2014-07-26,843
2014-07-27,841
2014-07-27,841.5
2014-07-27,842
2014-07-27,841
2014-07-28,840
2014-07-28,839.5
2014-07-28,840
2014-07-28,839
2014-07-29,836
2014-07-29,836
2014-07-29,837
2014-07-29,835
2014-07-30,832
2014-07-30,831.5
2014-07-30,833
2014-07-30,830
2014-07-31,828
2014-07-31,827.5
2014-07-31,828
2014-07-31,827
2014-08-01,825.5
2014-08-01,826
2014-08-01,826
2014-08-01,825
2014-08-02,824
2014-08-02,824
2014-08-02,825
2014-08-02,823
2014-08-03,821
2014-08-03,821
2014-08-03,822
2014-08-03,820
2014-08-04,817.5
2014-08-04,818
2014-08-04,819
2014-08-04,816
2014-08-05,813
2014-08-05,813
2014-08-05,814
2014-08-05,812
2014-08-06,810
2014-08-06,810
2014-08-06,811
2014-08-06,809
2014-08-07,805
2014-08-07,805
2014-08-07,806
2014-08-07,804
2014-08-08,802
2014-08-08,802
2014-08-08,803
2014-08-08,801
2014-08-09,798.5
2014-08-09,798
2014-08-09,800
2014-08-09,797
2014-08-10,795
2014-08-10,795
2014-08-10,796
2014-08-10,794
2014-08-11,792
2014-08-11,792
2014-08-11,793
2014-08-11,791
2014-08-12,788.5
2014-08-12,788
2014-08-12,789
2014-08-12,788
2014-08-13,786
2014-08-13,786
2014-08-13,787
2014-08-13,785
2014-08-14,782
2014-08-14,782
2014-08-14,783
2014-08-14,781
2014-08-15,778.5
2014-08-15,778
2014-08-15,780
2014-08-15,777
2014-08-16,775
2014-08-16,775
2014-08-16,776
2014-08-16,774
2014-08-17,772
2014-08-17,772
2014-08-17,773
2014-08-17,771
2014-08-18,767.5
2014-08-18,768
2014-08-18,769
2014-08-18,766
2014-08-19,762.5
2014-08-19,762
2014-08-19,764
2014-08-19,761
2014-08-20,756.5
2014-08-20,756
2014-08-20,759
2014-08-20,754
2014-08-21,749
2014-08-21,749
2014-08-21,751
2014-08-21,747
2014-08-22,743
2014-08-22,743
2014-08-22,745
2014-08-22,741
2014-08-23,736.5
2014-08-23,736
2014-08-23,739
2014-08-23,734
2014-08-24,728
2014-08-24,728
2014-08-24,730
2014-08-24,726
2014-08-25,723.5
2014-08-25,724
2014-08-25,725
2014-08-25,722
2014-08-26,717.5
2014-08-26,718
2014-08-26,719
2014-08-26,716
2014-08-27,712
2014-08-27,712
2014-08-27,714
2014-08-27,710
2014-08-28,707.5
2014-08-28,708
2014-08-28,709
2014-08-28,706
2014-08-29,702.5
2014-08-29,702
2014-08-29,704
2014-08-29,701
2014-08-30,697
2014-08-30,697
2014-08-30,699
2014-08-30,695
2014-08-31,690.5
2014-08-31,690
2014-08-31,692
2014-08-31,689
2014-09-01,683.5
2014-09-01,684
2014-09-01,685
2014-09-01,682
2014-09-02,679.5
2014-09-02,680
2014-09-02,681
2014-09-02,678
2014-09-03,674
2014-09-03,674
2014-09-03,676
2014-09-03,672
2014-09-04,668.5
2014-09-04,668
2014-09-04,670
2014-09-04,667
2014-09-05,662.5
2014-09-05,662
2014-09-05,664
2014-09-05,661
2014-09-06,655
2014-09-06,655
2014-09-06,657
2014-09-06,653
2014-09-07,649
2014-09-07,649
2014-09-07,650
2014-09-07,648
2014-09-08,643
2014-09-08,643
2014-09-08,645
2014-09-08,641
2014-09-09,637
2014-09-09,637
2014-09-09,639
2014-09-09,635
2014-09-10,631
2014-09-10,631
2014-09-10,633
2014-09-10,629
2014-09-11,625.5
2014-09-11,626
2014-09-11,627
2014-09-11,624
2014-09-12,620.5
2014-09-12,620
2014-09-12,622
2014-09-12,619
2014-09-13,615.5
2014-09-13,616
2014-09-13,617
2014-09-13,614
2014-09-14,610.5
2014-09-14,610
2014-09-14,612
2014-09-14,609
2014-09-15,605.5
2014-09-15,606
2014-09-15,607
2014-09-15,604
2014-09-16,648.5
2014-09-16,598
2014-09-16,601
2014-09-16,696
2014-09-17,641
2014-09-17,591
2014-09-17,593
2014-09-17,689
2014-09-18,633.5
2014-09-18,584
2014-09-18,585
2014-09-18,682
2014-09-19,625.5
2014-09-19,576
2014-09-19,578
2014-09-19,673
2014-09-20,617
2014-09-20,567
2014-09-20,569
2014-09-20,665
2014-09-21,609
2014-09-21,559
2014-09-21,561
2014-09-21,657
2014-09-22,602
2014-09-22,552
2014-09-22,554
2014-09-22,650
2014-09-23,544
2014-09-23,544
2014-09-23,546
2014-09-23,542
2014-09-24,536
2014-09-24,536
2014-09-24,538
2014-09-24,534
2014-09-25,527.5
2014-09-25,528
2014-09-25,530
2014-09-25,525
2014-09-26,520.5
2014-09-26,520
2014-09-26,523
2014-09-26,518
2014-09-27,513
2014-09-27,513
2014-09-27,515
2014-09-27,511
2014-09-28,504
2014-09-28,504
2014-09-28,507
2014-09-28,501
2014-09-29,497
2014-09-29,497
2014-09-29,499
2014-09-29,495
2014-09-30,486
2014-09-30,486
2014-09-30,492
2014-09-30,480
2014-10-01,479
2014-10-01,479
2014-10-01,482
2014-10-01,476
2014-10-02,469
2014-10-02,469
2014-10-02,471
2014-10-02,467
2014-10-03,458
2014-10-03,458.5
2014-10-03,461
2014-10-03,456
2014-10-04,449
2014-10-04,449
2014-10-04,452
2014-10-04,446
2014-10-05,439
2014-10-05,439
2014-10-05,441
2014-10-05,437
2014-10-06,432
2014-10-06,432.5
2014-10-06,435
2014-10-06,430
2014-10-07,424
2014-10-07,424.5
2014-10-07,426
2014-10-07,423
2014-10-08,418
2014-10-08,418
2014-10-08,420
2014-10-08,416
2014-10-09,411
2014-10-09,411
2014-10-09,413
2014-10-09,409
2014-10-10,404
2014-10-10,403.5
2014-10-10,406
2014-10-10,401
2014-10-11,397
2014-10-11,397
2014-10-11,399
2014-10-11,395
2014-10-12,390
2014-10-12,390
2014-10-12,392
2014-10-12,388
2014-10-13,380
2014-10-13,380.5
2014-10-13,384
2014-10-13,377
2014-10-14,372
2014-10-14,372
2014-10-14,375
2014-10-14,369
2014-10-15,361
2014-10-15,361
2014-10-15,363
2014-10-15,359
2014-10-16,350
2014-10-16,350
2014-10-16,353
2014-10-16,347
2014-10-17,340
2014-10-17,339.5
2014-10-17,342
2014-10-17,337
2014-10-18,328
2014-10-18,327.5
2014-10-18,330
2014-10-18,325
2014-10-19,318
2014-10-19,318.5
2014-10-19,321
2014-10-19,316
2014-10-20,308
2014-10-20,308.5
2014-10-20,311
2014-10-20,306
2014-10-21,299
2014-10-21,299
2014-10-21,302
2014-10-21,296
2014-10-22,292
2014-10-22,292.5
2014-10-22,294
2014-10-22,291
2014-10-23,286
2014-10-23,286.5
2014-10-23,289
2014-10-23,284
2014-10-24,280
2014-10-24,280
2014-10-24,281
2014-10-24,279
2014-10-25,276
2014-10-25,275.5
2014-10-25,277
2014-10-25,274
2014-10-26,270
2014-10-26,270.5
2014-10-26,271
2014-10-26,270
2014-10-27,267
2014-10-27,267
2014-10-27,269
2014-10-27,265
2014-10-28,264
2014-10-28,264
2014-10-28,265
2014-10-28,263
2014-10-29,259
2014-10-29,259
2014-10-29,261
2014-10-29,257
2014-10-30,254
2014-10-30,253.5
2014-10-30,257
2014-10-30,250
2014-10-31,247
2014-10-31,247
2014-10-31,248
2014-10-31,246
2014-11-01,244
2014-11-01,244
2014-11-01,245
2014-11-01,243
2014-11-02,242
2014-11-02,242
2014-11-02,244
2014-11-02,240
2014-11-03,238.5
2014-11-03,238
2014-11-03,239
2014-11-03,238
2014-11-04,235.5
2014-11-04,236
2014-11-04,237
2014-11-04,234
2014-11-05,236.5
2014-11-05,237
2014-11-05,237
2014-11-05,236
2014-11-06,238
2014-11-06,238
2014-11-06,238
2014-11-06,238
2014-11-07,240.5
2014-11-07,240
2014-11-07,241
2014-11-07,240
2014-11-08,241
2014-11-08,241
2014-11-08,242
2014-11-08,240
2014-11-09,240
2014-11-09,240
2014-11-09,240
2014-11-09,240
2014-11-10,245.5
2014-11-10,246
2014-11-10,247
2014-11-10,244
2014-11-11,245
2014-11-11,245
2014-11-11,246
2014-11-11,244
2014-11-12,245
2014-11-12,245
2014-11-12,246
2014-11-12,244
2014-11-13,241.5
2014-11-13,242
2014-11-13,243
2014-11-13,240
2014-11-14,241.5
2014-11-14,242
2014-11-14,242
2014-11-14,241
2014-11-15,240
2014-11-15,240
2014-11-15,240
2014-11-15,240
2014-11-16,237.5
2014-11-16,238
2014-11-16,238
2014-11-16,237
2014-11-17,234
2014-11-17,234
2014-11-17,234
2014-11-17,234
2014-11-18,234.5
2014-11-18,235
2014-11-18,235
2014-11-18,234
2014-11-19,235.5
2014-11-19,236
2014-11-19,234
2014-11-19,237
2014-11-20,238.5
2014-11-20,238
2014-11-20,238
2014-11-20,239
2014-11-21,241
2014-11-21,241
2014-11-21,240
2014-11-21,242
2014-11-22,245
2014-11-22,245
2014-11-22,244
2014-11-22,246
2014-11-23,248
2014-11-23,248
2014-11-23,247
2014-11-23,249
2014-11-24,250.5
2014-11-24,250
2014-11-24,251
2014-11-24,250
2014-11-25,254
2014-11-25,254
2014-11-25,254
2014-11-25,254
2014-11-26,258
2014-11-26,258
2014-11-26,257
2014-11-26,259
2014-11-27,259
2014-11-27,259
2014-11-27,259
2014-11-27,259
2014-11-28,262
2014-11-28,262
2014-11-28,262
2014-11-28,262
2014-11-29,264
2014-11-29,264
2014-11-29,264
2014-11-29,264
2014-11-30,265
2014-11-30,265
2014-11-30,266
2014-11-30,264
2014-12-01,264
2014-12-01,264.5
2014-12-01,265
2014-12-01,264
2014-12-02,266
2014-12-02,266
2014-12-02,266
2014-12-02,266
2014-12-03,270
2014-12-03,270
2014-12-03,270
2014-12-03,270
2014-12-04,272
2014-12-04,272.5
2014-12-04,272
2014-12-04,273
2014-12-05,276
2014-12-05,275.5
2014-12-05,275
2014-12-05,276
2014-12-06,280
2014-12-06,279.5
2014-12-06,279
2014-12-06,280
2014-12-07,282
2014-12-07,282.5
2014-12-07,282
2014-12-07,283
2014-12-08,288
2014-12-08,287.5
2014-12-08,287
2014-12-08,288
2014-12-09,290
2014-12-09,290.5
2014-12-09,290
2014-12-09,291
2014-12-10,291
2014-12-10,291
2014-12-10,292
2014-12-10,290
2014-12-11,294
2014-12-11,294
2014-12-11,294
2014-12-11,294
2014-12-12,300
2014-12-12,300.5
2014-12-12,300
2014-12-12,301
2014-12-13,302
2014-12-13,301.5
2014-12-13,301
2014-12-13,302
2014-12-14,303
2014-12-14,303
2014-12-14,304
2014-12-14,302
2014-12-15,305
2014-12-15,305
2014-12-15,305
2014-12-15,305
2014-12-16,307
2014-12-16,307
2014-12-16,307
2014-12-16,307
2014-12-17,310
2014-12-17,310.5
2014-12-17,310
2014-12-17,311
2014-12-18,313
2014-12-18,313
2014-12-18,314
2014-12-18,312
2014-12-19,313
2014-12-19,313
2014-12-19,313
2014-12-19,313
2014-12-20,318
2014-12-20,317.5
2014-12-20,317
2014-12-20,318
2014-12-21,322
2014-12-21,321.5
2014-12-21,320
2014-12-21,323
2014-12-22,327
2014-12-22,327
2014-12-22,326
2014-12-22,328
2014-12-23,332
2014-12-23,331.5
2014-12-23,331
2014-12-23,332
2014-12-24,336
2014-12-24,336
2014-12-24,336
2014-12-24,336
2014-12-25,339
2014-12-25,339
2014-12-25,338
2014-12-25,340
2014-12-26,342
2014-12-26,342.5
2014-12-26,343
2014-12-26,342
2014-12-27,345
2014-12-27,345
2014-12-27,346
2014-12-27,344
2014-12-28,347
2014-12-28,347
2014-12-28,347
2014-12-28,347
2014-12-29,348
2014-12-29,348.5
2014-12-29,349
2014-12-29,348
2014-12-30,350
2014-12-30,350
2014-12-30,350
2014-12-30,350
2014-12-31,352
2014-12-31,351.5
2014-12-31,351
2014-12-31,352
2015-01-01,354.5
2015-01-01,355
2015-01-01,354
2015-01-01,355
2015-01-02,355.5
2015-01-02,356
2015-01-02,355
2015-01-02,356
2015-01-03,357.5
2015-01-03,358
2015-01-03,355
2015-01-03,360
2015-01-04,360
2015-01-04,360
2015-01-04,360
2015-01-04,360
2015-01-05,365
2015-01-05,365
2015-01-05,364
2015-01-05,366
2015-01-06,367.5
2015-01-06,368
2015-01-06,367
2015-01-06,368
2015-01-07,369
2015-01-07,369
2015-01-07,370
2015-01-07,368
2015-01-08,372
2015-01-08,372
2015-01-08,372
2015-01-08,372
2015-01-09,374
2015-01-09,374
2015-01-09,374
2015-01-09,374
2015-01-10,378.5
2015-01-10,379
2015-01-10,378
2015-01-10,379
2015-01-11,383
2015-01-11,383
2015-01-11,383
2015-01-11,383
2015-01-12,385
2015-01-12,385
2015-01-12,385
2015-01-12,385
2015-01-13,386
2015-01-13,386
2015-01-13,386
2015-01-13,386
2015-01-14,388
2015-01-14,388
2015-01-14,387
2015-01-14,389
2015-01-15,389
2015-01-15,389
2015-01-15,389
2015-01-15,389
2015-01-16,390
2015-01-16,390
2015-01-16,390
2015-01-16,390
2015-01-17,391
2015-01-17,391
2015-01-17,390
2015-01-17,392
2015-01-18,393.5
2015-01-18,394
2015-01-18,393
2015-01-18,394
2015-01-19,398.5
2015-01-19,399
2015-01-19,396
2015-01-19,401
2015-01-20,407
2015-01-20,407
2015-01-20,406
2015-01-20,408
2015-01-21,411.5
2015-01-21,412
2015-01-21,411
2015-01-21,412
2015-01-22,417.5
2015-01-22,418
2015-01-22,417
2015-01-22,418
2015-01-23,422.5
2015-01-23,423
2015-01-23,422
2015-01-23,423
2015-01-24,431.5
2015-01-24,432
2015-01-24,431
2015-01-24,432
2015-01-25,437
2015-01-25,437
2015-01-25,436
2015-01-25,438
2015-01-26,443
2015-01-26,443
2015-01-26,442
2015-01-26,444
2015-01-27,448
2015-01-27,448
2015-01-27,448
2015-01-27,448
2015-01-28,451.5
2015-01-28,452
2015-01-28,451
2015-01-28,452
2015-01-29,456.5
2015-01-29,457
2015-01-29,455
2015-01-29,458
2015-01-30,459
2015-01-30,459
2015-01-30,460
2015-01-30,458
2015-01-31,463.5
2015-01-31,464
2015-01-31,463
2015-01-31,464
2015-02-01,468.5
2015-02-01,469
2015-02-01,468
2015-02-01,469
2015-02-02,474.5
2015-02-02,475
2015-02-02,472
2015-02-02,477
2015-02-03,482
2015-02-03,482
2015-02-03,481
2015-02-03,483
2015-02-04,486.5
2015-02-04,487
2015-02-04,486
2015-02-04,487
2015-02-05,491
2015-02-05,491
2015-02-05,490
2015-02-05,492
2015-02-06,496.5
2015-02-06,497
2015-02-06,495
2015-02-06,498
2015-02-07,502.5
2015-02-07,503
2015-02-07,502
2015-02-07,503
2015-02-08,505.5
2015-02-08,506
2015-02-08,505
2015-02-08,506
2015-02-09,510
2015-02-09,510
2015-02-09,510
2015-02-09,510
2015-02-10,515.5
2015-02-10,516
2015-02-10,515
2015-02-10,516
2015-02-11,518
2015-02-11,518
2015-02-11,518
2015-02-11,518
2015-02-12,520.5
2015-02-12,521
2015-02-12,520
2015-02-12,521
2015-02-13,523
2015-02-13,523
2015-02-13,523
2015-02-13,523
2015-02-14,526.5
2015-02-14,527
2015-02-14,525
2015-02-14,528
2015-02-15,529.5
2015-02-15,530
2015-02-15,529
2015-02-15,530
2015-02-16,530
2015-02-16,530
2015-02-16,530
2015-02-16,530
2015-02-17,533
2015-02-17,533
2015-02-17,532
2015-02-17,534
2015-02-18,538
2015-02-18,538
2015-02-18,537
2015-02-18,539
2015-02-19,542
2015-02-19,542
2015-02-19,541
2015-02-19,543
2015-02-20,546.5
2015-02-20,547
2015-02-20,546
2015-02-20,547
2015-02-21,552.5
2015-02-21,553
2015-02-21,551
2015-02-21,554
2015-02-22,559.5
2015-02-22,560
2015-02-22,557
2015-02-22,562
2015-02-23,569
2015-02-23,569
2015-02-23,568
2015-02-23,570
2015-02-24,573
2015-02-24,573
2015-02-24,573
2015-02-24,573
2015-02-25,577.5
2015-02-25,578
2015-02-25,577
2015-02-25,578
2015-02-26,582
2015-02-26,582
2015-02-26,581
2015-02-26,583
2015-02-27,587.5
2015-02-27,588
2015-02-27,587
2015-02-27,588
2015-02-28,591
2015-02-28,591
2015-02-28,591
2015-02-28,591
2015-03-01,594.5
2015-03-01,595
2015-03-01,594
2015-03-01,595
2015-03-02,596.5
2015-03-02,597
2015-03-02,596
2015-03-02,597
2015-03-03,600.5
2015-03-03,601
2015-03-03,600
2015-03-03,601
2015-03-04,605.5
2015-03-04,606
2015-03-04,605
2015-03-04,606
2015-03-05,609.5
2015-03-05,610
2015-03-05,609
2015-03-05,610
2015-03-06,614.5
2015-03-06,615
2015-03-06,613
2015-03-06,616
2015-03-07,620.5
2015-03-07,621
2015-03-07,619
2015-03-07,622
2015-03-08,624
2015-03-08,624
2015-03-08,623
2015-03-08,625
2015-03-09,626
2015-03-09,626
2015-03-09,626
2015-03-09,626
2015-03-10,629
2015-03-10,629
2015-03-10,629
2015-03-10,629
2015-03-11,632.5
2015-03-11,633
2015-03-11,632
2015-03-11,633
2015-03-12,636
2015-03-12,636
2015-03-12,635
2015-03-12,637
2015-03-13,639
2015-03-13,639
2015-03-13,638
2015-03-13,640
2015-03-14,645
2015-03-14,645
2015-03-14,644
2015-03-14,646
2015-03-15,650
2015-03-15,650
2015-03-15,649
2015-03-15,651
2015-03-16,652
2015-03-16,652
2015-03-16,652
2015-03-16,652
2015-03-17,657
2015-03-17,657
2015-03-17,656
2015-03-17,658
2015-03-18,660
2015-03-18,660
2015-03-18,659
2015-03-18,661
2015-03-19,664
2015-03-19,664
2015-03-19,663
2015-03-19,665
2015-03-20,669
2015-03-20,672
2015-03-20,669
2015-03-20,669
2015-03-21,669
2015-03-21,680
2015-03-21,669
2015-03-21,669
2015-03-22,700
2015-03-22,687
2015-03-22,700
2015-03-22,700
2015-03-23,700
2015-03-23,695
2015-03-23,700
2015-03-23,700
2015-03-24,702.5
2015-03-24,703
2015-03-24,700
2015-03-24,705
2015-03-25,710
2015-03-25,710
2015-03-25,708
2015-03-25,712
2015-03-26,714
2015-03-26,714
2015-03-26,714
2015-03-26,714
2015-03-27,716
2015-03-27,716
2015-03-27,715
2015-03-27,717
2015-03-28,718.5
2015-03-28,719
2015-03-28,718
2015-03-28,719
2015-03-29,719.5
2015-03-29,720
2015-03-29,719
2015-03-29,720
2015-03-30,720
2015-03-30,720
2015-03-30,720
2015-03-30,720
2015-03-31,724.5
2015-03-31,725
2015-03-31,724
2015-03-31,725
2015-04-01,737.5
2015-04-01,738
2015-04-01,735
2015-04-01,740
2015-04-02,743
2015-04-02,743
2015-04-02,742
2015-04-02,744
2015-04-03,747
2015-04-03,747
2015-04-03,746
2015-04-03,748
2015-04-04,751
2015-04-04,751
2015-04-04,750
2015-04-04,752
2015-04-05,757
2015-04-05,757
2015-04-05,755
2015-04-05,759
2015-04-06,760
2015-04-06,760
2015-04-06,760
2015-04-06,760
2015-04-07,765
2015-04-07,765
2015-04-07,765
2015-04-07,765
2015-04-08,765
2015-04-08,765
2015-04-08,765
2015-04-08,765
2015-04-09,765
2015-04-09,765
2015-04-09,765
2015-04-09,765
2015-04-10,765
2015-04-10,765
2015-04-10,765
2015-04-10,765
2015-04-11,771
2015-04-11,771
2015-04-11,771
2015-04-11,771
2015-04-12,771
2015-04-12,771
2015-04-12,771
2015-04-12,771
2015-04-13,777
2015-04-13,777
2015-04-13,777
2015-04-13,777
2015-04-14,781
2015-04-14,781
2015-04-14,780
2015-04-14,782
2015-04-15,785
2015-04-15,785
2015-04-15,784
2015-04-15,786
2015-04-16,788.5
2015-04-16,789
2015-04-16,788
2015-04-16,789
2015-04-17,791
2015-04-17,791
2015-04-17,790
2015-04-17,792
2015-04-18,799.5
2015-04-18,800
2015-04-18,799
2015-04-18,800
2015-04-19,802.5
2015-04-19,803
2015-04-19,802
2015-04-19,803
2015-04-20,805.5
2015-04-20,806
2015-04-20,805
2015-04-20,806
2015-04-21,808.5
2015-04-21,809
2015-04-21,808
2015-04-21,809
2015-04-22,811.5
2015-04-22,812
2015-04-22,811
2015-04-22,812
2015-04-23,813
2015-04-23,813
2015-04-23,813
2015-04-23,813
2015-04-24,814
2015-04-24,814
2015-04-24,814
2015-04-24,814
2015-04-25,817.5
2015-04-25,818
2015-04-25,817
2015-04-25,818
2015-04-26,820
2015-04-26,820
2015-04-26,820
2015-04-26,820
2015-04-27,823
2015-04-27,823
2015-04-27,823
2015-04-27,823
2015-04-28,825
2015-04-28,825
2015-04-28,825
2015-04-28,825
2015-04-29,827.5
2015-04-29,828
2015-04-29,827
2015-04-29,828
2015-04-30,831
2015-04-30,831
2015-04-30,831
2015-04-30,831
2015-05-01,833
2015-05-01,833
2015-05-01,833
2015-05-01,833
2015-05-02,834
2015-05-02,834
2015-05-02,833
2015-05-02,835
2015-05-03,838.5
2015-05-03,839
2015-05-03,838
2015-05-03,839
2015-05-04,840
2015-05-04,840
2015-05-04,840
2015-05-04,840
2015-05-05,842.5
2015-05-05,843
2015-05-05,842
2015-05-05,843
2015-05-06,845
2015-05-06,845
2015-05-06,844
2015-05-06,846
2015-05-07,853.5
2015-05-07,854
2015-05-07,851
2015-05-07,856
2015-05-08,854
2015-05-08,854
2015-05-08,854
2015-05-08,854
2015-05-09,859.5
2015-05-09,860
2015-05-09,858
2015-05-09,861
2015-05-10,863.5
2015-05-10,864
2015-05-10,862
2015-05-10,865
2015-05-11,870
2015-05-11,870
2015-05-11,870
2015-05-11,870
2015-05-12,872
2015-05-12,872
2015-05-12,872
2015-05-12,872
2015-05-13,874
2015-05-13,874
2015-05-13,874
2015-05-13,874
2015-05-14,874
2015-05-14,874
2015-05-14,874
2015-05-14,874
2015-05-15,874.5
2015-05-15,875
2015-05-15,874
2015-05-15,875
2015-05-16,876.5
2015-05-16,877
2015-05-16,875
2015-05-16,878
2015-05-17,877.5
2015-05-17,878
2015-05-17,877
2015-05-17,878
2015-05-18,878.5
2015-05-18,879
2015-05-18,878
2015-05-18,879
2015-05-19,879.5
2015-05-19,880
2015-05-19,879
2015-05-19,880
2015-05-20,881.5
2015-05-20,882
2015-05-20,881
2015-05-20,882
2015-05-21,883
2015-05-21,883
2015-05-21,883
2015-05-21,883
2015-05-22,884
2015-05-22,884
2015-05-22,884
2015-05-22,884
2015-05-23,886.5
2015-05-23,887
2015-05-23,886
2015-05-23,887
2015-05-24,888
2015-05-24,888
2015-05-24,888
2015-05-24,888
2015-05-25,890
2015-05-25,890
2015-05-25,890
2015-05-25,890
2015-05-26,891
2015-05-26,891
2015-05-26,891
2015-05-26,891
2015-05-27,892
2015-05-27,892
2015-05-27,892
2015-05-27,892
2015-05-28,892
2015-05-28,892
2015-05-28,892
2015-05-28,892
2015-05-29,893
2015-05-29,893
2015-05-29,893
2015-05-29,893
2015-05-30,893
2015-05-30,893
2015-05-30,893
2015-05-30,893
2015-05-31,891.5
2015-05-31,892
2015-05-31,892
2015-05-31,891
2015-06-01,890
2015-06-01,889.5
2015-06-01,890
2015-06-01,889
2015-06-02,889
2015-06-02,888.5
2015-06-02,889
2015-06-02,888
2015-06-03,887
2015-06-03,887
2015-06-03,887
2015-06-03,887
2015-06-04,886
2015-06-04,886
2015-06-04,886
2015-06-04,886
2015-06-05,885
2015-06-05,885
2015-06-05,885
2015-06-05,885
2015-06-06,884
2015-06-06,884
2015-06-06,884
2015-06-06,884
2015-06-07,884
2015-06-07,884
2015-06-07,884
2015-06-07,884
2015-06-08,885
2015-06-08,885
2015-06-08,885
2015-06-08,885
2015-06-09,885
2015-06-09,885
2015-06-09,885
2015-06-09,885
2015-06-10,885
2015-06-10,885
2015-06-10,885
2015-06-10,885
2015-06-11,886
2015-06-11,886
2015-06-11,886
2015-06-11,886
2015-06-12,887
2015-06-12,887
2015-06-12,887
2015-06-12,887
2015-06-13,888
2015-06-13,887.5
2015-06-13,887
2015-06-13,888
2015-06-14,888
2015-06-14,887.5
2015-06-14,887
2015-06-14,888
2015-06-15,888
2015-06-15,888
2015-06-15,888
2015-06-15,888
2015-06-16,889
2015-06-16,889
2015-06-16,889
2015-06-16,889
2015-06-17,889
2015-06-17,889
2015-06-17,889
2015-06-17,889
2015-06-18,888
2015-06-18,888
2015-06-18,888
2015-06-18,888
2015-06-19,888
2015-06-19,888
2015-06-19,888
2015-06-19,888
2015-06-20,887
2015-06-20,886.5
2015-06-20,887
2015-06-20,886
2015-06-21,885
2015-06-21,885
2015-06-21,886
2015-06-21,884
2015-06-22,884
2015-06-22,884
2015-06-22,884
2015-06-22,884
2015-06-23,883
2015-06-23,882.5
2015-06-23,883
2015-06-23,882
2015-06-24,882
2015-06-24,881.5
2015-06-24,882
2015-06-24,881
2015-06-25,880
2015-06-25,879.5
2015-06-25,880
2015-06-25,879
2015-06-26,878
2015-06-26,878
2015-06-26,878
2015-06-26,878
2015-06-27,877
2015-06-27,876.5
2015-06-27,877
2015-06-27,876
2015-06-28,875
2015-06-28,875
2015-06-28,876
2015-06-28,874
2015-06-29,873
2015-06-29,872.5
2015-06-29,873
2015-06-29,872
2015-06-30,871
2015-06-30,870.5
2015-06-30,871
2015-06-30,870
2015-07-01,867.5
2015-07-01,868
2015-07-01,868
2015-07-01,867
2015-07-02,866
2015-07-02,866
2015-07-02,866
2015-07-02,866
2015-07-03,865
2015-07-03,865
2015-07-03,865
2015-07-03,865
2015-07-04,864
2015-07-04,864
2015-07-04,864
2015-07-04,864
2015-07-05,864
2015-07-05,864
2015-07-05,864
2015-07-05,864
2015-07-06,862.5
2015-07-06,863
2015-07-06,863
2015-07-06,862
2015-07-07,860
2015-07-07,860
2015-07-07,860
2015-07-07,860
2015-07-08,859
2015-07-08,859
2015-07-08,859
2015-07-08,859
2015-07-09,857
2015-07-09,857
2015-07-09,858
2015-07-09,856
2015-07-10,855.5
2015-07-10,856
2015-07-10,856
2015-07-10,855
2015-07-11,854.5
2015-07-11,855
2015-07-11,855
2015-07-11,854
2015-07-12,853
2015-07-12,853
2015-07-12,853
2015-07-12,853
2015-07-13,851.5
2015-07-13,852
2015-07-13,852
2015-07-13,851
2015-07-14,849.5
2015-07-14,850
2015-07-14,850
2015-07-14,849
2015-07-15,847
2015-07-15,847
2015-07-15,848
2015-07-15,846
2015-07-16,843
2015-07-16,843
2015-07-16,844
2015-07-16,842
2015-07-17,839
2015-07-17,839
2015-07-17,840
2015-07-17,838
2015-07-18,838
2015-07-18,838
2015-07-18,838
2015-07-18,838
2015-07-19,837
2015-07-19,837
2015-07-19,837
2015-07-19,837
2015-07-20,836
2015-07-20,836
2015-07-20,836
2015-07-20,836
2015-07-21,834
2015-07-21,834
2015-07-21,834
2015-07-21,834
2015-07-22,832.5
2015-07-22,833
2015-07-22,833
2015-07-22,832
2015-07-23,832
2015-07-23,832
2015-07-23,832
2015-07-23,832
2015-07-24,830
2015-07-24,830
2015-07-24,830
2015-07-24,830
2015-07-25,828
2015-07-25,828
2015-07-25,828
2015-07-25,828
2015-07-26,826
2015-07-26,826
2015-07-26,826
2015-07-26,826
2015-07-27,823
2015-07-27,823
2015-07-27,824
2015-07-27,822
2015-07-28,821.5
2015-07-28,822
2015-07-28,822
2015-07-28,821
2015-07-29,820
2015-07-29,820
2015-07-29,820
2015-07-29,820
2015-07-30,818
2015-07-30,818
2015-07-30,818
2015-07-30,818
2015-07-31,817
2015-07-31,817
2015-07-31,817
2015-07-31,817
2015-08-01,815.5
2015-08-01,816
2015-08-01,816
2015-08-01,815
2015-08-02,813
2015-08-02,813
2015-08-02,814
2015-08-02,812
2015-08-03,807
2015-08-03,807
2015-08-03,808
2015-08-03,806
2015-08-04,805
2015-08-04,805
2015-08-04,806
2015-08-04,804
2015-08-05,802
2015-08-05,802
2015-08-05,803
2015-08-05,801
2015-08-06,800
2015-08-06,800
2015-08-06,800
2015-08-06,800
2015-08-07,797.5
2015-08-07,798
2015-08-07,798
2015-08-07,797
2015-08-08,794.5
2015-08-08,795
2015-08-08,795
2015-08-08,794
2015-08-09,790.5
2015-08-09,791
2015-08-09,792
2015-08-09,789
2015-08-10,787
2015-08-10,787
2015-08-10,787
2015-08-10,787
2015-08-11,781.5
2015-08-11,782
2015-08-11,783
2015-08-11,780
2015-08-12,776.5
2015-08-12,777
2015-08-12,778
2015-08-12,775
2015-08-13,771.5
2015-08-13,772
2015-08-13,773
2015-08-13,770
2015-08-14,767.5
2015-08-14,768
2015-08-14,769
2015-08-14,766
2015-08-15,762.5
2015-08-15,763
2015-08-15,764
2015-08-15,761
2015-08-16,758.5
2015-08-16,759
2015-08-16,760
2015-08-16,757
2015-08-17,753.5
2015-08-17,754
2015-08-17,755
2015-08-17,752
2015-08-18,750.5
2015-08-18,751
2015-08-18,751
2015-08-18,750
2015-08-19,746
2015-08-19,746
2015-08-19,748
2015-08-19,744
2015-08-20,741.5
2015-08-20,742
2015-08-20,743
2015-08-20,740
2015-08-21,736.5
2015-08-21,737
2015-08-21,738
2015-08-21,735
2015-08-22,731.5
2015-08-22,732
2015-08-22,733
2015-08-22,730
2015-08-23,727.5
2015-08-23,728
2015-08-23,729
2015-08-23,726
2015-08-24,723.5
2015-08-24,724
2015-08-24,725
2015-08-24,722
2015-08-25,717
2015-08-25,717
2015-08-25,720
2015-08-25,714
2015-08-26,713
2015-08-26,713
2015-08-26,715
2015-08-26,711
2015-08-27,707
2015-08-27,707
2015-08-27,709
2015-08-27,705
2015-08-28,702
2015-08-28,702
2015-08-28,704
2015-08-28,700
2015-08-29,697
2015-08-29,697
2015-08-29,699
2015-08-29,695
2015-08-30,692
2015-08-30,692
2015-08-30,693
2015-08-30,691
2015-08-31,688
2015-08-31,688
2015-08-31,690
2015-08-31,686
2015-09-01,684
2015-09-01,684
2015-09-01,685
2015-09-01,683
2015-09-02,680
2015-09-02,680
2015-09-02,681
2015-09-02,679
2015-09-03,675
2015-09-03,675
2015-09-03,676
2015-09-03,674
2015-09-04,669.5
2015-09-04,670
2015-09-04,670
2015-09-04,669
2015-09-05,666.5
2015-09-05,667
2015-09-05,668
2015-09-05,665
2015-09-06,661.5
2015-09-06,662
2015-09-06,664
2015-09-06,659
2015-09-07,655
2015-09-07,655
2015-09-07,657
2015-09-07,653
2015-09-08,648.5
2015-09-08,649
2015-09-08,651
2015-09-08,646
2015-09-09,642
2015-09-09,642
2015-09-09,644
2015-09-09,640
2015-09-10,636
2015-09-10,636
2015-09-10,638
2015-09-10,634
2015-09-11,629
2015-09-11,629
2015-09-11,632
2015-09-11,626
2015-09-12,621
2015-09-12,621
2015-09-12,624
2015-09-12,618
2015-09-13,611
2015-09-13,611
2015-09-13,614
2015-09-13,608
2015-09-14,605
2015-09-14,605
2015-09-14,606
2015-09-14,604
2015-09-15,603
2015-09-15,603
2015-09-15,603
2015-09-15,603
2015-09-16,598
2015-09-16,598
2015-09-16,600
2015-09-16,596
2015-09-17,593.5
2015-09-17,594
2015-09-17,597
2015-09-17,590
2015-09-18,586
2015-09-18,586
2015-09-18,588
2015-09-18,584
2015-09-19,578
2015-09-19,578
2015-09-19,580
2015-09-19,576
2015-09-20,571.5
2015-09-20,572
2015-09-20,573
2015-09-20,570
2015-09-21,564.5
2015-09-21,565
2015-09-21,567
2015-09-21,562
2015-09-22,556.5
2015-09-22,557
2015-09-22,559
2015-09-22,554
2015-09-23,547.5
2015-09-23,548
2015-09-23,551
2015-09-23,544
2015-09-24,539
2015-09-24,539
2015-09-24,542
2015-09-24,536
2015-09-25,530.5
2015-09-25,531
2015-09-25,533
2015-09-25,528
2015-09-26,521
2015-09-26,521
2015-09-26,524
2015-09-26,518
2015-09-27,514
2015-09-27,514
2015-09-27,516
2015-09-27,512
2015-09-28,507
2015-09-28,507
2015-09-28,509
2015-09-28,505
2015-09-29,499
2015-09-29,499
2015-09-29,501
2015-09-29,497
2015-09-30,492
2015-09-30,492
2015-09-30,494
2015-09-30,490
2015-10-01,483
2015-10-01,482.5
2015-10-01,485
2015-10-01,480
2015-10-02,474
2015-10-02,473.5
2015-10-02,476
2015-10-02,471
2015-10-03,462
2015-10-03,462
2015-10-03,466
2015-10-03,458
2015-10-04,451
2015-10-04,451
2015-10-04,454
2015-10-04,448
2015-10-05,443
2015-10-05,442.5
2015-10-05,445
2015-10-05,440
2015-10-06,426
2015-10-06,426
2015-10-06,432
2015-10-06,420
2015-10-07,407
2015-10-07,406.5
2015-10-07,413
2015-10-07,400
2015-10-08,392
2015-10-08,391.5
2015-10-08,396
2015-10-08,387
2015-10-09,374
2015-10-09,374
2015-10-09,378
2015-10-09,370
2015-10-10,355
2015-10-10,355
2015-10-10,360
2015-10-10,350
2015-10-11,339
2015-10-11,339
2015-10-11,344
2015-10-11,334
2015-10-12,322
2015-10-12,322
2015-10-12,326
2015-10-12,318
2015-10-13,307
2015-10-13,307
2015-10-13,312
2015-10-13,302
2015-10-14,290
2015-10-14,289.5
2015-10-14,295
2015-10-14,284
2015-10-15,271
2015-10-15,271
2015-10-15,277
2015-10-15,265
2015-10-16,253
2015-10-16,252.5
2015-10-16,258
2015-10-16,247
2015-10-17,233
2015-10-17,232.5
2015-10-17,239
2015-10-17,226
2015-10-18,211
2015-10-18,211
2015-10-18,216
2015-10-18,206
2015-10-19,191
2015-10-19,191
2015-10-19,196
2015-10-19,186
2015-10-20,171
2015-10-20,171
2015-10-20,176
2015-10-20,166
2015-10-21,151
2015-10-21,151
2015-10-21,156
2015-10-21,146
2015-10-22,132
2015-10-22,132
2015-10-22,136
2015-10-22,128
2015-10-23,117
2015-10-23,116.5
2015-10-23,119
2015-10-23,114
2015-10-24,104
2015-10-24,103.5
2015-10-24,109
2015-10-24,98
2015-10-25,93
2015-10-25,93
2015-10-25,94
2015-10-25,92
2015-10-26,86
2015-10-26,85.5
2015-10-26,87
2015-10-26,84
2015-10-27,81
2015-10-27,81
2015-10-27,82
2015-10-27,80
2015-10-28,78
2015-10-28,78
2015-10-28,79
2015-10-28,77
2015-10-29,77
2015-10-29,76.5
2015-10-29,78
2015-10-29,75
2015-10-30,74
2015-10-30,74
2015-10-30,76
2015-10-30,72
2015-10-31,67
2015-10-31,66.5
2015-10-31,71
2015-10-31,62
2015-11-01,63
2015-11-01,63
2015-11-01,68
2015-11-01,58
2015-11-02,58.5
2015-11-02,59
2015-11-02,59
2015-11-02,58
2015-11-03,53
2015-11-03,53
2015-11-03,55
2015-11-03,51
2015-11-04,51
2015-11-04,51
2015-11-04,52
2015-11-04,50
2015-11-05,47.5
2015-11-05,48
2015-11-05,47
2015-11-05,48
2015-11-06,48
2015-11-06,48
2015-11-06,48
2015-11-06,48
2015-11-07,44
2015-11-07,44
2015-11-07,46
2015-11-07,42
2015-11-08,45
2015-11-08,45
2015-11-08,44
2015-11-08,46
2015-11-09,49.5
2015-11-09,50
2015-11-09,48
2015-11-09,51
2015-11-10,50
2015-11-10,50
2015-11-10,44
2015-11-10,56
2015-11-11,59
2015-11-11,59
2015-11-11,58
2015-11-11,60
2015-11-12,60.5
2015-11-12,61
2015-11-12,61
2015-11-12,60
2015-11-13,62
2015-11-13,62
2015-11-13,62
2015-11-13,62
2015-11-14,62
2015-11-14,62
2015-11-14,64
2015-11-14,60
2015-11-15,62.5
2015-11-15,63
2015-11-15,63
2015-11-15,62
2015-11-16,62
2015-11-16,62
2015-11-16,65
2015-11-16,59
2015-11-17,58
2015-11-17,58
2015-11-17,60
2015-11-17,56
2015-11-18,57
2015-11-18,57
2015-11-18,58
2015-11-18,56
2015-11-19,55
2015-11-19,55
2015-11-19,56
2015-11-19,54
2015-11-20,53
2015-11-20,53
2015-11-20,54
2015-11-20,52
2015-11-21,51
2015-11-21,51
2015-11-21,52
2015-11-21,50
2015-11-22,50
2015-11-22,50
2015-11-22,50
2015-11-22,50
2015-11-23,53
2015-11-23,53
2015-11-23,54
2015-11-23,52
2015-11-24,57
2015-11-24,57
2015-11-24,56
2015-11-24,58
2015-11-25,63
2015-11-25,63
2015-11-25,62
2015-11-25,64
2015-11-26,63.5
2015-11-26,64
2015-11-26,63
2015-11-26,64
2015-11-27,72
2015-11-27,72
2015-11-27,70
2015-11-27,74
2015-11-28,76
2015-11-28,76
2015-11-28,78
2015-11-28,74
2015-11-29,75
2015-11-29,75
2015-11-29,77
2015-11-29,73
2015-11-30,73.5
2015-11-30,74
2015-11-30,77
2015-11-30,70
2015-12-01,71.5
2015-12-01,72
2015-12-01,73
2015-12-01,70
2015-12-02,71.5
2015-12-02,72
2015-12-02,73
2015-12-02,70
2015-12-03,69
2015-12-03,69
2015-12-03,70
2015-12-03,68
2015-12-04,67
2015-12-04,67
2015-12-04,68
2015-12-04,66
2015-12-05,65.5
2015-12-05,66
2015-12-05,66
2015-12-05,65
2015-12-06,66
2015-12-06,66
2015-12-06,66
2015-12-06,66
2015-12-07,67.5
2015-12-07,68
2015-12-07,67
2015-12-07,68
2015-12-08,69.5
2015-12-08,70
2015-12-08,69
2015-12-08,70
2015-12-09,75
2015-12-09,75
2015-12-09,76
2015-12-09,74
2015-12-10,77
2015-12-10,77
2015-12-10,76
2015-12-10,78
2015-12-11,80
2015-12-11,80
2015-12-11,80
2015-12-11,80
2015-12-12,83
2015-12-12,83
2015-12-12,82
2015-12-12,84
2015-12-13,85.5
2015-12-13,86
2015-12-13,85
2015-12-13,86
2015-12-14,92
2015-12-14,92
2015-12-14,91
2015-12-14,93
2015-12-15,92.5
2015-12-15,93
2015-12-15,91
2015-12-15,94
2015-12-16,94.5
2015-12-16,95
2015-12-16,96
2015-12-16,93
2015-12-17,90
2015-12-17,90
2015-12-17,92
2015-12-17,88
2015-12-18,87.5
2015-12-18,88
2015-12-18,89
2015-12-18,86
2015-12-19,91.5
2015-12-19,92
2015-12-19,92
2015-12-19,91
2015-12-20,92.5
2015-12-20,93
2015-12-20,93
2015-12-20,92
2015-12-21,92.5
2015-12-21,93
2015-12-21,93
2015-12-21,92
2015-12-22,93
2015-12-22,93
2015-12-22,93
2015-12-22,93
2015-12-23,97
2015-12-23,97
2015-12-23,96
2015-12-23,98
2015-12-24,101
2015-12-24,101
2015-12-24,100
2015-12-24,102
2015-12-25,102.5
2015-12-25,103
2015-12-25,100
2015-12-25,105
2015-12-26,106
2015-12-26,106
2015-12-26,106
2015-12-26,106
2015-12-27,106
2015-12-27,106
2015-12-27,108
2015-12-27,104
2015-12-28,105
2015-12-28,105
2015-12-28,107
2015-12-28,103
2015-12-29,106.5
2015-12-29,107
2015-12-29,107
2015-12-29,106
2015-12-30,106.5
2015-12-30,107
2015-12-30,107
2015-12-30,106
2015-12-31,106.5
2015-12-31,107
2015-12-31,107
2015-12-31,106
2016-01-01,106.5
2016-01-01,107
2016-01-01,109
2016-01-01,104
2016-01-02,105
2016-01-02,105
2016-01-02,106
2016-01-02,104
2016-01-03,104.5
2016-01-03,105
2016-01-03,105
2016-01-03,104
2016-01-04,106
2016-01-04,106
2016-01-04,105
2016-01-04,107
2016-01-05,109
2016-01-05,109
2016-01-05,108
2016-01-05,110
2016-01-06,115.5
2016-01-06,116
2016-01-06,115
2016-01-06,116
2016-01-07,121.5
2016-01-07,122
2016-01-07,121
2016-01-07,122
2016-01-08,127.5
2016-01-08,128
2016-01-08,126
2016-01-08,129
2016-01-09,134.5
2016-01-09,135
2016-01-09,133
2016-01-09,136
2016-01-10,141.5
2016-01-10,142
2016-01-10,139
2016-01-10,144
2016-01-11,150
2016-01-11,150
2016-01-11,149
2016-01-11,151
2016-01-12,159
2016-01-12,159
2016-01-12,156
2016-01-12,162
2016-01-13,167
2016-01-13,167
2016-01-13,165
2016-01-13,169
2016-01-14,177.5
2016-01-14,178
2016-01-14,178
2016-01-14,177
2016-01-15,179
2016-01-15,179
2016-01-15,178
2016-01-15,180
2016-01-16,186
2016-01-16,186
2016-01-16,186
2016-01-16,186
2016-01-17,190
2016-01-17,190
2016-01-17,189
2016-01-17,191
2016-01-18,194
2016-01-18,194
2016-01-18,193
2016-01-18,195
2016-01-19,200
2016-01-19,200
2016-01-19,199
2016-01-19,201
2016-01-20,204.5
2016-01-20,205
2016-01-20,203
2016-01-20,206
2016-01-21,212
2016-01-21,212
2016-01-21,211
2016-01-21,213
2016-01-22,217.5
2016-01-22,218
2016-01-22,217
2016-01-22,218
2016-01-23,224.5
2016-01-23,225
2016-01-23,223
2016-01-23,226
2016-01-24,231
2016-01-24,231
2016-01-24,230
2016-01-24,232
2016-01-25,235.5
2016-01-25,236
2016-01-25,235
2016-01-25,236
2016-01-26,241.5
2016-01-26,242
2016-01-26,241
2016-01-26,242
2016-01-27,251
2016-01-27,251
2016-01-27,250
2016-01-27,252
2016-01-28,253
2016-01-28,253
2016-01-28,253
2016-01-28,253
2016-01-29,254.5
2016-01-29,255
2016-01-29,254
2016-01-29,255
2016-01-30,254.5
2016-01-30,255
2016-01-30,255
2016-01-30,254
2016-01-31,255
2016-01-31,255
2016-01-31,254
2016-01-31,256
2016-02-01,257
2016-02-01,257
2016-02-01,258
2016-02-01,256
2016-02-02,257
2016-02-02,257
2016-02-02,258
2016-02-02,256
2016-02-03,259
2016-02-03,259
2016-02-03,260
2016-02-03,258
2016-02-04,258
2016-02-04,258
2016-02-04,258
2016-02-04,258
2016-02-05,257
2016-02-05,257
2016-02-05,257
2016-02-05,257
2016-02-06,259.5
2016-02-06,260
2016-02-06,259
2016-02-06,260
2016-02-07,262.5
2016-02-07,263
2016-02-07,262
2016-02-07,263
2016-02-08,265
2016-02-08,265
2016-02-08,265
2016-02-08,265
2016-02-09,268
2016-02-09,268
2016-02-09,267
2016-02-09,269
2016-02-10,275
2016-02-10,275
2016-02-10,275
2016-02-10,275
2016-02-11,279
2016-02-11,279
2016-02-11,278
2016-02-11,280
2016-02-12,282.5
2016-02-12,283
2016-02-12,283
2016-02-12,282
2016-02-13,282.5
2016-02-13,283
2016-02-13,283
2016-02-13,282
2016-02-14,285
2016-02-14,285
2016-02-14,285
2016-02-14,285
2016-02-15,285
2016-02-15,285
2016-02-15,286
2016-02-15,284
2016-02-16,283
2016-02-16,283
2016-02-16,283
2016-02-16,283
2016-02-17,280.5
2016-02-17,281
2016-02-17,282
2016-02-17,279
2016-02-18,280
2016-02-18,280
2016-02-18,281
2016-02-18,279
2016-02-19,278.5
2016-02-19,279
2016-02-19,279
2016-02-19,278
2016-02-20,277.5
2016-02-20,278
2016-02-20,278
2016-02-20,277
2016-02-21,275
2016-02-21,275
2016-02-21,275
2016-02-21,275
2016-02-22,275
2016-02-22,275
2016-02-22,276
2016-02-22,274
2016-02-23,276
2016-02-23,276
2016-02-23,276
2016-02-23,276
2016-02-24,275.5
2016-02-24,276
2016-02-24,274
2016-02-24,277
2016-02-25,278.5
2016-02-25,279
2016-02-25,279
2016-02-25,278
2016-02-26,282.5
2016-02-26,283
2016-02-26,282
2016-02-26,283
2016-02-27,285
2016-02-27,285
2016-02-27,285
2016-02-27,285
2016-02-28,286
2016-02-28,286
2016-02-28,287
2016-02-28,285
2016-02-29,286
2016-02-29,286
2016-02-29,287
2016-02-29,285
2016-03-01,288
2016-03-01,287.5
2016-03-01,287
2016-03-01,288
2016-03-02,290
2016-03-02,290
2016-03-02,291
2016-03-02,289
2016-03-03,291
2016-03-03,290.5
2016-03-03,291
2016-03-03,290
2016-03-04,292
2016-03-04,291.5
2016-03-04,292
2016-03-04,291
2016-03-05,294
2016-03-05,293.5
2016-03-05,294
2016-03-05,293
2016-03-06,300
2016-03-06,299.5
2016-03-06,298
2016-03-06,301
2016-03-07,310
2016-03-07,309.5
2016-03-07,307
2016-03-07,312
2016-03-08,316
2016-03-08,316
2016-03-08,315
2016-03-08,317
2016-03-09,323
2016-03-09,322.5
2016-03-09,321
2016-03-09,324
2016-03-10,332
2016-03-10,332
2016-03-10,330
2016-03-10,334
2016-03-11,341
2016-03-11,340.5
2016-03-11,340
2016-03-11,341
2016-03-12,351
2016-03-12,350.5
2016-03-12,349
2016-03-12,352
2016-03-13,359
2016-03-13,358.5
2016-03-13,357
2016-03-13,360
2016-03-14,368
2016-03-14,368
2016-03-14,367
2016-03-14,369
2016-03-15,377
2016-03-15,376.5
2016-03-15,375
2016-03-15,378
2016-03-16,386
2016-03-16,385.5
2016-03-16,384
2016-03-16,387
2016-03-17,392
2016-03-17,391.5
2016-03-17,391
2016-03-17,392
2016-03-18,397
2016-03-18,397
2016-03-18,396
2016-03-18,398
2016-03-19,404
2016-03-19,403.5
2016-03-19,403
2016-03-19,404
2016-03-20,410
2016-03-20,410
2016-03-20,409
2016-03-20,411
2016-03-21,418
2016-03-21,418
2016-03-21,417
2016-03-21,419
2016-03-22,427
2016-03-22,426.5
2016-03-22,425
2016-03-22,428
2016-03-23,435
2016-03-23,434.5
2016-03-23,433
2016-03-23,436
2016-03-24,444
2016-03-24,444
2016-03-24,443
2016-03-24,445
2016-03-25,451
2016-03-25,451
2016-03-25,449
2016-03-25,453
2016-03-26,460
2016-03-26,459.5
2016-03-26,457
2016-03-26,462
2016-03-27,477
2016-03-27,476.5
2016-03-27,468
2016-03-27,485
2016-03-28,482
2016-03-28,481.5
2016-03-28,478
2016-03-28,485
2016-03-29,489
2016-03-29,489
2016-03-29,488
2016-03-29,490
2016-03-30,500
2016-03-30,499.5
2016-03-30,497
2016-03-30,502
2016-03-31,506
2016-03-31,506
2016-03-31,505
2016-03-31,507
2016-04-01,513
2016-04-01,513
2016-04-01,511
2016-04-01,515
2016-04-02,521
2016-04-02,521
2016-04-02,519
2016-04-02,523
2016-04-03,530
2016-04-03,530
2016-04-03,529
2016-04-03,531
2016-04-04,533.5
2016-04-04,534
2016-04-04,533
2016-04-04,534
2016-04-05,538.5
2016-04-05,539
2016-04-05,537
2016-04-05,540
2016-04-06,543
2016-04-06,543
2016-04-06,542
2016-04-06,544
2016-04-07,548
2016-04-07,548
2016-04-07,547
2016-04-07,549
2016-04-08,553
2016-04-08,553
2016-04-08,552
2016-04-08,554
2016-04-09,556.5
2016-04-09,557
2016-04-09,556
2016-04-09,557
2016-04-10,564
2016-04-10,564
2016-04-10,563
2016-04-10,565
2016-04-11,567.5
2016-04-11,568
2016-04-11,567
2016-04-11,568
2016-04-12,572
2016-04-12,572
2016-04-12,571
2016-04-12,573
2016-04-13,579
2016-04-13,579
2016-04-13,577
2016-04-13,581
2016-04-14,584.5
2016-04-14,585
2016-04-14,584
2016-04-14,585
2016-04-15,585
2016-04-15,585
2016-04-15,585
2016-04-15,585
2016-04-16,585
2016-04-16,585
2016-04-16,585
2016-04-16,585
2016-04-17,585
2016-04-17,585
2016-04-17,585
2016-04-17,585
2016-04-18,587.5
2016-04-18,588
2016-04-18,587
2016-04-18,588
2016-04-19,587
2016-04-19,587
2016-04-19,589
2016-04-19,585
2016-04-20,589
2016-04-20,589
2016-04-20,589
2016-04-20,589
2016-04-21,590
2016-04-21,590
2016-04-21,590
2016-04-21,590
2016-04-22,591.5
2016-04-22,592
2016-04-22,591
2016-04-22,592
2016-04-23,593.5
2016-04-23,594
2016-04-23,593
2016-04-23,594
2016-04-24,595.5
2016-04-24,596
2016-04-24,595
2016-04-24,596
2016-04-25,597.5
2016-04-25,598
2016-04-25,597
2016-04-25,598
2016-04-26,600.5
2016-04-26,601
2016-04-26,600
2016-04-26,601
2016-04-27,603.5
2016-04-27,604
2016-04-27,603
2016-04-27,604
2016-04-28,608
2016-04-28,608
2016-04-28,607
2016-04-28,609
2016-04-29,613
2016-04-29,613
2016-04-29,612
2016-04-29,614
2016-04-30,617
2016-04-30,617
2016-04-30,616
2016-04-30,618
2016-05-01,619.5
2016-05-01,620
2016-05-01,619
2016-05-01,620
2016-05-02,621
2016-05-02,621
2016-05-02,621
2016-05-02,621
2016-05-03,623
2016-05-03,623
2016-05-03,622
2016-05-03,624
2016-05-04,627.5
2016-05-04,628
2016-05-04,627
2016-05-04,628
2016-05-05,629.5
2016-05-05,630
2016-05-05,629
2016-05-05,630
2016-05-06,634
2016-05-06,634
2016-05-06,633
2016-05-06,635
2016-05-07,638
2016-05-07,638
2016-05-07,637
2016-05-07,639
2016-05-08,642
2016-05-08,642
2016-05-08,642
2016-05-08,642
2016-05-09,643
2016-05-09,643
2016-05-09,643
2016-05-09,643
2016-05-10,645
2016-05-10,645
2016-05-10,645
2016-05-10,645
2016-05-11,647
2016-05-11,647
2016-05-11,646
2016-05-11,648
2016-05-12,651
2016-05-12,651
2016-05-12,651
2016-05-12,651
2016-05-13,653
2016-05-13,653
2016-05-13,653
2016-05-13,653
2016-05-14,656
2016-05-14,656
2016-05-14,655
2016-05-14,657
2016-05-15,658.5
2016-05-15,659
2016-05-15,658
2016-05-15,659
2016-05-16,661
2016-05-16,661
2016-05-16,661
2016-05-16,661
2016-05-17,661
2016-05-17,661
2016-05-17,661
2016-05-17,661
2016-05-18,661
2016-05-18,661
2016-05-18,661
2016-05-18,661
2016-05-19,661
2016-05-19,661
2016-05-19,661
2016-05-19,661
2016-05-20,661
2016-05-20,661
2016-05-20,661
2016-05-20,661
2016-05-21,661
2016-05-21,661
2016-05-21,661
2016-05-21,661
2016-05-22,661
2016-05-22,661
2016-05-22,661
2016-05-22,661
2016-05-23,661
2016-05-23,661
2016-05-23,661
2016-05-23,661
2016-05-24,661
2016-05-24,661
2016-05-24,661
2016-05-24,661
2016-05-25,661
2016-05-25,661
2016-05-25,661
2016-05-25,661
2016-05-26,660
2016-05-26,660
2016-05-26,660
2016-05-26,660
2016-05-27,661
2016-05-27,661
2016-05-27,661
2016-05-27,661
2016-05-28,661
2016-05-28,661
2016-05-28,661
2016-05-28,661
2016-05-29,661
2016-05-29,661
2016-05-29,661
2016-05-29,661
2016-05-30,659
2016-05-30,659
2016-05-30,659
2016-05-30,659
2016-05-31,659
2016-05-31,659
2016-05-31,659
2016-05-31,659
2016-06-01,659
2016-06-01,659
2016-06-01,659
2016-06-01,659
2016-06-02,660.5
2016-06-02,661
2016-06-02,661
2016-06-02,660
2016-06-03,661
2016-06-03,661
2016-06-03,661
2016-06-03,661
2016-06-04,661
2016-06-04,661
2016-06-04,661
2016-06-04,661
2016-06-05,661.5
2016-06-05,662
2016-06-05,662
2016-06-05,661
2016-06-06,663.5
2016-06-06,664
2016-06-06,663
2016-06-06,664
2016-06-07,665
2016-06-07,665
2016-06-07,665
2016-06-07,665
2016-06-08,666
2016-06-08,666
2016-06-08,666
2016-06-08,666
2016-06-09,667
2016-06-09,667
2016-06-09,667
2016-06-09,667
2016-06-10,666
2016-06-10,666
2016-06-10,666
2016-06-10,666
2016-06-11,665
2016-06-11,665
2016-06-11,665
2016-06-11,665
2016-06-12,664.5
2016-06-12,665
2016-06-12,665
2016-06-12,664
2016-06-13,663
2016-06-13,663
2016-06-13,663
2016-06-13,663
2016-06-14,662
2016-06-14,662
2016-06-14,662
2016-06-14,662
2016-06-15,662
2016-06-15,662
2016-06-15,662
2016-06-15,662
2016-06-16,662
2016-06-16,662
2016-06-16,662
2016-06-16,662
2016-06-17,660
2016-06-17,660
2016-06-17,660
2016-06-17,660
2016-06-18,660
2016-06-18,660
2016-06-18,660
2016-06-18,660
2016-06-19,659
2016-06-19,659
2016-06-19,659
2016-06-19,659
2016-06-20,658
2016-06-20,658
2016-06-20,658
2016-06-20,658
2016-06-21,657
2016-06-21,657
2016-06-21,657
2016-06-21,657
2016-06-22,656
2016-06-22,656
2016-06-22,656
2016-06-22,656
2016-06-23,657
2016-06-23,657
2016-06-23,657
2016-06-23,657
2016-06-24,657
2016-06-24,657
2016-06-24,657
2016-06-24,657
2016-06-25,657
2016-06-25,657
2016-06-25,657
2016-06-25,657
2016-06-26,657
2016-06-26,657
2016-06-26,657
2016-06-26,657
2016-06-27,655
2016-06-27,655
2016-06-27,655
2016-06-27,655
2016-06-28,655.5
2016-06-28,656
2016-06-28,656
2016-06-28,655
2016-06-29,654
2016-06-29,654
2016-06-29,654
2016-06-29,654
2016-06-30,652.5
2016-06-30,653
2016-06-30,653
2016-06-30,652
2016-07-01,651
2016-07-01,651
2016-07-01,651
2016-07-01,651
2016-07-02,650
2016-07-02,650
2016-07-02,650
2016-07-02,650
2016-07-03,650
2016-07-03,650
2016-07-03,650
2016-07-03,650
2016-07-04,650
2016-07-04,650
2016-07-04,650
2016-07-04,650
2016-07-05,650
2016-07-05,650
2016-07-05,650
2016-07-05,650
2016-07-06,650
2016-07-06,650
2016-07-06,650
2016-07-06,650
2016-07-07,652
2016-07-07,652
2016-07-07,652
2016-07-07,652
2016-07-08,652
2016-07-08,652
2016-07-08,652
2016-07-08,652
2016-07-09,652
2016-07-09,652
2016-07-09,652
2016-07-09,652
2016-07-10,650
2016-07-10,649.5
2016-07-10,649
2016-07-10,650
2016-07-11,649
2016-07-11,649
2016-07-11,649
2016-07-11,649
2016-07-12,648
2016-07-12,647.5
2016-07-12,648
2016-07-12,647
2016-07-13,644
2016-07-13,644
2016-07-13,645
2016-07-13,643
2016-07-14,641
2016-07-14,641
2016-07-14,642
2016-07-14,640
2016-07-15,637
2016-07-15,637
2016-07-15,638
2016-07-15,636
2016-07-16,632
2016-07-16,631.5
2016-07-16,632
2016-07-16,631
2016-07-17,630
2016-07-17,630
2016-07-17,630
2016-07-17,630
2016-07-18,628
2016-07-18,628
2016-07-18,629
2016-07-18,627
2016-07-19,625
2016-07-19,625
2016-07-19,625
2016-07-19,625
2016-07-20,623
2016-07-20,623
2016-07-20,623
2016-07-20,623
2016-07-21,622
2016-07-21,622
2016-07-21,622
2016-07-21,622
2016-07-22,621
2016-07-22,621
2016-07-22,621
2016-07-22,621
2016-07-23,620
2016-07-23,620
2016-07-23,620
2016-07-23,620
2016-07-24,619
2016-07-24,619
2016-07-24,619
2016-07-24,619
2016-07-25,617
2016-07-25,617
2016-07-25,617
2016-07-25,617
2016-07-26,617
2016-07-26,616.5
2016-07-26,617
2016-07-26,616
2016-07-27,615
2016-07-27,615
2016-07-27,616
2016-07-27,614
2016-07-28,613
2016-07-28,613
2016-07-28,614
2016-07-28,612
2016-07-29,609
2016-07-29,609
2016-07-29,610
2016-07-29,608
2016-07-30,606
2016-07-30,605.5
2016-07-30,607
2016-07-30,604
2016-07-31,603
2016-07-31,602.5
2016-07-31,603
2016-07-31,602
2016-08-01,600.5
2016-08-01,601
2016-08-01,601
2016-08-01,600
2016-08-02,598.5
2016-08-02,599
2016-08-02,599
2016-08-02,598
2016-08-03,595.5
2016-08-03,596
2016-08-03,596
2016-08-03,595
2016-08-04,591.5
2016-08-04,592
2016-08-04,593
2016-08-04,590
2016-08-05,589
2016-08-05,589
2016-08-05,590
2016-08-05,588
2016-08-06,585
2016-08-06,585
2016-08-06,586
2016-08-06,584
2016-08-07,582
2016-08-07,582
2016-08-07,583
2016-08-07,581
2016-08-08,580.5
2016-08-08,581
2016-08-08,581
2016-08-08,580
2016-08-09,579
2016-08-09,579
2016-08-09,580
2016-08-09,578
2016-08-10,575.5
2016-08-10,576
2016-08-10,577
2016-08-10,574
2016-08-11,571.5
2016-08-11,572
2016-08-11,573
2016-08-11,570
2016-08-12,566.5
2016-08-12,567
2016-08-12,568
2016-08-12,565
2016-08-13,562.5
2016-08-13,563
2016-08-13,564
2016-08-13,561
2016-08-14,557.5
2016-08-14,558
2016-08-14,559
2016-08-14,556
2016-08-15,553.5
2016-08-15,554
2016-08-15,555
2016-08-15,552
2016-08-16,548.5
2016-08-16,549
2016-08-16,550
2016-08-16,547
2016-08-17,543.5
2016-08-17,544
2016-08-17,545
2016-08-17,542
2016-08-18,540
2016-08-18,540
2016-08-18,541
2016-08-18,539
2016-08-19,537
2016-08-19,537
2016-08-19,538
2016-08-19,536
2016-08-20,534
2016-08-20,534
2016-08-20,535
2016-08-20,533
2016-08-21,531.5
2016-08-21,532
2016-08-21,532
2016-08-21,531
2016-08-22,530
2016-08-22,530
2016-08-22,530
2016-08-22,530
2016-08-23,528
2016-08-23,528
2016-08-23,529
2016-08-23,527
2016-08-24,525
2016-08-24,525
2016-08-24,526
2016-08-24,524
2016-08-25,522
2016-08-25,522
2016-08-25,523
2016-08-25,521
2016-08-26,518.5
2016-08-26,519
2016-08-26,520
2016-08-26,517
2016-08-27,513.5
2016-08-27,514
2016-08-27,515
2016-08-27,512
2016-08-28,508.5
2016-08-28,509
2016-08-28,510
2016-08-28,507
2016-08-29,503.5
2016-08-29,504
2016-08-29,505
2016-08-29,502
2016-08-30,499
2016-08-30,499
2016-08-30,501
2016-08-30,497
2016-08-31,494
2016-08-31,494
2016-08-31,496
2016-08-31,492
2016-09-01,488
2016-09-01,488
2016-09-01,490
2016-09-01,486
2016-09-02,483
2016-09-02,482.5
2016-09-02,484
2016-09-02,481
2016-09-03,478
2016-09-03,478
2016-09-03,480
2016-09-03,476
2016-09-04,472
2016-09-04,471.5
2016-09-04,473
2016-09-04,470
2016-09-05,467
2016-09-05,466.5
2016-09-05,469
2016-09-05,464
2016-09-06,461
2016-09-06,460.5
2016-09-06,462
2016-09-06,459
2016-09-07,455
2016-09-07,455
2016-09-07,457
2016-09-07,453
2016-09-08,448
2016-09-08,447.5
2016-09-08,450
2016-09-08,445
2016-09-09,439
2016-09-09,438.5
2016-09-09,441
2016-09-09,436
2016-09-10,430
2016-09-10,429.5
2016-09-10,432
2016-09-10,427
2016-09-11,420
2016-09-11,419.5
2016-09-11,422
2016-09-11,417
2016-09-12,411
2016-09-12,410.5
2016-09-12,413
2016-09-12,408
2016-09-13,402
2016-09-13,402
2016-09-13,404
2016-09-13,400
2016-09-14,395
2016-09-14,394.5
2016-09-14,397
2016-09-14,392
2016-09-15,386
2016-09-15,385.5
2016-09-15,387
2016-09-15,384
2016-09-16,381
2016-09-16,380.5
2016-09-16,383
2016-09-16,378
2016-09-17,375
2016-09-17,374.5
2016-09-17,377
2016-09-17,372
2016-09-18,369
2016-09-18,368.5
2016-09-18,371
2016-09-18,366
2016-09-19,361
2016-09-19,361
2016-09-19,363
2016-09-19,359
2016-09-20,354
2016-09-20,353.5
2016-09-20,356
2016-09-20,351
2016-09-21,345
2016-09-21,344.5
2016-09-21,347
2016-09-21,342
2016-09-22,333
2016-09-22,333
2016-09-22,336
2016-09-22,330
2016-09-23,322
2016-09-23,321.5
2016-09-23,325
2016-09-23,318
2016-09-24,310
2016-09-24,310
2016-09-24,313
2016-09-24,307
2016-09-25,298
2016-09-25,297.5
2016-09-25,301
2016-09-25,294
2016-09-26,285
2016-09-26,284.5
2016-09-26,288
2016-09-26,281
2016-09-27,274
2016-09-27,273.5
2016-09-27,277
2016-09-27,270
2016-09-28,261
2016-09-28,261
2016-09-28,264
2016-09-28,258
2016-09-29,251
2016-09-29,251
2016-09-29,254
2016-09-29,248
2016-09-30,243
2016-09-30,242.5
2016-09-30,245
2016-09-30,240
2016-10-01,234
2016-10-01,234
2016-10-01,236
2016-10-01,232
2016-10-02,225.5
2016-10-02,226
2016-10-02,229
2016-10-02,222
2016-10-03,217
2016-10-03,217
2016-10-03,220
2016-10-03,214
2016-10-04,210.5
2016-10-04,211
2016-10-04,212
2016-10-04,209
2016-10-05,204.5
2016-10-05,205
2016-10-05,207
2016-10-05,202
2016-10-06,194.5
2016-10-06,195
2016-10-06,197
2016-10-06,192
2016-10-07,184.5
2016-10-07,185
2016-10-07,187
2016-10-07,182
2016-10-08,174.5
2016-10-08,175
2016-10-08,177
2016-10-08,172
2016-10-09,167.5
2016-10-09,168
2016-10-09,169
2016-10-09,166
2016-10-10,161.5
2016-10-10,162
2016-10-10,164
2016-10-10,159
2016-10-11,154.5
2016-10-11,155
2016-10-11,157
2016-10-11,152
2016-10-12,147
2016-10-12,147
2016-10-12,149
2016-10-12,145
2016-10-13,144
2016-10-13,144
2016-10-13,144
2016-10-13,144
2016-10-14,144
2016-10-14,144
2016-10-14,144
2016-10-14,144
2016-10-15,145
2016-10-15,145
2016-10-15,144
2016-10-15,146
2016-10-16,145
2016-10-16,145
2016-10-16,144
2016-10-16,146
2016-10-17,146
2016-10-17,146
2016-10-17,146
2016-10-17,146
2016-10-18,149.5
2016-10-18,150
2016-10-18,149
2016-10-18,150
2016-10-19,149
2016-10-19,149
2016-10-19,151
2016-10-19,147
2016-10-20,148
2016-10-20,148
2016-10-20,148
2016-10-20,148
2016-10-21,143
2016-10-21,143
2016-10-21,145
2016-10-21,141
2016-10-22,140
2016-10-22,140
2016-10-22,141
2016-10-22,139
2016-10-23,136
2016-10-23,136
2016-10-23,136
2016-10-23,136
2016-10-24,133
2016-10-24,133
2016-10-24,134
2016-10-24,132
2016-10-25,130
2016-10-25,130
2016-10-25,131
2016-10-25,129
2016-10-26,126
2016-10-26,126
2016-10-26,127
2016-10-26,125
2016-10-27,125
2016-10-27,125
2016-10-27,126
2016-10-27,124
2016-10-28,129
2016-10-28,129
2016-10-28,128
2016-10-28,130
2016-10-29,130
2016-10-29,130
2016-10-29,130
2016-10-29,130
2016-10-30,131.5
2016-10-30,132
2016-10-30,131
2016-10-30,132
2016-10-31,134
2016-10-31,134
2016-10-31,134
2016-10-31,134
2016-11-01,138
2016-11-01,138
2016-11-01,137
2016-11-01,139
2016-11-02,137
2016-11-02,137
2016-11-02,137
2016-11-02,137
2016-11-03,138
2016-11-03,138
2016-11-03,138
2016-11-03,138
2016-11-04,137
2016-11-04,137
2016-11-04,138
2016-11-04,136
2016-11-05,134
2016-11-05,134
2016-11-05,135
2016-11-05,133
2016-11-06,133.5
2016-11-06,134
2016-11-06,133
2016-11-06,134
2016-11-07,131.5
2016-11-07,132
2016-11-07,133
2016-11-07,130
2016-11-08,131
2016-11-08,131
2016-11-08,131
2016-11-08,131
2016-11-09,130.5
2016-11-09,131
2016-11-09,131
2016-11-09,130
2016-11-10,131
2016-11-10,131
2016-11-10,131
2016-11-10,131
2016-11-11,130
2016-11-11,130
2016-11-11,130
2016-11-11,130
2016-11-12,130
2016-11-12,130
2016-11-12,130
2016-11-12,130
2016-11-13,132.5
2016-11-13,133
2016-11-13,131
2016-11-13,134
2016-11-14,140
2016-11-14,140
2016-11-14,139
2016-11-14,141
2016-11-15,142
2016-11-15,142
2016-11-15,142
2016-11-15,142
2016-11-16,143.5
2016-11-16,144
2016-11-16,144
2016-11-16,143
2016-11-17,143.5
2016-11-17,144
2016-11-17,145
2016-11-17,142
2016-11-18,146
2016-11-18,146
2016-11-18,147
2016-11-18,145
2016-11-19,142
2016-11-19,142
2016-11-19,142
2016-11-19,142
2016-11-20,143
2016-11-20,143
2016-11-20,143
2016-11-20,143
2016-11-21,138.5
2016-11-21,139
2016-11-21,138
2016-11-21,139
2016-11-22,132.5
2016-11-22,133
2016-11-22,133
2016-11-22,132
2016-11-23,131
2016-11-23,131
2016-11-23,131
2016-11-23,131
2016-11-24,130
2016-11-24,130
2016-11-24,131
2016-11-24,129
2016-11-25,128.5
2016-11-25,129
2016-11-25,129
2016-11-25,128
2016-11-26,127
2016-11-26,127
2016-11-26,127
2016-11-26,127
2016-11-27,128.5
2016-11-27,129
2016-11-27,129
2016-11-27,128
2016-11-28,130
2016-11-28,130
2016-11-28,131
2016-11-28,129
2016-11-29,129.5
2016-11-29,130
2016-11-29,130
2016-11-29,129
2016-11-30,130.5
2016-11-30,131
2016-11-30,131
2016-11-30,130
2016-12-01,130.5
2016-12-01,131
2016-12-01,131
2016-12-01,130
2016-12-02,128
2016-12-02,128
2016-12-02,130
2016-12-02,126
2016-12-03,126.5
2016-12-03,127
2016-12-03,128
2016-12-03,125
2016-12-04,124.5
2016-12-04,125
2016-12-04,127
2016-12-04,122
2016-12-05,122
2016-12-05,122
2016-12-05,124
2016-12-05,120
2016-12-06,117
2016-12-06,117
2016-12-06,116
2016-12-06,118
2016-12-07,114.5
2016-12-07,115
2016-12-07,116
2016-12-07,113
2016-12-08,112
2016-12-08,112
2016-12-08,112
2016-12-08,112
2016-12-09,111
2016-12-09,111
2016-12-09,112
2016-12-09,110
2016-12-10,109.5
2016-12-10,110
2016-12-10,109
2016-12-10,110
2016-12-11,111
2016-12-11,111
2016-12-11,112
2016-12-11,110
2016-12-12,114.5
2016-12-12,115
2016-12-12,112
2016-12-12,117
2016-12-13,119
2016-12-13,119
2016-12-13,120
2016-12-13,118
2016-12-14,119
2016-12-14,119
2016-12-14,118
2016-12-14,120
2016-12-15,122.5
2016-12-15,123
2016-12-15,123
2016-12-15,122
2016-12-16,125.5
2016-12-16,126
2016-12-16,126
2016-12-16,125
2016-12-17,128.5
2016-12-17,129
2016-12-17,131
2016-12-17,126
2016-12-18,131
2016-12-18,131
2016-12-18,128
2016-12-18,134
2016-12-19,134.5
2016-12-19,135
2016-12-19,135
2016-12-19,134
2016-12-20,136.5
2016-12-20,137
2016-12-20,136
2016-12-20,137
2016-12-21,136.5
2016-12-21,137
2016-12-21,137
2016-12-21,136
2016-12-22,140
2016-12-22,140
2016-12-22,140
2016-12-22,140
2016-12-23,146
2016-12-23,146
2016-12-23,144
2016-12-23,148
2016-12-24,150.5
2016-12-24,151
2016-12-24,149
2016-12-24,152
2016-12-25,154.5
2016-12-25,155
2016-12-25,153
2016-12-25,156
2016-12-26,164.5
2016-12-26,165
2016-12-26,163
2016-12-26,166
2016-12-27,174.5
2016-12-27,175
2016-12-27,172
2016-12-27,177
2016-12-28,188.5
2016-12-28,189
2016-12-28,186
2016-12-28,191
2016-12-29,202.5
2016-12-29,203
2016-12-29,199
2016-12-29,206
2016-12-30,213
2016-12-30,213
2016-12-30,210
2016-12-30,216
2016-12-31,226
2016-12-31,226
2016-12-31,224
2016-12-31,228
2017-01-01,237
2017-01-01,237
2017-01-01,234
2017-01-01,240
2017-01-02,248
2017-01-02,248
2017-01-02,246
2017-01-02,250
2017-01-03,257.5
2017-01-03,258
2017-01-03,256
2017-01-03,259
2017-01-04,270
2017-01-04,270
2017-01-04,268
2017-01-04,272
2017-01-05,277.5
2017-01-05,278
2017-01-05,275
2017-01-05,280
2017-01-06,285.5
2017-01-06,286
2017-01-06,285
2017-01-06,286
2017-01-07,293
2017-01-07,293
2017-01-07,292
2017-01-07,294
2017-01-08,301
2017-01-08,301
2017-01-08,299
2017-01-08,303
2017-01-09,309.5
2017-01-09,310
2017-01-09,308
2017-01-09,311
2017-01-10,317
2017-01-10,317
2017-01-10,316
2017-01-10,318
2017-01-11,325
2017-01-11,325
2017-01-11,323
2017-01-11,327
2017-01-12,334
2017-01-12,334
2017-01-12,333
2017-01-12,335
2017-01-13,344.5
2017-01-13,345
2017-01-13,343
2017-01-13,346
2017-01-14,353.5
2017-01-14,354
2017-01-14,351
2017-01-14,356
2017-01-15,362
2017-01-15,362
2017-01-15,360
2017-01-15,364
2017-01-16,369
2017-01-16,369
2017-01-16,368
2017-01-16,370
2017-01-17,376.5
2017-01-17,377
2017-01-17,375
2017-01-17,378
2017-01-18,385
2017-01-18,385
2017-01-18,384
2017-01-18,386
2017-01-19,394
2017-01-19,394
2017-01-19,392
2017-01-19,396
2017-01-20,401
2017-01-20,401
2017-01-20,400
2017-01-20,402
2017-01-21,407
2017-01-21,407
2017-01-21,405
2017-01-21,409
2017-01-22,414.5
2017-01-22,415
2017-01-22,413
2017-01-22,416
2017-01-23,421
2017-01-23,421
2017-01-23,419
2017-01-23,423
2017-01-24,431
2017-01-24,431
2017-01-24,430
2017-01-24,432
2017-01-25,437
2017-01-25,437
2017-01-25,436
2017-01-25,438
2017-01-26,441.5
2017-01-26,442
2017-01-26,439
2017-01-26,444
2017-01-27,450.5
2017-01-27,451
2017-01-27,449
2017-01-27,452
2017-01-28,458
2017-01-28,458
2017-01-28,457
2017-01-28,459
2017-01-29,464.5
2017-01-29,465
2017-01-29,463
2017-01-29,466
2017-01-30,473
2017-01-30,473
2017-01-30,471
2017-01-30,475
2017-01-31,479
2017-01-31,479
2017-01-31,478
2017-01-31,480
2017-02-01,487
2017-02-01,487
2017-02-01,485
2017-02-01,489
2017-02-02,496
2017-02-02,496
2017-02-02,493
2017-02-02,499
2017-02-03,504
2017-02-03,504
2017-02-03,502
2017-02-03,506
2017-02-04,511
2017-02-04,511
2017-02-04,510
2017-02-04,512
2017-02-05,517
2017-02-05,517
2017-02-05,516
2017-02-05,518
2017-02-06,525
2017-02-06,525
2017-02-06,524
2017-02-06,526
2017-02-07,531
2017-02-07,531
2017-02-07,530
2017-02-07,532
2017-02-08,536
2017-02-08,535.5
2017-02-08,535
2017-02-08,536
2017-02-09,542
2017-02-09,541.5
2017-02-09,539
2017-02-09,544
2017-02-10,549
2017-02-10,549
2017-02-10,548
2017-02-10,550
2017-02-11,553
2017-02-11,553
2017-02-11,552
2017-02-11,554
2017-02-12,559
2017-02-12,559
2017-02-12,558
2017-02-12,560
2017-02-13,563
2017-02-13,562.5
2017-02-13,561
2017-02-13,564
2017-02-14,567
2017-02-14,567
2017-02-14,566
2017-02-14,568
2017-02-15,573
2017-02-15,572.5
2017-02-15,571
2017-02-15,574
2017-02-16,580
2017-02-16,579.5
2017-02-16,577
2017-02-16,582
2017-02-17,587
2017-02-17,587
2017-02-17,586
2017-02-17,588
2017-02-18,594
2017-02-18,594
2017-02-18,592
2017-02-18,596
2017-02-19,603
2017-02-19,602.5
2017-02-19,601
2017-02-19,604
2017-02-20,607
2017-02-20,607
2017-02-20,606
2017-02-20,608
2017-02-21,610
2017-02-21,610
2017-02-21,609
2017-02-21,611
2017-02-22,615
2017-02-22,614.5
2017-02-22,613
2017-02-22,616
2017-02-23,619
2017-02-23,618.5
2017-02-23,618
2017-02-23,619
2017-02-24,622
2017-02-24,621.5
2017-02-24,621
2017-02-24,622
2017-02-25,625
2017-02-25,625
2017-02-25,624
2017-02-25,626
2017-02-26,629
2017-02-26,629
2017-02-26,628
2017-02-26,630
2017-02-27,633
2017-02-27,633
2017-02-27,632
2017-02-27,634
2017-02-28,641
2017-02-28,640.5
2017-02-28,639
2017-02-28,642
2017-03-01,647
2017-03-01,647
2017-03-01,644
2017-03-01,650
2017-03-02,653.5
2017-03-02,654
2017-03-02,652
2017-03-02,655
2017-03-03,658.5
2017-03-03,659
2017-03-03,657
2017-03-03,660
2017-03-04,664
2017-03-04,664
2017-03-04,663
2017-03-04,665
2017-03-05,668
2017-03-05,668
2017-03-05,667
2017-03-05,669
2017-03-06,672.5
2017-03-06,673
2017-03-06,671
2017-03-06,674
2017-03-07,679
2017-03-07,679
2017-03-07,676
2017-03-07,682
2017-03-08,685
2017-03-08,685
2017-03-08,684
2017-03-08,686
2017-03-09,691
2017-03-09,691
2017-03-09,690
2017-03-09,692
2017-03-10,696
2017-03-10,696
2017-03-10,695
2017-03-10,697
2017-03-11,701
2017-03-11,701
2017-03-11,700
2017-03-11,702
2017-03-12,706.5
2017-03-12,707
2017-03-12,705
2017-03-12,708
2017-03-13,714.5
2017-03-13,715
2017-03-13,713
2017-03-13,716
2017-03-14,720.5
2017-03-14,721
2017-03-14,719
2017-03-14,722
2017-03-15,726.5
2017-03-15,727
2017-03-15,725
2017-03-15,728
2017-03-16,731.5
2017-03-16,732
2017-03-16,731
2017-03-16,732
2017-03-17,737.5
2017-03-17,738
2017-03-17,737
2017-03-17,738
2017-03-18,741
2017-03-18,741
2017-03-18,741
2017-03-18,741
2017-03-19,745
2017-03-19,745
2017-03-19,744
2017-03-19,746
2017-03-20,750
2017-03-20,750
2017-03-20,748
2017-03-20,752
2017-03-21,752
2017-03-21,752
2017-03-21,752
2017-03-21,752
2017-03-22,753.5
2017-03-22,754
2017-03-22,753
2017-03-22,754
2017-03-23,755
2017-03-23,755
2017-03-23,755
2017-03-23,755
2017-03-24,756.5
2017-03-24,757
2017-03-24,756
2017-03-24,757
2017-03-25,760
2017-03-25,760
2017-03-25,759
2017-03-25,761
2017-03-26,764
2017-03-26,764
2017-03-26,762
2017-03-26,766
2017-03-27,769
2017-03-27,769
2017-03-27,769
2017-03-27,769
2017-03-28,771.5
2017-03-28,772
2017-03-28,771
2017-03-28,772
2017-03-29,774.5
2017-03-29,775
2017-03-29,774
2017-03-29,775
2017-03-30,779
2017-03-30,779
2017-03-30,778
2017-03-30,780
2017-03-31,782
2017-03-31,782
2017-03-31,781
2017-03-31,783
2017-04-01,784.5
2017-04-01,785
2017-04-01,784
2017-04-01,785
2017-04-02,788.5
2017-04-02,789
2017-04-02,787
2017-04-02,790
2017-04-03,794
2017-04-03,794
2017-04-03,793
2017-04-03,795
2017-04-04,794.5
2017-04-04,795
2017-04-04,794
2017-04-04,795
2017-04-05,796.5
2017-04-05,797
2017-04-05,796
2017-04-05,797
2017-04-06,798.5
2017-04-06,799
2017-04-06,798
2017-04-06,799
2017-04-07,801
2017-04-07,801
2017-04-07,801
2017-04-07,801
2017-04-08,804
2017-04-08,804
2017-04-08,801
2017-04-08,807
2017-04-09,809.5
2017-04-09,810
2017-04-09,809
2017-04-09,810
2017-04-10,811.5
2017-04-10,812
2017-04-10,811
2017-04-10,812
2017-04-11,813.5
2017-04-11,814
2017-04-11,813
2017-04-11,814
2017-04-12,817
2017-04-12,817
2017-04-12,816
2017-04-12,818
2017-04-13,819.5
2017-04-13,820
2017-04-13,819
2017-04-13,820
2017-04-14,822
2017-04-14,822
2017-04-14,821
2017-04-14,823
2017-04-15,824.5
2017-04-15,825
2017-04-15,824
2017-04-15,825
2017-04-16,826.5
2017-04-16,827
2017-04-16,826
2017-04-16,827
2017-04-17,830
2017-04-17,830
2017-04-17,829
2017-04-17,831
2017-04-18,833.5
2017-04-18,834
2017-04-18,833
2017-04-18,834
2017-04-19,836
2017-04-19,836
2017-04-19,835
2017-04-19,837
2017-04-20,837.5
2017-04-20,838
2017-04-20,837
2017-04-20,838
2017-04-21,841
2017-04-21,841
2017-04-21,840
2017-04-21,842
2017-04-22,842
2017-04-22,842
2017-04-22,842
2017-04-22,842
2017-04-23,844
2017-04-23,844
2017-04-23,844
2017-04-23,844
2017-04-24,845
2017-04-24,845
2017-04-24,845
2017-04-24,845
2017-04-25,846
2017-04-25,846
2017-04-25,846
2017-04-25,846
2017-04-26,846.5
2017-04-26,847
2017-04-26,847
2017-04-26,846
2017-04-27,846.5
2017-04-27,847
2017-04-27,847
2017-04-27,846
2017-04-28,847.5
2017-04-28,848
2017-04-28,847
2017-04-28,848
2017-04-29,856
2017-04-29,856
2017-04-29,856
2017-04-29,856
2017-04-30,856.5
2017-04-30,857
2017-04-30,857
2017-04-30,856
2017-05-01,860
2017-05-01,860
2017-05-01,860
2017-05-01,860
2017-05-02,862.5
2017-05-02,863
2017-05-02,861
2017-05-02,864
2017-05-03,865.5
2017-05-03,866
2017-05-03,865
2017-05-03,866
2017-05-04,867
2017-05-04,867
2017-05-04,867
2017-05-04,867
2017-05-05,867.5
2017-05-05,868
2017-05-05,867
2017-05-05,868
2017-05-06,871
2017-05-06,871
2017-05-06,871
2017-05-06,871
2017-05-07,871.5
2017-05-07,872
2017-05-07,872
2017-05-07,871
2017-05-08,872.5
2017-05-08,873
2017-05-08,872
2017-05-08,873
2017-05-09,873
2017-05-09,873
2017-05-09,873
2017-05-09,873
2017-05-10,874.5
2017-05-10,875
2017-05-10,874
2017-05-10,875
2017-05-11,875.5
2017-05-11,876
2017-05-11,875
2017-05-11,876
2017-05-12,877
2017-05-12,877
2017-05-12,877
2017-05-12,877
2017-05-13,877
2017-05-13,877
2017-05-13,877
2017-05-13,877
2017-05-14,877.5
2017-05-14,878
2017-05-14,878
2017-05-14,877
2017-05-15,877.5
2017-05-15,878
2017-05-15,878
2017-05-15,877
2017-05-16,876
2017-05-16,876
2017-05-16,876
2017-05-16,876
2017-05-17,875
2017-05-17,875
2017-05-17,876
2017-05-17,874
2017-05-18,873.5
2017-05-18,874
2017-05-18,874
2017-05-18,873
2017-05-19,870.5
2017-05-19,871
2017-05-19,871
2017-05-19,870
2017-05-20,869
2017-05-20,869
2017-05-20,870
2017-05-20,868
2017-05-21,867
2017-05-21,867
2017-05-21,867
2017-05-21,867
2017-05-22,865.5
2017-05-22,866
2017-05-22,866
2017-05-22,865
2017-05-23,863
2017-05-23,863
2017-05-23,864
2017-05-23,862
2017-05-24,860
2017-05-24,860
2017-05-24,861
2017-05-24,859
2017-05-25,857
2017-05-25,857
2017-05-25,857
2017-05-25,857
2017-05-26,854.5
2017-05-26,855
2017-05-26,856
2017-05-26,853
2017-05-27,851
2017-05-27,851
2017-05-27,852
2017-05-27,850
2017-05-28,848.5
2017-05-28,849
2017-05-28,849
2017-05-28,848
2017-05-29,846.5
2017-05-29,847
2017-05-29,847
2017-05-29,846
2017-05-30,845
2017-05-30,845
2017-05-30,845
2017-05-30,845
2017-05-31,844
2017-05-31,844
2017-05-31,844
2017-05-31,844
2017-06-01,845
2017-06-01,845
2017-06-01,845
2017-06-01,845
2017-06-02,845
2017-06-02,845
2017-06-02,845
2017-06-02,845
2017-06-03,845
2017-06-03,845
2017-06-03,846
2017-06-03,844
2017-06-04,844
2017-06-04,844
2017-06-04,844
2017-06-04,844
2017-06-05,844
2017-06-05,844
2017-06-05,844
2017-06-05,844
2017-06-06,844.5
2017-06-06,845
2017-06-06,845
2017-06-06,844
2017-06-07,844.5
2017-06-07,845
2017-06-07,845
2017-06-07,844
2017-06-08,842.5
2017-06-08,843
2017-06-08,843
2017-06-08,842
2017-06-09,841
2017-06-09,841
2017-06-09,842
2017-06-09,840
2017-06-10,838
2017-06-10,838
2017-06-10,839
2017-06-10,837
2017-06-11,835
2017-06-11,835
2017-06-11,836
2017-06-11,834
2017-06-12,833
2017-06-12,833
2017-06-12,836
2017-06-12,830
2017-06-13,828.5
2017-06-13,829
2017-06-13,830
2017-06-13,827
2017-06-14,826
2017-06-14,826
2017-06-14,827
2017-06-14,825
2017-06-15,824.5
2017-06-15,825
2017-06-15,825
2017-06-15,824
2017-06-16,821.5
2017-06-16,822
2017-06-16,823
2017-06-16,820
2017-06-17,819.5
2017-06-17,820
2017-06-17,820
2017-06-17,819
2017-06-18,816.5
2017-06-18,817
2017-06-18,818
2017-06-18,815
2017-06-19,812.5
2017-06-19,813
2017-06-19,814
2017-06-19,811
2017-06-20,810
2017-06-20,810
2017-06-20,811
2017-06-20,809
2017-06-21,809
2017-06-21,809
2017-06-21,809
2017-06-21,809
2017-06-22,805.5
2017-06-22,806
2017-06-22,807
2017-06-22,804
2017-06-23,803.5
2017-06-23,804
2017-06-23,805
2017-06-23,802
2017-06-24,802.5
2017-06-24,803
2017-06-24,803
2017-06-24,802
2017-06-25,801
2017-06-25,801
2017-06-25,802
2017-06-25,800
2017-06-26,800.5
2017-06-26,801
2017-06-26,801
2017-06-26,800
2017-06-27,798
2017-06-27,798
2017-06-27,798
2017-06-27,798
2017-06-28,797.5
2017-06-28,798
2017-06-28,798
2017-06-28,797
2017-06-29,796.5
2017-06-29,797
2017-06-29,797
2017-06-29,796
2017-06-30,796
2017-06-30,796
2017-06-30,796
2017-06-30,796
2017-07-01,794
2017-07-01,794
2017-07-01,795
2017-07-01,793
2017-07-02,792
2017-07-02,792
2017-07-02,792
2017-07-02,792
2017-07-03,791
2017-07-03,791
2017-07-03,791
2017-07-03,791
2017-07-04,788.5
2017-07-04,789
2017-07-04,789
2017-07-04,788
2017-07-05,787
2017-07-05,787
2017-07-05,788
2017-07-05,786
2017-07-06,782.5
2017-07-06,783
2017-07-06,785
2017-07-06,780
2017-07-07,779.5
2017-07-07,780
2017-07-07,782
2017-07-07,777
2017-07-08,777.5
2017-07-08,778
2017-07-08,778
2017-07-08,777
2017-07-09,774
2017-07-09,774
2017-07-09,775
2017-07-09,773
2017-07-10,770
2017-07-10,770
2017-07-10,771
2017-07-10,769
2017-07-11,767
2017-07-11,767
2017-07-11,768
2017-07-11,766
2017-07-12,765
2017-07-12,765
2017-07-12,766
2017-07-12,764
2017-07-13,763
2017-07-13,763
2017-07-13,764
2017-07-13,762
2017-07-14,760
2017-07-14,760
2017-07-14,760
2017-07-14,760
2017-07-15,758.5
2017-07-15,759
2017-07-15,759
2017-07-15,758
2017-07-16,755.5
2017-07-16,756
2017-07-16,757
2017-07-16,754
2017-07-17,753
2017-07-17,753
2017-07-17,754
2017-07-17,752
2017-07-18,751
2017-07-18,751
2017-07-18,752
2017-07-18,750
2017-07-19,747.5
2017-07-19,748
2017-07-19,749
2017-07-19,746
2017-07-20,744.5
2017-07-20,745
2017-07-20,745
2017-07-20,744
2017-07-21,740.5
2017-07-21,741
2017-07-21,741
2017-07-21,740
2017-07-22,735.5
2017-07-22,736
2017-07-22,737
2017-07-22,734
2017-07-23,730.5
2017-07-23,731
2017-07-23,731
2017-07-23,730
2017-07-24,727.5
2017-07-24,728
2017-07-24,729
2017-07-24,726
2017-07-25,723.5
2017-07-25,724
2017-07-25,724
2017-07-25,723
2017-07-26,721.5
2017-07-26,722
2017-07-26,723
2017-07-26,720
2017-07-27,720
2017-07-27,720
2017-07-27,720
2017-07-27,720
2017-07-28,718
2017-07-28,718
2017-07-28,718
2017-07-28,718
2017-07-29,713
2017-07-29,713
2017-07-29,714
2017-07-29,712
2017-07-30,709
2017-07-30,709
2017-07-30,710
2017-07-30,708
2017-07-31,704
2017-07-31,704
2017-07-31,705
2017-07-31,703
2017-08-01,698.5
2017-08-01,699
2017-08-01,700
2017-08-01,697
2017-08-02,693.5
2017-08-02,694
2017-08-02,695
2017-08-02,692
2017-08-03,687.5
2017-08-03,688
2017-08-03,689
2017-08-03,686
2017-08-04,682
2017-08-04,682
2017-08-04,684
2017-08-04,680
2017-08-05,671
2017-08-05,671
2017-08-05,672
2017-08-05,670
2017-08-06,667
2017-08-06,667
2017-08-06,668
2017-08-06,666
2017-08-07,665
2017-08-07,665
2017-08-07,668
2017-08-07,662
2017-08-08,663
2017-08-08,663
2017-08-08,664
2017-08-08,662
2017-08-09,659
2017-08-09,659
2017-08-09,660
2017-08-09,658
2017-08-10,653.5
2017-08-10,654
2017-08-10,655
2017-08-10,652
2017-08-11,649
2017-08-11,649
2017-08-11,650
2017-08-11,648
2017-08-12,644
2017-08-12,644
2017-08-12,645
2017-08-12,643
2017-08-13,638.5
2017-08-13,639
2017-08-13,641
2017-08-13,636
2017-08-14,632
2017-08-14,632
2017-08-14,634
2017-08-14,630
2017-08-15,626.5
2017-08-15,627
2017-08-15,628
2017-08-15,625
2017-08-16,621
2017-08-16,621
2017-08-16,622
2017-08-16,620
2017-08-17,614
2017-08-17,614
2017-08-17,616
2017-08-17,612
2017-08-18,608
2017-08-18,608
2017-08-18,610
2017-08-18,606
2017-08-19,601.5
2017-08-19,602
2017-08-19,603
2017-08-19,600
2017-08-20,595
2017-08-20,595
2017-08-20,597
2017-08-20,593
2017-08-21,588
2017-08-21,588
2017-08-21,590
2017-08-21,586
2017-08-22,580.5
2017-08-22,581
2017-08-22,583
2017-08-22,578
2017-08-23,576
2017-08-23,576
2017-08-23,577
2017-08-23,575
2017-08-24,572
2017-08-24,572
2017-08-24,573
2017-08-24,571
2017-08-25,566.5
2017-08-25,567
2017-08-25,568
2017-08-25,565
2017-08-26,565
2017-08-26,565
2017-08-26,568
2017-08-26,562
2017-08-27,548
2017-08-27,548
2017-08-27,550
2017-08-27,546
2017-08-28,538.5
2017-08-28,539
2017-08-28,541
2017-08-28,536
2017-08-29,530
2017-08-29,530
2017-08-29,532
2017-08-29,528
2017-08-30,520.5
2017-08-30,521
2017-08-30,523
2017-08-30,518
2017-08-31,510.5
2017-08-31,511
2017-08-31,513
2017-08-31,508
2017-09-01,499
2017-09-01,498.5
2017-09-01,501
2017-09-01,496
2017-09-02,489
2017-09-02,488.5
2017-09-02,491
2017-09-02,486
2017-09-03,477
2017-09-03,476.5
2017-09-03,481
2017-09-03,472
2017-09-04,463
2017-09-04,463
2017-09-04,466
2017-09-04,460
2017-09-05,453
2017-09-05,452.5
2017-09-05,455
2017-09-05,450
2017-09-06,439
2017-09-06,439
2017-09-06,442
2017-09-06,436
2017-09-07,429
2017-09-07,428.5
2017-09-07,431
2017-09-07,426
2017-09-08,419
2017-09-08,419
2017-09-08,422
2017-09-08,416
2017-09-09,409
2017-09-09,408.5
2017-09-09,411
2017-09-09,406
2017-09-10,397
2017-09-10,396.5
2017-09-10,401
2017-09-10,392
2017-09-11,383
2017-09-11,383
2017-09-11,386
2017-09-11,380
2017-09-12,371
2017-09-12,371
2017-09-12,375
2017-09-12,367
2017-09-13,359
2017-09-13,358.5
2017-09-13,363
2017-09-13,354
2017-09-14,346
2017-09-14,346
2017-09-14,349
2017-09-14,343
2017-09-15,331
2017-09-15,330.5
2017-09-15,334
2017-09-15,327
2017-09-16,317
2017-09-16,316.5
2017-09-16,319
2017-09-16,314
2017-09-17,305
2017-09-17,304.5
2017-09-17,309
2017-09-17,300
2017-09-18,292
2017-09-18,292
2017-09-18,294
2017-09-18,290
2017-09-19,283
2017-09-19,282.5
2017-09-19,285
2017-09-19,280
2017-09-20,272
2017-09-20,272
2017-09-20,273
2017-09-20,271
2017-09-21,264
2017-09-21,263.5
2017-09-21,266
2017-09-21,261
2017-09-22,256
2017-09-22,255.5
2017-09-22,257
2017-09-22,254
2017-09-23,246
2017-09-23,246
2017-09-23,249
2017-09-23,243
2017-09-24,236
2017-09-24,236
2017-09-24,239
2017-09-24,233
2017-09-25,225
2017-09-25,224.5
2017-09-25,227
2017-09-25,222
2017-09-26,214
2017-09-26,214
2017-09-26,217
2017-09-26,211
2017-09-27,200
2017-09-27,200
2017-09-27,203
2017-09-27,197
2017-09-28,186
2017-09-28,186
2017-09-28,188
2017-09-28,184
2017-09-29,173
2017-09-29,173
2017-09-29,175
2017-09-29,171
2017-09-30,164
2017-09-30,163.5
2017-09-30,166
2017-09-30,161
2017-10-01,151.5
2017-10-01,152
2017-10-01,154
2017-10-01,149
2017-10-02,142
2017-10-02,142
2017-10-02,144
2017-10-02,140
2017-10-03,135.5
2017-10-03,136
2017-10-03,137
2017-10-03,134
2017-10-04,133.5
2017-10-04,134
2017-10-04,133
2017-10-04,134
2017-10-05,127.5
2017-10-05,128
2017-10-05,129
2017-10-05,126
2017-10-06,129.5
2017-10-06,130
2017-10-06,129
2017-10-06,130
2017-10-07,130.5
2017-10-07,131
2017-10-07,131
2017-10-07,130
2017-10-08,132
2017-10-08,132
2017-10-08,132
2017-10-08,132
2017-10-09,130.5
2017-10-09,131
2017-10-09,131
2017-10-09,130
2017-10-10,127
2017-10-10,127
2017-10-10,129
2017-10-10,125
2017-10-11,125
2017-10-11,125
2017-10-11,126
2017-10-11,124
2017-10-12,122
2017-10-12,122
2017-10-12,123
2017-10-12,121
2017-10-13,111
2017-10-13,121
2017-10-13,111
2017-10-13,111
2017-10-14,119.5
2017-10-14,120
2017-10-14,121
2017-10-14,118
2017-10-15,118
2017-10-15,118
2017-10-15,118
2017-10-15,118
2017-10-16,118.5
2017-10-16,119
2017-10-16,118
2017-10-16,119
2017-10-17,118.5
2017-10-17,119
2017-10-17,118
2017-10-17,119
2017-10-18,119
2017-10-18,119
2017-10-18,118
2017-10-18,120
2017-10-19,122
2017-10-19,122
2017-10-19,120
2017-10-19,124
2017-10-20,125
2017-10-20,125
2017-10-20,126
2017-10-20,124
2017-10-21,124.5
2017-10-21,125
2017-10-21,125
2017-10-21,124
2017-10-22,126
2017-10-22,126
2017-10-22,124
2017-10-22,128
2017-10-23,126.5
2017-10-23,127
2017-10-23,128
2017-10-23,125
2017-10-24,123
2017-10-24,123
2017-10-24,125
2017-10-24,121
2017-10-25,118.5
2017-10-25,119
2017-10-25,120
2017-10-25,117
2017-10-26,115
2017-10-26,115
2017-10-26,116
2017-10-26,114
2017-10-27,112.5
2017-10-27,113
2017-10-27,113
2017-10-27,112
2017-10-28,110.5
2017-10-28,111
2017-10-28,113
2017-10-28,108
2017-10-29,106
2017-10-29,106
2017-10-29,107
2017-10-29,105
2017-10-30,104.5
2017-10-30,105
2017-10-30,106
2017-10-30,103
2017-10-31,104.5
2017-10-31,105
2017-10-31,104
2017-10-31,105
2017-11-01,104
2017-11-01,104
2017-11-01,106
2017-11-01,102
2017-11-02,101
2017-11-02,101
2017-11-02,102
2017-11-02,100
2017-11-03,107
2017-11-03,107
2017-11-03,105
2017-11-03,109
2017-11-04,112.5
2017-11-04,113
2017-11-04,111
2017-11-04,114
2017-11-05,118.5
2017-11-05,119
2017-11-05,116
2017-11-05,121
2017-11-06,124.5
2017-11-06,125
2017-11-06,126
2017-11-06,123
2017-11-07,128
2017-11-07,128
2017-11-07,130
2017-11-07,126
2017-11-08,132
2017-11-08,132
2017-11-08,132
2017-11-08,132
2017-11-09,129.5
2017-11-09,130
2017-11-09,130
2017-11-09,129
2017-11-10,130
2017-11-10,130
2017-11-10,128
2017-11-10,132
2017-11-11,134.5
2017-11-11,135
2017-11-11,133
2017-11-11,136
2017-11-12,137
2017-11-12,137
2017-11-12,137
2017-11-12,137
2017-11-13,138
2017-11-13,138
2017-11-13,137
2017-11-13,139
2017-11-14,140.5
2017-11-14,141
2017-11-14,140
2017-11-14,141
2017-11-15,144
2017-11-15,144
2017-11-15,142
2017-11-15,146
2017-11-16,149.5
2017-11-16,150
2017-11-16,148
2017-11-16,151
2017-11-17,154.5
2017-11-17,155
2017-11-17,154
2017-11-17,155
2017-11-18,158.5
2017-11-18,159
2017-11-18,157
2017-11-18,160
2017-11-19,163
2017-11-19,163
2017-11-19,162
2017-11-19,164
2017-11-20,165
2017-11-20,165
2017-11-20,166
2017-11-20,164
2017-11-21,167.5
2017-11-21,168
2017-11-21,168
2017-11-21,167
2017-11-22,168.5
2017-11-22,169
2017-11-22,169
2017-11-22,168
2017-11-23,170.5
2017-11-23,171
2017-11-23,170
2017-11-23,171
2017-11-24,173.5
2017-11-24,174
2017-11-24,173
2017-11-24,174
2017-11-25,175.5
2017-11-25,176
2017-11-25,176
2017-11-25,175
2017-11-26,175
2017-11-26,175
2017-11-26,176
2017-11-26,174
2017-11-27,178.5
2017-11-27,179
2017-11-27,178
2017-11-27,179
2017-11-28,179
2017-11-28,179
2017-11-28,178
2017-11-28,180
2017-11-29,182
2017-11-29,182
2017-11-29,181
2017-11-29,183
2017-11-30,186
2017-11-30,186
2017-11-30,184
2017-11-30,188
2017-12-01,190
2017-12-01,190
2017-12-01,189
2017-12-01,191
2017-12-02,194
2017-12-02,194
2017-12-02,192
2017-12-02,196
2017-12-03,201
2017-12-03,201
2017-12-03,200
2017-12-03,202
2017-12-04,205
2017-12-04,204.5
2017-12-04,204
2017-12-04,205
2017-12-05,209
2017-12-05,209
2017-12-05,209
2017-12-05,209
2017-12-06,213
2017-12-06,213
2017-12-06,214
2017-12-06,212
2017-12-07,215
2017-12-07,215
2017-12-07,216
2017-12-07,214
2017-12-08,216
2017-12-08,216
2017-12-08,216
2017-12-08,216
2017-12-09,218
2017-12-09,217.5
2017-12-09,218
2017-12-09,217
2017-12-10,218
2017-12-10,218
2017-12-10,219
2017-12-10,217
2017-12-11,218
2017-12-11,217.5
2017-12-11,218
2017-12-11,217
2017-12-12,220
2017-12-12,220
2017-12-12,220
2017-12-12,220
2017-12-13,220
2017-12-13,219.5
2017-12-13,219
2017-12-13,220
2017-12-14,222
2017-12-14,222
2017-12-14,220
2017-12-14,224
2017-12-15,224
2017-12-15,224
2017-12-15,224
2017-12-15,224
2017-12-16,226
2017-12-16,225.5
2017-12-16,225
2017-12-16,226
2017-12-17,228
2017-12-17,227.5
2017-12-17,228
2017-12-17,227
2017-12-18,230
2017-12-18,229.5
2017-12-18,228
2017-12-18,231
2017-12-19,235
2017-12-19,234.5
2017-12-19,234
2017-12-19,235
2017-12-20,237
2017-12-20,236.5
2017-12-20,237
2017-12-20,236
2017-12-21,235
2017-12-21,235
2017-12-21,236
2017-12-21,234
2017-12-22,239
2017-12-22,239
2017-12-22,238
2017-12-22,240
2017-12-23,242
2017-12-23,242
2017-12-23,241
2017-12-23,243
2017-12-24,247
2017-12-24,246.5
2017-12-24,244
2017-12-24,249
2017-12-25,253
2017-12-25,252.5
2017-12-25,251
2017-12-25,254
2017-12-26,255
2017-12-26,254.5
2017-12-26,253
2017-12-26,256
2017-12-27,259
2017-12-27,258.5
2017-12-27,257
2017-12-27,260
2017-12-28,264
2017-12-28,264
2017-12-28,262
2017-12-28,266
2017-12-29,269
2017-12-29,269
2017-12-29,268
2017-12-29,270
2017-12-30,274
2017-12-30,273.5
2017-12-30,272
2017-12-30,275
2017-12-31,280
2017-12-31,279.5
2017-12-31,277
2017-12-31,282
2018-01-01,287
2018-01-01,287
2018-01-01,285
2018-01-01,289
2018-01-02,295
2018-01-02,295
2018-01-02,292
2018-01-02,298
2018-01-03,303.5
2018-01-03,304
2018-01-03,303
2018-01-03,304
2018-01-04,309
2018-01-04,309
2018-01-04,306
2018-01-04,312
2018-01-05,315.5
2018-01-05,316
2018-01-05,319
2018-01-05,312
2018-01-06,323.5
2018-01-06,324
2018-01-06,326
2018-01-06,321
2018-01-07,332.5
2018-01-07,333
2018-01-07,333
2018-01-07,332
2018-01-08,338.5
2018-01-08,339
2018-01-08,335
2018-01-08,342
2018-01-09,344
2018-01-09,344
2018-01-09,344
2018-01-09,344
2018-01-10,345.5
2018-01-10,346
2018-01-10,346
2018-01-10,345
2018-01-11,347.5
2018-01-11,348
2018-01-11,347
2018-01-11,348
2018-01-12,352
2018-01-12,352
2018-01-12,351
2018-01-12,353
2018-01-13,352.5
2018-01-13,353
2018-01-13,353
2018-01-13,352
2018-01-14,354
2018-01-14,354
2018-01-14,354
2018-01-14,354
2018-01-15,357
2018-01-15,357
2018-01-15,355
2018-01-15,359
2018-01-16,363
2018-01-16,363
2018-01-16,362
2018-01-16,364
2018-01-17,368
2018-01-17,368
2018-01-17,367
2018-01-17,369
2018-01-18,374
2018-01-18,374
2018-01-18,372
2018-01-18,376
2018-01-19,379.5
2018-01-19,380
2018-01-19,379
2018-01-19,380
2018-01-20,384
2018-01-20,384
2018-01-20,384
2018-01-20,384
2018-01-21,387
2018-01-21,387
2018-01-21,385
2018-01-21,389
2018-01-22,393.5
2018-01-22,394
2018-01-22,393
2018-01-22,394
2018-01-23,400
2018-01-23,400
2018-01-23,396
2018-01-23,404
2018-01-24,406
2018-01-24,406
2018-01-24,402
2018-01-24,410
2018-01-25,410.5
2018-01-25,411
2018-01-25,407
2018-01-25,414
2018-01-26,413
2018-01-26,413
2018-01-26,412
2018-01-26,414
2018-01-27,415.5
2018-01-27,416
2018-01-27,415
2018-01-27,416
2018-01-28,422
2018-01-28,422
2018-01-28,418
2018-01-28,426
2018-01-29,427
2018-01-29,427
2018-01-29,428
2018-01-29,426
2018-01-30,426.5
2018-01-30,427
2018-01-30,426
2018-01-30,427
2018-01-31,433
2018-01-31,433
2018-01-31,432
2018-01-31,434
2018-02-01,447
2018-02-01,447
2018-02-01,447
2018-02-01,447
2018-02-02,449
2018-02-02,448.5
2018-02-02,447
2018-02-02,450
2018-02-03,457
2018-02-03,456.5
2018-02-03,455
2018-02-03,458
2018-02-04,461
2018-02-04,461
2018-02-04,460
2018-02-04,462
2018-02-05,466
2018-02-05,466
2018-02-05,465
2018-02-05,467
2018-02-06,471
2018-02-06,471
2018-02-06,470
2018-02-06,472
2018-02-07,475
2018-02-07,475
2018-02-07,474
2018-02-07,476
2018-02-08,477
2018-02-08,477
2018-02-08,476
2018-02-08,478
2018-02-09,478
2018-02-09,477.5
2018-02-09,477
2018-02-09,478
2018-02-10,484
2018-02-10,483.5
2018-02-10,484
2018-02-10,483
2018-02-11,484
2018-02-11,484
2018-02-11,484
2018-02-11,484
2018-02-12,491
2018-02-12,491
2018-02-12,492
2018-02-12,490
2018-02-13,494
2018-02-13,494
2018-02-13,492
2018-02-13,496
2018-02-14,500
2018-02-14,499.5
2018-02-14,498
2018-02-14,501
2018-02-15,507
2018-02-15,506.5
2018-02-15,506
2018-02-15,507
2018-02-16,511
2018-02-16,510.5
2018-02-16,509
2018-02-16,512
2018-02-17,517
2018-02-17,516.5
2018-02-17,515
2018-02-17,518
2018-02-18,525
2018-02-18,525
2018-02-18,520
2018-02-18,530
2018-02-19,539
2018-02-19,538.5
2018-02-19,537
2018-02-19,540
2018-02-20,545
2018-02-20,544.5
2018-02-20,543
2018-02-20,546
2018-02-21,555
2018-02-21,554.5
2018-02-21,553
2018-02-21,556
2018-02-22,562
2018-02-22,562
2018-02-22,561
2018-02-22,563
2018-02-23,567
2018-02-23,566.5
2018-02-23,566
2018-02-23,567
2018-02-24,572
2018-02-24,572
2018-02-24,571
2018-02-24,573
2018-02-25,576
2018-02-25,576
2018-02-25,575
2018-02-25,577
2018-02-26,578
2018-02-26,577.5
2018-02-26,578
2018-02-26,577
2018-02-27,580
2018-02-27,580
2018-02-27,578
2018-02-27,582
2018-02-28,584
2018-02-28,583.5
2018-02-28,583
2018-02-28,584
2018-03-01,587
2018-03-01,587
2018-03-01,587
2018-03-01,587
2018-03-02,589
2018-03-02,589
2018-03-02,589
2018-03-02,589
2018-03-03,592
2018-03-03,592
2018-03-03,592
2018-03-03,592
2018-03-04,595
2018-03-04,595
2018-03-04,594
2018-03-04,596
2018-03-05,600
2018-03-05,600
2018-03-05,600
2018-03-05,600
2018-03-06,602
2018-03-06,602
2018-03-06,602
2018-03-06,602
2018-03-07,605.5
2018-03-07,606
2018-03-07,605
2018-03-07,606
2018-03-08,608.5
2018-03-08,609
2018-03-08,608
2018-03-08,609
2018-03-09,610
2018-03-09,610
2018-03-09,610
2018-03-09,610
2018-03-10,612
2018-03-10,612
2018-03-10,612
2018-03-10,612
2018-03-11,612
2018-03-11,612
2018-03-11,612
2018-03-11,612
2018-03-12,611.5
2018-03-12,612
2018-03-12,611
2018-03-12,612
2018-03-13,610
2018-03-13,610
2018-03-13,610
2018-03-13,610
2018-03-14,611
2018-03-14,611
2018-03-14,611
2018-03-14,611
2018-03-15,611
2018-03-15,611
2018-03-15,611
2018-03-15,611
2018-03-16,611.5
2018-03-16,612
2018-03-16,611
2018-03-16,612
2018-03-17,613
2018-03-17,613
2018-03-17,613
2018-03-17,613
2018-03-18,613.5
2018-03-18,614
2018-03-18,613
2018-03-18,614
2018-03-19,614
2018-03-19,614
2018-03-19,614
2018-03-19,614
2018-03-20,615
2018-03-20,615
2018-03-20,615
2018-03-20,615
2018-03-21,615.5
2018-03-21,616
2018-03-21,615
2018-03-21,616
2018-03-22,616
2018-03-22,616
2018-03-22,616
2018-03-22,616
2018-03-23,616
2018-03-23,616
2018-03-23,616
2018-03-23,616
2018-03-24,618.5
2018-03-24,619
2018-03-24,618
2018-03-24,619
2018-03-25,619.5
2018-03-25,620
2018-03-25,619
2018-03-25,620
2018-03-26,620
2018-03-26,620
2018-03-26,620
2018-03-26,620
2018-03-27,621
2018-03-27,621
2018-03-27,621
2018-03-27,621
2018-03-28,621
2018-03-28,621
2018-03-28,621
2018-03-28,621
2018-03-29,621
2018-03-29,621
2018-03-29,621
2018-03-29,621
2018-03-30,623
2018-03-30,623
2018-03-30,623
2018-03-30,623
2018-03-31,624
2018-03-31,624
2018-03-31,624
2018-03-31,624
2018-04-01,627
2018-04-01,627
2018-04-01,626
2018-04-01,628
2018-04-02,635
2018-04-02,635
2018-04-02,634
2018-04-02,636
2018-04-03,641.5
2018-04-03,642
2018-04-03,639
2018-04-03,644
2018-04-04,647
2018-04-04,647
2018-04-04,644
2018-04-04,650
2018-04-05,653
2018-04-05,653
2018-04-05,652
2018-04-05,654
2018-04-06,655.5
2018-04-06,656
2018-04-06,654
2018-04-06,657
2018-04-07,658
2018-04-07,658
2018-04-07,658
2018-04-07,658
2018-04-08,660
2018-04-08,660
2018-04-08,660
2018-04-08,660
2018-04-09,662
2018-04-09,662
2018-04-09,662
2018-04-09,662
2018-04-10,664
2018-04-10,664
2018-04-10,664
2018-04-10,664
2018-04-11,665
2018-04-11,665
2018-04-11,665
2018-04-11,665
2018-04-12,666
2018-04-12,666
2018-04-12,666
2018-04-12,666
2018-04-13,672
2018-04-13,672
2018-04-13,672
2018-04-13,672
2018-04-14,675.5
2018-04-14,676
2018-04-14,675
2018-04-14,676
2018-04-15,678
2018-04-15,678
2018-04-15,678
2018-04-15,678
2018-04-16,682.5
2018-04-16,683
2018-04-16,681
2018-04-16,684
2018-04-17,687.5
2018-04-17,688
2018-04-17,686
2018-04-17,689
2018-04-18,691
2018-04-18,691
2018-04-18,690
2018-04-18,692
2018-04-19,693
2018-04-19,693
2018-04-19,692
2018-04-19,694
2018-04-20,700
2018-04-20,700
2018-04-20,698
2018-04-20,702
2018-04-21,703.5
2018-04-21,704
2018-04-21,702
2018-04-21,705
2018-04-22,705.5
2018-04-22,706
2018-04-22,705
2018-04-22,706
2018-04-23,707
2018-04-23,707
2018-04-23,706
2018-04-23,708
2018-04-24,709.5
2018-04-24,710
2018-04-24,708
2018-04-24,711
2018-04-25,714.5
2018-04-25,715
2018-04-25,712
2018-04-25,717
2018-04-26,720
2018-04-26,720
2018-04-26,720
2018-04-26,720
2018-04-27,723
2018-04-27,723
2018-04-27,723
2018-04-27,723
2018-04-28,725
2018-04-28,725
2018-04-28,724
2018-04-28,726
2018-04-29,727
2018-04-29,727
2018-04-29,726
2018-04-29,728
2018-04-30,729.5
2018-04-30,730
2018-04-30,728
2018-04-30,731
2018-05-01,735
2018-05-01,734.5
2018-05-01,734
2018-05-01,735
2018-05-02,740
2018-05-02,739.5
2018-05-02,738
2018-05-02,741
2018-05-03,746
2018-05-03,745.5
2018-05-03,744
2018-05-03,747
2018-05-04,750
2018-05-04,749.5
2018-05-04,748
2018-05-04,751
2018-05-05,754
2018-05-05,753.5
2018-05-05,752
2018-05-05,755
2018-05-06,757
2018-05-06,757
2018-05-06,756
2018-05-06,758
2018-05-07,759
2018-05-07,759
2018-05-07,758
2018-05-07,760
2018-05-08,761
2018-05-08,760.5
2018-05-08,760
2018-05-08,761
2018-05-09,763
2018-05-09,762.5
2018-05-09,762
2018-05-09,763
2018-05-10,764
2018-05-10,764
2018-05-10,764
2018-05-10,764
2018-05-11,764
2018-05-11,764
2018-05-11,763
2018-05-11,765
2018-05-12,766
2018-05-12,765.5
2018-05-12,765
2018-05-12,766
2018-05-13,768
2018-05-13,767.5
2018-05-13,767
2018-05-13,768
2018-05-14,770
2018-05-14,769.5
2018-05-14,769
2018-05-14,770
2018-05-15,775
2018-05-15,774.5
2018-05-15,773
2018-05-15,776
2018-05-16,778
2018-05-16,778
2018-05-16,778
2018-05-16,778
2018-05-17,782
2018-05-17,781.5
2018-05-17,781
2018-05-17,782
2018-05-18,784
2018-05-18,784
2018-05-18,784
2018-05-18,784
2018-05-19,786
2018-05-19,786
2018-05-19,786
2018-05-19,786
2018-05-20,788
2018-05-20,788
2018-05-20,788
2018-05-20,788
2018-05-21,791
2018-05-21,791
2018-05-21,790
2018-05-21,792
2018-05-22,796
2018-05-22,795.5
2018-05-22,795
2018-05-22,796
2018-05-23,802
2018-05-23,801.5
2018-05-23,801
2018-05-23,802
2018-05-24,801
2018-05-24,804
2018-05-24,804
2018-05-24,804
2018-05-25,801
2018-05-25,805
2018-05-25,805
2018-05-25,805
2018-05-26,801
2018-05-26,804.5
2018-05-26,805
2018-05-26,804
2018-05-27,799
2018-05-27,802.5
2018-05-27,804
2018-05-27,801
2018-05-28,797
2018-05-28,801
2018-05-28,801
2018-05-28,801
2018-05-29,796
2018-05-29,800
2018-05-29,800
2018-05-29,800
2018-05-30,796
2018-05-30,799
2018-05-30,799
2018-05-30,799
2018-05-31,796
2018-05-31,799
2018-05-31,799
2018-05-31,799
2018-06-01,797
2018-06-01,801
2018-06-01,801
2018-06-01,801
2018-06-02,797
2018-06-02,801
2018-06-02,801
2018-06-02,801
2018-06-03,798
2018-06-03,802
2018-06-03,802
2018-06-03,802
2018-06-04,799
2018-06-04,803
2018-06-04,803
2018-06-04,803
2018-06-05,799
2018-06-05,803
2018-06-05,802
2018-06-05,804
2018-06-06,800
2018-06-06,804
2018-06-06,804
2018-06-06,804
2018-06-07,799
2018-06-07,803
2018-06-07,803
2018-06-07,803
2018-06-08,799
2018-06-08,804
2018-06-08,804
2018-06-08,804
2018-06-09,799
2018-06-09,804
2018-06-09,804
2018-06-09,804
2018-06-10,799
2018-06-10,804
2018-06-10,804
2018-06-10,804
2018-06-11,798
2018-06-11,803
2018-06-11,803
2018-06-11,803
2018-06-12,797
2018-06-12,802
2018-06-12,802
2018-06-12,802
2018-06-13,794
2018-06-13,800
2018-06-13,800
2018-06-13,800
2018-06-14,793
2018-06-14,798
2018-06-14,798
2018-06-14,798
2018-06-15,790
2018-06-15,796
2018-06-15,796
2018-06-15,796
2018-06-16,789
2018-06-16,795
2018-06-16,795
2018-06-16,795
2018-06-17,790
2018-06-17,796
2018-06-17,796
2018-06-17,796
2018-06-18,791
2018-06-18,796
2018-06-18,796
2018-06-18,796
2018-06-19,793
2018-06-19,797
2018-06-19,797
2018-06-19,797
2018-06-20,798
2018-06-20,797
2018-06-20,798
2018-06-20,796
2018-06-21,797
2018-06-21,794.5
2018-06-21,795
2018-06-21,794
2018-06-22,796
2018-06-22,791.5
2018-06-22,793
2018-06-22,790
2018-06-23,794
2018-06-23,787
2018-06-23,788
2018-06-23,786
2018-06-24,793
2018-06-24,783
2018-06-24,784
2018-06-24,782
2018-06-25,792
2018-06-25,779.5
2018-06-25,780
2018-06-25,779
2018-06-26,790
2018-06-26,776
2018-06-26,776
2018-06-26,776
2018-06-27,789
2018-06-27,773.5
2018-06-27,774
2018-06-27,773
2018-06-28,787
2018-06-28,771.5
2018-06-28,772
2018-06-28,771
2018-06-29,785
2018-06-29,768.5
2018-06-29,770
2018-06-29,767
2018-06-30,783
2018-06-30,764.5
2018-06-30,765
2018-06-30,764
2018-07-01,782
2018-07-01,761
2018-07-01,762
2018-07-01,760
2018-07-02,780
2018-07-02,757.5
2018-07-02,758
2018-07-02,757
2018-07-03,778
2018-07-03,755.5
2018-07-03,756
2018-07-03,755
2018-07-04,776
2018-07-04,753.5
2018-07-04,754
2018-07-04,753
2018-07-05,773
2018-07-05,752
2018-07-05,752
2018-07-05,752
2018-07-06,771
2018-07-06,751
2018-07-06,751
2018-07-06,751
2018-07-07,769
2018-07-07,751
2018-07-07,751
2018-07-07,751
2018-07-08,767
2018-07-08,750
2018-07-08,750
2018-07-08,750
2018-07-09,765
2018-07-09,750
2018-07-09,750
2018-07-09,750
2018-07-10,763
2018-07-10,749
2018-07-10,749
2018-07-10,749
2018-07-11,761
2018-07-11,749
2018-07-11,749
2018-07-11,749
2018-07-12,761
2018-07-12,748
2018-07-12,748
2018-07-12,748
2018-07-13,761
2018-07-13,746.5
2018-07-13,747
2018-07-13,746
2018-07-14,761
2018-07-14,743
2018-07-14,744
2018-07-14,742
2018-07-15,760
2018-07-15,740
2018-07-15,740
2018-07-15,740
2018-07-16,759
2018-07-16,738.5
2018-07-16,738
2018-07-16,739
2018-07-17,758
2018-07-17,737.5
2018-07-17,738
2018-07-17,737
2018-07-18,757
2018-07-18,736.5
2018-07-18,737
2018-07-18,736
2018-07-19,754
2018-07-19,735
2018-07-19,736
2018-07-19,734
2018-07-20,751
2018-07-20,734
2018-07-20,734
2018-07-20,734
2018-07-21,748
2018-07-21,733
2018-07-21,733
2018-07-21,733
2018-07-22,744
2018-07-22,732.5
2018-07-22,733
2018-07-22,732
2018-07-23,740
2018-07-23,730.5
2018-07-23,731
2018-07-23,730
2018-07-24,735
2018-07-24,728.5
2018-07-24,729
2018-07-24,728
2018-07-25,732
2018-07-25,725.5
2018-07-25,726
2018-07-25,725
2018-07-26,729
2018-07-26,723
2018-07-26,723
2018-07-26,723
2018-07-27,727
2018-07-27,721.5
2018-07-27,722
2018-07-27,721
2018-07-28,725
2018-07-28,720
2018-07-28,720
2018-07-28,720
2018-07-29,723
2018-07-29,717.5
2018-07-29,718
2018-07-29,717
2018-07-30,721
2018-07-30,715
2018-07-30,716
2018-07-30,714
2018-07-31,718
2018-07-31,712.5
2018-07-31,713
2018-07-31,712
2018-08-01,709
2018-08-01,716
2018-08-01,710
2018-08-01,708
2018-08-02,705
2018-08-02,714
2018-08-02,706
2018-08-02,704
2018-08-03,702.5
2018-08-03,711
2018-08-03,703
2018-08-03,702
2018-08-04,699.5
2018-08-04,708
2018-08-04,701
2018-08-04,698
2018-08-05,691
2018-08-05,705
2018-08-05,692
2018-08-05,690
2018-08-06,687
2018-08-06,700
2018-08-06,688
2018-08-06,686
2018-08-07,681
2018-08-07,695
2018-08-07,683
2018-08-07,679
2018-08-08,675.5
2018-08-08,690
2018-08-08,676
2018-08-08,675
2018-08-09,673
2018-08-09,684
2018-08-09,673
2018-08-09,673
2018-08-10,668.5
2018-08-10,679
2018-08-10,669
2018-08-10,668
2018-08-11,665
2018-08-11,674
2018-08-11,666
2018-08-11,664
2018-08-12,661
2018-08-12,670
2018-08-12,662
2018-08-12,660
2018-08-13,657
2018-08-13,666
2018-08-13,658
2018-08-13,656
2018-08-14,653
2018-08-14,662
2018-08-14,654
2018-08-14,652
2018-08-15,649
2018-08-15,658
2018-08-15,650
2018-08-15,648
2018-08-16,645
2018-08-16,655
2018-08-16,646
2018-08-16,644
2018-08-17,640
2018-08-17,651
2018-08-17,642
2018-08-17,638
2018-08-18,634
2018-08-18,648
2018-08-18,636
2018-08-18,632
2018-08-19,629
2018-08-19,642
2018-08-19,630
2018-08-19,628
2018-08-20,624
2018-08-20,637
2018-08-20,626
2018-08-20,622
2018-08-21,618
2018-08-21,632
2018-08-21,620
2018-08-21,616
2018-08-22,613
2018-08-22,626
2018-08-22,614
2018-08-22,612
2018-08-23,608
2018-08-23,621
2018-08-23,610
2018-08-23,606
2018-08-24,603.5
2018-08-24,615
2018-08-24,605
2018-08-24,602
2018-08-25,599
2018-08-25,609
2018-08-25,600
2018-08-25,598
2018-08-26,594
2018-08-26,604
2018-08-26,596
2018-08-26,592
2018-08-27,589
2018-08-27,600
2018-08-27,590
2018-08-27,588
2018-08-28,585
2018-08-28,596
2018-08-28,586
2018-08-28,584
2018-08-29,580
2018-08-29,592
2018-08-29,582
2018-08-29,578
2018-08-30,574.5
2018-08-30,588
2018-08-30,575
2018-08-30,574
2018-08-31,568
2018-08-31,583
2018-08-31,565
2018-08-31,571
2018-09-01,563.5
2018-09-01,577
2018-09-01,565
2018-09-01,562
2018-09-02,561
2018-09-02,572
2018-09-02,560
2018-09-02,562
2018-09-03,555
2018-09-03,566
2018-09-03,554
2018-09-03,556
2018-09-04,551
2018-09-04,561
2018-09-04,550
2018-09-04,552
2018-09-05,545
2018-09-05,555
2018-09-05,545
2018-09-05,545
2018-09-06,541
2018-09-06,550
2018-09-06,540
2018-09-06,542
2018-09-07,537
2018-09-07,545
2018-09-07,536
2018-09-07,538
2018-09-08,533.5
2018-09-08,540
2018-09-08,533
2018-09-08,534
2018-09-09,531
2018-09-09,537
2018-09-09,530
2018-09-09,532
2018-09-10,530
2018-09-10,534
2018-09-10,530
2018-09-10,530
2018-09-11,529.5
2018-09-11,530
2018-09-11,529
2018-09-11,530
2018-09-12,528
2018-09-12,528
2018-09-12,528
2018-09-12,528
2018-09-13,526
2018-09-13,526
2018-09-13,526
2018-09-13,526
2018-09-14,525
2018-09-14,523
2018-09-14,526
2018-09-14,524
2018-09-15,522.5
2018-09-15,519
2018-09-15,523
2018-09-15,522
2018-09-16,518.5
2018-09-16,514
2018-09-16,520
2018-09-16,517
2018-09-17,512
2018-09-17,508
2018-09-17,514
2018-09-17,510
2018-09-18,504.5
2018-09-18,500
2018-09-18,507
2018-09-18,502
2018-09-19,495.5
2018-09-19,495
2018-09-19,497
2018-09-19,494
2018-09-20,489
2018-09-20,486
2018-09-20,490
2018-09-20,488
2018-09-21,484
2018-09-21,477
2018-09-21,486
2018-09-21,482
2018-09-22,476
2018-09-22,468
2018-09-22,478
2018-09-22,474
2018-09-23,466
2018-09-23,460
2018-09-23,468
2018-09-23,464
2018-09-24,452.5
2018-09-24,453
2018-09-24,454
2018-09-24,451
2018-09-25,446
2018-09-25,446
2018-09-25,448
2018-09-25,444
2018-09-26,441
2018-09-26,438
2018-09-26,442
2018-09-26,440
2018-09-27,438
2018-09-27,431
2018-09-27,438
2018-09-27,438
2018-09-28,435
2018-09-28,425
2018-09-28,436
2018-09-28,434
2018-09-29,431
2018-09-29,417
2018-09-29,432
2018-09-29,430
2018-09-30,426
2018-09-30,410
2018-09-30,428
2018-09-30,424
2018-10-01,402
2018-10-01,407.5
2018-10-01,410
2018-10-01,405
2018-10-02,393
2018-10-02,397
2018-10-02,398
2018-10-02,396
2018-10-03,383
2018-10-03,390
2018-10-03,392
2018-10-03,388
2018-10-04,372
2018-10-04,378.5
2018-10-04,380
2018-10-04,377
2018-10-05,362
2018-10-05,369.5
2018-10-05,372
2018-10-05,367
2018-10-06,351
2018-10-06,358
2018-10-06,360
2018-10-06,356
2018-10-07,340
2018-10-07,348
2018-10-07,352
2018-10-07,344
2018-10-08,330
2018-10-08,333
2018-10-08,330
2018-10-08,336
2018-10-09,320
2018-10-09,323
2018-10-09,326
2018-10-09,320
2018-10-10,310
2018-10-10,323
2018-10-10,326
2018-10-10,320
2018-10-11,300
2018-10-11,300
2018-10-11,306
2018-10-11,294
2018-10-12,290
2018-10-12,291
2018-10-12,292
2018-10-12,290
2018-10-13,278
2018-10-13,283.5
2018-10-13,287
2018-10-13,280
2018-10-14,266
2018-10-14,270
2018-10-14,276
2018-10-14,264
2018-10-15,251
2018-10-15,256
2018-10-15,258
2018-10-15,254
2018-10-16,234
2018-10-16,237.5
2018-10-16,241
2018-10-16,234
2018-10-17,218
2018-10-17,219.5
2018-10-17,223
2018-10-17,216
2018-10-18,201
2018-10-18,204.5
2018-10-18,208
2018-10-18,201
2018-10-19,187
2018-10-19,190
2018-10-19,193
2018-10-19,187
2018-10-20,177
2018-10-20,179.5
2018-10-20,183
2018-10-20,176
2018-10-21,166
2018-10-21,169
2018-10-21,171
2018-10-21,167
2018-10-22,155
2018-10-22,159.5
2018-10-22,161
2018-10-22,158
2018-10-23,148
2018-10-23,146.5
2018-10-23,151
2018-10-23,142
2018-10-24,142
2018-10-24,142
2018-10-24,142
2018-10-24,142
2018-10-25,135
2018-10-25,141
2018-10-25,142
2018-10-25,140
2018-10-26,125
2018-10-26,137.5
2018-10-26,140
2018-10-26,135
2018-10-27,121
2018-10-27,133.5
2018-10-27,137
2018-10-27,130
2018-10-28,118
2018-10-28,128.5
2018-10-28,131
2018-10-28,126
2018-10-29,112
2018-10-29,123
2018-10-29,125
2018-10-29,121
2018-10-30,107
2018-10-30,117
2018-10-30,118
2018-10-30,116
2018-10-31,102
2018-10-31,112
2018-10-31,114
2018-10-31,110
2018-11-01,107
2018-11-01,97
2018-11-01,108
2018-11-01,106
2018-11-02,101.5
2018-11-02,91
2018-11-02,102
2018-11-02,101
2018-11-03,99
2018-11-03,89
2018-11-03,100
2018-11-03,98
2018-11-04,98
2018-11-04,88
2018-11-04,97
2018-11-04,99
2018-11-05,99
2018-11-05,88
2018-11-05,99
2018-11-05,99
2018-11-06,100
2018-11-06,88
2018-11-06,99
2018-11-06,101
2018-11-07,103.5
2018-11-07,90
2018-11-07,103
2018-11-07,104
2018-11-08,108.5
2018-11-08,94
2018-11-08,108
2018-11-08,109
2018-11-09,111
2018-11-09,98
2018-11-09,112
2018-11-09,110
2018-11-10,110
2018-11-10,99
2018-11-10,112
2018-11-10,108
2018-11-11,110
2018-11-11,97
2018-11-11,113
2018-11-11,107
2018-11-12,105
2018-11-12,96
2018-11-12,107
2018-11-12,103
2018-11-13,103
2018-11-13,94
2018-11-13,104
2018-11-13,102
2018-11-14,101
2018-11-14,92
2018-11-14,102
2018-11-14,100
2018-11-15,100.5
2018-11-15,90
2018-11-15,101
2018-11-15,100
2018-11-16,97
2018-11-16,89
2018-11-16,98
2018-11-16,96
2018-11-17,96
2018-11-17,97
2018-11-17,96
2018-11-17,96
2018-11-18,98
2018-11-18,97
2018-11-18,98
2018-11-18,98
2018-11-19,103
2018-11-19,98
2018-11-19,102
2018-11-19,104
2018-11-20,106
2018-11-20,101
2018-11-20,104
2018-11-20,108
2018-11-21,112
2018-11-21,107
2018-11-21,110
2018-11-21,114
2018-11-22,120.5
2018-11-22,115
2018-11-22,118
2018-11-22,123
2018-11-23,129
2018-11-23,121
2018-11-23,128
2018-11-23,130
2018-11-24,135.5
2018-11-24,128
2018-11-24,133
2018-11-24,138
2018-11-25,142.5
2018-11-25,135
2018-11-25,142
2018-11-25,143
2018-11-26,145
2018-11-26,140
2018-11-26,146
2018-11-26,144
2018-11-27,156
2018-11-27,149
2018-11-27,156
2018-11-27,156
2018-11-28,159
2018-11-28,154
2018-11-28,158
2018-11-28,160
2018-11-29,163
2018-11-29,157
2018-11-29,163
2018-11-29,163
2018-11-30,169
2018-11-30,164
2018-11-30,168
2018-11-30,170
2018-12-01,173
2018-12-01,163
2018-12-01,172
2018-12-01,174
2018-12-02,179
2018-12-02,179
2018-12-02,178
2018-12-02,180
2018-12-03,185
2018-12-03,185
2018-12-03,182
2018-12-03,188
2018-12-04,195
2018-12-04,195
2018-12-04,192
2018-12-04,198
2018-12-05,206.5
2018-12-05,207
2018-12-05,204
2018-12-05,209
2018-12-06,216.5
2018-12-06,217
2018-12-06,215
2018-12-06,218
2018-12-07,226
2018-12-07,226
2018-12-07,224
2018-12-07,228
2018-12-08,236
2018-12-08,236
2018-12-08,232
2018-12-08,240
2018-12-09,246
2018-12-09,246
2018-12-09,244
2018-12-09,248
2018-12-10,258
2018-12-10,258
2018-12-10,254
2018-12-10,262
2018-12-11,273
2018-12-11,273
2018-12-11,272
2018-12-11,274
2018-12-12,290.5
2018-12-12,291
2018-12-12,284
2018-12-12,297
2018-12-13,295
2018-12-13,295
2018-12-13,294
2018-12-13,296
2018-12-14,305.5
2018-12-14,306
2018-12-14,303
2018-12-14,308
2018-12-15,314
2018-12-15,314
2018-12-15,312
2018-12-15,316
2018-12-16,323
2018-12-16,323
2018-12-16,320
2018-12-16,326
2018-12-17,326
2018-12-17,326
2018-12-17,328
2018-12-17,324
2018-12-18,337
2018-12-18,337
2018-12-18,336
2018-12-18,338
2018-12-19,344
2018-12-19,344
2018-12-19,342
2018-12-19,346
2018-12-20,353
2018-12-20,353
2018-12-20,350
2018-12-20,356
2018-12-21,362
2018-12-21,362
2018-12-21,360
2018-12-21,364
2018-12-22,372.5
2018-12-22,373
2018-12-22,371
2018-12-22,374
2018-12-23,381
2018-12-23,381
2018-12-23,379
2018-12-23,383
2018-12-24,386
2018-12-24,386
2018-12-24,383
2018-12-24,389
2018-12-25,395.5
2018-12-25,396
2018-12-25,394
2018-12-25,397
2018-12-26,403
2018-12-26,403
2018-12-26,400
2018-12-26,406
2018-12-27,406.5
2018-12-27,407
2018-12-27,405
2018-12-27,408
2018-12-28,411
2018-12-28,411
2018-12-28,410
2018-12-28,412
2018-12-29,415.5
2018-12-29,416
2018-12-29,414
2018-12-29,417
2018-12-30,420.5
2018-12-30,421
2018-12-30,420
2018-12-30,421
2018-12-31,424.5
2018-12-31,425
2018-12-31,424
2018-12-31,425
2019-01-01,427.5
2019-01-01,428
2019-01-01,427
2019-01-01,428
2019-01-02,430
2019-01-02,430
2019-01-02,430
2019-01-02,430
2019-01-03,432
2019-01-03,432
2019-01-03,432
2019-01-03,432
2019-01-04,435.5
2019-01-04,436
2019-01-04,435
2019-01-04,436
2019-01-05,439
2019-01-05,439
2019-01-05,438
2019-01-05,440
2019-01-06,440.5
2019-01-06,441
2019-01-06,441
2019-01-06,440
2019-01-07,449
2019-01-07,449
2019-01-07,448
2019-01-07,450
2019-01-08,453.5
2019-01-08,454
2019-01-08,453
2019-01-08,454
2019-01-09,458.5
2019-01-09,459
2019-01-09,457
2019-01-09,460
2019-01-10,470
2019-01-10,470
2019-01-10,467
2019-01-10,473
2019-01-11,477.5
2019-01-11,478
2019-01-11,477
2019-01-11,478
2019-01-12,483
2019-01-12,483
2019-01-12,482
2019-01-12,484
2019-01-13,484
2019-01-13,484
2019-01-13,484
2019-01-13,484
2019-01-14,490.5
2019-01-14,491
2019-01-14,490
2019-01-14,491
2019-01-15,492.5
2019-01-15,493
2019-01-15,492
2019-01-15,493
2019-01-16,495.5
2019-01-16,496
2019-01-16,492
2019-01-16,499
2019-01-17,496
2019-01-17,496
2019-01-17,494
2019-01-17,498
2019-01-18,497.5
2019-01-18,498
2019-01-18,497
2019-01-18,498
2019-01-19,502
2019-01-19,502
2019-01-19,500
2019-01-19,504
2019-01-20,508.5
2019-01-20,509
2019-01-20,507
2019-01-20,510
2019-01-21,515.5
2019-01-21,516
2019-01-21,514
2019-01-21,517
2019-01-22,522
2019-01-22,522
2019-01-22,520
2019-01-22,524
2019-01-23,527
2019-01-23,527
2019-01-23,526
2019-01-23,528
2019-01-24,533.5
2019-01-24,534
2019-01-24,532
2019-01-24,535
2019-01-25,539.5
2019-01-25,540
2019-01-25,539
2019-01-25,540
2019-01-26,541.5
2019-01-26,542
2019-01-26,541
2019-01-26,542
2019-01-27,545
2019-01-27,545
2019-01-27,544
2019-01-27,546
2019-01-28,548.5
2019-01-28,549
2019-01-28,548
2019-01-28,549
2019-01-29,550
2019-01-29,550
2019-01-29,550
2019-01-29,550
2019-01-30,552
2019-01-30,552
2019-01-30,552
2019-01-30,552
2019-01-31,552.5
2019-01-31,553
2019-01-31,553
2019-01-31,552
2019-02-01,552.5
2019-02-01,553
2019-02-01,553
2019-02-01,552
2019-02-02,552.5
2019-02-02,553
2019-02-02,553
2019-02-02,552
2019-02-03,553.5
2019-02-03,554
2019-02-03,553
2019-02-03,554
2019-02-04,556.5
2019-02-04,557
2019-02-04,556
2019-02-04,557
2019-02-05,560
2019-02-05,560
2019-02-05,560
2019-02-05,560
2019-02-06,561
2019-02-06,561
2019-02-06,561
2019-02-06,561
2019-02-07,565
2019-02-07,565
2019-02-07,563
2019-02-07,567
2019-02-08,571
2019-02-08,571
2019-02-08,570
2019-02-08,572
2019-02-09,578.5
2019-02-09,579
2019-02-09,577
2019-02-09,580
2019-02-10,586.5
2019-02-10,587
2019-02-10,585
2019-02-10,588
2019-02-11,590.5
2019-02-11,591
2019-02-11,590
2019-02-11,591
2019-02-12,594.5
2019-02-12,595
2019-02-12,593
2019-02-12,596
2019-02-13,600.5
2019-02-13,601
2019-02-13,600
2019-02-13,601
2019-02-14,606
2019-02-14,606
2019-02-14,603
2019-02-14,609
2019-02-15,609
2019-02-15,609
2019-02-15,608
2019-02-15,610
2019-02-16,611
2019-02-16,611
2019-02-16,611
2019-02-16,611
2019-02-17,612
2019-02-17,612
2019-02-17,612
2019-02-17,612
2019-02-18,613.5
2019-02-18,614
2019-02-18,612
2019-02-18,615
2019-02-19,619
2019-02-19,619
2019-02-19,618
2019-02-19,620
2019-02-20,621.5
2019-02-20,622
2019-02-20,621
2019-02-20,622
2019-02-21,627.5
2019-02-21,628
2019-02-21,627
2019-02-21,628
2019-02-22,638
2019-02-22,638
2019-02-22,636
2019-02-22,640
2019-02-23,643.5
2019-02-23,644
2019-02-23,643
2019-02-23,644
2019-02-24,648
2019-02-24,648
2019-02-24,646
2019-02-24,650
2019-02-25,654
2019-02-25,654
2019-02-25,652
2019-02-25,656
2019-02-26,661
2019-02-26,661
2019-02-26,660
2019-02-26,662
2019-02-27,664
2019-02-27,664
2019-02-27,664
2019-02-27,664
2019-02-28,665
2019-02-28,665
2019-02-28,665
2019-02-28,665
2019-03-01,666.5
2019-03-01,667
2019-03-01,666
2019-03-01,667
2019-03-02,668
2019-03-02,668
2019-03-02,668
2019-03-02,668
2019-03-03,671.5
2019-03-03,672
2019-03-03,669
2019-03-03,674
2019-03-04,676.5
2019-03-04,677
2019-03-04,676
2019-03-04,677
2019-03-05,680.5
2019-03-05,681
2019-03-05,682
2019-03-05,679
2019-03-06,673.5
2019-03-06,674
2019-03-06,673
2019-03-06,674
2019-03-07,674
2019-03-07,674
2019-03-07,674
2019-03-07,674
2019-03-08,676.5
2019-03-08,677
2019-03-08,676
2019-03-08,677
2019-03-09,679.5
2019-03-09,680
2019-03-09,680
2019-03-09,679
2019-03-10,685.5
2019-03-10,686
2019-03-10,685
2019-03-10,686
2019-03-11,692.5
2019-03-11,693
2019-03-11,690
2019-03-11,695
2019-03-12,699
2019-03-12,699
2019-03-12,698
2019-03-12,700
2019-03-13,701
2019-03-13,701
2019-03-13,700
2019-03-13,702
2019-03-14,702
2019-03-14,702
2019-03-14,702
2019-03-14,702
2019-03-15,702.5
2019-03-15,703
2019-03-15,702
2019-03-15,703
2019-03-16,704
2019-03-16,704
2019-03-16,703
2019-03-16,705
2019-03-17,705.5
2019-03-17,706
2019-03-17,705
2019-03-17,706
2019-03-18,706
2019-03-18,706
2019-03-18,706
2019-03-18,706
2019-03-19,706
2019-03-19,706
2019-03-19,706
2019-03-19,706
2019-03-20,708
2019-03-20,708
2019-03-20,707
2019-03-20,709
2019-03-21,712.5
2019-03-21,713
2019-03-21,712
2019-03-21,713
2019-03-22,714.5
2019-03-22,715
2019-03-22,714
2019-03-22,715
2019-03-23,716.5
2019-03-23,717
2019-03-23,716
2019-03-23,717
2019-03-24,718
2019-03-24,718
2019-03-24,718
2019-03-24,718
2019-03-25,720
2019-03-25,720
2019-03-25,720
2019-03-25,720
2019-03-26,725
2019-03-26,725
2019-03-26,724
2019-03-26,726
2019-03-27,727
2019-03-27,727
2019-03-27,726
2019-03-27,728
2019-03-28,728
2019-03-28,728
2019-03-28,728
2019-03-28,728
2019-03-29,732
2019-03-29,732
2019-03-29,730
2019-03-29,734
2019-03-30,737
2019-03-30,737
2019-03-30,736
2019-03-30,738
2019-03-31,738
2019-03-31,738
2019-03-31,738
2019-03-31,738
2019-04-01,738
2019-04-01,738
2019-04-01,738
2019-04-01,738
2019-04-02,738.5
2019-04-02,739
2019-04-02,738
2019-04-02,739
2019-04-03,738
2019-04-03,738
2019-04-03,738
2019-04-03,738
2019-04-04,738.5
2019-04-04,739
2019-04-04,738
2019-04-04,739
2019-04-05,740
2019-04-05,740
2019-04-05,740
2019-04-05,740
2019-04-06,741
2019-04-06,741
2019-04-06,741
2019-04-06,741
2019-04-07,744
2019-04-07,744
2019-04-07,743
2019-04-07,745
2019-04-08,748.5
2019-04-08,749
2019-04-08,748
2019-04-08,749
2019-04-09,757.5
2019-04-09,758
2019-04-09,754
2019-04-09,761
2019-04-10,764.5
2019-04-10,765
2019-04-10,763
2019-04-10,766
2019-04-11,769
2019-04-11,769
2019-04-11,769
2019-04-11,769
2019-04-12,771
2019-04-12,771
2019-04-12,770
2019-04-12,772
2019-04-13,774
2019-04-13,774
2019-04-13,774
2019-04-13,774
2019-04-14,774.5
2019-04-14,775
2019-04-14,774
2019-04-14,775
2019-04-15,776
2019-04-15,776
2019-04-15,776
2019-04-15,776
2019-04-16,778.5
2019-04-16,779
2019-04-16,777
2019-04-16,780
2019-04-17,781.5
2019-04-17,782
2019-04-17,781
2019-04-17,782
2019-04-18,786.5
2019-04-18,787
2019-04-18,785
2019-04-18,788
2019-04-19,789
2019-04-19,789
2019-04-19,787
2019-04-19,791
2019-04-20,793
2019-04-20,793
2019-04-20,789
2019-04-20,797
2019-04-21,796.5
2019-04-21,797
2019-04-21,792
2019-04-21,801
2019-04-22,801.5
2019-04-22,802
2019-04-22,797
2019-04-22,806
2019-04-23,807
2019-04-23,807
2019-04-23,804
2019-04-23,810
2019-04-24,811.5
2019-04-24,812
2019-04-24,810
2019-04-24,813
2019-04-25,813
2019-04-25,813
2019-04-25,813
2019-04-25,813
2019-04-26,814.5
2019-04-26,815
2019-04-26,814
2019-04-26,815
2019-04-27,816
2019-04-27,816
2019-04-27,816
2019-04-27,816
2019-04-28,817.5
2019-04-28,818
2019-04-28,816
2019-04-28,819
2019-04-29,820
2019-04-29,820
2019-04-29,820
2019-04-29,820
2019-04-30,820
2019-04-30,820
2019-04-30,820
2019-04-30,820
2019-05-01,821
2019-05-01,820.5
2019-05-01,820
2019-05-01,821
2019-05-02,823
2019-05-02,822.5
2019-05-02,823
2019-05-02,822
2019-05-03,825
2019-05-03,825
2019-05-03,825
2019-05-03,825
2019-05-04,826
2019-05-04,826
2019-05-04,826
2019-05-04,826
2019-05-05,826
2019-05-05,826
2019-05-05,826
2019-05-05,826
2019-05-06,826
2019-05-06,826
2019-05-06,826
2019-05-06,826
2019-05-07,827
2019-05-07,827
2019-05-07,827
2019-05-07,827
2019-05-08,827
2019-05-08,827
2019-05-08,827
2019-05-08,827
2019-05-09,829
2019-05-09,829
2019-05-09,829
2019-05-09,829
2019-05-10,831
2019-05-10,830.5
2019-05-10,830
2019-05-10,831
2019-05-11,834
2019-05-11,833.5
2019-05-11,833
2019-05-11,834
2019-05-12,838
2019-05-12,838
2019-05-12,838
2019-05-12,838
2019-05-13,841
2019-05-13,840.5
2019-05-13,840
2019-05-13,841
2019-05-14,843
2019-05-14,842.5
2019-05-14,842
2019-05-14,843
2019-05-15,847
2019-05-15,847
2019-05-15,846
2019-05-15,848
2019-05-16,848
2019-05-16,848
2019-05-16,848
2019-05-16,848
2019-05-17,852
2019-05-17,851.5
2019-05-17,851
2019-05-17,852
2019-05-18,853
2019-05-18,853
2019-05-18,853
2019-05-18,853
2019-05-19,855
2019-05-19,855
2019-05-19,854
2019-05-19,856
2019-05-20,861
2019-05-20,861
2019-05-20,858
2019-05-20,864
2019-05-21,866
2019-05-21,865.5
2019-05-21,861
2019-05-21,870
2019-05-22,870
2019-05-22,869.5
2019-05-22,866
2019-05-22,873
2019-05-23,874
2019-05-23,873.5
2019-05-23,872
2019-05-23,875
2019-05-24,876
2019-05-24,875.5
2019-05-24,874
2019-05-24,877
2019-05-25,877
2019-05-25,876.5
2019-05-25,876
2019-05-25,877
2019-05-26,877
2019-05-26,877
2019-05-26,877
2019-05-26,877
2019-05-27,877
2019-05-27,877
2019-05-27,877
2019-05-27,877
2019-05-28,877
2019-05-28,877
2019-05-28,877
2019-05-28,877
2019-05-29,876
2019-05-29,876
2019-05-29,876
2019-05-29,876
2019-05-30,876
2019-05-30,876
2019-05-30,876
2019-05-30,876
2019-05-31,876
2019-05-31,876
2019-05-31,876
2019-05-31,876
2019-06-01,877
2019-06-01,877
2019-06-01,877
2019-06-01,877
2019-06-02,878
2019-06-02,878
2019-06-02,878
2019-06-02,878
2019-06-03,878
2019-06-03,878
2019-06-03,878
2019-06-03,878
2019-06-04,878
2019-06-04,878
2019-06-04,878
2019-06-04,878
2019-06-05,878
2019-06-05,878
2019-06-05,878
2019-06-05,878
2019-06-06,878
2019-06-06,878
2019-06-06,878
2019-06-06,878
2019-06-07,878
2019-06-07,878
2019-06-07,878
2019-06-07,878
2019-06-08,880
2019-06-08,880
2019-06-08,880
2019-06-08,880
2019-06-09,880
2019-06-09,880
2019-06-09,880
2019-06-09,880
2019-06-10,879
2019-06-10,879
2019-06-10,879
2019-06-10,879
2019-06-11,878
2019-06-11,878
2019-06-11,878
2019-06-11,878
2019-06-12,879
2019-06-12,879
2019-06-12,879
2019-06-12,879
2019-06-13,879
2019-06-13,879
2019-06-13,879
2019-06-13,879
2019-06-14,879
2019-06-14,879
2019-06-14,879
2019-06-14,879
2019-06-15,879
2019-06-15,878.5
2019-06-15,879
2019-06-15,878
2019-06-16,878
2019-06-16,878
2019-06-16,878
2019-06-16,878
2019-06-17,879
2019-06-17,878.5
2019-06-17,879
2019-06-17,878
2019-06-18,878
2019-06-18,878
2019-06-18,878
2019-06-18,878
2019-06-19,878
2019-06-19,877.5
2019-06-19,878
2019-06-19,877
2019-06-20,877
2019-06-20,876.5
2019-06-20,877
2019-06-20,876
2019-06-21,876
2019-06-21,876
2019-06-21,876
2019-06-21,876
2019-06-22,875
2019-06-22,874.5
2019-06-22,875
2019-06-22,874
2019-06-23,871
2019-06-23,871
2019-06-23,872
2019-06-23,870
2019-06-24,869
2019-06-24,868.5
2019-06-24,869
2019-06-24,868
2019-06-25,867
2019-06-25,866.5
2019-06-25,867
2019-06-25,866
2019-06-26,865
2019-06-26,864.5
2019-06-26,865
2019-06-26,864
2019-06-27,861
2019-06-27,861
2019-06-27,862
2019-06-27,860
2019-06-28,859
2019-06-28,858.5
2019-06-28,859
2019-06-28,858
2019-06-29,857
2019-06-29,856.5
2019-06-29,857
2019-06-29,856
2019-06-30,854
2019-06-30,853.5
2019-06-30,854
2019-06-30,853
2019-07-01,851.5
2019-07-01,852
2019-07-01,852
2019-07-01,851
2019-07-02,849.5
2019-07-02,850
2019-07-02,850
2019-07-02,849
2019-07-03,848.5
2019-07-03,849
2019-07-03,849
2019-07-03,848
2019-07-04,845
2019-07-04,845
2019-07-04,846
2019-07-04,844
2019-07-05,844
2019-07-05,844
2019-07-05,844
2019-07-05,844
2019-07-06,842.5
2019-07-06,843
2019-07-06,842
2019-07-06,843
2019-07-07,842
2019-07-07,842
2019-07-07,842
2019-07-07,842
2019-07-08,841.5
2019-07-08,842
2019-07-08,842
2019-07-08,841
2019-07-09,839.5
2019-07-09,840
2019-07-09,840
2019-07-09,839
2019-07-10,840
2019-07-10,840
2019-07-10,840
2019-07-10,840
2019-07-11,837
2019-07-11,837
2019-07-11,838
2019-07-11,836
2019-07-12,834
2019-07-12,834
2019-07-12,835
2019-07-12,833
2019-07-13,831
2019-07-13,831
2019-07-13,832
2019-07-13,830
2019-07-14,828
2019-07-14,828
2019-07-14,829
2019-07-14,827
2019-07-15,825
2019-07-15,825
2019-07-15,826
2019-07-15,824
2019-07-16,822
2019-07-16,822
2019-07-16,823
2019-07-16,821
2019-07-17,818
2019-07-17,818
2019-07-17,819
2019-07-17,817
2019-07-18,815
2019-07-18,815
2019-07-18,816
2019-07-18,814
2019-07-19,811.5
2019-07-19,812
2019-07-19,812
2019-07-19,811
2019-07-20,808.5
2019-07-20,809
2019-07-20,810
2019-07-20,807
2019-07-21,804.5
2019-07-21,805
2019-07-21,805
2019-07-21,804
2019-07-22,802
2019-07-22,802
2019-07-22,803
2019-07-22,801
2019-07-23,799.5
2019-07-23,800
2019-07-23,800
2019-07-23,799
2019-07-24,797
2019-07-24,797
2019-07-24,798
2019-07-24,796
2019-07-25,794.5
2019-07-25,795
2019-07-25,797
2019-07-25,792
2019-07-26,789
2019-07-26,789
2019-07-26,790
2019-07-26,788
2019-07-27,785
2019-07-27,785
2019-07-27,786
2019-07-27,784
2019-07-28,779
2019-07-28,779
2019-07-28,780
2019-07-28,778
2019-07-29,775
2019-07-29,775
2019-07-29,776
2019-07-29,774
2019-07-30,772
2019-07-30,772
2019-07-30,773
2019-07-30,771
2019-07-31,767
2019-07-31,767
2019-07-31,768
2019-07-31,766
2019-08-01,764
2019-08-01,763.5
2019-08-01,764
2019-08-01,763
2019-08-02,761
2019-08-02,760.5
2019-08-02,761
2019-08-02,760
2019-08-03,757
2019-08-03,757
2019-08-03,759
2019-08-03,755
2019-08-04,754
2019-08-04,753.5
2019-08-04,754
2019-08-04,753
2019-08-05,750
2019-08-05,749.5
2019-08-05,751
2019-08-05,748
2019-08-06,746
2019-08-06,745.5
2019-08-06,747
2019-08-06,744
2019-08-07,745
2019-08-07,745
2019-08-07,746
2019-08-07,744
2019-08-08,743
2019-08-08,743
2019-08-08,744
2019-08-08,742
2019-08-09,741
2019-08-09,740.5
2019-08-09,741
2019-08-09,740
2019-08-10,738
2019-08-10,738
2019-08-10,738
2019-08-10,738
2019-08-11,736
2019-08-11,736
2019-08-11,737
2019-08-11,735
2019-08-12,735
2019-08-12,735
2019-08-12,736
2019-08-12,734
2019-08-13,731
2019-08-13,731
2019-08-13,733
2019-08-13,729
2019-08-14,725
2019-08-14,725
2019-08-14,726
2019-08-14,724
2019-08-15,721
2019-08-15,721
2019-08-15,722
2019-08-15,720
2019-08-16,717
2019-08-16,717
2019-08-16,718
2019-08-16,716
2019-08-17,713
2019-08-17,713
2019-08-17,714
2019-08-17,712
2019-08-18,709
2019-08-18,709
2019-08-18,710
2019-08-18,708
2019-08-19,704
2019-08-19,704
2019-08-19,706
2019-08-19,702
2019-08-20,699
2019-08-20,698.5
2019-08-20,699
2019-08-20,698
2019-08-21,696
2019-08-21,695.5
2019-08-21,696
2019-08-21,695
2019-08-22,687
2019-08-22,687
2019-08-22,689
2019-08-22,685
2019-08-23,680
2019-08-23,679.5
2019-08-23,683
2019-08-23,676
2019-08-24,676
2019-08-24,676
2019-08-24,678
2019-08-24,674
2019-08-25,670
2019-08-25,670
2019-08-25,672
2019-08-25,668
2019-08-26,664
2019-08-26,663.5
2019-08-26,665
2019-08-26,662
2019-08-27,655
2019-08-27,655
2019-08-27,655
2019-08-27,655
2019-08-28,653
2019-08-28,652.5
2019-08-28,653
2019-08-28,652
2019-08-29,647
2019-08-29,646.5
2019-08-29,648
2019-08-29,645
2019-08-30,641
2019-08-30,641
2019-08-30,642
2019-08-30,640
2019-08-31,637
2019-08-31,636.5
2019-08-31,638
2019-08-31,635
2019-09-01,631
2019-09-01,630.5
2019-09-01,632
2019-09-01,629
2019-09-02,627
2019-09-02,627
2019-09-02,628
2019-09-02,626
2019-09-03,622
2019-09-03,622
2019-09-03,624
2019-09-03,620
2019-09-04,618
2019-09-04,617.5
2019-09-04,619
2019-09-04,616
2019-09-05,614
2019-09-05,613.5
2019-09-05,615
2019-09-05,612
2019-09-06,609
2019-09-06,608.5
2019-09-06,610
2019-09-06,607
2019-09-07,604
2019-09-07,603.5
2019-09-07,605
2019-09-07,602
2019-09-08,599
2019-09-08,599
2019-09-08,600
2019-09-08,598
2019-09-09,591
2019-09-09,591
2019-09-09,593
2019-09-09,589
2019-09-10,584
2019-09-10,583.5
2019-09-10,585
2019-09-10,582
2019-09-11,577
2019-09-11,576.5
2019-09-11,578
2019-09-11,575
2019-09-12,567
2019-09-12,566.5
2019-09-12,571
2019-09-12,562
2019-09-13,561
2019-09-13,561
2019-09-13,563
2019-09-13,559
2019-09-14,555
2019-09-14,555
2019-09-14,557
2019-09-14,553
2019-09-15,548
2019-09-15,548
2019-09-15,550
2019-09-15,546
2019-09-16,541
2019-09-16,540.5
2019-09-16,544
2019-09-16,537
2019-09-17,533
2019-09-17,533
2019-09-17,535
2019-09-17,531
2019-09-18,524
2019-09-18,524
2019-09-18,526
2019-09-18,522
2019-09-19,516
2019-09-19,515.5
2019-09-19,520
2019-09-19,511
2019-09-20,499
2019-09-20,499
2019-09-20,502
2019-09-20,496
2019-09-21,492
2019-09-21,491.5
2019-09-21,495
2019-09-21,488
2019-09-22,484
2019-09-22,483.5
2019-09-22,485
2019-09-22,482
2019-09-23,474
2019-09-23,481.5
2019-09-23,483
2019-09-23,480
2019-09-24,465
2019-09-24,479
2019-09-24,481
2019-09-24,477
2019-09-25,455
2019-09-25,455
2019-09-25,455
2019-09-25,455
2019-09-26,445
2019-09-26,444.5
2019-09-26,447
2019-09-26,442
2019-09-27,433
2019-09-27,433
2019-09-27,436
2019-09-27,430
2019-09-28,424
2019-09-28,423.5
2019-09-28,425
2019-09-28,422
2019-09-29,415
2019-09-29,414.5
2019-09-29,417
2019-09-29,412
2019-09-30,405
2019-09-30,405
2019-09-30,408
2019-09-30,402
2019-10-01,395
2019-10-01,395
2019-10-01,398
2019-10-01,392
2019-10-02,387
2019-10-02,386.5
2019-10-02,388
2019-10-02,385
2019-10-03,380
2019-10-03,379.5
2019-10-03,380
2019-10-03,379
2019-10-04,365
2019-10-04,364.5
2019-10-04,369
2019-10-04,360
2019-10-05,352
2019-10-05,352
2019-10-05,353
2019-10-05,351
2019-10-06,337
2019-10-06,337
2019-10-06,341
2019-10-06,333
2019-10-07,320
2019-10-07,320
2019-10-07,324
2019-10-07,316
2019-10-08,306
2019-10-08,306
2019-10-08,308
2019-10-08,304
2019-10-09,291
2019-10-09,290.5
2019-10-09,293
2019-10-09,288
2019-10-10,281
2019-10-10,280.5
2019-10-10,283
2019-10-10,278
2019-10-11,270
2019-10-11,270
2019-10-11,273
2019-10-11,267
2019-10-12,260
2019-10-12,260
2019-10-12,262
2019-10-12,258
2019-10-13,250
2019-10-13,250
2019-10-13,252
2019-10-13,248
2019-10-14,239
2019-10-14,239
2019-10-14,246
2019-10-14,232
2019-10-15,237
2019-10-15,236.5
2019-10-15,238
2019-10-15,235
2019-10-16,229
2019-10-16,229
2019-10-16,232
2019-10-16,226
2019-10-17,222
2019-10-17,222
2019-10-17,224
2019-10-17,220
2019-10-18,215
2019-10-18,214.5
2019-10-18,216
2019-10-18,213
2019-10-19,207
2019-10-19,207
2019-10-19,210
2019-10-19,204
2019-10-20,201
2019-10-20,200.5
2019-10-20,202
2019-10-20,199
2019-10-21,196
2019-10-21,195.5
2019-10-21,197
2019-10-21,194
2019-10-22,189
2019-10-22,189
2019-10-22,190
2019-10-22,188
2019-10-23,183
2019-10-23,182.5
2019-10-23,184
2019-10-23,181
2019-10-24,177
2019-10-24,177
2019-10-24,178
2019-10-24,176
2019-10-25,174
2019-10-25,174
2019-10-25,174
2019-10-25,174
2019-10-26,174
2019-10-26,174
2019-10-26,174
2019-10-26,174
2019-10-27,177
2019-10-27,176.5
2019-10-27,176
2019-10-27,177
2019-10-28,180
2019-10-28,179.5
2019-10-28,179
2019-10-28,180
2019-10-29,184
2019-10-29,183.5
2019-10-29,183
2019-10-29,184
2019-10-30,186
2019-10-30,186
2019-10-30,186
2019-10-30,186
2019-10-31,184
2019-10-31,184
2019-10-31,184
2019-10-31,184
2019-11-01,189
2019-11-01,189
2019-11-01,189
2019-11-01,189
2019-11-02,189
2019-11-02,188.5
2019-11-02,188
2019-11-02,189
2019-11-03,188
2019-11-03,187.5
2019-11-03,188
2019-11-03,187
2019-11-04,188
2019-11-04,187.5
2019-11-04,188
2019-11-04,187
2019-11-05,188
2019-11-05,188
2019-11-05,189
2019-11-05,187
2019-11-06,181
2019-11-06,181
2019-11-06,182
2019-11-06,180
2019-11-07,180
2019-11-07,180
2019-11-07,180
2019-11-07,180
2019-11-08,179
2019-11-08,179
2019-11-08,179
2019-11-08,179
2019-11-09,181
2019-11-09,180.5
2019-11-09,180
2019-11-09,181
2019-11-10,183
2019-11-10,182.5
2019-11-10,182
2019-11-10,183
2019-11-11,186
2019-11-11,186
2019-11-11,186
2019-11-11,186
2019-11-12,189
2019-11-12,189
2019-11-12,189
2019-11-12,189
2019-11-13,191
2019-11-13,190.5
2019-11-13,190
2019-11-13,191
2019-11-14,197
2019-11-14,196.5
2019-11-14,195
2019-11-14,198
2019-11-15,198
2019-11-15,198
2019-11-15,197
2019-11-15,199
2019-11-16,199
2019-11-16,199
2019-11-16,200
2019-11-16,198
2019-11-17,201
2019-11-17,201
2019-11-17,199
2019-11-17,203
2019-11-18,206
2019-11-18,205.5
2019-11-18,205
2019-11-18,206
2019-11-19,207
2019-11-19,206.5
2019-11-19,207
2019-11-19,206
2019-11-20,210
2019-11-20,209.5
2019-11-20,209
2019-11-20,210
2019-11-21,213
2019-11-21,213
2019-11-21,212
2019-11-21,214
2019-11-22,217
2019-11-22,216.5
2019-11-22,216
2019-11-22,217
2019-11-23,220
2019-11-23,219.5
2019-11-23,219
2019-11-23,220
2019-11-24,223
2019-11-24,222.5
2019-11-24,221
2019-11-24,224
2019-11-25,232
2019-11-25,232
2019-11-25,231
2019-11-25,233
2019-11-26,237
2019-11-26,236.5
2019-11-26,236
2019-11-26,237
2019-11-27,246
2019-11-27,246
2019-11-27,245
2019-11-27,247
2019-11-28,254
2019-11-28,253.5
2019-11-28,253
2019-11-28,254
2019-11-29,260
2019-11-29,259.5
2019-11-29,259
2019-11-29,260
2019-11-30,264
2019-11-30,264
2019-11-30,263
2019-11-30,265
2019-12-01,268
2019-12-01,268
2019-12-01,268
2019-12-01,268
2019-12-02,272
2019-12-02,272
2019-12-02,272
2019-12-02,272
2019-12-03,272
2019-12-03,272
2019-12-03,272
2019-12-03,272
2019-12-04,274
2019-12-04,274
2019-12-04,274
2019-12-04,274
2019-12-05,279
2019-12-05,279
2019-12-05,278
2019-12-05,280
2019-12-06,282
2019-12-06,282
2019-12-06,282
2019-12-06,282
2019-12-07,284
2019-12-07,284
2019-12-07,284
2019-12-07,284
2019-12-08,287
2019-12-08,287
2019-12-08,286
2019-12-08,288
2019-12-09,292
2019-12-09,292
2019-12-09,290
2019-12-09,294
2019-12-10,295
2019-12-10,295
2019-12-10,294
2019-12-10,296
2019-12-11,299
2019-12-11,299
2019-12-11,298
2019-12-11,300
2019-12-12,305.5
2019-12-12,306
2019-12-12,305
2019-12-12,306
2019-12-13,312
2019-12-13,312
2019-12-13,310
2019-12-13,314
2019-12-14,316
2019-12-14,316
2019-12-14,316
2019-12-14,316
2019-12-15,320.5
2019-12-15,321
2019-12-15,318
2019-12-15,323
2019-12-16,331.5
2019-12-16,332
2019-12-16,326
2019-12-16,337
2019-12-17,335
2019-12-17,335
2019-12-17,332
2019-12-17,338
2019-12-18,343.5
2019-12-18,344
2019-12-18,343
2019-12-18,344
2019-12-19,344
2019-12-19,344
2019-12-19,344
2019-12-19,344
2019-12-20,348.5
2019-12-20,349
2019-12-20,348
2019-12-20,349
2019-12-21,355.5
2019-12-21,356
2019-12-21,355
2019-12-21,356
2019-12-22,359
2019-12-22,359
2019-12-22,358
2019-12-22,360
2019-12-23,367.5
2019-12-23,368
2019-12-23,366
2019-12-23,369
2019-12-24,374.5
2019-12-24,375
2019-12-24,374
2019-12-24,375
2019-12-25,378.5
2019-12-25,379
2019-12-25,378
2019-12-25,379
2019-12-26,379
2019-12-26,379
2019-12-26,378
2019-12-26,380
2019-12-27,385
2019-12-27,385
2019-12-27,381
2019-12-27,389
2019-12-28,404
2019-12-28,404
2019-12-28,399
2019-12-28,409
2019-12-29,410.5
2019-12-29,411
2019-12-29,409
2019-12-29,412
2019-12-30,415
2019-12-30,415
2019-12-30,414
2019-12-30,416
2019-12-31,418.5
2019-12-31,419
2019-12-31,417
2019-12-31,420
2020-01-01,426
2020-01-01,426
2020-01-01,424
2020-01-01,428
2020-01-02,433
2020-01-02,432.5
2020-01-02,432
2020-01-02,433
2020-01-03,437
2020-01-03,436.5
2020-01-03,436
2020-01-03,437
2020-01-04,440
2020-01-04,439.5
2020-01-04,439
2020-01-04,440
2020-01-05,442
2020-01-05,442
2020-01-05,442
2020-01-05,442
2020-01-06,444
2020-01-06,443.5
2020-01-06,443
2020-01-06,444
2020-01-07,446
2020-01-07,445.5
2020-01-07,445
2020-01-07,446
2020-01-08,449
2020-01-08,449
2020-01-08,447
2020-01-08,451
2020-01-09,456
2020-01-09,456
2020-01-09,455
2020-01-09,457
2020-01-10,464
2020-01-10,464
2020-01-10,461
2020-01-10,467
2020-01-11,468
2020-01-11,468
2020-01-11,466
2020-01-11,470
2020-01-12,473
2020-01-12,473
2020-01-12,472
2020-01-12,474
2020-01-13,478
2020-01-13,478
2020-01-13,477
2020-01-13,479
2020-01-14,488
2020-01-14,487.5
2020-01-14,487
2020-01-14,488
2020-01-15,495
2020-01-15,494.5
2020-01-15,492
2020-01-15,497
2020-01-16,500
2020-01-16,500
2020-01-16,498
2020-01-16,502
2020-01-17,506
2020-01-17,506
2020-01-17,505
2020-01-17,507
2020-01-18,508
2020-01-18,508
2020-01-18,509
2020-01-18,507
2020-01-19,514
2020-01-19,514
2020-01-19,513
2020-01-19,515
2020-01-20,520
2020-01-20,520
2020-01-20,520
2020-01-20,520
2020-01-21,523
2020-01-21,522.5
2020-01-21,522
2020-01-21,523
2020-01-22,527
2020-01-22,527
2020-01-22,526
2020-01-22,528
2020-01-23,528
2020-01-23,528
2020-01-23,527
2020-01-23,529
2020-01-24,533
2020-01-24,532.5
2020-01-24,532
2020-01-24,533
2020-01-25,533
2020-01-25,532.5
2020-01-25,532
2020-01-25,533
2020-01-26,535
2020-01-26,535
2020-01-26,535
2020-01-26,535
2020-01-27,535
2020-01-27,535
2020-01-27,535
2020-01-27,535
2020-01-28,535
2020-01-28,535
2020-01-28,535
2020-01-28,535
2020-01-29,536
2020-01-29,535.5
2020-01-29,535
2020-01-29,536
2020-01-30,538
2020-01-30,538
2020-01-30,538
2020-01-30,538
2020-01-31,538
2020-01-31,538
2020-01-31,538
2020-01-31,538
2020-02-01,538
2020-02-01,538
2020-02-01,538
2020-02-01,538
2020-02-02,538
2020-02-02,538
2020-02-02,538
2020-02-02,538
2020-02-03,539
2020-02-03,539
2020-02-03,539
2020-02-03,539
2020-02-04,539
2020-02-04,539
2020-02-04,539
2020-02-04,539
2020-02-05,539
2020-02-05,539
2020-02-05,539
2020-02-05,539
2020-02-06,539
2020-02-06,539
2020-02-06,539
2020-02-06,539
2020-02-07,538
2020-02-07,538
2020-02-07,538
2020-02-07,538
2020-02-08,538
2020-02-08,538
2020-02-08,538
2020-02-08,538
2020-02-09,540
2020-02-09,540
2020-02-09,540
2020-02-09,540
2020-02-10,542
2020-02-10,542
2020-02-10,541
2020-02-10,543
2020-02-11,546.5
2020-02-11,547
2020-02-11,545
2020-02-11,548
2020-02-12,548
2020-02-12,548
2020-02-12,548
2020-02-12,548
2020-02-13,552.5
2020-02-13,553
2020-02-13,552
2020-02-13,553
2020-02-14,557
2020-02-14,557
2020-02-14,556
2020-02-14,558
2020-02-15,559.5
2020-02-15,560
2020-02-15,559
2020-02-15,560
2020-02-16,562
2020-02-16,562
2020-02-16,562
2020-02-16,562
2020-02-17,563
2020-02-17,563
2020-02-17,563
2020-02-17,563
2020-02-18,564
2020-02-18,564
2020-02-18,564
2020-02-18,564
2020-02-19,564.5
2020-02-19,565
2020-02-19,564
2020-02-19,565
2020-02-20,565
2020-02-20,565
2020-02-20,565
2020-02-20,565
2020-02-21,566.5
2020-02-21,567
2020-02-21,566
2020-02-21,567
2020-02-22,568
2020-02-22,568
2020-02-22,568
2020-02-22,568
2020-02-23,570
2020-02-23,570
2020-02-23,570
2020-02-23,570
2020-02-24,572
2020-02-24,572
2020-02-24,572
2020-02-24,572
2020-02-25,573
2020-02-25,573
2020-02-25,574
2020-02-25,572
2020-02-26,575
2020-02-26,575
2020-02-26,574
2020-02-26,576
2020-02-27,578
2020-02-27,578
2020-02-27,577
2020-02-27,579
2020-02-28,580
2020-02-28,580
2020-02-28,580
2020-02-28,580
2020-02-29,583
2020-02-29,583
2020-02-29,582
2020-02-29,584
2020-03-01,586
2020-03-01,586
2020-03-01,586
2020-03-01,586
2020-03-02,588.5
2020-03-02,589
2020-03-02,588
2020-03-02,589
2020-03-03,588
2020-03-03,588
2020-03-03,588
2020-03-03,588
2020-03-04,588
2020-03-04,588
2020-03-04,588
2020-03-04,588
2020-03-05,588.5
2020-03-05,589
2020-03-05,588
2020-03-05,589
2020-03-06,589
2020-03-06,589
2020-03-06,589
2020-03-06,589
2020-03-07,591
2020-03-07,591
2020-03-07,590
2020-03-07,592
2020-03-08,592.5
2020-03-08,593
2020-03-08,592
2020-03-08,593
2020-03-09,594
2020-03-09,594
2020-03-09,594
2020-03-09,594
2020-03-10,599.5
2020-03-10,600
2020-03-10,598
2020-03-10,601
2020-03-11,604
2020-03-11,604
2020-03-11,604
2020-03-11,604
2020-03-12,605.5
2020-03-12,606
2020-03-12,605
2020-03-12,606
2020-03-13,608.5
2020-03-13,609
2020-03-13,608
2020-03-13,609
2020-03-14,612
2020-03-14,612
2020-03-14,610
2020-03-14,614
2020-03-15,622
2020-03-15,622
2020-03-15,621
2020-03-15,623
2020-03-16,625.5
2020-03-16,626
2020-03-16,625
2020-03-16,626
2020-03-17,628
2020-03-17,628
2020-03-17,628
2020-03-17,628
2020-03-18,629
2020-03-18,629
2020-03-18,629
2020-03-18,629
2020-03-19,630
2020-03-19,630
2020-03-19,630
2020-03-19,630
2020-03-20,633
2020-03-20,633
2020-03-20,631
2020-03-20,635
2020-03-21,643
2020-03-21,643
2020-03-21,642
2020-03-21,644
2020-03-22,646
2020-03-22,646
2020-03-22,646
2020-03-22,646
2020-03-23,646
2020-03-23,646
2020-03-23,646
2020-03-23,646
2020-03-24,648
2020-03-24,648
2020-03-24,646
2020-03-24,650
2020-03-25,653
2020-03-25,653
2020-03-25,652
2020-03-25,654
2020-03-26,656
2020-03-26,656
2020-03-26,656
2020-03-26,656
2020-03-27,658
2020-03-27,658
2020-03-27,657
2020-03-27,659
2020-03-28,660
2020-03-28,660
2020-03-28,660
2020-03-28,660
2020-03-29,661.5
2020-03-29,662
2020-03-29,661
2020-03-29,662
2020-03-30,662.5
2020-03-30,663
2020-03-30,662
2020-03-30,663
2020-03-31,664
2020-03-31,664
2020-03-31,664
2020-03-31,664
2020-04-01,669
2020-04-01,669
2020-04-01,666
2020-04-01,672
2020-04-02,679.5
2020-04-02,680
2020-04-02,678
2020-04-02,681
2020-04-03,685.5
2020-04-03,686
2020-04-03,685
2020-04-03,686
2020-04-04,687.5
2020-04-04,688
2020-04-04,687
2020-04-04,688
2020-04-05,690.5
2020-04-05,691
2020-04-05,690
2020-04-05,691
2020-04-06,693.5
2020-04-06,694
2020-04-06,693
2020-04-06,694
2020-04-07,696
2020-04-07,696
2020-04-07,696
2020-04-07,696
2020-04-08,695.5
2020-04-08,696
2020-04-08,695
2020-04-08,696
2020-04-09,696.5
2020-04-09,697
2020-04-09,696
2020-04-09,697
2020-04-10,699
2020-04-10,699
2020-04-10,698
2020-04-10,700
2020-04-11,705.5
2020-04-11,706
2020-04-11,705
2020-04-11,706
2020-04-12,709
2020-04-12,709
2020-04-12,708
2020-04-12,710
2020-04-13,716.5
2020-04-13,717
2020-04-13,715
2020-04-13,718
2020-04-14,721
2020-04-14,721
2020-04-14,720
2020-04-14,722
2020-04-15,723.5
2020-04-15,724
2020-04-15,723
2020-04-15,724
2020-04-16,725.5
2020-04-16,726
2020-04-16,725
2020-04-16,726
2020-04-17,726
2020-04-17,726
2020-04-17,726
2020-04-17,726
2020-04-18,726
2020-04-18,726
2020-04-18,726
2020-04-18,726
2020-04-19,727
2020-04-19,727
2020-04-19,726
2020-04-19,728
2020-04-20,730
2020-04-20,730
2020-04-20,730
2020-04-20,730
2020-04-21,731
2020-04-21,731
2020-04-21,730
2020-04-21,732
2020-04-22,735
2020-04-22,735
2020-04-22,734
2020-04-22,736
2020-04-23,736.5
2020-04-23,737
2020-04-23,736
2020-04-23,737
2020-04-24,739
2020-04-24,739
2020-04-24,738
2020-04-24,740
2020-04-25,743
2020-04-25,743
2020-04-25,742
2020-04-25,744
2020-04-26,743
2020-04-26,743
2020-04-26,742
2020-04-26,744
2020-04-27,747
2020-04-27,747
2020-04-27,744
2020-04-27,750
2020-04-28,756.5
2020-04-28,757
2020-04-28,755
2020-04-28,758
2020-04-29,760
2020-04-29,760
2020-04-29,760
2020-04-29,760
2020-04-30,762.5
2020-04-30,763
2020-04-30,761
2020-04-30,764
2020-05-01,765.5
2020-05-01,766
2020-05-01,765
2020-05-01,766
2020-05-02,767.5
2020-05-02,768
2020-05-02,766
2020-05-02,769
2020-05-03,773
2020-05-03,773
2020-05-03,770
2020-05-03,776
2020-05-04,775
2020-05-04,775
2020-05-04,774
2020-05-04,776
2020-05-05,776.5
2020-05-05,777
2020-05-05,776
2020-05-05,777
2020-05-06,781.5
2020-05-06,782
2020-05-06,780
2020-05-06,783
2020-05-07,789
2020-05-07,789
2020-05-07,787
2020-05-07,791
2020-05-08,793.5
2020-05-08,794
2020-05-08,793
2020-05-08,794
2020-05-09,797.5
2020-05-09,798
2020-05-09,797
2020-05-09,798
2020-05-10,800.5
2020-05-10,801
2020-05-10,800
2020-05-10,801
2020-05-11,803.5
2020-05-11,804
2020-05-11,803
2020-05-11,804
2020-05-12,805.5
2020-05-12,806
2020-05-12,805
2020-05-12,806
2020-05-13,807
2020-05-13,807
2020-05-13,807
2020-05-13,807
2020-05-14,809
2020-05-14,809
2020-05-14,808
2020-05-14,810
2020-05-15,811
2020-05-15,811
2020-05-15,811
2020-05-15,811
2020-05-16,811.5
2020-05-16,812
2020-05-16,811
2020-05-16,812
2020-05-17,813
2020-05-17,813
2020-05-17,813
2020-05-17,813
2020-05-18,810.5
2020-05-18,811
2020-05-18,810
2020-05-18,811
2020-05-19,811.5
2020-05-19,812
2020-05-19,811
2020-05-19,812
2020-05-20,814
2020-05-20,814
2020-05-20,814
2020-05-20,814
2020-05-21,815.5
2020-05-21,816
2020-05-21,815
2020-05-21,816
2020-05-22,816
2020-05-22,816
2020-05-22,814
2020-05-22,818
2020-05-23,821.5
2020-05-23,822
2020-05-23,821
2020-05-23,822
2020-05-24,827.5
2020-05-24,828
2020-05-24,827
2020-05-24,828
2020-05-25,831
2020-05-25,831
2020-05-25,830
2020-05-25,832
2020-05-26,832
2020-05-26,832
2020-05-26,832
2020-05-26,832
2020-05-27,833.5
2020-05-27,834
2020-05-27,834
2020-05-27,833
2020-05-28,832.5
2020-05-28,833
2020-05-28,833
2020-05-28,832
2020-05-29,832.5
2020-05-29,833
2020-05-29,832
2020-05-29,833
2020-05-30,833.5
2020-05-30,834
2020-05-30,833
2020-05-30,834
2020-05-31,833.5
2020-05-31,834
2020-05-31,834
2020-05-31,833
2020-06-01,838
2020-06-01,838
2020-06-01,838
2020-06-01,838
2020-06-02,839
2020-06-02,839
2020-06-02,839
2020-06-02,839
2020-06-03,838
2020-06-03,838
2020-06-03,838
2020-06-03,838
2020-06-04,838
2020-06-04,838
2020-06-04,838
2020-06-04,838
2020-06-05,838
2020-06-05,838
2020-06-05,838
2020-06-05,838
2020-06-06,837
2020-06-06,837
2020-06-06,837
2020-06-06,837
2020-06-07,837
2020-06-07,837
2020-06-07,837
2020-06-07,837
2020-06-08,837
2020-06-08,837
2020-06-08,837
2020-06-08,837
2020-06-09,837
2020-06-09,837
2020-06-09,837
2020-06-09,837
2020-06-10,837
2020-06-10,837
2020-06-10,837
2020-06-10,837
2020-06-11,836
2020-06-11,836
2020-06-11,836
2020-06-11,836
2020-06-12,836
2020-06-12,835.5
2020-06-12,836
2020-06-12,835
2020-06-13,835
2020-06-13,835
2020-06-13,835
2020-06-13,835
2020-06-14,833
2020-06-14,833
2020-06-14,834
2020-06-14,832
2020-06-15,832
2020-06-15,831.5
2020-06-15,832
2020-06-15,831
2020-06-16,830
2020-06-16,830
2020-06-16,830
2020-06-16,830
2020-06-17,830
2020-06-17,830
2020-06-17,830
2020-06-17,830
2020-06-18,829
2020-06-18,828.5
2020-06-18,829
2020-06-18,828
2020-06-19,826
2020-06-19,825.5
2020-06-19,826
2020-06-19,825
2020-06-20,824
2020-06-20,824
2020-06-20,825
2020-06-20,823
2020-06-21,821
2020-06-21,820.5
2020-06-21,821
2020-06-21,820
2020-06-22,819
2020-06-22,819
2020-06-22,819
2020-06-22,819
2020-06-23,820
2020-06-23,819.5
2020-06-23,819
2020-06-23,820
2020-06-24,820
2020-06-24,819.5
2020-06-24,820
2020-06-24,819
2020-06-25,818
2020-06-25,817.5
2020-06-25,818
2020-06-25,817
2020-06-26,816
2020-06-26,815.5
2020-06-26,816
2020-06-26,815
2020-06-27,815
2020-06-27,814.5
2020-06-27,815
2020-06-27,814
2020-06-28,813
2020-06-28,812.5
2020-06-28,813
2020-06-28,812
2020-06-29,812
2020-06-29,811.5
2020-06-29,812
2020-06-29,811
2020-06-30,811
2020-06-30,810.5
2020-06-30,810
2020-06-30,811
2020-07-01,807
2020-07-01,807
2020-07-01,807
2020-07-01,807
2020-07-02,805
2020-07-02,805
2020-07-02,805
2020-07-02,805
2020-07-03,801
2020-07-03,801
2020-07-03,802
2020-07-03,800
2020-07-04,799
2020-07-04,799
2020-07-04,800
2020-07-04,798
2020-07-05,795
2020-07-05,795
2020-07-05,796
2020-07-05,794
2020-07-06,793.5
2020-07-06,794
2020-07-06,794
2020-07-06,793
2020-07-07,791.5
2020-07-07,792
2020-07-07,792
2020-07-07,791
2020-07-08,786.5
2020-07-08,787
2020-07-08,789
2020-07-08,784
2020-07-09,787
2020-07-09,787
2020-07-09,787
2020-07-09,787
2020-07-10,783
2020-07-10,783
2020-07-10,783
2020-07-10,783
2020-07-11,780
2020-07-11,780
2020-07-11,780
2020-07-11,780
2020-07-12,776
2020-07-12,776
2020-07-12,778
2020-07-12,774
2020-07-13,772.5
2020-07-13,773
2020-07-13,773
2020-07-13,772
2020-07-14,769.5
2020-07-14,770
2020-07-14,770
2020-07-14,769
2020-07-15,766
2020-07-15,766
2020-07-15,767
2020-07-15,765
2020-07-16,761.5
2020-07-16,762
2020-07-16,763
2020-07-16,760
2020-07-17,758
2020-07-17,758
2020-07-17,759
2020-07-17,757
2020-07-18,753.5
2020-07-18,754
2020-07-18,755
2020-07-18,752
2020-07-19,749
2020-07-19,749
2020-07-19,750
2020-07-19,748
2020-07-20,747
2020-07-20,747
2020-07-20,748
2020-07-20,746
2020-07-21,743
2020-07-21,743
2020-07-21,744
2020-07-21,742
2020-07-22,740
2020-07-22,740
2020-07-22,740
2020-07-22,740
2020-07-23,737.5
2020-07-23,738
2020-07-23,738
2020-07-23,737
2020-07-24,736
2020-07-24,736
2020-07-24,736
2020-07-24,736
2020-07-25,734.5
2020-07-25,735
2020-07-25,735
2020-07-25,734
2020-07-26,734
2020-07-26,734
2020-07-26,734
2020-07-26,734
2020-07-27,731.5
2020-07-27,732
2020-07-27,732
2020-07-27,731
2020-07-28,729
2020-07-28,729
2020-07-28,730
2020-07-28,728
2020-07-29,726
2020-07-29,726
2020-07-29,727
2020-07-29,725
2020-07-30,722
2020-07-30,722
2020-07-30,723
2020-07-30,721
2020-07-31,718
2020-07-31,718
2020-07-31,719
2020-07-31,717
2020-08-01,713
2020-08-01,713
2020-08-01,714
2020-08-01,712
2020-08-02,708
2020-08-02,708
2020-08-02,709
2020-08-02,707
2020-08-03,703
2020-08-03,702.5
2020-08-03,704
2020-08-03,701
2020-08-04,698
2020-08-04,698
2020-08-04,699
2020-08-04,697
2020-08-05,694
2020-08-05,693.5
2020-08-05,695
2020-08-05,692
2020-08-06,689
2020-08-06,689
2020-08-06,690
2020-08-06,688
2020-08-07,686
2020-08-07,686
2020-08-07,687
2020-08-07,685
2020-08-08,682
2020-08-08,682
2020-08-08,683
2020-08-08,681
2020-08-09,678
2020-08-09,678
2020-08-09,679
2020-08-09,677
2020-08-10,675
2020-08-10,675
2020-08-10,675
2020-08-10,675
2020-08-11,670
2020-08-11,670
2020-08-11,671
2020-08-11,669
2020-08-12,665
2020-08-12,665
2020-08-12,667
2020-08-12,663
2020-08-13,659
2020-08-13,659
2020-08-13,660
2020-08-13,658
2020-08-14,655
2020-08-14,654.5
2020-08-14,656
2020-08-14,653
2020-08-15,650
2020-08-15,650
2020-08-15,651
2020-08-15,649
2020-08-16,644
2020-08-16,644
2020-08-16,646
2020-08-16,642
2020-08-17,638
2020-08-17,637.5
2020-08-17,639
2020-08-17,636
2020-08-18,633
2020-08-18,632.5
2020-08-18,633
2020-08-18,632
2020-08-19,629
2020-08-19,628.5
2020-08-19,630
2020-08-19,627
2020-08-20,624
2020-08-20,623.5
2020-08-20,625
2020-08-20,622
2020-08-21,619
2020-08-21,618.5
2020-08-21,620
2020-08-21,617
2020-08-22,615
2020-08-22,615
2020-08-22,616
2020-08-22,614
2020-08-23,613
2020-08-23,612.5
2020-08-23,612
2020-08-23,613
2020-08-24,609
2020-08-24,608.5
2020-08-24,610
2020-08-24,607
2020-08-25,603
2020-08-25,603
2020-08-25,604
2020-08-25,602
2020-08-26,598
2020-08-26,597.5
2020-08-26,599
2020-08-26,596
2020-08-27,593
2020-08-27,592.5
2020-08-27,594
2020-08-27,591
2020-08-28,586
2020-08-28,585.5
2020-08-28,587
2020-08-28,584
2020-08-29,579
2020-08-29,578.5
2020-08-29,580
2020-08-29,577
2020-08-30,573
2020-08-30,573
2020-08-30,574
2020-08-30,572
2020-08-31,565
2020-08-31,565
2020-08-31,566
2020-08-31,564
2020-09-01,558
2020-09-01,558
2020-09-01,561
2020-09-01,555
2020-09-02,553
2020-09-02,553
2020-09-02,555
2020-09-02,551
2020-09-03,547.5
2020-09-03,548
2020-09-03,549
2020-09-03,546
2020-09-04,541.5
2020-09-04,542
2020-09-04,543
2020-09-04,540
2020-09-05,535.5
2020-09-05,536
2020-09-05,536
2020-09-05,535
2020-09-06,522.5
2020-09-06,523
2020-09-06,530
2020-09-06,515
2020-09-07,517.5
2020-09-07,518
2020-09-07,520
2020-09-07,515
2020-09-08,507.5
2020-09-08,508
2020-09-08,511
2020-09-08,504
2020-09-09,496
2020-09-09,496
2020-09-09,500
2020-09-09,492
2020-09-10,484
2020-09-10,484
2020-09-10,488
2020-09-10,480
2020-09-11,473
2020-09-11,473
2020-09-11,475
2020-09-11,471
2020-09-12,462
2020-09-12,462
2020-09-12,464
2020-09-12,460
2020-09-13,451.5
2020-09-13,452
2020-09-13,455
2020-09-13,448
2020-09-14,438
2020-09-14,438
2020-09-14,437
2020-09-14,439
2020-09-15,423
2020-09-15,423
2020-09-15,426
2020-09-15,420
2020-09-16,410.5
2020-09-16,411
2020-09-16,413
2020-09-16,408
2020-09-17,398
2020-09-17,398
2020-09-17,399
2020-09-17,397
2020-09-18,387
2020-09-18,387
2020-09-18,390
2020-09-18,384
2020-09-19,377
2020-09-19,377
2020-09-19,380
2020-09-19,374
2020-09-20,365.5
2020-09-20,366
2020-09-20,369
2020-09-20,362
2020-09-21,353.5
2020-09-21,354
2020-09-21,357
2020-09-21,350
2020-09-22,340.5
2020-09-22,341
2020-09-22,344
2020-09-22,337
2020-09-23,327
2020-09-23,327
2020-09-23,330
2020-09-23,324
2020-09-24,310.5
2020-09-24,311
2020-09-24,317
2020-09-24,304
2020-09-25,296
2020-09-25,296
2020-09-25,299
2020-09-25,293
2020-09-26,280
2020-09-26,280
2020-09-26,284
2020-09-26,276
2020-09-27,265
2020-09-27,265
2020-09-27,268
2020-09-27,262
2020-09-28,250
2020-09-28,250
2020-09-28,254
2020-09-28,246
2020-09-29,234.5
2020-09-29,235
2020-09-29,237
2020-09-29,232
2020-09-30,223.5
2020-09-30,224
2020-09-30,227
2020-09-30,220
2020-10-01,213
2020-10-01,213
2020-10-01,216
2020-10-01,210
2020-10-02,201
2020-10-02,201
2020-10-02,204
2020-10-02,198
2020-10-03,190.5
2020-10-03,191
2020-10-03,193
2020-10-03,188
2020-10-04,179.5
2020-10-04,180
2020-10-04,183
2020-10-04,176
2020-10-05,170
2020-10-05,170
2020-10-05,173
2020-10-05,167
2020-10-06,161
2020-10-06,161
2020-10-06,164
2020-10-06,158
2020-10-07,150.5
2020-10-07,151
2020-10-07,153
2020-10-07,148
2020-10-08,139.5
2020-10-08,140
2020-10-08,142
2020-10-08,137
2020-10-09,130.5
2020-10-09,131
2020-10-09,132
2020-10-09,129
2020-10-10,121
2020-10-10,121
2020-10-10,123
2020-10-10,119
2020-10-11,112
2020-10-11,112
2020-10-11,113
2020-10-11,111
2020-10-12,104
2020-10-12,104
2020-10-12,106
2020-10-12,102
2020-10-13,99.5
2020-10-13,100
2020-10-13,99
2020-10-13,100
2020-10-14,97
2020-10-14,97
2020-10-14,96
2020-10-14,98
2020-10-15,92.5
2020-10-15,93
2020-10-15,90
2020-10-15,95
2020-10-16,103
2020-10-16,103
2020-10-16,102
2020-10-16,104
2020-10-17,109
2020-10-17,109
2020-10-17,109
2020-10-17,109
2020-10-18,112
2020-10-18,112
2020-10-18,114
2020-10-18,110
2020-10-19,115
2020-10-19,115
2020-10-19,116
2020-10-19,114
2020-10-20,112
2020-10-20,112
2020-10-20,115
2020-10-20,109
2020-10-21,110.5
2020-10-21,111
2020-10-21,113
2020-10-21,108
2020-10-22,108.5
2020-10-22,109
2020-10-22,109
2020-10-22,108
2020-10-23,105
2020-10-23,105
2020-10-23,107
2020-10-23,103
2020-10-24,100
2020-10-24,100
2020-10-24,100
2020-10-24,100
2020-10-25,95
2020-10-25,95
2020-10-25,96
2020-10-25,94
2020-10-26,90
2020-10-26,90
2020-10-26,96
2020-10-26,84
2020-10-27,86
2020-10-27,86
2020-10-27,86
2020-10-27,86
2020-10-28,87.5
2020-10-28,88
2020-10-28,87
2020-10-28,88
2020-10-29,89.5
2020-10-29,90
2020-10-29,90
2020-10-29,89
2020-10-30,90
2020-10-30,90
2020-10-30,90
2020-10-30,90
2020-10-31,89.5
2020-10-31,90
2020-10-31,89
2020-10-31,90
2020-11-01,87
2020-11-01,87
2020-11-01,84
2020-11-01,90
2020-11-02,90
2020-11-02,90
2020-11-02,92
2020-11-02,88
2020-11-03,85
2020-11-03,84.5
2020-11-03,86
2020-11-03,83
2020-11-04,83
2020-11-04,83
2020-11-04,84
2020-11-04,82
2020-11-05,79
2020-11-05,78.5
2020-11-05,80
2020-11-05,77
2020-11-06,79
2020-11-06,79
2020-11-06,80
2020-11-06,78
2020-11-07,74
2020-11-07,74
2020-11-07,76
2020-11-07,72
2020-11-08,70
2020-11-08,69.5
2020-11-08,70
2020-11-08,69
2020-11-09,68
2020-11-09,68
2020-11-09,68
2020-11-09,68
2020-11-10,68
2020-11-10,68
2020-11-10,68
2020-11-10,68
2020-11-11,68
2020-11-11,68
2020-11-11,68
2020-11-11,68
2020-11-12,69
2020-11-12,69
2020-11-12,67
2020-11-12,71
2020-11-13,77
2020-11-13,76.5
2020-11-13,76
2020-11-13,77
2020-11-14,80
2020-11-14,80
2020-11-14,78
2020-11-14,82
2020-11-15,87
2020-11-15,87
2020-11-15,86
2020-11-15,88
2020-11-16,93
2020-11-16,92.5
2020-11-16,92
2020-11-16,93
2020-11-17,95
2020-11-17,95
2020-11-17,96
2020-11-17,94
2020-11-18,100
2020-11-18,100
2020-11-18,100
2020-11-18,100
2020-11-19,100
2020-11-19,100
2020-11-19,100
2020-11-19,100
2020-11-20,99
2020-11-20,98.5
2020-11-20,99
2020-11-20,98
2020-11-21,98
2020-11-21,97.5
2020-11-21,97
2020-11-21,98
2020-11-22,96
2020-11-22,95.5
2020-11-22,96
2020-11-22,95
2020-11-23,96
2020-11-23,96
2020-11-23,96
2020-11-23,96
2020-11-24,95
2020-11-24,94.5
2020-11-24,95
2020-11-24,94
2020-11-25,98
2020-11-25,97.5
2020-11-25,96
2020-11-25,99
2020-11-26,102
2020-11-26,101.5
2020-11-26,100
2020-11-26,103
2020-11-27,106
2020-11-27,105.5
2020-11-27,107
2020-11-27,104
2020-11-28,107
2020-11-28,107
2020-11-28,107
2020-11-28,107
2020-11-29,111
2020-11-29,110.5
2020-11-29,110
2020-11-29,111
2020-11-30,117
2020-11-30,116.5
2020-11-30,116
2020-11-30,117
2020-12-01,121.5
2020-12-01,122
2020-12-01,122
2020-12-01,121
2020-12-02,124
2020-12-02,124
2020-12-02,125
2020-12-02,123
2020-12-03,128
2020-12-03,128
2020-12-03,129
2020-12-03,127
2020-12-04,132
2020-12-04,132
2020-12-04,133
2020-12-04,131
2020-12-05,135.5
2020-12-05,136
2020-12-05,136
2020-12-05,135
2020-12-06,137.5
2020-12-06,138
2020-12-06,138
2020-12-06,137
2020-12-07,140
2020-12-07,140
2020-12-07,139
2020-12-07,141
2020-12-08,144
2020-12-08,144
2020-12-08,144
2020-12-08,144
2020-12-09,146
2020-12-09,146
2020-12-09,146
2020-12-09,146
2020-12-10,149.5
2020-12-10,150
2020-12-10,148
2020-12-10,151
2020-12-11,155.5
2020-12-11,156
2020-12-11,154
2020-12-11,157
2020-12-12,163
2020-12-12,163
2020-12-12,161
2020-12-12,165
2020-12-13,166.5
2020-12-13,167
2020-12-13,165
2020-12-13,168
2020-12-14,176.5
2020-12-14,177
2020-12-14,175
2020-12-14,178
2020-12-15,184
2020-12-15,184
2020-12-15,182
2020-12-15,186
2020-12-16,192.5
2020-12-16,193
2020-12-16,193
2020-12-16,192
2020-12-17,197
2020-12-17,197
2020-12-17,197
2020-12-17,197
2020-12-18,205
2020-12-18,205
2020-12-18,205
2020-12-18,205
2020-12-19,212.5
2020-12-19,213
2020-12-19,211
2020-12-19,214
2020-12-20,223
2020-12-20,223
2020-12-20,222
2020-12-20,224
2020-12-21,227.5
2020-12-21,228
2020-12-21,226
2020-12-21,229
2020-12-22,234
2020-12-22,234
2020-12-22,233
2020-12-22,235
2020-12-23,239
2020-12-23,239
2020-12-23,238
2020-12-23,240
2020-12-24,243.5
2020-12-24,244
2020-12-24,243
2020-12-24,244
2020-12-25,250.5
2020-12-25,251
2020-12-25,249
2020-12-25,252
2020-12-26,260.5
2020-12-26,261
2020-12-26,259
2020-12-26,262
2020-12-27,267
2020-12-27,267
2020-12-27,266
2020-12-27,268
2020-12-28,275
2020-12-28,275
2020-12-28,274
2020-12-28,276
2020-12-29,282.5
2020-12-29,283
2020-12-29,281
2020-12-29,284
2020-12-30,290.5
2020-12-30,291
2020-12-30,289
2020-12-30,292
2020-12-31,298
2020-12-31,298
2020-12-31,298
2020-12-31,298
2021-01-01,306.5
2021-01-01,307
2021-01-01,305
2021-01-01,308
2021-01-02,314.5
2021-01-02,315
2021-01-02,313
2021-01-02,316
2021-01-03,325.5
2021-01-03,326
2021-01-03,325
2021-01-03,326
2021-01-04,335
2021-01-04,335
2021-01-04,333
2021-01-04,337
2021-01-05,345.5
2021-01-05,346
2021-01-05,344
2021-01-05,347
2021-01-06,354
2021-01-06,354
2021-01-06,353
2021-01-06,355
2021-01-07,361.5
2021-01-07,362
2021-01-07,360
2021-01-07,363
2021-01-08,368.5
2021-01-08,369
2021-01-08,367
2021-01-08,370
2021-01-09,375.5
2021-01-09,376
2021-01-09,374
2021-01-09,377
2021-01-10,385
2021-01-10,385
2021-01-10,383
2021-01-10,387
2021-01-11,393.5
2021-01-11,394
2021-01-11,392
2021-01-11,395
2021-01-12,404.5
2021-01-12,405
2021-01-12,403
2021-01-12,406
2021-01-13,411.5
2021-01-13,412
2021-01-13,411
2021-01-13,412
2021-01-14,418.5
2021-01-14,419
2021-01-14,418
2021-01-14,419
2021-01-15,416.5
2021-01-15,417
2021-01-15,416
2021-01-15,417
2021-01-16,433.5
2021-01-16,434
2021-01-16,433
2021-01-16,434
2021-01-17,437.5
2021-01-17,438
2021-01-17,437
2021-01-17,438
2021-01-18,442
2021-01-18,442
2021-01-18,441
2021-01-18,443
2021-01-19,448.5
2021-01-19,449
2021-01-19,447
2021-01-19,450
2021-01-20,456.5
2021-01-20,457
2021-01-20,455
2021-01-20,458
2021-01-21,465.5
2021-01-21,466
2021-01-21,464
2021-01-21,467
2021-01-22,470
2021-01-22,470
2021-01-22,469
2021-01-22,471
2021-01-23,477
2021-01-23,477
2021-01-23,476
2021-01-23,478
2021-01-24,482
2021-01-24,482
2021-01-24,481
2021-01-24,483
2021-01-25,485.5
2021-01-25,486
2021-01-25,485
2021-01-25,486
2021-01-26,493.5
2021-01-26,494
2021-01-26,492
2021-01-26,495
2021-01-27,503.5
2021-01-27,504
2021-01-27,503
2021-01-27,504
2021-01-28,510
2021-01-28,510
2021-01-28,509
2021-01-28,511
2021-01-29,517.5
2021-01-29,518
2021-01-29,516
2021-01-29,519
2021-01-30,525
2021-01-30,525
2021-01-30,525
2021-01-30,525
2021-01-31,533.5
2021-01-31,534
2021-01-31,533
2021-01-31,534
2021-02-01,539.5
2021-02-01,540
2021-02-01,539
2021-02-01,540
2021-02-02,545
2021-02-02,545
2021-02-02,545
2021-02-02,545
2021-02-03,550.5
2021-02-03,551
2021-02-03,550
2021-02-03,551
2021-02-04,555.5
2021-02-04,556
2021-02-04,555
2021-02-04,556
2021-02-05,559.5
2021-02-05,560
2021-02-05,559
2021-02-05,560
2021-02-06,563
2021-02-06,563
2021-02-06,563
2021-02-06,563
2021-02-07,566.5
2021-02-07,567
2021-02-07,566
2021-02-07,567
2021-02-08,569.5
2021-02-08,570
2021-02-08,569
2021-02-08,570
2021-02-09,572
2021-02-09,572
2021-02-09,571
2021-02-09,573
2021-02-10,578
2021-02-10,578
2021-02-10,577
2021-02-10,579
2021-02-11,582.5
2021-02-11,583
2021-02-11,581
2021-02-11,584
2021-02-12,587
2021-02-12,587
2021-02-12,586
2021-02-12,588
2021-02-13,593
2021-02-13,593
2021-02-13,592
2021-02-13,594
2021-02-14,599.5
2021-02-14,600
2021-02-14,598
2021-02-14,601
2021-02-15,607
2021-02-15,607
2021-02-15,606
2021-02-15,608
2021-02-16,615
2021-02-16,615
2021-02-16,614
2021-02-16,616
2021-02-17,620
2021-02-17,620
2021-02-17,619
2021-02-17,621
2021-02-18,624
2021-02-18,624
2021-02-18,623
2021-02-18,625
2021-02-19,625.5
2021-02-19,626
2021-02-19,625
2021-02-19,626
2021-02-20,627
2021-02-20,627
2021-02-20,627
2021-02-20,627
2021-02-21,634
2021-02-21,634
2021-02-21,634
2021-02-21,634
2021-02-22,636.5
2021-02-22,637
2021-02-22,636
2021-02-22,637
2021-02-23,640
2021-02-23,640
2021-02-23,640
2021-02-23,640
2021-02-24,642
2021-02-24,642
2021-02-24,641
2021-02-24,643
2021-02-25,646
2021-02-25,646
2021-02-25,645
2021-02-25,647
2021-02-26,651.5
2021-02-26,652
2021-02-26,651
2021-02-26,652
2021-02-27,658.5
2021-02-27,659
2021-02-27,655
2021-02-27,662
2021-02-28,668
2021-02-28,668
2021-02-28,667
2021-02-28,669
2021-03-01,677
2021-03-01,677
2021-03-01,675
2021-03-01,679
2021-03-02,684
2021-03-02,684
2021-03-02,683
2021-03-02,685
2021-03-03,690
2021-03-03,690
2021-03-03,689
2021-03-03,691
2021-03-04,695
2021-03-04,695
2021-03-04,694
2021-03-04,696
2021-03-05,698.5
2021-03-05,699
2021-03-05,698
2021-03-05,699
2021-03-06,701.5
2021-03-06,702
2021-03-06,701
2021-03-06,702
2021-03-07,705.5
2021-03-07,706
2021-03-07,705
2021-03-07,706
2021-03-08,708.5
2021-03-08,709
2021-03-08,708
2021-03-08,709
2021-03-09,715.5
2021-03-09,716
2021-03-09,714
2021-03-09,717
2021-03-10,724
2021-03-10,724
2021-03-10,723
2021-03-10,725
2021-03-11,733
2021-03-11,733
2021-03-11,731
2021-03-11,735
2021-03-12,739.5
2021-03-12,740
2021-03-12,738
2021-03-12,741
2021-03-13,743.5
2021-03-13,744
2021-03-13,743
2021-03-13,744
2021-03-14,746.5
2021-03-14,747
2021-03-14,746
2021-03-14,747
2021-03-15,748.5
2021-03-15,749
2021-03-15,748
2021-03-15,749
2021-03-16,751.5
2021-03-16,752
2021-03-16,751
2021-03-16,752
2021-03-17,754.5
2021-03-17,755
2021-03-17,754
2021-03-17,755
2021-03-18,758
2021-03-18,758
2021-03-18,757
2021-03-18,759
2021-03-19,762.5
2021-03-19,763
2021-03-19,762
2021-03-19,763
2021-03-20,766
2021-03-20,766
2021-03-20,765
2021-03-20,767
2021-03-21,768.5
2021-03-21,769
2021-03-21,768
2021-03-21,769
2021-03-22,770.5
2021-03-22,771
2021-03-22,770
2021-03-22,771
2021-03-23,771
2021-03-23,771
2021-03-23,771
2021-03-23,771
2021-03-24,773
2021-03-24,773
2021-03-24,772
2021-03-24,774
2021-03-25,780
2021-03-25,780
2021-03-25,779
2021-03-25,781
2021-03-26,785.5
2021-03-26,786
2021-03-26,785
2021-03-26,786
2021-03-27,789
2021-03-27,789
2021-03-27,788
2021-03-27,790
2021-03-28,795
2021-03-28,795
2021-03-28,794
2021-03-28,796
2021-03-29,798
2021-03-29,798
2021-03-29,798
2021-03-29,798
2021-03-30,801
2021-03-30,801
2021-03-30,800
2021-03-30,802
2021-03-31,804
2021-03-31,804
2021-03-31,804
2021-03-31,804
2021-04-01,812
2021-04-01,812
2021-04-01,810
2021-04-01,814
2021-04-02,817
2021-04-02,817
2021-04-02,816
2021-04-02,818
2021-04-03,820.5
2021-04-03,821
2021-04-03,820
2021-04-03,821
2021-04-04,824
2021-04-04,824
2021-04-04,823
2021-04-04,825
2021-04-05,822
2021-04-05,822
2021-04-05,820
2021-04-05,824
2021-04-06,826.5
2021-04-06,827
2021-04-06,826
2021-04-06,827
2021-04-07,828
2021-04-07,828
2021-04-07,828
2021-04-07,828
2021-04-08,828
2021-04-08,828
2021-04-08,828
2021-04-08,828
2021-04-09,828.5
2021-04-09,829
2021-04-09,828
2021-04-09,829
2021-04-10,830
2021-04-10,830
2021-04-10,830
2021-04-10,830
2021-04-11,831.5
2021-04-11,832
2021-04-11,831
2021-04-11,832
2021-04-12,834.5
2021-04-12,835
2021-04-12,834
2021-04-12,835
2021-04-13,836.5
2021-04-13,837
2021-04-13,836
2021-04-13,837
2021-04-14,838.5
2021-04-14,839
2021-04-14,838
2021-04-14,839
2021-04-15,842
2021-04-15,842
2021-04-15,841
2021-04-15,843
2021-04-16,844.5
2021-04-16,845
2021-04-16,844
2021-04-16,845
2021-04-17,846
2021-04-17,846
2021-04-17,846
2021-04-17,846
2021-04-18,851
2021-04-18,851
2021-04-18,850
2021-04-18,852
2021-04-19,855
2021-04-19,855
2021-04-19,854
2021-04-19,856
2021-04-20,861
2021-04-20,861
2021-04-20,860
2021-04-20,862
2021-04-21,863.5
2021-04-21,864
2021-04-21,863
2021-04-21,864
2021-04-22,863.5
2021-04-22,864
2021-04-22,863
2021-04-22,864
2021-04-23,866
2021-04-23,866
2021-04-23,866
2021-04-23,866
2021-04-24,867.5
2021-04-24,868
2021-04-24,867
2021-04-24,868
2021-04-25,870
2021-04-25,870
2021-04-25,870
2021-04-25,870
2021-04-26,872.5
2021-04-26,873
2021-04-26,872
2021-04-26,873
2021-04-27,877.5
2021-04-27,878
2021-04-27,876
2021-04-27,879
2021-04-28,881
2021-04-28,881
2021-04-28,880
2021-04-28,882
2021-04-29,885
2021-04-29,885
2021-04-29,884
2021-04-29,886
2021-04-30,887.5
2021-04-30,888
2021-04-30,888
2021-04-30,887
2021-05-01,890
2021-05-01,890
2021-05-01,890
2021-05-01,890
2021-05-02,893
2021-05-02,893
2021-05-02,892
2021-05-02,894
2021-05-03,896
2021-05-03,896
2021-05-03,896
2021-05-03,896
2021-05-04,899.5
2021-05-04,900
2021-05-04,899
2021-05-04,900
2021-05-05,902
2021-05-05,902
2021-05-05,902
2021-05-05,902
2021-05-06,904.5
2021-05-06,905
2021-05-06,904
2021-05-06,905
2021-05-07,906.5
2021-05-07,907
2021-05-07,906
2021-05-07,907
2021-05-08,908.5
2021-05-08,909
2021-05-08,908
2021-05-08,909
2021-05-09,909.5
2021-05-09,910
2021-05-09,909
2021-05-09,910
2021-05-10,913
2021-05-10,913
2021-05-10,912
2021-05-10,914
2021-05-11,916
2021-05-11,916
2021-05-11,917
2021-05-11,915
2021-05-12,918.5
2021-05-12,919
2021-05-12,918
2021-05-12,919
2021-05-13,921
2021-05-13,921
2021-05-13,920
2021-05-13,922
2021-05-14,922.5
2021-05-14,923
2021-05-14,922
2021-05-14,923
2021-05-15,924.5
2021-05-15,925
2021-05-15,924
2021-05-15,925
2021-05-16,926
2021-05-16,926
2021-05-16,926
2021-05-16,926
2021-05-17,926.5
2021-05-17,927
2021-05-17,926
2021-05-17,927
2021-05-18,928
2021-05-18,928
2021-05-18,928
2021-05-18,928
2021-05-19,928.5
2021-05-19,929
2021-05-19,928
2021-05-19,929
2021-05-20,929
2021-05-20,929
2021-05-20,929
2021-05-20,929
2021-05-21,929
2021-05-21,929
2021-05-21,929
2021-05-21,929
2021-05-22,929
2021-05-22,929
2021-05-22,929
2021-05-22,929
2021-05-23,929
2021-05-23,929
2021-05-23,929
2021-05-23,929
2021-05-24,930
2021-05-24,930
2021-05-24,930
2021-05-24,930
2021-05-25,930
2021-05-25,930
2021-05-25,930
2021-05-25,930
2021-05-26,930
2021-05-26,930
2021-05-26,930
2021-05-26,930
2021-05-27,930.5
2021-05-27,931
2021-05-27,931
2021-05-27,930
2021-05-28,930
2021-05-28,930
2021-05-28,930
2021-05-28,930
2021-05-29,932
2021-05-29,932
2021-05-29,931
2021-05-29,933
2021-05-30,933
2021-05-30,933
2021-05-30,933
2021-05-30,933
2021-05-31,932
2021-05-31,932
2021-05-31,932
2021-05-31,932
2021-06-01,931
2021-06-01,931
2021-06-01,931
2021-06-01,931
2021-06-02,930.5
2021-06-02,931
2021-06-02,930
2021-06-02,931
2021-06-03,930.5
2021-06-03,931
2021-06-03,931
2021-06-03,930
2021-06-04,930
2021-06-04,930
2021-06-04,931
2021-06-04,929
2021-06-05,928.5
2021-06-05,929
2021-06-05,929
2021-06-05,928
2021-06-06,927
2021-06-06,927
2021-06-06,927
2021-06-06,927
2021-06-07,925
2021-06-07,925
2021-06-07,925
2021-06-07,925
2021-06-08,924
2021-06-08,924
2021-06-08,924
2021-06-08,924
2021-06-09,922.5
2021-06-09,923
2021-06-09,922
2021-06-09,923
2021-06-10,924
2021-06-10,924
2021-06-10,924
2021-06-10,924
2021-06-11,924
2021-06-11,924
2021-06-11,924
2021-06-11,924
2021-06-12,922.5
2021-06-12,923
2021-06-12,923
2021-06-12,922
2021-06-13,920.5
2021-06-13,921
2021-06-13,921
2021-06-13,920
2021-06-14,919
2021-06-14,919
2021-06-14,919
2021-06-14,919
2021-06-15,919.5
2021-06-15,920
2021-06-15,919
2021-06-15,920
2021-06-16,919
2021-06-16,919
2021-06-16,919
2021-06-16,919
2021-06-17,920
2021-06-17,920
2021-06-17,920
2021-06-17,920
2021-06-18,919
2021-06-18,919
2021-06-18,919
2021-06-18,919
2021-06-19,919
2021-06-19,919
2021-06-19,919
2021-06-19,919
2021-06-20,918.5
2021-06-20,919
2021-06-20,919
2021-06-20,918
2021-06-21,918
2021-06-21,918
2021-06-21,918
2021-06-21,918
2021-06-22,916
2021-06-22,916
2021-06-22,916
2021-06-22,916
2021-06-23,915
2021-06-23,915
2021-06-23,915
2021-06-23,915
2021-06-24,915
2021-06-24,915
2021-06-24,915
2021-06-24,915
2021-06-25,913.5
2021-06-25,914
2021-06-25,914
2021-06-25,913
2021-06-26,912
2021-06-26,912
2021-06-26,912
2021-06-26,912
2021-06-27,910.5
2021-06-27,911
2021-06-27,911
2021-06-27,910
2021-06-28,909
2021-06-28,909
2021-06-28,909
2021-06-28,909
2021-06-29,908
2021-06-29,908
2021-06-29,908
2021-06-29,908
2021-06-30,906
2021-06-30,906
2021-06-30,906
2021-06-30,906
2021-07-01,903
2021-07-01,903
2021-07-01,903
2021-07-01,903
2021-07-02,899
2021-07-02,899
2021-07-02,899
2021-07-02,899
2021-07-03,898
2021-07-03,898
2021-07-03,898
2021-07-03,898
2021-07-04,898
2021-07-04,898
2021-07-04,898
2021-07-04,898
2021-07-05,897
2021-07-05,897
2021-07-05,898
2021-07-05,896
2021-07-06,894
2021-07-06,894
2021-07-06,894
2021-07-06,894
2021-07-07,891.5
2021-07-07,892
2021-07-07,892
2021-07-07,891
2021-07-08,890
2021-07-08,890
2021-07-08,890
2021-07-08,890
2021-07-09,888.5
2021-07-09,889
2021-07-09,889
2021-07-09,888
2021-07-10,886.5
2021-07-10,887
2021-07-10,887
2021-07-10,886
2021-07-11,885
2021-07-11,885
2021-07-11,885
2021-07-11,885
2021-07-12,884
2021-07-12,884
2021-07-12,884
2021-07-12,884
2021-07-13,883
2021-07-13,883
2021-07-13,883
2021-07-13,883
2021-07-14,882
2021-07-14,882
2021-07-14,882
2021-07-14,882
2021-07-15,881
2021-07-15,881
2021-07-15,881
2021-07-15,881
2021-07-16,879.5
2021-07-16,880
2021-07-16,880
2021-07-16,879
2021-07-17,877
2021-07-17,877
2021-07-17,878
2021-07-17,876
2021-07-18,874.5
2021-07-18,875
2021-07-18,875
2021-07-18,874
2021-07-19,872.5
2021-07-19,873
2021-07-19,873
2021-07-19,872
2021-07-20,868
2021-07-20,868
2021-07-20,869
2021-07-20,867
2021-07-21,865.5
2021-07-21,866
2021-07-21,866
2021-07-21,865
2021-07-22,863
2021-07-22,863
2021-07-22,864
2021-07-22,862
2021-07-23,859.5
2021-07-23,860
2021-07-23,860
2021-07-23,859
2021-07-24,855
2021-07-24,855
2021-07-24,856
2021-07-24,854
2021-07-25,851.5
2021-07-25,852
2021-07-25,853
2021-07-25,850
2021-07-26,847
2021-07-26,847
2021-07-26,848
2021-07-26,846
2021-07-27,843
2021-07-27,843
2021-07-27,844
2021-07-27,842
2021-07-28,839
2021-07-28,839
2021-07-28,840
2021-07-28,838
2021-07-29,833.5
2021-07-29,834
2021-07-29,835
2021-07-29,832
2021-07-30,829
2021-07-30,829
2021-07-30,830
2021-07-30,828
2021-07-31,827.5
2021-07-31,828
2021-07-31,828
2021-07-31,827
2021-08-01,826
2021-08-01,825.5
2021-08-01,826
2021-08-01,825
2021-08-02,824
2021-08-02,823.5
2021-08-02,824
2021-08-02,823
2021-08-03,821
2021-08-03,820.5
2021-08-03,822
2021-08-03,819
2021-08-04,816
2021-08-04,815.5
2021-08-04,817
2021-08-04,814
2021-08-05,811
2021-08-05,811
2021-08-05,812
2021-08-05,810
2021-08-06,806
2021-08-06,805.5
2021-08-06,807
2021-08-06,804
2021-08-07,799
2021-08-07,799
2021-08-07,800
2021-08-07,798
2021-08-08,795
2021-08-08,795
2021-08-08,796
2021-08-08,794
2021-08-09,791
2021-08-09,790.5
2021-08-09,792
2021-08-09,789
2021-08-10,781
2021-08-10,781
2021-08-10,782
2021-08-10,780
2021-08-11,779
2021-08-11,778.5
2021-08-11,779
2021-08-11,778
2021-08-12,778
2021-08-12,777.5
2021-08-12,778
2021-08-12,777
2021-08-13,776
2021-08-13,776
2021-08-13,776
2021-08-13,776
2021-08-14,774
2021-08-14,774
2021-08-14,774
2021-08-14,774
2021-08-15,772
2021-08-15,772
2021-08-15,772
2021-08-15,772
2021-08-16,767
2021-08-16,767
2021-08-16,768
2021-08-16,766
2021-08-17,766
2021-08-17,765.5
2021-08-17,766
2021-08-17,765
2021-08-18,763
2021-08-18,763
2021-08-18,764
2021-08-18,762
2021-08-19,760
2021-08-19,759.5
2021-08-19,760
2021-08-19,759
2021-08-20,755
2021-08-20,755
2021-08-20,756
2021-08-20,754
2021-08-21,751
2021-08-21,751
2021-08-21,752
2021-08-21,750
2021-08-22,747
2021-08-22,747
2021-08-22,748
2021-08-22,746
2021-08-23,740
2021-08-23,739.5
2021-08-23,740
2021-08-23,739
2021-08-24,736
2021-08-24,736
2021-08-24,737
2021-08-24,735
2021-08-25,729
2021-08-25,729
2021-08-25,730
2021-08-25,728
2021-08-26,725
2021-08-26,725
2021-08-26,726
2021-08-26,724
2021-08-27,718
2021-08-27,718
2021-08-27,719
2021-08-27,717
2021-08-28,712
2021-08-28,712
2021-08-28,714
2021-08-28,710
2021-08-29,707
2021-08-29,706.5
2021-08-29,708
2021-08-29,705
2021-08-30,699
2021-08-30,699
2021-08-30,700
2021-08-30,698
2021-08-31,693
2021-08-31,693
2021-08-31,694
2021-08-31,692
2021-09-01,689.5
2021-09-01,690
2021-09-01,690
2021-09-01,689
2021-09-02,681.5
2021-09-02,682
2021-09-02,683
2021-09-02,680
2021-09-03,673
2021-09-03,673
2021-09-03,674
2021-09-03,672
2021-09-04,669
2021-09-04,669
2021-09-04,670
2021-09-04,668
2021-09-05,655
2021-09-05,655
2021-09-05,656
2021-09-05,654
2021-09-06,649.5
2021-09-06,650
2021-09-06,651
2021-09-06,648
2021-09-07,644
2021-09-07,644
2021-09-07,646
2021-09-07,642
2021-09-08,639
2021-09-08,639
2021-09-08,640
2021-09-08,638
2021-09-09,635
2021-09-09,635
2021-09-09,636
2021-09-09,634
2021-09-10,631
2021-09-10,631
2021-09-10,632
2021-09-10,630
2021-09-11,626
2021-09-11,626
2021-09-11,628
2021-09-11,624
2021-09-12,618
2021-09-12,618
2021-09-12,620
2021-09-12,616
2021-09-13,610.5
2021-09-13,611
2021-09-13,612
2021-09-13,609
2021-09-14,604.5
2021-09-14,605
2021-09-14,607
2021-09-14,602
2021-09-15,595.5
2021-09-15,596
2021-09-15,596
2021-09-15,595
2021-09-16,584.5
2021-09-16,585
2021-09-16,587
2021-09-16,582
2021-09-17,575.5
2021-09-17,576
2021-09-17,576
2021-09-17,575
2021-09-18,567
2021-09-18,567
2021-09-18,569
2021-09-18,565
2021-09-19,558.5
2021-09-19,559
2021-09-19,560
2021-09-19,557
2021-09-20,552
2021-09-20,552
2021-09-20,554
2021-09-20,550
2021-09-21,544
2021-09-21,544
2021-09-21,546
2021-09-21,542
2021-09-22,536
2021-09-22,536
2021-09-22,538
2021-09-22,534
2021-09-23,528.5
2021-09-23,529
2021-09-23,530
2021-09-23,527
2021-09-24,522
2021-09-24,522
2021-09-24,524
2021-09-24,520
2021-09-25,513
2021-09-25,513
2021-09-25,516
2021-09-25,510
2021-09-26,503
2021-09-26,503
2021-09-26,506
2021-09-26,500
2021-09-27,495
2021-09-27,495
2021-09-27,496
2021-09-27,494
2021-09-28,483
2021-09-28,483
2021-09-28,486
2021-09-28,480
2021-09-29,474
2021-09-29,474
2021-09-29,476
2021-09-29,472
2021-09-30,463.5
2021-09-30,464
2021-09-30,466
2021-09-30,461
2021-10-01,452
2021-10-01,451
2021-10-01,454
2021-10-01,448
2021-10-02,440
2021-10-02,440
2021-10-02,441
2021-10-02,439
2021-10-03,431
2021-10-03,430
2021-10-03,432
2021-10-03,428
2021-10-04,422
2021-10-04,422
2021-10-04,424
2021-10-04,420
2021-10-05,414
2021-10-05,415
2021-10-05,416
2021-10-05,414
2021-10-06,410
2021-10-06,408
2021-10-06,410
2021-10-06,406
2021-10-07,401
2021-10-07,402
2021-10-07,404
2021-10-07,400
2021-10-08,395
2021-10-08,394.5
2021-10-08,395
2021-10-08,394
2021-10-09,390
2021-10-09,390
2021-10-09,392
2021-10-09,388
2021-10-10,383
2021-10-10,383.5
2021-10-10,385
2021-10-10,382
2021-10-11,376
2021-10-11,376
2021-10-11,378
2021-10-11,374
2021-10-12,369
2021-10-12,369
2021-10-12,371
2021-10-12,367
2021-10-13,362
2021-10-13,360.5
2021-10-13,363
2021-10-13,358
2021-10-14,351
2021-10-14,349.5
2021-10-14,351
2021-10-14,348
2021-10-15,340
2021-10-15,341
2021-10-15,344
2021-10-15,338
2021-10-16,330
2021-10-16,330
2021-10-16,332
2021-10-16,328
2021-10-17,321
2021-10-17,321
2021-10-17,325
2021-10-17,317
2021-10-18,314
2021-10-18,313
2021-10-18,314
2021-10-18,312
2021-10-19,308
2021-10-19,308.5
2021-10-19,310
2021-10-19,307
2021-10-20,299
2021-10-20,301.5
2021-10-20,303
2021-10-20,300
2021-10-21,298
2021-10-21,297
2021-10-21,298
2021-10-21,296
2021-10-22,292
2021-10-22,292.5
2021-10-22,294
2021-10-22,291
2021-10-23,288
2021-10-23,288
2021-10-23,289
2021-10-23,287
2021-10-24,283
2021-10-24,282.5
2021-10-24,285
2021-10-24,280
2021-10-25,280
2021-10-25,277.5
2021-10-25,279
2021-10-25,276
2021-10-26,272
2021-10-26,270.5
2021-10-26,272
2021-10-26,269
2021-10-27,266
2021-10-27,265
2021-10-27,266
2021-10-27,264
2021-10-28,259
2021-10-28,259
2021-10-28,260
2021-10-28,258
2021-10-29,254
2021-10-29,253.5
2021-10-29,255
2021-10-29,252
2021-10-30,248
2021-10-30,246
2021-10-30,248
2021-10-30,244
2021-10-31,241
2021-10-31,237.5
2021-10-31,238
2021-10-31,237
2021-11-01,235.5
2021-11-01,236
2021-11-01,236
2021-11-01,235
2021-11-02,234
2021-11-02,237
2021-11-02,233
2021-11-02,235
2021-11-03,238
2021-11-03,238
2021-11-03,238
2021-11-03,238
2021-11-04,239
2021-11-04,237
2021-11-04,239
2021-11-04,239
2021-11-05,241
2021-11-05,239
2021-11-05,241
2021-11-05,241
2021-11-06,242
2021-11-06,241
2021-11-06,242
2021-11-06,242
2021-11-07,243
2021-11-07,242
2021-11-07,243
2021-11-07,243
2021-11-08,241.5
2021-11-08,240
2021-11-08,243
2021-11-08,240
2021-11-09,245.5
2021-11-09,243
2021-11-09,246
2021-11-09,245
2021-11-10,246
2021-11-10,244
2021-11-10,245
2021-11-10,247
2021-11-11,248
2021-11-11,246
2021-11-11,247
2021-11-11,249
2021-11-12,250
2021-11-12,250
2021-11-12,250
2021-11-12,250
2021-11-13,250
2021-11-13,250
2021-11-13,250
2021-11-13,250
2021-11-14,250
2021-11-14,251
2021-11-14,250
2021-11-14,250
2021-11-15,250
2021-11-15,249
2021-11-15,250
2021-11-15,250
2021-11-16,250
2021-11-16,250
2021-11-16,250
2021-11-16,250
2021-11-17,254
2021-11-17,252
2021-11-17,253
2021-11-17,255
2021-11-18,258
2021-11-18,254
2021-11-18,255
2021-11-18,261
2021-11-19,262
2021-11-19,256
2021-11-19,257
2021-11-19,267
2021-11-20,268
2021-11-20,263
2021-11-20,265
2021-11-20,271
2021-11-21,273.5
2021-11-21,268
2021-11-21,270
2021-11-21,277
2021-11-22,279
2021-11-22,274
2021-11-22,276
2021-11-22,282
2021-11-23,284
2021-11-23,280
2021-11-23,281
2021-11-23,287
2021-11-24,288.5
2021-11-24,286
2021-11-24,286
2021-11-24,291
2021-11-25,293.5
2021-11-25,289
2021-11-25,290
2021-11-25,297
2021-11-26,299
2021-11-26,294
2021-11-26,297
2021-11-26,301
2021-11-27,302
2021-11-27,298
2021-11-27,300
2021-11-27,304
2021-11-28,305.5
2021-11-28,302
2021-11-28,303
2021-11-28,308
2021-11-29,307
2021-11-29,305
2021-11-29,307
2021-11-29,307
2021-11-30,310.5
2021-11-30,310
2021-11-30,310
2021-11-30,311
2021-12-01,314
2021-12-01,314
2021-12-01,313
2021-12-01,315
2021-12-02,321.5
2021-12-02,322
2021-12-02,320
2021-12-02,323
2021-12-03,327.5
2021-12-03,326
2021-12-03,326
2021-12-03,329
2021-12-04,335
2021-12-04,335
2021-12-04,332
2021-12-04,338
2021-12-05,341.5
2021-12-05,338
2021-12-05,340
2021-12-05,343
2021-12-06,347
2021-12-06,346
2021-12-06,346
2021-12-06,348
2021-12-07,355.5
2021-12-07,353
2021-12-07,353
2021-12-07,358
2021-12-08,361.5
2021-12-08,359
2021-12-08,360
2021-12-08,363
2021-12-09,366.5
2021-12-09,366
2021-12-09,366
2021-12-09,367
2021-12-10,373
2021-12-10,372
2021-12-10,372
2021-12-10,374
2021-12-11,377
2021-12-11,378
2021-12-11,375
2021-12-11,379
2021-12-12,383.5
2021-12-12,385
2021-12-12,381
2021-12-12,386
2021-12-13,394
2021-12-13,392
2021-12-13,392
2021-12-13,396
2021-12-14,401
2021-12-14,398
2021-12-14,400
2021-12-14,402
2021-12-15,405.5
2021-12-15,404
2021-12-15,405
2021-12-15,406
2021-12-16,413.5
2021-12-16,411
2021-12-16,411
2021-12-16,416
2021-12-17,421
2021-12-17,419
2021-12-17,420
2021-12-17,422
2021-12-18,429
2021-12-18,427
2021-12-18,428
2021-12-18,430
2021-12-19,435
2021-12-19,433
2021-12-19,434
2021-12-19,436
2021-12-20,439
2021-12-20,438
2021-12-20,438
2021-12-20,440
2021-12-21,445
2021-12-21,442
2021-12-21,444
2021-12-21,446
2021-12-22,448
2021-12-22,446
2021-12-22,448
2021-12-22,448
2021-12-23,452.5
2021-12-23,451
2021-12-23,451
2021-12-23,454
2021-12-24,458
2021-12-24,455
2021-12-24,456
2021-12-24,460
2021-12-25,466.5
2021-12-25,464
2021-12-25,465
2021-12-25,468
2021-12-26,475
2021-12-26,468
2021-12-26,479
2021-12-26,471
2021-12-27,474
2021-12-27,472
2021-12-27,473
2021-12-27,475
2021-12-28,480.5
2021-12-28,479
2021-12-28,480
2021-12-28,481
2021-12-29,485.5
2021-12-29,484
2021-12-29,485
2021-12-29,486
2021-12-30,494
2021-12-30,490
2021-12-30,492
2021-12-30,496
2021-12-31,498
2021-12-31,498
2021-12-31,497
2021-12-31,499
2022-01-01,511
2022-01-01,511
2022-01-01,510
2022-01-01,512
2022-01-02,518
2022-01-02,518
2022-01-02,516
2022-01-02,520
2022-01-03,525
2022-01-03,524.5
2022-01-03,524
2022-01-03,525
2022-01-04,536
2022-01-04,535.5
2022-01-04,534
2022-01-04,537
2022-01-05,543
2022-01-05,542.5
2022-01-05,541
2022-01-05,544
2022-01-06,547
2022-01-06,547
2022-01-06,546
2022-01-06,548
2022-01-07,554
2022-01-07,553.5
2022-01-07,553
2022-01-07,554
2022-01-08,562
2022-01-08,562
2022-01-08,561
2022-01-08,563
2022-01-09,568
2022-01-09,568
2022-01-09,567
2022-01-09,569
2022-01-10,575
2022-01-10,574.5
2022-01-10,573
2022-01-10,576
2022-01-11,577
2022-01-11,576.5
2022-01-11,576
2022-01-11,577
2022-01-12,579
2022-01-12,579
2022-01-12,579
2022-01-12,579
2022-01-13,580
2022-01-13,580
2022-01-13,580
2022-01-13,580
2022-01-14,581
2022-01-14,581
2022-01-14,582
2022-01-14,580
2022-01-15,583
2022-01-15,582.5
2022-01-15,582
2022-01-15,583
2022-01-16,584
2022-01-16,584
2022-01-16,584
2022-01-16,584
2022-01-17,585
2022-01-17,584.5
2022-01-17,584
2022-01-17,585
2022-01-18,589
2022-01-18,588.5
2022-01-18,587
2022-01-18,590
2022-01-19,591
2022-01-19,591
2022-01-19,591
2022-01-19,591
2022-01-20,592
2022-01-20,592
2022-01-20,592
2022-01-20,592
2022-01-21,593
2022-01-21,592.5
2022-01-21,593
2022-01-21,592
2022-01-22,595
2022-01-22,595
2022-01-22,595
2022-01-22,595
2022-01-23,596
2022-01-23,595.5
2022-01-23,596
2022-01-23,595
2022-01-24,595
2022-01-24,595
2022-01-24,595
2022-01-24,595
2022-01-25,597
2022-01-25,596.5
2022-01-25,596
2022-01-25,597
2022-01-26,600
2022-01-26,599.5
2022-01-26,599
2022-01-26,600
2022-01-27,603
2022-01-27,602.5
2022-01-27,602
2022-01-27,603
2022-01-28,605
2022-01-28,604.5
2022-01-28,604
2022-01-28,605
2022-01-29,607
2022-01-29,606.5
2022-01-29,606
2022-01-29,607
2022-01-30,607
2022-01-30,607
2022-01-30,607
2022-01-30,607
2022-01-31,607
2022-01-31,607
2022-01-31,607
2022-01-31,607
2022-02-01,605
2022-02-01,605
2022-02-01,607
2022-02-01,603
2022-02-02,603
2022-02-02,603
2022-02-02,603
2022-02-02,603
2022-02-03,602
2022-02-03,602
2022-02-03,603
2022-02-03,601
2022-02-04,601
2022-02-04,601
2022-02-04,601
2022-02-04,601
2022-02-05,603
2022-02-05,602.5
2022-02-05,603
2022-02-05,602
2022-02-06,606
2022-02-06,605.5
2022-02-06,606
2022-02-06,605
2022-02-07,607
2022-02-07,607
2022-02-07,606
2022-02-07,608
2022-02-08,611
2022-02-08,610.5
2022-02-08,610
2022-02-08,611
2022-02-09,612
2022-02-09,611.5
2022-02-09,611
2022-02-09,612
2022-02-10,616
2022-02-10,615.5
2022-02-10,619
2022-02-10,612
2022-02-11,615
2022-02-11,614.5
2022-02-11,614
2022-02-11,615
2022-02-12,616
2022-02-12,615.5
2022-02-12,616
2022-02-12,615
2022-02-13,615
2022-02-13,615
2022-02-13,615
2022-02-13,615
2022-02-14,615
2022-02-14,615
2022-02-14,615
2022-02-14,615
2022-02-15,623
2022-02-15,623
2022-02-15,622
2022-02-15,624
2022-02-16,626
2022-02-16,625.5
2022-02-16,625
2022-02-16,626
2022-02-17,629
2022-02-17,629
2022-02-17,628
2022-02-17,630
2022-02-18,637
2022-02-18,636.5
2022-02-18,635
2022-02-18,638
2022-02-19,642
2022-02-19,642
2022-02-19,641
2022-02-19,643
2022-02-20,647
2022-02-20,646.5
2022-02-20,646
2022-02-20,647
2022-02-21,651
2022-02-21,650.5
2022-02-21,650
2022-02-21,651
2022-02-22,653
2022-02-22,653
2022-02-22,653
2022-02-22,653
2022-02-23,654
2022-02-23,654
2022-02-23,654
2022-02-23,654
2022-02-24,657
2022-02-24,656.5
2022-02-24,656
2022-02-24,657
2022-02-25,658
2022-02-25,657.5
2022-02-25,657
2022-02-25,658
2022-02-26,659
2022-02-26,658.5
2022-02-26,658
2022-02-26,659
2022-02-27,659
2022-02-27,659
2022-02-27,659
2022-02-27,659
2022-02-28,663
2022-02-28,662.5
2022-02-28,662
2022-02-28,663
2022-03-01,664.5
2022-03-01,665
2022-03-01,664
2022-03-01,665
2022-03-02,666.5
2022-03-02,667
2022-03-02,666
2022-03-02,667
2022-03-03,669
2022-03-03,669
2022-03-03,669
2022-03-03,669
2022-03-04,670
2022-03-04,670
2022-03-04,669
2022-03-04,671
2022-03-05,674
2022-03-05,674
2022-03-05,672
2022-03-05,676
2022-03-06,675.5
2022-03-06,676
2022-03-06,674
2022-03-06,677
2022-03-07,681
2022-03-07,681
2022-03-07,681
2022-03-07,681
2022-03-08,687
2022-03-08,687
2022-03-08,686
2022-03-08,688
2022-03-09,700.5
2022-03-09,701
2022-03-09,700
2022-03-09,701
2022-03-10,703.5
2022-03-10,704
2022-03-10,703
2022-03-10,704
2022-03-11,707
2022-03-11,707
2022-03-11,706
2022-03-11,708
2022-03-12,710.5
2022-03-12,711
2022-03-12,710
2022-03-12,711
2022-03-13,712.5
2022-03-13,713
2022-03-13,712
2022-03-13,713
2022-03-14,719.5
2022-03-14,720
2022-03-14,715
2022-03-14,724
2022-03-15,725.5
2022-03-15,726
2022-03-15,725
2022-03-15,726
2022-03-16,728.5
2022-03-16,729
2022-03-16,728
2022-03-16,729
2022-03-17,734
2022-03-17,734
2022-03-17,732
2022-03-17,736
2022-03-18,741.5
2022-03-18,742
2022-03-18,741
2022-03-18,742
2022-03-19,744
2022-03-19,744
2022-03-19,743
2022-03-19,745
2022-03-20,751.5
2022-03-20,752
2022-03-20,751
2022-03-20,752
2022-03-21,760.5
2022-03-21,761
2022-03-21,759
2022-03-21,762
2022-03-22,766.5
2022-03-22,767
2022-03-22,765
2022-03-22,768
2022-03-23,772.5
2022-03-23,773
2022-03-23,771
2022-03-23,774
2022-03-24,778
2022-03-24,778
2022-03-24,777
2022-03-24,779
2022-03-25,784
2022-03-25,784
2022-03-25,783
2022-03-25,785
2022-03-26,789.5
2022-03-26,790
2022-03-26,788
2022-03-26,791
2022-03-27,796
2022-03-27,796
2022-03-27,795
2022-03-27,797
2022-03-28,805
2022-03-28,805
2022-03-28,804
2022-03-28,806
2022-03-29,813.5
2022-03-29,814
2022-03-29,812
2022-03-29,815
2022-03-30,819
2022-03-30,819
2022-03-30,818
2022-03-30,820
2022-03-31,819
2022-03-31,819
2022-03-31,819
2022-03-31,819
2022-04-01,823
2022-04-01,823
2022-04-01,822
2022-04-01,824
2022-04-02,831
2022-04-02,831
2022-04-02,828
2022-04-02,834
2022-04-03,848.5
2022-04-03,849
2022-04-03,848
2022-04-03,849
2022-04-04,850
2022-04-04,850
2022-04-04,850
2022-04-04,850
2022-04-05,856.5
2022-04-05,857
2022-04-05,855
2022-04-05,858
2022-04-06,862
2022-04-06,862
2022-04-06,862
2022-04-06,862
2022-04-07,864
2022-04-07,864
2022-04-07,863
2022-04-07,865
2022-04-08,867.5
2022-04-08,868
2022-04-08,866
2022-04-08,869
2022-04-09,875.5
2022-04-09,876
2022-04-09,872
2022-04-09,879
2022-04-10,876.5
2022-04-10,877
2022-04-10,876
2022-04-10,877
2022-04-11,880.5
2022-04-11,881
2022-04-11,880
2022-04-11,881
2022-04-12,884
2022-04-12,884
2022-04-12,883
2022-04-12,885
2022-04-13,885.5
2022-04-13,886
2022-04-13,885
2022-04-13,886
2022-04-14,887.5
2022-04-14,888
2022-04-14,887
2022-04-14,888
2022-04-15,889.5
2022-04-15,890
2022-04-15,889
2022-04-15,890
2022-04-16,892.5
2022-04-16,893
2022-04-16,892
2022-04-16,893
2022-04-17,894.5
2022-04-17,895
2022-04-17,894
2022-04-17,895
2022-04-18,896.5
2022-04-18,897
2022-04-18,896
2022-04-18,897
2022-04-19,902
2022-04-19,902
2022-04-19,900
2022-04-19,904
2022-04-20,907
2022-04-20,907
2022-04-20,906
2022-04-20,908
2022-04-21,910
2022-04-21,910
2022-04-21,910
2022-04-21,910
2022-04-22,910
2022-04-22,910
2022-04-22,910
2022-04-22,910
2022-04-23,910
2022-04-23,910
2022-04-23,910
2022-04-23,910
2022-04-24,910
2022-04-24,910
2022-04-24,910
2022-04-24,910
2022-04-25,910
2022-04-25,910
2022-04-25,910
2022-04-25,910
2022-04-26,911
2022-04-26,911
2022-04-26,911
2022-04-26,911
2022-04-27,911.5
2022-04-27,912
2022-04-27,911
2022-04-27,912
2022-04-28,912.5
2022-04-28,913
2022-04-28,912
2022-04-28,913
2022-04-29,913
2022-04-29,913
2022-04-29,913
2022-04-29,913
2022-04-30,915
2022-04-30,915
2022-04-30,915
2022-04-30,915
2022-05-01,916.5
2022-05-01,917
2022-05-01,916
2022-05-01,917
2022-05-02,919
2022-05-02,919
2022-05-02,919
2022-05-02,919
2022-05-03,919.5
2022-05-03,920
2022-05-03,919
2022-05-03,920
2022-05-04,922
2022-05-04,922
2022-05-04,922
2022-05-04,922
2022-05-05,922.5
2022-05-05,923
2022-05-05,922
2022-05-05,923
2022-05-06,923.5
2022-05-06,924
2022-05-06,923
2022-05-06,924
2022-05-07,925.5
2022-05-07,926
2022-05-07,925
2022-05-07,926
2022-05-08,927.5
2022-05-08,928
2022-05-08,927
2022-05-08,928
2022-05-09,929
2022-05-09,929
2022-05-09,929
2022-05-09,929
2022-05-10,928.5
2022-05-10,929
2022-05-10,929
2022-05-10,928
2022-05-11,927
2022-05-11,927
2022-05-11,927
2022-05-11,927
2022-05-12,926
2022-05-12,926
2022-05-12,926
2022-05-12,926
2022-05-13,926
2022-05-13,926
2022-05-13,926
2022-05-13,926
2022-05-14,925
2022-05-14,925
2022-05-14,925
2022-05-14,925
2022-05-15,925
2022-05-15,925
2022-05-15,925
2022-05-15,925
2022-05-16,925.5
2022-05-16,926
2022-05-16,925
2022-05-16,926
2022-05-17,928.5
2022-05-17,929
2022-05-17,928
2022-05-17,929
2022-05-18,930.5
2022-05-18,931
2022-05-18,930
2022-05-18,931
2022-05-19,935
2022-05-19,935
2022-05-19,935
2022-05-19,935
2022-05-20,935
2022-05-20,935
2022-05-20,935
2022-05-20,935
2022-05-21,935
2022-05-21,935
2022-05-21,935
2022-05-21,935
2022-05-22,934
2022-05-22,934
2022-05-22,934
2022-05-22,934
2022-05-23,934
2022-05-23,934
2022-05-23,934
2022-05-23,934
2022-05-24,933
2022-05-24,933
2022-05-24,933
2022-05-24,933
2022-05-25,932
2022-05-25,932
2022-05-25,932
2022-05-25,932
2022-05-26,931
2022-05-26,931
2022-05-26,931
2022-05-26,931
2022-05-27,929
2022-05-27,929
2022-05-27,929
2022-05-27,929
2022-05-28,927.5
2022-05-28,928
2022-05-28,928
2022-05-28,927
2022-05-29,926
2022-05-29,926
2022-05-29,926
2022-05-29,926
2022-05-30,925
2022-05-30,925
2022-05-30,925
2022-05-30,925
2022-05-31,925
2022-05-31,925
2022-05-31,925
2022-05-31,925
2022-06-01,924
2022-06-01,924
2022-06-01,924
2022-06-01,924
2022-06-02,923
2022-06-02,923
2022-06-02,923
2022-06-02,923
2022-06-03,921.5
2022-06-03,922
2022-06-03,921
2022-06-03,922
2022-06-04,920
2022-06-04,920
2022-06-04,920
2022-06-04,920
2022-06-05,918.5
2022-06-05,919
2022-06-05,919
2022-06-05,918
2022-06-06,919.5
2022-06-06,920
2022-06-06,919
2022-06-06,920
2022-06-07,917.5
2022-06-07,918
2022-06-07,918
2022-06-07,917
2022-06-08,918
2022-06-08,918
2022-06-08,918
2022-06-08,918
2022-06-09,916
2022-06-09,916
2022-06-09,916
2022-06-09,916
2022-06-10,913
2022-06-10,913
2022-06-10,913
2022-06-10,913
2022-06-11,911
2022-06-11,911
2022-06-11,911
2022-06-11,911
2022-06-12,911.5
2022-06-12,912
2022-06-12,912
2022-06-12,911
2022-06-13,910
2022-06-13,910
2022-06-13,910
2022-06-13,910
2022-06-14,911
2022-06-14,911
2022-06-14,911
2022-06-14,911
2022-06-15,910.5
2022-06-15,911
2022-06-15,911
2022-06-15,910
2022-06-16,910
2022-06-16,910
2022-06-16,910
2022-06-16,910
2022-06-17,910
2022-06-17,910
2022-06-17,910
2022-06-17,910
2022-06-18,910
2022-06-18,910
2022-06-18,910
2022-06-18,910
2022-06-19,909
2022-06-19,909
2022-06-19,909
2022-06-19,909
2022-06-20,909.5
2022-06-20,910
2022-06-20,909
2022-06-20,910
2022-06-21,909
2022-06-21,909
2022-06-21,909
2022-06-21,909
2022-06-22,909
2022-06-22,909
2022-06-22,909
2022-06-22,909
2022-06-23,908
2022-06-23,908
2022-06-23,908
2022-06-23,908
2022-06-24,907
2022-06-24,907
2022-06-24,907
2022-06-24,907
2022-06-25,907
2022-06-25,907
2022-06-25,907
2022-06-25,907
2022-06-26,902.5
2022-06-26,903
2022-06-26,903
2022-06-26,902
2022-06-27,896
2022-06-27,896
2022-06-27,896
2022-06-27,896
2022-06-28,894
2022-06-28,894
2022-06-28,894
2022-06-28,894
2022-06-29,894
2022-06-29,894
2022-06-29,894
2022-06-29,894
2022-06-30,891
2022-06-30,891
2022-06-30,891
2022-06-30,891
2022-07-01,890
2022-07-01,889.5
2022-07-01,890
2022-07-01,889
2022-07-02,888
2022-07-02,887.5
2022-07-02,888
2022-07-02,887
2022-07-03,886
2022-07-03,886
2022-07-03,886
2022-07-03,886
2022-07-04,885
2022-07-04,885
2022-07-04,885
2022-07-04,885
2022-07-05,884
2022-07-05,884
2022-07-05,885
2022-07-05,883
2022-07-06,882
2022-07-06,882
2022-07-06,883
2022-07-06,881
2022-07-07,880
2022-07-07,880
2022-07-07,881
2022-07-07,879
2022-07-08,878
2022-07-08,877.5
2022-07-08,879
2022-07-08,876
2022-07-09,875
2022-07-09,875
2022-07-09,877
2022-07-09,873
2022-07-10,872
2022-07-10,871.5
2022-07-10,874
2022-07-10,869
2022-07-11,868
2022-07-11,867.5
2022-07-11,870
2022-07-11,865
2022-07-12,864
2022-07-12,863.5
2022-07-12,866
2022-07-12,861
2022-07-13,860
2022-07-13,859.5
2022-07-13,862
2022-07-13,857
2022-07-14,857
2022-07-14,856.5
2022-07-14,858
2022-07-14,855
2022-07-15,854
2022-07-15,853.5
2022-07-15,854
2022-07-15,853
2022-07-16,852
2022-07-16,851.5
2022-07-16,852
2022-07-16,851
2022-07-17,849
2022-07-17,849
2022-07-17,849
2022-07-17,849
2022-07-18,847
2022-07-18,846.5
2022-07-18,847
2022-07-18,846
2022-07-19,845
2022-07-19,844.5
2022-07-19,845
2022-07-19,844
2022-07-20,842
2022-07-20,842
2022-07-20,842
2022-07-20,842
2022-07-21,840
2022-07-21,840
2022-07-21,840
2022-07-21,840
2022-07-22,837
2022-07-22,837
2022-07-22,837
2022-07-22,837
2022-07-23,833
2022-07-23,833
2022-07-23,834
2022-07-23,832
2022-07-24,828
2022-07-24,828
2022-07-24,829
2022-07-24,827
2022-07-25,824
2022-07-25,824
2022-07-25,825
2022-07-25,823
2022-07-26,818
2022-07-26,818
2022-07-26,819
2022-07-26,817
2022-07-27,814
2022-07-27,813.5
2022-07-27,814
2022-07-27,813
2022-07-28,809
2022-07-28,808.5
2022-07-28,809
2022-07-28,808
2022-07-29,805
2022-07-29,804.5
2022-07-29,805
2022-07-29,804
2022-07-30,802
2022-07-30,802
2022-07-30,802
2022-07-30,802
2022-07-31,800
2022-07-31,800
2022-07-31,801
2022-07-31,799
2022-08-01,797
2022-08-01,796.5
2022-08-01,797
2022-08-01,796
2022-08-02,795
2022-08-02,794.5
2022-08-02,795
2022-08-02,794
2022-08-03,793
2022-08-03,792.5
2022-08-03,793
2022-08-03,792
2022-08-04,790
2022-08-04,789.5
2022-08-04,790
2022-08-04,789
2022-08-05,785
2022-08-05,784.5
2022-08-05,785
2022-08-05,784
2022-08-06,781
2022-08-06,781
2022-08-06,782
2022-08-06,780
2022-08-07,777
2022-08-07,776.5
2022-08-07,777
2022-08-07,776
2022-08-08,771
2022-08-08,771
2022-08-08,772
2022-08-08,770
2022-08-09,766
2022-08-09,765.5
2022-08-09,767
2022-08-09,764
2022-08-10,760
2022-08-10,760
2022-08-10,762
2022-08-10,758
2022-08-11,755
2022-08-11,755
2022-08-11,756
2022-08-11,754
2022-08-12,750
2022-08-12,749.5
2022-08-12,751
2022-08-12,748
2022-08-13,745
2022-08-13,744.5
2022-08-13,746
2022-08-13,743
2022-08-14,739
2022-08-14,739
2022-08-14,740
2022-08-14,738
2022-08-15,735
2022-08-15,735
2022-08-15,736
2022-08-15,734
2022-08-16,731
2022-08-16,731
2022-08-16,732
2022-08-16,730
2022-08-17,726
2022-08-17,725.5
2022-08-17,727
2022-08-17,724
2022-08-18,721
2022-08-18,721
2022-08-18,722
2022-08-18,720
2022-08-19,716
2022-08-19,716
2022-08-19,718
2022-08-19,714
2022-08-20,711
2022-08-20,711
2022-08-20,712
2022-08-20,710
2022-08-21,709
2022-08-21,709
2022-08-21,710
2022-08-21,708
2022-08-22,707
2022-08-22,706.5
2022-08-22,707
2022-08-22,706
2022-08-23,700
2022-08-23,699.5
2022-08-23,701
2022-08-23,698
2022-08-24,693
2022-08-24,693
2022-08-24,694
2022-08-24,692
2022-08-25,687
2022-08-25,687
2022-08-25,688
2022-08-25,686
2022-08-26,683
2022-08-26,683
2022-08-26,684
2022-08-26,682
2022-08-27,679
2022-08-27,679
2022-08-27,680
2022-08-27,678
2022-08-28,675
2022-08-28,675
2022-08-28,676
2022-08-28,674
2022-08-29,671
2022-08-29,671
2022-08-29,672
2022-08-29,670
2022-08-30,667
2022-08-30,667
2022-08-30,668
2022-08-30,666
2022-08-31,661
2022-08-31,661
2022-08-31,662
2022-08-31,660
2022-09-01,657
2022-09-01,657
2022-09-01,658
2022-09-01,656
2022-09-02,651
2022-09-02,651
2022-09-02,652
2022-09-02,650
2022-09-03,644
2022-09-03,644
2022-09-03,646
2022-09-03,642
2022-09-04,638
2022-09-04,638
2022-09-04,640
2022-09-04,636
2022-09-05,631
2022-09-05,631
2022-09-05,632
2022-09-05,630
2022-09-06,624.5
2022-09-06,625
2022-09-06,626
2022-09-06,623
2022-09-07,618
2022-09-07,618
2022-09-07,620
2022-09-07,616
2022-09-08,610
2022-09-08,610
2022-09-08,612
2022-09-08,608
2022-09-09,603.5
2022-09-09,604
2022-09-09,605
2022-09-09,602
2022-09-10,596.5
2022-09-10,597
2022-09-10,598
2022-09-10,595
2022-09-11,589
2022-09-11,589
2022-09-11,590
2022-09-11,588
2022-09-12,582
2022-09-12,582
2022-09-12,584
2022-09-12,580
2022-09-13,575.5
2022-09-13,576
2022-09-13,577
2022-09-13,574
2022-09-14,569.5
2022-09-14,570
2022-09-14,571
2022-09-14,568
2022-09-15,561.5
2022-09-15,562
2022-09-15,563
2022-09-15,560
2022-09-16,552
2022-09-16,552
2022-09-16,554
2022-09-16,550
2022-09-17,544
2022-09-17,544
2022-09-17,546
2022-09-17,542
2022-09-18,534
2022-09-18,534
2022-09-18,536
2022-09-18,532
2022-09-19,525
2022-09-19,525
2022-09-19,528
2022-09-19,522
2022-09-20,513.5
2022-09-20,514
2022-09-20,517
2022-09-20,510
2022-09-21,503.5
2022-09-21,504
2022-09-21,506
2022-09-21,501
2022-09-22,491
2022-09-22,491
2022-09-22,494
2022-09-22,488
2022-09-23,480
2022-09-23,480
2022-09-23,482
2022-09-23,478
2022-09-24,470.5
2022-09-24,471
2022-09-24,472
2022-09-24,469
2022-09-25,458
2022-09-25,458
2022-09-25,460
2022-09-25,456
2022-09-26,449
2022-09-26,449
2022-09-26,452
2022-09-26,446
2022-09-27,438
2022-09-27,438
2022-09-27,440
2022-09-27,436
2022-09-28,418
2022-09-28,418
2022-09-28,410
2022-09-28,426
2022-09-29,417
2022-09-29,417
2022-09-29,420
2022-09-29,414
2022-09-30,407
2022-09-30,407
2022-09-30,410
2022-09-30,404
2022-10-01,396.5
2022-10-01,397
2022-10-01,401
2022-10-01,392
2022-10-02,383.5
2022-10-02,384
2022-10-02,386
2022-10-02,381
2022-10-03,371
2022-10-03,371
2022-10-03,374
2022-10-03,368
2022-10-04,357
2022-10-04,357
2022-10-04,360
2022-10-04,354
2022-10-05,342.5
2022-10-05,343
2022-10-05,345
2022-10-05,340
2022-10-06,327.5
2022-10-06,328
2022-10-06,331
2022-10-06,324
2022-10-07,315
2022-10-07,315
2022-10-07,318
2022-10-07,312
2022-10-08,303
2022-10-08,303
2022-10-08,306
2022-10-08,300
2022-10-09,291
2022-10-09,291
2022-10-09,294
2022-10-09,288
2022-10-10,281
2022-10-10,281
2022-10-10,284
2022-10-10,278
2022-10-11,269.5
2022-10-11,270
2022-10-11,272
2022-10-11,267
2022-10-12,257
2022-10-12,257
2022-10-12,260
2022-10-12,254
2022-10-13,243.5
2022-10-13,244
2022-10-13,247
2022-10-13,240
2022-10-14,231
2022-10-14,231
2022-10-14,234
2022-10-14,228
2022-10-15,218
2022-10-15,218
2022-10-15,221
2022-10-15,215
2022-10-16,204.5
2022-10-16,205
2022-10-16,208
2022-10-16,201
2022-10-17,193
2022-10-17,193
2022-10-17,200
2022-10-17,186
2022-10-18,173.5
2022-10-18,174
2022-10-18,176
2022-10-18,171
2022-10-19,159.5
2022-10-19,160
2022-10-19,161
2022-10-19,158
2022-10-20,144
2022-10-20,144
2022-10-20,146
2022-10-20,142
2022-10-21,133
2022-10-21,133
2022-10-21,135
2022-10-21,131
2022-10-22,123
2022-10-22,123
2022-10-22,124
2022-10-22,122
2022-10-23,117
2022-10-23,117
2022-10-23,118
2022-10-23,116
2022-10-24,112.5
2022-10-24,113
2022-10-24,114
2022-10-24,111
2022-10-25,109
2022-10-25,109
2022-10-25,110
2022-10-25,108
2022-10-26,105
2022-10-26,105
2022-10-26,106
2022-10-26,104
2022-10-27,102
2022-10-27,102
2022-10-27,103
2022-10-27,101
2022-10-28,99.5
2022-10-28,100
2022-10-28,101
2022-10-28,98
2022-10-29,99
2022-10-29,99
2022-10-29,102
2022-10-29,96
2022-10-30,94.5
2022-10-30,95
2022-10-30,96
2022-10-30,93
2022-10-31,89.5
2022-10-31,90
2022-10-31,90
2022-10-31,89
2022-11-01,88
2022-11-01,88
2022-11-01,88
2022-11-01,88
2022-11-02,89
2022-11-02,89
2022-11-02,88
2022-11-02,90
2022-11-03,88.5
2022-11-03,89
2022-11-03,90
2022-11-03,87
2022-11-04,83
2022-11-04,83
2022-11-04,82
2022-11-04,84
2022-11-05,84
2022-11-05,84
2022-11-05,82
2022-11-05,86
2022-11-06,91.5
2022-11-06,92
2022-11-06,88
2022-11-06,95
2022-11-07,100
2022-11-07,100
2022-11-07,98
2022-11-07,102
2022-11-08,109.5
2022-11-08,110
2022-11-08,108
2022-11-08,111
2022-11-09,117.5
2022-11-09,118
2022-11-09,116
2022-11-09,119
2022-11-10,127
2022-11-10,127
2022-11-10,126
2022-11-10,128
2022-11-11,132.5
2022-11-11,133
2022-11-11,132
2022-11-11,133
2022-11-12,138
2022-11-12,138
2022-11-12,140
2022-11-12,136
2022-11-13,140
2022-11-13,140
2022-11-13,140
2022-11-13,140
2022-11-14,143.5
2022-11-14,144
2022-11-14,143
2022-11-14,144
2022-11-15,146.5
2022-11-15,147
2022-11-15,147
2022-11-15,146
2022-11-16,150.5
2022-11-16,151
2022-11-16,151
2022-11-16,150
2022-11-17,150
2022-11-17,150
2022-11-17,150
2022-11-17,150
2022-11-18,150
2022-11-18,150
2022-11-18,150
2022-11-18,150
2022-11-19,150
2022-11-19,150
2022-11-19,150
2022-11-19,150
2022-11-20,152
2022-11-20,152
2022-11-20,152
2022-11-20,152
2022-11-21,154
2022-11-21,154
2022-11-21,154
2022-11-21,154
2022-11-22,156
2022-11-22,156
2022-11-22,156
2022-11-22,156
2022-11-23,159.5
2022-11-23,160
2022-11-23,158
2022-11-23,161
2022-11-24,165.5
2022-11-24,166
2022-11-24,166
2022-11-24,165
2022-11-25,167.5
2022-11-25,168
2022-11-25,168
2022-11-25,167
2022-11-26,170
2022-11-26,170
2022-11-26,170
2022-11-26,170
2022-11-27,173
2022-11-27,173
2022-11-27,174
2022-11-27,172
2022-11-28,172.5
2022-11-28,173
2022-11-28,174
2022-11-28,171
2022-11-29,173.5
2022-11-29,174
2022-11-29,175
2022-11-29,172
2022-11-30,172
2022-11-30,172
2022-11-30,172
2022-11-30,172
2022-12-01,172
2022-12-01,172
2022-12-01,172
2022-12-01,172
2022-12-02,174
2022-12-02,174
2022-12-02,174
2022-12-02,174
2022-12-03,176
2022-12-03,175.5
2022-12-03,175
2022-12-03,176
2022-12-04,176
2022-12-04,175.5
2022-12-04,176
2022-12-04,175
2022-12-05,176
2022-12-05,175.5
2022-12-05,175
2022-12-05,176
2022-12-06,179
2022-12-06,178.5
2022-12-06,179
2022-12-06,178
2022-12-07,182
2022-12-07,181.5
2022-12-07,180
2022-12-07,183
2022-12-08,185
2022-12-08,185
2022-12-08,184
2022-12-08,186
2022-12-09,189
2022-12-09,189
2022-12-09,189
2022-12-09,189
2022-12-10,194
2022-12-10,193.5
2022-12-10,194
2022-12-10,193
2022-12-11,198
2022-12-11,198
2022-12-11,198
2022-12-11,198
2022-12-12,200
2022-12-12,200
2022-12-12,200
2022-12-12,200
2022-12-13,201
2022-12-13,200.5
2022-12-13,201
2022-12-13,200
2022-12-14,203
2022-12-14,202.5
2022-12-14,202
2022-12-14,203
2022-12-15,203
2022-12-15,202.5
2022-12-15,203
2022-12-15,202
2022-12-16,202
2022-12-16,202
2022-12-16,202
2022-12-16,202
2022-12-17,204
2022-12-17,203.5
2022-12-17,203
2022-12-17,204
2022-12-18,206
2022-12-18,205.5
2022-12-18,205
2022-12-18,206
2022-12-19,209
2022-12-19,208.5
2022-12-19,208
2022-12-19,209
2022-12-20,211
2022-12-20,210.5
2022-12-20,210
2022-12-20,211
2022-12-21,214
2022-12-21,213.5
2022-12-21,213
2022-12-21,214
2022-12-22,220
2022-12-22,220
2022-12-22,220
2022-12-22,220
2022-12-23,224
2022-12-23,224
2022-12-23,224
2022-12-23,224
2022-12-24,224
2022-12-24,224
2022-12-24,224
2022-12-24,224
2022-12-25,227
2022-12-25,226.5
2022-12-25,226
2022-12-25,227
2022-12-26,230
2022-12-26,230
2022-12-26,230
2022-12-26,230
2022-12-27,234
2022-12-27,234
2022-12-27,232
2022-12-27,236
2022-12-28,239
2022-12-28,238.5
2022-12-28,238
2022-12-28,239
2022-12-29,239
2022-12-29,239
2022-12-29,238
2022-12-29,240
2022-12-30,243
2022-12-30,242.5
2022-12-30,242
2022-12-30,243
2022-12-31,246
2022-12-31,245.5
2022-12-31,245
2022-12-31,246
2023-01-01,251
2023-01-01,251
2023-01-01,250
2023-01-01,252
2023-01-02,255
2023-01-02,255
2023-01-02,254
2023-01-02,256
2023-01-03,260.5
2023-01-03,261
2023-01-03,259
2023-01-03,262
2023-01-04,266.5
2023-01-04,267
2023-01-04,265
2023-01-04,268
2023-01-05,270.5
2023-01-05,271
2023-01-05,270
2023-01-05,271
2023-01-06,276
2023-01-06,276
2023-01-06,275
2023-01-06,277
2023-01-07,283.5
2023-01-07,284
2023-01-07,283
2023-01-07,284
2023-01-08,287.5
2023-01-08,288
2023-01-08,287
2023-01-08,288
2023-01-09,289
2023-01-09,289
2023-01-09,289
2023-01-09,289
2023-01-10,287.5
2023-01-10,288
2023-01-10,293
2023-01-10,282
2023-01-11,299
2023-01-11,299
2023-01-11,298
2023-01-11,300
2023-01-12,300.5
2023-01-12,301
2023-01-12,300
2023-01-12,301
2023-01-13,302
2023-01-13,302
2023-01-13,302
2023-01-13,302
2023-01-14,306.5
2023-01-14,307
2023-01-14,305
2023-01-14,308
2023-01-15,309
2023-01-15,309
2023-01-15,308
2023-01-15,310
2023-01-16,311
2023-01-16,311
2023-01-16,311
2023-01-16,311
2023-01-17,313.5
2023-01-17,314
2023-01-17,313
2023-01-17,314
2023-01-18,320.5
2023-01-18,321
2023-01-18,318
2023-01-18,323
2023-01-19,326.5
2023-01-19,327
2023-01-19,326
2023-01-19,327
2023-01-20,334.5
2023-01-20,335
2023-01-20,333
2023-01-20,336
2023-01-21,343.5
2023-01-21,344
2023-01-21,341
2023-01-21,346
2023-01-22,350.5
2023-01-22,351
2023-01-22,349
2023-01-22,352
2023-01-23,358
2023-01-23,358
2023-01-23,357
2023-01-23,359
2023-01-24,367
2023-01-24,367
2023-01-24,367
2023-01-24,367
2023-01-25,376
2023-01-25,376
2023-01-25,373
2023-01-25,379
2023-01-26,382
2023-01-26,382
2023-01-26,381
2023-01-26,383
2023-01-27,388.5
2023-01-27,389
2023-01-27,388
2023-01-27,389
2023-01-28,390.5
2023-01-28,391
2023-01-28,390
2023-01-28,391
2023-01-29,393
2023-01-29,393
2023-01-29,392
2023-01-29,394
2023-01-30,396
2023-01-30,396
2023-01-30,395
2023-01-30,397
2023-01-31,400
2023-01-31,400
2023-01-31,399
2023-01-31,401
2023-02-01,404.5
2023-02-01,405
2023-02-01,404
2023-02-01,405
2023-02-02,408
2023-02-02,408
2023-02-02,407
2023-02-02,409
2023-02-03,411
2023-02-03,411
2023-02-03,411
2023-02-03,411
2023-02-04,417
2023-02-04,417
2023-02-04,416
2023-02-04,418
2023-02-05,424.5
2023-02-05,425
2023-02-05,423
2023-02-05,426
2023-02-06,431.5
2023-02-06,432
2023-02-06,430
2023-02-06,433
2023-02-07,439
2023-02-07,439
2023-02-07,438
2023-02-07,440
2023-02-08,446
2023-02-08,446
2023-02-08,445
2023-02-08,447
2023-02-09,453
2023-02-09,453
2023-02-09,452
2023-02-09,454
2023-02-10,461
2023-02-10,461
2023-02-10,460
2023-02-10,462
2023-02-11,471
2023-02-11,471
2023-02-11,468
2023-02-11,474
2023-02-12,479.5
2023-02-12,480
2023-02-12,478
2023-02-12,481
2023-02-13,487
2023-02-13,487
2023-02-13,484
2023-02-13,490
2023-02-14,496
2023-02-14,496
2023-02-14,494
2023-02-14,498
2023-02-15,503
2023-02-15,503
2023-02-15,503
2023-02-15,503
2023-02-16,512.5
2023-02-16,513
2023-02-16,507
2023-02-16,518
2023-02-17,520
2023-02-17,520
2023-02-17,519
2023-02-17,521
2023-02-18,525
2023-02-18,525
2023-02-18,524
2023-02-18,526
2023-02-19,531
2023-02-19,531
2023-02-19,529
2023-02-19,533
2023-02-20,542
2023-02-20,542
2023-02-20,538
2023-02-20,546
2023-02-21,548.5
2023-02-21,549
2023-02-21,547
2023-02-21,550
2023-02-22,566
2023-02-22,566
2023-02-22,559
2023-02-22,573
2023-02-23,579
2023-02-23,579
2023-02-23,578
2023-02-23,580
2023-02-24,584.5
2023-02-24,585
2023-02-24,584
2023-02-24,585
2023-02-25,593
2023-02-25,593
2023-02-25,594
2023-02-25,592
2023-02-26,595.5
2023-02-26,596
2023-02-26,595
2023-02-26,596
2023-02-27,600
2023-02-27,600
2023-02-27,598
2023-02-27,602
2023-02-28,604
2023-02-28,604
2023-02-28,604
2023-02-28,604
2023-03-01,608
2023-03-01,608
2023-03-01,606
2023-03-01,610
2023-03-02,612.5
2023-03-02,613
2023-03-02,610
2023-03-02,615
2023-03-03,616
2023-03-03,616
2023-03-03,616
2023-03-03,616
2023-03-04,619.5
2023-03-04,620
2023-03-04,619
2023-03-04,620
2023-03-05,628
2023-03-05,628
2023-03-05,626
2023-03-05,630
2023-03-06,638
2023-03-06,638
2023-03-06,637
2023-03-06,639
2023-03-07,641.5
2023-03-07,642
2023-03-07,640
2023-03-07,643
2023-03-08,649.5
2023-03-08,650
2023-03-08,647
2023-03-08,652
2023-03-09,655
2023-03-09,655
2023-03-09,656
2023-03-09,654
2023-03-10,657
2023-03-10,657
2023-03-10,657
2023-03-10,657
2023-03-11,661.5
2023-03-11,662
2023-03-11,660
2023-03-11,663
2023-03-12,665
2023-03-12,665
2023-03-12,665
2023-03-12,665
2023-03-13,666.5
2023-03-13,667
2023-03-13,666
2023-03-13,667
2023-03-14,662.5
2023-03-14,663
2023-03-14,661
2023-03-14,664
2023-03-15,664.5
2023-03-15,665
2023-03-15,664
2023-03-15,665
2023-03-16,666.5
2023-03-16,667
2023-03-16,666
2023-03-16,667
2023-03-17,672
2023-03-17,672
2023-03-17,672
2023-03-17,672
2023-03-18,673.5
2023-03-18,674
2023-03-18,673
2023-03-18,674
2023-03-19,674.5
2023-03-19,675
2023-03-19,674
2023-03-19,675
2023-03-20,672.5
2023-03-20,673
2023-03-20,670
2023-03-20,675
2023-03-21,675.5
2023-03-21,676
2023-03-21,675
2023-03-21,676
2023-03-22,681.5
2023-03-22,682
2023-03-22,683
2023-03-22,680
2023-03-23,680
2023-03-23,680
2023-03-23,680
2023-03-23,680
2023-03-24,685
2023-03-24,685
2023-03-24,684
2023-03-24,686
2023-03-25,693
2023-03-25,693
2023-03-25,692
2023-03-25,694
2023-03-26,695.5
2023-03-26,696
2023-03-26,695
2023-03-26,696
2023-03-27,704.5
2023-03-27,705
2023-03-27,700
2023-03-27,709
2023-03-28,706.5
2023-03-28,707
2023-03-28,706
2023-03-28,707
2023-03-29,710.5
2023-03-29,711
2023-03-29,709
2023-03-29,712
2023-03-30,714
2023-03-30,714
2023-03-30,712
2023-03-30,716
2023-03-31,720
2023-03-31,720
2023-03-31,720
2023-03-31,720
2023-04-01,724
2023-04-01,724
2023-04-01,723
2023-04-01,725
2023-04-02,728
2023-04-02,728
2023-04-02,727
2023-04-02,729
2023-04-03,733
2023-04-03,733
2023-04-03,732
2023-04-03,734
2023-04-04,737
2023-04-04,737
2023-04-04,737
2023-04-04,737
2023-04-05,738.5
2023-04-05,739
2023-04-05,738
2023-04-05,739
2023-04-06,742
2023-04-06,742
2023-04-06,742
2023-04-06,742
2023-04-07,744
2023-04-07,744
2023-04-07,743
2023-04-07,745
2023-04-08,746.5
2023-04-08,747
2023-04-08,746
2023-04-08,747
2023-04-09,748
2023-04-09,748
2023-04-09,748
2023-04-09,748
2023-04-10,749
2023-04-10,749
2023-04-10,749
2023-04-10,749
2023-04-11,750
2023-04-11,750
2023-04-11,750
2023-04-11,750
2023-04-12,752.5
2023-04-12,753
2023-04-12,752
2023-04-12,753
2023-04-13,753.5
2023-04-13,754
2023-04-13,753
2023-04-13,754
2023-04-14,754.5
2023-04-14,755
2023-04-14,754
2023-04-14,755
2023-04-15,755.5
2023-04-15,756
2023-04-15,755
2023-04-15,756
2023-04-16,756
2023-04-16,756
2023-04-16,756
2023-04-16,756
2023-04-17,758
2023-04-17,758
2023-04-17,757
2023-04-17,759
2023-04-18,760
2023-04-18,760
2023-04-18,760
2023-04-18,760
2023-04-19,764.5
2023-04-19,765
2023-04-19,764
2023-04-19,765
2023-04-20,766
2023-04-20,766
2023-04-20,765
2023-04-20,767
2023-04-21,770
2023-04-21,770
2023-04-21,770
2023-04-21,770
2023-04-22,772
2023-04-22,772
2023-04-22,772
2023-04-22,772
2023-04-23,775
2023-04-23,775
2023-04-23,774
2023-04-23,776
2023-04-24,784
2023-04-24,784
2023-04-24,780
2023-04-24,788
2023-04-25,790.5
2023-04-25,791
2023-04-25,790
2023-04-25,791
2023-04-26,793.5
2023-04-26,794
2023-04-26,792
2023-04-26,795
2023-04-27,798
2023-04-27,798
2023-04-27,798
2023-04-27,798
2023-04-28,799
2023-04-28,799
2023-04-28,799
2023-04-28,799
2023-04-29,802.5
2023-04-29,803
2023-04-29,802
2023-04-29,803
2023-04-30,806
2023-04-30,806
2023-04-30,803
2023-04-30,809
2023-05-01,811
2023-05-01,811
2023-05-01,811
2023-05-01,811
2023-05-02,811.5
2023-05-02,812
2023-05-02,811
2023-05-02,812
2023-05-03,812.5
2023-05-03,813
2023-05-03,812
2023-05-03,813
2023-05-04,813.5
2023-05-04,814
2023-05-04,813
2023-05-04,814
2023-05-05,815
2023-05-05,815
2023-05-05,814
2023-05-05,816
2023-05-06,817
2023-05-06,817
2023-05-06,817
2023-05-06,817
2023-05-07,818.5
2023-05-07,819
2023-05-07,818
2023-05-07,819
2023-05-08,820
2023-05-08,820
2023-05-08,820
2023-05-08,820
2023-05-09,818.5
2023-05-09,819
2023-05-09,819
2023-05-09,818
2023-05-10,820
2023-05-10,820
2023-05-10,820
2023-05-10,820
2023-05-11,820
2023-05-11,820
2023-05-11,820
2023-05-11,820
2023-05-12,820.5
2023-05-12,821
2023-05-12,820
2023-05-12,821
2023-05-13,820
2023-05-13,820
2023-05-13,820
2023-05-13,820
2023-05-14,820
2023-05-14,820
2023-05-14,820
2023-05-14,820
2023-05-15,821
2023-05-15,821
2023-05-15,821
2023-05-15,821
2023-05-16,822
2023-05-16,822
2023-05-16,822
2023-05-16,822
2023-05-17,824.5
2023-05-17,825
2023-05-17,824
2023-05-17,825
2023-05-18,825.5
2023-05-18,826
2023-05-18,825
2023-05-18,826
2023-05-19,826
2023-05-19,826
2023-05-19,826
2023-05-19,826
2023-05-20,827.5
2023-05-20,828
2023-05-20,827
2023-05-20,828
2023-05-21,828.5
2023-05-21,829
2023-05-21,828
2023-05-21,829
2023-05-22,829
2023-05-22,829
2023-05-22,829
2023-05-22,829
2023-05-23,829.5
2023-05-23,830
2023-05-23,829
2023-05-23,830
2023-05-24,830
2023-05-24,830
2023-05-24,830
2023-05-24,830
2023-05-25,830
2023-05-25,830
2023-05-25,830
2023-05-25,830
2023-05-26,829
2023-05-26,829
2023-05-26,829
2023-05-26,829
2023-05-27,829
2023-05-27,829
2023-05-27,829
2023-05-27,829
2023-05-28,827.5
2023-05-28,828
2023-05-28,828
2023-05-28,827
2023-05-29,824
2023-05-29,824
2023-05-29,824
2023-05-29,824
2023-05-30,821.5
2023-05-30,822
2023-05-30,823
2023-05-30,820
2023-05-31,819
2023-05-31,819
2023-05-31,820
2023-05-31,818
2023-06-01,816.5
2023-06-01,817
2023-06-01,817
2023-06-01,816
2023-06-02,815.5
2023-06-02,816
2023-06-02,816
2023-06-02,815
2023-06-03,813.5
2023-06-03,814
2023-06-03,814
2023-06-03,813
2023-06-04,812.5
2023-06-04,813
2023-06-04,813
2023-06-04,812
2023-06-05,811
2023-06-05,811
2023-06-05,811
2023-06-05,811
2023-06-06,810.5
2023-06-06,811
2023-06-06,811
2023-06-06,810
2023-06-07,809.5
2023-06-07,810
2023-06-07,810
2023-06-07,809
2023-06-08,809
2023-06-08,809
2023-06-08,809
2023-06-08,809
2023-06-09,808.5
2023-06-09,809
2023-06-09,809
2023-06-09,808
2023-06-10,806.5
2023-06-10,807
2023-06-10,807
2023-06-10,806
2023-06-11,805
2023-06-11,805
2023-06-11,806
2023-06-11,804
2023-06-12,804
2023-06-12,804
2023-06-12,804
2023-06-12,804
2023-06-13,803
2023-06-13,803
2023-06-13,803
2023-06-13,803
2023-06-14,801.5
2023-06-14,802
2023-06-14,802
2023-06-14,801
2023-06-15,800
2023-06-15,800
2023-06-15,800
2023-06-15,800
2023-06-16,801
2023-06-16,801
2023-06-16,802
2023-06-16,800
2023-06-17,798.5
2023-06-17,799
2023-06-17,799
2023-06-17,798
2023-06-18,797.5
2023-06-18,798
2023-06-18,798
2023-06-18,797
2023-06-19,797
2023-06-19,797
2023-06-19,797
2023-06-19,797
2023-06-20,795
2023-06-20,795
2023-06-20,796
2023-06-20,794
2023-06-21,795.5
2023-06-21,796
2023-06-21,796
2023-06-21,795
2023-06-22,795
2023-06-22,795
2023-06-22,795
2023-06-22,795
2023-06-23,794
2023-06-23,794
2023-06-23,794
2023-06-23,794
2023-06-24,791.5
2023-06-24,792
2023-06-24,793
2023-06-24,790
2023-06-25,788
2023-06-25,788
2023-06-25,789
2023-06-25,787
2023-06-26,785.5
2023-06-26,786
2023-06-26,786
2023-06-26,785
2023-06-27,783.5
2023-06-27,784
2023-06-27,784
2023-06-27,783
2023-06-28,781
2023-06-28,781
2023-06-28,782
2023-06-28,780
2023-06-29,777.5
2023-06-29,778
2023-06-29,779
2023-06-29,776
2023-06-30,773
2023-06-30,773
2023-06-30,774
2023-06-30,772
2023-07-01,769.5
2023-07-01,770
2023-07-01,770
2023-07-01,769
2023-07-02,767.5
2023-07-02,768
2023-07-02,768
2023-07-02,767
2023-07-03,765
2023-07-03,765
2023-07-03,766
2023-07-03,764
2023-07-04,763
2023-07-04,763
2023-07-04,764
2023-07-04,762
2023-07-05,762
2023-07-05,762
2023-07-05,762
2023-07-05,762
2023-07-06,761
2023-07-06,761
2023-07-06,761
2023-07-06,761
2023-07-07,759.5
2023-07-07,760
2023-07-07,760
2023-07-07,759
2023-07-08,759
2023-07-08,759
2023-07-08,759
2023-07-08,759
2023-07-09,759
2023-07-09,759
2023-07-09,759
2023-07-09,759
2023-07-10,758
2023-07-10,758
2023-07-10,758
2023-07-10,758
2023-07-11,755
2023-07-11,755
2023-07-11,755
2023-07-11,755
2023-07-12,754
2023-07-12,754
2023-07-12,754
2023-07-12,754
2023-07-13,752.5
2023-07-13,753
2023-07-13,753
2023-07-13,752
2023-07-14,750
2023-07-14,750
2023-07-14,750
2023-07-14,750
2023-07-15,748
2023-07-15,748
2023-07-15,749
2023-07-15,747
2023-07-16,742.5
2023-07-16,743
2023-07-16,745
2023-07-16,740
2023-07-17,737
2023-07-17,737
2023-07-17,738
2023-07-17,736
2023-07-18,729
2023-07-18,729
2023-07-18,730
2023-07-18,728
2023-07-19,724.5
2023-07-19,725
2023-07-19,726
2023-07-19,723
2023-07-20,719
2023-07-20,719
2023-07-20,720
2023-07-20,718
2023-07-21,714.5
2023-07-21,715
2023-07-21,716
2023-07-21,713
2023-07-22,711
2023-07-22,711
2023-07-22,711
2023-07-22,711
2023-07-23,707
2023-07-23,707
2023-07-23,708
2023-07-23,706
2023-07-24,702
2023-07-24,702
2023-07-24,704
2023-07-24,700
2023-07-25,695.5
2023-07-25,696
2023-07-25,696
2023-07-25,695
2023-07-26,690.5
2023-07-26,691
2023-07-26,691
2023-07-26,690
2023-07-27,684.5
2023-07-27,685
2023-07-27,686
2023-07-27,683
2023-07-28,678.5
2023-07-28,679
2023-07-28,679
2023-07-28,678
2023-07-29,676.5
2023-07-29,677
2023-07-29,677
2023-07-29,676
2023-07-30,669.5
2023-07-30,670
2023-07-30,670
2023-07-30,669
2023-07-31,666.5
2023-07-31,667
2023-07-31,668
2023-07-31,665
2023-08-01,663
2023-08-01,662.5
2023-08-01,663
2023-08-01,662
2023-08-02,659
2023-08-02,659
2023-08-02,660
2023-08-02,658
2023-08-03,655
2023-08-03,655
2023-08-03,656
2023-08-03,654
2023-08-04,653
2023-08-04,653
2023-08-04,653
2023-08-04,653
2023-08-05,649
2023-08-05,649
2023-08-05,650
2023-08-05,648
2023-08-06,646
2023-08-06,645.5
2023-08-06,646
2023-08-06,645
2023-08-07,646
2023-08-07,646
2023-08-07,646
2023-08-07,646
2023-08-08,648
2023-08-08,648
2023-08-08,648
2023-08-08,648
2023-08-09,644
2023-08-09,644
2023-08-09,646
2023-08-09,642
2023-08-10,635
2023-08-10,635
2023-08-10,638
2023-08-10,632
2023-08-11,629
2023-08-11,629
2023-08-11,630
2023-08-11,628
2023-08-12,627
2023-08-12,626.5
2023-08-12,627
2023-08-12,626
2023-08-13,614
2023-08-13,614
2023-08-13,618
2023-08-13,610
2023-08-14,603
2023-08-14,603
2023-08-14,606
2023-08-14,600
2023-08-15,597
2023-08-15,597
2023-08-15,598
2023-08-15,596
2023-08-16,592
2023-08-16,592
2023-08-16,594
2023-08-16,590
2023-08-17,589
2023-08-17,589
2023-08-17,590
2023-08-17,588
2023-08-18,582
2023-08-18,582
2023-08-18,584
2023-08-18,580
2023-08-19,573
2023-08-19,573
2023-08-19,576
2023-08-19,570
2023-08-20,569
2023-08-20,568.5
2023-08-20,569
2023-08-20,568
2023-08-21,566
2023-08-21,565.5
2023-08-21,567
2023-08-21,564
2023-08-22,560
2023-08-22,560
2023-08-22,560
2023-08-22,560
2023-08-23,556
2023-08-23,556
2023-08-23,558
2023-08-23,554
2023-08-24,549
2023-08-24,549
2023-08-24,550
2023-08-24,548
2023-08-25,539
2023-08-25,539
2023-08-25,540
2023-08-25,538
2023-08-26,533
2023-08-26,532.5
2023-08-26,536
2023-08-26,529
2023-08-27,523
2023-08-27,523
2023-08-27,526
2023-08-27,520
2023-08-28,515
2023-08-28,515
2023-08-28,517
2023-08-28,513
2023-08-29,506
2023-08-29,506
2023-08-29,508
2023-08-29,504
2023-08-30,499
2023-08-30,499
2023-08-30,500
2023-08-30,498
2023-08-31,490
2023-08-31,489.5
2023-08-31,493
2023-08-31,486
2023-09-01,482
2023-09-01,481.5
2023-09-01,483
2023-09-01,480
2023-09-02,476
2023-09-02,475.5
2023-09-02,478
2023-09-02,473
2023-09-03,470
2023-09-03,470
2023-09-03,471
2023-09-03,469
2023-09-04,463
2023-09-04,462.5
2023-09-04,465
2023-09-04,460
2023-09-05,454
2023-09-05,454
2023-09-05,458
2023-09-05,450
2023-09-06,444
2023-09-06,443.5
2023-09-06,447
2023-09-06,440
2023-09-07,437
2023-09-07,436.5
2023-09-07,439
2023-09-07,434
2023-09-08,425
2023-09-08,424.5
2023-09-08,428
2023-09-08,421
2023-09-09,415
2023-09-09,414.5
2023-09-09,418
2023-09-09,411
2023-09-10,401
2023-09-10,400.5
2023-09-10,406
2023-09-10,395
2023-09-11,385
2023-09-11,385
2023-09-11,388
2023-09-11,382
2023-09-12,374
2023-09-12,373.5
2023-09-12,377
2023-09-12,370
2023-09-13,360
2023-09-13,360
2023-09-13,363
2023-09-13,357
2023-09-14,343
2023-09-14,342.5
2023-09-14,345
2023-09-14,340
2023-09-15,334
2023-09-15,333.5
2023-09-15,337
2023-09-15,330
2023-09-16,324
2023-09-16,323.5
2023-09-16,328
2023-09-16,319
2023-09-17,308
2023-09-17,308
2023-09-17,313
2023-09-17,303
2023-09-18,295
2023-09-18,294.5
2023-09-18,299
2023-09-18,290
2023-09-19,278
2023-09-19,278
2023-09-19,282
2023-09-19,274
2023-09-20,261
2023-09-20,261
2023-09-20,266
2023-09-20,256
2023-09-21,245
2023-09-21,245
2023-09-21,250
2023-09-21,240
2023-09-22,226
2023-09-22,225.5
2023-09-22,231
2023-09-22,220
2023-09-23,208
2023-09-23,208
2023-09-23,215
2023-09-23,201
2023-09-24,188
2023-09-24,187.5
2023-09-24,193
2023-09-24,182
2023-09-25,168
2023-09-25,168
2023-09-25,170
2023-09-25,166
2023-09-26,154
2023-09-26,154
2023-09-26,158
2023-09-26,150
2023-09-27,137
2023-09-27,137
2023-09-27,143
2023-09-27,131
2023-09-28,125
2023-09-28,124.5
2023-09-28,128
2023-09-28,121
2023-09-29,116
2023-09-29,116
2023-09-29,119
2023-09-29,113
2023-09-30,105
2023-09-30,104.5
2023-09-30,108
2023-09-30,101
2023-10-01,97
2023-10-01,97
2023-10-01,98
2023-10-01,95
2023-10-02,85
2023-10-02,85
2023-10-02,87
2023-10-02,82
2023-10-03,74
2023-10-03,74
2023-10-03,79
2023-10-03,69
2023-10-04,62
2023-10-04,62
2023-10-04,69
2023-10-04,55
2023-10-05,50
2023-10-05,50
2023-10-05,50
2023-10-05,50
2023-10-06,37
2023-10-06,37
2023-10-06,40
2023-10-06,34
2023-10-07,15
2023-10-07,15
2023-10-07,20
2023-10-07,10
2023-10-08,-6
2023-10-08,-6
2023-10-08,-4
2023-10-08,-8
2023-10-09,-14
2023-10-09,-14
2023-10-09,-12
2023-10-09,-16
2023-10-10,-23
2023-10-10,-23
2023-10-10,-21
2023-10-10,-24
2023-10-11,-31
2023-10-11,-31
2023-10-11,-30
2023-10-11,-31
2023-10-12,-29
2023-10-12,-29
2023-10-12,-30
2023-10-12,-27
2023-10-13,-32
2023-10-13,-32
2023-10-13,-33
2023-10-13,-31
2023-10-14,-30
2023-10-14,-30
2023-10-14,-30
2023-10-14,-30
2023-10-15,-27
2023-10-15,-27
2023-10-15,-30
2023-10-15,-24
2023-10-16,-29
2023-10-16,-29
2023-10-16,-29
2023-10-16,-29
2023-10-17,-36
2023-10-17,-36
2023-10-17,-30
2023-10-17,-41
2023-10-18,-45
2023-10-18,-45
2023-10-18,-43
2023-10-18,-46
2023-10-19,-49
2023-10-19,-49
2023-10-19,-49
2023-10-19,-49
2023-10-20,-62
2023-10-20,-62
2023-10-20,-58
2023-10-20,-65
2023-10-21,-72
2023-10-21,-72
2023-10-21,-69
2023-10-21,-74
2023-10-22,-78
2023-10-22,-78
2023-10-22,-76
2023-10-22,-79
2023-10-23,-84
2023-10-23,-84
2023-10-23,-82
2023-10-23,-85
2023-10-24,-87
2023-10-24,-87
2023-10-24,-87
2023-10-24,-87
2023-10-25,-95
2023-10-25,-95
2023-10-25,-99
2023-10-25,-91
2023-10-26,-85
2023-10-26,-85
2023-10-26,-90
2023-10-26,-79
2023-10-27,-78
2023-10-27,-78
2023-10-27,-80
2023-10-27,-76
2023-10-28,-64
2023-10-28,-64
2023-10-28,-65
2023-10-28,-62
2023-10-29,-55
2023-10-29,-55
2023-10-29,-61
2023-10-29,-48
2023-10-30,-51
2023-10-30,-51
2023-10-30,-50
2023-10-30,-51
2023-10-31,-56
2023-10-31,-56
2023-11-01,-59
2023-11-01,-59
2023-11-01,-54
2023-11-01,-64
2023-11-02,-66
2023-11-02,-66
2023-11-02,-60
2023-11-02,-72
2023-11-03,-75
2023-11-03,-74.5
2023-11-03,-75
2023-11-03,-74
2023-11-04,-78
2023-11-04,-77.5
2023-11-04,-78
2023-11-04,-77
2023-11-05,-82
2023-11-05,-81.5
2023-11-05,-81
2023-11-05,-82
2023-11-06,-86
2023-11-06,-85.5
2023-11-06,-83
2023-11-06,-88
2023-11-07,-87
2023-11-07,-87
2023-11-07,-86
2023-11-07,-88
2023-11-08,-88
2023-11-08,-87.5
2023-11-08,-89
2023-11-08,-86
2023-11-09,-73
2023-11-09,-72.5
2023-11-09,-62
2023-11-09,-83
2023-11-10,-82
2023-11-10,-81.5
2023-11-10,-86
2023-11-10,-77
2023-11-11,-74
2023-11-11,-74
2023-11-11,-79
2023-11-11,-69
2023-11-12,-66
2023-11-12,-66
2023-11-12,-70
2023-11-12,-62
2023-11-13,-67
2023-11-13,-67
2023-11-13,-74
2023-11-13,-60
2023-11-14,-69
2023-11-14,-68.5
2023-11-14,-66
2023-11-14,-71
2023-11-15,-60
2023-11-15,-60
2023-11-15,-60
2023-11-15,-60
2023-11-16,-66
2023-11-16,-66
2023-11-16,-62
2023-11-16,-70
2023-11-17,-75
2023-11-17,-75
2023-11-17,-71
2023-11-17,-79
2023-11-18,-80
2023-11-18,-80
2023-11-18,-80
2023-11-18,-80
2023-11-19,-81
2023-11-19,-81
2023-11-19,-81
2023-11-19,-81
2023-11-20,-82
2023-11-20,-82
2023-11-20,-82
2023-11-20,-82
2023-11-21,-84
2023-11-21,-84
2023-11-21,-84
2023-11-21,-84
2023-11-22,-83
2023-11-22,-82.5
2023-11-22,-84
2023-11-22,-81
2023-11-23,-80
2023-11-23,-80
2023-11-23,-80
2023-11-23,-80
2023-11-24,-67
2023-11-24,-66.5
2023-11-24,-72
2023-11-24,-61
2023-11-25,-63
2023-11-25,-62.5
2023-11-25,-69
2023-11-25,-56
2023-11-26,-51
2023-11-26,-51
2023-11-26,-58
2023-11-26,-44
2023-11-27,-39
2023-11-27,-39
2023-11-27,-44
2023-11-27,-34
2023-11-28,-31
2023-11-28,-31
2023-11-28,-32
2023-11-28,-30
2023-11-29,-19
2023-11-29,-19
2023-11-29,-20
2023-11-29,-18
2023-11-30,-24
2023-11-30,-24
2023-11-30,-28
2023-11-30,-20
2023-12-01,-18
2023-12-01,-18
2023-12-01,-18
2023-12-01,-18
2023-12-02,-22.5
2023-12-02,-23
2023-12-02,-22
2023-12-02,-23
2023-12-03,-25
2023-12-03,-25
2023-12-03,-25
2023-12-03,-25
2023-12-04,-24
2023-12-04,-24
2023-12-04,-24
2023-12-04,-24
2023-12-05,-24
2023-12-05,-24
2023-12-05,-24
2023-12-05,-24
2023-12-06,-27.5
2023-12-06,-28
2023-12-06,-28
2023-12-06,-27
2023-12-07,-25.5
2023-12-07,-26
2023-12-07,-27
2023-12-07,-24
2023-12-08,-21
2023-12-08,-21
2023-12-08,-22
2023-12-08,-20
2023-12-09,-19
2023-12-09,-19
2023-12-09,-20
2023-12-09,-18
2023-12-10,-14
2023-12-10,-14
2023-12-10,-15
2023-12-10,-13
2023-12-11,-5
2023-12-11,-5
2023-12-11,-7
2023-12-11,-3
2023-12-12,10
2023-12-12,10
2023-12-12,8
2023-12-12,12
2023-12-13,19
2023-12-13,19
2023-12-13,18
2023-12-13,20
2023-12-14,30
2023-12-14,30
2023-12-14,28
2023-12-14,32
2023-12-15,37.5
2023-12-15,38
2023-12-15,39
2023-12-15,36
2023-12-16,43
2023-12-16,43
2023-12-16,40
2023-12-16,46
2023-12-17,58
2023-12-17,58
2023-12-17,58
2023-12-17,58
2023-12-18,60
2023-12-18,60
2023-12-18,60
2023-12-18,60
2023-12-19,61.5
2023-12-19,62
2023-12-19,61
2023-12-19,62
2023-12-20,72
2023-12-20,72
2023-12-20,70
2023-12-20,74
2023-12-21,83
2023-12-21,83
2023-12-21,81
2023-12-21,85
2023-12-22,91.5
2023-12-22,92
2023-12-22,89
2023-12-22,94
2023-12-23,97
2023-12-23,97
2023-12-23,96
2023-12-23,98
2023-12-24,102
2023-12-24,102
2023-12-24,100
2023-12-24,104
2023-12-25,110
2023-12-25,110
2023-12-25,108
2023-12-25,112
2023-12-26,118.5
2023-12-26,119
2023-12-26,116
2023-12-26,121
2023-12-27,130
2023-12-27,130
2023-12-27,128
2023-12-27,132
2023-12-28,138.5
2023-12-28,139
2023-12-28,137
2023-12-28,140
2023-12-29,146
2023-12-29,146
2023-12-29,144
2023-12-29,148
2023-12-30,152.5
2023-12-30,153
2023-12-30,151
2023-12-30,154
2023-12-31,159.5
2023-12-31,160
2023-12-31,159
2023-12-31,160
2024-01-01,164
2024-01-01,162
2024-01-01,166
2024-01-02,170.5
2024-01-02,169
2024-01-02,172
2024-01-03,175
2024-01-03,174
2024-01-03,176
2024-01-04,180
2024-01-04,179
2024-01-04,181
2024-01-05,189
2024-01-05,186
2024-01-05,192
2024-01-06,195
2024-01-06,194
2024-01-06,196
2024-01-07,200.5
2024-01-07,199
2024-01-07,202
2024-01-08,206.5
2024-01-08,206
2024-01-08,207
2024-01-09,209
2024-01-09,208
2024-01-09,210
2024-01-10,213
2024-01-10,212
2024-01-10,214
2024-01-11,224
2024-01-11,222
2024-01-11,226
2024-01-12,238
2024-01-12,237
2024-01-12,239
2024-01-13,245
2024-01-13,242
2024-01-13,248
2024-01-14,257.5
2024-01-14,256
2024-01-14,259
2024-01-15,265.5
2024-01-15,264
2024-01-15,267
2024-01-16,273.5
2024-01-16,272
2024-01-16,275
2024-01-17,278.5
2024-01-17,278
2024-01-17,279
2024-01-18,283
2024-01-18,282
2024-01-18,284
2024-01-19,287
2024-01-19,286
2024-01-19,288
2024-01-20,292.5
2024-01-20,292
2024-01-20,293
2024-01-21,295
2024-01-21,295
2024-01-21,295
2024-01-22,296
2024-01-22,296
2024-01-22,296
2024-01-23,300
2024-01-23,300
2024-01-23,300
2024-01-24,303.5
2024-01-24,303
2024-01-24,304
2024-01-25,309
2024-01-25,308
2024-01-25,310
2024-01-26,313.5
2024-01-26,313
2024-01-26,314
2024-01-27,318
2024-01-27,317
2024-01-27,319
2024-01-28,323
2024-01-28,322
2024-01-28,324
2024-01-29,324
2024-01-29,324
2024-01-29,324
2024-01-30,326
2024-01-30,326
2024-01-30,326
2024-01-31,328
2024-01-31,328
2024-01-31,328
2024-02-01,331
2024-02-01,330
2024-02-01,332
2024-02-02,335
2024-02-02,334
2024-02-02,336
2024-02-03,338
2024-02-03,338
2024-02-03,338
2024-02-04,338
2024-02-04,338
2024-02-04,338
2024-02-05,340
2024-02-05,340
2024-02-05,340
2024-02-06,342.5
2024-02-06,342
2024-02-06,343
2024-02-07,346.5
2024-02-07,345
2024-02-07,348
2024-02-08,351.5
2024-02-08,351
2024-02-08,352
2024-02-09,358
2024-02-09,358
2024-02-09,358
2024-02-10,364
2024-02-10,362
2024-02-10,366
2024-02-11,370.5
2024-02-11,369
2024-02-11,372
2024-02-12,376
2024-02-12,374
2024-02-12,378
2024-02-13,381
2024-02-13,380
2024-02-13,382
2024-02-14,388.5
2024-02-14,388
2024-02-14,389
2024-02-15,392
2024-02-15,392
2024-02-15,392
2024-02-16,396.5
2024-02-16,396
2024-02-16,397
2024-02-17,399
2024-02-17,399
2024-02-17,399
2024-02-18,401
2024-02-18,400
2024-02-18,402
2024-02-19,402
2024-02-19,402
2024-02-19,402
2024-02-20,403.5
2024-02-20,403
2024-02-20,404
2024-02-21,404
2024-02-21,404
2024-02-21,404
2024-02-22,404
2024-02-22,404
2024-02-22,404
2024-02-23,405
2024-02-23,405
2024-02-23,405
2024-02-24,406
2024-02-24,406
2024-02-24,406
2024-02-25,408
2024-02-25,408
2024-02-25,408
2024-02-26,411
2024-02-26,410
2024-02-26,412
2024-02-27,417
2024-02-27,416
2024-02-27,418
2024-02-28,419
2024-02-28,418
2024-02-28,420
2024-02-29,422
2024-02-29,422
2024-02-29,422
2024-03-01,425
2024-03-01,424
2024-03-01,426
2024-03-02,430
2024-03-02,428
2024-03-02,432
2024-03-03,437
2024-03-03,436
2024-03-03,438
2024-03-04,439
2024-03-04,438
2024-03-04,440
2024-03-05,440
2024-03-05,440
2024-03-05,440
2024-03-06,440.5
2024-03-06,441
2024-03-06,440
2024-03-07,443.5
2024-03-07,443
2024-03-07,444
2024-03-08,447
2024-03-08,446
2024-03-08,448
2024-03-09,453.5
2024-03-09,452
2024-03-09,455
2024-03-10,459
2024-03-10,458
2024-03-10,460
2024-03-11,465
2024-03-11,464
2024-03-11,466
2024-03-12,467
2024-03-12,466
2024-03-12,468
2024-03-13,471.5
2024-03-13,468
2024-03-13,475
2024-03-14,480.5
2024-03-14,479
2024-03-14,482
2024-03-15,484.5
2024-03-15,484
2024-03-15,485
2024-03-16,487
2024-03-16,486
2024-03-16,488
2024-03-17,492.5
2024-03-17,492
2024-03-17,493
2024-03-18,495.5
2024-03-18,494
2024-03-18,497
2024-03-19,499.5
2024-03-19,498
2024-03-19,501
2024-03-20,501
2024-03-20,501
2024-03-20,501
2024-03-21,502.5
2024-03-21,501
2024-03-21,504
2024-03-22,504
2024-03-22,504
2024-03-22,504
2024-03-23,505
2024-03-23,504
2024-03-23,506
2024-03-24,509
2024-03-24,508
2024-03-24,510
2024-03-25,514
2024-03-25,512
2024-03-25,516
2024-03-26,514
2024-03-26,514
2024-03-26,514
2024-03-27,515
2024-03-27,514
2024-03-27,516
2024-03-28,517
2024-03-28,516
2024-03-28,518
2024-03-29,523
2024-03-29,522
2024-03-29,524
2024-03-30,525.5
2024-03-30,525
2024-03-30,526
2024-03-31,527
2024-03-31,527
2024-03-31,527
2024-04-01,529
2024-04-01,529
2024-04-01,529
2024-04-02,533
2024-04-02,531
2024-04-02,535
2024-04-03,533
2024-04-03,533
2024-04-03,533
2024-04-04,534.5
2024-04-04,534
2024-04-04,535
2024-04-05,538.5
2024-04-05,537
2024-04-05,540
2024-04-06,545.5
2024-04-06,544
2024-04-06,547
2024-04-07,552
2024-04-07,550
2024-04-07,554
2024-04-08,558
2024-04-08,557
2024-04-08,559
2024-04-09,565
2024-04-09,564
2024-04-09,566
2024-04-10,569
2024-04-10,568
2024-04-10,570
2024-04-11,571
2024-04-11,570
2024-04-11,572
2024-04-12,580
2024-04-12,578
2024-04-12,582
2024-04-13,589.5
2024-04-13,588
2024-04-13,591
2024-04-14,593
2024-04-14,592
2024-04-14,594
2024-04-15,596
2024-04-15,596
2024-04-15,596
2024-04-16,598
2024-04-16,598
2024-04-16,598
2024-04-17,600
2024-04-17,600
2024-04-17,600
2024-04-18,603
2024-04-18,602
2024-04-18,604
2024-04-19,605.5
2024-04-19,605
2024-04-19,606
2024-04-20,609
2024-04-20,608
2024-04-20,610
2024-04-21,613
2024-04-21,612
2024-04-21,614
2024-04-22,619
2024-04-22,618
2024-04-22,620
2024-04-23,627
2024-04-23,626
2024-04-23,628
2024-04-24,632
2024-04-24,632
2024-04-24,632
2024-04-25,643.5
2024-04-25,640
2024-04-25,647
2024-04-26,651
2024-04-26,650
2024-04-26,652
2024-04-27,655.5
2024-04-27,654
2024-04-27,657
2024-04-28,662
2024-04-28,660
2024-04-28,664
2024-04-29,667
2024-04-29,666
2024-04-29,668
2024-04-30,668.5
2024-04-30,668
2024-04-30,669
2024-05-01,670
2024-05-01,670
2024-05-01,670
2024-05-02,672
2024-05-02,672
2024-05-02,672
2024-05-03,673
2024-05-03,673
2024-05-03,673
2024-05-04,674
2024-05-04,674
2024-05-04,674
2024-05-05,675.5
2024-05-05,675
2024-05-05,676
2024-05-06,676.5
2024-05-06,676
2024-05-06,677
2024-05-07,679
2024-05-07,678
2024-05-07,680
2024-05-08,681
2024-05-08,680
2024-05-08,682
2024-05-09,685
2024-05-09,684
2024-05-09,686
2024-05-10,688
2024-05-10,688
2024-05-10,688
2024-05-11,690
2024-05-11,690
2024-05-11,690
2024-05-12,693
2024-05-12,692
2024-05-12,694
2024-05-13,696
2024-05-13,696
2024-05-13,696
2024-05-14,699
2024-05-14,698
2024-05-14,700
2024-05-15,702
2024-05-15,702
2024-05-15,702
2024-05-16,705
2024-05-16,704
2024-05-16,706
2024-05-17,707
2024-05-17,706
2024-05-17,708
2024-05-18,709
2024-05-18,708
2024-05-18,710
2024-05-19,710
2024-05-19,710
2024-05-19,710
2024-05-20,712
2024-05-20,712
2024-05-20,712
2024-05-21,712
2024-05-21,712
2024-05-21,712
2024-05-22,712
2024-05-22,712
2024-05-22,712
2024-05-23,712
2024-05-23,712
2024-05-23,712
2024-05-24,710
2024-05-24,710
2024-05-24,710
2024-05-25,708
2024-05-25,708
2024-05-25,708
2024-05-26,708
2024-05-26,708
2024-05-26,708
2024-05-27,708
2024-05-27,708
2024-05-27,708
2024-05-28,706
2024-05-28,706
2024-05-28,706
2024-05-29,708
2024-05-29,708
2024-05-29,708
2024-05-30,708
2024-05-30,708
2024-05-30,708
2024-05-31,710
2024-05-31,710
2024-05-31,710
2024-06-01,710
2024-06-01,710
2024-06-01,710
2024-06-02,710
2024-06-02,710
2024-06-02,710
2024-06-03,710
2024-06-03,710
2024-06-03,710
2024-06-04,710
2024-06-04,710
2024-06-04,710
2024-06-05,712
2024-06-05,712
2024-06-05,712
2024-06-06,710
2024-06-06,710
2024-06-06,710
2024-06-07,708
2024-06-07,708
2024-06-07,708
2024-06-08,710
2024-06-08,710
2024-06-08,710
2024-06-09,710
2024-06-09,710
2024-06-09,710
2024-06-10,708
2024-06-10,708
2024-06-10,708
2024-06-11,707
2024-06-11,707
2024-06-11,707
2024-06-12,704.5
2024-06-12,705
2024-06-12,704
2024-06-13,702
2024-06-13,702
2024-06-13,702
2024-06-14,698.5
2024-06-14,699
2024-06-14,698
2024-06-15,695
2024-06-15,696
2024-06-15,694
2024-06-16,692
2024-06-16,692
2024-06-16,692
2024-06-17,689
2024-06-17,690
2024-06-17,688
2024-06-18,685
2024-06-18,686
2024-06-18,684
2024-06-19,682
2024-06-19,682
2024-06-19,682
2024-06-20,680
2024-06-20,680
2024-06-20,680
2024-06-21,677
2024-06-21,678
2024-06-21,676
2024-06-22,674
2024-06-22,674
2024-06-22,674
2024-06-23,672
2024-06-23,672
2024-06-23,672
2024-06-24,670
2024-06-24,670
2024-06-24,670
2024-06-25,668
2024-06-25,668
2024-06-25,668
2024-06-26,667
2024-06-26,667
2024-06-26,667
2024-06-27,666
2024-06-27,666
2024-06-27,666
2024-06-28,665
2024-06-28,666
2024-06-28,664
2024-06-29,664
2024-06-29,664
2024-06-29,664
2024-06-30,663
2024-06-30,664
2024-06-30,662
2024-07-01,662
2024-07-01,662
2024-07-01,662
2024-07-02,660
2024-07-02,662
2024-07-02,658
2024-07-03,654
2024-07-03,654
2024-07-03,654
2024-07-04,652
2024-07-04,652
2024-07-04,652
2024-07-05,650
2024-07-05,650
2024-07-05,650
2024-07-06,647
2024-07-06,648
2024-07-06,646
2024-07-07,643
2024-07-07,644
2024-07-07,642
2024-07-08,640.5
2024-07-08,641
2024-07-08,640
2024-07-09,637.5
2024-07-09,638
2024-07-09,637
2024-07-10,635
2024-07-10,636
2024-07-10,634
2024-07-11,631
2024-07-11,632
2024-07-11,630
2024-07-12,629
2024-07-12,630
2024-07-12,628
2024-07-13,625
2024-07-13,626
2024-07-13,624
2024-07-14,623
2024-07-14,624
2024-07-14,622
2024-07-15,620
2024-07-15,620
2024-07-15,620
2024-07-16,617
2024-07-16,618
2024-07-16,616
2024-07-17,612
2024-07-17,614
2024-07-17,610
2024-07-18,607
2024-07-18,608
2024-07-18,606
2024-07-19,603
2024-07-19,604
2024-07-19,602
2024-07-20,600
2024-07-20,600
2024-07-20,600
2024-07-21,597
2024-07-21,598
2024-07-21,596
2024-07-22,593.5
2024-07-22,594
2024-07-22,593
2024-07-23,591
2024-07-23,592
2024-07-23,590
2024-07-24,587
2024-07-24,588
2024-07-24,586
2024-07-25,584.5
2024-07-25,584
2024-07-25,585
2024-07-26,581
2024-07-26,582
2024-07-26,580
2024-07-27,577
2024-07-27,578
2024-07-27,576
2024-07-28,573
2024-07-28,574
2024-07-28,572
2024-07-29,569
2024-07-29,570
2024-07-29,568
2024-07-30,565
2024-07-30,566
2024-07-30,564
2024-07-31,560
2024-07-31,562
2024-07-31,558
2024-08-01,552.5
2024-08-01,554
2024-08-01,551
2024-08-02,547
2024-08-02,548
2024-08-02,546
2024-08-03,541.5
2024-08-03,543
2024-08-03,540
2024-08-04,535
2024-08-04,536
2024-08-04,534
2024-08-05,532
2024-08-05,531
2024-08-05,533
2024-08-06,527
2024-08-06,528
2024-08-06,526
2024-08-07,517
2024-08-07,518
2024-08-07,516
2024-08-08,512
2024-08-08,514
2024-08-08,510
2024-08-09,504.5
2024-08-09,505
2024-08-09,504
2024-08-10,499
2024-08-10,500
2024-08-10,498
2024-08-11,494
2024-08-11,495
2024-08-11,493
2024-08-12,486.5
2024-08-12,488
2024-08-12,485
2024-08-13,479
2024-08-13,480
2024-08-13,478
2024-08-14,472
2024-08-14,474
2024-08-14,470
2024-08-15,462.5
2024-08-15,465
2024-08-15,460
2024-08-16,457
2024-08-16,458
2024-08-16,456
2024-08-17,453
2024-08-17,454
2024-08-17,452
2024-08-18,439
2024-08-18,440
2024-08-18,438
2024-08-19,431.5
2024-08-19,434
2024-08-19,429
2024-08-20,422.5
2024-08-20,425
2024-08-20,420
2024-08-21,412
2024-08-21,414
2024-08-21,410
2024-08-22,406
2024-08-22,408
2024-08-22,404
2024-08-23,397
2024-08-23,400
2024-08-23,394
2024-08-24,390.5
2024-08-24,392
2024-08-24,389
2024-08-25,381
2024-08-25,382
2024-08-25,380
2024-08-26,368
2024-08-26,372
2024-08-26,364
2024-08-27,355.5
2024-08-27,359
2024-08-27,352
2024-08-28,343
2024-08-28,346
2024-08-28,340
2024-08-29,329
2024-08-29,332
2024-08-29,326
2024-08-30,314.5
2024-08-30,319
2024-08-30,310
2024-08-31,301
2024-08-31,304
2024-08-31,298
2024-09-01,289
2024-09-01,292
2024-09-01,286
2024-09-02,274
2024-09-02,276
2024-09-02,272
2024-09-03,263
2024-09-03,266
2024-09-03,260
2024-09-04,249
2024-09-04,252
2024-09-04,246
2024-09-05,237
2024-09-05,240
2024-09-05,234
2024-09-06,223
2024-09-06,226
2024-09-06,220
2024-09-07,213
2024-09-07,216
2024-09-07,210
2024-09-08,199
2024-09-08,202
2024-09-08,196
2024-09-09,188.5
2024-09-09,190
2024-09-09,187
2024-09-10,169
2024-09-10,176
2024-09-10,162
2024-09-11,153
2024-09-11,156
2024-09-11,150
2024-09-12,137
2024-09-12,140
2024-09-12,134
2024-09-13,119
2024-09-13,122
2024-09-13,116
2024-09-14,105.5
2024-09-14,110
2024-09-14,101
2024-09-15,93.5
2024-09-15,96
2024-09-15,91
2024-09-16,82.5
2024-09-16,85
2024-09-16,80
2024-09-17,74
2024-09-17,74
2024-09-17,74
2024-09-18,67
2024-09-18,67
2024-09-18,67
2024-09-19,63.5
2024-09-19,65
2024-09-19,62
2024-09-20,55.5
2024-09-20,59
2024-09-20,52
2024-09-21,46
2024-09-21,48
2024-09-21,44
2024-09-22,35
2024-09-22,38
2024-09-22,32
2024-09-23,25
2024-09-23,30
2024-09-23,20
2024-09-24,8.5
2024-09-24,12
2024-09-24,5
2024-09-25,-20.5
2024-09-25,-14
2024-09-25,-27
2024-09-26,-38
2024-09-26,-35
2024-09-26,-41
2024-09-27,-51.5
2024-09-27,-51
2024-09-27,-52
2024-09-28,-63
2024-09-28,-61
2024-09-28,-65
2024-09-29,-71
2024-09-29,-70
2024-09-29,-72
2024-09-30,-77.5
2024-09-30,-76
2024-09-30,-79
2024-10-01,-73
2024-10-01,-75
2024-10-01,-71
2024-10-02,-76
2024-10-02,-75
2024-10-02,-77
2024-10-03,-86
2024-10-03,-85
2024-10-03,-87
2024-10-04,-85
2024-10-04,-81
2024-10-04,-89
2024-10-05,-97
2024-10-05,-93
2024-10-05,-101
2024-10-06,-102
2024-10-06,-103
2024-10-06,-101
2024-10-07,-101.5
2024-10-07,-102
2024-10-07,-101
2024-10-08,-106.5
2024-10-08,-103
2024-10-08,-110
2024-10-09,-111
2024-10-09,-110
2024-10-09,-112
2024-10-10,-115.5
2024-10-10,-111
2024-10-10,-120
2024-10-11,-123
2024-10-11,-122
2024-10-11,-124
2024-10-12,-130
2024-10-12,-130
2024-10-12,-130
2024-10-13,-124
2024-10-13,-124
2024-10-13,-124
2024-10-14,-115
2024-10-14,-120
2024-10-14,-110
2024-10-15,-106
2024-10-15,-112
2024-10-15,-100
2024-10-16,-102
2024-10-16,-104
2024-10-16,-100
2024-10-17,-96
2024-10-17,-96
2024-10-17,-96
2024-10-18,-88
2024-10-18,-98
2024-10-18,-78
2024-10-19,-78
2024-10-19,-78
2024-10-19,-78
2024-10-20,-77
2024-10-20,-78
2024-10-20,-76
2024-10-21,-80
2024-10-21,-70
2024-10-21,-90
2024-10-22,-79
2024-10-22,-72
2024-10-22,-86
2024-10-23,-89
2024-10-23,-86
2024-10-23,-92
2024-10-24,-100
2024-10-24,-100
2024-10-24,-100
2024-10-25,-110
2024-10-25,-110
2024-10-25,-110
2024-10-26,-114.5
2024-10-26,-112
2024-10-26,-117
2024-10-27,-113
2024-10-27,-112
2024-10-27,-114
2024-10-28,-112
2024-10-28,-114
2024-10-28,-110
2024-10-29,-115
2024-10-29,-120
2024-10-29,-110
2024-10-30,-112
2024-10-30,-112
2024-10-30,-112
2024-10-31,-114
2024-10-31,-116
2024-10-31,-112
2024-11-01,-108
2024-11-01,-108
2024-11-01,-108
2024-11-02,-111
2024-11-02,-110
2024-11-02,-112
2024-11-03,-112
2024-11-03,-112
2024-11-03,-112
2024-11-04,-112
2024-11-04,-102
2024-11-04,-122
2024-11-05,-115
2024-11-05,-110
2024-11-05,-120
2024-11-06,-117
2024-11-06,-110
2024-11-06,-124
2024-11-07,-115
2024-11-07,-110
2024-11-07,-120
2024-11-08,-124
2024-11-08,-124
2024-11-08,-124
2024-11-09,-124
2024-11-09,-124
2024-11-09,-124
2024-11-10,-122
2024-11-10,-122
2024-11-10,-122
2024-11-11,-121
2024-11-11,-122
2024-11-11,-120
2024-11-12,-116
2024-11-12,-120
2024-11-12,-112
2024-11-13,-102
2024-11-13,-112
2024-11-13,-92
2024-11-14,-83
2024-11-14,-94
2024-11-14,-72
2024-11-15,-76
2024-11-15,-88
2024-11-15,-64
2024-11-16,-57
2024-11-16,-60
2024-11-16,-54
2024-11-17,-46
2024-11-17,-48
2024-11-17,-44
2024-11-18,-46
2024-11-18,-46
2024-11-18,-46
2024-11-19,-32
2024-11-19,-34
2024-11-19,-30
2024-11-20,-35
2024-11-20,-30
2024-11-20,-40
2024-11-21,-40
2024-11-21,-40
2024-11-21,-40
2024-11-22,-38
2024-11-22,-40
2024-11-22,-36
2024-11-23,-40
2024-11-23,-40
2024-11-23,-40
2024-11-24,-44
2024-11-24,-44
2024-11-24,-44
2024-11-25,-44.5
2024-11-25,-46
2024-11-25,-43
2024-11-26,-40.5
2024-11-26,-43
2024-11-26,-38
2024-11-27,-35
2024-11-27,-36
2024-11-27,-34
2024-11-28,-29
2024-11-28,-30
2024-11-28,-28
2024-11-29,-27.5
2024-11-29,-31
2024-11-29,-24
2024-11-30,-25
2024-11-30,-24
2024-11-30,-26
2024-12-01,-21
2024-12-01,-22
2024-12-01,-20
2024-12-02,-18
2024-12-02,-18
2024-12-02,-18
2024-12-03,-13
2024-12-03,-12
2024-12-03,-14
2024-12-04,-6
2024-12-04,-6
2024-12-04,-6
2024-12-05,-6
2024-12-05,-4
2024-12-05,-8
2024-12-06,-2
2024-12-06,-2
2024-12-06,-2
2024-12-07,-3
2024-12-07,-3
2024-12-07,-3
2024-12-08,-3
2024-12-08,-3
2024-12-08,-3
2024-12-09,-2
2024-12-09,-2
2024-12-09,-2
2024-12-10,2
2024-12-10,2
2024-12-10,2
2024-12-11,11
2024-12-11,6
2024-12-11,16
2024-12-12,20
2024-12-12,16
2024-12-12,24
2024-12-13,29
2024-12-13,28
2024-12-13,30
2024-12-14,33
2024-12-14,31
2024-12-14,35
2024-12-15,39
2024-12-15,38
2024-12-15,40
2024-12-16,53
2024-12-16,51
2024-12-16,55
2024-12-17,59
2024-12-17,59
2024-12-17,58
2024-12-18,66
2024-12-18,68
2024-12-18,64
2024-12-19,72
2024-12-19,74
2024-12-19,70
2024-12-20,76
2024-12-20,76
2024-12-20,76
2024-12-21,81
2024-12-21,80
2024-12-21,82
2024-12-22,87
2024-12-22,86
2024-12-22,88
2024-12-23,92
2024-12-23,90
2024-12-23,94
2024-12-24,97
2024-12-24,96
2024-12-24,98
2024-12-25,102
2024-12-25,100
2024-12-25,104
2024-12-26,112
2024-12-26,110
2024-12-26,114
2024-12-27,119
2024-12-27,118
2024-12-27,120
2024-12-28,127
2024-12-28,124
2024-12-28,130
2024-12-29,137
2024-12-29,136
2024-12-29,138
2024-12-30,146
2024-12-30,144
2024-12-30,148
2024-12-31,154
2024-12-31,152
2024-12-31,156
2025-01-01,160
2025-01-01,160
2025-01-01,160
2025-01-02,173.5
2025-01-02,172
2025-01-02,175
2025-01-03,183
2025-01-03,186
2025-01-03,180
2025-01-04,201
2025-01-04,198
2025-01-04,204
2025-01-05,210
2025-01-05,210
2025-01-05,210
2025-01-06,222
2025-01-06,220
2025-01-06,224
2025-01-07,233
2025-01-07,230
2025-01-07,236
2025-01-08,243
2025-01-08,240
2025-01-08,246
2025-01-09,252
2025-01-09,250
2025-01-09,254
2025-01-10,261.5
2025-01-10,260
2025-01-10,263
2025-01-11,270
2025-01-11,268
2025-01-11,272
2025-01-12,279
2025-01-12,278
2025-01-12,280
2025-01-13,287
2025-01-13,286
2025-01-13,288
2025-01-14,297
2025-01-14,294
2025-01-14,300
2025-01-15,305.5
2025-01-15,303
2025-01-15,308
2025-01-16,311
2025-01-16,310
2025-01-16,312
2025-01-17,319
2025-01-17,318
2025-01-17,320
2025-01-18,326
2025-01-18,324
2025-01-18,328
2025-01-19,333
2025-01-19,330
2025-01-19,336
2025-01-20,340.5
2025-01-20,340
2025-01-20,341
2025-01-21,345
2025-01-21,344
2025-01-21,346
2025-01-22,357
2025-01-22,356
2025-01-22,358
2025-01-23,365
2025-01-23,366
2025-01-23,364
2025-01-24,369
2025-01-24,368
2025-01-24,370
2025-01-25,374.5
2025-01-25,373
2025-01-25,376
2025-01-26,382
2025-01-26,380
2025-01-26,384
2025-01-27,387
2025-01-27,386
2025-01-27,388
2025-01-28,394
2025-01-28,392
2025-01-28,396
2025-01-29,402
2025-01-29,400
2025-01-29,404
2025-01-30,410
2025-01-30,408
2025-01-30,412
2025-01-31,418
2025-01-31,416
2025-01-31,420
2025-02-01,425
2025-02-01,424
2025-02-01,426
2025-02-02,432
2025-02-02,430
2025-02-02,434
2025-02-03,437
2025-02-03,436
2025-02-03,438
2025-02-04,441.5
2025-02-04,441
2025-02-04,442
2025-02-05,446
2025-02-05,444
2025-02-05,448
2025-02-06,449
2025-02-06,448
2025-02-06,450
2025-02-07,451
2025-02-07,450
2025-02-07,452
2025-02-08,458
2025-02-08,456
2025-02-08,460
2025-02-09,466.5
2025-02-09,465
2025-02-09,468
2025-02-10,473
2025-02-10,472
2025-02-10,474
2025-02-11,476
2025-02-11,476
2025-02-11,476
2025-02-12,483
2025-02-12,482
2025-02-12,484
2025-02-13,486
2025-02-13,485
2025-02-13,487
2025-02-14,488
2025-02-14,488
2025-02-14,488
2025-02-15,492
2025-02-15,490
2025-02-15,494
2025-02-16,501
2025-02-16,498
2025-02-16,504
2025-02-17,512.5
2025-02-17,512
2025-02-17,513
2025-02-18,519
2025-02-18,518
2025-02-18,520
2025-02-19,523
2025-02-19,522
2025-02-19,524
2025-02-20,533
2025-02-20,532
2025-02-20,534
2025-02-21,537
2025-02-21,536
2025-02-21,538
2025-02-22,541
2025-02-22,540
2025-02-22,542
2025-02-23,546
2025-02-23,545
2025-02-23,547
2025-02-24,553.5
2025-02-24,552
2025-02-24,555
2025-02-25,557.5
2025-02-25,557
2025-02-25,558
2025-02-26,561
2025-02-26,560
2025-02-26,562
2025-02-27,565.5
2025-02-27,565
2025-02-27,566
2025-02-28,569
2025-02-28,568
2025-02-28,570
2025-03-01,573
2025-03-01,572
2025-03-01,574
2025-03-02,577
2025-03-02,576
2025-03-02,578
2025-03-03,585
2025-03-03,582
2025-03-03,588
2025-03-04,593.5
2025-03-04,592
2025-03-04,595
2025-03-05,599.5
2025-03-05,598
2025-03-05,601
2025-03-06,605
2025-03-06,604
2025-03-06,606
2025-03-07,611
2025-03-07,610
2025-03-07,612
2025-03-08,618
2025-03-08,616
2025-03-08,620
2025-03-09,627
2025-03-09,624
2025-03-09,630
2025-03-10,633
2025-03-10,632
2025-03-10,634
2025-03-11,635.5
2025-03-11,635
2025-03-11,636
2025-03-12,641
2025-03-12,640
2025-03-12,642
2025-03-13,646
2025-03-13,645
2025-03-13,647
2025-03-14,651
2025-03-14,650
2025-03-14,652
2025-03-15,656
2025-03-15,654
2025-03-15,658
2025-03-16,663
2025-03-16,662
2025-03-16,664
2025-03-17,669
2025-03-17,668
2025-03-17,670
2025-03-18,659.5
2025-03-18,674
2025-03-18,645
2025-03-19,679
2025-03-19,678
2025-03-19,680
2025-03-20,687.5
2025-03-20,687
2025-03-20,688
2025-03-21,691
2025-03-21,690
2025-03-21,692
2025-03-22,695
2025-03-22,694
2025-03-22,696
2025-03-23,698
2025-03-23,697
2025-03-23,699
2025-03-24,698
2025-03-24,698
2025-03-24,698
2025-03-25,698.5
2025-03-25,698
2025-03-25,699
2025-03-26,700
2025-03-26,700
2025-03-26,700
2025-03-27,703.5
2025-03-27,703
2025-03-27,704
2025-03-28,707.5
2025-03-28,706
2025-03-28,709
2025-03-29,713
2025-03-29,712
2025-03-29,714
2025-03-30,716.5
2025-03-30,716
2025-03-30,717
2025-03-31,718
2025-03-31,718
2025-03-31,718
2025-04-01,720.5
2025-04-01,719
2025-04-01,722
2025-04-02,725
2025-04-02,724
2025-04-02,726
2025-04-03,729
2025-04-03,728
2025-04-03,730
2025-04-04,734.5
2025-04-04,733
2025-04-04,736
2025-04-05,739
2025-04-05,738
2025-04-05,740
2025-04-06,743
2025-04-06,742
2025-04-06,744
2025-04-07,746.5
2025-04-07,746
2025-04-07,747
2025-04-08,749.5
2025-04-08,749
2025-04-08,750
2025-04-09,753
2025-04-09,752
2025-04-09,754
2025-04-10,755
2025-04-10,755
2025-04-10,755
2025-04-11,757.5
2025-04-11,757
2025-04-11,758
2025-04-12,764.5
2025-04-12,763
2025-04-12,766
2025-04-13,769.5
2025-04-13,769
2025-04-13,770
2025-04-14,777.5
2025-04-14,776
2025-04-14,779
2025-04-15,781.5
2025-04-15,781
2025-04-15,782
2025-04-16,785
2025-04-16,784
2025-04-16,786
2025-04-17,786.5
2025-04-17,786
2025-04-17,787
2025-04-18,788
2025-04-18,788
2025-04-18,788
2025-04-19,788
2025-04-19,788
2025-04-19,788
2025-04-20,788.5
2025-04-20,788
2025-04-20,789
2025-04-21,790
2025-04-21,790
2025-04-21,790
2025-04-22,792.5
2025-04-22,792
2025-04-22,793
2025-04-23,795
2025-04-23,794
2025-04-23,796
2025-04-24,795.5
2025-04-24,795
2025-04-24,796
2025-04-25,800.5
2025-04-25,800
2025-04-25,801
2025-04-26,803
2025-04-26,802
2025-04-26,804
2025-04-27,807
2025-04-27,806
2025-04-27,808
2025-04-28,811
2025-04-28,810
2025-04-28,812
2025-04-29,814
2025-04-29,814
2025-04-29,814
2025-04-30,816.5
2025-04-30,816
2025-04-30,817
2025-05-01,819
2025-05-01,818
2025-05-01,820
2025-05-02,823
2025-05-02,822
2025-05-02,824
2025-05-03,826
2025-05-03,826
2025-05-03,826
2025-05-04,828
2025-05-04,828
2025-05-04,828
2025-05-05,830.5
2025-05-05,830
2025-05-05,831
2025-05-06,831.5
2025-05-06,831
2025-05-06,832
2025-05-07,832.5
2025-05-07,832
2025-05-07,833
2025-05-08,834.5
2025-05-08,834
2025-05-08,835
2025-05-09,835.5
2025-05-09,835
2025-05-09,836
2025-05-10,836
2025-05-10,836
2025-05-10,836
2025-05-11,836
2025-05-11,836
2025-05-11,836
2025-05-12,836
2025-05-12,836
2025-05-12,836
2025-05-13,836
2025-05-13,836
2025-05-13,836
2025-05-14,837
2025-05-14,837
2025-05-14,837
2025-05-15,838
2025-05-15,838
2025-05-15,838
2025-05-16,839.5
2025-05-16,839
2025-05-16,840
2025-05-17,840
2025-05-17,840
2025-05-17,840
2025-05-18,840.5
2025-05-18,840
2025-05-18,841
2025-05-19,843
2025-05-19,842
2025-05-19,844
2025-05-20,844
2025-05-20,844
2025-05-20,844
2025-05-21,845.5
2025-05-21,845
2025-05-21,846
2025-05-22,846
2025-05-22,846
2025-05-22,846
2025-05-23,846
2025-05-23,846
2025-05-23,846
2025-05-24,846
2025-05-24,846
2025-05-24,846
2025-05-25,846
2025-05-25,846
2025-05-25,846
2025-05-26,846
2025-05-26,846
2025-05-26,846
2025-05-27,846
2025-05-27,846
2025-05-27,846
2025-05-28,846
2025-05-28,846
2025-05-28,846
2025-05-29,847.5
2025-05-29,847
2025-05-29,848
2025-05-30,846
2025-05-30,846
2025-05-30,846
2025-05-31,846
2025-05-31,846
2025-05-31,846
2025-06-01,846
2025-06-01,846
2025-06-01,846
2025-06-02,848
2025-06-02,848
2025-06-02,848
2025-06-03,848
2025-06-03,848
2025-06-03,848
2025-06-04,846.5
2025-06-04,847
2025-06-04,846
2025-06-05,845.5
2025-06-05,846
2025-06-05,845
2025-06-06,844
2025-06-06,844
2025-06-06,844
2025-06-07,842.5
2025-06-07,843
2025-06-07,842
2025-06-08,840.5
2025-06-08,841
2025-06-08,840
2025-06-09,839
2025-06-09,839
2025-06-09,839
2025-06-10,839.5
2025-06-10,839
2025-06-10,840
2025-06-11,839
2025-06-11,839
2025-06-11,839
2025-06-12,840
2025-06-12,839
2025-06-12,841
2025-06-13,842
2025-06-13,842
2025-06-13,842
2025-06-14,842
2025-06-14,842
2025-06-14,842
2025-06-15,841
2025-06-15,841
2025-06-15,841
2025-06-16,843.5
2025-06-16,843
2025-06-16,844
2025-06-17,844
2025-06-17,844
2025-06-17,844
2025-06-18,843.5
2025-06-18,844
2025-06-18,843
2025-06-19,843
2025-06-19,843
2025-06-19,843
2025-06-20,842.5
2025-06-20,843
2025-06-20,842
2025-06-21,841.5
2025-06-21,841
2025-06-21,842
2025-06-22,840
2025-06-22,840
2025-06-22,840
2025-06-23,839
2025-06-23,839
2025-06-23,839
2025-06-24,837.5
2025-06-24,838
2025-06-24,837
2025-06-25,836
2025-06-25,836
2025-06-25,836
2025-06-26,834.5
2025-06-26,834
2025-06-26,835
2025-06-27,833.5
2025-06-27,834
2025-06-27,833
2025-06-28,831
2025-06-28,831
2025-06-28,831
2025-06-29,830
2025-06-29,830
2025-06-29,830
2025-06-30,828.5
2025-06-30,829
2025-06-30,828
2025-07-01,826
2025-07-01,826
2025-07-01,826
2025-07-02,825.5
2025-07-02,826
2025-07-02,825
2025-07-03,824.5
2025-07-03,825
2025-07-03,824
2025-07-04,824
2025-07-04,824
2025-07-04,824
2025-07-05,823
2025-07-05,823
2025-07-05,823
2025-07-06,822.5
2025-07-06,823
2025-07-06,822
2025-07-07,820
2025-07-07,820
2025-07-07,820
2025-07-08,818
2025-07-08,818
2025-07-08,818
2025-07-09,815.5
2025-07-09,816
2025-07-09,815
2025-07-10,815
2025-07-10,815
2025-07-10,815
2025-07-11,813
2025-07-11,813
2025-07-11,813
2025-07-12,813
2025-07-12,813
2025-07-12,813
2025-07-13,814
2025-07-13,814
2025-07-13,814
2025-07-14,814
2025-07-14,814
2025-07-14,814
2025-07-15,814
2025-07-15,814
2025-07-15,814
2025-07-16,814
2025-07-16,814
2025-07-16,814
2025-07-17,812
2025-07-17,812
2025-07-17,812
2025-07-18,811.5
2025-07-18,812
2025-07-18,811
2025-07-19,809
2025-07-19,810
2025-07-19,808
2025-07-20,807.5
2025-07-20,808
2025-07-20,807
2025-07-21,806.5
2025-07-21,807
2025-07-21,806
2025-07-22,804
2025-07-22,804
2025-07-22,804
2025-07-23,802.5
2025-07-23,803
2025-07-23,802
2025-07-24,800
2025-07-24,800
2025-07-24,800
2025-07-25,797
2025-07-25,798
2025-07-25,796
2025-07-26,794.5
2025-07-26,795
2025-07-26,794
2025-07-27,792.5
2025-07-27,793
2025-07-27,792
2025-07-28,789
2025-07-28,790
2025-07-28,788
2025-07-29,787
2025-07-29,788
2025-07-29,786
2025-07-30,783.5
2025-07-30,784
2025-07-30,783
2025-07-31,780
2025-07-31,781
2025-07-31,779
2025-08-01,774
2025-08-01,774
2025-08-01,774
2025-08-02,772.5
2025-08-02,773
2025-08-02,772
2025-08-03,769
2025-08-03,770
2025-08-03,768
2025-08-04,765
2025-08-04,766
2025-08-04,764
2025-08-05,761
2025-08-05,762
2025-08-05,760
2025-08-06,756
2025-08-06,758
2025-08-06,754
2025-08-07,751
2025-08-07,752
2025-08-07,750
2025-08-08,747
2025-08-08,748
2025-08-08,746
2025-08-09,743.5
2025-08-09,744
2025-08-09,743
2025-08-10,742
2025-08-10,742
2025-08-10,742
2025-08-11,741
2025-08-11,742
2025-08-11,740
2025-08-12,738
2025-08-12,738
2025-08-12,738
2025-08-13,737.5
2025-08-13,738
2025-08-13,737
2025-08-14,735
2025-08-14,736
2025-08-14,734
2025-08-15,732
2025-08-15,732
2025-08-15,732
2025-08-16,730.5
2025-08-16,732
2025-08-16,729
2025-08-17,727
2025-08-17,728
2025-08-17,726
2025-08-18,725
2025-08-18,726
2025-08-18,724
2025-08-19,719.5
2025-08-19,720
2025-08-19,719
2025-08-20,715
2025-08-20,716
2025-08-20,714
2025-08-21,710.5
2025-08-21,712
2025-08-21,709
2025-08-22,705.5
2025-08-22,707
2025-08-22,704
2025-08-23,701
2025-08-23,702
2025-08-23,700
2025-08-24,697
2025-08-24,698
2025-08-24,696
2025-08-25,693
2025-08-25,694
2025-08-25,692
2025-08-26,688
2025-08-26,690
2025-08-26,686
2025-08-27,683.5
2025-08-27,685
2025-08-27,682
2025-08-28,679
2025-08-28,680
2025-08-28,678
2025-08-29,675
2025-08-29,676
2025-08-29,674
2025-08-30,671
2025-08-30,672
2025-08-30,670
2025-08-31,665.5
2025-08-31,667
2025-08-31,664
2025-09-01,659.5
2025-09-01,661
2025-09-01,658
2025-09-02,654
2025-09-02,655
2025-09-02,653
2025-09-03,648
2025-09-03,649
2025-09-03,647
2025-09-04,641.5
2025-09-04,643
2025-09-04,640
2025-09-05,635
2025-09-05,636
2025-09-05,634
2025-09-06,628.5
2025-09-06,630
2025-09-06,627
2025-09-07,622.5
2025-09-07,624
2025-09-07,621
2025-09-08,618
2025-09-08,619
2025-09-08,617
2025-09-09,613
2025-09-09,614
2025-09-09,612
2025-09-10,607.5
2025-09-10,609
2025-09-10,606
2025-09-11,602
2025-09-11,603
2025-09-11,601
2025-09-12,597
2025-09-12,598
2025-09-12,596
2025-09-13,591
2025-09-13,592
2025-09-13,590
2025-09-14,584
2025-09-14,586
2025-09-14,582
2025-09-15,578
2025-09-15,580
2025-09-15,576
2025-09-16,570
2025-09-16,572
2025-09-16,568
2025-09-17,561.5
2025-09-17,563
2025-09-17,560
2025-09-18,552
2025-09-18,554
2025-09-18,550
2025-09-19,544
2025-09-19,546
2025-09-19,542
2025-09-20,536
2025-09-20,538
2025-09-20,534
2025-09-21,529
2025-09-21,530
2025-09-21,528
2025-09-22,518
2025-09-22,520
2025-09-22,516
2025-09-23,511.5
2025-09-23,513
2025-09-23,510
2025-09-24,503
2025-09-24,506
2025-09-24,500
2025-09-25,495
2025-09-25,496
2025-09-25,494
2025-09-26,488
2025-09-26,490
2025-09-26,486
2025-09-27,478
2025-09-27,480
2025-09-27,476
2025-09-28,468
2025-09-28,470
2025-09-28,466
2025-09-29,458
2025-09-29,460
2025-09-29,456
2025-09-30,448
2025-09-30,450
2025-09-30,446
2025-10-01,436.5
2025-10-01,439
2025-10-01,434
2025-10-02,427
2025-10-02,430
2025-10-02,424
2025-10-03,416
2025-10-03,418
2025-10-03,414
2025-10-04,406
2025-10-04,408
2025-10-04,404
2025-10-05,397
2025-10-05,400
2025-10-05,394
2025-10-06,390
2025-10-06,392
2025-10-06,388
2025-10-07,382
2025-10-07,384
2025-10-07,380
2025-10-08,377
2025-10-08,378
2025-10-08,376
2025-10-09,372.5
2025-10-09,374
2025-10-09,371
2025-10-10,367
2025-10-10,368
2025-10-10,366
2025-10-11,362
2025-10-11,364
2025-10-11,360
2025-10-12,347
2025-10-12,354
2025-10-12,340
2025-10-13,342.5
2025-10-13,345
2025-10-13,340
2025-10-14,333
2025-10-14,336
2025-10-14,330
2025-10-15,324
2025-10-15,326
2025-10-15,322
2025-10-16,313
2025-10-16,316
2025-10-16,310
2025-10-17,303
2025-10-17,306
2025-10-17,300
2025-10-18,294
2025-10-18,296
2025-10-18,292
2025-10-19,286
2025-10-19,288
2025-10-19,284
2025-10-20,279
2025-10-20,280
2025-10-20,278
2025-10-21,272
2025-10-21,274
2025-10-21,270
2025-10-22,266
2025-10-22,268
2025-10-22,264
2025-10-23,261
2025-10-23,262
2025-10-23,260
2025-10-24,256
2025-10-24,258
2025-10-24,254
2025-10-25,250
2025-10-25,252
2025-10-25,248
2025-10-26,242
2025-10-26,244
2025-10-26,240
2025-10-27,235
2025-10-27,238
2025-10-27,232
2025-10-28,229
2025-10-28,230
2025-10-28,228
2025-10-29,222
2025-10-29,224
2025-10-29,220
2025-10-30,216
2025-10-30,218
2025-10-30,214
2025-10-31,210
2025-10-31,212
2025-10-31,208
