Data,Cota
2013-12-01,357
2013-12-01,357
2013-12-01,355
2013-12-01,359
2013-12-02,370.5
2013-12-02,370
2013-12-02,365
2013-12-02,376
2013-12-03,387.5
2013-12-03,388
2013-12-03,386
2013-12-03,389
2013-12-04,385.5
2013-12-04,386
2013-12-04,387
2013-12-04,384
2013-12-05,375.5
2013-12-05,376
2013-12-05,378
2013-12-05,373
2013-12-06,365.5
2013-12-06,366
2013-12-06,368
2013-12-06,363
2013-12-07,355.5
2013-12-07,356
2013-12-07,357
2013-12-07,354
2013-12-08,355
2013-12-08,355
2013-12-08,351
2013-12-08,359
2013-12-09,344
2013-12-09,344
2013-12-09,345
2013-12-09,343
2013-12-10,340
2013-12-10,340
2013-12-10,341
2013-12-10,339
2013-12-11,337
2013-12-11,337
2013-12-11,338
2013-12-11,336
2013-12-12,334.5
2013-12-12,334
2013-12-12,335
2013-12-12,334
2013-12-13,332
2013-12-13,332
2013-12-13,332
2013-12-13,332
2013-12-14,330.5
2013-12-14,330
2013-12-14,331
2013-12-14,330
2013-12-15,332
2013-12-15,332
2013-12-15,333
2013-12-15,331
2013-12-16,328.5
2013-12-16,328
2013-12-16,330
2013-12-16,327
2013-12-17,327
2013-12-17,327
2013-12-17,327
2013-12-17,327
2013-12-18,326
2013-12-18,326
2013-12-18,326
2013-12-18,326
2013-12-19,326
2013-12-19,326
2013-12-19,326
2013-12-19,326
2013-12-20,326
2013-12-20,326
2013-12-20,326
2013-12-20,326
2013-12-21,334.5
2013-12-21,334
2013-12-21,334
2013-12-21,335
2013-12-22,335
2013-12-22,335
2013-12-22,336
2013-12-22,334
2013-12-23,335.5
2013-12-23,336
2013-12-23,335
2013-12-23,336
2013-12-24,337.5
2013-12-24,338
2013-12-24,337
2013-12-24,338
2013-12-25,340.5
2013-12-25,340
2013-12-25,340
2013-12-25,341
2013-12-26,341.5
2013-12-26,342
2013-12-26,343
2013-12-26,340
2013-12-27,350
2013-12-27,350
2013-12-27,345
2013-12-27,355
2013-12-28,364.5
2013-12-28,364
2013-12-28,360
2013-12-28,369
2013-12-29,375
2013-12-29,375
2013-12-29,369
2013-12-29,381
2013-12-30,386
2013-12-30,386
2013-12-30,383
2013-12-30,389
2013-12-31,388.5
2013-12-31,388
2013-12-31,389
2013-12-31,388
2014-01-01,386.5
2014-01-01,386
2014-01-01,388
2014-01-01,385
2014-01-02,376
2014-01-02,376
2014-01-02,379
2014-01-02,373
2014-01-03,365.5
2014-01-03,366
2014-01-03,368
2014-01-03,363
2014-01-04,358.5
2014-01-04,358
2014-01-04,360
2014-01-04,357
2014-01-05,352.5
2014-01-05,352
2014-01-05,354
2014-01-05,351
2014-01-06,346
2014-01-06,346
2014-01-06,347
2014-01-06,345
2014-01-07,341
2014-01-07,341
2014-01-07,342
2014-01-07,340
2014-01-08,341
2014-01-08,341
2014-01-08,340
2014-01-08,342
2014-01-09,339.5
2014-01-09,340
2014-01-09,341
2014-01-09,338
2014-01-10,334
2014-01-10,334
2014-01-10,335
2014-01-10,333
2014-01-11,331.5
2014-01-11,332
2014-01-11,332
2014-01-11,331
2014-01-12,332
2014-01-12,332
2014-01-12,331
2014-01-12,333
2014-01-13,342.5
2014-01-13,342
2014-01-13,340
2014-01-13,345
2014-01-14,344.5
2014-01-14,344
2014-01-14,344
2014-01-14,345
2014-01-15,344
2014-01-15,344
2014-01-15,344
2014-01-15,344
2014-01-16,345.5
2014-01-16,346
2014-01-16,345
2014-01-16,346
2014-01-17,349
2014-01-17,349
2014-01-17,348
2014-01-17,350
2014-01-18,354.5
2014-01-18,354
2014-01-18,354
2014-01-18,355
2014-01-19,357.5
2014-01-19,358
2014-01-19,357
2014-01-19,358
2014-01-20,353
2014-01-20,353
2014-01-20,354
2014-01-20,352
2014-01-21,348.5
2014-01-21,348
2014-01-21,350
2014-01-21,347
2014-01-22,343
2014-01-22,343
2014-01-22,344
2014-01-22,342
2014-01-23,338
2014-01-23,338
2014-01-23,339
2014-01-23,337
2014-01-24,335
2014-01-24,335
2014-01-24,335
2014-01-24,335
2014-01-25,332.5
2014-01-25,332
2014-01-25,333
2014-01-25,332
2014-01-26,332
2014-01-26,332
2014-01-26,332
2014-01-26,332
2014-01-27,330.5
2014-01-27,330
2014-01-27,331
2014-01-27,330
2014-01-28,328
2014-01-28,328
2014-01-28,328
2014-01-28,328
2014-01-29,341.5
2014-01-29,342
2014-01-29,336
2014-01-29,347
2014-01-30,364.5
2014-01-30,364
2014-01-30,357
2014-01-30,372
2014-01-31,406
2014-01-31,406
2014-01-31,400
2014-01-31,412
2014-02-01,410
2014-02-01,410
2014-02-01,412
2014-02-01,408
2014-02-02,400.5
2014-02-02,400
2014-02-02,403
2014-02-02,398
2014-02-03,386
2014-02-03,386
2014-02-03,390
2014-02-03,382
2014-02-04,373
2014-02-04,373
2014-02-04,376
2014-02-04,370
2014-02-05,356
2014-02-05,356
2014-02-05,362
2014-02-05,350
2014-02-06,358.5
2014-02-06,358
2014-02-06,358
2014-02-06,359
2014-02-07,390
2014-02-07,390
2014-02-07,376
2014-02-07,404
2014-02-08,429.5
2014-02-08,430
2014-02-08,426
2014-02-08,433
2014-02-09,436
2014-02-09,436
2014-02-09,438
2014-02-09,434
2014-02-10,425.5
2014-02-10,426
2014-02-10,428
2014-02-10,423
2014-02-11,418
2014-02-11,418
2014-02-11,420
2014-02-11,416
2014-02-12,411.5
2014-02-12,412
2014-02-12,412
2014-02-12,411
2014-02-13,412.5
2014-02-13,412
2014-02-13,412
2014-02-13,413
2014-02-14,412
2014-02-14,412
2014-02-14,411
2014-02-14,413
2014-02-15,415.5
2014-02-15,416
2014-02-15,416
2014-02-15,415
2014-02-16,408.5
2014-02-16,408
2014-02-16,411
2014-02-16,406
2014-02-17,399
2014-02-17,399
2014-02-17,401
2014-02-17,397
2014-02-18,386.5
2014-02-18,386
2014-02-18,387
2014-02-18,386
2014-02-19,381.5
2014-02-19,382
2014-02-19,382
2014-02-19,381
2014-02-20,381.5
2014-02-20,382
2014-02-20,381
2014-02-20,382
2014-02-21,380
2014-02-21,380
2014-02-21,380
2014-02-21,380
2014-02-22,372.5
2014-02-22,372
2014-02-22,374
2014-02-22,371
2014-02-23,369.5
2014-02-23,370
2014-02-23,369
2014-02-23,370
2014-02-24,380
2014-02-24,380
2014-02-24,376
2014-02-24,384
2014-02-25,396.5
2014-02-25,396
2014-02-25,394
2014-02-25,399
2014-02-26,404.5
2014-02-26,404
2014-02-26,403
2014-02-26,406
2014-02-27,405.5
2014-02-27,406
2014-02-27,403
2014-02-27,408
2014-02-28,432
2014-02-28,432
2014-02-28,428
2014-02-28,436
2014-03-01,450
2014-03-01,450
2014-03-01,443
2014-03-01,457
2014-03-02,473
2014-03-02,473
2014-03-02,472
2014-03-02,474
2014-03-03,470
2014-03-03,470
2014-03-03,472
2014-03-03,468
2014-03-04,459
2014-03-04,459
2014-03-04,459
2014-03-04,459
2014-03-05,437.5
2014-03-05,438
2014-03-05,441
2014-03-05,434
2014-03-06,425.5
2014-03-06,426
2014-03-06,426
2014-03-06,425
2014-03-07,417.5
2014-03-07,418
2014-03-07,420
2014-03-07,415
2014-03-08,408
2014-03-08,408
2014-03-08,411
2014-03-08,405
2014-03-09,396
2014-03-09,396
2014-03-09,400
2014-03-09,392
2014-03-10,384
2014-03-10,384
2014-03-10,386
2014-03-10,382
2014-03-11,374
2014-03-11,374
2014-03-11,376
2014-03-11,372
2014-03-12,378
2014-03-12,378
2014-03-12,374
2014-03-12,382
2014-03-13,389.5
2014-03-13,390
2014-03-13,388
2014-03-13,391
2014-03-14,389
2014-03-14,389
2014-03-14,390
2014-03-14,388
2014-03-15,385.5
2014-03-15,386
2014-03-15,385
2014-03-15,386
2014-03-16,388.5
2014-03-16,388
2014-03-16,387
2014-03-16,390
2014-03-17,390
2014-03-17,390
2014-03-17,390
2014-03-17,390
2014-03-18,403
2014-03-18,403
2014-03-18,402
2014-03-18,404
2014-03-19,409
2014-03-19,409
2014-03-19,408
2014-03-19,410
2014-03-20,410
2014-03-20,410
2014-03-20,410
2014-03-20,410
2014-03-21,416
2014-03-21,416
2014-03-21,413
2014-03-21,419
2014-03-22,427
2014-03-22,427
2014-03-22,425
2014-03-22,429
2014-03-23,433
2014-03-23,433
2014-03-23,432
2014-03-23,434
2014-03-24,443
2014-03-24,443
2014-03-24,438
2014-03-24,448
2014-03-25,460
2014-03-25,460
2014-03-25,458
2014-03-25,462
2014-03-26,479
2014-03-26,479
2014-03-26,472
2014-03-26,486
2014-03-27,516.5
2014-03-27,516
2014-03-27,510
2014-03-27,523
2014-03-28,535
2014-03-28,535
2014-03-28,532
2014-03-28,538
2014-03-29,538.5
2014-03-29,538
2014-03-29,539
2014-03-29,538
2014-03-30,535
2014-03-30,535
2014-03-30,536
2014-03-30,534
2014-03-31,528
2014-03-31,528
2014-03-31,530
2014-03-31,526
2014-04-01,545
2014-04-01,545
2014-04-01,536
2014-04-01,554
2014-04-02,544
2014-04-02,544
2014-04-02,548
2014-04-02,540
2014-04-03,518
2014-04-03,518
2014-04-03,524
2014-04-03,512
2014-04-04,506
2014-04-04,506
2014-04-04,504
2014-04-04,508
2014-04-05,506
2014-04-05,506
2014-04-05,508
2014-04-05,504
2014-04-06,492
2014-04-06,492
2014-04-06,496
2014-04-06,488
2014-04-07,486.5
2014-04-07,486
2014-04-07,491
2014-04-07,482
2014-04-08,473
2014-04-08,473
2014-04-08,476
2014-04-08,470
2014-04-09,464
2014-04-09,464
2014-04-09,466
2014-04-09,462
2014-04-10,456
2014-04-10,456
2014-04-10,458
2014-04-10,454
2014-04-11,445
2014-04-11,445
2014-04-11,446
2014-04-11,444
2014-04-12,430
2014-04-12,430
2014-04-12,434
2014-04-12,426
2014-04-13,415.5
2014-04-13,416
2014-04-13,418
2014-04-13,413
2014-04-14,406.5
2014-04-14,407
2014-04-14,408
2014-04-14,405
2014-04-15,415
2014-04-15,415
2014-04-15,410
2014-04-15,420
2014-04-16,437
2014-04-16,437
2014-04-16,435
2014-04-16,439
2014-04-17,462
2014-04-17,462
2014-04-17,452
2014-04-17,472
2014-04-18,521
2014-04-18,521
2014-04-18,510
2014-04-18,532
2014-04-19,551
2014-04-19,551
2014-04-19,546
2014-04-19,556
2014-04-20,564
2014-04-20,564
2014-04-20,562
2014-04-20,566
2014-04-21,566
2014-04-21,566
2014-04-21,566
2014-04-21,566
2014-04-22,568.5
2014-04-22,568
2014-04-22,569
2014-04-22,568
2014-04-23,559
2014-04-23,559
2014-04-23,562
2014-04-23,556
2014-04-24,546
2014-04-24,546
2014-04-24,548
2014-04-24,544
2014-04-25,545
2014-04-25,545
2014-04-25,543
2014-04-25,547
2014-04-26,556
2014-04-26,556
2014-04-26,547
2014-04-26,565
2014-04-27,581
2014-04-27,581
2014-04-27,576
2014-04-27,586
2014-04-28,597
2014-04-28,597
2014-04-28,596
2014-04-28,598
2014-04-29,598
2014-04-29,598
2014-04-29,598
2014-04-29,598
2014-04-30,600
2014-04-30,600
2014-04-30,600
2014-04-30,600
2014-05-01,612
2014-05-01,612
2014-05-01,608
2014-05-01,616
2014-05-02,636
2014-05-02,636
2014-05-02,632
2014-05-02,640
2014-05-03,644
2014-05-03,644
2014-05-03,644
2014-05-03,644
2014-05-04,655
2014-05-04,655
2014-05-04,650
2014-05-04,660
2014-05-05,663
2014-05-05,663
2014-05-05,662
2014-05-05,664
2014-05-06,664
2014-05-06,664
2014-05-06,664
2014-05-06,664
2014-05-07,664
2014-05-07,664
2014-05-07,664
2014-05-07,664
2014-05-08,663
2014-05-08,663
2014-05-08,664
2014-05-08,662
2014-05-09,659
2014-05-09,659
2014-05-09,660
2014-05-09,658
2014-05-10,652
2014-05-10,652
2014-05-10,654
2014-05-10,650
2014-05-11,649.5
2014-05-11,650
2014-05-11,650
2014-05-11,649
2014-05-12,635.5
2014-05-12,636
2014-05-12,639
2014-05-12,632
2014-05-13,626
2014-05-13,626
2014-05-13,628
2014-05-13,624
2014-05-14,608.5
2014-05-14,608
2014-05-14,615
2014-05-14,602
2014-05-15,584.5
2014-05-15,584
2014-05-15,590
2014-05-15,579
2014-05-16,559.5
2014-05-16,560
2014-05-16,564
2014-05-16,555
2014-05-17,549
2014-05-17,549
2014-05-17,548
2014-05-17,550
2014-05-18,546
2014-05-18,546
2014-05-18,547
2014-05-18,545
2014-05-19,564
2014-05-19,564
2014-05-19,560
2014-05-19,568
2014-05-20,578.5
2014-05-20,578
2014-05-20,578
2014-05-20,579
2014-05-21,576.5
2014-05-21,576
2014-05-21,579
2014-05-21,574
2014-05-22,579.5
2014-05-22,580
2014-05-22,577
2014-05-22,582
2014-05-23,587
2014-05-23,587
2014-05-23,588
2014-05-23,586
2014-05-24,578
2014-05-24,578
2014-05-24,580
2014-05-24,576
2014-05-25,564
2014-05-25,564
2014-05-25,568
2014-05-25,560
2014-05-26,552
2014-05-26,552
2014-05-26,550
2014-05-26,554
2014-05-27,536
2014-05-27,536
2014-05-27,538
2014-05-27,534
2014-05-28,530
2014-05-28,530
2014-05-28,532
2014-05-28,528
2014-05-29,522
2014-05-29,522
2014-05-29,522
2014-05-29,522
2014-05-30,523
2014-05-30,523
2014-05-30,524
2014-05-30,522
2014-05-31,524
2014-05-31,524
2014-05-31,522
2014-05-31,526
2014-06-01,540
2014-06-01,540
2014-06-01,536
2014-06-01,544
2014-06-02,557
2014-06-02,557
2014-06-02,554
2014-06-02,560
2014-06-03,568
2014-06-03,568
2014-06-03,566
2014-06-03,570
2014-06-04,582
2014-06-04,582
2014-06-04,580
2014-06-04,584
2014-06-05,588.5
2014-06-05,588
2014-06-05,588
2014-06-05,589
2014-06-06,589
2014-06-06,589
2014-06-06,589
2014-06-06,589
2014-06-07,591.5
2014-06-07,592
2014-06-07,591
2014-06-07,592
2014-06-08,592
2014-06-08,592
2014-06-08,592
2014-06-08,592
2014-06-09,590
2014-06-09,590
2014-06-09,590
2014-06-09,590
2014-06-10,578
2014-06-10,578
2014-06-10,580
2014-06-10,576
2014-06-11,563
2014-06-11,563
2014-06-11,568
2014-06-11,558
2014-06-12,545
2014-06-12,545
2014-06-12,550
2014-06-12,540
2014-06-13,524.5
2014-06-13,524
2014-06-13,529
2014-06-13,520
2014-06-14,509
2014-06-14,509
2014-06-14,512
2014-06-14,506
2014-06-15,496
2014-06-15,496
2014-06-15,498
2014-06-15,494
2014-06-16,488
2014-06-16,488
2014-06-16,490
2014-06-16,486
2014-06-17,485
2014-06-17,485
2014-06-17,486
2014-06-17,484
2014-06-18,486
2014-06-18,486
2014-06-18,486
2014-06-18,486
2014-06-19,516
2014-06-19,516
2014-06-19,510
2014-06-19,522
2014-06-20,537
2014-06-20,537
2014-06-20,532
2014-06-20,542
2014-06-21,556
2014-06-21,556
2014-06-21,552
2014-06-21,560
2014-06-22,567
2014-06-22,567
2014-06-22,564
2014-06-22,570
2014-06-23,572
2014-06-23,572
2014-06-23,572
2014-06-23,572
2014-06-24,573
2014-06-24,573
2014-06-24,572
2014-06-24,574
2014-06-25,574
2014-06-25,574
2014-06-25,574
2014-06-25,574
2014-06-26,576
2014-06-26,576
2014-06-26,576
2014-06-26,576
2014-06-27,577
2014-06-27,577
2014-06-27,576
2014-06-27,578
2014-06-28,579
2014-06-28,579
2014-06-28,578
2014-06-28,580
2014-06-29,585
2014-06-29,585
2014-06-29,584
2014-06-29,586
2014-06-30,595
2014-06-30,595
2014-06-30,594
2014-06-30,596
2014-07-01,596
2014-07-01,596
2014-07-01,596
2014-07-01,596
2014-07-02,593
2014-07-02,593
2014-07-02,594
2014-07-02,592
2014-07-03,590
2014-07-03,590
2014-07-03,590
2014-07-03,590
2014-07-04,587
2014-07-04,587
2014-07-04,588
2014-07-04,586
2014-07-05,581
2014-07-05,581
2014-07-05,582
2014-07-05,580
2014-07-06,577
2014-07-06,577
2014-07-06,578
2014-07-06,576
2014-07-07,572.5
2014-07-07,572
2014-07-07,573
2014-07-07,572
2014-07-08,567.5
2014-07-08,568
2014-07-08,569
2014-07-08,566
2014-07-09,562
2014-07-09,562
2014-07-09,564
2014-07-09,560
2014-07-10,556.5
2014-07-10,556
2014-07-10,557
2014-07-10,556
2014-07-11,548
2014-07-11,548
2014-07-11,550
2014-07-11,546
2014-07-12,539.5
2014-07-12,540
2014-07-12,540
2014-07-12,539
2014-07-13,532
2014-07-13,532
2014-07-13,534
2014-07-13,530
2014-07-14,524.5
2014-07-14,524
2014-07-14,527
2014-07-14,522
2014-07-15,515.5
2014-07-15,516
2014-07-15,518
2014-07-15,513
2014-07-16,507.5
2014-07-16,508
2014-07-16,509
2014-07-16,506
2014-07-17,502
2014-07-17,502
2014-07-17,503
2014-07-17,501
2014-07-18,496
2014-07-18,496
2014-07-18,497
2014-07-18,495
2014-07-19,489
2014-07-19,489
2014-07-19,491
2014-07-19,487
2014-07-20,482
2014-07-20,482
2014-07-20,484
2014-07-20,480
2014-07-21,474.5
2014-07-21,474
2014-07-21,475
2014-07-21,474
2014-07-22,463.5
2014-07-22,464
2014-07-22,466
2014-07-22,461
2014-07-23,454
2014-07-23,454
2014-07-23,456
2014-07-23,452
2014-07-24,445.5
2014-07-24,446
2014-07-24,447
2014-07-24,444
2014-07-25,439.5
2014-07-25,439
2014-07-25,441
2014-07-25,438
2014-07-26,434
2014-07-26,434
2014-07-26,435
2014-07-26,433
2014-07-27,430
2014-07-27,430
2014-07-27,431
2014-07-27,429
2014-07-28,425.5
2014-07-28,426
2014-07-28,426
2014-07-28,425
2014-07-29,423
2014-07-29,423
2014-07-29,423
2014-07-29,423
2014-07-30,423
2014-07-30,423
2014-07-30,423
2014-07-30,423
2014-07-31,429
2014-07-31,429
2014-07-31,426
2014-07-31,432
2014-08-01,443
2014-08-01,443
2014-08-01,441
2014-08-01,445
2014-08-02,448.5
2014-08-02,449
2014-08-02,449
2014-08-02,448
2014-08-03,444
2014-08-03,444
2014-08-03,446
2014-08-03,442
2014-08-04,436
2014-08-04,436
2014-08-04,438
2014-08-04,434
2014-08-05,434
2014-08-05,434
2014-08-05,434
2014-08-05,434
2014-08-06,428.5
2014-08-06,428
2014-08-06,430
2014-08-06,427
2014-08-07,424.5
2014-08-07,424
2014-08-07,425
2014-08-07,424
2014-08-08,424
2014-08-08,424
2014-08-08,424
2014-08-08,424
2014-08-09,424
2014-08-09,424
2014-08-09,424
2014-08-09,424
2014-08-10,422
2014-08-10,422
2014-08-10,422
2014-08-10,422
2014-08-11,420.5
2014-08-11,420
2014-08-11,421
2014-08-11,420
2014-08-12,420
2014-08-12,420
2014-08-12,420
2014-08-12,420
2014-08-13,418.5
2014-08-13,418
2014-08-13,419
2014-08-13,418
2014-08-14,416
2014-08-14,416
2014-08-14,416
2014-08-14,416
2014-08-15,414
2014-08-15,414
2014-08-15,414
2014-08-15,414
2014-08-16,411
2014-08-16,411
2014-08-16,412
2014-08-16,410
2014-08-17,407
2014-08-17,407
2014-08-17,408
2014-08-17,406
2014-08-18,407
2014-08-18,407
2014-08-18,406
2014-08-18,408
2014-08-19,415
2014-08-19,415
2014-08-19,412
2014-08-19,418
2014-08-20,423
2014-08-20,423
2014-08-20,422
2014-08-20,424
2014-08-21,426
2014-08-21,426
2014-08-21,426
2014-08-21,426
2014-08-22,425
2014-08-22,425
2014-08-22,426
2014-08-22,424
2014-08-23,419.5
2014-08-23,420
2014-08-23,421
2014-08-23,418
2014-08-24,412
2014-08-24,412
2014-08-24,414
2014-08-24,410
2014-08-25,410
2014-08-25,410
2014-08-25,409
2014-08-25,411
2014-08-26,409.5
2014-08-26,410
2014-08-26,410
2014-08-26,409
2014-08-27,403.5
2014-08-27,404
2014-08-27,406
2014-08-27,401
2014-08-28,396.5
2014-08-28,396
2014-08-28,397
2014-08-28,396
2014-08-29,390
2014-08-29,390
2014-08-29,392
2014-08-29,388
2014-08-30,386.5
2014-08-30,386
2014-08-30,387
2014-08-30,386
2014-08-31,391
2014-08-31,391
2014-08-31,390
2014-08-31,392
2014-09-01,394
2014-09-01,394
2014-09-01,394
2014-09-01,394
2014-09-02,405.5
2014-09-02,406
2014-09-02,402
2014-09-02,409
2014-09-03,414
2014-09-03,414
2014-09-03,412
2014-09-03,416
2014-09-04,424
2014-09-04,424
2014-09-04,422
2014-09-04,426
2014-09-05,425
2014-09-05,425
2014-09-05,426
2014-09-05,424
2014-09-06,417.5
2014-09-06,418
2014-09-06,420
2014-09-06,415
2014-09-07,405
2014-09-07,405
2014-09-07,408
2014-09-07,402
2014-09-08,393
2014-09-08,393
2014-09-08,396
2014-09-08,390
2014-09-09,385.5
2014-09-09,386
2014-09-09,387
2014-09-09,384
2014-09-10,380
2014-09-10,380
2014-09-10,381
2014-09-10,379
2014-09-11,377.5
2014-09-11,378
2014-09-11,378
2014-09-11,377
2014-09-12,376
2014-09-12,376
2014-09-12,376
2014-09-12,376
2014-09-13,374
2014-09-13,374
2014-09-13,374
2014-09-13,374
2014-09-14,375
2014-09-14,375
2014-09-14,376
2014-09-14,374
2014-09-15,371
2014-09-15,371
2014-09-15,372
2014-09-15,370
2014-09-16,367.5
2014-09-16,368
2014-09-16,368
2014-09-16,367
2014-09-17,366
2014-09-17,366
2014-09-17,366
2014-09-17,366
2014-09-18,364.5
2014-09-18,364
2014-09-18,365
2014-09-18,364
2014-09-19,366.5
2014-09-19,366
2014-09-19,365
2014-09-19,368
2014-09-20,376.5
2014-09-20,376
2014-09-20,373
2014-09-20,380
2014-09-21,383.5
2014-09-21,384
2014-09-21,383
2014-09-21,384
2014-09-22,385.5
2014-09-22,386
2014-09-22,386
2014-09-22,385
2014-09-23,383.5
2014-09-23,384
2014-09-23,384
2014-09-23,383
2014-09-24,378
2014-09-24,378
2014-09-24,380
2014-09-24,376
2014-09-25,370.5
2014-09-25,370
2014-09-25,372
2014-09-25,369
2014-09-26,364
2014-09-26,364
2014-09-26,366
2014-09-26,362
2014-09-27,359
2014-09-27,359
2014-09-27,360
2014-09-27,358
2014-09-28,354.5
2014-09-28,354
2014-09-28,356
2014-09-28,353
2014-09-29,351
2014-09-29,351
2014-09-29,352
2014-09-29,350
2014-09-30,348.5
2014-09-30,348
2014-09-30,349
2014-09-30,348
2014-10-01,344
2014-10-01,344
2014-10-01,344
2014-10-01,344
2014-10-02,342
2014-10-02,342.5
2014-10-02,343
2014-10-02,342
2014-10-03,342
2014-10-03,342
2014-10-03,342
2014-10-03,342
2014-10-04,344
2014-10-04,344.5
2014-10-04,344
2014-10-04,345
2014-10-05,350
2014-10-05,350.5
2014-10-05,350
2014-10-05,351
2014-10-06,354
2014-10-06,353.5
2014-10-06,353
2014-10-06,354
2014-10-07,352
2014-10-07,352
2014-10-07,352
2014-10-07,352
2014-10-08,352
2014-10-08,352
2014-10-08,352
2014-10-08,352
2014-10-09,354
2014-10-09,353.5
2014-10-09,353
2014-10-09,354
2014-10-10,354
2014-10-10,353.5
2014-10-10,354
2014-10-10,353
2014-10-11,351
2014-10-11,351
2014-10-11,352
2014-10-11,350
2014-10-12,347
2014-10-12,347
2014-10-12,348
2014-10-12,346
2014-10-13,346
2014-10-13,346.5
2014-10-13,347
2014-10-13,346
2014-10-14,345
2014-10-14,345
2014-10-14,345
2014-10-14,345
2014-10-15,344
2014-10-15,344.5
2014-10-15,344
2014-10-15,345
2014-10-16,345
2014-10-16,345
2014-10-16,346
2014-10-16,344
2014-10-17,346
2014-10-17,345.5
2014-10-17,345
2014-10-17,346
2014-10-18,347
2014-10-18,347
2014-10-18,346
2014-10-18,348
2014-10-19,348
2014-10-19,348.5
2014-10-19,348
2014-10-19,349
2014-10-20,348
2014-10-20,348
2014-10-20,348
2014-10-20,348
2014-10-21,348
2014-10-21,347.5
2014-10-21,348
2014-10-21,347
2014-10-22,346
2014-10-22,346.5
2014-10-22,346
2014-10-22,347
2014-10-23,350
2014-10-23,349.5
2014-10-23,348
2014-10-23,351
2014-10-24,352
2014-10-24,351.5
2014-10-24,352
2014-10-24,351
2014-10-25,349
2014-10-25,349
2014-10-25,350
2014-10-25,348
2014-10-26,348
2014-10-26,348.5
2014-10-26,347
2014-10-26,350
2014-10-27,353
2014-10-27,353
2014-10-27,352
2014-10-27,354
2014-10-28,352
2014-10-28,352.5
2014-10-28,352
2014-10-28,353
2014-10-29,355
2014-10-29,355
2014-10-29,354
2014-10-29,356
2014-10-30,355
2014-10-30,355
2014-10-30,356
2014-10-30,354
2014-10-31,350
2014-10-31,349.5
2014-10-31,351
2014-10-31,348
2014-11-01,344
2014-11-01,346
2014-11-01,342
2014-11-02,337
2014-11-02,338
2014-11-02,336
2014-11-03,333
2014-11-03,334
2014-11-03,332
2014-11-04,329
2014-11-04,330
2014-11-04,328
2014-11-05,326.5
2014-11-05,327
2014-11-05,326
2014-11-06,324.5
2014-11-06,325
2014-11-06,324
2014-11-07,323.5
2014-11-07,324
2014-11-07,323
2014-11-08,323
2014-11-08,323
2014-11-08,323
2014-11-09,322
2014-11-09,322
2014-11-09,322
2014-11-10,320.5
2014-11-10,321
2014-11-10,320
2014-11-11,318.5
2014-11-11,319
2014-11-11,318
2014-11-12,316.5
2014-11-12,317
2014-11-12,316
2014-11-13,314.5
2014-11-13,315
2014-11-13,314
2014-11-14,314
2014-11-14,314
2014-11-14,314
2014-11-15,314.5
2014-11-15,314
2014-11-15,315
2014-11-16,315
2014-11-16,315
2014-11-16,315
2014-11-17,316.5
2014-11-17,316
2014-11-17,317
2014-11-18,317.5
2014-11-18,316
2014-11-18,319
2014-11-19,322.5
2014-11-19,322
2014-11-19,323
2014-11-20,326.5
2014-11-20,325
2014-11-20,328
2014-11-21,329.5
2014-11-21,329
2014-11-21,330
2014-11-22,335
2014-11-22,335
2014-11-22,335
2014-11-23,335
2014-11-23,335
2014-11-23,335
2014-11-24,332.5
2014-11-24,333
2014-11-24,332
2014-11-25,327
2014-11-25,328
2014-11-25,326
2014-11-26,323
2014-11-26,324
2014-11-26,322
2014-11-27,320
2014-11-27,320
2014-11-27,320
2014-11-28,316
2014-11-28,316
2014-11-28,316
2014-11-29,313.5
2014-11-29,314
2014-11-29,313
2014-11-30,311.5
2014-11-30,312
2014-11-30,311
2014-12-01,309.5
2014-12-01,310
2014-12-01,309
2014-12-02,307.5
2014-12-02,308
2014-12-02,307
2014-12-03,305
2014-12-03,306
2014-12-03,304
2014-12-04,302.5
2014-12-04,303
2014-12-04,302
2014-12-05,302
2014-12-05,302
2014-12-05,302
2014-12-06,301
2014-12-06,302
2014-12-06,300
2014-12-07,299.5
2014-12-07,300
2014-12-07,299
2014-12-08,297
2014-12-08,297
2014-12-08,297
2014-12-09,295.5
2014-12-09,296
2014-12-09,295
2014-12-10,294.5
2014-12-10,295
2014-12-10,294
2014-12-11,294
2014-12-11,294
2014-12-11,294
2014-12-12,293.5
2014-12-12,294
2014-12-12,293
2014-12-13,293
2014-12-13,293
2014-12-13,293
2014-12-14,295.5
2014-12-14,293
2014-12-14,298
2014-12-15,295
2014-12-15,298
2014-12-15,292
2014-12-16,292
2014-12-16,292
2014-12-16,292
2014-12-17,292
2014-12-17,292
2014-12-17,292
2014-12-18,290.5
2014-12-18,291
2014-12-18,290
2014-12-19,288.5
2014-12-19,289
2014-12-19,288
2014-12-20,288
2014-12-20,288
2014-12-20,288
2014-12-21,288
2014-12-21,288
2014-12-21,288
2014-12-22,288
2014-12-22,288
2014-12-22,288
2014-12-23,286.5
2014-12-23,287
2014-12-23,286
2014-12-24,284.5
2014-12-24,285
2014-12-24,284
2014-12-25,282.5
2014-12-25,283
2014-12-25,282
2014-12-26,281.5
2014-12-26,282
2014-12-26,281
2014-12-27,279.5
2014-12-27,280
2014-12-27,279
2014-12-28,278
2014-12-28,278
2014-12-28,278
2014-12-29,277
2014-12-29,277
2014-12-29,277
2014-12-30,275.5
2014-12-30,276
2014-12-30,275
2014-12-31,274.5
2014-12-31,274
2014-12-31,275
2015-01-01,276.5
2015-01-01,277
2015-01-01,276
2015-01-01,277
2015-01-02,276.5
2015-01-02,277
2015-01-02,277
2015-01-02,276
2015-01-03,275.5
2015-01-03,276
2015-01-03,276
2015-01-03,275
2015-01-04,272.5
2015-01-04,273
2015-01-04,273
2015-01-04,272
2015-01-05,271.5
2015-01-05,272
2015-01-05,272
2015-01-05,271
2015-01-06,270
2015-01-06,270
2015-01-06,270
2015-01-06,270
2015-01-07,271
2015-01-07,271
2015-01-07,271
2015-01-07,271
2015-01-08,270
2015-01-08,270
2015-01-08,270
2015-01-08,270
2015-01-09,271
2015-01-09,271
2015-01-09,271
2015-01-09,271
2015-01-10,272
2015-01-10,272
2015-01-10,272
2015-01-10,272
2015-01-11,272
2015-01-11,272
2015-01-11,272
2015-01-11,272
2015-01-12,272.5
2015-01-12,273
2015-01-12,272
2015-01-12,273
2015-01-13,272
2015-01-13,272
2015-01-13,272
2015-01-13,272
2015-01-14,277
2015-01-14,277
2015-01-14,276
2015-01-14,278
2015-01-15,277.5
2015-01-15,278
2015-01-15,278
2015-01-15,277
2015-01-16,278
2015-01-16,278
2015-01-16,278
2015-01-16,278
2015-01-17,281.5
2015-01-17,282
2015-01-17,283
2015-01-17,280
2015-01-18,295
2015-01-18,295
2015-01-18,294
2015-01-18,296
2015-01-19,304
2015-01-19,304
2015-01-19,298
2015-01-19,310
2015-01-20,315
2015-01-20,315
2015-01-20,314
2015-01-20,316
2015-01-21,317
2015-01-21,317
2015-01-21,316
2015-01-21,318
2015-01-22,319.5
2015-01-22,320
2015-01-22,319
2015-01-22,320
2015-01-23,334
2015-01-23,334
2015-01-23,330
2015-01-23,338
2015-01-24,349.5
2015-01-24,350
2015-01-24,348
2015-01-24,351
2015-01-25,347
2015-01-25,347
2015-01-25,348
2015-01-25,346
2015-01-26,343.5
2015-01-26,344
2015-01-26,344
2015-01-26,343
2015-01-27,335
2015-01-27,335
2015-01-27,336
2015-01-27,334
2015-01-28,326
2015-01-28,326
2015-01-28,328
2015-01-28,324
2015-01-29,319
2015-01-29,319
2015-01-29,320
2015-01-29,318
2015-01-30,317.5
2015-01-30,318
2015-01-30,317
2015-01-30,318
2015-01-31,322.5
2015-01-31,323
2015-01-31,322
2015-01-31,323
2015-02-01,325
2015-02-01,325
2015-02-01,324
2015-02-01,326
2015-02-02,338.5
2015-02-02,339
2015-02-02,334
2015-02-02,343
2015-02-03,353.5
2015-02-03,354
2015-02-03,352
2015-02-03,355
2015-02-04,364.5
2015-02-04,365
2015-02-04,360
2015-02-04,369
2015-02-05,371.5
2015-02-05,372
2015-02-05,373
2015-02-05,370
2015-02-06,359.5
2015-02-06,360
2015-02-06,363
2015-02-06,356
2015-02-07,344.5
2015-02-07,345
2015-02-07,348
2015-02-07,341
2015-02-08,335.5
2015-02-08,336
2015-02-08,338
2015-02-08,333
2015-02-09,337.5
2015-02-09,338
2015-02-09,339
2015-02-09,336
2015-02-10,333.5
2015-02-10,334
2015-02-10,334
2015-02-10,333
2015-02-11,328
2015-02-11,328
2015-02-11,328
2015-02-11,328
2015-02-12,328
2015-02-12,328
2015-02-12,328
2015-02-12,328
2015-02-13,328
2015-02-13,328
2015-02-13,328
2015-02-13,328
2015-02-14,324.5
2015-02-14,325
2015-02-14,325
2015-02-14,324
2015-02-15,321.5
2015-02-15,322
2015-02-15,323
2015-02-15,320
2015-02-16,327.5
2015-02-16,328
2015-02-16,327
2015-02-16,328
2015-02-17,321
2015-02-17,321
2015-02-17,322
2015-02-17,320
2015-02-18,325
2015-02-18,325
2015-02-18,324
2015-02-18,326
2015-02-19,323.5
2015-02-19,324
2015-02-19,324
2015-02-19,323
2015-02-20,317
2015-02-20,317
2015-02-20,318
2015-02-20,316
2015-02-21,313.5
2015-02-21,314
2015-02-21,313
2015-02-21,314
2015-02-22,321
2015-02-22,321
2015-02-22,320
2015-02-22,322
2015-02-23,324
2015-02-23,324
2015-02-23,323
2015-02-23,325
2015-02-24,326
2015-02-24,326
2015-02-24,326
2015-02-24,326
2015-02-25,336
2015-02-25,336
2015-02-25,334
2015-02-25,338
2015-02-26,347.5
2015-02-26,348
2015-02-26,347
2015-02-26,348
2015-02-27,351
2015-02-27,351
2015-02-27,350
2015-02-27,352
2015-02-28,367
2015-02-28,367
2015-02-28,366
2015-02-28,368
2015-03-01,366.5
2015-03-01,367
2015-03-01,366
2015-03-01,367
2015-03-02,370.5
2015-03-02,371
2015-03-02,371
2015-03-02,370
2015-03-03,360
2015-03-03,360
2015-03-03,362
2015-03-03,358
2015-03-04,363
2015-03-04,363
2015-03-04,359
2015-03-04,367
2015-03-05,369
2015-03-05,369
2015-03-05,370
2015-03-05,368
2015-03-06,372
2015-03-06,372
2015-03-06,370
2015-03-06,374
2015-03-07,370.5
2015-03-07,371
2015-03-07,372
2015-03-07,369
2015-03-08,365
2015-03-08,365
2015-03-08,366
2015-03-08,364
2015-03-09,359
2015-03-09,359
2015-03-09,360
2015-03-09,358
2015-03-10,359
2015-03-10,359
2015-03-10,356
2015-03-10,362
2015-03-11,384
2015-03-11,384
2015-03-11,381
2015-03-11,387
2015-03-12,391.5
2015-03-12,392
2015-03-12,391
2015-03-12,392
2015-03-13,387.5
2015-03-13,388
2015-03-13,388
2015-03-13,387
2015-03-14,383
2015-03-14,383
2015-03-14,382
2015-03-14,384
2015-03-15,378
2015-03-15,378
2015-03-15,380
2015-03-15,376
2015-03-16,370.5
2015-03-16,371
2015-03-16,370
2015-03-16,371
2015-03-17,373
2015-03-17,373
2015-03-17,370
2015-03-17,376
2015-03-18,386
2015-03-18,386
2015-03-18,381
2015-03-18,391
2015-03-19,396
2015-03-19,396
2015-03-19,396
2015-03-19,396
2015-03-20,421
2015-03-20,421
2015-03-20,414
2015-03-20,428
2015-03-21,434
2015-03-21,434
2015-03-21,432
2015-03-21,436
2015-03-22,455
2015-03-22,455
2015-03-22,450
2015-03-22,460
2015-03-23,458.5
2015-03-23,459
2015-03-23,462
2015-03-23,455
2015-03-24,443.5
2015-03-24,444
2015-03-24,445
2015-03-24,442
2015-03-25,434
2015-03-25,434
2015-03-25,440
2015-03-25,428
2015-03-26,413
2015-03-26,413
2015-03-26,417
2015-03-26,409
2015-03-27,396.5
2015-03-27,397
2015-03-27,400
2015-03-27,393
2015-03-28,383
2015-03-28,383
2015-03-28,384
2015-03-28,382
2015-03-29,379
2015-03-29,379
2015-03-29,380
2015-03-29,378
2015-03-30,378.5
2015-03-30,379
2015-03-30,376
2015-03-30,381
2015-03-31,404
2015-03-31,404
2015-03-31,398
2015-03-31,410
2015-04-01,437
2015-04-01,437
2015-04-01,429
2015-04-01,445
2015-04-02,449.5
2015-04-02,450
2015-04-02,449
2015-04-02,450
2015-04-03,450.5
2015-04-03,451
2015-04-03,450
2015-04-03,451
2015-04-04,449
2015-04-04,449
2015-04-04,451
2015-04-04,447
2015-04-05,433
2015-04-05,433
2015-04-05,436
2015-04-05,430
2015-04-06,414.5
2015-04-06,415
2015-04-06,419
2015-04-06,410
2015-04-07,398.5
2015-04-07,399
2015-04-07,402
2015-04-07,395
2015-04-08,389
2015-04-08,389
2015-04-08,396
2015-04-08,382
2015-04-09,374.5
2015-04-09,375
2015-04-09,376
2015-04-09,373
2015-04-10,377
2015-04-10,377
2015-04-10,376
2015-04-10,378
2015-04-11,376.5
2015-04-11,377
2015-04-11,377
2015-04-11,376
2015-04-12,385.5
2015-04-12,386
2015-04-12,380
2015-04-12,391
2015-04-13,464.5
2015-04-13,465
2015-04-13,460
2015-04-13,469
2015-04-14,490
2015-04-14,490
2015-04-14,492
2015-04-14,488
2015-04-15,479
2015-04-15,479
2015-04-15,482
2015-04-15,476
2015-04-16,477
2015-04-16,477
2015-04-16,474
2015-04-16,480
2015-04-17,489
2015-04-17,489
2015-04-17,490
2015-04-17,488
2015-04-18,496
2015-04-18,496
2015-04-18,494
2015-04-18,498
2015-04-19,502.5
2015-04-19,503
2015-04-19,502
2015-04-19,503
2015-04-20,507.5
2015-04-20,508
2015-04-20,506
2015-04-20,509
2015-04-21,512
2015-04-21,512
2015-04-21,512
2015-04-21,512
2015-04-22,501.5
2015-04-22,502
2015-04-22,505
2015-04-22,498
2015-04-23,484.5
2015-04-23,485
2015-04-23,488
2015-04-23,481
2015-04-24,485
2015-04-24,485
2015-04-24,484
2015-04-24,486
2015-04-25,500.5
2015-04-25,501
2015-04-25,498
2015-04-25,503
2015-04-26,506.5
2015-04-26,507
2015-04-26,506
2015-04-26,507
2015-04-27,517
2015-04-27,517
2015-04-27,513
2015-04-27,521
2015-04-28,530
2015-04-28,530
2015-04-28,528
2015-04-28,532
2015-04-29,535.5
2015-04-29,536
2015-04-29,535
2015-04-29,536
2015-04-30,546
2015-04-30,546
2015-04-30,544
2015-04-30,548
2015-05-01,551
2015-05-01,551
2015-05-01,552
2015-05-01,550
2015-05-02,543
2015-05-02,543
2015-05-02,542
2015-05-02,544
2015-05-03,543.5
2015-05-03,544
2015-05-03,544
2015-05-03,543
2015-05-04,538.5
2015-05-04,539
2015-05-04,540
2015-05-04,537
2015-05-05,534
2015-05-05,534
2015-05-05,534
2015-05-05,534
2015-05-06,532.5
2015-05-06,533
2015-05-06,530
2015-05-06,535
2015-05-07,538.5
2015-05-07,539
2015-05-07,537
2015-05-07,540
2015-05-08,551.5
2015-05-08,552
2015-05-08,548
2015-05-08,555
2015-05-09,568
2015-05-09,568
2015-05-09,564
2015-05-09,572
2015-05-10,583
2015-05-10,583
2015-05-10,580
2015-05-10,586
2015-05-11,599
2015-05-11,599
2015-05-11,592
2015-05-11,606
2015-05-12,606.5
2015-05-12,607
2015-05-12,607
2015-05-12,606
2015-05-13,598.5
2015-05-13,599
2015-05-13,600
2015-05-13,597
2015-05-14,584.5
2015-05-14,585
2015-05-14,589
2015-05-14,580
2015-05-15,562.5
2015-05-15,563
2015-05-15,568
2015-05-15,557
2015-05-16,539.5
2015-05-16,540
2015-05-16,542
2015-05-16,537
2015-05-17,525
2015-05-17,525
2015-05-17,528
2015-05-17,522
2015-05-18,515
2015-05-18,515
2015-05-18,516
2015-05-18,514
2015-05-19,521
2015-05-19,521
2015-05-19,518
2015-05-19,524
2015-05-20,531.5
2015-05-20,532
2015-05-20,529
2015-05-20,534
2015-05-21,539
2015-05-21,539
2015-05-21,538
2015-05-21,540
2015-05-22,543
2015-05-22,543
2015-05-22,542
2015-05-22,544
2015-05-23,545
2015-05-23,545
2015-05-23,544
2015-05-23,546
2015-05-24,548
2015-05-24,548
2015-05-24,548
2015-05-24,548
2015-05-25,547.5
2015-05-25,548
2015-05-25,547
2015-05-25,548
2015-05-26,548
2015-05-26,548
2015-05-26,548
2015-05-26,548
2015-05-27,553.5
2015-05-27,554
2015-05-27,550
2015-05-27,557
2015-05-28,560.5
2015-05-28,561
2015-05-28,560
2015-05-28,561
2015-05-29,557
2015-05-29,557
2015-05-29,558
2015-05-29,556
2015-05-30,547
2015-05-30,547
2015-05-30,548
2015-05-30,546
2015-05-31,536
2015-05-31,536
2015-05-31,538
2015-05-31,534
2015-06-01,524
2015-06-01,524
2015-06-01,526
2015-06-01,522
2015-06-02,512
2015-06-02,511.5
2015-06-02,513
2015-06-02,510
2015-06-03,502
2015-06-03,502
2015-06-03,504
2015-06-03,500
2015-06-04,493
2015-06-04,493
2015-06-04,494
2015-06-04,492
2015-06-05,483
2015-06-05,482.5
2015-06-05,486
2015-06-05,479
2015-06-06,469
2015-06-06,468.5
2015-06-06,470
2015-06-06,467
2015-06-07,463
2015-06-07,462.5
2015-06-07,463
2015-06-07,462
2015-06-08,461
2015-06-08,460.5
2015-06-08,461
2015-06-08,460
2015-06-09,467
2015-06-09,467
2015-06-09,464
2015-06-09,470
2015-06-10,491
2015-06-10,491
2015-06-10,486
2015-06-10,496
2015-06-11,509
2015-06-11,509
2015-06-11,506
2015-06-11,512
2015-06-12,517
2015-06-12,517
2015-06-12,516
2015-06-12,518
2015-06-13,520
2015-06-13,520
2015-06-13,520
2015-06-13,520
2015-06-14,520
2015-06-14,520
2015-06-14,520
2015-06-14,520
2015-06-15,520
2015-06-15,520
2015-06-15,520
2015-06-15,520
2015-06-16,520
2015-06-16,520
2015-06-16,520
2015-06-16,520
2015-06-17,520
2015-06-17,519.5
2015-06-17,520
2015-06-17,519
2015-06-18,515
2015-06-18,515
2015-06-18,517
2015-06-18,513
2015-06-19,504
2015-06-19,504
2015-06-19,506
2015-06-19,502
2015-06-20,486
2015-06-20,485.5
2015-06-20,490
2015-06-20,481
2015-06-21,467
2015-06-21,467
2015-06-21,471
2015-06-21,463
2015-06-22,452
2015-06-22,451.5
2015-06-22,454
2015-06-22,449
2015-06-23,443
2015-06-23,442.5
2015-06-23,443
2015-06-23,442
2015-06-24,439
2015-06-24,438.5
2015-06-24,439
2015-06-24,438
2015-06-25,436
2015-06-25,436
2015-06-25,437
2015-06-25,435
2015-06-26,433
2015-06-26,433
2015-06-26,434
2015-06-26,432
2015-06-27,431
2015-06-27,431
2015-06-27,430
2015-06-27,432
2015-06-28,439
2015-06-28,438.5
2015-06-28,438
2015-06-28,439
2015-06-29,436
2015-06-29,435.5
2015-06-29,436
2015-06-29,435
2015-06-30,433
2015-06-30,432.5
2015-06-30,432
2015-06-30,433
2015-07-01,432
2015-07-01,432
2015-07-01,432
2015-07-01,432
2015-07-02,436
2015-07-02,436
2015-07-02,434
2015-07-02,438
2015-07-03,454
2015-07-03,454
2015-07-03,448
2015-07-03,460
2015-07-04,465.5
2015-07-04,466
2015-07-04,466
2015-07-04,465
2015-07-05,462
2015-07-05,462
2015-07-05,464
2015-07-05,460
2015-07-06,453.5
2015-07-06,454
2015-07-06,456
2015-07-06,451
2015-07-07,445
2015-07-07,445
2015-07-07,446
2015-07-07,444
2015-07-08,435
2015-07-08,435
2015-07-08,438
2015-07-08,432
2015-07-09,424
2015-07-09,424
2015-07-09,426
2015-07-09,422
2015-07-10,414.5
2015-07-10,415
2015-07-10,417
2015-07-10,412
2015-07-11,407
2015-07-11,407
2015-07-11,408
2015-07-11,406
2015-07-12,403
2015-07-12,403
2015-07-12,404
2015-07-12,402
2015-07-13,399.5
2015-07-13,400
2015-07-13,400
2015-07-13,399
2015-07-14,397.5
2015-07-14,398
2015-07-14,398
2015-07-14,397
2015-07-15,393.5
2015-07-15,394
2015-07-15,394
2015-07-15,393
2015-07-16,391.5
2015-07-16,392
2015-07-16,392
2015-07-16,391
2015-07-17,389.5
2015-07-17,390
2015-07-17,390
2015-07-17,389
2015-07-18,387.5
2015-07-18,388
2015-07-18,388
2015-07-18,387
2015-07-19,388.5
2015-07-19,389
2015-07-19,387
2015-07-19,390
2015-07-20,398
2015-07-20,398
2015-07-20,394
2015-07-20,402
2015-07-21,413
2015-07-21,413
2015-07-21,412
2015-07-21,414
2015-07-22,413
2015-07-22,413
2015-07-22,413
2015-07-22,413
2015-07-23,411.5
2015-07-23,412
2015-07-23,412
2015-07-23,411
2015-07-24,414
2015-07-24,414
2015-07-24,413
2015-07-24,415
2015-07-25,421
2015-07-25,421
2015-07-25,418
2015-07-25,424
2015-07-26,428.5
2015-07-26,429
2015-07-26,428
2015-07-26,429
2015-07-27,435.5
2015-07-27,436
2015-07-27,430
2015-07-27,441
2015-07-28,462
2015-07-28,462
2015-07-28,455
2015-07-28,469
2015-07-29,480
2015-07-29,480
2015-07-29,478
2015-07-29,482
2015-07-30,483
2015-07-30,483
2015-07-30,483
2015-07-30,483
2015-07-31,472.5
2015-07-31,473
2015-07-31,472
2015-07-31,473
2015-08-01,452
2015-08-01,452
2015-08-01,452
2015-08-01,452
2015-08-02,437
2015-08-02,437
2015-08-02,439
2015-08-02,435
2015-08-03,426
2015-08-03,426
2015-08-03,428
2015-08-03,424
2015-08-04,416.5
2015-08-04,417
2015-08-04,418
2015-08-04,415
2015-08-05,409.5
2015-08-05,410
2015-08-05,411
2015-08-05,408
2015-08-06,401.5
2015-08-06,402
2015-08-06,403
2015-08-06,400
2015-08-07,396.5
2015-08-07,397
2015-08-07,397
2015-08-07,396
2015-08-08,392.5
2015-08-08,393
2015-08-08,393
2015-08-08,392
2015-08-09,389.5
2015-08-09,390
2015-08-09,390
2015-08-09,389
2015-08-10,387.5
2015-08-10,388
2015-08-10,388
2015-08-10,387
2015-08-11,384.5
2015-08-11,385
2015-08-11,385
2015-08-11,384
2015-08-12,381.5
2015-08-12,382
2015-08-12,382
2015-08-12,381
2015-08-13,379
2015-08-13,379
2015-08-13,380
2015-08-13,378
2015-08-14,376
2015-08-14,376
2015-08-14,377
2015-08-14,375
2015-08-15,372.5
2015-08-15,373
2015-08-15,373
2015-08-15,372
2015-08-16,369.5
2015-08-16,370
2015-08-16,370
2015-08-16,369
2015-08-17,370.5
2015-08-17,371
2015-08-17,370
2015-08-17,371
2015-08-18,373.5
2015-08-18,374
2015-08-18,373
2015-08-18,374
2015-08-19,373
2015-08-19,373
2015-08-19,373
2015-08-19,373
2015-08-20,371.5
2015-08-20,372
2015-08-20,372
2015-08-20,371
2015-08-21,374.5
2015-08-21,375
2015-08-21,374
2015-08-21,375
2015-08-22,389
2015-08-22,389
2015-08-22,386
2015-08-22,392
2015-08-23,399
2015-08-23,399
2015-08-23,398
2015-08-23,400
2015-08-24,397
2015-08-24,397
2015-08-24,398
2015-08-24,396
2015-08-25,391
2015-08-25,391
2015-08-25,392
2015-08-25,390
2015-08-26,384.5
2015-08-26,385
2015-08-26,386
2015-08-26,383
2015-08-27,379
2015-08-27,379
2015-08-27,380
2015-08-27,378
2015-08-28,377
2015-08-28,377
2015-08-28,376
2015-08-28,378
2015-08-29,380
2015-08-29,380
2015-08-29,380
2015-08-29,380
2015-08-30,380.5
2015-08-30,381
2015-08-30,380
2015-08-30,381
2015-08-31,377
2015-08-31,377
2015-08-31,378
2015-08-31,376
2015-09-01,375
2015-09-01,375
2015-09-01,375
2015-09-01,375
2015-09-02,371
2015-09-02,371
2015-09-02,372
2015-09-02,370
2015-09-03,365
2015-09-03,365
2015-09-03,366
2015-09-03,364
2015-09-04,359.5
2015-09-04,360
2015-09-04,360
2015-09-04,359
2015-09-05,356.5
2015-09-05,357
2015-09-05,357
2015-09-05,356
2015-09-06,354
2015-09-06,354
2015-09-06,354
2015-09-06,354
2015-09-07,352.5
2015-09-07,353
2015-09-07,353
2015-09-07,352
2015-09-08,349
2015-09-08,349
2015-09-08,350
2015-09-08,348
2015-09-09,346.5
2015-09-09,347
2015-09-09,347
2015-09-09,346
2015-09-10,344.5
2015-09-10,345
2015-09-10,345
2015-09-10,344
2015-09-11,342.5
2015-09-11,343
2015-09-11,343
2015-09-11,342
2015-09-12,340
2015-09-12,340
2015-09-12,341
2015-09-12,339
2015-09-13,336
2015-09-13,336
2015-09-13,337
2015-09-13,335
2015-09-14,333.5
2015-09-14,334
2015-09-14,334
2015-09-14,333
2015-09-15,331.5
2015-09-15,332
2015-09-15,332
2015-09-15,331
2015-09-16,328.5
2015-09-16,329
2015-09-16,329
2015-09-16,328
2015-09-17,330
2015-09-17,330
2015-09-17,330
2015-09-17,330
2015-09-18,330.5
2015-09-18,331
2015-09-18,330
2015-09-18,331
2015-09-19,332
2015-09-19,332
2015-09-19,332
2015-09-19,332
2015-09-20,330.5
2015-09-20,331
2015-09-20,331
2015-09-20,330
2015-09-21,328.5
2015-09-21,329
2015-09-21,329
2015-09-21,328
2015-09-22,325.5
2015-09-22,326
2015-09-22,326
2015-09-22,325
2015-09-23,323.5
2015-09-23,324
2015-09-23,324
2015-09-23,323
2015-09-24,321.5
2015-09-24,322
2015-09-24,322
2015-09-24,321
2015-09-25,319.5
2015-09-25,320
2015-09-25,320
2015-09-25,319
2015-09-26,315.5
2015-09-26,316
2015-09-26,316
2015-09-26,315
2015-09-27,312.5
2015-09-27,313
2015-09-27,313
2015-09-27,312
2015-09-28,310.5
2015-09-28,311
2015-09-28,311
2015-09-28,310
2015-09-29,308.5
2015-09-29,309
2015-09-29,309
2015-09-29,308
2015-09-30,307.5
2015-09-30,308
2015-09-30,308
2015-09-30,307
2015-10-01,308
2015-10-01,308
2015-10-01,308
2015-10-01,308
2015-10-02,306
2015-10-02,306
2015-10-02,306
2015-10-02,306
2015-10-03,304
2015-10-03,304
2015-10-03,304
2015-10-03,304
2015-10-04,302
2015-10-04,302
2015-10-04,302
2015-10-04,302
2015-10-05,301
2015-10-05,301
2015-10-05,302
2015-10-05,300
2015-10-06,300.5
2015-10-06,301
2015-10-06,301
2015-10-06,300
2015-10-07,299.5
2015-10-07,300
2015-10-07,300
2015-10-07,299
2015-10-08,299
2015-10-08,299
2015-10-08,299
2015-10-08,299
2015-10-09,300
2015-10-09,300
2015-10-09,300
2015-10-09,300
2015-10-10,301
2015-10-10,301
2015-10-10,301
2015-10-10,301
2015-10-11,300.5
2015-10-11,301
2015-10-11,300
2015-10-11,301
2015-10-12,302
2015-10-12,302
2015-10-12,302
2015-10-12,302
2015-10-13,306
2015-10-13,306
2015-10-13,306
2015-10-13,306
2015-10-14,304.5
2015-10-14,305
2015-10-14,305
2015-10-14,304
2015-10-15,302.5
2015-10-15,303
2015-10-15,303
2015-10-15,302
2015-10-16,299.5
2015-10-16,300
2015-10-16,300
2015-10-16,299
2015-10-17,296
2015-10-17,296
2015-10-17,296
2015-10-17,296
2015-10-18,293
2015-10-18,293
2015-10-18,293
2015-10-18,293
2015-10-19,292
2015-10-19,292
2015-10-19,292
2015-10-19,292
2015-10-20,291.5
2015-10-20,292
2015-10-20,292
2015-10-20,291
2015-10-21,291.5
2015-10-21,292
2015-10-21,292
2015-10-21,291
2015-10-22,290
2015-10-22,290
2015-10-22,290
2015-10-22,290
2015-10-23,293
2015-10-23,293
2015-10-23,292
2015-10-23,294
2015-10-24,294
2015-10-24,294
2015-10-24,294
2015-10-24,294
2015-10-25,291
2015-10-25,291
2015-10-25,292
2015-10-25,290
2015-10-26,288
2015-10-26,288
2015-10-26,288
2015-10-26,288
2015-10-27,285.5
2015-10-27,286
2015-10-27,286
2015-10-27,285
2015-10-28,283.5
2015-10-28,284
2015-10-28,284
2015-10-28,283
2015-10-29,281.5
2015-10-29,282
2015-10-29,282
2015-10-29,281
2015-10-30,279
2015-10-30,279
2015-10-30,280
2015-10-30,278
2015-10-31,280.5
2015-10-31,281
2015-10-31,280
2015-10-31,281
2015-11-01,279.5
2015-11-01,280
2015-11-01,279
2015-11-01,280
2015-11-02,281
2015-11-02,281
2015-11-02,280
2015-11-02,282
2015-11-03,285
2015-11-03,285
2015-11-03,286
2015-11-03,284
2015-11-04,282.5
2015-11-04,283
2015-11-04,283
2015-11-04,282
2015-11-05,284
2015-11-05,284
2015-11-05,282
2015-11-05,286
2015-11-06,289.5
2015-11-06,290
2015-11-06,290
2015-11-06,289
2015-11-07,292.5
2015-11-07,293
2015-11-07,289
2015-11-07,296
2015-11-08,303
2015-11-08,303
2015-11-08,303
2015-11-08,303
2015-11-09,301
2015-11-09,301
2015-11-09,302
2015-11-09,300
2015-11-10,297.5
2015-11-10,298
2015-11-10,298
2015-11-10,297
2015-11-11,295.5
2015-11-11,296
2015-11-11,296
2015-11-11,295
2015-11-12,291.5
2015-11-12,292
2015-11-12,292
2015-11-12,291
2015-11-13,290
2015-11-13,290
2015-11-13,290
2015-11-13,290
2015-11-14,288
2015-11-14,288
2015-11-14,286
2015-11-14,290
2015-11-15,287
2015-11-15,287
2015-11-15,288
2015-11-15,286
2015-11-16,284.5
2015-11-16,285
2015-11-16,285
2015-11-16,284
2015-11-17,280.5
2015-11-17,281
2015-11-17,281
2015-11-17,280
2015-11-18,279
2015-11-18,279
2015-11-18,278
2015-11-18,280
2015-11-19,276
2015-11-19,276
2015-11-19,276
2015-11-19,276
2015-11-20,273.5
2015-11-20,274
2015-11-20,274
2015-11-20,273
2015-11-21,271.5
2015-11-21,272
2015-11-21,272
2015-11-21,271
2015-11-22,269.5
2015-11-22,270
2015-11-22,270
2015-11-22,269
2015-11-23,268
2015-11-23,268
2015-11-23,268
2015-11-23,268
2015-11-24,266
2015-11-24,266
2015-11-24,266
2015-11-24,266
2015-11-25,264
2015-11-25,264
2015-11-25,264
2015-11-25,264
2015-11-26,263.5
2015-11-26,264
2015-11-26,263
2015-11-26,264
2015-11-27,262.5
2015-11-27,263
2015-11-27,263
2015-11-27,262
2015-11-28,260.5
2015-11-28,261
2015-11-28,261
2015-11-28,260
2015-11-29,259
2015-11-29,259
2015-11-29,259
2015-11-29,259
2015-11-30,257.5
2015-11-30,258
2015-11-30,258
2015-11-30,257
2015-12-01,255.5
2015-12-01,256
2015-12-01,255
2015-12-01,256
2015-12-02,255
2015-12-02,255
2015-12-02,254
2015-12-02,256
2015-12-03,256
2015-12-03,256
2015-12-03,256
2015-12-03,256
2015-12-04,259
2015-12-04,259
2015-12-04,258
2015-12-04,260
2015-12-05,258
2015-12-05,258
2015-12-05,258
2015-12-05,258
2015-12-06,254.5
2015-12-06,255
2015-12-06,255
2015-12-06,254
2015-12-07,253
2015-12-07,253
2015-12-07,253
2015-12-07,253
2015-12-08,251.5
2015-12-08,252
2015-12-08,252
2015-12-08,251
2015-12-09,250
2015-12-09,250
2015-12-09,250
2015-12-09,250
2015-12-10,248
2015-12-10,248
2015-12-10,248
2015-12-10,248
2015-12-11,250
2015-12-11,250
2015-12-11,250
2015-12-11,250
2015-12-12,249
2015-12-12,249
2015-12-12,249
2015-12-12,249
2015-12-13,247
2015-12-13,247
2015-12-13,247
2015-12-13,247
2015-12-14,245
2015-12-14,245
2015-12-14,245
2015-12-14,245
2015-12-15,243
2015-12-15,243
2015-12-15,243
2015-12-15,243
2015-12-16,242.5
2015-12-16,243
2015-12-16,243
2015-12-16,242
2015-12-17,240.5
2015-12-17,241
2015-12-17,241
2015-12-17,240
2015-12-18,240
2015-12-18,240
2015-12-18,240
2015-12-18,240
2015-12-19,239.5
2015-12-19,240
2015-12-19,240
2015-12-19,239
2015-12-20,238.5
2015-12-20,239
2015-12-20,239
2015-12-20,238
2015-12-21,239.5
2015-12-21,240
2015-12-21,239
2015-12-21,240
2015-12-22,240
2015-12-22,240
2015-12-22,240
2015-12-22,240
2015-12-23,238
2015-12-23,238
2015-12-23,238
2015-12-23,238
2015-12-24,236.5
2015-12-24,237
2015-12-24,237
2015-12-24,236
2015-12-25,235.5
2015-12-25,236
2015-12-25,236
2015-12-25,235
2015-12-26,233.5
2015-12-26,234
2015-12-26,234
2015-12-26,233
2015-12-27,232.5
2015-12-27,233
2015-12-27,233
2015-12-27,232
2015-12-28,233.5
2015-12-28,234
2015-12-28,233
2015-12-28,234
2015-12-29,234.5
2015-12-29,235
2015-12-29,235
2015-12-29,234
2015-12-30,235
2015-12-30,235
2015-12-30,235
2015-12-30,235
2015-12-31,234
2015-12-31,234
2015-12-31,234
2015-12-31,234
2016-01-01,233
2016-01-01,233
2016-01-01,233
2016-01-01,233
2016-01-02,232.5
2016-01-02,233
2016-01-02,233
2016-01-02,232
2016-01-03,230.5
2016-01-03,231
2016-01-03,231
2016-01-03,230
2016-01-04,230
2016-01-04,230
2016-01-04,230
2016-01-04,230
2016-01-05,229
2016-01-05,229
2016-01-05,229
2016-01-05,229
2016-01-06,228.5
2016-01-06,229
2016-01-06,229
2016-01-06,228
2016-01-07,228
2016-01-07,228
2016-01-07,228
2016-01-07,228
2016-01-08,228
2016-01-08,228
2016-01-08,228
2016-01-08,228
2016-01-09,227.5
2016-01-09,228
2016-01-09,228
2016-01-09,227
2016-01-10,227
2016-01-10,227
2016-01-10,227
2016-01-10,227
2016-01-11,226
2016-01-11,226
2016-01-11,226
2016-01-11,226
2016-01-12,224.5
2016-01-12,225
2016-01-12,225
2016-01-12,224
2016-01-13,224
2016-01-13,224
2016-01-13,224
2016-01-13,224
2016-01-14,224
2016-01-14,224
2016-01-14,224
2016-01-14,224
2016-01-15,224.5
2016-01-15,225
2016-01-15,224
2016-01-15,225
2016-01-16,225.5
2016-01-16,226
2016-01-16,225
2016-01-16,226
2016-01-17,227
2016-01-17,227
2016-01-17,227
2016-01-17,227
2016-01-18,227
2016-01-18,227
2016-01-18,227
2016-01-18,227
2016-01-19,227.5
2016-01-19,228
2016-01-19,228
2016-01-19,227
2016-01-20,226
2016-01-20,226
2016-01-20,226
2016-01-20,226
2016-01-21,225
2016-01-21,225
2016-01-21,225
2016-01-21,225
2016-01-22,223.5
2016-01-22,224
2016-01-22,224
2016-01-22,223
2016-01-23,222.5
2016-01-23,223
2016-01-23,223
2016-01-23,222
2016-01-24,220.5
2016-01-24,221
2016-01-24,221
2016-01-24,220
2016-01-25,219.5
2016-01-25,220
2016-01-25,220
2016-01-25,219
2016-01-26,218.5
2016-01-26,219
2016-01-26,219
2016-01-26,218
2016-01-27,217.5
2016-01-27,218
2016-01-27,218
2016-01-27,217
2016-01-28,215.5
2016-01-28,216
2016-01-28,216
2016-01-28,215
2016-01-29,214
2016-01-29,214
2016-01-29,214
2016-01-29,214
2016-01-30,214
2016-01-30,214
2016-01-30,214
2016-01-30,214
2016-01-31,215.5
2016-01-31,216
2016-01-31,215
2016-01-31,216
2016-02-01,221.5
2016-02-01,222
2016-02-01,220
2016-02-01,223
2016-02-02,223
2016-02-02,223
2016-02-02,223
2016-02-02,223
2016-02-03,224
2016-02-03,224
2016-02-03,223
2016-02-03,225
2016-02-04,227
2016-02-04,227
2016-02-04,226
2016-02-04,228
2016-02-05,229
2016-02-05,229
2016-02-05,229
2016-02-05,229
2016-02-06,230
2016-02-06,230
2016-02-06,229
2016-02-06,231
2016-02-07,236
2016-02-07,236
2016-02-07,234
2016-02-07,238
2016-02-08,246.5
2016-02-08,247
2016-02-08,243
2016-02-08,250
2016-02-09,259.5
2016-02-09,260
2016-02-09,258
2016-02-09,261
2016-02-10,261
2016-02-10,261
2016-02-10,261
2016-02-10,261
2016-02-11,261
2016-02-11,261
2016-02-11,262
2016-02-11,260
2016-02-12,269.5
2016-02-12,270
2016-02-12,271
2016-02-12,268
2016-02-13,260
2016-02-13,260
2016-02-13,260
2016-02-13,260
2016-02-14,256
2016-02-14,256
2016-02-14,256
2016-02-14,256
2016-02-15,254
2016-02-15,254
2016-02-15,254
2016-02-15,254
2016-02-16,257.5
2016-02-16,258
2016-02-16,256
2016-02-16,259
2016-02-17,259
2016-02-17,259
2016-02-17,259
2016-02-17,259
2016-02-18,256
2016-02-18,256
2016-02-18,256
2016-02-18,256
2016-02-19,256
2016-02-19,256
2016-02-19,255
2016-02-19,257
2016-02-20,253
2016-02-20,253
2016-02-20,254
2016-02-20,252
2016-02-21,251.5
2016-02-21,252
2016-02-21,252
2016-02-21,251
2016-02-22,254
2016-02-22,254
2016-02-22,254
2016-02-22,254
2016-02-23,252
2016-02-23,252
2016-02-23,252
2016-02-23,252
2016-02-24,255
2016-02-24,255
2016-02-24,255
2016-02-24,255
2016-02-25,255
2016-02-25,255
2016-02-25,255
2016-02-25,255
2016-02-26,312
2016-02-26,312
2016-02-26,312
2016-02-26,312
2016-02-27,312.5
2016-02-27,313
2016-02-27,312
2016-02-27,313
2016-02-28,298
2016-02-28,298
2016-02-28,298
2016-02-28,298
2016-02-29,282
2016-02-29,282
2016-02-29,282
2016-02-29,282
2016-03-01,284
2016-03-01,284
2016-03-01,284
2016-03-01,284
2016-03-02,283
2016-03-02,283
2016-03-02,283
2016-03-02,283
2016-03-03,282
2016-03-03,282
2016-03-03,281
2016-03-03,283
2016-03-04,282
2016-03-04,281.5
2016-03-04,281
2016-03-04,282
2016-03-05,284
2016-03-05,283.5
2016-03-05,283
2016-03-05,284
2016-03-06,312
2016-03-06,311.5
2016-03-06,310
2016-03-06,313
2016-03-07,325
2016-03-07,324.5
2016-03-07,310
2016-03-07,339
2016-03-08,337
2016-03-08,336.5
2016-03-08,338
2016-03-08,335
2016-03-09,331
2016-03-09,330.5
2016-03-09,332
2016-03-09,329
2016-03-10,327
2016-03-10,327
2016-03-10,328
2016-03-10,326
2016-03-11,318
2016-03-11,317.5
2016-03-11,319
2016-03-11,316
2016-03-12,307
2016-03-12,306.5
2016-03-12,313
2016-03-12,300
2016-03-13,291
2016-03-13,291
2016-03-13,292
2016-03-13,290
2016-03-14,300
2016-03-14,300
2016-03-14,300
2016-03-14,300
2016-03-15,322
2016-03-15,322
2016-03-15,315
2016-03-15,329
2016-03-16,349
2016-03-16,349
2016-03-16,345
2016-03-16,353
2016-03-17,361
2016-03-17,360.5
2016-03-17,361
2016-03-17,360
2016-03-18,356
2016-03-18,356
2016-03-18,356
2016-03-18,356
2016-03-19,351
2016-03-19,351
2016-03-19,352
2016-03-19,350
2016-03-20,347
2016-03-20,347
2016-03-20,348
2016-03-20,346
2016-03-21,355
2016-03-21,354.5
2016-03-21,352
2016-03-21,357
2016-03-22,358
2016-03-22,358
2016-03-22,358
2016-03-22,358
2016-03-23,362
2016-03-23,362
2016-03-23,361
2016-03-23,363
2016-03-24,369
2016-03-24,369
2016-03-24,369
2016-03-24,369
2016-03-25,367
2016-03-25,367
2016-03-25,368
2016-03-25,366
2016-03-26,362
2016-03-26,362
2016-03-26,362
2016-03-26,362
2016-03-27,358
2016-03-27,358
2016-03-27,358
2016-03-27,358
2016-03-28,377
2016-03-28,376.5
2016-03-28,370
2016-03-28,383
2016-03-29,396
2016-03-29,396
2016-03-29,393
2016-03-29,399
2016-03-30,408
2016-03-30,408
2016-03-30,408
2016-03-30,408
2016-03-31,426
2016-03-31,426
2016-03-31,425
2016-03-31,427
2016-04-01,441
2016-04-01,441
2016-04-01,438
2016-04-01,444
2016-04-02,445
2016-04-02,445
2016-04-02,444
2016-04-02,446
2016-04-03,434.5
2016-04-03,435
2016-04-03,436
2016-04-03,433
2016-04-04,430
2016-04-04,430
2016-04-04,430
2016-04-04,430
2016-04-05,470
2016-04-05,470
2016-04-05,460
2016-04-05,480
2016-04-06,488.5
2016-04-06,489
2016-04-06,494
2016-04-06,483
2016-04-07,472
2016-04-07,472
2016-04-07,472
2016-04-07,472
2016-04-08,464
2016-04-08,464
2016-04-08,464
2016-04-08,464
2016-04-09,459.5
2016-04-09,460
2016-04-09,460
2016-04-09,459
2016-04-10,451
2016-04-10,451
2016-04-10,452
2016-04-10,450
2016-04-11,445
2016-04-11,445
2016-04-11,447
2016-04-11,443
2016-04-12,441.5
2016-04-12,442
2016-04-12,442
2016-04-12,441
2016-04-13,440
2016-04-13,440
2016-04-13,440
2016-04-13,440
2016-04-14,436
2016-04-14,436
2016-04-14,436
2016-04-14,436
2016-04-15,441
2016-04-15,441
2016-04-15,440
2016-04-15,442
2016-04-16,450.5
2016-04-16,451
2016-04-16,449
2016-04-16,452
2016-04-17,452
2016-04-17,452
2016-04-17,454
2016-04-17,450
2016-04-18,438
2016-04-18,438
2016-04-18,444
2016-04-18,432
2016-04-19,418.5
2016-04-19,419
2016-04-19,424
2016-04-19,413
2016-04-20,396.5
2016-04-20,397
2016-04-20,400
2016-04-20,393
2016-04-21,387
2016-04-21,387
2016-04-21,388
2016-04-21,386
2016-04-22,387.5
2016-04-22,388
2016-04-22,387
2016-04-22,388
2016-04-23,396
2016-04-23,396
2016-04-23,392
2016-04-23,400
2016-04-24,431.5
2016-04-24,432
2016-04-24,428
2016-04-24,435
2016-04-25,470.5
2016-04-25,471
2016-04-25,454
2016-04-25,487
2016-04-26,478
2016-04-26,478
2016-04-26,478
2016-04-26,478
2016-04-27,480
2016-04-27,480
2016-04-27,480
2016-04-27,480
2016-04-28,470
2016-04-28,470
2016-04-28,470
2016-04-28,470
2016-04-29,463
2016-04-29,463
2016-04-29,464
2016-04-29,462
2016-04-30,449
2016-04-30,449
2016-04-30,456
2016-04-30,442
2016-05-01,446
2016-05-01,446
2016-05-01,445
2016-05-01,447
2016-05-02,462.5
2016-05-02,463
2016-05-02,457
2016-05-02,468
2016-05-03,483
2016-05-03,483
2016-05-03,478
2016-05-03,488
2016-05-04,500
2016-05-04,500
2016-05-04,498
2016-05-04,502
2016-05-05,504.5
2016-05-05,505
2016-05-05,504
2016-05-05,505
2016-05-06,504
2016-05-06,504
2016-05-06,504
2016-05-06,504
2016-05-07,495
2016-05-07,495
2016-05-07,496
2016-05-07,494
2016-05-08,481.5
2016-05-08,482
2016-05-08,484
2016-05-08,479
2016-05-09,464
2016-05-09,464
2016-05-09,466
2016-05-09,462
2016-05-10,456
2016-05-10,456
2016-05-10,460
2016-05-10,452
2016-05-11,432.5
2016-05-11,433
2016-05-11,435
2016-05-11,430
2016-05-12,424.5
2016-05-12,425
2016-05-12,424
2016-05-12,425
2016-05-13,446
2016-05-13,446
2016-05-13,440
2016-05-13,452
2016-05-14,468
2016-05-14,468
2016-05-14,462
2016-05-14,474
2016-05-15,488.5
2016-05-15,489
2016-05-15,487
2016-05-15,490
2016-05-16,494
2016-05-16,494
2016-05-16,494
2016-05-16,494
2016-05-17,494
2016-05-17,494
2016-05-17,494
2016-05-17,494
2016-05-18,491
2016-05-18,491
2016-05-18,491
2016-05-18,491
2016-05-19,481.5
2016-05-19,482
2016-05-19,485
2016-05-19,478
2016-05-20,468
2016-05-20,468
2016-05-20,472
2016-05-20,464
2016-05-21,447
2016-05-21,447
2016-05-21,450
2016-05-21,444
2016-05-22,446
2016-05-22,446
2016-05-22,446
2016-05-22,446
2016-05-23,448
2016-05-23,448
2016-05-23,448
2016-05-23,448
2016-05-24,449.5
2016-05-24,450
2016-05-24,449
2016-05-24,450
2016-05-25,443
2016-05-25,443
2016-05-25,444
2016-05-25,442
2016-05-26,433
2016-05-26,433
2016-05-26,434
2016-05-26,432
2016-05-27,425
2016-05-27,425
2016-05-27,426
2016-05-27,424
2016-05-28,417
2016-05-28,417
2016-05-28,418
2016-05-28,416
2016-05-29,410.5
2016-05-29,411
2016-05-29,412
2016-05-29,409
2016-05-30,405.5
2016-05-30,406
2016-05-30,405
2016-05-30,406
2016-05-31,403.5
2016-05-31,404
2016-05-31,404
2016-05-31,403
2016-06-01,414.5
2016-06-01,415
2016-06-01,409
2016-06-01,420
2016-06-02,448.5
2016-06-02,449
2016-06-02,443
2016-06-02,454
2016-06-03,470
2016-06-03,470
2016-06-03,468
2016-06-03,472
2016-06-04,474
2016-06-04,474
2016-06-04,474
2016-06-04,474
2016-06-05,459
2016-06-05,459
2016-06-05,460
2016-06-05,458
2016-06-06,450
2016-06-06,450
2016-06-06,452
2016-06-06,448
2016-06-07,441
2016-06-07,441
2016-06-07,442
2016-06-07,440
2016-06-08,433.5
2016-06-08,434
2016-06-08,434
2016-06-08,433
2016-06-09,426
2016-06-09,426
2016-06-09,428
2016-06-09,424
2016-06-10,416
2016-06-10,416
2016-06-10,418
2016-06-10,414
2016-06-11,402.5
2016-06-11,403
2016-06-11,404
2016-06-11,401
2016-06-12,392
2016-06-12,392
2016-06-12,394
2016-06-12,390
2016-06-13,390
2016-06-13,390
2016-06-13,390
2016-06-13,390
2016-06-14,401
2016-06-14,401
2016-06-14,394
2016-06-14,408
2016-06-15,445
2016-06-15,445
2016-06-15,440
2016-06-15,450
2016-06-16,454
2016-06-16,454
2016-06-16,454
2016-06-16,454
2016-06-17,446
2016-06-17,446
2016-06-17,448
2016-06-17,444
2016-06-18,433.5
2016-06-18,434
2016-06-18,437
2016-06-18,430
2016-06-19,421.5
2016-06-19,422
2016-06-19,424
2016-06-19,419
2016-06-20,413.5
2016-06-20,414
2016-06-20,414
2016-06-20,413
2016-06-21,416
2016-06-21,416
2016-06-21,415
2016-06-21,417
2016-06-22,423
2016-06-22,423
2016-06-22,421
2016-06-22,425
2016-06-23,426
2016-06-23,426
2016-06-23,426
2016-06-23,426
2016-06-24,427
2016-06-24,427
2016-06-24,427
2016-06-24,427
2016-06-25,427
2016-06-25,427
2016-06-25,427
2016-06-25,427
2016-06-26,435
2016-06-26,435
2016-06-26,434
2016-06-26,436
2016-06-27,433
2016-06-27,433
2016-06-27,438
2016-06-27,428
2016-06-28,431
2016-06-28,431
2016-06-28,434
2016-06-28,428
2016-06-29,417
2016-06-29,417
2016-06-29,420
2016-06-29,414
2016-06-30,403.5
2016-06-30,404
2016-06-30,406
2016-06-30,401
2016-07-01,401
2016-07-01,400.5
2016-07-01,400
2016-07-01,401
2016-07-02,425
2016-07-02,424.5
2016-07-02,413
2016-07-02,436
2016-07-03,464
2016-07-03,464
2016-07-03,459
2016-07-03,469
2016-07-04,480
2016-07-04,479.5
2016-07-04,479
2016-07-04,480
2016-07-05,487
2016-07-05,487
2016-07-05,486
2016-07-05,488
2016-07-06,491
2016-07-06,490.5
2016-07-06,490
2016-07-06,491
2016-07-07,491
2016-07-07,491
2016-07-07,491
2016-07-07,491
2016-07-08,491
2016-07-08,491
2016-07-08,491
2016-07-08,491
2016-07-09,487
2016-07-09,487
2016-07-09,488
2016-07-09,486
2016-07-10,482
2016-07-10,482
2016-07-10,482
2016-07-10,482
2016-07-11,479
2016-07-11,479
2016-07-11,480
2016-07-11,478
2016-07-12,475
2016-07-12,474.5
2016-07-12,475
2016-07-12,474
2016-07-13,473
2016-07-13,473
2016-07-13,473
2016-07-13,473
2016-07-14,456
2016-07-14,456
2016-07-14,460
2016-07-14,452
2016-07-15,436
2016-07-15,435.5
2016-07-15,440
2016-07-15,431
2016-07-16,423
2016-07-16,423
2016-07-16,424
2016-07-16,422
2016-07-17,412
2016-07-17,412
2016-07-17,412
2016-07-17,412
2016-07-18,407
2016-07-18,407
2016-07-18,408
2016-07-18,406
2016-07-19,403
2016-07-19,402.5
2016-07-19,403
2016-07-19,402
2016-07-20,401
2016-07-20,401
2016-07-20,401
2016-07-20,401
2016-07-21,402
2016-07-21,402
2016-07-21,402
2016-07-21,402
2016-07-22,404
2016-07-22,404
2016-07-22,404
2016-07-22,404
2016-07-23,405
2016-07-23,405
2016-07-23,405
2016-07-23,405
2016-07-24,409
2016-07-24,409
2016-07-24,408
2016-07-24,410
2016-07-25,417
2016-07-25,417
2016-07-25,416
2016-07-25,418
2016-07-26,420
2016-07-26,419.5
2016-07-26,419
2016-07-26,420
2016-07-27,419
2016-07-27,419
2016-07-27,420
2016-07-27,418
2016-07-28,417
2016-07-28,416.5
2016-07-28,417
2016-07-28,416
2016-07-29,410
2016-07-29,409.5
2016-07-29,410
2016-07-29,409
2016-07-30,400
2016-07-30,400
2016-07-30,402
2016-07-30,398
2016-07-31,393
2016-07-31,393
2016-07-31,398
2016-07-31,388
2016-08-01,385.5
2016-08-01,386
2016-08-01,386
2016-08-01,385
2016-08-02,387
2016-08-02,387
2016-08-02,387
2016-08-02,387
2016-08-03,385
2016-08-03,385
2016-08-03,386
2016-08-03,384
2016-08-04,379.5
2016-08-04,380
2016-08-04,381
2016-08-04,378
2016-08-05,373
2016-08-05,373
2016-08-05,374
2016-08-05,372
2016-08-06,369.5
2016-08-06,370
2016-08-06,370
2016-08-06,369
2016-08-07,369.5
2016-08-07,370
2016-08-07,369
2016-08-07,370
2016-08-08,373
2016-08-08,373
2016-08-08,372
2016-08-08,374
2016-08-09,378
2016-08-09,378
2016-08-09,376
2016-08-09,380
2016-08-10,377.5
2016-08-10,378
2016-08-10,378
2016-08-10,377
2016-08-11,372
2016-08-11,372
2016-08-11,372
2016-08-11,372
2016-08-12,366
2016-08-12,366
2016-08-12,368
2016-08-12,364
2016-08-13,359.5
2016-08-13,360
2016-08-13,360
2016-08-13,359
2016-08-14,355
2016-08-14,355
2016-08-14,356
2016-08-14,354
2016-08-15,349
2016-08-15,349
2016-08-15,350
2016-08-15,348
2016-08-16,346.5
2016-08-16,347
2016-08-16,347
2016-08-16,346
2016-08-17,345.5
2016-08-17,346
2016-08-17,346
2016-08-17,345
2016-08-18,344
2016-08-18,344
2016-08-18,344
2016-08-18,344
2016-08-19,337.5
2016-08-19,338
2016-08-19,337
2016-08-19,338
2016-08-20,338.5
2016-08-20,339
2016-08-20,339
2016-08-20,338
2016-08-21,340.5
2016-08-21,341
2016-08-21,340
2016-08-21,341
2016-08-22,340
2016-08-22,340
2016-08-22,340
2016-08-22,340
2016-08-23,342
2016-08-23,342
2016-08-23,342
2016-08-23,342
2016-08-24,343
2016-08-24,343
2016-08-24,342
2016-08-24,344
2016-08-25,350
2016-08-25,350
2016-08-25,348
2016-08-25,352
2016-08-26,355
2016-08-26,355
2016-08-26,354
2016-08-26,356
2016-08-27,356.5
2016-08-27,357
2016-08-27,355
2016-08-27,358
2016-08-28,369
2016-08-28,369
2016-08-28,364
2016-08-28,374
2016-08-29,382.5
2016-08-29,383
2016-08-29,380
2016-08-29,385
2016-08-30,376
2016-08-30,376
2016-08-30,380
2016-08-30,372
2016-08-31,361
2016-08-31,361
2016-08-31,362
2016-08-31,360
2016-09-01,352
2016-09-01,352
2016-09-01,356
2016-09-01,348
2016-09-02,345
2016-09-02,345
2016-09-02,346
2016-09-02,344
2016-09-03,342.5
2016-09-03,343
2016-09-03,343
2016-09-03,342
2016-09-04,339.5
2016-09-04,340
2016-09-04,340
2016-09-04,339
2016-09-05,334.5
2016-09-05,335
2016-09-05,335
2016-09-05,334
2016-09-06,332.5
2016-09-06,333
2016-09-06,333
2016-09-06,332
2016-09-07,335
2016-09-07,335
2016-09-07,334
2016-09-07,336
2016-09-08,342
2016-09-08,342
2016-09-08,338
2016-09-08,346
2016-09-09,352.5
2016-09-09,353
2016-09-09,351
2016-09-09,354
2016-09-10,354.5
2016-09-10,355
2016-09-10,354
2016-09-10,355
2016-09-11,356
2016-09-11,356
2016-09-11,356
2016-09-11,356
2016-09-12,360
2016-09-12,360
2016-09-12,358
2016-09-12,362
2016-09-13,362
2016-09-13,362
2016-09-13,363
2016-09-13,361
2016-09-14,359.5
2016-09-14,360
2016-09-14,360
2016-09-14,359
2016-09-15,369
2016-09-15,369
2016-09-15,364
2016-09-15,374
2016-09-16,379.5
2016-09-16,380
2016-09-16,379
2016-09-16,380
2016-09-17,373.5
2016-09-17,374
2016-09-17,376
2016-09-17,371
2016-09-18,358
2016-09-18,358
2016-09-18,360
2016-09-18,356
2016-09-19,352
2016-09-19,352
2016-09-19,354
2016-09-19,350
2016-09-20,348
2016-09-20,348
2016-09-20,348
2016-09-20,348
2016-09-21,354.5
2016-09-21,355
2016-09-21,352
2016-09-21,357
2016-09-22,357.5
2016-09-22,358
2016-09-22,359
2016-09-22,356
2016-09-23,351
2016-09-23,351
2016-09-23,352
2016-09-23,350
2016-09-24,343
2016-09-24,343
2016-09-24,344
2016-09-24,342
2016-09-25,337.5
2016-09-25,338
2016-09-25,338
2016-09-25,337
2016-09-26,335
2016-09-26,335
2016-09-26,336
2016-09-26,334
2016-09-27,331
2016-09-27,331
2016-09-27,332
2016-09-27,330
2016-09-28,325.5
2016-09-28,326
2016-09-28,326
2016-09-28,325
2016-09-29,325.5
2016-09-29,326
2016-09-29,325
2016-09-29,326
2016-09-30,327.5
2016-09-30,328
2016-09-30,327
2016-09-30,328
2016-10-01,331
2016-10-01,330.5
2016-10-01,330
2016-10-01,331
2016-10-02,332
2016-10-02,331.5
2016-10-02,332
2016-10-02,331
2016-10-03,335
2016-10-03,335
2016-10-03,334
2016-10-03,336
2016-10-04,340
2016-10-04,339.5
2016-10-04,339
2016-10-04,340
2016-10-05,343
2016-10-05,342.5
2016-10-05,343
2016-10-05,342
2016-10-06,335
2016-10-06,334.5
2016-10-06,336
2016-10-06,333
2016-10-07,327
2016-10-07,326.5
2016-10-07,328
2016-10-07,325
2016-10-08,321
2016-10-08,321
2016-10-08,322
2016-10-08,320
2016-10-09,318
2016-10-09,317.5
2016-10-09,318
2016-10-09,317
2016-10-10,316
2016-10-10,315.5
2016-10-10,316
2016-10-10,315
2016-10-11,314
2016-10-11,314
2016-10-11,314
2016-10-11,314
2016-10-12,313
2016-10-12,313
2016-10-12,313
2016-10-12,313
2016-10-13,311
2016-10-13,311
2016-10-13,312
2016-10-13,310
2016-10-14,309
2016-10-14,309
2016-10-14,309
2016-10-14,309
2016-10-15,308
2016-10-15,308
2016-10-15,308
2016-10-15,308
2016-10-16,305
2016-10-16,305
2016-10-16,306
2016-10-16,304
2016-10-17,302
2016-10-17,301.5
2016-10-17,302
2016-10-17,301
2016-10-18,300
2016-10-18,300
2016-10-18,300
2016-10-18,300
2016-10-19,299
2016-10-19,299
2016-10-19,299
2016-10-19,299
2016-10-20,298
2016-10-20,298
2016-10-20,298
2016-10-20,298
2016-10-21,297
2016-10-21,297
2016-10-21,297
2016-10-21,297
2016-10-22,296
2016-10-22,296
2016-10-22,296
2016-10-22,296
2016-10-23,296
2016-10-23,295.5
2016-10-23,295
2016-10-23,296
2016-10-24,299
2016-10-24,299
2016-10-24,298
2016-10-24,300
2016-10-25,303
2016-10-25,303
2016-10-25,302
2016-10-25,304
2016-10-26,306
2016-10-26,306
2016-10-26,306
2016-10-26,306
2016-10-27,316
2016-10-27,316
2016-10-27,315
2016-10-27,317
2016-10-28,314
2016-10-28,314
2016-10-28,316
2016-10-28,312
2016-10-29,310
2016-10-29,310
2016-10-29,310
2016-10-29,310
2016-10-30,309
2016-10-30,308.5
2016-10-30,309
2016-10-30,308
2016-10-31,308
2016-10-31,308
2016-10-31,308
2016-10-31,308
2016-11-01,307
2016-11-01,307
2016-11-01,306
2016-11-01,308
2016-11-02,307
2016-11-02,307
2016-11-02,306
2016-11-02,308
2016-11-03,307
2016-11-03,307
2016-11-03,308
2016-11-03,306
2016-11-04,303
2016-11-04,302.5
2016-11-04,303
2016-11-04,302
2016-11-05,302
2016-11-05,302
2016-11-05,302
2016-11-05,302
2016-11-06,302
2016-11-06,301.5
2016-11-06,301
2016-11-06,302
2016-11-07,303
2016-11-07,303
2016-11-07,302
2016-11-07,304
2016-11-08,313
2016-11-08,313
2016-11-08,310
2016-11-08,316
2016-11-09,320
2016-11-09,319.5
2016-11-09,319
2016-11-09,320
2016-11-10,320
2016-11-10,320
2016-11-10,320
2016-11-10,320
2016-11-11,323
2016-11-11,322.5
2016-11-11,322
2016-11-11,323
2016-11-12,321
2016-11-12,321
2016-11-12,322
2016-11-12,320
2016-11-13,315
2016-11-13,315
2016-11-13,316
2016-11-13,314
2016-11-14,310
2016-11-14,309.5
2016-11-14,311
2016-11-14,308
2016-11-15,304
2016-11-15,303.5
2016-11-15,304
2016-11-15,303
2016-11-16,302
2016-11-16,302
2016-11-16,303
2016-11-16,301
2016-11-17,296
2016-11-17,296
2016-11-17,298
2016-11-17,294
2016-11-18,291
2016-11-18,291
2016-11-18,293
2016-11-18,289
2016-11-19,289
2016-11-19,289
2016-11-19,288
2016-11-19,290
2016-11-20,289
2016-11-20,288.5
2016-11-20,289
2016-11-20,288
2016-11-21,286
2016-11-21,286
2016-11-21,286
2016-11-21,286
2016-11-22,295
2016-11-22,294.5
2016-11-22,290
2016-11-22,299
2016-11-23,305
2016-11-23,305
2016-11-23,302
2016-11-23,308
2016-11-24,307
2016-11-24,307
2016-11-24,308
2016-11-24,306
2016-11-25,301
2016-11-25,301
2016-11-25,304
2016-11-25,298
2016-11-26,297
2016-11-26,296.5
2016-11-26,298
2016-11-26,295
2016-11-27,293
2016-11-27,293
2016-11-27,294
2016-11-27,292
2016-11-28,290
2016-11-28,290
2016-11-28,290
2016-11-28,290
2016-11-29,287
2016-11-29,287
2016-11-29,288
2016-11-29,286
2016-11-30,284
2016-11-30,283.5
2016-11-30,283
2016-11-30,284
2016-12-01,282.5
2016-12-01,283
2016-12-01,283
2016-12-01,282
2016-12-02,281
2016-12-02,281
2016-12-02,281
2016-12-02,281
2016-12-03,278.5
2016-12-03,279
2016-12-03,279
2016-12-03,278
2016-12-04,276.5
2016-12-04,277
2016-12-04,277
2016-12-04,276
2016-12-05,273.5
2016-12-05,274
2016-12-05,274
2016-12-05,273
2016-12-06,271
2016-12-06,271
2016-12-06,272
2016-12-06,270
2016-12-07,267
2016-12-07,267
2016-12-07,267
2016-12-07,267
2016-12-08,265.5
2016-12-08,266
2016-12-08,266
2016-12-08,265
2016-12-09,263.5
2016-12-09,264
2016-12-09,264
2016-12-09,263
2016-12-10,260.5
2016-12-10,261
2016-12-10,261
2016-12-10,260
2016-12-11,259.5
2016-12-11,260
2016-12-11,259
2016-12-11,260
2016-12-12,263
2016-12-12,263
2016-12-12,262
2016-12-12,264
2016-12-13,271
2016-12-13,271
2016-12-13,270
2016-12-13,272
2016-12-14,272
2016-12-14,272
2016-12-14,272
2016-12-14,272
2016-12-15,273
2016-12-15,273
2016-12-15,272
2016-12-15,274
2016-12-16,277
2016-12-16,277
2016-12-16,276
2016-12-16,278
2016-12-17,288.5
2016-12-17,289
2016-12-17,286
2016-12-17,291
2016-12-18,296
2016-12-18,296
2016-12-18,296
2016-12-18,296
2016-12-19,291
2016-12-19,291
2016-12-19,292
2016-12-19,290
2016-12-20,321
2016-12-20,321
2016-12-20,316
2016-12-20,326
2016-12-21,338.5
2016-12-21,339
2016-12-21,337
2016-12-21,340
2016-12-22,344
2016-12-22,344
2016-12-22,344
2016-12-22,344
2016-12-23,349
2016-12-23,349
2016-12-23,347
2016-12-23,351
2016-12-24,352.5
2016-12-24,353
2016-12-24,351
2016-12-24,354
2016-12-25,351
2016-12-25,351
2016-12-25,351
2016-12-25,351
2016-12-26,350
2016-12-26,350
2016-12-26,350
2016-12-26,350
2016-12-27,352.5
2016-12-27,353
2016-12-27,350
2016-12-27,355
2016-12-28,362
2016-12-28,362
2016-12-28,360
2016-12-28,364
2016-12-29,363
2016-12-29,363
2016-12-29,362
2016-12-29,364
2016-12-30,365.5
2016-12-30,366
2016-12-30,365
2016-12-30,366
2016-12-31,361.5
2016-12-31,362
2016-12-31,363
2016-12-31,360
2017-01-01,365
2017-01-01,364.5
2017-01-01,362
2017-01-01,367
2017-01-02,374
2017-01-02,374
2017-01-02,370
2017-01-02,378
2017-01-03,378
2017-01-03,377.5
2017-01-03,379
2017-01-03,376
2017-01-04,375
2017-01-04,374.5
2017-01-04,375
2017-01-04,374
2017-01-05,374
2017-01-05,373.5
2017-01-05,374
2017-01-05,373
2017-01-06,371
2017-01-06,371
2017-01-06,372
2017-01-06,370
2017-01-07,369
2017-01-07,368.5
2017-01-07,369
2017-01-07,368
2017-01-08,367
2017-01-08,367
2017-01-08,368
2017-01-08,366
2017-01-09,361
2017-01-09,361
2017-01-09,362
2017-01-09,360
2017-01-10,360
2017-01-10,360
2017-01-10,360
2017-01-10,360
2017-01-11,371
2017-01-11,371
2017-01-11,368
2017-01-11,374
2017-01-12,381
2017-01-12,381
2017-01-12,376
2017-01-12,386
2017-01-13,407
2017-01-13,407
2017-01-13,406
2017-01-13,408
2017-01-14,415
2017-01-14,414.5
2017-01-14,412
2017-01-14,417
2017-01-15,419
2017-01-15,418.5
2017-01-15,418
2017-01-15,419
2017-01-16,413
2017-01-16,413
2017-01-16,414
2017-01-16,412
2017-01-17,390
2017-01-17,390
2017-01-17,392
2017-01-17,388
2017-01-18,384
2017-01-18,384
2017-01-18,381
2017-01-18,387
2017-01-19,390
2017-01-19,389.5
2017-01-19,389
2017-01-19,390
2017-01-20,389
2017-01-20,389
2017-01-20,390
2017-01-20,388
2017-01-21,389
2017-01-21,389
2017-01-21,386
2017-01-21,392
2017-01-22,395
2017-01-22,395
2017-01-22,394
2017-01-22,396
2017-01-23,399
2017-01-23,399
2017-01-23,398
2017-01-23,400
2017-01-24,398
2017-01-24,398
2017-01-24,398
2017-01-24,398
2017-01-25,399
2017-01-25,399
2017-01-25,400
2017-01-25,398
2017-01-26,386
2017-01-26,385.5
2017-01-26,386
2017-01-26,385
2017-01-27,384
2017-01-27,384
2017-01-27,384
2017-01-27,384
2017-01-28,381
2017-01-28,380.5
2017-01-28,381
2017-01-28,380
2017-01-29,380
2017-01-29,380
2017-01-29,380
2017-01-29,380
2017-01-30,378
2017-01-30,377.5
2017-01-30,379
2017-01-30,376
2017-01-31,376
2017-01-31,376
2017-01-31,374
2017-01-31,378
2017-02-01,383
2017-02-01,383
2017-02-01,382
2017-02-01,384
2017-02-02,392
2017-02-02,392
2017-02-02,388
2017-02-02,396
2017-02-03,416.5
2017-02-03,417
2017-02-03,411
2017-02-03,422
2017-02-04,426.5
2017-02-04,427
2017-02-04,426
2017-02-04,427
2017-02-05,427
2017-02-05,427
2017-02-05,428
2017-02-05,426
2017-02-06,423
2017-02-06,423
2017-02-06,424
2017-02-06,422
2017-02-07,416
2017-02-07,416
2017-02-07,418
2017-02-07,414
2017-02-08,409
2017-02-08,409
2017-02-08,412
2017-02-08,406
2017-02-09,398
2017-02-09,398
2017-02-09,402
2017-02-09,394
2017-02-10,391.5
2017-02-10,392
2017-02-10,391
2017-02-10,392
2017-02-11,389
2017-02-11,389
2017-02-11,390
2017-02-11,388
2017-02-12,383
2017-02-12,383
2017-02-12,384
2017-02-12,382
2017-02-13,374
2017-02-13,374
2017-02-13,376
2017-02-13,372
2017-02-14,364
2017-02-14,364
2017-02-14,366
2017-02-14,362
2017-02-15,356.5
2017-02-15,357
2017-02-15,356
2017-02-15,357
2017-02-16,380
2017-02-16,380
2017-02-16,376
2017-02-16,384
2017-02-17,421
2017-02-17,421
2017-02-17,418
2017-02-17,424
2017-02-18,443
2017-02-18,443
2017-02-18,438
2017-02-18,448
2017-02-19,460
2017-02-19,460
2017-02-19,456
2017-02-19,464
2017-02-20,467.5
2017-02-20,468
2017-02-20,466
2017-02-20,469
2017-02-21,456.5
2017-02-21,457
2017-02-21,461
2017-02-21,452
2017-02-22,438
2017-02-22,438
2017-02-22,442
2017-02-22,434
2017-02-23,425.5
2017-02-23,426
2017-02-23,427
2017-02-23,424
2017-02-24,433
2017-02-24,433
2017-02-24,430
2017-02-24,436
2017-02-25,450
2017-02-25,450
2017-02-25,446
2017-02-25,454
2017-02-26,462
2017-02-26,462
2017-02-26,460
2017-02-26,464
2017-02-27,485
2017-02-27,485
2017-02-27,480
2017-02-27,490
2017-02-28,505
2017-02-28,505
2017-02-28,500
2017-02-28,510
2017-03-01,519.5
2017-03-01,520
2017-03-01,517
2017-03-01,522
2017-03-02,519
2017-03-02,519
2017-03-02,520
2017-03-02,518
2017-03-03,516.5
2017-03-03,517
2017-03-03,517
2017-03-03,516
2017-03-04,511.5
2017-03-04,512
2017-03-04,513
2017-03-04,510
2017-03-05,505.5
2017-03-05,506
2017-03-05,507
2017-03-05,504
2017-03-06,504
2017-03-06,504
2017-03-06,504
2017-03-06,504
2017-03-07,506.5
2017-03-07,507
2017-03-07,506
2017-03-07,507
2017-03-08,514
2017-03-08,514
2017-03-08,510
2017-03-08,518
2017-03-09,527.5
2017-03-09,528
2017-03-09,525
2017-03-09,530
2017-03-10,537.5
2017-03-10,538
2017-03-10,535
2017-03-10,540
2017-03-11,546
2017-03-11,546
2017-03-11,544
2017-03-11,548
2017-03-12,551
2017-03-12,551
2017-03-12,550
2017-03-12,552
2017-03-13,555
2017-03-13,555
2017-03-13,554
2017-03-13,556
2017-03-14,571.5
2017-03-14,572
2017-03-14,570
2017-03-14,573
2017-03-15,571.5
2017-03-15,572
2017-03-15,572
2017-03-15,571
2017-03-16,569.5
2017-03-16,570
2017-03-16,570
2017-03-16,569
2017-03-17,587
2017-03-17,587
2017-03-17,586
2017-03-17,588
2017-03-18,574
2017-03-18,574
2017-03-18,576
2017-03-18,572
2017-03-19,555
2017-03-19,555
2017-03-19,559
2017-03-19,551
2017-03-20,541
2017-03-20,541
2017-03-20,544
2017-03-20,538
2017-03-21,528.5
2017-03-21,529
2017-03-21,530
2017-03-21,527
2017-03-22,524
2017-03-22,524
2017-03-22,524
2017-03-22,524
2017-03-23,522.5
2017-03-23,523
2017-03-23,523
2017-03-23,522
2017-03-24,521
2017-03-24,521
2017-03-24,522
2017-03-24,520
2017-03-25,513
2017-03-25,513
2017-03-25,514
2017-03-25,512
2017-03-26,519
2017-03-26,519
2017-03-26,518
2017-03-26,520
2017-03-27,513.5
2017-03-27,514
2017-03-27,515
2017-03-27,512
2017-03-28,503.5
2017-03-28,504
2017-03-28,505
2017-03-28,502
2017-03-29,490
2017-03-29,490
2017-03-29,492
2017-03-29,488
2017-03-30,489
2017-03-30,489
2017-03-30,487
2017-03-30,491
2017-03-31,495.5
2017-03-31,496
2017-03-31,495
2017-03-31,496
2017-04-01,497
2017-04-01,497
2017-04-01,496
2017-04-01,498
2017-04-02,501
2017-04-02,501
2017-04-02,500
2017-04-02,502
2017-04-03,496
2017-04-03,496
2017-04-03,498
2017-04-03,494
2017-04-04,489
2017-04-04,489
2017-04-04,490
2017-04-04,488
2017-04-05,477
2017-04-05,477
2017-04-05,480
2017-04-05,474
2017-04-06,467
2017-04-06,467
2017-04-06,468
2017-04-06,466
2017-04-07,461
2017-04-07,461
2017-04-07,462
2017-04-07,460
2017-04-08,459.5
2017-04-08,460
2017-04-08,460
2017-04-08,459
2017-04-09,459
2017-04-09,459
2017-04-09,458
2017-04-09,460
2017-04-10,469
2017-04-10,469
2017-04-10,464
2017-04-10,474
2017-04-11,484
2017-04-11,484
2017-04-11,482
2017-04-11,486
2017-04-12,490
2017-04-12,490
2017-04-12,489
2017-04-12,491
2017-04-13,490
2017-04-13,490
2017-04-13,490
2017-04-13,490
2017-04-14,493
2017-04-14,493
2017-04-14,492
2017-04-14,494
2017-04-15,496.5
2017-04-15,497
2017-04-15,495
2017-04-15,498
2017-04-16,512
2017-04-16,512
2017-04-16,510
2017-04-16,514
2017-04-17,519
2017-04-17,519
2017-04-17,518
2017-04-17,520
2017-04-18,532
2017-04-18,532
2017-04-18,528
2017-04-18,536
2017-04-19,551
2017-04-19,551
2017-04-19,544
2017-04-19,558
2017-04-20,563.5
2017-04-20,564
2017-04-20,560
2017-04-20,567
2017-04-21,574
2017-04-21,574
2017-04-21,570
2017-04-21,578
2017-04-22,592.5
2017-04-22,593
2017-04-22,591
2017-04-22,594
2017-04-23,601
2017-04-23,601
2017-04-23,600
2017-04-23,602
2017-04-24,606.5
2017-04-24,607
2017-04-24,606
2017-04-24,607
2017-04-25,609
2017-04-25,609
2017-04-25,608
2017-04-25,610
2017-04-26,613.5
2017-04-26,614
2017-04-26,613
2017-04-26,614
2017-04-27,614
2017-04-27,614
2017-04-27,614
2017-04-27,614
2017-04-28,615.5
2017-04-28,616
2017-04-28,616
2017-04-28,615
2017-04-29,628.5
2017-04-29,629
2017-04-29,626
2017-04-29,631
2017-04-30,637
2017-04-30,637
2017-04-30,636
2017-04-30,638
2017-05-01,624
2017-05-01,624
2017-05-01,626
2017-05-01,622
2017-05-02,611
2017-05-02,611
2017-05-02,614
2017-05-02,608
2017-05-03,601
2017-05-03,600.5
2017-05-03,602
2017-05-03,599
2017-05-04,593
2017-05-04,593
2017-05-04,594
2017-05-04,592
2017-05-05,590
2017-05-05,590
2017-05-05,590
2017-05-05,590
2017-05-06,589
2017-05-06,588.5
2017-05-06,589
2017-05-06,588
2017-05-07,596
2017-05-07,595.5
2017-05-07,594
2017-05-07,597
2017-05-08,607
2017-05-08,607
2017-05-08,602
2017-05-08,612
2017-05-09,618
2017-05-09,617.5
2017-05-09,616
2017-05-09,619
2017-05-10,624
2017-05-10,623.5
2017-05-10,623
2017-05-10,624
2017-05-11,629
2017-05-11,628.5
2017-05-11,628
2017-05-11,629
2017-05-12,635
2017-05-12,634.5
2017-05-12,633
2017-05-12,636
2017-05-13,638
2017-05-13,638
2017-05-13,637
2017-05-13,639
2017-05-14,643
2017-05-14,642.5
2017-05-14,642
2017-05-14,643
2017-05-15,644
2017-05-15,644
2017-05-15,644
2017-05-15,644
2017-05-16,645
2017-05-16,644.5
2017-05-16,645
2017-05-16,644
2017-05-17,643
2017-05-17,642.5
2017-05-17,643
2017-05-17,642
2017-05-18,640
2017-05-18,639.5
2017-05-18,640
2017-05-18,639
2017-05-19,633
2017-05-19,633
2017-05-19,635
2017-05-19,631
2017-05-20,622
2017-05-20,622
2017-05-20,624
2017-05-20,620
2017-05-21,612
2017-05-21,612
2017-05-21,614
2017-05-21,610
2017-05-22,598
2017-05-22,598
2017-05-22,600
2017-05-22,596
2017-05-23,585
2017-05-23,585
2017-05-23,590
2017-05-23,580
2017-05-24,561
2017-05-24,561
2017-05-24,568
2017-05-24,554
2017-05-25,531
2017-05-25,531
2017-05-25,540
2017-05-25,522
2017-05-26,500
2017-05-26,500
2017-05-26,506
2017-05-26,494
2017-05-27,481
2017-05-27,481
2017-05-27,486
2017-05-27,476
2017-05-28,468
2017-05-28,468
2017-05-28,470
2017-05-28,466
2017-05-29,457
2017-05-29,457
2017-05-29,460
2017-05-29,454
2017-05-30,448
2017-05-30,448
2017-05-30,450
2017-05-30,446
2017-05-31,445
2017-05-31,445
2017-05-31,444
2017-05-31,446
2017-06-01,450
2017-06-01,450
2017-06-01,448
2017-06-01,452
2017-06-02,457
2017-06-02,457
2017-06-02,456
2017-06-02,458
2017-06-03,461.5
2017-06-03,462
2017-06-03,460
2017-06-03,463
2017-06-04,467
2017-06-04,467
2017-06-04,462
2017-06-04,472
2017-06-05,478
2017-06-05,478
2017-06-05,478
2017-06-05,478
2017-06-06,477
2017-06-06,477
2017-06-06,478
2017-06-06,476
2017-06-07,471.5
2017-06-07,472
2017-06-07,472
2017-06-07,471
2017-06-08,460
2017-06-08,460
2017-06-08,463
2017-06-08,457
2017-06-09,450
2017-06-09,450
2017-06-09,451
2017-06-09,449
2017-06-10,443
2017-06-10,443
2017-06-10,444
2017-06-10,442
2017-06-11,438.5
2017-06-11,439
2017-06-11,439
2017-06-11,438
2017-06-12,438.5
2017-06-12,439
2017-06-12,438
2017-06-12,439
2017-06-13,442.5
2017-06-13,443
2017-06-13,442
2017-06-13,443
2017-06-14,444
2017-06-14,444
2017-06-14,444
2017-06-14,444
2017-06-15,441.5
2017-06-15,442
2017-06-15,442
2017-06-15,441
2017-06-16,436.5
2017-06-16,437
2017-06-16,437
2017-06-16,436
2017-06-17,429.5
2017-06-17,430
2017-06-17,430
2017-06-17,429
2017-06-18,426.5
2017-06-18,427
2017-06-18,427
2017-06-18,426
2017-06-19,442
2017-06-19,442
2017-06-19,438
2017-06-19,446
2017-06-20,458.5
2017-06-20,459
2017-06-20,453
2017-06-20,464
2017-06-21,474.5
2017-06-21,475
2017-06-21,466
2017-06-21,483
2017-06-22,490
2017-06-22,490
2017-06-22,489
2017-06-22,491
2017-06-23,493
2017-06-23,493
2017-06-23,492
2017-06-23,494
2017-06-24,495
2017-06-24,495
2017-06-24,495
2017-06-24,495
2017-06-25,494
2017-06-25,494
2017-06-25,494
2017-06-25,494
2017-06-26,493
2017-06-26,493
2017-06-26,493
2017-06-26,493
2017-06-27,496.5
2017-06-27,497
2017-06-27,495
2017-06-27,498
2017-06-28,508
2017-06-28,508
2017-06-28,506
2017-06-28,510
2017-06-29,516
2017-06-29,516
2017-06-29,514
2017-06-29,518
2017-06-30,525
2017-06-30,525
2017-06-30,524
2017-06-30,526
2017-07-01,530.5
2017-07-01,531
2017-07-01,530
2017-07-01,531
2017-07-02,532.5
2017-07-02,533
2017-07-02,532
2017-07-02,533
2017-07-03,530.5
2017-07-03,531
2017-07-03,531
2017-07-03,530
2017-07-04,526.5
2017-07-04,527
2017-07-04,527
2017-07-04,526
2017-07-05,520
2017-07-05,520
2017-07-05,522
2017-07-05,518
2017-07-06,511.5
2017-07-06,512
2017-07-06,513
2017-07-06,510
2017-07-07,504
2017-07-07,504
2017-07-07,506
2017-07-07,502
2017-07-08,495.5
2017-07-08,496
2017-07-08,498
2017-07-08,493
2017-07-09,482
2017-07-09,482
2017-07-09,480
2017-07-09,484
2017-07-10,476
2017-07-10,476
2017-07-10,478
2017-07-10,474
2017-07-11,471
2017-07-11,471
2017-07-11,472
2017-07-11,470
2017-07-12,471.5
2017-07-12,472
2017-07-12,471
2017-07-12,472
2017-07-13,476.5
2017-07-13,477
2017-07-13,475
2017-07-13,478
2017-07-14,481
2017-07-14,481
2017-07-14,480
2017-07-14,482
2017-07-15,486.5
2017-07-15,487
2017-07-15,485
2017-07-15,488
2017-07-16,493
2017-07-16,493
2017-07-16,492
2017-07-16,494
2017-07-17,496
2017-07-17,496
2017-07-17,496
2017-07-17,496
2017-07-18,496
2017-07-18,496
2017-07-18,496
2017-07-18,496
2017-07-19,493
2017-07-19,493
2017-07-19,494
2017-07-19,492
2017-07-20,482
2017-07-20,482
2017-07-20,488
2017-07-20,476
2017-07-21,473.5
2017-07-21,474
2017-07-21,474
2017-07-21,473
2017-07-22,465.5
2017-07-22,466
2017-07-22,468
2017-07-22,463
2017-07-23,456
2017-07-23,456
2017-07-23,458
2017-07-23,454
2017-07-24,451
2017-07-24,451
2017-07-24,452
2017-07-24,450
2017-07-25,453
2017-07-25,453
2017-07-25,454
2017-07-25,452
2017-07-26,451
2017-07-26,451
2017-07-26,452
2017-07-26,450
2017-07-27,446.5
2017-07-27,447
2017-07-27,448
2017-07-27,445
2017-07-28,439.5
2017-07-28,440
2017-07-28,441
2017-07-28,438
2017-07-29,432
2017-07-29,432
2017-07-29,434
2017-07-29,430
2017-07-30,424
2017-07-30,424
2017-07-30,428
2017-07-30,420
2017-07-31,414.5
2017-07-31,415
2017-07-31,416
2017-07-31,413
2017-08-01,409
2017-08-01,409
2017-08-01,410
2017-08-01,408
2017-08-02,408
2017-08-02,408
2017-08-02,408
2017-08-02,408
2017-08-03,412
2017-08-03,412
2017-08-03,410
2017-08-03,414
2017-08-04,427
2017-08-04,426.5
2017-08-04,424
2017-08-04,429
2017-08-05,434
2017-08-05,433.5
2017-08-05,433
2017-08-05,434
2017-08-06,433
2017-08-06,432.5
2017-08-06,433
2017-08-06,432
2017-08-07,431
2017-08-07,430.5
2017-08-07,431
2017-08-07,430
2017-08-08,429
2017-08-08,428.5
2017-08-08,429
2017-08-08,428
2017-08-09,424
2017-08-09,424
2017-08-09,426
2017-08-09,422
2017-08-10,417
2017-08-10,417
2017-08-10,418
2017-08-10,416
2017-08-11,414
2017-08-11,413.5
2017-08-11,414
2017-08-11,413
2017-08-12,409
2017-08-12,409
2017-08-12,412
2017-08-12,406
2017-08-13,402
2017-08-13,402
2017-08-13,404
2017-08-13,400
2017-08-14,395
2017-08-14,395
2017-08-14,396
2017-08-14,394
2017-08-15,389
2017-08-15,389
2017-08-15,390
2017-08-15,388
2017-08-16,385
2017-08-16,385
2017-08-16,386
2017-08-16,384
2017-08-17,382
2017-08-17,382
2017-08-17,383
2017-08-17,381
2017-08-18,377
2017-08-18,377
2017-08-18,378
2017-08-18,376
2017-08-19,373
2017-08-19,373
2017-08-19,373
2017-08-19,373
2017-08-20,372
2017-08-20,372
2017-08-20,372
2017-08-20,372
2017-08-21,370
2017-08-21,369.5
2017-08-21,370
2017-08-21,369
2017-08-22,372
2017-08-22,371.5
2017-08-22,377
2017-08-22,366
2017-08-23,365
2017-08-23,364.5
2017-08-23,365
2017-08-23,364
2017-08-24,363
2017-08-24,362.5
2017-08-24,363
2017-08-24,362
2017-08-25,363
2017-08-25,362.5
2017-08-25,362
2017-08-25,363
2017-08-26,364
2017-08-26,364
2017-08-26,364
2017-08-26,364
2017-08-27,369
2017-08-27,369
2017-08-27,368
2017-08-27,370
2017-08-28,377
2017-08-28,376.5
2017-08-28,374
2017-08-28,379
2017-08-29,387
2017-08-29,387
2017-08-29,386
2017-08-29,388
2017-08-30,392
2017-08-30,392
2017-08-30,392
2017-08-30,392
2017-08-31,386
2017-08-31,386
2017-08-31,388
2017-08-31,384
2017-09-01,378.5
2017-09-01,379
2017-09-01,381
2017-09-01,376
2017-09-02,369
2017-09-02,369
2017-09-02,370
2017-09-02,368
2017-09-03,362.5
2017-09-03,363
2017-09-03,364
2017-09-03,361
2017-09-04,357.5
2017-09-04,358
2017-09-04,358
2017-09-04,357
2017-09-05,355.5
2017-09-05,356
2017-09-05,356
2017-09-05,355
2017-09-06,353.5
2017-09-06,354
2017-09-06,354
2017-09-06,353
2017-09-07,354.5
2017-09-07,355
2017-09-07,354
2017-09-07,355
2017-09-08,356
2017-09-08,356
2017-09-08,356
2017-09-08,356
2017-09-09,366.5
2017-09-09,367
2017-09-09,358
2017-09-09,375
2017-09-10,376
2017-09-10,376
2017-09-10,375
2017-09-10,377
2017-09-11,375.5
2017-09-11,376
2017-09-11,377
2017-09-11,374
2017-09-12,362
2017-09-12,362
2017-09-12,358
2017-09-12,366
2017-09-13,361
2017-09-13,361
2017-09-13,362
2017-09-13,360
2017-09-14,357
2017-09-14,357
2017-09-14,358
2017-09-14,356
2017-09-15,353
2017-09-15,353
2017-09-15,354
2017-09-15,352
2017-09-16,352
2017-09-16,352
2017-09-16,353
2017-09-16,351
2017-09-17,352
2017-09-17,352
2017-09-17,352
2017-09-17,352
2017-09-18,353
2017-09-18,353
2017-09-18,353
2017-09-18,353
2017-09-19,354.5
2017-09-19,355
2017-09-19,354
2017-09-19,355
2017-09-20,362.5
2017-09-20,363
2017-09-20,357
2017-09-20,368
2017-09-21,377
2017-09-21,377
2017-09-21,376
2017-09-21,378
2017-09-22,380
2017-09-22,380
2017-09-22,378
2017-09-22,382
2017-09-23,387.5
2017-09-23,388
2017-09-23,386
2017-09-23,389
2017-09-24,387
2017-09-24,387
2017-09-24,388
2017-09-24,386
2017-09-25,382
2017-09-25,382
2017-09-25,384
2017-09-25,380
2017-09-26,373
2017-09-26,373
2017-09-26,376
2017-09-26,370
2017-09-27,365
2017-09-27,365
2017-09-27,366
2017-09-27,364
2017-09-28,362
2017-09-28,362
2017-09-28,362
2017-09-28,362
2017-09-29,360
2017-09-29,360
2017-09-29,360
2017-09-29,360
2017-09-30,359
2017-09-30,359
2017-09-30,360
2017-09-30,358
2017-10-01,355
2017-10-01,355
2017-10-01,356
2017-10-01,354
2017-10-02,354
2017-10-02,354
2017-10-02,354
2017-10-02,354
2017-10-03,353
2017-10-03,353
2017-10-03,354
2017-10-03,352
2017-10-04,348
2017-10-04,348
2017-10-04,350
2017-10-04,346
2017-10-05,342
2017-10-05,342
2017-10-05,344
2017-10-05,340
2017-10-06,338
2017-10-06,338
2017-10-06,338
2017-10-06,338
2017-10-07,336
2017-10-07,336
2017-10-07,336
2017-10-07,336
2017-10-08,346
2017-10-08,346
2017-10-08,344
2017-10-08,348
2017-10-09,356
2017-10-09,356
2017-10-09,356
2017-10-09,356
2017-10-10,357
2017-10-10,357
2017-10-10,356
2017-10-10,358
2017-10-11,360
2017-10-11,360
2017-10-11,360
2017-10-11,360
2017-10-12,366
2017-10-12,366
2017-10-12,364
2017-10-12,368
2017-10-13,369
2017-10-13,369
2017-10-13,370
2017-10-13,368
2017-10-14,365
2017-10-14,365
2017-10-14,366
2017-10-14,364
2017-10-15,360
2017-10-15,360
2017-10-15,362
2017-10-15,358
2017-10-16,353
2017-10-16,353
2017-10-16,354
2017-10-16,352
2017-10-17,346
2017-10-17,346
2017-10-17,348
2017-10-17,344
2017-10-18,343
2017-10-18,343
2017-10-18,344
2017-10-18,342
2017-10-19,342
2017-10-19,342
2017-10-19,342
2017-10-19,342
2017-10-20,340
2017-10-20,340
2017-10-20,340
2017-10-20,340
2017-10-21,340
2017-10-21,340
2017-10-21,340
2017-10-21,340
2017-10-22,336
2017-10-22,336
2017-10-22,338
2017-10-22,334
2017-10-23,333
2017-10-23,333
2017-10-23,334
2017-10-23,332
2017-10-24,329
2017-10-24,329
2017-10-24,330
2017-10-24,328
2017-10-25,328
2017-10-25,328
2017-10-25,328
2017-10-25,328
2017-10-26,333.5
2017-10-26,334
2017-10-26,331
2017-10-26,336
2017-10-27,349
2017-10-27,349
2017-10-27,346
2017-10-27,352
2017-10-28,355.5
2017-10-28,356
2017-10-28,355
2017-10-28,356
2017-10-29,353
2017-10-29,353
2017-10-29,348
2017-10-29,358
2017-10-30,350.5
2017-10-30,351
2017-10-30,352
2017-10-30,349
2017-10-31,342.5
2017-10-31,343
2017-10-31,344
2017-10-31,341
2017-11-01,338
2017-11-01,338
2017-11-01,340
2017-11-01,336
2017-11-02,333
2017-11-02,333
2017-11-02,334
2017-11-02,332
2017-11-03,327
2017-11-03,326.5
2017-11-03,327
2017-11-03,326
2017-11-04,325
2017-11-04,325
2017-11-04,326
2017-11-04,324
2017-11-05,322
2017-11-05,322
2017-11-05,322
2017-11-05,322
2017-11-06,321
2017-11-06,320.5
2017-11-06,321
2017-11-06,320
2017-11-07,320
2017-11-07,319.5
2017-11-07,320
2017-11-07,319
2017-11-08,318
2017-11-08,318
2017-11-08,318
2017-11-08,318
2017-11-09,317
2017-11-09,317
2017-11-09,317
2017-11-09,317
2017-11-10,316
2017-11-10,315.5
2017-11-10,316
2017-11-10,315
2017-11-11,314
2017-11-11,313.5
2017-11-11,314
2017-11-11,313
2017-11-12,320
2017-11-12,319.5
2017-11-12,321
2017-11-12,318
2017-11-13,318
2017-11-13,317.5
2017-11-13,318
2017-11-13,317
2017-11-14,316
2017-11-14,315.5
2017-11-14,316
2017-11-14,315
2017-11-15,314
2017-11-15,313.5
2017-11-15,314
2017-11-15,313
2017-11-16,312
2017-11-16,312
2017-11-16,312
2017-11-16,312
2017-11-17,311
2017-11-17,310.5
2017-11-17,311
2017-11-17,310
2017-11-18,309
2017-11-18,308.5
2017-11-18,309
2017-11-18,308
2017-11-19,307
2017-11-19,306.5
2017-11-19,307
2017-11-19,306
2017-11-20,303
2017-11-20,303
2017-11-20,304
2017-11-20,302
2017-11-21,302
2017-11-21,302
2017-11-21,302
2017-11-21,302
2017-11-22,301
2017-11-22,301
2017-11-22,301
2017-11-22,301
2017-11-23,300
2017-11-23,300
2017-11-23,300
2017-11-23,300
2017-11-24,300
2017-11-24,299.5
2017-11-24,300
2017-11-24,299
2017-11-25,298
2017-11-25,298
2017-11-25,298
2017-11-25,298
2017-11-26,296
2017-11-26,296
2017-11-26,296
2017-11-26,296
2017-11-27,295
2017-11-27,295
2017-11-27,295
2017-11-27,295
2017-11-28,294
2017-11-28,293.5
2017-11-28,294
2017-11-28,293
2017-11-29,292
2017-11-29,291.5
2017-11-29,292
2017-11-29,291
2017-11-30,290
2017-11-30,289.5
2017-11-30,290
2017-11-30,289
2017-12-01,288
2017-12-01,288
2017-12-01,288
2017-12-01,288
2017-12-02,287
2017-12-02,287
2017-12-02,287
2017-12-02,287
2017-12-03,286
2017-12-03,286
2017-12-03,286
2017-12-03,286
2017-12-04,284.5
2017-12-04,285
2017-12-04,285
2017-12-04,284
2017-12-05,283.5
2017-12-05,284
2017-12-05,284
2017-12-05,283
2017-12-06,282
2017-12-06,282
2017-12-06,282
2017-12-06,282
2017-12-07,280.5
2017-12-07,281
2017-12-07,281
2017-12-07,280
2017-12-08,279.5
2017-12-08,280
2017-12-08,280
2017-12-08,279
2017-12-09,277.5
2017-12-09,278
2017-12-09,278
2017-12-09,277
2017-12-10,276
2017-12-10,276
2017-12-10,276
2017-12-10,276
2017-12-11,276
2017-12-11,276
2017-12-11,276
2017-12-11,276
2017-12-12,275
2017-12-12,275
2017-12-12,275
2017-12-12,275
2017-12-13,274
2017-12-13,274
2017-12-13,274
2017-12-13,274
2017-12-14,275
2017-12-14,275
2017-12-14,275
2017-12-14,275
2017-12-15,274
2017-12-15,274
2017-12-15,274
2017-12-15,274
2017-12-16,275
2017-12-16,275
2017-12-16,275
2017-12-16,275
2017-12-17,274
2017-12-17,274
2017-12-17,274
2017-12-17,274
2017-12-18,275.5
2017-12-18,276
2017-12-18,275
2017-12-18,276
2017-12-19,276.5
2017-12-19,277
2017-12-19,276
2017-12-19,277
2017-12-20,277.5
2017-12-20,278
2017-12-20,278
2017-12-20,277
2017-12-21,276
2017-12-21,276
2017-12-21,276
2017-12-21,276
2017-12-22,276
2017-12-22,276
2017-12-22,276
2017-12-22,276
2017-12-23,282
2017-12-23,282
2017-12-23,280
2017-12-23,284
2017-12-24,287
2017-12-24,287
2017-12-24,286
2017-12-24,288
2017-12-25,297
2017-12-25,297
2017-12-25,296
2017-12-25,298
2017-12-26,297
2017-12-26,297
2017-12-26,297
2017-12-26,297
2017-12-27,295
2017-12-27,295
2017-12-27,296
2017-12-27,294
2017-12-28,291
2017-12-28,291
2017-12-28,292
2017-12-28,290
2017-12-29,288.5
2017-12-29,289
2017-12-29,289
2017-12-29,288
2017-12-30,290.5
2017-12-30,291
2017-12-30,290
2017-12-30,291
2017-12-31,292
2017-12-31,292
2017-12-31,292
2017-12-31,292
2018-01-01,293
2018-01-01,293
2018-01-01,293
2018-01-01,293
2018-01-02,293
2018-01-02,293
2018-01-02,293
2018-01-02,293
2018-01-03,291.5
2018-01-03,292
2018-01-03,292
2018-01-03,291
2018-01-04,291
2018-01-04,291
2018-01-04,291
2018-01-04,291
2018-01-05,290
2018-01-05,290
2018-01-05,290
2018-01-05,290
2018-01-06,290
2018-01-06,290
2018-01-06,289
2018-01-06,291
2018-01-07,294.5
2018-01-07,295
2018-01-07,294
2018-01-07,295
2018-01-08,297.5
2018-01-08,298
2018-01-08,296
2018-01-08,299
2018-01-09,297.5
2018-01-09,298
2018-01-09,298
2018-01-09,297
2018-01-10,295.5
2018-01-10,296
2018-01-10,296
2018-01-10,295
2018-01-11,293.5
2018-01-11,294
2018-01-11,294
2018-01-11,293
2018-01-12,291.5
2018-01-12,292
2018-01-12,292
2018-01-12,291
2018-01-13,290.5
2018-01-13,291
2018-01-13,290
2018-01-13,291
2018-01-14,290.5
2018-01-14,291
2018-01-14,291
2018-01-14,290
2018-01-15,289.5
2018-01-15,290
2018-01-15,290
2018-01-15,289
2018-01-16,286.5
2018-01-16,287
2018-01-16,287
2018-01-16,286
2018-01-17,284.5
2018-01-17,285
2018-01-17,285
2018-01-17,284
2018-01-18,290.5
2018-01-18,291
2018-01-18,290
2018-01-18,291
2018-01-19,295
2018-01-19,295
2018-01-19,294
2018-01-19,296
2018-01-20,300
2018-01-20,300
2018-01-20,298
2018-01-20,302
2018-01-21,303
2018-01-21,303
2018-01-21,303
2018-01-21,303
2018-01-22,305
2018-01-22,305
2018-01-22,304
2018-01-22,306
2018-01-23,308
2018-01-23,308
2018-01-23,307
2018-01-23,309
2018-01-24,306.5
2018-01-24,307
2018-01-24,308
2018-01-24,305
2018-01-25,305
2018-01-25,305
2018-01-25,305
2018-01-25,305
2018-01-26,301.5
2018-01-26,302
2018-01-26,302
2018-01-26,301
2018-01-27,303
2018-01-27,303
2018-01-27,302
2018-01-27,304
2018-01-28,307
2018-01-28,307
2018-01-28,306
2018-01-28,308
2018-01-29,309
2018-01-29,309
2018-01-29,310
2018-01-29,308
2018-01-30,306.5
2018-01-30,307
2018-01-30,307
2018-01-30,306
2018-01-31,307
2018-01-31,307
2018-01-31,307
2018-01-31,307
2018-02-01,312
2018-02-01,312
2018-02-01,311
2018-02-01,313
2018-02-02,322
2018-02-02,322
2018-02-02,320
2018-02-02,324
2018-02-03,332.5
2018-02-03,333
2018-02-03,331
2018-02-03,334
2018-02-04,342.5
2018-02-04,343
2018-02-04,340
2018-02-04,345
2018-02-05,335
2018-02-05,335
2018-02-05,336
2018-02-05,334
2018-02-06,331
2018-02-06,331
2018-02-06,332
2018-02-06,330
2018-02-07,327
2018-02-07,327
2018-02-07,328
2018-02-07,326
2018-02-08,317
2018-02-08,317
2018-02-08,318
2018-02-08,316
2018-02-09,305
2018-02-09,305
2018-02-09,308
2018-02-09,302
2018-02-10,305
2018-02-10,305
2018-02-10,304
2018-02-10,306
2018-02-11,309
2018-02-11,309
2018-02-11,308
2018-02-11,310
2018-02-12,319
2018-02-12,319
2018-02-12,318
2018-02-12,320
2018-02-13,318.5
2018-02-13,319
2018-02-13,319
2018-02-13,318
2018-02-14,318
2018-02-14,318
2018-02-14,318
2018-02-14,318
2018-02-15,315
2018-02-15,315
2018-02-15,316
2018-02-15,314
2018-02-16,312.5
2018-02-16,313
2018-02-16,313
2018-02-16,312
2018-02-17,310
2018-02-17,310
2018-02-17,310
2018-02-17,310
2018-02-18,312.5
2018-02-18,313
2018-02-18,312
2018-02-18,313
2018-02-19,315
2018-02-19,315
2018-02-19,314
2018-02-19,316
2018-02-20,318.5
2018-02-20,319
2018-02-20,318
2018-02-20,319
2018-02-21,320.5
2018-02-21,321
2018-02-21,320
2018-02-21,321
2018-02-22,323
2018-02-22,323
2018-02-22,322
2018-02-22,324
2018-02-23,325.5
2018-02-23,326
2018-02-23,325
2018-02-23,326
2018-02-24,327.5
2018-02-24,328
2018-02-24,327
2018-02-24,328
2018-02-25,325
2018-02-25,325
2018-02-25,326
2018-02-25,324
2018-02-26,320
2018-02-26,320
2018-02-26,321
2018-02-26,319
2018-02-27,324
2018-02-27,324
2018-02-27,322
2018-02-27,326
2018-02-28,332.5
2018-02-28,333
2018-02-28,330
2018-02-28,335
2018-03-01,333.5
2018-03-01,334
2018-03-01,334
2018-03-01,333
2018-03-02,329
2018-03-02,329
2018-03-02,330
2018-03-02,328
2018-03-03,322
2018-03-03,322
2018-03-03,324
2018-03-03,320
2018-03-04,313
2018-03-04,313
2018-03-04,316
2018-03-04,310
2018-03-05,307
2018-03-05,307
2018-03-05,308
2018-03-05,306
2018-03-06,302.5
2018-03-06,303
2018-03-06,304
2018-03-06,301
2018-03-07,302.5
2018-03-07,303
2018-03-07,302
2018-03-07,303
2018-03-08,304.5
2018-03-08,305
2018-03-08,304
2018-03-08,305
2018-03-09,303.5
2018-03-09,304
2018-03-09,304
2018-03-09,303
2018-03-10,301.5
2018-03-10,302
2018-03-10,302
2018-03-10,301
2018-03-11,299.5
2018-03-11,300
2018-03-11,300
2018-03-11,299
2018-03-12,297
2018-03-12,297
2018-03-12,298
2018-03-12,296
2018-03-13,293
2018-03-13,293
2018-03-13,294
2018-03-13,292
2018-03-14,290.5
2018-03-14,291
2018-03-14,291
2018-03-14,290
2018-03-15,288.5
2018-03-15,289
2018-03-15,289
2018-03-15,288
2018-03-16,288
2018-03-16,288
2018-03-16,288
2018-03-16,288
2018-03-17,289
2018-03-17,289
2018-03-17,288
2018-03-17,290
2018-03-18,308.5
2018-03-18,309
2018-03-18,308
2018-03-18,309
2018-03-19,309
2018-03-19,309
2018-03-19,310
2018-03-19,308
2018-03-20,307.5
2018-03-20,308
2018-03-20,307
2018-03-20,308
2018-03-21,310.5
2018-03-21,311
2018-03-21,310
2018-03-21,311
2018-03-22,312
2018-03-22,312
2018-03-22,312
2018-03-22,312
2018-03-23,315
2018-03-23,315
2018-03-23,314
2018-03-23,316
2018-03-24,328
2018-03-24,328
2018-03-24,326
2018-03-24,330
2018-03-25,352
2018-03-25,352
2018-03-25,346
2018-03-25,358
2018-03-26,353
2018-03-26,353
2018-03-26,354
2018-03-26,352
2018-03-27,344
2018-03-27,344
2018-03-27,346
2018-03-27,342
2018-03-28,338
2018-03-28,338
2018-03-28,338
2018-03-28,338
2018-03-29,344
2018-03-29,344
2018-03-29,342
2018-03-29,346
2018-03-30,374
2018-03-30,374
2018-03-30,358
2018-03-30,390
2018-03-31,393
2018-03-31,393
2018-03-31,392
2018-03-31,394
2018-04-01,397.5
2018-04-01,398
2018-04-01,396
2018-04-01,399
2018-04-02,413
2018-04-02,413
2018-04-02,410
2018-04-02,416
2018-04-03,422.5
2018-04-03,423
2018-04-03,420
2018-04-03,425
2018-04-04,426
2018-04-04,426
2018-04-04,424
2018-04-04,428
2018-04-05,436
2018-04-05,436
2018-04-05,434
2018-04-05,438
2018-04-06,447.5
2018-04-06,448
2018-04-06,446
2018-04-06,449
2018-04-07,450
2018-04-07,450
2018-04-07,450
2018-04-07,450
2018-04-08,443
2018-04-08,443
2018-04-08,446
2018-04-08,440
2018-04-09,421.5
2018-04-09,422
2018-04-09,424
2018-04-09,419
2018-04-10,411
2018-04-10,411
2018-04-10,414
2018-04-10,408
2018-04-11,393
2018-04-11,393
2018-04-11,394
2018-04-11,392
2018-04-12,394.5
2018-04-12,395
2018-04-12,393
2018-04-12,396
2018-04-13,424.5
2018-04-13,425
2018-04-13,420
2018-04-13,429
2018-04-14,422
2018-04-14,422
2018-04-14,424
2018-04-14,420
2018-04-15,416
2018-04-15,416
2018-04-15,418
2018-04-15,414
2018-04-16,410.5
2018-04-16,411
2018-04-16,412
2018-04-16,409
2018-04-17,419.5
2018-04-17,420
2018-04-17,418
2018-04-17,421
2018-04-18,427
2018-04-18,427
2018-04-18,426
2018-04-18,428
2018-04-19,438
2018-04-19,438
2018-04-19,434
2018-04-19,442
2018-04-20,452
2018-04-20,452
2018-04-20,446
2018-04-20,458
2018-04-21,458.5
2018-04-21,459
2018-04-21,461
2018-04-21,456
2018-04-22,453
2018-04-22,453
2018-04-22,454
2018-04-22,452
2018-04-23,448.5
2018-04-23,449
2018-04-23,449
2018-04-23,448
2018-04-24,449
2018-04-24,449
2018-04-24,446
2018-04-24,452
2018-04-25,462
2018-04-25,462
2018-04-25,456
2018-04-25,468
2018-04-26,488
2018-04-26,488
2018-04-26,484
2018-04-26,492
2018-04-27,497
2018-04-27,497
2018-04-27,496
2018-04-27,498
2018-04-28,499
2018-04-28,499
2018-04-28,499
2018-04-28,499
2018-04-29,507
2018-04-29,507
2018-04-29,506
2018-04-29,508
2018-04-30,512
2018-04-30,512
2018-04-30,510
2018-04-30,514
2018-05-01,534
2018-05-01,534
2018-05-01,530
2018-05-01,538
2018-05-02,555
2018-05-02,555
2018-05-02,546
2018-05-02,564
2018-05-03,575
2018-05-03,575
2018-05-03,574
2018-05-03,576
2018-05-04,579
2018-05-04,579
2018-05-04,578
2018-05-04,580
2018-05-05,587
2018-05-05,587
2018-05-05,586
2018-05-05,588
2018-05-06,597
2018-05-06,597
2018-05-06,596
2018-05-06,598
2018-05-07,599.5
2018-05-07,600
2018-05-07,599
2018-05-07,600
2018-05-08,603
2018-05-08,603
2018-05-08,602
2018-05-08,604
2018-05-09,605.5
2018-05-09,606
2018-05-09,606
2018-05-09,605
2018-05-10,603.5
2018-05-10,604
2018-05-10,604
2018-05-10,603
2018-05-11,601
2018-05-11,601
2018-05-11,602
2018-05-11,600
2018-05-12,598
2018-05-12,598
2018-05-12,598
2018-05-12,598
2018-05-13,606
2018-05-13,606
2018-05-13,604
2018-05-13,608
2018-05-14,611
2018-05-14,611
2018-05-14,610
2018-05-14,612
2018-05-15,613.5
2018-05-15,614
2018-05-15,613
2018-05-15,614
2018-05-16,617
2018-05-16,617
2018-05-16,616
2018-05-16,618
2018-05-17,619.5
2018-05-17,620
2018-05-17,619
2018-05-17,620
2018-05-18,623
2018-05-18,623
2018-05-18,622
2018-05-18,624
2018-05-19,621
2018-05-19,621
2018-05-19,623
2018-05-19,619
2018-05-20,615
2018-05-20,615
2018-05-20,616
2018-05-20,614
2018-05-21,630
2018-05-21,630
2018-05-21,622
2018-05-21,638
2018-05-22,641
2018-05-22,641
2018-05-22,636
2018-05-22,646
2018-05-23,651
2018-05-23,651
2018-05-23,652
2018-05-23,650
2018-05-24,626.5
2018-05-24,627
2018-05-24,630
2018-05-24,623
2018-05-25,601.5
2018-05-25,602
2018-05-25,605
2018-05-25,598
2018-05-26,579
2018-05-26,579
2018-05-26,582
2018-05-26,576
2018-05-27,566
2018-05-27,566
2018-05-27,570
2018-05-27,562
2018-05-28,552
2018-05-28,552
2018-05-28,554
2018-05-28,550
2018-05-29,542
2018-05-29,542
2018-05-29,546
2018-05-29,538
2018-05-30,542
2018-05-30,542
2018-05-30,540
2018-05-30,544
2018-05-31,549
2018-05-31,549
2018-05-31,548
2018-05-31,550
2018-06-01,557
2018-06-01,556.5
2018-06-01,556
2018-06-01,557
2018-06-02,561
2018-06-02,561
2018-06-02,560
2018-06-02,562
2018-06-03,562
2018-06-03,562
2018-06-03,562
2018-06-03,562
2018-06-04,561
2018-06-04,560.5
2018-06-04,561
2018-06-04,560
2018-06-05,559
2018-06-05,558.5
2018-06-05,559
2018-06-05,558
2018-06-06,556
2018-06-06,555.5
2018-06-06,556
2018-06-06,555
2018-06-07,554
2018-06-07,554
2018-06-07,554
2018-06-07,554
2018-06-08,553
2018-06-08,552.5
2018-06-08,553
2018-06-08,552
2018-06-09,552
2018-06-09,551.5
2018-06-09,552
2018-06-09,551
2018-06-10,550
2018-06-10,549.5
2018-06-10,550
2018-06-10,549
2018-06-11,548
2018-06-11,547.5
2018-06-11,548
2018-06-11,547
2018-06-12,533
2018-06-12,533
2018-06-12,536
2018-06-12,530
2018-06-13,526
2018-06-13,526
2018-06-13,526
2018-06-13,526
2018-06-14,522
2018-06-14,522
2018-06-14,526
2018-06-14,518
2018-06-15,511
2018-06-15,511
2018-06-15,514
2018-06-15,508
2018-06-16,505
2018-06-16,505
2018-06-16,504
2018-06-16,506
2018-06-17,509
2018-06-17,508.5
2018-06-17,508
2018-06-17,509
2018-06-18,511
2018-06-18,511
2018-06-18,510
2018-06-18,512
2018-06-19,514
2018-06-19,513.5
2018-06-19,513
2018-06-19,514
2018-06-20,516
2018-06-20,515.5
2018-06-20,515
2018-06-20,516
2018-06-21,518
2018-06-21,517.5
2018-06-21,517
2018-06-21,518
2018-06-22,521
2018-06-22,521
2018-06-22,520
2018-06-22,522
2018-06-23,521
2018-06-23,520.5
2018-06-23,521
2018-06-23,520
2018-06-24,522
2018-06-24,521.5
2018-06-24,521
2018-06-24,522
2018-06-25,523
2018-06-25,522.5
2018-06-25,522
2018-06-25,523
2018-06-26,524
2018-06-26,524
2018-06-26,524
2018-06-26,524
2018-06-27,526
2018-06-27,525.5
2018-06-27,525
2018-06-27,526
2018-06-28,525
2018-06-28,525
2018-06-28,526
2018-06-28,524
2018-06-29,519
2018-06-29,519
2018-06-29,520
2018-06-29,518
2018-06-30,514
2018-06-30,514
2018-06-30,516
2018-06-30,512
2018-07-01,505
2018-07-01,505
2018-07-01,508
2018-07-01,502
2018-07-02,498.5
2018-07-02,499
2018-07-02,499
2018-07-02,498
2018-07-03,497.5
2018-07-03,498
2018-07-03,496
2018-07-03,499
2018-07-04,519
2018-07-04,519
2018-07-04,516
2018-07-04,522
2018-07-05,526
2018-07-05,526
2018-07-05,524
2018-07-05,528
2018-07-06,530.5
2018-07-06,531
2018-07-06,530
2018-07-06,531
2018-07-07,531.5
2018-07-07,532
2018-07-07,531
2018-07-07,532
2018-07-08,532
2018-07-08,532
2018-07-08,532
2018-07-08,532
2018-07-09,533.5
2018-07-09,534
2018-07-09,533
2018-07-09,534
2018-07-10,534.5
2018-07-10,535
2018-07-10,534
2018-07-10,535
2018-07-11,536
2018-07-11,536
2018-07-11,536
2018-07-11,536
2018-07-12,538
2018-07-12,538
2018-07-12,538
2018-07-12,538
2018-07-13,538.5
2018-07-13,539
2018-07-13,538
2018-07-13,539
2018-07-14,540
2018-07-14,540
2018-07-14,540
2018-07-14,540
2018-07-15,537.5
2018-07-15,538
2018-07-15,538
2018-07-15,537
2018-07-16,532.5
2018-07-16,533
2018-07-16,534
2018-07-16,531
2018-07-17,525.5
2018-07-17,526
2018-07-17,527
2018-07-17,524
2018-07-18,519
2018-07-18,519
2018-07-18,520
2018-07-18,518
2018-07-19,514.5
2018-07-19,515
2018-07-19,516
2018-07-19,513
2018-07-20,508
2018-07-20,508
2018-07-20,510
2018-07-20,506
2018-07-21,500
2018-07-21,500
2018-07-21,502
2018-07-21,498
2018-07-22,489.5
2018-07-22,490
2018-07-22,492
2018-07-22,487
2018-07-23,485
2018-07-23,485
2018-07-23,486
2018-07-23,484
2018-07-24,483
2018-07-24,483
2018-07-24,483
2018-07-24,483
2018-07-25,457
2018-07-25,457
2018-07-25,459
2018-07-25,455
2018-07-26,454
2018-07-26,454
2018-07-26,454
2018-07-26,454
2018-07-27,465
2018-07-27,465
2018-07-27,462
2018-07-27,468
2018-07-28,479
2018-07-28,479
2018-07-28,477
2018-07-28,481
2018-07-29,491.5
2018-07-29,492
2018-07-29,489
2018-07-29,494
2018-07-30,499.5
2018-07-30,500
2018-07-30,499
2018-07-30,500
2018-07-31,510.5
2018-07-31,511
2018-07-31,509
2018-07-31,512
2018-08-01,513.5
2018-08-01,514
2018-08-01,514
2018-08-01,513
2018-08-02,516
2018-08-02,516
2018-08-02,516
2018-08-02,516
2018-08-03,516.5
2018-08-03,517
2018-08-03,517
2018-08-03,516
2018-08-04,510
2018-08-04,510
2018-08-04,512
2018-08-04,508
2018-08-05,496
2018-08-05,496
2018-08-05,502
2018-08-05,490
2018-08-06,480
2018-08-06,480
2018-08-06,486
2018-08-06,474
2018-08-07,465.5
2018-08-07,466
2018-08-07,467
2018-08-07,464
2018-08-08,453
2018-08-08,453
2018-08-08,450
2018-08-08,456
2018-08-09,448.5
2018-08-09,449
2018-08-09,449
2018-08-09,448
2018-08-10,450
2018-08-10,450
2018-08-10,450
2018-08-10,450
2018-08-11,451
2018-08-11,451
2018-08-11,451
2018-08-11,451
2018-08-12,447
2018-08-12,447
2018-08-12,448
2018-08-12,446
2018-08-13,443
2018-08-13,443
2018-08-13,444
2018-08-13,442
2018-08-14,439
2018-08-14,439
2018-08-14,440
2018-08-14,438
2018-08-15,434
2018-08-15,434
2018-08-15,436
2018-08-15,432
2018-08-16,427
2018-08-16,427
2018-08-16,428
2018-08-16,426
2018-08-17,421
2018-08-17,421
2018-08-17,424
2018-08-17,418
2018-08-18,415
2018-08-18,415
2018-08-18,416
2018-08-18,414
2018-08-19,410
2018-08-19,410
2018-08-19,412
2018-08-19,408
2018-08-20,402
2018-08-20,402
2018-08-20,404
2018-08-20,400
2018-08-21,398.5
2018-08-21,399
2018-08-21,399
2018-08-21,398
2018-08-22,398
2018-08-22,398
2018-08-22,398
2018-08-22,398
2018-08-23,396
2018-08-23,396
2018-08-23,396
2018-08-23,396
2018-08-24,392
2018-08-24,392
2018-08-24,394
2018-08-24,390
2018-08-25,388.5
2018-08-25,389
2018-08-25,389
2018-08-25,388
2018-08-26,385
2018-08-26,385
2018-08-26,386
2018-08-26,384
2018-08-27,383.5
2018-08-27,384
2018-08-27,383
2018-08-27,384
2018-08-28,385.5
2018-08-28,386
2018-08-28,385
2018-08-28,386
2018-08-29,387.5
2018-08-29,388
2018-08-29,387
2018-08-29,388
2018-08-30,388.5
2018-08-30,389
2018-08-30,388
2018-08-30,389
2018-08-31,390
2018-09-01,391
2018-09-01,391
2018-09-01,390
2018-09-01,392
2018-09-02,393
2018-09-02,393
2018-09-02,394
2018-09-02,392
2018-09-03,389
2018-09-03,389
2018-09-03,390
2018-09-03,388
2018-09-04,385
2018-09-04,385
2018-09-04,386
2018-09-04,384
2018-09-05,381
2018-09-05,381
2018-09-05,381
2018-09-05,381
2018-09-06,382.5
2018-09-06,383
2018-09-06,382
2018-09-06,383
2018-09-07,387
2018-09-07,387
2018-09-07,386
2018-09-07,388
2018-09-08,397.5
2018-09-08,398
2018-09-08,396
2018-09-08,399
2018-09-09,434.5
2018-09-09,435
2018-09-09,431
2018-09-09,438
2018-09-10,442
2018-09-10,442
2018-09-10,440
2018-09-10,444
2018-09-11,450
2018-09-11,450
2018-09-11,448
2018-09-11,452
2018-09-12,457
2018-09-12,457
2018-09-12,456
2018-09-12,458
2018-09-13,470
2018-09-13,470
2018-09-13,464
2018-09-13,476
2018-09-14,472
2018-09-14,472
2018-09-14,478
2018-09-14,466
2018-09-15,460
2018-09-15,460
2018-09-15,462
2018-09-15,458
2018-09-16,453
2018-09-16,453
2018-09-16,456
2018-09-16,450
2018-09-17,444.5
2018-09-17,445
2018-09-17,446
2018-09-17,443
2018-09-18,427
2018-09-18,427
2018-09-18,432
2018-09-18,422
2018-09-19,410
2018-09-19,410
2018-09-19,412
2018-09-19,408
2018-09-20,393
2018-09-20,393
2018-09-20,398
2018-09-20,388
2018-09-21,383.5
2018-09-21,384
2018-09-21,385
2018-09-21,382
2018-09-22,379
2018-09-22,379
2018-09-22,380
2018-09-22,378
2018-09-23,373
2018-09-23,373
2018-09-23,374
2018-09-23,372
2018-09-24,369.5
2018-09-24,370
2018-09-24,371
2018-09-24,368
2018-09-25,366.5
2018-09-25,367
2018-09-25,367
2018-09-25,366
2018-09-26,365
2018-09-26,365
2018-09-26,366
2018-09-26,364
2018-09-27,363.5
2018-09-27,364
2018-09-27,364
2018-09-27,363
2018-09-28,362.5
2018-09-28,363
2018-09-28,363
2018-09-28,362
2018-09-29,362
2018-09-29,362
2018-09-29,362
2018-09-29,362
2018-09-30,359
2018-09-30,359
2018-09-30,360
2018-09-30,358
2018-10-01,357.5
2018-10-01,358
2018-10-01,358
2018-10-01,357
2018-10-02,355.5
2018-10-02,356
2018-10-02,356
2018-10-02,355
2018-10-03,353
2018-10-03,353
2018-10-03,354
2018-10-03,352
2018-10-04,349.5
2018-10-04,350
2018-10-04,351
2018-10-04,348
2018-10-05,345.5
2018-10-05,346
2018-10-05,346
2018-10-05,345
2018-10-06,343
2018-10-06,343
2018-10-06,344
2018-10-06,342
2018-10-07,342
2018-10-07,342
2018-10-07,342
2018-10-07,342
2018-10-08,340.5
2018-10-08,341
2018-10-08,341
2018-10-08,340
2018-10-09,337.5
2018-10-09,338
2018-10-09,338
2018-10-09,337
2018-10-10,336
2018-10-10,336
2018-10-10,336
2018-10-10,336
2018-10-11,333
2018-10-11,333
2018-10-11,334
2018-10-11,332
2018-10-12,331.5
2018-10-12,332
2018-10-12,332
2018-10-12,331
2018-10-13,330
2018-10-13,330
2018-10-13,330
2018-10-13,330
2018-10-14,328.5
2018-10-14,329
2018-10-14,329
2018-10-14,328
2018-10-15,326.5
2018-10-15,327
2018-10-15,327
2018-10-15,326
2018-10-16,324.5
2018-10-16,325
2018-10-16,325
2018-10-16,324
2018-10-17,323.5
2018-10-17,324
2018-10-17,324
2018-10-17,323
2018-10-18,322.5
2018-10-18,323
2018-10-18,323
2018-10-18,322
2018-10-19,322
2018-10-19,322
2018-10-19,322
2018-10-19,322
2018-10-20,325
2018-10-20,325
2018-10-20,326
2018-10-20,324
2018-10-21,325
2018-10-21,325
2018-10-21,324
2018-10-21,326
2018-10-22,331
2018-10-22,331
2018-10-22,330
2018-10-22,332
2018-10-23,335
2018-10-23,335
2018-10-23,334
2018-10-23,336
2018-10-24,339
2018-10-24,339
2018-10-24,338
2018-10-24,340
2018-10-25,344.5
2018-10-25,345
2018-10-25,344
2018-10-25,345
2018-10-26,340
2018-10-26,340
2018-10-26,342
2018-10-26,338
2018-10-27,337
2018-10-27,337
2018-10-27,338
2018-10-27,336
2018-10-28,333
2018-10-28,333
2018-10-28,334
2018-10-28,332
2018-10-29,329
2018-10-29,329
2018-10-29,330
2018-10-29,328
2018-10-30,322
2018-10-30,322
2018-10-30,324
2018-10-30,320
2018-10-31,318.5
2018-10-31,319
2018-10-31,321
2018-10-31,316
2018-11-01,315
2018-11-01,314.5
2018-11-01,315
2018-11-01,314
2018-11-02,317
2018-11-02,317
2018-11-02,316
2018-11-02,318
2018-11-03,321
2018-11-03,320.5
2018-11-03,320
2018-11-03,321
2018-11-04,322
2018-11-04,322
2018-11-04,322
2018-11-04,322
2018-11-05,322
2018-11-05,321.5
2018-11-05,322
2018-11-05,321
2018-11-06,321
2018-11-06,320.5
2018-11-06,321
2018-11-06,320
2018-11-07,319
2018-11-07,318.5
2018-11-07,319
2018-11-07,318
2018-11-08,320
2018-11-08,320
2018-11-08,320
2018-11-08,320
2018-11-09,322
2018-11-09,321.5
2018-11-09,321
2018-11-09,322
2018-11-10,324
2018-11-10,323.5
2018-11-10,323
2018-11-10,324
2018-11-11,326
2018-11-11,325.5
2018-11-11,325
2018-11-11,326
2018-11-12,327
2018-11-12,326.5
2018-11-12,326
2018-11-12,327
2018-11-13,328
2018-11-13,327.5
2018-11-13,327
2018-11-13,328
2018-11-14,325
2018-11-14,325
2018-11-14,325
2018-11-14,325
2018-11-15,322
2018-11-15,321.5
2018-11-15,322
2018-11-15,321
2018-11-16,316
2018-11-16,315.5
2018-11-16,316
2018-11-16,315
2018-11-17,312
2018-11-17,311.5
2018-11-17,313
2018-11-17,310
2018-11-18,308
2018-11-18,308
2018-11-18,309
2018-11-18,307
2018-11-19,306
2018-11-19,305.5
2018-11-19,306
2018-11-19,305
2018-11-20,310
2018-11-20,310
2018-11-20,312
2018-11-20,308
2018-11-21,313
2018-11-21,312.5
2018-11-21,312
2018-11-21,313
2018-11-22,312
2018-11-22,311.5
2018-11-22,313
2018-11-22,310
2018-11-23,307
2018-11-23,307
2018-11-23,308
2018-11-23,306
2018-11-24,304
2018-11-24,303.5
2018-11-24,304
2018-11-24,303
2018-11-25,302
2018-11-25,301.5
2018-11-25,302
2018-11-25,301
2018-11-26,301
2018-11-26,301
2018-11-26,301
2018-11-26,301
2018-11-27,303
2018-11-27,303
2018-11-27,304
2018-11-27,302
2018-11-28,306
2018-11-28,306
2018-11-28,306
2018-11-28,306
2018-11-29,307
2018-11-29,307
2018-11-29,306
2018-11-29,308
2018-11-30,310
2018-11-30,309.5
2018-11-30,309
2018-11-30,310
2018-12-01,318.5
2018-12-01,319
2018-12-01,316
2018-12-01,321
2018-12-02,324
2018-12-02,324
2018-12-02,324
2018-12-02,324
2018-12-03,320.5
2018-12-03,321
2018-12-03,322
2018-12-03,319
2018-12-04,324.5
2018-12-04,325
2018-12-04,325
2018-12-04,324
2018-12-05,325.5
2018-12-05,326
2018-12-05,324
2018-12-05,327
2018-12-06,330.5
2018-12-06,331
2018-12-06,328
2018-12-06,333
2018-12-07,336.5
2018-12-07,337
2018-12-07,336
2018-12-07,337
2018-12-08,359
2018-12-08,359
2018-12-08,353
2018-12-08,365
2018-12-09,370
2018-12-09,370
2018-12-09,366
2018-12-09,374
2018-12-10,385
2018-12-10,385
2018-12-10,382
2018-12-10,388
2018-12-11,391
2018-12-11,391
2018-12-11,392
2018-12-11,390
2018-12-12,391
2018-12-12,391
2018-12-12,392
2018-12-12,390
2018-12-13,393
2018-12-13,393
2018-12-13,392
2018-12-13,394
2018-12-14,398
2018-12-14,398
2018-12-14,396
2018-12-14,400
2018-12-15,392
2018-12-15,392
2018-12-15,394
2018-12-15,390
2018-12-16,383
2018-12-16,383
2018-12-16,386
2018-12-16,380
2018-12-17,371
2018-12-17,371
2018-12-17,372
2018-12-17,370
2018-12-18,375.5
2018-12-18,376
2018-12-18,376
2018-12-18,375
2018-12-19,379
2018-12-19,379
2018-12-19,378
2018-12-19,380
2018-12-20,391
2018-12-20,391
2018-12-20,388
2018-12-20,394
2018-12-21,397.5
2018-12-21,398
2018-12-21,396
2018-12-21,399
2018-12-22,399
2018-12-22,399
2018-12-22,400
2018-12-22,398
2018-12-23,392
2018-12-23,392
2018-12-23,394
2018-12-23,390
2018-12-24,385
2018-12-24,385
2018-12-24,386
2018-12-24,384
2018-12-25,379
2018-12-25,379
2018-12-25,380
2018-12-25,378
2018-12-26,374.5
2018-12-26,375
2018-12-26,376
2018-12-26,373
2018-12-27,371
2018-12-27,371
2018-12-27,372
2018-12-27,370
2018-12-28,374.5
2018-12-28,375
2018-12-28,374
2018-12-28,375
2018-12-29,376
2018-12-29,376
2018-12-29,376
2018-12-29,376
2018-12-30,378
2018-12-30,378
2018-12-30,378
2018-12-30,378
2018-12-31,378.5
2018-12-31,379
2018-12-31,379
2018-12-31,378
2019-01-01,379
2019-01-01,379
2019-01-01,379
2019-01-01,379
2019-01-02,380
2019-01-02,380
2019-01-02,380
2019-01-02,380
2019-01-03,388.5
2019-01-03,389
2019-01-03,389
2019-01-03,388
2019-01-04,382
2019-01-04,382
2019-01-04,384
2019-01-04,380
2019-01-05,376
2019-01-05,376
2019-01-05,378
2019-01-05,374
2019-01-06,362
2019-01-06,362
2019-01-06,364
2019-01-06,360
2019-01-07,353.5
2019-01-07,354
2019-01-07,356
2019-01-07,351
2019-01-08,359
2019-01-08,359
2019-01-08,358
2019-01-08,360
2019-01-09,368
2019-01-09,368
2019-01-09,366
2019-01-09,370
2019-01-10,382
2019-01-10,382
2019-01-10,376
2019-01-10,388
2019-01-11,399
2019-01-11,399
2019-01-11,400
2019-01-11,398
2019-01-12,395
2019-01-12,395
2019-01-12,396
2019-01-12,394
2019-01-13,392
2019-01-13,392
2019-01-13,392
2019-01-13,392
2019-01-14,386
2019-01-14,386
2019-01-14,392
2019-01-14,380
2019-01-15,383.5
2019-01-15,384
2019-01-15,384
2019-01-15,383
2019-01-16,382
2019-01-16,382
2019-01-16,382
2019-01-16,382
2019-01-17,381.5
2019-01-17,382
2019-01-17,382
2019-01-17,381
2019-01-18,380
2019-01-18,380
2019-01-18,380
2019-01-18,380
2019-01-19,383
2019-01-19,383
2019-01-19,382
2019-01-19,384
2019-01-20,387
2019-01-20,387
2019-01-20,386
2019-01-20,388
2019-01-21,397
2019-01-21,397
2019-01-21,394
2019-01-21,400
2019-01-22,411
2019-01-22,411
2019-01-22,408
2019-01-22,414
2019-01-23,410.5
2019-01-23,411
2019-01-23,412
2019-01-23,409
2019-01-24,403.5
2019-01-24,404
2019-01-24,406
2019-01-24,401
2019-01-25,391
2019-01-25,391
2019-01-25,394
2019-01-25,388
2019-01-26,385
2019-01-26,385
2019-01-26,386
2019-01-26,384
2019-01-27,377
2019-01-27,377
2019-01-27,378
2019-01-27,376
2019-01-28,372
2019-01-28,372
2019-01-28,374
2019-01-28,370
2019-01-29,366.5
2019-01-29,367
2019-01-29,368
2019-01-29,365
2019-01-30,361
2019-01-30,361
2019-01-30,362
2019-01-30,360
2019-01-31,354
2019-01-31,354
2019-01-31,352
2019-01-31,356
2019-02-01,357.5
2019-02-01,358
2019-02-01,357
2019-02-01,358
2019-02-02,356.5
2019-02-02,357
2019-02-02,357
2019-02-02,356
2019-02-03,355
2019-02-03,355
2019-02-03,355
2019-02-03,355
2019-02-04,354
2019-02-04,354
2019-02-04,354
2019-02-04,354
2019-02-05,352
2019-02-05,352
2019-02-05,352
2019-02-05,352
2019-02-06,361
2019-02-06,361
2019-02-06,358
2019-02-06,364
2019-02-07,367
2019-02-07,367
2019-02-07,366
2019-02-07,368
2019-02-08,372
2019-02-08,372
2019-02-08,370
2019-02-08,374
2019-02-09,377
2019-02-09,377
2019-02-09,376
2019-02-09,378
2019-02-10,382
2019-02-10,382
2019-02-10,380
2019-02-10,384
2019-02-11,387
2019-02-11,387
2019-02-11,386
2019-02-11,388
2019-02-12,390
2019-02-12,390
2019-02-12,389
2019-02-12,391
2019-02-13,395
2019-02-13,395
2019-02-13,394
2019-02-13,396
2019-02-14,401
2019-02-14,401
2019-02-14,398
2019-02-14,404
2019-02-15,416
2019-02-15,416
2019-02-15,414
2019-02-15,418
2019-02-16,425
2019-02-16,425
2019-02-16,426
2019-02-16,424
2019-02-17,429
2019-02-17,429
2019-02-17,428
2019-02-17,430
2019-02-18,435
2019-02-18,435
2019-02-18,434
2019-02-18,436
2019-02-19,440.5
2019-02-19,441
2019-02-19,439
2019-02-19,442
2019-02-20,447
2019-02-20,447
2019-02-20,446
2019-02-20,448
2019-02-21,458
2019-02-21,458
2019-02-21,456
2019-02-21,460
2019-02-22,466
2019-02-22,466
2019-02-22,464
2019-02-22,468
2019-02-23,472
2019-02-23,472
2019-02-23,470
2019-02-23,474
2019-02-24,463
2019-02-24,463
2019-02-24,466
2019-02-24,460
2019-02-25,439
2019-02-25,439
2019-02-25,442
2019-02-25,436
2019-02-26,429
2019-02-26,429
2019-02-26,432
2019-02-26,426
2019-02-27,423
2019-02-27,423
2019-02-27,424
2019-02-27,422
2019-02-28,415
2019-02-28,415
2019-02-28,418
2019-02-28,412
2019-03-01,409
2019-03-01,409
2019-03-01,410
2019-03-01,408
2019-03-02,403
2019-03-02,403
2019-03-02,404
2019-03-02,402
2019-03-03,394
2019-03-03,394
2019-03-03,398
2019-03-03,390
2019-03-04,384
2019-03-04,384
2019-03-04,386
2019-03-04,382
2019-03-05,371
2019-03-05,371
2019-03-05,374
2019-03-05,368
2019-03-06,363
2019-03-06,363
2019-03-06,364
2019-03-06,362
2019-03-07,360.5
2019-03-07,361
2019-03-07,361
2019-03-07,360
2019-03-08,357
2019-03-08,357
2019-03-08,358
2019-03-08,356
2019-03-09,362
2019-03-09,362
2019-03-09,360
2019-03-09,364
2019-03-10,369
2019-03-10,369
2019-03-10,368
2019-03-10,370
2019-03-11,378
2019-03-11,378
2019-03-11,376
2019-03-11,380
2019-03-12,384
2019-03-12,384
2019-03-12,382
2019-03-12,386
2019-03-13,388
2019-03-13,388
2019-03-13,388
2019-03-13,388
2019-03-14,393
2019-03-14,393
2019-03-14,392
2019-03-14,394
2019-03-15,391
2019-03-15,391
2019-03-15,392
2019-03-15,390
2019-03-16,390.5
2019-03-16,391
2019-03-16,390
2019-03-16,391
2019-03-17,392
2019-03-17,392
2019-03-17,392
2019-03-17,392
2019-03-18,393.5
2019-03-18,394
2019-03-18,393
2019-03-18,394
2019-03-19,394.5
2019-03-19,395
2019-03-19,394
2019-03-19,395
2019-03-20,394
2019-03-20,394
2019-03-20,394
2019-03-20,394
2019-03-21,391
2019-03-21,391
2019-03-21,392
2019-03-21,390
2019-03-22,387
2019-03-22,387
2019-03-22,388
2019-03-22,386
2019-03-23,381
2019-03-23,381
2019-03-23,382
2019-03-23,380
2019-03-24,377
2019-03-24,377
2019-03-24,378
2019-03-24,376
2019-03-25,373
2019-03-25,373
2019-03-25,374
2019-03-25,372
2019-03-26,369
2019-03-26,369
2019-03-26,370
2019-03-26,368
2019-03-27,377
2019-03-27,377
2019-03-27,376
2019-03-27,378
2019-03-28,383
2019-03-28,383
2019-03-28,384
2019-03-28,382
2019-03-29,377
2019-03-29,377
2019-03-29,378
2019-03-29,376
2019-03-30,371
2019-03-30,371
2019-03-30,374
2019-03-30,368
2019-03-31,367
2019-03-31,367
2019-03-31,368
2019-03-31,366
2019-04-01,363
2019-04-01,363
2019-04-01,364
2019-04-01,362
2019-04-02,359
2019-04-02,359
2019-04-02,360
2019-04-02,358
2019-04-03,355
2019-04-03,355
2019-04-03,356
2019-04-03,354
2019-04-04,351
2019-04-04,351
2019-04-04,352
2019-04-04,350
2019-04-05,349
2019-04-05,349
2019-04-05,350
2019-04-05,348
2019-04-06,350.5
2019-04-06,351
2019-04-06,349
2019-04-06,352
2019-04-07,355
2019-04-07,355
2019-04-07,354
2019-04-07,356
2019-04-08,358
2019-04-08,358
2019-04-08,358
2019-04-08,358
2019-04-09,361
2019-04-09,361
2019-04-09,360
2019-04-09,362
2019-04-10,365
2019-04-10,365
2019-04-10,364
2019-04-10,366
2019-04-11,367
2019-04-11,367
2019-04-11,366
2019-04-11,368
2019-04-12,372
2019-04-12,372
2019-04-12,370
2019-04-12,374
2019-04-13,380
2019-04-13,380
2019-04-13,378
2019-04-13,382
2019-04-14,383
2019-04-14,383
2019-04-14,384
2019-04-14,382
2019-04-15,385
2019-04-15,385
2019-04-15,384
2019-04-15,386
2019-04-16,387
2019-04-16,387
2019-04-16,386
2019-04-16,388
2019-04-17,379.5
2019-04-17,380
2019-04-17,389
2019-04-17,370
2019-04-18,373
2019-04-18,373
2019-04-18,372
2019-04-18,374
2019-04-19,379
2019-04-19,379
2019-04-19,376
2019-04-19,382
2019-04-20,387
2019-04-20,387
2019-04-20,386
2019-04-20,388
2019-04-21,393
2019-04-21,393
2019-04-21,390
2019-04-21,396
2019-04-22,399
2019-04-22,399
2019-04-22,398
2019-04-22,400
2019-04-23,410
2019-04-23,410
2019-04-23,408
2019-04-23,412
2019-04-24,422
2019-04-24,422
2019-04-24,418
2019-04-24,426
2019-04-25,432
2019-04-25,432
2019-04-25,430
2019-04-25,434
2019-04-26,445
2019-04-26,445
2019-04-26,442
2019-04-26,448
2019-04-27,454
2019-04-27,454
2019-04-27,452
2019-04-27,456
2019-04-28,466
2019-04-28,466
2019-04-28,464
2019-04-28,468
2019-04-29,475
2019-04-29,475
2019-04-29,474
2019-04-29,476
2019-04-30,484
2019-04-30,484
2019-04-30,484
2019-04-30,484
2019-05-01,486
2019-05-01,486
2019-05-01,486
2019-05-01,486
2019-05-02,489
2019-05-02,488.5
2019-05-02,488
2019-05-02,489
2019-05-03,491
2019-05-03,491
2019-05-03,490
2019-05-03,492
2019-05-04,493
2019-05-04,493
2019-05-04,492
2019-05-04,494
2019-05-05,495
2019-05-05,494.5
2019-05-05,494
2019-05-05,495
2019-05-06,496
2019-05-06,496
2019-05-06,496
2019-05-06,496
2019-05-07,494
2019-05-07,493.5
2019-05-07,494
2019-05-07,493
2019-05-08,491
2019-05-08,491
2019-05-08,492
2019-05-08,490
2019-05-09,486
2019-05-09,486
2019-05-09,488
2019-05-09,484
2019-05-10,480
2019-05-10,480
2019-05-10,482
2019-05-10,478
2019-05-11,478
2019-05-11,477.5
2019-05-11,478
2019-05-11,477
2019-05-12,516
2019-05-12,515.5
2019-05-12,499
2019-05-12,532
2019-05-13,555
2019-05-13,555
2019-05-13,550
2019-05-13,560
2019-05-14,566
2019-05-14,566
2019-05-14,564
2019-05-14,568
2019-05-15,570
2019-05-15,569.5
2019-05-15,569
2019-05-15,570
2019-05-16,567
2019-05-16,567
2019-05-16,568
2019-05-16,566
2019-05-17,564
2019-05-17,563.5
2019-05-17,564
2019-05-17,563
2019-05-18,565
2019-05-18,565
2019-05-18,562
2019-05-18,568
2019-05-19,571
2019-05-19,571
2019-05-19,570
2019-05-19,572
2019-05-20,587
2019-05-20,587
2019-05-20,582
2019-05-20,592
2019-05-21,603
2019-05-21,603
2019-05-21,599
2019-05-21,607
2019-05-22,615
2019-05-22,615
2019-05-22,612
2019-05-22,618
2019-05-23,618
2019-05-23,618
2019-05-23,618
2019-05-23,618
2019-05-24,618
2019-05-24,618
2019-05-24,618
2019-05-24,618
2019-05-25,618
2019-05-25,618
2019-05-25,618
2019-05-25,618
2019-05-26,619
2019-05-26,619
2019-05-26,618
2019-05-26,620
2019-05-27,620
2019-05-27,620
2019-05-27,620
2019-05-27,620
2019-05-28,620
2019-05-28,620
2019-05-28,620
2019-05-28,620
2019-05-29,622
2019-05-29,622
2019-05-29,622
2019-05-29,622
2019-05-30,622
2019-05-30,622
2019-05-30,622
2019-05-30,622
2019-05-31,624
2019-05-31,624
2019-05-31,624
2019-05-31,624
2019-06-01,631
2019-06-01,631
2019-06-01,630
2019-06-01,632
2019-06-02,636
2019-06-02,636
2019-06-02,634
2019-06-02,638
2019-06-03,633.5
2019-06-03,634
2019-06-03,635
2019-06-03,632
2019-06-04,624.5
2019-06-04,625
2019-06-04,627
2019-06-04,622
2019-06-05,616
2019-06-05,616
2019-06-05,618
2019-06-05,614
2019-06-06,606
2019-06-06,606
2019-06-06,608
2019-06-06,604
2019-06-07,602
2019-06-07,602
2019-06-07,602
2019-06-07,602
2019-06-08,598.5
2019-06-08,599
2019-06-08,599
2019-06-08,598
2019-06-09,596.5
2019-06-09,597
2019-06-09,597
2019-06-09,596
2019-06-10,595.5
2019-06-10,596
2019-06-10,596
2019-06-10,595
2019-06-11,594.5
2019-06-11,595
2019-06-11,595
2019-06-11,594
2019-06-12,594
2019-06-12,594
2019-06-12,594
2019-06-12,594
2019-06-13,592.5
2019-06-13,593
2019-06-13,593
2019-06-13,592
2019-06-14,591.5
2019-06-14,592
2019-06-14,592
2019-06-14,591
2019-06-15,589.5
2019-06-15,590
2019-06-15,590
2019-06-15,589
2019-06-16,587
2019-06-16,587
2019-06-16,588
2019-06-16,586
2019-06-17,584.5
2019-06-17,585
2019-06-17,585
2019-06-17,584
2019-06-18,580
2019-06-18,580
2019-06-18,582
2019-06-18,578
2019-06-19,574
2019-06-19,574
2019-06-19,576
2019-06-19,572
2019-06-20,566
2019-06-20,566
2019-06-20,568
2019-06-20,564
2019-06-21,556
2019-06-21,556
2019-06-21,558
2019-06-21,554
2019-06-22,542
2019-06-22,542
2019-06-22,548
2019-06-22,536
2019-06-23,529
2019-06-23,529
2019-06-23,530
2019-06-23,528
2019-06-24,511
2019-06-24,511
2019-06-24,514
2019-06-24,508
2019-06-25,491
2019-06-25,491
2019-06-25,496
2019-06-25,486
2019-06-26,481
2019-06-26,481
2019-06-26,484
2019-06-26,478
2019-06-27,476
2019-06-27,476
2019-06-27,476
2019-06-27,476
2019-06-28,478
2019-06-28,478
2019-06-28,478
2019-06-28,478
2019-06-29,483.5
2019-06-29,484
2019-06-29,481
2019-06-29,486
2019-06-30,490
2019-06-30,490
2019-06-30,488
2019-06-30,492
2019-07-01,490
2019-07-01,489.5
2019-07-01,491
2019-07-01,488
2019-07-02,485
2019-07-02,484.5
2019-07-02,486
2019-07-02,483
2019-07-03,477
2019-07-03,476.5
2019-07-03,476
2019-07-03,477
2019-07-04,484
2019-07-04,483.5
2019-07-04,480
2019-07-04,487
2019-07-05,496
2019-07-05,495.5
2019-07-05,495
2019-07-05,496
2019-07-06,500
2019-07-06,500
2019-07-06,498
2019-07-06,502
2019-07-07,509
2019-07-07,509
2019-07-07,508
2019-07-07,510
2019-07-08,514
2019-07-08,513.5
2019-07-08,512
2019-07-08,515
2019-07-09,520
2019-07-09,519.5
2019-07-09,519
2019-07-09,520
2019-07-10,522
2019-07-10,522
2019-07-10,522
2019-07-10,522
2019-07-11,526
2019-07-11,525.5
2019-07-11,525
2019-07-11,526
2019-07-12,524
2019-07-12,524
2019-07-12,525
2019-07-12,523
2019-07-13,519
2019-07-13,518.5
2019-07-13,522
2019-07-13,515
2019-07-14,505
2019-07-14,505
2019-07-14,508
2019-07-14,502
2019-07-15,495
2019-07-15,494.5
2019-07-15,497
2019-07-15,492
2019-07-16,482
2019-07-16,481.5
2019-07-16,484
2019-07-16,479
2019-07-17,472
2019-07-17,472
2019-07-17,476
2019-07-17,468
2019-07-18,460
2019-07-18,460
2019-07-18,462
2019-07-18,458
2019-07-19,450
2019-07-19,449.5
2019-07-19,453
2019-07-19,446
2019-07-20,443
2019-07-20,442.5
2019-07-20,444
2019-07-20,441
2019-07-21,437
2019-07-21,437
2019-07-21,438
2019-07-21,436
2019-07-22,437
2019-07-22,436.5
2019-07-22,435
2019-07-22,438
2019-07-23,451
2019-07-23,451
2019-07-23,448
2019-07-23,454
2019-07-24,460
2019-07-24,459.5
2019-07-24,459
2019-07-24,460
2019-07-25,453
2019-07-25,453
2019-07-25,458
2019-07-25,448
2019-07-26,441
2019-07-26,441
2019-07-26,444
2019-07-26,438
2019-07-27,432
2019-07-27,431.5
2019-07-27,432
2019-07-27,431
2019-07-28,433
2019-07-28,433
2019-07-28,432
2019-07-28,434
2019-07-29,436
2019-07-29,435.5
2019-07-29,435
2019-07-29,436
2019-07-30,438
2019-07-30,437.5
2019-07-30,437
2019-07-30,438
2019-07-31,440
2019-07-31,439.5
2019-07-31,439
2019-07-31,440
2019-08-01,445
2019-08-01,445
2019-08-01,443
2019-08-01,447
2019-08-02,453.5
2019-08-02,454
2019-08-02,452
2019-08-02,455
2019-08-03,460.5
2019-08-03,461
2019-08-03,459
2019-08-03,462
2019-08-04,469.5
2019-08-04,470
2019-08-04,468
2019-08-04,471
2019-08-05,475.5
2019-08-05,476
2019-08-05,473
2019-08-05,478
2019-08-06,481
2019-08-06,481
2019-08-06,480
2019-08-06,482
2019-08-07,487.5
2019-08-07,488
2019-08-07,486
2019-08-07,489
2019-08-08,496
2019-08-08,496
2019-08-08,494
2019-08-08,498
2019-08-09,506
2019-08-09,506
2019-08-09,504
2019-08-09,508
2019-08-10,511
2019-08-10,511
2019-08-10,510
2019-08-10,512
2019-08-11,514.5
2019-08-11,515
2019-08-11,514
2019-08-11,515
2019-08-12,516.5
2019-08-12,517
2019-08-12,516
2019-08-12,517
2019-08-13,518
2019-08-13,518
2019-08-13,518
2019-08-13,518
2019-08-14,521
2019-08-14,521
2019-08-14,520
2019-08-14,522
2019-08-15,525
2019-08-15,525
2019-08-15,524
2019-08-15,526
2019-08-16,525
2019-08-16,525
2019-08-16,525
2019-08-16,525
2019-08-17,521.5
2019-08-17,522
2019-08-17,523
2019-08-17,520
2019-08-18,514.5
2019-08-18,515
2019-08-18,516
2019-08-18,513
2019-08-19,508
2019-08-19,508
2019-08-19,510
2019-08-19,506
2019-08-20,501.5
2019-08-20,502
2019-08-20,503
2019-08-20,500
2019-08-21,493
2019-08-21,493
2019-08-21,496
2019-08-21,490
2019-08-22,484.5
2019-08-22,485
2019-08-22,488
2019-08-22,481
2019-08-23,471
2019-08-23,471
2019-08-23,473
2019-08-23,469
2019-08-24,455
2019-08-24,455
2019-08-24,458
2019-08-24,452
2019-08-25,451.5
2019-08-25,452
2019-08-25,453
2019-08-25,450
2019-08-26,442.5
2019-08-26,443
2019-08-26,445
2019-08-26,440
2019-08-27,431.5
2019-08-27,432
2019-08-27,433
2019-08-27,430
2019-08-28,428.5
2019-08-28,429
2019-08-28,429
2019-08-28,428
2019-08-29,432.5
2019-08-29,433
2019-08-29,432
2019-08-29,433
2019-08-30,429
2019-08-30,429
2019-08-30,430
2019-08-30,428
2019-08-31,421
2019-08-31,421
2019-08-31,424
2019-08-31,418
2019-09-01,412.5
2019-09-01,413
2019-09-01,412
2019-09-01,413
2019-09-02,403
2019-09-02,403
2019-09-02,404
2019-09-02,402
2019-09-03,398
2019-09-03,398
2019-09-03,398
2019-09-03,398
2019-09-04,395.5
2019-09-04,396
2019-09-04,396
2019-09-04,395
2019-09-05,398.5
2019-09-05,399
2019-09-05,397
2019-09-05,400
2019-09-06,416.5
2019-09-06,417
2019-09-06,411
2019-09-06,422
2019-09-07,432.5
2019-09-07,433
2019-09-07,430
2019-09-07,435
2019-09-08,436.5
2019-09-08,437
2019-09-08,436
2019-09-08,437
2019-09-09,432
2019-09-09,432
2019-09-09,432
2019-09-09,432
2019-09-10,422.5
2019-09-10,423
2019-09-10,430
2019-09-10,415
2019-09-11,412
2019-09-11,412
2019-09-11,412
2019-09-11,412
2019-09-12,412
2019-09-12,412
2019-09-12,412
2019-09-12,412
2019-09-13,413.5
2019-09-13,414
2019-09-13,414
2019-09-13,413
2019-09-14,409
2019-09-14,409
2019-09-14,411
2019-09-14,407
2019-09-15,400
2019-09-15,400
2019-09-15,402
2019-09-15,398
2019-09-16,392
2019-09-16,392
2019-09-16,394
2019-09-16,390
2019-09-17,385
2019-09-17,385
2019-09-17,386
2019-09-17,384
2019-09-18,381.5
2019-09-18,382
2019-09-18,382
2019-09-18,381
2019-09-19,380
2019-09-19,380
2019-09-19,372
2019-09-19,388
2019-09-20,401.5
2019-09-20,402
2019-09-20,397
2019-09-20,406
2019-09-21,413
2019-09-21,413
2019-09-21,412
2019-09-21,414
2019-09-22,412
2019-09-22,412
2019-09-22,413
2019-09-22,411
2019-09-23,407
2019-09-23,407
2019-09-23,408
2019-09-23,406
2019-09-24,398
2019-09-24,398
2019-09-24,400
2019-09-24,396
2019-09-25,391
2019-09-25,391
2019-09-25,392
2019-09-25,390
2019-09-26,390
2019-09-26,390
2019-09-26,390
2019-09-26,390
2019-09-27,390.5
2019-09-27,391
2019-09-27,390
2019-09-27,391
2019-09-28,393.5
2019-09-28,394
2019-09-28,393
2019-09-28,394
2019-09-29,394
2019-09-29,394
2019-09-29,394
2019-09-29,394
2019-09-30,400
2019-09-30,400
2019-09-30,398
2019-09-30,402
2019-10-01,406
2019-10-01,406
2019-10-01,404
2019-10-01,408
2019-10-02,407
2019-10-02,407
2019-10-02,408
2019-10-02,406
2019-10-03,399
2019-10-03,399
2019-10-03,402
2019-10-03,396
2019-10-04,389.5
2019-10-04,390
2019-10-04,393
2019-10-04,386
2019-10-05,379
2019-10-05,379
2019-10-05,382
2019-10-05,376
2019-10-06,371
2019-10-06,371
2019-10-06,372
2019-10-06,370
2019-10-07,365.5
2019-10-07,366
2019-10-07,366
2019-10-07,365
2019-10-08,362.5
2019-10-08,363
2019-10-08,362
2019-10-08,363
2019-10-09,370
2019-10-09,370
2019-10-09,368
2019-10-09,372
2019-10-10,377
2019-10-10,377
2019-10-10,376
2019-10-10,378
2019-10-11,382.5
2019-10-11,383
2019-10-11,381
2019-10-11,384
2019-10-12,392
2019-10-12,392
2019-10-12,390
2019-10-12,394
2019-10-13,395.5
2019-10-13,396
2019-10-13,397
2019-10-13,394
2019-10-14,389
2019-10-14,389
2019-10-14,391
2019-10-14,387
2019-10-15,380
2019-10-15,380
2019-10-15,382
2019-10-15,378
2019-10-16,371.5
2019-10-16,372
2019-10-16,373
2019-10-16,370
2019-10-17,373
2019-10-17,373
2019-10-17,372
2019-10-17,374
2019-10-18,389.5
2019-10-18,390
2019-10-18,382
2019-10-18,397
2019-10-19,422.5
2019-10-19,423
2019-10-19,417
2019-10-19,428
2019-10-20,434
2019-10-20,434
2019-10-20,435
2019-10-20,433
2019-10-21,426.5
2019-10-21,427
2019-10-21,430
2019-10-21,423
2019-10-22,412.5
2019-10-22,413
2019-10-22,415
2019-10-22,410
2019-10-23,405
2019-10-23,405
2019-10-23,406
2019-10-23,404
2019-10-24,400
2019-10-24,400
2019-10-24,401
2019-10-24,399
2019-10-25,402.5
2019-10-25,403
2019-10-25,402
2019-10-25,403
2019-10-26,410.5
2019-10-26,411
2019-10-26,410
2019-10-26,411
2019-10-27,407
2019-10-27,407
2019-10-27,409
2019-10-27,405
2019-10-28,396.5
2019-10-28,397
2019-10-28,399
2019-10-28,394
2019-10-29,385
2019-10-29,385
2019-10-29,387
2019-10-29,383
2019-10-30,375.5
2019-10-30,376
2019-10-30,377
2019-10-30,374
2019-10-31,368.5
2019-10-31,369
2019-10-31,370
2019-10-31,367
2019-11-01,364
2019-11-01,364
2019-11-01,365
2019-11-01,363
2019-11-02,362
2019-11-02,362
2019-11-02,362
2019-11-02,362
2019-11-03,362
2019-11-03,361.5
2019-11-03,361
2019-11-03,362
2019-11-04,366
2019-11-04,365.5
2019-11-04,365
2019-11-04,366
2019-11-05,365
2019-11-05,364.5
2019-11-05,365
2019-11-05,364
2019-11-06,361
2019-11-06,361
2019-11-06,362
2019-11-06,360
2019-11-07,357
2019-11-07,356.5
2019-11-07,357
2019-11-07,356
2019-11-08,355
2019-11-08,354.5
2019-11-08,355
2019-11-08,354
2019-11-09,352
2019-11-09,351.5
2019-11-09,352
2019-11-09,351
2019-11-10,350
2019-11-10,350
2019-11-10,350
2019-11-10,350
2019-11-11,353
2019-11-11,352.5
2019-11-11,350
2019-11-11,355
2019-11-12,357
2019-11-12,357
2019-11-12,356
2019-11-12,358
2019-11-13,363
2019-11-13,362.5
2019-11-13,362
2019-11-13,363
2019-11-14,361
2019-11-14,360.5
2019-11-14,361
2019-11-14,360
2019-11-15,359
2019-11-15,358.5
2019-11-15,359
2019-11-15,358
2019-11-16,356
2019-11-16,355.5
2019-11-16,358
2019-11-16,353
2019-11-17,351
2019-11-17,351
2019-11-17,351
2019-11-17,351
2019-11-18,349
2019-11-18,348.5
2019-11-18,349
2019-11-18,348
2019-11-19,347
2019-11-19,346.5
2019-11-19,347
2019-11-19,346
2019-11-20,348
2019-11-20,348
2019-11-20,345
2019-11-20,351
2019-11-21,371
2019-11-21,371
2019-11-21,366
2019-11-21,376
2019-11-22,385
2019-11-22,384.5
2019-11-22,383
2019-11-22,386
2019-11-23,390
2019-11-23,390
2019-11-23,388
2019-11-23,392
2019-11-24,410
2019-11-24,409.5
2019-11-24,408
2019-11-24,411
2019-11-25,430
2019-11-25,430
2019-11-25,426
2019-11-25,434
2019-11-26,446
2019-11-26,445.5
2019-11-26,446
2019-11-26,445
2019-11-27,439
2019-11-27,439
2019-11-27,442
2019-11-27,436
2019-11-28,424
2019-11-28,424
2019-11-28,429
2019-11-28,419
2019-11-29,404
2019-11-29,403.5
2019-11-29,408
2019-11-29,399
2019-11-30,385
2019-11-30,384.5
2019-11-30,388
2019-11-30,381
2019-12-01,372
2019-12-01,372
2019-12-01,374
2019-12-01,370
2019-12-02,365
2019-12-02,365
2019-12-02,366
2019-12-02,364
2019-12-03,361
2019-12-03,361
2019-12-03,362
2019-12-03,360
2019-12-04,360.5
2019-12-04,361
2019-12-04,359
2019-12-04,362
2019-12-05,362
2019-12-05,362
2019-12-05,362
2019-12-05,362
2019-12-06,361.5
2019-12-06,362
2019-12-06,362
2019-12-06,361
2019-12-07,357
2019-12-07,357
2019-12-07,358
2019-12-07,356
2019-12-08,356
2019-12-08,356
2019-12-08,356
2019-12-08,356
2019-12-09,359.5
2019-12-09,360
2019-12-09,359
2019-12-09,360
2019-12-10,357
2019-12-10,357
2019-12-10,358
2019-12-10,356
2019-12-11,354.5
2019-12-11,355
2019-12-11,354
2019-12-11,355
2019-12-12,356
2019-12-12,356
2019-12-12,356
2019-12-12,356
2019-12-13,360.5
2019-12-13,361
2019-12-13,360
2019-12-13,361
2019-12-14,358
2019-12-14,358
2019-12-14,358
2019-12-14,358
2019-12-15,356.5
2019-12-15,357
2019-12-15,357
2019-12-15,356
2019-12-16,354.5
2019-12-16,355
2019-12-16,354
2019-12-16,355
2019-12-17,368
2019-12-17,368
2019-12-17,356
2019-12-17,380
2019-12-18,393
2019-12-18,393
2019-12-18,392
2019-12-18,394
2019-12-19,402.5
2019-12-19,403
2019-12-19,399
2019-12-19,406
2019-12-20,408.5
2019-12-20,409
2019-12-20,409
2019-12-20,408
2019-12-21,405.5
2019-12-21,406
2019-12-21,407
2019-12-21,404
2019-12-22,409
2019-12-22,409
2019-12-22,408
2019-12-22,410
2019-12-23,423.5
2019-12-23,424
2019-12-23,421
2019-12-23,426
2019-12-24,431
2019-12-24,431
2019-12-24,430
2019-12-24,432
2019-12-25,430
2019-12-25,430
2019-12-25,432
2019-12-25,428
2019-12-26,419
2019-12-26,419
2019-12-26,421
2019-12-26,417
2019-12-27,411
2019-12-27,411
2019-12-27,413
2019-12-27,409
2019-12-28,409
2019-12-28,409
2019-12-28,408
2019-12-28,410
2019-12-29,400.5
2019-12-29,401
2019-12-29,402
2019-12-29,399
2019-12-30,396.5
2019-12-30,397
2019-12-30,395
2019-12-30,398
2019-12-31,415
2019-12-31,415
2019-12-31,412
2019-12-31,418
2020-01-01,422.5
2020-01-01,423
2020-01-01,426
2020-01-01,419
2020-01-02,410
2020-01-02,410
2020-01-02,411
2020-01-02,409
2020-01-03,401.5
2020-01-03,402
2020-01-03,403
2020-01-03,400
2020-01-04,393.5
2020-01-04,394
2020-01-04,395
2020-01-04,392
2020-01-05,386
2020-01-05,386
2020-01-05,388
2020-01-05,384
2020-01-06,376.5
2020-01-06,377
2020-01-06,379
2020-01-06,374
2020-01-07,367.5
2020-01-07,368
2020-01-07,369
2020-01-07,366
2020-01-08,361.5
2020-01-08,362
2020-01-08,363
2020-01-08,360
2020-01-09,355
2020-01-09,355
2020-01-09,356
2020-01-09,354
2020-01-10,351
2020-01-10,351
2020-01-10,352
2020-01-10,350
2020-01-11,346.5
2020-01-11,347
2020-01-11,348
2020-01-11,345
2020-01-12,343.5
2020-01-12,344
2020-01-12,344
2020-01-12,343
2020-01-13,342
2020-01-13,342
2020-01-13,343
2020-01-13,341
2020-01-14,344
2020-01-14,344
2020-01-14,344
2020-01-14,344
2020-01-15,344
2020-01-15,344
2020-01-15,344
2020-01-15,344
2020-01-16,349
2020-01-16,349
2020-01-16,348
2020-01-16,350
2020-01-17,353
2020-01-17,353
2020-01-17,352
2020-01-17,354
2020-01-18,355
2020-01-18,355
2020-01-18,354
2020-01-18,356
2020-01-19,364.5
2020-01-19,365
2020-01-19,361
2020-01-19,368
2020-01-20,378.5
2020-01-20,379
2020-01-20,374
2020-01-20,383
2020-01-21,386
2020-01-21,386
2020-01-21,386
2020-01-21,386
2020-01-22,379.5
2020-01-22,380
2020-01-22,381
2020-01-22,378
2020-01-23,371.5
2020-01-23,372
2020-01-23,373
2020-01-23,370
2020-01-24,363
2020-01-24,363
2020-01-24,366
2020-01-24,360
2020-01-25,357
2020-01-25,357
2020-01-25,358
2020-01-25,356
2020-01-26,351
2020-01-26,351
2020-01-26,352
2020-01-26,350
2020-01-27,350
2020-01-27,350
2020-01-27,350
2020-01-27,350
2020-01-28,347.5
2020-01-28,348
2020-01-28,348
2020-01-28,347
2020-01-29,349.5
2020-01-29,350
2020-01-29,349
2020-01-29,350
2020-01-30,349
2020-01-30,349
2020-01-30,350
2020-01-30,348
2020-01-31,345
2020-01-31,345
2020-01-31,346
2020-01-31,344
2020-02-01,341.5
2020-02-01,342
2020-02-01,342
2020-02-01,341
2020-02-02,342
2020-02-02,342
2020-02-02,342
2020-02-02,342
2020-02-03,342
2020-02-03,342
2020-02-03,342
2020-02-03,342
2020-02-04,343
2020-02-04,343
2020-02-04,344
2020-02-04,342
2020-02-05,356
2020-02-05,356
2020-02-05,354
2020-02-05,358
2020-02-06,357.5
2020-02-06,358
2020-02-06,359
2020-02-06,356
2020-02-07,348.5
2020-02-07,349
2020-02-07,351
2020-02-07,346
2020-02-08,339.5
2020-02-08,340
2020-02-08,341
2020-02-08,338
2020-02-09,332
2020-02-09,332
2020-02-09,333
2020-02-09,331
2020-02-10,327.5
2020-02-10,328
2020-02-10,328
2020-02-10,327
2020-02-11,322.5
2020-02-11,323
2020-02-11,323
2020-02-11,322
2020-02-12,338
2020-02-12,338
2020-02-12,339
2020-02-12,337
2020-02-13,336.5
2020-02-13,337
2020-02-13,337
2020-02-13,336
2020-02-14,338
2020-02-14,338
2020-02-14,336
2020-02-14,340
2020-02-15,338.5
2020-02-15,339
2020-02-15,338
2020-02-15,339
2020-02-16,338
2020-02-16,338
2020-02-16,337
2020-02-16,339
2020-02-17,343.5
2020-02-17,344
2020-02-17,342
2020-02-17,345
2020-02-18,350.5
2020-02-18,351
2020-02-18,348
2020-02-18,353
2020-02-19,354
2020-02-19,354
2020-02-19,354
2020-02-19,354
2020-02-20,348.5
2020-02-20,349
2020-02-20,351
2020-02-20,346
2020-02-21,342
2020-02-21,342
2020-02-21,344
2020-02-21,340
2020-02-22,336
2020-02-22,336
2020-02-22,337
2020-02-22,335
2020-02-23,333.5
2020-02-23,334
2020-02-23,332
2020-02-23,335
2020-02-24,336
2020-02-24,336
2020-02-24,336
2020-02-24,336
2020-02-25,337.5
2020-02-25,338
2020-02-25,337
2020-02-25,338
2020-02-26,342.5
2020-02-26,343
2020-02-26,341
2020-02-26,344
2020-02-27,347
2020-02-27,347
2020-02-27,346
2020-02-27,348
2020-02-28,346.5
2020-02-28,347
2020-02-28,348
2020-02-28,345
2020-02-29,347
2020-02-29,347
2020-02-29,345
2020-02-29,349
2020-03-01,356
2020-03-01,356
2020-03-01,356
2020-03-01,356
2020-03-02,355
2020-03-02,355
2020-03-02,356
2020-03-02,354
2020-03-03,351
2020-03-03,351
2020-03-03,352
2020-03-03,350
2020-03-04,344
2020-03-04,344
2020-03-04,346
2020-03-04,342
2020-03-05,336.5
2020-03-05,337
2020-03-05,338
2020-03-05,335
2020-03-06,329.5
2020-03-06,330
2020-03-06,331
2020-03-06,328
2020-03-07,323
2020-03-07,323
2020-03-07,324
2020-03-07,322
2020-03-08,318
2020-03-08,318
2020-03-08,319
2020-03-08,317
2020-03-09,314.5
2020-03-09,315
2020-03-09,315
2020-03-09,314
2020-03-10,311.5
2020-03-10,312
2020-03-10,312
2020-03-10,311
2020-03-11,308.5
2020-03-11,309
2020-03-11,309
2020-03-11,308
2020-03-12,321.5
2020-03-12,322
2020-03-12,337
2020-03-12,306
2020-03-13,304.5
2020-03-13,305
2020-03-13,305
2020-03-13,304
2020-03-14,307.5
2020-03-14,308
2020-03-14,306
2020-03-14,309
2020-03-15,317.5
2020-03-15,318
2020-03-15,317
2020-03-15,318
2020-03-16,313.5
2020-03-16,314
2020-03-16,314
2020-03-16,313
2020-03-17,310
2020-03-17,310
2020-03-17,310
2020-03-17,310
2020-03-18,323.5
2020-03-18,324
2020-03-18,323
2020-03-18,324
2020-03-19,336
2020-03-19,336
2020-03-19,332
2020-03-19,340
2020-03-20,346.5
2020-03-20,347
2020-03-20,345
2020-03-20,348
2020-03-21,350.5
2020-03-21,351
2020-03-21,350
2020-03-21,351
2020-03-22,353
2020-03-22,353
2020-03-22,353
2020-03-22,353
2020-03-23,344.5
2020-03-23,345
2020-03-23,347
2020-03-23,342
2020-03-24,338.5
2020-03-24,339
2020-03-24,341
2020-03-24,336
2020-03-25,331
2020-03-25,331
2020-03-25,333
2020-03-25,329
2020-03-26,329
2020-03-26,329
2020-03-26,328
2020-03-26,330
2020-03-27,347
2020-03-27,347
2020-03-27,340
2020-03-27,354
2020-03-28,371
2020-03-28,371
2020-03-28,370
2020-03-28,372
2020-03-29,369.5
2020-03-29,370
2020-03-29,371
2020-03-29,368
2020-03-30,365
2020-03-30,365
2020-03-30,364
2020-03-30,366
2020-03-31,373.5
2020-03-31,374
2020-03-31,370
2020-03-31,377
2020-04-01,389
2020-04-01,389
2020-04-01,380
2020-04-01,398
2020-04-02,429.5
2020-04-02,430
2020-04-02,425
2020-04-02,434
2020-04-03,450.5
2020-04-03,451
2020-04-03,440
2020-04-03,461
2020-04-04,462
2020-04-04,462
2020-04-04,463
2020-04-04,461
2020-04-05,464.5
2020-04-05,465
2020-04-05,463
2020-04-05,466
2020-04-06,466
2020-04-06,466
2020-04-06,468
2020-04-06,464
2020-04-07,460
2020-04-07,460
2020-04-07,460
2020-04-07,460
2020-04-08,453
2020-04-08,453
2020-04-08,453
2020-04-08,453
2020-04-09,461.5
2020-04-09,462
2020-04-09,460
2020-04-09,463
2020-04-10,476
2020-04-10,476
2020-04-10,471
2020-04-10,481
2020-04-11,512.5
2020-04-11,513
2020-04-11,503
2020-04-11,522
2020-04-12,531
2020-04-12,531
2020-04-12,530
2020-04-12,532
2020-04-13,543.5
2020-04-13,544
2020-04-13,543
2020-04-13,544
2020-04-14,536.5
2020-04-14,537
2020-04-14,540
2020-04-14,533
2020-04-15,525
2020-04-15,525
2020-04-15,526
2020-04-15,524
2020-04-16,514.5
2020-04-16,515
2020-04-16,517
2020-04-16,512
2020-04-17,511
2020-04-17,511
2020-04-17,516
2020-04-17,506
2020-04-18,495
2020-04-18,495
2020-04-18,500
2020-04-18,490
2020-04-19,480
2020-04-19,480
2020-04-19,484
2020-04-19,476
2020-04-20,464
2020-04-20,464
2020-04-20,466
2020-04-20,462
2020-04-21,452
2020-04-21,452
2020-04-21,456
2020-04-21,448
2020-04-22,440.5
2020-04-22,441
2020-04-22,441
2020-04-22,440
2020-04-23,443
2020-04-23,443
2020-04-23,442
2020-04-23,444
2020-04-24,449
2020-04-24,449
2020-04-24,448
2020-04-24,450
2020-04-25,471
2020-04-25,471
2020-04-25,468
2020-04-25,474
2020-04-26,482
2020-04-26,482
2020-04-26,485
2020-04-26,479
2020-04-27,467.5
2020-04-27,468
2020-04-27,471
2020-04-27,464
2020-04-28,459
2020-04-28,459
2020-04-28,460
2020-04-28,458
2020-04-29,456.5
2020-04-29,457
2020-04-29,457
2020-04-29,456
2020-04-30,464
2020-04-30,464
2020-04-30,458
2020-04-30,470
2020-05-01,488.5
2020-05-01,489
2020-05-01,484
2020-05-01,493
2020-05-02,499
2020-05-02,499
2020-05-02,496
2020-05-02,502
2020-05-03,505
2020-05-03,505
2020-05-03,506
2020-05-03,504
2020-05-04,509
2020-05-04,509
2020-05-04,508
2020-05-04,510
2020-05-05,519
2020-05-05,519
2020-05-05,514
2020-05-05,524
2020-05-06,538
2020-05-06,538
2020-05-06,534
2020-05-06,542
2020-05-07,561
2020-05-07,561
2020-05-07,558
2020-05-07,564
2020-05-08,576
2020-05-08,576
2020-05-08,574
2020-05-08,578
2020-05-09,584
2020-05-09,584
2020-05-09,582
2020-05-09,586
2020-05-10,597
2020-05-10,597
2020-05-10,594
2020-05-10,600
2020-05-11,606
2020-05-11,606
2020-05-11,606
2020-05-11,606
2020-05-12,607.5
2020-05-12,608
2020-05-12,607
2020-05-12,608
2020-05-13,606.5
2020-05-13,607
2020-05-13,607
2020-05-13,606
2020-05-14,606
2020-05-14,606
2020-05-14,605
2020-05-14,607
2020-05-15,611
2020-05-15,611
2020-05-15,610
2020-05-15,612
2020-05-16,612.5
2020-05-16,613
2020-05-16,612
2020-05-16,613
2020-05-17,618
2020-05-17,618
2020-05-17,617
2020-05-17,619
2020-05-18,622
2020-05-18,622
2020-05-18,620
2020-05-18,624
2020-05-19,639
2020-05-19,639
2020-05-19,634
2020-05-19,644
2020-05-20,653
2020-05-20,653
2020-05-20,651
2020-05-20,655
2020-05-21,666
2020-05-21,666
2020-05-21,662
2020-05-21,670
2020-05-22,682.5
2020-05-22,683
2020-05-22,679
2020-05-22,686
2020-05-23,702
2020-05-23,702
2020-05-23,696
2020-05-23,708
2020-05-24,713
2020-05-24,713
2020-05-24,712
2020-05-24,714
2020-05-25,714
2020-05-25,714
2020-05-25,714
2020-05-25,714
2020-05-26,711.5
2020-05-26,712
2020-05-26,712
2020-05-26,711
2020-05-27,708
2020-05-27,708
2020-05-27,710
2020-05-27,706
2020-05-28,703
2020-05-28,703
2020-05-28,704
2020-05-28,702
2020-05-29,697
2020-05-29,697
2020-05-29,698
2020-05-29,696
2020-05-30,692.5
2020-05-30,693
2020-05-30,693
2020-05-30,692
2020-05-31,685
2020-05-31,685
2020-05-31,688
2020-05-31,682
2020-06-01,687
2020-06-01,687
2020-06-01,687
2020-06-01,687
2020-06-02,684
2020-06-02,684
2020-06-02,686
2020-06-02,682
2020-06-03,674.5
2020-06-03,675
2020-06-03,677
2020-06-03,672
2020-06-04,666
2020-06-04,666
2020-06-04,668
2020-06-04,664
2020-06-05,660
2020-06-05,660
2020-06-05,662
2020-06-05,658
2020-06-06,655
2020-06-06,655
2020-06-06,656
2020-06-06,654
2020-06-07,654
2020-06-07,654
2020-06-07,654
2020-06-07,654
2020-06-08,651
2020-06-08,651
2020-06-08,652
2020-06-08,650
2020-06-09,645
2020-06-09,645
2020-06-09,646
2020-06-09,644
2020-06-10,639
2020-06-10,639
2020-06-10,640
2020-06-10,638
2020-06-11,629.5
2020-06-11,630
2020-06-11,632
2020-06-11,627
2020-06-12,628
2020-06-12,628
2020-06-12,628
2020-06-12,628
2020-06-13,625.5
2020-06-13,626
2020-06-13,626
2020-06-13,625
2020-06-14,620
2020-06-14,620
2020-06-14,624
2020-06-14,616
2020-06-15,613
2020-06-15,613
2020-06-15,614
2020-06-15,612
2020-06-16,609.5
2020-06-16,610
2020-06-16,610
2020-06-16,609
2020-06-17,607
2020-06-17,607
2020-06-17,608
2020-06-17,606
2020-06-18,604
2020-06-18,604
2020-06-18,604
2020-06-18,604
2020-06-19,603
2020-06-19,603
2020-06-19,603
2020-06-19,603
2020-06-20,603.5
2020-06-20,604
2020-06-20,603
2020-06-20,604
2020-06-21,606
2020-06-21,606
2020-06-21,606
2020-06-21,606
2020-06-22,610.5
2020-06-22,611
2020-06-22,609
2020-06-22,612
2020-06-23,616.5
2020-06-23,617
2020-06-23,617
2020-06-23,616
2020-06-24,611
2020-06-24,611
2020-06-24,612
2020-06-24,610
2020-06-25,608.5
2020-06-25,609
2020-06-25,608
2020-06-25,609
2020-06-26,608
2020-06-26,608
2020-06-26,608
2020-06-26,608
2020-06-27,606.5
2020-06-27,607
2020-06-27,607
2020-06-27,606
2020-06-28,603.5
2020-06-28,604
2020-06-28,604
2020-06-28,603
2020-06-29,600
2020-06-29,600
2020-06-29,601
2020-06-29,599
2020-06-30,597
2020-06-30,597
2020-06-30,598
2020-06-30,596
2020-07-01,593
2020-07-01,592.5
2020-07-01,594
2020-07-01,591
2020-07-02,589
2020-07-02,588.5
2020-07-02,589
2020-07-02,588
2020-07-03,585
2020-07-03,585
2020-07-03,586
2020-07-03,584
2020-07-04,580
2020-07-04,580
2020-07-04,582
2020-07-04,578
2020-07-05,574
2020-07-05,573.5
2020-07-05,575
2020-07-05,572
2020-07-06,568
2020-07-06,567.5
2020-07-06,569
2020-07-06,566
2020-07-07,560
2020-07-07,560
2020-07-07,562
2020-07-07,558
2020-07-08,550
2020-07-08,550
2020-07-08,552
2020-07-08,548
2020-07-09,539
2020-07-09,539
2020-07-09,542
2020-07-09,536
2020-07-10,525
2020-07-10,525
2020-07-10,528
2020-07-10,522
2020-07-11,513
2020-07-11,513
2020-07-11,514
2020-07-11,512
2020-07-12,504
2020-07-12,504
2020-07-12,506
2020-07-12,502
2020-07-13,495
2020-07-13,494.5
2020-07-13,497
2020-07-13,492
2020-07-14,486
2020-07-14,485.5
2020-07-14,488
2020-07-14,483
2020-07-15,474
2020-07-15,474
2020-07-15,476
2020-07-15,472
2020-07-16,467
2020-07-16,467
2020-07-16,469
2020-07-16,465
2020-07-17,459
2020-07-17,459
2020-07-17,460
2020-07-17,458
2020-07-18,458
2020-07-18,457.5
2020-07-18,458
2020-07-18,457
2020-07-19,457
2020-07-19,457
2020-07-19,457
2020-07-19,457
2020-07-20,455
2020-07-20,455
2020-07-20,456
2020-07-20,454
2020-07-21,453
2020-07-21,452.5
2020-07-21,453
2020-07-21,452
2020-07-22,455
2020-07-22,455
2020-07-22,454
2020-07-22,456
2020-07-23,459
2020-07-23,459
2020-07-23,458
2020-07-23,460
2020-07-24,471
2020-07-24,470.5
2020-07-24,467
2020-07-24,474
2020-07-25,482
2020-07-25,482
2020-07-25,478
2020-07-25,486
2020-07-26,494
2020-07-26,494
2020-07-26,494
2020-07-26,494
2020-07-27,499
2020-07-27,499
2020-07-27,498
2020-07-27,500
2020-07-28,500
2020-07-28,500
2020-07-28,500
2020-07-28,500
2020-07-29,498
2020-07-29,497.5
2020-07-29,499
2020-07-29,496
2020-07-30,491
2020-07-30,491
2020-07-30,492
2020-07-30,490
2020-07-31,479
2020-07-31,479
2020-07-31,484
2020-07-31,474
2020-08-01,461
2020-08-01,461
2020-08-01,464
2020-08-01,458
2020-08-02,444.5
2020-08-02,445
2020-08-02,448
2020-08-02,441
2020-08-03,431.5
2020-08-03,432
2020-08-03,434
2020-08-03,429
2020-08-04,424.5
2020-08-04,425
2020-08-04,426
2020-08-04,423
2020-08-05,424.5
2020-08-05,425
2020-08-05,424
2020-08-05,425
2020-08-06,426.5
2020-08-06,427
2020-08-06,426
2020-08-06,427
2020-08-07,426.5
2020-08-07,427
2020-08-07,427
2020-08-07,426
2020-08-08,424.5
2020-08-08,425
2020-08-08,425
2020-08-08,424
2020-08-09,423
2020-08-09,423
2020-08-09,424
2020-08-09,422
2020-08-10,423
2020-08-10,423
2020-08-10,422
2020-08-10,424
2020-08-11,427
2020-08-11,427
2020-08-11,426
2020-08-11,428
2020-08-12,431
2020-08-12,431
2020-08-12,430
2020-08-12,432
2020-08-13,430.5
2020-08-13,431
2020-08-13,431
2020-08-13,430
2020-08-14,429
2020-08-14,429
2020-08-14,429
2020-08-14,429
2020-08-15,431.5
2020-08-15,432
2020-08-15,430
2020-08-15,433
2020-08-16,430.5
2020-08-16,431
2020-08-16,431
2020-08-16,430
2020-08-17,429
2020-08-17,429
2020-08-17,430
2020-08-17,428
2020-08-18,421
2020-08-18,421
2020-08-18,422
2020-08-18,420
2020-08-19,415
2020-08-19,415
2020-08-19,416
2020-08-19,414
2020-08-20,413
2020-08-20,414
2020-08-20,413
2020-08-20,413
2020-08-21,411
2020-08-21,411
2020-08-21,412
2020-08-21,410
2020-08-22,408
2020-08-22,408
2020-08-22,410
2020-08-22,406
2020-08-23,450
2020-08-23,400
2020-08-23,402
2020-08-23,498
2020-08-24,497.5
2020-08-24,398
2020-08-24,498
2020-08-24,497
2020-08-25,496
2020-08-25,396
2020-08-25,496
2020-08-25,496
2020-08-26,503
2020-08-26,398
2020-08-26,498
2020-08-26,508
2020-08-27,515
2020-08-27,415
2020-08-27,514
2020-08-27,516
2020-08-28,513.5
2020-08-28,414
2020-08-28,515
2020-08-28,512
2020-08-29,509.5
2020-08-29,410
2020-08-29,510
2020-08-29,509
2020-08-30,515.5
2020-08-30,416
2020-08-30,513
2020-08-30,518
2020-08-31,532.5
2020-08-31,432
2020-08-31,528
2020-08-31,537
2020-09-01,559.5
2020-09-01,460
2020-09-01,556
2020-09-01,563
2020-09-02,573.5
2020-09-02,474
2020-09-02,572
2020-09-02,575
2020-09-03,579
2020-09-03,479
2020-09-03,578
2020-09-03,580
2020-09-04,583
2020-09-04,483
2020-09-04,583
2020-09-04,583
2020-09-05,581.5
2020-09-05,482
2020-09-05,583
2020-09-05,580
2020-09-06,575.5
2020-09-06,476
2020-09-06,577
2020-09-06,574
2020-09-07,557
2020-09-07,457
2020-09-07,562
2020-09-07,552
2020-09-08,531.5
2020-09-08,432
2020-09-08,538
2020-09-08,525
2020-09-09,509.5
2020-09-09,410
2020-09-09,512
2020-09-09,507
2020-09-10,502
2020-09-10,402
2020-09-10,504
2020-09-10,500
2020-09-11,502.5
2020-09-11,402
2020-09-11,502
2020-09-11,503
2020-09-12,506
2020-09-12,406
2020-09-12,505
2020-09-12,507
2020-09-13,505.5
2020-09-13,406
2020-09-13,507
2020-09-13,504
2020-09-14,497.5
2020-09-14,398
2020-09-14,498
2020-09-14,497
2020-09-15,491.5
2020-09-15,392
2020-09-15,493
2020-09-15,490
2020-09-16,487.5
2020-09-16,388
2020-09-16,488
2020-09-16,487
2020-09-17,484.5
2020-09-17,384
2020-09-17,485
2020-09-17,484
2020-09-18,487
2020-09-18,387
2020-09-18,486
2020-09-18,488
2020-09-19,487
2020-09-19,387
2020-09-19,487
2020-09-19,487
2020-09-20,489
2020-09-20,389
2020-09-20,488
2020-09-20,490
2020-09-21,487.5
2020-09-21,388
2020-09-21,487
2020-09-21,488
2020-09-22,483
2020-09-22,383
2020-09-22,484
2020-09-22,482
2020-09-23,479
2020-09-23,379
2020-09-23,480
2020-09-23,478
2020-09-24,475.5
2020-09-24,376
2020-09-24,476
2020-09-24,475
2020-09-25,472
2020-09-25,372
2020-09-25,474
2020-09-25,470
2020-09-26,468
2020-09-26,368
2020-09-26,468
2020-09-26,468
2020-09-27,469.5
2020-09-27,370
2020-09-27,469
2020-09-27,470
2020-09-28,470.5
2020-09-28,370
2020-09-28,470
2020-09-28,471
2020-09-29,471
2020-09-29,371
2020-09-29,471
2020-09-29,471
2020-09-30,471.5
2020-09-30,372
2020-09-30,471
2020-09-30,472
2020-10-01,471
2020-10-01,371
2020-10-01,471
2020-10-01,471
2020-10-02,469
2020-10-02,369
2020-10-02,470
2020-10-02,468
2020-10-03,465.5
2020-10-03,366
2020-10-03,466
2020-10-03,465
2020-10-04,462.5
2020-10-04,362
2020-10-04,463
2020-10-04,462
2020-10-05,459
2020-10-05,359
2020-10-05,460
2020-10-05,458
2020-10-06,459.5
2020-10-06,360
2020-10-06,458
2020-10-06,461
2020-10-07,462
2020-10-07,362
2020-10-07,462
2020-10-07,462
2020-10-08,461.5
2020-10-08,362
2020-10-08,462
2020-10-08,461
2020-10-09,461
2020-10-09,361
2020-10-09,461
2020-10-09,461
2020-10-10,462.5
2020-10-10,362
2020-10-10,462
2020-10-10,463
2020-10-11,464.5
2020-10-11,364
2020-10-11,464
2020-10-11,465
2020-10-12,466
2020-10-12,366
2020-10-12,466
2020-10-12,466
2020-10-13,465
2020-10-13,365
2020-10-13,465
2020-10-13,465
2020-10-14,463
2020-10-14,363
2020-10-14,463
2020-10-14,463
2020-10-15,461
2020-10-15,361
2020-10-15,462
2020-10-15,460
2020-10-16,457.5
2020-10-16,358
2020-10-16,458
2020-10-16,457
2020-10-17,455
2020-10-17,355
2020-10-17,456
2020-10-17,454
2020-10-18,451
2020-10-18,351
2020-10-18,452
2020-10-18,450
2020-10-19,446.5
2020-10-19,346
2020-10-19,448
2020-10-19,445
2020-10-20,444.5
2020-10-20,344
2020-10-20,445
2020-10-20,444
2020-10-21,444.5
2020-10-21,344
2020-10-21,445
2020-10-21,444
2020-10-22,444
2020-10-22,344
2020-10-22,444
2020-10-22,444
2020-10-23,445
2020-10-23,345
2020-10-23,445
2020-10-23,445
2020-10-24,443.5
2020-10-24,344
2020-10-24,444
2020-10-24,443
2020-10-25,442.5
2020-10-25,342
2020-10-25,443
2020-10-25,442
2020-10-26,440.5
2020-10-26,340
2020-10-26,441
2020-10-26,440
2020-10-27,437
2020-10-27,337
2020-10-27,438
2020-10-27,436
2020-10-28,436
2020-10-28,336
2020-10-28,436
2020-10-28,436
2020-10-29,437
2020-10-29,337
2020-10-29,436
2020-10-29,438
2020-10-30,442.5
2020-10-30,342
2020-10-30,440
2020-10-30,445
2020-10-31,452.5
2020-10-31,352
2020-10-31,450
2020-10-31,455
2020-11-01,359
2020-11-01,459
2020-11-01,460
2020-11-01,458
2020-11-02,358
2020-11-02,458
2020-11-02,458
2020-11-02,458
2020-11-03,359
2020-11-03,459
2020-11-03,459
2020-11-03,459
2020-11-04,356
2020-11-04,455.5
2020-11-04,456
2020-11-04,455
2020-11-05,355
2020-11-05,455
2020-11-05,455
2020-11-05,455
2020-11-06,352
2020-11-06,451.5
2020-11-06,451
2020-11-06,452
2020-11-07,354
2020-11-07,454.5
2020-11-07,455
2020-11-07,454
2020-11-08,352
2020-11-08,452.5
2020-11-08,453
2020-11-08,452
2020-11-09,350
2020-11-09,450
2020-11-09,450
2020-11-09,450
2020-11-10,348
2020-11-10,448.5
2020-11-10,449
2020-11-10,448
2020-11-11,347
2020-11-11,447
2020-11-11,448
2020-11-11,446
2020-11-12,345
2020-11-12,445
2020-11-12,446
2020-11-12,444
2020-11-13,373
2020-11-13,473
2020-11-13,466
2020-11-13,480
2020-11-14,377
2020-11-14,477
2020-11-14,479
2020-11-14,475
2020-11-15,366
2020-11-15,465.5
2020-11-15,467
2020-11-15,464
2020-11-16,361
2020-11-16,461
2020-11-16,462
2020-11-16,460
2020-11-17,353
2020-11-17,453
2020-11-17,456
2020-11-17,450
2020-11-18,347
2020-11-18,447
2020-11-18,448
2020-11-18,446
2020-11-19,345
2020-11-19,445
2020-11-19,446
2020-11-19,444
2020-11-20,343
2020-11-20,443
2020-11-20,443
2020-11-20,443
2020-11-21,343
2020-11-21,443
2020-11-21,443
2020-11-21,443
2020-11-22,346
2020-11-22,445.5
2020-11-22,443
2020-11-22,448
2020-11-23,355
2020-11-23,455
2020-11-23,452
2020-11-23,458
2020-11-24,361
2020-11-24,461
2020-11-24,460
2020-11-24,462
2020-11-25,374
2020-11-25,474
2020-11-25,472
2020-11-25,476
2020-11-26,393
2020-11-26,493
2020-11-26,484
2020-11-26,502
2020-11-27,425
2020-11-27,525
2020-11-27,522
2020-11-27,528
2020-11-28,421
2020-11-28,521
2020-11-28,524
2020-11-28,518
2020-11-29,412
2020-11-29,512
2020-11-29,514
2020-11-29,510
2020-11-30,405
2020-11-30,505
2020-11-30,508
2020-11-30,502
2020-12-01,397
2020-12-01,397
2020-12-01,397
2020-12-01,397
2020-12-02,399
2020-12-02,399
2020-12-02,398
2020-12-02,400
2020-12-03,396.5
2020-12-03,397
2020-12-03,397
2020-12-03,396
2020-12-04,376.5
2020-12-04,377
2020-12-04,374
2020-12-04,379
2020-12-05,371.5
2020-12-05,372
2020-12-05,374
2020-12-05,369
2020-12-06,357
2020-12-06,357
2020-12-06,364
2020-12-06,350
2020-12-07,349.5
2020-12-07,350
2020-12-07,350
2020-12-07,349
2020-12-08,348.5
2020-12-08,349
2020-12-08,349
2020-12-08,348
2020-12-09,347.5
2020-12-09,348
2020-12-09,347
2020-12-09,348
2020-12-10,343.5
2020-12-10,344
2020-12-10,345
2020-12-10,342
2020-12-11,339.5
2020-12-11,340
2020-12-11,340
2020-12-11,339
2020-12-12,337.5
2020-12-12,338
2020-12-12,338
2020-12-12,337
2020-12-13,339
2020-12-13,339
2020-12-13,338
2020-12-13,340
2020-12-14,343
2020-12-14,343
2020-12-14,342
2020-12-14,344
2020-12-15,344
2020-12-15,344
2020-12-15,344
2020-12-15,344
2020-12-16,341.5
2020-12-16,342
2020-12-16,341
2020-12-16,342
2020-12-17,338
2020-12-17,338
2020-12-17,338
2020-12-17,338
2020-12-18,337
2020-12-18,337
2020-12-18,338
2020-12-18,336
2020-12-19,334
2020-12-19,334
2020-12-19,334
2020-12-19,334
2020-12-20,336
2020-12-20,336
2020-12-20,330
2020-12-20,342
2020-12-21,348
2020-12-21,348
2020-12-21,342
2020-12-21,354
2020-12-22,368.5
2020-12-22,369
2020-12-22,364
2020-12-22,373
2020-12-23,386.5
2020-12-23,387
2020-12-23,384
2020-12-23,389
2020-12-24,388.5
2020-12-24,389
2020-12-24,390
2020-12-24,387
2020-12-25,379
2020-12-25,379
2020-12-25,381
2020-12-25,377
2020-12-26,382
2020-12-26,382
2020-12-26,377
2020-12-26,387
2020-12-27,396.5
2020-12-27,397
2020-12-27,394
2020-12-27,399
2020-12-28,431
2020-12-28,431
2020-12-28,426
2020-12-28,436
2020-12-29,432
2020-12-29,432
2020-12-29,432
2020-12-29,432
2020-12-30,425.5
2020-12-30,426
2020-12-30,428
2020-12-30,423
2020-12-31,414.5
2020-12-31,415
2020-12-31,416
2020-12-31,413
2021-01-01,426.5
2021-01-01,427
2021-01-01,419
2021-01-01,434
2021-01-02,463.5
2021-01-02,464
2021-01-02,457
2021-01-02,470
2021-01-03,484
2021-01-03,484
2021-01-03,482
2021-01-03,486
2021-01-04,498
2021-01-04,498
2021-01-04,496
2021-01-04,500
2021-01-05,501.5
2021-01-05,502
2021-01-05,501
2021-01-05,502
2021-01-06,497.5
2021-01-06,498
2021-01-06,498
2021-01-06,497
2021-01-07,485.5
2021-01-07,486
2021-01-07,491
2021-01-07,480
2021-01-08,464
2021-01-08,464
2021-01-08,468
2021-01-08,460
2021-01-09,459
2021-01-09,459
2021-01-09,452
2021-01-09,466
2021-01-10,483.5
2021-01-10,484
2021-01-10,476
2021-01-10,491
2021-01-11,498.5
2021-01-11,499
2021-01-11,498
2021-01-11,499
2021-01-12,498
2021-01-12,498
2021-01-12,498
2021-01-12,498
2021-01-13,502
2021-01-13,502
2021-01-13,500
2021-01-13,504
2021-01-14,505
2021-01-14,505
2021-01-14,506
2021-01-14,504
2021-01-15,497
2021-01-15,497
2021-01-15,499
2021-01-15,495
2021-01-16,478
2021-01-16,478
2021-01-16,486
2021-01-16,470
2021-01-17,460
2021-01-17,460
2021-01-17,464
2021-01-17,456
2021-01-18,443
2021-01-18,443
2021-01-18,446
2021-01-18,440
2021-01-19,432
2021-01-19,432
2021-01-19,434
2021-01-19,430
2021-01-20,428.5
2021-01-20,429
2021-01-20,429
2021-01-20,428
2021-01-21,432.5
2021-01-21,433
2021-01-21,434
2021-01-21,431
2021-01-22,443.5
2021-01-22,444
2021-01-22,441
2021-01-22,446
2021-01-23,445
2021-01-23,445
2021-01-23,445
2021-01-23,445
2021-01-24,437.5
2021-01-24,438
2021-01-24,438
2021-01-24,437
2021-01-25,427.5
2021-01-25,428
2021-01-25,428
2021-01-25,427
2021-01-26,422.5
2021-01-26,423
2021-01-26,424
2021-01-26,421
2021-01-27,433
2021-01-27,433
2021-01-27,428
2021-01-27,438
2021-01-28,442
2021-01-28,442
2021-01-28,440
2021-01-28,444
2021-01-29,445
2021-01-29,445
2021-01-29,445
2021-01-29,445
2021-01-30,445
2021-01-30,445
2021-01-30,446
2021-01-30,444
2021-01-31,435
2021-01-31,435
2021-01-31,438
2021-01-31,432
2021-02-01,426
2021-02-01,426
2021-02-01,428
2021-02-01,424
2021-02-02,421.5
2021-02-02,422
2021-02-02,422
2021-02-02,421
2021-02-03,422
2021-02-03,422
2021-02-03,420
2021-02-03,424
2021-02-04,430.5
2021-02-04,431
2021-02-04,430
2021-02-04,431
2021-02-05,429.5
2021-02-05,430
2021-02-05,431
2021-02-05,428
2021-02-06,422
2021-02-06,422
2021-02-06,426
2021-02-06,418
2021-02-07,410.5
2021-02-07,411
2021-02-07,412
2021-02-07,409
2021-02-08,405.5
2021-02-08,406
2021-02-08,405
2021-02-08,406
2021-02-09,406.5
2021-02-09,407
2021-02-09,406
2021-02-09,407
2021-02-10,411.5
2021-02-10,412
2021-02-10,409
2021-02-10,414
2021-02-11,425
2021-02-11,425
2021-02-11,422
2021-02-11,428
2021-02-12,432
2021-02-12,432
2021-02-12,430
2021-02-12,434
2021-02-13,427.5
2021-02-13,428
2021-02-13,428
2021-02-13,427
2021-02-14,427.5
2021-02-14,428
2021-02-14,425
2021-02-14,430
2021-02-15,434
2021-02-15,434
2021-02-15,432
2021-02-15,436
2021-02-16,442
2021-02-16,442
2021-02-16,438
2021-02-16,446
2021-02-17,456
2021-02-17,456
2021-02-17,454
2021-02-17,458
2021-02-18,445
2021-02-18,445
2021-02-18,446
2021-02-18,444
2021-02-19,430
2021-02-19,430
2021-02-19,434
2021-02-19,426
2021-02-20,413.5
2021-02-20,414
2021-02-20,417
2021-02-20,410
2021-02-21,401
2021-02-21,401
2021-02-21,406
2021-02-21,396
2021-02-22,393
2021-02-22,393
2021-02-22,394
2021-02-22,392
2021-02-23,391
2021-02-23,391
2021-02-23,392
2021-02-23,390
2021-02-24,395
2021-02-24,395
2021-02-24,394
2021-02-24,396
2021-02-25,405
2021-02-25,405
2021-02-25,402
2021-02-25,408
2021-02-26,416
2021-02-26,416
2021-02-26,414
2021-02-26,418
2021-02-27,425
2021-02-27,425
2021-02-27,422
2021-02-27,428
2021-02-28,440.5
2021-02-28,441
2021-02-28,440
2021-02-28,441
2021-03-01,439.5
2021-03-01,440
2021-03-01,441
2021-03-01,438
2021-03-02,435
2021-03-02,435
2021-03-02,439
2021-03-02,431
2021-03-03,436
2021-03-03,436
2021-03-03,434
2021-03-03,438
2021-03-04,438
2021-03-04,438
2021-03-04,438
2021-03-04,438
2021-03-05,433
2021-03-05,433
2021-03-05,435
2021-03-05,431
2021-03-06,427
2021-03-06,427
2021-03-06,427
2021-03-06,427
2021-03-07,428
2021-03-07,428
2021-03-07,428
2021-03-07,428
2021-03-08,442.5
2021-03-08,443
2021-03-08,437
2021-03-08,448
2021-03-09,480
2021-03-09,480
2021-03-09,476
2021-03-09,484
2021-03-10,500.5
2021-03-10,501
2021-03-10,499
2021-03-10,502
2021-03-11,514
2021-03-11,514
2021-03-11,510
2021-03-11,518
2021-03-12,512
2021-03-12,512
2021-03-12,514
2021-03-12,510
2021-03-13,499
2021-03-13,499
2021-03-13,502
2021-03-13,496
2021-03-14,488
2021-03-14,488
2021-03-14,490
2021-03-14,486
2021-03-15,482
2021-03-15,482
2021-03-15,482
2021-03-15,482
2021-03-16,488.5
2021-03-16,489
2021-03-16,485
2021-03-16,492
2021-03-17,498
2021-03-17,498
2021-03-17,496
2021-03-17,500
2021-03-18,497
2021-03-18,497
2021-03-18,498
2021-03-18,496
2021-03-19,490
2021-03-19,490
2021-03-19,492
2021-03-19,488
2021-03-20,479
2021-03-20,479
2021-03-20,482
2021-03-20,476
2021-03-21,462
2021-03-21,462
2021-03-21,466
2021-03-21,458
2021-03-22,445
2021-03-22,445
2021-03-22,448
2021-03-22,442
2021-03-23,435
2021-03-23,435
2021-03-23,436
2021-03-23,434
2021-03-24,448
2021-03-24,448
2021-03-24,446
2021-03-24,450
2021-03-25,460
2021-03-25,460
2021-03-25,456
2021-03-25,464
2021-03-26,498.5
2021-03-26,499
2021-03-26,492
2021-03-26,505
2021-03-27,522.5
2021-03-27,523
2021-03-27,519
2021-03-27,526
2021-03-28,534
2021-03-28,534
2021-03-28,532
2021-03-28,536
2021-03-29,535
2021-03-29,535
2021-03-29,535
2021-03-29,535
2021-03-30,536
2021-03-30,536
2021-03-30,536
2021-03-30,536
2021-03-31,546.5
2021-03-31,547
2021-03-31,545
2021-03-31,548
2021-04-01,553.5
2021-04-01,554
2021-04-01,552
2021-04-01,555
2021-04-02,556.5
2021-04-02,557
2021-04-02,558
2021-04-02,555
2021-04-03,541
2021-04-03,541
2021-04-03,546
2021-04-03,536
2021-04-04,528
2021-04-04,528
2021-04-04,532
2021-04-04,524
2021-04-05,509
2021-04-05,509
2021-04-05,512
2021-04-05,506
2021-04-06,498
2021-04-06,498
2021-04-06,500
2021-04-06,496
2021-04-07,490.5
2021-04-07,491
2021-04-07,490
2021-04-07,491
2021-04-08,500
2021-04-08,500
2021-04-08,497
2021-04-08,503
2021-04-09,510.5
2021-04-09,511
2021-04-09,508
2021-04-09,513
2021-04-10,520
2021-04-10,520
2021-04-10,518
2021-04-10,522
2021-04-11,529.5
2021-04-11,530
2021-04-11,528
2021-04-11,531
2021-04-12,532.5
2021-04-12,533
2021-04-12,526
2021-04-12,539
2021-04-13,543
2021-04-13,543
2021-04-13,542
2021-04-13,544
2021-04-14,549
2021-04-14,549
2021-04-14,548
2021-04-14,550
2021-04-15,553.5
2021-04-15,554
2021-04-15,553
2021-04-15,554
2021-04-16,558.5
2021-04-16,559
2021-04-16,556
2021-04-16,561
2021-04-17,569.5
2021-04-17,570
2021-04-17,568
2021-04-17,571
2021-04-18,582.5
2021-04-18,583
2021-04-18,580
2021-04-18,585
2021-04-19,591
2021-04-19,591
2021-04-19,590
2021-04-19,592
2021-04-20,599
2021-04-20,599
2021-04-20,598
2021-04-20,600
2021-04-21,612.5
2021-04-21,613
2021-04-21,609
2021-04-21,616
2021-04-22,618
2021-04-22,618
2021-04-22,616
2021-04-22,620
2021-04-23,623.5
2021-04-23,624
2021-04-23,623
2021-04-23,624
2021-04-24,623.5
2021-04-24,624
2021-04-24,625
2021-04-24,622
2021-04-25,616
2021-04-25,616
2021-04-25,618
2021-04-25,614
2021-04-26,635.5
2021-04-26,636
2021-04-26,632
2021-04-26,639
2021-04-27,664
2021-04-27,664
2021-04-27,662
2021-04-27,666
2021-04-28,665
2021-04-28,665
2021-04-28,668
2021-04-28,662
2021-04-29,654
2021-04-29,654
2021-04-29,654
2021-04-29,654
2021-04-30,650
2021-04-30,650
2021-04-30,652
2021-04-30,648
2021-05-01,645
2021-05-01,644.5
2021-05-01,645
2021-05-01,644
2021-05-02,643
2021-05-02,643
2021-05-02,643
2021-05-02,643
2021-05-03,643
2021-05-03,643
2021-05-03,643
2021-05-03,643
2021-05-04,654
2021-05-04,654
2021-05-04,650
2021-05-04,658
2021-05-05,663
2021-05-05,663
2021-05-05,662
2021-05-05,664
2021-05-06,666
2021-05-06,665.5
2021-05-06,665
2021-05-06,666
2021-05-07,667
2021-05-07,666.5
2021-05-07,666
2021-05-07,667
2021-05-08,670
2021-05-08,669.5
2021-05-08,669
2021-05-08,670
2021-05-09,672
2021-05-09,671.5
2021-05-09,671
2021-05-09,672
2021-05-10,675
2021-05-10,675
2021-05-10,671
2021-05-10,679
2021-05-11,685
2021-05-11,684.5
2021-05-11,683
2021-05-11,686
2021-05-12,686
2021-05-12,686
2021-05-12,686
2021-05-12,686
2021-05-13,687
2021-05-13,687
2021-05-13,686
2021-05-13,688
2021-05-14,689
2021-05-14,689
2021-05-14,689
2021-05-14,689
2021-05-15,688
2021-05-15,688
2021-05-15,689
2021-05-15,687
2021-05-16,684
2021-05-16,684
2021-05-16,685
2021-05-16,683
2021-05-17,679
2021-05-17,679
2021-05-17,680
2021-05-17,678
2021-05-18,676
2021-05-18,675.5
2021-05-18,676
2021-05-18,675
2021-05-19,680
2021-05-19,679.5
2021-05-19,677
2021-05-19,682
2021-05-20,681
2021-05-20,680.5
2021-05-20,682
2021-05-20,679
2021-05-21,681
2021-05-21,681
2021-05-21,680
2021-05-21,682
2021-05-22,684
2021-05-22,683.5
2021-05-22,682
2021-05-22,685
2021-05-23,682
2021-05-23,682
2021-05-23,682
2021-05-23,682
2021-05-24,683
2021-05-24,682.5
2021-05-24,683
2021-05-24,682
2021-05-25,684
2021-05-25,683.5
2021-05-25,682
2021-05-25,685
2021-05-26,686
2021-05-26,686
2021-05-26,686
2021-05-26,686
2021-05-27,691
2021-05-27,691
2021-05-27,690
2021-05-27,692
2021-05-28,685
2021-05-28,685
2021-05-28,688
2021-05-28,682
2021-05-29,686
2021-05-29,686
2021-05-29,686
2021-05-29,686
2021-05-30,689
2021-05-30,688.5
2021-05-30,686
2021-05-30,691
2021-05-31,695
2021-05-31,694.5
2021-05-31,694
2021-05-31,695
2021-06-01,692.5
2021-06-01,693
2021-06-01,693
2021-06-01,692
2021-06-02,689
2021-06-02,689
2021-06-02,690
2021-06-02,688
2021-06-03,686.5
2021-06-03,687
2021-06-03,687
2021-06-03,686
2021-06-04,684
2021-06-04,684
2021-06-04,684
2021-06-04,684
2021-06-05,686
2021-06-05,686
2021-06-05,684
2021-06-05,688
2021-06-06,692.5
2021-06-06,693
2021-06-06,691
2021-06-06,694
2021-06-07,691
2021-06-07,691
2021-06-07,692
2021-06-07,690
2021-06-08,686.5
2021-06-08,687
2021-06-08,686
2021-06-08,687
2021-06-09,688.5
2021-06-09,689
2021-06-09,689
2021-06-09,688
2021-06-10,690.5
2021-06-10,691
2021-06-10,688
2021-06-10,693
2021-06-11,680
2021-06-11,680
2021-06-11,680
2021-06-11,680
2021-06-12,685
2021-06-12,685
2021-06-12,680
2021-06-12,690
2021-06-13,688.5
2021-06-13,689
2021-06-13,689
2021-06-13,688
2021-06-14,693
2021-06-14,693
2021-06-14,688
2021-06-14,698
2021-06-15,698
2021-06-15,698
2021-06-15,692
2021-06-15,704
2021-06-16,711
2021-06-16,711
2021-06-16,708
2021-06-16,714
2021-06-17,726.5
2021-06-17,727
2021-06-17,725
2021-06-17,728
2021-06-18,728
2021-06-18,728
2021-06-18,730
2021-06-18,726
2021-06-19,723
2021-06-19,723
2021-06-19,724
2021-06-19,722
2021-06-20,714.5
2021-06-20,715
2021-06-20,715
2021-06-20,714
2021-06-21,708
2021-06-21,708
2021-06-21,710
2021-06-21,706
2021-06-22,695
2021-06-22,695
2021-06-22,698
2021-06-22,692
2021-06-23,684.5
2021-06-23,685
2021-06-23,686
2021-06-23,683
2021-06-24,674
2021-06-24,674
2021-06-24,676
2021-06-24,672
2021-06-25,662
2021-06-25,662
2021-06-25,666
2021-06-25,658
2021-06-26,647
2021-06-26,647
2021-06-26,652
2021-06-26,642
2021-06-27,634.5
2021-06-27,635
2021-06-27,638
2021-06-27,631
2021-06-28,615.5
2021-06-28,616
2021-06-28,621
2021-06-28,610
2021-06-29,601
2021-06-29,601
2021-06-29,604
2021-06-29,598
2021-06-30,581
2021-06-30,581
2021-06-30,583
2021-06-30,579
2021-07-01,564
2021-07-01,564
2021-07-01,568
2021-07-01,560
2021-07-02,548
2021-07-02,548
2021-07-02,550
2021-07-02,546
2021-07-03,541.5
2021-07-03,542
2021-07-03,543
2021-07-03,540
2021-07-04,551.5
2021-07-04,552
2021-07-04,549
2021-07-04,554
2021-07-05,560
2021-07-05,560
2021-07-05,558
2021-07-05,562
2021-07-06,567
2021-07-06,567
2021-07-06,566
2021-07-06,568
2021-07-07,569.5
2021-07-07,570
2021-07-07,569
2021-07-07,570
2021-07-08,570
2021-07-08,570
2021-07-08,570
2021-07-08,570
2021-07-09,570
2021-07-09,570
2021-07-09,570
2021-07-09,570
2021-07-10,572
2021-07-10,572
2021-07-10,572
2021-07-10,572
2021-07-11,574
2021-07-11,574
2021-07-11,574
2021-07-11,574
2021-07-12,574
2021-07-12,574
2021-07-12,574
2021-07-12,574
2021-07-13,574.5
2021-07-13,575
2021-07-13,575
2021-07-13,574
2021-07-14,574
2021-07-14,574
2021-07-14,574
2021-07-14,574
2021-07-15,571.5
2021-07-15,572
2021-07-15,573
2021-07-15,570
2021-07-16,567
2021-07-16,567
2021-07-16,568
2021-07-16,566
2021-07-17,558.5
2021-07-17,559
2021-07-17,561
2021-07-17,556
2021-07-18,543
2021-07-18,543
2021-07-18,544
2021-07-18,542
2021-07-19,531.5
2021-07-19,532
2021-07-19,535
2021-07-19,528
2021-07-20,516
2021-07-20,516
2021-07-20,520
2021-07-20,512
2021-07-21,502
2021-07-21,502
2021-07-21,504
2021-07-21,500
2021-07-22,492.5
2021-07-22,493
2021-07-22,496
2021-07-22,489
2021-07-23,489
2021-07-23,489
2021-07-23,488
2021-07-23,490
2021-07-24,493
2021-07-24,493
2021-07-24,492
2021-07-24,494
2021-07-25,500
2021-07-25,500
2021-07-25,498
2021-07-25,502
2021-07-26,504
2021-07-26,504
2021-07-26,504
2021-07-26,504
2021-07-27,504
2021-07-27,504
2021-07-27,504
2021-07-27,504
2021-07-28,500
2021-07-28,500
2021-07-28,502
2021-07-28,498
2021-07-29,495
2021-07-29,495
2021-07-29,496
2021-07-29,494
2021-07-30,490
2021-07-30,490
2021-07-30,488
2021-07-30,492
2021-07-31,495.5
2021-07-31,496
2021-07-31,494
2021-07-31,497
2021-08-01,502
2021-08-01,502
2021-08-01,501
2021-08-01,503
2021-08-02,507
2021-08-02,507
2021-08-02,506
2021-08-02,508
2021-08-03,511
2021-08-03,511
2021-08-03,510
2021-08-03,512
2021-08-04,511
2021-08-04,511
2021-08-04,512
2021-08-04,510
2021-08-05,509
2021-08-05,508.5
2021-08-05,509
2021-08-05,508
2021-08-06,507
2021-08-06,506.5
2021-08-06,507
2021-08-06,506
2021-08-07,506
2021-08-07,506
2021-08-07,506
2021-08-07,506
2021-08-08,502
2021-08-08,502
2021-08-08,504
2021-08-08,500
2021-08-09,495
2021-08-09,494.5
2021-08-09,498
2021-08-09,491
2021-08-10,485
2021-08-10,484.5
2021-08-10,486
2021-08-10,483
2021-08-11,480
2021-08-11,480
2021-08-11,480
2021-08-11,480
2021-08-12,482
2021-08-12,482
2021-08-12,482
2021-08-12,482
2021-08-13,485
2021-08-13,484.5
2021-08-13,483
2021-08-13,486
2021-08-14,504
2021-08-14,504
2021-08-14,498
2021-08-14,510
2021-08-15,520
2021-08-15,520
2021-08-15,518
2021-08-15,522
2021-08-16,528
2021-08-16,528
2021-08-16,526
2021-08-16,530
2021-08-17,537
2021-08-17,536.5
2021-08-17,535
2021-08-17,538
2021-08-18,546
2021-08-18,546
2021-08-18,546
2021-08-18,546
2021-08-19,548
2021-08-19,548
2021-08-19,548
2021-08-19,548
2021-08-20,550
2021-08-20,549.5
2021-08-20,549
2021-08-20,550
2021-08-21,550
2021-08-21,550
2021-08-21,550
2021-08-21,550
2021-08-22,549
2021-08-22,549
2021-08-22,550
2021-08-22,548
2021-08-23,544
2021-08-23,544
2021-08-23,546
2021-08-23,542
2021-08-24,532
2021-08-24,532
2021-08-24,536
2021-08-24,528
2021-08-25,520
2021-08-25,519.5
2021-08-25,523
2021-08-25,516
2021-08-26,496
2021-08-26,496
2021-08-26,506
2021-08-26,486
2021-08-27,479
2021-08-27,479
2021-08-27,484
2021-08-27,474
2021-08-28,462
2021-08-28,462
2021-08-28,466
2021-08-28,458
2021-08-29,449
2021-08-29,449
2021-08-29,450
2021-08-29,448
2021-08-30,443
2021-08-30,443
2021-08-30,442
2021-08-30,444
2021-08-31,448
2021-08-31,448
2021-08-31,446
2021-08-31,450
2021-09-01,455
2021-09-01,455
2021-09-01,454
2021-09-01,456
2021-09-02,459
2021-09-02,459
2021-09-02,458
2021-09-02,460
2021-09-03,457
2021-09-03,457
2021-09-03,458
2021-09-03,456
2021-09-04,451
2021-09-04,451
2021-09-04,452
2021-09-04,450
2021-09-05,450
2021-09-05,450
2021-09-05,448
2021-09-05,452
2021-09-06,458
2021-09-06,458
2021-09-06,454
2021-09-06,462
2021-09-07,476
2021-09-07,467
2021-09-07,472
2021-09-07,480
2021-09-08,490
2021-09-08,466
2021-09-08,488
2021-09-08,492
2021-09-09,502
2021-09-09,464
2021-09-09,500
2021-09-09,504
2021-09-10,504.5
2021-09-10,461
2021-09-10,505
2021-09-10,504
2021-09-11,500
2021-09-11,457
2021-09-11,502
2021-09-11,498
2021-09-12,485
2021-09-12,456
2021-09-12,492
2021-09-12,478
2021-09-13,473
2021-09-13,454
2021-09-13,476
2021-09-13,470
2021-09-14,458
2021-09-14,451
2021-09-14,462
2021-09-14,454
2021-09-15,438
2021-09-15,446
2021-09-15,446
2021-09-15,430
2021-09-16,431.5
2021-09-16,438
2021-09-16,435
2021-09-16,428
2021-09-17,425
2021-09-17,434
2021-09-17,425
2021-09-17,425
2021-09-18,425
2021-09-18,432
2021-09-18,424
2021-09-18,426
2021-09-19,431
2021-09-19,435
2021-09-19,430
2021-09-19,432
2021-09-20,432.5
2021-09-20,436
2021-09-20,431
2021-09-20,434
2021-09-21,441
2021-09-21,436
2021-09-21,438
2021-09-21,444
2021-09-22,448
2021-09-22,424
2021-09-22,448
2021-09-22,448
2021-09-23,446.5
2021-09-23,422
2021-09-23,448
2021-09-23,445
2021-09-24,438
2021-09-24,421
2021-09-24,440
2021-09-24,436
2021-09-25,431
2021-09-25,422
2021-09-25,432
2021-09-25,430
2021-09-26,425.5
2021-09-26,421
2021-09-26,426
2021-09-26,425
2021-09-27,421
2021-09-27,418
2021-09-27,421
2021-09-27,421
2021-09-28,413.5
2021-09-28,413
2021-09-28,414
2021-09-28,413
2021-09-29,409
2021-09-29,409
2021-09-29,410
2021-09-29,408
2021-09-30,405.5
2021-09-30,405
2021-09-30,406
2021-09-30,405
2021-10-01,403.5
2021-10-01,403
2021-10-01,404
2021-10-01,403
2021-10-02,405
2021-10-02,404
2021-10-02,404
2021-10-02,406
2021-10-03,406
2021-10-03,406
2021-10-03,406
2021-10-03,406
2021-10-04,408.5
2021-10-04,408
2021-10-04,408
2021-10-04,409
2021-10-05,409
2021-10-05,409
2021-10-05,409
2021-10-05,409
2021-10-06,408.5
2021-10-06,408
2021-10-06,409
2021-10-06,408
2021-10-07,405
2021-10-07,404
2021-10-07,406
2021-10-07,404
2021-10-08,402
2021-10-08,402
2021-10-08,402
2021-10-08,402
2021-10-09,402
2021-10-09,402
2021-10-09,402
2021-10-09,402
2021-10-10,412
2021-10-10,412
2021-10-10,412
2021-10-10,412
2021-10-11,409
2021-10-11,409
2021-10-11,410
2021-10-11,408
2021-10-12,405
2021-10-12,406
2021-10-12,406
2021-10-12,404
2021-10-13,402
2021-10-13,402
2021-10-13,402
2021-10-13,402
2021-10-14,397
2021-10-14,397
2021-10-14,398
2021-10-14,396
2021-10-15,390.5
2021-10-15,390
2021-10-15,392
2021-10-15,389
2021-10-16,385
2021-10-16,386
2021-10-16,386
2021-10-16,384
2021-10-17,381.5
2021-10-17,381
2021-10-17,382
2021-10-17,381
2021-10-18,385
2021-10-18,385
2021-10-18,386
2021-10-18,384
2021-10-19,384
2021-10-19,385
2021-10-19,384
2021-10-19,384
2021-10-20,393
2021-10-20,392
2021-10-20,393
2021-10-20,393
2021-10-21,400
2021-10-21,400
2021-10-21,399
2021-10-21,401
2021-10-22,408
2021-10-22,408
2021-10-22,407
2021-10-22,409
2021-10-23,411.5
2021-10-23,411
2021-10-23,411
2021-10-23,412
2021-10-24,409
2021-10-24,408
2021-10-24,410
2021-10-24,408
2021-10-25,412
2021-10-25,412
2021-10-25,408
2021-10-25,416
2021-10-26,427.5
2021-10-26,427
2021-10-26,426
2021-10-26,429
2021-10-27,427
2021-10-27,427
2021-10-27,428
2021-10-27,426
2021-10-28,427.5
2021-10-28,428
2021-10-28,424
2021-10-28,431
2021-10-29,447
2021-10-29,447
2021-10-29,444
2021-10-29,450
2021-10-30,456
2021-10-30,456
2021-10-30,454
2021-10-30,458
2021-10-31,461
2021-10-31,460
2021-10-31,462
2021-10-31,460
2021-11-01,455
2021-11-01,443
2021-11-01,456
2021-11-01,454
2021-11-02,451
2021-11-02,451
2021-11-02,452
2021-11-02,450
2021-11-03,442.5
2021-11-03,442
2021-11-03,446
2021-11-03,439
2021-11-04,427.5
2021-11-04,427
2021-11-04,430
2021-11-04,425
2021-11-05,416.5
2021-11-05,416
2021-11-05,419
2021-11-05,414
2021-11-06,407.5
2021-11-06,407
2021-11-06,409
2021-11-06,406
2021-11-07,399.5
2021-11-07,399
2021-11-07,401
2021-11-07,398
2021-11-08,393.5
2021-11-08,393
2021-11-08,394
2021-11-08,393
2021-11-09,410
2021-11-09,410
2021-11-09,404
2021-11-09,416
2021-11-10,434.5
2021-11-10,434
2021-11-10,434
2021-11-10,435
2021-11-11,432
2021-11-11,432
2021-11-11,432
2021-11-11,432
2021-11-12,434
2021-11-12,434
2021-11-12,434
2021-11-12,434
2021-11-13,431
2021-11-13,431
2021-11-13,432
2021-11-13,430
2021-11-14,425.5
2021-11-14,425
2021-11-14,428
2021-11-14,423
2021-11-15,413
2021-11-15,410
2021-11-15,416
2021-11-15,410
2021-11-16,413.5
2021-11-16,412
2021-11-16,414
2021-11-16,413
2021-11-17,404
2021-11-17,404
2021-11-17,406
2021-11-17,402
2021-11-18,402
2021-11-18,403
2021-11-18,404
2021-11-18,400
2021-11-19,398.5
2021-11-19,397
2021-11-19,398
2021-11-19,399
2021-11-20,406
2021-11-20,404
2021-11-20,402
2021-11-20,410
2021-11-21,422.5
2021-11-21,421
2021-11-21,421
2021-11-21,424
2021-11-22,432
2021-11-22,430
2021-11-22,430
2021-11-22,434
2021-11-23,437
2021-11-23,436
2021-11-23,436
2021-11-23,438
2021-11-24,438
2021-11-24,437
2021-11-24,438
2021-11-24,438
2021-11-25,436
2021-11-25,435
2021-11-25,438
2021-11-25,434
2021-11-26,435
2021-11-26,431
2021-11-26,435
2021-11-26,435
2021-11-27,430
2021-11-27,427
2021-11-27,430
2021-11-27,430
2021-11-28,422.5
2021-11-28,423
2021-11-28,424
2021-11-28,421
2021-11-29,413.5
2021-11-29,413
2021-11-29,415
2021-11-29,412
2021-11-30,410.5
2021-11-30,410
2021-11-30,411
2021-11-30,410
2021-12-01,408
2021-12-01,408
2021-12-01,408
2021-12-01,408
2021-12-02,409
2021-12-02,409
2021-12-02,409
2021-12-02,409
2021-12-03,407
2021-12-03,407
2021-12-03,408
2021-12-03,406
2021-12-04,403
2021-12-04,403
2021-12-04,402
2021-12-04,404
2021-12-05,413
2021-12-05,413
2021-12-05,410
2021-12-05,416
2021-12-06,421
2021-12-06,421.5
2021-12-06,419
2021-12-06,424
2021-12-07,428
2021-12-07,428.5
2021-12-07,427
2021-12-07,430
2021-12-08,436
2021-12-08,436
2021-12-08,436
2021-12-08,436
2021-12-09,439
2021-12-09,439
2021-12-09,440
2021-12-09,438
2021-12-10,439
2021-12-10,439.5
2021-12-10,437
2021-12-10,442
2021-12-11,448
2021-12-11,448.5
2021-12-11,448
2021-12-11,449
2021-12-12,494
2021-12-12,490
2021-12-12,486
2021-12-12,494
2021-12-13,503
2021-12-13,503
2021-12-13,502
2021-12-13,504
2021-12-14,499
2021-12-14,499.5
2021-12-14,502
2021-12-14,497
2021-12-15,489
2021-12-15,489.5
2021-12-15,493
2021-12-15,486
2021-12-16,477
2021-12-16,477
2021-12-16,476
2021-12-16,478
2021-12-17,460
2021-12-17,460.5
2021-12-17,461
2021-12-17,460
2021-12-18,449
2021-12-18,449
2021-12-18,450
2021-12-18,448
2021-12-19,435
2021-12-19,435.5
2021-12-19,439
2021-12-19,432
2021-12-20,422
2021-12-20,422.5
2021-12-20,425
2021-12-20,420
2021-12-21,412
2021-12-21,412
2021-12-21,414
2021-12-21,410
2021-12-22,404
2021-12-22,404
2021-12-22,406
2021-12-22,402
2021-12-23,400
2021-12-23,400
2021-12-23,402
2021-12-23,398
2021-12-24,395
2021-12-24,395
2021-12-24,396
2021-12-24,394
2021-12-25,392
2021-12-25,393
2021-12-25,394
2021-12-25,392
2021-12-26,400
2021-12-26,399.5
2021-12-26,400
2021-12-26,399
2021-12-27,397
2021-12-27,397.5
2021-12-27,398
2021-12-27,397
2021-12-28,400
2021-12-28,400
2021-12-28,398
2021-12-28,402
2021-12-29,404
2021-12-29,405
2021-12-29,404
2021-12-29,406
2021-12-30,408
2021-12-30,410
2021-12-30,408
2021-12-30,412
2021-12-31,430
2021-12-31,428
2021-12-31,423
2021-12-31,433
2022-01-01,435
2022-01-01,434.5
2022-01-01,435
2022-01-01,434
2022-01-02,429
2022-01-02,429
2022-01-02,430
2022-01-02,428
2022-01-03,429
2022-01-03,428.5
2022-01-03,428
2022-01-03,429
2022-01-04,426
2022-01-04,425.5
2022-01-04,426
2022-01-04,425
2022-01-05,416
2022-01-05,415.5
2022-01-05,418
2022-01-05,413
2022-01-06,403
2022-01-06,402.5
2022-01-06,405
2022-01-06,400
2022-01-07,396
2022-01-07,396
2022-01-07,394
2022-01-07,398
2022-01-08,413
2022-01-08,413
2022-01-08,406
2022-01-08,420
2022-01-09,439
2022-01-09,439
2022-01-09,434
2022-01-09,444
2022-01-10,449
2022-01-10,449
2022-01-10,448
2022-01-10,450
2022-01-11,449
2022-01-11,449
2022-01-11,450
2022-01-11,448
2022-01-12,435
2022-01-12,435
2022-01-12,438
2022-01-12,432
2022-01-13,415
2022-01-13,415
2022-01-13,418
2022-01-13,412
2022-01-14,405
2022-01-14,405
2022-01-14,408
2022-01-14,402
2022-01-15,394
2022-01-15,394
2022-01-15,396
2022-01-15,392
2022-01-16,386
2022-01-16,386
2022-01-16,388
2022-01-16,384
2022-01-17,385
2022-01-17,385
2022-01-17,384
2022-01-17,386
2022-01-18,391
2022-01-18,391
2022-01-18,388
2022-01-18,394
2022-01-19,398
2022-01-19,397.5
2022-01-19,398
2022-01-19,397
2022-01-20,394
2022-01-20,393.5
2022-01-20,394
2022-01-20,393
2022-01-21,398
2022-01-21,398
2022-01-21,396
2022-01-21,400
2022-01-22,407
2022-01-22,407
2022-01-22,406
2022-01-22,408
2022-01-23,410
2022-01-23,410
2022-01-23,406
2022-01-23,414
2022-01-24,421
2022-01-24,421
2022-01-24,418
2022-01-24,424
2022-01-25,454
2022-01-25,453.5
2022-01-25,445
2022-01-25,462
2022-01-26,481
2022-01-26,480.5
2022-01-26,476
2022-01-26,485
2022-01-27,487
2022-01-27,486.5
2022-01-27,487
2022-01-27,486
2022-01-28,477
2022-01-28,477
2022-01-28,480
2022-01-28,474
2022-01-29,443
2022-01-29,443
2022-01-29,446
2022-01-29,440
2022-01-30,434
2022-01-30,433.5
2022-01-30,438
2022-01-30,429
2022-01-31,418
2022-01-31,418
2022-01-31,421
2022-01-31,415
2022-02-01,413
2022-02-01,413
2022-02-01,413
2022-02-01,413
2022-02-02,412
2022-02-02,412
2022-02-02,412
2022-02-02,412
2022-02-03,412.5
2022-02-03,413
2022-02-03,412
2022-02-03,413
2022-02-04,418
2022-02-04,418
2022-02-04,416
2022-02-04,420
2022-02-05,436.5
2022-02-05,437
2022-02-05,430
2022-02-05,443
2022-02-06,483
2022-02-06,483
2022-02-06,466
2022-02-06,500
2022-02-07,539
2022-02-07,539
2022-02-07,534
2022-02-07,544
2022-02-08,557.5
2022-02-08,558
2022-02-08,552
2022-02-08,563
2022-02-09,571
2022-02-09,571
2022-02-09,572
2022-02-09,570
2022-02-10,554
2022-02-10,554
2022-02-10,558
2022-02-10,550
2022-02-11,537.5
2022-02-11,538
2022-02-11,541
2022-02-11,534
2022-02-12,519.5
2022-02-12,520
2022-02-12,522
2022-02-12,517
2022-02-13,518
2022-02-13,518
2022-02-13,517
2022-02-13,519
2022-02-14,526.5
2022-02-14,527
2022-02-14,524
2022-02-14,529
2022-02-15,554.5
2022-02-15,555
2022-02-15,547
2022-02-15,562
2022-02-16,571.5
2022-02-16,572
2022-02-16,573
2022-02-16,570
2022-02-17,571
2022-02-17,571
2022-02-17,570
2022-02-17,572
2022-02-18,605
2022-02-18,605
2022-02-18,598
2022-02-18,612
2022-02-19,619
2022-02-19,619
2022-02-19,620
2022-02-19,618
2022-02-20,605
2022-02-20,605
2022-02-20,608
2022-02-20,602
2022-02-21,583.5
2022-02-21,584
2022-02-21,588
2022-02-21,579
2022-02-22,569
2022-02-22,569
2022-02-22,570
2022-02-22,568
2022-02-23,573
2022-02-23,573
2022-02-23,572
2022-02-23,574
2022-02-24,569.5
2022-02-24,570
2022-02-24,572
2022-02-24,567
2022-02-25,550
2022-02-25,550
2022-02-25,556
2022-02-25,544
2022-02-26,532
2022-02-26,532
2022-02-26,536
2022-02-26,528
2022-02-27,519
2022-02-27,519
2022-02-27,518
2022-02-27,520
2022-02-28,524.5
2022-02-28,525
2022-02-28,522
2022-02-28,527
2022-03-01,537
2022-03-01,537
2022-03-01,532
2022-03-01,542
2022-03-02,542
2022-03-02,541.5
2022-03-02,543
2022-03-02,540
2022-03-03,534
2022-03-03,534
2022-03-03,536
2022-03-03,532
2022-03-04,526
2022-03-04,526
2022-03-04,528
2022-03-04,524
2022-03-05,525
2022-03-05,525
2022-03-05,524
2022-03-05,526
2022-03-06,528
2022-03-06,528
2022-03-06,528
2022-03-06,528
2022-03-07,526
2022-03-07,525.5
2022-03-07,526
2022-03-07,525
2022-03-08,523
2022-03-08,523
2022-03-08,523
2022-03-08,523
2022-03-09,536
2022-03-09,535.5
2022-03-09,534
2022-03-09,537
2022-03-10,542
2022-03-10,541.5
2022-03-10,540
2022-03-10,543
2022-03-11,547
2022-03-11,547
2022-03-11,546
2022-03-11,548
2022-03-12,552
2022-03-12,552
2022-03-12,551
2022-03-12,553
2022-03-13,556
2022-03-13,555.5
2022-03-13,554
2022-03-13,557
2022-03-14,588
2022-03-14,588
2022-03-14,574
2022-03-14,602
2022-03-15,622
2022-03-15,621.5
2022-03-15,622
2022-03-15,621
2022-03-16,617
2022-03-16,617
2022-03-16,617
2022-03-16,617
2022-03-17,624
2022-03-17,624
2022-03-17,622
2022-03-17,626
2022-03-18,628
2022-03-18,628
2022-03-18,628
2022-03-18,628
2022-03-19,631
2022-03-19,630.5
2022-03-19,628
2022-03-19,633
2022-03-20,639
2022-03-20,639
2022-03-20,636
2022-03-20,642
2022-03-21,649
2022-03-21,649
2022-03-21,646
2022-03-21,652
2022-03-22,661
2022-03-22,661
2022-03-22,660
2022-03-22,662
2022-03-23,670
2022-03-23,670
2022-03-23,666
2022-03-23,674
2022-03-24,683
2022-03-24,683
2022-03-24,680
2022-03-24,686
2022-03-25,692
2022-03-25,691.5
2022-03-25,690
2022-03-25,693
2022-03-26,704
2022-03-26,704
2022-03-26,700
2022-03-26,708
2022-03-27,711
2022-03-27,711
2022-03-27,712
2022-03-27,710
2022-03-28,709
2022-03-28,708.5
2022-03-28,709
2022-03-28,708
2022-03-29,741
2022-03-29,740.5
2022-03-29,734
2022-03-29,747
2022-03-30,740
2022-03-30,740
2022-03-30,742
2022-03-30,738
2022-03-31,723
2022-03-31,722.5
2022-03-31,727
2022-03-31,718
2022-04-01,702
2022-04-01,702
2022-04-01,706
2022-04-01,698
2022-04-02,688
2022-04-02,688
2022-04-02,690
2022-04-02,686
2022-04-03,682
2022-04-03,682
2022-04-03,684
2022-04-03,680
2022-04-04,680
2022-04-04,680
2022-04-04,678
2022-04-04,682
2022-04-05,686
2022-04-05,686
2022-04-05,688
2022-04-05,684
2022-04-06,696
2022-04-06,696
2022-04-06,690
2022-04-06,702
2022-04-07,720
2022-04-07,720
2022-04-07,718
2022-04-07,722
2022-04-08,730.5
2022-04-08,731
2022-04-08,727
2022-04-08,734
2022-04-09,747
2022-04-09,747
2022-04-09,744
2022-04-09,750
2022-04-10,759
2022-04-10,759
2022-04-10,758
2022-04-10,760
2022-04-11,761.5
2022-04-11,762
2022-04-11,762
2022-04-11,761
2022-04-12,755.5
2022-04-12,756
2022-04-12,758
2022-04-12,753
2022-04-13,743
2022-04-13,743
2022-04-13,746
2022-04-13,740
2022-04-14,726.5
2022-04-14,727
2022-04-14,730
2022-04-14,723
2022-04-15,712
2022-04-15,712
2022-04-15,714
2022-04-15,710
2022-04-16,700
2022-04-16,700
2022-04-16,704
2022-04-16,696
2022-04-17,681.5
2022-04-17,682
2022-04-17,685
2022-04-17,678
2022-04-18,668
2022-04-18,668
2022-04-18,670
2022-04-18,666
2022-04-19,657
2022-04-19,657
2022-04-19,664
2022-04-19,650
2022-04-20,649
2022-04-20,649
2022-04-20,650
2022-04-20,648
2022-04-21,646
2022-04-21,646
2022-04-21,646
2022-04-21,646
2022-04-22,654.5
2022-04-22,655
2022-04-22,653
2022-04-22,656
2022-04-23,656
2022-04-23,656
2022-04-23,656
2022-04-23,656
2022-04-24,662
2022-04-24,662
2022-04-24,660
2022-04-24,664
2022-04-25,666.5
2022-04-25,667
2022-04-25,666
2022-04-25,667
2022-04-26,669
2022-04-26,669
2022-04-26,669
2022-04-26,669
2022-04-27,674
2022-04-27,674
2022-04-27,672
2022-04-27,676
2022-04-28,680.5
2022-04-28,681
2022-04-28,680
2022-04-28,681
2022-04-29,682
2022-04-29,682
2022-04-29,682
2022-04-29,682
2022-04-30,687.5
2022-04-30,688
2022-04-30,687
2022-04-30,688
2022-05-01,687
2022-05-01,687
2022-05-01,687
2022-05-01,687
2022-05-02,688
2022-05-02,688
2022-05-02,688
2022-05-02,688
2022-05-03,685.5
2022-05-03,686
2022-05-03,687
2022-05-03,684
2022-05-04,687
2022-05-04,687
2022-05-04,686
2022-05-04,688
2022-05-05,690.5
2022-05-05,691
2022-05-05,690
2022-05-05,691
2022-05-06,693
2022-05-06,693
2022-05-06,692
2022-05-06,694
2022-05-07,705
2022-05-07,705
2022-05-07,704
2022-05-07,706
2022-05-08,709.5
2022-05-08,710
2022-05-08,708
2022-05-08,711
2022-05-09,722
2022-05-09,722
2022-05-09,720
2022-05-09,724
2022-05-10,730
2022-05-10,730
2022-05-10,728
2022-05-10,732
2022-05-11,741.5
2022-05-11,742
2022-05-11,739
2022-05-11,744
2022-05-12,752.5
2022-05-12,753
2022-05-12,750
2022-05-12,755
2022-05-13,761.5
2022-05-13,762
2022-05-13,760
2022-05-13,763
2022-05-14,772.5
2022-05-14,773
2022-05-14,770
2022-05-14,775
2022-05-15,786
2022-05-15,786
2022-05-15,782
2022-05-15,790
2022-05-16,792.5
2022-05-16,793
2022-05-16,789
2022-05-16,796
2022-05-17,819
2022-05-17,819
2022-05-17,816
2022-05-17,822
2022-05-18,839.5
2022-05-18,840
2022-05-18,833
2022-05-18,846
2022-05-19,862
2022-05-19,862
2022-05-19,856
2022-05-19,868
2022-05-20,879
2022-05-20,879
2022-05-20,878
2022-05-20,880
2022-05-21,881
2022-05-21,881
2022-05-21,881
2022-05-21,881
2022-05-22,882
2022-05-22,882
2022-05-22,882
2022-05-22,882
2022-05-23,884
2022-05-23,884
2022-05-23,884
2022-05-23,884
2022-05-24,884
2022-05-24,884
2022-05-24,884
2022-05-24,884
2022-05-25,882
2022-05-25,882
2022-05-25,884
2022-05-25,880
2022-05-26,874
2022-05-26,874
2022-05-26,876
2022-05-26,872
2022-05-27,865
2022-05-27,865
2022-05-27,868
2022-05-27,862
2022-05-28,852
2022-05-28,852
2022-05-28,856
2022-05-28,848
2022-05-29,837.5
2022-05-29,838
2022-05-29,841
2022-05-29,834
2022-05-30,826
2022-05-30,826
2022-05-30,832
2022-05-30,820
2022-05-31,813.5
2022-05-31,814
2022-05-31,817
2022-05-31,810
2022-06-01,793
2022-06-01,793
2022-06-01,796
2022-06-01,790
2022-06-02,771
2022-06-02,771
2022-06-02,772
2022-06-02,770
2022-06-03,758
2022-06-03,758
2022-06-03,760
2022-06-03,756
2022-06-04,744
2022-06-04,744
2022-06-04,746
2022-06-04,742
2022-06-05,732
2022-06-05,731.5
2022-06-05,734
2022-06-05,729
2022-06-06,722
2022-06-06,721.5
2022-06-06,724
2022-06-06,719
2022-06-07,715
2022-06-07,714.5
2022-06-07,716
2022-06-07,713
2022-06-08,710
2022-06-08,709.5
2022-06-08,710
2022-06-08,709
2022-06-09,706
2022-06-09,706
2022-06-09,706
2022-06-09,706
2022-06-10,703
2022-06-10,703
2022-06-10,704
2022-06-10,702
2022-06-11,649
2022-06-11,649
2022-06-11,600
2022-06-11,698
2022-06-12,696
2022-06-12,696
2022-06-12,696
2022-06-12,696
2022-06-13,703
2022-06-13,703
2022-06-13,702
2022-06-13,704
2022-06-14,707
2022-06-14,707
2022-06-14,706
2022-06-14,708
2022-06-15,718
2022-06-15,717.5
2022-06-15,715
2022-06-15,720
2022-06-16,725
2022-06-16,725
2022-06-16,724
2022-06-16,726
2022-06-17,729
2022-06-17,729
2022-06-17,728
2022-06-17,730
2022-06-18,732
2022-06-18,732
2022-06-18,732
2022-06-18,732
2022-06-19,734
2022-06-19,734
2022-06-19,734
2022-06-19,734
2022-06-20,729
2022-06-20,729
2022-06-20,732
2022-06-20,726
2022-06-21,726
2022-06-21,726
2022-06-21,730
2022-06-21,722
2022-06-22,721
2022-06-22,720.5
2022-06-22,722
2022-06-22,719
2022-06-23,711
2022-06-23,711
2022-06-23,714
2022-06-23,708
2022-06-24,701
2022-06-24,701
2022-06-24,704
2022-06-24,698
2022-06-25,689
2022-06-25,689
2022-06-25,692
2022-06-25,686
2022-06-26,674
2022-06-26,674
2022-06-26,678
2022-06-26,670
2022-06-27,662
2022-06-27,662
2022-06-27,664
2022-06-27,660
2022-06-28,656
2022-06-28,656
2022-06-28,658
2022-06-28,654
2022-06-29,645
2022-06-29,645
2022-06-29,648
2022-06-29,642
2022-06-30,633
2022-06-30,633
2022-06-30,636
2022-06-30,630
2022-07-01,622
2022-07-01,622
2022-07-01,624
2022-07-01,620
2022-07-02,613
2022-07-02,613
2022-07-02,614
2022-07-02,612
2022-07-03,606
2022-07-03,606
2022-07-03,608
2022-07-03,604
2022-07-04,601
2022-07-04,601
2022-07-04,602
2022-07-04,600
2022-07-05,596
2022-07-05,596
2022-07-05,597
2022-07-05,595
2022-07-06,592
2022-07-06,592
2022-07-06,593
2022-07-06,591
2022-07-07,587
2022-07-07,587
2022-07-07,588
2022-07-07,586
2022-07-08,583
2022-07-08,583
2022-07-08,584
2022-07-08,582
2022-07-09,578
2022-07-09,578
2022-07-09,579
2022-07-09,577
2022-07-10,573.5
2022-07-10,574
2022-07-10,575
2022-07-10,572
2022-07-11,569
2022-07-11,569
2022-07-11,570
2022-07-11,568
2022-07-12,564.5
2022-07-12,565
2022-07-12,566
2022-07-12,563
2022-07-13,560
2022-07-13,560
2022-07-13,561
2022-07-13,559
2022-07-14,555
2022-07-14,555
2022-07-14,556
2022-07-14,554
2022-07-15,551
2022-07-15,551
2022-07-15,552
2022-07-15,550
2022-07-16,546
2022-07-16,546
2022-07-16,547
2022-07-16,545
2022-07-17,542
2022-07-17,542
2022-07-17,543
2022-07-17,541
2022-07-18,537
2022-07-18,537
2022-07-18,538
2022-07-18,536
2022-07-19,536
2022-07-19,536
2022-07-19,536
2022-07-19,536
2022-07-20,539
2022-07-20,539
2022-07-20,538
2022-07-20,540
2022-07-21,547
2022-07-21,547
2022-07-21,546
2022-07-21,548
2022-07-22,548
2022-07-22,548
2022-07-22,548
2022-07-22,548
2022-07-23,544.5
2022-07-23,545
2022-07-23,546
2022-07-23,543
2022-07-24,537
2022-07-24,537
2022-07-24,538
2022-07-24,536
2022-07-25,525.5
2022-07-25,526
2022-07-25,528
2022-07-25,523
2022-07-26,516
2022-07-26,516
2022-07-26,518
2022-07-26,514
2022-07-27,509
2022-07-27,509
2022-07-27,510
2022-07-27,508
2022-07-28,506
2022-07-28,506
2022-07-28,506
2022-07-28,506
2022-07-29,504
2022-07-29,504
2022-07-29,504
2022-07-29,504
2022-07-30,507
2022-07-30,507
2022-07-30,506
2022-07-30,508
2022-07-31,513
2022-07-31,513
2022-07-31,512
2022-07-31,514
2022-08-01,518
2022-08-01,518
2022-08-01,518
2022-08-01,518
2022-08-02,517
2022-08-02,517
2022-08-02,518
2022-08-02,516
2022-08-03,515
2022-08-03,514.5
2022-08-03,515
2022-08-03,514
2022-08-04,512
2022-08-04,511.5
2022-08-04,512
2022-08-04,511
2022-08-05,508
2022-08-05,507.5
2022-08-05,509
2022-08-05,506
2022-08-06,503
2022-08-06,503
2022-08-06,504
2022-08-06,502
2022-08-07,496
2022-08-07,496
2022-08-07,498
2022-08-07,494
2022-08-08,488
2022-08-08,488
2022-08-08,490
2022-08-08,486
2022-08-09,480
2022-08-09,480
2022-08-09,482
2022-08-09,478
2022-08-10,472
2022-08-10,472
2022-08-10,474
2022-08-10,470
2022-08-11,464
2022-08-11,464
2022-08-11,466
2022-08-11,462
2022-08-12,456
2022-08-12,456
2022-08-12,458
2022-08-12,454
2022-08-13,448
2022-08-13,448
2022-08-13,450
2022-08-13,446
2022-08-14,440
2022-08-14,440
2022-08-14,442
2022-08-14,438
2022-08-15,435
2022-08-15,434.5
2022-08-15,434
2022-08-15,435
2022-08-16,439
2022-08-16,438.5
2022-08-16,437
2022-08-16,440
2022-08-17,448
2022-08-17,447.5
2022-08-17,444
2022-08-17,451
2022-08-18,451
2022-08-18,451
2022-08-18,451
2022-08-18,451
2022-08-19,446
2022-08-19,445.5
2022-08-19,447
2022-08-19,444
2022-08-20,439
2022-08-20,438.5
2022-08-20,440
2022-08-20,437
2022-08-21,439
2022-08-21,439
2022-08-21,438
2022-08-21,440
2022-08-22,455
2022-08-22,454.5
2022-08-22,450
2022-08-22,459
2022-08-23,468
2022-08-23,468
2022-08-23,468
2022-08-23,468
2022-08-24,472
2022-08-24,471.5
2022-08-24,469
2022-08-24,474
2022-08-25,488
2022-08-25,488
2022-08-25,486
2022-08-25,490
2022-08-26,493
2022-08-26,493
2022-08-26,492
2022-08-26,494
2022-08-27,493
2022-08-27,492.5
2022-08-27,493
2022-08-27,492
2022-08-28,488
2022-08-28,487.5
2022-08-28,489
2022-08-28,486
2022-08-29,483
2022-08-29,483
2022-08-29,484
2022-08-29,482
2022-08-30,477
2022-08-30,476.5
2022-08-30,478
2022-08-30,475
2022-08-31,471
2022-08-31,471
2022-08-31,472
2022-08-31,470
2022-09-01,467
2022-09-01,467
2022-09-01,468
2022-09-01,466
2022-09-02,463
2022-09-02,463
2022-09-02,464
2022-09-02,462
2022-09-03,453
2022-09-03,453
2022-09-03,456
2022-09-03,450
2022-09-04,441.5
2022-09-04,442
2022-09-04,444
2022-09-04,439
2022-09-05,434
2022-09-05,434
2022-09-05,435
2022-09-05,433
2022-09-06,434.5
2022-09-06,435
2022-09-06,434
2022-09-06,435
2022-09-07,436
2022-09-07,436
2022-09-07,436
2022-09-07,436
2022-09-08,435
2022-09-08,435
2022-09-08,436
2022-09-08,434
2022-09-09,429
2022-09-09,429
2022-09-09,431
2022-09-09,427
2022-09-10,421.5
2022-09-10,422
2022-09-10,423
2022-09-10,420
2022-09-11,416.5
2022-09-11,417
2022-09-11,417
2022-09-11,416
2022-09-12,415.5
2022-09-12,416
2022-09-12,414
2022-09-12,417
2022-09-13,413.5
2022-09-13,414
2022-09-13,415
2022-09-13,412
2022-09-14,409.5
2022-09-14,410
2022-09-14,410
2022-09-14,409
2022-09-15,408
2022-09-15,408
2022-09-15,408
2022-09-15,408
2022-09-16,407.5
2022-09-16,408
2022-09-16,408
2022-09-16,407
2022-09-17,408.5
2022-09-17,409
2022-09-17,408
2022-09-17,409
2022-09-18,408
2022-09-18,408
2022-09-18,408
2022-09-18,408
2022-09-19,406.5
2022-09-19,407
2022-09-19,407
2022-09-19,406
2022-09-20,400.5
2022-09-20,401
2022-09-20,401
2022-09-20,400
2022-09-21,400
2022-09-21,400
2022-09-21,400
2022-09-21,400
2022-09-22,400.5
2022-09-22,401
2022-09-22,400
2022-09-22,401
2022-09-23,399
2022-09-23,399
2022-09-23,400
2022-09-23,398
2022-09-24,393
2022-09-24,393
2022-09-24,394
2022-09-24,392
2022-09-25,387.5
2022-09-25,388
2022-09-25,389
2022-09-25,386
2022-09-26,384
2022-09-26,384
2022-09-26,384
2022-09-26,384
2022-09-27,387
2022-09-27,387
2022-09-27,388
2022-09-27,386
2022-09-28,388
2022-09-28,388
2022-09-28,388
2022-09-28,388
2022-09-29,392
2022-09-29,392
2022-09-29,391
2022-09-29,393
2022-09-30,397
2022-09-30,397
2022-09-30,396
2022-09-30,398
2022-10-01,399
2022-10-01,399
2022-10-01,400
2022-10-01,398
2022-10-02,393
2022-10-02,393
2022-10-02,396
2022-10-02,390
2022-10-03,384
2022-10-03,384
2022-10-03,386
2022-10-03,382
2022-10-04,382
2022-10-04,382
2022-10-04,381
2022-10-04,383
2022-10-05,386
2022-10-05,386
2022-10-05,385
2022-10-05,387
2022-10-06,388
2022-10-06,388
2022-10-06,388
2022-10-06,388
2022-10-07,388
2022-10-07,388
2022-10-07,388
2022-10-07,388
2022-10-08,387
2022-10-08,386.5
2022-10-08,387
2022-10-08,386
2022-10-09,383
2022-10-09,383
2022-10-09,384
2022-10-09,382
2022-10-10,379
2022-10-10,379
2022-10-10,380
2022-10-10,378
2022-10-11,375
2022-10-11,374.5
2022-10-11,375
2022-10-11,374
2022-10-12,374
2022-10-12,373.5
2022-10-12,374
2022-10-12,373
2022-10-13,387
2022-10-13,386.5
2022-10-13,384
2022-10-13,389
2022-10-14,409
2022-10-14,408.5
2022-10-14,403
2022-10-14,414
2022-10-15,421
2022-10-15,421
2022-10-15,419
2022-10-15,423
2022-10-16,416
2022-10-16,416
2022-10-16,418
2022-10-16,414
2022-10-17,413
2022-10-17,413
2022-10-17,413
2022-10-17,413
2022-10-18,412
2022-10-18,412
2022-10-18,412
2022-10-18,412
2022-10-19,419
2022-10-19,418.5
2022-10-19,415
2022-10-19,422
2022-10-20,424
2022-10-20,424
2022-10-20,422
2022-10-20,426
2022-10-21,427
2022-10-21,427
2022-10-21,427
2022-10-21,427
2022-10-22,425
2022-10-22,425
2022-10-22,426
2022-10-22,424
2022-10-23,414
2022-10-23,413.5
2022-10-23,414
2022-10-23,413
2022-10-24,407
2022-10-24,407
2022-10-24,410
2022-10-24,404
2022-10-25,403
2022-10-25,403
2022-10-25,406
2022-10-25,400
2022-10-26,396
2022-10-26,396
2022-10-26,396
2022-10-26,396
2022-10-27,395
2022-10-27,395
2022-10-27,394
2022-10-27,396
2022-10-28,404
2022-10-28,403.5
2022-10-28,399
2022-10-28,408
2022-10-29,429
2022-10-29,428.5
2022-10-29,424
2022-10-29,433
2022-10-30,433
2022-10-30,433
2022-10-30,433
2022-10-30,433
2022-10-31,425
2022-10-31,425
2022-10-31,426
2022-10-31,424
2022-11-01,412
2022-11-01,412
2022-11-01,414
2022-11-01,410
2022-11-02,402.5
2022-11-02,403
2022-11-02,404
2022-11-02,401
2022-11-03,391.5
2022-11-03,392
2022-11-03,395
2022-11-03,388
2022-11-04,380
2022-11-04,380
2022-11-04,382
2022-11-04,378
2022-11-05,406
2022-11-05,406
2022-11-05,382
2022-11-05,430
2022-11-06,441
2022-11-06,441
2022-11-06,434
2022-11-06,448
2022-11-07,471.5
2022-11-07,472
2022-11-07,468
2022-11-07,475
2022-11-08,474.5
2022-11-08,475
2022-11-08,476
2022-11-08,473
2022-11-09,462.5
2022-11-09,463
2022-11-09,467
2022-11-09,458
2022-11-10,448
2022-11-10,448
2022-11-10,450
2022-11-10,446
2022-11-11,433.5
2022-11-11,434
2022-11-11,437
2022-11-11,430
2022-11-12,422
2022-11-12,422
2022-11-12,424
2022-11-12,420
2022-11-13,414
2022-11-13,414
2022-11-13,414
2022-11-13,414
2022-11-14,416
2022-11-14,416
2022-11-14,417
2022-11-14,415
2022-11-15,425
2022-11-15,425
2022-11-15,421
2022-11-15,429
2022-11-16,430
2022-11-16,430
2022-11-16,431
2022-11-16,429
2022-11-17,418.5
2022-11-17,419
2022-11-17,422
2022-11-17,415
2022-11-18,402
2022-11-18,402
2022-11-18,406
2022-11-18,398
2022-11-19,387
2022-11-19,387
2022-11-19,390
2022-11-19,384
2022-11-20,375
2022-11-20,375
2022-11-20,377
2022-11-20,373
2022-11-21,367.5
2022-11-21,368
2022-11-21,369
2022-11-21,366
2022-11-22,363
2022-11-22,363
2022-11-22,364
2022-11-22,362
2022-11-23,360
2022-11-23,360
2022-11-23,360
2022-11-23,360
2022-11-24,359
2022-11-24,359
2022-11-24,359
2022-11-24,359
2022-11-25,359
2022-11-25,359
2022-11-25,359
2022-11-25,359
2022-11-26,363
2022-11-26,363
2022-11-26,359
2022-11-26,367
2022-11-27,401
2022-11-27,401
2022-11-27,395
2022-11-27,407
2022-11-28,409
2022-11-28,409
2022-11-28,410
2022-11-28,408
2022-11-29,404.5
2022-11-29,405
2022-11-29,406
2022-11-29,403
2022-11-30,399
2022-11-30,399
2022-11-30,402
2022-11-30,396
2022-12-01,392.5
2022-12-01,393
2022-12-01,393
2022-12-01,392
2022-12-02,400.5
2022-12-02,401
2022-12-02,396
2022-12-02,405
2022-12-03,411.5
2022-12-03,412
2022-12-03,411
2022-12-03,412
2022-12-04,404.5
2022-12-04,405
2022-12-04,407
2022-12-04,402
2022-12-05,393.5
2022-12-05,394
2022-12-05,397
2022-12-05,390
2022-12-06,384.5
2022-12-06,385
2022-12-06,386
2022-12-06,383
2022-12-07,394
2022-12-07,394
2022-12-07,386
2022-12-07,402
2022-12-08,425.5
2022-12-08,426
2022-12-08,421
2022-12-08,430
2022-12-09,436.5
2022-12-09,437
2022-12-09,436
2022-12-09,437
2022-12-10,427
2022-12-10,427
2022-12-10,432
2022-12-10,422
2022-12-11,401.5
2022-12-11,402
2022-12-11,407
2022-12-11,396
2022-12-12,383
2022-12-12,383
2022-12-12,386
2022-12-12,380
2022-12-13,373
2022-12-13,373
2022-12-13,374
2022-12-13,372
2022-12-14,365
2022-12-14,365
2022-12-14,366
2022-12-14,364
2022-12-15,361
2022-12-15,361
2022-12-15,362
2022-12-15,360
2022-12-16,356.5
2022-12-16,357
2022-12-16,357
2022-12-16,356
2022-12-17,353
2022-12-17,353
2022-12-17,354
2022-12-17,352
2022-12-18,352
2022-12-18,352
2022-12-18,353
2022-12-18,351
2022-12-19,353.5
2022-12-19,354
2022-12-19,353
2022-12-19,354
2022-12-20,360.5
2022-12-20,361
2022-12-20,359
2022-12-20,362
2022-12-21,363
2022-12-21,363
2022-12-21,363
2022-12-21,363
2022-12-22,363
2022-12-22,363
2022-12-22,363
2022-12-22,363
2022-12-23,362
2022-12-23,362
2022-12-23,362
2022-12-23,362
2022-12-24,362
2022-12-24,362
2022-12-24,362
2022-12-24,362
2022-12-25,360
2022-12-25,360
2022-12-25,360
2022-12-25,360
2022-12-26,360.5
2022-12-26,361
2022-12-26,361
2022-12-26,360
2022-12-27,360
2022-12-27,360
2022-12-27,360
2022-12-27,360
2022-12-28,359.5
2022-12-28,360
2022-12-28,359
2022-12-28,360
2022-12-29,375
2022-12-29,375
2022-12-29,370
2022-12-29,380
2022-12-30,408
2022-12-30,408
2022-12-30,397
2022-12-30,419
2022-12-31,436.5
2022-12-31,437
2022-12-31,432
2022-12-31,441
2023-01-01,451
2023-01-01,451
2023-01-01,450
2023-01-01,452
2023-01-02,455
2023-01-02,455
2023-01-02,455
2023-01-02,455
2023-01-03,445.5
2023-01-03,446
2023-01-03,449
2023-01-03,442
2023-01-04,444
2023-01-04,444
2023-01-04,442
2023-01-04,446
2023-01-05,458
2023-01-05,458
2023-01-05,454
2023-01-05,462
2023-01-06,459
2023-01-06,459
2023-01-06,460
2023-01-06,458
2023-01-07,449
2023-01-07,449
2023-01-07,452
2023-01-07,446
2023-01-08,438.5
2023-01-08,439
2023-01-08,441
2023-01-08,436
2023-01-09,430.5
2023-01-09,431
2023-01-09,439
2023-01-09,422
2023-01-10,415
2023-01-10,415
2023-01-10,419
2023-01-10,411
2023-01-11,402.5
2023-01-11,403
2023-01-11,405
2023-01-11,400
2023-01-12,397.5
2023-01-12,398
2023-01-12,400
2023-01-12,395
2023-01-13,394
2023-01-13,394
2023-01-13,394
2023-01-13,394
2023-01-14,395.5
2023-01-14,396
2023-01-14,395
2023-01-14,396
2023-01-15,400.5
2023-01-15,401
2023-01-15,398
2023-01-15,403
2023-01-16,408
2023-01-16,408
2023-01-16,407
2023-01-16,409
2023-01-17,423
2023-01-17,423
2023-01-17,416
2023-01-17,430
2023-01-18,448
2023-01-18,448
2023-01-18,439
2023-01-18,457
2023-01-19,474.5
2023-01-19,475
2023-01-19,470
2023-01-19,479
2023-01-20,478
2023-01-20,478
2023-01-20,479
2023-01-20,477
2023-01-21,472.5
2023-01-21,473
2023-01-21,473
2023-01-21,472
2023-01-22,465.5
2023-01-22,466
2023-01-22,467
2023-01-22,464
2023-01-23,456
2023-01-23,456
2023-01-23,462
2023-01-23,450
2023-01-24,446.5
2023-01-24,447
2023-01-24,450
2023-01-24,443
2023-01-25,428.5
2023-01-25,429
2023-01-25,432
2023-01-25,425
2023-01-26,412.5
2023-01-26,413
2023-01-26,416
2023-01-26,409
2023-01-27,400
2023-01-27,400
2023-01-27,402
2023-01-27,398
2023-01-28,390
2023-01-28,390
2023-01-28,390
2023-01-28,390
2023-01-29,384
2023-01-29,384
2023-01-29,386
2023-01-29,382
2023-01-30,380
2023-01-30,380
2023-01-30,380
2023-01-30,380
2023-01-31,379
2023-01-31,379
2023-01-31,378
2023-01-31,380
2023-02-01,377.5
2023-02-01,378
2023-02-01,378
2023-02-01,377
2023-02-02,376
2023-02-02,376
2023-02-02,376
2023-02-02,376
2023-02-03,374
2023-02-03,374
2023-02-03,375
2023-02-03,373
2023-02-04,383.5
2023-02-04,384
2023-02-04,379
2023-02-04,388
2023-02-05,400
2023-02-05,400
2023-02-05,398
2023-02-05,402
2023-02-06,413.5
2023-02-06,414
2023-02-06,408
2023-02-06,419
2023-02-07,434
2023-02-07,434
2023-02-07,431
2023-02-07,437
2023-02-08,441
2023-02-08,441
2023-02-08,438
2023-02-08,444
2023-02-09,448.5
2023-02-09,449
2023-02-09,447
2023-02-09,450
2023-02-10,458
2023-02-10,458
2023-02-10,456
2023-02-10,460
2023-02-11,465
2023-02-11,465
2023-02-11,462
2023-02-11,468
2023-02-12,471.5
2023-02-12,472
2023-02-12,471
2023-02-12,472
2023-02-13,474.5
2023-02-13,475
2023-02-13,474
2023-02-13,475
2023-02-14,478
2023-02-14,478
2023-02-14,478
2023-02-14,478
2023-02-15,478.5
2023-02-15,479
2023-02-15,478
2023-02-15,479
2023-02-16,484
2023-02-16,484
2023-02-16,482
2023-02-16,486
2023-02-17,501
2023-02-17,501
2023-02-17,498
2023-02-17,504
2023-02-18,517
2023-02-18,517
2023-02-18,514
2023-02-18,520
2023-02-19,536.5
2023-02-19,537
2023-02-19,535
2023-02-19,538
2023-02-20,537.5
2023-02-20,538
2023-02-20,540
2023-02-20,535
2023-02-21,546
2023-02-21,546
2023-02-21,544
2023-02-21,548
2023-02-22,529
2023-02-22,529
2023-02-22,536
2023-02-22,522
2023-02-23,505
2023-02-23,505
2023-02-23,510
2023-02-23,500
2023-02-24,482.5
2023-02-24,483
2023-02-24,487
2023-02-24,478
2023-02-25,482.5
2023-02-25,483
2023-02-25,479
2023-02-25,486
2023-02-26,490
2023-02-26,490
2023-02-26,490
2023-02-26,490
2023-02-27,497
2023-02-27,497
2023-02-27,496
2023-02-27,498
2023-02-28,499.5
2023-02-28,500
2023-02-28,499
2023-02-28,500
2023-03-01,505
2023-03-01,505
2023-03-01,504
2023-03-01,506
2023-03-02,517
2023-03-02,517
2023-03-02,510
2023-03-02,524
2023-03-03,533.5
2023-03-03,534
2023-03-03,533
2023-03-03,534
2023-03-04,534
2023-03-04,534
2023-03-04,538
2023-03-04,530
2023-03-05,528
2023-03-05,528
2023-03-05,530
2023-03-05,526
2023-03-06,528.5
2023-03-06,529
2023-03-06,528
2023-03-06,529
2023-03-07,535.5
2023-03-07,536
2023-03-07,535
2023-03-07,536
2023-03-08,532
2023-03-08,532
2023-03-08,534
2023-03-08,530
2023-03-09,521.5
2023-03-09,522
2023-03-09,525
2023-03-09,518
2023-03-10,510.5
2023-03-10,511
2023-03-10,513
2023-03-10,508
2023-03-11,501
2023-03-11,501
2023-03-11,502
2023-03-11,500
2023-03-12,489
2023-03-12,489
2023-03-12,494
2023-03-12,484
2023-03-13,472.5
2023-03-13,473
2023-03-13,477
2023-03-13,468
2023-03-14,458
2023-03-14,458
2023-03-14,461
2023-03-14,455
2023-03-15,458.5
2023-03-15,459
2023-03-15,462
2023-03-15,455
2023-03-16,449
2023-03-16,449
2023-03-16,450
2023-03-16,448
2023-03-17,443
2023-03-17,443
2023-03-17,444
2023-03-17,442
2023-03-18,435
2023-03-18,435
2023-03-18,438
2023-03-18,432
2023-03-19,428
2023-03-19,428
2023-03-19,430
2023-03-19,426
2023-03-20,419.5
2023-03-20,420
2023-03-20,420
2023-03-20,419
2023-03-21,411
2023-03-21,411
2023-03-21,412
2023-03-21,410
2023-03-22,408
2023-03-22,408
2023-03-22,409
2023-03-22,407
2023-03-23,401.5
2023-03-23,402
2023-03-23,402
2023-03-23,401
2023-03-24,398
2023-03-24,398
2023-03-24,398
2023-03-24,398
2023-03-25,396
2023-03-25,396
2023-03-25,396
2023-03-25,396
2023-03-26,413.5
2023-03-26,414
2023-03-26,406
2023-03-26,421
2023-03-27,430.5
2023-03-27,431
2023-03-27,430
2023-03-27,431
2023-03-28,426.5
2023-03-28,427
2023-03-28,429
2023-03-28,424
2023-03-29,419
2023-03-29,419
2023-03-29,419
2023-03-29,419
2023-03-30,433
2023-03-30,433
2023-03-30,431
2023-03-30,435
2023-03-31,445
2023-03-31,445
2023-03-31,444
2023-03-31,446
2023-04-01,461
2023-04-01,461
2023-04-01,446
2023-04-01,476
2023-04-02,489
2023-04-02,489
2023-04-02,487
2023-04-02,491
2023-04-03,496
2023-04-03,496
2023-04-03,497
2023-04-03,495
2023-04-04,489.5
2023-04-04,490
2023-04-04,492
2023-04-04,487
2023-04-05,472.5
2023-04-05,473
2023-04-05,477
2023-04-05,468
2023-04-06,453.5
2023-04-06,454
2023-04-06,457
2023-04-06,450
2023-04-07,435.5
2023-04-07,436
2023-04-07,439
2023-04-07,432
2023-04-08,422
2023-04-08,422
2023-04-08,424
2023-04-08,420
2023-04-09,411
2023-04-09,411
2023-04-09,413
2023-04-09,409
2023-04-10,407.5
2023-04-10,408
2023-04-10,407
2023-04-10,408
2023-04-11,403
2023-04-11,403
2023-04-11,404
2023-04-11,402
2023-04-12,401.5
2023-04-12,402
2023-04-12,402
2023-04-12,401
2023-04-13,400
2023-04-13,400
2023-04-13,400
2023-04-13,400
2023-04-14,398.5
2023-04-14,399
2023-04-14,398
2023-04-14,399
2023-04-15,404
2023-04-15,404
2023-04-15,401
2023-04-15,407
2023-04-16,421
2023-04-16,421
2023-04-16,416
2023-04-16,426
2023-04-17,439.5
2023-04-17,440
2023-04-17,436
2023-04-17,443
2023-04-18,454
2023-04-18,454
2023-04-18,450
2023-04-18,458
2023-04-19,459
2023-04-19,459
2023-04-19,458
2023-04-19,460
2023-04-20,452
2023-04-20,452
2023-04-20,454
2023-04-20,450
2023-04-21,445.5
2023-04-21,446
2023-04-21,446
2023-04-21,445
2023-04-22,451
2023-04-22,451
2023-04-22,446
2023-04-22,456
2023-04-23,475.5
2023-04-23,476
2023-04-23,466
2023-04-23,485
2023-04-24,510
2023-04-24,510
2023-04-24,504
2023-04-24,516
2023-04-25,527.5
2023-04-25,528
2023-04-25,525
2023-04-25,530
2023-04-26,545
2023-04-26,545
2023-04-26,541
2023-04-26,549
2023-04-27,554
2023-04-27,554
2023-04-27,552
2023-04-27,556
2023-04-28,561.5
2023-04-28,562
2023-04-28,561
2023-04-28,562
2023-04-29,565
2023-04-29,565
2023-04-29,564
2023-04-29,566
2023-04-30,563.5
2023-04-30,564
2023-04-30,563
2023-04-30,564
2023-05-01,565
2023-05-01,565
2023-05-01,564
2023-05-01,566
2023-05-02,570.5
2023-05-02,571
2023-05-02,568
2023-05-02,573
2023-05-03,579.5
2023-05-03,580
2023-05-03,579
2023-05-03,580
2023-05-04,580.5
2023-05-04,581
2023-05-04,581
2023-05-04,580
2023-05-05,581.5
2023-05-05,582
2023-05-05,574
2023-05-05,589
2023-05-06,558
2023-05-06,558
2023-05-06,560
2023-05-06,556
2023-05-07,542.5
2023-05-07,543
2023-05-07,544
2023-05-07,541
2023-05-08,526.5
2023-05-08,527
2023-05-08,531
2023-05-08,522
2023-05-09,508
2023-05-09,508
2023-05-09,510
2023-05-09,506
2023-05-10,503
2023-05-10,503
2023-05-10,502
2023-05-10,504
2023-05-11,507
2023-05-11,507
2023-05-11,506
2023-05-11,508
2023-05-12,518.5
2023-05-12,519
2023-05-12,515
2023-05-12,522
2023-05-13,531
2023-05-13,531
2023-05-13,530
2023-05-13,532
2023-05-14,542
2023-05-14,542
2023-05-14,538
2023-05-14,546
2023-05-15,546
2023-05-15,546
2023-05-15,549
2023-05-15,543
2023-05-16,557.5
2023-05-16,558
2023-05-16,557
2023-05-16,558
2023-05-17,559.5
2023-05-17,560
2023-05-17,559
2023-05-17,560
2023-05-18,561.5
2023-05-18,562
2023-05-18,561
2023-05-18,562
2023-05-19,564
2023-05-19,564
2023-05-19,564
2023-05-19,564
2023-05-20,560
2023-05-20,560
2023-05-20,562
2023-05-20,558
2023-05-21,551.5
2023-05-21,552
2023-05-21,553
2023-05-21,550
2023-05-22,545
2023-05-22,545
2023-05-22,546
2023-05-22,544
2023-05-23,539.5
2023-05-23,540
2023-05-23,541
2023-05-23,538
2023-05-24,535.5
2023-05-24,536
2023-05-24,536
2023-05-24,535
2023-05-25,536
2023-05-25,536
2023-05-25,536
2023-05-25,536
2023-05-26,535.5
2023-05-26,536
2023-05-26,536
2023-05-26,535
2023-05-27,534.5
2023-05-27,535
2023-05-27,534
2023-05-27,535
2023-05-28,534.5
2023-05-28,535
2023-05-28,534
2023-05-28,535
2023-05-29,533.5
2023-05-29,534
2023-05-29,533
2023-05-29,534
2023-05-30,534
2023-05-30,534
2023-05-30,534
2023-05-30,534
2023-05-31,533.5
2023-05-31,534
2023-05-31,533
2023-05-31,534
2023-06-01,532.5
2023-06-01,533
2023-06-01,533
2023-06-01,532
2023-06-02,529.5
2023-06-02,530
2023-06-02,530
2023-06-02,529
2023-06-03,527
2023-06-03,527
2023-06-03,527
2023-06-03,527
2023-06-04,523
2023-06-04,523
2023-06-04,524
2023-06-04,522
2023-06-05,518.5
2023-06-05,519
2023-06-05,521
2023-06-05,516
2023-06-06,512
2023-06-06,512
2023-06-06,514
2023-06-06,510
2023-06-07,500.5
2023-06-07,501
2023-06-07,503
2023-06-07,498
2023-06-08,495
2023-06-08,495
2023-06-08,496
2023-06-08,494
2023-06-09,491.5
2023-06-09,492
2023-06-09,493
2023-06-09,490
2023-06-10,478
2023-06-10,478
2023-06-10,478
2023-06-10,478
2023-06-11,474.5
2023-06-11,475
2023-06-11,477
2023-06-11,472
2023-06-12,466.5
2023-06-12,467
2023-06-12,468
2023-06-12,465
2023-06-13,460
2023-06-13,460
2023-06-13,461
2023-06-13,459
2023-06-14,459
2023-06-14,459
2023-06-14,458
2023-06-14,460
2023-06-15,476
2023-06-15,476
2023-06-15,472
2023-06-15,480
2023-06-16,483
2023-06-16,483
2023-06-16,482
2023-06-16,484
2023-06-17,479.5
2023-06-17,480
2023-06-17,480
2023-06-17,479
2023-06-18,474
2023-06-18,474
2023-06-18,476
2023-06-18,472
2023-06-19,477.5
2023-06-19,478
2023-06-19,476
2023-06-19,479
2023-06-20,497.5
2023-06-20,498
2023-06-20,490
2023-06-20,505
2023-06-21,524
2023-06-21,524
2023-06-21,520
2023-06-21,528
2023-06-22,543
2023-06-22,543
2023-06-22,543
2023-06-22,543
2023-06-23,543.5
2023-06-23,544
2023-06-23,543
2023-06-23,544
2023-06-24,545.5
2023-06-24,546
2023-06-24,545
2023-06-24,546
2023-06-25,545.5
2023-06-25,546
2023-06-25,546
2023-06-25,545
2023-06-26,541.5
2023-06-26,542
2023-06-26,543
2023-06-26,540
2023-06-27,531.5
2023-06-27,532
2023-06-27,536
2023-06-27,527
2023-06-28,510.5
2023-06-28,511
2023-06-28,517
2023-06-28,504
2023-06-29,486.5
2023-06-29,487
2023-06-29,496
2023-06-29,477
2023-06-30,466.5
2023-06-30,467
2023-06-30,467
2023-06-30,466
2023-07-01,458
2023-07-01,458
2023-07-01,462
2023-07-01,454
2023-07-02,449.5
2023-07-02,450
2023-07-02,450
2023-07-02,449
2023-07-03,452
2023-07-03,452
2023-07-03,449
2023-07-03,455
2023-07-04,469.5
2023-07-04,470
2023-07-04,465
2023-07-04,474
2023-07-05,488
2023-07-05,488
2023-07-05,484
2023-07-05,492
2023-07-06,504
2023-07-06,504
2023-07-06,502
2023-07-06,506
2023-07-07,512
2023-07-07,512
2023-07-07,510
2023-07-07,514
2023-07-08,521.5
2023-07-08,522
2023-07-08,520
2023-07-08,523
2023-07-09,526.5
2023-07-09,527
2023-07-09,526
2023-07-09,527
2023-07-10,529
2023-07-10,529
2023-07-10,529
2023-07-10,529
2023-07-11,528
2023-07-11,528
2023-07-11,529
2023-07-11,527
2023-07-12,522.5
2023-07-12,523
2023-07-12,525
2023-07-12,520
2023-07-13,509.5
2023-07-13,510
2023-07-13,513
2023-07-13,506
2023-07-14,491
2023-07-14,491
2023-07-14,496
2023-07-14,486
2023-07-15,463
2023-07-15,463
2023-07-15,463
2023-07-15,463
2023-07-16,446
2023-07-16,446
2023-07-16,450
2023-07-16,442
2023-07-17,432.5
2023-07-17,433
2023-07-17,435
2023-07-17,430
2023-07-18,427.5
2023-07-18,428
2023-07-18,428
2023-07-18,427
2023-07-19,425
2023-07-19,425
2023-07-19,426
2023-07-19,424
2023-07-20,421
2023-07-20,421
2023-07-20,422
2023-07-20,420
2023-07-21,420
2023-07-21,420
2023-07-21,419
2023-07-21,421
2023-07-22,426
2023-07-22,426
2023-07-22,425
2023-07-22,427
2023-07-23,424.5
2023-07-23,425
2023-07-23,425
2023-07-23,424
2023-07-24,423
2023-07-24,423
2023-07-24,422
2023-07-24,424
2023-07-25,428.5
2023-07-25,429
2023-07-25,427
2023-07-25,430
2023-07-26,428.5
2023-07-26,429
2023-07-26,429
2023-07-26,428
2023-07-27,420.5
2023-07-27,421
2023-07-27,421
2023-07-27,420
2023-07-28,415
2023-07-28,415
2023-07-28,417
2023-07-28,413
2023-07-29,408
2023-07-29,408
2023-07-29,409
2023-07-29,407
2023-07-30,404
2023-07-30,404
2023-07-30,405
2023-07-30,403
2023-07-31,405
2023-07-31,405
2023-07-31,405
2023-07-31,405
2023-08-01,406.5
2023-08-01,407
2023-08-01,405
2023-08-01,408
2023-08-02,416
2023-08-02,416
2023-08-02,414
2023-08-02,418
2023-08-03,419
2023-08-03,419
2023-08-03,420
2023-08-03,418
2023-08-04,409.5
2023-08-04,410
2023-08-04,415
2023-08-04,404
2023-08-05,402.5
2023-08-05,403
2023-08-05,403
2023-08-05,402
2023-08-06,401
2023-08-06,401
2023-08-06,401
2023-08-06,401
2023-08-07,399.5
2023-08-07,400
2023-08-07,401
2023-08-07,398
2023-08-08,398
2023-08-08,398
2023-08-08,398
2023-08-08,398
2023-08-09,398
2023-08-09,398
2023-08-09,398
2023-08-09,398
2023-08-10,391.5
2023-08-10,392
2023-08-10,393
2023-08-10,390
2023-08-11,387
2023-08-11,387
2023-08-11,388
2023-08-11,386
2023-08-12,384
2023-08-12,384
2023-08-12,384
2023-08-12,384
2023-08-13,383
2023-08-13,383
2023-08-13,383
2023-08-13,383
2023-08-14,381.5
2023-08-14,382
2023-08-14,382
2023-08-14,381
2023-08-15,375.5
2023-08-15,376
2023-08-15,374
2023-08-15,377
2023-08-16,378.5
2023-08-16,379
2023-08-16,378
2023-08-16,379
2023-08-17,380.5
2023-08-17,381
2023-08-17,379
2023-08-17,382
2023-08-18,387
2023-08-18,387
2023-08-18,386
2023-08-18,388
2023-08-19,388.5
2023-08-19,389
2023-08-19,389
2023-08-19,388
2023-08-20,385
2023-08-20,385
2023-08-20,386
2023-08-20,384
2023-08-21,383
2023-08-21,383
2023-08-21,384
2023-08-21,382
2023-08-22,379
2023-08-22,379
2023-08-22,380
2023-08-22,378
2023-08-23,373
2023-08-23,373
2023-08-23,374
2023-08-23,372
2023-08-24,370.5
2023-08-24,371
2023-08-24,371
2023-08-24,370
2023-08-25,366
2023-08-25,366
2023-08-25,368
2023-08-25,364
2023-08-26,361
2023-08-26,361
2023-08-26,362
2023-08-26,360
2023-08-27,358.5
2023-08-27,359
2023-08-27,359
2023-08-27,358
2023-08-28,355
2023-08-28,355
2023-08-28,356
2023-08-28,354
2023-08-29,353
2023-08-29,353
2023-08-29,354
2023-08-29,352
2023-08-30,351.5
2023-08-30,352
2023-08-30,352
2023-08-30,351
2023-08-31,349.5
2023-08-31,350
2023-08-31,350
2023-08-31,349
2023-09-01,347.5
2023-09-01,348
2023-09-01,348
2023-09-01,347
2023-09-02,345
2023-09-02,345
2023-09-02,346
2023-09-02,344
2023-09-03,343
2023-09-03,343
2023-09-03,343
2023-09-03,343
2023-09-04,341.5
2023-09-04,342
2023-09-04,342
2023-09-04,341
2023-09-05,342
2023-09-05,342
2023-09-05,342
2023-09-05,342
2023-09-06,342
2023-09-06,342
2023-09-06,342
2023-09-06,342
2023-09-07,339.5
2023-09-07,340
2023-09-07,341
2023-09-07,338
2023-09-08,338
2023-09-08,338
2023-09-08,338
2023-09-08,338
2023-09-09,337
2023-09-09,337
2023-09-09,337
2023-09-09,337
2023-09-10,337
2023-09-10,337
2023-09-10,337
2023-09-10,337
2023-09-11,336.5
2023-09-11,337
2023-09-11,337
2023-09-11,336
2023-09-12,336
2023-09-12,336
2023-09-12,336
2023-09-12,336
2023-09-13,336
2023-09-13,336
2023-09-13,336
2023-09-13,336
2023-09-14,336.5
2023-09-14,337
2023-09-14,337
2023-09-14,336
2023-09-15,335.5
2023-09-15,336
2023-09-15,336
2023-09-15,335
2023-09-16,335
2023-09-16,335
2023-09-16,335
2023-09-16,335
2023-09-17,338
2023-09-17,338
2023-09-17,338
2023-09-17,338
2023-09-18,338.5
2023-09-18,339
2023-09-18,338
2023-09-18,339
2023-09-19,340
2023-09-19,340
2023-09-19,340
2023-09-19,340
2023-09-20,340
2023-09-20,340
2023-09-20,340
2023-09-20,340
2023-09-21,345
2023-09-21,345
2023-09-21,342
2023-09-21,348
2023-09-22,354.5
2023-09-22,355
2023-09-22,353
2023-09-22,356
2023-09-23,360.5
2023-09-23,361
2023-09-23,358
2023-09-23,363
2023-09-24,372
2023-09-24,372
2023-09-24,368
2023-09-24,376
2023-09-25,386
2023-09-25,386
2023-09-25,384
2023-09-25,388
2023-09-26,387.5
2023-09-26,388
2023-09-26,387
2023-09-26,388
2023-09-27,374
2023-09-27,374
2023-09-27,378
2023-09-27,370
2023-09-28,362
2023-09-28,362
2023-09-28,364
2023-09-28,360
2023-09-29,351
2023-09-29,351
2023-09-29,353
2023-09-29,349
2023-09-30,343
2023-09-30,343
2023-09-30,345
2023-09-30,341
2023-10-01,336
2023-10-01,336
2023-10-01,338
2023-10-01,334
2023-10-02,332
2023-10-02,331.5
2023-10-02,332
2023-10-02,331
2023-10-03,328
2023-10-03,328
2023-10-03,328
2023-10-03,328
2023-10-04,326
2023-10-04,326
2023-10-04,327
2023-10-04,325
2023-10-05,324
2023-10-05,323.5
2023-10-05,324
2023-10-05,323
2023-10-06,323
2023-10-06,322.5
2023-10-06,323
2023-10-06,322
2023-10-07,320
2023-10-07,320
2023-10-07,320
2023-10-07,320
2023-10-08,319
2023-10-08,318.5
2023-10-08,321
2023-10-08,316
2023-10-09,316
2023-10-09,316
2023-10-09,316
2023-10-09,316
2023-10-10,315
2023-10-10,314.5
2023-10-10,315
2023-10-10,314
2023-10-11,313
2023-10-11,312.5
2023-10-11,313
2023-10-11,312
2023-10-12,311
2023-10-12,310.5
2023-10-12,310
2023-10-12,311
2023-10-13,310
2023-10-13,310
2023-10-13,310
2023-10-13,310
2023-10-14,308
2023-10-14,308
2023-10-14,308
2023-10-14,308
2023-10-15,306
2023-10-15,306
2023-10-15,306
2023-10-15,306
2023-10-16,306
2023-10-16,305.5
2023-10-16,306
2023-10-16,305
2023-10-17,305
2023-10-17,305
2023-10-17,305
2023-10-17,305
2023-10-18,307
2023-10-18,307
2023-10-18,307
2023-10-18,307
2023-10-19,309
2023-10-19,308.5
2023-10-19,307
2023-10-19,310
2023-10-20,310
2023-10-20,310
2023-10-20,310
2023-10-20,310
2023-10-21,311
2023-10-21,311
2023-10-21,311
2023-10-21,311
2023-10-22,314
2023-10-22,313.5
2023-10-22,313
2023-10-22,314
2023-10-23,319
2023-10-23,319
2023-10-23,318
2023-10-23,320
2023-10-24,321
2023-10-24,321
2023-10-24,321
2023-10-24,321
2023-10-25,323
2023-10-25,323
2023-10-25,323
2023-10-25,323
2023-10-26,331
2023-10-26,331
2023-10-26,330
2023-10-26,332
2023-10-27,336
2023-10-27,336
2023-10-27,336
2023-10-27,336
2023-10-28,339
2023-10-28,338.5
2023-10-28,337
2023-10-28,340
2023-10-29,339
2023-10-29,338.5
2023-10-29,340
2023-10-29,337
2023-10-30,329
2023-10-30,329
2023-10-30,332
2023-10-30,326
2023-10-31,322
2023-10-31,322
2023-10-31,324
2023-10-31,320
2023-11-01,317
2023-11-01,317
2023-11-01,320
2023-11-01,314
2023-11-02,310
2023-11-02,310
2023-11-02,311
2023-11-02,309
2023-11-03,306
2023-11-03,306
2023-11-03,307
2023-11-03,305
2023-11-04,304
2023-11-04,304
2023-11-04,304
2023-11-04,304
2023-11-05,301
2023-11-05,301
2023-11-05,301
2023-11-05,301
2023-11-06,301
2023-11-06,301
2023-11-06,301
2023-11-06,301
2023-11-07,316.5
2023-11-07,317
2023-11-07,307
2023-11-07,326
2023-11-08,322.5
2023-11-08,323
2023-11-08,323
2023-11-08,322
2023-11-09,317
2023-11-09,317
2023-11-09,317
2023-11-09,317
2023-11-10,319.5
2023-11-10,320
2023-11-10,322
2023-11-10,317
2023-11-11,315.5
2023-11-11,316
2023-11-11,317
2023-11-11,314
2023-11-12,311
2023-11-12,311
2023-11-12,312
2023-11-12,310
2023-11-13,308.5
2023-11-13,309
2023-11-13,309
2023-11-13,308
2023-11-14,304
2023-11-14,304
2023-11-14,305
2023-11-14,303
2023-11-15,301
2023-11-15,301
2023-11-15,301
2023-11-15,301
2023-11-16,300
2023-11-16,300
2023-11-16,300
2023-11-16,300
2023-11-17,298.5
2023-11-17,299
2023-11-17,300
2023-11-17,297
2023-11-18,297
2023-11-18,297
2023-11-18,298
2023-11-18,296
2023-11-19,293.5
2023-11-19,294
2023-11-19,294
2023-11-19,293
2023-11-20,291.5
2023-11-20,292
2023-11-20,292
2023-11-20,291
2023-11-21,289.5
2023-11-21,290
2023-11-21,290
2023-11-21,289
2023-11-22,292
2023-11-22,292
2023-11-22,292
2023-11-22,292
2023-11-23,289
2023-11-23,289
2023-11-23,289
2023-11-23,289
2023-11-24,291
2023-11-24,291
2023-11-24,291
2023-11-24,291
2023-11-25,289.5
2023-11-25,290
2023-11-25,290
2023-11-25,289
2023-11-26,295
2023-11-26,295
2023-11-26,294
2023-11-26,296
2023-11-27,297.5
2023-11-27,298
2023-11-27,297
2023-11-27,298
2023-11-28,301
2023-11-28,301
2023-11-28,300
2023-11-28,302
2023-11-29,304.5
2023-11-29,305
2023-11-29,304
2023-11-29,305
2023-11-30,309
2023-11-30,309
2023-11-30,306
2023-11-30,312
2023-12-01,318
2023-12-01,317.5
2023-12-01,318
2023-12-01,317
2023-12-02,315
2023-12-02,314.5
2023-12-02,316
2023-12-02,313
2023-12-03,307
2023-12-03,307
2023-12-03,309
2023-12-03,305
2023-12-04,302
2023-12-04,301.5
2023-12-04,302
2023-12-04,301
2023-12-05,300
2023-12-05,299.5
2023-12-05,301
2023-12-05,298
2023-12-06,297
2023-12-06,296.5
2023-12-06,297
2023-12-06,296
2023-12-07,294
2023-12-07,294
2023-12-07,294
2023-12-07,294
2023-12-08,291
2023-12-08,291
2023-12-08,292
2023-12-08,290
2023-12-09,291
2023-12-09,290.5
2023-12-09,291
2023-12-09,290
2023-12-10,289
2023-12-10,288.5
2023-12-10,289
2023-12-10,288
2023-12-11,288
2023-12-11,288
2023-12-11,288
2023-12-11,288
2023-12-12,293
2023-12-12,293
2023-12-12,290
2023-12-12,296
2023-12-13,299
2023-12-13,299
2023-12-13,298
2023-12-13,300
2023-12-14,303
2023-12-14,302.5
2023-12-14,301
2023-12-14,304
2023-12-15,306
2023-12-15,305.5
2023-12-15,305
2023-12-15,306
2023-12-16,301
2023-12-16,301
2023-12-16,301
2023-12-16,301
2023-12-17,300
2023-12-17,300
2023-12-17,301
2023-12-17,299
2023-12-18,294
2023-12-18,294
2023-12-18,295
2023-12-18,293
2023-12-19,290
2023-12-19,290
2023-12-19,291
2023-12-19,289
2023-12-20,287
2023-12-20,287
2023-12-20,287
2023-12-20,287
2023-12-21,287
2023-12-21,286.5
2023-12-21,287
2023-12-21,286
2023-12-22,288
2023-12-22,288
2023-12-22,286
2023-12-22,290
2023-12-23,310
2023-12-23,310
2023-12-23,304
2023-12-23,316
2023-12-24,325
2023-12-24,325
2023-12-24,324
2023-12-24,326
2023-12-25,328
2023-12-25,328
2023-12-25,328
2023-12-25,328
2023-12-26,325
2023-12-26,325
2023-12-26,325
2023-12-26,325
2023-12-27,324
2023-12-27,323.5
2023-12-27,324
2023-12-27,323
2023-12-28,321
2023-12-28,321
2023-12-28,321
2023-12-28,321
2023-12-29,324
2023-12-29,323.5
2023-12-29,323
2023-12-29,324
2023-12-30,324
2023-12-30,324
2023-12-30,324
2023-12-30,324
2023-12-31,327
2023-12-31,327
2023-12-31,324
2023-12-31,330
2024-01-01,325.5
2024-01-01,327
2024-01-01,324
2024-01-02,318
2024-01-02,320
2024-01-02,316
2024-01-03,312.5
2024-01-03,314
2024-01-03,311
2024-01-04,307
2024-01-04,308
2024-01-04,306
2024-01-05,303
2024-01-05,304
2024-01-05,302
2024-01-06,300.5
2024-01-06,301
2024-01-06,300
2024-01-07,298.5
2024-01-07,299
2024-01-07,298
2024-01-08,298
2024-01-08,298
2024-01-08,298
2024-01-09,298.5
2024-01-09,298
2024-01-09,299
2024-01-10,303.5
2024-01-10,304
2024-01-10,303
2024-01-11,302
2024-01-11,303
2024-01-11,301
2024-01-12,302.5
2024-01-12,302
2024-01-12,303
2024-01-13,305
2024-01-13,304
2024-01-13,306
2024-01-14,307.5
2024-01-14,307
2024-01-14,308
2024-01-15,317.5
2024-01-15,317
2024-01-15,318
2024-01-16,320
2024-01-16,320
2024-01-16,320
2024-01-17,321
2024-01-17,320
2024-01-17,322
2024-01-18,328
2024-01-18,326
2024-01-18,330
2024-01-19,328
2024-01-19,329
2024-01-19,327
2024-01-20,324
2024-01-20,326
2024-01-20,322
2024-01-21,315
2024-01-21,316
2024-01-21,314
2024-01-22,312.5
2024-01-22,313
2024-01-22,312
2024-01-23,309
2024-01-23,310
2024-01-23,308
2024-01-24,308
2024-01-24,308
2024-01-24,308
2024-01-25,310
2024-01-25,309
2024-01-25,311
2024-01-26,310.5
2024-01-26,310
2024-01-26,311
2024-01-27,312.5
2024-01-27,313
2024-01-27,312
2024-01-28,307.5
2024-01-28,309
2024-01-28,306
2024-01-29,302.5
2024-01-29,304
2024-01-29,301
2024-01-30,301.5
2024-01-30,301
2024-01-30,302
2024-01-31,297.5
2024-01-31,298
2024-01-31,297
2024-02-01,302.5
2024-02-01,301
2024-02-01,304
2024-02-02,302.5
2024-02-02,303
2024-02-02,302
2024-02-03,301
2024-02-03,301
2024-02-03,301
2024-02-04,300
2024-02-04,300
2024-02-04,300
2024-02-05,300.5
2024-02-05,300
2024-02-05,301
2024-02-06,299
2024-02-06,300
2024-02-06,298
2024-02-07,295.5
2024-02-07,296
2024-02-07,295
2024-02-08,294.5
2024-02-08,295
2024-02-08,294
2024-02-09,292.5
2024-02-09,293
2024-02-09,292
2024-02-10,292
2024-02-10,292
2024-02-10,292
2024-02-11,289.5
2024-02-11,290
2024-02-11,289
2024-02-12,288
2024-02-12,288
2024-02-12,288
2024-02-13,284.5
2024-02-13,284
2024-02-13,285
2024-02-14,284
2024-02-14,284
2024-02-14,284
2024-02-15,289
2024-02-15,288
2024-02-15,290
2024-02-16,290.5
2024-02-16,290
2024-02-16,291
2024-02-17,295
2024-02-17,294
2024-02-17,296
2024-02-18,300
2024-02-18,298
2024-02-18,302
2024-02-19,306
2024-02-19,304
2024-02-19,308
2024-02-20,307.5
2024-02-20,308
2024-02-20,307
2024-02-21,305.5
2024-02-21,306
2024-02-21,305
2024-02-22,298
2024-02-22,301
2024-02-22,295
2024-02-23,291
2024-02-23,292
2024-02-23,290
2024-02-24,285.5
2024-02-24,286
2024-02-24,285
2024-02-25,282
2024-02-25,282
2024-02-25,282
2024-02-26,280.5
2024-02-26,280
2024-02-26,281
2024-02-27,283.5
2024-02-27,279
2024-02-27,288
2024-02-28,280
2024-02-28,280
2024-02-28,280
2024-02-29,282.5
2024-02-29,282
2024-02-29,283
2024-03-01,279
2024-03-01,279
2024-03-01,279
2024-03-02,277
2024-03-02,277
2024-03-02,277
2024-03-03,276.5
2024-03-03,278
2024-03-03,275
2024-03-04,273.5
2024-03-04,274
2024-03-04,273
2024-03-05,273.5
2024-03-05,273
2024-03-05,274
2024-03-06,271.5
2024-03-06,272
2024-03-06,271
2024-03-07,270
2024-03-07,270
2024-03-07,270
2024-03-08,276
2024-03-08,274
2024-03-08,278
2024-03-09,283
2024-03-09,282
2024-03-09,284
2024-03-10,285.5
2024-03-10,286
2024-03-10,285
2024-03-11,286.5
2024-03-11,285
2024-03-11,288
2024-03-12,297
2024-03-12,292
2024-03-12,302
2024-03-13,324
2024-03-13,319
2024-03-13,329
2024-03-14,337
2024-03-14,337
2024-03-14,337
2024-03-15,338
2024-03-15,338
2024-03-15,338
2024-03-16,344.5
2024-03-16,344
2024-03-16,345
2024-03-17,344.5
2024-03-17,347
2024-03-17,342
2024-03-18,335
2024-03-18,337
2024-03-18,333
2024-03-19,330.5
2024-03-19,331
2024-03-19,330
2024-03-20,342.5
2024-03-20,342
2024-03-20,343
2024-03-21,344.5
2024-03-21,343
2024-03-21,346
2024-03-22,344.5
2024-03-22,348
2024-03-22,341
2024-03-23,332
2024-03-23,335
2024-03-23,329
2024-03-24,324
2024-03-24,324
2024-03-24,324
2024-03-25,327
2024-03-25,326
2024-03-25,328
2024-03-26,330
2024-03-26,330
2024-03-26,330
2024-03-27,340
2024-03-27,330
2024-03-27,350
2024-03-28,354.5
2024-03-28,350
2024-03-28,359
2024-03-29,365
2024-03-29,360
2024-03-29,370
2024-03-30,374
2024-03-30,373
2024-03-30,375
2024-03-31,380.5
2024-03-31,380
2024-03-31,381
2024-04-01,372
2024-04-01,376
2024-04-01,368
2024-04-02,356
2024-04-02,360
2024-04-02,352
2024-04-03,350.5
2024-04-03,351
2024-04-03,350
2024-04-04,352
2024-04-04,352
2024-04-04,352
2024-04-05,371.5
2024-04-05,364
2024-04-05,379
2024-04-06,384
2024-04-06,380
2024-04-06,388
2024-04-07,432
2024-04-07,416
2024-04-07,448
2024-04-08,478
2024-04-08,474
2024-04-08,482
2024-04-09,469.5
2024-04-09,478
2024-04-09,461
2024-04-10,450.5
2024-04-10,457
2024-04-10,444
2024-04-11,426.5
2024-04-11,437
2024-04-11,416
2024-04-12,397
2024-04-12,402
2024-04-12,392
2024-04-13,389.5
2024-04-13,389
2024-04-13,390
2024-04-14,391
2024-04-14,390
2024-04-14,392
2024-04-15,396.5
2024-04-15,395
2024-04-15,398
2024-04-16,398.5
2024-04-16,397
2024-04-16,400
2024-04-17,404
2024-04-17,404
2024-04-17,404
2024-04-18,408
2024-04-18,408
2024-04-18,408
2024-04-19,409.5
2024-04-19,410
2024-04-19,409
2024-04-20,414.5
2024-04-20,413
2024-04-20,416
2024-04-21,435.5
2024-04-21,424
2024-04-21,447
2024-04-22,459
2024-04-22,454
2024-04-22,464
2024-04-23,476
2024-04-23,472
2024-04-23,480
2024-04-24,492
2024-04-24,490
2024-04-24,494
2024-04-25,519.5
2024-04-25,510
2024-04-25,529
2024-04-26,538.5
2024-04-26,537
2024-04-26,540
2024-04-27,536
2024-04-27,538
2024-04-27,534
2024-04-28,543
2024-04-28,542
2024-04-28,544
2024-04-29,544.5
2024-04-29,545
2024-04-29,544
2024-04-30,544.5
2024-04-30,544
2024-04-30,545
2024-05-01,544
2024-05-01,544
2024-05-01,544
2024-05-02,545.5
2024-05-02,545
2024-05-02,546
2024-05-03,548.5
2024-05-03,547
2024-05-03,550
2024-05-04,555.5
2024-05-04,555
2024-05-04,556
2024-05-05,557
2024-05-05,557
2024-05-05,557
2024-05-06,559.5
2024-05-06,559
2024-05-06,560
2024-05-07,564.5
2024-05-07,563
2024-05-07,566
2024-05-08,574
2024-05-08,573
2024-05-08,575
2024-05-09,580
2024-05-09,579
2024-05-09,581
2024-05-10,587
2024-05-10,585
2024-05-10,589
2024-05-11,592
2024-05-11,591
2024-05-11,593
2024-05-12,596.5
2024-05-12,596
2024-05-12,597
2024-05-13,614
2024-05-13,610
2024-05-13,618
2024-05-14,637
2024-05-14,633
2024-05-14,641
2024-05-15,649
2024-05-15,648
2024-05-15,650
2024-05-16,658
2024-05-16,656
2024-05-16,660
2024-05-17,675
2024-05-17,670
2024-05-17,680
2024-05-18,694
2024-05-18,692
2024-05-18,696
2024-05-19,698.5
2024-05-19,698
2024-05-19,699
2024-05-20,692.5
2024-05-20,695
2024-05-20,690
2024-05-21,680.5
2024-05-21,683
2024-05-21,678
2024-05-22,669.5
2024-05-22,672
2024-05-22,667
2024-05-23,659
2024-05-23,660
2024-05-23,658
2024-05-24,648
2024-05-24,644
2024-05-24,652
2024-05-25,623
2024-05-25,626
2024-05-25,620
2024-05-26,611
2024-05-26,612
2024-05-26,610
2024-05-27,595
2024-05-27,598
2024-05-27,592
2024-05-28,585
2024-05-28,586
2024-05-28,584
2024-05-29,590.5
2024-05-29,585
2024-05-29,596
2024-05-30,608.5
2024-05-30,609
2024-05-30,608
2024-05-31,608.5
2024-05-31,608
2024-05-31,609
2024-06-01,607
2024-06-01,608
2024-06-01,606
2024-06-02,551
2024-06-02,602
2024-06-02,500
2024-06-03,598
2024-06-03,598
2024-06-03,598
2024-06-04,597.5
2024-06-04,597
2024-06-04,598
2024-06-05,597
2024-06-05,598
2024-06-05,596
2024-06-06,596
2024-06-06,596
2024-06-06,596
2024-06-07,596
2024-06-07,596
2024-06-07,596
2024-06-08,594
2024-06-08,594
2024-06-08,594
2024-06-09,591
2024-06-09,592
2024-06-09,590
2024-06-10,589
2024-06-10,590
2024-06-10,588
2024-06-11,584
2024-06-11,586
2024-06-11,582
2024-06-12,575
2024-06-12,576
2024-06-12,574
2024-06-13,560
2024-06-13,564
2024-06-13,556
2024-06-14,542
2024-06-14,546
2024-06-14,538
2024-06-15,526
2024-06-15,530
2024-06-15,522
2024-06-16,513
2024-06-16,516
2024-06-16,510
2024-06-17,502.5
2024-06-17,504
2024-06-17,501
2024-06-18,495.5
2024-06-18,496
2024-06-18,495
2024-06-19,491
2024-06-19,492
2024-06-19,490
2024-06-20,484
2024-06-20,486
2024-06-20,482
2024-06-21,478
2024-06-21,480
2024-06-21,476
2024-06-22,474
2024-06-22,474
2024-06-22,474
2024-06-23,473.5
2024-06-23,474
2024-06-23,473
2024-06-24,472.5
2024-06-24,472
2024-06-24,473
2024-06-25,474
2024-06-25,473
2024-06-25,475
2024-06-26,479.5
2024-06-26,478
2024-06-26,481
2024-06-27,482.5
2024-06-27,482
2024-06-27,483
2024-06-28,479.5
2024-06-28,481
2024-06-28,478
2024-06-29,467.5
2024-06-29,470
2024-06-29,465
2024-06-30,457
2024-06-30,459
2024-06-30,455
2024-07-01,444.5
2024-07-01,446
2024-07-01,443
2024-07-02,440
2024-07-02,440
2024-07-02,440
2024-07-03,440
2024-07-03,440
2024-07-03,440
2024-07-04,439
2024-07-04,440
2024-07-04,438
2024-07-05,433.5
2024-07-05,435
2024-07-05,432
2024-07-06,426.5
2024-07-06,428
2024-07-06,425
2024-07-07,419
2024-07-07,421
2024-07-07,417
2024-07-08,411.5
2024-07-08,413
2024-07-08,410
2024-07-09,406
2024-07-09,408
2024-07-09,404
2024-07-10,402
2024-07-10,403
2024-07-10,401
2024-07-11,401.5
2024-07-11,401
2024-07-11,402
2024-07-12,403.5
2024-07-12,402
2024-07-12,405
2024-07-13,413.5
2024-07-13,411
2024-07-13,416
2024-07-14,421
2024-07-14,420
2024-07-14,422
2024-07-15,421.5
2024-07-15,421
2024-07-15,422
2024-07-16,422
2024-07-16,423
2024-07-16,421
2024-07-17,423.5
2024-07-17,422
2024-07-17,425
2024-07-18,436.5
2024-07-18,435
2024-07-18,438
2024-07-19,451
2024-07-19,447
2024-07-19,455
2024-07-20,465
2024-07-20,462
2024-07-20,468
2024-07-21,474.5
2024-07-21,474
2024-07-21,475
2024-07-22,476
2024-07-22,476
2024-07-22,476
2024-07-23,471
2024-07-23,473
2024-07-23,469
2024-07-24,460.5
2024-07-24,464
2024-07-24,457
2024-07-25,448.5
2024-07-25,450
2024-07-25,447
2024-07-26,439.5
2024-07-26,442
2024-07-26,437
2024-07-27,436
2024-07-27,435
2024-07-27,437
2024-07-28,445
2024-07-28,443
2024-07-28,447
2024-07-29,453.5
2024-07-29,453
2024-07-29,454
2024-07-30,452.5
2024-07-30,454
2024-07-30,451
2024-07-31,444
2024-07-31,447
2024-07-31,441
2024-08-01,430.5
2024-08-01,433
2024-08-01,428
2024-08-02,419.5
2024-08-02,421
2024-08-02,418
2024-08-03,412.5
2024-08-03,414
2024-08-03,411
2024-08-04,404
2024-08-04,406
2024-08-04,402
2024-08-05,399
2024-08-05,400
2024-08-05,398
2024-08-06,396.5
2024-08-06,397
2024-08-06,396
2024-08-07,392.5
2024-08-07,394
2024-08-07,391
2024-08-08,385
2024-08-08,385
2024-08-08,385
2024-08-09,379.5
2024-08-09,381
2024-08-09,378
2024-08-10,375.5
2024-08-10,376
2024-08-10,375
2024-08-11,372
2024-08-11,372
2024-08-11,372
2024-08-12,376.5
2024-08-12,376
2024-08-12,377
2024-08-13,385.5
2024-08-13,383
2024-08-13,388
2024-08-14,408
2024-08-14,401
2024-08-14,415
2024-08-15,428
2024-08-15,426
2024-08-15,430
2024-08-16,432
2024-08-16,432
2024-08-16,432
2024-08-17,423
2024-08-17,428
2024-08-17,418
2024-08-18,413
2024-08-18,416
2024-08-18,410
2024-08-19,396
2024-08-19,396
2024-08-19,396
2024-08-20,386.5
2024-08-20,389
2024-08-20,384
2024-08-21,377
2024-08-21,378
2024-08-21,376
2024-08-22,369
2024-08-22,370
2024-08-22,368
2024-08-23,365
2024-08-23,366
2024-08-23,364
2024-08-24,361.5
2024-08-24,362
2024-08-24,361
2024-08-25,359.5
2024-08-25,360
2024-08-25,359
2024-08-26,357.5
2024-08-26,358
2024-08-26,357
2024-08-27,355
2024-08-27,356
2024-08-27,354
2024-08-28,356
2024-08-28,358
2024-08-28,354
2024-08-29,354
2024-08-29,355
2024-08-29,353
2024-08-30,353
2024-08-30,353
2024-08-30,353
2024-08-31,354.5
2024-08-31,354
2024-08-31,355
2024-09-01,359
2024-09-01,356
2024-09-01,362
2024-09-02,363
2024-09-02,364
2024-09-02,362
2024-09-03,358
2024-09-03,359
2024-09-03,357
2024-09-04,354
2024-09-04,355
2024-09-04,353
2024-09-05,352.5
2024-09-05,353
2024-09-05,352
2024-09-06,349.5
2024-09-06,350
2024-09-06,349
2024-09-07,346.5
2024-09-07,347
2024-09-07,346
2024-09-08,346.5
2024-09-08,346
2024-09-08,347
2024-09-09,349.5
2024-09-09,349
2024-09-09,350
2024-09-10,350.5
2024-09-10,351
2024-09-10,350
2024-09-11,347.5
2024-09-11,349
2024-09-11,346
2024-09-12,341
2024-09-12,344
2024-09-12,338
2024-09-13,334.5
2024-09-13,335
2024-09-13,334
2024-09-14,331.5
2024-09-14,332
2024-09-14,331
2024-09-15,329
2024-09-15,330
2024-09-15,328
2024-09-16,326.5
2024-09-16,327
2024-09-16,326
2024-09-17,325
2024-09-17,326
2024-09-17,324
2024-09-18,324
2024-09-18,324
2024-09-18,324
2024-09-19,323
2024-09-19,323
2024-09-19,323
2024-09-20,322
2024-09-20,322
2024-09-20,322
2024-09-21,320.5
2024-09-21,321
2024-09-21,320
2024-09-22,319
2024-09-22,320
2024-09-22,318
2024-09-23,317.5
2024-09-23,318
2024-09-23,317
2024-09-24,315.5
2024-09-24,316
2024-09-24,315
2024-09-25,318
2024-09-25,319
2024-09-25,317
2024-09-26,313.5
2024-09-26,314
2024-09-26,313
2024-09-27,312
2024-09-27,312
2024-09-27,312
2024-09-28,309.5
2024-09-28,310
2024-09-28,309
2024-09-29,309.5
2024-09-29,309
2024-09-29,310
2024-09-30,310
2024-09-30,310
2024-09-30,310
2024-10-01,317
2024-10-01,317
2024-10-01,317
2024-10-02,320.5
2024-10-02,320
2024-10-02,321
2024-10-03,323
2024-10-03,322
2024-10-03,324
2024-10-04,327
2024-10-04,326
2024-10-04,328
2024-10-05,327
2024-10-05,327
2024-10-05,327
2024-10-06,329.5
2024-10-06,329
2024-10-06,330
2024-10-07,335.5
2024-10-07,335
2024-10-07,336
2024-10-08,336
2024-10-08,336
2024-10-08,336
2024-10-09,345.5
2024-10-09,341
2024-10-09,350
2024-10-10,354.5
2024-10-10,354
2024-10-10,355
2024-10-11,352
2024-10-11,354
2024-10-11,350
2024-10-12,345
2024-10-12,348
2024-10-12,342
2024-10-13,334
2024-10-13,336
2024-10-13,332
2024-10-14,329
2024-10-14,332
2024-10-14,326
2024-10-15,320.5
2024-10-15,322
2024-10-15,319
2024-10-16,315
2024-10-16,316
2024-10-16,314
2024-10-17,312.5
2024-10-17,313
2024-10-17,312
2024-10-18,308.5
2024-10-18,309
2024-10-18,308
2024-10-19,306
2024-10-19,306
2024-10-19,306
2024-10-20,304.5
2024-10-20,305
2024-10-20,304
2024-10-21,303
2024-10-21,304
2024-10-21,302
2024-10-22,302
2024-10-22,302
2024-10-22,302
2024-10-23,301.5
2024-10-23,301
2024-10-23,302
2024-10-24,302
2024-10-24,302
2024-10-24,302
2024-10-25,302
2024-10-25,302
2024-10-25,302
2024-10-26,301
2024-10-26,301
2024-10-26,301
2024-10-27,299.5
2024-10-27,300
2024-10-27,299
2024-10-28,297.5
2024-10-28,298
2024-10-28,297
2024-10-29,295
2024-10-29,296
2024-10-29,294
2024-10-30,293.5
2024-10-30,294
2024-10-30,293
2024-10-31,291.5
2024-10-31,292
2024-10-31,291
2024-11-01,289.5
2024-11-01,290
2024-11-01,289
2024-11-02,288
2024-11-02,288
2024-11-02,288
2024-11-03,289.5
2024-11-03,289
2024-11-03,290
2024-11-04,290
2024-11-04,290
2024-11-04,290
2024-11-05,291
2024-11-05,292
2024-11-05,290
2024-11-06,286.5
2024-11-06,287
2024-11-06,286
2024-11-07,284.5
2024-11-07,285
2024-11-07,284
2024-11-08,284
2024-11-08,284
2024-11-08,284
2024-11-09,283
2024-11-09,283
2024-11-09,283
2024-11-10,282
2024-11-10,282
2024-11-10,282
2024-11-11,280
2024-11-11,280
2024-11-11,280
2024-11-12,279
2024-11-12,279
2024-11-12,279
2024-11-13,279.5
2024-11-13,279
2024-11-13,280
2024-11-14,281.5
2024-11-14,281
2024-11-14,282
2024-11-15,286.5
2024-11-15,285
2024-11-15,288
2024-11-16,293.5
2024-11-16,295
2024-11-16,292
2024-11-17,291.5
2024-11-17,291
2024-11-17,292
2024-11-18,293
2024-11-18,293
2024-11-18,293
2024-11-19,290.5
2024-11-19,291
2024-11-19,290
2024-11-20,286.5
2024-11-20,287
2024-11-20,286
2024-11-21,288.5
2024-11-21,287
2024-11-21,290
2024-11-22,295
2024-11-22,294
2024-11-22,296
2024-11-23,296
2024-11-23,296
2024-11-23,296
2024-11-24,295
2024-11-24,295
2024-11-24,295
2024-11-25,292
2024-11-25,292
2024-11-25,292
2024-11-26,291
2024-11-26,293
2024-11-26,289
2024-11-27,288
2024-11-27,288
2024-11-27,288
2024-11-28,289
2024-11-28,289
2024-11-28,289
2024-11-29,286.5
2024-11-29,287
2024-11-29,286
2024-11-30,284.5
2024-11-30,285
2024-11-30,284
2024-12-01,283
2024-12-01,283
2024-12-01,283
2024-12-02,281.5
2024-12-02,281
2024-12-02,282
2024-12-03,281
2024-12-03,282
2024-12-03,280
2024-12-04,277.5
2024-12-04,278
2024-12-04,277
2024-12-05,275.5
2024-12-05,276
2024-12-05,275
2024-12-06,272.5
2024-12-06,273
2024-12-06,272
2024-12-07,274
2024-12-07,273
2024-12-07,275
2024-12-08,272
2024-12-08,272
2024-12-08,272
2024-12-09,276
2024-12-09,276
2024-12-09,276
2024-12-10,276.5
2024-12-10,277
2024-12-10,276
2024-12-11,274.5
2024-12-11,275
2024-12-11,274
2024-12-12,276
2024-12-12,272
2024-12-12,280
2024-12-13,279
2024-12-13,279
2024-12-13,279
2024-12-14,280
2024-12-14,280
2024-12-14,280
2024-12-15,280.5
2024-12-15,280
2024-12-15,281
2024-12-16,281
2024-12-16,281
2024-12-16,281
2024-12-17,284
2024-12-17,284
2024-12-17,284
2024-12-18,284
2024-12-18,284
2024-12-18,284
2024-12-19,283
2024-12-19,284
2024-12-19,282
2024-12-20,279.5
2024-12-20,280
2024-12-20,279
2024-12-21,278
2024-12-21,278
2024-12-21,278
2024-12-22,277
2024-12-22,278
2024-12-22,276
2024-12-23,275.5
2024-12-23,276
2024-12-23,275
2024-12-24,274
2024-12-24,274
2024-12-24,274
2024-12-25,271.5
2024-12-25,272
2024-12-25,271
2024-12-26,278.5
2024-12-26,277
2024-12-26,280
2024-12-27,285
2024-12-27,284
2024-12-27,286
2024-12-28,285
2024-12-28,285
2024-12-28,285
2024-12-29,283.5
2024-12-29,284
2024-12-29,283
2024-12-30,271.5
2024-12-30,277
2024-12-30,266
2024-12-31,260.5
2024-12-31,261
2024-12-31,260
2025-01-01,278
2025-01-01,278
2025-01-01,278
2025-01-02,275
2025-01-02,276
2025-01-02,274
2025-01-03,274
2025-01-03,272
2025-01-03,276
2025-01-04,278.5
2025-01-04,280
2025-01-04,277
2025-01-05,283
2025-01-05,280
2025-01-05,286
2025-01-06,292
2025-01-06,290
2025-01-06,294
2025-01-07,295
2025-01-07,295
2025-01-07,295
2025-01-08,295
2025-01-08,295
2025-01-08,295
2025-01-09,296
2025-01-09,296
2025-01-09,296
2025-01-10,292.5
2025-01-10,294
2025-01-10,291
2025-01-11,286
2025-01-11,288
2025-01-11,284
2025-01-12,281.5
2025-01-12,282
2025-01-12,281
2025-01-13,282
2025-01-13,282
2025-01-13,282
2025-01-14,280.5
2025-01-14,281
2025-01-14,280
2025-01-15,277
2025-01-15,278
2025-01-15,276
2025-01-16,271
2025-01-16,272
2025-01-16,270
2025-01-17,268.5
2025-01-17,269
2025-01-17,268
2025-01-18,265.5
2025-01-18,266
2025-01-18,265
2025-01-19,262.5
2025-01-19,263
2025-01-19,262
2025-01-20,260.5
2025-01-20,261
2025-01-20,260
2025-01-21,260
2025-01-21,259
2025-01-21,261
2025-01-22,264
2025-01-22,264
2025-01-22,264
2025-01-23,266
2025-01-23,266
2025-01-23,266
2025-01-24,267
2025-01-24,267
2025-01-24,267
2025-01-25,269
2025-01-25,268
2025-01-25,270
2025-01-26,274
2025-01-26,272
2025-01-26,276
2025-01-27,287
2025-01-27,284
2025-01-27,290
2025-01-28,302
2025-01-28,299
2025-01-28,305
2025-01-29,304
2025-01-29,305
2025-01-29,303
2025-01-30,311.5
2025-01-30,308
2025-01-30,315
2025-01-31,317
2025-01-31,316
2025-01-31,318
2025-02-01,318
2025-02-01,318
2025-02-01,318
2025-02-02,321
2025-02-02,321
2025-02-02,321
2025-02-03,317.5
2025-02-03,320
2025-02-03,315
2025-02-04,320
2025-02-04,317
2025-02-04,323
2025-02-05,326
2025-02-05,325
2025-02-05,327
2025-02-06,327.5
2025-02-06,326
2025-02-06,329
2025-02-07,339
2025-02-07,330
2025-02-07,348
2025-02-08,359
2025-02-08,354
2025-02-08,364
2025-02-09,375.5
2025-02-09,370
2025-02-09,381
2025-02-10,424
2025-02-10,421
2025-02-10,427
2025-02-11,443
2025-02-11,441
2025-02-11,445
2025-02-12,439.5
2025-02-12,443
2025-02-12,436
2025-02-13,429
2025-02-13,434
2025-02-13,424
2025-02-14,419
2025-02-14,418
2025-02-14,420
2025-02-15,427
2025-02-15,424
2025-02-15,430
2025-02-16,443.5
2025-02-16,437
2025-02-16,450
2025-02-17,476
2025-02-17,474
2025-02-17,478
2025-02-18,480
2025-02-18,484
2025-02-18,476
2025-02-19,462
2025-02-19,464
2025-02-19,460
2025-02-20,452
2025-02-20,455
2025-02-20,449
2025-02-21,456.5
2025-02-21,454
2025-02-21,459
2025-02-22,464.5
2025-02-22,464
2025-02-22,465
2025-02-23,459.5
2025-02-23,459
2025-02-23,460
2025-02-24,459.5
2025-02-24,460
2025-02-24,459
2025-02-25,449
2025-02-25,451
2025-02-25,447
2025-02-26,440.5
2025-02-26,441
2025-02-26,440
2025-02-27,435.5
2025-02-27,438
2025-02-27,433
2025-02-28,424.5
2025-02-28,425
2025-02-28,424
2025-03-01,411.5
2025-03-01,414
2025-03-01,409
2025-03-02,399.5
2025-03-02,401
2025-03-02,398
2025-03-03,391.5
2025-03-03,393
2025-03-03,390
2025-03-04,380
2025-03-04,382
2025-03-04,378
2025-03-05,389
2025-03-05,388
2025-03-05,390
2025-03-06,392
2025-03-06,390
2025-03-06,394
2025-03-07,401.5
2025-03-07,399
2025-03-07,404
2025-03-08,417
2025-03-08,410
2025-03-08,424
2025-03-09,443
2025-03-09,434
2025-03-09,452
2025-03-10,492.5
2025-03-10,484
2025-03-10,501
2025-03-11,499.5
2025-03-11,505
2025-03-11,494
2025-03-12,493
2025-03-12,496
2025-03-12,490
2025-03-13,488
2025-03-13,489
2025-03-13,487
2025-03-14,479
2025-03-14,482
2025-03-14,476
2025-03-15,465.5
2025-03-15,466
2025-03-15,465
2025-03-16,466.5
2025-03-16,469
2025-03-16,464
2025-03-17,484.5
2025-03-17,484
2025-03-17,485
2025-03-18,494.5
2025-03-18,494
2025-03-18,495
2025-03-19,496
2025-03-19,495
2025-03-19,497
2025-03-20,516
2025-03-20,514
2025-03-20,518
2025-03-21,525
2025-03-21,525
2025-03-21,525
2025-03-22,524
2025-03-22,524
2025-03-22,524
2025-03-23,516
2025-03-23,518
2025-03-23,514
2025-03-24,502.5
2025-03-24,507
2025-03-24,498
2025-03-25,478
2025-03-25,478
2025-03-25,478
2025-03-26,476.5
2025-03-26,475
2025-03-26,478
2025-03-27,475
2025-03-27,478
2025-03-27,472
2025-03-28,459
2025-03-28,463
2025-03-28,455
2025-03-29,445
2025-03-29,447
2025-03-29,443
2025-03-30,442.5
2025-03-30,442
2025-03-30,443
2025-03-31,457.5
2025-03-31,455
2025-03-31,460
2025-04-01,461.5
2025-04-01,462
2025-04-01,461
2025-04-02,467
2025-04-02,461
2025-04-02,473
2025-04-03,482
2025-04-03,480
2025-04-03,484
2025-04-04,500.5
2025-04-04,498
2025-04-04,503
2025-04-05,515.5
2025-04-05,512
2025-04-05,519
2025-04-06,534
2025-04-06,526
2025-04-06,542
2025-04-07,541
2025-04-07,540
2025-04-07,542
2025-04-08,540.5
2025-04-08,542
2025-04-08,539
2025-04-09,533
2025-04-09,535
2025-04-09,531
2025-04-10,528
2025-04-10,529
2025-04-10,527
2025-04-11,526.5
2025-04-11,526
2025-04-11,527
2025-04-12,533
2025-04-12,532
2025-04-12,534
2025-04-13,548
2025-04-13,544
2025-04-13,552
2025-04-14,548
2025-04-14,549
2025-04-14,547
2025-04-15,546
2025-04-15,545
2025-04-15,547
2025-04-16,545.5
2025-04-16,548
2025-04-16,543
2025-04-17,543.5
2025-04-17,544
2025-04-17,543
2025-04-18,538.5
2025-04-18,540
2025-04-18,537
2025-04-19,534.5
2025-04-19,537
2025-04-19,532
2025-04-20,525
2025-04-20,526
2025-04-20,524
2025-04-21,520
2025-04-21,520
2025-04-21,520
2025-04-22,517
2025-04-22,516
2025-04-22,518
2025-04-23,521
2025-04-23,520
2025-04-23,522
2025-04-24,527.5
2025-04-24,526
2025-04-24,529
2025-04-25,533.5
2025-04-25,532
2025-04-25,535
2025-04-26,541
2025-04-26,540
2025-04-26,542
2025-04-27,558
2025-04-27,558
2025-04-27,558
2025-04-28,576
2025-04-28,564
2025-04-28,588
2025-04-29,572
2025-04-29,572
2025-04-29,572
2025-04-30,580
2025-04-30,576
2025-04-30,584
2025-05-01,589
2025-05-01,589
2025-05-01,589
2025-05-02,594
2025-05-02,592
2025-05-02,596
2025-05-03,603
2025-05-03,600
2025-05-03,606
2025-05-04,609
2025-05-04,608
2025-05-04,610
2025-05-05,609.5
2025-05-05,610
2025-05-05,609
2025-05-06,607
2025-05-06,608
2025-05-06,606
2025-05-07,605.5
2025-05-07,606
2025-05-07,605
2025-05-08,603.5
2025-05-08,604
2025-05-08,603
2025-05-09,594
2025-05-09,596
2025-05-09,592
2025-05-10,587
2025-05-10,588
2025-05-10,586
2025-05-11,580
2025-05-11,582
2025-05-11,578
2025-05-12,575
2025-05-12,577
2025-05-12,573
2025-05-13,572
2025-05-13,573
2025-05-13,571
2025-05-14,571.5
2025-05-14,570
2025-05-14,573
2025-05-15,565.5
2025-05-15,566
2025-05-15,565
2025-05-16,567
2025-05-16,567
2025-05-16,567
2025-05-17,573.5
2025-05-17,572
2025-05-17,575
2025-05-18,579.5
2025-05-18,575
2025-05-18,584
2025-05-19,579
2025-05-19,579
2025-05-19,579
2025-05-20,596.5
2025-05-20,595
2025-05-20,598
2025-05-21,598
2025-05-21,598
2025-05-21,598
2025-05-22,598
2025-05-22,598
2025-05-22,598
2025-05-23,596
2025-05-23,596
2025-05-23,596
2025-05-24,598.5
2025-05-24,598
2025-05-24,599
2025-05-25,603
2025-05-25,602
2025-05-25,604
2025-05-26,602
2025-05-26,602
2025-05-26,602
2025-05-27,602
2025-05-27,602
2025-05-27,602
2025-05-28,599.5
2025-05-28,600
2025-05-28,599
2025-05-29,597
2025-05-29,597
2025-05-29,597
2025-05-30,596
2025-05-30,596
2025-05-30,596
2025-05-31,595
2025-05-31,595
2025-05-31,595
2025-06-01,599
2025-06-01,598
2025-06-01,600
2025-06-02,599.5
2025-06-02,600
2025-06-02,599
2025-06-03,600
2025-06-03,600
2025-06-03,600
2025-06-04,598
2025-06-04,598
2025-06-04,598
2025-06-05,591
2025-06-05,592
2025-06-05,590
2025-06-06,585.5
2025-06-06,587
2025-06-06,584
2025-06-07,579
2025-06-07,580
2025-06-07,578
2025-06-08,573
2025-06-08,574
2025-06-08,572
2025-06-09,568
2025-06-09,568
2025-06-09,568
2025-06-10,577
2025-06-10,577
2025-06-10,577
2025-06-11,581
2025-06-11,580
2025-06-11,582
2025-06-12,582
2025-06-12,582
2025-06-12,582
2025-06-13,584
2025-06-13,582
2025-06-13,586
2025-06-14,591
2025-06-14,588
2025-06-14,594
2025-06-15,598.5
2025-06-15,599
2025-06-15,598
2025-06-16,597.5
2025-06-16,597
2025-06-16,598
2025-06-17,598
2025-06-17,598
2025-06-17,598
2025-06-18,598
2025-06-18,598
2025-06-18,598
2025-06-19,597
2025-06-19,597
2025-06-19,597
2025-06-20,595.5
2025-06-20,596
2025-06-20,595
2025-06-21,592
2025-06-21,594
2025-06-21,590
2025-06-22,582
2025-06-22,586
2025-06-22,578
2025-06-23,573
2025-06-23,576
2025-06-23,570
2025-06-24,562
2025-06-24,564
2025-06-24,560
2025-06-25,553
2025-06-25,554
2025-06-25,552
2025-06-26,544
2025-06-26,546
2025-06-26,542
2025-06-27,532.5
2025-06-27,535
2025-06-27,530
2025-06-28,521
2025-06-28,524
2025-06-28,518
2025-06-29,505.5
2025-06-29,509
2025-06-29,502
2025-06-30,541
2025-06-30,494
2025-06-30,588
2025-07-01,481
2025-07-01,484
2025-07-01,478
2025-07-02,474
2025-07-02,476
2025-07-02,472
2025-07-03,469.5
2025-07-03,470
2025-07-03,469
2025-07-04,467.5
2025-07-04,468
2025-07-04,467
2025-07-05,464.5
2025-07-05,465
2025-07-05,464
2025-07-06,463.5
2025-07-06,462
2025-07-06,465
2025-07-07,473.5
2025-07-07,471
2025-07-07,476
2025-07-08,488
2025-07-08,486
2025-07-08,490
2025-07-09,500.5
2025-07-09,497
2025-07-09,504
2025-07-10,509
2025-07-10,508
2025-07-10,510
2025-07-11,513.5
2025-07-11,513
2025-07-11,514
2025-07-12,518
2025-07-12,516
2025-07-12,520
2025-07-13,523.5
2025-07-13,523
2025-07-13,524
2025-07-14,527
2025-07-14,526
2025-07-14,528
2025-07-15,534
2025-07-15,534
2025-07-15,534
2025-07-16,536
2025-07-16,536
2025-07-16,536
2025-07-17,533
2025-07-17,534
2025-07-17,532
2025-07-18,531
2025-07-18,531
2025-07-18,531
2025-07-19,527
2025-07-19,528
2025-07-19,526
2025-07-20,525.5
2025-07-20,526
2025-07-20,525
2025-07-21,521.5
2025-07-21,522
2025-07-21,521
2025-07-22,519.5
2025-07-22,520
2025-07-22,519
2025-07-23,517.5
2025-07-23,518
2025-07-23,517
2025-07-24,515.5
2025-07-24,516
2025-07-24,515
2025-07-25,512.5
2025-07-25,513
2025-07-25,512
2025-07-26,510.5
2025-07-26,511
2025-07-26,510
2025-07-27,504.5
2025-07-27,506
2025-07-27,503
2025-07-28,498
2025-07-28,501
2025-07-28,495
2025-07-29,486.5
2025-07-29,488
2025-07-29,485
2025-07-30,475
2025-07-30,476
2025-07-30,474
2025-07-31,461
2025-07-31,464
2025-07-31,458
2025-08-01,447
2025-08-01,450
2025-08-01,444
2025-08-02,436
2025-08-02,438
2025-08-02,434
2025-08-03,428.5
2025-08-03,430
2025-08-03,427
2025-08-04,424
2025-08-04,424
2025-08-04,424
2025-08-05,421
2025-08-05,422
2025-08-05,420
2025-08-06,415
2025-08-06,416
2025-08-06,414
2025-08-07,409.5
2025-08-07,410
2025-08-07,409
2025-08-08,410
2025-08-08,410
2025-08-08,410
2025-08-09,412
2025-08-09,411
2025-08-09,413
2025-08-10,420.5
2025-08-10,418
2025-08-10,423
2025-08-11,433
2025-08-11,430
2025-08-11,436
2025-08-12,438.5
2025-08-12,434
2025-08-12,443
2025-08-13,446
2025-08-13,446
2025-08-13,446
2025-08-14,443
2025-08-14,444
2025-08-14,442
2025-08-15,436
2025-08-15,438
2025-08-15,434
2025-08-16,427
2025-08-16,428
2025-08-16,426
2025-08-17,428
2025-08-17,427
2025-08-17,429
2025-08-18,431.5
2025-08-18,430
2025-08-18,433
2025-08-19,434
2025-08-19,434
2025-08-19,434
2025-08-20,433
2025-08-20,433
2025-08-20,433
2025-08-21,425
2025-08-21,426
2025-08-21,424
2025-08-22,418.5
2025-08-22,420
2025-08-22,417
2025-08-23,413
2025-08-23,414
2025-08-23,412
2025-08-24,409
2025-08-24,410
2025-08-24,408
2025-08-25,405
2025-08-25,406
2025-08-25,404
2025-08-26,400
2025-08-26,402
2025-08-26,398
2025-08-27,396.5
2025-08-27,397
2025-08-27,396
2025-08-28,396
2025-08-28,396
2025-08-28,396
2025-08-29,399
2025-08-29,398
2025-08-29,400
2025-08-30,401.5
2025-08-30,400
2025-08-30,403
2025-08-31,403
2025-08-31,403
2025-08-31,403
2025-09-01,401
2025-09-01,401
2025-09-01,401
2025-09-02,399.5
2025-09-02,402
2025-09-02,397
2025-09-03,395
2025-09-03,396
2025-09-03,394
2025-09-04,391.5
2025-09-04,393
2025-09-04,390
2025-09-05,388
2025-09-05,390
2025-09-05,386
2025-09-06,382
2025-09-06,382
2025-09-06,382
2025-09-07,385
2025-09-07,385
2025-09-07,385
2025-09-08,390
2025-09-08,390
2025-09-08,390
2025-09-09,393
2025-09-09,393
2025-09-09,393
2025-09-10,392
2025-09-10,392
2025-09-10,392
2025-09-11,390
2025-09-11,390
2025-09-11,390
2025-09-12,385
2025-09-12,386
2025-09-12,384
2025-09-13,382
2025-09-13,382
2025-09-13,382
2025-09-14,382
2025-09-14,382
2025-09-14,382
2025-09-15,381
2025-09-15,382
2025-09-15,380
2025-09-16,375.5
2025-09-16,377
2025-09-16,374
2025-09-17,369
2025-09-17,369
2025-09-17,369
2025-09-18,365
2025-09-18,365
2025-09-18,365
2025-09-19,365.5
2025-09-19,366
2025-09-19,365
2025-09-20,367
2025-09-20,369
2025-09-20,365
2025-09-21,366
2025-09-21,366
2025-09-21,366
2025-09-22,362
2025-09-22,362
2025-09-22,362
2025-09-23,360
2025-09-23,360
2025-09-23,360
2025-09-24,355
2025-09-24,356
2025-09-24,354
2025-09-25,352
2025-09-25,353
2025-09-25,351
2025-09-26,349.5
2025-09-26,350
2025-09-26,349
2025-09-27,349.5
2025-09-27,350
2025-09-27,349
2025-09-28,348.5
2025-09-28,349
2025-09-28,348
2025-09-29,345.5
2025-09-29,346
2025-09-29,345
2025-09-30,344
2025-09-30,344
2025-09-30,344
2025-10-01,344.5
2025-10-01,344
2025-10-01,345
2025-10-02,344.5
2025-10-02,345
2025-10-02,344
2025-10-03,345
2025-10-03,344
2025-10-03,346
2025-10-04,350
2025-10-04,350
2025-10-04,350
2025-10-05,349
2025-10-05,349
2025-10-05,349
2025-10-06,347.5
2025-10-06,347
2025-10-06,348
2025-10-07,349
2025-10-07,349
2025-10-07,349
2025-10-08,353
2025-10-08,353
2025-10-08,353
2025-10-09,359.5
2025-10-09,358
2025-10-09,361
2025-10-10,364
2025-10-10,364
2025-10-10,364
2025-10-11,363
2025-10-11,363
2025-10-11,363
2025-10-12,366
2025-10-12,366
2025-10-12,366
2025-10-13,365.5
2025-10-13,366
2025-10-13,365
2025-10-14,364.5
2025-10-14,365
2025-10-14,364
2025-10-15,363
2025-10-15,364
2025-10-15,362
2025-10-16,361.5
2025-10-16,362
2025-10-16,361
2025-10-17,360
2025-10-17,360
2025-10-17,360
2025-10-18,357
2025-10-18,358
2025-10-18,356
2025-10-19,353
2025-10-19,354
2025-10-19,352
2025-10-20,350
2025-10-20,350
2025-10-20,350
2025-10-21,363
2025-10-21,362
2025-10-21,364
2025-10-22,355.5
2025-10-22,357
2025-10-22,354
2025-10-23,350
2025-10-23,350
2025-10-23,350
2025-10-24,350
2025-10-24,350
2025-10-24,350
2025-10-25,349.5
2025-10-25,350
2025-10-25,349
2025-10-26,349
2025-10-26,349
2025-10-26,349
2025-10-27,346.5
2025-10-27,347
2025-10-27,346
2025-10-28,342.5
2025-10-28,342
2025-10-28,343
2025-10-29,337
2025-10-29,338
2025-10-29,336
2025-10-30,332.5
2025-10-30,333
2025-10-30,332
2025-10-31,329.5
2025-10-31,330
2025-10-31,329
2025-11-01,327.5
2025-11-01,329
2025-11-01,326
2025-11-02,325
2025-11-02,325
2025-11-02,325
2025-11-03,323
2025-11-03,323
2025-11-03,323
2025-11-04,321.5
2025-11-04,322
2025-11-04,321
2025-11-05,320
2025-11-05,320
2025-11-05,320
2025-11-06,319.5
2025-11-06,319
2025-11-06,320
2025-11-07,324
2025-11-07,324
2025-11-07,324
2025-11-08,324.5
2025-11-08,324
2025-11-08,325
2025-11-09,328
2025-11-09,328
2025-11-09,328
2025-11-10,330.5
2025-11-10,330
2025-11-10,331
2025-11-11,337
2025-11-11,334
2025-11-11,340
2025-11-12,343.5
2025-11-12,343
2025-11-12,344
2025-11-13,345.5
2025-11-13,346
2025-11-13,345
2025-11-14,343
2025-11-14,344
2025-11-14,342
2025-11-15,335
2025-11-15,336
2025-11-15,334
2025-11-16,330
2025-11-16,330
2025-11-16,330
2025-11-17,326.5
2025-11-17,327
2025-11-17,326
2025-11-18,323
2025-11-18,324
2025-11-18,322
2025-11-19,320.5
2025-11-19,321
2025-11-19,320
2025-11-20,319.5
2025-11-20,320
2025-11-20,319
2025-11-21,318
2025-11-21,318
2025-11-21,318
2025-11-22,316.5
2025-11-22,317
2025-11-22,316
2025-11-23,316.5
2025-11-23,316
2025-11-23,317
2025-11-24,317
2025-11-24,316
2025-11-24,318
2025-11-25,316.5
2025-11-25,316
2025-11-25,317
2025-11-26,319.5
2025-11-26,320
2025-11-26,319
2025-11-27,318
2025-11-27,318
2025-11-27,318
2025-11-28,315.5
2025-11-28,316
2025-11-28,315
2025-11-29,313.5
2025-11-29,314
2025-11-29,313
2025-11-30,313.5
2025-11-30,313
2025-11-30,314
2025-12-01,316
2025-12-01,315
2025-12-01,317
2025-12-02,318
2025-12-02,319
2025-12-02,317
2025-12-03,314.5
2025-12-03,313
2025-12-03,316
2025-12-04,333.5
2025-12-04,327
2025-12-04,340
2025-12-05,372
2025-12-05,370
2025-12-05,374
2025-12-06,369
2025-12-06,368
2025-12-06,370
2025-12-07,372
2025-12-07,374
2025-12-07,370
2025-12-08,362
2025-12-08,364
2025-12-08,360
2025-12-09,352.5
2025-12-09,354
2025-12-09,351
2025-12-10,343.5
2025-12-10,346
2025-12-10,341
2025-12-11,336
2025-12-11,336
2025-12-11,336
2025-12-12,331.5
2025-12-12,328
2025-12-12,335
2025-12-13,323
2025-12-13,324
2025-12-13,322
2025-12-14,317.5
2025-12-14,318
2025-12-14,317
2025-12-15,315
2025-12-15,316
2025-12-15,314
2025-12-16,313.5
2025-12-16,314
2025-12-16,313
2025-12-17,309
2025-12-17,310
2025-12-17,308
2025-12-18,306
2025-12-18,306
2025-12-18,306
2025-12-19,304
2025-12-19,305
2025-12-19,303
2025-12-20,308
2025-12-20,308
2025-12-20,308
2025-12-21,314
2025-12-21,314
2025-12-21,314
2025-12-22,317
2025-12-22,317
2025-12-22,317
2025-12-23,316
2025-12-23,315
2025-12-23,317
2025-12-24,317
2025-12-24,317
2025-12-24,317
2025-12-25,327
2025-12-25,326
2025-12-25,328
2025-12-26,335.5
2025-12-26,332
2025-12-26,339
2025-12-27,351.5
2025-12-27,350
2025-12-27,353
2025-12-28,350.5
2025-12-28,351
2025-12-28,350
2025-12-29,354
2025-12-29,354
2025-12-29,354
2025-12-30,369
2025-12-30,364
2025-12-30,374
2025-12-31,375.5
2025-12-31,377
2025-12-31,374
2026-01-01,365.5
2026-01-01,367
2026-01-01,364
2026-01-02,354
2026-01-02,358
2026-01-02,350
2026-01-03,345
2026-01-03,348
2026-01-03,342
2026-01-04,334
2026-01-04,336
2026-01-04,332
2026-01-05,326
2026-01-05,326
2026-01-05,326
2026-01-06,326
2026-01-06,326
2026-01-06,326
2026-01-07,328
2026-01-07,328
2026-01-07,328
2026-01-08,334
2026-01-08,334
2026-01-08,334
2026-01-09,334
2026-01-09,334
2026-01-09,334
2026-01-10,335.5
2026-01-10,336
2026-01-10,335
2026-01-11,333
2026-01-11,334
2026-01-11,332
2026-01-12,328
2026-01-12,328
2026-01-12,328
2026-01-13,325.5
2026-01-13,326
2026-01-13,325
2026-01-14,329
2026-01-14,328
2026-01-14,330
2026-01-15,338
2026-01-15,336
2026-01-15,340
2026-01-16,344
2026-01-16,344
2026-01-16,344
2026-01-17,343
2026-01-17,344
2026-01-17,342
2026-01-18,343
2026-01-18,343
2026-01-18,343
2026-01-19,342
2026-01-19,342
2026-01-19,342
2026-01-20,341
2026-01-20,341
2026-01-20,341
2026-01-21,341
2026-01-21,342
2026-01-21,340
2026-01-22,339
2026-01-22,339
2026-01-22,339
2026-01-23,339
2026-01-23,339
2026-01-23,339
2026-01-24,342.5
2026-01-24,342
2026-01-24,343
2026-01-25,343
2026-01-25,343
2026-01-25,343
2026-01-26,347
2026-01-26,346
2026-01-26,348
2026-01-27,348
2026-01-27,348
2026-01-27,348
2026-01-28,347
2026-01-28,348
2026-01-28,346
2026-01-29,339
2026-01-29,340
2026-01-29,338
2026-01-30,334
2026-01-30,334
2026-01-30,334
2026-01-31,332
2026-01-31,332
2026-01-31,332
2026-02-01,347
2026-02-01,346
2026-02-01,348
2026-02-02,347
2026-02-02,347
2026-02-02,347
2026-02-03,346.5
2026-02-03,347
2026-02-03,346
2026-02-04,342.5
2026-02-04,345
2026-02-04,340
2026-02-05,337.5
2026-02-05,337
2026-02-05,338
2026-02-06,342
2026-02-06,338
2026-02-06,346
2026-02-07,363
2026-02-07,358
2026-02-07,368
2026-02-08,371
2026-02-08,372
2026-02-08,370
2026-02-09,371
2026-02-09,368
2026-02-09,374
2026-02-10,388
2026-02-10,386
2026-02-10,390
2026-02-11,394
2026-02-11,394
2026-02-11,394
2026-02-12,394
2026-02-12,392
2026-02-12,396
2026-02-13,398
2026-02-13,398
2026-02-13,398
2026-02-14,392
2026-02-14,396
2026-02-14,388
2026-02-15,387.5
2026-02-15,387
2026-02-15,388
2026-02-16,387.5
2026-02-16,389
2026-02-16,386
2026-02-17,390.5
2026-02-17,391
2026-02-17,390
2026-02-18,384
2026-02-18,386
2026-02-18,382
2026-02-19,373.5
2026-02-19,377
2026-02-19,370
2026-02-20,373
2026-02-20,372
2026-02-20,374
2026-02-21,385.5
2026-02-21,381
2026-02-21,390
2026-02-22,387.5
2026-02-22,390
2026-02-22,385
2026-02-23,383
2026-02-23,383
2026-02-23,383
2026-02-24,383.5
2026-02-24,384
2026-02-24,383
2026-02-25,381.5
2026-02-25,383
2026-02-25,380
2026-02-26,378.5
2026-02-26,379
2026-02-26,378
2026-02-27,374
2026-02-27,378
2026-02-27,370
2026-02-28,365
2026-02-28,366
2026-02-28,364
2026-03-01,359.0
2026-03-02,352.0
2026-03-03,344.0
2026-03-04,338.5
2026-03-05,335.0
2026-03-06,336.0
2026-03-07,342.0
2026-03-08,347.0
2026-03-09,377.5
2026-03-10,386.5
2026-03-11,388.5
2026-03-12,396.0
2026-03-13,407.0
2026-03-14,426.0
2026-03-15,426.0
2026-03-16,423.44
2026-03-17,410.76
2026-03-18,405.16
2026-03-19,404.08
2026-03-20,450.72
2026-03-21,454.4
2026-03-22,454.45
2026-03-23,436.0
2026-03-24,413.7
2026-03-25,394.77
2026-03-26,380.19
2026-03-27,370.06
2026-03-28,382.69
2026-03-29,402.18
2026-03-30,397.61
2026-03-31,392.11
2026-04-01,406.89
2026-04-02,448.18
2026-04-03,467.53
2026-04-04,467.93
2026-04-05,471.71
2026-04-06,467.6
2026-04-07,470.16
2026-04-08,467.07
2026-04-09,453.72
2026-04-10,439.05
2026-04-11,427.38
2026-04-12,419.29
2026-04-13,410.05
2026-04-14,402.14
2026-04-15,399.22
2026-04-16,406.69
2026-04-17,416.82
2026-04-18,444.85
2026-04-19,462.55
2026-04-20,474.91
2026-04-21,472.5
2026-04-22,457.8
2026-04-23,466.08
2026-04-24,468.91
2026-04-25,462.69
2026-04-26,460.34
2026-04-27,468.59
2026-04-28,474.27
2026-04-29,472.19
2026-04-30,473.14
2026-05-01,475.71
2026-05-02,471.62
2026-05-03,476.3
2026-05-04,512.12
2026-05-05,520.64
2026-05-06,542.51
2026-05-07,558.48
2026-05-08,567.16
2026-05-09,564.81
2026-05-10,560.32
2026-05-11,557.93
2026-05-12,560.88
2026-05-13,579.57
2026-05-14,602.58
2026-05-15,622.9
2026-05-16,643.2
2026-05-17,653.59
2026-05-18,672.04
2026-05-19,698.34
2026-05-20,703.45
2026-05-21,702.92
2026-05-22,701.41
2026-05-23,702.49
2026-05-24,708.67
2026-05-25,712.35
2026-05-26,708.61
2026-05-27,701.26
2026-05-28,690.72
2026-05-29,683.27
2026-05-30,680.12
2026-05-31,684.57
2026-06-01,690.69
2026-06-02,690.14
2026-06-03,688.65
2026-06-04,690.49
2026-06-05,694.56
2026-06-06,695.61
2026-06-07,694.81
2026-06-08,693.56
2026-06-09,694.61
2026-06-10,700.3
2026-06-11,708.38
2026-06-12,709.58
2026-06-13,708.19
2026-06-14,703.73
2026-06-15,695.4
2026-06-16,681.86
2026-06-17,665.44
2026-06-18,648.74
2026-06-19,632.5
2026-06-20,618.64
2026-06-21,598.33
2026-06-22,587.49
2026-06-23,568.59
2026-06-24,558.32
2026-06-25,543.0
2026-06-26,532.0
2026-06-27,525.0
2026-06-28,519.5
2026-06-29,513.0
2026-06-30,513.0
2026-07-01,514.0
2026-07-02,510.0
2026-07-03,505.56
2026-07-04,499.74
2026-07-05,489.08
2026-07-06,479.59
2026-07-07,477.61
2026-07-08,474.17
2026-07-09,470.54
2026-07-10,469.0
2026-07-11,465.79
2026-07-12,457.02
2026-07-13,447.1
2026-07-14,439.04
2026-07-15,433.5
2026-07-16,428.55
2026-07-17,429.95
2026-07-18,430.19
2026-07-19,425.11
2026-07-20,419.53
2026-07-21,416.31
2026-07-22,413.73
2026-07-23,413.59
2026-07-24,415.47
2026-07-25,415.99
2026-07-26,414.53
2026-07-27,410.44
2026-07-28,405.23
2026-07-29,402.2
2026-07-30,400.5
2026-07-31,399.17
2026-08-01,397.41
2026-08-02,395.46
2026-08-03,393.17
2026-08-04,390.76
2026-08-05,389.07
2026-08-06,388.05
2026-08-07,388.14
2026-08-08,388.28
2026-08-09,387.67
2026-08-10,387.08
2026-08-11,385.46
2026-08-12,383.22
2026-08-13,380.1
2026-08-14,377.1
2026-08-15,375.02
2026-08-16,373.08
2026-08-17,371.0
2026-08-18,370.97
2026-08-19,370.75
2026-08-20,369.61
2026-08-21,366.79
2026-08-22,364.24
2026-08-23,363.35
2026-08-24,362.51
2026-08-25,361.14
2026-08-26,360.58
2026-08-27,359.64
2026-08-28,358.65
2026-08-29,356.55
2026-08-30,354.19
2026-08-31,351.7
2026-09-01,349.87
2026-09-02,347.34
2026-09-03,345.2
2026-09-04,343.75
2026-09-05,341.82
2026-09-06,340.42
2026-09-07,338.78
2026-09-08,336.86
2026-09-09,335.92
2026-09-10,334.96
2026-09-11,333.32
2026-09-12,331.52
2026-09-13,329.59
2026-09-14,328.03
2026-09-15,326.01
2026-09-16,324.53
2026-09-17,323.2
2026-09-18,322.05
2026-09-19,320.56
2026-09-20,318.61
2026-09-21,315.97
2026-09-22,314.02
2026-09-23,312.4
2026-09-24,310.62
2026-09-25,309.19
2026-09-26,308.0
2026-09-27,308.6
2026-09-28,312.36
